CPU0
P1,1	10	23
P3,1	24	27
P1,1	28	29
P2,1	30	31
P5,1	32	33
P4,1	34	35
P6,1	36	37
P3,1	38	39
P4,1	40	41
P6,1	42	43
P7,1	44	47
P4,1	48	49
P6,1	50	51
P3,1	52	53
P8,1	54	57
P5,1	58	59
P1,1	60	61
P7,1	62	63
P9,1	64	67
P5,1	68	69
P1,1	70	71
P7,1	72	73
P8,1	74	75
P9,1	76	77
P4,1	78	79
P5,1	80	81
P6,1	82	83
P3,1	84	85
P13,1	86	87
P12,1	88	89
P14,1	90	91
P2,1	92	93
P9,1	94	95
P4,1	96	97
P5,1	98	99
P11,1	100	101
P1,1	102	103
P16,1	104	105
P18,1	106	107
P17,1	108	109
P12,1	110	111
P14,1	112	113
P7,1	114	115
P20,1	116	119
P9,1	120	121
P4,1	122	123
P15,1	124	125
P21,1	126	127
P23,1	128	129
P22,1	130	131
P6,1	132	133
P3,1	134	135
P24,1	136	139
P12,1	140	141
P14,1	142	143
P19,1	144	145
P25,1	146	149
P26,1	150	153
P4,1	154	155
P15,1	156	157
P21,1	158	159
P23,1	160	161
P6,1	162	163
P1,1	164	165
P29,1	166	169
P16,1	170	171
P24,1	172	173
P12,1	174	175
P30,1	176	179
P19,1	180	181
P31,1	182	185
P8,1	186	187
P9,1	188	189
P32,1	190	191
P26,1	192	193
P10,1	194	195
P4,1	196	197
P36,1	198	199
P35,1	200	201
P36,1	202	203
P38,1	204	205
P15,1	206	207
P21,1	208	209
P23,1	210	211
P27,1	212	213
P1,1	214	215
P28,1	216	217
P3,1	218	219
P41,1	220	223
P16,1	224	225
P43,1	226	229
P45,1	230	233
P24,1	234	235
P18,1	236	237
P13,1	238	239
P14,1	240	241
P30,1	242	243
P19,1	244	245
P20,1	246	247
P25,1	248	249
P48,1	250	253
P49,1	254	257
P10,1	258	259
P4,1	260	261
P36,1	262	263
P37,1	264	265
P51,1	266	269
P52,1	270	273
P15,1	274	275
P54,1	276	279
P23,1	280	281
P27,1	282	283
P28,1	284	285
P55,1	286	289
P41,1	290	291
P56,1	292	295
P43,1	296	297
P45,1	298	299
P46,1	300	301
P18,1	302	303
P12,1	304	305
P13,1	306	307
P58,1	308	309
P14,1	310	311
P30,1	312	313
P60,1	314	317
P20,1	318	319
P25,1	320	321
P9,1	322	323
P61,1	324	327
P49,1	328	329
P10,1	330	331
P4,1	332	333
P36,1	334	335
P37,1	336	337
P50,1	338	339
P38,1	340	341
P51,1	342	343
P52,1	344	345
P15,1	346	347
P21,1	348	349
P22,1	350	351
P23,1	352	353
P6,1	354	355
P39,1	356	357
P29,1	358	359
P55,1	360	361
P41,1	362	363
P66,1	364	367
P42,1	368	369
P17,1	370	371
P44,1	372	373
P67,1	374	377
P18,1	378	379
P12,1	380	381
P58,1	382	383
P59,1	384	385
P14,1	386	387
P69,1	388	391
P19,1	392	393
P2,1	394	395
P70,1	396	399
P8,1	400	401
P48,1	402	403
P32,1	404	405
P61,1	406	407
P49,1	408	409
P10,1	410	411
P4,1	412	413
P72,1	414	417
P62,1	418	419
P38,1	420	421
P51,1	422	423
P52,1	424	425
P73,1	426	429
P21,1	430	431
P22,1	432	433
P74,1	434	437
P27,1	438	439
P75,1	440	443
P55,1	444	445
P40,1	446	447
P41,1	448	449
P66,1	450	451
P42,1	452	453
P77,1	454	457
P44,1	458	459
P24,1	460	461
P78,1	462	465
P46,1	466	467
P57,1	468	469
P13,1	470	471
P59,1	472	473
P80,1	474	477
P30,1	478	479
P7,1	480	481
P81,1	482	485
P20,1	486	487
P83,1	488	491
P70,1	492	493
P8,1	494	495
P9,1	496	497
P48,1	498	499
P85,1	500	501
P86,1	502	505
P33,1	506	507
P26,1	508	509
P10,1	510	511
P34,1	512	513
P4,1	514	515
P35,1	516	517
P72,1	518	519
P62,1	520	521
P38,1	522	523
P89,1	524	527
P52,1	528	529
P15,1	530	531
P90,1	532	535
P54,1	536	537
P23,1	538	539
P74,1	540	541
P6,1	542	543
P27,1	544	545
P28,1	546	547
P29,1	548	549
P40,1	550	551
P41,1	552	553
P65,1	554	555
P92,1	556	557
P66,1	558	559
P42,1	560	561
P17,1	562	563
P77,1	564	565
P43,1	566	567
P44,1	568	569
P45,1	570	571
P67,1	572	573
P79,1	574	575
P18,1	576	577
P12,1	578	579
P13,1	580	581
P58,1	582	583
P68,1	584	585
P97,1	586	589
P30,1	590	591
P69,1	592	593
P7,1	594	595
P60,1	596	597
P2,1	598	599
P82,1	600	601
P31,1	602	603
P70,1	604	605
P100,1	606	609
P8,1	610	611
P101,1	612	613
P9,1	614	615
P103,1	616	617
P104,1	618	621
P71,1	622	623
P86,1	624	625
P33,1	626	627
P105,1	628	631
P26,1	632	633
P87,1	634	635
P4,1	636	637
P35,1	638	639
P72,1	640	641
P108,1	642	645
P62,1	646	647
P109,1	648	651
P51,1	652	653
P5,1	654	655
P53,1	656	657
P111,1	658	661
P15,1	662	663
P112,1	664	665
P73,1	666	667
P114,1	668	671
P54,1	672	673
P23,1	674	675
P74,1	676	677
P91,1	678	679
P115,1	680	683
P28,1	684	685
P75,1	686	687
P55,1	688	689
P117,1	690	693
P65,1	694	695
P93,1	696	697
P16,1	698	699
P56,1	700	701
P118,1	702	705
P94,1	706	707
P43,1	708	709
P95,1	710	711
P24,1	712	713
P78,1	714	715
P120,1	716	719
P57,1	720	721
P13,1	722	723
P58,1	724	725
P121,1	726	729
P80,1	730	731
P97,1	732	733
P47,1	734	735
P69,1	736	737
P7,1	738	739
P19,1	740	741
P60,1	742	743
P125,1	744	747
P81,1	748	749
P2,1	750	751
P82,1	752	753
P31,1	754	755
P99,1	756	757
P25,1	758	759
P100,1	760	761
P128,1	762	765
P101,1	766	767
P9,1	768	769
P48,1	770	771
P130,1	772	773
P131,1	774	777
P71,1	778	779
P86,1	780	781
P61,1	782	783
P33,1	784	785
P105,1	786	787
P26,1	788	789
P133,1	790	793
P4,1	794	795
P35,1	796	797
P72,1	798	799
P108,1	800	801
P134,1	802	805
P50,1	806	807
P38,1	808	809
P109,1	810	811
P63,1	812	813
P89,1	814	815
P52,1	816	817
P137,1	818	821
P138,1	822	825
P113,1	826	827
P11,1	828	829
P114,1	830	831
P21,1	832	833
P54,1	834	835
P23,1	836	837
P64,1	838	839
P74,1	840	841
P91,1	842	843
P39,1	844	845
P115,1	846	847
P28,1	848	849
P75,1	850	851
P55,1	852	853
P76,1	854	855
P117,1	856	857
P41,1	858	859
P65,1	860	861
P92,1	862	863
P66,1	864	865
P42,1	866	867
P17,1	868	869
P144,1	870	871
P145,1	872	875
P146,1	876	879
P44,1	880	881
P45,1	882	883
P67,1	884	885
P79,1	886	887
P46,1	888	889
P120,1	890	891
P57,1	892	893
P13,1	894	895
P148,1	896	899
P68,1	900	901
P14,1	902	903
P97,1	904	905
P47,1	906	907
P30,1	908	909
P69,1	910	911
P7,1	912	913
P123,1	914	915
P124,1	916	917
P150,1	918	921
P2,1	922	923
P82,1	924	925
P151,1	926	927
P152,1	928	931
P99,1	932	933
P127,1	934	935
P8,1	936	937
P128,1	938	939
P153,1	940	941
P129,1	942	943
P155,1	944	947
P84,1	948	949
P156,1	950	953
P130,1	954	955
P32,1	956	957
P85,1	958	959
P61,1	960	961
P132,1	962	963
P33,1	964	965
P49,1	966	967
P105,1	968	969
P159,1	970	973
P87,1	974	975
P133,1	976	977
P34,1	978	979
P161,1	980	981
P162,1	982	985
P36,1	986	987
P107,1	988	989
P37,1	990	991
P134,1	992	993
P163,1	994	995
P165,1	996	997
P164,1	998	999
P135,1	1000	1001
P109,1	1002	1003
P63,1	1004	1005
P89,1	1006	1007
P166,1	1008	1009
P167,1	1010	1013
P110,1	1014	1015
P111,1	1016	1017
P138,1	1018	1019
P113,1	1020	1021
P73,1	1022	1023
P11,1	1024	1025
P114,1	1026	1027
P170,1	1028	1031
P139,1	1032	1033
P22,1	1034	1035
P64,1	1036	1037
P140,1	1038	1039
P74,1	1040	1041
P6,1	1042	1043
P91,1	1044	1045
P39,1	1046	1047
P141,1	1048	1049
P116,1	1050	1051
P29,1	1052	1053
P55,1	1054	1055
P40,1	1056	1057
P117,1	1058	1059
P41,1	1060	1061
P65,1	1062	1063
P143,1	1064	1065
P93,1	1066	1067
P66,1	1068	1069
P177,1	1070	1071
P175,1	1072	1073
P177,1	1074	1075
P16,1	1076	1077
P179,1	1078	1081
P77,1	1082	1083
P181,1	1084	1087
P144,1	1088	1089
P94,1	1090	1091
P183,1	1092	1095
P119,1	1096	1097
P146,1	1098	1099
P44,1	1100	1101
P45,1	1102	1103
P185,1	1104	1105
P186,1	1106	1109
P79,1	1110	1111
P147,1	1112	1113
P18,1	1114	1115
P12,1	1116	1117
P187,1	1118	1121
P148,1	1122	1123
P68,1	1124	1125
P14,1	1126	1127
P188,1	1128	1131
P47,1	1132	1133
P149,1	1134	1135
P98,1	1136	1137
P7,1	1138	1139
P190,1	1140	1143
P60,1	1144	1145
P124,1	1146	1147
P125,1	1148	1149
P150,1	1150	1151
P2,1	1152	1153
P20,1	1154	1155
P82,1	1156	1157
P31,1	1158	1159
P152,1	1160	1161
P70,1	1162	1163
P99,1	1164	1165
P127,1	1166	1167
P8,1	1168	1169
P153,1	1170	1171
P195,1	1172	1175
P129,1	1176	1177
P102,1	1178	1179
P9,1	1180	1181
P48,1	1182	1183
P103,1	1184	1185
P156,1	1186	1187
P130,1	1188	1189
P32,1	1190	1191
P85,1	1192	1193
P197,1	1194	1197
P132,1	1198	1199
P157,1	1200	1201
P49,1	1202	1203
P105,1	1204	1205
P199,1	1206	1209
P10,1	1210	1211
P87,1	1212	1213
P133,1	1214	1215
P34,1	1216	1217
P88,1	1218	1219
P162,1	1220	1221
P36,1	1222	1223
P107,1	1224	1225
P37,1	1226	1227
P134,1	1228	1229
P163,1	1230	1231
P165,1	1232	1233
P38,1	1234	1235
P136,1	1236	1237
P51,1	1238	1239
P5,1	1240	1241
P166,1	1242	1243
P53,1	1244	1245
P137,1	1246	1247
P15,1	1248	1249
P112,1	1250	1251
P73,1	1252	1253
P11,1	1254	1255
P114,1	1256	1257
P170,1	1258	1259
P139,1	1260	1261
P22,1	1262	1263
P64,1	1264	1265
P171,1	1266	1267
P6,1	1268	1269
P91,1	1270	1271
P39,1	1272	1273
P141,1	1274	1275
P116,1	1276	1277
P29,1	1278	1279
P173,1	1280	1281
P76,1	1282	1283
P142,1	1284	1285
P65,1	1286	1287
P143,1	1288	1289
P93,1	1290	1291
P175,1	1292	1293
P177,1	1294	1295
P16,1	1296	1297
P56,1	1298	1299
P17,1	1300	1301
P180,1	1302	1303
P118,1	1304	1305
P145,1	1306	1307
P182,1	1308	1309
P119,1	1310	1311
P146,1	1312	1313
P44,1	1314	1315
P45,1	1316	1317
P67,1	1318	1319
P186,1	1320	1321
P79,1	1322	1323
P147,1	1324	1325
P18,1	1326	1327
P12,1	1328	1329
P96,1	1330	1331
P58,1	1332	1333
P59,1	1334	1335
P121,1	1336	1337
P80,1	1338	1339
P188,1	1340	1341
P47,1	1342	1343
P149,1	1344	1345
P98,1	1346	1347
P189,1	1348	1349
P190,1	1350	1351
P60,1	1352	1353
P191,1	1354	1355
P81,1	1356	1357
P126,1	1358	1359
P20,1	1360	1361
P82,1	1362	1363
P31,1	1364	1365
P152,1	1366	1367
P193,1	1368	1369
P25,1	1370	1371
P100,1	1372	1373
P128,1	1374	1375
P194,1	1376	1377
P154,1	1378	1379
P101,1	1380	1381
P155,1	1382	1383
P84,1	1384	1385
P103,1	1386	1387
P156,1	1388	1389
P130,1	1390	1391
P32,1	1392	1393
P85,1	1394	1395
P61,1	1396	1397
P132,1	1398	1399
P157,1	1400	1401
P49,1	1402	1403
P105,1	1404	1405
P26,1	1406	1407
P159,1	1408	1409
P87,1	1410	1411
P133,1	1412	1413
P34,1	1414	1415
P88,1	1416	1417
P162,1	1418	1419
P36,1	1420	1421
P107,1	1422	1423
P37,1	1424	1425
P134,1	1426	1427
P163,1	1428	1429
P165,1	1430	1431
P38,1	1432	1433
P136,1	1434	1435
P51,1	1436	1437
P52,1	1438	1439
P167,1	1440	1441
P110,1	1442	1443
P111,1	1444	1445
P138,1	1446	1447
P113,1	1448	1449
P168,1	1450	1451
P90,1	1452	1453
P169,1	1454	1455
P21,1	1456	1457
P54,1	1458	1459
P23,1	1460	1461
P140,1	1462	1463
P74,1	1464	1465
P172,1	1466	1467
P27,1	1468	1469
P115,1	1470	1471
P28,1	1472	1473
P75,1	1474	1475
P55,1	1476	1477
P40,1	1478	1479
P117,1	1480	1481
P41,1	1482	1483
P174,1	1484	1485
P92,1	1486	1487
P66,1	1488	1489
P176,1	1490	1491
P178,1	1492	1493
P42,1	1494	1495
P179,1	1496	1497
P77,1	1498	1499
P181,1	1500	1501
P144,1	1502	1503
P94,1	1504	1505
P183,1	1506	1507
P184,1	1508	1509
P43,1	1510	1511
P95,1	1512	1513
P24,1	1514	1515
P185,1	1516	1517
P78,1	1518	1519
P46,1	1520	1521
P120,1	1522	1523
P57,1	1524	1525
P13,1	1526	1527
P187,1	1528	1529
P148,1	1530	1531
P68,1	1532	1533
P14,1	1534	1535
P97,1	1536	1537
P122,1	1538	1539
P30,1	1540	1541
P69,1	1542	1543
P7,1	1544	1545
P19,1	1546	1547
P123,1	1548	1549
P124,1	1550	1551
P125,1	1552	1553
P150,1	1554	1555
P2,1	1556	1557
P192,1	1558	1559
P83,1	1560	1561
P151,1	1562	1563
P70,1	1564	1565
P99,1	1566	1567
P127,1	1568	1569
P8,1	1570	1571
P153,1	1572	1573
P195,1	1574	1575
P129,1	1576	1577
P102,1	1578	1579
P9,1	1580	1581
P48,1	1582	1583
P196,1	1584	1585
P104,1	1586	1587
P131,1	1588	1589
P71,1	1590	1591
P86,1	1592	1593
P197,1	1594	1595
P198,1	1596	1597
P33,1	1598	1599
P158,1	1600	1601
P106,1	1602	1603
P199,1	1604	1605
P10,1	1606	1607
P200,1	1608	1609
P160,1	1610	1611
P4,1	1612	1613
P161,1	1614	1615
P35,1	1616	1617
P72,1	1618	1619
P108,1	1620	1621
P62,1	1622	1623
P50,1	1624	1625
P164,1	1626	1627
P135,1	1628	1629
P109,1	1630	1631
P63,1	1632	1633
P89,1	1634	1635
P166,1	1636	1637
P53,1	1638	1639
P137,1	1640	1641
P15,1	1642	1643
P112,1	1644	1645
P73,1	1646	1647
P11,1	1648	1649
P114,1	1650	1651
P170,1	1652	1653
P139,1	1654	1655
P22,1	1656	1657
P64,1	1658	1659
P171,1	1660	1661
P6,1	1662	1663
P91,1	1664	1665
P39,1	1666	1667
P141,1	1668	1669
P116,1	1670	1671
P29,1	1672	1673
P173,1	1674	1675
P76,1	1676	1677
P142,1	1678	1679
P65,1	1680	1681
P143,1	1682	1683
P93,1	1684	1685
P175,1	1686	1687
P177,1	1688	1689
P16,1	1690	1691
P56,1	1692	1693
P17,1	1694	1695
P180,1	1696	1697
P118,1	1698	1699
P145,1	1700	1701
P182,1	1702	1703
P119,1	1704	1705
P146,1	1706	1707
P44,1	1708	1709
P45,1	1710	1711
P67,1	1712	1713
P186,1	1714	1715
P79,1	1716	1717
P147,1	1718	1719
P18,1	1720	1721
P12,1	1722	1723
P96,1	1724	1725
P58,1	1726	1727
P59,1	1728	1729
P121,1	1730	1731
P80,1	1732	1733
P188,1	1734	1735
P47,1	1736	1737
P149,1	1738	1739
P98,1	1740	1741
P189,1	1742	1743
P190,1	1744	1745
P60,1	1746	1747
P191,1	1748	1749
P81,1	1750	1751
P126,1	1752	1753
P20,1	1754	1755
P82,1	1756	1757
P31,1	1758	1759
P152,1	1760	1761
P193,1	1762	1763
P25,1	1764	1765
P100,1	1766	1767
P128,1	1768	1769
P194,1	1770	1771
P154,1	1772	1773
P101,1	1774	1775
P155,1	1776	1777
P84,1	1778	1779
P103,1	1780	1781
P156,1	1782	1783
P130,1	1784	1785
P32,1	1786	1787
P85,1	1788	1789
P61,1	1790	1791
P132,1	1792	1793
P157,1	1794	1795
P49,1	1796	1797
P105,1	1798	1799
P26,1	1800	1801
P159,1	1802	1803
P87,1	1804	1805
P133,1	1806	1807
P34,1	1808	1809
P88,1	1810	1811
P162,1	1812	1813
P36,1	1814	1815
P107,1	1816	1817
P37,1	1818	1819
P134,1	1820	1821
P163,1	1822	1823
P165,1	1824	1825
P38,1	1826	1827
P136,1	1828	1829
P51,1	1830	1831
P52,1	1832	1833
P167,1	1834	1835
P110,1	1836	1837
P111,1	1838	1839
P138,1	1840	1841
P113,1	1842	1843
P168,1	1844	1845
P90,1	1846	1847
P169,1	1848	1849
P21,1	1850	1851
P54,1	1852	1853
P23,1	1854	1855
P140,1	1856	1857
P74,1	1858	1859
P172,1	1860	1861
P27,1	1862	1863
P115,1	1864	1865
P28,1	1866	1867
P75,1	1868	1869
P55,1	1870	1871
P40,1	1872	1873
P117,1	1874	1875
P41,1	1876	1877
P174,1	1878	1879
P92,1	1880	1881
P66,1	1882	1883
P176,1	1884	1885
P178,1	1886	1887
P42,1	1888	1889
P179,1	1890	1891
P77,1	1892	1893
P181,1	1894	1895
P144,1	1896	1897
P94,1	1898	1899
P183,1	1900	1901
P184,1	1902	1903
P43,1	1904	1905
P95,1	1906	1907
P24,1	1908	1909
P185,1	1910	1911
P78,1	1912	1913
P46,1	1914	1915
P120,1	1916	1917
P57,1	1918	1919
P13,1	1920	1921
P187,1	1922	1923
P148,1	1924	1925
P68,1	1926	1927
P14,1	1928	1929
P97,1	1930	1931
P122,1	1932	1933
P30,1	1934	1935
P69,1	1936	1937
P7,1	1938	1939
P19,1	1940	1941
P123,1	1942	1943
P124,1	1944	1945
P125,1	1946	1947
P150,1	1948	1949
P2,1	1950	1951
P192,1	1952	1953
P83,1	1954	1955
P151,1	1956	1957
P70,1	1958	1959
P99,1	1960	1961
P127,1	1962	1963
P8,1	1964	1965
P153,1	1966	1967
P195,1	1968	1969
P129,1	1970	1971
P102,1	1972	1973
P9,1	1974	1975
P48,1	1976	1977
P196,1	1978	1979
P104,1	1980	1981
P131,1	1982	1983
P71,1	1984	1985
P86,1	1986	1987
P197,1	1988	1989
P198,1	1990	1991
P33,1	1992	1993
P158,1	1994	1995
P106,1	1996	1997
P199,1	1998	1999
P87,1	2000	2001
P10,2	2002	2003
P160,1	2004	2005
P4,1	2006	2007
P161,1	2008	2009
P35,1	2010	2011
P72,1	2012	2013
P108,1	2014	2015
P62,1	2016	2017
P50,1	2018	2019
P164,1	2020	2021
P135,1	2022	2023
P109,1	2024	2025
P63,1	2026	2027
P89,1	2028	2029
P166,1	2030	2031
P53,1	2032	2033
P137,1	2034	2035
P15,1	2036	2037
P112,1	2038	2039
P73,1	2040	2041
P11,1	2042	2043
P114,1	2044	2045
P170,1	2046	2047
P139,1	2048	2049
P22,1	2050	2051
P64,1	2052	2053
P171,1	2054	2055
P6,1	2056	2057
P91,1	2058	2059
P39,1	2060	2061
P141,1	2062	2063
P116,1	2064	2065
P29,1	2066	2067
P173,1	2068	2069
P76,1	2070	2071
P142,1	2072	2073
P65,1	2074	2075
P143,1	2076	2077
P93,1	2078	2079
P175,1	2080	2081
P177,1	2082	2083
P16,1	2084	2085
P56,1	2086	2087
P17,1	2088	2089
P180,1	2090	2091
P118,1	2092	2093
P145,1	2094	2095
P182,1	2096	2097
P119,1	2098	2099
P146,1	2100	2101
P44,1	2102	2103
P45,1	2104	2105
P67,1	2106	2107
P186,1	2108	2109
P79,1	2110	2111
P147,1	2112	2113
P18,1	2114	2115
P13,1	2116	2117
P187,1	2118	2119
P148,1	2120	2121
P59,1	2122	2123
P121,1	2124	2125
P80,1	2126	2127
P188,1	2128	2129
P47,1	2130	2131
P149,1	2132	2133
P98,1	2134	2135
P189,1	2136	2137
P190,1	2138	2139
P60,1	2140	2141
P191,1	2142	2143
P81,1	2144	2145
P126,1	2146	2147
P20,1	2148	2149
P82,1	2150	2151
P31,1	2152	2153
P152,1	2154	2155
P193,1	2156	2157
P25,1	2158	2159
P100,1	2160	2161
P128,1	2162	2163
P194,1	2164	2165
P154,1	2166	2167
P101,1	2168	2169
P155,1	2170	2171
P84,1	2172	2173
P103,1	2174	2175
P156,1	2176	2177
P130,1	2178	2179
P32,1	2180	2181
P85,1	2182	2183
P61,1	2184	2185
P132,1	2186	2187
P157,1	2188	2189
P49,1	2190	2191
P105,1	2192	2193
P26,1	2194	2195
P159,1	2196	2197
P200,1	2198	2199
P133,1	2200	2201
P34,1	2202	2203
P88,1	2204	2205
P162,1	2206	2207
P36,1	2208	2209
P107,1	2210	2211
P37,1	2212	2213
P134,1	2214	2215
P163,1	2216	2217
P165,1	2218	2219
P38,1	2220	2221
P136,1	2222	2223
P51,1	2224	2225
P52,1	2226	2227
P167,1	2228	2229
P110,1	2230	2231
P111,1	2232	2233
P138,1	2234	2235
P113,1	2236	2237
P168,1	2238	2239
P90,1	2240	2241
P169,1	2242	2243
P21,1	2244	2245
P54,1	2246	2247
P23,1	2248	2249
P140,1	2250	2251
P74,1	2252	2253
P172,1	2254	2255
P27,1	2256	2257
P115,1	2258	2259
P28,1	2260	2261
P75,1	2262	2263
P55,1	2264	2265
P40,1	2266	2267
P117,1	2268	2269
P41,1	2270	2271
P174,1	2272	2273
P92,1	2274	2275
P66,1	2276	2277
P176,1	2278	2279
P178,1	2280	2281
P42,1	2282	2283
P179,1	2284	2285
P77,1	2286	2287
P181,1	2288	2289
P144,1	2290	2291
P94,1	2292	2293
P183,1	2294	2295
P184,1	2296	2297
P43,1	2298	2299
P95,1	2300	2301
P24,1	2302	2303
P185,1	2304	2305
P78,1	2306	2307
P46,1	2308	2309
P120,1	2310	2311
P57,1	2312	2313
P96,1	2314	2315
P58,1	2316	2317
P12,2	2318	2319
P68,1	2320	2321
P14,1	2322	2323
P97,1	2324	2325
P122,1	2326	2327
P30,1	2328	2329
P69,1	2330	2331
P7,1	2332	2333
P19,1	2334	2335
P123,1	2336	2337
P124,1	2338	2339
P125,1	2340	2341
P150,1	2342	2343
P2,1	2344	2345
P82,1	2346	2347
P31,1	2348	2349
P152,1	2350	2351
P193,1	2352	2353
P25,1	2354	2355
P100,1	2356	2357
P128,1	2358	2359
P194,1	2360	2361
P154,1	2362	2363
P101,1	2364	2365
P155,1	2366	2367
P84,1	2368	2369
P103,1	2370	2371
P156,1	2372	2373
P130,1	2374	2375
P32,1	2376	2377
P85,1	2378	2379
P61,1	2380	2381
P132,1	2382	2383
P157,1	2384	2385
P49,1	2386	2387
P105,1	2388	2389
P26,1	2390	2391
P159,1	2392	2393
P200,1	2394	2395
P133,1	2396	2397
P34,1	2398	2399
P88,1	2400	2401
P162,1	2402	2403
P36,1	2404	2405
P107,1	2406	2407
P37,1	2408	2409
P134,1	2410	2411
P163,1	2412	2413
P165,1	2414	2415
P38,1	2416	2417
P136,1	2418	2419
P51,1	2420	2421
P52,1	2422	2423
P167,1	2424	2425
P110,1	2426	2427
P111,1	2428	2429
P138,1	2430	2431
P113,1	2432	2433
P168,1	2434	2435
P90,1	2436	2437
P169,1	2438	2439
P21,1	2440	2441
P54,1	2442	2443
P23,1	2444	2445
P140,1	2446	2447
P74,1	2448	2449
P172,1	2450	2451
P27,1	2452	2453
P115,1	2454	2455
P28,1	2456	2457
P75,1	2458	2459
P55,1	2460	2461
P40,1	2462	2463
P117,1	2464	2465
P41,1	2466	2467
P174,1	2468	2469
P92,1	2470	2471
P66,1	2472	2473
P176,1	2474	2475
P178,1	2476	2477
P42,1	2478	2479
P179,1	2480	2481
P77,1	2482	2483
P181,1	2484	2485
P144,1	2486	2487
P94,1	2488	2489
P183,1	2490	2491
P184,1	2492	2493
P43,1	2494	2495
P95,1	2496	2497
P24,1	2498	2499
P185,1	2500	2501
P78,1	2502	2503
P46,1	2504	2505
P120,1	2506	2507
P57,1	2508	2509
P96,1	2510	2511
P58,1	2512	2513
P12,2	2514	2515
P68,1	2516	2517
P14,1	2518	2519
P97,1	2520	2521
P122,1	2522	2523
P30,1	2524	2525
P69,1	2526	2527
P7,1	2528	2529
P19,1	2530	2531
P123,1	2532	2533
P124,1	2534	2535
P125,1	2536	2537
P150,1	2538	2539
P2,1	2540	2541
P82,1	2542	2543
P31,1	2544	2545
P152,1	2546	2547
P193,1	2548	2549
P25,1	2550	2551
P100,1	2552	2553
P128,1	2554	2555
P194,1	2556	2557
P154,1	2558	2559
P101,1	2560	2561
P155,1	2562	2563
P84,1	2564	2565
P103,1	2566	2567
P156,1	2568	2569
P130,1	2570	2571
P32,1	2572	2573
P85,1	2574	2575
P61,1	2576	2577
P132,1	2578	2579
P157,1	2580	2581
P49,1	2582	2583
P105,1	2584	2585
P26,1	2586	2587
P159,1	2588	2589
P200,1	2590	2591
P133,1	2592	2593
P34,1	2594	2595
P88,1	2596	2597
P162,1	2598	2599
P36,1	2600	2601
P107,1	2602	2603
P37,1	2604	2605
P134,1	2606	2607
P163,1	2608	2609
P165,1	2610	2611
P38,1	2612	2613
P136,1	2614	2615
P51,1	2616	2617
P52,1	2618	2618
P166,1	2619	2620
P53,1	2621	2622
P137,1	2623	2624
P15,1	2625	2626
P112,1	2627	2628
P73,1	2629	2630
P11,1	2631	2632
P114,1	2633	2634
P170,1	2635	2636
P139,1	2637	2638
P22,1	2639	2640
P64,1	2641	2642
P171,1	2643	2644
P6,1	2645	2646
P91,1	2647	2648
P39,1	2649	2650
P141,1	2651	2652
P116,1	2653	2654
P29,1	2655	2656
P173,1	2657	2658
P76,1	2659	2660
P142,1	2661	2662
P65,1	2663	2664
P143,1	2665	2666
P93,1	2667	2668
P175,1	2669	2670
P177,1	2671	2672
P16,1	2673	2674
P56,1	2675	2676
P17,1	2677	2678
P180,1	2679	2680
P118,1	2681	2682
P145,1	2683	2684
P182,1	2685	2686
P119,1	2687	2688
P146,1	2689	2690
P44,1	2691	2692
P45,1	2693	2694
P67,1	2695	2696
P186,1	2697	2698
P79,1	2699	2700
P120,1	2701	2702
P46,2	2703	2704
P13,1	2705	2706
P187,1	2707	2708
P148,1	2709	2710
P59,1	2711	2712
P121,1	2713	2714
P80,1	2715	2716
P188,1	2717	2718
P47,1	2719	2720
P149,1	2721	2722
P98,1	2723	2724
P189,1	2725	2726
P190,1	2727	2728
P60,1	2729	2730
P191,1	2731	2732
P81,1	2733	2734
P126,1	2735	2736
P192,1	2737	2738
P83,1	2739	2740
P151,1	2741	2742
P70,1	2743	2744
P99,1	2745	2746
P127,1	2747	2748
P8,1	2749	2750
P153,1	2751	2752
P195,1	2753	2754
P129,1	2755	2756
P102,1	2757	2758
P9,1	2759	2760
P48,1	2761	2762
P196,1	2763	2764
P104,1	2765	2766
P131,1	2767	2768
P71,1	2769	2770
P86,1	2771	2772
P197,1	2773	2774
P198,1	2775	2776
P33,1	2777	2778
P158,1	2779	2780
P106,1	2781	2782
P199,1	2783	2784
P87,1	2785	2786
P10,2	2787	2788
P160,1	2789	2790
P4,1	2791	2792
P161,1	2793	2794
P35,1	2795	2796
P72,1	2797	2798
P108,1	2799	2800
P62,1	2801	2802
P50,1	2803	2804
P164,1	2805	2806
P135,1	2807	2808
P109,1	2809	2810
P51,1	2811	2812
P63,2	2813	2814
P167,1	2815	2816
P110,1	2817	2818
P111,1	2819	2820
P138,1	2821	2822
P113,1	2823	2824
P168,1	2825	2826
P90,1	2827	2828
P169,1	2829	2830
P21,1	2831	2832
P54,1	2833	2834
P23,1	2835	2836
P140,1	2837	2838
P74,1	2839	2840
P172,1	2841	2842
P27,1	2843	2844
P115,1	2845	2846
P28,1	2847	2848
P75,1	2849	2850
P55,1	2851	2852
P40,1	2853	2854
P117,1	2855	2856
P41,1	2857	2858
P174,1	2859	2860
P92,1	2861	2862
P66,1	2863	2864
P176,1	2865	2866
P178,1	2867	2868
P42,1	2869	2870
P179,1	2871	2872
P77,1	2873	2874
P181,1	2875	2876
P144,1	2877	2878
P94,1	2879	2880
P183,1	2881	2882
P184,1	2883	2884
P43,1	2885	2886
P95,1	2887	2888
P24,1	2889	2890
P185,1	2891	2892
P78,1	2893	2894
P147,1	2895	2896
P18,1	2897	2898
P57,1	2899	2900
P96,1	2901	2902
P58,1	2903	2904
P12,2	2905	2906
P68,1	2907	2908
P14,1	2909	2910
P97,1	2911	2912
P122,1	2913	2914
P30,1	2915	2916
P69,1	2917	2918
P7,1	2919	2920
P19,1	2921	2922
P123,1	2923	2924
P124,1	2925	2926
P125,1	2927	2928
P150,1	2929	2930
P2,1	2931	2932
P82,1	2933	2934
P31,1	2935	2936
P152,1	2937	2938
P193,1	2939	2940
P25,1	2941	2942
P100,1	2943	2944
P128,1	2945	2946
P194,1	2947	2948
P154,1	2949	2950
P101,1	2951	2952
P155,1	2953	2954
P84,1	2955	2956
P103,1	2957	2958
P156,1	2959	2960
P130,1	2961	2962
P32,1	2963	2964
P85,1	2965	2966
P61,1	2967	2968
P132,1	2969	2970
P157,1	2971	2972
P49,1	2973	2974
P105,1	2975	2976
P26,1	2977	2978
P159,1	2979	2980
P200,1	2981	2982
P133,1	2983	2984
P34,1	2985	2986
P88,1	2987	2988
P162,1	2989	2990
P36,1	2991	2992
P107,1	2993	2994
P37,1	2995	2996
P134,1	2997	2998
P163,1	2999	3000
P165,1	3001	3002
P38,1	3003	3004
P136,1	3005	3006
P89,1	3007	3008
P166,1	3009	3010
P110,1	3011	3012
P111,1	3013	3014
P138,1	3015	3016
P53,2	3017	3018
P73,1	3019	3020
P11,1	3021	3022
P114,1	3023	3024
P170,1	3025	3026
P139,1	3027	3028
P22,1	3029	3030
P64,1	3031	3032
P171,1	3033	3034
P172,1	3035	3036
P27,1	3037	3038
P115,1	3039	3040
P28,1	3041	3042
P75,1	3043	3044
P55,1	3045	3046
P40,1	3047	3048
P117,1	3049	3050
P41,1	3051	3052
P174,1	3053	3054
P92,1	3055	3056
P66,1	3057	3058
P176,1	3059	3060
P178,1	3061	3062
P42,1	3063	3064
P179,1	3065	3066
P77,1	3067	3068
P181,1	3069	3070
P144,1	3071	3072
P94,1	3073	3074
P183,1	3075	3076
P184,1	3077	3078
P43,1	3079	3080
P95,1	3081	3082
P24,1	3083	3084
P185,1	3085	3086
P78,1	3087	3088
P147,1	3089	3090
P18,1	3091	3092
P57,1	3093	3094
P96,1	3095	3096
P58,1	3097	3098
P12,2	3099	3100
P68,1	3101	3102
P14,1	3103	3104
P97,1	3105	3106
P122,1	3107	3108
P30,1	3109	3110
P69,1	3111	3112
P7,1	3113	3114
P19,1	3115	3116
P123,1	3117	3118
P124,1	3119	3120
P125,1	3121	3122
P150,1	3123	3124
P2,1	3125	3126
P82,1	3127	3128
P31,1	3129	3130
P152,1	3131	3132
P193,1	3133	3134
P25,1	3135	3136
P100,1	3137	3138
P128,1	3139	3140
P194,1	3141	3142
P154,1	3143	3144
P101,1	3145	3146
P155,1	3147	3148
P84,1	3149	3150
P103,1	3151	3152
P156,1	3153	3154
P130,1	3155	3156
P32,1	3157	3158
P85,1	3159	3160
P61,1	3161	3162
P132,1	3163	3164
P157,1	3165	3166
P158,1	3167	3168
P106,1	3169	3170
P199,1	3171	3172
P87,1	3173	3174
P200,1	3175	3176
P133,1	3177	3178
P34,1	3179	3180
P88,1	3181	3182
P162,1	3183	3184
P36,1	3185	3186
P107,1	3187	3188
P37,1	3189	3190
P134,1	3191	3192
P163,1	3193	3194
P165,1	3195	3196
P38,1	3197	3198
P136,1	3199	3200
P89,1	3201	3202
P166,1	3203	3204
P110,1	3205	3206
P111,1	3207	3208
P138,1	3209	3210
P53,2	3211	3212
P73,1	3213	3214
P11,1	3215	3216
P114,1	3217	3218
P170,1	3219	3220
P139,1	3221	3222
P22,1	3223	3224
P64,1	3225	3226
P171,1	3227	3228
P172,1	3229	3230
P27,1	3231	3232
P115,1	3233	3234
P28,1	3235	3236
P75,1	3237	3238
P55,1	3239	3240
P40,1	3241	3242
P117,1	3243	3244
P41,1	3245	3246
P174,1	3247	3248
P92,1	3249	3250
P66,1	3251	3252
P176,1	3253	3254
P178,1	3255	3256
P42,1	3257	3258
P179,1	3259	3260
P77,1	3261	3262
P181,1	3263	3264
P144,1	3265	3266
P94,1	3267	3268
P183,1	3269	3270
P184,1	3271	3272
P43,1	3273	3274
P95,1	3275	3276
P24,1	3277	3278
P185,1	3279	3280
P78,1	3281	3282
P147,1	3283	3284
P18,1	3285	3286
P57,1	3287	3288
P96,1	3289	3290
P58,1	3291	3292
P12,2	3293	3294
P68,1	3295	3296
P14,1	3297	3298
P97,1	3299	3300
P122,1	3301	3302
P30,1	3303	3304
P69,1	3305	3306
P7,1	3307	3308
P19,1	3309	3310
P123,1	3311	3312
P124,1	3313	3314
P125,1	3315	3316
P150,1	3317	3318
P2,1	3319	3320
P82,1	3321	3322
P31,1	3323	3324
P152,1	3325	3326
P193,1	3327	3328
P25,1	3329	3330
P100,1	3331	3332
P128,1	3333	3334
P194,1	3335	3336
P154,1	3337	3338
P101,1	3339	3340
P155,1	3341	3342
P84,1	3343	3344
P103,1	3345	3346
P156,1	3347	3348
P130,1	3349	3350
P32,1	3351	3352
P85,1	3353	3354
P61,1	3355	3356
P132,1	3357	3358
P157,1	3359	3360
P158,1	3361	3362
P106,1	3363	3364
P199,1	3365	3366
P87,1	3367	3368
P200,1	3369	3370
P133,1	3371	3372
P34,1	3373	3374
P88,1	3375	3376
P162,1	3377	3378
P36,1	3379	3380
P107,1	3381	3382
P37,1	3383	3384
P134,1	3385	3386
P163,1	3387	3388
P165,1	3389	3390
P38,1	3391	3392
P136,1	3393	3394
P89,1	3395	3396
P166,1	3397	3398
P110,1	3399	3400
P111,1	3401	3402
P138,1	3403	3404
P53,2	3405	3406
P73,1	3407	3408
P11,1	3409	3410
P114,1	3411	3412
P170,1	3413	3414
P139,1	3415	3416
P22,1	3417	3418
P140,1	3419	3420
P171,1	3421	3422
P172,1	3423	3424
P39,1	3425	3426
P141,1	3427	3428
P75,1	3429	3430
P55,1	3431	3432
P76,1	3433	3434
P142,1	3435	3436
P65,1	3437	3438
P143,1	3439	3440
P92,1	3441	3442
P66,1	3443	3444
P176,1	3445	3446
P178,1	3447	3448
P42,1	3449	3449
P56,1	3450	3451
P17,1	3452	3453
P180,1	3454	3455
P118,1	3456	3457
P145,1	3458	3459
P182,1	3460	3461
P119,1	3462	3463
P146,1	3464	3465
P44,1	3466	3467
P45,1	3468	3469
P67,1	3470	3471
P186,1	3472	3473
P79,1	3474	3475
P120,1	3476	3477
P46,2	3478	3479
P13,1	3480	3481
P187,1	3482	3483
P148,1	3484	3485
P59,1	3486	3487
P121,1	3488	3489
P80,1	3490	3491
P188,1	3492	3493
P47,1	3494	3495
P149,1	3496	3497
P98,1	3498	3499
P189,1	3500	3501
P190,1	3502	3503
P124,1	3504	3505
P125,1	3506	3507
P150,1	3508	3509
P2,1	3510	3511
P82,1	3512	3513
P31,1	3514	3515
P152,1	3516	3517
P193,1	3518	3519
P25,1	3520	3521
P100,1	3522	3523
P128,1	3524	3525
P194,1	3526	3527
P154,1	3528	3529
P101,1	3530	3531
P155,1	3532	3533
P84,1	3534	3535
P103,1	3536	3537
P156,1	3538	3539
P130,1	3540	3541
P32,1	3542	3543
P85,1	3544	3545
P61,1	3546	3547
P132,1	3548	3549
P157,1	3550	3551
P158,1	3552	3553
P106,1	3554	3555
P199,1	3556	3557
P87,1	3558	3559
P200,1	3560	3561
P133,1	3562	3563
P34,1	3564	3565
P88,1	3566	3567
P162,1	3568	3569
P72,1	3570	3571
P108,1	3572	3573
P62,1	3574	3575
P50,1	3576	3577
P163,1	3578	3579
P165,1	3580	3581
P38,1	3582	3583
P136,1	3584	3585
P89,1	3586	3587
P166,1	3588	3589
P110,1	3590	3591
P111,1	3592	3593
P138,1	3594	3595
P53,2	3596	3597
P73,1	3598	3599
P11,1	3600	3601
P114,1	3602	3603
P170,1	3604	3605
P139,1	3606	3607
P22,1	3608	3609
P140,1	3610	3611
P171,1	3612	3613
P172,1	3614	3615
P39,1	3616	3617
P141,1	3618	3619
P28,2	3620	3621
P29,1	3622	3623
P173,1	3624	3625
P117,1	3626	3627
P41,1	3628	3629
P174,1	3630	3631
P40,2	3632	3633
P93,1	3634	3635
P175,1	3636	3637
P177,1	3638	3639
P16,1	3640	3641
P179,1	3642	3643
P77,1	3644	3645
P181,1	3646	3647
P144,1	3648	3649
P94,1	3650	3651
P183,1	3652	3653
P184,1	3654	3655
P44,1	3656	3657
P146,2	3658	3659
P24,1	3660	3661
P185,1	3662	3663
P78,1	3664	3665
P147,1	3666	3667
P18,1	3668	3669
P57,1	3670	3671
P96,1	3672	3673
P58,1	3674	3675
P12,2	3676	3677
P68,1	3678	3679
P14,1	3680	3681
P97,1	3682	3683
P122,1	3684	3685
P30,1	3686	3687
P69,1	3688	3689
P7,1	3690	3691
P19,1	3692	3693
P60,1	3694	3695
P124,1	3696	3697
P125,1	3698	3699
P150,1	3700	3701
P2,1	3702	3703
P82,1	3704	3705
P31,1	3706	3707
P152,1	3708	3709
P193,1	3710	3711
P25,1	3712	3713
P100,1	3714	3715
P128,1	3716	3717
P194,1	3718	3719
P154,1	3720	3721
P101,1	3722	3723
P155,1	3724	3725
P84,1	3726	3727
P103,1	3728	3729
P156,1	3730	3731
P130,1	3732	3733
P32,1	3734	3734
P86,1	3735	3736
P197,1	3737	3738
P198,1	3739	3740
P33,1	3741	3742
P105,1	3743	3744
P26,1	3745	3746
P159,1	3747	3748
P49,2	3749	3750
P10,2	3751	3752
P160,1	3753	3754
P4,1	3755	3756
P161,1	3757	3758
P35,1	3759	3760
P107,1	3761	3762
P37,1	3763	3764
P134,1	3765	3766
P36,2	3767	3768
P164,1	3769	3770
P135,1	3771	3772
P109,1	3773	3774
P51,1	3775	3776
P63,2	3777	3778
P167,1	3779	3780
P137,1	3781	3782
P15,1	3783	3784
P112,1	3785	3786
P113,1	3787	3788
P168,1	3789	3790
P90,1	3791	3792
P169,1	3793	3794
P21,1	3795	3796
P54,1	3797	3798
P64,1	3799	3800
P23,2	3801	3802
P6,1	3803	3804
P91,1	3805	3806
P115,1	3807	3808
P116,1	3809	3810
P75,1	3811	3812
P55,1	3813	3814
P76,1	3815	3816
P142,1	3817	3818
P65,1	3819	3820
P143,1	3821	3822
P92,1	3823	3824
P66,1	3825	3826
P176,1	3827	3828
P178,1	3829	3830
P56,1	3831	3832
P17,1	3833	3834
P180,1	3835	3836
P118,1	3837	3838
P145,1	3839	3840
P182,1	3841	3842
P119,1	3843	3844
P43,1	3845	3846
P95,1	3847	3848
P45,1	3849	3850
P185,1	3851	3852
P24,2	3853	3854
P79,1	3855	3856
P120,1	3857	3858
P46,2	3859	3860
P13,1	3861	3862
P187,1	3863	3864
P148,1	3865	3866
P59,1	3867	3868
P121,1	3869	3870
P80,1	3871	3872
P188,1	3873	3874
P47,1	3875	3876
P149,1	3877	3878
P98,1	3879	3880
P189,1	3881	3882
P190,1	3883	3884
P123,2	3885	3886
P191,1	3887	3888
P81,1	3889	3890
P126,1	3891	3892
P192,1	3893	3894
P83,1	3895	3896
P151,1	3897	3898
P70,1	3899	3900
P99,1	3901	3902
P127,1	3903	3904
P8,1	3905	3906
P153,1	3907	3908
P195,1	3909	3910
P129,1	3911	3912
P102,1	3913	3914
P9,1	3915	3916
P48,1	3917	3918
P196,1	3919	3920
P104,1	3921	3922
P131,1	3923	3924
P86,1	3925	3926
P197,1	3927	3928
P32,2	3929	3930
P157,1	3931	3932
P158,1	3933	3934
P106,1	3935	3936
P199,1	3937	3938
P87,1	3939	3940
P200,1	3941	3942
P133,1	3943	3943
P34,1	3944	3945
P88,1	3946	3947
P162,1	3948	3949
P72,1	3950	3951
P108,1	3952	3953
P62,1	3954	3955
P50,1	3956	3957
P163,1	3958	3959
P165,1	3960	3961
P38,1	3962	3963
P136,1	3964	3965
P89,1	3966	3967
P166,1	3968	3969
P110,1	3970	3971
P111,1	3972	3973
P138,1	3974	3975
P53,2	3976	3977
P73,1	3978	3979
P11,1	3980	3981
P114,1	3982	3983
P170,1	3984	3985
P139,1	3986	3987
P22,1	3988	3989
P140,1	3990	3991
P171,1	3992	3993
P91,1	3994	3995
P115,1	3996	3997
P116,1	3998	3999
P75,1	4000	4001
P55,1	4002	4003
P76,1	4004	4005
P142,1	4006	4007
P65,1	4008	4009
P143,1	4010	4011
P92,1	4012	4013
P66,1	4014	4015
P176,1	4016	4017
P178,1	4018	4019
P56,1	4020	4021
P17,1	4022	4023
P180,1	4024	4025
P118,1	4026	4027
P94,1	4028	4029
P183,1	4030	4031
P184,1	4032	4033
P44,1	4034	4035
P146,2	4036	4037
P67,1	4038	4039
P186,1	4040	4041
P78,1	4042	4043
P120,1	4044	4045
P46,2	4046	4047
P13,1	4048	4049
P187,1	4050	4051
P148,1	4052	4053
P59,1	4054	4055
P14,1	4056	4057
P97,1	4058	4059
P188,1	4060	4061
P47,1	4062	4063
P149,1	4064	4065
P98,1	4066	4067
P189,1	4068	4069
P190,1	4070	4070
P123,2	4071	4072
P191,1	4073	4074
P81,1	4075	4076
P126,1	4077	4078
P192,1	4079	4080
P31,1	4081	4082
P152,1	4083	4084
P83,2	4085	4086
P25,1	4087	4088
P100,1	4089	4090
P128,1	4091	4092
P153,1	4093	4094
P195,1	4095	4096
P129,1	4097	4098
P102,1	4099	4100
P9,1	4101	4102
P48,1	4103	4104
P156,1	4105	4106
P130,1	4107	4108
P85,1	4109	4110
P61,1	4111	4112
P132,1	4113	4114
P198,1	4115	4116
P33,1	4117	4118
P105,1	4119	4120
P26,1	4121	4122
P159,1	4123	4124
P49,2	4125	4126
P10,2	4127	4128
P34,1	4129	4130
P88,1	4131	4132
P162,1	4133	4134
P133,2	4135	4136
P107,1	4137	4138
P37,1	4139	4140
P134,1	4141	4142
P36,2	4143	4144
P164,1	4145	4146
P135,1	4147	4148
P109,1	4149	4150
P51,1	4151	4152
P63,2	4153	4154
P167,1	4155	4156
P137,1	4157	4158
P15,1	4159	4160
P112,1	4161	4162
P113,1	4163	4164
P168,1	4165	4166
P90,1	4167	4168
P169,1	4169	4170
P21,1	4171	4172
P54,1	4173	4174
P64,1	4175	4176
P23,2	4177	4178
P172,1	4179	4180
P39,1	4181	4182
P141,1	4183	4184
P28,2	4185	4186
P29,1	4187	4188
P173,1	4189	4190
P117,1	4191	4192
P41,1	4193	4194
P174,1	4195	4196
P40,2	4197	4198
P93,1	4199	4200
P175,1	4201	4202
P177,1	4203	4204
P16,1	4205	4206
P179,1	4207	4208
P77,1	4209	4210
P181,1	4211	4212
P144,1	4213	4214
P182,1	4215	4216
P119,1	4217	4218
P43,1	4219	4220
P95,1	4221	4222
P45,1	4223	4224
P185,1	4225	4226
P24,2	4227	4228
P79,1	4229	4230
P18,1	4231	4232
P57,1	4233	4234
P96,1	4235	4236
P58,1	4237	4238
P12,2	4239	4240
P121,1	4241	4242
P80,1	4243	4244
P68,2	4245	4246
P122,1	4247	4248
P30,1	4249	4250
P69,1	4251	4252
P7,1	4253	4254
P19,2	4255	4256
P124,1	4257	4258
P191,1	4259	4260
P81,1	4261	4262
P60,2	4263	4264
P2,1	4265	4266
P82,1	4267	4268
P151,1	4269	4270
P193,1	4271	4272
P99,1	4273	4274
P127,1	4275	4276
P8,1	4277	4278
P70,2	4279	4280
P194,1	4281	4282
P154,1	4283	4284
P101,1	4285	4286
P155,1	4287	4288
P84,1	4289	4290
P196,1	4291	4292
P156,1	4293	4294
P130,1	4295	4296
P85,1	4297	4298
P61,1	4299	4300
P132,1	4301	4302
P198,1	4303	4304
P33,1	4305	4306
P105,1	4307	4308
P26,1	4309	4310
P159,1	4311	4312
P49,2	4313	4314
P10,2	4315	4316
P34,1	4317	4318
P88,1	4319	4320
P162,1	4321	4322
P133,2	4323	4324
P107,1	4325	4326
P37,1	4327	4328
P134,1	4329	4330
P36,2	4331	4332
P165,1	4333	4334
P38,1	4335	4336
P136,1	4337	4338
P89,1	4339	4340
P166,1	4341	4342
P110,1	4343	4344
P111,1	4345	4346
P138,1	4347	4348
P53,2	4349	4350
P73,1	4351	4352
P11,1	4353	4354
P114,1	4355	4356
P170,1	4357	4358
P139,1	4359	4360
P22,1	4361	4362
P140,1	4363	4364
P171,1	4365	4366
P91,1	4367	4368
P115,1	4369	4370
P116,1	4371	4372
P29,1	4373	4374
P173,1	4375	4376
P75,2	4377	4378
P142,1	4379	4380
P65,1	4381	4382
P143,1	4383	4384
P92,1	4385	4386
P66,1	4387	4388
P176,1	4389	4390
P178,1	4391	4392
P56,1	4393	4394
P17,1	4395	4396
P180,1	4397	4398
P118,1	4399	4400
P94,1	4401	4402
P183,1	4403	4404
P184,1	4405	4406
P44,1	4407	4408
P146,2	4409	4410
P67,1	4411	4412
P186,1	4413	4414
P78,1	4415	4416
P120,1	4417	4418
P46,2	4419	4420
P13,1	4421	4422
P187,1	4423	4424
P148,1	4425	4426
P59,1	4427	4428
P14,1	4429	4430
P97,1	4431	4432
P188,1	4433	4434
P47,1	4435	4436
P149,1	4437	4438
P98,1	4439	4440
P189,1	4441	4442
P123,2	4443	4444
P190,2	4445	4446
P125,1	4447	4448
P150,1	4449	4450
P126,1	4451	4452
P192,1	4453	4454
P31,1	4455	4456
P152,1	4457	4458
P83,2	4459	4460
P25,1	4461	4462
P100,1	4463	4464
P128,1	4465	4466
P153,1	4467	4468
P195,1	4469	4470
P129,1	4471	4472
P102,1	4473	4474
P9,1	4475	4476
P48,1	4477	4478
P103,2	4479	4480
P104,1	4481	4482
P131,1	4483	4484
P86,1	4485	4486
P197,1	4487	4488
P32,2	4489	4490
P157,1	4491	4492
P158,1	4493	4493
P105,1	4494	4495
P26,1	4496	4497
P159,1	4498	4499
P49,2	4500	4501
P10,2	4502	4503
P34,1	4504	4505
P161,1	4506	4507
P35,1	4508	4509
P72,1	4510	4511
P108,1	4512	4513
P62,1	4514	4515
P50,1	4516	4517
P164,1	4518	4519
P135,1	4520	4521
P109,1	4522	4523
P51,1	4524	4525
P63,2	4526	4527
P167,1	4528	4529
P137,1	4530	4531
P15,1	4532	4533
P112,1	4534	4535
P113,1	4536	4537
P168,1	4538	4539
P90,1	4540	4541
P169,1	4542	4543
P21,1	4544	4545
P54,1	4546	4547
P64,1	4548	4549
P23,2	4550	4551
P172,1	4552	4553
P115,1	4554	4555
P116,1	4556	4557
P29,1	4558	4559
P173,1	4560	4561
P75,2	4562	4563
P142,1	4564	4565
P65,1	4566	4567
P143,1	4568	4569
P92,1	4570	4571
P66,1	4572	4573
P176,1	4574	4575
P178,1	4576	4577
P56,1	4578	4579
P17,1	4580	4581
P180,1	4582	4583
P118,1	4584	4585
P94,1	4586	4587
P183,1	4588	4589
P184,1	4590	4591
P95,1	4592	4593
P146,2	4594	4595
P67,1	4596	4597
P186,1	4598	4599
P78,1	4600	4601
P120,1	4602	4603
P46,2	4604	4605
P13,1	4606	4607
P187,1	4608	4609
P148,1	4610	4611
P59,1	4612	4613
P14,1	4614	4615
P68,2	4616	4617
P122,1	4618	4619
P47,1	4620	4621
P149,1	4622	4623
P98,1	4624	4625
P189,1	4626	4627
P123,2	4628	4629
P190,2	4630	4631
P125,1	4632	4633
P150,1	4634	4635
P126,1	4636	4637
P82,1	4638	4639
P151,1	4640	4641
P193,1	4642	4643
P99,1	4644	4645
P127,1	4646	4647
P8,1	4648	4649
P70,2	4650	4651
P194,1	4652	4653
P154,1	4654	4655
P101,1	4656	4657
P155,1	4658	4659
P84,1	4660	4661
P196,1	4662	4663
P156,1	4664	4665
P130,1	4666	4667
P85,1	4668	4669
P61,1	4670	4671
P132,1	4672	4673
P198,1	4674	4675
P33,1	4676	4677
P106,1	4678	4679
P199,1	4680	4681
P159,1	4682	4683
P49,2	4684	4685
P10,2	4686	4687
P34,1	4688	4689
P161,1	4690	4691
P35,1	4692	4693
P72,1	4694	4695
P107,1	4696	4697
P37,1	4698	4699
P134,1	4700	4701
P36,2	4702	4703
P165,1	4704	4705
P38,1	4706	4707
P136,1	4708	4709
P89,1	4710	4711
P166,1	4712	4713
P110,1	4714	4715
P111,1	4716	4717
P138,1	4718	4719
P53,2	4720	4721
P73,1	4722	4723
P11,1	4724	4725
P114,1	4726	4727
P170,1	4728	4729
P139,1	4730	4731
P22,1	4732	4733
P140,1	4734	4735
P171,1	4736	4737
P91,1	4738	4739
P116,1	4740	4741
P29,1	4742	4743
P141,2	4744	4745
P76,1	4746	4747
P117,1	4748	4749
P41,1	4750	4751
P174,1	4752	4753
P40,2	4754	4755
P66,1	4756	4757
P176,1	4758	4759
P178,1	4760	4761
P56,1	4762	4763
P17,1	4764	4765
P180,1	4766	4767
P118,1	4768	4769
P94,1	4770	4771
P183,1	4772	4773
P184,1	4774	4775
P44,2	4776	4777
P45,1	4778	4779
P185,1	4780	4781
P186,1	4782	4783
P78,1	4784	4785
P120,1	4786	4787
P46,2	4788	4789
P13,1	4790	4791
P187,1	4792	4793
P148,1	4794	4795
P59,1	4796	4797
P14,1	4798	4799
P68,2	4800	4801
P122,1	4802	4803
P47,1	4804	4805
P149,1	4806	4807
P98,1	4808	4809
P189,1	4810	4811
P123,2	4812	4813
P191,1	4814	4815
P81,1	4816	4817
P150,1	4818	4819
P126,1	4820	4821
P82,1	4822	4823
P151,1	4824	4825
P193,1	4826	4827
P83,2	4828	4829
P25,1	4830	4831
P100,1	4832	4833
P128,1	4834	4835
P153,1	4836	4837
P195,1	4838	4839
P129,1	4840	4841
P102,1	4842	4843
P9,1	4844	4845
P48,1	4846	4847
P103,2	4848	4849
P104,1	4850	4851
P131,1	4852	4853
P86,1	4854	4855
P197,1	4856	4857
P32,2	4858	4859
P157,1	4860	4861
P105,1	4862	4863
P26,1	4864	4865
P158,2	4866	4867
P87,1	4868	4869
P200,1	4870	4871
P160,1	4872	4873
P88,1	4874	4875
P162,1	4876	4877
P133,2	4878	4879
P4,2	4880	4881
P108,1	4882	4883
P62,1	4884	4885
P50,1	4886	4886
P36,2	4887	4888
P165,1	4889	4890
P109,1	4891	4892
P51,1	4893	4894
P89,1	4895	4896
P166,1	4897	4898
P110,1	4899	4900
P111,1	4901	4902
P138,1	4903	4904
P53,2	4905	4906
P73,1	4907	4908
P11,1	4909	4910
P169,1	4911	4912
P21,1	4913	4914
P54,1	4915	4916
P64,1	4917	4918
P23,2	4919	4920
P172,1	4921	4922
P115,1	4923	4924
P28,2	4925	4926
P55,1	4927	4928
P173,1	4929	4930
P75,2	4931	4932
P142,1	4933	4934
P65,1	4935	4936
P143,1	4937	4938
P92,1	4939	4940
P175,1	4941	4942
P177,1	4943	4944
P16,1	4945	4946
P179,1	4947	4948
P180,1	4949	4950
P118,1	4951	4952
P94,1	4953	4954
P182,1	4955	4956
P119,1	4957	4958
P95,1	4959	4960
P146,2	4961	4962
P67,1	4963	4964
P43,2	4965	4966
P24,2	4967	4968
P79,1	4969	4970
P18,1	4971	4972
P57,1	4973	4974
P96,1	4975	4976
P58,1	4977	4978
P12,2	4979	4980
P121,1	4981	4982
P97,1	4983	4984
P188,1	4985	4986
P80,2	4987	4988
P30,1	4989	4990
P69,1	4991	4992
P7,1	4993	4994
P19,2	4995	4996
P190,2	4997	4998
P125,1	4999	5000
P124,2	5001	5002
P60,2	5003	5004
P192,1	5005	5006
P31,1	5007	5008
P152,1	5009	5010
P2,2	5011	5012
P99,1	5013	5014
P127,1	5015	5016
P128,1	5017	5018
P153,1	5019	5020
P195,1	5021	5022
P129,1	5023	5024
P102,1	5025	5026
P9,1	5027	5028
P48,1	5029	5030
P103,2	5031	5032
P104,1	5033	5034
P131,1	5035	5036
P86,1	5037	5038
P197,1	5039	5040
P32,2	5041	5042
P157,1	5043	5044
P105,1	5045	5046
P26,1	5047	5048
P158,2	5049	5050
P87,1	5051	5052
P200,1	5053	5054
P160,1	5055	5056
P88,1	5057	5057
P162,1	5058	5059
P133,2	5060	5061
P4,2	5062	5063
P108,1	5064	5065
P62,1	5066	5067
P36,2	5068	5069
P165,1	5070	5071
P50,2	5072	5073
P136,1	5074	5075
P135,2	5076	5077
P63,2	5078	5079
P167,1	5080	5081
P137,1	5082	5083
P15,1	5084	5085
P112,1	5086	5087
P113,1	5088	5089
P168,1	5090	5091
P114,1	5092	5093
P170,1	5094	5094
P21,1	5095	5096
P90,2	5097	5098
P22,1	5099	5100
P140,1	5101	5102
P171,1	5103	5104
P91,1	5105	5106
P116,2	5107	5108
P29,1	5109	5110
P141,2	5111	5112
P76,1	5113	5114
P117,1	5115	5116
P41,1	5117	5118
P174,1	5119	5120
P40,2	5121	5122
P66,1	5123	5124
P176,1	5125	5126
P178,1	5127	5128
P56,1	5129	5130
P17,1	5131	5132
P181,1	5133	5134
P144,1	5135	5136
P77,2	5137	5138
P183,1	5139	5140
P184,1	5141	5142
P44,2	5143	5144
P45,1	5145	5146
P185,1	5147	5148
P186,1	5149	5150
P78,1	5151	5152
P120,1	5153	5154
P46,2	5155	5156
P13,1	5157	5158
P187,1	5159	5160
P148,1	5161	5162
P59,1	5163	5164
P14,1	5165	5166
P68,2	5167	5168
P122,1	5169	5170
P47,1	5171	5172
P149,1	5173	5174
P98,1	5175	5176
P189,1	5177	5178
P123,2	5179	5180
P191,1	5181	5182
P81,1	5183	5184
P150,1	5185	5186
P126,1	5187	5188
P82,1	5189	5190
P151,1	5191	5192
P193,1	5193	5194
P83,2	5195	5196
P25,1	5197	5198
P100,1	5199	5200
P70,2	5201	5202
P194,1	5203	5204
P154,1	5205	5206
P101,1	5207	5208
P155,1	5209	5210
P48,1	5211	5212
P103,2	5213	5214
P104,1	5215	5216
P131,1	5217	5218
P86,1	5219	5220
P197,1	5221	5222
P32,2	5223	5224
P157,1	5225	5226
P105,1	5227	5228
P26,1	5229	5230
P158,2	5231	5232
P87,1	5233	5234
P200,1	5235	5236
P160,1	5237	5238
P161,1	5239	5240
P88,2	5241	5242
P133,2	5243	5244
P4,2	5245	5246
P108,1	5247	5248
P62,1	5249	5250
P36,2	5251	5252
P165,1	5253	5254
P50,2	5255	5256
P136,1	5257	5258
P135,2	5259	5260
P63,2	5261	5262
P167,1	5263	5264
P137,1	5265	5266
P15,1	5267	5268
P112,1	5269	5270
P113,1	5271	5272
P168,1	5273	5274
P114,1	5275	5276
P21,1	5277	5278
P90,2	5279	5280
P22,1	5281	5282
P140,1	5283	5284
P171,1	5285	5286
P91,1	5287	5288
P116,2	5289	5290
P29,1	5291	5292
P141,2	5293	5294
P76,1	5295	5296
P117,1	5297	5298
P41,1	5299	5299
P174,1	5300	5301
P40,2	5302	5303
P66,1	5304	5305
P176,1	5306	5307
P178,1	5308	5309
P56,1	5310	5311
P17,1	5312	5313
P181,1	5314	5315
P144,1	5316	5317
P77,2	5318	5319
P183,1	5320	5321
P184,1	5322	5323
P44,2	5324	5325
P45,1	5326	5327
P185,1	5328	5329
P186,1	5330	5331
P78,1	5332	5333
P120,1	5334	5335
P46,2	5336	5337
P13,1	5338	5339
P187,1	5340	5341
P148,1	5342	5343
P59,1	5344	5345
P14,1	5346	5347
P68,2	5348	5349
P122,1	5350	5351
P47,1	5352	5353
P149,1	5354	5355
P98,1	5356	5357
P189,1	5358	5359
P123,2	5360	5361
P191,1	5362	5363
P81,1	5364	5365
P150,1	5366	5367
P126,1	5368	5369
P82,1	5370	5371
P151,1	5372	5373
P193,1	5374	5375
P83,2	5376	5377
P25,1	5378	5379
P100,1	5380	5381
P70,2	5382	5383
P194,1	5384	5385
P154,1	5386	5387
P101,1	5388	5389
P155,1	5390	5391
P48,1	5392	5393
P103,2	5394	5395
P104,1	5396	5397
P131,1	5398	5399
P86,1	5400	5400
P61,1	5401	5402
P32,2	5403	5404
P157,1	5405	5406
P105,1	5407	5408
P26,1	5409	5410
P158,2	5411	5412
P49,2	5413	5414
P10,2	5415	5416
P34,1	5417	5418
P161,1	5419	5420
P88,2	5421	5422
P133,2	5423	5424
P4,2	5425	5426
P108,1	5427	5428
P62,1	5429	5430
P36,2	5431	5432
P165,1	5433	5434
P50,2	5435	5436
P136,1	5437	5438
P135,2	5439	5440
P63,2	5441	5442
P167,1	5443	5444
P137,1	5445	5446
P15,1	5447	5448
P53,2	5449	5450
P113,1	5451	5452
P168,1	5453	5454
P114,1	5455	5456
P21,1	5457	5458
P90,2	5459	5460
P22,1	5461	5462
P140,1	5463	5464
P171,1	5465	5466
P91,1	5467	5467
P116,2	5468	5469
P29,1	5470	5471
P141,2	5472	5473
P76,1	5474	5475
P117,1	5476	5477
P65,1	5478	5479
P143,1	5480	5481
P92,1	5482	5483
P66,1	5484	5485
P176,1	5486	5487
P178,1	5488	5489
P56,1	5490	5491
P17,1	5492	5493
P181,1	5494	5495
P144,1	5496	5497
P77,2	5498	5499
P119,1	5500	5501
P95,1	5502	5503
P146,2	5504	5505
P45,1	5506	5507
P185,1	5508	5509
P186,1	5510	5511
P78,1	5512	5513
P120,1	5514	5515
P46,2	5516	5517
P13,1	5518	5519
P187,1	5520	5521
P148,1	5522	5523
P59,1	5524	5525
P14,1	5526	5527
P68,2	5528	5529
P122,1	5530	5531
P47,1	5532	5533
P149,1	5534	5535
P98,1	5536	5537
P189,1	5538	5539
P123,2	5540	5541
P191,1	5542	5543
P81,1	5544	5545
P150,1	5546	5547
P126,1	5548	5549
P82,1	5550	5550
P151,1	5551	5551
P152,1	5552	5553
P2,2	5554	5555
P99,1	5556	5557
P127,1	5558	5559
P128,1	5560	5561
P153,1	5562	5563
P195,1	5564	5565
P129,1	5566	5567
P102,1	5568	5569
P84,1	5570	5571
P196,1	5572	5573
P156,1	5574	5575
P130,1	5576	5577
P85,1	5578	5579
P132,1	5580	5581
P198,1	5582	5583
P157,1	5584	5585
P105,1	5586	5587
P26,1	5588	5589
P158,2	5590	5591
P200,1	5592	5593
P160,1	5594	5595
P159,2	5596	5597
P162,1	5598	5599
P35,1	5600	5601
P72,1	5602	5603
P107,1	5604	5605
P37,1	5606	5606
P62,1	5607	5608
P36,2	5609	5610
P165,1	5611	5612
P50,2	5613	5614
P136,1	5615	5616
P135,2	5617	5618
P63,2	5619	5620
P167,1	5621	5622
P137,1	5623	5624
P15,1	5625	5626
P53,2	5627	5628
P113,1	5629	5630
P168,1	5631	5632
P114,1	5633	5634
P21,1	5635	5636
P90,2	5637	5638
P22,1	5639	5640
P140,1	5641	5642
P171,1	5643	5644
P115,1	5645	5646
P28,2	5647	5648
P141,2	5649	5650
P173,1	5651	5652
P75,2	5653	5654
P142,1	5655	5656
P174,1	5657	5658
P40,2	5659	5660
P41,2	5661	5662
P175,1	5663	5664
P177,1	5665	5666
P16,1	5667	5668
P179,1	5669	5670
P17,2	5671	5672
P118,1	5673	5674
P94,1	5675	5676
P182,1	5677	5678
P184,1	5679	5680
P44,2	5681	5682
P183,2	5683	5684
P67,1	5685	5686
P43,2	5687	5688
P24,2	5689	5690
P79,1	5691	5692
P46,2	5693	5694
P13,1	5695	5696
P18,2	5697	5698
P58,1	5699	5700
P12,2	5701	5702
P121,1	5703	5704
P97,1	5705	5706
P188,1	5707	5708
P80,2	5709	5710
P30,1	5711	5712
P69,1	5713	5714
P189,1	5715	5716
P123,2	5717	5718
P7,2	5719	5720
P125,1	5721	5722
P124,2	5723	5724
P60,2	5725	5726
P192,1	5727	5728
P152,1	5729	5730
P2,2	5731	5732
P99,1	5733	5734
P151,2	5735	5736
P100,1	5737	5738
P70,2	5739	5740
P194,1	5741	5742
P154,1	5743	5744
P101,1	5745	5746
P155,1	5747	5748
P48,1	5749	5750
P103,2	5751	5752
P104,1	5753	5754
P131,1	5755	5756
P61,1	5757	5758
P32,2	5759	5760
P86,2	5761	5762
P105,1	5763	5764
P26,1	5765	5766
P33,2	5767	5768
P49,2	5769	5770
P10,2	5771	5772
P34,1	5773	5774
P161,1	5775	5776
P88,2	5777	5778
P133,2	5779	5780
P4,2	5781	5782
P108,1	5783	5784
P134,1	5785	5786
P164,1	5787	5788
P38,1	5789	5790
P109,1	5791	5792
P51,1	5793	5794
P89,1	5795	5796
P166,1	5797	5798
P110,1	5799	5800
P111,1	5801	5802
P112,1	5803	5804
P138,2	5805	5806
P73,1	5807	5808
P11,1	5809	5810
P21,1	5811	5812
P169,2	5813	5814
P54,1	5815	5816
P22,2	5817	5818
P23,2	5819	5820
P172,1	5821	5822
P116,2	5823	5824
P29,2	5825	5826
P141,2	5827	5828
P173,1	5829	5830
P75,2	5831	5832
P142,1	5833	5834
P174,1	5835	5835
P143,1	5836	5837
P92,1	5838	5839
P66,1	5840	5841
P176,1	5842	5843
P178,1	5844	5845
P16,2	5846	5847
P180,1	5848	5849
P181,1	5850	5851
P144,1	5852	5853
P77,2	5854	5855
P119,1	5856	5857
P95,1	5858	5859
P146,2	5860	5861
P45,1	5862	5863
P185,1	5864	5865
P186,1	5866	5867
P78,1	5868	5869
P120,1	5870	5871
P57,1	5872	5873
P96,1	5874	5875
P187,1	5876	5877
P148,1	5878	5879
P59,1	5880	5881
P14,1	5882	5883
P68,2	5884	5885
P80,2	5886	5887
P30,1	5888	5889
P69,1	5890	5891
P122,2	5892	5893
P19,2	5894	5895
P190,2	5896	5897
P191,1	5898	5899
P81,1	5900	5901
P150,1	5902	5903
P126,1	5904	5905
P31,1	5906	5907
P193,1	5908	5909
P83,2	5910	5911
P25,1	5912	5913
P127,1	5914	5915
P128,1	5916	5917
P153,1	5918	5919
P195,1	5920	5921
P129,1	5922	5923
P102,1	5924	5925
P84,1	5926	5927
P196,1	5928	5929
P156,1	5930	5931
P130,1	5932	5933
P85,1	5934	5935
P132,1	5936	5937
P198,1	5938	5939
P157,1	5940	5941
P106,1	5942	5943
P199,1	5944	5945
P158,2	5946	5947
P200,1	5948	5949
P160,1	5950	5951
P159,2	5952	5953
P162,1	5954	5955
P35,1	5956	5957
P72,1	5958	5959
P107,1	5960	5961
P62,1	5962	5963
P36,2	5964	5965
P165,1	5966	5967
P50,2	5968	5969
P136,1	5970	5971
P135,2	5972	5973
P63,2	5974	5975
P167,1	5976	5977
P137,1	5978	5979
P15,1	5980	5981
P53,2	5982	5983
P113,1	5984	5985
P168,1	5986	5987
P114,1	5988	5989
P139,1	5990	5991
P90,2	5992	5993
P64,1	5994	5995
P140,1	5996	5997
P171,1	5998	5999
P115,1	6000	6001
P28,2	6002	6003
P55,1	6004	6005
P91,2	6006	6007
P76,1	6008	6009
P117,1	6010	6011
P65,1	6012	6013
P40,2	6014	6015
P41,2	6016	6017
P175,1	6018	6019
P177,1	6020	6021
P56,1	6022	6023
P179,1	6024	6025
P17,2	6026	6027
P118,1	6028	6029
P94,1	6030	6031
P182,1	6032	6032
P184,1	6033	6034
P44,2	6035	6036
P183,2	6037	6038
P67,1	6039	6040
P43,2	6041	6042
P24,2	6043	6044
P79,1	6045	6046
P46,2	6047	6048
P13,1	6049	6050
P18,2	6051	6052
P58,1	6053	6054
P12,2	6055	6056
P121,1	6057	6058
P97,1	6059	6060
P188,1	6061	6062
P47,1	6063	6064
P149,1	6065	6066
P98,1	6067	6068
P189,1	6069	6070
P123,2	6071	6072
P7,2	6073	6074
P125,1	6075	6076
P124,2	6077	6078
P60,2	6079	6080
P192,1	6081	6082
P152,1	6083	6084
P2,2	6085	6086
P99,1	6087	6088
P151,2	6089	6090
P100,1	6091	6092
P70,2	6093	6094
P194,1	6095	6096
P154,1	6097	6098
P101,1	6099	6100
P155,1	6101	6102
P48,1	6103	6104
P103,2	6105	6106
P104,1	6107	6108
P131,1	6109	6110
P61,1	6111	6112
P32,2	6113	6114
P86,2	6115	6116
P105,1	6117	6118
P26,1	6119	6120
P33,2	6121	6122
P49,2	6123	6124
P10,2	6125	6126
P34,1	6127	6128
P161,1	6129	6130
P88,2	6131	6132
P133,2	6133	6134
P4,2	6135	6136
P108,1	6137	6137
P62,1	6138	6139
P36,2	6140	6141
P165,1	6142	6143
P50,2	6144	6145
P136,1	6146	6147
P135,2	6148	6149
P63,2	6150	6151
P167,1	6152	6153
P137,1	6154	6155
P15,1	6156	6156
P53,2	6157	6158
P113,1	6159	6160
P11,1	6161	6162
P21,1	6163	6164
P169,2	6165	6166
P54,1	6167	6167
P22,2	6168	6169
P23,2	6170	6171
P172,1	6172	6172
P115,1	6173	6174
P28,2	6175	6176
P55,1	6177	6178
P91,2	6179	6180
P76,1	6181	6182
P117,1	6183	6184
P65,1	6185	6186
P40,2	6187	6188
P41,2	6189	6190
P176,1	6191	6192
P178,1	6193	6194
P16,2	6195	6196
P179,1	6197	6198
P17,2	6199	6200
P118,1	6201	6202
P77,2	6203	6204
P182,2	6205	6206
P95,1	6207	6208
P146,2	6209	6210
P45,1	6211	6212
P185,1	6213	6214
P186,1	6215	6216
P78,1	6217	6217
P79,1	6218	6219
P46,2	6220	6221
P13,1	6222	6223
P18,2	6224	6225
P58,1	6226	6227
P12,2	6228	6229
P121,1	6230	6231
P97,1	6232	6232
P188,1	6233	6234
P47,1	6235	6236
P149,1	6237	6238
P98,1	6239	6240
P189,1	6241	6242
P123,2	6243	6244
P7,2	6245	6246
P125,1	6247	6248
P124,2	6249	6250
P60,2	6251	6252
P192,1	6253	6254
P152,1	6255	6256
P2,2	6257	6258
P99,1	6259	6260
P151,2	6261	6262
P100,1	6263	6264
P70,2	6265	6266
P194,1	6267	6268
P154,1	6269	6270
P101,1	6271	6272
P155,1	6273	6274
P48,1	6275	6276
P103,2	6277	6278
P104,1	6279	6280
P131,1	6281	6282
P61,1	6283	6284
P32,2	6285	6286
P86,2	6287	6288
P105,1	6289	6290
P26,1	6291	6292
P33,2	6293	6294
P49,2	6295	6296
P10,2	6297	6298
P34,1	6299	6300
P161,1	6301	6302
P88,2	6303	6304
P133,2	6305	6306
P4,2	6307	6308
P62,1	6309	6310
P36,2	6311	6312
P108,2	6313	6314
P38,1	6315	6316
P109,1	6317	6318
P51,1	6319	6320
P89,1	6321	6322
P166,1	6323	6324
P110,1	6325	6326
P111,1	6327	6328
P53,2	6329	6330
P113,1	6331	6332
P11,1	6333	6334
P21,1	6335	6336
P169,2	6337	6338
P64,1	6339	6340
P140,1	6341	6342
P54,2	6343	6344
P115,1	6345	6346
P28,2	6347	6348
P55,1	6349	6350
P91,2	6351	6352
P76,1	6353	6354
P117,1	6355	6356
P65,1	6357	6358
P40,2	6359	6360
P41,2	6361	6362
P176,1	6363	6364
P178,1	6365	6366
P16,2	6367	6368
P179,1	6369	6370
P17,2	6371	6372
P118,1	6373	6374
P144,2	6375	6376
P119,1	6377	6378
P184,1	6379	6380
P44,2	6381	6382
P183,2	6383	6384
P67,1	6385	6386
P43,2	6387	6388
P24,2	6389	6390
P79,1	6391	6392
P46,2	6393	6394
P13,1	6395	6396
P18,2	6397	6398
P58,1	6399	6400
P12,2	6401	6402
P121,1	6403	6404
P68,2	6405	6406
P80,2	6407	6408
P30,1	6409	6410
P97,2	6411	6412
P98,1	6413	6414
P189,1	6415	6416
P123,2	6417	6418
P7,2	6419	6420
P125,1	6421	6422
P124,2	6423	6424
P60,2	6425	6426
P192,1	6427	6428
P152,1	6429	6430
P2,2	6431	6432
P99,1	6433	6434
P151,2	6435	6436
P100,1	6437	6438
P70,2	6439	6440
P195,1	6441	6442
P129,1	6443	6444
P194,2	6445	6446
P155,1	6447	6448
P48,1	6449	6450
P103,2	6451	6452
P104,1	6453	6454
P131,1	6455	6456
P61,1	6457	6458
P32,2	6459	6460
P86,2	6461	6462
P105,1	6463	6463
P106,1	6464	6465
P199,1	6466	6467
P158,2	6468	6469
P200,1	6470	6471
P160,1	6472	6473
P161,1	6474	6475
P88,2	6476	6477
P133,2	6478	6479
P4,2	6480	6481
P62,1	6482	6483
P36,2	6484	6485
P108,2	6486	6487
P38,1	6488	6489
P109,1	6490	6491
P135,2	6492	6493
P63,2	6494	6495
P167,1	6496	6497
P137,1	6498	6499
P15,2	6500	6501
P138,2	6502	6503
P112,2	6504	6505
P114,1	6506	6507
P139,1	6508	6509
P90,2	6510	6511
P22,2	6512	6513
P23,2	6514	6515
P171,1	6516	6517
P116,2	6518	6519
P29,2	6520	6521
P141,2	6522	6523
P173,1	6524	6525
P75,2	6526	6527
P142,1	6528	6529
P143,1	6530	6531
P92,1	6532	6533
P175,1	6534	6535
P177,1	6536	6537
P56,1	6538	6539
P66,2	6540	6541
P180,1	6542	6543
P181,1	6544	6545
P94,1	6546	6547
P77,2	6548	6549
P182,2	6550	6551
P95,1	6552	6553
P146,2	6554	6555
P45,1	6556	6557
P185,1	6558	6559
P186,1	6560	6561
P78,2	6562	6563
P120,1	6564	6565
P57,1	6566	6567
P96,1	6568	6569
P187,1	6570	6571
P148,1	6572	6573
P59,1	6574	6575
P68,2	6576	6577
P80,2	6578	6579
P30,1	6580	6581
P97,2	6582	6583
P98,1	6584	6585
P189,1	6586	6586
P123,2	6587	6588
P7,2	6589	6590
P125,1	6591	6592
P124,2	6593	6594
P60,2	6595	6596
P192,1	6597	6598
P152,1	6599	6600
P2,2	6601	6602
P99,1	6603	6604
P151,2	6605	6606
P100,1	6607	6608
P70,2	6609	6610
P195,1	6611	6612
P129,1	6613	6614
P194,2	6615	6616
P155,1	6617	6618
P48,1	6619	6620
P103,2	6621	6622
P104,1	6623	6624
P131,1	6625	6626
P61,1	6627	6628
P32,2	6629	6630
P86,2	6631	6632
P106,1	6633	6634
P199,1	6635	6636
P158,2	6637	6638
P200,1	6639	6640
P160,1	6641	6642
P161,1	6643	6644
P88,2	6645	6646
P133,2	6647	6648
P72,1	6649	6650
P107,1	6651	6652
P134,1	6653	6654
P164,1	6655	6656
P165,1	6657	6658
P50,2	6659	6660
P51,1	6661	6662
P89,1	6663	6664
P166,1	6665	6666
P110,1	6667	6668
P111,1	6669	6670
P53,2	6671	6672
P113,1	6673	6674
P11,1	6675	6676
P21,1	6677	6678
P169,2	6679	6680
P64,1	6681	6682
P140,1	6683	6684
P54,2	6685	6686
P115,1	6687	6688
P28,2	6689	6690
P55,1	6691	6692
P91,2	6693	6694
P76,1	6695	6696
P142,1	6697	6698
P143,1	6699	6700
P92,1	6701	6702
P175,1	6703	6704
P177,1	6705	6706
P56,1	6707	6707
P66,2	6708	6709
P180,1	6710	6711
P181,1	6712	6713
P94,1	6714	6715
P77,2	6716	6717
P182,2	6718	6719
P95,1	6720	6721
P146,2	6722	6723
P45,1	6724	6725
P185,1	6726	6727
P186,1	6728	6729
P78,2	6730	6731
P120,1	6732	6733
P57,1	6734	6735
P96,1	6736	6737
P187,1	6738	6739
P148,1	6740	6741
P59,1	6742	6743
P68,2	6744	6745
P80,2	6746	6747
P30,1	6748	6749
P97,2	6750	6751
P98,1	6752	6753
P19,2	6754	6755
P123,2	6756	6757
P7,2	6758	6759
P81,1	6760	6761
P150,1	6762	6763
P192,1	6764	6765
P152,1	6766	6767
P193,1	6768	6769
P83,2	6770	6771
P25,1	6772	6773
P127,1	6774	6775
P128,1	6776	6777
P153,1	6778	6779
P154,1	6780	6781
P101,1	6782	6783
P102,1	6784	6784
P155,1	6785	6786
P48,1	6787	6787
P103,2	6788	6789
P104,1	6790	6791
P131,1	6792	6792
P85,1	6793	6794
P132,1	6795	6796
P86,2	6797	6798
P106,1	6799	6800
P199,1	6801	6802
P158,2	6803	6804
P200,1	6805	6806
P160,1	6807	6808
P161,1	6809	6810
P88,2	6811	6812
P133,2	6813	6814
P72,1	6815	6815
P107,1	6816	6817
P134,1	6818	6819
P164,1	6820	6821
P165,1	6822	6823
P50,2	6824	6825
P51,1	6826	6827
P89,1	6828	6829
P166,1	6830	6831
P110,1	6832	6833
P111,1	6834	6835
P53,2	6836	6837
P113,1	6838	6839
P11,1	6840	6841
P21,1	6842	6843
P169,2	6844	6845
P64,1	6846	6847
P140,1	6848	6849
P54,2	6850	6851
P115,1	6852	6853
P28,2	6854	6855
P55,1	6856	6857
P91,2	6858	6859
P76,1	6860	6861
P142,1	6862	6863
P143,1	6864	6865
P92,1	6866	6867
P175,1	6868	6868
P176,1	6869	6870
P178,1	6871	6872
P66,2	6873	6874
P180,1	6875	6876
P181,1	6877	6878
P118,1	6879	6880
P144,2	6881	6882
P182,2	6883	6884
P95,1	6885	6886
P119,2	6887	6888
P183,2	6889	6890
P67,1	6891	6892
P43,2	6893	6894
P24,2	6895	6896
P79,1	6897	6898
P46,2	6899	6900
P13,1	6901	6902
P18,2	6903	6904
P58,1	6905	6906
P12,2	6907	6908
P14,1	6909	6910
P188,1	6911	6912
P47,1	6913	6914
P149,1	6915	6916
P69,1	6917	6918
P122,2	6919	6920
P189,2	6921	6922
P190,2	6923	6924
P125,1	6925	6926
P124,2	6927	6928
P60,2	6929	6930
P31,1	6931	6932
P126,2	6933	6934
P2,2	6935	6936
P99,1	6937	6938
P151,2	6939	6940
P100,1	6941	6942
P70,2	6943	6944
P195,1	6945	6946
P129,1	6947	6948
P155,1	6949	6950
P196,1	6951	6952
P103,2	6953	6953
P156,1	6954	6955
P130,1	6956	6957
P85,1	6958	6959
P132,1	6960	6961
P86,2	6962	6963
P131,2	6964	6965
P26,1	6966	6967
P33,2	6968	6969
P49,2	6970	6971
P10,2	6972	6973
P159,2	6974	6975
P162,1	6976	6977
P35,1	6978	6979
P34,2	6980	6981
P107,1	6982	6983
P134,1	6984	6985
P164,1	6986	6987
P165,1	6988	6989
P50,2	6990	6991
P135,2	6992	6993
P63,2	6994	6995
P167,1	6996	6997
P137,1	6998	6999
P15,2	7000	7001
P138,2	7002	7003
P112,2	7004	7005
P114,1	7006	7007
P139,1	7008	7009
P90,2	7010	7011
P22,2	7012	7013
P23,2	7014	7015
P171,1	7016	7017
P116,2	7018	7019
P29,2	7020	7021
P141,2	7022	7023
P173,1	7024	7025
P75,2	7026	7027
P143,1	7028	7029
P92,1	7030	7031
P176,1	7032	7033
P178,1	7034	7035
P66,2	7036	7037
P180,1	7038	7039
P181,1	7040	7041
P118,1	7042	7043
P144,2	7044	7045
P182,2	7046	7047
P95,1	7048	7049
P119,2	7050	7051
P183,2	7052	7053
P67,1	7054	7055
P186,1	7056	7056
P24,2	7057	7058
P79,1	7059	7060
P46,2	7061	7062
P13,1	7063	7064
P18,2	7065	7066
P58,1	7067	7068
P59,1	7069	7070
P68,2	7071	7072
P80,2	7073	7074
P30,1	7075	7076
P149,1	7077	7078
P69,1	7079	7080
P122,2	7081	7082
P189,2	7083	7084
P190,2	7085	7086
P125,1	7087	7088
P124,2	7089	7090
P60,2	7091	7092
P31,1	7093	7094
P126,2	7095	7096
P2,2	7097	7098
P99,1	7099	7100
P151,2	7101	7102
P100,1	7103	7104
P70,2	7105	7106
P195,1	7107	7108
P129,1	7109	7110
P155,1	7111	7112
P196,1	7113	7113
P102,2	7114	7115
P104,1	7116	7117
P48,2	7118	7119
P61,1	7120	7121
P132,1	7122	7123
P86,2	7124	7125
P131,2	7126	7127
P26,1	7128	7128
P199,1	7129	7130
P158,2	7131	7132
P200,1	7133	7134
P160,1	7135	7136
P161,2	7137	7138
P88,2	7139	7140
P133,2	7141	7142
P4,2	7143	7144
P62,1	7145	7146
P36,2	7147	7148
P108,2	7149	7150
P38,1	7151	7152
P135,2	7153	7154
P109,2	7155	7156
P166,1	7157	7158
P110,1	7159	7160
P111,1	7161	7162
P53,2	7163	7164
P113,1	7165	7166
P11,1	7167	7168
P21,1	7169	7170
P169,2	7171	7172
P64,1	7173	7174
P140,1	7175	7176
P54,2	7177	7178
P115,1	7179	7180
P28,2	7181	7182
P55,1	7183	7184
P91,2	7185	7186
P76,1	7187	7188
P65,1	7189	7190
P40,2	7191	7192
P41,2	7193	7194
P177,1	7195	7196
P16,2	7197	7198
P179,1	7199	7200
P17,2	7201	7202
P56,2	7203	7204
P94,1	7205	7206
P77,2	7207	7208
P184,1	7209	7210
P44,2	7211	7212
P146,2	7213	7214
P45,1	7215	7216
P185,2	7217	7218
P24,2	7219	7220
P79,1	7221	7222
P46,2	7223	7224
P13,1	7225	7226
P18,2	7227	7228
P58,1	7229	7230
P59,1	7231	7232
P68,2	7233	7234
P80,2	7235	7236
P30,1	7237	7238
P149,1	7239	7240
P69,1	7241	7242
P122,2	7243	7244
P189,2	7245	7246
P190,2	7247	7248
P125,1	7249	7250
P124,2	7251	7252
P60,2	7253	7254
P31,1	7255	7256
P126,2	7257	7258
P2,2	7259	7260
P99,1	7261	7262
P151,2	7263	7264
P100,1	7265	7266
P70,2	7267	7268
P195,1	7269	7270
P129,1	7271	7272
P155,1	7273	7274
P101,2	7275	7276
P156,1	7277	7278
P130,1	7279	7280
P85,1	7281	7282
P103,3	7283	7284
P32,2	7285	7286
P157,1	7287	7288
P106,1	7289	7290
P199,1	7291	7292
P158,2	7293	7294
P200,1	7295	7296
P160,1	7297	7298
P161,2	7299	7300
P88,2	7301	7302
P133,2	7303	7304
P4,2	7305	7306
P62,1	7307	7308
P36,2	7309	7310
P108,2	7311	7312
P38,1	7313	7314
P135,2	7315	7316
P109,2	7317	7318
P166,1	7319	7320
P110,1	7321	7322
P111,1	7323	7324
P53,2	7325	7326
P113,1	7327	7328
P11,1	7329	7330
P21,1	7331	7332
P169,2	7333	7334
P64,1	7335	7336
P140,1	7337	7338
P54,2	7339	7340
P115,1	7341	7342
P28,2	7343	7344
P55,1	7345	7346
P91,2	7347	7348
P76,1	7349	7350
P65,1	7351	7352
P40,2	7353	7354
P41,2	7355	7356
P177,1	7357	7358
P16,2	7359	7360
P179,1	7361	7362
P17,2	7363	7364
P56,2	7365	7366
P94,1	7367	7368
P77,2	7369	7370
P184,1	7371	7372
P44,2	7373	7374
P146,2	7375	7376
P45,1	7377	7378
P185,2	7379	7380
P24,2	7381	7382
P79,1	7383	7384
P46,2	7385	7386
P13,1	7387	7388
P18,2	7389	7390
P58,1	7391	7392
P59,1	7393	7394
P68,2	7395	7396
P80,2	7397	7398
P30,1	7399	7400
P149,1	7401	7402
P69,1	7403	7404
P122,2	7405	7406
P189,2	7407	7408
P190,2	7409	7410
P125,1	7411	7412
P124,2	7413	7414
P60,2	7415	7416
P31,1	7417	7418
P126,2	7419	7420
P2,2	7421	7422
P99,1	7423	7424
P151,2	7425	7426
P100,1	7427	7428
P70,2	7429	7430
P154,1	7431	7432
P155,1	7433	7434
P129,2	7435	7436
P101,2	7437	7438
P156,1	7439	7440
P130,1	7441	7442
P85,1	7443	7444
P103,3	7445	7446
P32,2	7447	7448
P157,1	7449	7450
P106,1	7451	7452
P199,1	7453	7454
P49,2	7455	7456
P10,2	7457	7458
P159,2	7459	7460
P161,2	7461	7462
P88,2	7463	7464
P133,2	7465	7466
P4,2	7467	7468
P62,1	7469	7470
P36,2	7471	7472
P108,2	7473	7474
P38,1	7475	7476
P135,2	7477	7478
P109,2	7479	7480
P166,1	7481	7482
P110,1	7483	7484
P111,1	7485	7486
P138,2	7487	7488
P112,2	7489	7490
P11,1	7491	7492
P21,1	7493	7494
P169,2	7495	7496
P64,1	7497	7498
P140,1	7499	7500
P54,2	7501	7502
P115,1	7503	7504
P28,2	7505	7506
P55,1	7507	7508
P91,2	7509	7510
P76,1	7511	7512
P65,1	7513	7514
P40,2	7515	7516
P41,2	7517	7518
P178,1	7519	7520
P66,2	7521	7522
P180,1	7523	7524
P181,1	7525	7526
P118,1	7527	7528
P144,2	7529	7530
P182,2	7531	7532
P95,1	7533	7534
P119,2	7535	7536
P183,2	7537	7538
P185,2	7539	7540
P67,2	7541	7542
P78,2	7543	7544
P120,1	7545	7546
P13,1	7547	7548
P18,2	7549	7550
P58,1	7551	7552
P59,1	7553	7553
P68,2	7554	7555
P80,2	7556	7557
P30,1	7558	7559
P149,1	7560	7561
P69,1	7562	7563
P122,2	7564	7565
P189,2	7566	7567
P190,2	7568	7569
P125,1	7570	7571
P124,2	7572	7573
P60,2	7574	7575
P31,1	7576	7577
P126,2	7578	7579
P2,2	7580	7581
P99,1	7582	7583
P151,2	7584	7585
P100,1	7586	7587
P70,2	7588	7589
P154,1	7590	7591
P155,1	7592	7593
P129,2	7594	7595
P101,2	7596	7597
P156,1	7598	7599
P130,1	7600	7601
P85,1	7602	7603
P103,3	7604	7605
P32,2	7606	7607
P157,1	7608	7609
P106,1	7610	7611
P199,1	7612	7613
P49,2	7614	7615
P10,2	7616	7617
P159,2	7618	7619
P161,2	7620	7621
P88,2	7622	7623
P133,2	7624	7625
P4,2	7626	7627
P62,1	7628	7629
P36,2	7630	7631
P108,2	7632	7633
P38,1	7634	7635
P135,2	7636	7637
P109,2	7638	7639
P166,1	7640	7641
P110,1	7642	7643
P111,1	7644	7645
P138,2	7646	7647
P53,3	7648	7649
P114,1	7650	7651
P139,1	7652	7653
P90,2	7654	7655
P22,2	7656	7657
P23,2	7658	7659
P171,1	7660	7661
P116,2	7662	7663
P29,2	7664	7665
P141,2	7666	7667
P173,1	7668	7669
P75,2	7670	7671
P143,1	7672	7673
P92,1	7674	7675
P176,2	7676	7677
P178,1	7678	7679
P66,2	7680	7681
P180,1	7682	7683
P181,1	7684	7685
P118,1	7686	7687
P144,2	7688	7689
P182,2	7690	7691
P95,1	7692	7693
P119,2	7694	7695
P183,2	7696	7697
P185,2	7698	7699
P67,2	7700	7701
P78,2	7702	7703
P46,2	7704	7705
P96,1	7706	7707
P187,1	7708	7709
P68,2	7710	7711
P80,2	7712	7713
P30,1	7714	7715
P58,2	7716	7717
P97,2	7718	7719
P98,1	7720	7721
P19,2	7722	7723
P123,2	7724	7725
P7,2	7726	7727
P81,1	7728	7729
P150,1	7730	7731
P192,1	7732	7733
P152,1	7734	7735
P193,1	7736	7737
P83,2	7738	7739
P25,1	7740	7741
P127,1	7742	7743
P128,1	7744	7745
P153,1	7746	7747
P194,2	7748	7749
P84,1	7750	7751
P195,2	7752	7753
P102,2	7754	7755
P104,1	7756	7757
P48,2	7758	7759
P61,1	7760	7761
P132,1	7762	7763
P86,2	7764	7765
P131,2	7766	7767
P26,2	7768	7769
P33,2	7770	7771
P200,1	7772	7773
P160,1	7774	7775
P158,3	7776	7777
P162,1	7778	7779
P35,1	7780	7781
P34,2	7782	7783
P107,2	7784	7785
P134,1	7786	7787
P164,1	7788	7789
P165,1	7790	7791
P50,2	7792	7793
P89,1	7794	7795
P63,2	7796	7797
P167,1	7798	7799
P137,1	7800	7801
P15,2	7802	7803
P112,2	7804	7805
P113,2	7806	7807
P114,1	7808	7809
P139,1	7810	7811
P90,2	7812	7813
P22,2	7814	7815
P23,2	7816	7817
P171,1	7818	7819
P28,2	7820	7821
P55,1	7822	7823
P91,2	7824	7825
P173,1	7826	7827
P75,2	7828	7829
P143,1	7830	7831
P92,1	7832	7833
P176,2	7834	7835
P178,1	7836	7837
P66,2	7838	7839
P17,2	7840	7841
P56,2	7842	7843
P94,1	7844	7845
P77,2	7846	7847
P184,1	7848	7849
P44,2	7850	7851
P146,2	7852	7853
P45,1	7854	7855
P43,2	7856	7857
P24,2	7858	7859
P120,1	7860	7861
P13,1	7862	7863
P18,2	7864	7865
P148,1	7866	7867
P188,1	7868	7869
P47,1	7870	7871
P30,2	7872	7873
P149,1	7874	7875
P69,1	7876	7877
P122,2	7878	7879
P189,2	7880	7881
P190,2	7882	7883
P125,1	7884	7885
P124,2	7886	7887
P60,2	7888	7889
P192,2	7890	7891
P126,2	7892	7893
P2,2	7894	7895
P99,1	7896	7897
P151,2	7898	7899
P100,1	7900	7901
P70,2	7902	7903
P154,1	7904	7905
P155,1	7906	7907
P129,2	7908	7909
P101,2	7910	7911
P156,1	7912	7913
P130,1	7914	7915
P85,1	7916	7917
P103,3	7918	7919
P32,2	7920	7921
P157,1	7922	7923
P106,1	7924	7925
P199,1	7926	7927
P49,2	7928	7929
P10,2	7930	7931
P159,2	7932	7932
P161,2	7933	7934
P35,1	7935	7936
P34,2	7937	7938
P107,2	7939	7940
P162,2	7941	7942
P36,2	7943	7944
P108,2	7945	7946
P38,1	7947	7948
P135,2	7949	7950
P109,2	7951	7952
P167,1	7953	7954
P137,1	7955	7956
P15,2	7957	7958
P112,2	7959	7960
P113,2	7961	7962
P114,1	7963	7964
P139,1	7965	7966
P90,2	7967	7968
P22,2	7969	7970
P23,2	7971	7972
P171,1	7973	7974
P28,2	7975	7976
P55,1	7977	7978
P91,2	7979	7980
P173,1	7981	7982
P75,2	7983	7984
P40,2	7985	7986
P92,1	7987	7988
P176,2	7989	7990
P178,1	7991	7992
P66,2	7993	7994
P17,2	7995	7996
P56,2	7997	7998
P94,1	7999	8000
P77,2	8001	8002
P184,1	8003	8004
P44,2	8005	8006
P146,2	8007	8008
P45,1	8009	8010
P43,2	8011	8012
P24,2	8013	8014
P120,1	8015	8016
P13,1	8017	8018
P18,2	8019	8020
P148,1	8021	8022
P188,1	8023	8024
P47,1	8025	8026
P30,2	8027	8028
P97,2	8029	8030
P98,1	8031	8032
P19,2	8033	8034
P123,2	8035	8036
P190,2	8037	8038
P125,1	8039	8040
P124,2	8041	8042
P60,2	8043	8044
P192,2	8045	8046
P126,2	8047	8048
P2,2	8049	8050
P99,1	8051	8052
P151,2	8053	8054
P100,1	8055	8055
P128,1	8056	8057
P153,1	8058	8059
P194,2	8060	8061
P84,1	8062	8063
P195,2	8064	8065
P102,2	8066	8067
P104,1	8068	8069
P48,2	8070	8071
P61,1	8072	8073
P132,1	8074	8075
P86,2	8076	8077
P131,2	8078	8079
P26,2	8080	8081
P33,2	8082	8083
P200,1	8084	8085
P160,1	8086	8087
P161,2	8088	8089
P35,1	8090	8091
P133,2	8092	8093
P4,2	8094	8095
P62,1	8096	8097
P134,1	8098	8099
P164,1	8100	8101
P165,1	8102	8103
P50,2	8104	8105
P89,1	8106	8107
P63,2	8108	8109
P110,1	8110	8111
P111,1	8112	8113
P138,2	8114	8115
P53,3	8116	8117
P11,1	8118	8119
P21,1	8120	8121
P169,2	8122	8123
P64,1	8124	8125
P140,1	8126	8127
P54,2	8128	8129
P115,1	8130	8131
P29,2	8132	8133
P141,2	8134	8135
P116,3	8136	8137
P76,1	8138	8139
P143,1	8140	8141
P65,2	8142	8143
P41,2	8144	8145
P177,1	8146	8147
P66,2	8148	8149
P17,2	8150	8151
P56,2	8152	8153
P94,1	8154	8155
P77,2	8156	8157
P184,1	8158	8159
P44,2	8160	8161
P146,2	8162	8163
P45,1	8164	8165
P43,2	8166	8167
P24,2	8168	8169
P120,1	8170	8171
P13,1	8172	8173
P187,1	8174	8175
P68,2	8176	8177
P80,2	8178	8179
P12,3	8180	8181
P58,2	8182	8183
P69,1	8184	8185
P122,2	8186	8187
P19,3	8188	8189
P149,2	8190	8191
P7,2	8192	8193
P81,1	8194	8195
P150,1	8196	8197
P31,1	8198	8198
P192,2	8199	8200
P126,2	8201	8202
P2,2	8203	8204
P99,1	8205	8206
P151,2	8207	8208
P128,1	8209	8210
P100,2	8211	8212
P154,1	8213	8214
P155,1	8215	8216
P129,2	8217	8218
P101,2	8219	8220
P156,1	8221	8222
P130,1	8223	8224
P85,1	8225	8226
P103,3	8227	8228
P32,2	8229	8230
P157,1	8231	8232
P106,1	8233	8234
P199,1	8235	8236
P49,2	8237	8238
P10,2	8239	8240
P158,3	8241	8242
P88,2	8243	8244
P159,3	8245	8246
P34,2	8247	8248
P107,2	8249	8250
P162,2	8251	8252
P36,2	8253	8254
P108,2	8255	8256
P38,1	8257	8258
P135,2	8259	8260
P109,2	8261	8262
P167,1	8263	8264
P137,1	8265	8266
P15,2	8267	8268
P112,2	8269	8270
P113,2	8271	8272
P114,1	8273	8274
P139,1	8275	8276
P90,2	8277	8278
P22,2	8279	8280
P23,2	8281	8282
P171,1	8283	8284
P28,2	8285	8286
P55,1	8287	8288
P91,2	8289	8290
P173,1	8291	8292
P75,2	8293	8294
P40,2	8295	8296
P92,1	8297	8298
P176,2	8299	8300
P16,2	8301	8302
P180,1	8303	8304
P56,2	8305	8306
P94,1	8307	8308
P77,2	8309	8310
P181,2	8311	8312
P95,1	8313	8314
P119,2	8315	8316
P183,2	8317	8318
P185,2	8319	8320
P67,2	8321	8322
P78,2	8323	8324
P46,2	8325	8325
P18,2	8326	8327
P96,2	8328	8329
P68,2	8330	8331
P80,2	8332	8333
P12,3	8334	8335
P58,2	8336	8337
P69,1	8338	8339
P122,2	8340	8341
P19,3	8342	8343
P149,2	8344	8345
P7,2	8346	8347
P81,1	8348	8349
P150,1	8350	8351
P192,2	8352	8353
P31,2	8354	8355
P193,1	8356	8357
P83,2	8358	8359
P25,1	8360	8361
P127,1	8362	8363
P70,2	8364	8365
P153,1	8366	8367
P194,2	8368	8369
P84,2	8370	8371
P195,2	8372	8373
P102,2	8374	8375
P104,1	8376	8377
P48,2	8378	8379
P61,1	8380	8381
P132,1	8382	8383
P86,2	8384	8385
P131,2	8386	8387
P26,2	8388	8389
P33,2	8390	8391
P200,1	8392	8393
P160,1	8394	8395
P161,2	8396	8397
P35,1	8398	8399
P133,2	8400	8401
P4,2	8402	8403
P62,1	8404	8405
P134,1	8406	8407
P164,1	8408	8409
P165,1	8410	8411
P50,2	8412	8413
P89,1	8414	8415
P63,2	8416	8417
P110,1	8418	8419
P111,1	8420	8421
P138,2	8422	8423
P53,3	8424	8425
P11,1	8426	8427
P139,1	8428	8428
P169,2	8429	8430
P64,1	8431	8431
P140,1	8432	8433
P54,2	8434	8435
P115,1	8436	8437
P29,2	8438	8439
P141,2	8440	8441
P116,3	8442	8443
P76,1	8444	8445
P143,1	8446	8447
P65,2	8448	8449
P41,2	8450	8451
P177,1	8452	8453
P66,2	8454	8455
P17,2	8456	8457
P118,1	8458	8459
P144,2	8460	8461
P182,2	8462	8463
P184,1	8464	8465
P44,2	8466	8467
P146,2	8468	8469
P45,1	8470	8471
P43,2	8472	8473
P24,2	8474	8475
P120,1	8476	8477
P18,2	8478	8479
P96,2	8480	8481
P46,3	8482	8483
P188,1	8484	8485
P47,1	8486	8487
P30,2	8488	8489
P97,2	8490	8491
P98,1	8492	8493
P189,2	8494	8495
P123,2	8496	8497
P190,2	8498	8499
P125,1	8500	8501
P124,2	8502	8503
P60,2	8504	8505
P152,1	8506	8507
P126,2	8508	8509
P2,2	8510	8511
P99,1	8512	8513
P151,2	8514	8515
P128,1	8516	8517
P100,2	8518	8519
P154,1	8520	8521
P155,1	8522	8523
P129,2	8524	8525
P101,2	8526	8527
P156,1	8528	8529
P130,1	8530	8531
P85,1	8532	8533
P103,3	8534	8535
P32,2	8536	8537
P157,1	8538	8539
P106,1	8540	8541
P199,1	8542	8543
P49,2	8544	8545
P10,2	8546	8547
P158,3	8548	8549
P88,2	8550	8551
P159,3	8552	8553
P34,2	8554	8555
P107,2	8556	8557
P162,2	8558	8559
P36,2	8560	8561
P108,2	8562	8563
P50,2	8564	8565
P89,1	8566	8567
P63,2	8568	8569
P110,1	8570	8571
P111,1	8572	8573
P138,2	8574	8575
P53,3	8576	8577
P11,1	8578	8579
P169,2	8580	8581
P22,2	8582	8583
P23,2	8584	8585
P54,2	8586	8587
P171,1	8588	8589
P28,2	8590	8591
P55,1	8592	8593
P91,2	8594	8595
P173,1	8596	8597
P75,2	8598	8599
P40,2	8600	8601
P92,1	8602	8603
P176,2	8604	8605
P16,2	8606	8607
P180,1	8608	8609
P56,2	8610	8611
P94,1	8612	8613
P77,2	8614	8615
P181,2	8616	8617
P95,1	8618	8619
P119,2	8620	8621
P183,2	8622	8623
P185,2	8624	8625
P67,2	8626	8627
P78,2	8628	8629
P18,2	8630	8630
P187,1	8631	8632
P96,2	8633	8634
P46,3	8635	8636
P188,1	8637	8638
P47,1	8639	8640
P30,2	8641	8642
P97,2	8643	8644
P98,1	8645	8646
P189,2	8647	8648
P123,2	8649	8650
P190,2	8651	8652
P125,1	8653	8654
P124,2	8655	8656
P60,2	8657	8658
P152,1	8659	8660
P126,2	8661	8662
P2,2	8663	8664
P99,1	8665	8666
P151,2	8667	8668
P128,1	8669	8670
P100,2	8671	8672
P194,2	8673	8674
P155,1	8675	8676
P129,2	8677	8678
P101,2	8679	8680
P156,1	8681	8682
P130,1	8683	8684
P85,1	8685	8686
P103,3	8687	8688
P32,2	8689	8690
P157,1	8691	8692
P106,1	8693	8694
P199,1	8695	8696
P49,2	8697	8698
P10,2	8699	8700
P158,3	8701	8702
P88,2	8703	8704
P133,2	8705	8706
P34,2	8707	8708
P107,2	8709	8710
P134,1	8711	8712
P164,1	8713	8714
P38,1	8715	8716
P135,2	8717	8718
P109,2	8719	8720
P167,1	8721	8722
P137,1	8723	8724
P15,2	8725	8726
P112,2	8727	8728
P113,2	8729	8730
P21,1	8731	8732
P22,2	8733	8734
P23,2	8735	8736
P54,2	8737	8738
P171,1	8739	8740
P28,2	8741	8742
P55,1	8743	8744
P91,2	8745	8746
P173,1	8747	8748
P75,2	8749	8750
P40,2	8751	8752
P92,1	8753	8754
P176,2	8755	8756
P16,2	8757	8758
P180,1	8759	8760
P56,2	8761	8762
P94,1	8763	8764
P77,2	8765	8765
P182,2	8766	8767
P184,1	8768	8769
P44,2	8770	8771
P146,2	8772	8773
P45,1	8774	8775
P43,2	8776	8777
P24,2	8778	8779
P120,1	8780	8781
P13,2	8782	8783
P148,1	8784	8785
P68,2	8786	8787
P80,2	8788	8789
P30,2	8790	8791
P97,2	8792	8793
P98,1	8794	8795
P189,2	8796	8797
P123,2	8798	8799
P190,2	8800	8801
P125,1	8802	8803
P124,2	8804	8805
P60,2	8806	8807
P152,1	8808	8809
P126,2	8810	8811
P2,2	8812	8813
P99,1	8814	8815
P151,2	8816	8817
P128,1	8818	8819
P100,2	8820	8821
P194,2	8822	8823
P155,1	8824	8825
P129,2	8826	8827
P101,2	8828	8829
P156,1	8830	8831
P130,1	8832	8833
P85,1	8834	8835
P103,3	8836	8837
P32,2	8838	8838
P157,1	8839	8840
P106,1	8841	8842
P199,1	8843	8844
P49,2	8845	8846
P10,2	8847	8848
P158,3	8849	8850
P88,2	8851	8852
P133,2	8853	8854
P34,2	8855	8856
P107,2	8857	8858
P134,1	8859	8860
P164,1	8861	8862
P38,1	8863	8864
P135,2	8865	8866
P63,2	8867	8868
P110,1	8869	8870
P111,1	8871	8872
P138,2	8873	8874
P53,3	8875	8876
P11,1	8877	8878
P169,2	8879	8880
P23,2	8881	8882
P54,2	8883	8884
P171,1	8885	8886
P28,2	8887	8888
P55,1	8889	8890
P91,2	8891	8892
P173,1	8893	8894
P75,2	8895	8896
P40,2	8897	8898
P92,1	8899	8900
P176,2	8901	8902
P16,2	8903	8904
P180,1	8905	8906
P56,2	8907	8908
P94,1	8909	8910
P182,2	8911	8912
P184,1	8913	8914
P44,2	8915	8916
P146,2	8917	8918
P45,1	8919	8920
P43,2	8921	8922
P78,2	8923	8924
P187,1	8925	8926
P13,2	8927	8928
P148,1	8929	8930
P68,2	8931	8932
P80,2	8933	8934
P30,2	8935	8936
P97,2	8937	8938
P98,1	8939	8940
P189,2	8941	8942
P123,2	8943	8944
P190,2	8945	8946
P125,1	8947	8948
P124,2	8949	8950
P60,2	8951	8952
P152,1	8953	8954
P126,2	8955	8956
P2,2	8957	8958
P25,1	8959	8960
P127,1	8961	8962
P128,1	8963	8964
P100,2	8965	8966
P194,2	8967	8968
P155,1	8969	8970
P129,2	8971	8972
P101,2	8973	8974
P156,1	8975	8976
P130,1	8977	8978
P85,1	8979	8980
P103,3	8981	8982
P157,1	8983	8984
P106,1	8985	8986
P86,3	8987	8988
P33,2	8989	8990
P200,1	8991	8992
P160,1	8993	8994
P161,2	8995	8996
P159,3	8997	8998
P35,2	8999	9000
P4,2	9001	9002
P162,2	9003	9004
P134,2	9005	9006
P108,2	9007	9008
P50,2	9009	9010
P109,2	9011	9012
P167,1	9013	9014
P137,1	9015	9016
P15,2	9017	9018
P112,2	9019	9020
P113,2	9021	9022
P21,1	9023	9023
P22,2	9024	9025
P64,2	9026	9027
P139,2	9028	9029
P115,1	9030	9031
P29,2	9032	9033
P141,2	9034	9034
P91,2	9035	9036
P173,1	9037	9038
P143,1	9039	9040
P40,2	9041	9042
P92,1	9043	9044
P176,2	9045	9046
P16,2	9047	9048
P180,1	9049	9050
P56,2	9051	9052
P144,2	9053	9054
P181,2	9055	9056
P95,1	9057	9058
P119,2	9059	9060
P183,2	9061	9062
P185,2	9063	9064
P67,2	9065	9066
P120,1	9067	9068
P24,3	9069	9070
P96,2	9071	9072
P46,3	9073	9074
P80,2	9075	9076
P30,2	9077	9078
P97,2	9079	9080
P98,1	9081	9082
P189,2	9083	9084
P123,2	9085	9086
P190,2	9087	9088
P125,1	9089	9090
P124,2	9091	9092
P192,2	9093	9094
P31,2	9095	9096
P193,1	9097	9098
P83,2	9099	9100
P151,2	9101	9102
P99,2	9103	9104
P70,2	9105	9106
P154,1	9107	9108
P84,2	9109	9110
P195,2	9111	9112
P102,2	9113	9114
P104,1	9115	9116
P48,2	9117	9118
P103,3	9119	9120
P157,1	9121	9122
P61,2	9123	9124
P26,2	9125	9126
P199,1	9127	9128
P49,2	9129	9130
P10,2	9131	9131
P160,1	9132	9133
P161,2	9134	9135
P159,3	9136	9137
P35,2	9138	9139
P4,2	9140	9141
P162,2	9142	9143
P134,2	9144	9145
P108,2	9146	9147
P50,2	9148	9149
P109,2	9150	9151
P167,1	9152	9153
P137,1	9154	9155
P15,2	9156	9156
P112,2	9157	9158
P113,2	9159	9160
P22,2	9161	9162
P21,2	9163	9164
P54,2	9165	9166
P171,1	9167	9168
P28,2	9169	9170
P55,1	9171	9172
P116,3	9173	9174
P173,1	9175	9176
P143,1	9177	9178
P40,2	9179	9180
P92,1	9181	9182
P176,2	9183	9184
P16,2	9185	9186
P180,1	9187	9188
P118,1	9189	9190
P182,2	9191	9192
P184,1	9193	9194
P119,2	9195	9196
P183,2	9197	9198
P185,2	9199	9200
P67,2	9201	9202
P120,1	9203	9204
P24,3	9205	9206
P96,2	9207	9208
P46,3	9209	9210
P80,2	9211	9212
P30,2	9213	9214
P97,2	9215	9216
P98,1	9217	9218
P189,2	9219	9220
P123,2	9221	9222
P190,2	9223	9224
P125,1	9225	9226
P124,2	9227	9228
P192,2	9229	9230
P31,2	9231	9232
P193,1	9233	9234
P83,2	9235	9236
P151,2	9237	9238
P99,2	9239	9240
P70,2	9241	9242
P154,1	9243	9244
P84,2	9245	9246
P129,2	9247	9248
P101,2	9249	9250
P156,1	9251	9252
P130,1	9253	9254
P85,1	9255	9256
P132,1	9257	9258
P131,2	9259	9260
P106,1	9261	9262
P86,3	9263	9264
P33,2	9265	9266
P200,1	9267	9268
P158,3	9269	9270
P88,2	9271	9272
P133,2	9273	9274
P34,2	9275	9276
P107,2	9277	9278
P36,2	9279	9280
P164,1	9281	9282
P50,2	9283	9284
P38,2	9285	9286
P63,2	9287	9288
P137,1	9289	9290
P138,2	9291	9292
P53,3	9293	9294
P113,2	9295	9296
P22,2	9297	9298
P21,2	9299	9300
P54,2	9301	9302
P171,1	9303	9304
P28,2	9305	9306
P91,2	9307	9308
P141,3	9309	9310
P75,2	9311	9312
P76,2	9313	9314
P40,2	9315	9316
P92,1	9317	9318
P176,2	9319	9320
P16,2	9321	9322
P180,1	9323	9324
P118,1	9325	9326
P182,2	9327	9328
P184,1	9329	9330
P44,2	9331	9332
P146,2	9333	9334
P45,1	9335	9336
P43,2	9337	9338
P78,2	9339	9340
P187,1	9341	9342
P13,2	9343	9344
P148,1	9345	9346
P188,1	9347	9348
P12,3	9349	9350
P58,2	9351	9352
P69,1	9353	9354
P122,2	9355	9356
P19,3	9357	9358
P149,2	9359	9360
P7,2	9361	9362
P81,1	9363	9364
P60,2	9365	9366
P152,1	9367	9368
P126,2	9369	9370
P2,2	9371	9372
P25,1	9373	9374
P127,1	9375	9376
P128,1	9377	9377
P70,2	9378	9378
P154,1	9379	9380
P84,2	9381	9382
P129,2	9383	9384
P101,2	9385	9386
P156,1	9387	9388
P48,2	9389	9390
P103,3	9391	9392
P157,1	9393	9394
P61,2	9395	9396
P26,2	9397	9398
P199,1	9399	9400
P49,2	9401	9402
P200,2	9403	9404
P161,2	9405	9405
P88,2	9406	9407
P133,2	9408	9409
P34,2	9410	9411
P107,2	9412	9413
P36,2	9414	9415
P164,1	9416	9416
P50,2	9417	9418
P38,2	9419	9420
P63,2	9421	9422
P137,1	9423	9424
P138,2	9425	9426
P53,3	9427	9428
P113,2	9429	9430
P22,2	9431	9432
P21,2	9433	9434
P54,2	9435	9436
P171,1	9437	9438
P28,2	9439	9440
P91,2	9441	9442
P141,3	9443	9444
P75,2	9445	9446
P76,2	9447	9448
P40,2	9449	9450
P92,1	9451	9452
P176,2	9453	9454
P16,2	9455	9456
P180,1	9457	9458
P118,1	9459	9460
P182,2	9461	9462
P184,1	9463	9464
P44,2	9465	9466
P146,2	9467	9468
P45,1	9469	9470
P43,2	9471	9472
P78,2	9473	9474
P187,1	9475	9476
P13,2	9477	9478
P148,1	9479	9480
P188,1	9481	9482
P12,3	9483	9484
P58,2	9485	9486
P98,1	9487	9488
P189,2	9489	9490
P69,2	9491	9492
P149,2	9493	9494
P7,2	9495	9496
P81,1	9497	9498
P60,2	9499	9500
P152,1	9501	9502
P126,2	9503	9504
P2,2	9505	9506
P25,1	9507	9508
P127,1	9509	9510
P100,2	9511	9512
P153,2	9513	9514
P194,3	9515	9516
P195,2	9517	9518
P102,2	9519	9520
P48,2	9521	9522
P103,3	9523	9524
P131,2	9525	9525
P130,2	9526	9527
P106,1	9528	9529
P86,3	9530	9531
P33,2	9532	9533
P160,1	9534	9535
P158,3	9536	9537
P159,3	9538	9539
P35,2	9540	9541
P34,2	9542	9543
P107,2	9544	9545
P36,2	9546	9547
P108,2	9548	9549
P135,2	9550	9550
P109,2	9551	9552
P110,1	9553	9554
P111,1	9555	9556
P112,2	9557	9558
P15,3	9559	9560
P169,2	9561	9562
P23,2	9563	9563
P21,2	9564	9565
P54,2	9566	9567
P171,1	9568	9569
P28,2	9570	9571
P91,2	9572	9573
P141,3	9574	9575
P75,2	9576	9577
P76,2	9578	9579
P40,2	9580	9581
P92,1	9582	9583
P177,1	9584	9585
P16,2	9586	9587
P180,1	9588	9589
P144,2	9590	9591
P181,2	9592	9593
P95,2	9594	9595
P44,2	9596	9597
P146,2	9598	9599
P45,1	9600	9601
P43,2	9602	9603
P78,2	9604	9605
P187,1	9606	9607
P13,2	9608	9609
P148,1	9610	9611
P188,1	9612	9613
P12,3	9614	9615
P58,2	9616	9617
P98,1	9618	9619
P189,2	9620	9621
P69,2	9622	9623
P149,2	9624	9625
P7,2	9626	9627
P81,1	9628	9628
P60,2	9629	9630
P152,1	9631	9632
P126,2	9633	9634
P2,2	9635	9636
P151,2	9637	9638
P99,2	9639	9640
P100,2	9641	9642
P153,2	9643	9644
P194,3	9645	9646
P195,2	9647	9648
P102,2	9649	9650
P48,2	9651	9652
P103,3	9653	9654
P131,3	9655	9656
P61,2	9657	9658
P106,1	9659	9660
P86,3	9661	9662
P33,2	9663	9664
P160,1	9665	9666
P88,2	9667	9668
P133,2	9669	9670
P161,3	9671	9672
P4,2	9673	9674
P162,2	9675	9676
P134,2	9677	9678
P50,2	9679	9680
P109,2	9681	9682
P110,1	9683	9683
P111,1	9684	9684
P138,2	9685	9686
P53,3	9687	9688
P113,2	9689	9690
P169,3	9691	9692
P64,2	9693	9694
P139,2	9695	9696
P115,2	9697	9698
P29,2	9699	9700
P116,3	9701	9702
P173,1	9703	9704
P143,1	9705	9706
P55,2	9707	9708
P92,1	9709	9710
P177,1	9711	9712
P16,2	9713	9714
P180,1	9715	9716
P144,2	9717	9718
P181,2	9719	9720
P95,2	9721	9722
P44,2	9723	9724
P146,2	9725	9726
P185,2	9727	9728
P67,2	9729	9730
P120,1	9731	9732
P13,2	9733	9734
P148,1	9735	9736
P188,1	9737	9738
P30,2	9739	9740
P97,2	9741	9742
P122,2	9743	9744
P19,3	9745	9746
P123,2	9747	9748
P190,2	9749	9750
P125,1	9751	9751
P124,2	9752	9753
P192,2	9754	9755
P81,2	9756	9757
P126,2	9758	9759
P2,2	9760	9761
P99,2	9762	9763
P100,2	9764	9765
P153,2	9766	9767
P25,2	9768	9769
P194,3	9770	9771
P195,2	9772	9773
P102,2	9774	9775
P48,2	9776	9777
P103,3	9778	9779
P131,3	9780	9781
P61,2	9782	9783
P106,1	9784	9785
P86,3	9786	9787
P33,2	9788	9789
P160,1	9790	9791
P88,2	9792	9793
P133,2	9794	9795
P161,3	9796	9797
P4,2	9798	9799
P162,2	9800	9801
P134,2	9802	9803
P50,2	9804	9805
P109,2	9806	9807
P137,1	9808	9809
P112,2	9810	9811
P15,3	9812	9813
P22,2	9814	9815
P169,3	9816	9817
P64,2	9818	9819
P139,2	9820	9821
P115,2	9822	9823
P29,2	9824	9825
P116,3	9826	9827
P173,1	9828	9829
P76,2	9830	9831
P55,2	9832	9833
P92,1	9834	9835
P41,3	9836	9837
P40,3	9838	9839
P180,1	9840	9841
P144,2	9842	9843
P182,2	9844	9845
P184,1	9846	9847
P118,2	9848	9849
P119,2	9850	9851
P183,2	9852	9853
P43,2	9854	9855
P78,2	9856	9857
P24,3	9858	9859
P96,2	9860	9861
P46,3	9862	9863
P80,2	9864	9865
P58,2	9866	9867
P98,1	9868	9869
P189,2	9870	9871
P69,2	9872	9873
P149,2	9874	9875
P7,2	9876	9877
P60,2	9878	9879
P152,1	9880	9881
P81,2	9882	9883
P126,2	9884	9885
P151,2	9886	9887
P83,3	9888	9889
P154,1	9890	9891
P84,2	9892	9893
P127,2	9894	9895
P129,2	9896	9897
P101,2	9898	9899
P48,2	9900	9901
P103,3	9902	9903
P131,3	9904	9905
P61,2	9906	9907
P106,1	9908	9909
P86,3	9910	9911
P33,2	9912	9912
P49,2	9913	9914
P200,2	9915	9916
P159,3	9917	9918
P35,2	9919	9920
P34,2	9921	9922
P107,2	9923	9924
P36,2	9925	9926
P108,2	9927	9928
P38,2	9929	9930
P63,2	9931	9932
P138,2	9933	9933
P53,3	9934	9935
P113,2	9936	9937
P111,2	9938	9939
P21,2	9940	9941
P54,2	9942	9943
P171,1	9944	9944
P115,2	9945	9946
P29,2	9947	9947
P116,3	9948	9949
P173,1	9950	9951
P76,2	9952	9953
P55,2	9954	9955
P92,1	9956	9957
P41,3	9958	9959
P40,3	9960	9961
P180,1	9962	9963
P144,2	9964	9965
P182,2	9966	9967
P184,1	9968	9969
P118,2	9970	9971
P119,2	9972	9973
P183,2	9974	9975
P43,2	9976	9977
P120,1	9978	9979
P13,2	9980	9981
P96,2	9982	9983
P46,3	9984	9985
P80,2	9986	9987
P58,2	9988	9989
P98,1	9990	9991
P189,2	9992	9993
P69,2	9994	9995
P149,2	9996	9997
P7,2	9998	9999
P60,2	10000	10001
P152,1	10002	10003
P81,2	10004	10005
P126,2	10006	10007
P151,2	10008	10009
P83,3	10010	10011
P154,1	10012	10013
P84,2	10014	10015
P127,2	10016	10017
P129,2	10018	10019
P101,2	10020	10021
P48,2	10022	10023
P103,3	10024	10025
P85,2	10026	10027
P130,2	10028	10029
P132,2	10030	10031
P26,2	10032	10033
P199,1	10034	10035
P160,1	10036	10036
P88,2	10037	10038
P133,2	10039	10040
P35,2	10041	10042
P34,2	10043	10044
P107,2	10045	10046
P36,2	10047	10048
P108,2	10049	10050
P38,2	10051	10052
P63,2	10053	10053
P137,2	10054	10055
P53,3	10056	10057
P113,2	10058	10059
P111,2	10060	10061
P21,2	10062	10063
P54,2	10064	10065
P115,2	10066	10067
P91,2	10068	10069
P29,3	10070	10071
P141,3	10072	10073
P75,2	10074	10075
P143,2	10076	10077
P65,2	10078	10079
P176,2	10080	10081
P16,2	10082	10083
P66,2	10084	10085
P17,2	10086	10087
P177,2	10088	10089
P181,2	10090	10091
P95,2	10092	10093
P44,2	10094	10095
P146,2	10096	10097
P185,2	10098	10099
P78,2	10100	10101
P24,3	10102	10103
P67,3	10104	10105
P148,1	10106	10107
P188,1	10108	10109
P30,2	10110	10111
P97,2	10112	10113
P122,2	10114	10115
P19,3	10116	10117
P123,2	10118	10119
P190,2	10120	10121
P124,2	10122	10123
P192,2	10124	10125
P125,2	10126	10127
P31,2	10128	10129
P2,2	10130	10131
P99,2	10132	10133
P100,2	10134	10135
P153,2	10136	10137
P25,2	10138	10139
P194,3	10140	10141
P195,2	10142	10143
P102,2	10144	10145
P156,2	10146	10147
P157,1	10148	10149
P131,3	10150	10151
P61,2	10152	10153
P26,2	10154	10155
P199,1	10156	10157
P200,2	10158	10159
P106,2	10160	10161
P133,2	10162	10163
P35,2	10164	10165
P34,2	10166	10167
P107,2	10168	10169
P36,2	10170	10171
P108,2	10172	10173
P38,2	10174	10175
P137,2	10176	10177
P53,3	10178	10179
P113,2	10180	10181
P111,2	10182	10183
P21,2	10184	10185
P54,2	10186	10187
P115,2	10188	10189
P91,2	10190	10191
P29,3	10192	10193
P141,3	10194	10195
P75,2	10196	10197
P143,2	10198	10199
P65,2	10200	10201
P176,2	10202	10203
P16,2	10204	10205
P66,2	10206	10207
P17,2	10208	10209
P182,2	10210	10211
P181,2	10212	10213
P95,2	10214	10215
P44,2	10216	10217
P183,2	10218	10219
P43,2	10220	10221
P120,1	10222	10223
P13,2	10224	10225
P96,2	10226	10227
P46,3	10228	10229
P80,2	10230	10231
P58,2	10232	10233
P98,1	10234	10235
P189,2	10236	10237
P69,2	10238	10239
P149,2	10240	10241
P7,2	10242	10243
P60,2	10244	10245
P152,1	10246	10247
P81,2	10248	10249
P126,2	10250	10251
P151,2	10252	10253
P83,3	10254	10255
P153,2	10256	10257
P154,2	10258	10259
P127,2	10260	10261
P129,2	10262	10263
P101,2	10264	10265
P48,2	10266	10267
P103,3	10268	10269
P85,2	10270	10271
P130,2	10272	10273
P132,2	10274	10275
P86,3	10276	10277
P49,2	10278	10279
P88,2	10280	10281
P159,3	10282	10283
P33,3	10284	10285
P161,3	10286	10287
P4,2	10288	10289
P162,2	10290	10291
P134,2	10292	10293
P50,2	10294	10295
P109,2	10296	10297
P112,2	10298	10299
P15,3	10300	10301
P22,2	10302	10303
P169,3	10304	10305
P64,2	10306	10307
P139,2	10308	10309
P28,2	10310	10311
P171,2	10312	10313
P116,3	10314	10315
P173,1	10316	10317
P76,2	10318	10319
P55,2	10320	10321
P176,2	10322	10323
P16,2	10324	10325
P66,2	10326	10327
P92,2	10328	10329
P177,2	10330	10331
P144,3	10332	10333
P184,1	10334	10335
P118,2	10336	10337
P146,2	10338	10339
P185,2	10340	10341
P78,2	10342	10343
P24,3	10344	10345
P67,3	10346	10347
P148,1	10348	10349
P80,2	10350	10351
P58,2	10352	10353
P98,1	10354	10355
P122,2	10356	10357
P19,3	10358	10359
P123,2	10360	10361
P190,2	10362	10363
P124,2	10364	10365
P192,2	10366	10367
P125,2	10368	10369
P31,2	10370	10371
P2,2	10372	10373
P99,2	10374	10375
P100,2	10376	10377
P84,2	10378	10379
P25,2	10380	10381
P194,3	10382	10383
P195,2	10384	10385
P102,2	10386	10387
P156,2	10388	10389
P157,1	10390	10390
P131,3	10391	10392
P61,2	10393	10394
P26,2	10395	10396
P199,1	10397	10398
P200,2	10399	10400
P106,2	10401	10402
P133,2	10403	10404
P35,2	10405	10406
P34,2	10407	10408
P107,2	10409	10410
P36,2	10411	10412
P108,2	10413	10414
P38,2	10415	10416
P137,2	10417	10418
P53,3	10419	10420
P113,2	10421	10422
P111,2	10423	10424
P21,2	10425	10426
P54,2	10427	10428
P115,2	10429	10430
P91,2	10431	10432
P29,3	10433	10434
P141,3	10435	10436
P75,2	10437	10438
P143,2	10439	10440
P65,2	10441	10442
P41,3	10443	10444
P40,3	10445	10446
P180,1	10447	10448
P17,2	10449	10450
P182,2	10451	10452
P181,2	10453	10454
P95,2	10455	10456
P44,2	10457	10458
P185,2	10459	10460
P78,2	10461	10462
P13,2	10463	10464
P67,3	10465	10466
P148,1	10467	10468
P80,2	10469	10470
P58,2	10471	10472
P188,2	10473	10474
P189,2	10475	10476
P19,3	10477	10478
P123,2	10479	10480
P190,2	10481	10482
P124,2	10483	10484
P192,2	10485	10486
P125,2	10487	10488
P31,2	10489	10490
P2,2	10491	10492
P99,2	10493	10494
P100,2	10495	10496
P84,2	10497	10498
P25,2	10499	10500
P194,3	10501	10502
P195,2	10503	10504
P48,2	10505	10506
P103,3	10507	10508
P131,3	10509	10510
P61,2	10511	10512
P26,2	10513	10514
P49,2	10515	10516
P88,2	10517	10518
P159,3	10519	10520
P33,3	10521	10522
P161,3	10523	10524
P4,2	10525	10526
P162,2	10527	10528
P134,2	10529	10530
P50,2	10531	10532
P109,2	10533	10534
P112,2	10535	10536
P15,3	10537	10538
P22,2	10539	10540
P169,3	10541	10542
P64,2	10543	10544
P139,2	10545	10546
P91,2	10547	10548
P29,3	10549	10550
P141,3	10551	10552
P28,3	10553	10554
P76,2	10555	10556
P55,2	10557	10558
P176,2	10559	10560
P16,2	10561	10562
P66,2	10563	10564
P17,2	10565	10566
P182,2	10567	10568
P181,2	10569	10570
P95,2	10571	10572
P44,2	10573	10574
P185,2	10575	10576
P78,2	10577	10578
P13,2	10579	10580
P67,3	10581	10582
P148,1	10583	10583
P80,2	10584	10585
P58,2	10586	10587
P188,2	10588	10589
P189,2	10590	10591
P19,3	10592	10593
P123,2	10594	10595
P190,2	10596	10597
P124,2	10598	10599
P192,2	10600	10601
P81,2	10602	10603
P126,2	10604	10605
P152,2	10606	10607
P99,2	10608	10609
P100,2	10610	10611
P84,2	10612	10613
P25,2	10614	10615
P194,3	10616	10617
P195,2	10618	10618
P102,2	10619	10620
P156,2	10621	10622
P85,2	10623	10624
P130,2	10625	10626
P132,2	10627	10628
P86,3	10629	10630
P200,2	10631	10632
P106,2	10633	10634
P133,2	10635	10636
P35,2	10637	10638
P34,2	10639	10640
P107,2	10641	10642
P36,2	10643	10644
P108,2	10645	10646
P38,2	10647	10648
P137,2	10649	10650
P53,3	10651	10652
P113,2	10653	10654
P111,2	10655	10656
P21,2	10657	10658
P54,2	10659	10660
P115,2	10661	10662
P171,2	10663	10664
P116,3	10665	10666
P28,3	10667	10668
P76,2	10669	10670
P173,2	10671	10672
P65,2	10673	10674
P41,3	10675	10676
P40,3	10677	10678
P92,2	10679	10680
P177,2	10681	10682
P144,3	10683	10684
P184,1	10685	10685
P118,2	10686	10687
P146,2	10688	10689
P43,2	10690	10691
P24,3	10692	10693
P120,2	10694	10695
P96,2	10696	10697
P80,2	10698	10699
P58,2	10700	10701
P188,2	10702	10703
P189,2	10704	10704
P98,2	10705	10706
P69,2	10707	10708
P149,2	10709	10710
P124,2	10711	10711
P60,2	10712	10713
P125,2	10714	10715
P31,2	10716	10717
P2,2	10718	10719
P151,2	10720	10721
P83,3	10722	10723
P153,2	10724	10725
P154,2	10726	10727
P127,2	10728	10729
P129,2	10730	10731
P48,2	10732	10733
P156,2	10734	10735
P85,2	10736	10737
P130,2	10738	10739
P132,2	10740	10741
P86,3	10742	10743
P88,2	10744	10745
P159,3	10746	10747
P133,2	10748	10749
P35,2	10750	10751
P34,2	10752	10753
P107,2	10754	10755
P36,2	10756	10757
P108,2	10758	10759
P38,2	10760	10761
P137,2	10762	10763
P53,3	10764	10765
P113,2	10766	10767
P111,2	10768	10769
P21,2	10770	10771
P54,2	10772	10773
P115,2	10774	10775
P171,2	10776	10777
P116,3	10778	10779
P28,3	10780	10781
P76,2	10782	10783
P173,2	10784	10785
P65,2	10786	10787
P41,3	10788	10789
P40,3	10790	10791
P92,2	10792	10793
P177,2	10794	10795
P144,3	10796	10797
P95,2	10798	10799
P44,2	10800	10801
P185,2	10802	10803
P78,2	10804	10805
P24,3	10806	10807
P120,2	10808	10809
P96,2	10810	10811
P80,2	10812	10813
P58,2	10814	10815
P188,2	10816	10817
P189,3	10818	10819
P19,3	10820	10821
P123,2	10822	10823
P7,2	10824	10825
P192,2	10826	10827
P81,2	10828	10829
P126,2	10830	10831
P152,2	10832	10833
P99,2	10834	10835
P100,2	10836	10837
P84,2	10838	10838
P25,2	10839	10840
P194,3	10841	10842
P102,2	10843	10844
P195,3	10845	10846
P103,3	10847	10848
P131,3	10849	10850
P61,2	10851	10852
P26,2	10853	10854
P200,2	10855	10856
P106,2	10857	10858
P49,3	10859	10860
P33,3	10861	10862
P161,3	10863	10864
P4,2	10865	10866
P162,2	10867	10868
P134,2	10869	10870
P50,2	10871	10872
P109,2	10873	10874
P112,2	10875	10876
P15,3	10877	10878
P111,2	10879	10880
P21,2	10881	10882
P54,2	10883	10884
P115,2	10885	10886
P171,2	10887	10888
P116,3	10889	10890
P28,3	10891	10892
P76,2	10893	10894
P173,2	10895	10896
P65,2	10897	10898
P41,3	10899	10900
P40,3	10901	10902
P92,2	10903	10904
P177,2	10905	10906
P144,3	10907	10908
P95,2	10909	10910
P44,2	10911	10912
P185,2	10913	10914
P78,2	10915	10916
P24,3	10917	10918
P120,2	10919	10920
P96,2	10921	10922
P80,2	10923	10924
P58,2	10925	10926
P188,2	10927	10928
P189,3	10929	10930
P19,3	10931	10932
P123,2	10933	10934
P7,2	10935	10935
P192,2	10936	10937
P81,2	10938	10939
P126,2	10940	10941
P152,2	10942	10943
P99,2	10944	10945
P100,2	10946	10947
P154,2	10948	10949
P127,2	10950	10951
P129,2	10952	10953
P48,2	10954	10955
P156,2	10956	10957
P131,3	10958	10959
P61,2	10960	10961
P26,2	10962	10963
P88,2	10964	10965
P159,3	10966	10967
P133,2	10968	10969
P35,2	10970	10971
P34,2	10972	10973
P107,2	10974	10975
P36,2	10976	10977
P108,2	10978	10979
P38,2	10980	10981
P137,2	10982	10983
P53,3	10984	10985
P113,2	10986	10987
P169,3	10988	10989
P64,2	10990	10991
P139,2	10992	10993
P91,2	10994	10995
P29,3	10996	10997
P141,3	10998	10999
P75,2	11000	11001
P143,2	11002	11003
P55,2	11004	11005
P176,2	11006	11007
P16,2	11008	11009
P66,2	11010	11011
P17,2	11012	11013
P144,3	11014	11015
P95,2	11016	11017
P44,2	11018	11019
P185,2	11020	11021
P78,2	11022	11023
P24,3	11024	11025
P120,2	11026	11027
P96,2	11028	11029
P80,2	11030	11031
P58,2	11032	11033
P188,2	11034	11035
P189,3	11036	11037
P19,3	11038	11039
P123,2	11040	11041
P60,2	11042	11043
P125,2	11044	11045
P31,2	11046	11047
P2,2	11048	11049
P151,2	11050	11051
P83,3	11052	11053
P153,2	11054	11055
P25,2	11056	11057
P194,3	11058	11059
P48,2	11060	11061
P156,2	11062	11063
P131,3	11064	11065
P61,2	11066	11067
P26,2	11068	11069
P88,2	11070	11071
P159,3	11072	11073
P133,2	11074	11075
P35,2	11076	11077
P34,2	11078	11079
P107,2	11080	11081
P36,2	11082	11083
P108,2	11084	11085
P38,2	11086	11087
P137,2	11088	11089
P53,3	11090	11091
P113,2	11092	11093
P169,3	11094	11095
P64,2	11096	11097
P139,2	11098	11099
P91,2	11100	11100
P171,2	11101	11102
P116,3	11103	11104
P28,3	11105	11106
P76,2	11107	11108
P173,2	11109	11110
P65,2	11111	11112
P41,3	11113	11114
P40,3	11115	11116
P92,2	11117	11118
P177,2	11119	11120
P181,2	11121	11122
P118,2	11123	11124
P146,2	11125	11126
P43,2	11127	11128
P184,2	11129	11130
P13,2	11131	11132
P67,3	11133	11134
P46,3	11135	11136
P30,2	11137	11138
P97,2	11139	11140
P122,2	11141	11142
P98,2	11143	11144
P69,2	11145	11146
P149,2	11147	11148
P192,2	11149	11150
P81,2	11151	11152
P126,2	11153	11154
P152,2	11155	11156
P99,2	11157	11158
P100,2	11159	11160
P154,2	11161	11162
P127,2	11163	11164
P102,2	11165	11166
P195,3	11167	11168
P85,2	11169	11170
P130,2	11171	11172
P132,2	11173	11174
P200,2	11175	11176
P106,2	11177	11178
P49,3	11179	11180
P33,3	11181	11182
P161,3	11183	11184
P4,2	11185	11186
P162,2	11187	11188
P134,2	11189	11190
P50,2	11191	11192
P109,2	11193	11194
P112,2	11195	11196
P15,3	11197	11198
P111,2	11199	11200
P21,2	11201	11201
P139,2	11202	11202
P115,2	11203	11204
P171,2	11205	11206
P116,3	11207	11208
P28,3	11209	11210
P76,2	11211	11212
P173,2	11213	11214
P65,2	11215	11216
P41,3	11217	11218
P40,3	11219	11220
P92,2	11221	11222
P177,2	11223	11224
P181,2	11225	11226
P118,2	11227	11228
P146,2	11229	11230
P43,2	11231	11232
P184,2	11233	11234
P13,2	11235	11236
P67,3	11237	11238
P46,3	11239	11240
P30,2	11241	11242
P188,2	11243	11244
P122,2	11245	11246
P98,2	11247	11248
P69,2	11249	11250
P60,2	11251	11252
P125,2	11253	11254
P31,2	11255	11256
P2,2	11257	11258
P151,2	11259	11260
P83,3	11261	11262
P153,2	11263	11264
P25,2	11265	11266
P194,3	11267	11268
P48,2	11269	11270
P156,2	11271	11272
P131,3	11273	11274
P61,2	11275	11276
P26,2	11277	11278
P88,2	11279	11280
P159,3	11281	11282
P133,2	11283	11284
P35,2	11285	11286
P34,2	11287	11288
P107,2	11289	11290
P36,2	11291	11292
P108,2	11293	11294
P38,2	11295	11295
P109,2	11296	11297
P112,2	11298	11299
P15,3	11300	11301
P111,2	11302	11303
P64,2	11304	11305
P91,3	11306	11307
P29,3	11308	11309
P141,3	11310	11311
P28,3	11312	11313
P76,2	11314	11315
P173,2	11316	11317
P65,2	11318	11319
P41,3	11320	11321
P66,2	11322	11323
P17,2	11324	11325
P144,3	11326	11327
P95,2	11328	11329
P44,2	11330	11331
P185,2	11332	11333
P78,2	11334	11335
P24,3	11336	11337
P120,2	11338	11339
P96,2	11340	11341
P80,2	11342	11342
P97,2	11343	11344
P58,3	11345	11346
P189,3	11347	11348
P19,3	11349	11350
P149,2	11351	11352
P123,3	11353	11354
P125,2	11355	11356
P31,2	11357	11358
P2,2	11359	11360
P151,2	11361	11362
P83,3	11363	11364
P153,2	11365	11366
P25,2	11367	11368
P194,3	11369	11370
P48,2	11371	11372
P156,2	11373	11374
P131,3	11375	11376
P61,2	11377	11378
P26,2	11379	11380
P88,2	11381	11382
P159,3	11383	11384
P133,2	11385	11386
P35,2	11387	11388
P34,2	11389	11390
P107,2	11391	11392
P36,2	11393	11394
P108,2	11395	11396
P109,2	11397	11398
P112,2	11399	11400
P15,3	11401	11402
P38,3	11403	11404
P169,3	11405	11406
P115,2	11407	11408
P171,2	11409	11410
P116,3	11411	11412
P139,3	11413	11414
P76,2	11415	11416
P75,3	11417	11418
P55,2	11419	11420
P176,2	11421	11422
P40,3	11423	11424
P92,2	11425	11426
P177,2	11427	11428
P181,2	11429	11430
P118,2	11431	11432
P146,2	11433	11434
P43,2	11435	11436
P184,2	11437	11438
P13,2	11439	11440
P67,3	11441	11442
P46,3	11443	11444
P97,2	11445	11446
P58,3	11447	11448
P189,3	11449	11450
P98,2	11451	11452
P69,2	11453	11454
P60,2	11455	11456
P192,2	11457	11458
P81,2	11459	11460
P126,2	11461	11462
P152,2	11463	11464
P99,2	11465	11466
P100,2	11467	11468
P154,2	11469	11470
P127,2	11471	11472
P48,2	11473	11474
P156,2	11475	11476
P131,3	11477	11478
P61,2	11479	11480
P26,2	11481	11482
P88,2	11483	11484
P159,3	11485	11486
P133,2	11487	11488
P35,2	11489	11490
P34,2	11491	11491
P4,2	11492	11493
P162,2	11494	11495
P134,2	11496	11497
P50,2	11498	11499
P137,2	11500	11501
P53,3	11502	11503
P113,2	11504	11505
P111,2	11506	11507
P64,2	11508	11509
P91,3	11510	11511
P29,3	11512	11513
P141,3	11514	11515
P28,3	11516	11517
P143,2	11518	11519
P173,2	11520	11521
P65,2	11522	11523
P41,3	11524	11525
P66,2	11526	11527
P17,2	11528	11529
P144,3	11530	11531
P95,2	11532	11533
P44,2	11534	11535
P185,2	11536	11537
P78,2	11538	11539
P24,3	11540	11541
P120,2	11542	11543
P96,2	11544	11545
P30,2	11546	11547
P188,2	11548	11549
P122,2	11550	11551
P80,3	11552	11553
P19,3	11554	11555
P149,2	11556	11557
P123,3	11558	11559
P125,2	11560	11561
P31,2	11562	11563
P2,2	11564	11565
P151,2	11566	11567
P83,3	11568	11569
P153,2	11570	11571
P25,2	11572	11573
P48,2	11574	11575
P156,2	11576	11577
P131,3	11578	11579
P61,2	11580	11581
P132,2	11582	11583
P200,2	11584	11585
P106,2	11586	11587
P49,3	11588	11589
P33,3	11590	11591
P161,3	11592	11593
P4,2	11594	11595
P162,2	11596	11597
P134,2	11598	11599
P50,2	11600	11601
P137,2	11602	11603
P53,3	11604	11605
P113,2	11606	11607
P111,2	11608	11609
P115,2	11610	11611
P171,2	11612	11613
P116,3	11614	11615
P28,3	11616	11617
P143,2	11618	11619
P173,2	11620	11621
P65,2	11622	11623
P41,3	11624	11625
P66,2	11626	11627
P17,2	11628	11629
P144,3	11630	11631
P95,2	11632	11633
P44,2	11634	11635
P185,2	11636	11637
P78,2	11638	11639
P13,2	11640	11641
P67,3	11642	11643
P46,3	11644	11645
P97,2	11646	11647
P58,3	11648	11649
P189,3	11650	11651
P98,2	11652	11653
P69,2	11654	11655
P60,2	11656	11657
P192,2	11658	11659
P81,2	11660	11661
P126,2	11662	11663
P152,2	11664	11665
P99,2	11666	11667
P100,2	11668	11669
P154,2	11670	11671
P127,2	11672	11673
P195,3	11674	11675
P85,2	11676	11677
P130,2	11678	11679
P102,3	11680	11681
P26,2	11682	11683
P88,2	11684	11685
P159,3	11686	11687
P133,2	11688	11689
P35,2	11690	11691
P34,3	11692	11693
P107,2	11694	11695
P36,2	11696	11697
P108,2	11698	11699
P137,2	11700	11701
P53,3	11702	11703
P113,2	11704	11705
P50,3	11706	11707
P64,2	11708	11709
P91,3	11710	11711
P29,3	11712	11712
P139,3	11713	11714
P76,2	11715	11716
P75,3	11717	11718
P55,2	11719	11720
P176,2	11721	11722
P40,3	11723	11724
P92,2	11725	11726
P177,2	11727	11728
P181,2	11729	11730
P118,2	11731	11732
P146,2	11733	11734
P43,2	11735	11736
P184,2	11737	11738
P120,2	11739	11740
P96,2	11741	11742
P97,2	11743	11744
P58,3	11745	11746
P189,3	11747	11748
P98,2	11749	11750
P69,2	11751	11752
P60,2	11753	11754
P192,2	11755	11756
P81,2	11757	11758
P126,2	11759	11760
P152,2	11761	11762
P99,2	11763	11764
P100,2	11765	11766
P154,2	11767	11768
P127,2	11769	11770
P195,3	11771	11772
P85,2	11773	11774
P130,2	11775	11776
P102,3	11777	11778
P26,2	11779	11780
P88,2	11781	11782
P159,3	11783	11784
P133,2	11785	11786
P35,2	11787	11788
P34,3	11789	11790
P107,2	11791	11792
P36,2	11793	11794
P108,2	11795	11796
P137,2	11797	11798
P53,3	11799	11800
P113,2	11801	11802
P50,3	11803	11804
P64,2	11805	11806
P91,3	11807	11808
P116,3	11809	11810
P28,3	11811	11812
P143,2	11813	11814
P173,2	11815	11816
P65,3	11817	11818
P41,3	11819	11820
P66,2	11821	11822
P17,2	11823	11824
P181,2	11825	11826
P118,2	11827	11828
P185,2	11829	11830
P78,2	11831	11832
P13,2	11833	11834
P67,3	11835	11836
P96,2	11837	11838
P97,2	11839	11840
P58,3	11841	11842
P189,3	11843	11844
P98,2	11845	11846
P69,2	11847	11848
P60,2	11849	11850
P192,2	11851	11852
P81,2	11853	11854
P126,2	11855	11856
P152,2	11857	11858
P99,2	11859	11860
P100,2	11861	11862
P154,2	11863	11864
P127,2	11865	11866
P195,3	11867	11868
P85,2	11869	11870
P130,2	11871	11872
P102,3	11873	11874
P26,2	11875	11876
P88,2	11877	11878
P159,3	11879	11880
P133,2	11881	11882
P35,2	11883	11884
P34,3	11885	11886
P107,2	11887	11888
P36,2	11889	11890
P108,2	11891	11892
P137,2	11893	11894
P53,3	11895	11896
P113,2	11897	11898
P50,3	11899	11900
P64,2	11901	11902
P91,3	11903	11904
P116,3	11905	11906
P28,3	11907	11908
P143,2	11909	11910
P173,2	11911	11912
P65,3	11913	11914
P41,3	11915	11916
P66,2	11917	11918
P17,2	11919	11920
P181,2	11921	11922
P95,2	11923	11924
P44,2	11925	11926
P43,2	11927	11928
P120,2	11929	11930
P146,3	11931	11932
P97,2	11933	11934
P58,3	11935	11936
P189,3	11937	11938
P30,3	11939	11940
P19,3	11941	11942
P60,2	11943	11944
P149,3	11945	11946
P125,2	11947	11948
P31,2	11949	11949
P126,2	11950	11951
P152,2	11952	11953
P99,2	11954	11955
P100,2	11956	11957
P154,2	11958	11959
P127,2	11960	11961
P195,3	11962	11963
P85,2	11964	11965
P130,2	11966	11967
P102,3	11968	11969
P26,2	11970	11971
P88,2	11972	11973
P159,3	11974	11975
P133,2	11976	11977
P35,2	11978	11979
P34,3	11980	11981
P107,2	11982	11983
P134,2	11984	11985
P109,2	11986	11987
P112,2	11988	11989
P15,3	11990	11991
P38,3	11992	11993
P111,2	11994	11995
P115,2	11996	11997
P171,2	11998	11999
P139,3	12000	12001
P76,2	12002	12003
P75,3	12004	12005
P55,2	12006	12007
P176,2	12008	12009
P40,3	12010	12011
P92,2	12012	12013
P144,3	12014	12015
P177,3	12016	12017
P118,2	12018	12019
P185,2	12020	12021
P184,2	12022	12023
P67,3	12024	12025
P96,2	12026	12027
P43,3	12028	12029
P58,3	12030	12031
P189,3	12032	12033
P30,3	12034	12035
P19,3	12036	12037
P60,2	12038	12039
P149,3	12040	12041
P125,2	12042	12043
P126,2	12044	12045
P152,2	12046	12047
P99,2	12048	12049
P100,2	12050	12051
P154,2	12052	12053
P127,2	12054	12055
P195,3	12056	12057
P85,2	12058	12059
P130,2	12060	12061
P102,3	12062	12063
P26,2	12064	12065
P88,2	12066	12067
P159,3	12068	12069
P133,2	12070	12071
P35,2	12072	12073
P34,3	12074	12075
P107,2	12076	12077
P134,2	12078	12079
P137,2	12080	12081
P15,3	12082	12083
P38,3	12084	12085
P112,3	12086	12087
P64,2	12088	12089
P91,3	12090	12091
P116,3	12092	12093
P28,3	12094	12095
P143,2	12096	12097
P173,2	12098	12099
P65,3	12100	12101
P41,3	12102	12103
P66,2	12104	12105
P17,2	12106	12107
P181,2	12108	12109
P95,3	12110	12111
P44,2	12112	12112
P185,2	12113	12114
P184,2	12115	12116
P67,3	12117	12118
P96,2	12119	12120
P43,3	12121	12122
P58,3	12123	12124
P189,3	12125	12126
P30,3	12127	12128
P19,3	12129	12130
P60,2	12131	12132
P149,3	12133	12134
P81,2	12135	12136
P31,3	12137	12138
P151,2	12139	12140
P83,3	12141	12142
P153,2	12143	12144
P25,2	12145	12146
P48,2	12147	12148
P156,2	12149	12150
P131,3	12151	12152
P61,2	12153	12154
P132,2	12155	12156
P200,2	12157	12158
P106,2	12159	12160
P133,2	12161	12162
P35,2	12163	12164
P34,3	12165	12166
P162,2	12167	12168
P109,2	12169	12170
P53,3	12171	12172
P15,3	12173	12174
P38,3	12175	12176
P112,3	12177	12178
P64,2	12179	12180
P91,3	12181	12182
P116,3	12183	12184
P28,3	12185	12186
P143,2	12187	12188
P173,2	12189	12190
P65,3	12191	12192
P41,3	12193	12194
P66,2	12195	12196
P17,2	12197	12198
P181,2	12199	12200
P95,3	12201	12202
P185,2	12203	12204
P184,2	12205	12206
P67,3	12207	12208
P96,2	12209	12210
P43,3	12211	12212
P58,3	12213	12214
P189,3	12215	12216
P30,3	12217	12218
P19,3	12219	12220
P60,2	12221	12221
P123,3	12222	12223
P125,2	12224	12225
P126,2	12226	12227
P152,2	12228	12229
P99,2	12230	12231
P100,2	12232	12233
P154,2	12234	12235
P127,2	12236	12237
P195,3	12238	12239
P85,2	12240	12241
P130,2	12242	12243
P102,3	12244	12245
P26,2	12246	12247
P88,2	12248	12249
P49,3	12250	12251
P33,3	12252	12253
P161,3	12254	12255
P107,2	12256	12257
P134,2	12258	12259
P137,2	12260	12261
P4,3	12262	12263
P38,3	12264	12265
P112,3	12266	12267
P64,2	12268	12269
P91,3	12270	12271
P139,3	12272	12273
P76,2	12274	12275
P75,3	12276	12277
P55,2	12278	12279
P176,2	12280	12281
P40,3	12282	12283
P92,2	12284	12285
P144,3	12286	12287
P177,3	12288	12289
P118,2	12290	12291
P78,3	12292	12293
P120,2	12294	12295
P146,3	12296	12297
P97,2	12298	12299
P188,2	12300	12301
P122,3	12302	12303
P80,3	12304	12305
P98,2	12306	12307
P69,2	12308	12309
P149,3	12310	12311
P81,2	12312	12313
P31,3	12314	12315
P99,2	12316	12317
P100,2	12318	12319
P154,2	12320	12321
P127,2	12322	12323
P195,3	12324	12325
P85,2	12326	12327
P130,2	12328	12329
P102,3	12330	12331
P26,2	12332	12333
P88,2	12334	12335
P49,3	12336	12337
P35,2	12338	12339
P34,3	12340	12341
P162,2	12342	12343
P137,2	12344	12345
P4,3	12346	12347
P38,3	12348	12349
P112,3	12350	12351
P64,2	12352	12353
P91,3	12354	12355
P139,3	12356	12357
P76,2	12358	12359
P75,3	12360	12361
P55,2	12362	12363
P176,2	12364	12365
P40,3	12366	12367
P92,2	12368	12369
P144,3	12370	12371
P177,3	12372	12373
P118,2	12374	12375
P184,2	12376	12377
P67,3	12378	12379
P96,2	12380	12381
P43,3	12382	12383
P58,3	12384	12385
P189,3	12386	12387
P30,3	12388	12389
P19,3	12390	12391
P123,3	12392	12393
P125,2	12394	12395
P126,2	12396	12397
P152,2	12398	12399
P83,3	12400	12401
P153,2	12402	12403
P25,2	12404	12405
P48,2	12406	12407
P156,2	12408	12409
P131,3	12410	12411
P61,2	12412	12413
P26,2	12414	12415
P88,2	12416	12416
P106,2	12417	12418
P132,3	12419	12420
P35,2	12421	12422
P161,3	12423	12424
P107,2	12425	12426
P109,2	12427	12428
P53,3	12429	12430
P38,3	12431	12432
P112,3	12433	12434
P64,2	12435	12436
P91,3	12437	12438
P139,3	12439	12440
P76,2	12441	12442
P75,3	12443	12444
P55,2	12445	12446
P176,2	12447	12448
P40,3	12449	12450
P92,2	12451	12452
P144,3	12453	12454
P177,3	12455	12456
P118,2	12457	12458
P184,2	12459	12460
P67,3	12461	12462
P96,2	12463	12464
P43,3	12465	12466
P58,3	12467	12468
P189,3	12469	12470
P30,3	12471	12472
P19,3	12473	12474
P123,3	12475	12476
P125,2	12477	12478
P126,2	12479	12480
P152,2	12481	12482
P83,3	12483	12484
P153,2	12485	12486
P25,2	12487	12488
P48,2	12489	12490
P156,2	12491	12492
P131,3	12493	12494
P61,2	12495	12496
P26,2	12497	12498
P106,2	12499	12500
P132,3	12501	12502
P35,2	12503	12504
P161,3	12505	12506
P107,2	12507	12508
P109,2	12509	12510
P38,3	12511	12512
P112,3	12513	12514
P64,2	12515	12516
P91,3	12517	12518
P139,3	12519	12520
P76,2	12521	12522
P75,3	12523	12524
P55,2	12525	12525
P176,2	12526	12527
P40,3	12528	12529
P92,2	12530	12531
P144,3	12532	12533
P177,3	12534	12535
P118,2	12536	12537
P184,2	12538	12539
P67,3	12540	12541
P96,2	12542	12543
P43,3	12544	12545
P58,3	12546	12547
P189,3	12548	12549
P30,3	12550	12551
P69,2	12552	12553
P149,3	12554	12555
P81,2	12556	12557
P31,3	12558	12559
P99,2	12560	12561
P100,2	12562	12563
P154,2	12564	12564
P127,2	12565	12566
P195,3	12567	12568
P85,2	12569	12570
P130,2	12571	12572
P102,3	12573	12574
P200,2	12575	12576
P49,3	12577	12578
P33,3	12579	12580
P133,3	12581	12582
P34,3	12583	12584
P162,2	12585	12586
P4,3	12587	12588
P50,3	12589	12590
P111,2	12591	12592
P64,2	12593	12594
P91,3	12595	12596
P28,3	12597	12598
P143,2	12599	12600
P173,2	12601	12602
P176,2	12603	12604
P40,3	12605	12606
P17,2	12607	12608
P181,2	12609	12610
P95,3	12611	12612
P118,2	12613	12614
P184,2	12615	12616
P67,3	12617	12618
P96,2	12619	12620
P43,3	12621	12622
P58,3	12623	12624
P189,3	12625	12626
P30,3	12627	12628
P69,2	12629	12630
P149,3	12631	12632
P81,2	12633	12634
P31,3	12635	12636
P99,2	12637	12638
P100,2	12639	12640
P25,2	12641	12642
P48,2	12643	12643
P195,3	12644	12645
P85,2	12646	12647
P130,2	12648	12649
P102,3	12650	12651
P200,2	12652	12653
P49,3	12654	12655
P33,3	12656	12657
P133,3	12658	12659
P34,3	12660	12661
P162,2	12662	12663
P4,3	12664	12665
P50,3	12666	12667
P111,2	12668	12669
P64,2	12670	12671
P91,3	12672	12673
P28,3	12674	12675
P143,2	12676	12677
P173,2	12678	12679
P176,2	12680	12681
P40,3	12682	12683
P17,2	12684	12685
P181,2	12686	12687
P95,3	12688	12689
P118,2	12690	12691
P184,2	12692	12693
P67,3	12694	12695
P96,2	12696	12697
P43,3	12698	12699
P58,3	12700	12701
P189,3	12702	12703
P30,3	12704	12705
P69,2	12706	12707
P149,3	12708	12709
P81,2	12710	12711
P31,3	12712	12713
P99,2	12714	12715
P100,2	12716	12717
P25,2	12718	12719
P195,3	12720	12721
P85,2	12722	12723
P130,2	12724	12725
P102,3	12726	12727
P200,2	12728	12729
P49,3	12730	12731
P33,3	12732	12733
P133,3	12734	12735
P34,3	12736	12737
P162,2	12738	12739
P4,3	12740	12741
P50,3	12742	12743
P111,2	12744	12745
P64,2	12746	12747
P91,3	12748	12749
P28,3	12750	12751
P143,2	12752	12753
P173,2	12754	12755
P176,2	12756	12757
P40,3	12758	12759
P17,2	12760	12761
P181,2	12762	12763
P95,3	12764	12765
P118,2	12766	12767
P184,2	12768	12769
P67,3	12770	12771
P96,2	12772	12773
P43,3	12774	12775
P58,3	12776	12776
P189,3	12777	12778
P30,3	12779	12780
P69,2	12781	12782
P149,3	12783	12784
P126,2	12785	12786
P152,2	12787	12788
P83,3	12789	12790
P153,2	12791	12792
P127,2	12793	12794
P156,2	12795	12796
P131,3	12797	12798
P61,2	12799	12800
P26,2	12801	12802
P106,2	12803	12804
P132,3	12805	12806
P35,2	12807	12808
P161,3	12809	12810
P107,2	12811	12812
P109,2	12813	12814
P38,3	12815	12816
P112,3	12817	12818
P137,3	12819	12820
P115,2	12821	12821
P91,3	12822	12823
P28,3	12824	12825
P75,3	12826	12827
P65,3	12828	12829
P40,3	12830	12831
P17,2	12832	12833
P177,3	12834	12835
P66,3	12836	12837
P78,3	12838	12839
P120,2	12840	12841
P146,3	12842	12843
P97,2	12844	12845
P188,2	12846	12847
P189,3	12848	12849
P30,3	12850	12851
P69,2	12852	12853
P149,3	12854	12855
P126,2	12856	12857
P152,2	12858	12859
P83,3	12860	12861
P153,2	12862	12863
P127,2	12864	12865
P156,2	12866	12867
P131,3	12868	12868
P61,2	12869	12870
P26,2	12871	12872
P106,2	12873	12874
P132,3	12875	12876
P35,2	12877	12878
P161,3	12879	12880
P107,2	12881	12882
P109,2	12883	12884
P38,3	12885	12886
P112,3	12887	12888
P137,3	12889	12890
P91,3	12891	12892
P28,3	12893	12894
P75,3	12895	12896
P65,3	12897	12898
P40,3	12899	12900
P17,2	12901	12902
P177,3	12903	12904
P66,3	12905	12906
P78,3	12907	12908
P120,2	12909	12910
P146,3	12911	12912
P97,2	12913	12914
P188,2	12915	12916
P189,3	12917	12918
P30,3	12919	12920
P69,2	12921	12922
P149,3	12923	12924
P126,2	12925	12926
P152,2	12927	12928
P83,3	12929	12930
P153,2	12931	12932
P127,2	12933	12934
P156,2	12935	12936
P130,2	12937	12938
P102,3	12939	12940
P200,2	12941	12942
P132,3	12943	12944
P35,2	12945	12946
P161,3	12947	12948
P107,2	12949	12950
P109,2	12951	12952
P38,3	12953	12954
P111,2	12955	12956
P64,2	12957	12958
P139,3	12959	12960
P143,2	12961	12962
P65,3	12963	12964
P40,3	12965	12966
P181,2	12967	12968
P17,3	12969	12970
P66,3	12971	12972
P78,3	12973	12974
P120,2	12975	12976
P146,3	12977	12978
P97,2	12979	12979
P188,2	12980	12981
P189,3	12982	12983
P30,3	12984	12985
P69,2	12986	12987
P149,3	12988	12989
P126,2	12990	12991
P152,2	12992	12993
P83,3	12994	12995
P153,2	12996	12997
P127,2	12998	12999
P156,2	13000	13001
P130,2	13002	13003
P102,3	13004	13005
P200,2	13006	13007
P132,3	13008	13009
P133,3	13010	13011
P34,3	13012	13013
P162,2	13014	13015
P4,3	13016	13017
P112,3	13018	13019
P137,3	13020	13021
P139,3	13022	13023
P143,2	13024	13025
P65,3	13026	13027
P40,3	13028	13029
P177,3	13030	13031
P95,3	13032	13033
P118,2	13034	13035
P184,2	13036	13037
P67,3	13038	13039
P96,2	13040	13041
P188,2	13042	13043
P189,3	13044	13045
P97,3	13046	13047
P19,3	13048	13049
P123,3	13050	13051
P81,2	13052	13053
P31,3	13054	13055
P99,2	13056	13057
P100,2	13058	13059
P25,2	13060	13061
P195,3	13062	13063
P85,2	13064	13065
P61,2	13066	13067
P26,2	13068	13069
P49,3	13070	13071
P33,3	13072	13073
P161,3	13074	13075
P107,2	13076	13077
P4,3	13078	13079
P112,3	13080	13081
P137,3	13082	13083
P139,3	13084	13085
P143,2	13086	13087
P65,3	13088	13089
P40,3	13090	13091
P177,3	13092	13093
P95,3	13094	13095
P118,2	13096	13097
P184,2	13098	13099
P67,3	13100	13101
P43,3	13102	13103
P122,3	13104	13105
P80,3	13106	13107
P97,3	13108	13109
P19,3	13110	13111
P123,3	13112	13113
P81,2	13114	13115
P31,3	13116	13117
P99,2	13118	13119
P100,2	13120	13121
P25,2	13122	13123
P195,3	13124	13125
P130,2	13126	13127
P102,3	13128	13129
P200,2	13130	13131
P132,3	13132	13133
P133,3	13134	13135
P34,3	13136	13137
P162,2	13138	13139
P38,3	13140	13141
P111,2	13142	13142
P64,2	13143	13144
P28,3	13145	13146
P173,2	13147	13148
P176,2	13149	13150
P181,2	13151	13152
P17,3	13153	13154
P66,3	13155	13156
P78,3	13157	13158
P120,2	13159	13160
P146,3	13161	13162
P188,2	13163	13164
P189,3	13165	13166
P96,3	13167	13168
P30,3	13169	13170
P69,2	13171	13172
P149,3	13173	13174
P126,2	13175	13176
P152,2	13177	13178
P83,3	13179	13180
P153,2	13181	13182
P127,2	13183	13184
P156,2	13185	13186
P61,2	13187	13188
P26,2	13189	13190
P49,3	13191	13192
P33,3	13193	13194
P161,3	13195	13196
P107,2	13197	13198
P4,3	13199	13200
P112,3	13201	13202
P64,2	13203	13204
P28,3	13205	13206
P173,2	13207	13208
P65,3	13209	13210
P40,3	13211	13212
P177,3	13213	13214
P95,3	13215	13216
P118,2	13217	13218
P184,2	13219	13220
P67,3	13221	13222
P43,3	13223	13224
P122,3	13225	13226
P96,3	13227	13228
P30,3	13229	13230
P69,2	13231	13232
P149,3	13233	13234
P31,3	13235	13236
P99,2	13237	13238
P100,2	13239	13240
P25,2	13241	13242
P195,3	13243	13244
P130,2	13245	13246
P102,3	13247	13248
P200,2	13249	13250
P132,3	13251	13252
P133,3	13253	13254
P34,3	13255	13256
P162,2	13257	13258
P38,3	13259	13260
P137,3	13261	13262
P139,3	13263	13264
P111,3	13265	13266
P176,2	13267	13268
P181,2	13269	13270
P177,3	13271	13272
P95,3	13273	13274
P118,2	13275	13276
P184,2	13277	13278
P67,3	13279	13280
P43,3	13281	13282
P122,3	13283	13284
P96,3	13285	13286
P30,3	13287	13288
P69,2	13289	13290
P149,3	13291	13292
P31,3	13293	13294
P99,2	13295	13296
P100,2	13297	13298
P25,2	13299	13300
P195,3	13301	13302
P130,2	13303	13304
P102,3	13305	13306
P200,2	13307	13308
P132,3	13309	13310
P133,3	13311	13312
P34,3	13313	13314
P162,2	13315	13316
P38,3	13317	13318
P137,3	13319	13320
P139,3	13321	13322
P111,3	13323	13324
P176,2	13325	13326
P181,2	13327	13328
P177,3	13329	13330
P95,3	13331	13332
P118,2	13333	13334
P184,2	13335	13336
P67,3	13337	13338
P43,3	13339	13340
P122,3	13341	13342
P96,3	13343	13344
P30,3	13345	13346
P69,2	13347	13348
P149,3	13349	13350
P31,3	13351	13352
P99,2	13353	13354
P100,2	13355	13356
P25,2	13357	13358
P195,3	13359	13360
P130,2	13361	13362
P102,3	13363	13364
P200,2	13365	13366
P132,3	13367	13368
P133,3	13369	13370
P34,3	13371	13372
P4,3	13373	13374
P112,3	13375	13376
P64,2	13377	13378
P173,2	13379	13380
P65,3	13381	13382
P40,3	13383	13384
P143,3	13385	13386
P17,3	13387	13388
P66,3	13389	13390
P78,3	13391	13392
P120,2	13393	13394
P146,3	13395	13396
P188,2	13397	13398
P189,3	13399	13400
P97,3	13401	13402
P19,3	13403	13404
P123,3	13405	13406
P81,2	13407	13408
P152,2	13409	13410
P83,3	13411	13412
P25,2	13413	13414
P195,3	13415	13416
P130,2	13417	13418
P61,3	13419	13420
P49,3	13421	13422
P33,3	13423	13424
P161,3	13425	13426
P162,2	13427	13428
P38,3	13429	13430
P112,3	13431	13431
P64,2	13432	13433
P173,2	13434	13435
P65,3	13436	13437
P181,2	13438	13439
P177,3	13440	13441
P95,3	13442	13443
P118,2	13444	13445
P184,2	13446	13447
P67,3	13448	13449
P43,3	13450	13451
P122,3	13452	13453
P96,3	13454	13455
P30,3	13456	13457
P69,2	13458	13459
P149,3	13460	13461
P31,3	13462	13463
P99,2	13464	13465
P100,2	13466	13467
P127,2	13468	13469
P156,2	13470	13471
P102,3	13472	13473
P200,2	13474	13475
P132,3	13476	13477
P133,3	13478	13479
P34,3	13480	13481
P4,3	13482	13483
P107,3	13484	13485
P64,2	13486	13487
P173,2	13488	13489
P65,3	13490	13491
P181,2	13492	13493
P177,3	13494	13495
P95,3	13496	13497
P118,2	13498	13499
P184,2	13500	13500
P67,3	13501	13502
P43,3	13503	13504
P122,3	13505	13506
P96,3	13507	13508
P30,3	13509	13510
P69,2	13511	13512
P149,3	13513	13514
P31,3	13515	13516
P99,2	13517	13518
P100,2	13519	13520
P127,2	13521	13522
P156,2	13523	13524
P102,3	13525	13526
P200,2	13527	13528
P33,3	13529	13530
P161,3	13531	13532
P162,2	13533	13534
P38,3	13535	13536
P137,3	13537	13538
P139,3	13539	13540
P111,3	13541	13542
P40,3	13543	13544
P143,3	13545	13546
P17,3	13547	13548
P66,3	13549	13550
P78,3	13551	13552
P146,3	13553	13554
P43,3	13555	13556
P122,3	13557	13558
P96,3	13559	13560
P30,3	13561	13562
P69,2	13563	13564
P149,3	13565	13566
P31,3	13567	13568
P83,3	13569	13570
P25,2	13571	13572
P195,3	13573	13574
P130,2	13575	13576
P61,3	13577	13578
P132,3	13579	13579
P133,3	13580	13581
P34,3	13582	13583
P4,3	13584	13585
P107,3	13586	13587
P64,2	13588	13589
P173,2	13590	13591
P65,3	13592	13593
P181,2	13594	13595
P177,3	13596	13597
P95,3	13598	13599
P118,2	13600	13601
P120,2	13602	13603
P184,3	13604	13605
P188,2	13606	13607
P189,3	13608	13609
P97,3	13610	13611
P19,3	13612	13612
P69,2	13613	13613
P149,3	13614	13615
P31,3	13616	13617
P83,3	13618	13619
P127,2	13620	13621
P156,2	13622	13623
P102,3	13624	13625
P61,3	13626	13627
P33,3	13628	13629
P161,3	13630	13631
P162,2	13632	13633
P38,3	13634	13635
P137,3	13636	13637
P139,3	13638	13639
P111,3	13640	13641
P40,3	13642	13643
P143,3	13644	13645
P95,3	13646	13647
P118,2	13648	13649
P120,2	13650	13651
P184,3	13652	13653
P188,2	13654	13655
P189,3	13656	13657
P97,3	13658	13659
P123,3	13660	13661
P81,2	13662	13663
P83,3	13664	13665
P99,3	13666	13667
P195,3	13668	13669
P130,2	13670	13671
P100,3	13672	13673
P200,2	13674	13675
P133,3	13676	13677
P34,3	13678	13679
P4,3	13680	13681
P107,3	13682	13683
P64,2	13684	13685
P173,2	13686	13687
P65,3	13688	13689
P143,3	13690	13691
P17,3	13692	13693
P66,3	13694	13695
P78,3	13696	13697
P184,3	13698	13699
P188,2	13700	13701
P189,3	13702	13703
P120,3	13704	13705
P123,3	13706	13707
P81,2	13708	13709
P83,3	13710	13711
P99,3	13712	13713
P195,3	13714	13715
P130,2	13716	13717
P100,3	13718	13719
P33,3	13720	13721
P161,3	13722	13723
P4,3	13724	13725
P200,3	13726	13727
P137,3	13728	13729
P162,3	13730	13731
P173,2	13732	13733
P65,3	13734	13735
P181,3	13736	13737
P95,3	13738	13739
P118,2	13740	13741
P146,3	13742	13743
P43,3	13744	13745
P122,3	13746	13747
P96,3	13748	13749
P97,3	13750	13751
P149,3	13752	13753
P83,3	13754	13754
P81,3	13755	13756
P127,2	13757	13758
P156,2	13759	13760
P102,3	13761	13762
P61,3	13763	13764
P133,3	13765	13766
P34,3	13767	13768
P38,3	13769	13770
P107,3	13771	13772
P64,2	13773	13774
P139,3	13775	13776
P111,3	13777	13778
P143,3	13779	13780
P17,3	13781	13782
P66,3	13783	13784
P78,3	13785	13786
P184,3	13787	13788
P188,2	13789	13790
P189,3	13791	13792
P120,3	13793	13794
P123,3	13795	13796
P31,3	13797	13797
P81,3	13798	13799
P127,2	13800	13801
P156,2	13802	13803
P102,3	13804	13805
P61,3	13806	13807
P133,3	13808	13809
P4,3	13810	13811
P200,3	13812	13813
P137,3	13814	13815
P139,3	13816	13817
P111,3	13818	13819
P64,3	13820	13821
P181,3	13822	13823
P95,3	13824	13825
P118,2	13826	13827
P146,3	13828	13829
P43,3	13830	13831
P122,3	13832	13833
P96,3	13834	13835
P97,3	13836	13837
P149,3	13838	13839
P81,3	13840	13841
P127,2	13842	13843
P130,2	13844	13845
P100,3	13846	13847
P33,3	13848	13849
P34,3	13850	13851
P38,3	13852	13853
P107,3	13854	13855
P162,3	13856	13857
P173,2	13858	13859
P65,3	13860	13861
P143,3	13862	13863
P17,3	13864	13865
P66,3	13866	13867
P78,3	13868	13869
P184,3	13870	13871
P188,2	13872	13873
P189,3	13874	13875
P120,3	13876	13877
P123,3	13878	13879
P25,2	13880	13881
P99,3	13882	13883
P195,3	13884	13885
P100,3	13886	13887
P33,3	13888	13889
P34,3	13890	13891
P38,3	13892	13893
P107,3	13894	13895
P139,3	13896	13897
P111,3	13898	13899
P64,3	13900	13901
P181,3	13902	13903
P95,3	13904	13905
P118,2	13906	13907
P146,3	13908	13909
P43,3	13910	13911
P122,3	13912	13913
P120,3	13914	13915
P123,3	13916	13917
P25,2	13918	13919
P99,3	13920	13921
P195,3	13922	13923
P100,3	13924	13925
P33,3	13926	13927
P34,3	13928	13929
P38,3	13930	13931
P107,3	13932	13933
P139,3	13934	13935
P111,3	13936	13937
P143,3	13938	13939
P17,3	13940	13941
P66,3	13942	13943
P184,3	13944	13945
P122,3	13946	13947
P120,3	13948	13949
P123,3	13950	13951
P25,2	13952	13953
P99,3	13954	13955
P195,3	13956	13957
P100,3	13958	13959
P33,3	13960	13961
P34,3	13962	13963
P38,3	13964	13965
P107,3	13966	13967
P139,3	13968	13969
P111,3	13970	13971
P143,3	13972	13973
P17,3	13974	13975
P118,2	13976	13977
P122,3	13978	13979
P120,3	13980	13981
P123,3	13982	13983
P25,2	13984	13985
P99,3	13986	13987
P195,3	13988	13989
P100,3	13990	13991
P33,3	13992	13993
P34,3	13994	13995
P38,3	13996	13997
P107,3	13998	13999
P139,3	14000	14001
P111,3	14002	14003
P143,3	14004	14005
P17,3	14006	14007
P118,2	14008	14009
P122,3	14010	14011
P120,3	14012	14013
P123,3	14014	14014
P149,3	14015	14016
P81,3	14017	14018
P127,2	14019	14020
P102,3	14021	14022
P61,3	14023	14024
P133,3	14025	14026
P4,3	14027	14028
P200,3	14029	14030
P162,3	14031	14032
P173,2	14033	14034
P64,3	14035	14036
P181,3	14037	14038
P66,3	14039	14040
P184,3	14041	14042
P96,3	14043	14044
P97,3	14045	14046
P25,2	14047	14047
P99,3	14048	14049
P195,3	14050	14051
P100,3	14052	14053
P33,3	14054	14055
P34,3	14056	14057
P38,3	14058	14059
P107,3	14060	14061
P139,3	14062	14062
P173,2	14063	14063
P64,3	14064	14065
P181,3	14066	14067
P66,3	14068	14069
P184,3	14070	14071
P96,3	14072	14073
P97,3	14074	14075
P81,3	14076	14077
P127,2	14078	14079
P102,3	14080	14081
P25,3	14082	14083
P33,3	14084	14085
P34,3	14086	14087
P38,3	14088	14089
P107,3	14090	14091
P111,3	14092	14093
P64,3	14094	14095
P181,3	14096	14097
P66,3	14098	14099
P122,3	14100	14101
P120,3	14102	14103
P149,3	14104	14105
P99,3	14106	14107
P195,3	14108	14109
P100,3	14110	14111
P61,3	14112	14113
P133,3	14114	14115
P38,3	14116	14117
P107,3	14118	14119
P111,3	14120	14121
P64,3	14122	14123
P181,3	14124	14125
P66,3	14126	14127
P122,3	14128	14129
P120,3	14130	14131
P149,3	14132	14133
P99,3	14134	14135
P102,3	14136	14137
P100,3	14138	14139
P61,3	14140	14141
P133,3	14142	14143
P38,3	14144	14145
P107,3	14146	14147
P111,3	14148	14149
P64,3	14150	14151
P181,3	14152	14153
P66,3	14154	14155
P122,3	14156	14157
P120,3	14158	14159
P149,3	14160	14161
P99,3	14162	14163
P102,3	14164	14165
P100,3	14166	14167
P61,3	14168	14169
P133,3	14170	14171
P38,3	14172	14173
P107,3	14174	14175
P111,3	14176	14177
P64,3	14178	14179
P181,3	14180	14181
P66,3	14182	14183
P122,3	14184	14185
P120,3	14186	14187
P149,3	14188	14189
P99,3	14190	14191
P102,3	14192	14193
P100,3	14194	14195
P61,3	14196	14197
P133,3	14198	14198
P38,3	14199	14200
P107,3	14201	14202
P111,3	14203	14204
P64,3	14205	14206
P181,3	14207	14208
P66,3	14209	14210
P122,3	14211	14212
P120,3	14213	14214
P149,3	14215	14216
P99,3	14217	14218
P102,3	14219	14220
P100,3	14221	14222
P61,3	14223	14224
P38,3	14225	14226
P107,3	14227	14228
P111,3	14229	14230
P64,3	14231	14232
P181,3	14233	14234
P66,3	14235	14236
P122,3	14237	14238
P120,3	14239	14240
P149,3	14241	14242
P99,3	14243	14244
P127,3	14245	14246
P25,3	14247	14248
P4,3	14249	14250
P200,3	14251	14252
P162,3	14253	14254
P173,3	14255	14256
P143,3	14257	14258
P17,3	14259	14260
P184,3	14261	14262
P96,3	14263	14264
P97,3	14265	14266
P81,3	14267	14268
P102,3	14269	14270
P100,3	14271	14272
P61,3	14273	14274
P38,3	14275	14276
P107,3	14277	14278
P111,3	14279	14280
P64,3	14281	14282
P181,3	14283	14284
P66,3	14285	14286
P122,3	14287	14288
P120,3	14289	14290
P149,3	14291	14292
P99,3	14293	14293
P127,3	14294	14295
P25,3	14296	14297
P4,3	14298	14299
P200,3	14300	14301
P162,3	14302	14303
P173,3	14304	14305
P143,3	14306	14307
P17,3	14308	14309
P122,3	14310	14311
P120,3	14312	14313
P149,3	14314	14315
P102,3	14316	14317
P100,3	14318	14319
P61,3	14320	14321
P38,3	14322	14323
P107,3	14324	14325
P111,3	14326	14327
P64,3	14328	14329
P181,3	14330	14331
P66,3	14332	14333
P96,3	14334	14335
P97,3	14336	14337
P81,3	14338	14339
P127,3	14340	14341
P25,3	14342	14343
P4,3	14344	14345
P200,3	14346	14347
P162,3	14348	14349
P173,3	14350	14351
P143,3	14352	14353
P17,3	14354	14355
P122,3	14356	14357
P120,3	14358	14359
P149,3	14360	14361
P102,3	14362	14363
P100,3	14364	14365
P61,3	14366	14367
P38,3	14368	14369
P107,3	14370	14371
P111,3	14372	14373
P64,3	14374	14375
P181,3	14376	14377
P122,3	14378	14379
P120,3	14380	14381
P149,3	14382	14383
P102,3	14384	14385
P100,3	14386	14387
P61,3	14388	14389
P38,3	14390	14391
P107,3	14392	14393
P111,3	14394	14395
P64,3	14396	14397
P181,3	14398	14399
P122,3	14400	14401
P149,3	14402	14403
P102,3	14404	14405
P100,3	14406	14407
P61,3	14408	14409
P38,3	14410	14411
P107,3	14412	14413
P111,3	14414	14415
P64,3	14416	14417
P181,3	14418	14419
P122,3	14420	14421
P149,3	14422	14423
P127,3	14424	14425
P25,3	14426	14427
P4,3	14428	14429
P200,3	14430	14431
P162,3	14432	14433
P173,3	14434	14435
P143,3	14436	14437
P122,3	14438	14438
P149,3	14439	14440
P127,3	14441	14442
P25,3	14443	14444
P4,3	14445	14446
P200,3	14447	14448
P162,3	14449	14450
P173,3	14451	14452
P143,3	14453	14454
P96,3	14455	14456
P81,3	14457	14458
P100,3	14459	14460
P61,3	14461	14462
P38,3	14463	14464
P107,3	14465	14466
P111,3	14467	14468
P64,3	14469	14470
P181,3	14471	14472
P149,3	14473	14474
P127,3	14475	14476
P25,3	14477	14478
P4,3	14479	14480
P200,3	14481	14482
P162,3	14483	14484
P173,3	14485	14486
P143,3	14487	14488
P96,3	14489	14490
P127,3	14491	14492
P25,3	14493	14494
P4,3	14495	14496
P107,3	14497	14498
P111,3	14499	14500
P64,3	14501	14502
P181,3	14503	14504
P149,3	14505	14506
P100,3	14507	14508
P4,3	14509	14510
P107,3	14511	14512
P111,3	14513	14514
P143,3	14515	14516
P96,3	14517	14518
P127,3	14519	14520
P25,3	14521	14522
P200,3	14523	14524
P162,3	14525	14526
P64,3	14527	14527
P143,3	14528	14529
P96,3	14530	14531
P100,3	14532	14533
P4,3	14534	14535
P107,3	14536	14537
P111,3	14538	14539
P181,3	14540	14541
P127,3	14542	14543
P25,3	14544	14545
P200,3	14546	14547
P162,3	14548	14549
P143,3	14550	14551
P96,3	14552	14553
P100,3	14554	14555
P4,3	14556	14557
P107,3	14558	14559
P111,3	14560	14561
P181,3	14562	14563
P127,3	14564	14565
P25,3	14566	14567
P200,3	14568	14569
P162,3	14570	14571
P143,3	14572	14573
P96,3	14574	14575
P100,3	14576	14577
P107,3	14578	14579
P111,3	14580	14581
P96,3	14582	14583
P100,3	14584	14585
P107,3	14586	14587
P181,3	14588	14589
P127,3	14590	14591
P107,3	14592	14593
P181,3	14594	14595
P200,3	14596	14597
P162,3	14598	14599
P127,3	14600	14601
P107,3	14602	14603
P181,3	14604	14605
P200,3	14606	14607
P162,3	14608	14609
P127,3	14610	14611
P107,3	14612	14613
P181,3	14614	14615
P200,3	14616	14617
P162,3	14618	14619
P127,3	14620	14621
P107,3	14622	14623
P181,3	14624	14625
P200,3	14626	14627
P162,3	14628	14629
P127,3	14630	14631
P107,3	14632	14633
P181,3	14634	14635
P200,3	14636	14637
P162,3	14638	14639
P127,3	14640	14641
P107,3	14642	14643
P181,3	14644	14645
P200,3	14646	14647
P162,3	14648	14649
P127,3	14650	14651
P107,3	14652	14653
P181,3	14654	14655
P200,3	14656	14657
P162,3	14658	14659
P127,3	14660	14661
P107,3	14662	14663
P127,3	14664	14665
P162,3	14666	14667
P200,3	14668	14669
P127,3	14670	14671
P162,3	14672	14680
P127,3	14682	14689
CPU1
P2,1	17	24
P1,1	25	26
P2,1	27	28
P3,1	29	30
P4,1	31	32
P6,1	33	34
P5,1	35	36
P1,1	37	38
P2,1	39	40
P5,1	41	42
P1,1	43	44
P3,1	45	46
P2,1	47	48
P5,1	49	50
P1,1	51	52
P7,1	53	54
P2,1	55	56
P4,1	57	58
P6,1	59	60
P3,1	61	62
P2,1	63	64
P8,1	65	66
P4,1	67	68
P6,1	69	70
P3,1	71	72
P2,1	73	74
P10,1	75	78
P11,1	79	82
P1,1	83	84
P12,1	85	86
P14,1	87	88
P13,1	89	90
P7,1	91	92
P8,1	93	94
P10,1	95	96
P15,1	97	100
P6,1	101	102
P3,1	103	104
P17,1	105	106
P16,1	107	108
P18,1	109	110
P13,1	111	112
P19,1	113	116
P2,1	117	118
P8,1	119	120
P10,1	121	122
P5,1	123	124
P11,1	125	126
P22,1	127	128
P21,1	129	130
P23,1	131	132
P1,1	133	134
P16,1	135	136
P17,1	137	138
P18,1	139	140
P13,1	141	142
P7,1	143	144
P2,1	145	146
P20,1	147	148
P8,1	149	150
P9,1	151	152
P10,1	153	154
P5,1	155	156
P11,1	157	158
P22,1	159	160
P27,1	161	164
P28,1	165	168
P3,1	169	170
P17,1	171	172
P18,1	173	174
P13,1	175	176
P14,1	177	178
P7,1	179	180
P2,1	181	182
P20,1	183	184
P25,1	185	186
P32,1	187	188
P33,1	189	192
P34,1	193	196
P35,1	197	198
P37,1	199	200
P38,1	201	202
P37,1	203	204
P5,1	205	206
P11,1	207	208
P22,1	209	210
P6,1	211	212
P39,1	213	216
P29,1	217	218
P40,1	219	222
P42,1	223	226
P17,1	227	228
P44,1	229	232
P46,1	233	236
P12,1	237	238
P47,1	239	242
P7,1	243	244
P2,1	245	246
P31,1	247	248
P8,1	249	250
P9,1	251	252
P32,1	253	254
P33,1	255	256
P26,1	257	258
P34,1	259	260
P35,1	261	262
P50,1	263	266
P38,1	267	268
P5,1	269	270
P53,1	271	274
P11,1	275	276
P21,1	277	278
P22,1	279	280
P6,1	281	282
P39,1	283	284
P29,1	285	286
P3,1	287	288
P40,1	289	290
P16,1	291	292
P42,1	293	294
P17,1	295	296
P44,1	297	298
P24,1	299	300
P57,1	301	304
P58,1	305	306
P59,1	307	310
P47,1	311	312
P7,1	313	314
P19,1	315	316
P2,1	317	318
P31,1	319	320
P8,1	321	322
P48,1	323	324
P32,1	325	326
P33,1	327	328
P26,1	329	330
P34,1	331	332
P35,1	333	334
P62,1	335	338
P63,1	339	342
P5,1	343	344
P53,1	345	346
P11,1	347	348
P54,1	349	350
P64,1	351	354
P27,1	355	356
P28,1	357	358
P3,1	359	360
P40,1	361	362
P65,1	363	366
P16,1	367	368
P56,1	369	370
P43,1	371	372
P45,1	373	374
P24,1	375	376
P46,1	377	378
P57,1	379	380
P13,1	381	382
P68,1	383	386
P47,1	387	388
P30,1	389	390
P7,1	391	392
P60,1	393	394
P20,1	395	396
P31,1	397	398
P25,1	399	400
P9,1	401	402
P71,1	403	406
P33,1	407	408
P26,1	409	410
P34,1	411	412
P35,1	413	414
P36,1	415	416
P37,1	417	418
P50,1	419	420
P63,1	421	422
P5,1	423	424
P53,1	425	426
P15,1	427	428
P11,1	429	430
P54,1	431	432
P23,1	433	434
P64,1	435	436
P6,1	437	438
P39,1	439	440
P28,1	441	442
P29,1	443	444
P76,1	445	448
P65,1	449	450
P16,1	451	452
P56,1	453	454
P17,1	455	456
P43,1	457	458
P45,1	459	460
P67,1	461	462
P79,1	463	466
P18,1	467	468
P12,1	469	470
P58,1	471	472
P68,1	473	474
P14,1	475	476
P47,1	477	478
P69,1	479	480
P19,1	481	482
P60,1	483	484
P2,1	485	486
P82,1	487	490
P31,1	491	492
P25,1	493	494
P84,1	495	498
P32,1	499	500
P71,1	501	502
P85,1	503	504
P61,1	505	506
P49,1	507	508
P87,1	509	512
P88,1	513	516
P36,1	517	518
P37,1	519	520
P50,1	521	522
P63,1	523	524
P51,1	525	526
P5,1	527	528
P53,1	529	530
P73,1	531	532
P11,1	533	534
P21,1	535	536
P22,1	537	538
P64,1	539	540
P91,1	541	544
P39,1	545	546
P75,1	547	548
P55,1	549	550
P76,1	551	552
P92,1	553	554
P93,1	555	558
P16,1	559	560
P56,1	561	562
P94,1	563	566
P95,1	567	570
P24,1	571	572
P78,1	573	574
P46,1	575	576
P57,1	577	578
P96,1	579	582
P59,1	583	584
P14,1	585	586
P80,1	587	588
P47,1	589	590
P98,1	591	594
P19,1	595	596
P81,1	597	598
P20,1	599	600
P83,1	601	602
P99,1	603	606
P25,1	607	608
P101,1	609	610
P102,1	611	614
P84,1	615	616
P48,1	617	618
P103,1	619	620
P32,1	621	622
P85,1	623	624
P61,1	625	626
P49,1	627	628
P106,1	629	632
P10,1	633	634
P34,1	635	636
P88,1	637	638
P36,1	639	640
P107,1	641	644
P37,1	645	646
P50,1	647	648
P38,1	649	650
P63,1	651	652
P89,1	653	654
P52,1	655	656
P110,1	657	660
P112,1	661	662
P113,1	663	666
P11,1	667	668
P90,1	669	670
P21,1	671	672
P22,1	673	674
P64,1	675	676
P6,1	677	678
P27,1	679	680
P39,1	681	682
P116,1	683	686
P29,1	687	688
P40,1	689	690
P76,1	691	692
P41,1	693	694
P92,1	695	696
P66,1	697	698
P42,1	699	700
P17,1	701	702
P77,1	703	704
P119,1	705	708
P44,1	709	710
P45,1	711	712
P67,1	713	714
P79,1	715	716
P46,1	717	718
P18,1	719	720
P12,1	721	722
P96,1	723	724
P59,1	725	726
P68,1	727	728
P14,1	729	730
P122,1	731	734
P30,1	735	736
P98,1	737	738
P123,1	739	742
P124,1	743	746
P126,1	747	750
P20,1	751	752
P83,1	753	754
P70,1	755	756
P127,1	757	760
P8,1	761	762
P129,1	763	766
P102,1	767	768
P84,1	769	770
P103,1	771	772
P104,1	773	774
P130,1	775	776
P32,1	777	778
P85,1	779	780
P132,1	781	784
P49,1	785	786
P106,1	787	788
P10,1	789	790
P87,1	791	792
P34,1	793	794
P88,1	795	796
P36,1	797	798
P107,1	799	800
P37,1	801	802
P62,1	803	804
P135,1	805	808
P136,1	809	812
P51,1	813	814
P5,1	815	816
P53,1	817	818
P110,1	819	820
P111,1	821	822
P15,1	823	824
P112,1	825	826
P73,1	827	828
P90,1	829	830
P139,1	831	834
P22,1	835	836
P140,1	837	840
P6,1	841	842
P27,1	843	844
P141,1	845	848
P116,1	849	850
P29,1	851	852
P40,1	853	854
P142,1	855	858
P143,1	859	862
P93,1	863	864
P16,1	865	866
P56,1	867	868
P77,1	869	870
P118,1	871	872
P144,1	873	874
P94,1	875	876
P119,1	877	878
P43,1	879	880
P95,1	881	882
P24,1	883	884
P78,1	885	886
P147,1	887	890
P18,1	891	892
P12,1	893	894
P96,1	895	896
P58,1	897	898
P59,1	899	900
P121,1	901	902
P80,1	903	904
P122,1	905	906
P149,1	907	910
P98,1	911	912
P19,1	913	914
P60,1	915	916
P125,1	917	918
P81,1	919	920
P126,1	921	922
P20,1	923	924
P83,1	925	926
P31,1	927	928
P151,1	929	930
P70,1	931	932
P25,1	933	934
P100,1	935	936
P153,1	937	938
P154,1	939	942
P101,1	943	944
P102,1	945	946
P9,1	947	948
P48,1	949	950
P103,1	951	952
P104,1	953	954
P131,1	955	956
P71,1	957	958
P86,1	959	960
P157,1	961	964
P158,1	965	968
P106,1	969	970
P26,1	971	972
P10,1	973	974
P160,1	975	978
P4,1	979	980
P88,1	981	982
P161,1	983	984
P35,1	985	986
P72,1	987	988
P108,1	989	990
P62,1	991	992
P50,1	993	994
P164,1	995	996
P163,1	997	998
P165,1	999	1000
P38,1	1001	1002
P136,1	1003	1004
P51,1	1005	1006
P5,1	1007	1008
P52,1	1009	1010
P166,1	1011	1012
P53,1	1013	1014
P137,1	1015	1016
P15,1	1017	1018
P112,1	1019	1020
P168,1	1021	1024
P90,1	1025	1026
P169,1	1027	1030
P21,1	1031	1032
P54,1	1033	1034
P23,1	1035	1036
P171,1	1037	1040
P172,1	1041	1044
P27,1	1045	1046
P115,1	1047	1048
P28,1	1049	1050
P75,1	1051	1052
P173,1	1053	1056
P76,1	1057	1058
P142,1	1059	1060
P174,1	1061	1064
P92,1	1065	1066
P175,1	1067	1068
P176,1	1069	1070
P178,1	1071	1072
P176,1	1073	1074
P178,1	1075	1076
P42,1	1077	1078
P56,1	1079	1080
P17,1	1081	1082
P180,1	1083	1086
P118,1	1087	1088
P145,1	1089	1090
P182,1	1091	1094
P184,1	1095	1098
P43,1	1099	1100
P95,1	1101	1102
P24,1	1103	1104
P67,1	1105	1106
P185,1	1107	1108
P78,1	1109	1110
P46,1	1111	1112
P120,1	1113	1114
P57,1	1115	1116
P13,1	1117	1118
P96,1	1119	1120
P58,1	1121	1122
P59,1	1123	1124
P121,1	1125	1126
P80,1	1127	1128
P97,1	1129	1130
P122,1	1131	1132
P30,1	1133	1134
P69,1	1135	1136
P189,1	1137	1140
P19,1	1141	1142
P123,1	1143	1144
P191,1	1145	1148
P81,1	1149	1150
P126,1	1151	1152
P192,1	1153	1156
P83,1	1157	1158
P151,1	1159	1160
P193,1	1161	1164
P25,1	1165	1166
P100,1	1167	1168
P128,1	1169	1170
P194,1	1171	1174
P154,1	1175	1176
P101,1	1177	1178
P155,1	1179	1180
P84,1	1181	1182
P196,1	1183	1186
P104,1	1187	1188
P131,1	1189	1190
P71,1	1191	1192
P86,1	1193	1194
P61,1	1195	1196
P198,1	1197	1200
P33,1	1201	1202
P158,1	1203	1204
P106,1	1205	1206
P26,1	1207	1208
P159,1	1209	1210
P200,1	1211	1214
P160,1	1215	1216
P4,1	1217	1218
P161,1	1219	1220
P35,1	1221	1222
P72,1	1223	1224
P108,1	1225	1226
P62,1	1227	1228
P50,1	1229	1230
P164,1	1231	1232
P135,1	1233	1234
P109,1	1235	1236
P63,1	1237	1238
P89,1	1239	1240
P52,1	1241	1242
P167,1	1243	1244
P110,1	1245	1246
P111,1	1247	1248
P138,1	1249	1250
P113,1	1251	1252
P168,1	1253	1254
P90,1	1255	1256
P169,1	1257	1258
P21,1	1259	1260
P54,1	1261	1262
P23,1	1263	1264
P140,1	1265	1266
P74,1	1267	1268
P172,1	1269	1270
P27,1	1271	1272
P115,1	1273	1274
P28,1	1275	1276
P75,1	1277	1278
P55,1	1279	1280
P40,1	1281	1282
P117,1	1283	1284
P41,1	1285	1286
P174,1	1287	1288
P92,1	1289	1290
P66,1	1291	1292
P176,1	1293	1294
P178,1	1295	1296
P42,1	1297	1298
P179,1	1299	1300
P77,1	1301	1302
P181,1	1303	1304
P144,1	1305	1306
P94,1	1307	1308
P183,1	1309	1310
P184,1	1311	1312
P43,1	1313	1314
P95,1	1315	1316
P24,1	1317	1318
P185,1	1319	1320
P78,1	1321	1322
P46,1	1323	1324
P120,1	1325	1326
P57,1	1327	1328
P13,1	1329	1330
P187,1	1331	1332
P148,1	1333	1334
P68,1	1335	1336
P14,1	1337	1338
P97,1	1339	1340
P122,1	1341	1342
P30,1	1343	1344
P69,1	1345	1346
P7,1	1347	1348
P19,1	1349	1350
P123,1	1351	1352
P124,1	1353	1354
P125,1	1355	1356
P150,1	1357	1358
P2,1	1359	1360
P192,1	1361	1362
P83,1	1363	1364
P151,1	1365	1366
P70,1	1367	1368
P99,1	1369	1370
P127,1	1371	1372
P8,1	1373	1374
P153,1	1375	1376
P195,1	1377	1378
P129,1	1379	1380
P102,1	1381	1382
P9,1	1383	1384
P48,1	1385	1386
P196,1	1387	1388
P104,1	1389	1390
P131,1	1391	1392
P71,1	1393	1394
P86,1	1395	1396
P197,1	1397	1398
P198,1	1399	1400
P33,1	1401	1402
P158,1	1403	1404
P106,1	1405	1406
P199,1	1407	1408
P10,1	1409	1410
P200,1	1411	1412
P160,1	1413	1414
P4,1	1415	1416
P161,1	1417	1418
P35,1	1419	1420
P72,1	1421	1422
P108,1	1423	1424
P62,1	1425	1426
P50,1	1427	1428
P164,1	1429	1430
P135,1	1431	1432
P109,1	1433	1434
P63,1	1435	1436
P89,1	1437	1438
P166,1	1439	1440
P53,1	1441	1442
P137,1	1443	1444
P15,1	1445	1446
P112,1	1447	1448
P73,1	1449	1450
P11,1	1451	1452
P114,1	1453	1454
P170,1	1455	1456
P139,1	1457	1458
P22,1	1459	1460
P64,1	1461	1462
P171,1	1463	1464
P6,1	1465	1466
P91,1	1467	1468
P39,1	1469	1470
P141,1	1471	1472
P116,1	1473	1474
P29,1	1475	1476
P173,1	1477	1478
P76,1	1479	1480
P142,1	1481	1482
P65,1	1483	1484
P143,1	1485	1486
P93,1	1487	1488
P175,1	1489	1490
P177,1	1491	1492
P16,1	1493	1494
P56,1	1495	1496
P17,1	1497	1498
P180,1	1499	1500
P118,1	1501	1502
P145,1	1503	1504
P182,1	1505	1506
P119,1	1507	1508
P146,1	1509	1510
P44,1	1511	1512
P45,1	1513	1514
P67,1	1515	1516
P186,1	1517	1518
P79,1	1519	1520
P147,1	1521	1522
P18,1	1523	1524
P12,1	1525	1526
P96,1	1527	1528
P58,1	1529	1530
P59,1	1531	1532
P121,1	1533	1534
P80,1	1535	1536
P188,1	1537	1538
P47,1	1539	1540
P149,1	1541	1542
P98,1	1543	1544
P189,1	1545	1546
P190,1	1547	1548
P60,1	1549	1550
P191,1	1551	1552
P81,1	1553	1554
P126,1	1555	1556
P20,1	1557	1558
P82,1	1559	1560
P31,1	1561	1562
P152,1	1563	1564
P193,1	1565	1566
P25,1	1567	1568
P100,1	1569	1570
P128,1	1571	1572
P194,1	1573	1574
P154,1	1575	1576
P101,1	1577	1578
P155,1	1579	1580
P84,1	1581	1582
P103,1	1583	1584
P156,1	1585	1586
P130,1	1587	1588
P32,1	1589	1590
P85,1	1591	1592
P61,1	1593	1594
P132,1	1595	1596
P157,1	1597	1598
P49,1	1599	1600
P105,1	1601	1602
P26,1	1603	1604
P159,1	1605	1606
P87,1	1607	1608
P133,1	1609	1610
P34,1	1611	1612
P88,1	1613	1614
P162,1	1615	1616
P36,1	1617	1618
P107,1	1619	1620
P37,1	1621	1622
P134,1	1623	1624
P163,1	1625	1626
P165,1	1627	1628
P38,1	1629	1630
P136,1	1631	1632
P51,1	1633	1634
P52,1	1635	1636
P167,1	1637	1638
P110,1	1639	1640
P111,1	1641	1642
P138,1	1643	1644
P113,1	1645	1646
P168,1	1647	1648
P90,1	1649	1650
P169,1	1651	1652
P21,1	1653	1654
P54,1	1655	1656
P23,1	1657	1658
P140,1	1659	1660
P74,1	1661	1662
P172,1	1663	1664
P27,1	1665	1666
P115,1	1667	1668
P28,1	1669	1670
P75,1	1671	1672
P55,1	1673	1674
P40,1	1675	1676
P117,1	1677	1678
P41,1	1679	1680
P174,1	1681	1682
P92,1	1683	1684
P66,1	1685	1686
P176,1	1687	1688
P178,1	1689	1690
P42,1	1691	1692
P179,1	1693	1694
P77,1	1695	1696
P181,1	1697	1698
P144,1	1699	1700
P94,1	1701	1702
P183,1	1703	1704
P184,1	1705	1706
P43,1	1707	1708
P95,1	1709	1710
P24,1	1711	1712
P185,1	1713	1714
P78,1	1715	1716
P46,1	1717	1718
P120,1	1719	1720
P57,1	1721	1722
P13,1	1723	1724
P187,1	1725	1726
P148,1	1727	1728
P68,1	1729	1730
P14,1	1731	1732
P97,1	1733	1734
P122,1	1735	1736
P30,1	1737	1738
P69,1	1739	1740
P7,1	1741	1742
P19,1	1743	1744
P123,1	1745	1746
P124,1	1747	1748
P125,1	1749	1750
P150,1	1751	1752
P2,1	1753	1754
P192,1	1755	1756
P83,1	1757	1758
P151,1	1759	1760
P70,1	1761	1762
P99,1	1763	1764
P127,1	1765	1766
P8,1	1767	1768
P153,1	1769	1770
P195,1	1771	1772
P129,1	1773	1774
P102,1	1775	1776
P9,1	1777	1778
P48,1	1779	1780
P196,1	1781	1782
P104,1	1783	1784
P131,1	1785	1786
P71,1	1787	1788
P86,1	1789	1790
P197,1	1791	1792
P198,1	1793	1794
P33,1	1795	1796
P158,1	1797	1798
P106,1	1799	1800
P199,1	1801	1802
P10,1	1803	1804
P200,1	1805	1806
P160,1	1807	1808
P4,1	1809	1810
P161,1	1811	1812
P35,1	1813	1814
P72,1	1815	1816
P108,1	1817	1818
P62,1	1819	1820
P50,1	1821	1822
P164,1	1823	1824
P135,1	1825	1826
P109,1	1827	1828
P63,1	1829	1830
P89,1	1831	1832
P166,1	1833	1834
P53,1	1835	1836
P137,1	1837	1838
P15,1	1839	1840
P112,1	1841	1842
P73,1	1843	1844
P11,1	1845	1846
P114,1	1847	1848
P170,1	1849	1850
P139,1	1851	1852
P22,1	1853	1854
P64,1	1855	1856
P171,1	1857	1858
P6,1	1859	1860
P91,1	1861	1862
P39,1	1863	1864
P141,1	1865	1866
P116,1	1867	1868
P29,1	1869	1870
P173,1	1871	1872
P76,1	1873	1874
P142,1	1875	1876
P65,1	1877	1878
P143,1	1879	1880
P93,1	1881	1882
P175,1	1883	1884
P177,1	1885	1886
P16,1	1887	1888
P56,1	1889	1890
P17,1	1891	1892
P180,1	1893	1894
P118,1	1895	1896
P145,1	1897	1898
P182,1	1899	1900
P119,1	1901	1902
P146,1	1903	1904
P44,1	1905	1906
P45,1	1907	1908
P67,1	1909	1910
P186,1	1911	1912
P79,1	1913	1914
P147,1	1915	1916
P18,1	1917	1918
P12,1	1919	1920
P96,1	1921	1922
P58,1	1923	1924
P59,1	1925	1926
P121,1	1927	1928
P80,1	1929	1930
P188,1	1931	1932
P47,1	1933	1934
P149,1	1935	1936
P98,1	1937	1938
P189,1	1939	1940
P190,1	1941	1942
P60,1	1943	1944
P191,1	1945	1946
P81,1	1947	1948
P126,1	1949	1950
P20,1	1951	1952
P82,1	1953	1954
P31,1	1955	1956
P152,1	1957	1958
P193,1	1959	1960
P25,1	1961	1962
P100,1	1963	1964
P128,1	1965	1966
P194,1	1967	1968
P154,1	1969	1970
P101,1	1971	1972
P155,1	1973	1974
P84,1	1975	1976
P103,1	1977	1978
P156,1	1979	1980
P130,1	1981	1982
P32,1	1983	1984
P85,1	1985	1986
P61,1	1987	1988
P132,1	1989	1990
P157,1	1991	1992
P49,1	1993	1994
P105,1	1995	1996
P26,1	1997	1998
P159,1	1999	2000
P200,1	2001	2002
P133,1	2003	2004
P34,1	2005	2006
P88,1	2007	2008
P162,1	2009	2010
P36,1	2011	2012
P107,1	2013	2014
P37,1	2015	2016
P134,1	2017	2018
P163,1	2019	2020
P165,1	2021	2022
P38,1	2023	2024
P136,1	2025	2026
P51,1	2027	2028
P52,1	2029	2030
P167,1	2031	2032
P110,1	2033	2034
P111,1	2035	2036
P138,1	2037	2038
P113,1	2039	2040
P168,1	2041	2042
P90,1	2043	2044
P169,1	2045	2046
P21,1	2047	2048
P54,1	2049	2050
P23,1	2051	2052
P140,1	2053	2054
P74,1	2055	2056
P172,1	2057	2058
P27,1	2059	2060
P115,1	2061	2062
P28,1	2063	2064
P75,1	2065	2066
P55,1	2067	2068
P40,1	2069	2070
P117,1	2071	2072
P41,1	2073	2074
P174,1	2075	2076
P92,1	2077	2078
P66,1	2079	2080
P176,1	2081	2082
P178,1	2083	2084
P42,1	2085	2086
P179,1	2087	2088
P77,1	2089	2090
P181,1	2091	2092
P144,1	2093	2094
P94,1	2095	2096
P183,1	2097	2098
P184,1	2099	2100
P43,1	2101	2102
P95,1	2103	2104
P24,1	2105	2106
P185,1	2107	2108
P78,1	2109	2110
P46,1	2111	2112
P120,1	2113	2114
P57,1	2115	2116
P96,1	2117	2118
P58,1	2119	2120
P12,2	2121	2122
P68,1	2123	2124
P14,1	2125	2126
P97,1	2127	2128
P122,1	2129	2130
P30,1	2131	2132
P69,1	2133	2134
P7,1	2135	2136
P19,1	2137	2138
P123,1	2139	2140
P124,1	2141	2142
P125,1	2143	2144
P150,1	2145	2146
P2,1	2147	2148
P192,1	2149	2150
P83,1	2151	2152
P151,1	2153	2154
P70,1	2155	2156
P99,1	2157	2158
P127,1	2159	2160
P8,1	2161	2162
P153,1	2163	2164
P195,1	2165	2166
P129,1	2167	2168
P102,1	2169	2170
P9,1	2171	2172
P48,1	2173	2174
P196,1	2175	2176
P104,1	2177	2178
P131,1	2179	2180
P71,1	2181	2182
P86,1	2183	2184
P197,1	2185	2186
P198,1	2187	2188
P33,1	2189	2190
P158,1	2191	2192
P106,1	2193	2194
P199,1	2195	2196
P87,1	2197	2198
P10,2	2199	2200
P160,1	2201	2202
P4,1	2203	2204
P161,1	2205	2206
P35,1	2207	2208
P72,1	2209	2210
P108,1	2211	2212
P62,1	2213	2214
P50,1	2215	2216
P164,1	2217	2218
P135,1	2219	2220
P109,1	2221	2222
P63,1	2223	2224
P89,1	2225	2226
P166,1	2227	2228
P53,1	2229	2230
P137,1	2231	2232
P15,1	2233	2234
P112,1	2235	2236
P73,1	2237	2238
P11,1	2239	2240
P114,1	2241	2242
P170,1	2243	2244
P139,1	2245	2246
P22,1	2247	2248
P64,1	2249	2250
P171,1	2251	2252
P6,1	2253	2254
P91,1	2255	2256
P39,1	2257	2258
P141,1	2259	2260
P116,1	2261	2262
P29,1	2263	2264
P173,1	2265	2266
P76,1	2267	2268
P142,1	2269	2270
P65,1	2271	2272
P143,1	2273	2274
P93,1	2275	2276
P175,1	2277	2278
P177,1	2279	2280
P16,1	2281	2282
P56,1	2283	2284
P17,1	2285	2286
P180,1	2287	2288
P118,1	2289	2290
P145,1	2291	2292
P182,1	2293	2294
P119,1	2295	2296
P146,1	2297	2298
P44,1	2299	2300
P45,1	2301	2302
P67,1	2303	2304
P186,1	2305	2306
P79,1	2307	2308
P147,1	2309	2310
P18,1	2311	2312
P13,1	2313	2314
P187,1	2315	2316
P148,1	2317	2318
P59,1	2319	2320
P121,1	2321	2322
P80,1	2323	2324
P188,1	2325	2326
P47,1	2327	2328
P149,1	2329	2330
P98,1	2331	2332
P189,1	2333	2334
P190,1	2335	2336
P60,1	2337	2338
P191,1	2339	2340
P81,1	2341	2342
P126,1	2343	2344
P192,1	2345	2346
P83,1	2347	2348
P151,1	2349	2350
P70,1	2351	2352
P99,1	2353	2354
P127,1	2355	2356
P8,1	2357	2358
P153,1	2359	2360
P195,1	2361	2362
P129,1	2363	2364
P102,1	2365	2366
P9,1	2367	2368
P48,1	2369	2370
P196,1	2371	2372
P104,1	2373	2374
P131,1	2375	2376
P71,1	2377	2378
P86,1	2379	2380
P197,1	2381	2382
P198,1	2383	2384
P33,1	2385	2386
P158,1	2387	2388
P106,1	2389	2390
P199,1	2391	2392
P87,1	2393	2394
P10,2	2395	2396
P160,1	2397	2398
P4,1	2399	2400
P161,1	2401	2402
P35,1	2403	2404
P72,1	2405	2406
P108,1	2407	2408
P62,1	2409	2410
P50,1	2411	2412
P164,1	2413	2414
P135,1	2415	2416
P109,1	2417	2418
P63,1	2419	2420
P89,1	2421	2422
P166,1	2423	2424
P53,1	2425	2426
P137,1	2427	2428
P15,1	2429	2430
P112,1	2431	2432
P73,1	2433	2434
P11,1	2435	2436
P114,1	2437	2438
P170,1	2439	2440
P139,1	2441	2442
P22,1	2443	2444
P64,1	2445	2446
P171,1	2447	2448
P6,1	2449	2450
P91,1	2451	2452
P39,1	2453	2454
P141,1	2455	2456
P116,1	2457	2458
P29,1	2459	2460
P173,1	2461	2462
P76,1	2463	2464
P142,1	2465	2466
P65,1	2467	2468
P143,1	2469	2470
P93,1	2471	2472
P175,1	2473	2474
P177,1	2475	2476
P16,1	2477	2478
P56,1	2479	2480
P17,1	2481	2482
P180,1	2483	2484
P118,1	2485	2486
P145,1	2487	2488
P182,1	2489	2490
P119,1	2491	2492
P146,1	2493	2494
P44,1	2495	2496
P45,1	2497	2498
P67,1	2499	2500
P186,1	2501	2502
P79,1	2503	2504
P147,1	2505	2506
P18,1	2507	2508
P13,1	2509	2510
P187,1	2511	2512
P148,1	2513	2514
P59,1	2515	2516
P121,1	2517	2518
P80,1	2519	2520
P188,1	2521	2522
P47,1	2523	2524
P149,1	2525	2526
P98,1	2527	2528
P189,1	2529	2530
P190,1	2531	2532
P60,1	2533	2534
P191,1	2535	2536
P81,1	2537	2538
P126,1	2539	2540
P192,1	2541	2542
P83,1	2543	2544
P151,1	2545	2546
P70,1	2547	2548
P99,1	2549	2550
P127,1	2551	2552
P8,1	2553	2554
P153,1	2555	2556
P195,1	2557	2558
P129,1	2559	2560
P102,1	2561	2562
P9,1	2563	2564
P48,1	2565	2566
P196,1	2567	2568
P104,1	2569	2570
P131,1	2571	2572
P71,1	2573	2574
P86,1	2575	2576
P197,1	2577	2578
P198,1	2579	2580
P33,1	2581	2582
P158,1	2583	2584
P106,1	2585	2586
P199,1	2587	2588
P87,1	2589	2590
P10,2	2591	2592
P160,1	2593	2594
P4,1	2595	2596
P161,1	2597	2598
P35,1	2599	2600
P72,1	2601	2602
P108,1	2603	2604
P62,1	2605	2606
P50,1	2607	2608
P164,1	2609	2610
P135,1	2611	2612
P109,1	2613	2614
P63,1	2615	2616
P89,1	2617	2618
P167,1	2619	2620
P110,1	2621	2622
P111,1	2623	2624
P138,1	2625	2626
P113,1	2627	2628
P168,1	2629	2630
P90,1	2631	2632
P169,1	2633	2634
P21,1	2635	2636
P54,1	2637	2638
P23,1	2639	2640
P140,1	2641	2642
P74,1	2643	2644
P172,1	2645	2646
P27,1	2647	2648
P115,1	2649	2650
P28,1	2651	2652
P75,1	2653	2654
P55,1	2655	2656
P40,1	2657	2658
P117,1	2659	2660
P41,1	2661	2662
P174,1	2663	2664
P92,1	2665	2666
P66,1	2667	2668
P176,1	2669	2670
P178,1	2671	2672
P42,1	2673	2674
P179,1	2675	2676
P77,1	2677	2678
P181,1	2679	2680
P144,1	2681	2682
P94,1	2683	2684
P183,1	2685	2686
P184,1	2687	2688
P43,1	2689	2690
P95,1	2691	2692
P24,1	2693	2694
P185,1	2695	2696
P78,1	2697	2698
P147,1	2699	2700
P18,1	2701	2702
P57,1	2703	2704
P96,1	2705	2706
P58,1	2707	2708
P12,2	2709	2710
P68,1	2711	2712
P14,1	2713	2714
P97,1	2715	2716
P122,1	2717	2718
P30,1	2719	2720
P69,1	2721	2722
P7,1	2723	2724
P19,1	2725	2726
P123,1	2727	2728
P124,1	2729	2730
P125,1	2731	2732
P150,1	2733	2734
P2,1	2735	2736
P82,1	2737	2738
P31,1	2739	2740
P152,1	2741	2742
P193,1	2743	2744
P25,1	2745	2746
P100,1	2747	2748
P128,1	2749	2750
P194,1	2751	2752
P154,1	2753	2754
P101,1	2755	2756
P155,1	2757	2758
P84,1	2759	2760
P103,1	2761	2762
P156,1	2763	2764
P130,1	2765	2766
P32,1	2767	2768
P85,1	2769	2770
P61,1	2771	2772
P132,1	2773	2774
P157,1	2775	2776
P49,1	2777	2778
P105,1	2779	2780
P26,1	2781	2782
P159,1	2783	2784
P200,1	2785	2786
P133,1	2787	2788
P34,1	2789	2790
P88,1	2791	2792
P162,1	2793	2794
P36,1	2795	2796
P107,1	2797	2798
P37,1	2799	2800
P134,1	2801	2802
P163,1	2803	2804
P165,1	2805	2806
P38,1	2807	2808
P136,1	2809	2810
P89,1	2811	2812
P166,1	2813	2814
P53,1	2815	2816
P137,1	2817	2818
P15,1	2819	2820
P112,1	2821	2822
P73,1	2823	2824
P11,1	2825	2826
P114,1	2827	2828
P170,1	2829	2830
P139,1	2831	2832
P22,1	2833	2834
P64,1	2835	2836
P171,1	2837	2838
P6,1	2839	2840
P91,1	2841	2842
P39,1	2843	2844
P141,1	2845	2846
P116,1	2847	2848
P29,1	2849	2850
P173,1	2851	2852
P76,1	2853	2854
P142,1	2855	2856
P65,1	2857	2858
P143,1	2859	2860
P93,1	2861	2862
P175,1	2863	2864
P177,1	2865	2866
P16,1	2867	2868
P56,1	2869	2870
P17,1	2871	2872
P180,1	2873	2874
P118,1	2875	2876
P145,1	2877	2878
P182,1	2879	2880
P119,1	2881	2882
P146,1	2883	2884
P44,1	2885	2886
P45,1	2887	2888
P67,1	2889	2890
P186,1	2891	2892
P79,1	2893	2894
P120,1	2895	2896
P46,2	2897	2898
P13,1	2899	2900
P187,1	2901	2902
P148,1	2903	2904
P59,1	2905	2906
P121,1	2907	2908
P80,1	2909	2910
P188,1	2911	2912
P47,1	2913	2914
P149,1	2915	2916
P98,1	2917	2918
P189,1	2919	2920
P190,1	2921	2922
P60,1	2923	2924
P191,1	2925	2926
P81,1	2927	2928
P126,1	2929	2930
P192,1	2931	2932
P83,1	2933	2934
P151,1	2935	2936
P70,1	2937	2938
P99,1	2939	2940
P127,1	2941	2942
P8,1	2943	2944
P153,1	2945	2946
P195,1	2947	2948
P129,1	2949	2950
P102,1	2951	2952
P9,1	2953	2954
P48,1	2955	2956
P196,1	2957	2958
P104,1	2959	2960
P131,1	2961	2962
P71,1	2963	2964
P86,1	2965	2966
P197,1	2967	2968
P198,1	2969	2970
P33,1	2971	2972
P158,1	2973	2974
P106,1	2975	2976
P199,1	2977	2978
P87,1	2979	2980
P10,2	2981	2982
P160,1	2983	2984
P4,1	2985	2986
P161,1	2987	2988
P35,1	2989	2990
P72,1	2991	2992
P108,1	2993	2994
P62,1	2995	2996
P50,1	2997	2998
P164,1	2999	3000
P135,1	3001	3002
P109,1	3003	3004
P51,1	3005	3006
P63,2	3007	3008
P167,1	3009	3010
P137,1	3011	3012
P15,1	3013	3014
P112,1	3015	3016
P113,1	3017	3018
P168,1	3019	3020
P90,1	3021	3022
P169,1	3023	3024
P21,1	3025	3026
P54,1	3027	3028
P23,1	3029	3030
P140,1	3031	3032
P74,1	3033	3033
P6,1	3034	3035
P91,1	3036	3037
P39,1	3038	3039
P141,1	3040	3041
P116,1	3042	3043
P29,1	3044	3045
P173,1	3046	3047
P76,1	3048	3049
P142,1	3050	3051
P65,1	3052	3053
P143,1	3054	3055
P93,1	3056	3057
P175,1	3058	3059
P177,1	3060	3061
P16,1	3062	3063
P56,1	3064	3065
P17,1	3066	3067
P180,1	3068	3069
P118,1	3070	3071
P145,1	3072	3073
P182,1	3074	3075
P119,1	3076	3077
P146,1	3078	3079
P44,1	3080	3081
P45,1	3082	3083
P67,1	3084	3085
P186,1	3086	3087
P79,1	3088	3089
P120,1	3090	3091
P46,2	3092	3093
P13,1	3094	3095
P187,1	3096	3097
P148,1	3098	3099
P59,1	3100	3101
P121,1	3102	3103
P80,1	3104	3105
P188,1	3106	3107
P47,1	3108	3109
P149,1	3110	3111
P98,1	3112	3113
P189,1	3114	3115
P190,1	3116	3117
P60,1	3118	3119
P191,1	3120	3121
P81,1	3122	3123
P126,1	3124	3125
P192,1	3126	3127
P83,1	3128	3129
P151,1	3130	3131
P70,1	3132	3133
P99,1	3134	3135
P127,1	3136	3137
P8,1	3138	3139
P153,1	3140	3141
P195,1	3142	3143
P129,1	3144	3145
P102,1	3146	3147
P9,1	3148	3149
P48,1	3150	3151
P196,1	3152	3153
P104,1	3154	3155
P131,1	3156	3157
P71,1	3158	3159
P86,1	3160	3161
P197,1	3162	3163
P198,1	3164	3165
P33,1	3166	3167
P105,1	3168	3169
P26,1	3170	3171
P159,1	3172	3173
P49,2	3174	3175
P10,2	3176	3177
P160,1	3178	3179
P4,1	3180	3181
P161,1	3182	3183
P35,1	3184	3185
P72,1	3186	3187
P108,1	3188	3189
P62,1	3190	3191
P50,1	3192	3193
P164,1	3194	3195
P135,1	3196	3197
P109,1	3198	3199
P51,1	3200	3201
P63,2	3202	3203
P167,1	3204	3205
P137,1	3206	3207
P15,1	3208	3209
P112,1	3210	3211
P113,1	3212	3213
P168,1	3214	3215
P90,1	3216	3217
P169,1	3218	3219
P21,1	3220	3221
P54,1	3222	3223
P23,1	3224	3224
P140,1	3225	3226
P6,1	3227	3228
P91,1	3229	3230
P39,1	3231	3232
P141,1	3233	3234
P116,1	3235	3236
P29,1	3237	3238
P173,1	3239	3240
P76,1	3241	3242
P142,1	3243	3244
P65,1	3245	3246
P143,1	3247	3248
P93,1	3249	3250
P175,1	3251	3252
P177,1	3253	3254
P16,1	3255	3256
P56,1	3257	3258
P17,1	3259	3260
P180,1	3261	3262
P118,1	3263	3264
P145,1	3265	3266
P182,1	3267	3268
P119,1	3269	3270
P146,1	3271	3272
P44,1	3273	3274
P45,1	3275	3276
P67,1	3277	3278
P186,1	3279	3280
P79,1	3281	3282
P120,1	3283	3284
P46,2	3285	3286
P13,1	3287	3288
P187,1	3289	3290
P148,1	3291	3292
P59,1	3293	3294
P121,1	3295	3296
P80,1	3297	3298
P188,1	3299	3300
P47,1	3301	3302
P149,1	3303	3304
P98,1	3305	3306
P189,1	3307	3308
P190,1	3309	3310
P60,1	3311	3312
P191,1	3313	3314
P81,1	3315	3316
P126,1	3317	3318
P192,1	3319	3320
P83,1	3321	3322
P151,1	3323	3324
P70,1	3325	3326
P99,1	3327	3328
P127,1	3329	3330
P8,1	3331	3332
P153,1	3333	3334
P195,1	3335	3336
P129,1	3337	3338
P102,1	3339	3340
P9,1	3341	3342
P48,1	3343	3344
P196,1	3345	3346
P104,1	3347	3348
P131,1	3349	3350
P71,1	3351	3352
P86,1	3353	3354
P197,1	3355	3356
P198,1	3357	3358
P33,1	3359	3360
P105,1	3361	3362
P26,1	3363	3364
P159,1	3365	3366
P49,2	3367	3368
P10,2	3369	3370
P160,1	3371	3372
P4,1	3373	3374
P161,1	3375	3376
P35,1	3377	3378
P72,1	3379	3380
P108,1	3381	3382
P62,1	3383	3384
P50,1	3385	3386
P164,1	3387	3388
P135,1	3389	3390
P109,1	3391	3392
P51,1	3393	3394
P63,2	3395	3396
P167,1	3397	3398
P137,1	3399	3400
P15,1	3401	3402
P112,1	3403	3404
P113,1	3405	3406
P168,1	3407	3408
P90,1	3409	3410
P169,1	3411	3412
P21,1	3413	3414
P54,1	3415	3416
P64,1	3417	3418
P23,2	3419	3420
P6,1	3421	3422
P91,1	3423	3424
P115,1	3425	3426
P28,1	3427	3427
P116,1	3428	3429
P29,1	3430	3431
P173,1	3432	3433
P117,1	3434	3435
P41,1	3436	3437
P174,1	3438	3439
P40,2	3440	3441
P93,1	3442	3443
P175,1	3444	3445
P177,1	3446	3447
P16,1	3448	3449
P179,1	3450	3451
P77,1	3452	3453
P181,1	3454	3455
P144,1	3456	3457
P94,1	3458	3459
P183,1	3460	3461
P184,1	3462	3463
P43,1	3464	3465
P95,1	3466	3467
P24,1	3468	3469
P185,1	3470	3471
P78,1	3472	3473
P147,1	3474	3475
P18,1	3476	3477
P57,1	3478	3479
P96,1	3480	3481
P58,1	3482	3483
P12,2	3484	3485
P68,1	3486	3487
P14,1	3488	3489
P97,1	3490	3491
P122,1	3492	3493
P30,1	3494	3495
P69,1	3496	3497
P7,1	3498	3499
P19,1	3500	3501
P123,1	3502	3502
P60,1	3503	3504
P191,1	3505	3506
P81,1	3507	3508
P126,1	3509	3510
P192,1	3511	3512
P83,1	3513	3514
P151,1	3515	3516
P70,1	3517	3518
P99,1	3519	3520
P127,1	3521	3522
P8,1	3523	3524
P153,1	3525	3526
P195,1	3527	3528
P129,1	3529	3530
P102,1	3531	3532
P9,1	3533	3534
P48,1	3535	3536
P196,1	3537	3538
P104,1	3539	3540
P131,1	3541	3542
P71,1	3543	3543
P86,1	3544	3545
P197,1	3546	3547
P198,1	3548	3549
P33,1	3550	3551
P105,1	3552	3553
P26,1	3554	3555
P159,1	3556	3557
P49,2	3558	3559
P10,2	3560	3561
P160,1	3562	3563
P4,1	3564	3565
P161,1	3566	3567
P35,1	3568	3569
P107,1	3570	3571
P37,1	3572	3573
P134,1	3574	3575
P36,2	3576	3577
P164,1	3578	3579
P135,1	3580	3581
P109,1	3582	3583
P51,1	3584	3585
P63,2	3586	3587
P167,1	3588	3589
P137,1	3590	3591
P15,1	3592	3593
P112,1	3594	3595
P113,1	3596	3597
P168,1	3598	3599
P90,1	3600	3601
P169,1	3602	3603
P21,1	3604	3605
P54,1	3606	3607
P64,1	3608	3609
P23,2	3610	3611
P6,1	3612	3613
P91,1	3614	3615
P115,1	3616	3617
P116,1	3618	3619
P75,1	3620	3621
P55,1	3622	3623
P76,1	3624	3625
P142,1	3626	3627
P65,1	3628	3629
P143,1	3630	3631
P92,1	3632	3633
P66,1	3634	3635
P176,1	3636	3637
P178,1	3638	3639
P56,1	3640	3641
P17,1	3642	3643
P180,1	3644	3645
P118,1	3646	3647
P145,1	3648	3649
P182,1	3650	3651
P119,1	3652	3653
P43,1	3654	3655
P95,1	3656	3657
P45,1	3658	3659
P67,1	3660	3661
P186,1	3662	3663
P79,1	3664	3665
P120,1	3666	3667
P46,2	3668	3669
P13,1	3670	3671
P187,1	3672	3673
P148,1	3674	3675
P59,1	3676	3677
P121,1	3678	3679
P80,1	3680	3681
P188,1	3682	3683
P47,1	3684	3685
P149,1	3686	3687
P98,1	3688	3689
P189,1	3690	3691
P190,1	3692	3693
P123,2	3694	3695
P191,1	3696	3697
P81,1	3698	3699
P126,1	3700	3701
P192,1	3702	3703
P83,1	3704	3705
P151,1	3706	3707
P70,1	3708	3709
P99,1	3710	3711
P127,1	3712	3713
P8,1	3714	3715
P153,1	3716	3717
P195,1	3718	3719
P129,1	3720	3721
P102,1	3722	3723
P9,1	3724	3725
P48,1	3726	3727
P196,1	3728	3729
P104,1	3730	3731
P131,1	3732	3733
P85,1	3734	3735
P61,1	3736	3737
P132,1	3738	3739
P157,1	3740	3741
P158,1	3742	3743
P106,1	3744	3745
P199,1	3746	3747
P87,1	3748	3749
P200,1	3750	3751
P133,1	3752	3753
P34,1	3754	3755
P88,1	3756	3757
P162,1	3758	3759
P72,1	3760	3761
P108,1	3762	3763
P62,1	3764	3765
P50,1	3766	3767
P163,1	3768	3769
P165,1	3770	3771
P38,1	3772	3773
P136,1	3774	3775
P89,1	3776	3777
P166,1	3778	3779
P110,1	3780	3781
P111,1	3782	3783
P138,1	3784	3785
P53,2	3786	3787
P73,1	3788	3789
P11,1	3790	3791
P114,1	3792	3793
P170,1	3794	3795
P139,1	3796	3797
P22,1	3798	3799
P140,1	3800	3801
P171,1	3802	3803
P172,1	3804	3805
P39,1	3806	3807
P141,1	3808	3809
P28,2	3810	3811
P29,1	3812	3813
P173,1	3814	3815
P117,1	3816	3817
P41,1	3818	3819
P174,1	3820	3821
P40,2	3822	3823
P93,1	3824	3825
P175,1	3826	3827
P177,1	3828	3829
P16,1	3830	3831
P179,1	3832	3833
P77,1	3834	3835
P181,1	3836	3837
P144,1	3838	3839
P94,1	3840	3841
P183,1	3842	3843
P184,1	3844	3845
P44,1	3846	3847
P146,2	3848	3849
P67,1	3850	3851
P186,1	3852	3853
P78,1	3854	3855
P147,1	3856	3856
P18,1	3857	3858
P57,1	3859	3860
P96,1	3861	3862
P58,1	3863	3864
P12,2	3865	3866
P68,1	3867	3868
P14,1	3869	3870
P97,1	3871	3872
P122,1	3873	3874
P30,1	3875	3876
P69,1	3877	3878
P7,1	3879	3880
P19,1	3881	3882
P60,1	3883	3884
P124,1	3885	3886
P125,1	3887	3888
P150,1	3889	3890
P2,1	3891	3892
P82,1	3893	3894
P31,1	3895	3896
P152,1	3897	3898
P193,1	3899	3900
P25,1	3901	3902
P100,1	3903	3904
P128,1	3905	3906
P194,1	3907	3908
P154,1	3909	3910
P101,1	3911	3912
P155,1	3913	3914
P84,1	3915	3916
P103,1	3917	3918
P156,1	3919	3920
P130,1	3921	3922
P85,1	3923	3924
P61,1	3925	3926
P132,1	3927	3928
P198,1	3929	3930
P33,1	3931	3932
P105,1	3933	3934
P26,1	3935	3936
P159,1	3937	3938
P49,2	3939	3940
P10,2	3941	3942
P160,1	3943	3944
P4,1	3945	3946
P161,1	3947	3948
P35,1	3949	3950
P107,1	3951	3952
P37,1	3953	3954
P134,1	3955	3956
P36,2	3957	3958
P164,1	3959	3960
P135,1	3961	3962
P109,1	3963	3964
P51,1	3965	3966
P63,2	3967	3968
P167,1	3969	3970
P137,1	3971	3972
P15,1	3973	3974
P112,1	3975	3976
P113,1	3977	3978
P168,1	3979	3980
P90,1	3981	3982
P169,1	3983	3984
P21,1	3985	3986
P54,1	3987	3988
P64,1	3989	3990
P23,2	3991	3992
P172,1	3993	3994
P39,1	3995	3996
P141,1	3997	3998
P28,2	3999	4000
P29,1	4001	4002
P173,1	4003	4004
P117,1	4005	4006
P41,1	4007	4008
P174,1	4009	4010
P40,2	4011	4012
P93,1	4013	4014
P175,1	4015	4016
P177,1	4017	4018
P16,1	4019	4020
P179,1	4021	4022
P77,1	4023	4024
P181,1	4025	4026
P144,1	4027	4028
P182,1	4029	4030
P119,1	4031	4032
P43,1	4033	4034
P95,1	4035	4036
P45,1	4037	4038
P185,1	4039	4040
P24,2	4041	4042
P79,1	4043	4044
P18,1	4045	4046
P57,1	4047	4048
P96,1	4049	4050
P58,1	4051	4052
P12,2	4053	4054
P121,1	4055	4056
P80,1	4057	4058
P68,2	4059	4060
P122,1	4061	4062
P30,1	4063	4064
P69,1	4065	4066
P7,1	4067	4068
P19,1	4069	4069
P60,1	4070	4070
P124,1	4071	4072
P125,1	4073	4074
P150,1	4075	4076
P2,1	4077	4078
P82,1	4079	4080
P151,1	4081	4082
P193,1	4083	4084
P99,1	4085	4086
P127,1	4087	4088
P8,1	4089	4090
P70,2	4091	4092
P194,1	4093	4094
P154,1	4095	4096
P101,1	4097	4098
P155,1	4099	4100
P84,1	4101	4102
P103,1	4103	4103
P196,1	4104	4105
P104,1	4106	4107
P131,1	4108	4109
P86,1	4110	4111
P197,1	4112	4113
P32,2	4114	4115
P157,1	4116	4117
P158,1	4118	4119
P106,1	4120	4121
P199,1	4122	4123
P87,1	4124	4125
P200,1	4126	4127
P160,1	4128	4129
P4,1	4130	4131
P161,1	4132	4133
P35,1	4134	4135
P72,1	4136	4137
P108,1	4138	4139
P62,1	4140	4141
P50,1	4142	4143
P163,1	4144	4145
P165,1	4146	4147
P38,1	4148	4149
P136,1	4150	4151
P89,1	4152	4153
P166,1	4154	4155
P110,1	4156	4157
P111,1	4158	4159
P138,1	4160	4161
P53,2	4162	4163
P73,1	4164	4165
P11,1	4166	4167
P114,1	4168	4169
P170,1	4170	4171
P139,1	4172	4173
P22,1	4174	4175
P140,1	4176	4177
P171,1	4178	4179
P91,1	4180	4181
P115,1	4182	4183
P116,1	4184	4185
P75,1	4186	4186
P55,1	4187	4188
P76,1	4189	4190
P142,1	4191	4192
P65,1	4193	4194
P143,1	4195	4196
P92,1	4197	4198
P66,1	4199	4200
P176,1	4201	4202
P178,1	4203	4204
P56,1	4205	4206
P17,1	4207	4208
P180,1	4209	4210
P118,1	4211	4212
P94,1	4213	4214
P183,1	4215	4216
P184,1	4217	4218
P44,1	4219	4220
P146,2	4221	4222
P67,1	4223	4224
P186,1	4225	4226
P78,1	4227	4228
P120,1	4229	4230
P46,2	4231	4232
P13,1	4233	4234
P187,1	4235	4236
P148,1	4237	4238
P59,1	4239	4240
P14,1	4241	4242
P97,1	4243	4244
P188,1	4245	4246
P47,1	4247	4248
P149,1	4249	4250
P98,1	4251	4252
P189,1	4253	4254
P123,2	4255	4256
P190,2	4257	4258
P125,1	4259	4260
P150,1	4261	4262
P126,1	4263	4264
P192,1	4265	4266
P31,1	4267	4268
P152,1	4269	4270
P83,2	4271	4272
P25,1	4273	4274
P100,1	4275	4276
P128,1	4277	4278
P153,1	4279	4280
P195,1	4281	4282
P129,1	4283	4284
P102,1	4285	4286
P9,1	4287	4288
P48,1	4289	4290
P103,2	4291	4292
P104,1	4293	4294
P131,1	4295	4296
P86,1	4297	4298
P197,1	4299	4300
P32,2	4301	4302
P157,1	4303	4304
P158,1	4305	4306
P106,1	4307	4308
P199,1	4309	4310
P87,1	4311	4312
P200,1	4313	4314
P160,1	4315	4316
P4,1	4317	4318
P161,1	4319	4320
P35,1	4321	4322
P72,1	4323	4324
P108,1	4325	4326
P62,1	4327	4328
P50,1	4329	4330
P163,1	4331	4331
P164,1	4332	4333
P135,1	4334	4335
P109,1	4336	4337
P51,1	4338	4339
P63,2	4340	4341
P167,1	4342	4343
P137,1	4344	4345
P15,1	4346	4347
P112,1	4348	4349
P113,1	4350	4351
P168,1	4352	4353
P90,1	4354	4355
P169,1	4356	4357
P21,1	4358	4359
P54,1	4360	4361
P64,1	4362	4363
P23,2	4364	4365
P172,1	4366	4367
P39,1	4368	4369
P141,1	4370	4371
P28,2	4372	4373
P55,1	4374	4375
P76,1	4376	4377
P117,1	4378	4379
P41,1	4380	4381
P174,1	4382	4383
P40,2	4384	4385
P93,1	4386	4387
P175,1	4388	4389
P177,1	4390	4391
P16,1	4392	4393
P179,1	4394	4395
P77,1	4396	4397
P181,1	4398	4399
P144,1	4400	4401
P182,1	4402	4403
P119,1	4404	4405
P43,1	4406	4407
P95,1	4408	4409
P45,1	4410	4411
P185,1	4412	4413
P24,2	4414	4415
P79,1	4416	4417
P18,1	4418	4419
P57,1	4420	4421
P96,1	4422	4423
P58,1	4424	4425
P12,2	4426	4427
P121,1	4428	4429
P80,1	4430	4431
P68,2	4432	4433
P122,1	4434	4435
P30,1	4436	4437
P69,1	4438	4439
P7,1	4440	4441
P19,2	4442	4443
P124,1	4444	4445
P191,1	4446	4447
P81,1	4448	4449
P60,2	4450	4451
P2,1	4452	4453
P82,1	4454	4455
P151,1	4456	4457
P193,1	4458	4459
P99,1	4460	4461
P127,1	4462	4463
P8,1	4464	4465
P70,2	4466	4467
P194,1	4468	4469
P154,1	4470	4471
P101,1	4472	4473
P155,1	4474	4475
P84,1	4476	4477
P196,1	4478	4479
P156,1	4480	4481
P130,1	4482	4483
P85,1	4484	4485
P61,1	4486	4487
P132,1	4488	4489
P198,1	4490	4491
P33,1	4492	4493
P106,1	4494	4495
P199,1	4496	4497
P87,1	4498	4499
P200,1	4500	4501
P160,1	4502	4503
P4,1	4504	4504
P88,1	4505	4506
P162,1	4507	4508
P133,2	4509	4510
P107,1	4511	4512
P37,1	4513	4514
P134,1	4515	4516
P36,2	4517	4518
P165,1	4519	4520
P38,1	4521	4522
P136,1	4523	4524
P89,1	4525	4526
P166,1	4527	4528
P110,1	4529	4530
P111,1	4531	4532
P138,1	4533	4534
P53,2	4535	4536
P73,1	4537	4538
P11,1	4539	4540
P114,1	4541	4542
P170,1	4543	4544
P139,1	4545	4546
P22,1	4547	4548
P140,1	4549	4550
P171,1	4551	4552
P91,1	4553	4554
P141,1	4555	4555
P28,2	4556	4557
P55,1	4558	4559
P76,1	4560	4561
P117,1	4562	4563
P41,1	4564	4565
P174,1	4566	4567
P40,2	4568	4569
P93,1	4570	4571
P175,1	4572	4573
P177,1	4574	4575
P16,1	4576	4577
P179,1	4578	4579
P77,1	4580	4581
P181,1	4582	4583
P144,1	4584	4585
P182,1	4586	4587
P119,1	4588	4589
P43,1	4590	4591
P44,2	4592	4593
P45,1	4594	4595
P185,1	4596	4597
P24,2	4598	4599
P79,1	4600	4601
P18,1	4602	4603
P57,1	4604	4605
P96,1	4606	4607
P58,1	4608	4609
P12,2	4610	4611
P121,1	4612	4613
P97,1	4614	4615
P188,1	4616	4617
P80,2	4618	4619
P30,1	4620	4621
P69,1	4622	4623
P7,1	4624	4625
P19,2	4626	4627
P124,1	4628	4629
P191,1	4630	4631
P81,1	4632	4633
P60,2	4634	4635
P2,1	4636	4636
P192,1	4637	4638
P31,1	4639	4640
P152,1	4641	4642
P83,2	4643	4644
P25,1	4645	4646
P100,1	4647	4648
P128,1	4649	4650
P153,1	4651	4652
P195,1	4653	4654
P129,1	4655	4656
P102,1	4657	4658
P9,1	4659	4660
P48,1	4661	4662
P103,2	4663	4664
P104,1	4665	4666
P131,1	4667	4668
P86,1	4669	4670
P197,1	4671	4672
P32,2	4673	4674
P157,1	4675	4676
P105,1	4677	4678
P26,1	4679	4680
P158,2	4681	4682
P87,1	4683	4684
P200,1	4685	4686
P160,1	4687	4688
P88,1	4689	4690
P162,1	4691	4692
P133,2	4693	4694
P4,2	4695	4696
P108,1	4697	4698
P62,1	4699	4700
P50,1	4701	4702
P164,1	4703	4704
P135,1	4705	4706
P109,1	4707	4708
P51,1	4709	4710
P63,2	4711	4712
P167,1	4713	4714
P137,1	4715	4716
P15,1	4717	4718
P112,1	4719	4720
P113,1	4721	4722
P168,1	4723	4724
P90,1	4725	4726
P169,1	4727	4728
P21,1	4729	4730
P54,1	4731	4732
P64,1	4733	4734
P23,2	4735	4736
P172,1	4737	4738
P115,1	4739	4740
P28,2	4741	4742
P55,1	4743	4744
P173,1	4745	4746
P75,2	4747	4748
P142,1	4749	4750
P65,1	4751	4752
P143,1	4753	4754
P92,1	4755	4756
P175,1	4757	4758
P177,1	4759	4760
P16,1	4761	4762
P179,1	4763	4764
P77,1	4765	4766
P181,1	4767	4768
P144,1	4769	4770
P182,1	4771	4772
P119,1	4773	4774
P95,1	4775	4776
P146,2	4777	4778
P67,1	4779	4780
P43,2	4781	4782
P24,2	4783	4784
P79,1	4785	4786
P18,1	4787	4788
P57,1	4789	4790
P96,1	4791	4792
P58,1	4793	4794
P12,2	4795	4796
P121,1	4797	4798
P97,1	4799	4800
P188,1	4801	4802
P80,2	4803	4804
P30,1	4805	4806
P69,1	4807	4808
P7,1	4809	4810
P19,2	4811	4812
P190,2	4813	4814
P125,1	4815	4816
P124,2	4817	4818
P60,2	4819	4820
P192,1	4821	4822
P31,1	4823	4824
P152,1	4825	4826
P2,2	4827	4828
P99,1	4829	4830
P127,1	4831	4832
P8,1	4833	4834
P70,2	4835	4836
P194,1	4837	4838
P154,1	4839	4840
P101,1	4841	4842
P155,1	4843	4844
P84,1	4845	4846
P196,1	4847	4848
P156,1	4849	4850
P130,1	4851	4852
P85,1	4853	4854
P61,1	4855	4856
P132,1	4857	4858
P198,1	4859	4860
P33,1	4861	4862
P106,1	4863	4864
P199,1	4865	4866
P159,1	4867	4868
P49,2	4869	4870
P10,2	4871	4872
P34,1	4873	4874
P161,1	4875	4876
P35,1	4877	4878
P72,1	4879	4880
P107,1	4881	4882
P37,1	4883	4884
P134,1	4885	4886
P164,1	4887	4888
P38,1	4889	4890
P136,1	4891	4892
P135,2	4893	4894
P63,2	4895	4896
P167,1	4897	4898
P137,1	4899	4900
P15,1	4901	4902
P112,1	4903	4904
P113,1	4905	4906
P168,1	4907	4908
P90,1	4909	4909
P114,1	4910	4911
P170,1	4912	4913
P139,1	4914	4915
P22,1	4916	4917
P140,1	4918	4919
P171,1	4920	4921
P91,1	4922	4923
P116,1	4924	4924
P29,1	4925	4926
P141,2	4927	4928
P76,1	4929	4930
P117,1	4931	4932
P41,1	4933	4934
P174,1	4935	4936
P40,2	4937	4938
P66,1	4939	4940
P176,1	4941	4942
P178,1	4943	4944
P56,1	4945	4946
P17,1	4947	4948
P181,1	4949	4950
P144,1	4951	4952
P77,2	4953	4954
P183,1	4955	4956
P184,1	4957	4958
P44,2	4959	4960
P45,1	4961	4962
P185,1	4963	4964
P186,1	4965	4966
P78,1	4967	4968
P120,1	4969	4970
P46,2	4971	4972
P13,1	4973	4974
P187,1	4975	4976
P148,1	4977	4978
P59,1	4979	4980
P14,1	4981	4982
P68,2	4983	4984
P122,1	4985	4986
P47,1	4987	4988
P149,1	4989	4990
P98,1	4991	4992
P189,1	4993	4994
P123,2	4995	4996
P191,1	4997	4998
P81,1	4999	5000
P150,1	5001	5002
P126,1	5003	5004
P82,1	5005	5006
P151,1	5007	5008
P193,1	5009	5010
P83,2	5011	5012
P25,1	5013	5014
P100,1	5015	5016
P70,2	5017	5018
P194,1	5019	5020
P154,1	5021	5022
P101,1	5023	5024
P155,1	5025	5026
P84,1	5027	5028
P196,1	5029	5030
P156,1	5031	5032
P130,1	5033	5034
P85,1	5035	5036
P61,1	5037	5038
P132,1	5039	5040
P198,1	5041	5042
P33,1	5043	5044
P106,1	5045	5046
P199,1	5047	5048
P159,1	5049	5050
P49,2	5051	5052
P10,2	5053	5054
P34,1	5055	5056
P161,1	5057	5058
P35,1	5059	5060
P72,1	5061	5062
P107,1	5063	5064
P37,1	5065	5066
P134,1	5067	5068
P164,1	5069	5070
P38,1	5071	5072
P109,1	5073	5074
P51,1	5075	5076
P89,1	5077	5078
P166,1	5079	5080
P110,1	5081	5082
P111,1	5083	5084
P138,1	5085	5086
P53,2	5087	5088
P73,1	5089	5090
P11,1	5091	5092
P169,1	5093	5094
P139,1	5095	5096
P54,1	5097	5098
P64,1	5099	5100
P23,2	5101	5102
P172,1	5103	5104
P115,1	5105	5106
P28,2	5107	5108
P55,1	5109	5110
P173,1	5111	5112
P75,2	5113	5114
P142,1	5115	5116
P65,1	5117	5118
P143,1	5119	5120
P92,1	5121	5122
P175,1	5123	5124
P177,1	5125	5126
P16,1	5127	5128
P179,1	5129	5130
P180,1	5131	5132
P118,1	5133	5134
P94,1	5135	5136
P182,1	5137	5138
P119,1	5139	5140
P95,1	5141	5142
P146,2	5143	5144
P67,1	5145	5146
P43,2	5147	5148
P24,2	5149	5150
P79,1	5151	5152
P18,1	5153	5154
P57,1	5155	5156
P96,1	5157	5158
P58,1	5159	5160
P12,2	5161	5162
P121,1	5163	5164
P97,1	5165	5166
P188,1	5167	5168
P80,2	5169	5170
P30,1	5171	5172
P69,1	5173	5174
P7,1	5175	5176
P19,2	5177	5178
P190,2	5179	5180
P125,1	5181	5182
P124,2	5183	5184
P60,2	5185	5186
P192,1	5187	5188
P31,1	5189	5190
P152,1	5191	5192
P2,2	5193	5194
P99,1	5195	5196
P127,1	5197	5198
P128,1	5199	5200
P153,1	5201	5202
P195,1	5203	5204
P129,1	5205	5206
P102,1	5207	5208
P84,1	5209	5210
P196,1	5211	5212
P156,1	5213	5214
P130,1	5215	5216
P85,1	5217	5218
P61,1	5219	5220
P132,1	5221	5222
P198,1	5223	5224
P33,1	5225	5226
P106,1	5227	5228
P199,1	5229	5230
P159,1	5231	5232
P49,2	5233	5234
P10,2	5235	5236
P34,1	5237	5238
P162,1	5239	5240
P35,1	5241	5242
P72,1	5243	5244
P107,1	5245	5246
P37,1	5247	5248
P134,1	5249	5250
P164,1	5251	5252
P38,1	5253	5254
P109,1	5255	5256
P51,1	5257	5258
P89,1	5259	5260
P166,1	5261	5262
P110,1	5263	5264
P111,1	5265	5266
P138,1	5267	5268
P53,2	5269	5270
P73,1	5271	5272
P11,1	5273	5274
P169,1	5275	5276
P139,1	5277	5278
P54,1	5279	5280
P64,1	5281	5282
P23,2	5283	5284
P172,1	5285	5286
P115,1	5287	5288
P28,2	5289	5290
P55,1	5291	5292
P173,1	5293	5294
P75,2	5295	5296
P142,1	5297	5298
P65,1	5299	5300
P143,1	5301	5302
P92,1	5303	5304
P175,1	5305	5306
P177,1	5307	5308
P16,1	5309	5310
P179,1	5311	5312
P180,1	5313	5314
P118,1	5315	5316
P94,1	5317	5318
P182,1	5319	5320
P119,1	5321	5322
P95,1	5323	5324
P146,2	5325	5326
P67,1	5327	5328
P43,2	5329	5330
P24,2	5331	5332
P79,1	5333	5334
P18,1	5335	5336
P57,1	5337	5338
P96,1	5339	5340
P58,1	5341	5342
P12,2	5343	5344
P121,1	5345	5346
P97,1	5347	5348
P188,1	5349	5350
P80,2	5351	5352
P30,1	5353	5354
P69,1	5355	5356
P7,1	5357	5358
P19,2	5359	5360
P190,2	5361	5362
P125,1	5363	5364
P124,2	5365	5366
P60,2	5367	5368
P192,1	5369	5370
P31,1	5371	5372
P152,1	5373	5374
P2,2	5375	5376
P99,1	5377	5378
P127,1	5379	5380
P128,1	5381	5382
P153,1	5383	5384
P195,1	5385	5386
P129,1	5387	5388
P102,1	5389	5390
P84,1	5391	5392
P196,1	5393	5394
P156,1	5395	5396
P130,1	5397	5398
P85,1	5399	5400
P132,1	5401	5402
P198,1	5403	5404
P33,1	5405	5406
P106,1	5407	5408
P199,1	5409	5410
P87,1	5411	5412
P200,1	5413	5414
P160,1	5415	5416
P159,2	5417	5418
P162,1	5419	5420
P35,1	5421	5422
P72,1	5423	5424
P107,1	5425	5426
P37,1	5427	5428
P134,1	5429	5430
P164,1	5431	5432
P38,1	5433	5434
P109,1	5435	5436
P51,1	5437	5438
P89,1	5439	5440
P166,1	5441	5442
P110,1	5443	5444
P111,1	5445	5446
P112,1	5447	5448
P138,2	5449	5450
P73,1	5451	5452
P11,1	5453	5454
P169,1	5455	5456
P139,1	5457	5458
P54,1	5459	5460
P64,1	5461	5462
P23,2	5463	5464
P172,1	5465	5466
P115,1	5467	5468
P28,2	5469	5470
P55,1	5471	5472
P173,1	5473	5474
P75,2	5475	5476
P142,1	5477	5478
P174,1	5479	5480
P40,2	5481	5482
P41,2	5483	5484
P175,1	5485	5486
P177,1	5487	5488
P16,1	5489	5490
P179,1	5491	5492
P180,1	5493	5494
P118,1	5495	5496
P94,1	5497	5498
P182,1	5499	5500
P184,1	5501	5502
P44,2	5503	5504
P183,2	5505	5506
P67,1	5507	5508
P43,2	5509	5510
P24,2	5511	5512
P79,1	5513	5514
P18,1	5515	5515
P57,1	5516	5517
P96,1	5518	5519
P58,1	5520	5521
P12,2	5522	5523
P121,1	5524	5525
P97,1	5526	5527
P188,1	5528	5529
P80,2	5530	5531
P30,1	5532	5533
P69,1	5534	5535
P7,1	5536	5537
P19,2	5538	5539
P190,2	5540	5541
P125,1	5542	5543
P124,2	5544	5545
P60,2	5546	5547
P192,1	5548	5549
P31,1	5550	5551
P193,1	5552	5553
P83,2	5554	5555
P25,1	5556	5557
P100,1	5558	5559
P70,2	5560	5561
P194,1	5562	5563
P154,1	5564	5565
P101,1	5566	5567
P155,1	5568	5569
P48,1	5570	5571
P103,2	5572	5573
P104,1	5574	5575
P131,1	5576	5577
P61,1	5578	5579
P32,2	5580	5581
P86,2	5582	5583
P33,1	5584	5585
P106,1	5586	5587
P199,1	5588	5589
P87,1	5590	5590
P49,2	5591	5592
P10,2	5593	5594
P34,1	5595	5596
P161,1	5597	5598
P88,2	5599	5600
P133,2	5601	5602
P4,2	5603	5604
P108,1	5605	5606
P134,1	5607	5608
P164,1	5609	5610
P38,1	5611	5612
P109,1	5613	5614
P51,1	5615	5616
P89,1	5617	5618
P166,1	5619	5620
P110,1	5621	5622
P111,1	5623	5624
P112,1	5625	5626
P138,2	5627	5628
P73,1	5629	5630
P11,1	5631	5632
P169,1	5633	5634
P139,1	5635	5636
P54,1	5637	5638
P64,1	5639	5640
P23,2	5641	5642
P172,1	5643	5644
P116,2	5645	5646
P29,1	5647	5647
P55,1	5648	5649
P91,2	5650	5651
P76,1	5652	5653
P117,1	5654	5655
P65,1	5656	5657
P143,1	5658	5659
P92,1	5660	5661
P66,1	5662	5663
P176,1	5664	5665
P178,1	5666	5667
P56,1	5668	5669
P180,1	5670	5671
P181,1	5672	5673
P144,1	5674	5675
P77,2	5676	5677
P119,1	5678	5679
P95,1	5680	5681
P146,2	5682	5683
P45,1	5684	5685
P185,1	5686	5687
P186,1	5688	5689
P78,1	5690	5691
P120,1	5692	5693
P57,1	5694	5695
P96,1	5696	5697
P187,1	5698	5699
P148,1	5700	5701
P59,1	5702	5703
P14,1	5704	5705
P68,2	5706	5707
P122,1	5708	5709
P47,1	5710	5711
P149,1	5712	5713
P98,1	5714	5715
P19,2	5716	5717
P190,2	5718	5719
P191,1	5720	5721
P81,1	5722	5723
P150,1	5724	5725
P126,1	5726	5727
P31,1	5728	5729
P193,1	5730	5731
P83,2	5732	5733
P25,1	5734	5735
P127,1	5736	5737
P128,1	5738	5739
P153,1	5740	5741
P195,1	5742	5743
P129,1	5744	5745
P102,1	5746	5747
P84,1	5748	5749
P196,1	5750	5751
P156,1	5752	5753
P130,1	5754	5755
P85,1	5756	5757
P132,1	5758	5759
P198,1	5760	5761
P157,1	5762	5763
P106,1	5764	5765
P199,1	5766	5767
P158,2	5768	5769
P200,1	5770	5771
P160,1	5772	5773
P159,2	5774	5775
P162,1	5776	5777
P35,1	5778	5779
P72,1	5780	5781
P107,1	5782	5783
P62,1	5784	5785
P36,2	5786	5787
P165,1	5788	5789
P50,2	5790	5791
P136,1	5792	5793
P135,2	5794	5795
P63,2	5796	5797
P167,1	5798	5799
P137,1	5800	5801
P15,1	5802	5803
P53,2	5804	5805
P113,1	5806	5807
P168,1	5808	5809
P114,1	5810	5811
P139,1	5812	5813
P90,2	5814	5815
P64,1	5816	5817
P140,1	5818	5819
P171,1	5820	5821
P115,1	5822	5823
P28,2	5824	5825
P55,1	5826	5827
P91,2	5828	5829
P76,1	5830	5831
P117,1	5832	5833
P65,1	5834	5835
P40,2	5836	5837
P41,2	5838	5839
P175,1	5840	5841
P177,1	5842	5843
P56,1	5844	5845
P179,1	5846	5847
P17,2	5848	5849
P118,1	5850	5851
P94,1	5852	5853
P182,1	5854	5855
P184,1	5856	5857
P44,2	5858	5859
P183,2	5860	5861
P67,1	5862	5863
P43,2	5864	5865
P24,2	5866	5867
P79,1	5868	5869
P46,2	5870	5871
P13,1	5872	5873
P18,2	5874	5875
P58,1	5876	5877
P12,2	5878	5879
P121,1	5880	5881
P97,1	5882	5883
P188,1	5884	5885
P47,1	5886	5887
P149,1	5888	5889
P98,1	5890	5891
P189,1	5892	5893
P123,2	5894	5895
P7,2	5896	5897
P125,1	5898	5899
P124,2	5900	5901
P60,2	5902	5903
P192,1	5904	5905
P152,1	5906	5907
P2,2	5908	5909
P99,1	5910	5911
P151,2	5912	5913
P100,1	5914	5915
P70,2	5916	5917
P194,1	5918	5919
P154,1	5920	5921
P101,1	5922	5923
P155,1	5924	5925
P48,1	5926	5927
P103,2	5928	5929
P104,1	5930	5931
P131,1	5932	5933
P61,1	5934	5935
P32,2	5936	5937
P86,2	5938	5939
P105,1	5940	5941
P26,1	5942	5943
P33,2	5944	5945
P49,2	5946	5947
P10,2	5948	5949
P34,1	5950	5951
P161,1	5952	5953
P88,2	5954	5955
P133,2	5956	5957
P4,2	5958	5959
P108,1	5960	5961
P134,1	5962	5963
P164,1	5964	5965
P38,1	5966	5967
P109,1	5968	5969
P51,1	5970	5971
P89,1	5972	5973
P166,1	5974	5975
P110,1	5976	5977
P111,1	5978	5979
P112,1	5980	5981
P138,2	5982	5983
P73,1	5984	5985
P11,1	5986	5987
P21,1	5988	5989
P169,2	5990	5991
P54,1	5992	5993
P22,2	5994	5995
P23,2	5996	5997
P172,1	5998	5999
P116,2	6000	6001
P29,2	6002	6003
P141,2	6004	6005
P173,1	6006	6007
P75,2	6008	6009
P142,1	6010	6011
P143,1	6012	6013
P92,1	6014	6015
P66,1	6016	6017
P176,1	6018	6019
P178,1	6020	6021
P16,2	6022	6023
P180,1	6024	6025
P181,1	6026	6027
P144,1	6028	6029
P77,2	6030	6031
P119,1	6032	6033
P95,1	6034	6035
P146,2	6036	6037
P45,1	6038	6039
P185,1	6040	6041
P186,1	6042	6043
P78,1	6044	6045
P120,1	6046	6047
P57,1	6048	6049
P96,1	6050	6051
P187,1	6052	6053
P148,1	6054	6055
P59,1	6056	6057
P14,1	6058	6059
P68,2	6060	6061
P80,2	6062	6063
P30,1	6064	6065
P69,1	6066	6067
P122,2	6068	6069
P19,2	6070	6071
P190,2	6072	6073
P191,1	6074	6075
P81,1	6076	6077
P150,1	6078	6079
P126,1	6080	6081
P31,1	6082	6083
P193,1	6084	6085
P83,2	6086	6087
P25,1	6088	6089
P127,1	6090	6091
P128,1	6092	6093
P153,1	6094	6095
P195,1	6096	6097
P129,1	6098	6099
P102,1	6100	6101
P84,1	6102	6103
P196,1	6104	6105
P156,1	6106	6107
P130,1	6108	6109
P85,1	6110	6111
P132,1	6112	6113
P198,1	6114	6115
P157,1	6116	6117
P106,1	6118	6119
P199,1	6120	6121
P158,2	6122	6123
P200,1	6124	6125
P160,1	6126	6127
P159,2	6128	6129
P162,1	6130	6131
P35,1	6132	6133
P72,1	6134	6135
P107,1	6136	6137
P134,1	6138	6139
P164,1	6140	6141
P38,1	6142	6143
P109,1	6144	6145
P51,1	6146	6147
P89,1	6148	6149
P166,1	6150	6151
P110,1	6152	6153
P111,1	6154	6155
P112,1	6156	6157
P138,2	6158	6159
P168,1	6160	6160
P114,1	6161	6162
P139,1	6163	6164
P90,2	6165	6166
P64,1	6167	6168
P140,1	6169	6170
P171,1	6171	6172
P116,2	6173	6174
P29,2	6175	6176
P141,2	6177	6178
P173,1	6179	6180
P75,2	6181	6182
P142,1	6183	6184
P143,1	6185	6186
P92,1	6187	6188
P175,1	6189	6190
P177,1	6191	6192
P56,1	6193	6194
P66,2	6195	6196
P180,1	6197	6198
P181,1	6199	6200
P144,1	6201	6201
P94,1	6202	6203
P119,1	6204	6205
P184,1	6206	6207
P44,2	6208	6209
P183,2	6210	6211
P67,1	6212	6213
P43,2	6214	6215
P24,2	6216	6217
P120,1	6218	6219
P57,1	6220	6221
P96,1	6222	6223
P187,1	6224	6225
P148,1	6226	6227
P59,1	6228	6229
P14,1	6230	6231
P68,2	6232	6233
P80,2	6234	6235
P30,1	6236	6237
P69,1	6238	6239
P122,2	6240	6241
P19,2	6242	6243
P190,2	6244	6245
P191,1	6246	6247
P81,1	6248	6249
P150,1	6250	6251
P126,1	6252	6253
P31,1	6254	6255
P193,1	6256	6257
P83,2	6258	6259
P25,1	6260	6261
P127,1	6262	6263
P128,1	6264	6265
P153,1	6266	6267
P195,1	6268	6269
P129,1	6270	6271
P102,1	6272	6273
P84,1	6274	6275
P196,1	6276	6277
P156,1	6278	6279
P130,1	6280	6281
P85,1	6282	6283
P132,1	6284	6285
P198,1	6286	6287
P157,1	6288	6289
P106,1	6290	6291
P199,1	6292	6293
P158,2	6294	6295
P200,1	6296	6297
P160,1	6298	6299
P159,2	6300	6301
P162,1	6302	6303
P35,1	6304	6305
P72,1	6306	6307
P107,1	6308	6309
P134,1	6310	6311
P164,1	6312	6313
P165,1	6314	6315
P50,2	6316	6317
P136,1	6318	6319
P135,2	6320	6321
P63,2	6322	6323
P167,1	6324	6325
P137,1	6326	6327
P15,2	6328	6329
P138,2	6330	6331
P112,2	6332	6333
P114,1	6334	6335
P139,1	6336	6337
P90,2	6338	6339
P22,2	6340	6341
P23,2	6342	6343
P171,1	6344	6345
P116,2	6346	6347
P29,2	6348	6349
P141,2	6350	6351
P173,1	6352	6353
P75,2	6354	6355
P142,1	6356	6357
P143,1	6358	6359
P92,1	6360	6361
P175,1	6362	6363
P177,1	6364	6365
P56,1	6366	6367
P66,2	6368	6369
P180,1	6370	6371
P181,1	6372	6373
P94,1	6374	6375
P77,2	6376	6377
P182,2	6378	6379
P95,1	6380	6381
P146,2	6382	6383
P45,1	6384	6385
P185,1	6386	6387
P186,1	6388	6389
P78,2	6390	6391
P120,1	6392	6393
P57,1	6394	6395
P96,1	6396	6397
P187,1	6398	6399
P148,1	6400	6401
P59,1	6402	6403
P14,1	6404	6405
P188,1	6406	6407
P47,1	6408	6409
P149,1	6410	6411
P69,1	6412	6413
P122,2	6414	6415
P19,2	6416	6417
P190,2	6418	6419
P191,1	6420	6421
P81,1	6422	6423
P150,1	6424	6425
P126,1	6426	6427
P31,1	6428	6429
P193,1	6430	6431
P83,2	6432	6433
P25,1	6434	6435
P127,1	6436	6437
P128,1	6438	6439
P153,1	6440	6441
P154,1	6442	6443
P101,1	6444	6445
P102,1	6446	6447
P84,1	6448	6449
P196,1	6450	6451
P156,1	6452	6453
P130,1	6454	6455
P85,1	6456	6457
P132,1	6458	6459
P198,1	6460	6461
P157,1	6462	6463
P26,1	6464	6465
P33,2	6466	6467
P49,2	6468	6469
P10,2	6470	6471
P34,1	6472	6472
P159,2	6473	6474
P162,1	6475	6476
P35,1	6477	6478
P72,1	6479	6480
P107,1	6481	6482
P134,1	6483	6484
P164,1	6485	6486
P165,1	6487	6488
P50,2	6489	6490
P51,1	6491	6492
P89,1	6493	6494
P166,1	6495	6496
P110,1	6497	6498
P111,1	6499	6500
P53,2	6501	6502
P113,1	6503	6504
P11,1	6505	6506
P21,1	6507	6508
P169,2	6509	6510
P64,1	6511	6512
P140,1	6513	6514
P54,2	6515	6516
P115,1	6517	6518
P28,2	6519	6520
P55,1	6521	6522
P91,2	6523	6524
P76,1	6525	6526
P117,1	6527	6527
P65,1	6528	6529
P40,2	6530	6531
P41,2	6532	6533
P176,1	6534	6535
P178,1	6536	6537
P16,2	6538	6539
P179,1	6540	6541
P17,2	6542	6543
P118,1	6544	6545
P144,2	6546	6547
P119,1	6548	6549
P184,1	6550	6551
P44,2	6552	6553
P183,2	6554	6555
P67,1	6556	6557
P43,2	6558	6559
P24,2	6560	6561
P79,1	6562	6563
P46,2	6564	6565
P13,1	6566	6567
P18,2	6568	6569
P58,1	6570	6571
P12,2	6572	6573
P14,1	6574	6575
P188,1	6576	6577
P47,1	6578	6579
P149,1	6580	6581
P69,1	6582	6583
P122,2	6584	6585
P19,2	6586	6587
P190,2	6588	6589
P191,1	6590	6591
P81,1	6592	6593
P150,1	6594	6595
P126,1	6596	6597
P31,1	6598	6599
P193,1	6600	6601
P83,2	6602	6603
P25,1	6604	6605
P127,1	6606	6607
P128,1	6608	6609
P153,1	6610	6611
P154,1	6612	6613
P101,1	6614	6615
P102,1	6616	6617
P84,1	6618	6619
P196,1	6620	6621
P156,1	6622	6623
P130,1	6624	6625
P85,1	6626	6627
P132,1	6628	6629
P198,1	6630	6630
P157,1	6631	6632
P26,1	6633	6634
P33,2	6635	6636
P49,2	6637	6638
P10,2	6639	6640
P159,2	6641	6642
P162,1	6643	6644
P35,1	6645	6646
P34,2	6647	6648
P4,2	6649	6650
P62,1	6651	6652
P36,2	6653	6654
P108,2	6655	6656
P38,1	6657	6658
P109,1	6659	6660
P135,2	6661	6662
P63,2	6663	6664
P167,1	6665	6666
P137,1	6667	6668
P15,2	6669	6670
P138,2	6671	6672
P112,2	6673	6674
P114,1	6675	6676
P139,1	6677	6678
P90,2	6679	6680
P22,2	6681	6682
P23,2	6683	6684
P171,1	6685	6686
P116,2	6687	6688
P29,2	6689	6690
P141,2	6691	6692
P173,1	6693	6694
P75,2	6695	6696
P65,1	6697	6698
P40,2	6699	6700
P41,2	6701	6702
P176,1	6703	6704
P178,1	6705	6706
P16,2	6707	6708
P179,1	6709	6710
P17,2	6711	6712
P118,1	6713	6714
P144,2	6715	6716
P119,1	6717	6718
P184,1	6719	6720
P44,2	6721	6722
P183,2	6723	6724
P67,1	6725	6726
P43,2	6727	6728
P24,2	6729	6730
P79,1	6731	6732
P46,2	6733	6734
P13,1	6735	6736
P18,2	6737	6738
P58,1	6739	6740
P12,2	6741	6742
P14,1	6743	6744
P188,1	6745	6746
P47,1	6747	6748
P149,1	6749	6750
P69,1	6751	6752
P122,2	6753	6754
P189,2	6755	6756
P190,2	6757	6758
P125,1	6759	6760
P124,2	6761	6762
P60,2	6763	6764
P31,1	6765	6766
P126,2	6767	6768
P2,2	6769	6770
P99,1	6771	6772
P151,2	6773	6774
P100,1	6775	6776
P70,2	6777	6778
P195,1	6779	6780
P129,1	6781	6782
P194,2	6783	6784
P84,1	6785	6786
P196,1	6787	6788
P156,1	6789	6790
P130,1	6791	6792
P61,1	6793	6794
P32,2	6795	6796
P157,1	6797	6798
P26,1	6799	6800
P33,2	6801	6802
P49,2	6803	6804
P10,2	6805	6806
P159,2	6807	6808
P162,1	6809	6810
P35,1	6811	6812
P34,2	6813	6814
P4,2	6815	6816
P62,1	6817	6818
P36,2	6819	6820
P108,2	6821	6822
P38,1	6823	6824
P109,1	6825	6826
P135,2	6827	6828
P63,2	6829	6830
P167,1	6831	6832
P137,1	6833	6834
P15,2	6835	6836
P138,2	6837	6838
P112,2	6839	6840
P114,1	6841	6842
P139,1	6843	6844
P90,2	6845	6846
P22,2	6847	6848
P23,2	6849	6850
P171,1	6851	6852
P116,2	6853	6854
P29,2	6855	6856
P141,2	6857	6858
P173,1	6859	6860
P75,2	6861	6862
P65,1	6863	6864
P40,2	6865	6866
P41,2	6867	6868
P177,1	6869	6870
P16,2	6871	6872
P179,1	6873	6874
P17,2	6875	6876
P56,2	6877	6878
P94,1	6879	6880
P77,2	6881	6882
P184,1	6883	6884
P44,2	6885	6886
P146,2	6887	6888
P45,1	6889	6890
P185,1	6891	6892
P186,1	6893	6894
P78,2	6895	6896
P120,1	6897	6898
P57,1	6899	6900
P96,1	6901	6902
P187,1	6903	6904
P148,1	6905	6906
P59,1	6907	6908
P68,2	6909	6910
P80,2	6911	6912
P30,1	6913	6914
P97,2	6915	6916
P98,1	6917	6918
P19,2	6919	6920
P123,2	6921	6922
P7,2	6923	6924
P81,1	6925	6926
P150,1	6927	6928
P192,1	6929	6930
P152,1	6931	6932
P193,1	6933	6934
P83,2	6935	6936
P25,1	6937	6938
P127,1	6939	6940
P128,1	6941	6942
P153,1	6943	6944
P154,1	6945	6946
P101,1	6947	6947
P194,2	6948	6949
P84,1	6950	6951
P102,2	6952	6953
P104,1	6954	6955
P48,2	6956	6957
P61,1	6958	6959
P32,2	6960	6961
P157,1	6962	6963
P106,1	6964	6965
P199,1	6966	6967
P158,2	6968	6969
P200,1	6970	6971
P160,1	6972	6973
P161,1	6974	6975
P88,2	6976	6977
P133,2	6978	6979
P4,2	6980	6981
P62,1	6982	6983
P36,2	6984	6985
P108,2	6986	6987
P38,1	6988	6989
P109,1	6990	6991
P89,1	6992	6993
P166,1	6994	6995
P110,1	6996	6997
P111,1	6998	6999
P53,2	7000	7001
P113,1	7002	7003
P11,1	7004	7005
P21,1	7006	7007
P169,2	7008	7009
P64,1	7010	7011
P140,1	7012	7013
P54,2	7014	7015
P115,1	7016	7017
P28,2	7018	7019
P55,1	7020	7021
P91,2	7022	7023
P76,1	7024	7025
P65,1	7026	7027
P40,2	7028	7029
P41,2	7030	7031
P177,1	7032	7033
P16,2	7034	7035
P179,1	7036	7037
P17,2	7038	7039
P56,2	7040	7041
P94,1	7042	7043
P77,2	7044	7045
P184,1	7046	7047
P44,2	7048	7049
P146,2	7050	7051
P45,1	7052	7053
P185,1	7054	7054
P43,2	7055	7056
P78,2	7057	7058
P120,1	7059	7060
P57,1	7061	7062
P96,1	7063	7064
P187,1	7065	7066
P148,1	7067	7068
P14,1	7069	7070
P188,1	7071	7072
P47,1	7073	7074
P12,3	7075	7076
P97,2	7077	7078
P98,1	7079	7080
P19,2	7081	7082
P123,2	7083	7084
P7,2	7085	7086
P81,1	7087	7088
P150,1	7089	7090
P192,1	7091	7092
P152,1	7093	7094
P193,1	7095	7096
P83,2	7097	7098
P25,1	7099	7100
P127,1	7101	7102
P128,1	7103	7104
P153,1	7105	7106
P154,1	7107	7108
P194,2	7109	7110
P84,1	7111	7112
P101,2	7113	7114
P156,1	7115	7116
P130,1	7117	7118
P85,1	7119	7120
P103,3	7121	7122
P32,2	7123	7124
P157,1	7125	7126
P106,1	7127	7128
P33,2	7129	7130
P49,2	7131	7132
P10,2	7133	7134
P159,2	7135	7136
P162,1	7137	7138
P35,1	7139	7140
P34,2	7141	7142
P107,1	7143	7144
P134,1	7145	7146
P164,1	7147	7148
P165,1	7149	7150
P50,2	7151	7152
P89,1	7153	7154
P63,2	7155	7156
P167,1	7157	7158
P137,1	7159	7160
P15,2	7161	7162
P138,2	7163	7164
P112,2	7165	7166
P114,1	7167	7168
P139,1	7169	7170
P90,2	7171	7172
P22,2	7173	7174
P23,2	7175	7176
P171,1	7177	7178
P116,2	7179	7180
P29,2	7181	7182
P141,2	7183	7184
P173,1	7185	7186
P75,2	7187	7188
P143,1	7189	7190
P92,1	7191	7192
P176,1	7193	7194
P178,1	7195	7196
P66,2	7197	7198
P180,1	7199	7200
P181,1	7201	7202
P118,1	7203	7204
P144,2	7205	7206
P182,2	7207	7208
P95,1	7209	7210
P119,2	7211	7212
P183,2	7213	7214
P67,1	7215	7216
P43,2	7217	7218
P78,2	7219	7220
P120,1	7221	7222
P57,1	7223	7224
P96,1	7225	7226
P187,1	7227	7228
P148,1	7229	7230
P14,1	7231	7232
P188,1	7233	7234
P47,1	7235	7236
P12,3	7237	7238
P97,2	7239	7240
P98,1	7241	7242
P19,2	7243	7244
P123,2	7245	7246
P7,2	7247	7248
P81,1	7249	7250
P150,1	7251	7252
P192,1	7253	7254
P152,1	7255	7256
P193,1	7257	7258
P83,2	7259	7260
P25,1	7261	7262
P127,1	7263	7264
P128,1	7265	7266
P153,1	7267	7268
P154,1	7269	7270
P194,2	7271	7272
P84,1	7273	7274
P102,2	7275	7276
P104,1	7277	7278
P48,2	7279	7280
P61,1	7281	7282
P132,1	7283	7284
P86,2	7285	7286
P131,2	7287	7288
P26,2	7289	7290
P33,2	7291	7292
P49,2	7293	7294
P10,2	7295	7296
P159,2	7297	7298
P162,1	7299	7300
P35,1	7301	7302
P34,2	7303	7304
P107,1	7305	7306
P134,1	7307	7308
P164,1	7309	7310
P165,1	7311	7312
P50,2	7313	7314
P89,1	7315	7316
P63,2	7317	7318
P167,1	7319	7320
P137,1	7321	7322
P15,2	7323	7324
P138,2	7325	7326
P112,2	7327	7328
P114,1	7329	7330
P139,1	7331	7332
P90,2	7333	7334
P22,2	7335	7336
P23,2	7337	7338
P171,1	7339	7340
P116,2	7341	7342
P29,2	7343	7344
P141,2	7345	7346
P173,1	7347	7348
P75,2	7349	7350
P143,1	7351	7352
P92,1	7353	7354
P176,1	7355	7356
P178,1	7357	7358
P66,2	7359	7360
P180,1	7361	7362
P181,1	7363	7364
P118,1	7365	7366
P144,2	7367	7368
P182,2	7369	7370
P95,1	7371	7372
P119,2	7373	7374
P183,2	7375	7376
P67,1	7377	7378
P43,2	7379	7380
P78,2	7381	7382
P120,1	7383	7384
P57,1	7385	7386
P96,1	7387	7388
P187,1	7389	7390
P148,1	7391	7392
P14,1	7393	7394
P188,1	7395	7396
P47,1	7397	7398
P12,3	7399	7400
P97,2	7401	7402
P98,1	7403	7404
P19,2	7405	7406
P123,2	7407	7408
P7,2	7409	7410
P81,1	7411	7412
P150,1	7413	7414
P192,1	7415	7416
P152,1	7417	7418
P193,1	7419	7420
P83,2	7421	7422
P25,1	7423	7424
P127,1	7425	7426
P128,1	7427	7428
P153,1	7429	7430
P194,2	7431	7432
P84,1	7433	7434
P195,2	7435	7436
P102,2	7437	7438
P104,1	7439	7440
P48,2	7441	7442
P61,1	7443	7444
P132,1	7445	7446
P86,2	7447	7448
P131,2	7449	7450
P26,2	7451	7452
P33,2	7453	7454
P200,1	7455	7456
P160,1	7457	7458
P158,3	7459	7460
P162,1	7461	7462
P35,1	7463	7464
P34,2	7465	7466
P107,1	7467	7468
P134,1	7469	7470
P164,1	7471	7472
P165,1	7473	7474
P50,2	7475	7476
P89,1	7477	7478
P63,2	7479	7480
P167,1	7481	7482
P137,1	7483	7484
P15,2	7485	7486
P113,1	7487	7488
P53,3	7489	7490
P114,1	7491	7492
P139,1	7493	7494
P90,2	7495	7496
P22,2	7497	7498
P23,2	7499	7500
P171,1	7501	7502
P116,2	7503	7504
P29,2	7505	7506
P141,2	7507	7508
P173,1	7509	7510
P75,2	7511	7512
P143,1	7513	7514
P92,1	7515	7516
P176,1	7517	7517
P177,1	7518	7519
P16,2	7520	7521
P179,1	7522	7523
P17,2	7524	7525
P56,2	7526	7527
P94,1	7528	7529
P77,2	7530	7531
P184,1	7532	7533
P44,2	7534	7535
P146,2	7536	7537
P45,1	7538	7539
P43,2	7540	7541
P24,2	7542	7543
P79,1	7544	7544
P46,2	7545	7546
P96,1	7547	7548
P187,1	7549	7550
P148,1	7551	7552
P14,1	7553	7553
P188,1	7554	7555
P47,1	7556	7557
P12,3	7558	7559
P97,2	7560	7561
P98,1	7562	7563
P19,2	7564	7565
P123,2	7566	7567
P7,2	7568	7569
P81,1	7570	7571
P150,1	7572	7573
P192,1	7574	7575
P152,1	7576	7577
P193,1	7578	7579
P83,2	7580	7581
P25,1	7582	7583
P127,1	7584	7585
P128,1	7586	7587
P153,1	7588	7589
P194,2	7590	7591
P84,1	7592	7593
P195,2	7594	7595
P102,2	7596	7597
P104,1	7598	7599
P48,2	7600	7601
P61,1	7602	7603
P132,1	7604	7605
P86,2	7606	7607
P131,2	7608	7609
P26,2	7610	7611
P33,2	7612	7613
P200,1	7614	7615
P160,1	7616	7617
P158,3	7618	7619
P162,1	7620	7621
P35,1	7622	7623
P34,2	7624	7625
P107,1	7626	7627
P134,1	7628	7629
P164,1	7630	7631
P165,1	7632	7633
P50,2	7634	7635
P89,1	7636	7637
P63,2	7638	7639
P167,1	7640	7641
P137,1	7642	7643
P15,2	7644	7645
P113,1	7646	7646
P112,2	7647	7648
P11,1	7649	7650
P21,1	7651	7652
P169,2	7653	7654
P64,1	7655	7656
P140,1	7657	7658
P54,2	7659	7660
P115,1	7661	7662
P28,2	7663	7664
P55,1	7665	7666
P91,2	7667	7668
P76,1	7669	7670
P65,1	7671	7672
P40,2	7673	7674
P41,2	7675	7676
P177,1	7677	7678
P16,2	7679	7680
P179,1	7681	7681
P17,2	7682	7683
P56,2	7684	7685
P94,1	7686	7687
P77,2	7688	7689
P184,1	7690	7691
P44,2	7692	7693
P146,2	7694	7695
P45,1	7696	7697
P43,2	7698	7699
P24,2	7700	7701
P120,1	7702	7703
P13,1	7704	7705
P18,2	7706	7707
P148,1	7708	7709
P188,1	7710	7711
P47,1	7712	7713
P12,3	7714	7715
P149,1	7716	7717
P69,1	7718	7719
P122,2	7720	7721
P189,2	7722	7723
P190,2	7724	7725
P125,1	7726	7727
P124,2	7728	7729
P60,2	7730	7731
P31,1	7732	7733
P126,2	7734	7735
P2,2	7736	7737
P99,1	7738	7739
P151,2	7740	7741
P100,1	7742	7743
P70,2	7744	7745
P154,1	7746	7747
P155,1	7748	7749
P129,2	7750	7751
P101,2	7752	7753
P156,1	7754	7755
P130,1	7756	7757
P85,1	7758	7759
P103,3	7760	7761
P32,2	7762	7763
P157,1	7764	7765
P106,1	7766	7767
P199,1	7768	7769
P49,2	7770	7771
P10,2	7772	7773
P159,2	7774	7775
P161,2	7776	7777
P88,2	7778	7779
P133,2	7780	7781
P4,2	7782	7783
P62,1	7784	7785
P36,2	7786	7787
P108,2	7788	7789
P38,1	7790	7791
P135,2	7792	7793
P109,2	7794	7795
P166,1	7796	7797
P110,1	7798	7799
P111,1	7800	7801
P138,2	7802	7803
P53,3	7804	7805
P11,1	7806	7807
P21,1	7808	7809
P169,2	7810	7811
P64,1	7812	7813
P140,1	7814	7815
P54,2	7816	7817
P115,1	7818	7819
P29,2	7820	7821
P141,2	7822	7823
P116,3	7824	7825
P76,1	7826	7827
P65,1	7828	7829
P40,2	7830	7831
P41,2	7832	7833
P177,1	7834	7835
P16,2	7836	7837
P180,1	7838	7839
P181,1	7840	7841
P118,1	7842	7843
P144,2	7844	7845
P182,2	7846	7847
P95,1	7848	7849
P119,2	7850	7851
P183,2	7852	7853
P185,2	7854	7855
P67,2	7856	7857
P78,2	7858	7859
P46,2	7860	7861
P96,1	7862	7863
P187,1	7864	7865
P68,2	7866	7867
P80,2	7868	7869
P12,3	7870	7871
P58,2	7872	7873
P97,2	7874	7875
P98,1	7876	7877
P19,2	7878	7879
P123,2	7880	7881
P7,2	7882	7883
P81,1	7884	7885
P150,1	7886	7887
P31,1	7888	7889
P152,1	7890	7891
P193,1	7892	7893
P83,2	7894	7895
P25,1	7896	7897
P127,1	7898	7899
P128,1	7900	7901
P153,1	7902	7903
P194,2	7904	7905
P84,1	7906	7907
P195,2	7908	7909
P102,2	7910	7911
P104,1	7912	7913
P48,2	7914	7915
P61,1	7916	7917
P132,1	7918	7919
P86,2	7920	7921
P131,2	7922	7923
P26,2	7924	7925
P33,2	7926	7927
P200,1	7928	7929
P160,1	7930	7931
P158,3	7932	7933
P88,2	7934	7935
P133,2	7936	7937
P4,2	7938	7939
P62,1	7940	7941
P134,1	7942	7943
P164,1	7944	7945
P165,1	7946	7947
P50,2	7948	7949
P89,1	7950	7951
P63,2	7952	7953
P110,1	7954	7955
P111,1	7956	7957
P138,2	7958	7959
P53,3	7960	7961
P11,1	7962	7963
P21,1	7964	7965
P169,2	7966	7967
P64,1	7968	7969
P140,1	7970	7971
P54,2	7972	7973
P115,1	7974	7975
P29,2	7976	7977
P141,2	7978	7979
P116,3	7980	7981
P76,1	7982	7983
P143,1	7984	7985
P65,2	7986	7987
P41,2	7988	7989
P177,1	7990	7991
P16,2	7992	7993
P180,1	7994	7995
P181,1	7996	7997
P118,1	7998	7999
P144,2	8000	8001
P182,2	8002	8003
P95,1	8004	8005
P119,2	8006	8007
P183,2	8008	8009
P185,2	8010	8011
P67,2	8012	8013
P78,2	8014	8015
P46,2	8016	8017
P96,1	8018	8019
P187,1	8020	8021
P68,2	8022	8023
P80,2	8024	8025
P12,3	8026	8027
P58,2	8028	8029
P69,1	8030	8031
P122,2	8032	8033
P189,2	8034	8035
P149,2	8036	8037
P7,2	8038	8039
P81,1	8040	8041
P150,1	8042	8043
P31,1	8044	8045
P152,1	8046	8047
P193,1	8048	8049
P83,2	8050	8051
P25,1	8052	8053
P127,1	8054	8055
P70,2	8056	8057
P154,1	8058	8059
P155,1	8060	8061
P129,2	8062	8063
P101,2	8064	8065
P156,1	8066	8067
P130,1	8068	8069
P85,1	8070	8071
P103,3	8072	8073
P32,2	8074	8075
P157,1	8076	8077
P106,1	8078	8079
P199,1	8080	8081
P49,2	8082	8083
P10,2	8084	8085
P158,3	8086	8087
P88,2	8088	8089
P159,3	8090	8091
P34,2	8092	8093
P107,2	8094	8095
P162,2	8096	8097
P36,2	8098	8099
P108,2	8100	8101
P38,1	8102	8103
P135,2	8104	8105
P109,2	8106	8107
P167,1	8108	8109
P137,1	8110	8111
P15,2	8112	8113
P112,2	8114	8115
P113,2	8116	8117
P114,1	8118	8119
P139,1	8120	8121
P90,2	8122	8123
P22,2	8124	8125
P23,2	8126	8127
P171,1	8128	8129
P28,2	8130	8131
P55,1	8132	8133
P91,2	8134	8135
P173,1	8136	8137
P75,2	8138	8139
P40,2	8140	8141
P92,1	8142	8143
P176,2	8144	8145
P16,2	8146	8147
P180,1	8148	8149
P181,1	8150	8151
P118,1	8152	8153
P144,2	8154	8155
P182,2	8156	8157
P95,1	8158	8159
P119,2	8160	8161
P183,2	8162	8163
P185,2	8164	8165
P67,2	8166	8167
P78,2	8168	8169
P46,2	8170	8171
P96,1	8172	8172
P18,2	8173	8174
P148,1	8175	8176
P188,1	8177	8178
P47,1	8179	8180
P30,2	8181	8182
P97,2	8183	8184
P98,1	8185	8186
P189,2	8187	8188
P123,2	8189	8190
P190,2	8191	8192
P125,1	8193	8194
P124,2	8195	8196
P60,2	8197	8198
P152,1	8199	8200
P193,1	8201	8202
P83,2	8203	8204
P25,1	8205	8206
P127,1	8207	8208
P70,2	8209	8210
P153,1	8211	8212
P194,2	8213	8214
P84,1	8215	8216
P195,2	8217	8218
P102,2	8219	8220
P104,1	8221	8222
P48,2	8223	8224
P61,1	8225	8226
P132,1	8227	8228
P86,2	8229	8230
P131,2	8231	8232
P26,2	8233	8234
P33,2	8235	8236
P200,1	8237	8238
P160,1	8239	8240
P161,2	8241	8242
P35,1	8243	8244
P133,2	8245	8246
P4,2	8247	8248
P62,1	8249	8250
P134,1	8251	8252
P164,1	8253	8254
P165,1	8255	8256
P50,2	8257	8258
P89,1	8259	8260
P63,2	8261	8262
P110,1	8263	8264
P111,1	8265	8266
P138,2	8267	8268
P53,3	8269	8270
P11,1	8271	8272
P21,1	8273	8274
P169,2	8275	8276
P64,1	8277	8278
P140,1	8279	8280
P54,2	8281	8282
P115,1	8283	8284
P29,2	8285	8286
P141,2	8287	8288
P116,3	8289	8290
P76,1	8291	8292
P143,1	8293	8294
P65,2	8295	8296
P41,2	8297	8298
P177,1	8299	8300
P66,2	8301	8302
P17,2	8303	8304
P118,1	8305	8306
P144,2	8307	8308
P182,2	8309	8310
P184,1	8311	8312
P44,2	8313	8314
P146,2	8315	8316
P45,1	8317	8318
P43,2	8319	8320
P24,2	8321	8322
P120,1	8323	8324
P13,1	8325	8326
P187,1	8327	8328
P148,1	8329	8330
P188,1	8331	8332
P47,1	8333	8334
P30,2	8335	8336
P97,2	8337	8338
P98,1	8339	8340
P189,2	8341	8342
P123,2	8343	8344
P190,2	8345	8346
P125,1	8347	8348
P124,2	8349	8350
P60,2	8351	8352
P152,1	8353	8354
P126,2	8355	8356
P2,2	8357	8358
P99,1	8359	8360
P151,2	8361	8362
P128,1	8363	8364
P100,2	8365	8366
P154,1	8367	8368
P155,1	8369	8370
P129,2	8371	8372
P101,2	8373	8374
P156,1	8375	8376
P130,1	8377	8378
P85,1	8379	8380
P103,3	8381	8382
P32,2	8383	8384
P157,1	8385	8386
P106,1	8387	8388
P199,1	8389	8390
P49,2	8391	8392
P10,2	8393	8394
P158,3	8395	8396
P88,2	8397	8398
P159,3	8399	8400
P34,2	8401	8402
P107,2	8403	8404
P162,2	8405	8406
P36,2	8407	8408
P108,2	8409	8410
P38,1	8411	8412
P135,2	8413	8414
P109,2	8415	8416
P167,1	8417	8418
P137,1	8419	8420
P15,2	8421	8422
P112,2	8423	8424
P113,2	8425	8426
P21,1	8427	8428
P90,2	8429	8430
P22,2	8431	8432
P23,2	8433	8434
P171,1	8435	8436
P28,2	8437	8438
P55,1	8439	8440
P91,2	8441	8442
P173,1	8443	8444
P75,2	8445	8446
P40,2	8447	8448
P92,1	8449	8450
P176,2	8451	8452
P16,2	8453	8454
P180,1	8455	8456
P56,2	8457	8458
P94,1	8459	8460
P77,2	8461	8462
P181,2	8463	8464
P95,1	8465	8466
P119,2	8467	8468
P183,2	8469	8470
P185,2	8471	8472
P67,2	8473	8474
P78,2	8475	8476
P13,1	8477	8478
P187,1	8479	8480
P148,1	8481	8482
P68,2	8483	8484
P80,2	8485	8486
P12,3	8487	8488
P58,2	8489	8490
P69,1	8491	8492
P122,2	8493	8494
P19,3	8495	8496
P149,2	8497	8498
P7,2	8499	8500
P81,1	8501	8502
P150,1	8503	8504
P192,2	8505	8506
P31,2	8507	8508
P193,1	8509	8510
P83,2	8511	8512
P25,1	8513	8514
P127,1	8515	8516
P70,2	8517	8518
P153,1	8519	8520
P194,2	8521	8522
P84,2	8523	8524
P195,2	8525	8526
P102,2	8527	8528
P104,1	8529	8530
P48,2	8531	8532
P61,1	8533	8534
P132,1	8535	8536
P86,2	8537	8538
P131,2	8539	8540
P26,2	8541	8542
P33,2	8543	8544
P200,1	8545	8546
P160,1	8547	8548
P161,2	8549	8550
P35,1	8551	8551
P133,2	8552	8553
P4,2	8554	8555
P62,1	8556	8557
P134,1	8558	8559
P164,1	8560	8561
P165,1	8562	8562
P38,1	8563	8564
P135,2	8565	8566
P109,2	8567	8568
P167,1	8569	8570
P137,1	8571	8572
P15,2	8573	8574
P112,2	8575	8576
P113,2	8577	8578
P21,1	8579	8580
P90,2	8581	8582
P140,1	8583	8584
P64,2	8585	8586
P139,2	8587	8588
P115,1	8589	8590
P29,2	8591	8592
P141,2	8593	8594
P116,3	8595	8596
P76,1	8597	8598
P143,1	8599	8600
P65,2	8601	8602
P41,2	8603	8604
P177,1	8605	8606
P66,2	8607	8608
P17,2	8609	8610
P118,1	8611	8612
P144,2	8613	8614
P182,2	8615	8616
P184,1	8617	8618
P44,2	8619	8620
P146,2	8621	8622
P45,1	8623	8624
P43,2	8625	8626
P24,2	8627	8628
P120,1	8629	8630
P13,2	8631	8632
P148,1	8633	8634
P68,2	8635	8636
P80,2	8637	8638
P12,3	8639	8640
P58,2	8641	8642
P69,1	8643	8644
P122,2	8645	8646
P19,3	8647	8648
P149,2	8649	8650
P7,2	8651	8652
P81,1	8653	8654
P150,1	8655	8656
P192,2	8657	8658
P31,2	8659	8660
P193,1	8661	8662
P83,2	8663	8664
P25,1	8665	8666
P127,1	8667	8668
P70,2	8669	8670
P154,1	8671	8672
P153,2	8673	8674
P84,2	8675	8676
P195,2	8677	8678
P102,2	8679	8680
P104,1	8681	8682
P48,2	8683	8684
P61,1	8685	8686
P132,1	8687	8688
P86,2	8689	8690
P131,2	8691	8692
P26,2	8693	8694
P33,2	8695	8696
P200,1	8697	8698
P160,1	8699	8700
P161,2	8701	8702
P159,3	8703	8704
P35,2	8705	8706
P4,2	8707	8708
P62,1	8709	8709
P162,2	8710	8711
P36,2	8712	8713
P108,2	8714	8715
P50,2	8716	8717
P89,1	8718	8719
P63,2	8720	8721
P110,1	8722	8723
P111,1	8724	8725
P138,2	8726	8727
P53,3	8728	8729
P11,1	8730	8731
P169,2	8732	8733
P140,1	8734	8735
P64,2	8736	8737
P139,2	8738	8739
P115,1	8740	8741
P29,2	8742	8743
P141,2	8744	8745
P116,3	8746	8747
P76,1	8748	8749
P143,1	8750	8751
P65,2	8752	8753
P41,2	8754	8755
P177,1	8756	8757
P66,2	8758	8759
P17,2	8760	8761
P118,1	8762	8763
P144,2	8764	8765
P181,2	8766	8767
P95,1	8768	8769
P119,2	8770	8771
P183,2	8772	8773
P185,2	8774	8775
P67,2	8776	8777
P78,2	8778	8779
P187,1	8780	8781
P96,2	8782	8783
P46,3	8784	8785
P188,1	8786	8787
P12,3	8788	8789
P58,2	8790	8791
P69,1	8792	8793
P122,2	8794	8795
P19,3	8796	8797
P149,2	8798	8799
P7,2	8800	8801
P81,1	8802	8803
P150,1	8804	8805
P192,2	8806	8807
P31,2	8808	8809
P193,1	8810	8811
P83,2	8812	8813
P25,1	8814	8815
P127,1	8816	8817
P70,2	8818	8819
P154,1	8820	8821
P153,2	8822	8823
P84,2	8824	8825
P195,2	8826	8827
P102,2	8828	8829
P104,1	8830	8831
P48,2	8832	8833
P61,1	8834	8835
P132,1	8836	8837
P86,2	8838	8838
P131,2	8839	8840
P26,2	8841	8842
P33,2	8843	8844
P200,1	8845	8846
P160,1	8847	8848
P161,2	8849	8850
P159,3	8851	8852
P35,2	8853	8854
P4,2	8855	8856
P162,2	8857	8858
P36,2	8859	8860
P108,2	8861	8862
P50,2	8863	8864
P89,1	8865	8865
P109,2	8866	8867
P167,1	8868	8869
P137,1	8870	8871
P15,2	8872	8873
P112,2	8874	8875
P113,2	8876	8877
P21,1	8878	8879
P22,2	8880	8881
P64,2	8882	8883
P139,2	8884	8885
P115,1	8886	8887
P29,2	8888	8889
P141,2	8890	8891
P116,3	8892	8893
P76,1	8894	8895
P143,1	8896	8897
P65,2	8898	8899
P41,2	8900	8901
P177,1	8902	8903
P66,2	8904	8905
P17,2	8906	8907
P118,1	8908	8909
P144,2	8910	8911
P181,2	8912	8913
P95,1	8914	8915
P119,2	8916	8917
P183,2	8918	8919
P185,2	8920	8921
P67,2	8922	8923
P120,1	8924	8925
P24,3	8926	8927
P96,2	8928	8929
P46,3	8930	8931
P188,1	8932	8933
P12,3	8934	8935
P58,2	8936	8937
P69,1	8938	8939
P122,2	8940	8941
P19,3	8942	8943
P149,2	8944	8945
P7,2	8946	8947
P81,1	8948	8949
P150,1	8950	8950
P192,2	8951	8952
P31,2	8953	8954
P193,1	8955	8956
P83,2	8957	8958
P151,2	8959	8960
P99,2	8961	8962
P70,2	8963	8964
P154,1	8965	8966
P153,2	8967	8968
P84,2	8969	8970
P195,2	8971	8972
P102,2	8973	8974
P104,1	8975	8976
P48,2	8977	8978
P61,1	8979	8980
P132,1	8981	8982
P131,2	8983	8984
P26,2	8985	8986
P199,1	8987	8988
P49,2	8989	8990
P10,2	8991	8992
P158,3	8993	8994
P88,2	8995	8996
P133,2	8997	8998
P34,2	8999	9000
P107,2	9001	9002
P36,2	9003	9004
P164,1	9005	9006
P38,1	9007	9008
P135,2	9009	9010
P63,2	9011	9012
P110,1	9013	9014
P111,1	9015	9016
P138,2	9017	9018
P53,3	9019	9020
P11,1	9021	9022
P169,2	9023	9024
P23,2	9025	9026
P54,2	9027	9028
P171,1	9029	9030
P28,2	9031	9032
P55,1	9033	9034
P116,3	9035	9036
P75,2	9037	9038
P76,2	9039	9040
P65,2	9041	9042
P41,2	9043	9044
P177,1	9045	9046
P66,2	9047	9048
P17,2	9049	9050
P118,1	9051	9052
P182,2	9053	9054
P184,1	9055	9056
P44,2	9057	9058
P146,2	9059	9060
P45,1	9061	9062
P43,2	9063	9064
P78,2	9065	9066
P187,1	9067	9068
P13,2	9069	9070
P148,1	9071	9072
P188,1	9073	9074
P12,3	9075	9076
P58,2	9077	9078
P69,1	9079	9080
P122,2	9081	9082
P19,3	9083	9084
P149,2	9085	9086
P7,2	9087	9088
P81,1	9089	9090
P60,2	9091	9092
P152,1	9093	9094
P126,2	9095	9096
P2,2	9097	9098
P25,1	9099	9100
P127,1	9101	9102
P128,1	9103	9104
P100,2	9105	9106
P194,2	9107	9107
P153,2	9108	9109
P129,2	9110	9111
P101,2	9112	9113
P156,1	9114	9115
P130,1	9116	9117
P85,1	9118	9119
P132,1	9120	9121
P131,2	9122	9123
P106,1	9124	9125
P86,3	9126	9127
P33,2	9128	9129
P200,1	9130	9131
P158,3	9132	9133
P88,2	9134	9135
P133,2	9136	9137
P34,2	9138	9139
P107,2	9140	9141
P36,2	9142	9143
P164,1	9144	9145
P38,1	9146	9147
P135,2	9148	9149
P63,2	9150	9151
P110,1	9152	9153
P111,1	9154	9155
P138,2	9156	9157
P53,3	9158	9159
P169,2	9160	9161
P23,2	9162	9163
P64,2	9164	9165
P139,2	9166	9167
P115,1	9168	9168
P29,2	9169	9170
P91,2	9171	9172
P141,3	9173	9174
P75,2	9175	9176
P76,2	9177	9178
P65,2	9179	9180
P41,2	9181	9182
P177,1	9183	9184
P66,2	9185	9186
P17,2	9187	9188
P144,2	9189	9190
P181,2	9191	9192
P95,1	9193	9193
P44,2	9194	9195
P146,2	9196	9197
P45,1	9198	9199
P43,2	9200	9201
P78,2	9202	9203
P187,1	9204	9205
P13,2	9206	9207
P148,1	9208	9209
P188,1	9210	9211
P12,3	9212	9213
P58,2	9214	9215
P69,1	9216	9217
P122,2	9218	9219
P19,3	9220	9221
P149,2	9222	9223
P7,2	9224	9225
P81,1	9226	9227
P60,2	9228	9229
P152,1	9230	9231
P126,2	9232	9233
P2,2	9234	9235
P25,1	9236	9237
P127,1	9238	9239
P128,1	9240	9241
P100,2	9242	9243
P153,2	9244	9245
P194,3	9246	9247
P195,2	9248	9249
P102,2	9250	9251
P104,1	9252	9253
P48,2	9254	9255
P103,3	9256	9257
P157,1	9258	9259
P61,2	9260	9261
P26,2	9262	9263
P199,1	9264	9265
P49,2	9266	9267
P160,1	9268	9269
P161,2	9270	9271
P159,3	9272	9273
P35,2	9274	9275
P4,2	9276	9277
P162,2	9278	9279
P134,2	9280	9281
P108,2	9282	9283
P135,2	9284	9285
P109,2	9286	9287
P110,1	9288	9289
P111,1	9290	9291
P112,2	9292	9293
P15,3	9294	9295
P169,2	9296	9297
P23,2	9298	9299
P64,2	9300	9301
P139,2	9302	9303
P115,2	9304	9305
P29,2	9306	9307
P116,3	9308	9309
P173,1	9310	9311
P143,1	9312	9313
P55,2	9314	9315
P65,2	9316	9317
P41,2	9318	9319
P177,1	9320	9321
P66,2	9322	9323
P17,2	9324	9325
P144,2	9326	9327
P181,2	9328	9329
P95,2	9330	9331
P119,2	9332	9333
P183,2	9334	9335
P185,2	9336	9337
P67,2	9338	9339
P120,1	9340	9341
P24,3	9342	9343
P96,2	9344	9345
P46,3	9346	9347
P80,2	9348	9349
P30,2	9350	9351
P97,2	9352	9353
P98,1	9354	9355
P189,2	9356	9357
P123,2	9358	9359
P190,2	9360	9361
P125,1	9362	9363
P124,2	9364	9365
P192,2	9366	9367
P31,2	9368	9369
P193,1	9370	9371
P83,2	9372	9373
P151,2	9374	9375
P99,2	9376	9377
P100,2	9378	9379
P153,2	9380	9381
P194,3	9382	9383
P195,2	9384	9385
P102,2	9386	9387
P130,1	9388	9389
P85,1	9390	9391
P132,1	9392	9393
P131,2	9394	9395
P106,1	9396	9397
P86,3	9398	9399
P33,2	9400	9401
P160,1	9402	9403
P158,3	9404	9405
P159,3	9406	9407
P35,2	9408	9409
P4,2	9410	9411
P162,2	9412	9413
P134,2	9414	9415
P108,2	9416	9417
P135,2	9418	9419
P109,2	9420	9421
P110,1	9422	9423
P111,1	9424	9425
P112,2	9426	9427
P15,3	9428	9429
P169,2	9430	9431
P23,2	9432	9433
P64,2	9434	9435
P139,2	9436	9437
P115,2	9438	9439
P29,2	9440	9441
P116,3	9442	9443
P173,1	9444	9445
P143,1	9446	9447
P55,2	9448	9449
P65,2	9450	9451
P41,2	9452	9452
P177,1	9453	9454
P66,2	9455	9456
P17,2	9457	9458
P144,2	9459	9460
P181,2	9461	9462
P95,2	9463	9464
P119,2	9465	9466
P183,2	9467	9468
P185,2	9469	9470
P67,2	9471	9472
P120,1	9473	9474
P24,3	9475	9476
P96,2	9477	9478
P46,3	9479	9480
P80,2	9481	9482
P30,2	9483	9484
P97,2	9485	9486
P122,2	9487	9488
P19,3	9489	9490
P123,2	9491	9492
P190,2	9493	9494
P125,1	9495	9496
P124,2	9497	9498
P192,2	9499	9500
P31,2	9501	9502
P193,1	9503	9504
P83,2	9505	9506
P151,2	9507	9508
P99,2	9509	9510
P154,1	9511	9512
P84,2	9513	9514
P129,2	9515	9516
P101,2	9517	9518
P156,1	9519	9520
P85,1	9521	9522
P132,1	9523	9523
P157,1	9524	9525
P61,2	9526	9527
P26,2	9528	9529
P199,1	9530	9531
P49,2	9532	9533
P200,2	9534	9535
P88,2	9536	9537
P133,2	9538	9539
P161,3	9540	9541
P4,2	9542	9543
P162,2	9544	9545
P134,2	9546	9547
P50,2	9548	9549
P38,2	9550	9551
P63,2	9552	9553
P137,1	9554	9555
P138,2	9556	9557
P53,3	9558	9559
P113,2	9560	9561
P22,2	9562	9563
P64,2	9564	9565
P139,2	9566	9567
P115,2	9568	9569
P29,2	9570	9571
P116,3	9572	9573
P173,1	9574	9575
P143,1	9576	9577
P55,2	9578	9579
P65,2	9580	9581
P176,2	9582	9583
P41,3	9584	9585
P66,2	9586	9587
P17,2	9588	9589
P182,2	9590	9591
P184,1	9592	9593
P118,2	9594	9595
P119,2	9596	9597
P183,2	9598	9599
P185,2	9600	9601
P67,2	9602	9603
P120,1	9604	9605
P24,3	9606	9607
P96,2	9608	9609
P46,3	9610	9611
P80,2	9612	9613
P30,2	9614	9615
P97,2	9616	9617
P122,2	9618	9619
P19,3	9620	9621
P123,2	9622	9623
P190,2	9624	9625
P125,1	9626	9627
P124,2	9628	9629
P192,2	9630	9631
P31,2	9632	9633
P193,1	9634	9635
P25,1	9636	9637
P127,1	9638	9638
P83,3	9639	9640
P154,1	9641	9642
P84,2	9643	9644
P129,2	9645	9646
P101,2	9647	9648
P156,1	9649	9650
P85,1	9651	9652
P157,1	9653	9654
P130,2	9655	9656
P132,2	9657	9658
P26,2	9659	9660
P199,1	9661	9662
P49,2	9663	9664
P200,2	9665	9666
P159,3	9667	9668
P35,2	9669	9670
P34,2	9671	9672
P107,2	9673	9674
P36,2	9675	9676
P108,2	9677	9678
P38,2	9679	9680
P63,2	9681	9682
P137,1	9683	9684
P112,2	9685	9686
P15,3	9687	9688
P22,2	9689	9690
P21,2	9691	9692
P54,2	9693	9694
P171,1	9695	9696
P28,2	9697	9698
P91,2	9699	9700
P141,3	9701	9702
P75,2	9703	9704
P76,2	9705	9706
P40,2	9707	9707
P65,2	9708	9709
P176,2	9710	9711
P41,3	9712	9713
P66,2	9714	9715
P17,2	9716	9717
P182,2	9718	9719
P184,1	9720	9721
P118,2	9722	9723
P119,2	9724	9725
P183,2	9726	9727
P43,2	9728	9729
P78,2	9730	9731
P24,3	9732	9733
P96,2	9734	9735
P46,3	9736	9737
P80,2	9738	9739
P58,2	9740	9741
P98,1	9742	9743
P189,2	9744	9745
P69,2	9746	9747
P149,2	9748	9749
P7,2	9750	9751
P60,2	9752	9753
P152,1	9754	9755
P31,2	9756	9757
P193,1	9758	9759
P151,2	9760	9761
P83,3	9762	9763
P154,1	9764	9765
P84,2	9766	9767
P127,2	9768	9769
P129,2	9770	9771
P101,2	9772	9773
P156,1	9774	9775
P85,1	9776	9777
P157,1	9778	9779
P130,2	9780	9781
P132,2	9782	9783
P26,2	9784	9785
P199,1	9786	9787
P49,2	9788	9789
P200,2	9790	9791
P159,3	9792	9793
P35,2	9794	9795
P34,2	9796	9797
P107,2	9798	9799
P36,2	9800	9801
P108,2	9802	9803
P38,2	9804	9805
P63,2	9806	9807
P138,2	9808	9809
P53,3	9810	9811
P113,2	9812	9813
P111,2	9814	9815
P21,2	9816	9817
P54,2	9818	9819
P171,1	9820	9821
P28,2	9822	9823
P91,2	9824	9825
P141,3	9826	9827
P75,2	9828	9829
P143,2	9830	9831
P65,2	9832	9833
P176,2	9834	9835
P16,2	9836	9837
P66,2	9838	9839
P17,2	9840	9841
P177,2	9842	9843
P181,2	9844	9845
P95,2	9846	9847
P44,2	9848	9849
P146,2	9850	9851
P185,2	9852	9853
P67,2	9854	9855
P120,1	9856	9857
P13,2	9858	9859
P148,1	9860	9861
P188,1	9862	9863
P30,2	9864	9865
P97,2	9866	9867
P122,2	9868	9869
P19,3	9870	9871
P123,2	9872	9873
P190,2	9874	9875
P124,2	9876	9877
P192,2	9878	9879
P125,2	9880	9881
P31,2	9882	9883
P2,2	9884	9885
P99,2	9886	9887
P100,2	9888	9889
P153,2	9890	9891
P25,2	9892	9893
P194,3	9894	9895
P195,2	9896	9897
P102,2	9898	9899
P85,1	9900	9900
P156,2	9901	9902
P157,1	9903	9904
P130,2	9905	9906
P132,2	9907	9908
P26,2	9909	9910
P199,1	9911	9912
P160,1	9913	9914
P88,2	9915	9916
P133,2	9917	9918
P161,3	9919	9920
P4,2	9921	9922
P162,2	9923	9924
P134,2	9925	9926
P50,2	9927	9928
P109,2	9929	9930
P137,1	9931	9932
P112,2	9933	9934
P15,3	9935	9936
P22,2	9937	9938
P169,3	9939	9940
P64,2	9941	9942
P139,2	9943	9944
P28,2	9945	9946
P91,2	9947	9948
P141,3	9949	9950
P75,2	9951	9952
P143,2	9953	9954
P65,2	9955	9956
P176,2	9957	9958
P16,2	9959	9960
P66,2	9961	9962
P17,2	9963	9964
P177,2	9965	9966
P181,2	9967	9968
P95,2	9969	9970
P44,2	9971	9972
P146,2	9973	9974
P185,2	9975	9976
P78,2	9977	9978
P24,3	9979	9980
P67,3	9981	9982
P148,1	9983	9984
P188,1	9985	9986
P30,2	9987	9988
P97,2	9989	9990
P122,2	9991	9992
P19,3	9993	9994
P123,2	9995	9996
P190,2	9997	9998
P124,2	9999	10000
P192,2	10001	10002
P125,2	10003	10004
P31,2	10005	10006
P2,2	10007	10008
P99,2	10009	10010
P100,2	10011	10012
P153,2	10013	10014
P25,2	10015	10016
P194,3	10017	10018
P195,2	10019	10020
P102,2	10021	10022
P156,2	10023	10024
P157,1	10025	10026
P131,3	10027	10028
P61,2	10029	10030
P106,1	10031	10031
P86,3	10032	10033
P49,2	10034	10035
P200,2	10036	10037
P159,3	10038	10039
P33,3	10040	10041
P161,3	10042	10043
P4,2	10044	10045
P162,2	10046	10047
P134,2	10048	10049
P50,2	10050	10051
P109,2	10052	10053
P112,2	10054	10055
P15,3	10056	10057
P22,2	10058	10059
P169,3	10060	10061
P64,2	10062	10063
P139,2	10064	10065
P28,2	10066	10067
P171,2	10068	10069
P116,3	10070	10071
P173,1	10072	10073
P76,2	10074	10075
P55,2	10076	10077
P92,1	10078	10079
P41,3	10080	10081
P40,3	10082	10083
P180,1	10084	10085
P144,2	10086	10087
P182,2	10088	10089
P184,1	10090	10091
P118,2	10092	10093
P119,2	10094	10095
P183,2	10096	10097
P43,2	10098	10099
P120,1	10100	10101
P13,2	10102	10103
P96,2	10104	10105
P46,3	10106	10107
P80,2	10108	10109
P58,2	10110	10111
P98,1	10112	10113
P189,2	10114	10115
P69,2	10116	10117
P149,2	10118	10119
P7,2	10120	10121
P60,2	10122	10123
P152,1	10124	10125
P81,2	10126	10127
P126,2	10128	10129
P151,2	10130	10131
P83,3	10132	10133
P154,1	10134	10135
P84,2	10136	10137
P127,2	10138	10139
P129,2	10140	10141
P101,2	10142	10143
P48,2	10144	10145
P103,3	10146	10147
P85,2	10148	10149
P130,2	10150	10151
P132,2	10152	10153
P86,3	10154	10155
P49,2	10156	10157
P88,2	10158	10159
P159,3	10160	10161
P33,3	10162	10163
P161,3	10164	10165
P4,2	10166	10167
P162,2	10168	10169
P134,2	10170	10171
P50,2	10172	10173
P109,2	10174	10175
P112,2	10176	10177
P15,3	10178	10179
P22,2	10180	10181
P169,3	10182	10183
P64,2	10184	10185
P139,2	10186	10187
P28,2	10188	10189
P171,2	10190	10191
P116,3	10192	10193
P173,1	10194	10195
P76,2	10196	10197
P55,2	10198	10199
P92,1	10200	10201
P41,3	10202	10203
P40,3	10204	10205
P180,1	10206	10207
P177,2	10208	10209
P144,3	10210	10211
P184,1	10212	10213
P118,2	10214	10215
P119,2	10216	10216
P146,2	10217	10218
P185,2	10219	10220
P78,2	10221	10222
P24,3	10223	10224
P67,3	10225	10226
P148,1	10227	10228
P188,1	10229	10230
P30,2	10231	10232
P97,2	10233	10234
P122,2	10235	10236
P19,3	10237	10238
P123,2	10239	10240
P190,2	10241	10242
P124,2	10243	10244
P192,2	10245	10246
P125,2	10247	10248
P31,2	10249	10250
P2,2	10251	10252
P99,2	10253	10254
P100,2	10255	10256
P84,2	10257	10258
P25,2	10259	10260
P194,3	10261	10262
P195,2	10263	10264
P102,2	10265	10266
P156,2	10267	10268
P157,1	10269	10270
P131,3	10271	10272
P61,2	10273	10274
P26,2	10275	10276
P199,1	10277	10278
P200,2	10279	10280
P106,2	10281	10282
P133,2	10283	10284
P35,2	10285	10286
P34,2	10287	10288
P107,2	10289	10290
P36,2	10291	10292
P108,2	10293	10294
P38,2	10295	10296
P137,2	10297	10298
P53,3	10299	10300
P113,2	10301	10302
P111,2	10303	10304
P21,2	10305	10306
P54,2	10307	10308
P115,2	10309	10310
P91,2	10311	10312
P29,3	10313	10314
P141,3	10315	10316
P75,2	10317	10318
P143,2	10319	10320
P65,2	10321	10322
P41,3	10323	10324
P40,3	10325	10326
P180,1	10327	10328
P17,2	10329	10330
P182,2	10331	10332
P181,2	10333	10334
P95,2	10335	10336
P44,2	10337	10338
P183,2	10339	10339
P43,2	10340	10341
P120,1	10342	10343
P13,2	10344	10345
P96,2	10346	10347
P46,3	10348	10349
P30,2	10350	10351
P97,2	10352	10353
P188,2	10354	10355
P189,2	10356	10357
P69,2	10358	10359
P149,2	10360	10361
P7,2	10362	10363
P60,2	10364	10365
P152,1	10366	10367
P81,2	10368	10369
P126,2	10370	10371
P151,2	10372	10373
P83,3	10374	10375
P153,2	10376	10377
P154,2	10378	10379
P127,2	10380	10381
P129,2	10382	10383
P101,2	10384	10385
P48,2	10386	10387
P103,3	10388	10389
P85,2	10390	10391
P130,2	10392	10393
P132,2	10394	10395
P86,3	10396	10397
P49,2	10398	10399
P88,2	10400	10401
P159,3	10402	10403
P33,3	10404	10405
P161,3	10406	10407
P4,2	10408	10409
P162,2	10410	10411
P134,2	10412	10413
P50,2	10414	10415
P109,2	10416	10417
P112,2	10418	10419
P15,3	10420	10421
P22,2	10422	10423
P169,3	10424	10425
P64,2	10426	10427
P139,2	10428	10429
P28,2	10430	10431
P171,2	10432	10433
P116,3	10434	10435
P173,1	10436	10437
P76,2	10438	10439
P55,2	10440	10441
P176,2	10442	10443
P16,2	10444	10445
P66,2	10446	10447
P92,2	10448	10449
P177,2	10450	10451
P144,3	10452	10453
P184,1	10454	10455
P118,2	10456	10457
P146,2	10458	10459
P43,2	10460	10461
P24,3	10462	10463
P120,2	10464	10465
P96,2	10466	10467
P46,3	10468	10469
P30,2	10470	10471
P97,2	10472	10473
P122,2	10474	10475
P98,2	10476	10477
P69,2	10478	10479
P149,2	10480	10481
P7,2	10482	10483
P60,2	10484	10485
P152,1	10486	10487
P81,2	10488	10489
P126,2	10490	10491
P151,2	10492	10493
P83,3	10494	10495
P153,2	10496	10497
P154,2	10498	10499
P127,2	10500	10501
P129,2	10502	10503
P102,2	10504	10505
P156,2	10506	10507
P85,2	10508	10509
P130,2	10510	10511
P132,2	10512	10513
P86,3	10514	10515
P200,2	10516	10517
P106,2	10518	10519
P133,2	10520	10521
P35,2	10522	10523
P34,2	10524	10525
P107,2	10526	10527
P36,2	10528	10529
P108,2	10530	10531
P38,2	10532	10533
P137,2	10534	10535
P53,3	10536	10537
P113,2	10538	10539
P111,2	10540	10541
P21,2	10542	10543
P54,2	10544	10545
P115,2	10546	10547
P171,2	10548	10549
P116,3	10550	10551
P173,1	10552	10552
P75,2	10553	10554
P143,2	10555	10556
P65,2	10557	10558
P41,3	10559	10560
P40,3	10561	10562
P92,2	10563	10564
P177,2	10565	10566
P144,3	10567	10568
P184,1	10569	10570
P118,2	10571	10572
P146,2	10573	10574
P43,2	10575	10576
P24,3	10577	10578
P120,2	10579	10580
P96,2	10581	10582
P46,3	10583	10584
P30,2	10585	10586
P97,2	10587	10588
P122,2	10589	10590
P98,2	10591	10592
P69,2	10593	10594
P149,2	10595	10596
P7,2	10597	10598
P60,2	10599	10600
P125,2	10601	10602
P31,2	10603	10604
P2,2	10605	10606
P151,2	10607	10608
P83,3	10609	10610
P153,2	10611	10612
P154,2	10613	10614
P127,2	10615	10616
P129,2	10617	10618
P48,2	10619	10620
P103,3	10621	10622
P131,3	10623	10624
P61,2	10625	10626
P26,2	10627	10628
P49,2	10629	10630
P88,2	10631	10632
P159,3	10633	10634
P33,3	10635	10636
P161,3	10637	10638
P4,2	10639	10640
P162,2	10641	10642
P134,2	10643	10644
P50,2	10645	10646
P109,2	10647	10648
P112,2	10649	10650
P15,3	10651	10652
P22,2	10653	10654
P169,3	10655	10656
P64,2	10657	10658
P139,2	10659	10660
P91,2	10661	10662
P29,3	10663	10664
P141,3	10665	10666
P75,2	10667	10668
P143,2	10669	10670
P55,2	10671	10672
P176,2	10673	10674
P16,2	10675	10676
P66,2	10677	10678
P17,2	10679	10680
P182,2	10681	10682
P181,2	10683	10684
P95,2	10685	10686
P44,2	10687	10688
P185,2	10689	10690
P78,2	10691	10692
P13,2	10693	10694
P67,3	10695	10696
P46,3	10697	10698
P30,2	10699	10700
P97,2	10701	10702
P122,2	10703	10704
P19,3	10705	10706
P123,2	10707	10708
P190,2	10709	10709
P7,2	10710	10711
P192,2	10712	10713
P81,2	10714	10715
P126,2	10716	10717
P152,2	10718	10719
P99,2	10720	10721
P100,2	10722	10723
P84,2	10724	10725
P25,2	10726	10727
P194,3	10728	10729
P102,2	10730	10731
P195,3	10732	10733
P103,3	10734	10735
P131,3	10736	10737
P61,2	10738	10739
P26,2	10740	10741
P200,2	10742	10743
P106,2	10744	10745
P49,3	10746	10747
P33,3	10748	10749
P161,3	10750	10751
P4,2	10752	10753
P162,2	10754	10755
P134,2	10756	10757
P50,2	10758	10759
P109,2	10760	10761
P112,2	10762	10763
P15,3	10764	10765
P22,2	10766	10767
P169,3	10768	10769
P64,2	10770	10771
P139,2	10772	10773
P91,2	10774	10775
P29,3	10776	10777
P141,3	10778	10779
P75,2	10780	10781
P143,2	10782	10783
P55,2	10784	10785
P176,2	10786	10787
P16,2	10788	10789
P66,2	10790	10791
P17,2	10792	10793
P182,2	10794	10795
P181,2	10796	10797
P118,2	10798	10799
P146,2	10800	10801
P43,2	10802	10803
P184,2	10804	10805
P13,2	10806	10807
P67,3	10808	10809
P46,3	10810	10811
P30,2	10812	10813
P97,2	10814	10815
P122,2	10816	10817
P98,2	10818	10819
P69,2	10820	10821
P149,2	10822	10823
P60,2	10824	10825
P125,2	10826	10827
P31,2	10828	10829
P2,2	10830	10831
P151,2	10832	10833
P83,3	10834	10835
P153,2	10836	10837
P154,2	10838	10839
P127,2	10840	10841
P129,2	10842	10843
P48,2	10844	10845
P156,2	10846	10847
P85,2	10848	10849
P130,2	10850	10851
P132,2	10852	10853
P86,3	10854	10854
P88,2	10855	10856
P159,3	10857	10858
P133,2	10859	10860
P35,2	10861	10862
P34,2	10863	10864
P107,2	10865	10866
P36,2	10867	10868
P108,2	10869	10870
P38,2	10871	10872
P137,2	10873	10874
P53,3	10875	10876
P113,2	10877	10878
P169,3	10879	10880
P64,2	10881	10882
P139,2	10883	10884
P91,2	10885	10886
P29,3	10887	10888
P141,3	10889	10890
P75,2	10891	10892
P143,2	10893	10894
P55,2	10895	10896
P176,2	10897	10898
P16,2	10899	10900
P66,2	10901	10902
P17,2	10903	10904
P182,2	10905	10906
P181,2	10907	10908
P118,2	10909	10910
P146,2	10911	10912
P43,2	10913	10914
P184,2	10915	10916
P13,2	10917	10918
P67,3	10919	10920
P46,3	10921	10922
P30,2	10923	10924
P97,2	10925	10926
P122,2	10927	10928
P98,2	10929	10930
P69,2	10931	10932
P149,2	10933	10934
P60,2	10935	10936
P125,2	10937	10938
P31,2	10939	10940
P2,2	10941	10942
P151,2	10943	10944
P83,3	10945	10946
P153,2	10947	10948
P25,2	10949	10950
P194,3	10951	10952
P102,2	10953	10954
P195,3	10955	10956
P85,2	10957	10958
P130,2	10959	10960
P132,2	10961	10962
P200,2	10963	10964
P106,2	10965	10966
P49,3	10967	10968
P33,3	10969	10970
P161,3	10971	10972
P4,2	10973	10974
P162,2	10975	10976
P134,2	10977	10978
P50,2	10979	10980
P109,2	10981	10982
P112,2	10983	10984
P15,3	10985	10986
P111,2	10987	10988
P21,2	10989	10990
P54,2	10991	10992
P115,2	10993	10994
P171,2	10995	10996
P116,3	10997	10998
P28,3	10999	11000
P76,2	11001	11002
P173,2	11003	11004
P65,2	11005	11006
P41,3	11007	11008
P40,3	11009	11010
P92,2	11011	11012
P177,2	11013	11014
P181,2	11015	11016
P118,2	11017	11018
P146,2	11019	11020
P43,2	11021	11022
P184,2	11023	11024
P13,2	11025	11026
P67,3	11027	11028
P46,3	11029	11030
P30,2	11031	11032
P97,2	11033	11034
P122,2	11035	11036
P98,2	11037	11038
P69,2	11039	11040
P149,2	11041	11042
P192,2	11043	11044
P81,2	11045	11046
P126,2	11047	11048
P152,2	11049	11050
P99,2	11051	11052
P100,2	11053	11054
P154,2	11055	11056
P127,2	11057	11058
P102,2	11059	11060
P195,3	11061	11062
P85,2	11063	11064
P130,2	11065	11066
P132,2	11067	11068
P200,2	11069	11070
P106,2	11071	11072
P49,3	11073	11074
P33,3	11075	11076
P161,3	11077	11078
P4,2	11079	11080
P162,2	11081	11082
P134,2	11083	11084
P50,2	11085	11086
P109,2	11087	11088
P112,2	11089	11090
P15,3	11091	11092
P111,2	11093	11094
P21,2	11095	11096
P54,2	11097	11098
P115,2	11099	11100
P29,3	11101	11102
P141,3	11103	11104
P75,2	11105	11106
P143,2	11107	11108
P55,2	11109	11110
P176,2	11111	11112
P16,2	11113	11114
P66,2	11115	11116
P17,2	11117	11118
P144,3	11119	11120
P95,2	11121	11122
P44,2	11123	11124
P185,2	11125	11126
P78,2	11127	11128
P24,3	11129	11130
P120,2	11131	11132
P96,2	11133	11134
P80,2	11135	11136
P58,2	11137	11138
P188,2	11139	11140
P189,3	11141	11142
P19,3	11143	11144
P123,2	11145	11146
P60,2	11147	11148
P125,2	11149	11150
P31,2	11151	11152
P2,2	11153	11154
P151,2	11155	11156
P83,3	11157	11158
P153,2	11159	11160
P25,2	11161	11162
P194,3	11163	11164
P48,2	11165	11166
P156,2	11167	11168
P131,3	11169	11170
P61,2	11171	11172
P26,2	11173	11174
P88,2	11175	11176
P159,3	11177	11178
P133,2	11179	11180
P35,2	11181	11182
P34,2	11183	11184
P107,2	11185	11186
P36,2	11187	11188
P108,2	11189	11190
P38,2	11191	11192
P137,2	11193	11194
P53,3	11195	11196
P113,2	11197	11198
P169,3	11199	11200
P64,2	11201	11202
P91,3	11203	11204
P29,3	11205	11206
P141,3	11207	11208
P75,2	11209	11210
P143,2	11211	11212
P55,2	11213	11214
P176,2	11215	11216
P16,2	11217	11218
P66,2	11219	11220
P17,2	11221	11222
P144,3	11223	11224
P95,2	11225	11226
P44,2	11227	11228
P185,2	11229	11230
P78,2	11231	11232
P24,3	11233	11234
P120,2	11235	11236
P96,2	11237	11238
P80,2	11239	11240
P97,2	11241	11242
P58,3	11243	11244
P189,3	11245	11246
P19,3	11247	11248
P123,2	11249	11249
P149,2	11250	11251
P192,2	11252	11253
P81,2	11254	11255
P126,2	11256	11257
P152,2	11258	11259
P99,2	11260	11261
P100,2	11262	11263
P154,2	11264	11265
P127,2	11266	11267
P102,2	11268	11269
P195,3	11270	11271
P85,2	11272	11273
P130,2	11274	11275
P132,2	11276	11277
P200,2	11278	11279
P106,2	11280	11281
P49,3	11282	11283
P33,3	11284	11285
P161,3	11286	11287
P4,2	11288	11289
P162,2	11290	11291
P134,2	11292	11293
P50,2	11294	11295
P137,2	11296	11297
P53,3	11298	11299
P113,2	11300	11301
P169,3	11302	11303
P115,2	11304	11305
P171,2	11306	11307
P116,3	11308	11309
P139,3	11310	11311
P75,2	11312	11313
P143,2	11314	11315
P55,2	11316	11317
P176,2	11318	11319
P40,3	11320	11321
P92,2	11322	11323
P177,2	11324	11325
P181,2	11326	11327
P118,2	11328	11329
P146,2	11330	11331
P43,2	11332	11333
P184,2	11334	11335
P13,2	11336	11337
P67,3	11338	11339
P46,3	11340	11341
P30,2	11342	11343
P188,2	11344	11345
P122,2	11346	11347
P98,2	11348	11349
P69,2	11350	11351
P60,2	11352	11353
P192,2	11354	11355
P81,2	11356	11357
P126,2	11358	11359
P152,2	11360	11361
P99,2	11362	11363
P100,2	11364	11365
P154,2	11366	11367
P127,2	11368	11369
P102,2	11370	11371
P195,3	11372	11373
P85,2	11374	11375
P130,2	11376	11377
P132,2	11378	11379
P200,2	11380	11381
P106,2	11382	11383
P49,3	11384	11385
P33,3	11386	11387
P161,3	11388	11389
P4,2	11390	11391
P162,2	11392	11393
P134,2	11394	11395
P50,2	11396	11397
P137,2	11398	11399
P53,3	11400	11401
P113,2	11402	11403
P111,2	11404	11405
P64,2	11406	11407
P91,3	11408	11409
P29,3	11410	11411
P141,3	11412	11413
P28,3	11414	11415
P143,2	11416	11417
P173,2	11418	11419
P65,2	11420	11421
P41,3	11422	11423
P66,2	11424	11425
P17,2	11426	11427
P144,3	11428	11429
P95,2	11430	11431
P44,2	11432	11433
P185,2	11434	11435
P78,2	11436	11437
P24,3	11438	11439
P120,2	11440	11441
P96,2	11442	11443
P30,2	11444	11445
P188,2	11446	11447
P122,2	11448	11449
P80,3	11450	11451
P19,3	11452	11453
P149,2	11454	11455
P123,3	11456	11457
P125,2	11458	11459
P31,2	11460	11461
P2,2	11462	11463
P151,2	11464	11465
P83,3	11466	11467
P153,2	11468	11469
P25,2	11470	11471
P102,2	11472	11473
P195,3	11474	11475
P85,2	11476	11477
P130,2	11478	11479
P132,2	11480	11481
P200,2	11482	11483
P106,2	11484	11485
P49,3	11486	11487
P33,3	11488	11489
P161,3	11490	11491
P107,2	11492	11493
P36,2	11494	11495
P108,2	11496	11497
P109,2	11498	11499
P112,2	11500	11501
P15,3	11502	11503
P38,3	11504	11505
P169,3	11506	11507
P115,2	11508	11509
P171,2	11510	11511
P116,3	11512	11513
P139,3	11514	11515
P76,2	11516	11517
P75,3	11518	11519
P55,2	11520	11521
P176,2	11522	11523
P40,3	11524	11525
P92,2	11526	11527
P177,2	11528	11529
P181,2	11530	11531
P118,2	11532	11533
P146,2	11534	11535
P43,2	11536	11537
P184,2	11538	11539
P13,2	11540	11541
P67,3	11542	11543
P46,3	11544	11545
P97,2	11546	11547
P58,3	11548	11549
P189,3	11550	11551
P98,2	11552	11553
P69,2	11554	11555
P60,2	11556	11557
P192,2	11558	11559
P81,2	11560	11561
P126,2	11562	11563
P152,2	11564	11565
P99,2	11566	11567
P100,2	11568	11569
P154,2	11570	11571
P127,2	11572	11573
P195,3	11574	11575
P85,2	11576	11577
P130,2	11578	11579
P102,3	11580	11581
P26,2	11582	11583
P88,2	11584	11585
P159,3	11586	11587
P133,2	11588	11589
P35,2	11590	11591
P34,3	11592	11593
P107,2	11594	11595
P36,2	11596	11597
P108,2	11598	11599
P109,2	11600	11601
P112,2	11602	11603
P15,3	11604	11605
P38,3	11606	11607
P64,2	11608	11609
P91,3	11610	11611
P29,3	11612	11613
P139,3	11614	11615
P76,2	11616	11617
P75,3	11618	11619
P55,2	11620	11621
P176,2	11622	11623
P40,3	11624	11625
P92,2	11626	11627
P177,2	11628	11629
P181,2	11630	11631
P118,2	11632	11633
P146,2	11634	11635
P43,2	11636	11637
P184,2	11638	11639
P120,2	11640	11641
P96,2	11642	11643
P30,2	11644	11645
P188,2	11646	11647
P122,2	11648	11649
P80,3	11650	11651
P19,3	11652	11653
P149,2	11654	11655
P123,3	11656	11657
P125,2	11658	11659
P31,2	11660	11661
P2,2	11662	11663
P151,2	11664	11665
P83,3	11666	11667
P153,2	11668	11669
P25,2	11670	11671
P48,2	11672	11673
P156,2	11674	11675
P131,3	11676	11677
P61,2	11678	11679
P132,2	11680	11681
P200,2	11682	11683
P106,2	11684	11685
P49,3	11686	11687
P33,3	11688	11689
P161,3	11690	11691
P4,2	11692	11693
P162,2	11694	11695
P134,2	11696	11697
P109,2	11698	11699
P112,2	11700	11701
P15,3	11702	11703
P38,3	11704	11705
P111,2	11706	11707
P115,2	11708	11709
P171,2	11710	11711
P116,3	11712	11713
P28,3	11714	11715
P143,2	11716	11717
P173,2	11718	11719
P65,2	11720	11720
P41,3	11721	11722
P66,2	11723	11724
P17,2	11725	11726
P144,3	11727	11728
P95,2	11729	11730
P44,2	11731	11732
P185,2	11733	11734
P78,2	11735	11736
P13,2	11737	11738
P67,3	11739	11740
P30,2	11741	11742
P188,2	11743	11744
P122,2	11745	11746
P80,3	11747	11748
P19,3	11749	11750
P149,2	11751	11752
P123,3	11753	11754
P125,2	11755	11756
P31,2	11757	11758
P2,2	11759	11760
P151,2	11761	11762
P83,3	11763	11764
P153,2	11765	11766
P25,2	11767	11768
P48,2	11769	11770
P156,2	11771	11772
P131,3	11773	11774
P61,2	11775	11776
P132,2	11777	11778
P200,2	11779	11780
P106,2	11781	11782
P49,3	11783	11784
P33,3	11785	11786
P161,3	11787	11788
P4,2	11789	11790
P162,2	11791	11792
P134,2	11793	11794
P109,2	11795	11796
P112,2	11797	11798
P15,3	11799	11800
P38,3	11801	11802
P111,2	11803	11804
P115,2	11805	11806
P171,2	11807	11808
P139,3	11809	11810
P76,2	11811	11812
P75,3	11813	11814
P55,2	11815	11816
P176,2	11817	11818
P40,3	11819	11820
P92,2	11821	11822
P177,2	11823	11823
P144,3	11824	11825
P95,2	11826	11827
P44,2	11828	11829
P43,2	11830	11831
P184,2	11832	11833
P120,2	11834	11835
P146,3	11836	11837
P30,2	11838	11838
P188,2	11839	11840
P122,2	11841	11842
P80,3	11843	11844
P19,3	11845	11846
P149,2	11847	11848
P123,3	11849	11850
P125,2	11851	11852
P31,2	11853	11854
P2,2	11855	11856
P151,2	11857	11858
P83,3	11859	11860
P153,2	11861	11862
P25,2	11863	11864
P48,2	11865	11866
P156,2	11867	11868
P131,3	11869	11870
P61,2	11871	11872
P132,2	11873	11874
P200,2	11875	11876
P106,2	11877	11878
P49,3	11879	11880
P33,3	11881	11882
P161,3	11883	11884
P4,2	11885	11886
P162,2	11887	11888
P134,2	11889	11890
P109,2	11891	11892
P112,2	11893	11894
P15,3	11895	11896
P38,3	11897	11898
P111,2	11899	11900
P115,2	11901	11902
P171,2	11903	11904
P139,3	11905	11906
P76,2	11907	11908
P75,3	11909	11910
P55,2	11911	11912
P176,2	11913	11914
P40,3	11915	11916
P92,2	11917	11918
P144,3	11919	11920
P177,3	11921	11922
P118,2	11923	11924
P185,2	11925	11926
P78,2	11927	11927
P184,2	11928	11929
P67,3	11930	11931
P96,2	11932	11933
P188,2	11934	11935
P122,2	11936	11937
P80,3	11938	11939
P98,2	11940	11941
P69,2	11942	11943
P123,3	11944	11945
P192,2	11946	11947
P81,2	11948	11949
P2,2	11950	11951
P151,2	11952	11953
P83,3	11954	11955
P153,2	11956	11957
P25,2	11958	11959
P48,2	11960	11961
P156,2	11962	11963
P131,3	11964	11965
P61,2	11966	11967
P132,2	11968	11969
P200,2	11970	11971
P106,2	11972	11973
P49,3	11974	11975
P33,3	11976	11977
P161,3	11978	11979
P4,2	11980	11981
P162,2	11982	11983
P108,2	11984	11985
P137,2	11986	11987
P53,3	11988	11989
P113,2	11990	11991
P50,3	11992	11993
P64,2	11994	11995
P91,3	11996	11997
P116,3	11998	11999
P28,3	12000	12001
P143,2	12002	12003
P173,2	12004	12005
P65,3	12006	12007
P41,3	12008	12009
P66,2	12010	12011
P17,2	12012	12013
P181,2	12014	12015
P95,2	12016	12017
P44,2	12018	12019
P78,3	12020	12021
P120,2	12022	12023
P146,3	12024	12025
P97,2	12026	12027
P188,2	12028	12029
P122,2	12030	12031
P80,3	12032	12033
P98,2	12034	12035
P69,2	12036	12037
P123,3	12038	12039
P192,2	12040	12041
P81,2	12042	12043
P2,2	12044	12044
P31,3	12045	12046
P151,2	12047	12048
P83,3	12049	12050
P153,2	12051	12052
P25,2	12053	12054
P48,2	12055	12056
P156,2	12057	12058
P131,3	12059	12060
P61,2	12061	12062
P132,2	12063	12064
P200,2	12065	12066
P106,2	12067	12068
P49,3	12069	12070
P33,3	12071	12072
P161,3	12073	12074
P4,2	12075	12076
P162,2	12077	12078
P109,2	12079	12080
P53,3	12081	12082
P113,2	12083	12084
P50,3	12085	12086
P111,2	12087	12088
P115,2	12089	12090
P171,2	12091	12092
P139,3	12093	12094
P76,2	12095	12096
P75,3	12097	12098
P55,2	12099	12100
P176,2	12101	12102
P40,3	12103	12104
P92,2	12105	12106
P144,3	12107	12108
P177,3	12109	12110
P118,2	12111	12112
P78,3	12113	12114
P120,2	12115	12116
P146,3	12117	12118
P97,2	12119	12120
P188,2	12121	12122
P122,3	12123	12124
P80,3	12125	12126
P98,2	12127	12128
P69,2	12129	12130
P123,3	12131	12132
P192,2	12133	12133
P125,2	12134	12135
P126,2	12136	12137
P152,2	12138	12139
P99,2	12140	12141
P100,2	12142	12143
P154,2	12144	12145
P127,2	12146	12147
P195,3	12148	12149
P85,2	12150	12151
P130,2	12152	12153
P102,3	12154	12155
P26,2	12156	12157
P88,2	12158	12159
P49,3	12160	12161
P33,3	12162	12163
P161,3	12164	12165
P107,2	12166	12167
P134,2	12168	12169
P137,2	12170	12171
P4,3	12172	12173
P113,2	12174	12175
P50,3	12176	12177
P111,2	12178	12179
P115,2	12180	12181
P171,2	12182	12183
P139,3	12184	12185
P76,2	12186	12187
P75,3	12188	12189
P55,2	12190	12191
P176,2	12192	12193
P40,3	12194	12195
P92,2	12196	12197
P144,3	12198	12199
P177,3	12200	12201
P118,2	12202	12203
P78,3	12204	12205
P120,2	12206	12207
P146,3	12208	12209
P97,2	12210	12211
P188,2	12212	12213
P122,3	12214	12215
P80,3	12216	12217
P98,2	12218	12219
P69,2	12220	12221
P149,3	12222	12223
P81,2	12224	12225
P31,3	12226	12227
P151,2	12228	12229
P83,3	12230	12231
P153,2	12232	12233
P25,2	12234	12235
P48,2	12236	12237
P156,2	12238	12239
P131,3	12240	12241
P61,2	12242	12243
P132,2	12244	12245
P200,2	12246	12247
P106,2	12248	12249
P133,2	12250	12251
P35,2	12252	12253
P34,3	12254	12255
P162,2	12256	12257
P109,2	12258	12259
P53,3	12260	12261
P15,3	12262	12263
P50,3	12264	12265
P111,2	12266	12267
P115,2	12268	12269
P171,2	12270	12270
P116,3	12271	12272
P28,3	12273	12274
P143,2	12275	12276
P173,2	12277	12278
P65,3	12279	12280
P41,3	12281	12282
P66,2	12283	12284
P17,2	12285	12286
P181,2	12287	12288
P95,3	12289	12290
P185,2	12291	12291
P184,2	12292	12293
P67,3	12294	12295
P96,2	12296	12297
P43,3	12298	12299
P58,3	12300	12301
P189,3	12302	12303
P30,3	12304	12305
P19,3	12306	12307
P123,3	12308	12309
P125,2	12310	12311
P126,2	12312	12313
P152,2	12314	12315
P83,3	12316	12317
P153,2	12318	12319
P25,2	12320	12321
P48,2	12322	12323
P156,2	12324	12325
P131,3	12326	12327
P61,2	12328	12329
P132,2	12330	12331
P200,2	12332	12333
P106,2	12334	12335
P133,2	12336	12336
P33,3	12337	12338
P161,3	12339	12340
P107,2	12341	12342
P109,2	12343	12344
P53,3	12345	12346
P15,3	12347	12348
P50,3	12349	12350
P111,2	12351	12352
P115,2	12353	12354
P116,3	12355	12356
P28,3	12357	12358
P143,2	12359	12360
P173,2	12361	12362
P65,3	12363	12364
P41,3	12365	12366
P66,2	12367	12368
P17,2	12369	12370
P181,2	12371	12372
P95,3	12373	12374
P78,3	12375	12376
P120,2	12377	12378
P146,3	12379	12380
P97,2	12381	12382
P188,2	12383	12384
P122,3	12385	12386
P80,3	12387	12388
P98,2	12389	12390
P69,2	12391	12392
P149,3	12393	12394
P81,2	12395	12396
P31,3	12397	12398
P99,2	12399	12400
P100,2	12401	12402
P154,2	12403	12404
P127,2	12405	12406
P195,3	12407	12408
P85,2	12409	12410
P130,2	12411	12412
P102,3	12413	12414
P200,2	12415	12416
P49,3	12417	12418
P33,3	12419	12420
P133,3	12421	12422
P34,3	12423	12424
P162,2	12425	12426
P137,2	12427	12428
P4,3	12429	12430
P50,3	12431	12432
P111,2	12433	12434
P115,2	12435	12436
P116,3	12437	12438
P28,3	12439	12440
P143,2	12441	12442
P173,2	12443	12444
P65,3	12445	12446
P41,3	12447	12448
P66,2	12449	12450
P17,2	12451	12452
P181,2	12453	12454
P95,3	12455	12456
P78,3	12457	12458
P120,2	12459	12460
P146,3	12461	12462
P97,2	12463	12464
P188,2	12465	12466
P122,3	12467	12468
P80,3	12469	12470
P98,2	12471	12472
P69,2	12473	12474
P149,3	12475	12476
P81,2	12477	12478
P31,3	12479	12480
P99,2	12481	12482
P100,2	12483	12484
P154,2	12485	12486
P127,2	12487	12488
P195,3	12489	12490
P85,2	12491	12492
P130,2	12493	12494
P102,3	12495	12496
P200,2	12497	12498
P49,3	12499	12500
P33,3	12501	12502
P133,3	12503	12504
P34,3	12505	12506
P162,2	12507	12508
P137,2	12509	12509
P4,3	12510	12511
P50,3	12512	12513
P111,2	12514	12515
P115,2	12516	12517
P116,3	12518	12518
P28,3	12519	12520
P143,2	12521	12522
P173,2	12523	12524
P65,3	12525	12526
P41,3	12527	12528
P66,2	12529	12529
P17,2	12530	12531
P181,2	12532	12533
P95,3	12534	12535
P78,3	12536	12537
P120,2	12538	12539
P146,3	12540	12541
P97,2	12542	12543
P188,2	12544	12545
P122,3	12546	12547
P80,3	12548	12549
P19,3	12550	12551
P123,3	12552	12553
P125,2	12554	12555
P126,2	12556	12557
P152,2	12558	12559
P83,3	12560	12561
P153,2	12562	12563
P25,2	12564	12565
P48,2	12566	12567
P156,2	12568	12569
P131,3	12570	12571
P61,2	12572	12573
P26,2	12574	12575
P106,2	12576	12577
P132,3	12578	12579
P35,2	12580	12581
P161,3	12582	12583
P107,2	12584	12585
P109,2	12586	12587
P38,3	12588	12589
P112,3	12590	12591
P137,3	12592	12593
P115,2	12594	12595
P139,3	12596	12597
P76,2	12598	12599
P75,3	12600	12601
P65,3	12602	12603
P41,3	12604	12605
P92,2	12606	12607
P144,3	12608	12609
P177,3	12610	12611
P66,3	12612	12613
P78,3	12614	12615
P120,2	12616	12617
P146,3	12618	12619
P97,2	12620	12621
P188,2	12622	12623
P122,3	12624	12625
P80,3	12626	12627
P19,3	12628	12629
P123,3	12630	12631
P125,2	12632	12633
P126,2	12634	12635
P152,2	12636	12637
P83,3	12638	12639
P153,2	12640	12641
P127,2	12642	12643
P156,2	12644	12645
P131,3	12646	12647
P61,2	12648	12649
P26,2	12650	12651
P106,2	12652	12653
P132,3	12654	12655
P35,2	12656	12657
P161,3	12658	12659
P107,2	12660	12661
P109,2	12662	12663
P38,3	12664	12665
P112,3	12666	12667
P137,3	12668	12669
P115,2	12670	12671
P139,3	12672	12673
P76,2	12674	12675
P75,3	12676	12677
P65,3	12678	12679
P41,3	12680	12681
P92,2	12682	12683
P144,3	12684	12685
P177,3	12686	12687
P66,3	12688	12689
P78,3	12690	12691
P120,2	12692	12693
P146,3	12694	12695
P97,2	12696	12697
P188,2	12698	12699
P122,3	12700	12701
P80,3	12702	12703
P19,3	12704	12705
P123,3	12706	12707
P125,2	12708	12709
P126,2	12710	12711
P152,2	12712	12713
P83,3	12714	12715
P153,2	12716	12717
P127,2	12718	12719
P156,2	12720	12721
P131,3	12722	12723
P61,2	12724	12725
P26,2	12726	12727
P106,2	12728	12729
P132,3	12730	12731
P35,2	12732	12733
P161,3	12734	12735
P107,2	12736	12737
P109,2	12738	12739
P38,3	12740	12741
P112,3	12742	12743
P137,3	12744	12745
P115,2	12746	12747
P139,3	12748	12749
P76,2	12750	12751
P75,3	12752	12753
P65,3	12754	12755
P41,3	12756	12757
P92,2	12758	12759
P144,3	12760	12761
P177,3	12762	12763
P66,3	12764	12765
P78,3	12766	12767
P120,2	12768	12769
P146,3	12770	12771
P97,2	12772	12773
P188,2	12774	12775
P122,3	12776	12777
P80,3	12778	12779
P19,3	12780	12781
P123,3	12782	12783
P81,2	12784	12785
P31,3	12786	12787
P99,2	12788	12789
P100,2	12790	12791
P25,2	12792	12793
P195,3	12794	12795
P85,2	12796	12797
P130,2	12798	12799
P102,3	12800	12801
P200,2	12802	12803
P49,3	12804	12805
P33,3	12806	12807
P133,3	12808	12809
P34,3	12810	12811
P162,2	12812	12813
P4,3	12814	12815
P50,3	12816	12817
P111,2	12818	12819
P64,2	12820	12821
P139,3	12822	12823
P143,2	12824	12825
P173,2	12826	12827
P176,2	12828	12829
P92,2	12830	12831
P181,2	12832	12833
P95,3	12834	12835
P118,2	12836	12837
P184,2	12838	12839
P67,3	12840	12841
P96,2	12842	12843
P43,3	12844	12845
P122,3	12846	12847
P80,3	12848	12849
P19,3	12850	12851
P123,3	12852	12853
P81,2	12854	12855
P31,3	12856	12857
P99,2	12858	12859
P100,2	12860	12861
P25,2	12862	12863
P195,3	12864	12865
P85,2	12866	12867
P130,2	12868	12869
P102,3	12870	12871
P200,2	12872	12873
P49,3	12874	12875
P33,3	12876	12877
P133,3	12878	12879
P34,3	12880	12881
P162,2	12882	12883
P4,3	12884	12885
P50,3	12886	12887
P111,2	12888	12889
P64,2	12890	12891
P139,3	12892	12893
P143,2	12894	12895
P173,2	12896	12897
P176,2	12898	12899
P92,2	12900	12901
P181,2	12902	12903
P95,3	12904	12905
P118,2	12906	12907
P184,2	12908	12909
P67,3	12910	12911
P96,2	12912	12913
P43,3	12914	12915
P122,3	12916	12917
P80,3	12918	12919
P19,3	12920	12921
P123,3	12922	12923
P81,2	12924	12925
P31,3	12926	12927
P99,2	12928	12929
P100,2	12930	12931
P25,2	12932	12933
P195,3	12934	12935
P85,2	12936	12937
P61,2	12938	12939
P26,2	12940	12941
P49,3	12942	12943
P33,3	12944	12945
P133,3	12946	12947
P34,3	12948	12949
P162,2	12950	12951
P4,3	12952	12953
P112,3	12954	12955
P137,3	12956	12957
P91,3	12958	12958
P28,3	12959	12960
P75,3	12961	12961
P173,2	12962	12963
P176,2	12964	12965
P92,2	12966	12966
P177,3	12967	12968
P95,3	12969	12970
P118,2	12971	12972
P184,2	12973	12974
P67,3	12975	12976
P96,2	12977	12978
P43,3	12979	12980
P122,3	12981	12982
P80,3	12983	12984
P19,3	12985	12986
P123,3	12987	12988
P81,2	12989	12990
P31,3	12991	12992
P99,2	12993	12994
P100,2	12995	12996
P25,2	12997	12998
P195,3	12999	13000
P85,2	13001	13002
P61,2	13003	13004
P26,2	13005	13006
P49,3	13007	13008
P33,3	13009	13010
P161,3	13011	13012
P107,2	13013	13014
P109,2	13015	13015
P38,3	13016	13017
P111,2	13018	13019
P64,2	13020	13021
P28,3	13022	13023
P173,2	13024	13025
P176,2	13026	13027
P181,2	13028	13029
P17,3	13030	13031
P66,3	13032	13033
P78,3	13034	13035
P120,2	13036	13037
P146,3	13038	13039
P43,3	13040	13041
P122,3	13042	13043
P80,3	13044	13045
P30,3	13046	13047
P69,2	13048	13049
P149,3	13050	13051
P126,2	13052	13053
P152,2	13054	13055
P83,3	13056	13057
P153,2	13058	13059
P127,2	13060	13061
P156,2	13062	13063
P130,2	13064	13065
P102,3	13066	13067
P200,2	13068	13069
P132,3	13070	13071
P133,3	13072	13073
P34,3	13074	13075
P162,2	13076	13077
P38,3	13078	13079
P111,2	13080	13081
P64,2	13082	13083
P28,3	13084	13085
P173,2	13086	13087
P176,2	13088	13089
P181,2	13090	13091
P17,3	13092	13093
P66,3	13094	13095
P78,3	13096	13097
P120,2	13098	13099
P146,3	13100	13101
P188,2	13102	13103
P189,3	13104	13105
P96,3	13106	13107
P30,3	13108	13109
P69,2	13110	13111
P149,3	13112	13113
P126,2	13114	13115
P152,2	13116	13117
P83,3	13118	13119
P153,2	13120	13121
P127,2	13122	13123
P156,2	13124	13125
P61,2	13126	13127
P26,2	13128	13129
P49,3	13130	13131
P33,3	13132	13133
P161,3	13134	13135
P107,2	13136	13137
P4,3	13138	13139
P112,3	13140	13141
P137,3	13142	13143
P139,3	13144	13145
P143,2	13146	13147
P65,3	13148	13149
P40,3	13150	13151
P177,3	13152	13153
P95,3	13154	13155
P118,2	13156	13157
P184,2	13158	13159
P67,3	13160	13161
P43,3	13162	13163
P122,3	13164	13165
P80,3	13166	13167
P97,3	13168	13169
P19,3	13170	13171
P123,3	13172	13173
P81,2	13174	13175
P31,3	13176	13177
P99,2	13178	13179
P100,2	13180	13181
P25,2	13182	13183
P195,3	13184	13185
P130,2	13186	13187
P102,3	13188	13189
P200,2	13190	13191
P132,3	13192	13193
P133,3	13194	13195
P34,3	13196	13197
P162,2	13198	13199
P38,3	13200	13201
P137,3	13202	13203
P139,3	13204	13205
P143,2	13206	13207
P111,3	13208	13209
P176,2	13210	13211
P181,2	13212	13213
P17,3	13214	13215
P66,3	13216	13217
P78,3	13218	13219
P120,2	13220	13221
P146,3	13222	13223
P188,2	13224	13225
P189,3	13226	13227
P97,3	13228	13229
P19,3	13230	13231
P123,3	13232	13233
P81,2	13234	13235
P152,2	13236	13237
P83,3	13238	13239
P153,2	13240	13241
P127,2	13242	13243
P156,2	13244	13245
P61,2	13246	13247
P26,2	13248	13249
P49,3	13250	13251
P33,3	13252	13253
P161,3	13254	13255
P107,2	13256	13257
P4,3	13258	13259
P112,3	13260	13261
P64,2	13262	13263
P173,2	13264	13265
P65,3	13266	13267
P40,3	13268	13269
P143,3	13270	13271
P17,3	13272	13273
P66,3	13274	13275
P78,3	13276	13277
P120,2	13278	13279
P146,3	13280	13281
P188,2	13282	13283
P189,3	13284	13285
P97,3	13286	13287
P19,3	13288	13289
P123,3	13290	13291
P81,2	13292	13293
P152,2	13294	13295
P83,3	13296	13297
P153,2	13298	13299
P127,2	13300	13301
P156,2	13302	13303
P61,2	13304	13305
P26,2	13306	13307
P49,3	13308	13309
P33,3	13310	13311
P161,3	13312	13313
P107,2	13314	13315
P4,3	13316	13317
P112,3	13318	13319
P64,2	13320	13321
P173,2	13322	13323
P65,3	13324	13325
P40,3	13326	13327
P143,3	13328	13329
P17,3	13330	13331
P66,3	13332	13333
P78,3	13334	13335
P120,2	13336	13337
P146,3	13338	13339
P188,2	13340	13341
P189,3	13342	13343
P97,3	13344	13345
P19,3	13346	13347
P123,3	13348	13349
P81,2	13350	13351
P152,2	13352	13353
P83,3	13354	13355
P153,2	13356	13356
P127,2	13357	13358
P156,2	13359	13360
P61,2	13361	13362
P26,2	13363	13364
P49,3	13365	13366
P33,3	13367	13368
P161,3	13369	13370
P107,2	13371	13371
P162,2	13372	13373
P38,3	13374	13375
P137,3	13376	13377
P139,3	13378	13379
P111,3	13380	13381
P176,2	13382	13382
P181,2	13383	13384
P177,3	13385	13386
P95,3	13387	13388
P118,2	13389	13390
P184,2	13391	13392
P67,3	13393	13394
P43,3	13395	13396
P122,3	13397	13398
P96,3	13399	13400
P30,3	13401	13402
P69,2	13403	13404
P149,3	13405	13406
P31,3	13407	13408
P99,2	13409	13410
P100,2	13411	13412
P127,2	13413	13414
P156,2	13415	13416
P102,3	13417	13418
P200,2	13419	13420
P132,3	13421	13422
P133,3	13423	13424
P34,3	13425	13426
P4,3	13427	13428
P107,3	13429	13430
P137,3	13431	13432
P139,3	13433	13434
P111,3	13435	13436
P40,3	13437	13438
P143,3	13439	13440
P17,3	13441	13442
P66,3	13443	13444
P78,3	13445	13446
P120,2	13447	13448
P146,3	13449	13450
P188,2	13451	13452
P189,3	13453	13454
P97,3	13455	13456
P19,3	13457	13458
P123,3	13459	13460
P81,2	13461	13462
P152,2	13463	13464
P83,3	13465	13466
P25,2	13467	13468
P195,3	13469	13470
P130,2	13471	13472
P61,3	13473	13474
P49,3	13475	13475
P33,3	13476	13477
P161,3	13478	13479
P162,2	13480	13481
P38,3	13482	13483
P137,3	13484	13485
P139,3	13486	13487
P111,3	13488	13489
P40,3	13490	13491
P143,3	13492	13493
P17,3	13494	13495
P66,3	13496	13497
P78,3	13498	13499
P120,2	13500	13501
P146,3	13502	13503
P188,2	13504	13505
P189,3	13506	13507
P97,3	13508	13509
P19,3	13510	13511
P123,3	13512	13513
P81,2	13514	13515
P152,2	13516	13517
P83,3	13518	13519
P25,2	13520	13521
P195,3	13522	13523
P130,2	13524	13525
P61,3	13526	13527
P132,3	13528	13529
P133,3	13530	13531
P34,3	13532	13533
P4,3	13534	13535
P107,3	13536	13537
P64,2	13538	13539
P173,2	13540	13541
P65,3	13542	13543
P181,2	13544	13545
P177,3	13546	13547
P95,3	13548	13549
P118,2	13550	13551
P120,2	13552	13553
P184,3	13554	13555
P188,2	13556	13557
P189,3	13558	13559
P97,3	13560	13561
P19,3	13562	13563
P123,3	13564	13565
P81,2	13566	13567
P99,2	13568	13569
P100,2	13570	13570
P127,2	13571	13572
P156,2	13573	13574
P102,3	13575	13576
P200,2	13577	13578
P33,3	13579	13580
P161,3	13581	13582
P162,2	13583	13584
P38,3	13585	13586
P137,3	13587	13588
P139,3	13589	13590
P111,3	13591	13592
P40,3	13593	13594
P143,3	13595	13596
P17,3	13597	13598
P66,3	13599	13600
P78,3	13601	13602
P146,3	13603	13604
P43,3	13605	13606
P122,3	13607	13608
P96,3	13609	13610
P30,3	13611	13612
P123,3	13613	13614
P81,2	13615	13616
P99,2	13617	13617
P25,2	13618	13619
P195,3	13620	13621
P130,2	13622	13623
P100,3	13624	13625
P200,2	13626	13627
P133,3	13628	13629
P34,3	13630	13631
P4,3	13632	13633
P107,3	13634	13635
P64,2	13636	13637
P173,2	13638	13639
P65,3	13640	13641
P181,2	13642	13643
P177,3	13644	13644
P17,3	13645	13646
P66,3	13647	13648
P78,3	13649	13650
P146,3	13651	13652
P43,3	13653	13654
P122,3	13655	13656
P96,3	13657	13658
P30,3	13659	13660
P149,3	13661	13662
P31,3	13663	13664
P25,2	13665	13666
P127,2	13667	13668
P156,2	13669	13670
P102,3	13671	13672
P61,3	13673	13674
P33,3	13675	13676
P161,3	13677	13678
P162,2	13679	13680
P38,3	13681	13682
P137,3	13683	13684
P139,3	13685	13686
P111,3	13687	13688
P40,3	13689	13689
P181,3	13690	13691
P95,3	13692	13693
P118,2	13694	13695
P146,3	13696	13697
P43,3	13698	13699
P122,3	13700	13701
P96,3	13702	13703
P97,3	13704	13705
P149,3	13706	13707
P31,3	13708	13709
P25,2	13710	13711
P127,2	13712	13713
P156,2	13714	13715
P102,3	13716	13717
P61,3	13718	13719
P133,3	13720	13721
P34,3	13722	13723
P38,3	13724	13725
P107,3	13726	13727
P64,2	13728	13729
P139,3	13730	13731
P111,3	13732	13733
P143,3	13734	13735
P17,3	13736	13737
P66,3	13738	13739
P78,3	13740	13741
P184,3	13742	13743
P188,2	13744	13745
P189,3	13746	13747
P120,3	13748	13749
P123,3	13750	13751
P31,3	13752	13753
P25,2	13754	13755
P99,3	13756	13757
P195,3	13758	13759
P130,2	13760	13761
P100,3	13762	13763
P33,3	13764	13765
P161,3	13766	13766
P4,3	13767	13768
P200,3	13769	13770
P137,3	13771	13772
P162,3	13773	13774
P173,2	13775	13776
P65,3	13777	13778
P181,3	13779	13780
P95,3	13781	13782
P118,2	13783	13784
P146,3	13785	13786
P43,3	13787	13788
P122,3	13789	13790
P96,3	13791	13792
P97,3	13793	13794
P149,3	13795	13796
P25,2	13797	13798
P99,3	13799	13800
P195,3	13801	13802
P130,2	13803	13804
P100,3	13805	13806
P33,3	13807	13808
P34,3	13809	13810
P38,3	13811	13812
P107,3	13813	13814
P162,3	13815	13816
P173,2	13817	13818
P65,3	13819	13820
P143,3	13821	13822
P17,3	13823	13824
P66,3	13825	13826
P78,3	13827	13828
P184,3	13829	13830
P188,2	13831	13832
P189,3	13833	13834
P120,3	13835	13836
P123,3	13837	13838
P25,2	13839	13840
P99,3	13841	13842
P195,3	13843	13844
P102,3	13845	13846
P61,3	13847	13848
P133,3	13849	13850
P4,3	13851	13852
P200,3	13853	13854
P137,3	13855	13855
P139,3	13856	13857
P111,3	13858	13859
P64,3	13860	13861
P181,3	13862	13863
P95,3	13864	13865
P118,2	13866	13867
P146,3	13868	13869
P43,3	13870	13871
P122,3	13872	13873
P96,3	13874	13875
P97,3	13876	13877
P149,3	13878	13879
P81,3	13880	13881
P127,2	13882	13883
P130,2	13884	13884
P102,3	13885	13886
P61,3	13887	13888
P133,3	13889	13890
P4,3	13891	13892
P200,3	13893	13894
P162,3	13895	13896
P173,2	13897	13898
P65,3	13899	13900
P143,3	13901	13902
P17,3	13903	13904
P66,3	13905	13906
P78,3	13907	13907
P184,3	13908	13909
P188,2	13910	13911
P189,3	13912	13912
P96,3	13913	13914
P97,3	13915	13916
P149,3	13917	13918
P81,3	13919	13920
P127,2	13921	13922
P102,3	13923	13924
P61,3	13925	13926
P133,3	13927	13928
P4,3	13929	13930
P200,3	13931	13932
P162,3	13933	13934
P173,2	13935	13936
P64,3	13937	13938
P181,3	13939	13940
P95,3	13941	13942
P118,2	13943	13944
P43,3	13945	13945
P96,3	13946	13947
P97,3	13948	13949
P149,3	13950	13951
P81,3	13952	13953
P127,2	13954	13955
P102,3	13956	13957
P61,3	13958	13959
P133,3	13960	13961
P4,3	13962	13963
P200,3	13964	13965
P162,3	13966	13967
P173,2	13968	13969
P64,3	13970	13971
P181,3	13972	13973
P95,3	13974	13974
P66,3	13975	13976
P184,3	13977	13978
P96,3	13979	13980
P97,3	13981	13982
P149,3	13983	13984
P81,3	13985	13986
P127,2	13987	13988
P102,3	13989	13990
P61,3	13991	13992
P133,3	13993	13994
P4,3	13995	13996
P200,3	13997	13998
P162,3	13999	14000
P173,2	14001	14002
P64,3	14003	14004
P181,3	14005	14006
P66,3	14007	14008
P184,3	14009	14010
P96,3	14011	14012
P97,3	14013	14014
P25,2	14015	14016
P99,3	14017	14018
P195,3	14019	14020
P100,3	14021	14022
P33,3	14023	14024
P34,3	14025	14026
P38,3	14027	14028
P107,3	14029	14030
P139,3	14031	14032
P111,3	14033	14034
P143,3	14035	14036
P17,3	14037	14038
P118,2	14039	14040
P122,3	14041	14042
P120,3	14043	14044
P149,3	14045	14046
P81,3	14047	14048
P127,2	14049	14050
P102,3	14051	14052
P61,3	14053	14054
P133,3	14055	14056
P4,3	14057	14058
P200,3	14059	14060
P162,3	14061	14062
P111,3	14063	14064
P143,3	14065	14066
P17,3	14067	14068
P118,2	14069	14069
P122,3	14070	14071
P120,3	14072	14073
P149,3	14074	14075
P99,3	14076	14077
P195,3	14078	14079
P100,3	14080	14081
P61,3	14082	14083
P133,3	14084	14085
P4,3	14086	14087
P200,3	14088	14089
P162,3	14090	14091
P173,3	14092	14093
P143,3	14094	14095
P17,3	14096	14097
P184,3	14098	14099
P96,3	14100	14101
P97,3	14102	14103
P81,3	14104	14105
P127,2	14106	14107
P102,3	14108	14109
P25,3	14110	14111
P33,3	14112	14113
P4,3	14114	14115
P200,3	14116	14117
P162,3	14118	14119
P173,3	14120	14121
P143,3	14122	14123
P17,3	14124	14125
P184,3	14126	14127
P96,3	14128	14129
P97,3	14130	14131
P81,3	14132	14133
P195,3	14134	14135
P127,3	14136	14137
P25,3	14138	14139
P33,3	14140	14141
P4,3	14142	14143
P200,3	14144	14145
P162,3	14146	14147
P173,3	14148	14149
P143,3	14150	14151
P17,3	14152	14153
P184,3	14154	14155
P96,3	14156	14157
P97,3	14158	14159
P81,3	14160	14161
P195,3	14162	14163
P127,3	14164	14165
P25,3	14166	14167
P33,3	14168	14169
P4,3	14170	14171
P200,3	14172	14173
P162,3	14174	14175
P173,3	14176	14177
P143,3	14178	14179
P17,3	14180	14181
P184,3	14182	14183
P96,3	14184	14185
P97,3	14186	14187
P81,3	14188	14189
P195,3	14190	14191
P127,3	14192	14193
P25,3	14194	14195
P33,3	14196	14197
P4,3	14198	14199
P200,3	14200	14201
P162,3	14202	14203
P173,3	14204	14205
P143,3	14206	14207
P17,3	14208	14209
P184,3	14210	14211
P96,3	14212	14213
P97,3	14214	14215
P81,3	14216	14217
P195,3	14218	14219
P127,3	14220	14221
P25,3	14222	14223
P4,3	14224	14225
P200,3	14226	14227
P162,3	14228	14229
P173,3	14230	14231
P143,3	14232	14233
P17,3	14234	14235
P184,3	14236	14237
P96,3	14238	14239
P97,3	14240	14241
P81,3	14242	14243
P102,3	14244	14245
P100,3	14246	14247
P61,3	14248	14249
P38,3	14250	14251
P107,3	14252	14253
P111,3	14254	14255
P64,3	14256	14257
P181,3	14258	14259
P66,3	14260	14261
P122,3	14262	14263
P120,3	14264	14265
P149,3	14266	14267
P99,3	14268	14269
P127,3	14270	14271
P25,3	14272	14273
P4,3	14274	14275
P200,3	14276	14277
P162,3	14278	14279
P173,3	14280	14281
P143,3	14282	14283
P17,3	14284	14285
P184,3	14286	14286
P96,3	14287	14288
P97,3	14289	14290
P81,3	14291	14292
P102,3	14293	14294
P100,3	14295	14296
P61,3	14297	14298
P38,3	14299	14300
P107,3	14301	14302
P111,3	14303	14304
P64,3	14305	14306
P181,3	14307	14308
P66,3	14309	14310
P96,3	14311	14312
P97,3	14313	14314
P81,3	14315	14316
P127,3	14317	14318
P25,3	14319	14320
P4,3	14321	14322
P200,3	14323	14324
P162,3	14325	14326
P173,3	14327	14328
P143,3	14329	14330
P17,3	14331	14332
P122,3	14333	14334
P120,3	14335	14336
P149,3	14337	14338
P102,3	14339	14340
P100,3	14341	14342
P61,3	14343	14344
P38,3	14345	14346
P107,3	14347	14348
P111,3	14349	14350
P64,3	14351	14352
P181,3	14353	14354
P66,3	14355	14356
P96,3	14357	14358
P97,3	14359	14360
P81,3	14361	14362
P127,3	14363	14364
P25,3	14365	14366
P4,3	14367	14368
P200,3	14369	14370
P162,3	14371	14372
P173,3	14373	14374
P143,3	14375	14376
P66,3	14377	14378
P96,3	14379	14380
P97,3	14381	14381
P81,3	14382	14383
P127,3	14384	14385
P25,3	14386	14387
P4,3	14388	14389
P200,3	14390	14391
P162,3	14392	14393
P173,3	14394	14395
P143,3	14396	14397
P66,3	14398	14399
P96,3	14400	14401
P81,3	14402	14403
P127,3	14404	14405
P25,3	14406	14407
P4,3	14408	14409
P200,3	14410	14411
P162,3	14412	14413
P173,3	14414	14415
P143,3	14416	14417
P66,3	14418	14419
P96,3	14420	14421
P81,3	14422	14423
P100,3	14424	14425
P61,3	14426	14427
P38,3	14428	14429
P107,3	14430	14431
P111,3	14432	14433
P64,3	14434	14435
P181,3	14436	14437
P96,3	14438	14439
P81,3	14440	14441
P100,3	14442	14443
P61,3	14444	14445
P38,3	14446	14447
P107,3	14448	14449
P111,3	14450	14451
P64,3	14452	14453
P181,3	14454	14455
P149,3	14456	14457
P127,3	14458	14459
P25,3	14460	14461
P4,3	14462	14463
P200,3	14464	14465
P162,3	14466	14467
P173,3	14468	14469
P143,3	14470	14471
P96,3	14472	14473
P81,3	14474	14474
P100,3	14475	14476
P61,3	14477	14478
P38,3	14479	14480
P107,3	14481	14482
P111,3	14483	14484
P64,3	14485	14486
P181,3	14487	14488
P149,3	14489	14490
P100,3	14491	14492
P61,3	14493	14494
P200,3	14495	14496
P162,3	14497	14498
P173,3	14499	14500
P143,3	14501	14502
P96,3	14503	14504
P127,3	14505	14506
P25,3	14507	14508
P200,3	14509	14510
P162,3	14511	14512
P173,3	14513	14513
P64,3	14514	14515
P181,3	14516	14517
P149,3	14518	14519
P100,3	14520	14521
P4,3	14522	14523
P107,3	14524	14525
P111,3	14526	14527
P181,3	14528	14529
P127,3	14530	14531
P25,3	14532	14533
P200,3	14534	14535
P162,3	14536	14537
P143,3	14538	14539
P96,3	14540	14541
P100,3	14542	14543
P4,3	14544	14545
P107,3	14546	14547
P111,3	14548	14549
P181,3	14550	14551
P127,3	14552	14553
P25,3	14554	14555
P200,3	14556	14557
P162,3	14558	14559
P143,3	14560	14561
P96,3	14562	14563
P100,3	14564	14565
P4,3	14566	14567
P107,3	14568	14569
P111,3	14570	14571
P181,3	14572	14573
P127,3	14574	14575
P4,3	14576	14576
P200,3	14577	14578
P162,3	14579	14580
P181,3	14581	14582
P127,3	14583	14584
P200,3	14585	14586
P162,3	14587	14588
P96,3	14589	14589
P100,3	14590	14590
P200,3	14591	14592
P162,3	14593	14594
P127,3	14595	14596
P107,3	14597	14598
P181,3	14599	14600
P200,3	14601	14602
P162,3	14603	14604
P127,3	14605	14606
P107,3	14607	14608
P181,3	14609	14610
P200,3	14611	14612
P162,3	14613	14614
P127,3	14615	14616
P107,3	14617	14618
P181,3	14619	14620
P200,3	14621	14622
P162,3	14623	14624
P127,3	14625	14626
P107,3	14627	14628
P181,3	14629	14630
P200,3	14631	14632
P162,3	14633	14634
P127,3	14635	14636
P107,3	14637	14638
P181,3	14639	14640
P200,3	14641	14642
P162,3	14643	14644
P127,3	14645	14646
P107,3	14647	14648
P181,3	14649	14650
P200,3	14651	14652
P162,3	14653	14654
P127,3	14655	14656
P107,3	14657	14658
P181,3	14659	14660
P200,3	14661	14662
P162,3	14663	14664
P200,3	14665	14666
P127,3	14667	14668
P162,3	14669	14670
P200,3	14671	14671
P127,3	14672	14681
