CPU0
P1,1	10	17
P2,1	18	21
P1,1	22	23
P3,1	24	25
P2,1	26	27
P1,1	28	29
P3,1	30	31
P4,1	32	33
P5,1	34	35
P6,1	36	37
P4,1	38	39
P5,1	40	41
P6,1	42	43
P2,1	44	45
P1,1	46	47
P3,1	48	49
P4,1	50	51
P7,1	52	53
P8,1	54	55
P5,1	56	57
P6,1	58	59
P2,1	60	61
P1,1	62	63
P3,1	64	65
P4,1	66	67
P7,1	68	69
P8,1	70	71
P5,1	72	73
P6,1	74	75
P9,1	76	77
P10,1	78	79
P11,1	80	81
P2,1	82	83
P1,1	84	85
P3,1	86	87
P4,1	88	89
P7,1	90	91
P8,1	92	93
P5,1	94	95
P6,1	96	97
P9,1	98	99
P10,1	100	101
P12,1	102	103
P13,1	104	105
P14,1	106	107
P15,1	108	109
P11,1	110	111
P2,1	112	113
P1,1	114	115
P3,1	116	117
P4,1	118	119
P7,1	120	121
P8,1	122	123
P5,1	124	125
P6,1	126	127
P9,1	128	129
P16,1	130	131
P17,1	132	133
P18,1	134	135
P19,1	136	137
P20,1	138	139
P10,1	140	141
P12,1	142	143
P13,1	144	145
P14,1	146	147
P15,1	148	149
P11,1	150	151
P2,1	152	153
P1,1	154	155
P3,1	156	157
P4,1	158	159
P21,1	160	161
P22,1	162	163
P23,1	164	165
P24,1	166	167
P7,1	168	169
P8,1	170	171
P5,1	172	173
P6,1	174	175
P9,1	176	177
P16,1	178	179
P17,1	180	181
P18,1	182	183
P19,1	184	185
P20,1	186	187
P25,1	188	189
P26,1	190	191
P10,1	192	193
P12,1	194	195
P13,1	196	197
P14,1	198	199
P15,1	200	201
P11,1	202	203
P2,1	204	205
P1,1	206	207
P3,1	208	209
P4,1	210	211
P27,1	212	213
P28,1	214	215
P29,1	216	217
P30,1	218	219
P21,1	220	221
P22,1	222	223
P23,1	224	225
P24,1	226	227
P7,1	228	229
P8,1	230	231
P5,1	232	233
P6,1	234	235
P9,1	236	237
P16,1	238	239
P31,1	240	241
P32,1	242	243
P33,1	244	245
P34,1	246	247
P35,1	248	249
P36,1	250	251
P37,1	252	253
P17,1	254	255
P18,1	256	257
P19,1	258	259
P20,1	260	261
P25,1	262	263
P26,1	264	265
P10,1	266	267
P12,1	268	269
P13,1	270	271
P14,1	272	273
P38,1	274	275
P39,1	276	277
P40,1	278	279
P41,1	280	281
P15,1	282	283
P11,1	284	285
P2,1	286	287
P1,1	288	289
P3,1	290	291
P4,1	292	293
P27,1	294	295
P28,1	296	297
P29,1	298	299
P30,1	300	301
P42,1	302	303
P43,1	304	305
P44,1	306	307
P45,1	308	309
P46,1	310	311
P47,1	312	313
P21,1	314	315
P22,1	316	317
P23,1	318	319
P24,1	320	321
P7,1	322	323
P8,1	324	325
P5,1	326	327
P6,1	328	329
P9,1	330	331
P16,1	332	333
P48,1	334	335
P49,1	336	337
P31,1	338	339
P32,1	340	341
P33,1	342	343
P34,1	344	345
P35,1	346	347
P36,1	348	349
P37,1	350	351
P17,1	352	353
P18,1	354	355
P19,1	356	357
P50,1	358	359
P51,1	360	361
P52,1	362	363
P53,1	364	365
P54,1	366	367
P20,1	368	369
P25,1	370	371
P26,1	372	373
P10,1	374	375
P12,1	376	377
P13,1	378	379
P14,1	380	381
P38,1	382	383
P39,1	384	385
P40,1	386	387
P55,1	388	389
P56,1	390	391
P41,1	392	393
P15,1	394	395
P11,1	396	397
P2,1	398	399
P1,1	400	401
P3,1	402	403
P4,1	404	405
P27,1	406	407
P28,1	408	409
P29,1	410	411
P57,1	412	413
P58,1	414	415
P59,1	416	417
P60,1	418	419
P30,1	420	421
P42,1	422	423
P43,1	424	425
P44,1	426	427
P45,1	428	429
P46,1	430	431
P47,1	432	433
P21,1	434	435
P22,1	436	437
P23,1	438	439
P61,1	440	441
P62,1	442	443
P63,1	444	445
P24,1	446	447
P7,1	448	449
P8,1	450	451
P5,1	452	453
P6,1	454	455
P9,1	456	457
P16,1	458	459
P48,1	460	461
P49,1	462	463
P31,1	464	465
P64,1	466	467
P32,1	468	469
P33,1	470	471
P34,1	472	473
P35,1	474	475
P36,1	476	477
P37,1	478	479
P17,1	480	481
P18,1	482	483
P19,1	484	485
P50,1	486	487
P65,1	488	489
P66,1	490	491
P67,1	492	493
P51,1	494	495
P52,1	496	497
P53,1	498	499
P54,1	500	501
P20,1	502	503
P25,1	504	505
P26,1	506	507
P10,1	508	509
P12,1	510	511
P13,1	512	513
P68,1	514	515
P69,1	516	517
P70,1	518	519
P14,1	520	521
P38,1	522	523
P39,1	524	525
P40,1	526	527
P55,1	528	529
P56,1	530	531
P41,1	532	533
P15,1	534	535
P11,1	536	537
P2,1	538	539
P71,1	540	541
P72,1	542	543
P1,1	544	545
P3,1	546	547
P4,1	548	549
P27,1	550	551
P28,1	552	553
P29,1	554	555
P57,1	556	557
P58,1	558	559
P59,1	560	561
P60,1	562	563
P73,1	564	565
P74,1	566	567
P75,1	568	569
P30,1	570	571
P42,1	572	573
P43,1	574	575
P44,1	576	577
P45,1	578	579
P46,1	580	581
P47,1	582	583
P21,1	584	585
P22,1	586	587
P23,1	588	589
P76,1	590	591
P77,1	592	593
P61,1	594	595
P62,1	596	597
P63,1	598	599
P24,1	600	601
P7,1	602	603
P8,1	604	605
P5,1	606	607
P6,1	608	609
P9,1	610	611
P16,1	612	613
P78,1	614	615
P79,1	616	617
P80,1	618	619
P48,1	620	621
P49,1	622	623
P31,1	624	625
P64,1	626	627
P32,1	628	629
P33,1	630	631
P34,1	632	633
P35,1	634	635
P36,1	636	637
P37,1	638	639
P81,1	640	641
P82,1	642	643
P83,1	644	645
P84,1	646	647
P85,1	648	649
P17,1	650	651
P18,1	652	653
P19,1	654	655
P50,1	656	657
P65,1	658	659
P66,1	660	661
P67,1	662	663
P51,1	664	665
P52,1	666	667
P53,1	668	669
P86,1	670	671
P87,1	672	673
P88,1	674	675
P54,1	676	677
P20,1	678	679
P25,1	680	681
P26,1	682	683
P10,1	684	685
P12,1	686	687
P13,1	688	689
P68,1	690	691
P69,1	692	693
P70,1	694	695
P89,1	696	697
P90,1	698	699
P14,1	700	701
P38,1	702	703
P39,1	704	705
P40,1	706	707
P55,1	708	709
P56,1	710	711
P41,1	712	713
P15,1	714	715
P11,1	716	717
P2,1	718	719
P91,1	720	721
P92,1	722	723
P93,1	724	725
P71,1	726	727
P72,1	728	729
P1,1	730	731
P3,1	732	733
P4,1	734	735
P27,1	736	737
P28,1	738	739
P29,1	740	741
P57,1	742	743
P58,1	744	745
P94,1	746	747
P95,1	748	749
P96,1	750	751
P59,1	752	753
P60,1	754	755
P73,1	756	757
P74,1	758	759
P75,1	760	761
P30,1	762	763
P42,1	764	765
P43,1	766	767
P44,1	768	769
P45,1	770	771
P97,1	772	773
P98,1	774	775
P46,1	776	777
P47,1	778	779
P21,1	780	781
P22,1	782	783
P23,1	784	785
P76,1	786	787
P77,1	788	789
P61,1	790	791
P62,1	792	793
P63,1	794	795
P99,1	796	797
P100,1	798	799
P101,1	800	801
P102,1	802	803
P103,1	804	805
P104,1	806	807
P24,1	808	809
P7,1	810	811
P8,1	812	813
P5,1	814	815
P6,1	816	817
P9,1	818	819
P16,1	820	821
P78,1	822	823
P79,1	824	825
P80,1	826	827
P105,1	828	829
P106,1	830	831
P48,1	832	833
P49,1	834	835
P31,1	836	837
P64,1	838	839
P32,1	840	841
P33,1	842	843
P34,1	844	845
P35,1	846	847
P36,1	848	849
P37,1	850	851
P107,1	852	853
P108,1	854	855
P109,1	856	857
P110,1	858	859
P111,1	860	861
P81,1	862	863
P82,1	864	865
P83,1	866	867
P84,1	868	869
P85,1	870	871
P17,1	872	873
P18,1	874	875
P19,1	876	877
P50,1	878	879
P65,1	880	881
P112,1	882	883
P113,1	884	885
P114,1	886	887
P115,1	888	889
P66,1	890	891
P67,1	892	893
P51,1	894	895
P52,1	896	897
P53,1	898	899
P86,1	900	901
P87,1	902	903
P88,1	904	905
P54,1	906	907
P20,1	908	909
P116,1	910	911
P117,1	912	913
P25,1	914	915
P26,1	916	917
P10,1	918	919
P12,1	920	921
P13,1	922	923
P68,1	924	925
P69,1	926	927
P70,1	928	929
P89,1	930	931
P90,1	932	933
P118,1	934	935
P119,1	936	937
P120,1	938	939
P14,1	940	941
P38,1	942	943
P39,1	944	945
P40,1	946	947
P55,1	948	949
P56,1	950	951
P41,1	952	953
P15,1	954	955
P11,1	956	957
P2,1	958	959
P121,1	960	961
P122,1	962	963
P123,1	964	965
P91,1	966	967
P92,1	968	969
P93,1	970	971
P71,1	972	973
P72,1	974	975
P1,1	976	977
P3,1	978	979
P4,1	980	981
P27,1	982	983
P28,1	984	985
P124,1	986	987
P125,1	988	989
P126,1	990	991
P127,1	992	993
P29,1	994	995
P57,1	996	997
P58,1	998	999
P94,1	1000	1001
P95,1	1002	1003
P96,1	1004	1005
P59,1	1006	1007
P60,1	1008	1009
P73,1	1010	1011
P74,1	1012	1013
P128,1	1014	1015
P129,1	1016	1017
P130,1	1018	1019
P131,1	1020	1021
P75,1	1022	1023
P30,1	1024	1025
P42,1	1026	1027
P43,1	1028	1029
P44,1	1030	1031
P45,1	1032	1033
P97,1	1034	1035
P98,1	1036	1037
P46,1	1038	1039
P47,1	1040	1041
P132,1	1042	1043
P133,1	1044	1045
P21,1	1046	1047
P22,1	1048	1049
P23,1	1050	1051
P76,1	1052	1053
P77,1	1054	1055
P61,1	1056	1057
P62,1	1058	1059
P63,1	1060	1061
P99,1	1062	1063
P100,1	1064	1065
P134,1	1066	1067
P135,1	1068	1069
P136,1	1070	1071
P137,1	1072	1073
P101,1	1074	1075
P102,1	1076	1077
P103,1	1078	1079
P104,1	1080	1081
P24,1	1082	1083
P7,1	1084	1085
P8,1	1086	1087
P5,1	1088	1089
P6,1	1090	1091
P9,1	1092	1093
P138,1	1094	1095
P139,1	1096	1097
P140,1	1098	1099
P16,1	1100	1101
P78,1	1102	1103
P79,1	1104	1105
P80,1	1106	1107
P105,1	1108	1109
P106,1	1110	1111
P48,1	1112	1113
P49,1	1114	1115
P31,1	1116	1117
P64,1	1118	1119
P141,1	1120	1121
P142,1	1122	1123
P143,1	1124	1125
P32,1	1126	1127
P33,1	1128	1129
P34,1	1130	1131
P35,1	1132	1133
P36,1	1134	1135
P37,1	1136	1137
P107,1	1138	1139
P108,1	1140	1141
P109,1	1142	1143
P110,1	1144	1145
P144,1	1146	1147
P145,1	1148	1149
P146,1	1150	1151
P111,1	1152	1153
P81,1	1154	1155
P82,1	1156	1157
P83,1	1158	1159
P84,1	1160	1161
P85,1	1162	1163
P17,1	1164	1165
P18,1	1166	1167
P19,1	1168	1169
P50,1	1170	1171
P147,1	1172	1173
P148,1	1174	1175
P65,1	1176	1177
P112,1	1178	1179
P113,1	1180	1181
P114,1	1182	1183
P115,1	1184	1185
P66,1	1186	1187
P67,1	1188	1189
P51,1	1190	1191
P52,1	1192	1193
P53,1	1194	1195
P149,1	1196	1197
P150,1	1198	1199
P86,1	1200	1201
P87,1	1202	1203
P88,1	1204	1205
P54,1	1206	1207
P20,1	1208	1209
P116,1	1210	1211
P117,1	1212	1213
P25,1	1214	1215
P26,1	1216	1217
P10,1	1218	1219
P151,1	1220	1221
P152,1	1222	1223
P153,1	1224	1225
P154,1	1226	1227
P12,1	1228	1229
P13,1	1230	1231
P68,1	1232	1233
P69,1	1234	1235
P70,1	1236	1237
P89,1	1238	1239
P90,1	1240	1241
P118,1	1242	1243
P119,1	1244	1245
P120,1	1246	1247
P155,1	1248	1249
P156,1	1250	1251
P14,1	1252	1253
P38,1	1254	1255
P39,1	1256	1257
P40,1	1258	1259
P55,1	1260	1261
P56,1	1262	1263
P41,1	1264	1265
P15,1	1266	1267
P11,1	1268	1269
P2,1	1270	1271
P157,1	1272	1273
P158,1	1274	1275
P159,1	1276	1277
P160,1	1278	1279
P161,1	1280	1281
P121,1	1282	1283
P122,1	1284	1285
P123,1	1286	1287
P91,1	1288	1289
P92,1	1290	1291
P93,1	1292	1293
P71,1	1294	1295
P72,1	1296	1297
P1,1	1298	1299
P3,1	1300	1301
P162,1	1302	1303
P163,1	1304	1305
P164,1	1306	1307
P165,1	1308	1309
P4,1	1310	1311
P27,1	1312	1313
P28,1	1314	1315
P124,1	1316	1317
P125,1	1318	1319
P126,1	1320	1321
P127,1	1322	1323
P29,1	1324	1325
P57,1	1326	1327
P58,1	1328	1329
P166,1	1330	1331
P167,1	1332	1333
P94,1	1334	1335
P95,1	1336	1337
P96,1	1338	1339
P59,1	1340	1341
P60,1	1342	1343
P73,1	1344	1345
P74,1	1346	1347
P128,1	1348	1349
P129,1	1350	1351
P130,1	1352	1353
P168,1	1354	1355
P169,1	1356	1357
P170,1	1358	1359
P171,1	1360	1361
P131,1	1362	1363
P75,1	1364	1365
P30,1	1366	1367
P42,1	1368	1369
P43,1	1370	1371
P44,1	1372	1373
P45,1	1374	1375
P97,1	1376	1377
P98,1	1378	1379
P46,1	1380	1381
P172,1	1382	1383
P173,1	1384	1385
P47,1	1386	1387
P132,1	1388	1389
P133,1	1390	1391
P21,1	1392	1393
P22,1	1394	1395
P23,1	1396	1397
P76,1	1398	1399
P77,1	1400	1401
P61,1	1402	1403
P62,1	1404	1405
P174,1	1406	1407
P175,1	1408	1409
P176,1	1410	1411
P177,1	1412	1413
P178,1	1414	1415
P179,1	1416	1417
P63,1	1418	1419
P99,1	1420	1421
P100,1	1422	1423
P134,1	1424	1425
P135,1	1426	1427
P136,1	1428	1429
P137,1	1430	1431
P101,1	1432	1433
P102,1	1434	1435
P103,1	1436	1437
P180,1	1438	1439
P181,1	1440	1441
P182,1	1442	1443
P183,1	1444	1445
P184,1	1446	1447
P104,1	1448	1449
P24,1	1450	1451
P7,1	1452	1453
P8,1	1454	1455
P5,1	1456	1457
P6,1	1458	1459
P9,1	1460	1461
P138,1	1462	1463
P139,1	1464	1465
P140,1	1466	1467
P185,1	1468	1469
P186,1	1470	1471
P187,1	1472	1473
P16,1	1474	1475
P78,1	1476	1477
P79,1	1478	1479
P80,1	1480	1481
P105,1	1482	1483
P106,1	1484	1485
P48,1	1486	1487
P49,1	1488	1489
P31,1	1490	1491
P64,1	1492	1493
P188,1	1494	1495
P189,1	1496	1497
P190,1	1498	1499
P141,1	1500	1501
P142,1	1502	1503
P143,1	1504	1505
P32,1	1506	1507
P33,1	1508	1509
P34,1	1510	1511
P35,1	1512	1513
P36,1	1514	1515
P37,1	1516	1517
P107,1	1518	1519
P191,1	1520	1521
P192,1	1522	1523
P108,1	1524	1525
P109,1	1526	1527
P110,1	1528	1529
P144,1	1530	1531
P145,1	1532	1533
P146,1	1534	1535
P111,1	1536	1537
P81,1	1538	1539
P82,1	1540	1541
P83,1	1542	1543
P193,1	1544	1545
P194,1	1546	1547
P195,1	1548	1549
P84,1	1550	1551
P85,1	1552	1553
P17,1	1554	1555
P18,1	1556	1557
P19,1	1558	1559
P50,1	1560	1561
P147,1	1562	1563
P148,1	1564	1565
P65,1	1566	1567
P112,1	1568	1569
P196,1	1570	1571
P197,1	1572	1573
P198,1	1574	1575
P113,1	1576	1577
P114,1	1578	1579
P115,1	1580	1581
P66,1	1582	1583
P67,1	1584	1585
P51,1	1586	1587
P52,1	1588	1589
P53,1	1590	1591
P149,1	1592	1593
P150,1	1594	1595
P199,1	1596	1597
P200,1	1598	1599
P86,1	1600	1601
P87,1	1602	1603
P88,1	1604	1605
P54,1	1606	1607
P20,1	1608	1609
P116,1	1610	1611
P117,1	1612	1613
P25,1	1614	1615
P26,1	1616	1617
P10,1	1618	1619
P151,1	1620	1621
P152,1	1622	1623
P153,1	1624	1625
P154,1	1626	1627
P12,1	1628	1629
P13,1	1630	1631
P68,1	1632	1633
P69,1	1634	1635
P70,1	1636	1637
P89,1	1638	1639
P90,1	1640	1641
P118,1	1642	1643
P119,1	1644	1645
P120,1	1646	1647
P155,1	1648	1649
P156,1	1650	1651
P14,1	1652	1653
P38,1	1654	1655
P39,1	1656	1657
P40,1	1658	1659
P55,1	1660	1661
P56,1	1662	1663
P41,1	1664	1665
P15,1	1666	1667
P11,1	1668	1669
P2,1	1670	1671
P157,1	1672	1673
P158,1	1674	1675
P159,1	1676	1677
P160,1	1678	1679
P161,1	1680	1681
P121,1	1682	1683
P122,1	1684	1685
P123,1	1686	1687
P91,1	1688	1689
P92,1	1690	1691
P93,1	1692	1693
P71,1	1694	1695
P72,1	1696	1697
P1,1	1698	1699
P3,1	1700	1701
P162,1	1702	1703
P163,1	1704	1705
P164,1	1706	1707
P165,1	1708	1709
P4,1	1710	1711
P27,1	1712	1713
P28,1	1714	1715
P124,1	1716	1717
P125,1	1718	1719
P126,1	1720	1721
P127,1	1722	1723
P29,1	1724	1725
P57,1	1726	1727
P58,1	1728	1729
P166,1	1730	1731
P167,1	1732	1733
P94,1	1734	1735
P95,1	1736	1737
P96,1	1738	1739
P59,1	1740	1741
P60,1	1742	1743
P73,1	1744	1745
P74,1	1746	1747
P128,1	1748	1749
P129,1	1750	1751
P130,1	1752	1753
P168,1	1754	1755
P169,1	1756	1757
P170,1	1758	1759
P171,1	1760	1761
P131,1	1762	1763
P75,1	1764	1765
P30,1	1766	1767
P42,1	1768	1769
P43,1	1770	1771
P44,1	1772	1773
P45,1	1774	1775
P97,1	1776	1777
P98,1	1778	1779
P46,1	1780	1781
P172,1	1782	1783
P173,1	1784	1785
P47,1	1786	1787
P132,1	1788	1789
P133,1	1790	1791
P21,1	1792	1793
P22,1	1794	1795
P23,1	1796	1797
P76,1	1798	1799
P77,1	1800	1801
P61,1	1802	1803
P62,1	1804	1805
P174,1	1806	1807
P175,1	1808	1809
P176,1	1810	1811
P177,1	1812	1813
P178,1	1814	1815
P179,1	1816	1817
P63,1	1818	1819
P99,1	1820	1821
P100,1	1822	1823
P134,1	1824	1825
P135,1	1826	1827
P136,1	1828	1829
P137,1	1830	1831
P101,1	1832	1833
P102,1	1834	1835
P103,1	1836	1837
P180,1	1838	1839
P181,1	1840	1841
P182,1	1842	1843
P183,1	1844	1845
P184,1	1846	1847
P104,1	1848	1849
P24,1	1850	1851
P7,1	1852	1853
P8,1	1854	1855
P5,1	1856	1857
P6,1	1858	1859
P9,1	1860	1861
P138,1	1862	1863
P139,1	1864	1865
P140,1	1866	1867
P185,1	1868	1869
P186,1	1870	1871
P187,1	1872	1873
P16,1	1874	1875
P78,1	1876	1877
P79,1	1878	1879
P80,1	1880	1881
P105,1	1882	1883
P106,1	1884	1885
P48,1	1886	1887
P49,1	1888	1889
P31,1	1890	1891
P64,1	1892	1893
P188,1	1894	1895
P189,1	1896	1897
P190,1	1898	1899
P141,1	1900	1901
P142,1	1902	1903
P143,1	1904	1905
P32,1	1906	1907
P33,1	1908	1909
P34,1	1910	1911
P35,1	1912	1913
P36,1	1914	1915
P37,1	1916	1917
P107,1	1918	1919
P191,1	1920	1921
P192,1	1922	1923
P108,1	1924	1925
P109,1	1926	1927
P110,1	1928	1929
P144,1	1930	1931
P145,1	1932	1933
P146,1	1934	1935
P111,1	1936	1937
P81,1	1938	1939
P82,1	1940	1941
P83,1	1942	1943
P193,1	1944	1945
P194,1	1946	1947
P195,1	1948	1949
P84,1	1950	1951
P85,1	1952	1953
P17,1	1954	1955
P18,1	1956	1957
P19,1	1958	1959
P50,1	1960	1961
P147,1	1962	1963
P148,1	1964	1965
P65,1	1966	1967
P112,1	1968	1969
P196,1	1970	1971
P197,1	1972	1973
P198,1	1974	1975
P113,1	1976	1977
P114,1	1978	1979
P115,1	1980	1981
P66,1	1982	1983
P67,1	1984	1985
P51,1	1986	1987
P52,1	1988	1989
P53,1	1990	1991
P149,1	1992	1993
P150,1	1994	1995
P199,1	1996	1997
P200,1	1998	1999
P86,1	2000	2001
P87,1	2002	2003
P88,1	2004	2005
P54,1	2006	2007
P20,1	2008	2009
P116,1	2010	2011
P117,1	2012	2013
P25,1	2014	2015
P26,1	2016	2017
P10,1	2018	2019
P151,1	2020	2021
P152,1	2022	2023
P153,1	2024	2025
P154,1	2026	2027
P12,1	2028	2029
P13,1	2030	2031
P68,1	2032	2033
P69,1	2034	2035
P70,1	2036	2037
P89,1	2038	2039
P90,1	2040	2041
P118,1	2042	2043
P119,1	2044	2045
P120,1	2046	2047
P155,1	2048	2049
P156,1	2050	2051
P14,1	2052	2053
P38,1	2054	2055
P39,1	2056	2057
P40,1	2058	2059
P55,1	2060	2061
P56,1	2062	2063
P41,1	2064	2065
P15,1	2066	2067
P11,1	2068	2069
P2,1	2070	2071
P157,1	2072	2073
P158,1	2074	2075
P159,1	2076	2077
P160,1	2078	2079
P161,1	2080	2081
P121,1	2082	2083
P122,1	2084	2085
P123,1	2086	2087
P91,1	2088	2089
P92,1	2090	2091
P93,1	2092	2093
P71,1	2094	2095
P72,1	2096	2097
P162,1	2098	2099
P163,1	2100	2101
P164,1	2102	2103
P165,1	2104	2105
P4,1	2106	2107
P27,1	2108	2109
P28,1	2110	2111
P124,1	2112	2113
P125,1	2114	2115
P126,1	2116	2117
P127,1	2118	2119
P29,1	2120	2121
P57,1	2122	2123
P58,1	2124	2125
P166,1	2126	2127
P167,1	2128	2129
P94,1	2130	2131
P95,1	2132	2133
P96,1	2134	2135
P59,1	2136	2137
P60,1	2138	2139
P73,1	2140	2141
P74,1	2142	2143
P128,1	2144	2145
P129,1	2146	2147
P130,1	2148	2149
P168,1	2150	2151
P169,1	2152	2153
P170,1	2154	2155
P171,1	2156	2157
P131,1	2158	2159
P75,1	2160	2161
P30,1	2162	2163
P42,1	2164	2165
P43,1	2166	2167
P44,1	2168	2169
P45,1	2170	2171
P97,1	2172	2173
P98,1	2174	2175
P46,1	2176	2177
P172,1	2178	2179
P173,1	2180	2181
P47,1	2182	2183
P132,1	2184	2185
P133,1	2186	2187
P21,1	2188	2189
P22,1	2190	2191
P23,1	2192	2193
P76,1	2194	2195
P77,1	2196	2197
P61,1	2198	2199
P62,1	2200	2201
P174,1	2202	2203
P175,1	2204	2205
P176,1	2206	2207
P177,1	2208	2209
P178,1	2210	2211
P179,1	2212	2213
P63,1	2214	2215
P99,1	2216	2217
P100,1	2218	2219
P134,1	2220	2221
P135,1	2222	2223
P136,1	2224	2225
P137,1	2226	2227
P101,1	2228	2229
P102,1	2230	2231
P103,1	2232	2233
P180,1	2234	2235
P181,1	2236	2237
P182,1	2238	2239
P183,1	2240	2241
P184,1	2242	2243
P104,1	2244	2245
P24,1	2246	2247
P7,1	2248	2249
P8,1	2250	2251
P5,1	2252	2253
P6,1	2254	2255
P9,1	2256	2257
P138,1	2258	2259
P139,1	2260	2261
P140,1	2262	2263
P185,1	2264	2265
P186,1	2266	2267
P187,1	2268	2269
P16,1	2270	2271
P78,1	2272	2273
P79,1	2274	2275
P80,1	2276	2277
P105,1	2278	2279
P106,1	2280	2281
P48,1	2282	2283
P49,1	2284	2285
P31,1	2286	2287
P64,1	2288	2289
P188,1	2290	2291
P189,1	2292	2293
P190,1	2294	2295
P141,1	2296	2297
P142,1	2298	2299
P143,1	2300	2301
P32,1	2302	2303
P33,1	2304	2305
P34,1	2306	2307
P35,1	2308	2309
P36,1	2310	2311
P37,1	2312	2313
P107,1	2314	2315
P191,1	2316	2317
P192,1	2318	2319
P108,1	2320	2321
P109,1	2322	2323
P110,1	2324	2325
P144,1	2326	2327
P145,1	2328	2329
P146,1	2330	2331
P111,1	2332	2333
P81,1	2334	2335
P82,1	2336	2337
P83,1	2338	2339
P193,1	2340	2341
P194,1	2342	2343
P195,1	2344	2345
P84,1	2346	2347
P85,1	2348	2349
P17,1	2350	2351
P18,1	2352	2353
P19,1	2354	2355
P50,1	2356	2357
P147,1	2358	2359
P148,1	2360	2361
P65,1	2362	2363
P112,1	2364	2365
P196,1	2366	2367
P197,1	2368	2369
P198,1	2370	2371
P113,1	2372	2373
P114,1	2374	2375
P115,1	2376	2377
P66,1	2378	2379
P67,1	2380	2381
P51,1	2382	2383
P52,1	2384	2385
P53,1	2386	2387
P149,1	2388	2389
P150,1	2390	2391
P199,1	2392	2393
P200,1	2394	2395
P86,1	2396	2397
P87,1	2398	2399
P88,1	2400	2401
P54,1	2402	2403
P20,1	2404	2405
P116,1	2406	2407
P117,1	2408	2409
P25,1	2410	2411
P26,1	2412	2413
P10,1	2414	2415
P151,1	2416	2417
P152,1	2418	2419
P153,1	2420	2421
P154,1	2422	2423
P12,1	2424	2425
P13,1	2426	2427
P68,1	2428	2429
P69,1	2430	2431
P70,1	2432	2433
P89,1	2434	2435
P90,1	2436	2437
P118,1	2438	2439
P119,1	2440	2441
P120,1	2442	2443
P155,1	2444	2445
P156,1	2446	2447
P14,1	2448	2449
P38,1	2450	2451
P39,1	2452	2453
P40,1	2454	2455
P55,1	2456	2457
P56,1	2458	2459
P41,1	2460	2461
P15,1	2462	2463
P11,1	2464	2465
P2,1	2466	2467
P157,1	2468	2469
P158,1	2470	2471
P159,1	2472	2473
P160,1	2474	2475
P161,1	2476	2477
P121,1	2478	2479
P122,1	2480	2481
P123,1	2482	2483
P91,1	2484	2485
P92,1	2486	2487
P93,1	2488	2489
P71,1	2490	2491
P72,1	2492	2493
P162,1	2494	2495
P163,1	2496	2497
P164,1	2498	2499
P165,1	2500	2501
P4,1	2502	2503
P27,1	2504	2505
P28,1	2506	2507
P124,1	2508	2509
P125,1	2510	2511
P126,1	2512	2513
P127,1	2514	2515
P29,1	2516	2517
P57,1	2518	2519
P58,1	2520	2521
P166,1	2522	2523
P167,1	2524	2525
P94,1	2526	2527
P95,1	2528	2529
P96,1	2530	2531
P59,1	2532	2533
P60,1	2534	2535
P73,1	2536	2537
P74,1	2538	2539
P128,1	2540	2541
P129,1	2542	2543
P130,1	2544	2545
P168,1	2546	2547
P169,1	2548	2549
P170,1	2550	2551
P171,1	2552	2553
P131,1	2554	2555
P75,1	2556	2557
P30,1	2558	2559
P42,1	2560	2561
P43,1	2562	2563
P44,1	2564	2565
P45,1	2566	2567
P97,1	2568	2569
P98,1	2570	2571
P46,1	2572	2573
P172,1	2574	2575
P173,1	2576	2577
P47,1	2578	2579
P132,1	2580	2581
P133,1	2582	2583
P21,1	2584	2585
P22,1	2586	2587
P23,1	2588	2589
P76,1	2590	2591
P77,1	2592	2593
P61,1	2594	2595
P62,1	2596	2597
P174,1	2598	2599
P175,1	2600	2601
P176,1	2602	2603
P177,1	2604	2605
P178,1	2606	2607
P179,1	2608	2609
P63,1	2610	2611
P99,1	2612	2613
P100,1	2614	2615
P134,1	2616	2617
P135,1	2618	2619
P136,1	2620	2621
P137,1	2622	2623
P101,1	2624	2625
P102,1	2626	2627
P103,1	2628	2629
P180,1	2630	2631
P181,1	2632	2633
P182,1	2634	2635
P183,1	2636	2637
P184,1	2638	2639
P104,1	2640	2641
P24,1	2642	2643
P7,1	2644	2645
P8,1	2646	2647
P5,1	2648	2649
P6,1	2650	2651
P9,1	2652	2653
P138,1	2654	2655
P139,1	2656	2657
P140,1	2658	2659
P185,1	2660	2661
P186,1	2662	2663
P187,1	2664	2665
P16,1	2666	2667
P78,1	2668	2669
P79,1	2670	2671
P80,1	2672	2673
P105,1	2674	2675
P106,1	2676	2677
P48,1	2678	2679
P49,1	2680	2681
P31,1	2682	2683
P64,1	2684	2685
P188,1	2686	2687
P189,1	2688	2689
P190,1	2690	2691
P141,1	2692	2693
P142,1	2694	2695
P143,1	2696	2697
P32,1	2698	2699
P33,1	2700	2701
P34,1	2702	2703
P35,1	2704	2705
P36,1	2706	2707
P37,1	2708	2709
P107,1	2710	2711
P191,1	2712	2713
P192,1	2714	2715
P108,1	2716	2717
P109,1	2718	2719
P110,1	2720	2721
P144,1	2722	2723
P145,1	2724	2725
P146,1	2726	2727
P111,1	2728	2729
P81,1	2730	2731
P82,1	2732	2733
P83,1	2734	2735
P193,1	2736	2737
P194,1	2738	2739
P195,1	2740	2741
P84,1	2742	2743
P85,1	2744	2745
P17,1	2746	2747
P18,1	2748	2749
P19,1	2750	2751
P50,1	2752	2753
P147,1	2754	2755
P148,1	2756	2757
P65,1	2758	2759
P112,1	2760	2761
P196,1	2762	2763
P197,1	2764	2765
P198,1	2766	2767
P113,1	2768	2769
P114,1	2770	2771
P115,1	2772	2773
P66,1	2774	2775
P67,1	2776	2777
P51,1	2778	2779
P52,1	2780	2781
P53,1	2782	2783
P149,1	2784	2785
P150,1	2786	2787
P199,1	2788	2789
P200,1	2790	2791
P86,1	2792	2793
P87,1	2794	2795
P88,1	2796	2797
P54,1	2798	2799
P20,1	2800	2801
P116,1	2802	2803
P117,1	2804	2805
P25,1	2806	2807
P26,1	2808	2809
P10,1	2810	2811
P151,1	2812	2813
P152,1	2814	2815
P153,1	2816	2817
P154,1	2818	2819
P12,1	2820	2821
P13,1	2822	2823
P68,1	2824	2825
P69,1	2826	2827
P70,1	2828	2829
P89,1	2830	2831
P90,1	2832	2833
P118,1	2834	2835
P119,1	2836	2837
P120,1	2838	2839
P155,1	2840	2841
P156,1	2842	2843
P14,1	2844	2845
P38,1	2846	2847
P39,1	2848	2849
P40,1	2850	2851
P55,1	2852	2853
P56,1	2854	2855
P41,1	2856	2857
P15,1	2858	2859
P11,1	2860	2861
P2,1	2862	2863
P157,1	2864	2865
P158,1	2866	2867
P159,1	2868	2869
P160,1	2870	2871
P161,1	2872	2873
P121,1	2874	2875
P122,1	2876	2877
P123,1	2878	2879
P91,1	2880	2881
P92,1	2882	2883
P93,1	2884	2885
P71,1	2886	2887
P72,1	2888	2889
P162,1	2890	2891
P163,1	2892	2893
P164,1	2894	2895
P165,1	2896	2897
P4,1	2898	2899
P27,1	2900	2901
P28,1	2902	2903
P124,1	2904	2905
P125,1	2906	2907
P126,1	2908	2909
P127,1	2910	2911
P29,1	2912	2913
P57,1	2914	2915
P58,1	2916	2917
P166,1	2918	2919
P167,1	2920	2921
P94,1	2922	2923
P95,1	2924	2925
P96,1	2926	2927
P59,1	2928	2929
P60,1	2930	2931
P73,1	2932	2933
P74,1	2934	2935
P128,1	2936	2937
P129,1	2938	2939
P130,1	2940	2941
P168,1	2942	2943
P169,1	2944	2945
P170,1	2946	2947
P171,1	2948	2949
P131,1	2950	2951
P75,1	2952	2953
P30,1	2954	2955
P42,1	2956	2957
P43,1	2958	2959
P44,1	2960	2961
P45,1	2962	2963
P97,1	2964	2965
P98,1	2966	2967
P46,1	2968	2969
P172,1	2970	2971
P173,1	2972	2973
P47,1	2974	2975
P132,1	2976	2977
P133,1	2978	2979
P21,1	2980	2981
P22,1	2982	2983
P23,1	2984	2985
P76,1	2986	2987
P77,1	2988	2989
P61,1	2990	2991
P62,1	2992	2993
P174,1	2994	2995
P175,1	2996	2997
P176,1	2998	2999
P177,1	3000	3001
P178,1	3002	3003
P179,1	3004	3005
P63,1	3006	3007
P99,1	3008	3009
P100,1	3010	3011
P134,1	3012	3013
P135,1	3014	3015
P136,1	3016	3017
P137,1	3018	3019
P101,1	3020	3021
P102,1	3022	3023
P103,1	3024	3025
P180,1	3026	3027
P181,1	3028	3029
P182,1	3030	3031
P183,1	3032	3033
P184,1	3034	3035
P104,1	3036	3037
P24,1	3038	3039
P7,1	3040	3041
P8,1	3042	3043
P5,1	3044	3045
P6,1	3046	3047
P9,1	3048	3049
P138,1	3050	3051
P139,1	3052	3053
P140,1	3054	3055
P185,1	3056	3057
P186,1	3058	3059
P187,1	3060	3061
P16,1	3062	3063
P78,1	3064	3065
P79,1	3066	3067
P80,1	3068	3069
P105,1	3070	3071
P106,1	3072	3073
P48,1	3074	3075
P49,1	3076	3077
P31,1	3078	3079
P64,1	3080	3081
P188,1	3082	3083
P189,1	3084	3085
P190,1	3086	3087
P141,1	3088	3089
P142,1	3090	3091
P143,1	3092	3093
P32,1	3094	3095
P33,1	3096	3097
P34,1	3098	3099
P35,1	3100	3101
P36,1	3102	3103
P37,1	3104	3105
P107,1	3106	3107
P191,1	3108	3109
P192,1	3110	3111
P108,1	3112	3113
P109,1	3114	3115
P110,1	3116	3117
P144,1	3118	3119
P145,1	3120	3121
P146,1	3122	3123
P111,1	3124	3125
P81,1	3126	3127
P82,1	3128	3129
P83,1	3130	3131
P193,1	3132	3133
P194,1	3134	3135
P195,1	3136	3137
P84,1	3138	3139
P85,1	3140	3141
P17,1	3142	3143
P18,1	3144	3145
P19,1	3146	3147
P50,1	3148	3149
P147,1	3150	3151
P148,1	3152	3153
P65,1	3154	3155
P112,1	3156	3157
P196,1	3158	3159
P197,1	3160	3161
P198,1	3162	3163
P113,1	3164	3165
P114,1	3166	3167
P115,1	3168	3169
P66,1	3170	3171
P67,1	3172	3173
P51,1	3174	3175
P52,1	3176	3177
P53,1	3178	3179
P149,1	3180	3181
P150,1	3182	3183
P199,1	3184	3185
P200,1	3186	3187
P86,1	3188	3189
P87,1	3190	3191
P88,1	3192	3193
P54,1	3194	3195
P20,1	3196	3197
P116,1	3198	3199
P117,1	3200	3201
P25,1	3202	3203
P26,1	3204	3205
P10,1	3206	3207
P151,1	3208	3209
P152,1	3210	3211
P153,1	3212	3213
P154,1	3214	3215
P12,1	3216	3217
P13,1	3218	3219
P68,1	3220	3221
P69,1	3222	3223
P70,1	3224	3225
P89,1	3226	3227
P90,1	3228	3229
P118,1	3230	3231
P119,1	3232	3233
P120,1	3234	3235
P155,1	3236	3237
P156,1	3238	3239
P14,1	3240	3241
P38,1	3242	3243
P39,1	3244	3245
P40,1	3246	3247
P55,1	3248	3249
P56,1	3250	3251
P41,1	3252	3253
P15,1	3254	3255
P11,1	3256	3257
P2,1	3258	3259
P157,1	3260	3261
P158,1	3262	3263
P159,1	3264	3265
P160,1	3266	3267
P161,1	3268	3269
P121,1	3270	3271
P122,1	3272	3273
P123,1	3274	3275
P91,1	3276	3277
P92,1	3278	3279
P93,1	3280	3281
P71,1	3282	3283
P72,1	3284	3285
P162,1	3286	3287
P163,1	3288	3289
P164,1	3290	3291
P165,1	3292	3293
P4,1	3294	3295
P27,1	3296	3297
P28,1	3298	3299
P124,1	3300	3301
P125,1	3302	3303
P126,1	3304	3305
P127,1	3306	3307
P29,1	3308	3309
P57,1	3310	3311
P58,1	3312	3313
P166,1	3314	3315
P167,1	3316	3317
P94,1	3318	3319
P95,1	3320	3321
P96,1	3322	3323
P59,1	3324	3325
P60,1	3326	3327
P73,1	3328	3329
P74,1	3330	3331
P128,1	3332	3333
P129,1	3334	3335
P130,1	3336	3337
P168,1	3338	3339
P169,1	3340	3341
P170,1	3342	3343
P171,1	3344	3345
P131,1	3346	3347
P75,1	3348	3349
P30,1	3350	3351
P42,1	3352	3353
P43,1	3354	3355
P44,1	3356	3357
P45,1	3358	3359
P97,1	3360	3361
P98,1	3362	3363
P46,1	3364	3365
P172,1	3366	3367
P173,1	3368	3369
P47,1	3370	3371
P132,1	3372	3373
P133,1	3374	3375
P21,1	3376	3377
P22,1	3378	3379
P23,1	3380	3381
P76,1	3382	3383
P77,1	3384	3385
P61,1	3386	3387
P62,1	3388	3389
P174,1	3390	3391
P175,1	3392	3393
P176,1	3394	3395
P177,1	3396	3397
P178,1	3398	3399
P179,1	3400	3401
P63,1	3402	3403
P99,1	3404	3405
P100,1	3406	3407
P134,1	3408	3409
P135,1	3410	3411
P136,1	3412	3413
P137,1	3414	3415
P101,1	3416	3417
P102,1	3418	3419
P103,1	3420	3421
P180,1	3422	3423
P181,1	3424	3425
P182,1	3426	3427
P183,1	3428	3429
P184,1	3430	3431
P104,1	3432	3433
P24,1	3434	3435
P7,1	3436	3437
P8,1	3438	3439
P5,1	3440	3441
P6,1	3442	3443
P9,1	3444	3445
P138,1	3446	3447
P139,1	3448	3449
P140,1	3450	3451
P185,1	3452	3453
P186,1	3454	3455
P187,1	3456	3457
P16,1	3458	3459
P78,1	3460	3461
P79,1	3462	3463
P80,1	3464	3465
P105,1	3466	3467
P106,1	3468	3469
P48,1	3470	3471
P49,1	3472	3473
P31,1	3474	3475
P64,1	3476	3477
P188,1	3478	3479
P189,1	3480	3481
P190,1	3482	3483
P141,1	3484	3485
P142,1	3486	3487
P143,1	3488	3489
P32,1	3490	3491
P33,1	3492	3493
P34,1	3494	3495
P35,1	3496	3497
P36,1	3498	3499
P37,1	3500	3501
P107,1	3502	3503
P191,1	3504	3505
P192,1	3506	3507
P108,1	3508	3509
P109,1	3510	3511
P110,1	3512	3513
P144,1	3514	3515
P145,1	3516	3517
P146,1	3518	3519
P111,1	3520	3521
P81,1	3522	3523
P82,1	3524	3525
P83,1	3526	3527
P193,1	3528	3529
P194,1	3530	3531
P195,1	3532	3533
P84,1	3534	3535
P85,1	3536	3537
P17,1	3538	3539
P18,1	3540	3541
P19,1	3542	3543
P50,1	3544	3545
P147,1	3546	3547
P148,1	3548	3549
P65,1	3550	3551
P112,1	3552	3553
P196,1	3554	3555
P197,1	3556	3557
P198,1	3558	3559
P113,1	3560	3561
P114,1	3562	3563
P115,1	3564	3565
P66,1	3566	3567
P67,1	3568	3569
P51,1	3570	3571
P52,1	3572	3573
P53,1	3574	3575
P149,1	3576	3577
P150,1	3578	3579
P199,1	3580	3581
P200,1	3582	3583
P86,1	3584	3585
P87,1	3586	3587
P88,1	3588	3589
P54,1	3590	3591
P20,1	3592	3593
P116,1	3594	3595
P117,1	3596	3597
P25,1	3598	3599
P26,1	3600	3601
P10,1	3602	3603
P151,1	3604	3605
P152,1	3606	3607
P153,1	3608	3609
P154,1	3610	3611
P12,1	3612	3613
P13,1	3614	3615
P68,1	3616	3617
P69,1	3618	3619
P70,1	3620	3621
P89,1	3622	3623
P90,1	3624	3625
P118,1	3626	3627
P119,1	3628	3629
P120,1	3630	3631
P155,1	3632	3633
P156,1	3634	3635
P14,1	3636	3637
P38,1	3638	3639
P39,1	3640	3641
P40,1	3642	3643
P55,1	3644	3645
P56,1	3646	3647
P41,1	3648	3649
P15,1	3650	3651
P11,1	3652	3653
P2,1	3654	3655
P157,1	3656	3657
P158,1	3658	3659
P159,1	3660	3661
P160,1	3662	3663
P161,1	3664	3665
P121,1	3666	3667
P122,1	3668	3669
P123,1	3670	3671
P91,1	3672	3673
P92,1	3674	3675
P93,1	3676	3677
P71,1	3678	3679
P72,1	3680	3681
P162,1	3682	3683
P163,1	3684	3685
P164,1	3686	3687
P165,1	3688	3689
P4,1	3690	3691
P27,1	3692	3693
P28,1	3694	3695
P124,1	3696	3697
P125,1	3698	3699
P126,1	3700	3701
P127,1	3702	3703
P29,1	3704	3705
P57,1	3706	3707
P58,1	3708	3709
P166,1	3710	3711
P167,1	3712	3713
P94,1	3714	3715
P95,1	3716	3717
P96,1	3718	3719
P59,1	3720	3721
P60,1	3722	3723
P73,1	3724	3725
P74,1	3726	3727
P128,1	3728	3729
P129,1	3730	3731
P130,1	3732	3733
P168,1	3734	3735
P169,1	3736	3737
P170,1	3738	3739
P171,1	3740	3741
P131,1	3742	3743
P75,1	3744	3745
P30,1	3746	3747
P42,1	3748	3749
P43,1	3750	3751
P44,1	3752	3753
P45,1	3754	3755
P97,1	3756	3757
P98,1	3758	3759
P46,1	3760	3761
P172,1	3762	3763
P173,1	3764	3765
P47,1	3766	3767
P132,1	3768	3769
P133,1	3770	3771
P21,1	3772	3773
P22,1	3774	3775
P23,1	3776	3777
P76,1	3778	3779
P77,1	3780	3781
P61,1	3782	3783
P62,1	3784	3785
P174,1	3786	3787
P175,1	3788	3789
P176,1	3790	3791
P177,1	3792	3793
P178,1	3794	3795
P179,1	3796	3797
P63,1	3798	3799
P99,1	3800	3801
P100,1	3802	3803
P134,1	3804	3805
P135,1	3806	3807
P136,1	3808	3809
P137,1	3810	3811
P101,1	3812	3813
P102,1	3814	3815
P103,1	3816	3817
P180,1	3818	3819
P181,1	3820	3821
P182,1	3822	3823
P183,1	3824	3825
P184,1	3826	3827
P104,1	3828	3829
P24,1	3830	3831
P7,1	3832	3833
P8,1	3834	3835
P6,1	3836	3837
P9,1	3838	3839
P138,1	3840	3841
P139,1	3842	3843
P140,1	3844	3845
P185,1	3846	3847
P186,1	3848	3849
P187,1	3850	3851
P16,1	3852	3853
P78,1	3854	3855
P79,1	3856	3857
P80,1	3858	3859
P105,1	3860	3861
P106,1	3862	3863
P48,1	3864	3865
P49,1	3866	3867
P31,1	3868	3869
P64,1	3870	3871
P188,1	3872	3873
P189,1	3874	3875
P190,1	3876	3877
P141,1	3878	3879
P142,1	3880	3881
P143,1	3882	3883
P32,1	3884	3885
P33,1	3886	3887
P34,1	3888	3889
P35,1	3890	3891
P36,1	3892	3893
P37,1	3894	3895
P107,1	3896	3897
P191,1	3898	3899
P192,1	3900	3901
P108,1	3902	3903
P109,1	3904	3905
P110,1	3906	3907
P144,1	3908	3909
P145,1	3910	3911
P146,1	3912	3913
P111,1	3914	3915
P81,1	3916	3917
P82,1	3918	3919
P83,1	3920	3921
P193,1	3922	3923
P194,1	3924	3925
P195,1	3926	3927
P84,1	3928	3929
P85,1	3930	3931
P17,1	3932	3933
P18,1	3934	3935
P19,1	3936	3937
P50,1	3938	3939
P147,1	3940	3941
P148,1	3942	3943
P65,1	3944	3945
P112,1	3946	3947
P196,1	3948	3949
P197,1	3950	3951
P198,1	3952	3953
P113,1	3954	3955
P114,1	3956	3957
P115,1	3958	3959
P66,1	3960	3961
P67,1	3962	3963
P51,1	3964	3965
P52,1	3966	3967
P53,1	3968	3969
P149,1	3970	3971
P150,1	3972	3973
P199,1	3974	3975
P200,1	3976	3977
P86,1	3978	3979
P87,1	3980	3981
P88,1	3982	3983
P54,1	3984	3985
P20,1	3986	3987
P116,1	3988	3989
P117,1	3990	3991
P25,1	3992	3993
P26,1	3994	3995
P10,1	3996	3997
P151,1	3998	3999
P152,1	4000	4001
P153,1	4002	4003
P154,1	4004	4005
P12,1	4006	4007
P13,1	4008	4009
P68,1	4010	4011
P69,1	4012	4013
P70,1	4014	4015
P89,1	4016	4017
P90,1	4018	4019
P118,1	4020	4021
P119,1	4022	4023
P120,1	4024	4025
P155,1	4026	4027
P156,1	4028	4029
P14,1	4030	4031
P38,1	4032	4033
P39,1	4034	4035
P40,1	4036	4037
P55,1	4038	4039
P56,1	4040	4041
P41,1	4042	4043
P15,1	4044	4045
P11,1	4046	4047
P2,1	4048	4049
P157,1	4050	4051
P158,1	4052	4053
P159,1	4054	4055
P160,1	4056	4057
P161,1	4058	4059
P121,1	4060	4061
P122,1	4062	4063
P123,1	4064	4065
P91,1	4066	4067
P92,1	4068	4069
P93,1	4070	4071
P71,1	4072	4073
P72,1	4074	4075
P162,1	4076	4077
P163,1	4078	4079
P164,1	4080	4081
P165,1	4082	4083
P4,1	4084	4085
P27,1	4086	4087
P28,1	4088	4089
P124,1	4090	4091
P125,1	4092	4093
P126,1	4094	4095
P127,1	4096	4097
P29,1	4098	4099
P57,1	4100	4101
P58,1	4102	4103
P166,1	4104	4105
P167,1	4106	4107
P94,1	4108	4109
P95,1	4110	4111
P96,1	4112	4113
P59,1	4114	4115
P60,1	4116	4117
P73,1	4118	4119
P74,1	4120	4121
P128,1	4122	4123
P129,1	4124	4125
P130,1	4126	4127
P168,1	4128	4129
P169,1	4130	4131
P170,1	4132	4133
P171,1	4134	4135
P131,1	4136	4137
P75,1	4138	4139
P30,1	4140	4141
P42,1	4142	4143
P43,1	4144	4145
P44,1	4146	4147
P45,1	4148	4149
P97,1	4150	4151
P98,1	4152	4153
P46,1	4154	4155
P172,1	4156	4157
P173,1	4158	4159
P47,1	4160	4161
P132,1	4162	4163
P133,1	4164	4165
P21,1	4166	4167
P22,1	4168	4169
P23,1	4170	4171
P76,1	4172	4173
P77,1	4174	4175
P61,1	4176	4177
P62,1	4178	4179
P174,1	4180	4181
P175,1	4182	4183
P176,1	4184	4185
P177,1	4186	4187
P178,1	4188	4189
P179,1	4190	4191
P63,1	4192	4193
P99,1	4194	4195
P100,1	4196	4197
P134,1	4198	4199
P135,1	4200	4201
P136,1	4202	4203
P137,1	4204	4205
P101,1	4206	4207
P102,1	4208	4209
P103,1	4210	4211
P180,1	4212	4213
P181,1	4214	4215
P182,1	4216	4217
P183,1	4218	4219
P184,1	4220	4221
P104,1	4222	4223
P24,1	4224	4225
P7,1	4226	4227
P8,1	4228	4229
P6,1	4230	4231
P9,1	4232	4233
P138,1	4234	4235
P139,1	4236	4237
P140,1	4238	4239
P185,1	4240	4241
P186,1	4242	4243
P187,1	4244	4245
P16,1	4246	4247
P78,1	4248	4249
P79,1	4250	4251
P80,1	4252	4253
P105,1	4254	4255
P106,1	4256	4257
P48,1	4258	4259
P49,1	4260	4261
P31,1	4262	4263
P64,1	4264	4265
P188,1	4266	4267
P189,1	4268	4269
P190,1	4270	4271
P141,1	4272	4273
P142,1	4274	4275
P143,1	4276	4277
P32,1	4278	4279
P33,1	4280	4281
P34,1	4282	4283
P35,1	4284	4285
P36,1	4286	4287
P37,1	4288	4289
P107,1	4290	4291
P191,1	4292	4293
P192,1	4294	4295
P108,1	4296	4297
P109,1	4298	4299
P110,1	4300	4301
P144,1	4302	4303
P145,1	4304	4305
P146,1	4306	4307
P111,1	4308	4309
P81,1	4310	4311
P82,1	4312	4313
P83,1	4314	4315
P193,1	4316	4317
P194,1	4318	4319
P195,1	4320	4321
P84,1	4322	4323
P85,1	4324	4325
P17,1	4326	4327
P18,1	4328	4329
P19,1	4330	4331
P50,1	4332	4333
P147,1	4334	4335
P148,1	4336	4337
P65,1	4338	4339
P112,1	4340	4341
P196,1	4342	4343
P197,1	4344	4345
P198,1	4346	4347
P113,1	4348	4349
P114,1	4350	4351
P115,1	4352	4353
P66,1	4354	4355
P67,1	4356	4357
P51,1	4358	4359
P52,1	4360	4361
P53,1	4362	4363
P149,1	4364	4365
P150,1	4366	4367
P199,1	4368	4369
P200,1	4370	4371
P86,1	4372	4373
P87,1	4374	4375
P88,1	4376	4377
P54,1	4378	4379
P20,1	4380	4381
P116,1	4382	4383
P117,1	4384	4385
P25,1	4386	4387
P26,1	4388	4389
P151,1	4390	4391
P10,2	4392	4393
P152,1	4394	4395
P153,1	4396	4397
P154,1	4398	4399
P12,1	4400	4401
P13,1	4402	4403
P68,1	4404	4405
P69,1	4406	4407
P70,1	4408	4409
P89,1	4410	4411
P90,1	4412	4413
P118,1	4414	4415
P119,1	4416	4417
P120,1	4418	4419
P155,1	4420	4421
P156,1	4422	4423
P14,1	4424	4425
P38,1	4426	4427
P39,1	4428	4429
P40,1	4430	4431
P55,1	4432	4433
P56,1	4434	4435
P41,1	4436	4437
P15,1	4438	4439
P11,1	4440	4441
P2,1	4442	4443
P157,1	4444	4445
P158,1	4446	4447
P159,1	4448	4449
P160,1	4450	4451
P161,1	4452	4453
P121,1	4454	4455
P122,1	4456	4457
P123,1	4458	4459
P91,1	4460	4461
P92,1	4462	4463
P93,1	4464	4465
P71,1	4466	4467
P72,1	4468	4469
P162,1	4470	4471
P163,1	4472	4473
P164,1	4474	4475
P165,1	4476	4477
P4,1	4478	4479
P27,1	4480	4481
P28,1	4482	4483
P124,1	4484	4485
P125,1	4486	4487
P126,1	4488	4489
P127,1	4490	4491
P29,1	4492	4493
P57,1	4494	4495
P58,1	4496	4497
P166,1	4498	4499
P167,1	4500	4501
P94,1	4502	4503
P95,1	4504	4505
P96,1	4506	4507
P59,1	4508	4509
P60,1	4510	4511
P73,1	4512	4513
P74,1	4514	4515
P128,1	4516	4517
P129,1	4518	4519
P130,1	4520	4521
P168,1	4522	4523
P169,1	4524	4525
P170,1	4526	4527
P171,1	4528	4529
P131,1	4530	4531
P75,1	4532	4533
P30,1	4534	4535
P42,1	4536	4537
P43,1	4538	4539
P44,1	4540	4541
P45,1	4542	4543
P97,1	4544	4545
P98,1	4546	4547
P46,1	4548	4549
P172,1	4550	4551
P173,1	4552	4553
P47,1	4554	4555
P132,1	4556	4557
P133,1	4558	4559
P21,1	4560	4561
P22,1	4562	4563
P23,1	4564	4565
P76,1	4566	4567
P77,1	4568	4569
P61,1	4570	4571
P62,1	4572	4573
P174,1	4574	4575
P175,1	4576	4577
P176,1	4578	4579
P177,1	4580	4581
P178,1	4582	4583
P179,1	4584	4585
P63,1	4586	4587
P99,1	4588	4589
P100,1	4590	4591
P134,1	4592	4593
P135,1	4594	4595
P136,1	4596	4597
P137,1	4598	4599
P101,1	4600	4601
P102,1	4602	4603
P103,1	4604	4605
P180,1	4606	4607
P181,1	4608	4609
P182,1	4610	4611
P183,1	4612	4613
P184,1	4614	4615
P104,1	4616	4617
P24,1	4618	4619
P7,1	4620	4621
P8,1	4622	4623
P6,1	4624	4625
P9,1	4626	4627
P138,1	4628	4629
P139,1	4630	4631
P140,1	4632	4633
P185,1	4634	4635
P186,1	4636	4637
P187,1	4638	4639
P16,1	4640	4641
P78,1	4642	4643
P79,1	4644	4645
P80,1	4646	4647
P105,1	4648	4649
P106,1	4650	4651
P48,1	4652	4653
P49,1	4654	4655
P31,1	4656	4657
P64,1	4658	4659
P188,1	4660	4661
P189,1	4662	4663
P190,1	4664	4665
P141,1	4666	4667
P142,1	4668	4669
P143,1	4670	4671
P32,1	4672	4673
P33,1	4674	4675
P34,1	4676	4677
P35,1	4678	4679
P36,1	4680	4681
P37,1	4682	4683
P107,1	4684	4685
P191,1	4686	4687
P192,1	4688	4689
P108,1	4690	4691
P109,1	4692	4693
P110,1	4694	4695
P144,1	4696	4697
P145,1	4698	4699
P146,1	4700	4701
P111,1	4702	4703
P81,1	4704	4705
P82,1	4706	4707
P83,1	4708	4709
P193,1	4710	4711
P194,1	4712	4713
P195,1	4714	4715
P84,1	4716	4717
P85,1	4718	4719
P17,1	4720	4721
P18,1	4722	4723
P19,1	4724	4725
P50,1	4726	4727
P147,1	4728	4729
P148,1	4730	4731
P65,1	4732	4733
P112,1	4734	4735
P196,1	4736	4737
P197,1	4738	4739
P198,1	4740	4741
P113,1	4742	4743
P114,1	4744	4745
P115,1	4746	4747
P66,1	4748	4749
P67,1	4750	4751
P51,1	4752	4753
P52,1	4754	4755
P53,1	4756	4757
P149,1	4758	4759
P150,1	4760	4761
P199,1	4762	4763
P200,1	4764	4765
P86,1	4766	4767
P87,1	4768	4769
P88,1	4770	4771
P54,1	4772	4773
P20,1	4774	4775
P116,1	4776	4777
P117,1	4778	4779
P25,1	4780	4781
P26,1	4782	4783
P151,1	4784	4785
P10,2	4786	4787
P152,1	4788	4789
P153,1	4790	4791
P154,1	4792	4793
P13,1	4794	4795
P68,1	4796	4797
P12,2	4798	4799
P69,1	4800	4801
P70,1	4802	4803
P89,1	4804	4805
P90,1	4806	4807
P118,1	4808	4809
P119,1	4810	4811
P120,1	4812	4813
P155,1	4814	4815
P156,1	4816	4817
P14,1	4818	4819
P38,1	4820	4821
P39,1	4822	4823
P40,1	4824	4825
P55,1	4826	4827
P56,1	4828	4829
P41,1	4830	4831
P15,1	4832	4833
P11,1	4834	4835
P2,1	4836	4837
P157,1	4838	4839
P158,1	4840	4841
P159,1	4842	4843
P160,1	4844	4845
P161,1	4846	4847
P121,1	4848	4849
P122,1	4850	4851
P123,1	4852	4853
P91,1	4854	4855
P92,1	4856	4857
P93,1	4858	4859
P71,1	4860	4861
P72,1	4862	4863
P162,1	4864	4865
P163,1	4866	4867
P164,1	4868	4869
P165,1	4870	4871
P4,1	4872	4873
P27,1	4874	4875
P28,1	4876	4877
P124,1	4878	4879
P125,1	4880	4881
P126,1	4882	4883
P127,1	4884	4885
P29,1	4886	4887
P57,1	4888	4889
P58,1	4890	4891
P166,1	4892	4893
P167,1	4894	4895
P94,1	4896	4897
P95,1	4898	4899
P96,1	4900	4901
P59,1	4902	4903
P60,1	4904	4905
P73,1	4906	4907
P74,1	4908	4909
P128,1	4910	4911
P129,1	4912	4913
P130,1	4914	4915
P168,1	4916	4917
P169,1	4918	4919
P170,1	4920	4921
P171,1	4922	4923
P131,1	4924	4925
P75,1	4926	4927
P30,1	4928	4929
P42,1	4930	4931
P43,1	4932	4933
P44,1	4934	4935
P45,1	4936	4937
P97,1	4938	4939
P98,1	4940	4941
P46,1	4942	4943
P172,1	4944	4945
P173,1	4946	4947
P47,1	4948	4949
P132,1	4950	4951
P133,1	4952	4953
P21,1	4954	4955
P22,1	4956	4957
P23,1	4958	4959
P76,1	4960	4961
P77,1	4962	4963
P61,1	4964	4965
P62,1	4966	4967
P174,1	4968	4969
P175,1	4970	4971
P176,1	4972	4973
P177,1	4974	4975
P178,1	4976	4977
P179,1	4978	4979
P63,1	4980	4981
P99,1	4982	4983
P100,1	4984	4985
P134,1	4986	4987
P135,1	4988	4989
P136,1	4990	4991
P137,1	4992	4993
P101,1	4994	4995
P102,1	4996	4997
P103,1	4998	4999
P180,1	5000	5001
P181,1	5002	5003
P182,1	5004	5005
P183,1	5006	5007
P184,1	5008	5009
P104,1	5010	5011
P24,1	5012	5013
P7,1	5014	5015
P8,1	5016	5017
P6,1	5018	5019
P9,1	5020	5021
P138,1	5022	5023
P139,1	5024	5025
P140,1	5026	5027
P185,1	5028	5029
P186,1	5030	5031
P187,1	5032	5033
P16,1	5034	5035
P78,1	5036	5037
P79,1	5038	5039
P80,1	5040	5041
P105,1	5042	5043
P106,1	5044	5045
P48,1	5046	5047
P49,1	5048	5049
P31,1	5050	5051
P64,1	5052	5053
P188,1	5054	5055
P189,1	5056	5057
P190,1	5058	5059
P141,1	5060	5061
P142,1	5062	5063
P143,1	5064	5065
P32,1	5066	5067
P33,1	5068	5069
P34,1	5070	5071
P35,1	5072	5073
P36,1	5074	5075
P37,1	5076	5077
P107,1	5078	5079
P191,1	5080	5081
P192,1	5082	5083
P108,1	5084	5085
P109,1	5086	5087
P110,1	5088	5089
P144,1	5090	5091
P145,1	5092	5093
P146,1	5094	5095
P111,1	5096	5097
P81,1	5098	5099
P82,1	5100	5101
P83,1	5102	5103
P193,1	5104	5105
P194,1	5106	5107
P195,1	5108	5109
P84,1	5110	5111
P85,1	5112	5113
P17,1	5114	5115
P18,1	5116	5117
P19,1	5118	5119
P50,1	5120	5121
P147,1	5122	5123
P148,1	5124	5125
P65,1	5126	5127
P112,1	5128	5129
P196,1	5130	5131
P197,1	5132	5133
P198,1	5134	5135
P113,1	5136	5137
P114,1	5138	5139
P115,1	5140	5141
P66,1	5142	5143
P67,1	5144	5145
P51,1	5146	5147
P52,1	5148	5149
P53,1	5150	5151
P149,1	5152	5153
P150,1	5154	5155
P199,1	5156	5157
P200,1	5158	5159
P86,1	5160	5161
P87,1	5162	5163
P88,1	5164	5165
P54,1	5166	5167
P116,1	5168	5169
P117,1	5170	5171
P25,1	5172	5173
P26,1	5174	5175
P151,1	5176	5177
P10,2	5178	5179
P152,1	5180	5181
P153,1	5182	5183
P154,1	5184	5185
P13,1	5186	5187
P68,1	5188	5189
P12,2	5190	5191
P69,1	5192	5193
P70,1	5194	5195
P89,1	5196	5197
P90,1	5198	5199
P118,1	5200	5201
P119,1	5202	5203
P120,1	5204	5205
P155,1	5206	5207
P156,1	5208	5209
P14,1	5210	5211
P38,1	5212	5213
P39,1	5214	5215
P40,1	5216	5217
P55,1	5218	5219
P56,1	5220	5221
P41,1	5222	5223
P15,1	5224	5225
P11,1	5226	5227
P2,1	5228	5229
P157,1	5230	5231
P158,1	5232	5233
P159,1	5234	5235
P160,1	5236	5237
P161,1	5238	5239
P121,1	5240	5241
P122,1	5242	5243
P123,1	5244	5245
P91,1	5246	5247
P92,1	5248	5249
P93,1	5250	5251
P71,1	5252	5253
P72,1	5254	5255
P162,1	5256	5257
P163,1	5258	5259
P164,1	5260	5261
P165,1	5262	5263
P4,1	5264	5265
P27,1	5266	5267
P28,1	5268	5269
P124,1	5270	5271
P125,1	5272	5273
P126,1	5274	5275
P127,1	5276	5277
P29,1	5278	5279
P57,1	5280	5281
P58,1	5282	5283
P166,1	5284	5285
P167,1	5286	5287
P94,1	5288	5289
P95,1	5290	5291
P96,1	5292	5293
P59,1	5294	5295
P60,1	5296	5297
P73,1	5298	5299
P74,1	5300	5301
P128,1	5302	5303
P129,1	5304	5305
P130,1	5306	5307
P168,1	5308	5309
P169,1	5310	5311
P170,1	5312	5313
P171,1	5314	5315
P131,1	5316	5317
P75,1	5318	5319
P30,1	5320	5321
P42,1	5322	5323
P43,1	5324	5325
P44,1	5326	5327
P45,1	5328	5329
P97,1	5330	5331
P98,1	5332	5333
P46,1	5334	5335
P172,1	5336	5337
P173,1	5338	5339
P47,1	5340	5341
P132,1	5342	5343
P133,1	5344	5345
P21,1	5346	5347
P22,1	5348	5349
P23,1	5350	5351
P76,1	5352	5353
P77,1	5354	5355
P61,1	5356	5357
P62,1	5358	5359
P174,1	5360	5361
P175,1	5362	5363
P176,1	5364	5365
P177,1	5366	5367
P178,1	5368	5369
P179,1	5370	5371
P63,1	5372	5373
P99,1	5374	5375
P100,1	5376	5377
P134,1	5378	5379
P135,1	5380	5381
P136,1	5382	5383
P137,1	5384	5385
P101,1	5386	5387
P102,1	5388	5389
P103,1	5390	5391
P180,1	5392	5393
P181,1	5394	5395
P182,1	5396	5397
P183,1	5398	5399
P184,1	5400	5401
P104,1	5402	5403
P24,1	5404	5405
P7,1	5406	5407
P8,1	5408	5409
P6,1	5410	5411
P9,1	5412	5413
P138,1	5414	5415
P139,1	5416	5417
P140,1	5418	5419
P185,1	5420	5421
P186,1	5422	5423
P187,1	5424	5425
P16,1	5426	5427
P78,1	5428	5429
P79,1	5430	5431
P80,1	5432	5433
P105,1	5434	5435
P106,1	5436	5437
P48,1	5438	5439
P49,1	5440	5441
P31,1	5442	5443
P64,1	5444	5445
P188,1	5446	5447
P189,1	5448	5449
P190,1	5450	5451
P141,1	5452	5453
P142,1	5454	5455
P143,1	5456	5457
P32,1	5458	5459
P33,1	5460	5461
P34,1	5462	5463
P35,1	5464	5465
P36,1	5466	5467
P37,1	5468	5469
P107,1	5470	5471
P191,1	5472	5473
P192,1	5474	5475
P108,1	5476	5477
P109,1	5478	5479
P110,1	5480	5481
P144,1	5482	5483
P145,1	5484	5485
P146,1	5486	5487
P111,1	5488	5489
P81,1	5490	5491
P82,1	5492	5493
P83,1	5494	5495
P193,1	5496	5497
P194,1	5498	5499
P195,1	5500	5501
P84,1	5502	5503
P85,1	5504	5505
P17,1	5506	5507
P18,1	5508	5509
P19,1	5510	5511
P50,1	5512	5513
P147,1	5514	5515
P148,1	5516	5517
P65,1	5518	5519
P112,1	5520	5521
P196,1	5522	5523
P197,1	5524	5525
P198,1	5526	5527
P113,1	5528	5529
P114,1	5530	5531
P115,1	5532	5533
P66,1	5534	5535
P67,1	5536	5537
P51,1	5538	5539
P52,1	5540	5540
P53,1	5541	5542
P149,1	5543	5544
P150,1	5545	5546
P199,1	5547	5548
P200,1	5549	5550
P86,1	5551	5552
P87,1	5553	5554
P88,1	5555	5556
P54,1	5557	5558
P116,1	5559	5560
P117,1	5561	5562
P25,1	5563	5564
P26,1	5565	5566
P151,1	5567	5568
P10,2	5569	5570
P152,1	5571	5572
P153,1	5573	5574
P154,1	5575	5576
P13,1	5577	5578
P68,1	5579	5580
P12,2	5581	5582
P69,1	5583	5584
P70,1	5585	5586
P89,1	5587	5588
P90,1	5589	5590
P118,1	5591	5592
P119,1	5593	5594
P120,1	5595	5596
P155,1	5597	5598
P156,1	5599	5600
P14,1	5601	5602
P38,1	5603	5604
P39,1	5605	5606
P40,1	5607	5608
P55,1	5609	5610
P56,1	5611	5612
P41,1	5613	5614
P15,1	5615	5616
P11,1	5617	5618
P2,1	5619	5620
P157,1	5621	5622
P158,1	5623	5624
P159,1	5625	5626
P160,1	5627	5628
P161,1	5629	5630
P121,1	5631	5632
P122,1	5633	5634
P123,1	5635	5636
P91,1	5637	5638
P92,1	5639	5640
P93,1	5641	5642
P71,1	5643	5644
P72,1	5645	5646
P162,1	5647	5648
P163,1	5649	5650
P164,1	5651	5652
P165,1	5653	5654
P4,1	5655	5656
P27,1	5657	5658
P28,1	5659	5660
P124,1	5661	5662
P125,1	5663	5664
P126,1	5665	5666
P127,1	5667	5668
P29,1	5669	5670
P57,1	5671	5672
P58,1	5673	5674
P166,1	5675	5676
P167,1	5677	5678
P94,1	5679	5680
P95,1	5681	5682
P96,1	5683	5684
P59,1	5685	5686
P60,1	5687	5688
P73,1	5689	5690
P74,1	5691	5692
P128,1	5693	5694
P129,1	5695	5696
P130,1	5697	5698
P168,1	5699	5700
P169,1	5701	5702
P170,1	5703	5704
P171,1	5705	5706
P131,1	5707	5708
P75,1	5709	5710
P30,1	5711	5712
P42,1	5713	5714
P43,1	5715	5716
P44,1	5717	5718
P45,1	5719	5720
P97,1	5721	5722
P98,1	5723	5724
P172,1	5725	5726
P46,2	5727	5728
P173,1	5729	5730
P47,1	5731	5732
P132,1	5733	5734
P133,1	5735	5736
P21,1	5737	5738
P22,1	5739	5740
P23,1	5741	5742
P76,1	5743	5744
P77,1	5745	5746
P61,1	5747	5748
P62,1	5749	5750
P174,1	5751	5752
P175,1	5753	5754
P176,1	5755	5756
P177,1	5757	5758
P178,1	5759	5760
P179,1	5761	5762
P99,1	5763	5764
P63,2	5765	5766
P100,1	5767	5768
P134,1	5769	5770
P135,1	5771	5772
P136,1	5773	5774
P137,1	5775	5776
P101,1	5777	5778
P102,1	5779	5780
P103,1	5781	5782
P180,1	5783	5784
P181,1	5785	5786
P182,1	5787	5788
P183,1	5789	5790
P184,1	5791	5792
P104,1	5793	5794
P24,1	5795	5796
P7,1	5797	5798
P8,1	5799	5800
P6,1	5801	5802
P9,1	5803	5804
P138,1	5805	5806
P139,1	5807	5808
P140,1	5809	5810
P185,1	5811	5812
P186,1	5813	5814
P187,1	5815	5816
P16,1	5817	5818
P78,1	5819	5820
P79,1	5821	5822
P80,1	5823	5824
P105,1	5825	5826
P106,1	5827	5828
P48,1	5829	5830
P49,1	5831	5832
P31,1	5833	5834
P64,1	5835	5836
P188,1	5837	5838
P189,1	5839	5840
P190,1	5841	5842
P141,1	5843	5844
P142,1	5845	5846
P143,1	5847	5848
P32,1	5849	5850
P33,1	5851	5852
P34,1	5853	5854
P35,1	5855	5856
P36,1	5857	5858
P37,1	5859	5860
P107,1	5861	5862
P191,1	5863	5864
P192,1	5865	5866
P108,1	5867	5868
P109,1	5869	5870
P110,1	5871	5872
P144,1	5873	5874
P145,1	5875	5876
P146,1	5877	5878
P111,1	5879	5880
P81,1	5881	5882
P82,1	5883	5884
P83,1	5885	5886
P193,1	5887	5888
P194,1	5889	5890
P195,1	5891	5892
P84,1	5893	5894
P85,1	5895	5896
P17,1	5897	5898
P18,1	5899	5900
P19,1	5901	5902
P50,1	5903	5904
P147,1	5905	5906
P148,1	5907	5908
P65,1	5909	5910
P112,1	5911	5912
P196,1	5913	5914
P197,1	5915	5916
P198,1	5917	5918
P113,1	5919	5920
P114,1	5921	5922
P115,1	5923	5924
P66,1	5925	5926
P67,1	5927	5928
P51,1	5929	5930
P53,1	5931	5932
P149,1	5933	5934
P150,1	5935	5936
P199,1	5937	5938
P200,1	5939	5940
P86,1	5941	5942
P87,1	5943	5944
P88,1	5945	5946
P54,1	5947	5948
P116,1	5949	5950
P117,1	5951	5952
P25,1	5953	5954
P26,1	5955	5956
P151,1	5957	5958
P10,2	5959	5960
P152,1	5961	5962
P153,1	5963	5964
P154,1	5965	5966
P13,1	5967	5968
P68,1	5969	5970
P12,2	5971	5972
P69,1	5973	5974
P70,1	5975	5976
P89,1	5977	5978
P90,1	5979	5980
P118,1	5981	5982
P119,1	5983	5984
P120,1	5985	5986
P155,1	5987	5988
P156,1	5989	5990
P14,1	5991	5992
P38,1	5993	5994
P39,1	5995	5996
P40,1	5997	5998
P55,1	5999	6000
P56,1	6001	6002
P41,1	6003	6004
P15,1	6005	6006
P11,1	6007	6008
P2,1	6009	6010
P157,1	6011	6012
P158,1	6013	6014
P159,1	6015	6016
P160,1	6017	6018
P161,1	6019	6020
P121,1	6021	6022
P122,1	6023	6024
P123,1	6025	6026
P91,1	6027	6028
P92,1	6029	6030
P93,1	6031	6032
P71,1	6033	6034
P72,1	6035	6036
P162,1	6037	6038
P163,1	6039	6040
P164,1	6041	6042
P165,1	6043	6044
P4,1	6045	6046
P27,1	6047	6048
P28,1	6049	6050
P124,1	6051	6052
P125,1	6053	6054
P126,1	6055	6056
P127,1	6057	6058
P29,1	6059	6060
P57,1	6061	6062
P58,1	6063	6064
P166,1	6065	6066
P167,1	6067	6068
P94,1	6069	6070
P95,1	6071	6072
P96,1	6073	6074
P59,1	6075	6076
P60,1	6077	6078
P73,1	6079	6080
P74,1	6081	6081
P128,1	6082	6083
P129,1	6084	6085
P130,1	6086	6087
P168,1	6088	6089
P169,1	6090	6091
P170,1	6092	6093
P171,1	6094	6095
P131,1	6096	6097
P75,1	6098	6099
P30,1	6100	6101
P42,1	6102	6103
P43,1	6104	6105
P44,1	6106	6107
P45,1	6108	6109
P97,1	6110	6111
P98,1	6112	6113
P172,1	6114	6115
P46,2	6116	6117
P173,1	6118	6119
P47,1	6120	6121
P132,1	6122	6123
P133,1	6124	6125
P21,1	6126	6127
P22,1	6128	6129
P23,1	6130	6131
P76,1	6132	6133
P77,1	6134	6135
P61,1	6136	6137
P62,1	6138	6139
P174,1	6140	6141
P175,1	6142	6143
P176,1	6144	6145
P177,1	6146	6147
P178,1	6148	6149
P179,1	6150	6151
P99,1	6152	6153
P63,2	6154	6155
P100,1	6156	6157
P134,1	6158	6159
P135,1	6160	6161
P136,1	6162	6163
P137,1	6164	6165
P101,1	6166	6167
P102,1	6168	6169
P103,1	6170	6171
P180,1	6172	6173
P181,1	6174	6175
P182,1	6176	6177
P183,1	6178	6179
P184,1	6180	6181
P104,1	6182	6183
P24,1	6184	6185
P7,1	6186	6187
P8,1	6188	6189
P6,1	6190	6191
P9,1	6192	6193
P138,1	6194	6195
P139,1	6196	6197
P140,1	6198	6199
P185,1	6200	6201
P186,1	6202	6203
P187,1	6204	6205
P16,1	6206	6207
P78,1	6208	6209
P79,1	6210	6211
P80,1	6212	6213
P105,1	6214	6215
P106,1	6216	6217
P48,1	6218	6219
P49,1	6220	6221
P31,1	6222	6223
P64,1	6224	6225
P188,1	6226	6227
P189,1	6228	6229
P190,1	6230	6231
P141,1	6232	6233
P142,1	6234	6235
P143,1	6236	6237
P32,1	6238	6239
P33,1	6240	6241
P34,1	6242	6243
P35,1	6244	6245
P36,1	6246	6247
P37,1	6248	6249
P107,1	6250	6251
P191,1	6252	6253
P192,1	6254	6255
P108,1	6256	6257
P109,1	6258	6259
P110,1	6260	6261
P144,1	6262	6263
P145,1	6264	6265
P146,1	6266	6267
P111,1	6268	6269
P81,1	6270	6271
P82,1	6272	6273
P83,1	6274	6275
P193,1	6276	6277
P194,1	6278	6279
P195,1	6280	6281
P84,1	6282	6283
P85,1	6284	6285
P17,1	6286	6287
P18,1	6288	6289
P19,1	6290	6291
P50,1	6292	6293
P147,1	6294	6295
P148,1	6296	6297
P65,1	6298	6299
P112,1	6300	6301
P196,1	6302	6303
P197,1	6304	6305
P198,1	6306	6307
P113,1	6308	6309
P114,1	6310	6311
P115,1	6312	6313
P66,1	6314	6315
P67,1	6316	6317
P51,1	6318	6319
P149,1	6320	6321
P150,1	6322	6323
P199,1	6324	6325
P53,2	6326	6327
P200,1	6328	6329
P86,1	6330	6331
P87,1	6332	6333
P88,1	6334	6335
P54,1	6336	6337
P116,1	6338	6339
P117,1	6340	6341
P25,1	6342	6343
P26,1	6344	6345
P151,1	6346	6347
P10,2	6348	6349
P152,1	6350	6351
P153,1	6352	6353
P154,1	6354	6355
P13,1	6356	6357
P68,1	6358	6359
P12,2	6360	6361
P69,1	6362	6363
P70,1	6364	6365
P89,1	6366	6367
P90,1	6368	6369
P118,1	6370	6371
P119,1	6372	6373
P120,1	6374	6375
P155,1	6376	6377
P156,1	6378	6379
P14,1	6380	6381
P38,1	6382	6383
P39,1	6384	6385
P40,1	6386	6387
P55,1	6388	6389
P56,1	6390	6391
P41,1	6392	6393
P15,1	6394	6395
P11,1	6396	6397
P2,1	6398	6399
P157,1	6400	6401
P158,1	6402	6403
P159,1	6404	6405
P160,1	6406	6407
P161,1	6408	6409
P121,1	6410	6411
P122,1	6412	6413
P123,1	6414	6415
P91,1	6416	6417
P92,1	6418	6419
P93,1	6420	6421
P71,1	6422	6423
P72,1	6424	6425
P162,1	6426	6427
P163,1	6428	6429
P164,1	6430	6431
P165,1	6432	6433
P4,1	6434	6435
P27,1	6436	6437
P28,1	6438	6439
P124,1	6440	6441
P125,1	6442	6443
P126,1	6444	6445
P127,1	6446	6447
P29,1	6448	6449
P57,1	6450	6451
P58,1	6452	6453
P166,1	6454	6455
P167,1	6456	6457
P94,1	6458	6459
P95,1	6460	6461
P96,1	6462	6463
P59,1	6464	6465
P60,1	6466	6467
P73,1	6468	6469
P128,1	6470	6471
P129,1	6472	6473
P130,1	6474	6475
P168,1	6476	6477
P169,1	6478	6479
P170,1	6480	6481
P171,1	6482	6483
P131,1	6484	6485
P75,1	6486	6487
P30,1	6488	6489
P42,1	6490	6491
P43,1	6492	6493
P44,1	6494	6495
P45,1	6496	6497
P97,1	6498	6499
P98,1	6500	6501
P172,1	6502	6503
P46,2	6504	6505
P173,1	6506	6507
P47,1	6508	6509
P132,1	6510	6511
P133,1	6512	6513
P21,1	6514	6515
P22,1	6516	6517
P23,1	6518	6519
P76,1	6520	6521
P77,1	6522	6523
P61,1	6524	6525
P62,1	6526	6527
P174,1	6528	6529
P175,1	6530	6531
P176,1	6532	6533
P177,1	6534	6535
P178,1	6536	6537
P179,1	6538	6539
P99,1	6540	6541
P63,2	6542	6543
P100,1	6544	6545
P134,1	6546	6547
P135,1	6548	6549
P136,1	6550	6551
P137,1	6552	6553
P101,1	6554	6555
P102,1	6556	6557
P103,1	6558	6559
P180,1	6560	6561
P181,1	6562	6563
P182,1	6564	6565
P183,1	6566	6567
P184,1	6568	6569
P104,1	6570	6571
P24,1	6572	6573
P7,1	6574	6575
P8,1	6576	6577
P6,1	6578	6579
P9,1	6580	6581
P138,1	6582	6583
P139,1	6584	6585
P140,1	6586	6587
P185,1	6588	6589
P186,1	6590	6591
P187,1	6592	6593
P16,1	6594	6595
P78,1	6596	6597
P79,1	6598	6599
P80,1	6600	6601
P105,1	6602	6603
P106,1	6604	6605
P48,1	6606	6607
P31,1	6608	6609
P64,1	6610	6611
P188,1	6612	6613
P49,2	6614	6615
P189,1	6616	6617
P190,1	6618	6619
P141,1	6620	6621
P142,1	6622	6623
P143,1	6624	6625
P32,1	6626	6627
P33,1	6628	6629
P34,1	6630	6631
P35,1	6632	6633
P36,1	6634	6635
P37,1	6636	6637
P107,1	6638	6639
P191,1	6640	6641
P192,1	6642	6643
P108,1	6644	6645
P109,1	6646	6647
P110,1	6648	6649
P144,1	6650	6651
P145,1	6652	6653
P146,1	6654	6655
P111,1	6656	6657
P81,1	6658	6659
P82,1	6660	6661
P83,1	6662	6663
P193,1	6664	6665
P194,1	6666	6667
P195,1	6668	6669
P84,1	6670	6671
P85,1	6672	6673
P17,1	6674	6675
P18,1	6676	6677
P19,1	6678	6679
P50,1	6680	6681
P147,1	6682	6683
P148,1	6684	6685
P65,1	6686	6687
P112,1	6688	6689
P196,1	6690	6691
P197,1	6692	6693
P198,1	6694	6695
P113,1	6696	6697
P114,1	6698	6699
P115,1	6700	6701
P66,1	6702	6703
P67,1	6704	6705
P51,1	6706	6707
P149,1	6708	6709
P150,1	6710	6711
P199,1	6712	6713
P53,2	6714	6715
P200,1	6716	6717
P86,1	6718	6719
P87,1	6720	6721
P88,1	6722	6723
P54,1	6724	6725
P116,1	6726	6727
P117,1	6728	6729
P25,1	6730	6731
P26,1	6732	6733
P151,1	6734	6735
P10,2	6736	6737
P152,1	6738	6739
P153,1	6740	6741
P154,1	6742	6743
P13,1	6744	6745
P68,1	6746	6747
P12,2	6748	6749
P69,1	6750	6751
P70,1	6752	6753
P89,1	6754	6755
P90,1	6756	6757
P118,1	6758	6759
P119,1	6760	6761
P120,1	6762	6763
P155,1	6764	6765
P156,1	6766	6767
P14,1	6768	6769
P38,1	6770	6771
P39,1	6772	6773
P40,1	6774	6775
P55,1	6776	6777
P56,1	6778	6779
P41,1	6780	6781
P15,1	6782	6783
P11,1	6784	6785
P2,1	6786	6787
P157,1	6788	6789
P158,1	6790	6791
P159,1	6792	6793
P160,1	6794	6795
P161,1	6796	6797
P121,1	6798	6799
P122,1	6800	6801
P123,1	6802	6802
P91,1	6803	6804
P92,1	6805	6806
P93,1	6807	6808
P71,1	6809	6810
P72,1	6811	6812
P162,1	6813	6814
P163,1	6815	6816
P164,1	6817	6818
P165,1	6819	6820
P4,1	6821	6822
P27,1	6823	6824
P28,1	6825	6826
P124,1	6827	6828
P125,1	6829	6830
P126,1	6831	6832
P127,1	6833	6834
P29,1	6835	6836
P57,1	6837	6838
P58,1	6839	6840
P166,1	6841	6842
P167,1	6843	6844
P94,1	6845	6846
P95,1	6847	6848
P96,1	6849	6850
P59,1	6851	6852
P60,1	6853	6854
P73,1	6855	6856
P128,1	6857	6858
P129,1	6859	6860
P130,1	6861	6862
P168,1	6863	6864
P169,1	6865	6866
P170,1	6867	6868
P171,1	6869	6870
P131,1	6871	6872
P75,1	6873	6874
P30,1	6875	6876
P42,1	6877	6878
P43,1	6879	6880
P44,1	6881	6882
P45,1	6883	6884
P97,1	6885	6886
P98,1	6887	6888
P172,1	6889	6890
P46,2	6891	6892
P173,1	6893	6894
P47,1	6895	6896
P132,1	6897	6898
P133,1	6899	6900
P21,1	6901	6902
P22,1	6903	6904
P23,1	6905	6905
P76,1	6906	6907
P77,1	6908	6909
P61,1	6910	6911
P62,1	6912	6913
P174,1	6914	6915
P175,1	6916	6917
P176,1	6918	6919
P177,1	6920	6921
P178,1	6922	6923
P179,1	6924	6925
P99,1	6926	6927
P63,2	6928	6929
P100,1	6930	6931
P134,1	6932	6933
P135,1	6934	6935
P136,1	6936	6937
P137,1	6938	6939
P101,1	6940	6941
P102,1	6942	6943
P103,1	6944	6945
P180,1	6946	6947
P181,1	6948	6949
P182,1	6950	6951
P183,1	6952	6953
P184,1	6954	6955
P104,1	6956	6957
P24,1	6958	6959
P7,1	6960	6961
P8,1	6962	6963
P6,1	6964	6965
P9,1	6966	6967
P138,1	6968	6969
P139,1	6970	6971
P140,1	6972	6973
P185,1	6974	6975
P186,1	6976	6977
P187,1	6978	6979
P16,1	6980	6981
P78,1	6982	6983
P79,1	6984	6985
P80,1	6986	6987
P105,1	6988	6989
P106,1	6990	6991
P48,1	6992	6993
P31,1	6994	6995
P64,1	6996	6997
P188,1	6998	6999
P49,2	7000	7001
P189,1	7002	7003
P190,1	7004	7005
P141,1	7006	7007
P142,1	7008	7009
P143,1	7010	7011
P32,1	7012	7013
P33,1	7014	7015
P34,1	7016	7017
P35,1	7018	7019
P36,1	7020	7021
P37,1	7022	7023
P107,1	7024	7025
P191,1	7026	7027
P192,1	7028	7029
P108,1	7030	7031
P109,1	7032	7033
P110,1	7034	7035
P144,1	7036	7037
P145,1	7038	7039
P111,1	7040	7041
P146,2	7042	7043
P81,1	7044	7045
P82,1	7046	7047
P83,1	7048	7049
P193,1	7050	7051
P194,1	7052	7053
P195,1	7054	7055
P84,1	7056	7057
P85,1	7058	7059
P17,1	7060	7061
P18,1	7062	7063
P19,1	7064	7065
P50,1	7066	7067
P147,1	7068	7069
P148,1	7070	7071
P65,1	7072	7073
P112,1	7074	7075
P196,1	7076	7077
P197,1	7078	7079
P198,1	7080	7081
P113,1	7082	7083
P114,1	7084	7085
P115,1	7086	7087
P66,1	7088	7089
P67,1	7090	7091
P51,1	7092	7093
P149,1	7094	7095
P150,1	7096	7097
P199,1	7098	7099
P53,2	7100	7101
P200,1	7102	7103
P86,1	7104	7105
P87,1	7106	7107
P88,1	7108	7109
P54,1	7110	7111
P116,1	7112	7113
P117,1	7114	7115
P25,1	7116	7117
P26,1	7118	7119
P151,1	7120	7121
P10,2	7122	7123
P152,1	7124	7125
P153,1	7126	7127
P154,1	7128	7129
P13,1	7130	7131
P68,1	7132	7133
P12,2	7134	7135
P69,1	7136	7137
P70,1	7138	7139
P89,1	7140	7141
P90,1	7142	7143
P118,1	7144	7145
P119,1	7146	7147
P120,1	7148	7149
P155,1	7150	7151
P156,1	7152	7153
P14,1	7154	7155
P38,1	7156	7157
P39,1	7158	7159
P55,1	7160	7161
P56,1	7162	7163
P40,2	7164	7165
P41,1	7166	7167
P15,1	7168	7169
P11,1	7170	7171
P2,1	7172	7173
P157,1	7174	7175
P158,1	7176	7177
P159,1	7178	7179
P160,1	7180	7181
P161,1	7182	7183
P121,1	7184	7185
P123,2	7186	7187
P122,1	7188	7189
P91,1	7190	7191
P92,1	7192	7193
P93,1	7194	7195
P71,1	7196	7196
P72,1	7197	7198
P162,1	7199	7200
P163,1	7201	7202
P164,1	7203	7204
P165,1	7205	7206
P4,1	7207	7208
P28,1	7209	7209
P124,1	7210	7211
P125,1	7212	7213
P126,1	7214	7215
P127,1	7216	7217
P29,1	7218	7219
P57,1	7220	7221
P58,1	7222	7223
P166,1	7224	7225
P167,1	7226	7227
P94,1	7228	7229
P95,1	7230	7231
P96,1	7232	7233
P59,1	7234	7235
P60,1	7236	7237
P73,1	7238	7239
P128,1	7240	7241
P129,1	7242	7243
P130,1	7244	7245
P168,1	7246	7247
P169,1	7248	7249
P170,1	7250	7251
P171,1	7252	7253
P131,1	7254	7255
P75,1	7256	7257
P30,1	7258	7259
P42,1	7260	7260
P43,1	7261	7262
P44,1	7263	7264
P45,1	7265	7266
P97,1	7267	7268
P98,1	7269	7270
P172,1	7271	7272
P46,2	7273	7274
P173,1	7275	7276
P47,1	7277	7278
P132,1	7279	7280
P23,2	7281	7282
P133,1	7283	7284
P21,1	7285	7286
P22,1	7287	7288
P76,1	7289	7290
P77,1	7291	7292
P61,1	7293	7294
P62,1	7295	7296
P174,1	7297	7298
P175,1	7299	7300
P176,1	7301	7302
P177,1	7303	7304
P178,1	7305	7306
P179,1	7307	7308
P99,1	7309	7310
P63,2	7311	7312
P100,1	7313	7314
P134,1	7315	7316
P135,1	7317	7318
P136,1	7319	7320
P137,1	7321	7322
P101,1	7323	7324
P102,1	7325	7326
P103,1	7327	7328
P180,1	7329	7330
P181,1	7331	7332
P182,1	7333	7334
P183,1	7335	7336
P184,1	7337	7338
P104,1	7339	7340
P24,1	7341	7342
P7,1	7343	7344
P8,1	7345	7346
P6,1	7347	7348
P9,1	7349	7350
P138,1	7351	7352
P139,1	7353	7354
P140,1	7355	7356
P185,1	7357	7358
P186,1	7359	7360
P187,1	7361	7362
P16,1	7363	7364
P78,1	7365	7366
P79,1	7367	7368
P80,1	7369	7370
P105,1	7371	7372
P106,1	7373	7374
P48,1	7375	7376
P31,1	7377	7378
P64,1	7379	7380
P188,1	7381	7382
P49,2	7383	7384
P189,1	7385	7386
P190,1	7387	7388
P141,1	7389	7390
P142,1	7391	7392
P143,1	7393	7394
P32,1	7395	7396
P33,1	7397	7398
P34,1	7399	7400
P35,1	7401	7402
P37,1	7403	7404
P107,1	7405	7406
P191,1	7407	7408
P36,2	7409	7410
P192,1	7411	7412
P108,1	7413	7414
P109,1	7415	7416
P110,1	7417	7418
P144,1	7419	7420
P145,1	7421	7422
P111,1	7423	7424
P146,2	7425	7426
P81,1	7427	7428
P82,1	7429	7430
P83,1	7431	7432
P193,1	7433	7434
P194,1	7435	7436
P195,1	7437	7438
P84,1	7439	7440
P85,1	7441	7442
P17,1	7443	7444
P18,1	7445	7446
P19,1	7447	7448
P50,1	7449	7450
P147,1	7451	7451
P148,1	7452	7453
P65,1	7454	7455
P112,1	7456	7457
P196,1	7458	7459
P197,1	7460	7461
P198,1	7462	7463
P113,1	7464	7465
P114,1	7466	7467
P115,1	7468	7469
P66,1	7470	7471
P67,1	7472	7473
P51,1	7474	7475
P149,1	7476	7477
P150,1	7478	7479
P199,1	7480	7481
P53,2	7482	7483
P200,1	7484	7485
P86,1	7486	7487
P87,1	7488	7489
P88,1	7490	7491
P54,1	7492	7493
P116,1	7494	7495
P117,1	7496	7497
P25,1	7498	7499
P26,1	7500	7501
P151,1	7502	7503
P10,2	7504	7505
P152,1	7506	7507
P153,1	7508	7509
P154,1	7510	7511
P13,1	7512	7513
P68,1	7514	7515
P12,2	7516	7517
P69,1	7518	7519
P70,1	7520	7521
P89,1	7522	7523
P90,1	7524	7525
P118,1	7526	7527
P119,1	7528	7529
P120,1	7530	7531
P155,1	7532	7533
P156,1	7534	7535
P14,1	7536	7537
P38,1	7538	7539
P39,1	7540	7541
P55,1	7542	7543
P56,1	7544	7545
P40,2	7546	7547
P41,1	7548	7549
P15,1	7550	7551
P11,1	7552	7553
P2,1	7554	7555
P157,1	7556	7557
P158,1	7558	7559
P159,1	7560	7561
P160,1	7562	7563
P161,1	7564	7565
P121,1	7566	7567
P123,2	7568	7569
P122,1	7570	7571
P91,1	7572	7573
P92,1	7574	7575
P93,1	7576	7577
P72,1	7578	7579
P28,2	7580	7581
P162,1	7582	7583
P163,1	7584	7585
P164,1	7586	7587
P165,1	7588	7589
P4,1	7590	7591
P124,1	7592	7593
P125,1	7594	7595
P126,1	7596	7597
P127,1	7598	7599
P29,1	7600	7601
P57,1	7602	7603
P58,1	7604	7605
P166,1	7606	7607
P167,1	7608	7609
P94,1	7610	7611
P95,1	7612	7613
P96,1	7614	7615
P59,1	7616	7617
P60,1	7618	7619
P73,1	7620	7621
P128,1	7622	7623
P129,1	7624	7625
P130,1	7626	7627
P168,1	7628	7629
P169,1	7630	7631
P170,1	7632	7633
P171,1	7634	7635
P131,1	7636	7637
P75,1	7638	7639
P30,1	7640	7641
P43,1	7642	7643
P44,1	7644	7645
P45,1	7646	7647
P97,1	7648	7649
P98,1	7650	7651
P172,1	7652	7653
P46,2	7654	7655
P173,1	7656	7657
P47,1	7658	7659
P132,1	7660	7661
P23,2	7662	7663
P133,1	7664	7664
P21,1	7665	7666
P22,1	7667	7668
P76,1	7669	7670
P77,1	7671	7672
P61,1	7673	7674
P62,1	7675	7676
P174,1	7677	7678
P175,1	7679	7680
P176,1	7681	7682
P177,1	7683	7684
P178,1	7685	7686
P179,1	7687	7688
P99,1	7689	7690
P63,2	7691	7692
P100,1	7693	7694
P134,1	7695	7696
P135,1	7697	7698
P136,1	7699	7700
P137,1	7701	7702
P101,1	7703	7704
P102,1	7705	7706
P103,1	7707	7708
P180,1	7709	7710
P181,1	7711	7712
P182,1	7713	7714
P183,1	7715	7716
P184,1	7717	7718
P104,1	7719	7720
P24,1	7721	7722
P7,1	7723	7724
P8,1	7725	7726
P6,1	7727	7728
P9,1	7729	7730
P138,1	7731	7732
P139,1	7733	7734
P140,1	7735	7736
P185,1	7737	7738
P186,1	7739	7740
P187,1	7741	7742
P16,1	7743	7744
P78,1	7745	7746
P79,1	7747	7748
P80,1	7749	7750
P105,1	7751	7752
P106,1	7753	7754
P48,1	7755	7756
P31,1	7757	7758
P64,1	7759	7760
P188,1	7761	7762
P49,2	7763	7764
P189,1	7765	7766
P190,1	7767	7767
P141,1	7768	7769
P142,1	7770	7771
P143,1	7772	7773
P32,1	7774	7774
P33,1	7775	7776
P34,1	7777	7778
P35,1	7779	7780
P37,1	7781	7782
P107,1	7783	7784
P191,1	7785	7786
P36,2	7787	7788
P192,1	7789	7790
P108,1	7791	7792
P109,1	7793	7794
P110,1	7795	7796
P144,1	7797	7798
P111,1	7799	7800
P146,2	7801	7802
P81,1	7803	7804
P82,1	7805	7806
P83,1	7807	7808
P193,1	7809	7810
P194,1	7811	7812
P195,1	7813	7814
P84,1	7815	7816
P85,1	7817	7818
P17,1	7819	7820
P18,1	7821	7822
P19,1	7823	7824
P50,1	7825	7826
P148,1	7827	7828
P65,1	7829	7830
P112,1	7831	7832
P196,1	7833	7834
P197,1	7835	7836
P198,1	7837	7838
P113,1	7839	7840
P114,1	7841	7842
P115,1	7843	7844
P66,1	7845	7846
P67,1	7847	7848
P51,1	7849	7850
P149,1	7851	7852
P150,1	7853	7854
P199,1	7855	7856
P53,2	7857	7858
P200,1	7859	7860
P86,1	7861	7862
P87,1	7863	7864
P88,1	7865	7866
P54,1	7867	7868
P116,1	7869	7870
P117,1	7871	7872
P25,1	7873	7874
P26,1	7875	7876
P151,1	7877	7878
P10,2	7879	7880
P152,1	7881	7882
P153,1	7883	7884
P154,1	7885	7886
P13,1	7887	7888
P68,1	7889	7890
P12,2	7891	7892
P69,1	7893	7894
P70,1	7895	7896
P89,1	7897	7898
P90,1	7899	7900
P118,1	7901	7902
P119,1	7903	7904
P120,1	7905	7906
P155,1	7907	7908
P156,1	7909	7910
P14,1	7911	7912
P38,1	7913	7914
P39,1	7915	7916
P55,1	7917	7918
P56,1	7919	7920
P40,2	7921	7922
P41,1	7923	7924
P15,1	7925	7926
P11,1	7927	7928
P2,1	7929	7930
P157,1	7931	7932
P158,1	7933	7934
P159,1	7935	7936
P160,1	7937	7938
P161,1	7939	7940
P121,1	7941	7942
P123,2	7943	7944
P122,1	7945	7946
P91,1	7947	7948
P92,1	7949	7950
P93,1	7951	7952
P72,1	7953	7954
P28,2	7955	7956
P162,1	7957	7958
P163,1	7959	7960
P164,1	7961	7962
P165,1	7963	7964
P4,1	7965	7966
P124,1	7967	7968
P125,1	7969	7970
P126,1	7971	7972
P127,1	7973	7974
P29,1	7975	7976
P57,1	7977	7978
P58,1	7979	7980
P166,1	7981	7982
P167,1	7983	7984
P94,1	7985	7986
P95,1	7987	7988
P96,1	7989	7990
P59,1	7991	7992
P60,1	7993	7994
P73,1	7995	7996
P128,1	7997	7998
P129,1	7999	8000
P130,1	8001	8002
P168,1	8003	8004
P169,1	8005	8006
P170,1	8007	8008
P171,1	8009	8010
P131,1	8011	8012
P75,1	8013	8014
P30,1	8015	8016
P43,1	8017	8018
P44,1	8019	8020
P45,1	8021	8022
P97,1	8023	8024
P98,1	8025	8026
P172,1	8027	8028
P46,2	8029	8030
P173,1	8031	8032
P47,1	8033	8034
P133,2	8035	8036
P132,1	8037	8038
P23,2	8039	8040
P21,1	8041	8042
P22,1	8043	8044
P76,1	8045	8046
P77,1	8047	8048
P61,1	8049	8050
P62,1	8051	8052
P174,1	8053	8054
P175,1	8055	8056
P176,1	8057	8058
P177,1	8059	8060
P178,1	8061	8062
P179,1	8063	8064
P99,1	8065	8066
P63,2	8067	8068
P100,1	8069	8070
P134,1	8071	8072
P135,1	8073	8074
P136,1	8075	8076
P137,1	8077	8078
P101,1	8079	8080
P102,1	8081	8082
P103,1	8083	8083
P180,1	8084	8085
P181,1	8086	8087
P182,1	8088	8089
P183,1	8090	8091
P184,1	8092	8093
P104,1	8094	8095
P7,1	8096	8097
P24,2	8098	8099
P8,1	8100	8101
P6,1	8102	8103
P9,1	8104	8105
P138,1	8106	8107
P139,1	8108	8109
P140,1	8110	8111
P185,1	8112	8113
P186,1	8114	8115
P187,1	8116	8117
P16,1	8118	8119
P78,1	8120	8121
P79,1	8122	8123
P80,1	8124	8125
P105,1	8126	8127
P106,1	8128	8129
P48,1	8130	8131
P31,1	8132	8133
P190,2	8134	8135
P64,1	8136	8137
P188,1	8138	8139
P49,2	8140	8141
P189,1	8142	8143
P141,1	8144	8145
P142,1	8146	8147
P143,1	8148	8149
P33,1	8150	8151
P34,1	8152	8153
P32,2	8154	8155
P35,1	8156	8157
P37,1	8158	8159
P107,1	8160	8161
P191,1	8162	8163
P36,2	8164	8165
P192,1	8166	8167
P108,1	8168	8169
P109,1	8170	8171
P110,1	8172	8173
P144,1	8174	8175
P111,1	8176	8177
P146,2	8178	8179
P81,1	8180	8181
P82,1	8182	8183
P193,1	8184	8185
P194,1	8186	8187
P83,2	8188	8189
P195,1	8190	8191
P84,1	8192	8193
P85,1	8194	8195
P17,1	8196	8197
P18,1	8198	8199
P19,1	8200	8201
P50,1	8202	8203
P148,1	8204	8205
P65,1	8206	8207
P112,1	8208	8209
P196,1	8210	8211
P197,1	8212	8213
P198,1	8214	8215
P113,1	8216	8217
P114,1	8218	8219
P115,1	8220	8221
P66,1	8222	8223
P67,1	8224	8225
P51,1	8226	8227
P149,1	8228	8229
P150,1	8230	8231
P199,1	8232	8233
P53,2	8234	8235
P200,1	8236	8237
P86,1	8238	8239
P87,1	8240	8241
P88,1	8242	8243
P54,1	8244	8245
P116,1	8246	8247
P117,1	8248	8249
P25,1	8250	8251
P26,1	8252	8253
P151,1	8254	8255
P10,2	8256	8257
P152,1	8258	8259
P153,1	8260	8261
P154,1	8262	8263
P13,1	8264	8265
P12,2	8266	8267
P69,1	8268	8269
P68,2	8270	8271
P89,1	8272	8273
P70,2	8274	8275
P90,1	8276	8277
P118,1	8278	8279
P119,1	8280	8281
P120,1	8282	8283
P155,1	8284	8285
P156,1	8286	8287
P14,1	8288	8289
P38,1	8290	8291
P39,1	8292	8293
P55,1	8294	8295
P56,1	8296	8297
P40,2	8298	8299
P41,1	8300	8301
P15,1	8302	8303
P11,1	8304	8305
P2,1	8306	8307
P157,1	8308	8309
P158,1	8310	8311
P159,1	8312	8313
P160,1	8314	8315
P161,1	8316	8317
P121,1	8318	8319
P123,2	8320	8321
P122,1	8322	8323
P91,1	8324	8325
P92,1	8326	8327
P93,1	8328	8329
P72,1	8330	8331
P28,2	8332	8333
P162,1	8334	8335
P163,1	8336	8336
P164,1	8337	8338
P165,1	8339	8340
P4,1	8341	8342
P124,1	8343	8344
P125,1	8345	8346
P126,1	8347	8348
P127,1	8349	8350
P29,1	8351	8352
P57,1	8353	8354
P58,1	8355	8356
P166,1	8357	8358
P167,1	8359	8360
P94,1	8361	8362
P95,1	8363	8364
P96,1	8365	8366
P59,1	8367	8368
P60,1	8369	8369
P73,1	8370	8371
P128,1	8372	8373
P129,1	8374	8375
P130,1	8376	8377
P168,1	8378	8379
P169,1	8380	8381
P170,1	8382	8383
P171,1	8384	8385
P131,1	8386	8387
P75,1	8388	8388
P30,1	8389	8390
P43,1	8391	8392
P44,1	8393	8394
P45,1	8395	8396
P97,1	8397	8398
P98,1	8399	8400
P172,1	8401	8402
P46,2	8403	8404
P173,1	8405	8406
P47,1	8407	8408
P133,2	8409	8410
P132,1	8411	8412
P23,2	8413	8414
P21,1	8415	8416
P22,1	8417	8418
P76,1	8419	8420
P77,1	8421	8422
P61,1	8423	8424
P62,1	8425	8426
P174,1	8427	8428
P175,1	8429	8430
P176,1	8431	8432
P177,1	8433	8434
P178,1	8435	8436
P179,1	8437	8438
P99,1	8439	8440
P63,2	8441	8442
P100,1	8443	8444
P134,1	8445	8446
P135,1	8447	8448
P136,1	8449	8450
P137,1	8451	8452
P103,2	8453	8454
P101,1	8455	8456
P102,1	8457	8458
P180,1	8459	8460
P181,1	8461	8462
P182,1	8463	8464
P183,1	8465	8466
P184,1	8467	8468
P104,1	8469	8470
P7,1	8471	8472
P24,2	8473	8474
P8,1	8475	8476
P6,1	8477	8478
P9,1	8479	8480
P138,1	8481	8482
P139,1	8483	8484
P140,1	8485	8486
P185,1	8487	8488
P186,1	8489	8490
P187,1	8491	8492
P16,1	8493	8494
P78,1	8495	8496
P79,1	8497	8498
P80,1	8499	8500
P105,1	8501	8502
P106,1	8503	8504
P48,1	8505	8506
P31,1	8507	8508
P190,2	8509	8510
P64,1	8511	8512
P188,1	8513	8514
P49,2	8515	8516
P189,1	8517	8518
P141,1	8519	8520
P142,1	8521	8522
P143,1	8523	8524
P33,1	8525	8526
P34,1	8527	8528
P32,2	8529	8530
P35,1	8531	8532
P37,1	8533	8534
P107,1	8535	8536
P191,1	8537	8538
P36,2	8539	8540
P192,1	8541	8542
P108,1	8543	8544
P109,1	8545	8546
P110,1	8547	8548
P144,1	8549	8550
P111,1	8551	8552
P146,2	8553	8554
P81,1	8555	8556
P82,1	8557	8558
P193,1	8559	8560
P194,1	8561	8562
P83,2	8563	8564
P195,1	8565	8566
P84,1	8567	8568
P85,1	8569	8570
P17,1	8571	8572
P18,1	8573	8574
P19,1	8575	8575
P50,1	8576	8577
P148,1	8578	8579
P65,1	8580	8581
P112,1	8582	8583
P196,1	8584	8585
P197,1	8586	8587
P198,1	8588	8589
P113,1	8590	8591
P114,1	8592	8593
P115,1	8594	8595
P66,1	8596	8597
P67,1	8598	8599
P51,1	8600	8601
P149,1	8602	8603
P150,1	8604	8605
P199,1	8606	8607
P53,2	8608	8609
P200,1	8610	8611
P86,1	8612	8613
P87,1	8614	8615
P88,1	8616	8617
P54,1	8618	8619
P116,1	8620	8621
P117,1	8622	8623
P25,1	8624	8625
P26,1	8626	8627
P151,1	8628	8629
P10,2	8630	8631
P152,1	8632	8633
P153,1	8634	8635
P154,1	8636	8637
P13,1	8638	8639
P12,2	8640	8641
P69,1	8642	8643
P68,2	8644	8645
P89,1	8646	8647
P70,2	8648	8649
P90,1	8650	8651
P118,1	8652	8653
P119,1	8654	8655
P120,1	8656	8657
P155,1	8658	8659
P156,1	8660	8661
P14,1	8662	8663
P38,1	8664	8665
P39,1	8666	8667
P55,1	8668	8669
P56,1	8670	8671
P40,2	8672	8673
P41,1	8674	8675
P15,1	8676	8677
P11,1	8678	8679
P2,1	8680	8681
P157,1	8682	8683
P158,1	8684	8684
P159,1	8685	8686
P160,1	8687	8688
P161,1	8689	8690
P121,1	8691	8692
P123,2	8693	8694
P122,1	8695	8696
P91,1	8697	8698
P92,1	8699	8700
P93,1	8701	8702
P72,1	8703	8704
P28,2	8705	8706
P162,1	8707	8708
P164,1	8709	8710
P165,1	8711	8712
P4,1	8713	8714
P124,1	8715	8716
P125,1	8717	8718
P126,1	8719	8720
P127,1	8721	8722
P29,1	8723	8724
P57,1	8725	8726
P58,1	8727	8728
P166,1	8729	8730
P60,2	8731	8732
P167,1	8733	8734
P94,1	8735	8736
P95,1	8737	8738
P96,1	8739	8740
P59,1	8741	8742
P73,1	8743	8744
P128,1	8745	8746
P129,1	8747	8748
P130,1	8749	8750
P168,1	8751	8752
P75,2	8753	8754
P169,1	8755	8756
P170,1	8757	8758
P171,1	8759	8760
P131,1	8761	8762
P30,1	8763	8764
P43,1	8765	8766
P44,1	8767	8768
P45,1	8769	8770
P97,1	8771	8772
P98,1	8773	8774
P172,1	8775	8776
P46,2	8777	8778
P173,1	8779	8780
P47,1	8781	8782
P133,2	8783	8784
P132,1	8785	8786
P23,2	8787	8788
P21,1	8789	8790
P22,1	8791	8792
P76,1	8793	8794
P77,1	8795	8796
P61,1	8797	8798
P62,1	8799	8800
P174,1	8801	8802
P175,1	8803	8804
P176,1	8805	8806
P177,1	8807	8808
P178,1	8809	8810
P179,1	8811	8812
P99,1	8813	8814
P63,2	8815	8816
P100,1	8817	8818
P134,1	8819	8820
P135,1	8821	8822
P136,1	8823	8824
P137,1	8825	8826
P103,2	8827	8828
P101,1	8829	8830
P102,1	8831	8832
P180,1	8833	8834
P181,1	8835	8836
P182,1	8837	8838
P183,1	8839	8840
P184,1	8841	8842
P104,1	8843	8844
P7,1	8845	8846
P24,2	8847	8848
P8,1	8849	8850
P9,1	8851	8852
P138,1	8853	8854
P139,1	8855	8856
P140,1	8857	8858
P185,1	8859	8860
P186,1	8861	8862
P187,1	8863	8864
P16,1	8865	8866
P78,1	8867	8868
P79,1	8869	8870
P80,1	8871	8872
P105,1	8873	8874
P106,1	8875	8876
P48,1	8877	8878
P31,1	8879	8880
P190,2	8881	8882
P64,1	8883	8884
P188,1	8885	8886
P49,2	8887	8888
P189,1	8889	8890
P141,1	8891	8891
P142,1	8892	8893
P143,1	8894	8895
P33,1	8896	8897
P34,1	8898	8899
P32,2	8900	8901
P35,1	8902	8903
P37,1	8904	8905
P107,1	8906	8907
P191,1	8908	8909
P36,2	8910	8911
P192,1	8912	8913
P108,1	8914	8915
P109,1	8916	8917
P110,1	8918	8919
P144,1	8920	8921
P111,1	8922	8923
P146,2	8924	8925
P81,1	8926	8927
P82,1	8928	8929
P19,2	8930	8931
P193,1	8932	8933
P194,1	8934	8935
P83,2	8936	8937
P195,1	8938	8939
P84,1	8940	8941
P85,1	8942	8943
P17,1	8944	8945
P18,1	8946	8947
P50,1	8948	8949
P148,1	8950	8951
P65,1	8952	8953
P112,1	8954	8955
P196,1	8956	8957
P197,1	8958	8959
P198,1	8960	8961
P113,1	8962	8963
P114,1	8964	8965
P115,1	8966	8967
P66,1	8968	8969
P67,1	8970	8971
P51,1	8972	8973
P149,1	8974	8975
P150,1	8976	8977
P199,1	8978	8979
P53,2	8980	8981
P200,1	8982	8983
P86,1	8984	8985
P87,1	8986	8987
P88,1	8988	8989
P54,1	8990	8991
P116,1	8992	8993
P117,1	8994	8995
P25,1	8996	8997
P26,1	8998	8999
P151,1	9000	9001
P10,2	9002	9003
P152,1	9004	9005
P153,1	9006	9007
P154,1	9008	9009
P13,1	9010	9011
P12,2	9012	9013
P69,1	9014	9015
P68,2	9016	9017
P89,1	9018	9019
P70,2	9020	9021
P90,1	9022	9023
P118,1	9024	9025
P119,1	9026	9027
P120,1	9028	9029
P155,1	9030	9031
P156,1	9032	9033
P14,1	9034	9035
P38,1	9036	9037
P39,1	9038	9039
P55,1	9040	9041
P56,1	9042	9043
P40,2	9044	9045
P41,1	9046	9047
P15,1	9048	9049
P11,1	9050	9051
P158,2	9052	9053
P2,1	9054	9055
P157,1	9056	9057
P159,1	9058	9059
P160,1	9060	9061
P161,1	9062	9063
P121,1	9064	9065
P123,2	9066	9067
P122,1	9068	9069
P91,1	9070	9071
P92,1	9072	9073
P93,1	9074	9075
P72,1	9076	9077
P28,2	9078	9079
P162,1	9080	9081
P164,1	9082	9083
P165,1	9084	9085
P4,1	9086	9087
P124,1	9088	9089
P125,1	9090	9091
P126,1	9092	9093
P127,1	9094	9095
P29,1	9096	9097
P57,1	9098	9099
P58,1	9100	9101
P166,1	9102	9103
P60,2	9104	9105
P167,1	9106	9107
P94,1	9108	9109
P95,1	9110	9111
P96,1	9112	9113
P59,1	9114	9115
P73,1	9116	9117
P128,1	9118	9119
P129,1	9120	9121
P130,1	9122	9123
P168,1	9124	9125
P75,2	9126	9127
P169,1	9128	9129
P170,1	9130	9131
P171,1	9132	9133
P131,1	9134	9135
P30,1	9136	9137
P43,1	9138	9139
P44,1	9140	9141
P45,1	9142	9143
P97,1	9144	9145
P98,1	9146	9147
P172,1	9148	9149
P46,2	9150	9151
P173,1	9152	9153
P47,1	9154	9155
P133,2	9156	9157
P132,1	9158	9159
P23,2	9160	9161
P21,1	9162	9163
P22,1	9164	9165
P76,1	9166	9167
P77,1	9168	9169
P61,1	9170	9171
P62,1	9172	9173
P174,1	9174	9175
P175,1	9176	9177
P176,1	9178	9179
P177,1	9180	9181
P178,1	9182	9183
P179,1	9184	9185
P99,1	9186	9187
P63,2	9188	9189
P100,1	9190	9191
P134,1	9192	9193
P135,1	9194	9195
P136,1	9196	9197
P137,1	9198	9199
P103,2	9200	9201
P101,1	9202	9203
P102,1	9204	9205
P180,1	9206	9207
P181,1	9208	9209
P182,1	9210	9211
P183,1	9212	9213
P184,1	9214	9215
P104,1	9216	9217
P7,1	9218	9219
P24,2	9220	9221
P8,1	9222	9223
P9,1	9224	9225
P138,1	9226	9227
P139,1	9228	9229
P140,1	9230	9231
P185,1	9232	9233
P186,1	9234	9235
P187,1	9236	9237
P16,1	9238	9239
P78,1	9240	9241
P79,1	9242	9243
P105,1	9244	9245
P106,1	9246	9247
P80,2	9248	9249
P48,1	9250	9251
P141,2	9252	9253
P31,1	9254	9255
P190,2	9256	9257
P64,1	9258	9259
P188,1	9260	9261
P49,2	9262	9263
P189,1	9264	9265
P142,1	9266	9267
P143,1	9268	9269
P33,1	9270	9271
P34,1	9272	9273
P32,2	9274	9275
P35,1	9276	9277
P37,1	9278	9279
P107,1	9280	9281
P191,1	9282	9283
P36,2	9284	9285
P192,1	9286	9287
P108,1	9288	9289
P109,1	9290	9291
P110,1	9292	9293
P144,1	9294	9295
P111,1	9296	9297
P146,2	9298	9299
P81,1	9300	9301
P82,1	9302	9303
P19,2	9304	9305
P193,1	9306	9307
P194,1	9308	9309
P83,2	9310	9311
P195,1	9312	9313
P84,1	9314	9315
P85,1	9316	9317
P17,1	9318	9319
P18,1	9320	9321
P50,1	9322	9323
P148,1	9324	9325
P65,1	9326	9327
P112,1	9328	9329
P196,1	9330	9331
P197,1	9332	9333
P198,1	9334	9335
P113,1	9336	9337
P114,1	9338	9339
P115,1	9340	9341
P66,1	9342	9343
P67,1	9344	9345
P51,1	9346	9347
P149,1	9348	9349
P150,1	9350	9351
P199,1	9352	9353
P53,2	9354	9355
P200,1	9356	9357
P86,1	9358	9359
P87,1	9360	9361
P88,1	9362	9363
P54,1	9364	9365
P116,1	9366	9367
P117,1	9368	9369
P25,1	9370	9371
P26,1	9372	9373
P151,1	9374	9375
P10,2	9376	9377
P152,1	9378	9379
P153,1	9380	9381
P154,1	9382	9383
P13,1	9384	9385
P12,2	9386	9387
P69,1	9388	9389
P68,2	9390	9391
P89,1	9392	9393
P70,2	9394	9395
P90,1	9396	9397
P118,1	9398	9399
P119,1	9400	9401
P120,1	9402	9403
P155,1	9404	9405
P156,1	9406	9407
P14,1	9408	9409
P38,1	9410	9411
P55,1	9412	9413
P56,1	9414	9415
P40,2	9416	9417
P41,1	9418	9419
P15,1	9420	9421
P11,1	9422	9423
P158,2	9424	9425
P2,1	9426	9427
P157,1	9428	9429
P159,1	9430	9431
P160,1	9432	9433
P161,1	9434	9435
P121,1	9436	9437
P123,2	9438	9439
P122,1	9440	9441
P91,1	9442	9443
P92,1	9444	9445
P72,1	9446	9447
P28,2	9448	9449
P162,1	9450	9451
P164,1	9452	9453
P165,1	9454	9455
P4,1	9456	9457
P125,1	9458	9459
P126,1	9460	9461
P124,2	9462	9463
P127,1	9464	9465
P29,1	9466	9467
P57,1	9468	9469
P58,1	9470	9471
P166,1	9472	9473
P60,2	9474	9475
P167,1	9476	9477
P94,1	9478	9479
P95,1	9480	9481
P96,1	9482	9483
P59,1	9484	9485
P73,1	9486	9487
P128,1	9488	9489
P129,1	9490	9491
P130,1	9492	9493
P168,1	9494	9495
P75,2	9496	9497
P169,1	9498	9499
P170,1	9500	9501
P171,1	9502	9503
P131,1	9504	9505
P30,1	9506	9507
P43,1	9508	9509
P44,2	9510	9511
P45,1	9512	9513
P97,1	9514	9515
P98,1	9516	9517
P172,1	9518	9519
P46,2	9520	9521
P173,1	9522	9523
P47,1	9524	9525
P133,2	9526	9527
P132,1	9528	9529
P23,2	9530	9531
P21,1	9532	9533
P22,1	9534	9535
P76,1	9536	9537
P77,1	9538	9539
P61,1	9540	9541
P62,1	9542	9543
P174,1	9544	9545
P175,1	9546	9547
P176,1	9548	9549
P177,1	9550	9551
P178,1	9552	9553
P179,1	9554	9555
P99,1	9556	9557
P63,2	9558	9559
P100,1	9560	9561
P134,1	9562	9563
P136,1	9564	9565
P137,1	9566	9567
P135,2	9568	9569
P103,2	9570	9571
P101,1	9572	9573
P102,1	9574	9575
P180,1	9576	9577
P181,1	9578	9579
P182,1	9580	9581
P183,1	9582	9583
P184,1	9584	9585
P104,1	9586	9587
P7,1	9588	9589
P24,2	9590	9591
P8,1	9592	9593
P9,1	9594	9595
P138,1	9596	9597
P139,1	9598	9599
P140,1	9600	9601
P185,1	9602	9603
P186,1	9604	9605
P187,1	9606	9607
P16,1	9608	9609
P78,1	9610	9611
P79,1	9612	9613
P105,1	9614	9615
P106,1	9616	9617
P80,2	9618	9619
P48,1	9620	9621
P141,2	9622	9623
P31,1	9624	9625
P190,2	9626	9627
P64,1	9628	9629
P188,1	9630	9631
P49,2	9632	9633
P189,1	9634	9635
P142,1	9636	9637
P143,1	9638	9639
P33,1	9640	9641
P34,1	9642	9643
P32,2	9644	9645
P35,1	9646	9647
P37,1	9648	9649
P107,1	9650	9651
P191,1	9652	9653
P36,2	9654	9655
P192,1	9656	9657
P108,1	9658	9659
P109,1	9660	9661
P110,1	9662	9663
P144,1	9664	9665
P111,1	9666	9667
P146,2	9668	9669
P81,1	9670	9671
P82,1	9672	9673
P19,2	9674	9675
P193,1	9676	9677
P194,1	9678	9679
P83,2	9680	9681
P195,1	9682	9683
P84,1	9684	9685
P85,1	9686	9687
P17,1	9688	9689
P18,1	9690	9691
P50,1	9692	9693
P148,1	9694	9695
P65,1	9696	9697
P112,1	9698	9699
P196,1	9700	9701
P197,1	9702	9703
P198,1	9704	9705
P113,1	9706	9707
P114,1	9708	9709
P115,1	9710	9711
P66,1	9712	9713
P67,1	9714	9715
P51,1	9716	9717
P149,1	9718	9719
P150,1	9720	9721
P199,1	9722	9723
P53,2	9724	9725
P200,1	9726	9727
P86,1	9728	9729
P87,1	9730	9731
P88,1	9732	9733
P54,1	9734	9735
P116,1	9736	9736
P117,1	9737	9738
P25,1	9739	9740
P26,1	9741	9742
P151,1	9743	9744
P10,2	9745	9746
P152,1	9747	9748
P153,1	9749	9750
P154,1	9751	9752
P13,1	9753	9754
P12,2	9755	9756
P69,1	9757	9758
P68,2	9759	9760
P89,1	9761	9762
P70,2	9763	9764
P90,1	9765	9765
P118,1	9766	9767
P119,1	9768	9769
P120,1	9770	9771
P155,1	9772	9773
P156,1	9774	9775
P14,1	9776	9777
P38,1	9778	9779
P55,1	9780	9781
P56,1	9782	9783
P40,2	9784	9785
P41,1	9786	9787
P15,1	9788	9789
P11,1	9790	9791
P158,2	9792	9793
P2,1	9794	9795
P157,1	9796	9797
P159,1	9798	9799
P160,1	9800	9801
P161,1	9802	9803
P121,1	9804	9805
P123,2	9806	9807
P122,1	9808	9809
P91,1	9810	9811
P92,1	9812	9813
P72,1	9814	9815
P28,2	9816	9817
P162,1	9818	9819
P164,1	9820	9821
P165,1	9822	9823
P4,1	9824	9824
P125,1	9825	9826
P126,1	9827	9828
P124,2	9829	9830
P127,1	9831	9832
P29,1	9833	9834
P57,1	9835	9836
P58,1	9837	9838
P166,1	9839	9840
P60,2	9841	9842
P167,1	9843	9844
P94,1	9845	9846
P95,1	9847	9848
P96,1	9849	9850
P59,1	9851	9852
P73,1	9853	9854
P128,1	9855	9856
P129,1	9857	9858
P130,1	9859	9860
P168,1	9861	9862
P75,2	9863	9864
P169,1	9865	9866
P170,1	9867	9867
P171,1	9868	9869
P131,1	9870	9871
P30,1	9872	9873
P44,2	9874	9875
P45,1	9876	9877
P97,1	9878	9879
P43,2	9880	9881
P98,1	9882	9883
P172,1	9884	9885
P46,2	9886	9887
P173,1	9888	9889
P47,1	9890	9891
P133,2	9892	9893
P132,1	9894	9895
P23,2	9896	9897
P21,1	9898	9899
P22,1	9900	9901
P76,1	9902	9903
P77,2	9904	9905
P61,1	9906	9907
P62,1	9908	9909
P174,1	9910	9911
P175,1	9912	9913
P176,1	9914	9915
P177,1	9916	9917
P178,1	9918	9919
P179,1	9920	9921
P99,1	9922	9923
P63,2	9924	9925
P100,1	9926	9927
P134,1	9928	9929
P136,1	9930	9931
P137,1	9932	9933
P135,2	9934	9935
P103,2	9936	9937
P101,1	9938	9939
P102,1	9940	9941
P180,1	9942	9943
P181,1	9944	9945
P182,1	9946	9947
P183,1	9948	9949
P184,1	9950	9951
P104,1	9952	9953
P7,1	9954	9955
P24,2	9956	9957
P8,1	9958	9959
P9,1	9960	9961
P138,1	9962	9963
P139,1	9964	9965
P140,1	9966	9967
P185,1	9968	9969
P186,1	9970	9971
P187,1	9972	9973
P16,1	9974	9975
P78,1	9976	9977
P79,1	9978	9979
P105,1	9980	9981
P106,1	9982	9983
P80,2	9984	9985
P48,1	9986	9987
P141,2	9988	9989
P31,1	9990	9991
P190,2	9992	9993
P64,1	9994	9995
P188,1	9996	9997
P49,2	9998	9999
P189,1	10000	10001
P142,1	10002	10003
P143,1	10004	10005
P33,1	10006	10007
P34,1	10008	10009
P32,2	10010	10011
P35,1	10012	10013
P37,1	10014	10015
P107,1	10016	10017
P191,1	10018	10019
P36,2	10020	10021
P192,1	10022	10023
P108,1	10024	10025
P109,1	10026	10027
P110,1	10028	10029
P144,1	10030	10031
P111,1	10032	10033
P146,2	10034	10035
P81,1	10036	10037
P82,1	10038	10039
P19,2	10040	10041
P193,1	10042	10043
P194,1	10044	10045
P83,2	10046	10047
P195,1	10048	10049
P84,1	10050	10051
P85,1	10052	10053
P17,1	10054	10055
P18,1	10056	10057
P50,1	10058	10058
P148,1	10059	10060
P65,1	10061	10062
P112,1	10063	10064
P196,1	10065	10066
P197,1	10067	10068
P198,1	10069	10070
P113,1	10071	10072
P114,1	10073	10074
P115,1	10075	10076
P66,1	10077	10078
P67,1	10079	10080
P51,1	10081	10082
P149,1	10083	10084
P116,2	10085	10086
P150,1	10087	10088
P199,1	10089	10090
P53,2	10091	10092
P200,1	10093	10094
P86,1	10095	10096
P87,1	10097	10098
P88,1	10099	10099
P54,1	10100	10101
P117,1	10102	10103
P25,1	10104	10105
P26,1	10106	10107
P151,1	10108	10109
P10,2	10110	10111
P152,1	10112	10113
P153,1	10114	10115
P154,1	10116	10117
P13,1	10118	10119
P12,2	10120	10121
P69,1	10122	10123
P90,2	10124	10125
P68,2	10126	10127
P89,1	10128	10129
P70,2	10130	10131
P118,1	10132	10133
P119,1	10134	10135
P120,1	10136	10137
P155,1	10138	10139
P156,1	10140	10141
P14,1	10142	10143
P38,1	10144	10145
P55,1	10146	10147
P56,1	10148	10149
P40,2	10150	10151
P41,1	10152	10153
P15,1	10154	10155
P11,1	10156	10157
P158,2	10158	10159
P2,1	10160	10161
P157,1	10162	10163
P159,1	10164	10165
P160,1	10166	10167
P161,1	10168	10169
P121,1	10170	10171
P123,2	10172	10173
P122,1	10174	10175
P91,1	10176	10177
P92,1	10178	10179
P72,1	10180	10181
P28,2	10182	10183
P162,1	10184	10185
P4,2	10186	10187
P164,1	10188	10189
P165,1	10190	10191
P125,1	10192	10193
P126,1	10194	10195
P124,2	10196	10197
P127,1	10198	10199
P29,1	10200	10201
P57,1	10202	10203
P58,1	10204	10205
P166,1	10206	10207
P60,2	10208	10209
P167,1	10210	10211
P94,1	10212	10213
P95,1	10214	10215
P96,1	10216	10217
P59,1	10218	10219
P73,1	10220	10221
P128,1	10222	10223
P129,1	10224	10225
P130,1	10226	10227
P168,1	10228	10229
P75,2	10230	10231
P169,1	10232	10233
P171,1	10234	10235
P131,1	10236	10237
P30,1	10238	10239
P44,2	10240	10241
P45,1	10242	10243
P97,1	10244	10245
P43,2	10246	10247
P98,1	10248	10249
P172,1	10250	10251
P46,2	10252	10253
P173,1	10254	10255
P47,1	10256	10257
P133,2	10258	10259
P132,1	10260	10261
P23,2	10262	10263
P21,1	10264	10265
P22,1	10266	10267
P76,1	10268	10269
P77,2	10270	10271
P61,1	10272	10273
P62,1	10274	10275
P174,1	10276	10277
P175,1	10278	10279
P176,1	10280	10281
P177,1	10282	10283
P178,1	10284	10285
P179,1	10286	10287
P99,1	10288	10289
P63,2	10290	10291
P100,1	10292	10293
P134,1	10294	10295
P136,1	10296	10297
P137,1	10298	10299
P135,2	10300	10301
P103,2	10302	10303
P101,1	10304	10305
P102,1	10306	10307
P180,1	10308	10309
P181,1	10310	10311
P182,1	10312	10313
P183,1	10314	10315
P184,1	10316	10317
P104,1	10318	10319
P7,1	10320	10321
P24,2	10322	10323
P8,1	10324	10325
P9,1	10326	10327
P138,1	10328	10329
P139,1	10330	10331
P140,1	10332	10333
P185,1	10334	10335
P186,1	10336	10337
P187,1	10338	10339
P16,1	10340	10341
P78,1	10342	10343
P79,1	10344	10345
P105,1	10346	10347
P106,1	10348	10349
P80,2	10350	10351
P48,1	10352	10353
P141,2	10354	10355
P31,1	10356	10357
P190,2	10358	10359
P64,1	10360	10361
P188,1	10362	10363
P49,2	10364	10365
P189,1	10366	10367
P142,1	10368	10369
P143,1	10370	10371
P33,1	10372	10373
P34,1	10374	10375
P32,2	10376	10377
P35,1	10378	10379
P37,1	10380	10381
P107,1	10382	10383
P191,1	10384	10385
P36,2	10386	10387
P192,1	10388	10389
P108,1	10390	10391
P109,1	10392	10393
P110,1	10394	10395
P144,1	10396	10397
P111,1	10398	10399
P146,2	10400	10401
P81,1	10402	10403
P82,1	10404	10405
P19,2	10406	10407
P193,1	10408	10409
P194,1	10410	10411
P83,2	10412	10413
P195,1	10414	10415
P84,1	10416	10417
P85,1	10418	10419
P17,1	10420	10421
P18,1	10422	10423
P50,2	10424	10425
P148,1	10426	10427
P65,1	10428	10429
P112,1	10430	10431
P196,1	10432	10433
P198,1	10434	10435
P113,1	10436	10437
P114,1	10438	10439
P115,1	10440	10441
P66,1	10442	10443
P67,1	10444	10445
P51,1	10446	10447
P149,1	10448	10449
P116,2	10450	10451
P150,1	10452	10453
P199,1	10454	10455
P53,2	10456	10457
P200,1	10458	10459
P86,1	10460	10461
P87,1	10462	10463
P88,2	10464	10465
P54,1	10466	10467
P117,1	10468	10469
P25,1	10470	10471
P26,1	10472	10473
P151,1	10474	10475
P10,2	10476	10477
P152,1	10478	10479
P153,1	10480	10481
P154,1	10482	10483
P13,1	10484	10485
P12,2	10486	10487
P69,1	10488	10489
P90,2	10490	10491
P68,2	10492	10493
P89,1	10494	10495
P70,2	10496	10497
P118,1	10498	10499
P119,1	10500	10501
P120,1	10502	10503
P155,1	10504	10505
P156,1	10506	10507
P14,1	10508	10509
P38,1	10510	10511
P55,1	10512	10513
P56,1	10514	10515
P40,2	10516	10517
P41,1	10518	10519
P15,1	10520	10521
P11,1	10522	10523
P158,2	10524	10525
P2,1	10526	10527
P157,1	10528	10529
P160,1	10530	10531
P161,1	10532	10533
P121,1	10534	10535
P159,2	10536	10537
P123,2	10538	10539
P122,1	10540	10541
P91,1	10542	10543
P92,1	10544	10545
P72,1	10546	10547
P28,2	10548	10549
P162,1	10550	10551
P4,2	10552	10553
P164,1	10554	10555
P165,1	10556	10557
P125,1	10558	10559
P126,1	10560	10561
P124,2	10562	10563
P127,1	10564	10565
P29,1	10566	10567
P57,1	10568	10569
P58,1	10570	10571
P166,1	10572	10573
P60,2	10574	10575
P167,1	10576	10577
P94,1	10578	10579
P95,1	10580	10581
P96,1	10582	10583
P59,1	10584	10585
P73,1	10586	10587
P128,1	10588	10589
P129,1	10590	10591
P130,1	10592	10593
P168,1	10594	10595
P75,2	10596	10597
P169,1	10598	10599
P171,1	10600	10601
P131,1	10602	10603
P30,1	10604	10605
P44,2	10606	10607
P45,1	10608	10609
P97,1	10610	10611
P43,2	10612	10613
P98,1	10614	10615
P172,1	10616	10617
P46,2	10618	10619
P173,1	10620	10621
P47,1	10622	10623
P133,2	10624	10625
P132,1	10626	10627
P23,2	10628	10629
P21,1	10630	10631
P22,1	10632	10633
P76,1	10634	10635
P77,2	10636	10637
P61,1	10638	10639
P62,1	10640	10641
P174,1	10642	10643
P175,1	10644	10645
P176,1	10646	10647
P177,1	10648	10649
P178,1	10650	10651
P179,1	10652	10653
P99,1	10654	10655
P63,2	10656	10657
P100,1	10658	10659
P134,1	10660	10661
P136,1	10662	10663
P137,1	10664	10665
P135,2	10666	10667
P103,2	10668	10669
P101,1	10670	10671
P102,1	10672	10673
P180,1	10674	10675
P181,1	10676	10677
P182,1	10678	10679
P184,1	10680	10681
P104,1	10682	10683
P183,2	10684	10685
P7,1	10686	10687
P24,2	10688	10689
P9,1	10690	10691
P139,1	10692	10693
P138,2	10694	10695
P140,1	10696	10697
P185,1	10698	10699
P186,1	10700	10701
P187,1	10702	10703
P16,1	10704	10705
P78,1	10706	10707
P79,1	10708	10709
P105,1	10710	10711
P106,1	10712	10713
P80,2	10714	10715
P48,1	10716	10717
P141,2	10718	10719
P31,1	10720	10721
P190,2	10722	10723
P64,1	10724	10725
P188,1	10726	10727
P49,2	10728	10729
P189,1	10730	10731
P142,1	10732	10733
P143,1	10734	10735
P33,1	10736	10737
P34,1	10738	10739
P32,2	10740	10741
P35,1	10742	10743
P37,1	10744	10745
P107,1	10746	10747
P191,1	10748	10749
P36,2	10750	10751
P192,1	10752	10753
P108,1	10754	10755
P109,1	10756	10757
P110,1	10758	10759
P144,1	10760	10761
P111,1	10762	10763
P146,2	10764	10765
P81,1	10766	10767
P82,1	10768	10769
P19,2	10770	10771
P193,1	10772	10773
P194,1	10774	10775
P83,2	10776	10777
P195,1	10778	10779
P84,1	10780	10781
P85,1	10782	10783
P17,1	10784	10785
P18,1	10786	10787
P50,2	10788	10789
P148,1	10790	10791
P65,1	10792	10793
P112,1	10794	10795
P196,1	10796	10797
P198,1	10798	10799
P113,1	10800	10801
P114,1	10802	10803
P115,1	10804	10805
P66,1	10806	10807
P67,1	10808	10809
P51,1	10810	10811
P149,1	10812	10813
P116,2	10814	10815
P150,1	10816	10817
P199,1	10818	10819
P53,2	10820	10821
P200,1	10822	10823
P86,1	10824	10824
P87,1	10825	10826
P88,2	10827	10828
P54,1	10829	10830
P117,1	10831	10832
P25,1	10833	10834
P26,1	10835	10836
P151,1	10837	10837
P10,2	10838	10839
P152,1	10840	10841
P153,1	10842	10843
P154,1	10844	10845
P13,1	10846	10847
P12,2	10848	10849
P69,1	10850	10851
P90,2	10852	10853
P68,2	10854	10855
P89,1	10856	10857
P70,2	10858	10859
P118,1	10860	10861
P119,1	10862	10863
P120,1	10864	10865
P155,1	10866	10867
P156,1	10868	10869
P14,1	10870	10871
P38,1	10872	10873
P55,1	10874	10875
P56,1	10876	10877
P40,2	10878	10879
P41,1	10880	10880
P15,1	10881	10882
P11,1	10883	10884
P158,2	10885	10886
P2,1	10887	10888
P157,1	10889	10890
P160,1	10891	10892
P161,1	10893	10894
P121,1	10895	10896
P159,2	10897	10898
P123,2	10899	10900
P122,1	10901	10902
P91,1	10903	10903
P92,1	10904	10905
P72,1	10906	10907
P28,2	10908	10909
P162,1	10910	10911
P4,2	10912	10913
P164,1	10914	10915
P165,1	10916	10917
P125,1	10918	10919
P126,1	10920	10921
P124,2	10922	10923
P127,1	10924	10925
P29,1	10926	10927
P57,1	10928	10929
P58,1	10930	10931
P166,1	10932	10933
P60,2	10934	10935
P167,1	10936	10937
P94,1	10938	10939
P95,1	10940	10941
P96,1	10942	10943
P59,1	10944	10945
P73,1	10946	10947
P128,1	10948	10949
P129,1	10950	10951
P130,1	10952	10953
P168,1	10954	10955
P75,2	10956	10957
P169,1	10958	10959
P171,1	10960	10961
P131,1	10962	10963
P30,1	10964	10965
P44,2	10966	10967
P45,1	10968	10969
P97,1	10970	10971
P43,2	10972	10973
P98,1	10974	10975
P172,1	10976	10977
P46,2	10978	10979
P173,1	10980	10981
P47,1	10982	10983
P133,2	10984	10985
P132,1	10986	10987
P23,2	10988	10989
P21,1	10990	10991
P22,1	10992	10993
P76,1	10994	10995
P77,2	10996	10997
P61,1	10998	10999
P62,1	11000	11001
P174,1	11002	11003
P175,1	11004	11005
P176,1	11006	11007
P177,1	11008	11009
P178,1	11010	11011
P179,1	11012	11013
P99,1	11014	11015
P63,2	11016	11017
P100,1	11018	11019
P134,1	11020	11021
P136,1	11022	11023
P137,1	11024	11025
P135,2	11026	11027
P103,2	11028	11029
P101,1	11030	11031
P102,1	11032	11033
P180,1	11034	11035
P181,1	11036	11037
P182,1	11038	11039
P184,1	11040	11041
P104,1	11042	11043
P183,2	11044	11045
P7,1	11046	11047
P24,2	11048	11049
P139,1	11050	11051
P138,2	11052	11053
P140,1	11054	11055
P185,1	11056	11057
P186,1	11058	11059
P187,1	11060	11061
P16,1	11062	11063
P78,1	11064	11065
P79,1	11066	11067
P105,1	11068	11069
P106,1	11070	11071
P80,2	11072	11073
P48,1	11074	11075
P141,2	11076	11077
P31,1	11078	11079
P190,2	11080	11081
P64,1	11082	11083
P188,1	11084	11085
P49,2	11086	11087
P189,1	11088	11089
P142,1	11090	11091
P143,1	11092	11093
P33,1	11094	11095
P34,1	11096	11097
P32,2	11098	11099
P35,1	11100	11101
P37,1	11102	11103
P107,1	11104	11105
P191,1	11106	11107
P36,2	11108	11109
P192,1	11110	11111
P108,1	11112	11113
P109,1	11114	11115
P110,1	11116	11117
P144,1	11118	11119
P111,1	11120	11121
P146,2	11122	11123
P81,1	11124	11125
P82,1	11126	11126
P19,2	11127	11128
P193,1	11129	11130
P194,1	11131	11132
P83,2	11133	11134
P195,1	11135	11136
P84,1	11137	11138
P85,1	11139	11140
P17,1	11141	11142
P18,1	11143	11144
P50,2	11145	11146
P148,1	11147	11148
P65,1	11149	11150
P112,1	11151	11152
P196,1	11153	11154
P198,1	11155	11156
P113,1	11157	11158
P114,1	11159	11160
P115,1	11161	11162
P66,1	11163	11164
P67,1	11165	11166
P51,1	11167	11168
P149,1	11169	11170
P116,2	11171	11172
P150,1	11173	11174
P199,1	11175	11176
P86,2	11177	11178
P53,2	11179	11180
P200,1	11181	11182
P87,1	11183	11183
P88,2	11184	11185
P54,1	11186	11187
P117,1	11188	11189
P25,1	11190	11191
P26,1	11192	11193
P10,2	11194	11195
P151,2	11196	11197
P152,1	11198	11199
P153,1	11200	11201
P154,1	11202	11203
P13,1	11204	11205
P12,2	11206	11207
P69,1	11208	11209
P90,2	11210	11211
P68,2	11212	11213
P89,1	11214	11215
P70,2	11216	11217
P118,1	11218	11219
P119,1	11220	11221
P120,1	11222	11223
P155,1	11224	11225
P156,1	11226	11227
P14,1	11228	11229
P38,1	11230	11231
P55,1	11232	11233
P56,1	11234	11235
P40,2	11236	11237
P41,2	11238	11239
P15,1	11240	11241
P11,1	11242	11243
P158,2	11244	11245
P2,1	11246	11246
P157,1	11247	11248
P160,1	11249	11250
P161,1	11251	11252
P121,1	11253	11254
P159,2	11255	11256
P91,2	11257	11258
P123,2	11259	11260
P122,1	11261	11262
P92,1	11263	11264
P72,1	11265	11266
P28,2	11267	11268
P162,1	11269	11270
P4,2	11271	11272
P164,1	11273	11274
P165,1	11275	11276
P125,1	11277	11278
P126,1	11279	11280
P124,2	11281	11282
P127,1	11283	11284
P29,1	11285	11286
P57,1	11287	11288
P58,1	11289	11290
P166,1	11291	11292
P60,2	11293	11294
P167,1	11295	11296
P94,1	11297	11298
P95,1	11299	11300
P96,1	11301	11302
P59,1	11303	11304
P73,1	11305	11306
P128,1	11307	11308
P129,1	11309	11310
P130,1	11311	11312
P168,1	11313	11314
P75,2	11315	11316
P169,2	11317	11318
P171,1	11319	11320
P131,1	11321	11322
P30,1	11323	11324
P44,2	11325	11326
P45,1	11327	11328
P97,1	11329	11330
P43,2	11331	11332
P98,1	11333	11334
P172,1	11335	11336
P46,2	11337	11338
P173,1	11339	11340
P47,1	11341	11342
P133,2	11343	11344
P132,1	11345	11346
P23,2	11347	11348
P21,1	11349	11350
P22,1	11351	11352
P76,1	11353	11354
P77,2	11355	11356
P61,1	11357	11358
P62,1	11359	11360
P174,1	11361	11361
P175,1	11362	11363
P176,1	11364	11365
P177,1	11366	11367
P178,1	11368	11369
P179,1	11370	11371
P99,1	11372	11373
P63,2	11374	11375
P100,1	11376	11377
P134,1	11378	11379
P136,1	11380	11381
P137,1	11382	11383
P135,2	11384	11385
P103,2	11386	11387
P101,1	11388	11389
P102,1	11390	11391
P180,1	11392	11393
P181,1	11394	11395
P182,1	11396	11397
P184,1	11398	11399
P104,1	11400	11401
P183,2	11402	11403
P7,1	11404	11405
P24,2	11406	11407
P139,1	11408	11409
P138,2	11410	11411
P140,1	11412	11413
P185,1	11414	11415
P186,1	11416	11417
P187,1	11418	11419
P16,1	11420	11421
P78,1	11422	11423
P79,1	11424	11425
P105,1	11426	11427
P106,1	11428	11429
P80,2	11430	11431
P48,1	11432	11433
P141,2	11434	11435
P31,1	11436	11437
P190,2	11438	11439
P64,1	11440	11441
P188,1	11442	11443
P49,2	11444	11445
P189,1	11446	11447
P142,1	11448	11449
P143,1	11450	11451
P33,1	11452	11453
P34,1	11454	11455
P32,2	11456	11457
P35,1	11458	11459
P37,1	11460	11460
P107,1	11461	11462
P191,1	11463	11464
P36,2	11465	11466
P192,1	11467	11468
P108,1	11469	11470
P109,1	11471	11472
P110,1	11473	11474
P144,1	11475	11476
P111,1	11477	11478
P146,2	11479	11480
P81,1	11481	11482
P19,2	11483	11484
P193,1	11485	11486
P194,1	11487	11488
P83,2	11489	11490
P195,1	11491	11492
P84,1	11493	11494
P85,1	11495	11496
P17,1	11497	11498
P18,1	11499	11499
P50,2	11500	11501
P148,1	11502	11503
P65,1	11504	11505
P112,1	11506	11507
P196,1	11508	11509
P198,1	11510	11511
P113,1	11512	11513
P114,1	11514	11515
P115,1	11516	11517
P66,1	11518	11519
P67,1	11520	11521
P51,1	11522	11523
P149,1	11524	11525
P116,2	11526	11527
P150,1	11528	11529
P199,1	11530	11531
P86,2	11532	11533
P53,2	11534	11535
P200,1	11536	11537
P88,2	11538	11539
P54,1	11540	11541
P117,1	11542	11543
P25,1	11544	11545
P26,1	11546	11547
P10,2	11548	11549
P151,2	11550	11551
P152,1	11552	11553
P153,1	11554	11555
P154,1	11556	11557
P13,1	11558	11559
P12,2	11560	11561
P69,1	11562	11563
P90,2	11564	11565
P68,2	11566	11567
P89,1	11568	11569
P70,2	11570	11571
P118,1	11572	11573
P119,1	11574	11575
P120,1	11576	11577
P155,1	11578	11579
P156,1	11580	11581
P14,1	11582	11583
P38,1	11584	11585
P55,1	11586	11587
P56,1	11588	11589
P40,2	11590	11591
P41,2	11592	11593
P2,2	11594	11595
P15,1	11596	11597
P11,1	11598	11599
P158,2	11600	11601
P157,1	11602	11603
P160,1	11604	11605
P161,1	11606	11607
P121,1	11608	11609
P159,2	11610	11611
P91,2	11612	11613
P123,2	11614	11615
P92,1	11616	11617
P72,1	11618	11619
P28,2	11620	11621
P122,2	11622	11623
P162,1	11624	11625
P4,2	11626	11627
P164,1	11628	11629
P165,1	11630	11631
P125,1	11632	11633
P126,1	11634	11635
P124,2	11636	11637
P127,1	11638	11639
P29,1	11640	11640
P57,1	11641	11642
P58,1	11643	11644
P166,1	11645	11646
P60,2	11647	11648
P167,1	11649	11650
P94,1	11651	11652
P95,1	11653	11654
P96,1	11655	11656
P59,1	11657	11658
P73,1	11659	11660
P128,1	11661	11662
P129,1	11663	11664
P130,1	11665	11666
P168,1	11667	11668
P75,2	11669	11670
P169,2	11671	11672
P171,1	11673	11674
P131,1	11675	11676
P30,1	11677	11678
P44,2	11679	11680
P45,1	11681	11682
P97,1	11683	11684
P43,2	11685	11686
P98,1	11687	11688
P172,1	11689	11690
P46,2	11691	11692
P173,1	11693	11694
P47,1	11695	11696
P133,2	11697	11698
P132,1	11699	11700
P23,2	11701	11702
P21,1	11703	11704
P22,1	11705	11706
P76,1	11707	11708
P77,2	11709	11710
P61,1	11711	11712
P62,1	11713	11714
P175,1	11715	11716
P176,1	11717	11718
P177,1	11719	11720
P178,1	11721	11722
P179,1	11723	11724
P99,1	11725	11726
P63,2	11727	11728
P100,1	11729	11730
P134,1	11731	11732
P136,1	11733	11734
P137,1	11735	11736
P135,2	11737	11738
P103,2	11739	11740
P101,1	11741	11742
P102,1	11743	11744
P180,1	11745	11746
P181,1	11747	11748
P182,1	11749	11749
P184,1	11750	11751
P104,1	11752	11753
P183,2	11754	11755
P7,1	11756	11757
P24,2	11758	11759
P139,1	11760	11761
P138,2	11762	11763
P140,1	11764	11765
P185,1	11766	11767
P186,1	11768	11769
P187,1	11770	11771
P16,1	11772	11773
P78,1	11774	11775
P79,1	11776	11777
P105,1	11778	11779
P106,1	11780	11781
P80,2	11782	11783
P48,1	11784	11785
P141,2	11786	11787
P31,1	11788	11789
P190,2	11790	11791
P64,1	11792	11793
P188,1	11794	11795
P49,2	11796	11797
P189,1	11798	11799
P142,1	11800	11801
P143,1	11802	11803
P34,1	11804	11805
P32,2	11806	11807
P33,2	11808	11809
P35,1	11810	11811
P107,1	11812	11813
P191,1	11814	11815
P36,2	11816	11817
P192,1	11818	11819
P108,1	11820	11821
P109,1	11822	11823
P110,1	11824	11825
P144,1	11826	11827
P111,1	11828	11829
P146,2	11830	11831
P81,1	11832	11833
P19,2	11834	11835
P193,1	11836	11837
P194,1	11838	11839
P83,2	11840	11841
P195,1	11842	11843
P84,1	11844	11845
P85,1	11846	11847
P17,2	11848	11849
P18,2	11850	11851
P50,2	11852	11853
P148,1	11854	11855
P65,1	11856	11857
P112,1	11858	11859
P196,1	11860	11861
P198,1	11862	11863
P113,1	11864	11865
P114,1	11866	11867
P115,1	11868	11869
P66,1	11870	11871
P67,1	11872	11873
P51,1	11874	11875
P149,1	11876	11877
P116,2	11878	11879
P150,1	11880	11881
P199,1	11882	11883
P86,2	11884	11885
P53,2	11886	11887
P200,1	11888	11889
P88,2	11890	11891
P54,1	11892	11893
P117,1	11894	11895
P25,1	11896	11897
P26,1	11898	11899
P10,2	11900	11901
P151,2	11902	11903
P152,1	11904	11905
P153,1	11906	11907
P154,1	11908	11909
P13,1	11910	11911
P12,2	11912	11913
P69,1	11914	11915
P90,2	11916	11917
P68,2	11918	11919
P89,1	11920	11921
P70,2	11922	11923
P118,1	11924	11925
P119,1	11926	11927
P120,1	11928	11929
P155,1	11930	11931
P156,1	11932	11933
P14,1	11934	11935
P38,1	11936	11937
P55,1	11938	11939
P56,1	11940	11941
P40,2	11942	11943
P41,2	11944	11945
P2,2	11946	11947
P15,1	11948	11949
P11,1	11950	11951
P158,2	11952	11953
P157,1	11954	11955
P160,1	11956	11957
P161,1	11958	11959
P121,1	11960	11961
P159,2	11962	11963
P91,2	11964	11965
P123,2	11966	11967
P92,1	11968	11969
P72,1	11970	11971
P28,2	11972	11973
P122,2	11974	11975
P162,1	11976	11977
P4,2	11978	11979
P164,1	11980	11981
P165,1	11982	11983
P125,1	11984	11985
P126,1	11986	11987
P124,2	11988	11989
P127,1	11990	11991
P29,2	11992	11993
P57,1	11994	11995
P58,1	11996	11997
P166,1	11998	11999
P60,2	12000	12001
P167,1	12002	12003
P94,1	12004	12005
P95,1	12006	12007
P96,1	12008	12009
P59,1	12010	12011
P73,1	12012	12013
P128,1	12014	12015
P129,1	12016	12017
P130,1	12018	12019
P168,1	12020	12020
P75,2	12021	12022
P169,2	12023	12024
P171,1	12025	12026
P131,1	12027	12028
P30,1	12029	12030
P44,2	12031	12032
P45,1	12033	12034
P97,1	12035	12036
P43,2	12037	12038
P98,1	12039	12040
P172,1	12041	12041
P46,2	12042	12043
P173,1	12044	12045
P47,1	12046	12047
P133,2	12048	12049
P132,1	12050	12051
P23,2	12052	12053
P21,1	12054	12055
P22,2	12056	12057
P76,1	12058	12059
P77,2	12060	12061
P61,1	12062	12063
P62,1	12064	12065
P175,1	12066	12067
P176,1	12068	12069
P177,1	12070	12071
P178,1	12072	12073
P179,1	12074	12075
P99,1	12076	12077
P63,2	12078	12079
P100,1	12080	12081
P134,1	12082	12083
P136,1	12084	12085
P137,1	12086	12087
P135,2	12088	12089
P182,2	12090	12091
P103,2	12092	12093
P101,1	12094	12095
P102,1	12096	12097
P180,1	12098	12099
P181,1	12100	12101
P184,1	12102	12103
P104,1	12104	12105
P183,2	12106	12107
P7,1	12108	12109
P24,2	12110	12111
P139,1	12112	12113
P138,2	12114	12115
P140,1	12116	12117
P185,1	12118	12119
P186,1	12120	12121
P187,1	12122	12123
P16,2	12124	12125
P78,1	12126	12127
P79,1	12128	12129
P105,1	12130	12131
P106,1	12132	12133
P80,2	12134	12135
P48,1	12136	12137
P141,2	12138	12139
P31,1	12140	12141
P190,2	12142	12143
P64,1	12144	12145
P188,1	12146	12147
P49,2	12148	12149
P189,1	12150	12151
P142,1	12152	12153
P143,1	12154	12155
P34,1	12156	12157
P32,2	12158	12159
P33,2	12160	12161
P35,1	12162	12163
P107,1	12164	12165
P191,1	12166	12167
P36,2	12168	12169
P192,1	12170	12171
P108,1	12172	12172
P109,1	12173	12174
P110,1	12175	12176
P144,1	12177	12177
P111,1	12178	12179
P146,2	12180	12181
P81,1	12182	12183
P19,2	12184	12185
P193,1	12186	12187
P194,1	12188	12189
P83,2	12190	12191
P195,1	12192	12193
P84,1	12194	12195
P85,1	12196	12197
P17,2	12198	12199
P18,2	12200	12201
P50,2	12202	12203
P148,1	12204	12205
P65,1	12206	12207
P112,1	12208	12209
P196,1	12210	12211
P198,1	12212	12213
P113,1	12214	12215
P114,1	12216	12217
P115,1	12218	12219
P66,1	12220	12221
P67,1	12222	12223
P51,1	12224	12225
P149,1	12226	12227
P116,2	12228	12229
P150,1	12230	12231
P199,1	12232	12233
P86,2	12234	12235
P53,2	12236	12237
P200,1	12238	12239
P88,2	12240	12241
P54,1	12242	12243
P117,1	12244	12245
P25,1	12246	12247
P26,1	12248	12249
P10,2	12250	12251
P151,2	12252	12253
P152,1	12254	12255
P153,1	12256	12257
P154,1	12258	12259
P13,1	12260	12261
P12,2	12262	12263
P69,1	12264	12265
P90,2	12266	12267
P68,2	12268	12269
P89,1	12270	12271
P70,2	12272	12273
P118,1	12274	12275
P119,1	12276	12277
P120,1	12278	12279
P155,1	12280	12281
P156,1	12282	12283
P14,1	12284	12285
P38,1	12286	12287
P55,1	12288	12289
P56,1	12290	12291
P40,2	12292	12293
P41,2	12294	12295
P2,2	12296	12297
P15,1	12298	12299
P11,1	12300	12301
P158,2	12302	12303
P157,1	12304	12305
P160,1	12306	12307
P161,1	12308	12309
P121,1	12310	12311
P159,2	12312	12313
P91,2	12314	12315
P123,2	12316	12317
P92,1	12318	12319
P72,1	12320	12321
P28,2	12322	12323
P122,2	12324	12325
P162,1	12326	12327
P4,2	12328	12329
P164,1	12330	12331
P165,1	12332	12333
P125,1	12334	12335
P126,1	12336	12337
P124,2	12338	12339
P127,1	12340	12341
P29,2	12342	12343
P57,1	12344	12345
P58,1	12346	12347
P166,1	12348	12349
P60,2	12350	12351
P167,1	12352	12353
P94,1	12354	12355
P95,1	12356	12357
P96,1	12358	12359
P59,1	12360	12361
P128,1	12362	12363
P129,1	12364	12365
P130,1	12366	12367
P75,2	12368	12369
P169,2	12370	12371
P171,1	12372	12373
P131,1	12374	12375
P30,1	12376	12377
P44,2	12378	12379
P45,1	12380	12381
P97,1	12382	12382
P43,2	12383	12384
P98,1	12385	12386
P46,2	12387	12388
P173,1	12389	12390
P47,1	12391	12392
P133,2	12393	12394
P132,1	12395	12396
P23,2	12397	12398
P21,1	12399	12400
P22,2	12401	12402
P76,1	12403	12404
P77,2	12405	12406
P61,1	12407	12408
P62,1	12409	12410
P175,1	12411	12412
P176,1	12413	12414
P177,1	12415	12416
P178,1	12417	12418
P179,1	12419	12420
P99,1	12421	12422
P63,2	12423	12424
P100,1	12425	12426
P134,1	12427	12428
P136,1	12429	12430
P137,1	12431	12432
P135,2	12433	12434
P182,2	12435	12436
P103,2	12437	12438
P101,1	12439	12440
P102,1	12441	12442
P180,1	12443	12444
P181,1	12445	12446
P184,1	12447	12448
P104,1	12449	12450
P183,2	12451	12452
P24,2	12453	12454
P139,1	12455	12456
P7,2	12457	12458
P138,2	12459	12460
P140,1	12461	12462
P185,1	12463	12464
P186,1	12465	12466
P187,1	12467	12468
P16,2	12469	12470
P78,1	12471	12471
P79,1	12472	12473
P105,1	12474	12475
P106,1	12476	12477
P80,2	12478	12479
P48,1	12480	12481
P141,2	12482	12483
P31,1	12484	12485
P190,2	12486	12487
P64,1	12488	12489
P188,1	12490	12491
P49,2	12492	12493
P189,1	12494	12495
P142,1	12496	12497
P143,1	12498	12499
P34,1	12500	12501
P32,2	12502	12503
P108,2	12504	12505
P33,2	12506	12507
P35,1	12508	12509
P107,1	12510	12511
P191,1	12512	12513
P36,2	12514	12515
P192,1	12516	12517
P109,1	12518	12519
P110,1	12520	12521
P111,1	12522	12523
P144,2	12524	12525
P146,2	12526	12527
P81,1	12528	12529
P19,2	12530	12531
P193,1	12532	12533
P83,2	12534	12535
P195,1	12536	12537
P194,2	12538	12539
P84,1	12540	12541
P85,1	12542	12543
P17,2	12544	12545
P18,2	12546	12547
P50,2	12548	12549
P148,1	12550	12551
P65,1	12552	12553
P196,1	12554	12555
P198,1	12556	12557
P112,2	12558	12559
P113,1	12560	12561
P114,1	12562	12563
P115,1	12564	12565
P67,1	12566	12567
P51,1	12568	12569
P149,1	12570	12571
P66,2	12572	12573
P116,2	12574	12575
P150,1	12576	12577
P199,1	12578	12579
P86,2	12580	12581
P53,2	12582	12583
P200,1	12584	12585
P88,2	12586	12587
P54,1	12588	12588
P117,1	12589	12590
P25,1	12591	12592
P26,1	12593	12594
P10,2	12595	12596
P151,2	12597	12598
P152,1	12599	12600
P153,1	12601	12602
P154,1	12603	12604
P13,1	12605	12606
P12,2	12607	12608
P69,1	12609	12610
P90,2	12611	12612
P68,2	12613	12614
P89,1	12615	12616
P70,2	12617	12618
P118,1	12619	12620
P119,1	12621	12622
P120,1	12623	12624
P155,1	12625	12626
P156,1	12627	12628
P14,1	12629	12630
P38,1	12631	12632
P55,1	12633	12634
P56,1	12635	12636
P40,2	12637	12638
P41,2	12639	12640
P2,2	12641	12642
P15,1	12643	12643
P11,1	12644	12645
P158,2	12646	12647
P157,1	12648	12649
P160,1	12650	12651
P161,1	12652	12653
P121,1	12654	12655
P159,2	12656	12657
P91,2	12658	12659
P123,2	12660	12661
P92,1	12662	12663
P72,1	12664	12665
P28,2	12666	12667
P122,2	12668	12669
P162,1	12670	12671
P4,2	12672	12673
P164,1	12674	12675
P165,1	12676	12677
P125,1	12678	12679
P126,1	12680	12681
P124,2	12682	12683
P127,1	12684	12685
P29,2	12686	12687
P57,1	12688	12689
P58,1	12690	12691
P166,1	12692	12693
P60,2	12694	12695
P167,1	12696	12697
P94,1	12698	12699
P95,1	12700	12701
P96,1	12702	12703
P59,1	12704	12705
P128,1	12706	12707
P129,1	12708	12709
P130,1	12710	12711
P75,2	12712	12713
P169,2	12714	12715
P171,1	12716	12717
P131,1	12718	12719
P30,1	12720	12721
P44,2	12722	12723
P97,2	12724	12725
P45,1	12726	12727
P43,2	12728	12729
P98,1	12730	12731
P46,2	12732	12733
P173,1	12734	12735
P47,1	12736	12737
P133,2	12738	12739
P132,1	12740	12741
P23,2	12742	12743
P21,1	12744	12745
P22,2	12746	12747
P76,1	12748	12749
P77,2	12750	12751
P61,1	12752	12753
P62,1	12754	12755
P175,1	12756	12757
P176,1	12758	12759
P177,1	12760	12761
P178,1	12762	12763
P179,1	12764	12765
P99,1	12766	12767
P63,2	12768	12769
P100,1	12770	12771
P134,1	12772	12773
P137,1	12774	12775
P135,2	12776	12777
P182,2	12778	12779
P103,2	12780	12781
P101,1	12782	12783
P102,1	12784	12785
P180,1	12786	12787
P181,1	12788	12789
P184,1	12790	12791
P104,1	12792	12793
P183,2	12794	12795
P24,2	12796	12797
P139,1	12798	12799
P7,2	12800	12801
P78,2	12802	12803
P138,2	12804	12805
P140,1	12806	12807
P185,1	12808	12809
P186,1	12810	12811
P187,1	12812	12813
P16,2	12814	12815
P79,1	12816	12817
P105,1	12818	12818
P106,1	12819	12820
P80,2	12821	12822
P48,1	12823	12824
P141,2	12825	12826
P31,1	12827	12828
P190,2	12829	12830
P64,1	12831	12832
P188,1	12833	12834
P49,2	12835	12836
P189,1	12837	12837
P142,1	12838	12839
P143,1	12840	12841
P34,1	12842	12843
P32,2	12844	12845
P108,2	12846	12847
P33,2	12848	12849
P35,1	12850	12851
P107,1	12852	12853
P191,1	12854	12855
P36,2	12856	12857
P192,1	12858	12859
P109,1	12860	12861
P110,1	12862	12863
P111,1	12864	12865
P144,2	12866	12867
P146,2	12868	12869
P81,1	12870	12871
P19,2	12872	12873
P193,1	12874	12875
P83,2	12876	12877
P195,1	12878	12879
P194,2	12880	12881
P84,1	12882	12883
P85,1	12884	12885
P17,2	12886	12887
P18,2	12888	12889
P50,2	12890	12891
P148,1	12892	12893
P65,1	12894	12895
P196,1	12896	12897
P198,1	12898	12898
P112,2	12899	12900
P113,1	12901	12902
P114,1	12903	12904
P115,1	12905	12906
P67,1	12907	12908
P51,1	12909	12910
P149,1	12911	12912
P66,2	12913	12914
P116,2	12915	12916
P150,1	12917	12918
P199,1	12919	12920
P54,2	12921	12922
P86,2	12923	12924
P53,2	12925	12926
P200,1	12927	12928
P88,2	12929	12930
P117,1	12931	12931
P25,1	12932	12933
P26,1	12934	12935
P10,2	12936	12937
P151,2	12938	12939
P152,1	12940	12941
P153,1	12942	12943
P154,1	12944	12945
P13,1	12946	12947
P12,2	12948	12949
P69,1	12950	12951
P90,2	12952	12953
P68,2	12954	12955
P89,1	12956	12957
P70,2	12958	12959
P118,1	12960	12961
P119,1	12962	12963
P120,1	12964	12965
P155,1	12966	12967
P156,1	12968	12969
P14,1	12970	12971
P38,1	12972	12973
P55,1	12974	12975
P56,1	12976	12977
P40,2	12978	12979
P15,2	12980	12981
P41,2	12982	12983
P2,2	12984	12985
P11,1	12986	12987
P158,2	12988	12989
P157,1	12990	12991
P160,1	12992	12993
P161,1	12994	12995
P159,2	12996	12997
P91,2	12998	12999
P123,2	13000	13001
P92,1	13002	13003
P72,1	13004	13005
P28,2	13006	13007
P122,2	13008	13009
P162,1	13010	13011
P4,2	13012	13013
P164,1	13014	13015
P165,1	13016	13017
P125,1	13018	13019
P126,1	13020	13021
P124,2	13022	13023
P127,1	13024	13025
P29,2	13026	13027
P57,1	13028	13029
P58,1	13030	13031
P166,1	13032	13033
P60,2	13034	13035
P167,1	13036	13037
P94,1	13038	13039
P95,1	13040	13041
P96,1	13042	13043
P59,1	13044	13045
P128,1	13046	13047
P129,1	13048	13049
P130,1	13050	13051
P75,2	13052	13053
P169,2	13054	13055
P171,1	13056	13057
P131,1	13058	13059
P30,1	13060	13061
P44,2	13062	13063
P97,2	13064	13065
P45,1	13066	13067
P43,2	13068	13069
P98,1	13070	13071
P46,2	13072	13073
P173,1	13074	13075
P47,1	13076	13077
P133,2	13078	13079
P132,1	13080	13081
P23,2	13082	13083
P21,1	13084	13085
P22,2	13086	13087
P76,1	13088	13089
P77,2	13090	13091
P61,1	13092	13093
P62,1	13094	13095
P175,1	13096	13097
P176,1	13098	13099
P177,1	13100	13101
P178,1	13102	13103
P179,1	13104	13105
P99,1	13106	13107
P63,2	13108	13109
P100,1	13110	13111
P134,1	13112	13113
P137,1	13114	13115
P135,2	13116	13117
P182,2	13118	13119
P103,2	13120	13121
P101,1	13122	13123
P102,1	13124	13125
P180,1	13126	13127
P181,1	13128	13129
P184,1	13130	13131
P104,1	13132	13133
P183,2	13134	13135
P24,2	13136	13137
P139,1	13138	13139
P7,2	13140	13141
P78,2	13142	13143
P138,2	13144	13145
P140,1	13146	13147
P185,1	13148	13149
P186,1	13150	13151
P187,1	13152	13153
P16,2	13154	13155
P79,1	13156	13157
P189,2	13158	13159
P106,1	13160	13161
P80,2	13162	13163
P48,1	13164	13165
P141,2	13166	13167
P31,1	13168	13169
P190,2	13170	13171
P64,1	13172	13173
P188,1	13174	13175
P49,2	13176	13177
P142,1	13178	13179
P143,1	13180	13181
P34,1	13182	13182
P32,2	13183	13184
P108,2	13185	13186
P33,2	13187	13188
P35,1	13189	13190
P107,1	13191	13192
P36,2	13193	13194
P192,1	13195	13196
P109,1	13197	13198
P110,1	13199	13200
P111,1	13201	13202
P144,2	13203	13204
P146,2	13205	13206
P81,1	13207	13208
P19,2	13209	13210
P193,1	13211	13212
P83,2	13213	13214
P195,1	13215	13216
P194,2	13217	13218
P84,1	13219	13220
P85,1	13221	13222
P17,2	13223	13224
P18,2	13225	13226
P50,2	13227	13228
P148,1	13229	13230
P65,1	13231	13232
P196,1	13233	13234
P112,2	13235	13236
P113,1	13237	13238
P114,1	13239	13240
P115,1	13241	13242
P67,1	13243	13244
P51,1	13245	13246
P149,1	13247	13248
P66,2	13249	13250
P116,2	13251	13252
P150,1	13253	13254
P199,1	13255	13256
P54,2	13257	13258
P86,2	13259	13260
P53,2	13261	13262
P200,1	13263	13264
P88,2	13265	13266
P25,1	13267	13268
P26,1	13269	13270
P10,2	13271	13272
P151,2	13273	13274
P152,1	13275	13276
P153,1	13277	13278
P154,1	13279	13280
P13,1	13281	13282
P12,2	13283	13284
P69,1	13285	13286
P90,2	13287	13288
P68,2	13289	13290
P89,1	13291	13292
P70,2	13293	13294
P118,1	13295	13296
P119,1	13297	13298
P120,1	13299	13300
P155,1	13301	13302
P156,1	13303	13304
P14,1	13305	13306
P38,1	13307	13308
P55,1	13309	13310
P56,1	13311	13312
P40,2	13313	13314
P15,2	13315	13316
P41,2	13317	13318
P2,2	13319	13320
P11,1	13321	13322
P158,2	13323	13324
P157,1	13325	13326
P160,1	13327	13328
P161,1	13329	13330
P159,2	13331	13332
P91,2	13333	13334
P123,2	13335	13336
P92,1	13337	13338
P72,1	13339	13340
P28,2	13341	13342
P122,2	13343	13344
P162,1	13345	13346
P4,2	13347	13348
P164,1	13349	13350
P165,1	13351	13352
P125,1	13353	13354
P124,2	13355	13356
P126,2	13357	13358
P127,1	13359	13360
P29,2	13361	13362
P57,1	13363	13364
P58,1	13365	13366
P166,1	13367	13368
P60,2	13369	13370
P167,1	13371	13372
P94,1	13373	13374
P95,1	13375	13376
P96,1	13377	13378
P59,1	13379	13380
P128,1	13381	13382
P129,1	13383	13384
P130,1	13385	13386
P75,2	13387	13388
P169,2	13389	13390
P171,1	13391	13392
P131,1	13393	13393
P30,1	13394	13395
P44,2	13396	13397
P97,2	13398	13399
P45,1	13400	13401
P43,2	13402	13403
P98,1	13404	13405
P46,2	13406	13407
P173,1	13408	13409
P47,1	13410	13411
P133,2	13412	13413
P132,1	13414	13415
P23,2	13416	13417
P21,1	13418	13419
P22,2	13420	13421
P76,1	13422	13423
P77,2	13424	13425
P61,1	13426	13427
P62,1	13428	13429
P175,1	13430	13430
P176,1	13431	13432
P177,1	13433	13434
P178,1	13435	13436
P179,1	13437	13438
P99,1	13439	13440
P63,2	13441	13442
P100,1	13443	13444
P134,1	13445	13446
P137,1	13447	13448
P135,2	13449	13450
P182,2	13451	13452
P103,2	13453	13454
P101,1	13455	13456
P102,1	13457	13457
P180,1	13458	13459
P181,1	13460	13461
P184,1	13462	13463
P104,1	13464	13465
P183,2	13466	13467
P24,2	13468	13469
P139,1	13470	13471
P7,2	13472	13473
P78,2	13474	13475
P138,2	13476	13477
P140,1	13478	13479
P185,1	13480	13481
P186,1	13482	13483
P187,1	13484	13485
P16,2	13486	13487
P79,1	13488	13489
P189,2	13490	13491
P106,1	13492	13493
P80,2	13494	13495
P48,1	13496	13497
P141,2	13498	13499
P31,1	13500	13501
P190,2	13502	13503
P64,1	13504	13505
P188,1	13506	13507
P49,2	13508	13509
P142,1	13510	13511
P34,2	13512	13513
P143,1	13514	13515
P32,2	13516	13517
P108,2	13518	13519
P33,2	13520	13521
P35,1	13522	13523
P107,1	13524	13525
P36,2	13526	13527
P192,1	13528	13529
P109,1	13530	13531
P110,1	13532	13533
P111,1	13534	13535
P144,2	13536	13537
P146,2	13538	13539
P81,1	13540	13541
P19,2	13542	13543
P193,1	13544	13545
P83,2	13546	13547
P195,1	13548	13549
P194,2	13550	13551
P84,1	13552	13553
P85,1	13554	13555
P17,2	13556	13557
P18,2	13558	13559
P50,2	13560	13561
P148,1	13562	13563
P65,1	13564	13565
P196,1	13566	13567
P112,2	13568	13569
P113,1	13570	13571
P114,1	13572	13573
P115,1	13574	13575
P67,1	13576	13577
P51,1	13578	13579
P149,1	13580	13581
P66,2	13582	13583
P116,2	13584	13585
P150,1	13586	13587
P199,1	13588	13589
P54,2	13590	13591
P86,2	13592	13593
P53,2	13594	13595
P200,1	13596	13597
P88,2	13598	13599
P25,1	13600	13601
P26,1	13602	13603
P10,2	13604	13605
P151,2	13606	13607
P152,1	13608	13609
P153,1	13610	13611
P154,1	13612	13613
P13,1	13614	13615
P12,2	13616	13617
P69,1	13618	13619
P90,2	13620	13621
P68,2	13622	13623
P89,1	13624	13625
P70,2	13626	13627
P118,1	13628	13629
P119,2	13630	13631
P120,1	13632	13633
P155,1	13634	13635
P156,1	13636	13637
P14,1	13638	13639
P38,1	13640	13641
P55,1	13642	13643
P56,1	13644	13644
P40,2	13645	13646
P15,2	13647	13648
P41,2	13649	13650
P2,2	13651	13652
P11,1	13653	13654
P158,2	13655	13656
P157,1	13657	13658
P160,1	13659	13660
P161,1	13661	13662
P159,2	13663	13664
P91,2	13665	13666
P123,2	13667	13668
P92,1	13669	13670
P72,1	13671	13671
P28,2	13672	13673
P122,2	13674	13675
P162,1	13676	13677
P4,2	13678	13679
P164,1	13680	13681
P165,1	13682	13683
P125,1	13684	13685
P124,2	13686	13687
P126,2	13688	13689
P127,1	13690	13691
P29,2	13692	13693
P57,1	13694	13695
P58,1	13696	13697
P166,1	13698	13699
P60,2	13700	13701
P167,1	13702	13703
P94,1	13704	13705
P95,1	13706	13707
P96,1	13708	13709
P59,1	13710	13711
P128,1	13712	13713
P129,1	13714	13715
P130,1	13716	13717
P75,2	13718	13719
P169,2	13720	13721
P171,1	13722	13723
P30,1	13724	13725
P44,2	13726	13727
P97,2	13728	13729
P131,2	13730	13731
P45,1	13732	13733
P43,2	13734	13735
P98,1	13736	13737
P46,2	13738	13739
P173,1	13740	13741
P47,1	13742	13743
P133,2	13744	13745
P132,1	13746	13747
P23,2	13748	13749
P21,1	13750	13751
P22,2	13752	13753
P76,1	13754	13755
P77,2	13756	13757
P61,1	13758	13759
P62,1	13760	13761
P176,1	13762	13763
P177,1	13764	13765
P178,1	13766	13767
P179,1	13768	13769
P99,1	13770	13771
P63,2	13772	13773
P100,1	13774	13775
P134,1	13776	13777
P137,1	13778	13779
P135,2	13780	13781
P182,2	13782	13783
P103,2	13784	13784
P101,1	13785	13785
P180,1	13786	13787
P102,2	13788	13789
P181,1	13790	13791
P184,1	13792	13793
P104,1	13794	13795
P183,2	13796	13797
P24,2	13798	13799
P139,1	13800	13801
P7,2	13802	13803
P78,2	13804	13805
P138,2	13806	13807
P140,1	13808	13809
P185,1	13810	13810
P186,1	13811	13811
P187,1	13812	13813
P16,2	13814	13815
P79,1	13816	13817
P189,2	13818	13819
P106,1	13820	13821
P80,2	13822	13823
P48,1	13824	13824
P141,2	13825	13826
P31,1	13827	13828
P190,2	13829	13830
P64,1	13831	13832
P188,1	13833	13834
P49,2	13835	13836
P34,2	13837	13838
P143,1	13839	13840
P32,2	13841	13842
P108,2	13843	13844
P33,2	13845	13846
P35,1	13847	13848
P107,1	13849	13850
P36,2	13851	13852
P192,1	13853	13854
P109,1	13855	13856
P110,1	13857	13858
P111,1	13859	13860
P144,2	13861	13862
P146,2	13863	13864
P81,1	13865	13866
P19,2	13867	13868
P193,1	13869	13870
P83,2	13871	13872
P195,1	13873	13874
P194,2	13875	13876
P84,1	13877	13878
P85,1	13879	13880
P17,2	13881	13882
P18,2	13883	13884
P50,2	13885	13886
P148,1	13887	13888
P65,1	13889	13890
P196,1	13891	13891
P112,2	13892	13893
P113,1	13894	13895
P114,1	13896	13897
P115,1	13898	13899
P67,1	13900	13901
P51,1	13902	13903
P149,1	13904	13905
P66,2	13906	13907
P116,2	13908	13909
P150,1	13910	13911
P199,1	13912	13913
P54,2	13914	13915
P86,2	13916	13917
P53,2	13918	13919
P200,1	13920	13921
P88,2	13922	13923
P25,1	13924	13925
P26,1	13926	13927
P10,2	13928	13929
P151,2	13930	13931
P152,1	13932	13933
P153,1	13934	13935
P154,1	13936	13937
P13,1	13938	13939
P12,2	13940	13941
P69,1	13942	13943
P90,2	13944	13945
P68,2	13946	13947
P89,1	13948	13949
P70,2	13950	13951
P118,1	13952	13953
P119,2	13954	13955
P120,1	13956	13957
P155,1	13958	13959
P156,1	13960	13961
P14,1	13962	13963
P56,2	13964	13965
P38,1	13966	13967
P55,1	13968	13969
P40,2	13970	13971
P15,2	13972	13973
P41,2	13974	13975
P2,2	13976	13977
P11,1	13978	13979
P158,2	13980	13981
P157,1	13982	13983
P160,1	13984	13985
P161,2	13986	13987
P159,2	13988	13989
P91,2	13990	13991
P123,2	13992	13993
P92,1	13994	13995
P28,2	13996	13997
P122,2	13998	13999
P162,1	14000	14001
P4,2	14002	14003
P164,1	14004	14005
P165,1	14006	14007
P125,1	14008	14009
P124,2	14010	14011
P126,2	14012	14013
P127,1	14014	14015
P29,2	14016	14017
P57,1	14018	14019
P58,1	14020	14021
P166,1	14022	14023
P60,2	14024	14025
P167,1	14026	14027
P94,1	14028	14029
P95,1	14030	14031
P96,1	14032	14033
P59,1	14034	14035
P128,1	14036	14037
P129,1	14038	14039
P130,1	14040	14041
P75,2	14042	14043
P169,2	14044	14045
P171,1	14046	14047
P30,1	14048	14049
P44,2	14050	14051
P97,2	14052	14053
P131,2	14054	14055
P45,1	14056	14057
P43,2	14058	14059
P98,1	14060	14061
P46,2	14062	14063
P173,1	14064	14065
P47,1	14066	14067
P133,2	14068	14069
P132,1	14070	14071
P23,2	14072	14073
P21,1	14074	14075
P22,2	14076	14077
P76,1	14078	14079
P77,2	14080	14081
P61,1	14082	14083
P62,1	14084	14085
P176,1	14086	14087
P177,1	14088	14089
P178,1	14090	14091
P179,1	14092	14093
P99,1	14094	14095
P63,2	14096	14097
P100,1	14098	14099
P134,1	14100	14101
P137,1	14102	14103
P103,3	14104	14105
P101,2	14106	14107
P135,2	14108	14109
P182,2	14110	14111
P180,1	14112	14113
P102,2	14114	14115
P181,1	14116	14117
P184,1	14118	14119
P104,1	14120	14121
P183,2	14122	14123
P24,2	14124	14125
P185,2	14126	14127
P139,1	14128	14129
P7,2	14130	14131
P78,2	14132	14133
P138,2	14134	14135
P140,1	14136	14137
P187,1	14138	14139
P16,2	14140	14141
P79,1	14142	14143
P189,2	14144	14145
P48,2	14146	14147
P106,1	14148	14149
P80,2	14150	14151
P141,2	14152	14153
P31,1	14154	14155
P190,2	14156	14157
P64,1	14158	14159
P188,1	14160	14161
P49,2	14162	14163
P34,2	14164	14165
P143,1	14166	14167
P32,2	14168	14169
P108,2	14170	14171
P33,2	14172	14173
P35,1	14174	14175
P107,1	14176	14177
P36,2	14178	14179
P192,1	14180	14181
P110,1	14182	14183
P109,2	14184	14185
P111,1	14186	14187
P144,2	14188	14189
P146,2	14190	14191
P81,1	14192	14193
P19,2	14194	14195
P193,1	14196	14197
P83,2	14198	14199
P195,1	14200	14201
P194,2	14202	14203
P84,1	14204	14205
P85,1	14206	14207
P17,2	14208	14209
P18,2	14210	14211
P50,2	14212	14213
P148,1	14214	14215
P65,1	14216	14217
P112,2	14218	14219
P113,1	14220	14221
P114,1	14222	14223
P115,1	14224	14225
P67,1	14226	14227
P149,1	14228	14229
P66,2	14230	14231
P116,2	14232	14233
P150,1	14234	14235
P199,1	14236	14237
P54,2	14238	14239
P86,2	14240	14241
P53,2	14242	14243
P200,1	14244	14245
P88,2	14246	14247
P25,1	14248	14249
P26,1	14250	14251
P10,2	14252	14253
P151,2	14254	14255
P152,1	14256	14257
P153,1	14258	14259
P154,1	14260	14261
P13,1	14262	14263
P12,2	14264	14265
P69,1	14266	14267
P90,2	14268	14269
P68,2	14270	14271
P89,1	14272	14273
P70,2	14274	14275
P118,1	14276	14277
P119,2	14278	14279
P120,1	14280	14281
P155,1	14282	14283
P156,1	14284	14285
P14,1	14286	14287
P56,2	14288	14289
P38,1	14290	14291
P55,1	14292	14293
P40,2	14294	14295
P15,2	14296	14297
P41,2	14298	14299
P2,2	14300	14301
P11,1	14302	14303
P158,2	14304	14305
P157,1	14306	14307
P160,1	14308	14309
P161,2	14310	14311
P159,2	14312	14313
P91,2	14314	14315
P123,2	14316	14317
P92,1	14318	14319
P28,2	14320	14321
P122,2	14322	14323
P162,1	14324	14325
P4,2	14326	14327
P164,1	14328	14329
P165,1	14330	14331
P125,1	14332	14333
P124,2	14334	14335
P126,2	14336	14337
P127,1	14338	14339
P29,2	14340	14341
P57,1	14342	14343
P58,1	14344	14345
P166,1	14346	14347
P60,2	14348	14349
P167,1	14350	14351
P94,1	14352	14353
P95,1	14354	14355
P96,1	14356	14357
P59,1	14358	14359
P128,1	14360	14361
P129,1	14362	14363
P130,1	14364	14365
P75,2	14366	14367
P169,2	14368	14369
P171,1	14370	14371
P30,1	14372	14373
P44,2	14374	14375
P97,2	14376	14377
P131,2	14378	14379
P45,1	14380	14381
P43,2	14382	14383
P98,1	14384	14385
P46,2	14386	14387
P173,1	14388	14389
P47,1	14390	14391
P133,2	14392	14393
P132,1	14394	14395
P23,2	14396	14397
P21,1	14398	14399
P22,2	14400	14401
P76,1	14402	14403
P77,2	14404	14405
P61,1	14406	14407
P62,1	14408	14409
P176,1	14410	14411
P177,1	14412	14413
P178,1	14414	14415
P179,1	14416	14417
P99,1	14418	14419
P63,2	14420	14421
P100,1	14422	14423
P134,1	14424	14425
P137,1	14426	14427
P103,3	14428	14429
P101,2	14430	14431
P135,2	14432	14433
P182,2	14434	14435
P180,1	14436	14437
P102,2	14438	14439
P181,1	14440	14441
P184,1	14442	14443
P104,1	14444	14445
P183,2	14446	14447
P24,2	14448	14449
P185,2	14450	14451
P139,1	14452	14453
P7,2	14454	14455
P78,2	14456	14457
P138,2	14458	14459
P140,1	14460	14461
P187,1	14462	14463
P16,2	14464	14465
P79,1	14466	14467
P189,2	14468	14469
P48,2	14470	14471
P106,1	14472	14473
P80,2	14474	14475
P141,2	14476	14477
P31,1	14478	14479
P190,2	14480	14481
P64,1	14482	14483
P188,1	14484	14485
P49,2	14486	14487
P34,2	14488	14489
P143,1	14490	14491
P32,2	14492	14493
P108,2	14494	14495
P33,2	14496	14497
P35,1	14498	14499
P107,1	14500	14501
P36,2	14502	14503
P192,1	14504	14505
P110,1	14506	14507
P109,2	14508	14509
P111,1	14510	14511
P144,2	14512	14513
P146,2	14514	14515
P81,1	14516	14517
P19,2	14518	14519
P193,1	14520	14521
P83,2	14522	14523
P194,2	14524	14525
P84,1	14526	14527
P195,2	14528	14529
P85,1	14530	14531
P17,2	14532	14533
P18,2	14534	14535
P50,2	14536	14537
P148,1	14538	14539
P65,1	14540	14541
P112,2	14542	14543
P113,1	14544	14545
P114,1	14546	14547
P115,1	14548	14549
P67,1	14550	14551
P149,1	14552	14553
P66,2	14554	14555
P116,2	14556	14557
P150,1	14558	14559
P199,1	14560	14561
P54,2	14562	14563
P86,2	14564	14565
P53,2	14566	14567
P200,1	14568	14569
P88,2	14570	14571
P25,1	14572	14573
P26,1	14574	14574
P10,2	14575	14576
P151,2	14577	14578
P152,1	14579	14580
P153,1	14581	14582
P154,1	14583	14584
P13,1	14585	14586
P69,1	14587	14588
P90,2	14589	14590
P68,2	14591	14592
P12,3	14593	14594
P89,1	14595	14596
P70,2	14597	14598
P118,1	14599	14600
P119,2	14601	14602
P120,1	14603	14604
P155,1	14605	14606
P156,1	14607	14608
P14,1	14609	14610
P56,2	14611	14612
P38,1	14613	14614
P55,1	14615	14616
P40,2	14617	14618
P15,2	14619	14620
P41,2	14621	14622
P2,2	14623	14624
P11,1	14625	14626
P157,1	14627	14628
P160,1	14629	14630
P158,3	14631	14632
P161,2	14633	14634
P159,2	14635	14636
P91,2	14637	14638
P123,2	14639	14640
P92,1	14641	14642
P28,2	14643	14644
P122,2	14645	14646
P162,1	14647	14648
P4,2	14649	14650
P164,1	14651	14652
P165,1	14653	14654
P125,1	14655	14656
P124,2	14657	14658
P126,2	14659	14660
P127,1	14661	14662
P29,2	14663	14664
P57,1	14665	14666
P58,1	14667	14668
P166,1	14669	14670
P60,2	14671	14672
P167,1	14673	14674
P94,1	14675	14676
P95,1	14677	14678
P96,1	14679	14680
P59,1	14681	14682
P128,1	14683	14684
P130,1	14685	14686
P129,2	14687	14688
P75,2	14689	14690
P169,2	14691	14692
P171,1	14693	14694
P30,1	14695	14696
P44,2	14697	14698
P97,2	14699	14700
P131,2	14701	14702
P45,1	14703	14704
P43,2	14705	14706
P98,1	14707	14708
P46,2	14709	14710
P173,1	14711	14712
P47,1	14713	14714
P133,2	14715	14716
P132,1	14717	14718
P23,2	14719	14720
P21,1	14721	14722
P22,2	14723	14724
P76,1	14725	14726
P77,2	14727	14728
P61,1	14729	14730
P62,1	14731	14732
P176,1	14733	14733
P177,1	14734	14735
P178,1	14736	14737
P179,1	14738	14739
P99,1	14740	14741
P63,2	14742	14743
P100,1	14744	14745
P134,1	14746	14747
P137,1	14748	14749
P103,3	14750	14751
P101,2	14752	14753
P135,2	14754	14755
P182,2	14756	14757
P180,1	14758	14759
P102,2	14760	14761
P181,1	14762	14763
P184,1	14764	14765
P104,1	14766	14767
P183,2	14768	14769
P24,2	14770	14771
P185,2	14772	14773
P139,1	14774	14775
P7,2	14776	14777
P78,2	14778	14779
P138,2	14780	14781
P140,1	14782	14783
P187,1	14784	14785
P16,2	14786	14787
P79,1	14788	14789
P189,2	14790	14791
P48,2	14792	14793
P106,1	14794	14795
P80,2	14796	14797
P141,2	14798	14799
P31,1	14800	14801
P190,2	14802	14803
P64,1	14804	14805
P188,1	14806	14807
P49,2	14808	14809
P34,2	14810	14811
P143,1	14812	14813
P32,2	14814	14815
P108,2	14816	14817
P33,2	14818	14819
P35,1	14820	14821
P107,1	14822	14823
P36,2	14824	14825
P192,1	14826	14827
P110,1	14828	14829
P109,2	14830	14831
P111,1	14832	14833
P144,2	14834	14835
P146,2	14836	14837
P81,1	14838	14839
P19,2	14840	14841
P193,1	14842	14843
P83,2	14844	14845
P194,2	14846	14847
P84,1	14848	14849
P195,2	14850	14851
P85,1	14852	14853
P17,2	14854	14855
P18,2	14856	14857
P50,2	14858	14859
P148,1	14860	14861
P65,1	14862	14863
P112,2	14864	14865
P113,1	14866	14867
P114,1	14868	14869
P115,1	14870	14871
P67,1	14872	14873
P149,1	14874	14875
P66,2	14876	14877
P116,2	14878	14879
P150,1	14880	14881
P26,2	14882	14883
P199,1	14884	14885
P54,2	14886	14887
P86,2	14888	14889
P53,2	14890	14891
P200,1	14892	14893
P88,2	14894	14895
P25,1	14896	14897
P10,2	14898	14899
P151,2	14900	14901
P152,1	14902	14903
P153,1	14904	14905
P154,1	14906	14907
P13,1	14908	14909
P69,1	14910	14911
P90,2	14912	14913
P68,2	14914	14915
P12,3	14916	14917
P89,1	14918	14919
P70,2	14920	14921
P118,1	14922	14923
P119,2	14924	14925
P120,1	14926	14927
P155,1	14928	14929
P156,1	14930	14931
P14,1	14932	14933
P56,2	14934	14935
P38,1	14936	14937
P55,1	14938	14939
P40,2	14940	14941
P15,2	14942	14943
P41,2	14944	14945
P2,2	14946	14947
P11,1	14948	14949
P157,1	14950	14951
P160,1	14952	14953
P158,3	14954	14955
P161,2	14956	14957
P159,2	14958	14959
P91,2	14960	14961
P123,2	14962	14963
P92,1	14964	14965
P28,2	14966	14967
P122,2	14968	14969
P162,1	14970	14971
P4,2	14972	14973
P164,1	14974	14975
P165,1	14976	14977
P125,1	14978	14979
P124,2	14980	14981
P126,2	14982	14983
P127,1	14984	14985
P29,2	14986	14987
P57,1	14988	14989
P58,1	14990	14991
P166,1	14992	14993
P60,2	14994	14995
P167,1	14996	14997
P94,1	14998	14999
P95,1	15000	15001
P96,1	15002	15003
P59,1	15004	15005
P128,1	15006	15007
P130,1	15008	15009
P129,2	15010	15011
P75,2	15012	15013
P169,2	15014	15015
P171,1	15016	15017
P30,1	15018	15019
P44,2	15020	15021
P97,2	15022	15023
P131,2	15024	15025
P45,1	15026	15027
P43,2	15028	15029
P98,1	15030	15031
P46,2	15032	15033
P173,1	15034	15035
P47,1	15036	15037
P133,2	15038	15039
P132,1	15040	15041
P176,2	15042	15043
P23,2	15044	15045
P21,1	15046	15047
P22,2	15048	15049
P76,1	15050	15051
P77,2	15052	15053
P61,1	15054	15055
P62,1	15056	15057
P177,1	15058	15059
P178,1	15060	15061
P179,1	15062	15062
P99,1	15063	15064
P63,2	15065	15066
P100,1	15067	15068
P134,1	15069	15070
P137,1	15071	15072
P103,3	15073	15074
P101,2	15075	15076
P135,2	15077	15078
P182,2	15079	15080
P180,1	15081	15082
P102,2	15083	15084
P181,1	15085	15086
P184,1	15087	15088
P104,1	15089	15090
P183,2	15091	15092
P24,2	15093	15094
P185,2	15095	15096
P139,1	15097	15098
P7,2	15099	15100
P78,2	15101	15102
P138,2	15103	15104
P140,1	15105	15106
P187,1	15107	15108
P16,2	15109	15110
P79,1	15111	15111
P189,2	15112	15113
P48,2	15114	15115
P106,1	15116	15117
P80,2	15118	15119
P141,2	15120	15121
P31,1	15122	15123
P190,2	15124	15125
P64,1	15126	15127
P188,1	15128	15129
P49,2	15130	15131
P34,2	15132	15133
P143,1	15134	15135
P32,2	15136	15137
P108,2	15138	15139
P33,2	15140	15141
P35,1	15142	15143
P107,1	15144	15145
P36,2	15146	15147
P192,1	15148	15149
P110,1	15150	15151
P109,2	15152	15153
P111,1	15154	15155
P144,2	15156	15157
P146,2	15158	15159
P81,1	15160	15161
P19,2	15162	15163
P193,1	15164	15165
P83,2	15166	15167
P194,2	15168	15169
P84,1	15170	15171
P195,2	15172	15173
P85,1	15174	15175
P17,2	15176	15177
P18,2	15178	15179
P50,2	15180	15181
P148,1	15182	15183
P65,1	15184	15185
P112,2	15186	15187
P113,1	15188	15188
P114,1	15189	15190
P115,1	15191	15192
P149,1	15193	15194
P67,2	15195	15196
P66,2	15197	15198
P116,2	15199	15200
P150,1	15201	15202
P26,2	15203	15204
P199,1	15205	15206
P54,2	15207	15208
P86,2	15209	15210
P200,1	15211	15212
P53,3	15213	15214
P88,2	15215	15216
P25,1	15217	15218
P10,2	15219	15220
P151,2	15221	15222
P152,1	15223	15224
P153,1	15225	15226
P154,1	15227	15228
P13,1	15229	15230
P69,1	15231	15232
P90,2	15233	15234
P68,2	15235	15236
P12,3	15237	15238
P89,1	15239	15240
P70,2	15241	15242
P118,1	15243	15244
P119,2	15245	15246
P120,1	15247	15248
P155,1	15249	15250
P156,1	15251	15252
P14,1	15253	15254
P56,2	15255	15256
P38,1	15257	15258
P55,1	15259	15260
P40,2	15261	15262
P15,2	15263	15264
P41,2	15265	15266
P2,2	15267	15268
P11,1	15269	15270
P157,1	15271	15272
P160,1	15273	15274
P158,3	15275	15276
P161,2	15277	15278
P159,2	15279	15280
P91,2	15281	15282
P123,2	15283	15284
P92,1	15285	15286
P28,2	15287	15288
P122,2	15289	15290
P162,1	15291	15292
P4,2	15293	15294
P164,1	15295	15296
P165,1	15297	15298
P125,1	15299	15300
P124,2	15301	15302
P126,2	15303	15304
P127,1	15305	15306
P29,2	15307	15308
P58,1	15309	15310
P166,1	15311	15312
P60,2	15313	15314
P167,1	15315	15316
P94,1	15317	15318
P95,1	15319	15320
P96,1	15321	15322
P59,1	15323	15323
P128,1	15324	15325
P130,1	15326	15327
P129,2	15328	15329
P75,2	15330	15331
P169,2	15332	15333
P171,1	15334	15335
P30,1	15336	15337
P44,2	15338	15339
P97,2	15340	15341
P131,2	15342	15343
P45,1	15344	15345
P43,2	15346	15347
P98,1	15348	15349
P46,2	15350	15351
P173,1	15352	15353
P47,1	15354	15355
P133,2	15356	15357
P132,1	15358	15359
P176,2	15360	15361
P23,2	15362	15363
P21,1	15364	15365
P22,2	15366	15367
P76,1	15368	15369
P77,2	15370	15371
P61,1	15372	15373
P62,1	15374	15375
P177,1	15376	15377
P178,1	15378	15379
P99,1	15380	15381
P63,2	15382	15383
P100,1	15384	15385
P134,1	15386	15387
P137,1	15388	15389
P103,3	15390	15391
P101,2	15392	15393
P135,2	15394	15395
P182,2	15396	15397
P180,1	15398	15399
P102,2	15400	15401
P181,1	15402	15403
P184,1	15404	15405
P104,1	15406	15407
P183,2	15408	15409
P24,2	15410	15411
P185,2	15412	15413
P139,1	15414	15415
P7,2	15416	15417
P78,2	15418	15419
P138,2	15420	15421
P140,1	15422	15423
P187,1	15424	15425
P16,2	15426	15427
P189,2	15428	15429
P48,2	15430	15431
P106,1	15432	15433
P80,2	15434	15435
P141,2	15436	15437
P31,1	15438	15439
P190,2	15440	15441
P64,1	15442	15443
P188,1	15444	15445
P49,2	15446	15447
P34,2	15448	15449
P143,1	15450	15451
P32,2	15452	15453
P108,2	15454	15455
P33,2	15456	15457
P35,1	15458	15459
P107,2	15460	15461
P36,2	15462	15463
P192,2	15464	15465
P110,1	15466	15467
P109,2	15468	15469
P111,1	15470	15471
P144,2	15472	15473
P146,2	15474	15475
P81,1	15476	15477
P19,2	15478	15479
P193,1	15480	15481
P83,2	15482	15483
P194,2	15484	15485
P84,1	15486	15487
P195,2	15488	15489
P85,1	15490	15491
P17,2	15492	15493
P18,2	15494	15495
P113,2	15496	15497
P50,2	15498	15499
P148,1	15500	15501
P65,1	15502	15503
P112,2	15504	15505
P114,1	15506	15507
P115,1	15508	15509
P149,1	15510	15511
P67,2	15512	15513
P66,2	15514	15515
P150,1	15516	15517
P26,2	15518	15519
P116,3	15520	15521
P199,1	15522	15523
P54,2	15524	15525
P86,2	15526	15527
P200,1	15528	15529
P53,3	15530	15531
P88,2	15532	15533
P25,1	15534	15535
P10,2	15536	15537
P151,2	15538	15539
P152,1	15540	15541
P153,1	15542	15543
P154,1	15544	15545
P13,1	15546	15547
P69,1	15548	15549
P90,2	15550	15551
P68,2	15552	15553
P12,3	15554	15555
P89,1	15556	15557
P70,2	15558	15559
P118,1	15560	15561
P119,2	15562	15563
P120,1	15564	15565
P155,1	15566	15567
P156,1	15568	15569
P14,1	15570	15570
P56,2	15571	15572
P38,1	15573	15574
P55,1	15575	15576
P40,2	15577	15578
P15,2	15579	15580
P41,2	15581	15582
P2,2	15583	15584
P11,1	15585	15586
P157,1	15587	15588
P160,1	15589	15590
P158,3	15591	15592
P161,2	15593	15594
P159,2	15595	15595
P91,2	15596	15597
P123,2	15598	15599
P92,1	15600	15601
P28,2	15602	15603
P122,2	15604	15605
P4,2	15606	15607
P164,1	15608	15609
P165,1	15610	15611
P162,2	15612	15613
P125,1	15614	15615
P124,2	15616	15617
P126,2	15618	15619
P127,1	15620	15621
P29,2	15622	15623
P60,2	15624	15625
P167,1	15626	15627
P58,2	15628	15629
P94,1	15630	15631
P95,1	15632	15633
P96,1	15634	15635
P128,1	15636	15637
P130,1	15638	15639
P129,2	15640	15641
P75,2	15642	15643
P169,2	15644	15645
P171,1	15646	15647
P30,1	15648	15649
P44,2	15650	15651
P97,2	15652	15653
P131,2	15654	15655
P45,1	15656	15657
P43,2	15658	15659
P98,1	15660	15661
P46,2	15662	15663
P173,1	15664	15665
P47,1	15666	15667
P133,2	15668	15669
P132,1	15670	15671
P176,2	15672	15673
P23,2	15674	15675
P21,1	15676	15677
P22,2	15678	15679
P76,1	15680	15681
P77,2	15682	15683
P61,1	15684	15685
P62,1	15686	15687
P177,1	15688	15689
P178,1	15690	15691
P99,1	15692	15693
P63,2	15694	15695
P100,1	15696	15697
P134,1	15698	15699
P137,1	15700	15701
P103,3	15702	15703
P101,2	15704	15705
P135,2	15706	15707
P182,2	15708	15709
P180,1	15710	15711
P102,2	15712	15713
P181,1	15714	15715
P184,1	15716	15717
P104,1	15718	15719
P183,2	15720	15721
P24,2	15722	15723
P185,2	15724	15725
P139,1	15726	15727
P7,2	15728	15729
P78,2	15730	15731
P138,2	15732	15733
P140,1	15734	15735
P187,1	15736	15737
P16,2	15738	15739
P189,2	15740	15741
P48,2	15742	15743
P106,1	15744	15745
P80,2	15746	15747
P141,2	15748	15749
P31,1	15750	15751
P190,2	15752	15753
P64,1	15754	15755
P188,1	15756	15757
P49,2	15758	15759
P34,2	15760	15761
P143,1	15762	15763
P32,2	15764	15765
P108,2	15766	15767
P33,2	15768	15769
P35,1	15770	15771
P107,2	15772	15773
P36,2	15774	15775
P192,2	15776	15777
P110,1	15778	15779
P109,2	15780	15781
P111,1	15782	15783
P144,2	15784	15785
P146,2	15786	15787
P81,1	15788	15789
P19,2	15790	15791
P193,1	15792	15793
P83,2	15794	15795
P194,2	15796	15797
P84,1	15798	15799
P195,2	15800	15801
P85,1	15802	15803
P17,2	15804	15805
P18,2	15806	15807
P113,2	15808	15809
P50,2	15810	15811
P148,1	15812	15813
P65,1	15814	15815
P112,2	15816	15817
P114,1	15818	15819
P115,1	15820	15821
P67,2	15822	15823
P66,2	15824	15825
P150,1	15826	15827
P149,2	15828	15829
P26,2	15830	15831
P116,3	15832	15833
P199,1	15834	15835
P54,2	15836	15837
P86,2	15838	15839
P200,1	15840	15841
P53,3	15842	15843
P88,2	15844	15845
P25,1	15846	15847
P10,2	15848	15849
P151,2	15850	15851
P152,1	15852	15853
P153,1	15854	15855
P154,1	15856	15857
P13,1	15858	15859
P69,1	15860	15861
P90,2	15862	15863
P68,2	15864	15865
P12,3	15866	15867
P89,1	15868	15869
P70,2	15870	15871
P118,1	15872	15873
P119,2	15874	15875
P120,1	15876	15877
P155,1	15878	15879
P156,1	15880	15881
P56,2	15882	15883
P38,1	15884	15885
P55,1	15886	15887
P40,2	15888	15889
P15,2	15890	15891
P41,2	15892	15893
P2,2	15894	15895
P11,1	15896	15897
P157,1	15898	15899
P160,1	15900	15901
P158,3	15902	15903
P161,2	15904	15905
P91,2	15906	15907
P123,2	15908	15909
P159,3	15910	15911
P92,1	15912	15913
P28,2	15914	15915
P122,2	15916	15917
P4,2	15918	15919
P164,1	15920	15921
P165,1	15922	15923
P162,2	15924	15925
P125,1	15926	15927
P124,2	15928	15929
P126,2	15930	15931
P127,1	15932	15933
P29,2	15934	15935
P60,2	15936	15937
P167,1	15938	15939
P58,2	15940	15941
P94,1	15942	15943
P95,1	15944	15945
P96,1	15946	15947
P128,1	15948	15949
P130,1	15950	15951
P129,2	15952	15953
P75,2	15954	15955
P169,2	15956	15957
P171,1	15958	15959
P30,2	15960	15961
P44,2	15962	15963
P97,2	15964	15965
P131,2	15966	15967
P45,1	15968	15969
P43,2	15970	15971
P98,1	15972	15973
P46,2	15974	15975
P173,1	15976	15977
P47,1	15978	15979
P133,2	15980	15981
P132,1	15982	15983
P176,2	15984	15985
P23,2	15986	15987
P21,1	15988	15989
P22,2	15990	15991
P76,1	15992	15993
P77,2	15994	15995
P61,1	15996	15997
P62,1	15998	15999
P177,1	16000	16001
P99,1	16002	16003
P63,2	16004	16005
P100,1	16006	16006
P134,1	16007	16008
P137,1	16009	16010
P103,3	16011	16012
P101,2	16013	16014
P135,2	16015	16016
P182,2	16017	16018
P180,1	16019	16020
P102,2	16021	16022
P181,1	16023	16024
P184,1	16025	16026
P104,1	16027	16028
P183,2	16029	16030
P24,2	16031	16032
P185,2	16033	16034
P139,1	16035	16036
P7,2	16037	16038
P78,2	16039	16040
P138,2	16041	16042
P140,1	16043	16044
P187,1	16045	16046
P16,2	16047	16048
P189,2	16049	16050
P48,2	16051	16052
P106,1	16053	16054
P80,2	16055	16056
P141,2	16057	16058
P31,1	16059	16060
P190,2	16061	16062
P64,1	16063	16064
P188,1	16065	16066
P49,2	16067	16068
P34,2	16069	16070
P143,1	16071	16072
P32,2	16073	16074
P108,2	16075	16076
P33,2	16077	16078
P35,1	16079	16080
P107,2	16081	16082
P36,2	16083	16084
P192,2	16085	16086
P110,1	16087	16088
P109,2	16089	16090
P111,1	16091	16092
P144,2	16093	16094
P146,2	16095	16096
P81,1	16097	16098
P19,2	16099	16100
P193,1	16101	16102
P83,2	16103	16104
P194,2	16105	16106
P84,1	16107	16108
P195,2	16109	16110
P85,1	16111	16112
P17,2	16113	16114
P18,2	16115	16116
P113,2	16117	16118
P50,2	16119	16120
P148,1	16121	16122
P112,2	16123	16124
P65,2	16125	16126
P114,1	16127	16128
P115,1	16129	16130
P67,2	16131	16132
P66,2	16133	16134
P150,1	16135	16136
P149,2	16137	16138
P26,2	16139	16140
P116,3	16141	16142
P199,1	16143	16144
P54,2	16145	16146
P86,2	16147	16148
P200,1	16149	16150
P53,3	16151	16152
P88,2	16153	16154
P25,1	16155	16156
P10,2	16157	16158
P151,2	16159	16160
P152,1	16161	16162
P153,1	16163	16164
P154,1	16165	16166
P13,1	16167	16168
P69,1	16169	16170
P90,2	16171	16172
P68,2	16173	16174
P12,3	16175	16176
P89,1	16177	16178
P70,2	16179	16180
P118,1	16181	16182
P119,2	16183	16184
P120,1	16185	16186
P155,1	16187	16188
P156,1	16189	16190
P56,2	16191	16192
P38,1	16193	16194
P55,1	16195	16196
P40,2	16197	16198
P15,2	16199	16200
P41,2	16201	16202
P2,2	16203	16204
P11,1	16205	16206
P157,1	16207	16208
P160,1	16209	16210
P158,3	16211	16212
P161,2	16213	16214
P91,2	16215	16216
P123,2	16217	16218
P159,3	16219	16220
P92,1	16221	16222
P28,2	16223	16224
P122,2	16225	16226
P4,2	16227	16228
P164,1	16229	16230
P165,1	16231	16232
P162,2	16233	16234
P125,1	16235	16236
P124,2	16237	16238
P126,2	16239	16240
P127,1	16241	16242
P29,2	16243	16244
P60,2	16245	16246
P167,1	16247	16248
P58,2	16249	16250
P94,1	16251	16252
P95,1	16253	16254
P96,1	16255	16255
P128,1	16256	16257
P130,1	16258	16259
P129,2	16260	16261
P75,2	16262	16263
P169,2	16264	16265
P171,1	16266	16267
P30,2	16268	16269
P44,2	16270	16271
P97,2	16272	16273
P131,2	16274	16275
P45,1	16276	16277
P43,2	16278	16279
P98,1	16280	16281
P46,2	16282	16283
P173,1	16284	16285
P47,1	16286	16287
P133,2	16288	16289
P132,1	16290	16291
P176,2	16292	16293
P23,2	16294	16295
P21,1	16296	16297
P22,2	16298	16299
P76,1	16300	16301
P77,2	16302	16303
P61,1	16304	16305
P62,1	16306	16307
P100,2	16308	16309
P177,1	16310	16311
P99,1	16312	16313
P63,2	16314	16315
P134,1	16316	16317
P137,1	16318	16319
P103,3	16320	16321
P101,2	16322	16323
P135,2	16324	16325
P182,2	16326	16327
P180,1	16328	16329
P102,2	16330	16331
P184,1	16332	16333
P104,1	16334	16335
P183,2	16336	16337
P181,2	16338	16339
P24,2	16340	16341
P185,2	16342	16343
P139,1	16344	16345
P7,2	16346	16347
P78,2	16348	16349
P138,2	16350	16351
P140,1	16352	16353
P187,1	16354	16355
P16,2	16356	16357
P189,2	16358	16359
P48,2	16360	16361
P106,1	16362	16363
P80,2	16364	16365
P141,2	16366	16367
P31,1	16368	16369
P190,2	16370	16371
P64,1	16372	16373
P188,1	16374	16375
P49,2	16376	16377
P34,2	16378	16379
P143,1	16380	16381
P32,2	16382	16383
P108,2	16384	16385
P33,2	16386	16387
P35,1	16388	16389
P107,2	16390	16391
P36,2	16392	16393
P192,2	16394	16395
P110,1	16396	16397
P109,2	16398	16399
P111,1	16400	16401
P144,2	16402	16403
P146,2	16404	16405
P81,1	16406	16407
P19,2	16408	16409
P193,1	16410	16411
P83,2	16412	16413
P194,2	16414	16415
P84,1	16416	16417
P195,2	16418	16419
P85,1	16420	16421
P17,2	16422	16423
P18,2	16424	16425
P113,2	16426	16427
P50,2	16428	16429
P148,1	16430	16431
P112,2	16432	16433
P65,2	16434	16435
P114,1	16436	16437
P115,1	16438	16439
P67,2	16440	16441
P66,2	16442	16443
P150,1	16444	16445
P149,2	16446	16447
P26,2	16448	16449
P116,3	16450	16451
P199,1	16452	16453
P54,2	16454	16455
P86,2	16456	16457
P200,1	16458	16459
P53,3	16460	16461
P88,2	16462	16463
P25,1	16464	16465
P10,2	16466	16467
P151,2	16468	16469
P152,1	16470	16471
P153,1	16472	16473
P154,1	16474	16475
P13,1	16476	16477
P69,1	16478	16479
P90,2	16480	16481
P68,2	16482	16483
P12,3	16484	16485
P89,1	16486	16487
P70,2	16488	16489
P118,1	16490	16491
P119,2	16492	16493
P120,1	16494	16495
P155,1	16496	16497
P156,1	16498	16499
P56,2	16500	16501
P38,1	16502	16503
P55,1	16504	16505
P40,2	16506	16507
P15,2	16508	16509
P41,2	16510	16511
P2,2	16512	16513
P11,1	16514	16515
P157,1	16516	16517
P160,1	16518	16519
P158,3	16520	16521
P161,2	16522	16523
P91,2	16524	16525
P123,2	16526	16527
P159,3	16528	16529
P92,1	16530	16531
P28,2	16532	16533
P122,2	16534	16535
P4,2	16536	16537
P164,1	16538	16539
P165,1	16540	16541
P162,2	16542	16543
P125,1	16544	16545
P124,2	16546	16547
P96,2	16548	16549
P126,2	16550	16551
P127,1	16552	16553
P29,2	16554	16555
P60,2	16556	16557
P167,1	16558	16559
P58,2	16560	16561
P94,1	16562	16563
P95,1	16564	16565
P128,1	16566	16567
P130,1	16568	16569
P129,2	16570	16571
P75,2	16572	16573
P169,2	16574	16575
P171,1	16576	16577
P30,2	16578	16579
P44,2	16580	16581
P97,2	16582	16583
P131,2	16584	16585
P45,1	16586	16587
P43,2	16588	16589
P98,1	16590	16591
P46,2	16592	16593
P173,1	16594	16595
P47,1	16596	16597
P133,2	16598	16599
P132,1	16600	16601
P176,2	16602	16603
P23,2	16604	16605
P21,1	16606	16607
P22,2	16608	16609
P76,1	16610	16611
P77,2	16612	16613
P61,1	16614	16615
P62,1	16616	16617
P100,2	16618	16619
P177,1	16620	16621
P99,1	16622	16623
P63,2	16624	16625
P134,1	16626	16627
P137,1	16628	16629
P103,3	16630	16631
P101,2	16632	16633
P135,2	16634	16635
P182,2	16636	16637
P180,1	16638	16639
P102,2	16640	16641
P184,1	16642	16643
P104,1	16644	16645
P183,2	16646	16647
P181,2	16648	16649
P24,2	16650	16651
P185,2	16652	16653
P139,1	16654	16654
P7,2	16655	16656
P78,2	16657	16658
P138,2	16659	16660
P140,1	16661	16662
P187,1	16663	16664
P16,2	16665	16666
P189,2	16667	16668
P48,2	16669	16670
P106,1	16671	16672
P80,2	16673	16674
P141,2	16675	16676
P31,1	16677	16677
P190,2	16678	16679
P64,1	16680	16681
P188,1	16682	16683
P49,2	16684	16685
P34,2	16686	16687
P143,1	16688	16689
P32,2	16690	16691
P108,2	16692	16693
P33,2	16694	16695
P35,1	16696	16697
P107,2	16698	16699
P36,2	16700	16701
P192,2	16702	16703
P110,1	16704	16705
P109,2	16706	16707
P111,1	16708	16709
P144,2	16710	16711
P146,2	16712	16713
P81,1	16714	16715
P19,3	16716	16717
P193,1	16718	16719
P83,2	16720	16721
P194,2	16722	16723
P84,2	16724	16725
P195,2	16726	16727
P85,1	16728	16729
P17,2	16730	16731
P18,2	16732	16733
P113,2	16734	16735
P50,2	16736	16737
P148,1	16738	16739
P112,2	16740	16741
P65,2	16742	16743
P115,1	16744	16745
P67,2	16746	16747
P66,2	16748	16749
P150,1	16750	16751
P149,2	16752	16753
P26,2	16754	16755
P116,3	16756	16757
P199,1	16758	16759
P54,2	16760	16761
P86,2	16762	16763
P200,1	16764	16765
P53,3	16766	16767
P88,2	16768	16769
P25,1	16770	16771
P10,2	16772	16773
P151,2	16774	16775
P152,1	16776	16777
P153,1	16778	16779
P154,1	16780	16781
P13,1	16782	16783
P69,1	16784	16785
P90,2	16786	16787
P68,2	16788	16789
P12,3	16790	16791
P89,1	16792	16793
P70,2	16794	16795
P118,1	16796	16797
P119,2	16798	16799
P120,1	16800	16801
P155,1	16802	16803
P156,1	16804	16805
P56,2	16806	16807
P38,1	16808	16809
P55,1	16810	16811
P40,2	16812	16813
P15,2	16814	16815
P41,2	16816	16817
P2,2	16818	16819
P11,1	16820	16821
P157,1	16822	16823
P160,1	16824	16825
P158,3	16826	16827
P161,2	16828	16829
P91,2	16830	16831
P123,2	16832	16833
P159,3	16834	16835
P92,1	16836	16837
P28,2	16838	16839
P122,2	16840	16841
P4,2	16842	16843
P164,1	16844	16845
P165,1	16846	16846
P162,2	16847	16848
P125,1	16849	16850
P124,2	16851	16852
P96,2	16853	16854
P126,2	16855	16856
P127,1	16857	16858
P29,2	16859	16860
P60,2	16861	16862
P167,1	16863	16864
P58,2	16865	16866
P94,1	16867	16868
P95,1	16869	16870
P128,1	16871	16872
P130,1	16873	16874
P129,2	16875	16876
P75,2	16877	16878
P169,2	16879	16880
P171,1	16881	16882
P30,2	16883	16884
P44,2	16885	16886
P97,2	16887	16888
P131,2	16889	16890
P45,1	16891	16892
P43,2	16893	16894
P98,1	16895	16896
P46,2	16897	16897
P173,1	16898	16899
P47,1	16900	16901
P133,2	16902	16903
P132,1	16904	16905
P176,2	16906	16907
P23,2	16908	16909
P21,1	16910	16911
P22,2	16912	16913
P76,1	16914	16915
P77,2	16916	16917
P61,1	16918	16919
P62,1	16920	16921
P100,2	16922	16923
P177,1	16924	16925
P99,1	16926	16927
P63,2	16928	16929
P134,1	16930	16931
P137,1	16932	16933
P103,3	16934	16935
P101,2	16936	16937
P135,2	16938	16939
P182,2	16940	16941
P180,1	16942	16943
P102,2	16944	16945
P184,1	16946	16947
P104,1	16948	16949
P183,2	16950	16951
P181,2	16952	16953
P24,2	16954	16955
P185,2	16956	16957
P7,2	16958	16959
P78,2	16960	16961
P139,2	16962	16963
P138,2	16964	16965
P140,1	16966	16967
P187,1	16968	16969
P16,2	16970	16971
P189,2	16972	16973
P48,2	16974	16975
P106,1	16976	16977
P80,2	16978	16979
P141,2	16980	16981
P190,2	16982	16983
P31,2	16984	16985
P64,1	16986	16986
P188,1	16987	16988
P49,2	16989	16990
P34,2	16991	16992
P143,1	16993	16994
P32,2	16995	16996
P108,2	16997	16998
P33,2	16999	17000
P35,1	17001	17002
P107,2	17003	17004
P36,2	17005	17006
P192,2	17007	17008
P110,1	17009	17010
P109,2	17011	17012
P111,1	17013	17014
P144,2	17015	17016
P146,2	17017	17018
P81,1	17019	17020
P19,3	17021	17022
P193,1	17023	17024
P83,2	17025	17026
P194,2	17027	17028
P84,2	17029	17030
P195,2	17031	17032
P85,1	17033	17034
P17,2	17035	17036
P18,2	17037	17038
P113,2	17039	17040
P50,2	17041	17042
P148,1	17043	17044
P112,2	17045	17046
P65,2	17047	17048
P115,1	17049	17050
P67,2	17051	17052
P66,2	17053	17054
P150,1	17055	17056
P149,2	17057	17058
P26,2	17059	17060
P116,3	17061	17062
P199,1	17063	17064
P54,2	17065	17066
P86,2	17067	17068
P200,1	17069	17070
P53,3	17071	17072
P88,2	17073	17074
P25,1	17075	17076
P10,2	17077	17078
P151,2	17079	17080
P152,1	17081	17082
P153,2	17083	17084
P154,1	17085	17086
P13,1	17087	17088
P69,1	17089	17090
P90,2	17091	17092
P68,2	17093	17094
P12,3	17095	17096
P89,1	17097	17098
P70,2	17099	17100
P118,1	17101	17102
P119,2	17103	17104
P120,1	17105	17106
P155,1	17107	17108
P156,1	17109	17110
P56,2	17111	17112
P38,1	17113	17114
P55,1	17115	17116
P40,2	17117	17118
P15,2	17119	17120
P41,2	17121	17122
P2,2	17123	17124
P11,1	17125	17126
P157,1	17127	17128
P160,1	17129	17130
P158,3	17131	17132
P161,2	17133	17134
P91,2	17135	17136
P123,2	17137	17138
P159,3	17139	17140
P92,1	17141	17142
P28,2	17143	17144
P122,2	17145	17146
P4,2	17147	17148
P164,1	17149	17150
P162,2	17151	17152
P125,1	17153	17154
P124,2	17155	17156
P96,2	17157	17158
P126,2	17159	17160
P127,1	17161	17162
P29,2	17163	17164
P60,2	17165	17166
P167,1	17167	17168
P58,2	17169	17170
P94,1	17171	17172
P95,1	17173	17174
P128,1	17175	17176
P130,1	17177	17178
P129,2	17179	17180
P75,2	17181	17182
P169,2	17183	17184
P171,1	17185	17186
P30,2	17187	17188
P44,2	17189	17190
P97,2	17191	17192
P131,2	17193	17194
P45,1	17195	17196
P43,2	17197	17198
P98,1	17199	17200
P173,1	17201	17202
P46,3	17203	17204
P47,1	17205	17206
P133,2	17207	17208
P132,1	17209	17210
P176,2	17211	17212
P23,2	17213	17214
P21,1	17215	17216
P22,2	17217	17218
P76,1	17219	17220
P77,2	17221	17222
P61,1	17223	17224
P62,1	17225	17226
P100,2	17227	17228
P177,1	17229	17230
P99,1	17231	17232
P63,2	17233	17234
P134,1	17235	17236
P137,1	17237	17238
P103,3	17239	17240
P101,2	17241	17242
P135,2	17243	17244
P182,2	17245	17246
P180,1	17247	17248
P102,2	17249	17250
P184,1	17251	17252
P104,1	17253	17254
P183,2	17255	17256
P181,2	17257	17258
P24,2	17259	17260
P185,2	17261	17262
P7,2	17263	17264
P78,2	17265	17266
P139,2	17267	17268
P138,2	17269	17270
P140,1	17271	17272
P187,1	17273	17274
P16,2	17275	17276
P189,2	17277	17278
P48,2	17279	17280
P106,1	17281	17282
P80,2	17283	17284
P64,2	17285	17286
P141,2	17287	17288
P190,2	17289	17290
P31,2	17291	17292
P188,1	17293	17294
P49,2	17295	17296
P34,2	17297	17298
P143,1	17299	17300
P32,2	17301	17302
P108,2	17303	17304
P33,2	17305	17306
P35,1	17307	17307
P107,2	17308	17309
P36,2	17310	17311
P192,2	17312	17313
P110,1	17314	17315
P109,2	17316	17317
P111,1	17318	17319
P144,2	17320	17321
P146,2	17322	17323
P81,1	17324	17325
P19,3	17326	17327
P193,1	17328	17329
P83,2	17330	17331
P194,2	17332	17333
P84,2	17334	17335
P195,2	17336	17337
P85,1	17338	17339
P17,2	17340	17341
P18,2	17342	17343
P113,2	17344	17345
P50,2	17346	17347
P148,1	17348	17349
P112,2	17350	17351
P65,2	17352	17353
P115,1	17354	17355
P67,2	17356	17357
P66,2	17358	17359
P150,1	17360	17361
P149,2	17362	17363
P26,2	17364	17365
P116,3	17366	17367
P199,1	17368	17369
P54,2	17370	17371
P86,2	17372	17373
P200,1	17374	17375
P53,3	17376	17377
P88,2	17378	17379
P25,1	17380	17381
P10,2	17382	17383
P151,2	17384	17385
P152,1	17386	17387
P153,2	17388	17389
P154,1	17390	17391
P13,1	17392	17393
P69,1	17394	17395
P68,2	17396	17397
P12,3	17398	17399
P89,1	17400	17401
P70,2	17402	17403
P118,1	17404	17405
P119,2	17406	17407
P120,1	17408	17409
P155,1	17410	17411
P156,1	17412	17413
P56,2	17414	17415
P38,1	17416	17417
P55,1	17418	17419
P40,2	17420	17421
P15,2	17422	17423
P41,2	17424	17425
P2,2	17426	17427
P11,1	17428	17429
P157,1	17430	17431
P160,1	17432	17433
P158,3	17434	17435
P161,2	17436	17437
P91,2	17438	17439
P123,2	17440	17441
P159,3	17442	17443
P92,1	17444	17445
P28,2	17446	17447
P122,2	17448	17449
P4,2	17450	17451
P164,1	17452	17453
P162,2	17454	17455
P125,1	17456	17457
P124,2	17458	17459
P96,2	17460	17461
P126,2	17462	17463
P127,1	17464	17465
P29,2	17466	17467
P60,2	17468	17469
P167,1	17470	17471
P58,2	17472	17473
P94,1	17474	17475
P95,1	17476	17477
P128,1	17478	17479
P130,1	17480	17481
P129,2	17482	17483
P75,2	17484	17485
P169,2	17486	17487
P171,1	17488	17489
P30,2	17490	17491
P44,2	17492	17493
P97,2	17494	17495
P131,2	17496	17497
P45,1	17498	17499
P43,2	17500	17501
P98,1	17502	17503
P173,1	17504	17505
P46,3	17506	17507
P47,1	17508	17509
P133,2	17510	17511
P132,1	17512	17513
P176,2	17514	17515
P23,2	17516	17517
P21,1	17518	17519
P22,2	17520	17521
P76,1	17522	17523
P77,2	17524	17524
P61,1	17525	17526
P62,1	17527	17527
P100,2	17528	17529
P177,1	17530	17531
P99,1	17532	17533
P63,2	17534	17535
P134,1	17536	17537
P137,1	17538	17539
P103,3	17540	17541
P101,2	17542	17543
P135,2	17544	17545
P182,2	17546	17547
P180,1	17548	17549
P102,2	17550	17551
P184,1	17552	17553
P104,1	17554	17555
P183,2	17556	17557
P181,2	17558	17559
P24,2	17560	17561
P185,2	17562	17563
P7,2	17564	17565
P78,2	17566	17567
P139,2	17568	17569
P138,2	17570	17571
P187,1	17572	17573
P16,2	17574	17575
P189,2	17576	17577
P48,2	17578	17579
P106,1	17580	17581
P80,2	17582	17583
P64,2	17584	17585
P141,2	17586	17587
P190,2	17588	17589
P31,2	17590	17591
P188,1	17592	17593
P49,2	17594	17595
P34,2	17596	17597
P35,2	17598	17599
P143,1	17600	17601
P32,2	17602	17603
P108,2	17604	17605
P33,2	17606	17607
P107,2	17608	17609
P36,2	17610	17611
P192,2	17612	17613
P110,1	17614	17615
P109,2	17616	17617
P111,1	17618	17619
P144,2	17620	17621
P146,2	17622	17623
P81,1	17624	17625
P19,3	17626	17627
P193,1	17628	17629
P83,2	17630	17631
P194,2	17632	17633
P84,2	17634	17635
P195,2	17636	17637
P85,1	17638	17639
P17,2	17640	17641
P18,2	17642	17642
P113,2	17643	17644
P50,2	17645	17646
P148,1	17647	17648
P112,2	17649	17650
P65,2	17651	17652
P115,1	17653	17654
P67,2	17655	17656
P66,2	17657	17658
P150,1	17659	17659
P149,2	17660	17661
P26,2	17662	17663
P116,3	17664	17665
P199,1	17666	17667
P54,2	17668	17669
P86,2	17670	17670
P200,1	17671	17672
P53,3	17673	17674
P88,2	17675	17676
P25,1	17677	17678
P10,2	17679	17680
P151,2	17681	17682
P152,1	17683	17684
P153,2	17685	17686
P154,1	17687	17688
P69,1	17689	17690
P13,2	17691	17692
P68,2	17693	17694
P12,3	17695	17696
P89,1	17697	17697
P70,2	17698	17699
P118,1	17700	17701
P119,2	17702	17703
P120,1	17704	17705
P155,1	17706	17707
P156,1	17708	17709
P56,2	17710	17711
P38,1	17712	17713
P55,1	17714	17715
P40,2	17716	17717
P15,2	17718	17719
P41,2	17720	17721
P2,2	17722	17723
P11,1	17724	17725
P157,1	17726	17727
P160,1	17728	17729
P158,3	17730	17731
P161,2	17732	17733
P91,2	17734	17735
P123,2	17736	17737
P159,3	17738	17739
P92,1	17740	17741
P28,2	17742	17743
P122,2	17744	17745
P4,2	17746	17747
P164,1	17748	17749
P162,2	17750	17751
P125,1	17752	17753
P124,2	17754	17755
P96,2	17756	17757
P126,2	17758	17759
P127,1	17760	17761
P29,2	17762	17763
P60,2	17764	17765
P167,1	17766	17767
P58,2	17768	17769
P94,1	17770	17771
P95,1	17772	17773
P128,1	17774	17775
P130,1	17776	17777
P129,2	17778	17779
P75,2	17780	17781
P169,2	17782	17783
P171,1	17784	17785
P30,2	17786	17787
P44,2	17788	17789
P97,2	17790	17791
P131,2	17792	17793
P45,1	17794	17795
P43,2	17796	17797
P98,1	17798	17799
P173,1	17800	17801
P46,3	17802	17803
P133,2	17804	17805
P132,1	17806	17807
P176,2	17808	17809
P23,2	17810	17811
P21,1	17812	17813
P22,2	17814	17815
P76,1	17816	17817
P61,1	17818	17819
P100,2	17820	17821
P177,1	17822	17823
P63,2	17824	17825
P99,2	17826	17827
P134,2	17828	17829
P137,1	17830	17831
P103,3	17832	17833
P101,2	17834	17835
P135,2	17836	17837
P182,2	17838	17839
P180,1	17840	17841
P102,2	17842	17843
P184,1	17844	17845
P104,1	17846	17847
P183,2	17848	17849
P181,2	17850	17851
P24,2	17852	17853
P185,2	17854	17855
P7,2	17856	17857
P78,2	17858	17859
P139,2	17860	17861
P138,2	17862	17863
P187,1	17864	17865
P16,2	17866	17867
P189,2	17868	17869
P48,2	17870	17871
P106,1	17872	17873
P80,2	17874	17875
P64,2	17876	17877
P141,2	17878	17878
P190,2	17879	17880
P31,2	17881	17882
P188,1	17883	17884
P49,2	17885	17886
P34,2	17887	17888
P35,2	17889	17890
P143,1	17891	17892
P32,2	17893	17893
P108,2	17894	17895
P33,2	17896	17897
P107,2	17898	17899
P36,2	17900	17901
P192,2	17902	17903
P110,1	17904	17905
P109,2	17906	17907
P111,1	17908	17909
P144,2	17910	17911
P146,2	17912	17913
P81,1	17914	17915
P19,3	17916	17917
P193,1	17918	17919
P83,2	17920	17921
P194,2	17922	17922
P84,2	17923	17924
P195,2	17925	17926
P85,1	17927	17928
P17,2	17929	17930
P113,2	17931	17932
P50,2	17933	17934
P148,1	17935	17936
P112,2	17937	17938
P65,2	17939	17940
P115,1	17941	17942
P67,2	17943	17944
P66,2	17945	17946
P86,3	17947	17948
P149,2	17949	17950
P26,2	17951	17952
P116,3	17953	17954
P199,1	17955	17956
P54,2	17957	17958
P200,1	17959	17960
P53,3	17961	17962
P88,2	17963	17964
P25,1	17965	17966
P10,2	17967	17968
P151,2	17969	17970
P152,1	17971	17972
P153,2	17973	17974
P154,1	17975	17976
P69,1	17977	17978
P13,2	17979	17980
P68,2	17981	17982
P12,3	17983	17984
P70,2	17985	17986
P118,1	17987	17988
P119,2	17989	17990
P120,1	17991	17992
P156,1	17993	17994
P56,2	17995	17996
P38,1	17997	17998
P55,1	17999	18000
P40,2	18001	18002
P15,2	18003	18004
P41,2	18005	18006
P2,2	18007	18008
P11,1	18009	18010
P157,1	18011	18012
P160,1	18013	18014
P158,3	18015	18016
P161,2	18017	18018
P91,2	18019	18020
P123,2	18021	18022
P159,3	18023	18024
P92,1	18025	18026
P28,2	18027	18028
P122,2	18029	18030
P4,2	18031	18032
P164,1	18033	18034
P162,2	18035	18036
P125,1	18037	18038
P124,2	18039	18040
P96,2	18041	18042
P126,2	18043	18044
P127,1	18045	18046
P29,2	18047	18048
P60,2	18049	18050
P167,1	18051	18052
P58,2	18053	18054
P95,1	18055	18056
P128,1	18057	18058
P130,1	18059	18060
P129,2	18061	18062
P75,2	18063	18064
P169,2	18065	18066
P171,1	18067	18068
P30,2	18069	18070
P44,2	18071	18072
P97,2	18073	18074
P131,2	18075	18076
P45,1	18077	18078
P43,2	18079	18080
P98,1	18081	18082
P173,1	18083	18084
P46,3	18085	18086
P133,2	18087	18088
P132,1	18089	18090
P176,2	18091	18092
P23,2	18093	18094
P21,1	18095	18096
P22,2	18097	18098
P61,1	18099	18100
P76,2	18101	18102
P100,2	18103	18104
P177,1	18105	18106
P63,2	18107	18108
P99,2	18109	18110
P134,2	18111	18112
P137,1	18113	18114
P103,3	18115	18116
P101,2	18117	18118
P135,2	18119	18120
P182,2	18121	18122
P180,1	18123	18124
P102,2	18125	18126
P184,1	18127	18128
P104,1	18129	18130
P183,2	18131	18132
P181,2	18133	18134
P185,2	18135	18136
P24,3	18137	18138
P7,2	18139	18140
P78,2	18141	18142
P139,2	18143	18144
P138,2	18145	18146
P187,1	18147	18148
P16,2	18149	18150
P189,2	18151	18152
P48,2	18153	18154
P106,1	18155	18156
P80,2	18157	18158
P64,2	18159	18160
P141,3	18161	18162
P190,2	18163	18164
P31,2	18165	18166
P188,1	18167	18168
P49,2	18169	18170
P34,2	18171	18172
P35,2	18173	18174
P143,1	18175	18176
P108,2	18177	18178
P33,2	18179	18180
P107,2	18181	18182
P36,2	18183	18184
P192,2	18185	18186
P110,1	18187	18188
P109,2	18189	18190
P111,1	18191	18192
P144,2	18193	18194
P146,2	18195	18196
P81,1	18197	18198
P19,3	18199	18200
P193,1	18201	18202
P194,3	18203	18204
P83,2	18205	18206
P84,2	18207	18208
P195,2	18209	18210
P85,1	18211	18212
P17,2	18213	18214
P113,2	18215	18216
P50,2	18217	18218
P148,1	18219	18220
P112,2	18221	18222
P65,2	18223	18224
P115,1	18225	18225
P67,2	18226	18227
P66,2	18228	18229
P86,3	18230	18231
P149,2	18232	18233
P26,2	18234	18235
P116,3	18236	18237
P199,1	18238	18239
P54,2	18240	18241
P200,1	18242	18243
P53,3	18244	18245
P88,2	18246	18247
P25,1	18248	18249
P10,2	18250	18251
P151,2	18252	18253
P152,1	18254	18255
P153,2	18256	18257
P154,1	18258	18259
P69,1	18260	18261
P13,2	18262	18263
P12,3	18264	18265
P70,2	18266	18267
P118,1	18268	18269
P119,2	18270	18271
P120,1	18272	18273
P156,1	18274	18275
P56,2	18276	18277
P38,1	18278	18279
P55,1	18280	18281
P40,2	18282	18283
P15,2	18284	18285
P41,2	18286	18287
P2,2	18288	18289
P11,1	18290	18291
P157,1	18292	18293
P160,1	18294	18295
P158,3	18296	18297
P161,2	18298	18299
P91,2	18300	18301
P123,2	18302	18303
P159,3	18304	18305
P92,1	18306	18307
P28,2	18308	18309
P122,2	18310	18311
P4,2	18312	18313
P164,1	18314	18315
P162,2	18316	18317
P125,1	18318	18319
P124,2	18320	18321
P96,2	18322	18323
P126,2	18324	18325
P127,1	18326	18327
P29,2	18328	18329
P60,2	18330	18331
P58,2	18332	18333
P95,1	18334	18334
P128,1	18335	18336
P130,1	18337	18338
P129,2	18339	18340
P75,2	18341	18342
P169,2	18343	18344
P171,1	18345	18346
P30,2	18347	18348
P44,2	18349	18350
P97,2	18351	18352
P131,2	18353	18354
P45,1	18355	18356
P43,2	18357	18358
P98,1	18359	18360
P173,1	18361	18362
P46,3	18363	18364
P133,2	18365	18366
P132,1	18367	18368
P176,2	18369	18370
P23,2	18371	18372
P21,1	18373	18373
P22,2	18374	18375
P76,2	18376	18377
P100,2	18378	18379
P61,2	18380	18381
P177,1	18382	18383
P63,2	18384	18385
P99,2	18386	18387
P134,2	18388	18389
P137,1	18390	18391
P103,3	18392	18393
P101,2	18394	18395
P135,2	18396	18397
P182,2	18398	18399
P180,1	18400	18401
P102,2	18402	18403
P184,1	18404	18405
P104,1	18406	18407
P183,2	18408	18409
P181,2	18410	18411
P185,2	18412	18413
P24,3	18414	18415
P7,2	18416	18417
P78,2	18418	18419
P139,2	18420	18421
P138,2	18422	18423
P187,1	18424	18425
P16,2	18426	18427
P189,2	18428	18429
P48,2	18430	18431
P106,1	18432	18433
P80,2	18434	18435
P64,2	18436	18437
P141,3	18438	18439
P190,2	18440	18441
P31,2	18442	18443
P188,1	18444	18445
P49,2	18446	18447
P34,2	18448	18449
P35,2	18450	18451
P143,1	18452	18453
P108,2	18454	18455
P33,2	18456	18457
P107,2	18458	18459
P36,2	18460	18461
P192,2	18462	18463
P110,1	18464	18465
P109,2	18466	18467
P111,1	18468	18469
P144,2	18470	18471
P146,2	18472	18473
P81,1	18474	18475
P19,3	18476	18477
P193,1	18478	18479
P194,3	18480	18481
P83,2	18482	18483
P84,2	18484	18485
P195,2	18486	18487
P85,1	18488	18489
P17,2	18490	18491
P113,2	18492	18493
P50,2	18494	18495
P115,2	18496	18497
P148,1	18498	18499
P112,2	18500	18501
P65,2	18502	18503
P67,2	18504	18505
P66,2	18506	18507
P86,3	18508	18509
P149,2	18510	18511
P26,2	18512	18513
P116,3	18514	18515
P199,1	18516	18517
P54,2	18518	18519
P200,2	18520	18521
P53,3	18522	18523
P88,2	18524	18525
P25,1	18526	18527
P10,2	18528	18528
P151,2	18529	18530
P152,1	18531	18532
P153,2	18533	18534
P154,1	18535	18536
P69,1	18537	18538
P13,2	18539	18540
P12,3	18541	18542
P70,2	18543	18544
P118,1	18545	18546
P119,2	18547	18548
P120,1	18549	18550
P156,1	18551	18552
P38,1	18553	18554
P55,1	18555	18556
P40,2	18557	18558
P15,2	18559	18559
P41,2	18560	18561
P2,2	18562	18563
P157,1	18564	18565
P160,1	18566	18567
P158,3	18568	18569
P161,2	18570	18570
P91,2	18571	18572
P123,2	18573	18574
P159,3	18575	18576
P92,1	18577	18578
P28,2	18579	18580
P122,2	18581	18582
P4,2	18583	18584
P164,1	18585	18585
P162,2	18586	18587
P125,1	18588	18589
P95,2	18590	18591
P124,2	18592	18593
P96,2	18594	18595
P126,2	18596	18597
P127,1	18598	18599
P29,2	18600	18601
P60,2	18602	18603
P58,2	18604	18605
P128,1	18606	18606
P130,1	18607	18608
P129,2	18609	18610
P75,2	18611	18612
P169,2	18613	18614
P171,1	18615	18616
P30,2	18617	18618
P44,2	18619	18620
P97,2	18621	18622
P131,2	18623	18624
P45,1	18625	18626
P43,2	18627	18628
P21,2	18629	18630
P98,1	18631	18632
P173,1	18633	18634
P46,3	18635	18636
P133,2	18637	18638
P132,1	18639	18640
P176,2	18641	18642
P23,2	18643	18644
P22,2	18645	18646
P76,2	18647	18648
P100,2	18649	18650
P61,2	18651	18652
P177,1	18653	18654
P63,2	18655	18656
P99,2	18657	18658
P134,2	18659	18660
P137,1	18661	18662
P103,3	18663	18664
P101,2	18665	18666
P135,2	18667	18668
P182,2	18669	18670
P180,1	18671	18672
P102,2	18673	18674
P184,1	18675	18676
P183,2	18677	18678
P181,2	18679	18680
P185,2	18681	18682
P24,3	18683	18684
P7,2	18685	18686
P78,2	18687	18688
P139,2	18689	18690
P138,2	18691	18692
P187,1	18693	18694
P16,2	18695	18696
P189,2	18697	18698
P48,2	18699	18700
P106,1	18701	18702
P80,2	18703	18704
P64,2	18705	18706
P141,3	18707	18708
P190,2	18709	18710
P31,2	18711	18712
P188,1	18713	18714
P49,2	18715	18716
P34,2	18717	18718
P35,2	18719	18720
P143,1	18721	18722
P108,2	18723	18724
P33,2	18725	18726
P107,2	18727	18728
P36,2	18729	18730
P192,2	18731	18732
P110,1	18733	18734
P109,2	18735	18736
P111,1	18737	18738
P144,2	18739	18740
P146,2	18741	18742
P81,1	18743	18744
P19,3	18745	18746
P193,1	18747	18748
P194,3	18749	18750
P83,2	18751	18752
P84,2	18753	18754
P195,2	18755	18756
P85,1	18757	18758
P17,2	18759	18760
P113,2	18761	18762
P50,2	18763	18764
P115,2	18765	18766
P148,1	18767	18768
P112,2	18769	18770
P65,2	18771	18772
P67,2	18773	18774
P66,2	18775	18776
P86,3	18777	18778
P149,2	18779	18780
P26,2	18781	18782
P116,3	18783	18784
P199,1	18785	18786
P54,2	18787	18788
P200,2	18789	18790
P53,3	18791	18792
P88,2	18793	18794
P25,1	18795	18796
P151,2	18797	18798
P152,1	18799	18800
P153,2	18801	18802
P154,1	18803	18804
P69,1	18805	18806
P13,2	18807	18808
P12,3	18809	18810
P70,2	18811	18811
P118,1	18812	18813
P119,2	18814	18815
P120,1	18816	18817
P156,1	18818	18819
P38,2	18820	18821
P40,2	18822	18823
P15,3	18824	18825
P55,2	18826	18827
P161,3	18828	18829
P41,2	18830	18831
P2,2	18832	18833
P157,1	18834	18835
P160,1	18836	18837
P158,3	18838	18839
P91,2	18840	18841
P123,2	18842	18843
P159,3	18844	18845
P92,1	18846	18847
P28,2	18848	18849
P122,2	18850	18851
P4,2	18852	18853
P162,2	18854	18855
P125,1	18856	18857
P95,2	18858	18859
P124,2	18860	18861
P96,2	18862	18863
P126,2	18864	18865
P127,1	18866	18867
P29,2	18868	18869
P60,2	18870	18871
P58,2	18872	18873
P129,2	18874	18875
P75,2	18876	18877
P169,2	18878	18879
P130,2	18880	18881
P171,1	18882	18883
P30,2	18884	18885
P44,2	18886	18887
P97,2	18888	18889
P131,2	18890	18890
P45,1	18891	18892
P43,2	18893	18894
P21,2	18895	18896
P98,1	18897	18898
P173,1	18899	18900
P46,3	18901	18902
P133,2	18903	18904
P132,1	18905	18905
P176,2	18906	18907
P23,2	18908	18909
P22,2	18910	18911
P76,2	18912	18913
P100,2	18914	18915
P61,2	18916	18917
P177,1	18918	18919
P63,2	18920	18921
P99,2	18922	18923
P134,2	18924	18925
P137,1	18926	18927
P103,3	18928	18929
P101,2	18930	18931
P135,2	18932	18932
P182,2	18933	18934
P180,1	18935	18936
P102,2	18937	18938
P184,1	18939	18940
P183,2	18941	18942
P181,2	18943	18944
P185,2	18945	18946
P24,3	18947	18948
P7,2	18949	18950
P78,2	18951	18952
P139,2	18953	18954
P138,2	18955	18956
P187,1	18957	18958
P16,2	18959	18960
P189,2	18961	18962
P48,2	18963	18964
P106,1	18965	18966
P80,2	18967	18968
P64,2	18969	18970
P141,3	18971	18972
P190,2	18973	18974
P31,2	18975	18976
P188,1	18977	18978
P49,2	18979	18980
P34,2	18981	18982
P35,2	18983	18984
P143,1	18985	18986
P108,2	18987	18988
P33,2	18989	18990
P107,2	18991	18992
P36,2	18993	18994
P192,2	18995	18996
P110,1	18997	18998
P109,2	18999	19000
P111,1	19001	19002
P144,2	19003	19004
P146,2	19005	19006
P81,1	19007	19008
P19,3	19009	19010
P193,1	19011	19012
P194,3	19013	19014
P83,2	19015	19016
P84,2	19017	19018
P195,2	19019	19020
P85,1	19021	19022
P17,2	19023	19024
P113,2	19025	19026
P50,2	19027	19028
P115,2	19029	19030
P148,1	19031	19032
P112,2	19033	19034
P65,2	19035	19036
P67,2	19037	19038
P66,2	19039	19040
P86,3	19041	19042
P149,2	19043	19044
P26,2	19045	19046
P116,3	19047	19048
P199,1	19049	19050
P54,2	19051	19052
P200,2	19053	19054
P53,3	19055	19056
P88,2	19057	19058
P25,1	19059	19060
P151,2	19061	19062
P152,1	19063	19064
P153,2	19065	19066
P154,1	19067	19068
P13,2	19069	19070
P12,3	19071	19072
P69,2	19073	19074
P119,2	19075	19076
P120,1	19077	19078
P118,2	19079	19080
P156,1	19081	19082
P38,2	19083	19084
P40,2	19085	19086
P15,3	19087	19088
P55,2	19089	19090
P161,3	19091	19092
P41,2	19093	19093
P2,2	19094	19095
P157,1	19096	19097
P160,1	19098	19099
P91,2	19100	19101
P123,2	19102	19103
P159,3	19104	19105
P92,1	19106	19107
P28,2	19108	19109
P122,2	19110	19111
P4,2	19112	19113
P162,2	19114	19115
P125,1	19116	19117
P95,2	19118	19119
P124,2	19120	19121
P96,2	19122	19123
P126,2	19124	19125
P127,1	19126	19126
P29,2	19127	19128
P60,2	19129	19130
P58,2	19131	19132
P129,2	19133	19134
P75,2	19135	19136
P169,3	19137	19138
P131,3	19139	19140
P130,2	19141	19142
P171,1	19143	19144
P30,2	19145	19146
P44,2	19147	19148
P97,2	19149	19150
P45,1	19151	19152
P43,2	19153	19154
P21,2	19155	19156
P98,1	19157	19158
P132,2	19159	19160
P173,1	19161	19162
P46,3	19163	19164
P133,2	19165	19166
P176,2	19167	19168
P23,2	19169	19170
P22,2	19171	19172
P76,2	19173	19174
P100,2	19175	19176
P61,2	19177	19178
P177,1	19179	19180
P63,2	19181	19182
P99,2	19183	19184
P134,2	19185	19186
P137,1	19187	19188
P103,3	19189	19190
P101,2	19191	19192
P182,2	19193	19194
P180,1	19195	19196
P102,2	19197	19198
P184,1	19199	19200
P183,2	19201	19202
P181,2	19203	19204
P185,2	19205	19206
P24,3	19207	19208
P7,2	19209	19210
P78,2	19211	19212
P139,2	19213	19214
P138,2	19215	19216
P16,2	19217	19218
P189,2	19219	19220
P48,2	19221	19222
P106,1	19223	19224
P80,2	19225	19226
P64,2	19227	19228
P141,3	19229	19230
P190,2	19231	19232
P31,2	19233	19234
P188,1	19235	19236
P49,2	19237	19238
P34,2	19239	19240
P35,2	19241	19242
P143,1	19243	19244
P108,2	19245	19246
P33,2	19247	19248
P107,2	19249	19250
P36,2	19251	19252
P192,2	19253	19254
P110,1	19255	19255
P109,2	19256	19257
P111,1	19258	19258
P144,2	19259	19260
P146,2	19261	19262
P81,1	19263	19263
P19,3	19264	19265
P193,1	19266	19267
P194,3	19268	19269
P84,2	19270	19271
P83,3	19272	19273
P195,2	19274	19275
P85,1	19276	19277
P17,2	19278	19279
P113,2	19280	19281
P50,2	19282	19283
P115,2	19284	19285
P148,1	19286	19287
P112,2	19288	19289
P65,2	19290	19291
P67,2	19292	19293
P66,2	19294	19295
P86,3	19296	19297
P149,2	19298	19299
P26,2	19300	19301
P116,3	19302	19303
P199,1	19304	19305
P54,2	19306	19307
P200,2	19308	19309
P53,3	19310	19311
P88,2	19312	19313
P25,1	19314	19315
P151,2	19316	19317
P152,1	19318	19319
P153,2	19320	19321
P154,1	19322	19323
P13,2	19324	19325
P12,3	19326	19327
P69,2	19328	19329
P119,2	19330	19331
P120,1	19332	19333
P41,3	19334	19335
P118,2	19336	19337
P156,1	19338	19339
P38,2	19340	19341
P40,2	19342	19343
P15,3	19344	19345
P55,2	19346	19347
P161,3	19348	19349
P2,2	19350	19351
P157,1	19352	19353
P160,1	19354	19355
P91,2	19356	19357
P123,2	19358	19359
P159,3	19360	19361
P92,1	19362	19363
P28,2	19364	19365
P122,2	19366	19367
P4,2	19368	19369
P162,2	19370	19371
P125,1	19372	19372
P95,2	19373	19374
P127,2	19375	19376
P124,2	19377	19378
P96,2	19379	19380
P126,2	19381	19382
P29,2	19383	19384
P60,2	19385	19386
P58,2	19387	19388
P129,2	19389	19390
P75,2	19391	19392
P169,3	19393	19394
P131,3	19395	19396
P130,2	19397	19398
P171,1	19399	19400
P30,2	19401	19402
P44,2	19403	19404
P97,2	19405	19406
P45,1	19407	19408
P43,2	19409	19410
P21,2	19411	19412
P98,1	19413	19414
P132,2	19415	19416
P173,1	19417	19418
P46,3	19419	19420
P133,2	19421	19422
P176,2	19423	19424
P23,2	19425	19425
P22,2	19426	19427
P76,2	19428	19429
P100,2	19430	19431
P61,2	19432	19433
P63,2	19434	19435
P99,2	19436	19437
P134,2	19438	19439
P177,2	19440	19441
P137,1	19442	19443
P103,3	19444	19445
P101,2	19446	19447
P182,2	19448	19449
P180,1	19450	19451
P102,2	19452	19453
P184,1	19454	19455
P183,2	19456	19457
P181,2	19458	19459
P185,2	19460	19461
P24,3	19462	19463
P7,2	19464	19465
P78,2	19466	19467
P139,2	19468	19469
P138,2	19470	19471
P16,2	19472	19473
P189,2	19474	19475
P48,2	19476	19477
P106,1	19478	19479
P80,2	19480	19481
P64,2	19482	19483
P141,3	19484	19485
P190,2	19486	19487
P31,2	19488	19489
P188,1	19490	19491
P49,2	19492	19493
P34,2	19494	19495
P35,2	19496	19497
P143,2	19498	19499
P108,2	19500	19501
P33,2	19502	19503
P107,2	19504	19505
P36,2	19506	19507
P192,2	19508	19509
P109,2	19510	19511
P111,2	19512	19513
P81,2	19514	19515
P144,2	19516	19517
P146,2	19518	19519
P19,3	19520	19521
P194,3	19522	19523
P84,2	19524	19525
P83,3	19526	19527
P195,2	19528	19529
P85,1	19530	19531
P17,2	19532	19533
P113,2	19534	19535
P50,2	19536	19537
P115,2	19538	19539
P148,1	19540	19541
P112,2	19542	19543
P65,2	19544	19545
P67,2	19546	19547
P66,2	19548	19549
P86,3	19550	19551
P149,2	19552	19553
P26,2	19554	19555
P116,3	19556	19557
P199,1	19558	19559
P54,2	19560	19561
P200,2	19562	19563
P53,3	19564	19565
P88,2	19566	19567
P25,1	19568	19569
P151,2	19570	19571
P152,1	19572	19573
P153,2	19574	19575
P154,1	19576	19577
P13,2	19578	19579
P12,3	19580	19581
P69,2	19582	19583
P119,2	19584	19585
P120,1	19586	19587
P41,3	19588	19589
P118,2	19590	19591
P156,2	19592	19593
P38,2	19594	19595
P40,2	19596	19596
P15,3	19597	19598
P55,2	19599	19600
P161,3	19601	19602
P2,2	19603	19604
P157,1	19605	19606
P160,1	19607	19608
P91,2	19609	19610
P123,2	19611	19612
P125,2	19613	19614
P159,3	19615	19616
P92,1	19617	19618
P28,2	19619	19620
P122,2	19621	19622
P4,2	19623	19624
P162,2	19625	19626
P95,2	19627	19628
P127,2	19629	19630
P124,2	19631	19632
P96,2	19633	19634
P126,2	19635	19636
P29,2	19637	19638
P60,2	19639	19640
P58,2	19641	19642
P129,2	19643	19644
P75,2	19645	19646
P169,3	19647	19648
P131,3	19649	19650
P130,2	19651	19652
P171,1	19653	19653
P30,2	19654	19655
P44,2	19656	19657
P97,2	19658	19659
P43,2	19660	19661
P21,2	19662	19663
P98,1	19664	19665
P132,2	19666	19667
P173,1	19668	19669
P46,3	19670	19671
P133,2	19672	19673
P176,2	19674	19675
P22,2	19676	19677
P76,2	19678	19679
P100,2	19680	19681
P61,2	19682	19683
P63,2	19684	19685
P99,2	19686	19687
P134,2	19688	19689
P177,2	19690	19691
P137,1	19692	19693
P103,3	19694	19695
P101,2	19696	19697
P182,2	19698	19699
P180,1	19700	19701
P102,2	19702	19703
P184,1	19704	19705
P183,2	19706	19707
P181,2	19708	19709
P185,2	19710	19711
P24,3	19712	19713
P7,2	19714	19715
P78,2	19716	19717
P139,2	19718	19719
P138,2	19720	19720
P16,2	19721	19722
P189,2	19723	19724
P48,2	19725	19726
P106,1	19727	19728
P80,2	19729	19730
P64,2	19731	19732
P141,3	19733	19734
P190,2	19735	19736
P31,2	19737	19738
P188,1	19739	19740
P49,2	19741	19742
P34,2	19743	19744
P35,2	19745	19746
P143,2	19747	19748
P108,2	19749	19750
P33,2	19751	19752
P107,2	19753	19754
P36,2	19755	19756
P192,2	19757	19758
P109,2	19759	19760
P111,2	19761	19762
P81,2	19763	19764
P144,2	19765	19766
P146,2	19767	19768
P19,3	19769	19770
P194,3	19771	19772
P84,2	19773	19774
P83,3	19775	19776
P195,2	19777	19778
P85,1	19779	19779
P17,2	19780	19781
P113,2	19782	19783
P50,2	19784	19785
P115,2	19786	19787
P148,1	19788	19789
P112,2	19790	19791
P65,2	19792	19793
P67,2	19794	19795
P66,2	19796	19797
P86,3	19798	19799
P149,2	19800	19801
P26,2	19802	19803
P116,3	19804	19805
P199,1	19806	19807
P54,2	19808	19809
P200,2	19810	19811
P53,3	19812	19813
P88,2	19814	19815
P151,2	19816	19817
P152,1	19818	19819
P153,2	19820	19821
P25,2	19822	19823
P154,1	19824	19825
P13,2	19826	19827
P69,2	19828	19829
P119,2	19830	19831
P120,1	19832	19833
P41,3	19834	19835
P118,2	19836	19837
P156,2	19838	19839
P38,2	19840	19841
P15,3	19842	19843
P40,3	19844	19845
P55,2	19846	19847
P161,3	19848	19849
P2,2	19850	19851
P157,1	19852	19853
P160,1	19854	19854
P91,2	19855	19856
P123,2	19857	19858
P125,2	19859	19860
P159,3	19861	19862
P92,1	19863	19864
P28,2	19865	19866
P122,2	19867	19868
P4,2	19869	19870
P162,2	19871	19872
P95,2	19873	19874
P127,2	19875	19876
P124,2	19877	19878
P96,2	19879	19880
P126,2	19881	19882
P29,2	19883	19884
P171,2	19885	19886
P60,2	19887	19888
P58,2	19889	19890
P129,2	19891	19892
P75,2	19893	19894
P169,3	19895	19896
P131,3	19897	19898
P130,2	19899	19900
P30,2	19901	19902
P44,2	19903	19904
P97,2	19905	19906
P43,2	19907	19908
P21,2	19909	19910
P98,1	19911	19912
P132,2	19913	19914
P173,1	19915	19916
P46,3	19917	19918
P133,2	19919	19920
P176,2	19921	19922
P22,2	19923	19924
P76,2	19925	19926
P100,2	19927	19928
P61,2	19929	19930
P63,2	19931	19932
P99,2	19933	19934
P134,2	19935	19936
P177,2	19937	19938
P137,2	19939	19940
P103,3	19941	19942
P101,2	19943	19944
P182,2	19945	19946
P180,1	19947	19948
P102,2	19949	19950
P184,1	19951	19952
P183,2	19953	19954
P181,2	19955	19956
P185,2	19957	19958
P24,3	19959	19960
P7,2	19961	19962
P78,2	19963	19964
P139,2	19965	19966
P16,2	19967	19968
P189,2	19969	19970
P48,2	19971	19972
P106,1	19973	19973
P80,2	19974	19975
P64,2	19976	19977
P141,3	19978	19979
P190,2	19980	19981
P31,2	19982	19983
P188,1	19984	19985
P49,2	19986	19987
P34,2	19988	19989
P35,2	19990	19991
P143,2	19992	19993
P108,2	19994	19995
P33,2	19996	19996
P107,2	19997	19998
P36,2	19999	20000
P192,2	20001	20002
P109,2	20003	20004
P111,2	20005	20006
P81,2	20007	20008
P144,2	20009	20010
P146,2	20011	20012
P19,3	20013	20014
P194,3	20015	20016
P84,2	20017	20018
P83,3	20019	20020
P195,2	20021	20022
P85,2	20023	20024
P17,2	20025	20026
P113,2	20027	20028
P50,2	20029	20030
P115,2	20031	20032
P148,1	20033	20034
P112,2	20035	20036
P65,2	20037	20038
P66,2	20039	20040
P86,3	20041	20042
P67,3	20043	20044
P149,2	20045	20046
P26,2	20047	20048
P116,3	20049	20050
P199,1	20051	20052
P54,2	20053	20054
P200,2	20055	20056
P53,3	20057	20058
P88,2	20059	20060
P151,2	20061	20062
P152,1	20063	20064
P153,2	20065	20066
P25,2	20067	20068
P154,1	20069	20070
P13,2	20071	20072
P69,2	20073	20074
P119,2	20075	20076
P120,1	20077	20078
P41,3	20079	20080
P118,2	20081	20082
P156,2	20083	20084
P38,2	20085	20086
P15,3	20087	20088
P40,3	20089	20090
P55,2	20091	20092
P161,3	20093	20094
P2,2	20095	20096
P157,1	20097	20098
P91,2	20099	20100
P123,2	20101	20102
P125,2	20103	20104
P159,3	20105	20106
P92,1	20107	20108
P28,2	20109	20110
P122,2	20111	20112
P4,2	20113	20114
P162,2	20115	20116
P95,2	20117	20118
P127,2	20119	20120
P124,2	20121	20122
P96,2	20123	20124
P126,2	20125	20126
P29,2	20127	20127
P171,2	20128	20129
P60,2	20130	20131
P58,2	20132	20133
P129,2	20134	20135
P75,2	20136	20137
P169,3	20138	20139
P131,3	20140	20141
P130,2	20142	20143
P30,2	20144	20145
P44,2	20146	20147
P97,2	20148	20149
P43,2	20150	20151
P21,2	20152	20153
P98,1	20154	20155
P132,2	20156	20157
P173,1	20158	20159
P46,3	20160	20161
P133,2	20162	20163
P176,2	20164	20165
P22,2	20166	20167
P76,2	20168	20169
P100,2	20170	20171
P61,2	20172	20173
P63,2	20174	20174
P99,2	20175	20176
P134,2	20177	20178
P177,2	20179	20180
P137,2	20181	20182
P103,3	20183	20184
P101,2	20185	20186
P182,2	20187	20188
P180,1	20189	20190
P102,2	20191	20192
P184,1	20193	20194
P183,2	20195	20196
P181,2	20197	20198
P185,2	20199	20200
P24,3	20201	20202
P7,2	20203	20204
P78,2	20205	20206
P139,2	20207	20208
P16,2	20209	20210
P189,2	20211	20212
P48,2	20213	20214
P80,2	20215	20216
P64,2	20217	20218
P141,3	20219	20220
P106,2	20221	20222
P190,2	20223	20224
P31,2	20225	20226
P188,1	20227	20228
P49,2	20229	20230
P34,2	20231	20232
P35,2	20233	20234
P143,2	20235	20236
P108,2	20237	20238
P107,2	20239	20240
P33,3	20241	20242
P36,2	20243	20244
P192,2	20245	20246
P109,2	20247	20248
P111,2	20249	20250
P81,2	20251	20252
P146,2	20253	20254
P144,3	20255	20256
P19,3	20257	20258
P194,3	20259	20260
P84,2	20261	20262
P83,3	20263	20264
P195,2	20265	20266
P85,2	20267	20268
P17,2	20269	20270
P113,2	20271	20272
P50,2	20273	20274
P115,2	20275	20276
P148,1	20277	20278
P112,2	20279	20280
P65,2	20281	20282
P66,2	20283	20284
P86,3	20285	20286
P67,3	20287	20288
P149,2	20289	20290
P26,2	20291	20292
P116,3	20293	20294
P199,1	20295	20296
P54,2	20297	20298
P200,2	20299	20300
P53,3	20301	20302
P88,2	20303	20304
P151,2	20305	20306
P152,1	20307	20308
P153,2	20309	20310
P25,2	20311	20312
P13,2	20313	20314
P154,2	20315	20316
P69,2	20317	20318
P119,2	20319	20319
P120,1	20320	20321
P41,3	20322	20323
P118,2	20324	20325
P156,2	20326	20327
P38,2	20328	20329
P15,3	20330	20331
P40,3	20332	20333
P55,2	20334	20335
P161,3	20336	20337
P2,2	20338	20339
P157,1	20340	20341
P91,2	20342	20343
P123,2	20344	20345
P125,2	20346	20347
P159,3	20348	20349
P92,1	20350	20351
P28,2	20352	20353
P122,2	20354	20355
P4,2	20356	20357
P162,2	20358	20359
P95,2	20360	20361
P29,3	20362	20363
P127,2	20364	20365
P124,2	20366	20367
P96,2	20368	20369
P126,2	20370	20371
P171,2	20372	20373
P60,2	20374	20375
P58,2	20376	20377
P129,2	20378	20379
P75,2	20380	20381
P169,3	20382	20383
P131,3	20384	20385
P130,2	20386	20387
P30,2	20388	20389
P44,2	20390	20391
P97,2	20392	20393
P43,2	20394	20395
P21,2	20396	20397
P98,1	20398	20399
P132,2	20400	20401
P173,1	20402	20403
P46,3	20404	20405
P133,2	20406	20407
P176,2	20408	20409
P22,2	20410	20411
P76,2	20412	20413
P100,2	20414	20415
P61,2	20416	20417
P99,2	20418	20419
P134,2	20420	20421
P177,2	20422	20423
P137,2	20424	20425
P103,3	20426	20427
P101,2	20428	20429
P182,2	20430	20431
P180,1	20432	20433
P102,2	20434	20435
P184,1	20436	20437
P183,2	20438	20438
P181,2	20439	20440
P185,2	20441	20442
P24,3	20443	20444
P7,2	20445	20446
P78,2	20447	20448
P139,2	20449	20450
P16,2	20451	20452
P189,2	20453	20454
P48,2	20455	20456
P80,2	20457	20458
P64,2	20459	20460
P141,3	20461	20462
P106,2	20463	20464
P190,2	20465	20466
P31,2	20467	20468
P49,2	20469	20470
P34,2	20471	20472
P188,2	20473	20474
P35,2	20475	20476
P143,2	20477	20478
P108,2	20479	20480
P107,2	20481	20482
P33,3	20483	20484
P36,2	20485	20486
P192,2	20487	20488
P109,2	20489	20490
P111,2	20491	20492
P81,2	20493	20494
P146,2	20495	20496
P144,3	20497	20498
P19,3	20499	20500
P194,3	20501	20502
P84,2	20503	20504
P83,3	20505	20506
P195,2	20507	20508
P85,2	20509	20510
P17,2	20511	20512
P113,2	20513	20514
P50,2	20515	20516
P115,2	20517	20518
P148,1	20519	20520
P112,2	20521	20522
P65,2	20523	20524
P66,2	20525	20526
P86,3	20527	20528
P67,3	20529	20530
P149,2	20531	20532
P26,2	20533	20534
P116,3	20535	20536
P199,1	20537	20538
P54,2	20539	20540
P200,2	20541	20542
P53,3	20543	20544
P88,2	20545	20546
P151,2	20547	20548
P152,1	20549	20550
P153,2	20551	20552
P25,2	20553	20554
P13,2	20555	20556
P154,2	20557	20558
P69,2	20559	20560
P120,1	20561	20562
P41,3	20563	20564
P118,2	20565	20566
P156,2	20567	20568
P38,2	20569	20570
P15,3	20571	20572
P40,3	20573	20574
P55,2	20575	20576
P161,3	20577	20578
P2,2	20579	20580
P157,1	20581	20581
P91,2	20582	20583
P123,2	20584	20585
P125,2	20586	20587
P159,3	20588	20589
P28,2	20590	20591
P122,2	20592	20593
P4,2	20594	20595
P92,2	20596	20597
P162,2	20598	20599
P95,2	20600	20601
P29,3	20602	20603
P127,2	20604	20605
P124,2	20606	20607
P96,2	20608	20609
P126,2	20610	20611
P171,2	20612	20613
P60,2	20614	20615
P58,2	20616	20617
P129,2	20618	20619
P75,2	20620	20621
P169,3	20622	20623
P131,3	20624	20625
P130,2	20626	20627
P30,2	20628	20629
P44,2	20630	20631
P97,2	20632	20633
P43,2	20634	20635
P21,2	20636	20637
P98,1	20638	20639
P132,2	20640	20641
P173,1	20642	20643
P46,3	20644	20645
P133,2	20646	20647
P176,2	20648	20649
P22,2	20650	20651
P76,2	20652	20653
P100,2	20654	20655
P61,2	20656	20657
P99,2	20658	20659
P134,2	20660	20661
P177,2	20662	20663
P137,2	20664	20665
P103,3	20666	20667
P101,2	20668	20669
P182,2	20670	20671
P180,1	20672	20673
P102,2	20674	20675
P184,1	20676	20677
P181,2	20678	20679
P185,2	20680	20681
P24,3	20682	20683
P7,2	20684	20685
P78,2	20686	20687
P139,2	20688	20689
P16,2	20690	20691
P189,2	20692	20693
P48,2	20694	20695
P80,2	20696	20697
P64,2	20698	20699
P141,3	20700	20701
P106,2	20702	20703
P190,2	20704	20705
P31,2	20706	20707
P49,2	20708	20709
P34,2	20710	20711
P188,2	20712	20713
P35,2	20714	20715
P143,2	20716	20717
P108,2	20718	20719
P107,2	20720	20721
P33,3	20722	20723
P36,2	20724	20725
P192,2	20726	20727
P109,2	20728	20729
P111,2	20730	20731
P81,2	20732	20733
P146,2	20734	20735
P144,3	20736	20737
P19,3	20738	20739
P194,3	20740	20741
P84,2	20742	20743
P83,3	20744	20745
P195,2	20746	20747
P85,2	20748	20749
P17,2	20750	20751
P113,2	20752	20753
P50,2	20754	20755
P115,2	20756	20757
P148,1	20758	20759
P112,2	20760	20761
P65,2	20762	20763
P66,2	20764	20765
P86,3	20766	20767
P67,3	20768	20769
P149,2	20770	20771
P26,2	20772	20773
P116,3	20774	20775
P54,2	20776	20777
P200,2	20778	20779
P53,3	20780	20781
P88,2	20782	20783
P151,2	20784	20785
P152,1	20786	20787
P153,2	20788	20789
P25,2	20790	20791
P13,2	20792	20793
P154,2	20794	20795
P69,2	20796	20797
P41,3	20798	20799
P120,2	20800	20801
P118,2	20802	20803
P156,2	20804	20805
P38,2	20806	20807
P15,3	20808	20809
P40,3	20810	20811
P55,2	20812	20813
P161,3	20814	20815
P2,2	20816	20817
P91,2	20818	20819
P123,2	20820	20821
P125,2	20822	20823
P159,3	20824	20825
P28,2	20826	20827
P122,2	20828	20829
P4,2	20830	20831
P92,2	20832	20833
P162,2	20834	20835
P95,2	20836	20837
P29,3	20838	20839
P127,2	20840	20841
P124,2	20842	20843
P96,2	20844	20845
P126,2	20846	20847
P171,2	20848	20849
P60,2	20850	20851
P58,2	20852	20853
P129,2	20854	20855
P75,2	20856	20857
P169,3	20858	20859
P131,3	20860	20861
P130,2	20862	20863
P30,2	20864	20865
P44,2	20866	20867
P97,2	20868	20869
P43,2	20870	20871
P21,2	20872	20873
P98,2	20874	20875
P132,2	20876	20877
P173,1	20878	20878
P46,3	20879	20880
P133,2	20881	20882
P176,2	20883	20884
P22,2	20885	20886
P76,2	20887	20888
P100,2	20889	20890
P61,2	20891	20892
P99,2	20893	20894
P134,2	20895	20896
P177,2	20897	20898
P137,2	20899	20900
P103,3	20901	20902
P182,2	20903	20904
P102,2	20905	20906
P184,1	20907	20908
P181,2	20909	20910
P185,2	20911	20912
P24,3	20913	20914
P7,2	20915	20916
P78,2	20917	20918
P139,2	20919	20920
P16,2	20921	20922
P189,2	20923	20924
P48,2	20925	20926
P80,2	20927	20928
P64,2	20929	20930
P141,3	20931	20932
P106,2	20933	20934
P190,2	20935	20936
P31,2	20937	20938
P49,2	20939	20940
P34,2	20941	20942
P188,2	20943	20944
P35,2	20945	20946
P143,2	20947	20948
P108,2	20949	20950
P107,2	20951	20952
P33,3	20953	20954
P36,2	20955	20956
P192,2	20957	20958
P109,2	20959	20960
P111,2	20961	20962
P81,2	20963	20964
P146,2	20965	20966
P144,3	20967	20968
P19,3	20969	20970
P194,3	20971	20972
P84,2	20973	20974
P83,3	20975	20976
P195,2	20977	20977
P85,2	20978	20979
P17,2	20980	20981
P113,2	20982	20983
P50,2	20984	20985
P115,2	20986	20987
P148,1	20988	20988
P112,2	20989	20990
P65,2	20991	20992
P66,2	20993	20994
P86,3	20995	20996
P67,3	20997	20998
P149,2	20999	21000
P26,2	21001	21002
P116,3	21003	21004
P54,2	21005	21006
P200,2	21007	21008
P53,3	21009	21010
P88,2	21011	21012
P151,2	21013	21014
P153,2	21015	21016
P25,2	21017	21018
P152,2	21019	21020
P13,2	21021	21022
P154,2	21023	21024
P69,2	21025	21026
P41,3	21027	21028
P120,2	21029	21030
P118,2	21031	21032
P156,2	21033	21034
P38,2	21035	21036
P15,3	21037	21038
P40,3	21039	21040
P55,2	21041	21042
P161,3	21043	21044
P2,2	21045	21046
P91,2	21047	21048
P123,2	21049	21050
P125,2	21051	21052
P159,3	21053	21054
P28,2	21055	21056
P122,2	21057	21058
P4,2	21059	21060
P92,2	21061	21062
P162,2	21063	21064
P95,2	21065	21066
P29,3	21067	21068
P127,2	21069	21070
P124,2	21071	21072
P96,2	21073	21074
P126,2	21075	21076
P171,2	21077	21078
P60,2	21079	21080
P58,2	21081	21082
P129,2	21083	21084
P75,2	21085	21086
P169,3	21087	21088
P131,3	21089	21090
P130,2	21091	21092
P30,2	21093	21094
P44,2	21095	21096
P97,2	21097	21098
P43,2	21099	21100
P21,2	21101	21102
P98,2	21103	21104
P132,2	21105	21106
P173,2	21107	21108
P46,3	21109	21110
P133,2	21111	21112
P176,2	21113	21114
P22,2	21115	21116
P76,2	21117	21118
P100,2	21119	21120
P61,2	21121	21122
P99,2	21123	21124
P134,2	21125	21126
P177,2	21127	21128
P137,2	21129	21130
P103,3	21131	21132
P182,2	21133	21134
P102,2	21135	21136
P184,1	21137	21137
P181,2	21138	21139
P185,2	21140	21141
P24,3	21142	21143
P7,2	21144	21145
P78,2	21146	21147
P139,2	21148	21149
P16,2	21150	21151
P189,2	21152	21152
P48,2	21153	21154
P80,2	21155	21156
P64,2	21157	21158
P141,3	21159	21160
P106,2	21161	21162
P190,2	21163	21163
P31,2	21164	21165
P49,2	21166	21167
P34,2	21168	21169
P188,2	21170	21171
P35,2	21172	21173
P143,2	21174	21175
P108,2	21176	21177
P107,2	21178	21179
P33,3	21180	21181
P36,2	21182	21183
P192,2	21184	21185
P109,2	21186	21187
P111,2	21188	21189
P81,2	21190	21191
P146,2	21192	21193
P144,3	21194	21195
P19,3	21196	21197
P194,3	21198	21199
P84,2	21200	21201
P83,3	21202	21203
P85,2	21204	21205
P195,3	21206	21207
P17,2	21208	21209
P113,2	21210	21211
P50,2	21212	21213
P115,2	21214	21215
P112,2	21216	21217
P65,2	21218	21219
P66,2	21220	21221
P86,3	21222	21223
P67,3	21224	21225
P149,2	21226	21227
P26,2	21228	21229
P116,3	21230	21231
P54,2	21232	21233
P200,2	21234	21235
P53,3	21236	21237
P88,2	21238	21239
P151,2	21240	21241
P153,2	21242	21243
P25,2	21244	21245
P152,2	21246	21247
P13,2	21248	21249
P154,2	21250	21251
P69,2	21252	21253
P41,3	21254	21255
P120,2	21256	21257
P118,2	21258	21259
P156,2	21260	21261
P38,2	21262	21263
P15,3	21264	21265
P40,3	21266	21267
P55,2	21268	21269
P161,3	21270	21271
P2,2	21272	21273
P91,2	21274	21275
P123,2	21276	21277
P125,2	21278	21279
P159,3	21280	21281
P122,2	21282	21283
P28,3	21284	21285
P4,2	21286	21287
P92,2	21288	21289
P162,2	21290	21291
P95,2	21292	21293
P29,3	21294	21295
P127,2	21296	21297
P124,2	21298	21298
P96,2	21299	21300
P126,2	21301	21302
P171,2	21303	21304
P60,2	21305	21306
P58,2	21307	21308
P129,2	21309	21310
P75,2	21311	21312
P169,3	21313	21314
P131,3	21315	21316
P130,2	21317	21318
P30,2	21319	21320
P44,2	21321	21322
P97,2	21323	21324
P43,2	21325	21326
P21,2	21327	21328
P98,2	21329	21330
P132,2	21331	21332
P173,2	21333	21334
P46,3	21335	21336
P133,2	21337	21338
P176,2	21339	21340
P22,2	21341	21342
P76,2	21343	21344
P100,2	21345	21346
P61,2	21347	21348
P99,2	21349	21350
P134,2	21351	21352
P177,2	21353	21354
P137,2	21355	21356
P103,3	21357	21358
P182,2	21359	21360
P102,2	21361	21362
P181,2	21363	21364
P184,2	21365	21366
P189,3	21367	21368
P185,2	21369	21370
P24,3	21371	21372
P7,2	21373	21374
P78,2	21375	21376
P139,2	21377	21378
P16,2	21379	21380
P48,2	21381	21382
P80,2	21383	21384
P64,2	21385	21386
P141,3	21387	21388
P106,2	21389	21390
P31,2	21391	21392
P49,2	21393	21394
P34,2	21395	21396
P188,2	21397	21398
P35,2	21399	21400
P143,2	21401	21402
P108,2	21403	21404
P107,2	21405	21406
P33,3	21407	21408
P36,2	21409	21410
P192,2	21411	21412
P109,2	21413	21414
P111,2	21415	21416
P81,2	21417	21418
P146,2	21419	21420
P144,3	21421	21422
P19,3	21423	21424
P194,3	21425	21426
P84,2	21427	21428
P83,3	21429	21430
P85,2	21431	21432
P195,3	21433	21434
P17,2	21435	21436
P113,2	21437	21438
P50,2	21439	21440
P115,2	21441	21442
P112,2	21443	21444
P65,2	21445	21446
P66,2	21447	21448
P86,3	21449	21450
P67,3	21451	21452
P149,2	21453	21454
P26,2	21455	21456
P116,3	21457	21458
P54,2	21459	21460
P200,2	21461	21462
P53,3	21463	21464
P88,2	21465	21466
P151,2	21467	21468
P153,2	21469	21470
P25,2	21471	21472
P152,2	21473	21474
P13,2	21475	21476
P154,2	21477	21478
P69,2	21479	21480
P41,3	21481	21482
P120,2	21483	21484
P118,2	21485	21486
P156,2	21487	21488
P38,2	21489	21490
P15,3	21491	21492
P40,3	21493	21494
P55,2	21495	21496
P161,3	21497	21498
P2,2	21499	21500
P91,2	21501	21502
P123,2	21503	21504
P125,2	21505	21506
P159,3	21507	21508
P122,2	21509	21510
P28,3	21511	21512
P4,2	21513	21514
P92,2	21515	21516
P162,2	21517	21518
P95,2	21519	21520
P29,3	21521	21522
P127,2	21523	21524
P96,2	21525	21526
P126,2	21527	21528
P171,2	21529	21530
P60,2	21531	21532
P58,2	21533	21534
P129,2	21535	21536
P75,2	21537	21538
P169,3	21539	21540
P131,3	21541	21542
P130,2	21543	21544
P30,2	21545	21546
P44,2	21547	21548
P97,2	21549	21550
P43,2	21551	21552
P21,2	21553	21554
P98,2	21555	21556
P132,2	21557	21558
P173,2	21559	21560
P46,3	21561	21562
P133,2	21563	21564
P176,2	21565	21566
P22,2	21567	21568
P76,2	21569	21570
P100,2	21571	21572
P61,2	21573	21574
P99,2	21575	21576
P134,2	21577	21578
P177,2	21579	21580
P137,2	21581	21582
P103,3	21583	21584
P182,2	21585	21586
P102,2	21587	21588
P181,2	21589	21590
P184,2	21591	21592
P189,3	21593	21594
P185,2	21595	21596
P24,3	21597	21598
P7,2	21599	21600
P78,2	21601	21602
P139,2	21603	21604
P16,2	21605	21606
P48,2	21607	21608
P80,2	21609	21610
P64,2	21611	21612
P141,3	21613	21614
P106,2	21615	21616
P31,2	21617	21618
P34,2	21619	21620
P188,2	21621	21622
P49,3	21623	21624
P35,2	21625	21626
P143,2	21627	21628
P108,2	21629	21630
P107,2	21631	21632
P33,3	21633	21634
P36,2	21635	21636
P192,2	21637	21638
P109,2	21639	21640
P111,2	21641	21642
P81,2	21643	21644
P146,2	21645	21646
P144,3	21647	21648
P19,3	21649	21650
P194,3	21651	21652
P84,2	21653	21653
P83,3	21654	21655
P85,2	21656	21657
P195,3	21658	21659
P17,2	21660	21661
P113,2	21662	21663
P50,2	21664	21665
P115,2	21666	21667
P112,2	21668	21669
P65,2	21670	21671
P66,2	21672	21673
P86,3	21674	21674
P67,3	21675	21676
P149,2	21677	21678
P26,2	21679	21680
P116,3	21681	21682
P54,2	21683	21684
P200,2	21685	21686
P53,3	21687	21688
P88,2	21689	21690
P151,2	21691	21692
P153,2	21693	21694
P25,2	21695	21696
P152,2	21697	21698
P13,2	21699	21700
P154,2	21701	21702
P69,2	21703	21704
P41,3	21705	21706
P120,2	21707	21708
P118,2	21709	21710
P156,2	21711	21712
P38,2	21713	21714
P15,3	21715	21716
P40,3	21717	21718
P55,2	21719	21720
P161,3	21721	21722
P2,2	21723	21724
P91,2	21725	21726
P123,2	21727	21728
P125,2	21729	21730
P159,3	21731	21732
P122,2	21733	21734
P28,3	21735	21736
P4,2	21737	21738
P92,2	21739	21740
P162,2	21741	21742
P95,2	21743	21744
P29,3	21745	21746
P127,2	21747	21748
P96,2	21749	21750
P126,2	21751	21752
P171,2	21753	21754
P60,2	21755	21756
P58,2	21757	21758
P129,2	21759	21760
P75,2	21761	21762
P169,3	21763	21764
P131,3	21765	21766
P130,2	21767	21768
P30,2	21769	21770
P44,2	21771	21772
P97,2	21773	21774
P43,2	21775	21776
P21,2	21777	21778
P98,2	21779	21780
P132,2	21781	21782
P173,2	21783	21784
P46,3	21785	21786
P133,2	21787	21788
P176,2	21789	21790
P22,2	21791	21792
P76,2	21793	21794
P100,2	21795	21796
P61,2	21797	21798
P99,2	21799	21800
P134,2	21801	21802
P177,2	21803	21804
P137,2	21805	21806
P102,2	21807	21808
P181,2	21809	21810
P184,2	21811	21812
P189,3	21813	21814
P185,2	21815	21816
P24,3	21817	21818
P7,2	21819	21820
P78,2	21821	21822
P139,2	21823	21824
P16,2	21825	21826
P48,2	21827	21828
P80,2	21829	21830
P64,2	21831	21832
P141,3	21833	21834
P106,2	21835	21836
P31,2	21837	21838
P34,2	21839	21840
P188,2	21841	21842
P49,3	21843	21844
P35,2	21845	21846
P143,2	21847	21848
P108,2	21849	21850
P107,2	21851	21852
P33,3	21853	21854
P36,2	21855	21856
P192,2	21857	21858
P109,2	21859	21860
P111,2	21861	21862
P81,2	21863	21864
P146,2	21865	21866
P144,3	21867	21868
P19,3	21869	21870
P194,3	21871	21872
P83,3	21873	21874
P85,2	21875	21876
P195,3	21877	21878
P17,2	21879	21880
P113,2	21881	21882
P50,2	21883	21884
P115,2	21885	21886
P112,2	21887	21888
P65,2	21889	21890
P66,2	21891	21892
P67,3	21893	21894
P149,2	21895	21896
P26,2	21897	21898
P116,3	21899	21900
P54,2	21901	21902
P200,2	21903	21904
P53,3	21905	21906
P88,2	21907	21908
P151,2	21909	21910
P153,2	21911	21912
P25,2	21913	21914
P152,2	21915	21916
P13,2	21917	21918
P154,2	21919	21920
P69,2	21921	21922
P41,3	21923	21924
P120,2	21925	21926
P118,2	21927	21928
P156,2	21929	21930
P38,2	21931	21932
P15,3	21933	21934
P40,3	21935	21936
P55,2	21937	21938
P161,3	21939	21940
P2,2	21941	21942
P91,2	21943	21944
P123,2	21945	21946
P125,2	21947	21948
P159,3	21949	21950
P122,2	21951	21952
P28,3	21953	21954
P4,2	21955	21956
P92,2	21957	21958
P162,2	21959	21960
P95,2	21961	21962
P29,3	21963	21964
P127,2	21965	21966
P96,2	21967	21968
P126,2	21969	21970
P171,2	21971	21972
P60,2	21973	21974
P58,2	21975	21976
P75,2	21977	21978
P169,3	21979	21980
P131,3	21981	21982
P130,2	21983	21984
P30,2	21985	21986
P44,2	21987	21988
P97,2	21989	21990
P43,2	21991	21992
P21,2	21993	21994
P98,2	21995	21996
P132,2	21997	21998
P173,2	21999	22000
P46,3	22001	22002
P133,2	22003	22004
P176,2	22005	22006
P76,2	22007	22008
P100,2	22009	22010
P61,2	22011	22012
P99,2	22013	22014
P134,2	22015	22016
P177,2	22017	22018
P137,2	22019	22020
P102,2	22021	22022
P181,2	22023	22024
P184,2	22025	22026
P189,3	22027	22028
P185,2	22029	22030
P24,3	22031	22032
P7,2	22033	22034
P78,2	22035	22036
P139,2	22037	22038
P16,2	22039	22040
P48,2	22041	22042
P80,2	22043	22044
P64,2	22045	22046
P141,3	22047	22048
P106,2	22049	22050
P31,2	22051	22052
P34,2	22053	22054
P188,2	22055	22056
P49,3	22057	22058
P35,2	22059	22060
P143,2	22061	22062
P108,2	22063	22064
P107,2	22065	22066
P33,3	22067	22068
P36,2	22069	22070
P192,2	22071	22072
P109,2	22073	22074
P111,2	22075	22076
P81,2	22077	22078
P146,2	22079	22080
P144,3	22081	22082
P19,3	22083	22084
P194,3	22085	22086
P83,3	22087	22088
P85,2	22089	22090
P195,3	22091	22092
P17,2	22093	22094
P113,2	22095	22096
P50,2	22097	22098
P115,2	22099	22100
P112,2	22101	22102
P65,2	22103	22104
P66,2	22105	22106
P67,3	22107	22108
P149,2	22109	22110
P26,2	22111	22112
P116,3	22113	22114
P54,2	22115	22116
P200,2	22117	22118
P53,3	22119	22120
P88,2	22121	22122
P151,2	22123	22124
P153,2	22125	22126
P25,2	22127	22128
P152,2	22129	22130
P13,2	22131	22132
P154,2	22133	22134
P69,2	22135	22136
P41,3	22137	22138
P120,2	22139	22140
P118,2	22141	22142
P156,2	22143	22144
P38,2	22145	22146
P15,3	22147	22148
P40,3	22149	22150
P55,2	22151	22152
P161,3	22153	22154
P2,2	22155	22156
P91,2	22157	22157
P123,2	22158	22159
P125,2	22160	22161
P159,3	22162	22163
P122,2	22164	22165
P28,3	22166	22167
P4,2	22168	22169
P92,2	22170	22171
P162,2	22172	22173
P95,2	22174	22175
P29,3	22176	22177
P127,2	22178	22179
P96,2	22180	22181
P126,2	22182	22183
P171,2	22184	22185
P60,2	22186	22187
P58,2	22188	22189
P75,2	22190	22191
P169,3	22192	22193
P131,3	22194	22195
P130,2	22196	22197
P30,2	22198	22199
P44,2	22200	22201
P97,2	22202	22203
P43,2	22204	22205
P21,2	22206	22207
P98,2	22208	22209
P132,2	22210	22211
P173,2	22212	22213
P46,3	22214	22215
P133,2	22216	22217
P176,2	22218	22219
P76,2	22220	22221
P100,2	22222	22223
P61,2	22224	22225
P99,2	22226	22227
P134,2	22228	22229
P177,2	22230	22231
P137,2	22232	22233
P102,2	22234	22235
P181,2	22236	22237
P184,2	22238	22239
P189,3	22240	22241
P185,2	22242	22243
P24,3	22244	22245
P7,2	22246	22247
P78,2	22248	22249
P139,2	22250	22250
P16,2	22251	22252
P48,2	22253	22254
P80,2	22255	22256
P64,2	22257	22258
P141,3	22259	22260
P106,2	22261	22262
P31,2	22263	22264
P34,2	22265	22266
P188,2	22267	22268
P49,3	22269	22270
P35,2	22271	22272
P143,2	22273	22274
P108,2	22275	22276
P107,2	22277	22278
P33,3	22279	22280
P36,2	22281	22282
P192,2	22283	22284
P109,2	22285	22286
P111,2	22287	22288
P81,2	22289	22290
P146,2	22291	22292
P144,3	22293	22294
P19,3	22295	22296
P194,3	22297	22298
P83,3	22299	22300
P85,2	22301	22302
P195,3	22303	22304
P17,2	22305	22306
P113,2	22307	22308
P50,2	22309	22310
P115,2	22311	22312
P112,2	22313	22314
P65,2	22315	22316
P66,2	22317	22318
P67,3	22319	22320
P149,2	22321	22322
P26,2	22323	22324
P116,3	22325	22326
P54,2	22327	22328
P200,2	22329	22330
P53,3	22331	22332
P88,2	22333	22334
P151,2	22335	22336
P153,2	22337	22338
P25,2	22339	22340
P152,2	22341	22342
P13,2	22343	22344
P154,2	22345	22346
P69,2	22347	22348
P41,3	22349	22350
P91,3	22351	22352
P120,2	22353	22354
P118,2	22355	22356
P156,2	22357	22358
P38,2	22359	22360
P15,3	22361	22362
P40,3	22363	22364
P55,2	22365	22366
P161,3	22367	22368
P2,2	22369	22370
P123,2	22371	22371
P125,2	22372	22373
P159,3	22374	22375
P122,2	22376	22377
P28,3	22378	22379
P4,2	22380	22381
P92,2	22382	22383
P162,2	22384	22385
P95,2	22386	22387
P29,3	22388	22389
P127,2	22390	22391
P96,2	22392	22393
P126,2	22394	22395
P171,2	22396	22397
P60,2	22398	22399
P58,2	22400	22401
P75,2	22402	22403
P169,3	22404	22405
P131,3	22406	22407
P130,2	22408	22409
P30,2	22410	22411
P44,2	22412	22413
P97,2	22414	22415
P43,2	22416	22417
P21,2	22418	22419
P98,2	22420	22421
P132,2	22422	22423
P173,2	22424	22425
P46,3	22426	22427
P133,2	22428	22429
P176,2	22430	22431
P76,2	22432	22433
P100,2	22434	22435
P61,2	22436	22437
P99,2	22438	22439
P134,2	22440	22441
P177,2	22442	22443
P137,2	22444	22445
P102,2	22446	22447
P181,2	22448	22449
P184,2	22450	22451
P139,3	22452	22453
P189,3	22454	22455
P185,2	22456	22457
P24,3	22458	22459
P7,2	22460	22460
P78,2	22461	22462
P16,2	22463	22464
P48,2	22465	22466
P80,2	22467	22468
P64,2	22469	22470
P141,3	22471	22472
P106,2	22473	22474
P31,2	22475	22476
P34,2	22477	22478
P188,2	22479	22480
P49,3	22481	22482
P35,2	22483	22484
P143,2	22485	22486
P108,2	22487	22488
P107,2	22489	22490
P33,3	22491	22492
P36,2	22493	22494
P192,2	22495	22496
P109,2	22497	22498
P111,2	22499	22500
P81,2	22501	22502
P146,2	22503	22504
P144,3	22505	22506
P19,3	22507	22508
P194,3	22509	22510
P83,3	22511	22512
P85,2	22513	22514
P195,3	22515	22516
P17,2	22517	22518
P113,2	22519	22520
P50,2	22521	22522
P115,2	22523	22524
P112,2	22525	22526
P65,2	22527	22528
P66,2	22529	22530
P67,3	22531	22532
P149,2	22533	22534
P26,2	22535	22536
P116,3	22537	22538
P200,2	22539	22540
P53,3	22541	22542
P88,2	22543	22544
P151,2	22545	22546
P153,2	22547	22548
P25,2	22549	22550
P152,2	22551	22552
P13,2	22553	22554
P154,2	22555	22556
P69,2	22557	22558
P41,3	22559	22560
P91,3	22561	22562
P120,2	22563	22564
P118,2	22565	22566
P156,2	22567	22568
P123,3	22569	22570
P38,2	22571	22572
P15,3	22573	22574
P40,3	22575	22576
P55,2	22577	22578
P161,3	22579	22580
P2,2	22581	22582
P125,2	22583	22584
P159,3	22585	22586
P122,2	22587	22588
P28,3	22589	22590
P4,2	22591	22592
P92,2	22593	22594
P162,2	22595	22596
P95,2	22597	22598
P29,3	22599	22600
P127,2	22601	22602
P96,2	22603	22604
P126,2	22605	22606
P171,2	22607	22608
P60,2	22609	22610
P75,2	22611	22612
P58,3	22613	22614
P169,3	22615	22616
P131,3	22617	22618
P130,2	22619	22620
P30,2	22621	22622
P44,2	22623	22624
P97,2	22625	22626
P43,2	22627	22628
P21,2	22629	22629
P98,2	22630	22631
P132,2	22632	22633
P173,2	22634	22635
P46,3	22636	22637
P133,2	22638	22639
P176,2	22640	22641
P76,2	22642	22643
P100,2	22644	22645
P61,2	22646	22647
P99,2	22648	22649
P134,2	22650	22651
P177,2	22652	22653
P137,2	22654	22655
P102,2	22656	22657
P181,2	22658	22659
P184,2	22660	22661
P139,3	22662	22663
P189,3	22664	22665
P185,2	22666	22667
P24,3	22668	22669
P78,2	22670	22671
P16,2	22672	22673
P48,2	22674	22675
P80,2	22676	22676
P64,2	22677	22678
P141,3	22679	22680
P106,2	22681	22682
P31,2	22683	22684
P34,2	22685	22686
P188,2	22687	22688
P49,3	22689	22690
P35,2	22691	22692
P143,2	22693	22694
P108,2	22695	22696
P107,2	22697	22698
P33,3	22699	22700
P36,2	22701	22702
P192,2	22703	22704
P109,2	22705	22706
P111,2	22707	22708
P81,2	22709	22710
P146,2	22711	22712
P144,3	22713	22714
P19,3	22715	22716
P83,3	22717	22718
P85,2	22719	22720
P195,3	22721	22722
P17,2	22723	22724
P113,2	22725	22726
P50,2	22727	22728
P115,2	22729	22730
P112,2	22731	22732
P65,2	22733	22734
P66,2	22735	22736
P67,3	22737	22738
P149,2	22739	22740
P26,2	22741	22742
P116,3	22743	22744
P200,2	22745	22746
P53,3	22747	22748
P88,2	22749	22750
P151,2	22751	22752
P153,2	22753	22754
P25,2	22755	22756
P152,2	22757	22758
P13,2	22759	22760
P154,2	22761	22762
P69,2	22763	22764
P41,3	22765	22766
P91,3	22767	22768
P120,2	22769	22770
P118,2	22771	22772
P156,2	22773	22774
P123,3	22775	22776
P38,2	22777	22777
P15,3	22778	22779
P40,3	22780	22781
P55,2	22782	22783
P161,3	22784	22785
P2,2	22786	22787
P125,2	22788	22789
P159,3	22790	22791
P122,2	22792	22793
P28,3	22794	22795
P4,2	22796	22797
P92,2	22798	22799
P162,2	22800	22801
P95,2	22802	22803
P29,3	22804	22805
P127,2	22806	22807
P96,2	22808	22809
P126,2	22810	22811
P171,2	22812	22813
P60,2	22814	22815
P58,3	22816	22817
P75,3	22818	22819
P169,3	22820	22821
P131,3	22822	22823
P130,2	22824	22825
P30,2	22826	22827
P44,2	22828	22829
P97,2	22830	22831
P43,2	22832	22833
P98,2	22834	22835
P132,2	22836	22837
P173,2	22838	22839
P46,3	22840	22841
P133,2	22842	22843
P176,2	22844	22845
P76,2	22846	22847
P100,2	22848	22849
P61,2	22850	22851
P99,2	22852	22853
P134,2	22854	22855
P177,2	22856	22857
P137,2	22858	22859
P102,2	22860	22861
P181,2	22862	22863
P184,2	22864	22865
P139,3	22866	22867
P189,3	22868	22869
P185,2	22870	22871
P24,3	22872	22873
P78,2	22874	22875
P48,2	22876	22877
P64,2	22878	22879
P80,3	22880	22881
P141,3	22882	22883
P106,2	22884	22885
P31,2	22886	22887
P34,2	22888	22889
P188,2	22890	22891
P49,3	22892	22893
P35,2	22894	22895
P143,2	22896	22897
P108,2	22898	22899
P107,2	22900	22901
P33,3	22902	22903
P36,2	22904	22905
P192,2	22906	22907
P109,2	22908	22909
P111,2	22910	22911
P81,2	22912	22913
P146,2	22914	22915
P144,3	22916	22917
P19,3	22918	22919
P83,3	22920	22921
P85,2	22922	22923
P195,3	22924	22925
P17,2	22926	22927
P113,2	22928	22929
P50,2	22930	22931
P115,2	22932	22933
P112,2	22934	22935
P65,2	22936	22937
P66,2	22938	22939
P67,3	22940	22941
P149,2	22942	22943
P26,2	22944	22945
P116,3	22946	22947
P200,2	22948	22949
P53,3	22950	22951
P88,2	22952	22953
P151,2	22954	22955
P153,2	22956	22957
P25,2	22958	22959
P152,2	22960	22961
P13,2	22962	22963
P154,2	22964	22965
P69,2	22966	22967
P41,3	22968	22969
P91,3	22970	22971
P120,2	22972	22973
P118,2	22974	22975
P156,2	22976	22977
P123,3	22978	22979
P15,3	22980	22981
P38,3	22982	22983
P40,3	22984	22985
P55,2	22986	22987
P161,3	22988	22989
P2,2	22990	22991
P125,2	22992	22993
P159,3	22994	22995
P122,2	22996	22997
P28,3	22998	22999
P4,2	23000	23001
P92,2	23002	23003
P162,2	23004	23005
P95,2	23006	23007
P29,3	23008	23009
P127,2	23010	23011
P96,2	23012	23013
P126,2	23014	23015
P171,2	23016	23017
P60,2	23018	23019
P58,3	23020	23021
P75,3	23022	23023
P131,3	23024	23025
P130,2	23026	23027
P30,2	23028	23029
P44,2	23030	23031
P97,2	23032	23033
P43,2	23034	23035
P98,2	23036	23037
P132,2	23038	23039
P173,2	23040	23041
P46,3	23042	23043
P133,2	23044	23045
P176,2	23046	23047
P76,2	23048	23049
P100,2	23050	23051
P61,2	23052	23053
P99,2	23054	23055
P134,2	23056	23057
P177,2	23058	23059
P137,2	23060	23061
P181,2	23062	23063
P184,2	23064	23065
P139,3	23066	23067
P102,3	23068	23069
P189,3	23070	23071
P185,2	23072	23073
P24,3	23074	23075
P78,2	23076	23077
P48,2	23078	23079
P64,2	23080	23081
P80,3	23082	23083
P106,2	23084	23085
P31,2	23086	23087
P34,2	23088	23088
P188,2	23089	23090
P49,3	23091	23092
P35,2	23093	23094
P143,2	23095	23096
P108,2	23097	23098
P107,2	23099	23100
P33,3	23101	23102
P36,2	23103	23104
P192,2	23105	23106
P109,2	23107	23108
P111,2	23109	23110
P81,2	23111	23112
P146,2	23113	23114
P144,3	23115	23116
P19,3	23117	23118
P83,3	23119	23120
P85,2	23121	23122
P195,3	23123	23124
P17,2	23125	23126
P113,2	23127	23128
P50,2	23129	23130
P115,2	23131	23132
P112,2	23133	23134
P65,2	23135	23136
P66,2	23137	23138
P67,3	23139	23140
P149,2	23141	23142
P26,2	23143	23144
P116,3	23145	23146
P200,2	23147	23148
P53,3	23149	23150
P88,2	23151	23152
P151,2	23153	23154
P153,2	23155	23156
P25,2	23157	23158
P152,2	23159	23160
P13,2	23161	23162
P154,2	23163	23164
P69,2	23165	23166
P41,3	23167	23168
P91,3	23169	23170
P120,2	23171	23172
P118,2	23173	23174
P156,2	23175	23176
P123,3	23177	23178
P15,3	23179	23180
P38,3	23181	23182
P40,3	23183	23184
P55,2	23185	23186
P161,3	23187	23188
P2,2	23189	23190
P125,2	23191	23192
P159,3	23193	23194
P122,2	23195	23196
P28,3	23197	23198
P4,2	23199	23200
P92,2	23201	23202
P162,2	23203	23204
P95,2	23205	23206
P29,3	23207	23208
P127,2	23209	23210
P96,2	23211	23212
P126,2	23213	23214
P171,2	23215	23216
P60,2	23217	23218
P58,3	23219	23220
P75,3	23221	23222
P131,3	23223	23224
P130,2	23225	23226
P30,2	23227	23228
P44,2	23229	23230
P97,2	23231	23232
P43,2	23233	23234
P98,2	23235	23236
P132,2	23237	23238
P173,2	23239	23240
P46,3	23241	23242
P133,2	23243	23244
P176,2	23245	23246
P76,2	23247	23248
P100,2	23249	23250
P61,2	23251	23252
P99,2	23253	23254
P134,2	23255	23256
P177,2	23257	23258
P137,2	23259	23260
P181,2	23261	23262
P184,2	23263	23264
P139,3	23265	23266
P102,3	23267	23268
P189,3	23269	23270
P185,2	23271	23272
P24,3	23273	23274
P78,2	23275	23276
P48,2	23277	23278
P34,3	23279	23280
P64,2	23281	23282
P80,3	23283	23284
P106,2	23285	23286
P31,2	23287	23288
P188,2	23289	23290
P49,3	23291	23292
P35,2	23293	23294
P143,2	23295	23296
P108,2	23297	23298
P107,2	23299	23300
P33,3	23301	23302
P36,2	23303	23304
P192,2	23305	23306
P109,2	23307	23308
P111,2	23309	23310
P81,2	23311	23312
P146,2	23313	23314
P144,3	23315	23316
P19,3	23317	23318
P83,3	23319	23320
P85,2	23321	23322
P195,3	23323	23324
P17,2	23325	23326
P113,2	23327	23328
P50,2	23329	23330
P115,2	23331	23332
P112,2	23333	23334
P65,2	23335	23336
P66,2	23337	23338
P67,3	23339	23340
P149,2	23341	23342
P26,2	23343	23344
P116,3	23345	23346
P200,2	23347	23348
P53,3	23349	23350
P88,2	23351	23352
P151,2	23353	23354
P153,2	23355	23356
P25,2	23357	23358
P152,2	23359	23360
P13,2	23361	23362
P154,2	23363	23364
P69,2	23365	23366
P41,3	23367	23368
P91,3	23369	23370
P120,2	23371	23372
P118,2	23373	23374
P156,2	23375	23376
P123,3	23377	23378
P15,3	23379	23380
P38,3	23381	23382
P40,3	23383	23384
P55,2	23385	23386
P161,3	23387	23388
P2,2	23389	23390
P125,2	23391	23392
P159,3	23393	23394
P122,2	23395	23396
P28,3	23397	23398
P4,2	23399	23400
P92,2	23401	23402
P162,2	23403	23404
P95,2	23405	23406
P29,3	23407	23408
P127,2	23409	23410
P96,2	23411	23412
P126,2	23413	23414
P171,2	23415	23416
P60,2	23417	23418
P58,3	23419	23420
P75,3	23421	23422
P131,3	23423	23424
P130,2	23425	23426
P30,2	23427	23428
P44,2	23429	23430
P97,2	23431	23432
P43,2	23433	23434
P98,2	23435	23436
P132,2	23437	23438
P173,2	23439	23440
P46,3	23441	23442
P133,2	23443	23444
P176,2	23445	23446
P76,2	23447	23448
P100,2	23449	23450
P61,2	23451	23452
P99,2	23453	23454
P134,2	23455	23456
P177,2	23457	23457
P137,2	23458	23459
P181,2	23460	23461
P184,2	23462	23463
P139,3	23464	23465
P102,3	23466	23467
P189,3	23468	23469
P185,2	23470	23471
P78,2	23472	23473
P48,2	23474	23475
P34,3	23476	23477
P64,2	23478	23479
P80,3	23480	23481
P106,2	23482	23483
P31,2	23484	23485
P188,2	23486	23487
P49,3	23488	23489
P35,2	23490	23491
P143,2	23492	23493
P108,2	23494	23495
P107,2	23496	23497
P33,3	23498	23499
P36,2	23500	23501
P192,2	23502	23503
P109,2	23504	23505
P111,2	23506	23507
P81,2	23508	23509
P144,3	23510	23511
P19,3	23512	23513
P146,3	23514	23515
P83,3	23516	23517
P85,2	23518	23519
P195,3	23520	23521
P17,2	23522	23523
P113,2	23524	23525
P115,2	23526	23527
P112,2	23528	23529
P65,2	23530	23530
P50,3	23531	23532
P66,2	23533	23534
P67,3	23535	23536
P149,2	23537	23538
P26,2	23539	23540
P116,3	23541	23542
P200,2	23543	23544
P53,3	23545	23546
P88,2	23547	23548
P151,2	23549	23550
P153,2	23551	23552
P25,2	23553	23554
P152,2	23555	23556
P13,2	23557	23558
P154,2	23559	23560
P69,2	23561	23562
P41,3	23563	23564
P91,3	23565	23566
P120,2	23567	23568
P118,2	23569	23570
P156,2	23571	23572
P123,3	23573	23574
P15,3	23575	23576
P38,3	23577	23578
P40,3	23579	23580
P55,2	23581	23582
P161,3	23583	23584
P2,2	23585	23586
P125,2	23587	23588
P159,3	23589	23590
P122,2	23591	23592
P28,3	23593	23594
P4,2	23595	23596
P92,2	23597	23598
P162,2	23599	23600
P95,2	23601	23602
P29,3	23603	23603
P127,2	23604	23605
P96,2	23606	23607
P126,2	23608	23609
P171,2	23610	23611
P60,2	23612	23613
P58,3	23614	23615
P75,3	23616	23617
P131,3	23618	23619
P130,2	23620	23621
P30,2	23622	23623
P44,2	23624	23625
P97,2	23626	23627
P43,2	23628	23629
P98,2	23630	23631
P132,2	23632	23633
P173,2	23634	23635
P133,2	23636	23637
P176,2	23638	23639
P76,2	23640	23641
P100,2	23642	23643
P61,2	23644	23645
P99,2	23646	23647
P134,2	23648	23649
P137,2	23650	23651
P177,3	23652	23653
P181,2	23654	23655
P184,2	23656	23657
P139,3	23658	23659
P102,3	23660	23661
P189,3	23662	23663
P185,2	23664	23665
P78,2	23666	23667
P48,2	23668	23669
P34,3	23670	23671
P64,2	23672	23673
P80,3	23674	23675
P106,2	23676	23677
P31,2	23678	23679
P188,2	23680	23681
P49,3	23682	23683
P35,2	23684	23685
P143,2	23686	23687
P108,2	23688	23689
P107,2	23690	23691
P33,3	23692	23693
P36,2	23694	23695
P192,2	23696	23697
P109,2	23698	23699
P111,2	23700	23701
P81,2	23702	23703
P144,3	23704	23705
P19,3	23706	23707
P146,3	23708	23709
P83,3	23710	23711
P85,2	23712	23713
P65,3	23714	23715
P195,3	23716	23717
P17,2	23718	23719
P113,2	23720	23721
P115,2	23722	23723
P112,2	23724	23725
P50,3	23726	23727
P66,2	23728	23729
P67,3	23730	23731
P149,3	23732	23733
P26,2	23734	23735
P116,3	23736	23737
P200,2	23738	23739
P53,3	23740	23741
P88,2	23742	23743
P151,2	23744	23745
P153,2	23746	23747
P25,2	23748	23749
P152,2	23750	23751
P13,2	23752	23753
P154,2	23754	23755
P69,2	23756	23757
P41,3	23758	23759
P91,3	23760	23761
P120,2	23762	23763
P118,2	23764	23765
P156,2	23766	23767
P123,3	23768	23769
P15,3	23770	23771
P38,3	23772	23773
P40,3	23774	23775
P55,2	23776	23777
P161,3	23778	23779
P2,2	23780	23781
P125,2	23782	23783
P159,3	23784	23785
P122,2	23786	23787
P28,3	23788	23789
P4,2	23790	23791
P92,2	23792	23793
P162,2	23794	23795
P95,2	23796	23797
P127,2	23798	23799
P96,2	23800	23801
P126,2	23802	23803
P171,2	23804	23805
P60,2	23806	23807
P58,3	23808	23809
P75,3	23810	23811
P131,3	23812	23813
P130,2	23814	23815
P30,2	23816	23816
P44,2	23817	23818
P97,2	23819	23820
P43,2	23821	23822
P98,2	23823	23824
P132,2	23825	23826
P173,2	23827	23828
P133,2	23829	23830
P176,2	23831	23832
P76,2	23833	23834
P100,2	23835	23836
P61,2	23837	23838
P99,2	23839	23840
P134,2	23841	23842
P137,2	23843	23844
P177,3	23845	23846
P181,2	23847	23848
P184,2	23849	23850
P139,3	23851	23852
P102,3	23853	23854
P189,3	23855	23856
P185,2	23857	23858
P78,2	23859	23859
P48,2	23860	23861
P34,3	23862	23863
P64,2	23864	23865
P80,3	23866	23867
P106,2	23868	23869
P31,2	23870	23871
P188,2	23872	23873
P49,3	23874	23875
P35,2	23876	23877
P143,2	23878	23879
P108,2	23880	23881
P107,2	23882	23883
P33,3	23884	23885
P36,2	23886	23887
P192,2	23888	23889
P109,2	23890	23891
P111,2	23892	23893
P81,2	23894	23895
P144,3	23896	23897
P19,3	23898	23899
P146,3	23900	23901
P83,3	23902	23903
P85,2	23904	23905
P65,3	23906	23907
P195,3	23908	23909
P17,2	23910	23911
P113,2	23912	23913
P115,2	23914	23915
P112,2	23916	23917
P50,3	23918	23919
P66,2	23920	23921
P67,3	23922	23923
P149,3	23924	23925
P26,2	23926	23927
P116,3	23928	23929
P200,2	23930	23931
P53,3	23932	23933
P88,2	23934	23935
P151,2	23936	23937
P153,2	23938	23939
P25,2	23940	23941
P152,2	23942	23943
P13,2	23944	23945
P154,2	23946	23947
P69,2	23948	23949
P41,3	23950	23951
P91,3	23952	23953
P120,2	23954	23955
P118,2	23956	23957
P156,2	23958	23959
P123,3	23960	23961
P15,3	23962	23963
P38,3	23964	23965
P40,3	23966	23967
P55,2	23968	23969
P161,3	23970	23971
P2,2	23972	23973
P125,2	23974	23975
P159,3	23976	23977
P122,2	23978	23979
P28,3	23980	23981
P4,2	23982	23983
P92,2	23984	23985
P162,2	23986	23987
P95,2	23988	23989
P127,2	23990	23991
P96,2	23992	23993
P126,2	23994	23995
P171,2	23996	23997
P60,2	23998	23999
P58,3	24000	24001
P75,3	24002	24003
P131,3	24004	24005
P130,2	24006	24007
P44,2	24008	24009
P30,3	24010	24011
P97,2	24012	24013
P43,2	24014	24015
P98,2	24016	24017
P132,2	24018	24019
P173,2	24020	24021
P133,2	24022	24023
P176,2	24024	24025
P76,2	24026	24027
P100,2	24028	24029
P61,2	24030	24031
P99,2	24032	24033
P134,2	24034	24035
P137,2	24036	24037
P177,3	24038	24039
P181,2	24040	24041
P184,2	24042	24043
P139,3	24044	24045
P102,3	24046	24047
P189,3	24048	24049
P185,2	24050	24051
P78,3	24052	24053
P48,2	24054	24055
P34,3	24056	24057
P64,2	24058	24059
P80,3	24060	24061
P106,2	24062	24063
P31,2	24064	24064
P188,2	24065	24066
P49,3	24067	24068
P35,2	24069	24070
P143,2	24071	24072
P107,2	24073	24074
P33,3	24075	24076
P192,2	24077	24077
P109,2	24078	24079
P111,2	24080	24081
P81,2	24082	24083
P144,3	24084	24085
P19,3	24086	24087
P146,3	24088	24089
P83,3	24090	24091
P85,2	24092	24093
P65,3	24094	24095
P195,3	24096	24097
P17,2	24098	24099
P113,2	24100	24101
P115,2	24102	24103
P50,3	24104	24105
P112,3	24106	24107
P66,2	24108	24109
P67,3	24110	24111
P149,3	24112	24113
P26,2	24114	24115
P116,3	24116	24117
P200,2	24118	24119
P53,3	24120	24121
P88,2	24122	24123
P151,2	24124	24125
P153,2	24126	24127
P25,2	24128	24129
P152,2	24130	24131
P154,2	24132	24133
P69,2	24134	24135
P41,3	24136	24137
P91,3	24138	24139
P120,2	24140	24141
P118,2	24142	24143
P156,2	24144	24145
P123,3	24146	24147
P15,3	24148	24149
P38,3	24150	24151
P40,3	24152	24153
P55,2	24154	24155
P161,3	24156	24157
P2,2	24158	24159
P125,2	24160	24161
P122,3	24162	24163
P28,3	24164	24165
P4,2	24166	24167
P92,2	24168	24169
P162,2	24170	24171
P95,3	24172	24173
P127,2	24174	24175
P96,2	24176	24177
P126,2	24178	24179
P171,2	24180	24181
P60,2	24182	24183
P58,3	24184	24185
P75,3	24186	24187
P131,3	24188	24189
P130,2	24190	24191
P44,2	24192	24193
P30,3	24194	24195
P97,2	24196	24197
P98,2	24198	24199
P132,2	24200	24201
P43,3	24202	24203
P173,2	24204	24205
P133,2	24206	24207
P176,2	24208	24209
P76,2	24210	24211
P100,2	24212	24213
P61,2	24214	24215
P99,2	24216	24217
P134,2	24218	24219
P137,2	24220	24221
P177,3	24222	24223
P181,2	24224	24225
P184,2	24226	24227
P139,3	24228	24229
P102,3	24230	24231
P189,3	24232	24233
P185,2	24234	24235
P78,3	24236	24237
P48,2	24238	24239
P34,3	24240	24241
P64,2	24242	24243
P31,3	24244	24245
P80,3	24246	24247
P106,2	24248	24249
P188,2	24250	24251
P49,3	24252	24253
P35,2	24254	24255
P143,2	24256	24257
P107,2	24258	24259
P33,3	24260	24261
P109,2	24262	24263
P111,2	24264	24265
P81,2	24266	24267
P144,3	24268	24269
P19,3	24270	24271
P146,3	24272	24273
P83,3	24274	24275
P85,2	24276	24277
P65,3	24278	24279
P195,3	24280	24281
P17,2	24282	24283
P113,2	24284	24285
P115,2	24286	24287
P50,3	24288	24289
P112,3	24290	24291
P66,2	24292	24293
P67,3	24294	24295
P149,3	24296	24297
P26,2	24298	24299
P116,3	24300	24301
P200,2	24302	24303
P53,3	24304	24305
P88,2	24306	24307
P151,2	24308	24309
P153,2	24310	24311
P25,2	24312	24313
P152,2	24314	24315
P154,2	24316	24317
P69,2	24318	24319
P41,3	24320	24321
P91,3	24322	24323
P120,2	24324	24325
P118,2	24326	24327
P156,2	24328	24329
P123,3	24330	24331
P15,3	24332	24333
P38,3	24334	24335
P40,3	24336	24337
P55,2	24338	24339
P161,3	24340	24341
P2,2	24342	24343
P125,2	24344	24345
P122,3	24346	24347
P28,3	24348	24349
P4,2	24350	24351
P92,2	24352	24353
P162,2	24354	24355
P95,3	24356	24357
P127,2	24358	24359
P96,2	24360	24361
P126,2	24362	24363
P171,2	24364	24364
P60,2	24365	24366
P58,3	24367	24368
P75,3	24369	24370
P131,3	24371	24372
P130,2	24373	24374
P44,2	24375	24375
P30,3	24376	24377
P97,2	24378	24379
P98,2	24380	24381
P132,2	24382	24383
P43,3	24384	24385
P173,2	24386	24387
P133,2	24388	24389
P176,2	24390	24391
P76,2	24392	24393
P100,2	24394	24395
P61,2	24396	24397
P99,2	24398	24399
P134,2	24400	24401
P137,2	24402	24403
P177,3	24404	24405
P181,2	24406	24407
P184,2	24408	24409
P139,3	24410	24411
P102,3	24412	24413
P189,3	24414	24415
P185,2	24416	24416
P78,3	24417	24418
P48,2	24419	24420
P34,3	24421	24422
P64,2	24423	24424
P31,3	24425	24426
P80,3	24427	24428
P106,2	24429	24430
P188,2	24431	24432
P49,3	24433	24434
P35,2	24435	24436
P143,2	24437	24438
P107,2	24439	24440
P33,3	24441	24442
P109,2	24443	24444
P111,2	24445	24446
P81,2	24447	24448
P144,3	24449	24450
P19,3	24451	24452
P146,3	24453	24454
P83,3	24455	24456
P85,2	24457	24458
P65,3	24459	24460
P195,3	24461	24462
P17,2	24463	24464
P115,2	24465	24466
P50,3	24467	24468
P112,3	24469	24470
P66,2	24471	24472
P67,3	24473	24474
P149,3	24475	24476
P26,2	24477	24478
P116,3	24479	24480
P200,2	24481	24482
P53,3	24483	24484
P88,2	24485	24486
P153,2	24487	24488
P25,2	24489	24490
P152,2	24491	24492
P154,2	24493	24494
P69,2	24495	24496
P41,3	24497	24498
P91,3	24499	24500
P120,2	24501	24502
P118,2	24503	24504
P156,2	24505	24506
P123,3	24507	24508
P15,3	24509	24510
P38,3	24511	24512
P40,3	24513	24514
P55,2	24515	24516
P161,3	24517	24518
P2,2	24519	24520
P125,2	24521	24522
P122,3	24523	24524
P28,3	24525	24526
P4,2	24527	24528
P92,2	24529	24530
P162,2	24531	24532
P95,3	24533	24534
P127,2	24535	24536
P96,2	24537	24538
P126,2	24539	24540
P60,2	24541	24541
P58,3	24542	24543
P75,3	24544	24545
P131,3	24546	24547
P130,2	24548	24549
P30,3	24550	24551
P97,2	24552	24553
P98,2	24554	24555
P132,2	24556	24557
P43,3	24558	24559
P173,2	24560	24561
P133,2	24562	24562
P176,2	24563	24564
P76,2	24565	24566
P100,2	24567	24568
P61,2	24569	24570
P99,2	24571	24572
P137,2	24573	24574
P177,3	24575	24576
P181,2	24577	24578
P184,2	24579	24580
P139,3	24581	24582
P102,3	24583	24584
P189,3	24585	24586
P78,3	24587	24588
P48,2	24589	24590
P34,3	24591	24592
P64,2	24593	24594
P31,3	24595	24596
P80,3	24597	24598
P106,2	24599	24600
P188,2	24601	24602
P49,3	24603	24604
P35,2	24605	24606
P143,2	24607	24608
P107,2	24609	24610
P33,3	24611	24612
P109,2	24613	24614
P111,2	24615	24616
P81,2	24617	24618
P144,3	24619	24620
P19,3	24621	24622
P146,3	24623	24624
P83,3	24625	24626
P85,2	24627	24628
P65,3	24629	24630
P195,3	24631	24632
P17,2	24633	24634
P115,2	24635	24636
P50,3	24637	24638
P112,3	24639	24640
P66,2	24641	24642
P67,3	24643	24644
P149,3	24645	24646
P26,2	24647	24648
P116,3	24649	24650
P200,2	24651	24652
P53,3	24653	24654
P88,2	24655	24656
P153,2	24657	24658
P25,2	24659	24660
P152,2	24661	24662
P154,2	24663	24664
P69,2	24665	24666
P41,3	24667	24668
P91,3	24669	24670
P120,2	24671	24672
P118,2	24673	24674
P156,2	24675	24676
P123,3	24677	24678
P15,3	24679	24680
P38,3	24681	24682
P40,3	24683	24684
P55,2	24685	24686
P161,3	24687	24688
P2,2	24689	24690
P125,2	24691	24692
P122,3	24693	24694
P28,3	24695	24696
P92,2	24697	24698
P162,2	24699	24700
P95,3	24701	24702
P4,3	24703	24704
P127,2	24705	24706
P96,2	24707	24708
P126,2	24709	24710
P58,3	24711	24712
P75,3	24713	24714
P131,3	24715	24716
P130,2	24717	24718
P30,3	24719	24720
P97,2	24721	24722
P98,2	24723	24724
P43,3	24725	24726
P132,3	24727	24728
P133,3	24729	24730
P173,2	24731	24732
P176,2	24733	24734
P76,2	24735	24736
P100,2	24737	24738
P61,2	24739	24740
P99,2	24741	24742
P137,2	24743	24744
P177,3	24745	24746
P181,2	24747	24748
P184,2	24749	24750
P139,3	24751	24752
P102,3	24753	24754
P189,3	24755	24756
P78,3	24757	24758
P48,2	24759	24760
P34,3	24761	24762
P64,2	24763	24764
P31,3	24765	24766
P80,3	24767	24768
P106,2	24769	24770
P188,2	24771	24772
P49,3	24773	24774
P35,2	24775	24776
P143,2	24777	24778
P107,2	24779	24780
P33,3	24781	24782
P109,2	24783	24784
P111,2	24785	24786
P81,2	24787	24788
P144,3	24789	24790
P19,3	24791	24792
P146,3	24793	24794
P83,3	24795	24796
P85,2	24797	24798
P65,3	24799	24800
P195,3	24801	24802
P17,2	24803	24804
P115,2	24805	24806
P50,3	24807	24808
P112,3	24809	24810
P66,2	24811	24812
P67,3	24813	24814
P149,3	24815	24816
P26,2	24817	24818
P116,3	24819	24820
P200,2	24821	24822
P53,3	24823	24824
P88,2	24825	24825
P153,2	24826	24827
P25,2	24828	24829
P152,2	24830	24831
P154,2	24832	24833
P69,2	24834	24835
P41,3	24836	24837
P91,3	24838	24839
P120,2	24840	24841
P118,2	24842	24843
P156,2	24844	24845
P123,3	24846	24847
P15,3	24848	24849
P38,3	24850	24851
P40,3	24852	24853
P55,2	24854	24855
P161,3	24856	24857
P2,2	24858	24859
P125,2	24860	24861
P122,3	24862	24863
P28,3	24864	24865
P92,2	24866	24867
P162,2	24868	24869
P95,3	24870	24871
P4,3	24872	24873
P127,2	24874	24875
P96,2	24876	24877
P126,2	24878	24879
P58,3	24880	24881
P75,3	24882	24883
P131,3	24884	24885
P130,2	24886	24887
P30,3	24888	24889
P97,2	24890	24891
P98,2	24892	24893
P43,3	24894	24895
P132,3	24896	24897
P133,3	24898	24899
P173,2	24900	24901
P176,2	24902	24903
P76,2	24904	24905
P100,2	24906	24907
P61,2	24908	24909
P99,2	24910	24911
P137,2	24912	24912
P177,3	24913	24914
P181,2	24915	24916
P184,2	24917	24918
P139,3	24919	24920
P102,3	24921	24922
P189,3	24923	24924
P78,3	24925	24926
P48,2	24927	24928
P34,3	24929	24930
P64,2	24931	24932
P31,3	24933	24934
P80,3	24935	24936
P106,2	24937	24938
P188,2	24939	24940
P49,3	24941	24942
P35,2	24943	24944
P143,2	24945	24946
P107,2	24947	24948
P33,3	24949	24950
P109,2	24951	24952
P111,2	24953	24954
P81,2	24955	24956
P144,3	24957	24958
P19,3	24959	24960
P146,3	24961	24962
P83,3	24963	24964
P85,2	24965	24966
P65,3	24967	24968
P195,3	24969	24970
P17,2	24971	24972
P115,2	24973	24974
P50,3	24975	24976
P112,3	24977	24978
P66,2	24979	24980
P67,3	24981	24982
P149,3	24983	24984
P26,2	24985	24986
P116,3	24987	24987
P200,2	24988	24989
P53,3	24990	24991
P153,2	24992	24993
P25,2	24994	24995
P152,2	24996	24997
P154,2	24998	24998
P69,2	24999	25000
P41,3	25001	25002
P91,3	25003	25004
P120,2	25005	25006
P118,2	25007	25008
P156,2	25009	25010
P123,3	25011	25012
P38,3	25013	25014
P40,3	25015	25016
P55,2	25017	25018
P161,3	25019	25020
P2,2	25021	25021
P125,2	25022	25023
P122,3	25024	25025
P28,3	25026	25027
P92,2	25028	25029
P162,2	25030	25031
P95,3	25032	25033
P4,3	25034	25035
P127,2	25036	25037
P96,2	25038	25039
P126,2	25040	25041
P58,3	25042	25043
P75,3	25044	25045
P131,3	25046	25047
P130,2	25048	25049
P30,3	25050	25051
P97,2	25052	25053
P43,3	25054	25055
P132,3	25056	25057
P133,3	25058	25059
P137,3	25060	25061
P173,2	25062	25063
P176,2	25064	25065
P76,2	25066	25067
P100,2	25068	25069
P61,2	25070	25071
P99,2	25072	25073
P177,3	25074	25075
P181,2	25076	25077
P184,2	25078	25079
P139,3	25080	25081
P102,3	25082	25083
P189,3	25084	25085
P78,3	25086	25087
P48,2	25088	25089
P34,3	25090	25091
P64,2	25092	25093
P31,3	25094	25095
P80,3	25096	25097
P106,2	25098	25099
P188,2	25100	25101
P49,3	25102	25103
P35,2	25104	25105
P143,2	25106	25107
P107,2	25108	25109
P33,3	25110	25111
P109,2	25112	25113
P111,2	25114	25115
P81,2	25116	25117
P144,3	25118	25119
P19,3	25120	25121
P146,3	25122	25123
P83,3	25124	25125
P85,2	25126	25127
P65,3	25128	25129
P195,3	25130	25131
P17,2	25132	25133
P115,2	25134	25135
P50,3	25136	25137
P112,3	25138	25139
P66,2	25140	25140
P67,3	25141	25142
P149,3	25143	25144
P26,2	25145	25146
P200,2	25147	25148
P153,2	25149	25150
P25,2	25151	25152
P152,2	25153	25154
P69,2	25155	25156
P41,3	25157	25158
P91,3	25159	25160
P120,2	25161	25162
P118,2	25163	25164
P156,2	25165	25166
P123,3	25167	25168
P38,3	25169	25170
P40,3	25171	25172
P55,2	25173	25173
P161,3	25174	25175
P125,2	25176	25177
P122,3	25178	25179
P28,3	25180	25181
P92,2	25182	25183
P162,2	25184	25185
P95,3	25186	25187
P4,3	25188	25189
P127,2	25190	25191
P96,2	25192	25193
P126,2	25194	25195
P58,3	25196	25197
P75,3	25198	25199
P131,3	25200	25201
P130,2	25202	25203
P30,3	25204	25205
P97,2	25206	25207
P43,3	25208	25209
P132,3	25210	25211
P133,3	25212	25213
P137,3	25214	25215
P173,2	25216	25217
P176,2	25218	25219
P76,2	25220	25221
P100,2	25222	25223
P61,2	25224	25225
P99,2	25226	25227
P177,3	25228	25229
P181,2	25230	25231
P184,2	25232	25233
P139,3	25234	25235
P102,3	25236	25237
P189,3	25238	25239
P78,3	25240	25241
P48,2	25242	25243
P34,3	25244	25245
P64,2	25246	25247
P31,3	25248	25249
P80,3	25250	25251
P106,2	25252	25253
P188,2	25254	25255
P49,3	25256	25257
P35,2	25258	25259
P143,2	25260	25261
P107,2	25262	25263
P33,3	25264	25265
P109,2	25266	25267
P111,2	25268	25269
P81,2	25270	25271
P144,3	25272	25273
P19,3	25274	25275
P146,3	25276	25277
P83,3	25278	25279
P85,2	25280	25281
P65,3	25282	25283
P195,3	25284	25285
P17,2	25286	25287
P115,2	25288	25289
P50,3	25290	25291
P112,3	25292	25293
P66,3	25294	25295
P67,3	25296	25297
P149,3	25298	25299
P26,2	25300	25301
P200,2	25302	25303
P153,2	25304	25305
P25,2	25306	25307
P152,2	25308	25309
P69,2	25310	25311
P41,3	25312	25313
P91,3	25314	25315
P120,2	25316	25317
P118,2	25318	25319
P156,2	25320	25321
P123,3	25322	25323
P38,3	25324	25325
P40,3	25326	25327
P161,3	25328	25329
P125,2	25330	25331
P122,3	25332	25333
P28,3	25334	25335
P92,2	25336	25337
P162,2	25338	25339
P95,3	25340	25341
P4,3	25342	25343
P127,2	25344	25345
P96,2	25346	25347
P126,2	25348	25349
P58,3	25350	25351
P75,3	25352	25353
P131,3	25354	25355
P130,2	25356	25357
P30,3	25358	25359
P97,2	25360	25361
P43,3	25362	25363
P132,3	25364	25365
P133,3	25366	25367
P137,3	25368	25369
P173,2	25370	25371
P176,2	25372	25373
P76,2	25374	25375
P100,2	25376	25377
P61,2	25378	25379
P99,2	25380	25381
P177,3	25382	25383
P181,2	25384	25385
P184,2	25386	25387
P139,3	25388	25389
P102,3	25390	25391
P189,3	25392	25393
P78,3	25394	25395
P48,2	25396	25396
P34,3	25397	25398
P64,2	25399	25400
P31,3	25401	25402
P80,3	25403	25404
P106,2	25405	25406
P188,2	25407	25408
P49,3	25409	25410
P35,2	25411	25412
P143,2	25413	25414
P107,2	25415	25416
P33,3	25417	25418
P109,2	25419	25420
P111,2	25421	25422
P81,2	25423	25424
P144,3	25425	25426
P19,3	25427	25428
P146,3	25429	25430
P83,3	25431	25432
P85,2	25433	25434
P65,3	25435	25436
P195,3	25437	25438
P17,2	25439	25440
P115,2	25441	25442
P50,3	25443	25444
P112,3	25445	25446
P66,3	25447	25448
P67,3	25449	25450
P149,3	25451	25452
P26,2	25453	25454
P200,2	25455	25456
P153,2	25457	25458
P25,2	25459	25460
P152,2	25461	25462
P69,2	25463	25464
P41,3	25465	25466
P91,3	25467	25468
P120,2	25469	25470
P118,2	25471	25472
P156,2	25473	25474
P123,3	25475	25476
P38,3	25477	25478
P40,3	25479	25480
P161,3	25481	25482
P122,3	25483	25484
P28,3	25485	25486
P92,2	25487	25488
P162,2	25489	25490
P95,3	25491	25492
P4,3	25493	25494
P127,2	25495	25496
P96,2	25497	25498
P126,2	25499	25500
P58,3	25501	25502
P75,3	25503	25504
P131,3	25505	25506
P130,2	25507	25508
P30,3	25509	25510
P97,2	25511	25512
P43,3	25513	25514
P132,3	25515	25516
P133,3	25517	25518
P137,3	25519	25520
P173,2	25521	25522
P176,2	25523	25524
P76,2	25525	25526
P100,2	25527	25528
P61,2	25529	25530
P99,2	25531	25532
P177,3	25533	25534
P181,2	25535	25536
P184,2	25537	25538
P139,3	25539	25540
P102,3	25541	25542
P189,3	25543	25544
P78,3	25545	25546
P34,3	25547	25548
P64,2	25549	25550
P31,3	25551	25552
P80,3	25553	25554
P106,2	25555	25556
P188,2	25557	25558
P49,3	25559	25560
P35,2	25561	25562
P143,2	25563	25564
P107,2	25565	25566
P33,3	25567	25568
P109,2	25569	25570
P111,2	25571	25572
P81,2	25573	25574
P19,3	25575	25576
P146,3	25577	25578
P83,3	25579	25580
P85,2	25581	25582
P65,3	25583	25584
P195,3	25585	25586
P17,2	25587	25588
P115,2	25589	25589
P50,3	25590	25591
P112,3	25592	25593
P66,3	25594	25595
P67,3	25596	25597
P149,3	25598	25599
P26,2	25600	25601
P200,2	25602	25603
P153,2	25604	25605
P25,2	25606	25607
P152,2	25608	25609
P69,2	25610	25611
P41,3	25612	25613
P91,3	25614	25615
P120,2	25616	25617
P118,2	25618	25619
P156,2	25620	25621
P123,3	25622	25623
P38,3	25624	25625
P40,3	25626	25627
P161,3	25628	25629
P122,3	25630	25631
P28,3	25632	25633
P92,2	25634	25635
P162,2	25636	25637
P95,3	25638	25639
P4,3	25640	25641
P127,2	25642	25643
P96,2	25644	25645
P126,2	25646	25647
P58,3	25648	25648
P75,3	25649	25650
P131,3	25651	25651
P130,2	25652	25653
P30,3	25654	25655
P97,2	25656	25657
P43,3	25658	25659
P132,3	25660	25661
P133,3	25662	25663
P137,3	25664	25665
P173,2	25666	25667
P176,2	25668	25669
P100,2	25670	25671
P61,2	25672	25673
P99,2	25674	25675
P177,3	25676	25677
P181,2	25678	25679
P184,2	25680	25681
P139,3	25682	25683
P102,3	25684	25685
P189,3	25686	25687
P78,3	25688	25689
P34,3	25690	25691
P64,2	25692	25693
P31,3	25694	25695
P80,3	25696	25697
P106,2	25698	25699
P188,2	25700	25701
P49,3	25702	25703
P35,2	25704	25705
P143,2	25706	25707
P107,2	25708	25709
P33,3	25710	25711
P109,2	25712	25713
P111,2	25714	25715
P81,2	25716	25717
P19,3	25718	25719
P146,3	25720	25721
P83,3	25722	25723
P85,2	25724	25725
P65,3	25726	25727
P195,3	25728	25729
P17,2	25730	25731
P50,3	25732	25733
P112,3	25734	25735
P66,3	25736	25737
P67,3	25738	25739
P149,3	25740	25741
P26,2	25742	25743
P200,2	25744	25745
P153,2	25746	25747
P25,2	25748	25749
P152,2	25750	25751
P69,2	25752	25753
P91,3	25754	25755
P120,2	25756	25757
P118,2	25758	25759
P156,2	25760	25761
P123,3	25762	25763
P38,3	25764	25765
P40,3	25766	25767
P161,3	25768	25769
P122,3	25770	25771
P28,3	25772	25773
P92,2	25774	25775
P162,2	25776	25777
P95,3	25778	25779
P4,3	25780	25781
P127,2	25782	25783
P96,2	25784	25785
P126,2	25786	25787
P75,3	25788	25789
P130,2	25790	25791
P30,3	25792	25793
P97,2	25794	25795
P43,3	25796	25797
P132,3	25798	25799
P133,3	25800	25801
P137,3	25802	25803
P173,2	25804	25805
P176,2	25806	25807
P100,2	25808	25809
P61,2	25810	25811
P99,2	25812	25813
P177,3	25814	25815
P181,2	25816	25817
P184,2	25818	25819
P139,3	25820	25821
P102,3	25822	25823
P189,3	25824	25825
P78,3	25826	25827
P34,3	25828	25829
P64,2	25830	25831
P31,3	25832	25833
P80,3	25834	25835
P188,2	25836	25837
P49,3	25838	25839
P35,2	25840	25841
P143,2	25842	25843
P107,2	25844	25845
P33,3	25846	25847
P109,2	25848	25849
P111,2	25850	25851
P81,2	25852	25853
P19,3	25854	25855
P146,3	25856	25857
P83,3	25858	25859
P85,2	25860	25861
P65,3	25862	25863
P195,3	25864	25865
P17,2	25866	25867
P50,3	25868	25869
P112,3	25870	25871
P66,3	25872	25873
P67,3	25874	25875
P149,3	25876	25877
P26,2	25878	25879
P200,2	25880	25881
P153,2	25882	25883
P25,2	25884	25885
P152,2	25886	25887
P69,2	25888	25889
P91,3	25890	25890
P120,2	25891	25892
P118,2	25893	25894
P156,2	25895	25896
P123,3	25897	25898
P38,3	25899	25900
P40,3	25901	25902
P161,3	25903	25904
P122,3	25905	25906
P28,3	25907	25908
P92,2	25909	25909
P162,2	25910	25911
P95,3	25912	25913
P4,3	25914	25915
P127,2	25916	25917
P96,2	25918	25919
P126,2	25920	25921
P75,3	25922	25922
P130,2	25923	25924
P30,3	25925	25926
P97,2	25927	25927
P43,3	25928	25929
P132,3	25930	25931
P133,3	25932	25933
P137,3	25934	25935
P173,2	25936	25937
P176,2	25938	25939
P100,2	25940	25941
P61,2	25942	25943
P99,2	25944	25945
P177,3	25946	25947
P181,2	25948	25949
P184,2	25950	25951
P139,3	25952	25953
P102,3	25954	25955
P189,3	25956	25957
P78,3	25958	25959
P34,3	25960	25961
P64,2	25962	25963
P31,3	25964	25965
P80,3	25966	25967
P188,2	25968	25969
P49,3	25970	25971
P35,2	25972	25973
P143,2	25974	25975
P107,2	25976	25977
P33,3	25978	25979
P109,2	25980	25980
P111,2	25981	25982
P81,2	25983	25984
P19,3	25985	25986
P146,3	25987	25988
P83,3	25989	25990
P85,2	25991	25992
P65,3	25993	25994
P195,3	25995	25996
P17,2	25997	25998
P112,3	25999	26000
P66,3	26001	26002
P67,3	26003	26004
P149,3	26005	26006
P26,2	26007	26008
P200,2	26009	26010
P153,2	26011	26012
P25,2	26013	26014
P152,2	26015	26016
P69,2	26017	26018
P120,2	26019	26020
P118,2	26021	26022
P156,2	26023	26024
P123,3	26025	26026
P38,3	26027	26028
P40,3	26029	26030
P161,3	26031	26032
P122,3	26033	26034
P28,3	26035	26036
P162,2	26037	26038
P95,3	26039	26040
P4,3	26041	26042
P127,2	26043	26044
P96,2	26045	26046
P97,3	26047	26048
P126,2	26049	26050
P130,2	26051	26052
P30,3	26053	26054
P43,3	26055	26056
P132,3	26057	26058
P133,3	26059	26060
P137,3	26061	26062
P173,2	26063	26064
P176,2	26065	26066
P100,2	26067	26068
P61,2	26069	26070
P99,2	26071	26072
P177,3	26073	26074
P181,2	26075	26076
P184,2	26077	26078
P139,3	26079	26080
P102,3	26081	26082
P189,3	26083	26084
P78,3	26085	26086
P34,3	26087	26088
P64,2	26089	26090
P31,3	26091	26092
P80,3	26093	26094
P188,2	26095	26096
P49,3	26097	26098
P143,2	26099	26100
P107,2	26101	26102
P33,3	26103	26104
P111,2	26105	26106
P81,2	26107	26108
P19,3	26109	26110
P146,3	26111	26112
P83,3	26113	26114
P85,2	26115	26116
P65,3	26117	26118
P195,3	26119	26120
P17,3	26121	26122
P112,3	26123	26124
P66,3	26125	26126
P67,3	26127	26128
P149,3	26129	26130
P26,2	26131	26132
P200,2	26133	26134
P153,2	26135	26136
P25,2	26137	26138
P152,2	26139	26140
P69,2	26141	26142
P120,2	26143	26144
P118,2	26145	26146
P156,2	26147	26148
P123,3	26149	26150
P38,3	26151	26152
P40,3	26153	26154
P161,3	26155	26156
P122,3	26157	26158
P28,3	26159	26160
P162,2	26161	26162
P95,3	26163	26164
P4,3	26165	26166
P127,2	26167	26168
P97,3	26169	26170
P126,2	26171	26172
P96,3	26173	26174
P130,2	26175	26176
P30,3	26177	26178
P43,3	26179	26180
P132,3	26181	26182
P133,3	26183	26184
P137,3	26185	26186
P173,2	26187	26188
P176,2	26189	26190
P100,2	26191	26192
P61,2	26193	26194
P99,2	26195	26196
P177,3	26197	26198
P181,2	26199	26200
P184,2	26201	26202
P139,3	26203	26204
P102,3	26205	26206
P189,3	26207	26208
P78,3	26209	26210
P34,3	26211	26212
P64,2	26213	26214
P31,3	26215	26216
P80,3	26217	26218
P188,2	26219	26220
P49,3	26221	26222
P143,2	26223	26224
P107,2	26225	26226
P33,3	26227	26228
P111,2	26229	26229
P81,2	26230	26231
P19,3	26232	26233
P146,3	26234	26235
P83,3	26236	26237
P65,3	26238	26239
P195,3	26240	26241
P17,3	26242	26243
P112,3	26244	26245
P66,3	26246	26247
P67,3	26248	26249
P149,3	26250	26251
P26,2	26252	26253
P200,2	26254	26255
P153,2	26256	26257
P25,2	26258	26259
P152,2	26260	26261
P69,2	26262	26263
P120,2	26264	26265
P118,2	26266	26267
P156,2	26268	26269
P123,3	26270	26271
P38,3	26272	26273
P40,3	26274	26275
P161,3	26276	26277
P122,3	26278	26279
P28,3	26280	26281
P162,2	26282	26283
P95,3	26284	26285
P4,3	26286	26287
P127,2	26288	26289
P97,3	26290	26291
P126,2	26292	26293
P96,3	26294	26295
P130,2	26296	26297
P30,3	26298	26299
P43,3	26300	26301
P132,3	26302	26303
P133,3	26304	26305
P137,3	26306	26307
P173,2	26308	26309
P176,2	26310	26311
P100,2	26312	26313
P61,2	26314	26315
P99,2	26316	26317
P177,3	26318	26319
P181,2	26320	26321
P184,2	26322	26323
P139,3	26324	26325
P102,3	26326	26327
P189,3	26328	26329
P78,3	26330	26331
P34,3	26332	26333
P64,2	26334	26335
P31,3	26336	26337
P80,3	26338	26339
P111,3	26340	26341
P188,2	26342	26343
P49,3	26344	26345
P143,2	26346	26347
P107,2	26348	26349
P33,3	26350	26351
P81,2	26352	26353
P19,3	26354	26355
P146,3	26356	26357
P83,3	26358	26359
P65,3	26360	26361
P195,3	26362	26363
P17,3	26364	26365
P112,3	26366	26367
P66,3	26368	26369
P67,3	26370	26371
P149,3	26372	26373
P26,2	26374	26375
P200,2	26376	26377
P153,2	26378	26379
P25,2	26380	26381
P152,2	26382	26383
P69,2	26384	26385
P120,2	26386	26387
P118,2	26388	26389
P156,2	26390	26391
P123,3	26392	26393
P38,3	26394	26395
P40,3	26396	26397
P161,3	26398	26399
P122,3	26400	26401
P28,3	26402	26403
P162,2	26404	26405
P95,3	26406	26407
P4,3	26408	26409
P127,2	26410	26411
P97,3	26412	26413
P96,3	26414	26415
P130,2	26416	26417
P30,3	26418	26419
P43,3	26420	26421
P132,3	26422	26423
P133,3	26424	26425
P137,3	26426	26427
P173,2	26428	26429
P176,2	26430	26431
P100,2	26432	26433
P61,2	26434	26435
P99,2	26436	26437
P177,3	26438	26439
P181,2	26440	26441
P184,2	26442	26443
P139,3	26444	26445
P102,3	26446	26447
P189,3	26448	26449
P78,3	26450	26451
P34,3	26452	26453
P64,2	26454	26455
P31,3	26456	26457
P111,3	26458	26459
P188,2	26460	26461
P49,3	26462	26463
P107,2	26464	26465
P33,3	26466	26467
P81,2	26468	26469
P143,3	26470	26471
P19,3	26472	26473
P146,3	26474	26475
P83,3	26476	26477
P65,3	26478	26479
P195,3	26480	26481
P17,3	26482	26483
P112,3	26484	26485
P66,3	26486	26487
P67,3	26488	26489
P149,3	26490	26491
P26,2	26492	26493
P200,2	26494	26495
P153,2	26496	26497
P25,2	26498	26499
P152,2	26500	26501
P69,2	26502	26503
P120,2	26504	26505
P118,2	26506	26507
P156,2	26508	26509
P123,3	26510	26511
P38,3	26512	26513
P40,3	26514	26515
P161,3	26516	26517
P122,3	26518	26519
P28,3	26520	26521
P162,2	26522	26523
P95,3	26524	26525
P4,3	26526	26527
P127,2	26528	26529
P97,3	26530	26531
P96,3	26532	26533
P130,2	26534	26535
P30,3	26536	26537
P43,3	26538	26539
P132,3	26540	26541
P133,3	26542	26543
P137,3	26544	26545
P173,2	26546	26547
P176,2	26548	26549
P100,2	26550	26551
P61,2	26552	26553
P99,2	26554	26555
P177,3	26556	26557
P181,2	26558	26559
P184,2	26560	26561
P139,3	26562	26563
P102,3	26564	26565
P189,3	26566	26567
P78,3	26568	26569
P34,3	26570	26571
P64,2	26572	26573
P31,3	26574	26575
P111,3	26576	26577
P188,2	26578	26579
P49,3	26580	26581
P107,2	26582	26583
P33,3	26584	26585
P81,2	26586	26587
P143,3	26588	26589
P19,3	26590	26591
P146,3	26592	26593
P83,3	26594	26595
P65,3	26596	26597
P195,3	26598	26599
P17,3	26600	26601
P112,3	26602	26603
P66,3	26604	26605
P67,3	26606	26607
P149,3	26608	26609
P26,2	26610	26611
P200,2	26612	26613
P153,2	26614	26614
P25,2	26615	26616
P152,2	26617	26618
P69,2	26619	26620
P120,2	26621	26622
P118,2	26623	26624
P156,2	26625	26626
P123,3	26627	26628
P38,3	26629	26630
P40,3	26631	26632
P161,3	26633	26634
P122,3	26635	26636
P162,2	26637	26638
P95,3	26639	26640
P4,3	26641	26642
P127,2	26643	26644
P97,3	26645	26646
P96,3	26647	26648
P130,2	26649	26650
P30,3	26651	26652
P43,3	26653	26654
P132,3	26655	26656
P133,3	26657	26658
P137,3	26659	26660
P173,2	26661	26662
P176,2	26663	26663
P100,2	26664	26665
P61,2	26666	26667
P99,2	26668	26669
P177,3	26670	26671
P181,2	26672	26673
P184,2	26674	26675
P139,3	26676	26677
P102,3	26678	26679
P189,3	26680	26681
P78,3	26682	26683
P34,3	26684	26685
P64,2	26686	26687
P31,3	26688	26689
P111,3	26690	26691
P188,2	26692	26693
P49,3	26694	26695
P107,2	26696	26696
P33,3	26697	26698
P81,2	26699	26700
P143,3	26701	26702
P19,3	26703	26704
P146,3	26705	26706
P83,3	26707	26708
P65,3	26709	26710
P195,3	26711	26712
P17,3	26713	26714
P112,3	26715	26716
P66,3	26717	26718
P67,3	26719	26720
P149,3	26721	26722
P26,2	26723	26724
P200,2	26725	26726
P25,2	26727	26728
P152,2	26729	26730
P69,2	26731	26732
P120,2	26733	26734
P118,2	26735	26736
P156,2	26737	26738
P123,3	26739	26740
P38,3	26741	26742
P40,3	26743	26744
P161,3	26745	26746
P122,3	26747	26748
P162,2	26749	26750
P95,3	26751	26752
P4,3	26753	26754
P127,2	26755	26756
P97,3	26757	26758
P96,3	26759	26760
P130,2	26761	26762
P30,3	26763	26764
P43,3	26765	26766
P132,3	26767	26768
P133,3	26769	26770
P137,3	26771	26772
P173,2	26773	26774
P100,2	26775	26776
P61,2	26777	26778
P99,2	26779	26780
P177,3	26781	26782
P181,2	26783	26784
P184,2	26785	26786
P139,3	26787	26788
P102,3	26789	26790
P189,3	26791	26792
P78,3	26793	26794
P34,3	26795	26796
P64,2	26797	26798
P31,3	26799	26800
P111,3	26801	26802
P188,2	26803	26804
P49,3	26805	26806
P33,3	26807	26808
P107,3	26809	26810
P81,2	26811	26812
P143,3	26813	26814
P19,3	26815	26816
P146,3	26817	26818
P83,3	26819	26820
P65,3	26821	26822
P195,3	26823	26824
P17,3	26825	26826
P112,3	26827	26827
P66,3	26828	26829
P67,3	26830	26831
P149,3	26832	26833
P26,2	26834	26835
P200,2	26836	26837
P25,2	26838	26839
P152,2	26840	26841
P69,2	26842	26843
P120,2	26844	26845
P118,2	26846	26847
P156,2	26848	26849
P123,3	26850	26851
P38,3	26852	26853
P40,3	26854	26855
P161,3	26856	26857
P122,3	26858	26859
P162,2	26860	26861
P95,3	26862	26863
P4,3	26864	26865
P127,2	26866	26867
P97,3	26868	26869
P96,3	26870	26871
P130,2	26872	26873
P30,3	26874	26875
P43,3	26876	26877
P132,3	26878	26879
P133,3	26880	26881
P137,3	26882	26883
P173,2	26884	26885
P100,2	26886	26887
P61,3	26888	26889
P99,2	26890	26891
P177,3	26892	26893
P181,2	26894	26895
P184,2	26896	26896
P139,3	26897	26898
P102,3	26899	26900
P189,3	26901	26902
P78,3	26903	26904
P34,3	26905	26906
P64,2	26907	26908
P31,3	26909	26910
P111,3	26911	26912
P188,2	26913	26914
P49,3	26915	26916
P33,3	26917	26918
P107,3	26919	26920
P81,2	26921	26922
P143,3	26923	26924
P19,3	26925	26926
P146,3	26927	26928
P83,3	26929	26930
P65,3	26931	26932
P195,3	26933	26934
P17,3	26935	26936
P66,3	26937	26938
P67,3	26939	26940
P149,3	26941	26942
P200,2	26943	26944
P25,2	26945	26946
P152,2	26947	26948
P69,2	26949	26950
P120,2	26951	26952
P118,2	26953	26954
P156,2	26955	26956
P123,3	26957	26958
P38,3	26959	26960
P40,3	26961	26962
P161,3	26963	26964
P122,3	26965	26966
P162,2	26967	26968
P95,3	26969	26970
P4,3	26971	26972
P127,2	26973	26974
P97,3	26975	26976
P96,3	26977	26978
P130,2	26979	26980
P30,3	26981	26982
P43,3	26983	26984
P132,3	26985	26986
P133,3	26987	26988
P137,3	26989	26990
P173,2	26991	26992
P100,2	26993	26994
P61,3	26995	26996
P99,2	26997	26998
P177,3	26999	27000
P181,2	27001	27002
P139,3	27003	27004
P184,3	27005	27006
P102,3	27007	27008
P189,3	27009	27010
P78,3	27011	27012
P34,3	27013	27014
P64,2	27015	27016
P31,3	27017	27018
P111,3	27019	27020
P188,2	27021	27022
P49,3	27023	27023
P33,3	27024	27025
P107,3	27026	27027
P81,2	27028	27029
P143,3	27030	27031
P19,3	27032	27033
P146,3	27034	27035
P83,3	27036	27037
P65,3	27038	27039
P195,3	27040	27041
P17,3	27042	27043
P66,3	27044	27045
P67,3	27046	27047
P149,3	27048	27049
P200,2	27050	27051
P25,2	27052	27053
P69,2	27054	27055
P120,2	27056	27057
P118,2	27058	27059
P156,2	27060	27061
P123,3	27062	27063
P38,3	27064	27065
P40,3	27066	27067
P161,3	27068	27069
P122,3	27070	27071
P162,2	27072	27073
P95,3	27074	27075
P4,3	27076	27077
P127,2	27078	27079
P97,3	27080	27081
P96,3	27082	27083
P130,2	27084	27085
P30,3	27086	27087
P43,3	27088	27089
P132,3	27090	27090
P133,3	27091	27092
P137,3	27093	27094
P173,2	27095	27096
P100,2	27097	27097
P61,3	27098	27099
P99,2	27100	27101
P177,3	27102	27103
P181,2	27104	27105
P139,3	27106	27107
P184,3	27108	27109
P102,3	27110	27111
P189,3	27112	27113
P78,3	27114	27115
P34,3	27116	27117
P64,2	27118	27119
P31,3	27120	27121
P111,3	27122	27123
P188,2	27124	27125
P33,3	27126	27127
P107,3	27128	27129
P81,2	27130	27131
P143,3	27132	27133
P19,3	27134	27135
P146,3	27136	27137
P83,3	27138	27139
P65,3	27140	27141
P195,3	27142	27143
P17,3	27144	27145
P66,3	27146	27147
P149,3	27148	27149
P200,2	27150	27151
P25,2	27152	27153
P69,2	27154	27155
P120,2	27156	27157
P118,2	27158	27159
P156,2	27160	27161
P123,3	27162	27163
P38,3	27164	27165
P40,3	27166	27167
P161,3	27168	27169
P122,3	27170	27171
P162,2	27172	27173
P95,3	27174	27175
P4,3	27176	27177
P127,2	27178	27179
P97,3	27180	27181
P96,3	27182	27183
P130,2	27184	27185
P30,3	27186	27187
P43,3	27188	27189
P133,3	27190	27191
P137,3	27192	27193
P173,2	27194	27195
P61,3	27196	27197
P100,3	27198	27199
P99,2	27200	27200
P177,3	27201	27201
P181,2	27202	27203
P139,3	27204	27205
P184,3	27206	27207
P102,3	27208	27209
P189,3	27210	27211
P78,3	27212	27213
P34,3	27214	27215
P64,2	27216	27217
P31,3	27218	27219
P111,3	27220	27221
P188,2	27222	27223
P33,3	27224	27225
P107,3	27226	27227
P81,2	27228	27229
P143,3	27230	27231
P19,3	27232	27233
P146,3	27234	27235
P83,3	27236	27237
P65,3	27238	27239
P195,3	27240	27241
P17,3	27242	27243
P66,3	27244	27245
P149,3	27246	27247
P200,2	27248	27249
P25,2	27250	27251
P69,2	27252	27252
P120,2	27253	27254
P118,2	27255	27256
P156,2	27257	27258
P123,3	27259	27260
P38,3	27261	27262
P40,3	27263	27264
P161,3	27265	27266
P122,3	27267	27268
P162,2	27269	27270
P95,3	27271	27272
P4,3	27273	27274
P127,2	27275	27276
P97,3	27277	27278
P96,3	27279	27280
P130,2	27281	27282
P30,3	27283	27284
P43,3	27285	27286
P133,3	27287	27288
P137,3	27289	27290
P173,2	27291	27292
P61,3	27293	27294
P100,3	27295	27296
P99,3	27297	27298
P139,3	27299	27300
P181,3	27301	27302
P184,3	27303	27304
P102,3	27305	27306
P189,3	27307	27308
P78,3	27309	27310
P34,3	27311	27312
P64,2	27313	27314
P31,3	27315	27316
P111,3	27317	27318
P188,2	27319	27320
P33,3	27321	27322
P107,3	27323	27324
P81,2	27325	27326
P143,3	27327	27328
P19,3	27329	27329
P146,3	27330	27331
P83,3	27332	27333
P65,3	27334	27335
P195,3	27336	27337
P17,3	27338	27339
P66,3	27340	27341
P149,3	27342	27343
P25,2	27344	27345
P118,2	27346	27347
P200,3	27348	27349
P156,2	27350	27351
P120,3	27352	27353
P123,3	27354	27355
P38,3	27356	27357
P40,3	27358	27359
P161,3	27360	27361
P122,3	27362	27363
P95,3	27364	27365
P4,3	27366	27367
P162,3	27368	27369
P127,2	27370	27371
P97,3	27372	27373
P96,3	27374	27375
P130,2	27376	27377
P30,3	27378	27379
P43,3	27380	27381
P133,3	27382	27383
P137,3	27384	27385
P173,2	27386	27387
P61,3	27388	27389
P100,3	27390	27391
P99,3	27392	27393
P139,3	27394	27395
P181,3	27396	27397
P184,3	27398	27399
P102,3	27400	27401
P189,3	27402	27403
P78,3	27404	27405
P34,3	27406	27407
P64,2	27408	27409
P31,3	27410	27411
P111,3	27412	27413
P188,2	27414	27415
P33,3	27416	27417
P107,3	27418	27419
P81,2	27420	27421
P143,3	27422	27423
P146,3	27424	27425
P83,3	27426	27427
P65,3	27428	27429
P195,3	27430	27431
P17,3	27432	27433
P66,3	27434	27435
P149,3	27436	27437
P25,2	27438	27439
P118,2	27440	27441
P200,3	27442	27443
P156,2	27444	27445
P120,3	27446	27447
P123,3	27448	27449
P38,3	27450	27451
P40,3	27452	27452
P161,3	27453	27453
P122,3	27454	27455
P95,3	27456	27457
P4,3	27458	27459
P162,3	27460	27461
P127,2	27462	27463
P97,3	27464	27465
P96,3	27466	27467
P130,2	27468	27469
P43,3	27470	27471
P133,3	27472	27473
P137,3	27474	27475
P173,2	27476	27477
P61,3	27478	27479
P100,3	27480	27481
P99,3	27482	27483
P139,3	27484	27485
P181,3	27486	27487
P184,3	27488	27489
P102,3	27490	27491
P189,3	27492	27493
P78,3	27494	27495
P34,3	27496	27497
P64,2	27498	27499
P31,3	27500	27501
P111,3	27502	27503
P188,2	27504	27505
P33,3	27506	27507
P107,3	27508	27509
P143,3	27510	27511
P81,3	27512	27513
P146,3	27514	27515
P83,3	27516	27516
P65,3	27517	27518
P195,3	27519	27520
P17,3	27521	27522
P66,3	27523	27524
P149,3	27525	27526
P25,2	27527	27528
P118,2	27529	27530
P200,3	27531	27532
P156,2	27533	27534
P120,3	27535	27536
P123,3	27537	27538
P38,3	27539	27540
P122,3	27541	27542
P95,3	27543	27544
P4,3	27545	27546
P162,3	27547	27548
P127,2	27549	27550
P97,3	27551	27552
P96,3	27553	27554
P130,2	27555	27556
P43,3	27557	27558
P133,3	27559	27560
P137,3	27561	27562
P173,2	27563	27564
P61,3	27565	27566
P100,3	27567	27568
P99,3	27569	27570
P139,3	27571	27572
P181,3	27573	27574
P184,3	27575	27576
P102,3	27577	27578
P189,3	27579	27580
P78,3	27581	27582
P34,3	27583	27584
P64,2	27585	27586
P31,3	27587	27588
P111,3	27589	27590
P188,2	27591	27592
P33,3	27593	27594
P107,3	27595	27596
P143,3	27597	27598
P81,3	27599	27600
P146,3	27601	27602
P65,3	27603	27604
P195,3	27605	27606
P17,3	27607	27608
P66,3	27609	27610
P149,3	27611	27612
P25,2	27613	27614
P118,2	27615	27616
P200,3	27617	27618
P120,3	27619	27620
P123,3	27621	27622
P38,3	27623	27624
P122,3	27625	27626
P95,3	27627	27628
P4,3	27629	27630
P162,3	27631	27632
P127,2	27633	27634
P97,3	27635	27636
P96,3	27637	27638
P130,2	27639	27640
P43,3	27641	27642
P133,3	27643	27644
P137,3	27645	27645
P173,2	27646	27647
P61,3	27648	27649
P100,3	27650	27651
P99,3	27652	27653
P139,3	27654	27655
P181,3	27656	27657
P184,3	27658	27659
P102,3	27660	27661
P189,3	27662	27663
P78,3	27664	27665
P34,3	27666	27667
P31,3	27668	27668
P111,3	27669	27670
P64,3	27671	27672
P188,2	27673	27674
P33,3	27675	27676
P107,3	27677	27678
P143,3	27679	27680
P81,3	27681	27682
P146,3	27683	27684
P65,3	27685	27686
P195,3	27687	27688
P17,3	27689	27690
P66,3	27691	27692
P149,3	27693	27694
P25,2	27695	27696
P118,2	27697	27698
P200,3	27699	27700
P120,3	27701	27702
P123,3	27703	27704
P38,3	27705	27706
P122,3	27707	27708
P95,3	27709	27710
P4,3	27711	27712
P162,3	27713	27714
P127,2	27715	27716
P97,3	27717	27718
P96,3	27719	27720
P130,2	27721	27721
P43,3	27722	27723
P133,3	27724	27725
P173,2	27726	27727
P61,3	27728	27729
P100,3	27730	27731
P99,3	27732	27733
P139,3	27734	27735
P181,3	27736	27737
P184,3	27738	27739
P102,3	27740	27741
P189,3	27742	27742
P78,3	27743	27744
P34,3	27745	27746
P111,3	27747	27748
P64,3	27749	27750
P188,2	27751	27752
P33,3	27753	27754
P107,3	27755	27756
P143,3	27757	27758
P81,3	27759	27760
P146,3	27761	27762
P65,3	27763	27764
P195,3	27765	27766
P17,3	27767	27768
P66,3	27769	27770
P149,3	27771	27772
P25,2	27773	27774
P118,2	27775	27776
P200,3	27777	27778
P120,3	27779	27780
P123,3	27781	27782
P38,3	27783	27784
P122,3	27785	27786
P95,3	27787	27788
P4,3	27789	27790
P162,3	27791	27792
P127,2	27793	27794
P97,3	27795	27796
P96,3	27797	27798
P43,3	27799	27800
P133,3	27801	27802
P173,2	27803	27804
P61,3	27805	27806
P100,3	27807	27808
P99,3	27809	27810
P139,3	27811	27812
P181,3	27813	27814
P184,3	27815	27816
P102,3	27817	27818
P78,3	27819	27819
P34,3	27820	27821
P111,3	27822	27823
P64,3	27824	27825
P33,3	27826	27827
P107,3	27828	27829
P143,3	27830	27831
P81,3	27832	27833
P65,3	27834	27835
P195,3	27836	27837
P17,3	27838	27839
P66,3	27840	27841
P149,3	27842	27843
P25,2	27844	27845
P118,2	27846	27847
P200,3	27848	27849
P120,3	27850	27851
P123,3	27852	27853
P38,3	27854	27855
P122,3	27856	27857
P95,3	27858	27859
P4,3	27860	27861
P162,3	27862	27863
P127,2	27864	27865
P97,3	27866	27867
P96,3	27868	27869
P43,3	27870	27871
P133,3	27872	27873
P173,2	27874	27875
P61,3	27876	27877
P100,3	27878	27879
P99,3	27880	27881
P139,3	27882	27883
P181,3	27884	27885
P184,3	27886	27887
P102,3	27888	27889
P34,3	27890	27891
P111,3	27892	27893
P64,3	27894	27895
P33,3	27896	27897
P107,3	27898	27899
P143,3	27900	27901
P81,3	27902	27903
P195,3	27904	27905
P17,3	27906	27907
P66,3	27908	27909
P149,3	27910	27911
P25,2	27912	27913
P118,2	27914	27915
P200,3	27916	27917
P120,3	27918	27919
P123,3	27920	27921
P38,3	27922	27923
P122,3	27924	27925
P95,3	27926	27926
P4,3	27927	27928
P162,3	27929	27930
P127,2	27931	27932
P97,3	27933	27934
P96,3	27935	27936
P43,3	27937	27937
P133,3	27938	27939
P173,2	27940	27941
P61,3	27942	27943
P100,3	27944	27945
P99,3	27946	27947
P139,3	27948	27949
P181,3	27950	27951
P184,3	27952	27953
P102,3	27954	27955
P34,3	27956	27957
P111,3	27958	27959
P64,3	27960	27961
P33,3	27962	27963
P107,3	27964	27965
P143,3	27966	27967
P81,3	27968	27969
P195,3	27970	27971
P17,3	27972	27973
P66,3	27974	27975
P149,3	27976	27977
P25,2	27978	27979
P118,2	27980	27981
P200,3	27982	27983
P120,3	27984	27985
P123,3	27986	27986
P38,3	27987	27988
P122,3	27989	27990
P4,3	27991	27992
P162,3	27993	27994
P127,2	27995	27996
P97,3	27997	27998
P96,3	27999	28000
P133,3	28001	28002
P173,2	28003	28004
P61,3	28005	28006
P100,3	28007	28008
P99,3	28009	28010
P139,3	28011	28012
P181,3	28013	28014
P184,3	28015	28016
P102,3	28017	28018
P34,3	28019	28020
P111,3	28021	28022
P64,3	28023	28024
P33,3	28025	28026
P107,3	28027	28028
P143,3	28029	28030
P81,3	28031	28032
P195,3	28033	28034
P17,3	28035	28036
P66,3	28037	28038
P149,3	28039	28040
P25,2	28041	28042
P118,2	28043	28044
P200,3	28045	28046
P120,3	28047	28048
P38,3	28049	28050
P122,3	28051	28052
P4,3	28053	28054
P162,3	28055	28056
P127,2	28057	28058
P97,3	28059	28060
P96,3	28061	28062
P133,3	28063	28064
P173,2	28065	28065
P61,3	28066	28067
P100,3	28068	28069
P99,3	28070	28071
P139,3	28072	28072
P181,3	28073	28074
P184,3	28075	28076
P102,3	28077	28078
P34,3	28079	28080
P111,3	28081	28082
P64,3	28083	28084
P33,3	28085	28086
P107,3	28087	28088
P143,3	28089	28090
P81,3	28091	28092
P195,3	28093	28094
P17,3	28095	28096
P66,3	28097	28098
P149,3	28099	28100
P25,2	28101	28102
P118,2	28103	28103
P200,3	28104	28105
P120,3	28106	28107
P38,3	28108	28109
P122,3	28110	28111
P4,3	28112	28113
P162,3	28114	28115
P127,2	28116	28117
P173,3	28118	28119
P97,3	28120	28121
P96,3	28122	28123
P133,3	28124	28125
P61,3	28126	28127
P100,3	28128	28129
P99,3	28130	28131
P181,3	28132	28133
P184,3	28134	28135
P102,3	28136	28137
P34,3	28138	28139
P111,3	28140	28141
P64,3	28142	28143
P33,3	28144	28145
P107,3	28146	28147
P143,3	28148	28149
P81,3	28150	28151
P195,3	28152	28153
P17,3	28154	28155
P66,3	28156	28157
P149,3	28158	28159
P25,2	28160	28160
P200,3	28161	28162
P120,3	28163	28164
P38,3	28165	28166
P122,3	28167	28168
P4,3	28169	28170
P162,3	28171	28172
P127,2	28173	28174
P173,3	28175	28176
P97,3	28177	28178
P96,3	28179	28180
P133,3	28181	28182
P61,3	28183	28184
P100,3	28185	28186
P99,3	28187	28188
P181,3	28189	28190
P184,3	28191	28192
P102,3	28193	28194
P34,3	28195	28196
P111,3	28197	28198
P64,3	28199	28200
P33,3	28201	28202
P107,3	28203	28204
P143,3	28205	28206
P81,3	28207	28208
P195,3	28209	28210
P17,3	28211	28212
P66,3	28213	28214
P149,3	28215	28216
P25,3	28217	28218
P200,3	28219	28220
P120,3	28221	28222
P38,3	28223	28224
P122,3	28225	28226
P4,3	28227	28228
P162,3	28229	28230
P173,3	28231	28232
P127,3	28233	28234
P97,3	28235	28236
P96,3	28237	28238
P133,3	28239	28240
P61,3	28241	28242
P100,3	28243	28244
P99,3	28245	28246
P181,3	28247	28248
P184,3	28249	28250
P102,3	28251	28252
P111,3	28253	28254
P64,3	28255	28256
P33,3	28257	28258
P107,3	28259	28260
P143,3	28261	28262
P81,3	28263	28264
P195,3	28265	28266
P17,3	28267	28268
P66,3	28269	28270
P149,3	28271	28272
P25,3	28273	28274
P200,3	28275	28276
P120,3	28277	28278
P38,3	28279	28280
P122,3	28281	28282
P4,3	28283	28284
P162,3	28285	28286
P173,3	28287	28288
P127,3	28289	28290
P97,3	28291	28292
P96,3	28293	28294
P133,3	28295	28296
P61,3	28297	28298
P100,3	28299	28300
P99,3	28301	28302
P181,3	28303	28304
P184,3	28305	28306
P102,3	28307	28308
P111,3	28309	28310
P64,3	28311	28312
P33,3	28313	28314
P107,3	28315	28316
P143,3	28317	28318
P81,3	28319	28320
P195,3	28321	28322
P17,3	28323	28324
P66,3	28325	28326
P149,3	28327	28328
P25,3	28329	28330
P200,3	28331	28332
P120,3	28333	28334
P38,3	28335	28336
P122,3	28337	28338
P4,3	28339	28340
P162,3	28341	28342
P173,3	28343	28344
P127,3	28345	28346
P97,3	28347	28348
P96,3	28349	28350
P133,3	28351	28351
P61,3	28352	28353
P100,3	28354	28355
P99,3	28356	28357
P181,3	28358	28359
P184,3	28360	28361
P102,3	28362	28363
P111,3	28364	28365
P64,3	28366	28367
P33,3	28368	28369
P107,3	28370	28371
P143,3	28372	28373
P81,3	28374	28375
P195,3	28376	28377
P17,3	28378	28379
P66,3	28380	28381
P149,3	28382	28383
P25,3	28384	28385
P200,3	28386	28387
P120,3	28388	28389
P38,3	28390	28391
P122,3	28392	28393
P4,3	28394	28395
P162,3	28396	28397
P173,3	28398	28399
P127,3	28400	28401
P97,3	28402	28403
P96,3	28404	28405
P61,3	28406	28407
P100,3	28408	28409
P99,3	28410	28411
P181,3	28412	28413
P184,3	28414	28415
P102,3	28416	28417
P111,3	28418	28419
P64,3	28420	28421
P33,3	28422	28423
P107,3	28424	28425
P143,3	28426	28427
P81,3	28428	28429
P17,3	28430	28431
P66,3	28432	28433
P149,3	28434	28435
P25,3	28436	28437
P200,3	28438	28439
P120,3	28440	28441
P38,3	28442	28443
P122,3	28444	28445
P4,3	28446	28447
P162,3	28448	28449
P173,3	28450	28451
P127,3	28452	28453
P97,3	28454	28455
P96,3	28456	28457
P61,3	28458	28459
P100,3	28460	28461
P99,3	28462	28463
P181,3	28464	28465
P184,3	28466	28467
P102,3	28468	28469
P111,3	28470	28471
P64,3	28472	28473
P107,3	28474	28475
P143,3	28476	28477
P81,3	28478	28479
P17,3	28480	28481
P66,3	28482	28483
P149,3	28484	28485
P25,3	28486	28487
P200,3	28488	28489
P120,3	28490	28491
P38,3	28492	28493
P122,3	28494	28495
P4,3	28496	28497
P162,3	28498	28499
P173,3	28500	28501
P127,3	28502	28503
P97,3	28504	28505
P96,3	28506	28507
P61,3	28508	28509
P100,3	28510	28511
P99,3	28512	28513
P181,3	28514	28515
P184,3	28516	28516
P102,3	28517	28518
P111,3	28519	28520
P64,3	28521	28522
P107,3	28523	28524
P143,3	28525	28526
P81,3	28527	28528
P17,3	28529	28530
P66,3	28531	28532
P149,3	28533	28534
P25,3	28535	28536
P200,3	28537	28538
P120,3	28539	28540
P38,3	28541	28542
P122,3	28543	28544
P4,3	28545	28546
P162,3	28547	28548
P173,3	28549	28550
P127,3	28551	28552
P97,3	28553	28554
P96,3	28555	28556
P61,3	28557	28558
P100,3	28559	28560
P99,3	28561	28561
P181,3	28562	28563
P102,3	28564	28565
P111,3	28566	28567
P64,3	28568	28569
P107,3	28570	28571
P143,3	28572	28573
P81,3	28574	28575
P17,3	28576	28577
P66,3	28578	28579
P149,3	28580	28581
P25,3	28582	28583
P200,3	28584	28585
P120,3	28586	28587
P38,3	28588	28589
P122,3	28590	28591
P4,3	28592	28593
P162,3	28594	28595
P173,3	28596	28597
P127,3	28598	28599
P97,3	28600	28601
P96,3	28602	28603
P61,3	28604	28605
P100,3	28606	28607
P181,3	28608	28609
P102,3	28610	28611
P111,3	28612	28613
P64,3	28614	28615
P107,3	28616	28617
P143,3	28618	28619
P81,3	28620	28621
P17,3	28622	28623
P66,3	28624	28625
P149,3	28626	28627
P25,3	28628	28629
P200,3	28630	28631
P120,3	28632	28633
P38,3	28634	28635
P122,3	28636	28637
P4,3	28638	28639
P162,3	28640	28641
P173,3	28642	28643
P127,3	28644	28645
P97,3	28646	28647
P96,3	28648	28649
P61,3	28650	28651
P100,3	28652	28653
P181,3	28654	28655
P102,3	28656	28657
P111,3	28658	28659
P64,3	28660	28661
P107,3	28662	28663
P143,3	28664	28665
P81,3	28666	28667
P17,3	28668	28669
P66,3	28670	28671
P149,3	28672	28673
P25,3	28674	28675
P200,3	28676	28677
P120,3	28678	28679
P38,3	28680	28681
P122,3	28682	28683
P4,3	28684	28685
P162,3	28686	28687
P173,3	28688	28689
P127,3	28690	28691
P97,3	28692	28693
P96,3	28694	28695
P61,3	28696	28697
P100,3	28698	28699
P181,3	28700	28701
P102,3	28702	28703
P111,3	28704	28705
P64,3	28706	28707
P107,3	28708	28709
P143,3	28710	28711
P81,3	28712	28713
P17,3	28714	28715
P66,3	28716	28717
P149,3	28718	28719
P25,3	28720	28721
P200,3	28722	28723
P120,3	28724	28725
P38,3	28726	28727
P122,3	28728	28729
P4,3	28730	28731
P162,3	28732	28733
P173,3	28734	28735
P127,3	28736	28737
P97,3	28738	28738
P96,3	28739	28740
P61,3	28741	28742
P100,3	28743	28744
P181,3	28745	28746
P102,3	28747	28748
P111,3	28749	28750
P64,3	28751	28752
P107,3	28753	28754
P143,3	28755	28756
P81,3	28757	28758
P17,3	28759	28760
P66,3	28761	28762
P149,3	28763	28764
P25,3	28765	28766
P200,3	28767	28768
P38,3	28769	28770
P122,3	28771	28772
P4,3	28773	28774
P162,3	28775	28776
P173,3	28777	28778
P127,3	28779	28780
P96,3	28781	28782
P61,3	28783	28784
P100,3	28785	28786
P181,3	28787	28788
P102,3	28789	28790
P111,3	28791	28792
P64,3	28793	28794
P107,3	28795	28796
P143,3	28797	28798
P81,3	28799	28800
P66,3	28801	28802
P149,3	28803	28804
P25,3	28805	28806
P200,3	28807	28808
P38,3	28809	28810
P122,3	28811	28812
P4,3	28813	28814
P162,3	28815	28816
P173,3	28817	28818
P127,3	28819	28820
P96,3	28821	28822
P61,3	28823	28824
P100,3	28825	28826
P181,3	28827	28828
P111,3	28829	28830
P64,3	28831	28832
P107,3	28833	28834
P143,3	28835	28836
P81,3	28837	28838
P66,3	28839	28840
P149,3	28841	28842
P25,3	28843	28844
P200,3	28845	28846
P38,3	28847	28848
P122,3	28849	28849
P4,3	28850	28851
P162,3	28852	28853
P173,3	28854	28855
P127,3	28856	28857
P96,3	28858	28859
P61,3	28860	28861
P100,3	28862	28863
P181,3	28864	28865
P111,3	28866	28867
P64,3	28868	28869
P107,3	28870	28871
P143,3	28872	28873
P81,3	28874	28875
P149,3	28876	28877
P25,3	28878	28879
P200,3	28880	28881
P38,3	28882	28883
P4,3	28884	28885
P162,3	28886	28887
P173,3	28888	28889
P127,3	28890	28891
P96,3	28892	28893
P61,3	28894	28895
P100,3	28896	28897
P181,3	28898	28899
P111,3	28900	28901
P64,3	28902	28903
P107,3	28904	28905
P143,3	28906	28907
P81,3	28908	28909
P149,3	28910	28911
P25,3	28912	28913
P200,3	28914	28915
P38,3	28916	28917
P4,3	28918	28919
P162,3	28920	28921
P173,3	28922	28923
P127,3	28924	28925
P96,3	28926	28927
P61,3	28928	28929
P100,3	28930	28931
P181,3	28932	28933
P111,3	28934	28935
P64,3	28936	28937
P107,3	28938	28939
P143,3	28940	28941
P81,3	28942	28942
P149,3	28943	28944
P25,3	28945	28946
P200,3	28947	28948
P38,3	28949	28950
P4,3	28951	28952
P162,3	28953	28954
P173,3	28955	28956
P127,3	28957	28958
P96,3	28959	28960
P61,3	28961	28962
P100,3	28963	28964
P181,3	28965	28966
P111,3	28967	28968
P64,3	28969	28970
P107,3	28971	28972
P143,3	28973	28974
P149,3	28975	28976
P25,3	28977	28978
P200,3	28979	28980
P38,3	28981	28982
P4,3	28983	28984
P162,3	28985	28986
P173,3	28987	28987
P127,3	28988	28989
P96,3	28990	28991
P61,3	28992	28993
P100,3	28994	28995
P181,3	28996	28997
P111,3	28998	28999
P64,3	29000	29001
P107,3	29002	29003
P143,3	29004	29005
P149,3	29006	29007
P25,3	29008	29009
P200,3	29010	29011
P4,3	29012	29013
P162,3	29014	29015
P127,3	29016	29017
P96,3	29018	29019
P100,3	29020	29021
P181,3	29022	29023
P111,3	29024	29025
P64,3	29026	29027
P107,3	29028	29029
P143,3	29030	29031
P25,3	29032	29033
P200,3	29034	29035
P4,3	29036	29037
P162,3	29038	29039
P127,3	29040	29041
P96,3	29042	29043
P100,3	29044	29045
P181,3	29046	29047
P111,3	29048	29049
P64,3	29050	29050
P107,3	29051	29052
P143,3	29053	29054
P25,3	29055	29056
P200,3	29057	29058
P4,3	29059	29060
P162,3	29061	29062
P127,3	29063	29064
P96,3	29065	29066
P100,3	29067	29068
P181,3	29069	29070
P111,3	29071	29072
P107,3	29073	29074
P143,3	29075	29076
P25,3	29077	29078
P200,3	29079	29080
P4,3	29081	29082
P162,3	29083	29084
P127,3	29085	29086
P96,3	29087	29088
P100,3	29089	29090
P181,3	29091	29092
P111,3	29093	29094
P107,3	29095	29096
P143,3	29097	29098
P25,3	29099	29100
P200,3	29101	29102
P4,3	29103	29104
P162,3	29105	29106
P127,3	29107	29108
P96,3	29109	29110
P100,3	29111	29112
P181,3	29113	29114
P111,3	29115	29116
P107,3	29117	29118
P143,3	29119	29120
P25,3	29121	29122
P200,3	29123	29124
P4,3	29125	29126
P162,3	29127	29128
P127,3	29129	29130
P96,3	29131	29132
P100,3	29133	29134
P181,3	29135	29136
P111,3	29137	29138
P107,3	29139	29140
P25,3	29141	29142
P200,3	29143	29144
P4,3	29145	29146
P162,3	29147	29148
P127,3	29149	29150
P96,3	29151	29152
P100,3	29153	29154
P181,3	29155	29156
P107,3	29157	29158
P200,3	29159	29160
P4,3	29161	29162
P162,3	29163	29164
P127,3	29165	29166
P96,3	29167	29167
P100,3	29168	29168
P181,3	29169	29170
P107,3	29171	29172
P200,3	29173	29174
P4,3	29175	29175
P162,3	29176	29177
P127,3	29178	29179
P181,3	29180	29181
P107,3	29182	29183
P200,3	29184	29185
P162,3	29186	29187
P127,3	29188	29189
P181,3	29190	29191
P107,3	29192	29193
P200,3	29194	29195
P162,3	29196	29197
P127,3	29198	29199
P181,3	29200	29201
P107,3	29202	29203
P200,3	29204	29205
P162,3	29206	29207
P127,3	29208	29209
P181,3	29210	29211
P107,3	29212	29213
P200,3	29214	29215
P162,3	29216	29217
P127,3	29218	29219
P181,3	29220	29221
P107,3	29222	29223
P200,3	29224	29225
P162,3	29226	29227
P127,3	29228	29229
P181,3	29230	29231
P107,3	29232	29233
P200,3	29234	29235
P162,3	29236	29237
P127,3	29238	29239
P181,3	29240	29241
P107,3	29242	29243
P200,3	29244	29245
P162,3	29246	29247
P127,3	29248	29249
P181,3	29250	29251
P107,3	29252	29253
P200,3	29254	29255
P162,3	29256	29257
P127,3	29258	29259
P181,3	29260	29261
P107,3	29262	29263
P200,3	29264	29265
P162,3	29266	29267
P127,3	29268	29269
P181,3	29270	29271
P107,3	29272	29273
P200,3	29274	29275
P162,3	29276	29277
P127,3	29278	29279
P181,3	29280	29281
P107,3	29282	29283
P200,3	29284	29285
P162,3	29286	29287
P127,3	29288	29289
P181,3	29290	29291
P107,3	29292	29293
P200,3	29294	29295
P162,3	29296	29297
P127,3	29298	29299
P181,3	29300	29301
P107,3	29302	29303
P200,3	29304	29305
P162,3	29306	29307
P127,3	29308	29309
P107,3	29310	29311
P200,3	29312	29313
P162,3	29314	29315
P127,3	29316	29317
P200,3	29318	29319
P162,3	29320	29321
P127,3	29322	29323
P200,3	29324	29324
P162,3	29325	29326
P127,3	29327	29328
P162,3	29329	29330
P127,3	29331	29332
P162,3	29333	29334
P127,3	29335	29336
P162,3	29337	29338
P127,3	29339	29340
P162,3	29341	29341
P127,3	29342	29353
