CPU0
P1,1	10	23
P3,1	24	25
P2,1	26	27
P1,1	28	29
P3,1	30	31
P4,1	32	33
P2,1	34	35
P3,1	36	37
P4,1	38	39
P2,1	40	41
P3,1	42	43
P4,1	44	45
P2,1	46	47
P7,1	48	49
P1,1	50	51
P5,1	52	53
P6,1	54	55
P3,1	56	57
P4,1	58	59
P5,1	60	61
P6,1	62	63
P3,1	64	65
P4,1	66	67
P5,1	68	69
P9,1	70	71
P7,1	72	73
P1,1	74	75
P8,1	76	77
P2,1	78	79
P6,1	80	81
P10,1	82	83
P1,1	84	85
P8,1	86	87
P5,1	88	89
P9,1	90	91
P7,1	92	93
P12,1	94	95
P3,1	96	97
P14,1	98	99
P8,1	100	101
P5,1	102	103
P9,1	104	105
P7,1	106	107
P12,1	108	109
P13,1	110	111
P1,1	112	113
P4,1	114	115
P11,1	116	117
P17,1	118	119
P5,1	120	121
P9,1	122	123
P7,1	124	125
P12,1	126	127
P13,1	128	129
P3,1	130	131
P20,1	132	133
P8,1	134	135
P16,1	136	137
P18,1	138	139
P2,1	140	141
P6,1	142	143
P22,1	144	145
P23,1	146	147
P12,1	148	149
P13,1	150	151
P3,1	152	153
P20,1	154	155
P24,1	156	157
P11,1	158	159
P17,1	160	161
P5,1	162	163
P9,1	164	165
P21,1	166	167
P22,1	168	169
P23,1	170	171
P26,1	172	173
P15,1	174	175
P19,1	176	177
P14,1	178	179
P4,1	180	181
P8,1	182	183
P27,1	184	185
P17,1	186	187
P5,1	188	189
P2,1	190	191
P9,1	192	193
P21,1	194	195
P22,1	196	197
P23,1	198	199
P26,1	200	201
P30,1	202	203
P13,1	204	205
P14,1	206	207
P31,1	208	209
P24,1	210	211
P11,1	212	213
P32,1	214	215
P17,1	216	217
P18,1	218	219
P28,1	220	221
P34,1	222	223
P9,1	224	225
P21,1	226	227
P36,1	228	229
P22,1	230	231
P7,1	232	233
P38,1	234	235
P26,1	236	237
P30,1	238	239
P13,1	240	241
P14,1	242	243
P31,1	244	245
P24,1	246	247
P8,1	248	249
P27,1	250	251
P16,1	252	253
P40,1	254	255
P33,1	256	257
P5,1	258	259
P42,1	260	261
P34,1	262	263
P43,1	264	265
P6,1	266	267
P44,1	268	269
P35,1	270	271
P25,1	272	273
P46,1	274	275
P7,1	276	277
P38,1	278	279
P26,1	280	281
P12,1	282	283
P15,1	284	285
P19,1	286	287
P20,1	288	289
P4,1	290	291
P39,1	292	293
P8,1	294	295
P27,1	296	297
P49,1	298	299
P17,1	300	301
P41,1	302	303
P18,1	304	305
P28,1	306	307
P50,1	308	309
P34,1	310	311
P51,1	312	313
P9,1	314	315
P21,1	316	317
P44,1	318	319
P45,1	320	321
P36,1	322	323
P22,1	324	325
P46,1	326	327
P7,1	328	329
P38,1	330	331
P26,1	332	333
P12,1	334	335
P55,1	336	337
P13,1	338	339
P14,1	340	341
P31,1	342	343
P4,1	344	345
P39,1	346	347
P8,1	348	349
P27,1	350	351
P49,1	352	353
P16,1	354	355
P40,1	356	357
P58,1	358	359
P18,1	360	361
P5,1	362	363
P42,1	364	365
P2,1	366	367
P29,1	368	369
P51,1	370	371
P9,1	372	373
P21,1	374	375
P44,1	376	377
P45,1	378	379
P61,1	380	381
P25,1	382	383
P54,1	384	385
P37,1	386	387
P23,1	388	389
P10,1	390	391
P62,1	392	393
P12,1	394	395
P55,1	396	397
P15,1	398	399
P19,1	400	401
P20,1	402	403
P56,1	404	405
P24,1	406	407
P48,1	408	409
P64,1	410	411
P27,1	412	413
P49,1	414	415
P16,1	416	417
P40,1	418	419
P58,1	420	421
P18,1	422	423
P59,1	424	425
P5,1	426	427
P42,1	428	429
P2,1	430	431
P29,1	432	433
P51,1	434	435
P67,1	436	437
P6,1	438	439
P52,1	440	441
P53,1	442	443
P35,1	444	445
P68,1	446	447
P25,1	448	449
P54,1	450	451
P69,1	452	453
P7,1	454	455
P38,1	456	457
P26,1	458	459
P47,1	460	461
P12,1	462	463
P55,1	464	465
P15,1	466	467
P19,1	468	469
P14,1	470	471
P31,1	472	473
P4,1	474	475
P39,1	476	477
P8,1	478	479
P11,1	480	481
P27,1	482	483
P49,1	484	485
P16,1	486	487
P40,1	488	489
P58,1	490	491
P18,1	492	493
P73,1	494	495
P66,1	496	497
P28,1	498	499
P50,1	500	501
P34,1	502	503
P29,1	504	505
P51,1	506	507
P67,1	508	509
P75,1	510	511
P21,1	512	513
P44,1	514	515
P76,1	516	517
P35,1	518	519
P68,1	520	521
P25,1	522	523
P54,1	524	525
P77,1	526	527
P37,1	528	529
P23,1	530	531
P10,1	532	533
P62,1	534	535
P47,1	536	537
P70,1	538	539
P30,1	540	541
P63,1	542	543
P13,1	544	545
P71,1	546	547
P20,1	548	549
P31,1	550	551
P4,1	552	553
P39,1	554	555
P8,1	556	557
P81,1	558	559
P72,1	560	561
P32,1	562	563
P82,1	564	565
P83,1	566	567
P17,1	568	569
P41,1	570	571
P33,1	572	573
P84,1	574	575
P73,1	576	577
P66,1	578	579
P28,1	580	581
P86,1	582	583
P2,1	584	585
P74,1	586	587
P60,1	588	589
P87,1	590	591
P67,1	592	593
P75,1	594	595
P6,1	596	597
P52,1	598	599
P53,1	600	601
P45,1	602	603
P61,1	604	605
P36,1	606	607
P25,1	608	609
P54,1	610	611
P77,1	612	613
P37,1	614	615
P90,1	616	617
P38,1	618	619
P26,1	620	621
P78,1	622	623
P79,1	624	625
P91,1	626	627
P30,1	628	629
P63,1	630	631
P13,1	632	633
P71,1	634	635
P20,1	636	637
P31,1	638	639
P56,1	640	641
P93,1	642	643
P39,1	644	645
P8,1	646	647
P81,1	648	649
P72,1	650	651
P27,1	652	653
P49,1	654	655
P95,1	656	657
P83,1	658	659
P17,1	660	661
P41,1	662	663
P33,1	664	665
P84,1	666	667
P73,1	668	669
P59,1	670	671
P85,1	672	673
P42,1	674	675
P50,1	676	677
P2,1	678	679
P74,1	680	681
P60,1	682	683
P51,1	684	685
P43,1	686	687
P9,1	688	689
P88,1	690	691
P21,1	692	693
P44,1	694	695
P99,1	696	697
P45,1	698	699
P100,1	700	701
P68,1	702	703
P101,1	704	705
P25,1	706	707
P22,1	708	709
P46,1	710	711
P69,1	712	713
P37,1	714	715
P104,1	716	717
P23,1	718	719
P10,1	720	721
P62,1	722	723
P47,1	724	725
P70,1	726	727
P91,1	728	729
P12,1	730	731
P55,1	732	733
P15,1	734	735
P19,1	736	737
P14,1	738	739
P80,1	740	741
P107,1	742	743
P92,1	744	745
P4,1	746	747
P24,1	748	749
P48,1	750	751
P8,1	752	753
P81,1	754	755
P72,1	756	757
P27,1	758	759
P49,1	760	761
P82,1	762	763
P95,1	764	765
P83,1	766	767
P16,1	768	769
P113,1	770	771
P41,1	772	773
P33,1	774	775
P114,1	776	777
P65,1	778	779
P96,1	780	781
P66,1	782	783
P28,1	784	785
P86,1	786	787
P97,1	788	789
P2,1	790	791
P74,1	792	793
P29,1	794	795
P98,1	796	797
P87,1	798	799
P67,1	800	801
P9,1	802	803
P88,1	804	805
P21,1	806	807
P44,1	808	809
P99,1	810	811
P45,1	812	813
P118,1	814	815
P61,1	816	817
P119,1	818	819
P101,1	820	821
P25,1	822	823
P22,1	824	825
P46,1	826	827
P69,1	828	829
P120,1	830	831
P7,1	832	833
P90,1	834	835
P38,1	836	837
P26,1	838	839
P78,1	840	841
P47,1	842	843
P70,1	844	845
P91,1	846	847
P106,1	848	849
P30,1	850	851
P63,1	852	853
P13,1	854	855
P123,1	856	857
P14,1	858	859
P80,1	860	861
P125,1	862	863
P107,1	864	865
P92,1	866	867
P56,1	868	869
P93,1	870	871
P39,1	872	873
P109,1	874	875
P64,1	876	877
P127,1	878	879
P72,1	880	881
P27,1	882	883
P128,1	884	885
P49,1	886	887
P82,1	888	889
P95,1	890	891
P83,1	892	893
P16,1	894	895
P130,1	896	897
P40,1	898	899
P41,1	900	901
P33,1	902	903
P114,1	904	905
P65,1	906	907
P73,1	908	909
P59,1	910	911
P85,1	912	913
P42,1	914	915
P50,1	916	917
P97,1	918	919
P2,1	920	921
P74,1	922	923
P29,1	924	925
P98,1	926	927
P87,1	928	929
P134,1	930	931
P117,1	932	933
P135,1	934	935
P88,1	936	937
P21,1	938	939
P52,1	940	941
P53,1	942	943
P76,1	944	945
P35,1	946	947
P100,1	948	949
P61,1	950	951
P119,1	952	953
P138,1	954	955
P89,1	956	957
P102,1	958	959
P54,1	960	961
P77,1	962	963
P139,1	964	965
P120,1	966	967
P7,1	968	969
P90,1	970	971
P23,1	972	973
P10,1	974	975
P62,1	976	977
P121,1	978	979
P141,1	980	981
P70,1	982	983
P91,1	984	985
P106,1	986	987
P30,1	988	989
P63,1	990	991
P15,1	992	993
P19,1	994	995
P143,1	996	997
P14,1	998	999
P80,1	1000	1001
P125,1	1002	1003
P107,1	1004	1005
P92,1	1006	1007
P144,1	1008	1009
P4,1	1010	1011
P93,1	1012	1013
P39,1	1014	1015
P146,1	1016	1017
P8,1	1018	1019
P81,1	1020	1021
P11,1	1022	1023
P94,1	1024	1025
P32,1	1026	1027
P147,1	1028	1029
P49,1	1030	1031
P82,1	1032	1033
P95,1	1034	1035
P83,1	1036	1037
P148,1	1038	1039
P17,1	1040	1041
P113,1	1042	1043
P131,1	1044	1045
P58,1	1046	1047
P18,1	1048	1049
P149,1	1050	1051
P65,1	1052	1053
P73,1	1054	1055
P59,1	1056	1057
P85,1	1058	1059
P42,1	1060	1061
P150,1	1062	1063
P133,1	1064	1065
P115,1	1066	1067
P34,1	1068	1069
P116,1	1070	1071
P29,1	1072	1073
P152,1	1074	1075
P51,1	1076	1077
P43,1	1078	1079
P67,1	1080	1081
P9,1	1082	1083
P153,1	1084	1085
P88,1	1086	1087
P6,1	1088	1089
P136,1	1090	1091
P44,1	1092	1093
P53,1	1094	1095
P76,1	1096	1097
P35,1	1098	1099
P156,1	1100	1101
P137,1	1102	1103
P68,1	1104	1105
P36,1	1106	1107
P101,1	1108	1109
P25,1	1110	1111
P157,1	1112	1113
P54,1	1114	1115
P77,1	1116	1117
P69,1	1118	1119
P103,1	1120	1121
P37,1	1122	1123
P7,1	1124	1125
P90,1	1126	1127
P23,1	1128	1129
P38,1	1130	1131
P62,1	1132	1133
P78,1	1134	1135
P121,1	1136	1137
P162,1	1138	1139
P79,1	1140	1141
P105,1	1142	1143
P122,1	1144	1145
P12,1	1146	1147
P55,1	1148	1149
P142,1	1150	1151
P15,1	1152	1153
P13,1	1154	1155
P19,1	1156	1157
P143,1	1158	1159
P14,1	1160	1161
P80,1	1162	1163
P125,1	1164	1165
P107,1	1166	1167
P166,1	1168	1169
P126,1	1170	1171
P144,1	1172	1173
P4,1	1174	1175
P93,1	1176	1177
P39,1	1178	1179
P146,1	1180	1181
P8,1	1182	1183
P64,1	1184	1185
P127,1	1186	1187
P72,1	1188	1189
P169,1	1190	1191
P27,1	1192	1193
P128,1	1194	1195
P129,1	1196	1197
P110,1	1198	1199
P111,1	1200	1201
P171,1	1202	1203
P83,1	1204	1205
P148,1	1206	1207
P16,1	1208	1209
P130,1	1210	1211
P40,1	1212	1213
P41,1	1214	1215
P33,1	1216	1217
P114,1	1218	1219
P173,1	1220	1221
P65,1	1222	1223
P73,1	1224	1225
P59,1	1226	1227
P85,1	1228	1229
P28,1	1230	1231
P86,1	1232	1233
P50,1	1234	1235
P175,1	1236	1237
P115,1	1238	1239
P177,1	1240	1241
P178,1	1242	1243
P74,1	1244	1245
P151,1	1246	1247
P60,1	1248	1249
P98,1	1250	1251
P51,1	1252	1253
P43,1	1254	1255
P67,1	1256	1257
P117,1	1258	1259
P9,1	1260	1261
P153,1	1262	1263
P88,1	1264	1265
P6,1	1266	1267
P21,1	1268	1269
P136,1	1270	1271
P44,1	1272	1273
P155,1	1274	1275
P99,1	1276	1277
P45,1	1278	1279
P118,1	1280	1281
P100,1	1282	1283
P137,1	1284	1285
P186,1	1286	1287
P119,1	1288	1289
P138,1	1290	1291
P89,1	1292	1293
P102,1	1294	1295
P22,1	1296	1297
P46,1	1298	1299
P77,1	1300	1301
P69,1	1302	1303
P103,1	1304	1305
P37,1	1306	1307
P7,1	1308	1309
P188,1	1310	1311
P140,1	1312	1313
P160,1	1314	1315
P26,1	1316	1317
P10,2	1318	1319
P189,1	1320	1321
P121,1	1322	1323
P190,1	1324	1325
P141,1	1326	1327
P70,1	1328	1329
P191,1	1330	1331
P122,1	1332	1333
P30,1	1334	1335
P63,1	1336	1337
P192,1	1338	1339
P12,2	1340	1341
P164,1	1342	1343
P165,1	1344	1345
P123,1	1346	1347
P193,1	1348	1349
P14,1	1350	1351
P80,1	1352	1353
P125,1	1354	1355
P107,1	1356	1357
P166,1	1358	1359
P195,1	1360	1361
P126,1	1362	1363
P144,1	1364	1365
P4,1	1366	1367
P93,1	1368	1369
P39,1	1370	1371
P146,1	1372	1373
P109,1	1374	1375
P168,1	1376	1377
P81,1	1378	1379
P11,1	1380	1381
P94,1	1382	1383
P170,1	1384	1385
P27,1	1386	1387
P128,1	1388	1389
P147,1	1390	1391
P49,1	1392	1393
P82,1	1394	1395
P95,1	1396	1397
P57,1	1398	1399
P83,1	1400	1401
P148,1	1402	1403
P16,1	1404	1405
P17,1	1406	1407
P113,1	1408	1409
P131,1	1410	1411
P58,1	1412	1413
P18,1	1414	1415
P149,1	1416	1417
P84,1	1418	1419
P132,1	1420	1421
P96,1	1422	1423
P66,1	1424	1425
P174,1	1426	1427
P42,1	1428	1429
P150,1	1430	1431
P133,1	1432	1433
P97,1	1434	1435
P176,1	1436	1437
P2,1	1438	1439
P34,1	1440	1441
P116,1	1442	1443
P29,1	1444	1445
P152,1	1446	1447
P179,1	1448	1449
P87,1	1450	1451
P134,1	1452	1453
P180,1	1454	1455
P181,1	1456	1457
P135,1	1458	1459
P75,1	1460	1461
P154,1	1462	1463
P182,1	1464	1465
P183,1	1466	1467
P52,1	1468	1469
P184,1	1470	1471
P53,1	1472	1473
P76,1	1474	1475
P35,1	1476	1477
P156,1	1478	1479
P185,1	1480	1481
P61,1	1482	1483
P68,1	1484	1485
P36,1	1486	1487
P101,1	1488	1489
P25,1	1490	1491
P157,1	1492	1493
P54,1	1494	1495
P187,1	1496	1497
P158,1	1498	1499
P139,1	1500	1501
P120,1	1502	1503
P159,1	1504	1505
P104,1	1506	1507
P90,1	1508	1509
P23,1	1510	1511
P38,1	1512	1513
P62,1	1514	1515
P78,1	1516	1517
P161,1	1518	1519
P47,1	1520	1521
P162,1	1522	1523
P79,1	1524	1525
P105,1	1526	1527
P91,1	1528	1529
P106,1	1530	1531
P55,1	1532	1533
P142,1	1534	1535
P163,1	1536	1537
P15,1	1538	1539
P13,1	1540	1541
P19,1	1542	1543
P143,1	1544	1545
P71,1	1546	1547
P20,1	1548	1549
P124,1	1550	1551
P31,1	1552	1553
P108,1	1554	1555
P194,1	1556	1557
P92,1	1558	1559
P167,1	1560	1561
P56,1	1562	1563
P145,1	1564	1565
P24,1	1566	1567
P48,1	1568	1569
P196,1	1570	1571
P8,1	1572	1573
P64,1	1574	1575
P127,1	1576	1577
P72,1	1578	1579
P169,1	1580	1581
P197,1	1582	1583
P32,1	1584	1585
P198,1	1586	1587
P129,1	1588	1589
P110,1	1590	1591
P111,1	1592	1593
P171,1	1594	1595
P199,1	1596	1597
P112,1	1598	1599
P172,1	1600	1601
P200,1	1602	1603
P130,1	1604	1605
P40,1	1606	1607
P41,1	1608	1609
P33,1	1610	1611
P114,1	1612	1613
P173,1	1614	1615
P65,1	1616	1617
P73,1	1618	1619
P59,1	1620	1621
P85,1	1622	1623
P28,1	1624	1625
P86,1	1626	1627
P50,1	1628	1629
P175,1	1630	1631
P115,1	1632	1633
P177,1	1634	1635
P178,1	1636	1637
P74,1	1638	1639
P151,1	1640	1641
P60,1	1642	1643
P98,1	1644	1645
P51,1	1646	1647
P43,1	1648	1649
P67,1	1650	1651
P117,1	1652	1653
P9,1	1654	1655
P153,1	1656	1657
P88,1	1658	1659
P6,1	1660	1661
P21,1	1662	1663
P136,1	1664	1665
P44,1	1666	1667
P155,1	1668	1669
P99,1	1670	1671
P45,1	1672	1673
P118,1	1674	1675
P100,1	1676	1677
P137,1	1678	1679
P186,1	1680	1681
P119,1	1682	1683
P138,1	1684	1685
P89,1	1686	1687
P102,1	1688	1689
P22,1	1690	1691
P46,1	1692	1693
P77,1	1694	1695
P69,1	1696	1697
P103,1	1698	1699
P37,1	1700	1701
P7,1	1702	1703
P188,1	1704	1705
P140,1	1706	1707
P160,1	1708	1709
P26,1	1710	1711
P10,2	1712	1713
P189,1	1714	1715
P121,1	1716	1717
P190,1	1718	1719
P141,1	1720	1721
P70,1	1722	1723
P191,1	1724	1725
P122,1	1726	1727
P30,1	1728	1729
P63,1	1730	1731
P192,1	1732	1733
P12,2	1734	1735
P164,1	1736	1737
P165,1	1738	1739
P123,1	1740	1741
P193,1	1742	1743
P14,1	1744	1745
P124,1	1746	1747
P31,1	1748	1749
P108,1	1750	1751
P194,1	1752	1753
P92,1	1754	1755
P167,1	1756	1757
P56,1	1758	1759
P145,1	1760	1761
P24,1	1762	1763
P48,1	1764	1765
P196,1	1766	1767
P8,1	1768	1769
P64,1	1770	1771
P127,1	1772	1773
P72,1	1774	1775
P169,1	1776	1777
P197,1	1778	1779
P32,1	1780	1781
P198,1	1782	1783
P129,1	1784	1785
P110,1	1786	1787
P111,1	1788	1789
P171,1	1790	1791
P199,1	1792	1793
P112,1	1794	1795
P172,1	1796	1797
P200,1	1798	1799
P130,1	1800	1801
P40,1	1802	1803
P41,1	1804	1805
P33,1	1806	1807
P114,1	1808	1809
P173,1	1810	1811
P65,1	1812	1813
P73,1	1814	1815
P59,1	1816	1817
P85,1	1818	1819
P28,1	1820	1821
P86,1	1822	1823
P50,1	1824	1825
P175,1	1826	1827
P115,1	1828	1829
P177,1	1830	1831
P178,1	1832	1833
P74,1	1834	1835
P151,1	1836	1837
P60,1	1838	1839
P98,1	1840	1841
P51,1	1842	1843
P43,1	1844	1845
P67,1	1846	1847
P117,1	1848	1849
P9,1	1850	1851
P153,1	1852	1853
P88,1	1854	1855
P6,1	1856	1857
P21,1	1858	1859
P136,1	1860	1861
P44,1	1862	1863
P155,1	1864	1865
P99,1	1866	1867
P45,1	1868	1869
P118,1	1870	1871
P100,1	1872	1873
P137,1	1874	1875
P186,1	1876	1877
P119,1	1878	1879
P138,1	1880	1881
P89,1	1882	1883
P102,1	1884	1885
P22,1	1886	1887
P46,1	1888	1889
P77,1	1890	1891
P69,1	1892	1893
P103,1	1894	1895
P37,1	1896	1897
P7,1	1898	1899
P188,1	1900	1901
P140,1	1902	1903
P160,1	1904	1905
P26,1	1906	1907
P10,2	1908	1909
P189,1	1910	1911
P121,1	1912	1913
P190,1	1914	1915
P141,1	1916	1917
P70,1	1918	1919
P191,1	1920	1921
P122,1	1922	1923
P30,1	1924	1925
P63,1	1926	1927
P192,1	1928	1929
P12,2	1930	1931
P164,1	1932	1933
P165,1	1934	1935
P123,1	1936	1937
P193,1	1938	1939
P14,1	1940	1941
P124,1	1942	1943
P31,1	1944	1945
P108,1	1946	1947
P194,1	1948	1949
P92,1	1950	1951
P167,1	1952	1953
P56,1	1954	1955
P145,1	1956	1957
P24,1	1958	1959
P48,1	1960	1961
P196,1	1962	1963
P8,1	1964	1965
P64,1	1966	1967
P127,1	1968	1969
P72,1	1970	1971
P169,1	1972	1973
P197,1	1974	1975
P32,1	1976	1977
P198,1	1978	1979
P129,1	1980	1981
P110,1	1982	1983
P111,1	1984	1985
P171,1	1986	1987
P199,1	1988	1989
P112,1	1990	1991
P172,1	1992	1993
P200,1	1994	1995
P130,1	1996	1997
P40,1	1998	1999
P41,1	2000	2001
P33,1	2002	2003
P114,1	2004	2005
P173,1	2006	2007
P65,1	2008	2009
P73,1	2010	2011
P59,1	2012	2013
P85,1	2014	2015
P28,1	2016	2017
P86,1	2018	2019
P50,1	2020	2021
P175,1	2022	2023
P115,1	2024	2025
P177,1	2026	2027
P178,1	2028	2029
P74,1	2030	2031
P151,1	2032	2033
P60,1	2034	2035
P98,1	2036	2037
P51,1	2038	2039
P43,1	2040	2041
P67,1	2042	2043
P117,1	2044	2045
P9,1	2046	2047
P153,1	2048	2049
P88,1	2050	2051
P6,1	2052	2053
P21,1	2054	2055
P136,1	2056	2057
P44,1	2058	2059
P155,1	2060	2061
P99,1	2062	2063
P45,1	2064	2065
P118,1	2066	2067
P100,1	2068	2069
P137,1	2070	2071
P186,1	2072	2073
P119,1	2074	2075
P138,1	2076	2077
P89,1	2078	2079
P102,1	2080	2081
P22,1	2082	2083
P46,1	2084	2085
P77,1	2086	2087
P69,1	2088	2089
P103,1	2090	2091
P37,1	2092	2093
P7,1	2094	2095
P188,1	2096	2097
P140,1	2098	2099
P160,1	2100	2101
P26,1	2102	2103
P10,2	2104	2105
P189,1	2106	2107
P121,1	2108	2109
P190,1	2110	2111
P141,1	2112	2113
P70,1	2114	2115
P191,1	2116	2117
P122,1	2118	2119
P30,1	2120	2121
P63,1	2122	2123
P192,1	2124	2125
P12,2	2126	2127
P164,1	2128	2129
P165,1	2130	2131
P123,1	2132	2133
P193,1	2134	2135
P14,1	2136	2137
P124,1	2138	2139
P31,1	2140	2141
P108,1	2142	2143
P194,1	2144	2145
P92,1	2146	2147
P167,1	2148	2149
P56,1	2150	2151
P145,1	2152	2153
P24,1	2154	2155
P48,1	2156	2157
P196,1	2158	2159
P8,1	2160	2161
P64,1	2162	2163
P127,1	2164	2165
P72,1	2166	2167
P169,1	2168	2169
P197,1	2170	2171
P32,1	2172	2173
P198,1	2174	2175
P129,1	2176	2177
P110,1	2178	2179
P111,1	2180	2181
P171,1	2182	2183
P199,1	2184	2185
P112,1	2186	2187
P172,1	2188	2189
P200,1	2190	2191
P130,1	2192	2193
P40,1	2194	2195
P41,1	2196	2197
P33,1	2198	2199
P114,1	2200	2201
P173,1	2202	2203
P65,1	2204	2205
P73,1	2206	2207
P59,1	2208	2209
P85,1	2210	2211
P28,1	2212	2213
P86,1	2214	2215
P50,1	2216	2217
P175,1	2218	2219
P115,1	2220	2221
P177,1	2222	2223
P178,1	2224	2225
P74,1	2226	2227
P151,1	2228	2229
P60,1	2230	2231
P98,1	2232	2233
P51,1	2234	2235
P43,1	2236	2237
P67,1	2238	2239
P117,1	2240	2241
P9,1	2242	2243
P153,1	2244	2245
P88,1	2246	2247
P6,1	2248	2249
P21,1	2250	2251
P136,1	2252	2253
P44,1	2254	2255
P155,1	2256	2257
P99,1	2258	2259
P45,1	2260	2261
P118,1	2262	2263
P100,1	2264	2265
P137,1	2266	2267
P186,1	2268	2269
P119,1	2270	2271
P138,1	2272	2273
P89,1	2274	2275
P102,1	2276	2277
P22,1	2278	2279
P46,1	2280	2281
P77,1	2282	2283
P69,1	2284	2285
P103,1	2286	2287
P37,1	2288	2289
P7,1	2290	2291
P188,1	2292	2293
P140,1	2294	2295
P160,1	2296	2297
P26,1	2298	2299
P10,2	2300	2301
P189,1	2302	2303
P121,1	2304	2305
P190,1	2306	2307
P141,1	2308	2309
P70,1	2310	2311
P191,1	2312	2313
P122,1	2314	2315
P30,1	2316	2317
P63,1	2318	2319
P192,1	2320	2321
P12,2	2322	2323
P164,1	2324	2325
P165,1	2326	2327
P123,1	2328	2329
P193,1	2330	2331
P14,1	2332	2333
P124,1	2334	2335
P31,1	2336	2337
P108,1	2338	2339
P194,1	2340	2341
P92,1	2342	2343
P167,1	2344	2345
P56,1	2346	2347
P145,1	2348	2349
P24,1	2350	2351
P48,1	2352	2353
P196,1	2354	2355
P8,1	2356	2357
P64,1	2358	2359
P127,1	2360	2361
P72,1	2362	2363
P169,1	2364	2365
P197,1	2366	2367
P32,1	2368	2369
P198,1	2370	2371
P129,1	2372	2373
P110,1	2374	2375
P111,1	2376	2377
P171,1	2378	2379
P199,1	2380	2381
P112,1	2382	2383
P172,1	2384	2385
P200,1	2386	2387
P130,1	2388	2389
P40,1	2390	2391
P41,1	2392	2393
P33,1	2394	2395
P114,1	2396	2397
P173,1	2398	2399
P65,1	2400	2401
P73,1	2402	2403
P59,1	2404	2405
P85,1	2406	2407
P28,1	2408	2409
P86,1	2410	2411
P50,1	2412	2413
P175,1	2414	2415
P115,1	2416	2417
P177,1	2418	2419
P178,1	2420	2421
P74,1	2422	2423
P151,1	2424	2425
P60,1	2426	2427
P98,1	2428	2429
P51,1	2430	2431
P43,1	2432	2433
P67,1	2434	2435
P117,1	2436	2437
P9,1	2438	2439
P153,1	2440	2441
P88,1	2442	2443
P6,1	2444	2445
P21,1	2446	2447
P136,1	2448	2449
P44,1	2450	2451
P155,1	2452	2453
P99,1	2454	2455
P45,1	2456	2457
P118,1	2458	2459
P100,1	2460	2461
P137,1	2462	2463
P186,1	2464	2465
P119,1	2466	2467
P138,1	2468	2469
P89,1	2470	2471
P102,1	2472	2473
P22,1	2474	2475
P187,1	2476	2477
P158,1	2478	2479
P69,1	2480	2481
P103,1	2482	2483
P37,1	2484	2485
P7,1	2486	2487
P188,1	2488	2489
P140,1	2490	2491
P160,1	2492	2493
P26,1	2494	2495
P10,2	2496	2497
P189,1	2498	2499
P121,1	2500	2501
P190,1	2502	2503
P141,1	2504	2505
P70,1	2506	2507
P191,1	2508	2509
P122,1	2510	2511
P30,1	2512	2513
P63,1	2514	2515
P192,1	2516	2517
P12,2	2518	2519
P164,1	2520	2521
P165,1	2522	2523
P123,1	2524	2525
P193,1	2526	2527
P14,1	2528	2529
P124,1	2530	2531
P31,1	2532	2533
P108,1	2534	2535
P194,1	2536	2537
P92,1	2538	2539
P167,1	2540	2541
P56,1	2542	2543
P145,1	2544	2545
P24,1	2546	2547
P48,1	2548	2549
P196,1	2550	2551
P8,1	2552	2553
P64,1	2554	2555
P127,1	2556	2557
P72,1	2558	2559
P169,1	2560	2561
P197,1	2562	2563
P32,1	2564	2565
P198,1	2566	2567
P129,1	2568	2569
P110,1	2570	2571
P111,1	2572	2573
P171,1	2574	2575
P199,1	2576	2577
P112,1	2578	2579
P172,1	2580	2581
P200,1	2582	2583
P130,1	2584	2585
P40,1	2586	2587
P41,1	2588	2589
P33,1	2590	2591
P114,1	2592	2593
P173,1	2594	2595
P65,1	2596	2597
P73,1	2598	2599
P59,1	2600	2601
P85,1	2602	2603
P28,1	2604	2605
P86,1	2606	2607
P50,1	2608	2609
P175,1	2610	2611
P115,1	2612	2613
P177,1	2614	2615
P178,1	2616	2617
P74,1	2618	2619
P151,1	2620	2621
P60,1	2622	2623
P98,1	2624	2625
P51,1	2626	2627
P43,1	2628	2629
P67,1	2630	2631
P117,1	2632	2633
P9,1	2634	2635
P153,1	2636	2637
P88,1	2638	2639
P6,1	2640	2641
P21,1	2642	2643
P136,1	2644	2645
P184,1	2646	2647
P53,1	2648	2649
P76,1	2650	2651
P35,1	2652	2653
P156,1	2654	2655
P185,1	2656	2657
P61,1	2658	2659
P68,1	2660	2661
P36,1	2662	2663
P101,1	2664	2665
P25,1	2666	2667
P157,1	2668	2669
P54,1	2670	2671
P77,1	2672	2673
P46,2	2674	2675
P139,1	2676	2677
P120,1	2678	2679
P159,1	2680	2681
P104,1	2682	2683
P90,1	2684	2685
P23,1	2686	2686
P38,1	2687	2688
P62,1	2689	2690
P78,1	2691	2692
P161,1	2693	2694
P47,1	2695	2696
P162,1	2697	2698
P79,1	2699	2700
P105,1	2701	2702
P91,1	2703	2704
P106,1	2705	2706
P55,1	2707	2708
P192,1	2709	2710
P63,2	2711	2712
P15,1	2713	2714
P13,1	2715	2716
P19,1	2717	2718
P143,1	2719	2720
P71,1	2721	2722
P80,1	2723	2724
P125,1	2725	2726
P107,1	2727	2728
P166,1	2729	2730
P195,1	2731	2732
P126,1	2733	2734
P144,1	2735	2736
P4,1	2737	2738
P93,1	2739	2740
P39,1	2741	2742
P146,1	2743	2744
P109,1	2745	2746
P168,1	2747	2748
P81,1	2749	2750
P11,1	2751	2752
P94,1	2753	2754
P170,1	2755	2756
P27,1	2757	2758
P128,1	2759	2760
P147,1	2761	2762
P49,1	2763	2764
P82,1	2765	2766
P95,1	2767	2768
P57,1	2769	2770
P83,1	2771	2772
P148,1	2773	2774
P16,1	2775	2776
P17,1	2777	2778
P113,1	2779	2780
P131,1	2781	2782
P58,1	2783	2784
P18,1	2785	2786
P149,1	2787	2788
P84,1	2789	2790
P132,1	2791	2792
P96,1	2793	2794
P66,1	2795	2796
P174,1	2797	2798
P42,1	2799	2800
P150,1	2801	2802
P133,1	2803	2804
P97,1	2805	2806
P176,1	2807	2808
P2,1	2809	2810
P34,1	2811	2812
P116,1	2813	2814
P29,1	2815	2816
P152,1	2817	2818
P179,1	2819	2820
P87,1	2821	2822
P134,1	2823	2824
P180,1	2825	2826
P181,1	2827	2828
P135,1	2829	2830
P75,1	2831	2832
P154,1	2833	2834
P21,1	2835	2836
P136,1	2837	2838
P184,1	2839	2840
P99,1	2841	2842
P45,1	2843	2844
P118,1	2845	2846
P100,1	2847	2848
P185,1	2849	2850
P61,1	2851	2852
P68,1	2853	2854
P36,1	2855	2856
P101,1	2857	2858
P25,1	2859	2860
P157,1	2861	2862
P54,1	2863	2864
P77,1	2865	2866
P46,2	2867	2868
P139,1	2869	2870
P120,1	2871	2872
P159,1	2873	2874
P104,1	2875	2876
P90,1	2877	2878
P160,1	2879	2880
P26,1	2881	2882
P62,1	2883	2884
P78,1	2885	2886
P161,1	2887	2888
P47,1	2889	2890
P162,1	2891	2892
P79,1	2893	2894
P105,1	2895	2896
P91,1	2897	2898
P106,1	2899	2900
P55,1	2901	2902
P192,1	2903	2904
P63,2	2905	2906
P15,1	2907	2908
P13,1	2909	2910
P19,1	2911	2912
P143,1	2913	2914
P71,1	2915	2916
P80,1	2917	2918
P125,1	2919	2920
P107,1	2921	2922
P166,1	2923	2924
P195,1	2925	2926
P126,1	2927	2928
P144,1	2929	2930
P4,1	2931	2932
P93,1	2933	2934
P39,1	2935	2936
P146,1	2937	2938
P109,1	2939	2940
P168,1	2941	2942
P81,1	2943	2944
P11,1	2945	2946
P94,1	2947	2948
P170,1	2949	2950
P32,1	2951	2952
P198,1	2953	2954
P129,1	2955	2956
P82,1	2957	2958
P95,1	2959	2960
P57,1	2961	2962
P49,2	2963	2964
P112,1	2965	2966
P172,1	2967	2968
P200,1	2969	2970
P130,1	2971	2972
P40,1	2973	2974
P41,1	2975	2976
P33,1	2977	2978
P114,1	2979	2980
P173,1	2981	2982
P65,1	2983	2984
P73,1	2985	2986
P59,1	2987	2988
P85,1	2989	2990
P28,1	2991	2991
P42,1	2992	2993
P150,1	2994	2995
P133,1	2996	2997
P97,1	2998	2999
P176,1	3000	3001
P2,1	3002	3003
P34,1	3004	3005
P151,1	3006	3007
P60,1	3008	3009
P98,1	3010	3011
P51,1	3012	3013
P43,1	3014	3015
P67,1	3016	3017
P117,1	3018	3019
P9,1	3020	3021
P153,1	3022	3023
P88,1	3024	3025
P182,1	3026	3027
P183,1	3028	3029
P44,1	3030	3031
P155,1	3032	3033
P76,1	3034	3035
P35,1	3036	3037
P156,1	3038	3039
P53,2	3040	3041
P137,1	3042	3043
P186,1	3044	3045
P119,1	3046	3047
P138,1	3048	3049
P89,1	3050	3051
P102,1	3052	3053
P22,1	3054	3055
P187,1	3056	3057
P158,1	3058	3059
P69,1	3060	3061
P103,1	3062	3063
P37,1	3064	3065
P7,1	3066	3067
P188,1	3068	3069
P140,1	3070	3071
P38,1	3072	3073
P23,2	3074	3075
P10,2	3076	3077
P189,1	3078	3079
P121,1	3080	3081
P190,1	3082	3083
P141,1	3084	3085
P70,1	3086	3087
P191,1	3088	3089
P122,1	3090	3091
P30,1	3092	3093
P142,1	3094	3095
P163,1	3096	3097
P12,2	3098	3099
P164,1	3100	3101
P165,1	3102	3103
P123,1	3104	3105
P193,1	3106	3107
P14,1	3108	3109
P124,1	3110	3111
P31,1	3112	3113
P108,1	3114	3115
P194,1	3116	3117
P92,1	3118	3119
P167,1	3120	3121
P56,1	3122	3123
P145,1	3124	3125
P24,1	3126	3127
P48,1	3128	3129
P196,1	3130	3131
P8,1	3132	3133
P64,1	3134	3135
P127,1	3136	3137
P72,1	3138	3139
P169,1	3140	3141
P197,1	3142	3143
P128,1	3144	3145
P147,1	3146	3147
P110,1	3148	3149
P111,1	3150	3151
P171,1	3152	3153
P199,1	3154	3155
P83,1	3156	3157
P148,1	3158	3159
P16,1	3160	3161
P17,1	3162	3163
P113,1	3164	3165
P41,1	3166	3167
P33,1	3168	3169
P114,1	3170	3171
P149,1	3172	3173
P84,1	3174	3175
P132,1	3176	3177
P96,1	3178	3179
P66,1	3180	3181
P174,1	3182	3183
P86,1	3184	3185
P150,1	3186	3187
P133,1	3188	3189
P97,1	3190	3191
P176,1	3192	3193
P2,1	3194	3194
P34,1	3195	3196
P151,1	3197	3198
P60,1	3199	3200
P98,1	3201	3202
P51,1	3203	3204
P43,1	3205	3206
P67,1	3207	3208
P117,1	3209	3210
P9,1	3211	3212
P153,1	3213	3214
P88,1	3215	3216
P182,1	3217	3218
P183,1	3219	3220
P44,1	3221	3222
P155,1	3223	3224
P76,1	3225	3226
P35,1	3227	3228
P156,1	3229	3230
P53,2	3231	3232
P137,1	3233	3234
P186,1	3235	3236
P119,1	3237	3238
P101,1	3239	3240
P25,1	3241	3242
P157,1	3243	3244
P22,1	3245	3246
P187,1	3247	3248
P158,1	3249	3250
P69,1	3251	3252
P103,1	3253	3254
P37,1	3255	3256
P7,1	3257	3258
P188,1	3259	3260
P140,1	3261	3262
P38,1	3263	3264
P23,2	3265	3266
P10,2	3267	3268
P189,1	3269	3270
P121,1	3271	3272
P190,1	3273	3274
P141,1	3275	3276
P70,1	3277	3278
P191,1	3279	3280
P122,1	3281	3282
P30,1	3283	3284
P142,1	3285	3286
P163,1	3287	3288
P12,2	3289	3290
P164,1	3291	3292
P165,1	3293	3294
P123,1	3295	3296
P193,1	3297	3298
P14,1	3299	3300
P124,1	3301	3302
P31,1	3303	3304
P108,1	3305	3306
P194,1	3307	3308
P92,1	3309	3310
P167,1	3311	3312
P56,1	3313	3314
P145,1	3315	3316
P39,1	3317	3318
P24,2	3319	3320
P196,1	3321	3322
P8,1	3323	3324
P64,1	3325	3326
P127,1	3327	3328
P72,1	3329	3330
P169,1	3331	3332
P197,1	3333	3334
P198,1	3335	3336
P129,1	3337	3338
P82,1	3339	3340
P95,1	3341	3342
P57,1	3343	3344
P49,2	3345	3346
P112,1	3347	3348
P172,1	3349	3350
P200,1	3351	3352
P130,1	3353	3354
P131,1	3355	3356
P58,1	3357	3358
P18,1	3359	3360
P40,2	3361	3362
P173,1	3363	3364
P65,1	3365	3366
P73,1	3367	3368
P59,1	3369	3370
P85,1	3371	3372
P86,1	3373	3374
P150,1	3375	3376
P133,1	3377	3378
P97,1	3379	3380
P176,1	3381	3382
P178,1	3383	3384
P116,1	3385	3386
P29,1	3387	3388
P152,1	3389	3390
P98,1	3391	3392
P51,1	3393	3394
P43,1	3395	3396
P67,1	3397	3398
P117,1	3399	3400
P9,1	3401	3402
P153,1	3403	3404
P88,1	3405	3406
P182,1	3407	3408
P183,1	3409	3410
P44,1	3411	3412
P155,1	3413	3414
P76,1	3415	3416
P35,1	3417	3418
P156,1	3419	3420
P53,2	3421	3422
P137,1	3423	3424
P186,1	3425	3426
P119,1	3427	3428
P101,1	3429	3430
P25,1	3431	3432
P157,1	3433	3434
P22,1	3435	3436
P187,1	3437	3438
P158,1	3439	3440
P69,1	3441	3442
P103,1	3443	3444
P37,1	3445	3446
P7,1	3447	3448
P188,1	3449	3450
P140,1	3451	3452
P38,1	3453	3454
P23,2	3455	3456
P10,2	3457	3458
P189,1	3459	3460
P121,1	3461	3462
P190,1	3463	3464
P141,1	3465	3466
P70,1	3467	3468
P191,1	3469	3470
P122,1	3471	3472
P30,1	3473	3474
P142,1	3475	3476
P163,1	3477	3478
P12,2	3479	3480
P164,1	3481	3482
P165,1	3483	3484
P123,1	3485	3486
P193,1	3487	3488
P80,1	3489	3490
P125,1	3491	3492
P107,1	3493	3494
P166,1	3495	3496
P195,1	3497	3498
P126,1	3499	3500
P144,1	3501	3502
P145,1	3503	3504
P39,1	3505	3506
P24,2	3507	3508
P4,2	3509	3510
P109,1	3511	3512
P168,1	3513	3514
P81,1	3515	3516
P11,1	3517	3518
P94,1	3519	3520
P170,1	3521	3522
P128,1	3523	3524
P147,1	3525	3526
P32,2	3527	3528
P82,1	3529	3530
P95,1	3531	3532
P57,1	3533	3534
P49,2	3535	3536
P112,1	3537	3538
P172,1	3539	3540
P200,1	3541	3542
P130,1	3543	3544
P131,1	3545	3546
P58,1	3547	3548
P18,1	3549	3550
P40,2	3551	3552
P173,1	3553	3554
P65,1	3555	3556
P73,1	3557	3558
P59,1	3559	3560
P85,1	3561	3562
P86,1	3563	3564
P150,1	3565	3566
P133,1	3567	3568
P97,1	3569	3570
P176,1	3571	3572
P178,1	3573	3574
P116,1	3575	3576
P29,1	3577	3578
P152,1	3579	3580
P98,1	3581	3582
P51,1	3583	3584
P43,1	3585	3586
P67,1	3587	3588
P117,1	3589	3590
P9,1	3591	3592
P153,1	3593	3594
P88,1	3595	3596
P182,1	3597	3598
P183,1	3599	3600
P44,1	3601	3602
P155,1	3603	3604
P76,1	3605	3606
P35,1	3607	3608
P156,1	3609	3610
P53,2	3611	3612
P137,1	3613	3614
P186,1	3615	3616
P119,1	3617	3618
P101,1	3619	3620
P25,1	3621	3622
P157,1	3623	3624
P22,1	3625	3626
P187,1	3627	3628
P158,1	3629	3630
P69,1	3631	3632
P103,1	3633	3634
P37,1	3635	3636
P7,1	3637	3638
P188,1	3639	3640
P140,1	3641	3642
P38,1	3643	3644
P23,2	3645	3646
P10,2	3647	3648
P189,1	3649	3650
P121,1	3651	3652
P190,1	3653	3654
P141,1	3655	3656
P70,1	3657	3658
P191,1	3659	3660
P122,1	3661	3662
P30,1	3663	3664
P142,1	3665	3666
P163,1	3667	3668
P12,2	3669	3670
P164,1	3671	3672
P165,1	3673	3674
P123,1	3675	3675
P143,1	3676	3677
P14,1	3678	3679
P124,1	3680	3681
P31,1	3682	3683
P108,1	3684	3685
P194,1	3686	3687
P92,1	3688	3689
P167,1	3690	3691
P56,1	3692	3693
P93,1	3694	3695
P48,1	3696	3697
P146,1	3698	3699
P196,1	3700	3701
P8,1	3702	3703
P64,1	3704	3705
P127,1	3706	3707
P72,1	3708	3709
P169,1	3710	3711
P197,1	3712	3713
P198,1	3714	3715
P129,1	3716	3717
P110,1	3718	3719
P111,1	3720	3721
P171,1	3722	3723
P199,1	3724	3725
P83,1	3726	3727
P148,1	3728	3729
P16,1	3730	3731
P17,1	3732	3733
P113,1	3734	3735
P41,1	3736	3737
P33,1	3738	3739
P114,1	3740	3741
P149,1	3742	3743
P84,1	3744	3745
P132,1	3746	3747
P96,1	3748	3749
P66,1	3750	3751
P174,1	3752	3753
P28,2	3754	3755
P50,1	3756	3757
P175,1	3758	3759
P115,1	3760	3761
P177,1	3762	3763
P34,1	3764	3765
P151,1	3766	3767
P60,1	3768	3769
P2,2	3770	3771
P179,1	3772	3773
P87,1	3774	3775
P134,1	3776	3777
P180,1	3778	3779
P181,1	3780	3781
P135,1	3782	3783
P75,1	3784	3785
P154,1	3786	3787
P21,1	3788	3789
P136,1	3790	3791
P184,1	3792	3793
P99,1	3794	3795
P45,1	3796	3797
P118,1	3798	3799
P100,1	3800	3801
P185,1	3802	3803
P61,1	3804	3805
P68,1	3806	3807
P138,1	3808	3809
P89,1	3810	3811
P102,1	3812	3813
P36,2	3814	3815
P54,1	3816	3817
P77,1	3818	3819
P46,2	3820	3821
P139,1	3822	3823
P120,1	3824	3825
P159,1	3826	3827
P104,1	3828	3829
P90,1	3830	3831
P160,1	3832	3833
P26,1	3834	3835
P62,1	3836	3837
P78,1	3838	3839
P161,1	3840	3841
P47,1	3842	3843
P162,1	3844	3845
P79,1	3846	3847
P105,1	3848	3849
P91,1	3850	3851
P106,1	3852	3853
P55,1	3854	3855
P192,1	3856	3857
P63,2	3858	3859
P15,1	3860	3861
P13,1	3862	3863
P19,2	3864	3865
P193,1	3866	3867
P14,1	3868	3869
P124,1	3870	3871
P31,1	3872	3873
P108,1	3874	3875
P194,1	3876	3877
P92,1	3878	3879
P167,1	3880	3881
P56,1	3882	3883
P93,1	3884	3885
P48,1	3886	3887
P4,2	3888	3889
P109,1	3890	3891
P8,1	3892	3893
P64,1	3894	3895
P127,1	3896	3897
P72,1	3898	3899
P169,1	3900	3901
P197,1	3902	3903
P198,1	3904	3905
P129,1	3906	3907
P110,1	3908	3909
P111,1	3910	3911
P171,1	3912	3913
P199,1	3914	3915
P83,1	3916	3917
P148,1	3918	3919
P16,1	3920	3921
P17,1	3922	3923
P113,1	3924	3925
P41,1	3926	3927
P33,1	3928	3929
P114,1	3930	3931
P149,1	3932	3933
P84,1	3934	3935
P132,1	3936	3937
P96,1	3938	3939
P66,1	3940	3941
P174,1	3942	3943
P28,2	3944	3945
P50,1	3946	3947
P175,1	3948	3949
P115,1	3950	3951
P177,1	3952	3953
P34,1	3954	3955
P151,1	3956	3957
P60,1	3958	3958
P2,2	3959	3960
P179,1	3961	3962
P87,1	3963	3964
P134,1	3965	3966
P180,1	3967	3968
P181,1	3969	3970
P135,1	3971	3972
P75,1	3973	3974
P154,1	3975	3976
P21,1	3977	3978
P136,1	3979	3980
P184,1	3981	3982
P99,1	3983	3984
P45,1	3985	3986
P118,1	3987	3988
P100,1	3989	3990
P185,1	3991	3992
P61,1	3993	3994
P119,1	3995	3996
P101,1	3997	3998
P25,1	3999	4000
P102,1	4001	4002
P36,2	4003	4004
P54,1	4005	4006
P77,1	4007	4008
P46,2	4009	4010
P139,1	4011	4012
P120,1	4013	4014
P159,1	4015	4016
P104,1	4017	4018
P90,1	4019	4020
P160,1	4021	4022
P26,1	4023	4024
P62,1	4025	4026
P78,1	4027	4028
P161,1	4029	4030
P47,1	4031	4032
P162,1	4033	4034
P79,1	4035	4036
P191,1	4037	4038
P122,1	4039	4040
P30,1	4041	4042
P55,1	4043	4044
P192,1	4045	4046
P63,2	4047	4048
P15,1	4049	4050
P13,1	4051	4052
P19,2	4053	4054
P193,1	4055	4056
P14,1	4057	4058
P124,1	4059	4060
P31,1	4061	4062
P108,1	4063	4064
P194,1	4065	4066
P92,1	4067	4068
P167,1	4069	4070
P56,1	4071	4072
P93,1	4073	4074
P48,1	4075	4076
P4,2	4077	4078
P109,1	4079	4080
P168,1	4081	4082
P81,1	4083	4084
P11,1	4085	4086
P94,1	4087	4088
P170,1	4089	4090
P128,1	4091	4092
P147,1	4093	4093
P129,1	4094	4095
P110,1	4096	4097
P111,1	4098	4099
P171,1	4100	4101
P199,1	4102	4103
P112,1	4104	4105
P172,1	4106	4107
P200,1	4108	4109
P17,1	4110	4111
P113,1	4112	4113
P41,1	4114	4115
P33,1	4116	4117
P114,1	4118	4119
P149,1	4120	4121
P84,1	4122	4123
P132,1	4124	4125
P96,1	4126	4127
P66,1	4128	4129
P174,1	4130	4131
P28,2	4132	4133
P50,1	4134	4135
P97,1	4136	4137
P176,1	4138	4139
P178,1	4140	4141
P116,1	4142	4143
P29,1	4144	4145
P2,2	4146	4147
P179,1	4148	4149
P87,1	4150	4151
P43,1	4152	4153
P67,1	4154	4155
P117,1	4156	4157
P9,1	4158	4159
P153,1	4160	4161
P88,1	4162	4163
P182,1	4164	4165
P183,1	4166	4167
P44,1	4168	4169
P155,1	4170	4171
P76,1	4172	4173
P35,1	4174	4175
P156,1	4176	4177
P53,2	4178	4179
P137,1	4180	4181
P186,1	4182	4183
P138,1	4184	4185
P89,1	4186	4187
P68,2	4188	4189
P157,1	4190	4191
P22,1	4192	4193
P187,1	4194	4195
P158,1	4196	4197
P69,1	4198	4199
P103,1	4200	4200
P37,1	4201	4202
P7,1	4203	4204
P188,1	4205	4206
P140,1	4207	4208
P38,1	4209	4210
P23,2	4211	4212
P10,2	4213	4214
P189,1	4215	4216
P121,1	4217	4218
P190,1	4219	4220
P141,1	4221	4222
P105,1	4223	4224
P91,1	4225	4226
P106,1	4227	4228
P70,2	4229	4230
P142,1	4231	4232
P163,1	4233	4234
P12,2	4235	4236
P164,1	4237	4238
P165,1	4239	4240
P143,1	4241	4242
P123,2	4243	4244
P80,1	4245	4246
P125,1	4247	4248
P107,1	4249	4250
P166,1	4251	4252
P195,1	4253	4254
P126,1	4255	4256
P144,1	4257	4258
P93,1	4259	4260
P24,2	4261	4262
P196,1	4263	4264
P146,2	4265	4266
P64,1	4267	4268
P127,1	4269	4270
P72,1	4271	4272
P169,1	4273	4274
P197,1	4275	4276
P198,1	4277	4278
P32,2	4279	4280
P82,1	4281	4282
P95,1	4283	4284
P57,1	4285	4286
P49,2	4287	4288
P148,1	4289	4290
P16,1	4291	4292
P83,2	4293	4294
P130,1	4295	4296
P131,1	4297	4298
P58,1	4299	4300
P18,1	4301	4302
P40,2	4303	4304
P173,1	4305	4306
P65,1	4307	4308
P73,1	4309	4310
P59,1	4311	4312
P85,1	4313	4314
P86,1	4315	4316
P150,1	4317	4318
P175,1	4319	4320
P115,1	4321	4322
P177,1	4323	4324
P133,2	4325	4326
P116,1	4327	4328
P29,1	4329	4330
P2,2	4331	4332
P179,1	4333	4334
P87,1	4335	4336
P43,1	4337	4338
P67,1	4339	4340
P117,1	4341	4342
P135,1	4343	4344
P88,1	4345	4346
P182,1	4347	4348
P75,2	4349	4350
P136,1	4351	4352
P44,2	4353	4354
P99,1	4355	4356
P45,1	4357	4358
P118,1	4359	4360
P100,1	4361	4362
P185,1	4363	4364
P61,1	4365	4366
P119,1	4367	4368
P101,1	4369	4370
P25,1	4371	4372
P102,1	4373	4374
P36,2	4375	4376
P54,1	4377	4378
P77,1	4379	4380
P46,2	4381	4382
P139,1	4383	4384
P37,1	4385	4386
P159,1	4387	4388
P104,1	4389	4390
P90,1	4391	4392
P160,1	4393	4394
P26,1	4395	4396
P62,1	4397	4398
P78,1	4399	4400
P161,1	4401	4402
P47,1	4403	4404
P162,1	4405	4406
P79,1	4407	4408
P191,1	4409	4410
P122,1	4411	4412
P30,1	4413	4414
P55,1	4415	4416
P192,1	4417	4418
P63,2	4419	4420
P15,1	4421	4422
P13,1	4423	4424
P19,2	4425	4426
P193,1	4427	4428
P14,1	4429	4430
P124,1	4431	4432
P31,1	4433	4434
P108,1	4435	4436
P194,1	4437	4438
P92,1	4439	4440
P167,1	4441	4442
P56,1	4443	4444
P48,1	4445	4446
P4,2	4447	4448
P109,1	4449	4450
P168,1	4451	4452
P81,1	4453	4454
P11,1	4455	4456
P94,1	4457	4458
P170,1	4459	4460
P128,1	4461	4462
P129,1	4463	4464
P110,1	4465	4466
P111,1	4467	4468
P171,1	4469	4470
P199,1	4471	4472
P112,1	4473	4474
P172,1	4475	4476
P200,1	4477	4478
P17,1	4479	4480
P113,1	4481	4482
P41,1	4483	4484
P33,1	4485	4486
P114,1	4487	4488
P149,1	4489	4490
P84,1	4491	4492
P132,1	4493	4494
P96,1	4495	4496
P66,1	4497	4498
P174,1	4499	4500
P28,2	4501	4502
P50,1	4503	4504
P97,1	4505	4506
P176,1	4507	4508
P178,1	4509	4510
P34,1	4511	4512
P151,1	4513	4514
P152,1	4515	4516
P98,1	4517	4518
P51,1	4519	4520
P60,2	4521	4522
P67,1	4523	4524
P117,1	4525	4526
P135,1	4527	4528
P43,2	4529	4530
P154,1	4531	4532
P21,1	4533	4534
P183,1	4535	4536
P184,1	4537	4538
P155,1	4539	4540
P76,1	4541	4542
P35,1	4543	4544
P156,1	4545	4546
P53,2	4547	4548
P137,1	4549	4550
P186,1	4551	4552
P138,1	4553	4554
P89,1	4555	4556
P68,2	4557	4558
P157,1	4559	4560
P22,1	4561	4562
P187,1	4563	4564
P158,1	4565	4566
P69,1	4567	4568
P120,1	4569	4570
P103,2	4571	4572
P7,1	4573	4574
P188,1	4575	4576
P140,1	4577	4578
P38,1	4579	4580
P23,2	4581	4582
P10,2	4583	4584
P189,1	4585	4586
P121,1	4587	4588
P162,1	4589	4590
P190,2	4591	4592
P105,1	4593	4594
P91,1	4595	4596
P106,1	4597	4598
P70,2	4599	4600
P142,1	4601	4602
P163,1	4603	4603
P12,2	4604	4605
P164,1	4606	4607
P165,1	4608	4609
P143,1	4610	4611
P123,2	4612	4613
P124,1	4614	4615
P31,1	4616	4617
P80,2	4618	4619
P166,1	4620	4621
P195,1	4622	4623
P126,1	4624	4625
P144,1	4626	4627
P93,1	4628	4629
P24,2	4630	4631
P196,1	4632	4633
P146,2	4634	4635
P64,1	4636	4637
P127,1	4638	4639
P72,1	4640	4641
P169,1	4642	4643
P197,1	4644	4645
P198,1	4646	4647
P32,2	4648	4649
P82,1	4650	4651
P95,1	4652	4653
P57,1	4654	4655
P49,2	4656	4657
P148,1	4658	4659
P16,1	4660	4661
P83,2	4662	4663
P130,1	4664	4665
P131,1	4666	4667
P58,1	4668	4669
P18,1	4670	4671
P40,2	4672	4673
P173,1	4674	4675
P65,1	4676	4677
P73,1	4678	4679
P59,1	4680	4681
P85,1	4682	4683
P86,1	4684	4685
P150,1	4686	4687
P175,1	4688	4689
P115,1	4690	4691
P177,1	4692	4693
P133,2	4694	4695
P116,1	4696	4697
P29,1	4698	4699
P2,2	4700	4701
P179,1	4702	4703
P87,1	4704	4705
P134,1	4706	4707
P180,1	4708	4709
P181,1	4710	4711
P153,1	4712	4713
P88,1	4714	4715
P182,1	4716	4717
P75,2	4718	4719
P136,1	4720	4721
P44,2	4722	4723
P99,1	4724	4725
P45,1	4726	4727
P118,1	4728	4729
P100,1	4730	4731
P185,1	4732	4733
P61,1	4734	4735
P119,1	4736	4737
P101,1	4738	4739
P25,1	4740	4741
P102,1	4742	4743
P36,2	4744	4745
P54,1	4746	4747
P77,1	4748	4749
P69,1	4750	4751
P120,1	4752	4753
P103,2	4754	4755
P104,1	4756	4757
P90,1	4758	4759
P160,1	4760	4761
P38,1	4762	4763
P23,2	4764	4765
P10,2	4766	4767
P189,1	4768	4769
P121,1	4770	4771
P162,1	4772	4773
P190,2	4774	4775
P105,1	4776	4777
P91,1	4778	4779
P106,1	4780	4781
P70,2	4782	4783
P142,1	4784	4785
P63,2	4786	4787
P15,1	4788	4789
P13,1	4790	4791
P19,2	4792	4793
P193,1	4794	4795
P14,1	4796	4797
P125,1	4798	4799
P107,1	4800	4801
P108,1	4802	4803
P194,1	4804	4805
P92,1	4806	4807
P167,1	4808	4809
P56,1	4810	4811
P24,2	4812	4813
P196,1	4814	4815
P146,2	4816	4817
P64,1	4818	4819
P127,1	4820	4821
P72,1	4822	4823
P169,1	4824	4825
P197,1	4826	4827
P198,1	4828	4829
P32,2	4830	4831
P82,1	4832	4833
P95,1	4834	4835
P57,1	4836	4837
P49,2	4838	4839
P148,1	4840	4841
P16,1	4842	4843
P83,2	4844	4845
P130,1	4846	4847
P131,1	4848	4849
P58,1	4850	4851
P18,1	4852	4852
P40,2	4853	4854
P173,1	4855	4856
P65,1	4857	4858
P73,1	4859	4860
P59,1	4861	4862
P85,1	4863	4864
P86,1	4865	4866
P150,1	4867	4868
P97,1	4869	4870
P176,1	4871	4872
P177,1	4873	4874
P133,2	4875	4876
P116,1	4877	4878
P29,1	4879	4880
P2,2	4881	4882
P179,1	4883	4884
P87,1	4885	4886
P134,1	4887	4888
P180,1	4889	4890
P181,1	4891	4892
P153,1	4893	4894
P88,1	4895	4896
P182,1	4897	4898
P75,2	4899	4900
P136,1	4901	4902
P44,2	4903	4904
P99,1	4905	4906
P45,1	4907	4908
P118,1	4909	4910
P100,1	4911	4912
P185,1	4913	4914
P61,1	4915	4916
P119,1	4917	4918
P101,1	4919	4920
P25,1	4921	4922
P102,1	4923	4924
P36,2	4925	4926
P54,1	4927	4928
P46,2	4929	4930
P139,1	4931	4932
P120,1	4933	4934
P77,2	4935	4936
P159,1	4937	4938
P188,1	4939	4940
P140,1	4941	4942
P7,2	4943	4944
P26,1	4945	4946
P62,1	4947	4948
P78,1	4949	4950
P161,1	4951	4952
P47,1	4953	4954
P190,2	4955	4956
P105,1	4957	4958
P141,2	4959	4960
P122,1	4961	4962
P30,1	4963	4964
P55,1	4965	4966
P192,1	4967	4968
P12,2	4969	4970
P164,1	4971	4972
P165,1	4973	4974
P143,1	4975	4976
P123,2	4977	4978
P125,1	4979	4980
P107,1	4981	4982
P124,2	4983	4984
P166,1	4985	4986
P195,1	4987	4988
P126,1	4989	4990
P144,1	4991	4992
P48,1	4993	4994
P4,2	4995	4996
P109,1	4997	4998
P168,1	4999	5000
P81,1	5001	5002
P11,1	5003	5004
P94,1	5005	5006
P170,1	5007	5008
P128,1	5009	5010
P129,1	5011	5012
P110,1	5013	5014
P111,1	5015	5016
P171,1	5017	5018
P199,1	5019	5020
P112,1	5021	5022
P172,1	5023	5024
P200,1	5025	5026
P17,2	5027	5028
P113,1	5029	5030
P41,1	5031	5031
P33,1	5032	5033
P40,2	5034	5035
P173,1	5036	5037
P18,2	5038	5039
P132,1	5040	5041
P96,1	5042	5043
P66,1	5044	5045
P174,1	5046	5047
P28,2	5048	5049
P175,1	5050	5051
P115,1	5052	5053
P50,2	5054	5055
P178,1	5056	5057
P34,1	5058	5059
P151,1	5060	5061
P152,1	5062	5063
P98,1	5064	5065
P51,1	5066	5067
P60,2	5068	5069
P67,1	5070	5071
P117,1	5072	5073
P153,1	5074	5075
P88,1	5076	5076
P135,2	5077	5078
P21,1	5079	5080
P183,1	5081	5082
P184,1	5083	5084
P155,1	5085	5086
P76,1	5087	5088
P35,1	5089	5090
P156,1	5091	5092
P53,2	5093	5094
P137,1	5095	5096
P186,1	5097	5098
P138,1	5099	5100
P89,1	5101	5102
P68,2	5103	5104
P157,1	5105	5106
P22,1	5107	5108
P187,1	5109	5110
P69,1	5111	5112
P158,2	5113	5114
P37,1	5115	5116
P103,2	5117	5118
P104,1	5119	5120
P140,1	5121	5122
P7,2	5123	5124
P26,1	5125	5126
P90,2	5127	5128
P10,2	5129	5130
P189,1	5131	5132
P121,1	5133	5134
P162,1	5135	5136
P79,1	5137	5138
P191,1	5139	5140
P91,1	5141	5142
P106,1	5143	5144
P70,2	5145	5146
P142,1	5147	5148
P63,2	5149	5150
P15,1	5151	5152
P13,1	5153	5154
P19,2	5155	5156
P193,1	5157	5158
P14,1	5159	5160
P31,1	5161	5162
P80,2	5163	5164
P108,1	5165	5166
P194,1	5167	5168
P92,1	5169	5170
P167,1	5171	5172
P56,1	5173	5174
P24,2	5175	5176
P196,1	5177	5178
P146,2	5179	5180
P64,1	5181	5182
P127,1	5183	5184
P72,1	5185	5186
P169,1	5187	5188
P197,1	5189	5190
P198,1	5191	5192
P32,2	5193	5194
P82,1	5195	5196
P95,1	5197	5198
P57,1	5199	5200
P49,2	5201	5202
P148,1	5203	5204
P16,2	5205	5206
P83,2	5207	5208
P130,1	5209	5210
P131,1	5211	5212
P33,1	5213	5214
P40,2	5215	5216
P41,2	5217	5218
P84,1	5219	5220
P65,1	5221	5222
P73,1	5223	5224
P59,1	5225	5226
P85,1	5227	5228
P86,1	5229	5230
P150,1	5231	5232
P97,1	5233	5234
P176,1	5235	5236
P177,1	5237	5238
P133,2	5239	5240
P116,2	5241	5242
P29,1	5243	5243
P152,1	5244	5245
P98,1	5246	5247
P51,1	5248	5249
P60,2	5250	5251
P67,1	5252	5253
P117,1	5254	5255
P153,1	5256	5257
P154,1	5258	5259
P88,2	5260	5261
P21,1	5262	5263
P183,1	5264	5265
P184,1	5266	5267
P155,1	5268	5269
P76,1	5270	5271
P35,1	5272	5273
P156,1	5274	5275
P53,2	5276	5277
P137,1	5278	5279
P186,1	5280	5281
P138,1	5282	5283
P89,1	5284	5285
P68,2	5286	5287
P157,1	5288	5289
P54,1	5290	5291
P187,1	5292	5293
P69,1	5294	5295
P158,2	5296	5297
P37,1	5298	5298
P103,2	5299	5300
P104,1	5301	5302
P140,1	5303	5304
P7,2	5305	5306
P26,1	5307	5308
P90,2	5309	5310
P10,2	5311	5312
P189,1	5313	5314
P121,1	5315	5316
P162,1	5317	5318
P79,1	5319	5320
P191,1	5321	5322
P91,1	5323	5324
P106,1	5325	5326
P70,2	5327	5328
P142,1	5329	5330
P63,2	5331	5332
P15,1	5333	5334
P13,1	5335	5336
P19,2	5337	5338
P193,1	5339	5340
P14,1	5341	5342
P31,1	5343	5344
P80,2	5345	5346
P108,1	5347	5348
P194,1	5349	5350
P92,1	5351	5352
P167,1	5353	5354
P56,1	5355	5356
P24,2	5357	5358
P196,1	5359	5360
P146,2	5361	5362
P64,1	5363	5364
P127,1	5365	5366
P72,1	5367	5368
P169,1	5369	5370
P197,1	5371	5372
P198,1	5373	5374
P32,2	5375	5376
P82,1	5377	5378
P95,1	5379	5380
P57,1	5381	5382
P49,2	5383	5384
P148,1	5385	5386
P16,2	5387	5388
P83,2	5389	5390
P130,1	5391	5392
P131,1	5393	5394
P114,1	5395	5396
P149,1	5397	5398
P173,1	5399	5400
P84,1	5401	5402
P65,1	5403	5404
P73,1	5405	5406
P59,1	5407	5408
P85,1	5409	5410
P86,1	5411	5411
P150,1	5412	5413
P97,1	5414	5415
P176,1	5416	5417
P177,1	5418	5419
P133,2	5420	5421
P116,2	5422	5423
P29,2	5424	5425
P2,2	5426	5427
P179,1	5428	5429
P87,1	5430	5431
P134,1	5432	5433
P180,1	5434	5435
P181,1	5436	5437
P43,2	5438	5439
P135,2	5440	5441
P182,1	5442	5443
P75,2	5444	5445
P136,1	5446	5447
P44,2	5448	5449
P99,1	5450	5451
P45,1	5452	5453
P118,1	5454	5455
P100,1	5456	5457
P185,1	5458	5459
P61,1	5460	5461
P119,1	5462	5463
P101,1	5464	5465
P25,1	5466	5467
P102,1	5468	5469
P36,2	5470	5471
P22,2	5472	5473
P46,2	5474	5475
P139,1	5476	5477
P120,1	5478	5479
P103,2	5480	5481
P104,1	5482	5483
P140,1	5484	5485
P7,2	5486	5487
P26,1	5488	5489
P90,2	5490	5491
P10,2	5492	5493
P189,1	5494	5495
P121,1	5496	5497
P162,1	5498	5499
P79,1	5500	5501
P191,1	5502	5503
P91,1	5504	5504
P122,1	5505	5506
P30,1	5507	5508
P55,1	5509	5510
P192,1	5511	5512
P12,2	5513	5514
P13,1	5515	5516
P19,2	5517	5518
P193,1	5519	5520
P14,1	5521	5522
P31,1	5523	5524
P80,2	5525	5526
P108,1	5527	5528
P194,1	5529	5530
P92,1	5531	5532
P167,1	5533	5534
P56,1	5535	5536
P24,2	5537	5538
P196,1	5539	5540
P146,2	5541	5542
P64,1	5543	5544
P127,1	5545	5546
P72,1	5547	5548
P169,1	5549	5550
P128,1	5551	5552
P129,1	5553	5554
P110,1	5555	5556
P111,1	5557	5558
P171,1	5559	5560
P199,1	5561	5562
P112,1	5563	5564
P172,1	5565	5566
P200,1	5567	5568
P17,2	5569	5570
P113,1	5571	5572
P58,1	5573	5574
P40,2	5575	5576
P41,2	5577	5578
P33,2	5579	5580
P18,2	5581	5582
P132,1	5583	5584
P96,1	5585	5586
P66,1	5587	5588
P174,1	5589	5590
P150,1	5591	5592
P97,1	5593	5594
P86,2	5595	5596
P50,2	5597	5598
P178,1	5599	5600
P34,1	5601	5602
P151,1	5603	5604
P152,1	5605	5606
P98,1	5607	5608
P51,1	5609	5610
P134,1	5611	5612
P180,1	5613	5614
P181,1	5615	5616
P43,2	5617	5618
P135,2	5619	5620
P182,1	5621	5622
P75,2	5623	5624
P136,1	5625	5626
P44,2	5627	5628
P99,1	5629	5630
P45,1	5631	5632
P118,1	5633	5634
P100,1	5635	5636
P185,1	5637	5638
P61,1	5639	5640
P119,1	5641	5642
P89,1	5643	5644
P138,2	5645	5646
P102,1	5647	5648
P36,2	5649	5650
P22,2	5651	5652
P46,2	5653	5654
P139,1	5655	5656
P120,1	5657	5658
P103,2	5659	5660
P188,1	5661	5662
P160,1	5663	5664
P38,1	5665	5666
P26,1	5667	5668
P90,2	5669	5670
P10,2	5671	5672
P189,1	5673	5674
P121,1	5675	5676
P162,1	5677	5678
P79,1	5679	5680
P191,1	5681	5682
P122,1	5683	5684
P30,1	5685	5686
P55,1	5687	5688
P91,2	5689	5690
P63,2	5691	5692
P15,2	5693	5694
P13,1	5695	5696
P19,2	5697	5698
P193,1	5699	5700
P14,1	5701	5702
P31,1	5703	5704
P80,2	5705	5706
P108,1	5707	5708
P194,1	5709	5710
P92,1	5711	5712
P167,1	5713	5714
P56,1	5715	5716
P24,2	5717	5718
P196,1	5719	5720
P146,2	5721	5722
P64,1	5723	5724
P127,1	5725	5726
P72,1	5727	5728
P169,1	5729	5730
P198,1	5731	5732
P32,2	5733	5734
P111,1	5735	5736
P171,1	5737	5738
P199,1	5739	5740
P112,1	5741	5742
P172,1	5743	5744
P200,1	5745	5746
P17,2	5747	5748
P113,1	5749	5750
P58,1	5751	5752
P40,2	5753	5754
P41,2	5755	5756
P33,2	5757	5758
P18,2	5759	5760
P132,1	5761	5762
P96,1	5763	5764
P66,1	5765	5766
P174,1	5767	5768
P150,1	5769	5770
P97,1	5771	5772
P86,2	5773	5774
P50,2	5775	5776
P178,1	5777	5778
P34,1	5779	5780
P151,1	5781	5781
P29,2	5782	5783
P2,2	5784	5785
P179,1	5786	5787
P60,2	5788	5789
P67,1	5790	5791
P117,1	5792	5793
P153,1	5794	5795
P154,1	5796	5797
P88,2	5798	5799
P21,1	5800	5801
P136,1	5802	5803
P44,2	5804	5805
P99,1	5806	5807
P76,1	5808	5809
P35,1	5810	5811
P156,1	5812	5813
P53,2	5814	5815
P137,1	5816	5817
P186,1	5818	5819
P101,1	5820	5821
P25,1	5822	5823
P68,2	5824	5825
P157,1	5826	5827
P54,1	5828	5829
P187,1	5830	5831
P69,1	5832	5833
P158,2	5834	5835
P77,2	5836	5837
P104,1	5838	5839
P140,1	5840	5841
P7,2	5842	5843
P159,2	5844	5845
P23,2	5846	5847
P62,1	5848	5849
P78,1	5850	5851
P161,1	5852	5853
P47,1	5854	5855
P190,2	5856	5857
P105,1	5858	5859
P141,2	5860	5861
P106,1	5862	5863
P70,2	5864	5865
P142,1	5866	5867
P192,1	5868	5869
P12,2	5870	5871
P164,1	5872	5873
P165,1	5874	5875
P143,1	5876	5877
P123,2	5878	5879
P125,1	5880	5881
P107,1	5882	5883
P124,2	5884	5885
P166,1	5886	5887
P195,1	5888	5889
P126,1	5890	5891
P144,1	5892	5893
P48,1	5894	5895
P4,2	5896	5897
P109,1	5898	5899
P168,1	5900	5901
P81,1	5902	5903
P11,1	5904	5905
P94,1	5906	5907
P128,1	5908	5909
P129,1	5910	5911
P110,1	5912	5913
P95,1	5914	5915
P57,1	5916	5917
P49,2	5918	5919
P148,1	5920	5921
P16,2	5922	5923
P83,2	5924	5925
P130,1	5926	5927
P131,1	5928	5929
P114,1	5930	5931
P149,1	5932	5933
P173,1	5934	5935
P84,1	5936	5937
P65,1	5938	5939
P73,1	5940	5941
P59,1	5942	5943
P85,1	5944	5945
P28,2	5946	5947
P175,1	5948	5949
P115,1	5950	5951
P176,1	5952	5953
P177,1	5954	5955
P133,2	5956	5957
P116,2	5958	5959
P152,1	5960	5961
P98,1	5962	5963
P51,1	5964	5965
P60,2	5966	5967
P67,1	5968	5969
P117,1	5970	5971
P153,1	5972	5973
P154,1	5974	5975
P88,2	5976	5977
P21,1	5978	5979
P136,1	5980	5981
P44,2	5982	5983
P99,1	5984	5985
P76,1	5986	5987
P35,1	5988	5989
P156,1	5990	5991
P53,2	5992	5993
P137,1	5994	5995
P186,1	5996	5997
P101,1	5998	5999
P25,1	6000	6001
P68,2	6002	6003
P157,1	6004	6005
P54,1	6006	6006
P187,1	6007	6008
P69,1	6009	6010
P158,2	6011	6012
P77,2	6013	6014
P104,1	6015	6016
P140,1	6017	6018
P7,2	6019	6020
P159,2	6021	6022
P23,2	6023	6024
P62,1	6025	6026
P78,1	6027	6028
P161,1	6029	6030
P47,1	6031	6032
P190,2	6033	6034
P105,1	6035	6036
P141,2	6037	6038
P30,1	6039	6040
P55,1	6041	6042
P91,2	6043	6044
P192,1	6045	6046
P12,2	6047	6048
P164,1	6049	6050
P165,1	6051	6052
P143,1	6053	6054
P123,2	6055	6056
P125,1	6057	6058
P107,1	6059	6060
P124,2	6061	6062
P166,1	6063	6064
P195,1	6065	6066
P126,1	6067	6068
P144,1	6069	6070
P48,1	6071	6072
P4,2	6073	6074
P109,1	6075	6076
P168,1	6077	6078
P81,1	6079	6080
P11,1	6081	6082
P94,1	6083	6084
P198,1	6085	6086
P129,1	6087	6088
P110,1	6089	6090
P95,1	6091	6092
P57,1	6093	6094
P49,2	6095	6096
P148,1	6097	6098
P16,2	6099	6100
P83,2	6101	6102
P130,1	6103	6104
P131,1	6105	6106
P114,1	6107	6108
P149,1	6109	6110
P173,1	6111	6112
P84,1	6113	6114
P65,1	6115	6116
P96,1	6117	6118
P85,1	6119	6120
P28,2	6121	6122
P175,1	6123	6124
P66,2	6125	6126
P86,2	6127	6128
P50,2	6129	6130
P178,1	6131	6132
P34,1	6133	6133
P29,2	6134	6135
P2,2	6136	6137
P179,1	6138	6139
P151,2	6140	6141
P134,1	6142	6143
P180,1	6144	6145
P181,1	6146	6147
P43,2	6148	6149
P135,2	6150	6151
P182,1	6152	6153
P75,2	6154	6155
P184,1	6156	6157
P155,1	6158	6159
P183,2	6160	6161
P45,1	6162	6163
P118,1	6164	6165
P100,1	6166	6167
P185,1	6168	6169
P61,1	6170	6171
P119,1	6172	6173
P89,1	6174	6175
P138,2	6176	6177
P102,1	6178	6179
P36,2	6180	6181
P187,1	6182	6183
P69,1	6184	6185
P139,1	6186	6187
P120,1	6188	6189
P103,2	6190	6191
P188,1	6192	6193
P160,1	6194	6195
P38,1	6196	6197
P26,1	6198	6199
P90,2	6200	6201
P10,2	6202	6203
P189,1	6204	6205
P121,1	6206	6207
P162,1	6208	6209
P79,1	6210	6211
P191,1	6212	6213
P106,1	6214	6215
P70,2	6216	6217
P142,1	6218	6219
P122,2	6220	6221
P63,2	6222	6223
P15,2	6224	6225
P13,1	6226	6227
P19,2	6228	6229
P193,1	6230	6231
P14,1	6232	6233
P31,1	6234	6235
P80,2	6236	6237
P108,1	6238	6238
P194,1	6239	6240
P92,1	6241	6242
P167,1	6243	6244
P56,1	6245	6246
P24,2	6247	6248
P196,1	6249	6250
P146,2	6251	6252
P64,1	6253	6254
P127,1	6255	6256
P72,1	6257	6258
P128,1	6259	6260
P169,2	6261	6262
P32,2	6263	6264
P111,1	6265	6266
P171,1	6267	6268
P199,1	6269	6270
P112,1	6271	6272
P172,1	6273	6274
P200,1	6275	6276
P17,2	6277	6278
P113,1	6279	6280
P58,1	6281	6282
P40,2	6283	6284
P41,2	6285	6286
P33,2	6287	6288
P18,2	6289	6290
P132,1	6291	6292
P59,1	6293	6294
P28,2	6295	6296
P175,1	6297	6298
P66,2	6299	6300
P86,2	6301	6302
P50,2	6303	6304
P178,1	6305	6306
P116,2	6307	6308
P152,1	6309	6310
P98,1	6311	6312
P51,1	6313	6314
P151,2	6315	6316
P134,1	6317	6318
P180,1	6319	6320
P181,1	6321	6322
P43,2	6323	6324
P135,2	6325	6326
P182,1	6327	6327
P75,2	6328	6329
P184,1	6330	6331
P155,1	6332	6333
P183,2	6334	6335
P45,1	6336	6337
P118,1	6338	6339
P100,1	6340	6341
P185,1	6342	6343
P61,1	6344	6345
P119,1	6346	6347
P89,1	6348	6349
P138,2	6350	6351
P102,1	6352	6353
P36,2	6354	6355
P187,1	6356	6357
P69,1	6358	6359
P139,1	6360	6361
P120,1	6362	6363
P103,2	6364	6365
P188,1	6366	6367
P160,1	6368	6369
P38,1	6370	6371
P26,1	6372	6373
P90,2	6374	6375
P10,2	6376	6377
P189,1	6378	6379
P121,1	6380	6381
P162,1	6382	6383
P79,1	6384	6385
P191,1	6386	6387
P106,1	6388	6389
P70,2	6390	6391
P142,1	6392	6393
P122,2	6394	6395
P63,2	6396	6397
P164,1	6398	6399
P165,1	6400	6401
P143,1	6402	6403
P193,1	6404	6405
P14,1	6406	6407
P31,1	6408	6409
P80,2	6410	6411
P166,1	6412	6413
P195,1	6414	6415
P108,2	6416	6417
P167,1	6418	6419
P56,1	6420	6421
P24,2	6422	6423
P196,1	6424	6425
P146,2	6426	6427
P81,1	6428	6429
P11,1	6430	6431
P94,1	6432	6433
P198,1	6434	6435
P129,1	6436	6437
P110,1	6438	6439
P95,1	6440	6441
P57,1	6442	6443
P49,2	6444	6445
P172,1	6446	6446
P16,2	6447	6448
P112,2	6449	6450
P17,2	6451	6452
P113,1	6453	6454
P58,1	6455	6456
P40,2	6457	6458
P41,2	6459	6460
P33,2	6461	6462
P18,2	6463	6464
P132,1	6465	6466
P59,1	6467	6468
P28,2	6469	6470
P175,1	6471	6472
P115,1	6473	6474
P176,1	6475	6476
P177,1	6477	6478
P178,1	6479	6480
P116,2	6481	6482
P152,1	6483	6484
P98,1	6485	6486
P51,1	6487	6488
P151,2	6489	6490
P134,1	6491	6492
P180,1	6493	6494
P181,1	6495	6496
P43,2	6497	6498
P135,2	6499	6500
P21,1	6501	6502
P75,2	6503	6504
P184,1	6505	6506
P155,1	6507	6508
P183,2	6509	6510
P45,1	6511	6512
P118,1	6513	6514
P100,1	6515	6516
P185,1	6517	6518
P61,1	6519	6520
P119,1	6521	6522
P89,1	6523	6524
P138,2	6525	6526
P102,1	6527	6528
P36,2	6529	6530
P187,1	6531	6532
P69,1	6533	6534
P139,1	6535	6536
P120,1	6537	6538
P103,2	6539	6540
P188,1	6541	6542
P160,1	6543	6544
P38,1	6545	6546
P26,1	6547	6548
P90,2	6549	6550
P10,2	6551	6552
P189,1	6553	6554
P121,1	6555	6556
P162,1	6557	6558
P79,1	6559	6560
P141,2	6561	6562
P30,1	6563	6564
P55,1	6565	6566
P91,2	6567	6568
P192,1	6569	6570
P15,2	6571	6572
P13,1	6573	6574
P19,2	6575	6576
P12,3	6577	6578
P123,2	6579	6580
P125,1	6581	6582
P107,1	6583	6584
P124,2	6585	6586
P194,1	6587	6588
P92,1	6589	6590
P126,1	6591	6592
P56,1	6593	6593
P48,1	6594	6594
P24,2	6595	6596
P196,1	6597	6598
P146,2	6599	6600
P81,1	6601	6602
P11,1	6603	6604
P94,1	6605	6606
P198,1	6607	6608
P129,1	6609	6610
P110,1	6611	6612
P95,1	6613	6614
P57,1	6615	6616
P49,2	6617	6618
P16,2	6619	6620
P112,2	6621	6622
P17,2	6623	6624
P113,1	6625	6626
P58,1	6627	6628
P40,2	6629	6630
P41,2	6631	6632
P33,2	6633	6634
P18,2	6635	6636
P132,1	6637	6638
P59,1	6639	6640
P28,2	6641	6642
P175,1	6643	6644
P115,1	6645	6646
P176,1	6647	6648
P177,1	6649	6650
P178,1	6651	6652
P116,2	6653	6654
P152,1	6655	6656
P98,1	6657	6658
P51,1	6659	6660
P151,2	6661	6662
P134,1	6663	6664
P180,1	6665	6666
P181,1	6667	6668
P43,2	6669	6670
P135,2	6671	6672
P21,1	6673	6674
P75,2	6675	6676
P44,2	6677	6678
P99,1	6679	6680
P76,1	6681	6682
P35,1	6683	6684
P156,1	6685	6686
P53,2	6687	6688
P137,1	6689	6690
P186,1	6691	6692
P101,1	6693	6694
P25,1	6695	6696
P68,2	6697	6698
P157,1	6699	6700
P22,2	6701	6702
P46,2	6703	6704
P54,2	6705	6706
P158,2	6707	6708
P77,2	6709	6710
P104,1	6711	6712
P140,1	6713	6714
P7,2	6715	6716
P159,2	6717	6718
P90,2	6719	6720
P10,2	6721	6722
P189,1	6723	6724
P47,1	6725	6726
P190,2	6727	6728
P191,1	6729	6730
P106,1	6731	6732
P70,2	6733	6734
P142,1	6735	6736
P122,2	6737	6738
P63,2	6739	6740
P164,1	6741	6742
P165,1	6743	6744
P143,1	6745	6746
P193,1	6747	6748
P14,1	6749	6750
P31,1	6751	6752
P80,2	6753	6754
P166,1	6755	6756
P92,1	6757	6758
P126,1	6759	6760
P167,1	6761	6762
P24,2	6763	6764
P196,1	6765	6766
P56,2	6767	6768
P48,2	6769	6770
P81,1	6771	6772
P11,1	6773	6774
P94,1	6775	6776
P198,1	6777	6778
P129,1	6779	6780
P110,1	6781	6782
P95,1	6783	6784
P57,1	6785	6786
P49,2	6787	6788
P16,2	6789	6790
P112,2	6791	6792
P17,2	6793	6794
P113,1	6795	6796
P58,1	6797	6798
P40,2	6799	6800
P41,2	6801	6802
P33,2	6803	6804
P18,2	6805	6806
P132,1	6807	6808
P59,1	6809	6810
P28,2	6811	6812
P175,1	6813	6814
P115,1	6815	6816
P176,1	6817	6818
P177,1	6819	6820
P178,1	6821	6822
P116,2	6823	6824
P152,1	6825	6826
P98,1	6827	6828
P34,2	6829	6830
P60,2	6831	6832
P67,1	6833	6834
P181,1	6835	6836
P43,2	6837	6838
P135,2	6839	6840
P21,1	6841	6842
P75,2	6843	6844
P44,2	6845	6846
P99,1	6847	6848
P76,1	6849	6850
P35,1	6851	6852
P156,1	6853	6854
P53,2	6855	6856
P137,1	6857	6858
P186,1	6859	6860
P101,1	6861	6862
P25,1	6863	6864
P68,2	6865	6866
P36,2	6867	6868
P187,1	6869	6870
P69,1	6871	6872
P139,1	6873	6874
P120,1	6875	6876
P103,2	6877	6878
P188,1	6879	6880
P160,1	6881	6882
P38,1	6883	6884
P26,2	6885	6886
P90,2	6887	6888
P10,2	6889	6890
P189,1	6891	6891
P161,1	6892	6893
P162,1	6894	6895
P79,1	6896	6897
P141,2	6898	6899
P30,1	6900	6901
P55,1	6902	6903
P91,2	6904	6905
P192,1	6906	6907
P15,2	6908	6909
P13,1	6910	6911
P19,2	6912	6913
P12,3	6914	6915
P123,2	6916	6917
P31,1	6918	6919
P80,2	6920	6921
P166,1	6922	6923
P92,1	6924	6925
P194,2	6926	6927
P144,2	6928	6929
P24,2	6930	6931
P196,1	6932	6933
P56,2	6934	6935
P48,2	6936	6937
P81,1	6938	6939
P11,1	6940	6941
P128,1	6942	6943
P169,2	6944	6945
P32,2	6946	6947
P111,1	6948	6949
P171,1	6950	6951
P199,1	6952	6953
P148,1	6954	6955
P200,1	6956	6957
P83,2	6958	6959
P130,1	6960	6961
P131,1	6962	6962
P114,1	6963	6964
P149,1	6965	6966
P173,1	6967	6968
P84,1	6969	6970
P65,1	6971	6972
P96,1	6973	6974
P85,1	6975	6976
P150,1	6977	6978
P66,2	6979	6980
P86,2	6981	6982
P50,2	6983	6984
P97,2	6985	6986
P133,2	6987	6988
P29,2	6989	6990
P2,2	6991	6992
P179,1	6993	6994
P151,2	6995	6996
P134,1	6997	6998
P180,1	6999	7000
P153,1	7001	7002
P154,1	7003	7004
P88,2	7005	7006
P182,2	7007	7008
P184,1	7009	7010
P155,1	7011	7012
P183,2	7013	7014
P45,1	7015	7016
P118,1	7017	7018
P100,1	7019	7020
P185,1	7021	7022
P61,1	7023	7024
P101,1	7025	7025
P89,1	7026	7027
P138,2	7028	7029
P68,2	7030	7031
P36,2	7032	7033
P102,2	7034	7035
P46,2	7036	7037
P54,2	7038	7039
P158,2	7040	7041
P77,2	7042	7043
P188,1	7044	7045
P160,1	7046	7047
P38,1	7048	7049
P26,2	7050	7051
P90,2	7052	7053
P10,2	7054	7055
P189,2	7056	7057
P47,1	7058	7059
P190,2	7060	7061
P141,2	7062	7063
P30,1	7064	7065
P55,1	7066	7067
P91,2	7068	7069
P192,1	7070	7071
P15,2	7072	7073
P13,1	7074	7075
P19,2	7076	7077
P12,3	7078	7079
P123,2	7080	7081
P31,1	7082	7083
P80,2	7084	7085
P166,1	7086	7087
P92,1	7088	7089
P194,2	7090	7091
P144,2	7092	7093
P24,2	7094	7095
P196,1	7096	7097
P56,2	7098	7099
P48,2	7100	7101
P81,1	7102	7103
P11,1	7104	7105
P128,1	7106	7107
P129,1	7108	7109
P110,1	7110	7111
P95,1	7112	7113
P57,1	7114	7115
P49,2	7116	7117
P16,2	7118	7119
P112,2	7120	7121
P17,2	7122	7123
P113,1	7124	7125
P114,1	7126	7127
P149,1	7128	7129
P173,1	7130	7131
P33,2	7132	7133
P18,2	7134	7135
P132,1	7136	7137
P59,1	7138	7139
P28,2	7140	7141
P175,1	7142	7142
P66,2	7143	7144
P86,2	7145	7146
P50,2	7147	7148
P97,2	7149	7150
P133,2	7151	7152
P29,2	7153	7154
P2,2	7155	7156
P179,1	7157	7158
P151,2	7159	7160
P134,1	7161	7162
P180,1	7163	7164
P153,1	7165	7166
P154,1	7167	7168
P88,2	7169	7170
P182,2	7171	7172
P184,1	7173	7174
P155,1	7175	7176
P183,2	7177	7178
P45,1	7179	7180
P118,1	7181	7182
P100,1	7183	7184
P185,1	7185	7186
P61,1	7187	7188
P89,1	7189	7190
P138,2	7191	7192
P101,2	7193	7194
P157,1	7195	7196
P22,2	7197	7198
P187,1	7199	7200
P69,1	7201	7202
P139,1	7203	7204
P120,1	7205	7206
P104,1	7207	7208
P140,1	7209	7210
P7,2	7211	7212
P38,1	7213	7214
P26,2	7215	7216
P90,2	7217	7218
P10,2	7219	7220
P189,2	7221	7222
P47,1	7223	7224
P190,2	7225	7226
P141,2	7227	7228
P30,1	7229	7230
P55,1	7231	7232
P122,2	7233	7234
P63,2	7235	7236
P164,1	7237	7238
P165,1	7239	7240
P143,1	7241	7242
P193,1	7243	7244
P125,1	7245	7246
P107,1	7247	7248
P124,2	7249	7250
P195,1	7251	7252
P108,2	7253	7254
P167,1	7255	7256
P126,2	7257	7258
P4,2	7259	7260
P56,2	7261	7262
P109,2	7263	7264
P64,1	7265	7266
P127,1	7267	7268
P94,1	7269	7270
P169,2	7271	7272
P32,2	7273	7274
P111,1	7275	7276
P171,1	7277	7278
P199,1	7279	7280
P148,1	7281	7282
P200,1	7283	7284
P83,2	7285	7286
P130,1	7287	7288
P58,1	7289	7290
P40,2	7291	7292
P41,2	7293	7294
P131,2	7295	7296
P84,1	7297	7298
P65,1	7299	7300
P96,1	7301	7302
P85,1	7303	7304
P150,1	7305	7306
P115,1	7307	7308
P176,1	7309	7310
P177,1	7311	7312
P178,1	7313	7314
P116,2	7315	7316
P152,1	7317	7318
P98,1	7319	7320
P34,2	7321	7322
P60,2	7323	7324
P67,1	7325	7326
P181,1	7327	7328
P43,2	7329	7330
P135,2	7331	7332
P21,1	7333	7334
P75,2	7335	7336
P44,2	7337	7338
P99,1	7339	7340
P76,1	7341	7342
P35,1	7343	7344
P156,1	7345	7346
P185,1	7347	7347
P53,3	7348	7349
P186,1	7350	7350
P89,1	7351	7352
P138,2	7353	7354
P101,2	7355	7356
P157,1	7357	7358
P22,2	7359	7360
P187,1	7361	7362
P69,1	7363	7364
P139,1	7365	7366
P120,1	7367	7368
P104,1	7369	7370
P140,1	7371	7372
P7,2	7373	7374
P38,1	7375	7376
P26,2	7377	7378
P90,2	7379	7380
P10,2	7381	7382
P189,2	7383	7384
P47,1	7385	7386
P190,2	7387	7388
P141,2	7389	7390
P30,1	7391	7392
P55,1	7393	7394
P122,2	7395	7396
P63,2	7397	7398
P164,1	7399	7400
P165,1	7401	7402
P143,1	7403	7404
P193,1	7405	7406
P125,1	7407	7408
P107,1	7409	7410
P124,2	7411	7412
P195,1	7413	7414
P108,2	7415	7416
P167,1	7417	7418
P126,2	7419	7420
P4,2	7421	7422
P146,2	7423	7424
P48,2	7425	7426
P81,1	7427	7428
P11,1	7429	7430
P128,1	7431	7432
P129,1	7433	7434
P110,1	7435	7436
P95,1	7437	7438
P199,1	7439	7440
P148,1	7441	7442
P200,1	7443	7444
P83,2	7445	7446
P130,1	7447	7448
P58,1	7449	7450
P40,2	7451	7452
P41,2	7453	7454
P131,2	7455	7456
P84,1	7457	7458
P65,1	7459	7460
P96,1	7461	7462
P85,1	7463	7464
P150,1	7465	7466
P115,1	7467	7468
P176,1	7469	7470
P177,1	7471	7472
P178,1	7473	7474
P116,2	7475	7476
P152,1	7477	7478
P98,1	7479	7480
P34,2	7481	7482
P60,2	7483	7484
P180,1	7485	7486
P153,1	7487	7488
P43,2	7489	7490
P135,2	7491	7492
P21,1	7493	7494
P75,2	7495	7496
P44,2	7497	7498
P99,1	7499	7500
P76,1	7501	7502
P35,1	7503	7504
P156,1	7505	7506
P137,1	7507	7508
P53,3	7509	7510
P89,1	7511	7512
P138,2	7513	7514
P101,2	7515	7516
P157,1	7517	7518
P22,2	7519	7520
P187,1	7521	7522
P69,1	7523	7524
P139,1	7525	7526
P120,1	7527	7528
P104,1	7529	7530
P140,1	7531	7532
P7,2	7533	7534
P38,1	7535	7536
P26,2	7537	7538
P90,2	7539	7540
P10,2	7541	7542
P189,2	7543	7544
P47,1	7545	7546
P190,2	7547	7548
P106,1	7549	7550
P30,2	7551	7552
P91,2	7553	7554
P192,1	7555	7556
P15,2	7557	7558
P13,1	7559	7560
P19,2	7561	7562
P12,3	7563	7564
P123,2	7565	7566
P31,1	7567	7568
P80,2	7569	7570
P166,1	7571	7572
P92,1	7573	7574
P194,2	7575	7576
P144,2	7577	7578
P24,2	7579	7580
P56,2	7581	7582
P109,2	7583	7584
P64,1	7585	7586
P127,1	7587	7588
P94,1	7589	7590
P169,2	7591	7592
P110,1	7593	7594
P111,1	7595	7596
P171,1	7597	7598
P49,2	7599	7600
P16,2	7601	7602
P112,2	7603	7604
P17,2	7605	7606
P113,1	7607	7608
P40,2	7609	7610
P41,2	7611	7612
P131,2	7613	7614
P58,2	7615	7616
P18,2	7617	7618
P132,1	7619	7620
P85,1	7621	7622
P150,1	7623	7624
P115,1	7625	7626
P176,1	7627	7628
P177,1	7629	7630
P178,1	7631	7632
P116,2	7633	7634
P152,1	7635	7636
P98,1	7637	7638
P34,2	7639	7640
P60,2	7641	7642
P180,1	7643	7644
P153,1	7645	7646
P43,2	7647	7648
P135,2	7649	7650
P21,1	7651	7652
P75,2	7653	7654
P44,2	7655	7656
P99,1	7657	7658
P76,1	7659	7660
P35,1	7661	7662
P156,1	7663	7664
P137,1	7665	7666
P53,3	7667	7668
P89,1	7669	7670
P138,2	7671	7672
P101,2	7673	7674
P157,1	7675	7676
P22,2	7677	7678
P187,1	7679	7680
P69,1	7681	7682
P139,1	7683	7684
P77,2	7685	7686
P188,1	7687	7688
P140,1	7689	7690
P7,2	7691	7692
P38,1	7693	7694
P26,2	7695	7696
P90,2	7697	7698
P10,2	7699	7700
P189,2	7701	7702
P47,1	7703	7704
P190,2	7705	7706
P106,1	7707	7708
P30,2	7709	7710
P91,2	7711	7712
P192,1	7713	7714
P15,2	7715	7716
P13,1	7717	7718
P143,1	7719	7720
P12,3	7721	7722
P123,2	7723	7724
P31,1	7725	7726
P80,2	7727	7728
P166,1	7729	7730
P108,2	7731	7732
P167,1	7733	7734
P195,2	7735	7736
P24,2	7737	7738
P56,2	7739	7740
P109,2	7741	7742
P64,1	7743	7744
P127,1	7745	7746
P94,1	7747	7748
P169,2	7749	7750
P110,1	7751	7752
P111,1	7753	7754
P171,1	7755	7756
P49,2	7757	7758
P16,2	7759	7760
P112,2	7761	7762
P17,2	7763	7764
P113,1	7765	7765
P114,1	7766	7767
P149,1	7768	7769
P173,1	7770	7771
P33,2	7772	7773
P84,1	7774	7775
P65,1	7776	7777
P96,1	7778	7779
P28,2	7780	7781
P66,2	7782	7783
P86,2	7784	7785
P177,1	7786	7787
P178,1	7788	7789
P116,2	7790	7791
P152,1	7792	7793
P98,1	7794	7795
P34,2	7796	7797
P60,2	7798	7799
P180,1	7800	7801
P153,1	7802	7803
P43,2	7804	7805
P135,2	7806	7807
P21,1	7808	7809
P75,2	7810	7811
P44,2	7812	7813
P99,1	7814	7815
P76,1	7816	7817
P35,1	7818	7819
P156,1	7820	7821
P137,1	7822	7823
P53,3	7824	7825
P89,1	7826	7827
P138,2	7828	7829
P101,2	7830	7831
P157,1	7832	7833
P22,2	7834	7835
P187,1	7836	7837
P69,1	7838	7839
P139,1	7840	7841
P77,2	7842	7843
P188,1	7844	7845
P140,1	7846	7847
P7,2	7848	7849
P38,1	7850	7851
P26,2	7852	7853
P90,2	7854	7855
P10,2	7856	7857
P189,2	7858	7859
P47,1	7860	7861
P190,2	7862	7863
P106,1	7864	7865
P30,2	7866	7867
P91,2	7868	7869
P192,1	7870	7871
P15,2	7872	7873
P13,1	7874	7875
P143,1	7876	7877
P12,3	7878	7879
P123,2	7880	7881
P31,1	7882	7882
P80,2	7883	7884
P124,2	7885	7886
P92,1	7887	7888
P194,2	7889	7890
P144,2	7891	7892
P126,2	7893	7894
P4,2	7895	7896
P146,2	7897	7898
P48,2	7899	7900
P81,1	7901	7902
P11,1	7903	7904
P128,1	7905	7906
P32,2	7907	7908
P129,2	7909	7910
P95,1	7911	7912
P199,1	7913	7914
P148,1	7915	7916
P200,1	7917	7918
P83,2	7919	7920
P130,1	7921	7922
P40,2	7923	7924
P149,1	7925	7926
P173,1	7927	7928
P33,2	7929	7930
P84,1	7931	7932
P132,1	7933	7934
P85,1	7935	7936
P28,2	7937	7938
P66,2	7939	7940
P86,2	7941	7942
P50,2	7943	7944
P97,2	7945	7946
P133,2	7947	7948
P152,1	7949	7950
P98,1	7951	7952
P34,2	7953	7954
P60,2	7955	7956
P180,1	7957	7958
P153,1	7959	7960
P43,2	7961	7962
P135,2	7963	7964
P21,1	7965	7966
P75,2	7967	7968
P44,2	7969	7970
P99,1	7971	7972
P76,1	7973	7974
P35,1	7975	7976
P156,1	7977	7978
P137,1	7979	7980
P53,3	7981	7982
P89,1	7983	7984
P138,2	7985	7986
P101,2	7987	7988
P157,1	7989	7990
P22,2	7991	7992
P187,1	7993	7994
P69,1	7995	7996
P139,1	7997	7998
P77,2	7999	8000
P188,1	8001	8002
P140,1	8003	8004
P7,2	8005	8006
P38,1	8007	8008
P26,2	8009	8010
P90,2	8011	8012
P10,2	8013	8014
P189,2	8015	8016
P47,1	8017	8018
P190,2	8019	8020
P106,1	8021	8022
P30,2	8023	8024
P91,2	8025	8026
P192,1	8027	8028
P15,2	8029	8030
P165,1	8031	8032
P13,2	8033	8034
P12,3	8035	8036
P123,2	8037	8038
P80,2	8039	8040
P31,2	8041	8042
P166,1	8043	8044
P108,2	8045	8046
P167,1	8047	8048
P195,2	8049	8050
P24,2	8051	8052
P56,2	8053	8054
P109,2	8055	8056
P64,1	8057	8058
P127,1	8059	8060
P94,1	8061	8062
P169,2	8063	8064
P110,1	8065	8066
P111,1	8067	8068
P171,1	8069	8070
P49,2	8071	8072
P16,2	8073	8074
P112,2	8075	8076
P17,2	8077	8078
P114,1	8079	8080
P113,2	8081	8082
P41,2	8083	8084
P131,2	8085	8086
P58,2	8087	8088
P18,2	8089	8089
P132,1	8090	8091
P85,1	8092	8093
P28,2	8094	8095
P66,2	8096	8097
P86,2	8098	8099
P50,2	8100	8101
P97,2	8102	8103
P133,2	8104	8105
P152,1	8106	8107
P98,1	8108	8109
P34,2	8110	8111
P60,2	8112	8113
P180,1	8114	8115
P153,1	8116	8117
P43,2	8118	8119
P135,2	8120	8121
P21,1	8122	8123
P75,2	8124	8125
P44,2	8126	8127
P99,1	8128	8129
P76,1	8130	8131
P35,1	8132	8133
P156,1	8134	8135
P185,2	8136	8137
P61,1	8138	8139
P25,1	8140	8141
P119,2	8142	8143
P68,2	8144	8145
P36,2	8146	8147
P102,2	8148	8149
P46,2	8150	8150
P69,1	8151	8152
P139,1	8153	8154
P77,2	8155	8156
P188,1	8157	8158
P140,1	8159	8160
P7,2	8161	8162
P38,1	8163	8164
P23,2	8165	8166
P62,1	8167	8168
P78,2	8169	8170
P161,2	8171	8172
P190,2	8173	8174
P106,1	8175	8176
P30,2	8177	8178
P91,2	8179	8180
P122,2	8181	8182
P192,2	8183	8184
P164,1	8185	8186
P143,1	8187	8188
P19,3	8189	8190
P193,1	8191	8192
P125,1	8193	8194
P107,2	8195	8196
P124,2	8197	8198
P108,2	8199	8200
P167,1	8201	8202
P195,2	8203	8204
P24,2	8205	8206
P56,2	8207	8208
P109,2	8209	8210
P64,1	8211	8212
P127,1	8213	8214
P94,1	8215	8216
P169,2	8217	8218
P110,1	8219	8220
P111,1	8221	8222
P171,1	8223	8224
P49,2	8225	8226
P16,2	8227	8228
P112,2	8229	8230
P17,2	8231	8232
P114,1	8233	8234
P113,2	8235	8236
P173,1	8237	8238
P33,2	8239	8240
P84,1	8241	8242
P132,1	8243	8244
P85,1	8245	8246
P28,2	8247	8248
P66,2	8249	8250
P86,2	8251	8252
P50,2	8253	8254
P97,2	8255	8256
P133,2	8257	8258
P152,1	8259	8260
P98,1	8261	8262
P34,2	8263	8264
P60,2	8265	8266
P180,1	8267	8268
P153,1	8269	8270
P43,2	8271	8272
P135,2	8273	8274
P21,1	8275	8276
P75,2	8277	8278
P44,2	8279	8280
P99,1	8281	8282
P76,1	8283	8284
P35,1	8285	8285
P156,1	8286	8287
P100,2	8288	8289
P53,3	8290	8291
P89,1	8292	8293
P138,2	8294	8295
P101,2	8296	8297
P157,1	8298	8299
P22,2	8300	8301
P187,1	8302	8303
P54,2	8304	8305
P120,1	8306	8307
P77,2	8308	8309
P188,1	8310	8311
P140,1	8312	8313
P7,2	8314	8315
P38,1	8316	8317
P23,2	8318	8319
P159,3	8320	8321
P10,2	8322	8323
P189,2	8324	8325
P47,1	8326	8327
P141,2	8328	8329
P70,2	8330	8331
P55,1	8332	8333
P162,2	8334	8335
P63,2	8336	8337
P15,2	8338	8339
P165,1	8340	8341
P13,2	8342	8343
P12,3	8344	8345
P123,2	8346	8347
P80,2	8348	8349
P31,2	8350	8351
P92,1	8352	8353
P194,2	8354	8355
P144,2	8356	8357
P126,2	8358	8359
P4,2	8360	8361
P146,2	8362	8363
P48,2	8364	8365
P81,1	8366	8367
P11,1	8368	8369
P128,1	8370	8371
P32,2	8372	8373
P129,2	8374	8375
P95,1	8376	8377
P199,1	8378	8379
P148,1	8380	8381
P200,1	8382	8383
P83,2	8384	8385
P130,1	8386	8387
P40,2	8388	8389
P41,2	8390	8391
P131,2	8392	8393
P58,2	8394	8395
P84,2	8396	8397
P85,1	8398	8399
P96,2	8400	8401
P150,1	8402	8403
P115,1	8404	8405
P176,2	8406	8407
P177,1	8408	8409
P133,2	8410	8411
P152,1	8412	8413
P98,1	8414	8415
P34,2	8416	8417
P60,2	8418	8419
P180,1	8420	8421
P153,1	8422	8423
P43,2	8424	8425
P135,2	8426	8427
P21,1	8428	8429
P75,2	8430	8431
P44,2	8432	8433
P99,1	8434	8435
P76,1	8436	8437
P118,1	8438	8439
P137,1	8440	8441
P100,2	8442	8443
P53,3	8444	8445
P89,1	8446	8447
P138,2	8448	8449
P101,2	8450	8451
P157,1	8452	8453
P22,2	8454	8455
P187,1	8456	8457
P54,2	8458	8459
P120,1	8460	8461
P77,2	8462	8463
P188,1	8464	8465
P140,1	8466	8467
P7,2	8468	8469
P38,1	8470	8471
P23,2	8472	8473
P159,3	8474	8475
P10,2	8476	8476
P189,2	8477	8478
P47,1	8479	8480
P141,2	8481	8482
P70,2	8483	8484
P55,1	8485	8486
P162,2	8487	8488
P63,2	8489	8490
P15,2	8491	8492
P165,1	8493	8494
P13,2	8495	8496
P12,3	8497	8498
P123,2	8499	8500
P80,2	8501	8502
P31,2	8503	8504
P92,1	8505	8506
P194,2	8507	8508
P144,2	8509	8510
P126,2	8511	8512
P56,2	8513	8514
P146,2	8515	8516
P48,2	8517	8518
P127,1	8519	8520
P94,1	8521	8522
P169,2	8523	8524
P110,1	8525	8526
P111,1	8527	8528
P171,1	8529	8530
P49,2	8531	8532
P16,2	8533	8534
P112,2	8535	8536
P17,2	8537	8538
P40,2	8539	8540
P41,2	8541	8542
P131,2	8543	8544
P58,2	8545	8546
P84,2	8547	8548
P85,1	8549	8550
P96,2	8551	8552
P150,1	8553	8554
P115,1	8555	8556
P176,2	8557	8558
P177,1	8559	8560
P133,2	8561	8562
P152,1	8563	8564
P98,1	8565	8566
P34,2	8567	8568
P60,2	8569	8570
P180,1	8571	8572
P67,2	8573	8574
P154,1	8575	8576
P88,2	8577	8578
P21,1	8579	8579
P75,2	8580	8581
P44,2	8582	8583
P99,1	8584	8585
P76,1	8586	8587
P118,1	8588	8589
P137,1	8590	8591
P100,2	8592	8593
P53,3	8594	8595
P89,1	8596	8597
P138,2	8598	8599
P101,2	8600	8601
P157,1	8602	8603
P22,2	8604	8605
P187,1	8606	8607
P54,2	8608	8609
P120,1	8610	8611
P77,2	8612	8613
P188,1	8614	8615
P140,1	8616	8617
P7,2	8618	8619
P38,1	8620	8621
P23,2	8622	8623
P159,3	8624	8625
P189,2	8626	8627
P190,2	8628	8629
P106,1	8630	8631
P30,2	8632	8633
P91,2	8634	8635
P122,2	8636	8637
P192,2	8638	8639
P164,1	8640	8641
P143,1	8642	8643
P19,3	8644	8645
P193,1	8646	8647
P125,1	8648	8649
P107,2	8650	8651
P124,2	8652	8653
P108,2	8654	8655
P167,1	8656	8657
P195,2	8658	8659
P4,2	8660	8661
P24,3	8662	8663
P109,2	8664	8665
P81,1	8666	8667
P64,2	8668	8669
P128,1	8670	8671
P110,1	8672	8673
P111,1	8674	8675
P171,1	8676	8677
P49,2	8678	8679
P16,2	8680	8681
P112,2	8682	8683
P17,2	8684	8685
P40,2	8686	8687
P41,2	8688	8689
P131,2	8690	8691
P58,2	8692	8693
P84,2	8694	8695
P85,1	8696	8697
P96,2	8698	8699
P150,1	8700	8701
P115,1	8702	8703
P176,2	8704	8705
P177,1	8706	8707
P133,2	8708	8709
P152,1	8710	8711
P98,1	8712	8713
P34,2	8714	8715
P60,2	8716	8717
P180,1	8718	8719
P67,2	8720	8721
P154,1	8722	8723
P88,2	8724	8725
P182,2	8726	8727
P184,1	8728	8729
P44,2	8730	8731
P99,1	8732	8733
P76,1	8734	8735
P118,1	8736	8737
P137,1	8738	8739
P100,2	8740	8741
P53,3	8742	8743
P89,1	8744	8745
P138,2	8746	8747
P101,2	8748	8749
P157,1	8750	8751
P22,2	8752	8753
P187,1	8754	8755
P54,2	8756	8757
P46,3	8758	8759
P188,1	8760	8761
P139,2	8762	8763
P160,1	8764	8765
P103,3	8766	8767
P26,2	8768	8769
P159,3	8770	8771
P189,2	8772	8773
P190,2	8774	8775
P106,1	8776	8777
P30,2	8778	8779
P91,2	8780	8781
P122,2	8782	8783
P192,2	8784	8785
P165,1	8786	8786
P15,3	8787	8788
P13,2	8789	8790
P12,3	8791	8792
P123,2	8793	8794
P80,2	8795	8796
P31,2	8797	8798
P92,1	8799	8800
P194,2	8801	8802
P144,2	8803	8804
P126,2	8805	8806
P56,2	8807	8808
P146,2	8809	8810
P48,2	8811	8812
P127,1	8813	8814
P94,1	8815	8816
P169,2	8817	8818
P129,2	8819	8820
P95,1	8821	8822
P199,1	8823	8824
P148,1	8825	8826
P200,1	8827	8828
P83,2	8829	8830
P130,1	8831	8832
P113,2	8833	8834
P173,1	8835	8836
P33,2	8837	8838
P149,2	8839	8840
P132,1	8841	8842
P65,2	8843	8844
P28,2	8845	8846
P66,2	8847	8848
P86,2	8849	8849
P50,2	8850	8851
P97,2	8852	8853
P29,2	8854	8855
P2,2	8856	8857
P116,3	8858	8859
P151,2	8860	8861
P134,1	8862	8863
P67,2	8864	8865
P153,2	8866	8867
P135,2	8868	8869
P181,2	8870	8871
P75,2	8872	8873
P21,2	8874	8875
P155,1	8876	8877
P183,2	8878	8879
P45,1	8880	8881
P156,1	8882	8883
P35,2	8884	8885
P185,2	8886	8887
P61,1	8888	8889
P25,1	8890	8891
P119,2	8892	8893
P68,2	8894	8895
P36,2	8896	8897
P102,2	8898	8899
P69,1	8900	8901
P120,1	8902	8903
P104,1	8904	8905
P158,3	8906	8907
P140,1	8908	8909
P7,2	8910	8911
P38,1	8912	8913
P23,2	8914	8915
P78,2	8916	8917
P161,2	8918	8919
P141,2	8920	8921
P70,2	8922	8923
P55,1	8924	8925
P162,2	8926	8927
P63,2	8928	8929
P164,1	8930	8931
P143,1	8932	8933
P19,3	8934	8935
P193,1	8936	8937
P125,1	8938	8939
P107,2	8940	8941
P124,2	8942	8943
P108,2	8944	8945
P167,1	8946	8947
P195,2	8948	8949
P4,2	8950	8951
P24,3	8952	8953
P109,2	8954	8955
P81,1	8956	8957
P64,2	8958	8959
P128,1	8960	8961
P110,1	8962	8963
P111,1	8964	8965
P171,1	8966	8967
P49,2	8968	8969
P16,2	8970	8971
P112,2	8972	8973
P17,2	8974	8975
P40,2	8976	8977
P41,2	8978	8979
P131,2	8980	8981
P58,2	8982	8983
P84,2	8984	8985
P85,1	8986	8987
P96,2	8988	8989
P150,1	8990	8991
P115,1	8992	8993
P50,2	8994	8995
P97,2	8996	8997
P133,2	8998	8999
P152,1	9000	9001
P98,1	9002	9003
P34,2	9004	9005
P60,2	9006	9007
P180,1	9008	9009
P43,2	9010	9011
P154,1	9012	9013
P88,2	9014	9015
P182,2	9016	9017
P184,1	9018	9019
P44,2	9020	9021
P183,2	9022	9023
P99,2	9024	9025
P76,2	9026	9027
P137,1	9028	9029
P100,2	9030	9031
P53,3	9032	9033
P138,2	9034	9035
P101,2	9036	9037
P157,1	9038	9039
P22,2	9040	9041
P187,1	9042	9043
P54,2	9044	9045
P46,3	9046	9047
P188,1	9048	9049
P139,2	9050	9051
P7,2	9052	9053
P26,2	9054	9055
P159,3	9056	9057
P78,2	9058	9059
P161,2	9060	9061
P141,2	9062	9063
P70,2	9064	9065
P55,1	9066	9067
P162,2	9068	9069
P63,2	9070	9071
P164,1	9072	9073
P143,1	9074	9075
P19,3	9076	9077
P193,1	9078	9079
P125,1	9080	9081
P107,2	9082	9083
P124,2	9084	9085
P108,2	9086	9087
P167,1	9088	9089
P195,2	9090	9091
P4,2	9092	9093
P146,2	9094	9095
P48,2	9096	9097
P127,1	9098	9099
P128,1	9100	9101
P110,1	9102	9103
P111,1	9104	9105
P171,1	9106	9107
P49,2	9108	9109
P16,2	9110	9111
P112,2	9112	9113
P17,2	9114	9115
P40,2	9116	9117
P41,2	9118	9119
P131,2	9120	9121
P58,2	9122	9123
P84,2	9124	9125
P85,1	9126	9127
P96,2	9128	9129
P150,1	9130	9130
P115,1	9131	9132
P50,2	9133	9134
P97,2	9135	9136
P133,2	9137	9138
P152,1	9139	9140
P98,1	9141	9142
P34,2	9143	9144
P60,2	9145	9146
P180,1	9147	9148
P43,2	9149	9150
P154,1	9151	9152
P88,2	9153	9154
P182,2	9155	9156
P184,1	9157	9158
P44,2	9159	9160
P183,2	9161	9162
P99,2	9163	9164
P76,2	9165	9166
P137,1	9167	9168
P100,2	9169	9170
P53,3	9171	9172
P138,2	9173	9174
P101,2	9175	9176
P157,1	9177	9178
P22,2	9179	9180
P187,1	9181	9182
P54,2	9183	9184
P46,3	9185	9186
P188,1	9187	9188
P139,2	9189	9190
P7,2	9191	9192
P26,2	9193	9194
P159,3	9195	9196
P78,2	9197	9198
P161,2	9199	9200
P141,2	9201	9201
P70,2	9202	9203
P91,2	9204	9205
P122,2	9206	9207
P192,2	9208	9209
P15,3	9210	9211
P143,1	9212	9213
P19,3	9214	9215
P123,2	9216	9217
P80,2	9218	9219
P31,2	9220	9221
P92,1	9222	9223
P194,2	9224	9225
P144,2	9226	9227
P126,2	9228	9229
P24,3	9230	9231
P109,2	9232	9233
P81,1	9234	9235
P64,2	9236	9237
P169,2	9238	9239
P129,2	9240	9241
P95,1	9242	9242
P171,1	9243	9244
P49,2	9245	9246
P16,2	9247	9248
P112,2	9249	9250
P17,2	9251	9252
P40,2	9253	9254
P41,2	9255	9255
P131,2	9256	9257
P58,2	9258	9259
P84,2	9260	9261
P85,1	9262	9263
P96,2	9264	9265
P66,2	9266	9267
P176,2	9268	9269
P177,1	9270	9271
P86,3	9272	9273
P29,2	9274	9275
P2,2	9276	9277
P116,3	9278	9279
P151,2	9280	9281
P134,2	9282	9283
P67,2	9284	9285
P153,2	9286	9287
P135,2	9288	9289
P181,2	9290	9291
P75,2	9292	9293
P21,2	9294	9295
P183,2	9296	9297
P99,2	9298	9299
P76,2	9300	9301
P137,1	9302	9303
P100,2	9304	9305
P53,3	9306	9307
P138,2	9308	9309
P101,2	9310	9311
P157,1	9312	9313
P22,2	9314	9315
P187,1	9316	9317
P54,2	9318	9319
P46,3	9320	9321
P188,1	9322	9323
P139,2	9324	9325
P7,2	9326	9327
P26,2	9328	9329
P38,2	9330	9331
P189,2	9332	9333
P190,2	9334	9335
P70,2	9336	9336
P141,3	9337	9338
P162,2	9339	9340
P63,2	9341	9342
P164,1	9343	9344
P55,2	9345	9346
P13,2	9347	9348
P193,1	9349	9350
P125,1	9351	9352
P107,2	9353	9354
P124,2	9355	9356
P108,2	9357	9358
P167,1	9359	9360
P195,2	9361	9362
P4,2	9363	9364
P146,2	9365	9366
P48,2	9367	9368
P127,1	9369	9370
P128,1	9371	9372
P110,1	9373	9374
P111,1	9375	9376
P171,1	9377	9378
P49,2	9379	9380
P16,2	9381	9382
P112,2	9383	9384
P17,2	9385	9386
P40,2	9387	9388
P173,1	9389	9390
P41,3	9391	9392
P58,2	9393	9394
P84,2	9395	9396
P85,1	9397	9398
P96,2	9399	9400
P66,2	9401	9402
P176,2	9403	9404
P177,1	9405	9406
P86,3	9407	9408
P29,2	9409	9410
P2,2	9411	9412
P116,3	9413	9414
P151,2	9415	9416
P134,2	9417	9418
P67,2	9419	9420
P153,2	9421	9422
P135,2	9423	9424
P181,2	9425	9426
P75,2	9427	9428
P21,2	9429	9430
P183,2	9431	9432
P99,2	9433	9434
P76,2	9435	9436
P137,1	9437	9438
P100,2	9439	9440
P53,3	9441	9442
P119,2	9443	9444
P61,2	9445	9446
P36,2	9447	9448
P22,2	9449	9450
P187,1	9451	9452
P120,1	9453	9454
P69,2	9455	9456
P158,3	9457	9458
P160,1	9459	9460
P103,3	9461	9462
P159,3	9463	9464
P78,2	9465	9466
P161,2	9467	9468
P106,1	9469	9470
P141,3	9471	9472
P162,2	9473	9474
P63,2	9475	9476
P164,1	9477	9478
P55,2	9479	9480
P13,2	9481	9482
P193,1	9483	9484
P125,1	9485	9486
P107,2	9487	9488
P124,2	9489	9490
P108,2	9491	9492
P194,3	9493	9494
P126,2	9495	9496
P24,3	9497	9498
P109,2	9499	9500
P81,1	9501	9502
P64,2	9503	9504
P110,1	9505	9506
P111,1	9507	9508
P171,1	9509	9510
P49,2	9511	9512
P16,2	9513	9514
P112,2	9515	9516
P17,2	9517	9518
P40,2	9519	9519
P113,2	9520	9521
P131,2	9522	9523
P33,2	9524	9525
P149,2	9526	9527
P132,1	9528	9529
P65,2	9530	9531
P28,2	9532	9533
P115,2	9534	9535
P50,2	9536	9537
P97,2	9538	9539
P133,2	9540	9541
P152,1	9542	9543
P98,1	9544	9545
P34,2	9546	9547
P60,2	9548	9549
P180,1	9550	9551
P43,2	9552	9553
P154,1	9554	9555
P88,2	9556	9557
P182,2	9558	9559
P184,1	9560	9561
P44,2	9562	9563
P99,2	9564	9565
P76,2	9566	9567
P137,1	9568	9569
P100,2	9570	9571
P53,3	9572	9573
P119,2	9574	9575
P61,2	9576	9577
P36,2	9578	9579
P22,2	9580	9581
P187,1	9582	9583
P120,1	9584	9585
P69,2	9586	9587
P158,3	9588	9589
P160,1	9590	9591
P103,3	9592	9593
P159,3	9594	9595
P78,2	9596	9597
P161,2	9598	9598
P106,1	9599	9600
P141,3	9601	9602
P162,2	9603	9604
P63,2	9605	9606
P164,1	9607	9607
P15,3	9608	9609
P143,1	9610	9611
P19,3	9612	9613
P123,2	9614	9615
P80,2	9616	9617
P31,2	9618	9619
P92,1	9620	9621
P144,2	9622	9623
P195,2	9624	9625
P4,2	9626	9627
P146,2	9628	9629
P48,2	9630	9631
P64,2	9632	9633
P110,1	9634	9635
P111,1	9636	9637
P171,1	9638	9639
P49,2	9640	9641
P16,2	9642	9643
P200,2	9644	9645
P113,2	9646	9647
P83,3	9648	9649
P41,3	9650	9651
P130,2	9652	9653
P149,2	9654	9655
P132,1	9656	9656
P85,1	9657	9658
P96,2	9659	9660
P66,2	9661	9662
P176,2	9663	9664
P177,1	9665	9666
P86,3	9667	9668
P29,2	9669	9669
P2,2	9670	9671
P116,3	9672	9673
P151,2	9674	9675
P134,2	9676	9677
P67,2	9678	9679
P153,2	9680	9681
P135,2	9682	9682
P88,2	9683	9684
P182,2	9685	9686
P184,1	9687	9688
P44,2	9689	9690
P99,2	9691	9692
P156,1	9693	9694
P35,2	9695	9696
P100,2	9697	9698
P53,3	9699	9700
P119,2	9701	9702
P61,2	9703	9704
P36,2	9705	9706
P22,2	9707	9708
P187,1	9709	9710
P120,1	9711	9712
P69,2	9713	9714
P158,3	9715	9716
P160,1	9717	9718
P103,3	9719	9720
P159,3	9721	9722
P78,2	9723	9724
P190,2	9725	9726
P30,2	9727	9728
P91,2	9729	9730
P162,2	9731	9732
P63,2	9733	9734
P15,3	9735	9736
P143,1	9737	9738
P19,3	9739	9740
P123,2	9741	9742
P80,2	9743	9744
P31,2	9745	9746
P92,1	9747	9748
P144,2	9749	9750
P195,2	9751	9752
P4,2	9753	9754
P146,2	9755	9756
P48,2	9757	9758
P169,2	9759	9760
P110,1	9761	9761
P129,2	9762	9763
P171,1	9764	9765
P49,2	9766	9767
P16,2	9768	9769
P200,2	9770	9771
P113,2	9772	9773
P83,3	9774	9775
P41,3	9776	9777
P130,2	9778	9779
P149,2	9780	9781
P33,3	9782	9783
P65,2	9784	9785
P28,2	9786	9787
P66,2	9788	9789
P176,2	9790	9791
P177,1	9792	9793
P86,3	9794	9795
P152,1	9796	9797
P2,2	9798	9799
P116,3	9800	9801
P151,2	9802	9803
P134,2	9804	9805
P67,2	9806	9807
P153,2	9808	9809
P88,2	9810	9811
P182,2	9812	9813
P184,1	9814	9815
P44,2	9816	9817
P99,2	9818	9819
P156,1	9820	9821
P35,2	9822	9823
P100,2	9824	9825
P53,3	9826	9827
P119,2	9828	9829
P61,2	9830	9831
P36,2	9832	9833
P22,2	9834	9835
P187,1	9836	9837
P120,1	9838	9839
P69,2	9840	9841
P139,2	9842	9843
P7,2	9844	9845
P26,2	9846	9847
P38,2	9848	9849
P189,2	9850	9851
P106,1	9852	9853
P141,3	9854	9855
P161,3	9856	9857
P122,2	9858	9859
P192,2	9860	9861
P55,2	9862	9863
P13,2	9864	9865
P193,1	9866	9867
P125,1	9868	9868
P80,2	9869	9870
P31,2	9871	9872
P92,1	9873	9874
P144,2	9875	9876
P195,2	9877	9878
P4,2	9879	9880
P146,2	9881	9882
P48,2	9883	9884
P81,2	9885	9886
P129,2	9887	9888
P127,2	9889	9890
P199,1	9891	9892
P148,1	9893	9894
P111,2	9895	9896
P200,2	9897	9898
P113,2	9899	9900
P83,3	9901	9902
P41,3	9903	9904
P130,2	9905	9906
P149,2	9907	9908
P33,3	9909	9910
P96,2	9911	9912
P132,2	9913	9914
P115,2	9915	9916
P50,2	9917	9918
P97,2	9919	9920
P133,2	9921	9922
P29,3	9923	9924
P98,1	9925	9926
P34,2	9927	9928
P60,2	9929	9930
P180,1	9931	9932
P153,2	9933	9934
P88,2	9935	9936
P67,3	9937	9938
P75,2	9939	9940
P21,2	9941	9942
P183,2	9943	9944
P76,2	9945	9946
P137,1	9947	9948
P118,2	9949	9950
P185,2	9951	9952
P138,2	9953	9954
P101,2	9955	9956
P157,1	9957	9958
P25,2	9959	9960
P102,2	9961	9962
P120,1	9963	9964
P69,2	9965	9966
P139,2	9967	9968
P7,2	9969	9970
P26,2	9971	9972
P38,2	9973	9974
P189,2	9975	9976
P106,1	9977	9978
P141,3	9979	9980
P161,3	9981	9982
P122,2	9983	9984
P192,2	9985	9986
P55,2	9987	9988
P143,2	9989	9990
P193,1	9991	9992
P80,2	9993	9994
P31,2	9995	9996
P125,2	9997	9998
P108,2	9999	10000
P194,3	10001	10002
P126,2	10003	10004
P24,3	10005	10006
P109,2	10007	10008
P64,2	10009	10010
P169,3	10011	10012
P95,2	10013	10014
P171,1	10015	10016
P49,2	10017	10018
P16,2	10019	10020
P112,2	10021	10022
P17,2	10023	10024
P173,1	10025	10026
P131,3	10027	10028
P58,2	10029	10030
P40,3	10031	10032
P84,2	10033	10034
P65,2	10035	10036
P28,2	10037	10038
P132,2	10039	10040
P115,2	10041	10042
P50,2	10043	10044
P86,3	10045	10046
P152,1	10047	10048
P2,2	10049	10050
P98,1	10051	10052
P34,2	10053	10054
P60,2	10055	10056
P180,1	10057	10058
P153,2	10059	10060
P88,2	10061	10062
P67,3	10063	10064
P75,2	10065	10066
P21,2	10067	10068
P183,2	10069	10070
P76,2	10071	10072
P35,2	10073	10074
P118,2	10075	10076
P185,2	10077	10078
P138,2	10079	10079
P101,2	10080	10081
P157,1	10082	10083
P25,2	10084	10085
P102,2	10086	10087
P120,1	10088	10089
P69,2	10090	10091
P139,2	10092	10093
P7,2	10094	10095
P26,2	10096	10097
P38,2	10098	10099
P189,2	10100	10101
P106,1	10102	10102
P30,2	10103	10104
P91,2	10105	10106
P162,2	10107	10108
P192,2	10109	10110
P55,2	10111	10112
P143,2	10113	10114
P123,2	10115	10116
P107,2	10117	10118
P124,2	10119	10120
P92,1	10121	10122
P144,2	10123	10124
P195,2	10125	10126
P4,2	10127	10128
P146,2	10129	10130
P48,2	10131	10132
P81,2	10133	10134
P129,2	10135	10136
P127,2	10137	10138
P49,2	10139	10140
P16,2	10141	10142
P112,2	10143	10144
P17,2	10145	10146
P173,1	10147	10148
P131,3	10149	10150
P58,2	10151	10152
P40,3	10153	10154
P84,2	10155	10156
P65,2	10157	10158
P28,2	10159	10160
P132,2	10161	10162
P115,2	10163	10164
P50,2	10165	10166
P86,3	10167	10168
P152,1	10169	10170
P2,2	10171	10172
P98,1	10173	10174
P34,2	10175	10176
P60,2	10177	10178
P180,1	10179	10180
P153,2	10181	10182
P88,2	10183	10184
P67,3	10185	10186
P75,2	10187	10188
P21,2	10189	10190
P183,2	10191	10192
P76,2	10193	10194
P35,2	10195	10196
P118,2	10197	10198
P185,2	10199	10200
P119,2	10201	10202
P61,2	10203	10204
P36,2	10205	10206
P22,2	10207	10208
P54,2	10209	10210
P46,3	10211	10212
P188,1	10213	10214
P160,1	10215	10215
P7,2	10216	10217
P26,2	10218	10219
P38,2	10220	10221
P189,2	10222	10223
P30,2	10224	10225
P91,2	10226	10227
P162,2	10228	10229
P106,2	10230	10231
P15,3	10232	10233
P13,2	10234	10235
P19,3	10236	10237
P80,2	10238	10239
P31,2	10240	10241
P125,2	10242	10243
P108,2	10244	10245
P194,3	10246	10247
P126,2	10248	10249
P24,3	10250	10251
P109,2	10252	10253
P64,2	10254	10255
P169,3	10256	10257
P95,2	10258	10259
P199,1	10260	10261
P148,1	10262	10263
P16,2	10264	10265
P112,2	10266	10267
P17,2	10268	10269
P173,1	10270	10271
P131,3	10272	10273
P58,2	10274	10275
P40,3	10276	10277
P84,2	10278	10279
P65,2	10280	10281
P85,2	10282	10283
P66,2	10284	10285
P176,2	10286	10287
P28,3	10288	10289
P86,3	10290	10291
P152,1	10292	10293
P2,2	10294	10295
P98,1	10296	10297
P34,2	10298	10299
P60,2	10300	10301
P180,1	10302	10303
P153,2	10304	10305
P88,2	10306	10307
P67,3	10308	10309
P75,2	10310	10311
P21,2	10312	10313
P183,2	10314	10315
P76,2	10316	10317
P35,2	10318	10319
P118,2	10320	10321
P185,2	10322	10323
P119,2	10324	10324
P61,2	10325	10326
P36,2	10327	10328
P22,2	10329	10330
P54,2	10331	10332
P46,3	10333	10334
P188,1	10335	10336
P7,2	10337	10337
P103,3	10338	10339
P159,3	10340	10341
P78,2	10342	10343
P190,2	10344	10345
P141,3	10346	10347
P161,3	10348	10349
P122,2	10350	10351
P192,2	10352	10353
P55,2	10354	10355
P143,2	10356	10357
P123,2	10358	10359
P107,2	10360	10361
P124,2	10362	10363
P108,2	10364	10365
P195,2	10366	10367
P126,2	10368	10369
P92,2	10370	10371
P146,2	10372	10373
P48,2	10374	10375
P81,2	10376	10377
P129,2	10378	10379
P127,2	10380	10381
P49,2	10382	10383
P171,2	10384	10385
P111,2	10386	10387
P200,2	10388	10389
P113,2	10390	10391
P83,3	10392	10393
P41,3	10394	10395
P130,2	10396	10397
P149,2	10398	10399
P33,3	10400	10401
P96,2	10402	10403
P132,2	10404	10405
P115,2	10406	10407
P50,2	10408	10409
P97,2	10410	10411
P133,2	10412	10413
P29,3	10414	10415
P177,2	10416	10417
P116,3	10418	10419
P151,2	10420	10421
P134,2	10422	10423
P43,2	10424	10425
P88,2	10426	10427
P154,2	10428	10429
P182,2	10430	10431
P184,1	10432	10433
P44,2	10434	10435
P99,2	10436	10437
P137,2	10438	10439
P156,2	10440	10441
P100,2	10442	10443
P53,3	10444	10445
P61,2	10446	10447
P36,2	10448	10449
P22,2	10450	10451
P54,2	10452	10453
P46,3	10454	10455
P188,1	10456	10457
P103,3	10458	10459
P159,3	10460	10461
P78,2	10462	10463
P190,2	10464	10465
P141,3	10466	10467
P161,3	10468	10469
P122,2	10470	10471
P192,2	10472	10473
P55,2	10474	10475
P143,2	10476	10477
P123,2	10478	10479
P107,2	10480	10481
P124,2	10482	10483
P108,2	10484	10485
P195,2	10486	10487
P126,2	10488	10489
P92,2	10490	10491
P146,2	10492	10493
P48,2	10494	10495
P81,2	10496	10497
P129,2	10498	10499
P127,2	10500	10501
P49,2	10502	10503
P171,2	10504	10505
P111,2	10506	10507
P200,2	10508	10509
P113,2	10510	10511
P83,3	10512	10513
P41,3	10514	10515
P130,2	10516	10517
P149,2	10518	10519
P33,3	10520	10521
P96,2	10522	10523
P132,2	10524	10525
P115,2	10526	10527
P50,2	10528	10529
P97,2	10530	10531
P133,2	10532	10533
P29,3	10534	10535
P177,2	10536	10537
P34,2	10538	10539
P151,2	10540	10541
P134,2	10542	10543
P43,2	10544	10545
P88,2	10546	10547
P154,2	10548	10549
P182,2	10550	10551
P184,1	10552	10553
P44,2	10554	10555
P76,2	10556	10557
P35,2	10558	10559
P118,2	10560	10561
P185,2	10562	10563
P61,2	10564	10565
P36,2	10566	10567
P102,2	10568	10569
P46,3	10570	10571
P120,2	10572	10573
P103,3	10574	10575
P159,3	10576	10577
P188,2	10578	10579
P189,2	10580	10581
P30,2	10582	10583
P91,2	10584	10585
P162,2	10586	10587
P106,2	10588	10589
P15,3	10590	10591
P13,2	10592	10593
P19,3	10594	10595
P80,2	10596	10597
P31,2	10598	10599
P125,2	10600	10601
P194,3	10602	10603
P144,3	10604	10605
P4,2	10606	10607
P24,3	10608	10609
P109,2	10610	10611
P64,2	10612	10613
P169,3	10614	10615
P95,2	10616	10617
P199,1	10618	10619
P171,2	10620	10621
P111,2	10622	10623
P49,3	10624	10625
P17,2	10626	10627
P173,1	10628	10629
P131,3	10630	10631
P58,2	10632	10633
P40,3	10634	10635
P84,2	10636	10637
P65,2	10638	10639
P85,2	10640	10641
P66,2	10642	10643
P176,2	10644	10645
P28,3	10646	10647
P86,3	10648	10649
P152,1	10650	10651
P2,2	10652	10653
P116,3	10654	10655
P98,2	10656	10657
P60,2	10658	10659
P180,1	10660	10661
P153,2	10662	10663
P181,2	10664	10665
P67,3	10666	10667
P75,2	10668	10669
P21,2	10670	10671
P99,2	10672	10673
P137,2	10674	10675
P156,2	10676	10677
P100,2	10678	10679
P53,3	10680	10681
P36,2	10682	10683
P102,2	10684	10685
P46,3	10686	10687
P120,2	10688	10689
P103,3	10690	10691
P159,3	10692	10693
P188,2	10694	10695
P189,2	10696	10697
P30,2	10698	10699
P91,2	10700	10701
P162,2	10702	10703
P106,2	10704	10705
P15,3	10706	10707
P13,2	10708	10709
P19,3	10710	10711
P80,2	10712	10713
P31,2	10714	10715
P125,2	10716	10717
P194,3	10718	10719
P144,3	10720	10721
P4,2	10722	10723
P24,3	10724	10725
P109,2	10726	10727
P64,2	10728	10729
P169,3	10730	10731
P95,2	10732	10733
P148,1	10734	10734
P16,2	10735	10736
P112,2	10737	10738
P200,2	10739	10740
P113,2	10741	10742
P83,3	10743	10744
P41,3	10745	10746
P130,2	10747	10748
P149,2	10749	10750
P33,3	10751	10752
P96,2	10753	10754
P132,2	10755	10756
P115,2	10757	10758
P50,2	10759	10760
P97,2	10761	10762
P133,2	10763	10764
P2,2	10765	10766
P116,3	10767	10768
P152,2	10769	10770
P151,2	10771	10772
P134,2	10773	10774
P153,2	10775	10776
P181,2	10777	10778
P67,3	10779	10780
P75,2	10781	10782
P21,2	10783	10784
P99,2	10785	10786
P137,2	10787	10788
P156,2	10789	10790
P100,2	10791	10792
P53,3	10793	10794
P36,2	10795	10796
P102,2	10797	10798
P46,3	10799	10800
P120,2	10801	10802
P103,3	10803	10804
P159,3	10805	10806
P188,2	10807	10808
P189,2	10809	10810
P30,2	10811	10812
P91,2	10813	10814
P162,2	10815	10816
P106,2	10817	10818
P15,3	10819	10820
P13,2	10821	10822
P19,3	10823	10824
P80,2	10825	10826
P31,2	10827	10828
P108,2	10829	10830
P195,2	10831	10831
P144,3	10832	10833
P4,2	10834	10835
P24,3	10836	10837
P109,2	10838	10839
P64,2	10840	10841
P169,3	10842	10843
P95,2	10844	10845
P171,2	10846	10847
P111,2	10848	10849
P49,3	10850	10851
P17,2	10852	10853
P83,3	10854	10855
P41,3	10856	10857
P173,2	10858	10859
P40,3	10860	10861
P84,2	10862	10862
P65,2	10863	10864
P85,2	10865	10866
P66,2	10867	10868
P176,2	10869	10870
P28,3	10871	10872
P86,3	10873	10873
P133,2	10874	10875
P2,2	10876	10877
P116,3	10878	10879
P152,2	10880	10881
P151,2	10882	10883
P134,2	10884	10885
P153,2	10886	10887
P181,2	10888	10889
P67,3	10890	10891
P75,2	10892	10893
P44,2	10894	10895
P76,2	10896	10897
P35,2	10898	10899
P118,2	10900	10901
P185,2	10902	10903
P61,2	10904	10905
P25,2	10906	10907
P54,2	10908	10909
P69,2	10910	10911
P139,2	10912	10913
P26,2	10914	10915
P38,2	10916	10917
P78,2	10918	10919
P30,2	10920	10921
P91,2	10922	10923
P162,2	10924	10925
P106,2	10926	10927
P15,3	10928	10929
P13,2	10930	10931
P19,3	10932	10933
P80,2	10934	10935
P31,2	10936	10937
P108,2	10938	10939
P144,3	10940	10941
P195,3	10942	10943
P92,2	10944	10945
P146,2	10946	10947
P48,2	10948	10949
P81,2	10950	10951
P129,2	10952	10953
P127,2	10954	10955
P111,2	10956	10957
P49,3	10958	10959
P17,2	10960	10961
P83,3	10962	10963
P41,3	10964	10965
P173,2	10966	10967
P40,3	10968	10969
P33,3	10970	10971
P96,2	10972	10973
P132,2	10974	10975
P115,2	10976	10977
P50,2	10978	10979
P97,2	10980	10981
P29,3	10982	10983
P177,2	10984	10985
P34,2	10986	10987
P98,2	10988	10989
P60,2	10990	10991
P43,2	10992	10993
P88,2	10994	10995
P154,2	10996	10997
P182,2	10998	10999
P44,2	11000	11001
P76,2	11002	11003
P35,2	11004	11005
P184,2	11006	11007
P100,2	11008	11009
P53,3	11010	11011
P36,2	11012	11013
P102,2	11014	11015
P46,3	11016	11017
P120,2	11018	11019
P26,2	11020	11021
P38,2	11022	11023
P78,2	11024	11025
P30,2	11026	11027
P91,2	11028	11029
P162,2	11030	11031
P106,2	11032	11033
P15,3	11034	11035
P13,2	11036	11037
P19,3	11038	11039
P80,2	11040	11041
P31,2	11042	11043
P108,2	11044	11045
P144,3	11046	11047
P195,3	11048	11049
P92,2	11050	11051
P146,2	11052	11053
P48,2	11054	11055
P81,2	11056	11057
P129,2	11058	11059
P127,2	11060	11061
P111,2	11062	11063
P49,3	11064	11065
P17,2	11066	11067
P83,3	11068	11069
P41,3	11070	11071
P173,2	11072	11073
P40,3	11074	11075
P33,3	11076	11077
P96,2	11078	11079
P132,2	11080	11081
P115,2	11082	11083
P50,2	11084	11085
P97,2	11086	11087
P29,3	11088	11089
P177,2	11090	11091
P34,2	11092	11093
P98,2	11094	11095
P60,2	11096	11097
P43,2	11098	11099
P88,2	11100	11101
P154,2	11102	11103
P182,2	11104	11105
P44,2	11106	11107
P76,2	11108	11109
P35,2	11110	11111
P184,2	11112	11113
P100,2	11114	11115
P53,3	11116	11117
P36,2	11118	11119
P102,2	11120	11121
P69,2	11122	11123
P139,2	11124	11125
P159,3	11126	11127
P78,2	11128	11129
P30,2	11130	11131
P91,2	11132	11132
P161,3	11133	11134
P122,2	11135	11136
P192,2	11137	11138
P55,2	11139	11140
P143,2	11141	11142
P123,2	11143	11144
P107,2	11145	11146
P125,2	11147	11148
P194,3	11149	11150
P126,2	11151	11152
P4,2	11153	11154
P24,3	11155	11156
P109,2	11157	11158
P64,2	11159	11160
P169,3	11161	11162
P127,2	11163	11164
P111,2	11165	11166
P49,3	11167	11168
P17,2	11169	11170
P83,3	11171	11172
P41,3	11173	11174
P130,2	11175	11176
P40,3	11177	11178
P33,3	11179	11180
P96,2	11181	11182
P132,2	11183	11184
P115,2	11185	11186
P50,2	11187	11188
P97,2	11189	11190
P29,3	11191	11192
P177,2	11193	11194
P34,2	11195	11196
P98,2	11197	11198
P60,2	11199	11200
P43,2	11201	11202
P88,2	11203	11204
P154,2	11205	11206
P75,2	11207	11208
P99,2	11209	11210
P137,2	11211	11212
P156,2	11213	11214
P118,2	11215	11216
P185,2	11217	11218
P61,2	11219	11220
P25,2	11221	11222
P46,3	11223	11224
P120,2	11225	11226
P26,2	11227	11228
P188,2	11229	11230
P189,3	11231	11232
P141,3	11233	11234
P91,3	11235	11236
P162,2	11237	11238
P106,2	11239	11240
P15,3	11241	11242
P13,2	11243	11244
P19,3	11245	11246
P80,2	11247	11248
P31,2	11249	11250
P108,2	11251	11252
P144,3	11253	11254
P195,3	11255	11256
P92,2	11257	11258
P146,2	11259	11260
P48,2	11261	11262
P81,2	11263	11264
P95,2	11265	11266
P171,2	11267	11268
P112,2	11269	11270
P200,2	11271	11272
P113,2	11273	11274
P131,3	11275	11276
P173,2	11277	11278
P58,3	11279	11280
P149,2	11281	11282
P65,2	11283	11284
P85,2	11285	11286
P66,2	11287	11288
P176,2	11289	11290
P28,3	11291	11292
P133,2	11293	11294
P2,2	11295	11295
P116,3	11296	11297
P152,2	11298	11299
P151,2	11300	11301
P134,2	11302	11303
P153,2	11304	11305
P181,2	11306	11307
P67,3	11308	11309
P44,2	11310	11311
P76,2	11312	11313
P35,2	11314	11315
P184,2	11316	11317
P100,2	11318	11319
P53,3	11320	11321
P36,2	11322	11323
P102,2	11324	11325
P69,2	11326	11327
P139,2	11328	11328
P159,3	11329	11330
P78,2	11331	11332
P30,2	11333	11334
P38,3	11335	11336
P161,3	11337	11338
P122,2	11339	11340
P192,2	11341	11342
P55,2	11343	11344
P143,2	11345	11346
P123,2	11347	11347
P80,2	11348	11348
P31,2	11349	11350
P108,2	11351	11352
P144,3	11353	11354
P195,3	11355	11356
P92,2	11357	11358
P109,2	11359	11360
P64,2	11361	11362
P169,3	11363	11364
P127,2	11365	11366
P111,2	11367	11368
P49,3	11369	11370
P17,2	11371	11372
P83,3	11373	11374
P41,3	11375	11376
P130,2	11377	11378
P40,3	11379	11380
P33,3	11381	11382
P96,2	11383	11384
P132,2	11385	11386
P115,2	11387	11388
P50,2	11389	11390
P97,2	11391	11392
P29,3	11393	11394
P116,3	11395	11396
P152,2	11397	11398
P151,2	11399	11400
P134,2	11401	11402
P153,2	11403	11404
P181,2	11405	11406
P67,3	11407	11408
P99,2	11409	11410
P76,2	11411	11412
P35,2	11413	11414
P184,2	11415	11416
P100,2	11417	11418
P53,3	11419	11420
P36,2	11421	11422
P102,2	11423	11424
P69,2	11425	11426
P26,2	11427	11428
P188,2	11429	11430
P189,3	11431	11432
P141,3	11433	11434
P38,3	11435	11436
P161,3	11437	11438
P122,2	11439	11440
P192,2	11441	11442
P55,2	11443	11444
P143,2	11445	11446
P107,2	11447	11448
P123,3	11449	11450
P108,2	11451	11452
P144,3	11453	11454
P126,2	11455	11456
P4,2	11457	11458
P146,2	11459	11460
P48,2	11461	11462
P81,2	11463	11464
P95,2	11465	11466
P171,2	11467	11468
P112,2	11469	11470
P200,2	11471	11472
P113,2	11473	11474
P131,3	11475	11476
P173,2	11477	11478
P58,3	11479	11480
P149,2	11481	11482
P65,2	11483	11484
P85,2	11485	11486
P66,2	11487	11488
P176,2	11489	11490
P28,3	11491	11492
P133,2	11493	11494
P177,2	11495	11496
P34,3	11497	11498
P98,2	11499	11500
P60,2	11501	11502
P43,2	11503	11504
P88,2	11505	11506
P154,2	11507	11508
P44,2	11509	11510
P75,3	11511	11512
P137,2	11513	11514
P156,2	11515	11516
P118,2	11517	11518
P185,2	11519	11520
P61,2	11521	11522
P25,2	11523	11524
P46,3	11525	11526
P120,2	11527	11528
P159,3	11529	11530
P78,2	11531	11532
P30,2	11533	11534
P139,3	11535	11536
P91,3	11537	11538
P162,2	11539	11540
P106,2	11541	11542
P15,3	11543	11544
P143,2	11545	11546
P107,2	11547	11548
P123,3	11549	11550
P108,2	11551	11552
P144,3	11553	11554
P126,2	11555	11556
P92,2	11557	11558
P109,2	11559	11560
P64,2	11561	11562
P4,3	11563	11564
P95,2	11565	11566
P171,2	11567	11568
P112,2	11569	11570
P200,2	11571	11572
P113,2	11573	11574
P131,3	11575	11576
P173,2	11577	11578
P58,3	11579	11580
P149,2	11581	11582
P65,2	11583	11584
P85,2	11585	11586
P66,2	11587	11588
P176,2	11589	11590
P97,2	11591	11592
P177,2	11593	11594
P50,3	11595	11596
P152,2	11597	11598
P151,2	11599	11600
P134,2	11601	11602
P153,2	11603	11604
P181,2	11605	11606
P67,3	11607	11608
P99,2	11609	11610
P76,2	11611	11612
P35,2	11613	11614
P184,2	11615	11616
P100,2	11617	11618
P53,3	11619	11620
P36,2	11621	11622
P69,2	11623	11624
P26,2	11625	11626
P188,2	11627	11628
P78,2	11629	11630
P30,2	11631	11631
P139,3	11632	11633
P91,3	11634	11635
P162,2	11636	11637
P106,2	11638	11639
P15,3	11640	11641
P143,2	11642	11643
P107,2	11644	11645
P123,3	11646	11647
P108,2	11648	11649
P80,3	11650	11651
P195,3	11652	11653
P146,2	11654	11655
P48,2	11656	11657
P81,2	11658	11659
P169,3	11660	11661
P127,2	11662	11663
P111,2	11664	11665
P49,3	11666	11667
P17,2	11668	11669
P83,3	11670	11671
P41,3	11672	11673
P130,2	11674	11675
P40,3	11676	11677
P33,3	11678	11679
P96,2	11680	11681
P132,2	11682	11683
P115,2	11684	11685
P28,3	11686	11687
P133,2	11688	11689
P116,3	11690	11691
P34,3	11692	11693
P98,2	11694	11695
P60,2	11696	11697
P43,2	11698	11699
P88,2	11700	11701
P154,2	11702	11703
P44,2	11704	11705
P75,3	11706	11707
P137,2	11708	11709
P156,2	11710	11711
P118,2	11712	11713
P185,2	11714	11715
P61,2	11716	11717
P25,2	11718	11719
P120,2	11720	11721
P159,3	11722	11723
P102,3	11724	11725
P189,3	11726	11727
P38,3	11728	11729
P161,3	11730	11731
P122,2	11732	11733
P106,2	11734	11735
P15,3	11736	11737
P143,2	11738	11739
P107,2	11740	11741
P125,2	11742	11743
P144,3	11744	11745
P126,2	11746	11747
P92,2	11748	11749
P109,2	11750	11751
P64,2	11752	11753
P4,3	11754	11755
P127,2	11756	11757
P111,2	11758	11759
P49,3	11760	11761
P17,2	11762	11763
P83,3	11764	11765
P41,3	11766	11767
P130,2	11768	11769
P40,3	11770	11771
P33,3	11772	11773
P96,2	11774	11775
P132,2	11776	11777
P115,2	11778	11779
P28,3	11780	11781
P133,2	11782	11783
P116,3	11784	11785
P34,3	11786	11787
P98,2	11788	11789
P60,2	11790	11791
P43,2	11792	11793
P88,2	11794	11795
P154,2	11796	11797
P44,2	11798	11799
P75,3	11800	11801
P137,2	11802	11803
P156,2	11804	11805
P118,2	11806	11807
P185,2	11808	11809
P61,2	11810	11811
P69,2	11812	11813
P26,2	11814	11815
P188,2	11816	11817
P78,2	11818	11819
P139,3	11820	11821
P91,3	11822	11823
P162,2	11824	11825
P30,3	11826	11827
P192,2	11828	11829
P55,2	11830	11831
P19,3	11832	11833
P123,3	11834	11835
P31,3	11836	11837
P144,3	11838	11839
P126,2	11840	11841
P92,2	11842	11843
P109,2	11844	11845
P64,2	11846	11847
P4,3	11848	11849
P127,2	11850	11851
P111,2	11852	11853
P49,3	11854	11855
P17,2	11856	11857
P83,3	11858	11859
P41,3	11860	11861
P130,2	11862	11863
P40,3	11864	11865
P33,3	11866	11867
P96,2	11868	11869
P132,2	11870	11871
P115,2	11872	11873
P28,3	11874	11875
P133,2	11876	11877
P116,3	11878	11879
P34,3	11880	11881
P98,2	11882	11883
P60,2	11884	11885
P153,2	11886	11887
P181,2	11888	11889
P67,3	11890	11891
P43,3	11892	11893
P75,3	11894	11895
P137,2	11896	11897
P156,2	11898	11899
P118,2	11900	11901
P185,2	11902	11903
P61,2	11904	11905
P69,2	11906	11907
P26,2	11908	11909
P188,2	11910	11911
P78,2	11912	11912
P189,3	11913	11914
P38,3	11915	11916
P161,3	11917	11918
P122,2	11919	11920
P106,2	11921	11922
P15,3	11923	11924
P143,2	11925	11926
P107,2	11927	11928
P125,2	11929	11930
P108,2	11931	11932
P80,3	11933	11934
P195,3	11935	11936
P109,2	11937	11938
P64,2	11939	11940
P4,3	11941	11942
P127,2	11943	11944
P171,2	11945	11946
P112,2	11947	11948
P200,2	11949	11950
P113,2	11951	11952
P131,3	11953	11954
P173,2	11955	11956
P58,3	11957	11958
P149,2	11959	11960
P65,3	11961	11962
P85,2	11963	11964
P66,2	11965	11966
P176,2	11967	11968
P97,2	11969	11970
P177,2	11971	11971
P50,3	11972	11973
P152,2	11974	11975
P151,2	11976	11977
P134,2	11978	11979
P88,2	11980	11981
P154,2	11982	11983
P44,2	11984	11984
P43,3	11985	11986
P75,3	11987	11988
P137,2	11989	11990
P156,2	11991	11992
P118,2	11993	11994
P185,2	11995	11996
P61,2	11997	11998
P69,2	11999	12000
P26,2	12001	12002
P188,2	12003	12004
P78,3	12005	12006
P139,3	12007	12008
P91,3	12009	12010
P162,2	12011	12012
P30,3	12013	12014
P192,2	12015	12016
P55,2	12017	12018
P19,3	12019	12020
P123,3	12021	12022
P31,3	12023	12024
P144,3	12025	12026
P126,2	12027	12028
P92,2	12029	12030
P48,2	12031	12032
P81,2	12033	12034
P95,2	12035	12036
P146,3	12037	12038
P111,2	12039	12040
P49,3	12041	12042
P17,2	12043	12044
P83,3	12045	12046
P41,3	12047	12048
P130,2	12049	12050
P40,3	12051	12052
P65,3	12053	12054
P149,3	12055	12056
P132,2	12057	12058
P115,2	12059	12060
P28,3	12061	12062
P133,2	12063	12064
P50,3	12065	12066
P177,3	12067	12068
P98,2	12069	12070
P60,2	12071	12072
P153,2	12073	12074
P181,2	12075	12076
P67,3	12077	12078
P99,2	12079	12080
P76,2	12081	12082
P35,2	12083	12084
P184,2	12085	12086
P100,2	12087	12088
P53,3	12089	12090
P25,2	12091	12092
P120,2	12093	12094
P159,3	12095	12096
P102,3	12097	12098
P189,3	12099	12100
P38,3	12101	12102
P161,3	12103	12104
P122,2	12105	12106
P106,2	12107	12108
P55,2	12109	12110
P19,3	12111	12112
P123,3	12113	12114
P31,3	12115	12116
P80,3	12117	12118
P195,3	12119	12120
P109,2	12121	12122
P64,2	12123	12124
P4,3	12125	12126
P95,3	12127	12128
P171,2	12129	12130
P49,3	12131	12132
P17,2	12133	12134
P112,3	12135	12136
P131,3	12137	12138
P173,2	12139	12140
P58,3	12141	12142
P33,3	12143	12144
P96,2	12145	12146
P85,2	12147	12148
P66,2	12149	12150
P176,2	12151	12152
P97,2	12153	12154
P116,3	12155	12156
P34,3	12157	12158
P152,2	12159	12160
P151,2	12161	12162
P153,2	12163	12164
P181,2	12165	12166
P67,3	12167	12168
P99,2	12169	12170
P76,2	12171	12172
P35,2	12173	12174
P184,2	12175	12176
P100,2	12177	12178
P53,3	12179	12180
P25,2	12181	12182
P120,2	12183	12184
P159,3	12185	12186
P102,3	12187	12188
P189,3	12189	12190
P38,3	12191	12192
P161,3	12193	12194
P30,3	12195	12196
P106,2	12197	12198
P55,2	12199	12200
P19,3	12201	12202
P123,3	12203	12204
P31,3	12205	12206
P80,3	12207	12208
P195,3	12209	12210
P109,2	12211	12212
P64,2	12213	12214
P4,3	12215	12216
P95,3	12217	12218
P171,2	12219	12220
P49,3	12221	12222
P17,2	12223	12224
P112,3	12225	12226
P131,3	12227	12228
P173,2	12229	12230
P58,3	12231	12232
P33,3	12233	12234
P96,2	12235	12236
P85,2	12237	12238
P66,2	12239	12240
P176,2	12241	12242
P97,2	12243	12244
P116,3	12245	12246
P34,3	12247	12248
P152,2	12249	12250
P151,2	12251	12252
P153,2	12253	12254
P181,2	12255	12256
P67,3	12257	12258
P99,2	12259	12260
P76,2	12261	12262
P35,2	12263	12264
P184,2	12265	12266
P100,2	12267	12268
P53,3	12269	12270
P25,2	12271	12272
P120,2	12273	12274
P188,2	12275	12276
P78,3	12277	12278
P139,3	12279	12280
P91,3	12281	12282
P162,2	12283	12284
P122,3	12285	12286
P192,2	12287	12287
P55,2	12288	12289
P19,3	12290	12291
P123,3	12292	12293
P31,3	12294	12295
P80,3	12296	12297
P195,3	12298	12299
P109,2	12300	12301
P64,2	12302	12303
P4,3	12304	12305
P95,3	12306	12307
P171,2	12308	12309
P49,3	12310	12311
P17,2	12312	12313
P83,3	12314	12315
P41,3	12316	12317
P130,2	12318	12319
P40,3	12320	12321
P65,3	12322	12323
P149,3	12324	12325
P132,2	12326	12327
P115,2	12328	12329
P28,3	12330	12331
P133,2	12332	12333
P50,3	12334	12335
P177,3	12336	12337
P98,2	12338	12339
P134,2	12340	12341
P88,2	12342	12343
P154,2	12344	12345
P43,3	12346	12347
P75,3	12348	12349
P137,2	12350	12351
P156,2	12352	12353
P118,2	12354	12355
P185,2	12356	12357
P61,2	12358	12359
P69,2	12360	12361
P26,2	12362	12363
P102,3	12364	12365
P189,3	12366	12367
P38,3	12368	12369
P161,3	12370	12371
P30,3	12372	12373
P106,2	12374	12375
P143,2	12376	12377
P107,2	12378	12379
P125,2	12380	12381
P144,3	12382	12383
P126,2	12384	12385
P92,2	12386	12387
P48,2	12388	12389
P81,2	12390	12391
P127,2	12392	12393
P146,3	12394	12395
P49,3	12396	12397
P17,2	12398	12399
P83,3	12400	12401
P41,3	12402	12403
P130,2	12404	12405
P40,3	12406	12407
P65,3	12408	12409
P149,3	12410	12411
P132,2	12412	12413
P115,2	12414	12415
P28,3	12416	12417
P133,2	12418	12418
P116,3	12419	12420
P34,3	12421	12422
P152,2	12423	12424
P153,2	12425	12426
P154,2	12427	12428
P43,3	12429	12430
P75,3	12431	12432
P137,2	12433	12434
P156,2	12435	12436
P118,2	12437	12438
P185,2	12439	12439
P61,2	12440	12441
P69,2	12442	12443
P26,2	12444	12445
P102,3	12446	12447
P189,3	12448	12449
P38,3	12450	12451
P161,3	12452	12453
P30,3	12454	12455
P106,2	12456	12457
P19,3	12458	12459
P123,3	12460	12461
P31,3	12462	12463
P80,3	12464	12465
P195,3	12466	12467
P109,2	12468	12469
P64,2	12470	12471
P4,3	12472	12473
P95,3	12474	12475
P111,2	12476	12477
P200,2	12478	12479
P112,3	12480	12481
P131,3	12482	12483
P173,2	12484	12485
P58,3	12486	12487
P33,3	12488	12489
P96,2	12490	12491
P85,2	12492	12493
P115,2	12494	12495
P28,3	12496	12497
P132,3	12498	12499
P50,3	12500	12501
P34,3	12502	12503
P152,2	12504	12505
P153,2	12506	12507
P154,2	12508	12509
P43,3	12510	12511
P75,3	12512	12513
P137,2	12514	12515
P156,2	12516	12517
P118,2	12518	12519
P61,2	12520	12521
P69,2	12522	12523
P26,2	12524	12525
P102,3	12526	12527
P189,3	12528	12529
P38,3	12530	12531
P161,3	12532	12533
P30,3	12534	12535
P106,2	12536	12537
P19,3	12538	12539
P123,3	12540	12541
P31,3	12542	12543
P80,3	12544	12545
P195,3	12546	12547
P109,2	12548	12549
P81,2	12550	12551
P127,2	12552	12553
P146,3	12554	12555
P49,3	12556	12557
P17,2	12558	12559
P83,3	12560	12561
P41,3	12562	12563
P130,2	12564	12565
P40,3	12566	12567
P65,3	12568	12569
P149,3	12570	12571
P115,2	12572	12573
P28,3	12574	12575
P132,3	12576	12577
P66,3	12578	12579
P133,3	12580	12581
P177,3	12582	12583
P153,2	12584	12585
P154,2	12586	12587
P43,3	12588	12589
P75,3	12590	12591
P137,2	12592	12592
P156,2	12593	12594
P118,2	12595	12596
P61,2	12597	12598
P69,2	12599	12600
P26,2	12601	12602
P102,3	12603	12604
P189,3	12605	12606
P38,3	12607	12608
P161,3	12609	12610
P30,3	12611	12612
P106,2	12613	12614
P19,3	12615	12616
P123,3	12617	12618
P31,3	12619	12620
P80,3	12621	12622
P195,3	12623	12624
P109,2	12625	12626
P81,2	12627	12628
P127,2	12629	12630
P146,3	12631	12632
P49,3	12633	12634
P17,2	12635	12636
P83,3	12637	12638
P41,3	12639	12640
P130,2	12641	12642
P40,3	12643	12644
P65,3	12645	12646
P149,3	12647	12648
P115,2	12649	12650
P28,3	12651	12652
P132,3	12653	12654
P50,3	12655	12656
P34,3	12657	12658
P152,2	12659	12660
P181,2	12661	12662
P67,3	12663	12664
P99,2	12665	12666
P76,2	12667	12668
P156,2	12669	12670
P118,2	12671	12672
P61,2	12673	12674
P25,2	12675	12676
P120,2	12677	12678
P188,2	12679	12680
P78,3	12681	12682
P139,3	12683	12684
P91,3	12685	12686
P162,2	12687	12688
P122,3	12689	12690
P143,2	12691	12692
P107,2	12693	12694
P125,2	12695	12696
P144,3	12697	12698
P126,2	12699	12700
P92,2	12701	12702
P64,2	12703	12704
P4,3	12705	12706
P95,3	12707	12708
P111,2	12709	12710
P200,2	12711	12712
P83,3	12713	12714
P131,3	12715	12716
P130,2	12717	12718
P33,3	12719	12720
P96,2	12721	12722
P85,2	12723	12724
P176,2	12725	12726
P97,2	12727	12728
P66,3	12729	12730
P133,3	12731	12732
P177,3	12733	12734
P153,2	12735	12736
P67,3	12737	12738
P99,2	12739	12740
P76,2	12741	12742
P156,2	12743	12744
P118,2	12745	12746
P61,2	12747	12748
P25,2	12749	12750
P120,2	12751	12752
P188,2	12753	12754
P78,3	12755	12756
P139,3	12757	12758
P91,3	12759	12760
P162,2	12761	12762
P122,3	12763	12764
P143,2	12765	12766
P107,2	12767	12768
P125,2	12769	12770
P144,3	12771	12772
P126,2	12773	12774
P92,2	12775	12776
P64,2	12777	12778
P4,3	12779	12780
P95,3	12781	12782
P111,2	12783	12784
P200,2	12785	12786
P83,3	12787	12788
P131,3	12789	12790
P130,2	12791	12792
P33,3	12793	12794
P96,2	12795	12796
P85,2	12797	12798
P176,2	12799	12800
P97,2	12801	12802
P66,3	12803	12804
P133,3	12805	12806
P177,3	12807	12808
P153,2	12809	12810
P67,3	12811	12812
P99,2	12813	12814
P35,2	12815	12816
P184,2	12817	12818
P100,2	12819	12820
P137,3	12821	12822
P69,2	12823	12824
P26,2	12825	12826
P102,3	12827	12828
P189,3	12829	12830
P38,3	12831	12832
P161,3	12833	12834
P30,3	12835	12836
P106,2	12837	12838
P19,3	12839	12840
P123,3	12841	12842
P144,3	12843	12844
P126,2	12845	12846
P92,2	12847	12848
P64,2	12849	12850
P4,3	12851	12852
P95,3	12853	12854
P111,2	12855	12856
P200,2	12857	12858
P83,3	12859	12860
P131,3	12861	12862
P130,2	12863	12864
P33,3	12865	12866
P96,2	12867	12868
P85,2	12869	12870
P176,2	12871	12872
P97,2	12873	12874
P66,3	12875	12876
P34,3	12877	12878
P152,2	12879	12880
P181,2	12881	12882
P43,3	12883	12884
P75,3	12885	12886
P184,2	12887	12888
P100,2	12889	12890
P137,3	12891	12892
P69,2	12893	12894
P26,2	12895	12896
P102,3	12897	12898
P189,3	12899	12900
P38,3	12901	12902
P161,3	12903	12904
P30,3	12905	12906
P106,2	12907	12908
P19,3	12909	12910
P123,3	12911	12912
P80,3	12913	12914
P195,3	12915	12916
P109,2	12917	12918
P81,2	12919	12920
P127,2	12921	12922
P146,3	12923	12924
P49,3	12925	12926
P112,3	12927	12928
P17,3	12929	12930
P130,2	12931	12932
P33,3	12933	12934
P96,2	12935	12936
P85,2	12937	12938
P28,3	12939	12940
P132,3	12941	12942
P133,3	12943	12944
P177,3	12945	12946
P153,2	12947	12948
P67,3	12949	12950
P99,2	12951	12952
P156,2	12953	12954
P118,2	12955	12956
P61,2	12957	12958
P25,2	12959	12960
P120,2	12961	12962
P188,2	12963	12964
P78,3	12965	12966
P139,3	12967	12968
P91,3	12969	12969
P162,2	12970	12971
P122,3	12972	12973
P19,3	12974	12975
P123,3	12976	12977
P80,3	12978	12979
P195,3	12980	12981
P109,2	12982	12983
P81,2	12984	12985
P127,2	12986	12987
P146,3	12988	12989
P49,3	12990	12991
P112,3	12992	12993
P17,3	12994	12995
P130,2	12996	12997
P33,3	12998	12999
P96,2	13000	13001
P85,2	13002	13003
P28,3	13004	13005
P66,3	13006	13007
P34,3	13008	13009
P152,2	13010	13011
P181,2	13012	13013
P43,3	13014	13015
P156,2	13016	13017
P118,2	13018	13019
P61,2	13020	13021
P25,2	13022	13023
P120,2	13024	13025
P188,2	13026	13027
P78,3	13028	13029
P139,3	13030	13031
P161,3	13032	13033
P30,3	13034	13035
P143,2	13036	13037
P107,2	13038	13039
P31,3	13040	13041
P126,2	13042	13043
P109,2	13044	13044
P64,2	13045	13046
P4,3	13047	13048
P95,3	13049	13050
P111,2	13051	13052
P200,2	13053	13054
P83,3	13055	13056
P173,2	13057	13058
P40,3	13059	13060
P65,3	13061	13062
P149,3	13063	13064
P176,2	13065	13066
P132,3	13067	13068
P133,3	13069	13070
P97,3	13071	13072
P152,2	13073	13074
P181,2	13075	13076
P43,3	13077	13078
P156,2	13079	13080
P118,2	13081	13082
P61,2	13083	13084
P25,2	13085	13086
P120,2	13087	13088
P188,2	13089	13090
P78,3	13091	13092
P139,3	13093	13094
P161,3	13095	13096
P30,3	13097	13098
P143,2	13099	13100
P107,2	13101	13102
P31,3	13103	13104
P126,2	13105	13106
P64,2	13107	13108
P4,3	13109	13110
P95,3	13111	13112
P111,2	13113	13114
P200,2	13115	13116
P83,3	13117	13118
P173,2	13119	13120
P40,3	13121	13122
P65,3	13123	13124
P176,2	13125	13126
P132,3	13127	13128
P133,3	13129	13130
P97,3	13131	13132
P152,2	13133	13134
P181,2	13135	13136
P43,3	13137	13138
P156,2	13139	13140
P118,2	13141	13142
P61,2	13143	13144
P25,2	13145	13146
P120,2	13147	13148
P188,2	13149	13150
P78,3	13151	13152
P139,3	13153	13154
P161,3	13155	13156
P30,3	13157	13158
P143,2	13159	13160
P107,2	13161	13162
P31,3	13163	13164
P126,2	13165	13166
P64,2	13167	13168
P4,3	13169	13170
P95,3	13171	13172
P111,2	13173	13173
P200,2	13174	13175
P83,3	13176	13177
P173,2	13178	13179
P40,3	13180	13181
P65,3	13182	13183
P176,2	13184	13185
P132,3	13186	13187
P133,3	13188	13189
P97,3	13190	13191
P152,2	13192	13193
P181,2	13194	13195
P43,3	13196	13197
P156,2	13198	13199
P118,2	13200	13201
P61,2	13202	13203
P25,2	13204	13205
P120,2	13206	13207
P188,2	13208	13209
P78,3	13210	13211
P139,3	13212	13213
P161,3	13214	13215
P30,3	13216	13217
P143,2	13218	13219
P107,2	13220	13221
P31,3	13222	13223
P195,3	13224	13225
P81,2	13226	13227
P127,2	13228	13229
P146,3	13230	13231
P200,2	13232	13233
P83,3	13234	13235
P173,2	13236	13237
P130,2	13238	13239
P33,3	13240	13241
P149,3	13242	13243
P96,3	13244	13245
P66,3	13246	13247
P34,3	13248	13249
P177,3	13250	13251
P153,2	13252	13253
P67,3	13254	13255
P99,2	13256	13257
P184,2	13258	13259
P100,2	13260	13261
P137,3	13262	13263
P69,2	13264	13265
P188,2	13266	13267
P78,3	13268	13269
P139,3	13270	13271
P161,3	13272	13273
P30,3	13274	13275
P143,2	13276	13277
P107,2	13278	13279
P31,3	13280	13281
P64,2	13282	13283
P4,3	13284	13285
P95,3	13286	13287
P49,3	13288	13289
P112,3	13290	13291
P17,3	13292	13293
P111,3	13294	13295
P40,3	13296	13297
P65,3	13298	13299
P176,2	13300	13301
P132,3	13302	13303
P133,3	13304	13305
P97,3	13306	13307
P152,2	13308	13309
P181,2	13310	13311
P43,3	13312	13313
P156,2	13314	13315
P118,2	13316	13317
P61,2	13318	13319
P25,2	13320	13321
P120,2	13322	13323
P102,3	13324	13325
P189,3	13326	13327
P38,3	13328	13329
P162,2	13330	13331
P122,3	13332	13333
P107,2	13334	13335
P31,3	13336	13337
P64,2	13338	13339
P81,2	13340	13341
P127,2	13342	13343
P146,3	13344	13345
P200,2	13346	13347
P83,3	13348	13349
P173,2	13350	13351
P130,2	13352	13353
P33,3	13354	13355
P149,3	13356	13357
P96,3	13358	13359
P66,3	13360	13361
P34,3	13362	13363
P177,3	13364	13365
P153,2	13366	13367
P67,3	13368	13369
P99,2	13370	13371
P184,2	13372	13373
P100,2	13374	13375
P25,2	13376	13377
P69,2	13378	13379
P188,2	13380	13381
P78,3	13382	13383
P139,3	13384	13385
P161,3	13386	13387
P30,3	13388	13389
P19,3	13390	13391
P123,3	13392	13393
P195,3	13394	13395
P143,3	13396	13397
P4,3	13398	13399
P95,3	13400	13401
P49,3	13402	13402
P112,3	13403	13404
P17,3	13405	13406
P111,3	13407	13408
P40,3	13409	13410
P65,3	13411	13412
P176,2	13413	13414
P132,3	13415	13416
P133,3	13417	13418
P97,3	13419	13420
P152,2	13421	13422
P181,2	13423	13424
P43,3	13425	13426
P156,2	13427	13428
P118,2	13429	13430
P137,3	13431	13432
P61,3	13433	13434
P120,2	13435	13436
P102,3	13437	13438
P189,3	13439	13440
P38,3	13441	13442
P162,2	13443	13444
P122,3	13445	13446
P31,3	13447	13448
P64,2	13449	13450
P143,3	13451	13452
P4,3	13453	13454
P95,3	13455	13456
P200,2	13457	13458
P83,3	13459	13460
P173,2	13461	13462
P130,2	13463	13464
P33,3	13465	13466
P149,3	13467	13468
P132,3	13469	13470
P133,3	13471	13472
P97,3	13473	13474
P152,2	13475	13476
P67,3	13477	13478
P99,2	13479	13480
P184,2	13481	13482
P100,2	13483	13484
P25,2	13485	13486
P69,2	13487	13488
P188,2	13489	13490
P78,3	13491	13492
P139,3	13493	13494
P161,3	13495	13496
P30,3	13497	13498
P123,3	13499	13500
P195,3	13501	13502
P107,3	13503	13504
P81,2	13505	13506
P127,2	13507	13508
P146,3	13509	13510
P83,3	13511	13512
P173,2	13513	13514
P130,2	13515	13516
P33,3	13517	13518
P149,3	13519	13520
P132,3	13521	13522
P133,3	13523	13524
P97,3	13525	13526
P152,2	13527	13528
P43,3	13529	13530
P156,2	13531	13532
P118,2	13533	13534
P137,3	13535	13536
P61,3	13537	13538
P120,2	13539	13540
P102,3	13541	13542
P189,3	13543	13544
P38,3	13545	13546
P162,2	13547	13548
P122,3	13549	13550
P31,3	13551	13552
P64,2	13553	13554
P143,3	13555	13556
P4,3	13557	13558
P95,3	13559	13560
P200,2	13561	13562
P17,3	13563	13564
P111,3	13565	13566
P40,3	13567	13568
P65,3	13569	13570
P96,3	13571	13572
P66,3	13573	13574
P34,3	13575	13576
P177,3	13577	13578
P181,2	13579	13580
P99,2	13581	13582
P184,2	13583	13583
P118,2	13584	13585
P25,2	13586	13587
P69,2	13588	13588
P120,2	13589	13590
P102,3	13591	13592
P189,3	13593	13594
P38,3	13595	13596
P162,2	13597	13598
P123,3	13599	13600
P195,3	13601	13602
P107,3	13603	13604
P81,2	13605	13606
P127,2	13607	13608
P146,3	13609	13610
P83,3	13611	13612
P173,2	13613	13614
P130,2	13615	13616
P65,3	13617	13618
P96,3	13619	13620
P66,3	13621	13622
P34,3	13623	13624
P177,3	13625	13626
P43,3	13627	13628
P118,2	13629	13630
P184,3	13631	13632
P61,3	13633	13634
P188,2	13635	13636
P102,3	13637	13638
P189,3	13639	13640
P38,3	13641	13642
P162,2	13643	13644
P123,3	13645	13646
P195,3	13647	13648
P107,3	13649	13650
P81,2	13651	13652
P127,2	13653	13654
P146,3	13655	13656
P83,3	13657	13658
P173,2	13659	13660
P130,2	13661	13662
P65,3	13663	13664
P96,3	13665	13666
P133,3	13667	13668
P97,3	13669	13670
P181,2	13671	13672
P156,2	13673	13674
P118,2	13675	13676
P184,3	13677	13678
P61,3	13679	13680
P188,2	13681	13682
P102,3	13683	13684
P189,3	13685	13686
P38,3	13687	13688
P162,2	13689	13690
P123,3	13691	13692
P195,3	13693	13694
P107,3	13695	13696
P81,2	13697	13698
P127,2	13699	13700
P146,3	13701	13702
P83,3	13703	13704
P173,2	13705	13706
P130,2	13707	13708
P65,3	13709	13710
P96,3	13711	13712
P133,3	13713	13714
P97,3	13715	13716
P43,3	13717	13718
P99,3	13719	13720
P137,3	13721	13722
P25,2	13723	13724
P188,2	13725	13726
P102,3	13727	13728
P189,3	13729	13730
P38,3	13731	13732
P161,3	13733	13734
P122,3	13735	13736
P195,3	13737	13738
P107,3	13739	13740
P4,3	13741	13742
P95,3	13743	13744
P146,3	13745	13746
P83,3	13747	13747
P17,3	13748	13749
P111,3	13750	13751
P33,3	13752	13753
P149,3	13754	13755
P66,3	13756	13757
P34,3	13758	13759
P43,3	13760	13761
P181,3	13762	13763
P118,2	13764	13765
P184,3	13766	13767
P61,3	13768	13769
P100,3	13770	13771
P78,3	13772	13773
P139,3	13774	13775
P120,3	13776	13777
P122,3	13778	13779
P195,3	13780	13781
P162,3	13782	13783
P4,3	13784	13785
P64,3	13786	13787
P81,3	13788	13789
P17,3	13790	13791
P111,3	13792	13793
P33,3	13794	13795
P200,3	13796	13797
P96,3	13798	13799
P133,3	13800	13801
P97,3	13802	13803
P156,2	13804	13805
P99,3	13806	13807
P137,3	13808	13809
P25,2	13810	13811
P188,2	13812	13813
P102,3	13814	13815
P189,3	13816	13817
P38,3	13818	13819
P161,3	13820	13820
P123,3	13821	13822
P107,3	13823	13824
P143,3	13825	13826
P127,2	13827	13828
P95,3	13829	13830
P146,3	13831	13832
P173,2	13833	13834
P130,2	13835	13836
P65,3	13837	13838
P149,3	13839	13840
P66,3	13841	13842
P34,3	13843	13844
P43,3	13845	13846
P181,3	13847	13848
P118,2	13849	13850
P184,3	13851	13852
P61,3	13853	13854
P100,3	13855	13856
P78,3	13857	13858
P139,3	13859	13860
P120,3	13861	13862
P123,3	13863	13864
P107,3	13865	13866
P143,3	13867	13868
P127,2	13869	13870
P95,3	13871	13872
P146,3	13873	13874
P173,2	13875	13876
P130,2	13877	13878
P65,3	13879	13880
P149,3	13881	13882
P66,3	13883	13884
P34,3	13885	13886
P43,3	13887	13887
P181,3	13888	13889
P118,2	13890	13891
P25,2	13892	13893
P188,2	13894	13895
P102,3	13896	13897
P189,3	13898	13899
P38,3	13900	13901
P122,3	13902	13903
P195,3	13904	13905
P162,3	13906	13907
P4,3	13908	13909
P64,3	13910	13911
P81,3	13912	13913
P17,3	13914	13915
P111,3	13916	13917
P200,3	13918	13919
P96,3	13920	13921
P133,3	13922	13923
P97,3	13924	13925
P99,3	13926	13927
P184,3	13928	13929
P61,3	13930	13931
P100,3	13932	13933
P189,3	13934	13935
P38,3	13936	13937
P122,3	13938	13939
P195,3	13940	13941
P162,3	13942	13943
P4,3	13944	13945
P64,3	13946	13947
P81,3	13948	13949
P17,3	13950	13951
P111,3	13952	13953
P200,3	13954	13955
P96,3	13956	13957
P133,3	13958	13959
P97,3	13960	13961
P99,3	13962	13963
P184,3	13964	13965
P61,3	13966	13967
P100,3	13968	13969
P189,3	13970	13970
P38,3	13971	13972
P122,3	13973	13974
P195,3	13975	13976
P162,3	13977	13978
P4,3	13979	13980
P64,3	13981	13982
P81,3	13983	13984
P173,2	13985	13986
P33,3	13987	13988
P149,3	13989	13990
P66,3	13991	13992
P34,3	13993	13994
P181,3	13995	13996
P118,2	13997	13998
P61,3	13999	14000
P102,3	14001	14002
P25,3	14003	14004
P120,3	14005	14006
P123,3	14007	14008
P107,3	14009	14010
P143,3	14011	14012
P127,2	14013	14014
P81,3	14015	14016
P173,2	14017	14018
P33,3	14019	14020
P149,3	14021	14022
P66,3	14023	14024
P34,3	14025	14026
P181,3	14027	14028
P118,2	14029	14030
P61,3	14031	14032
P102,3	14033	14034
P25,3	14035	14036
P120,3	14037	14038
P123,3	14039	14039
P107,3	14040	14041
P143,3	14042	14043
P127,2	14044	14045
P81,3	14046	14047
P173,2	14048	14049
P33,3	14050	14051
P149,3	14052	14053
P66,3	14054	14055
P97,3	14056	14057
P99,3	14058	14059
P184,3	14060	14061
P100,3	14062	14063
P139,3	14064	14065
P38,3	14066	14067
P122,3	14068	14069
P107,3	14070	14071
P143,3	14072	14073
P127,2	14074	14075
P81,3	14076	14077
P173,2	14078	14079
P33,3	14080	14081
P149,3	14082	14083
P66,3	14084	14085
P97,3	14086	14087
P99,3	14088	14089
P184,3	14090	14091
P100,3	14092	14093
P139,3	14094	14094
P38,3	14095	14096
P122,3	14097	14098
P107,3	14099	14100
P143,3	14101	14102
P127,2	14103	14104
P81,3	14105	14106
P173,2	14107	14107
P111,3	14108	14109
P200,3	14110	14111
P96,3	14112	14113
P133,3	14114	14115
P181,3	14116	14117
P184,3	14118	14119
P100,3	14120	14121
P25,3	14122	14123
P120,3	14124	14125
P195,3	14126	14127
P162,3	14128	14129
P4,3	14130	14131
P64,3	14132	14133
P17,3	14134	14135
P111,3	14136	14137
P200,3	14138	14139
P96,3	14140	14141
P133,3	14142	14143
P181,3	14144	14145
P184,3	14146	14147
P100,3	14148	14149
P25,3	14150	14151
P120,3	14152	14153
P195,3	14154	14155
P162,3	14156	14157
P4,3	14158	14159
P81,3	14160	14161
P17,3	14162	14163
P111,3	14164	14165
P149,3	14166	14167
P66,3	14168	14169
P97,3	14170	14171
P99,3	14172	14173
P61,3	14174	14175
P102,3	14176	14177
P38,3	14178	14179
P122,3	14180	14181
P107,3	14182	14183
P143,3	14184	14185
P64,3	14186	14187
P127,3	14188	14189
P173,3	14190	14191
P200,3	14192	14193
P96,3	14194	14195
P133,3	14196	14197
P181,3	14198	14199
P184,3	14200	14201
P100,3	14202	14203
P25,3	14204	14205
P120,3	14206	14207
P195,3	14208	14209
P162,3	14210	14211
P4,3	14212	14213
P81,3	14214	14215
P17,3	14216	14217
P111,3	14218	14219
P149,3	14220	14221
P66,3	14222	14223
P181,3	14224	14225
P184,3	14226	14227
P100,3	14228	14229
P25,3	14230	14231
P120,3	14232	14233
P195,3	14234	14235
P162,3	14236	14237
P4,3	14238	14239
P81,3	14240	14241
P17,3	14242	14243
P111,3	14244	14245
P149,3	14246	14247
P66,3	14248	14249
P181,3	14250	14251
P184,3	14252	14253
P100,3	14254	14255
P25,3	14256	14257
P120,3	14258	14259
P195,3	14260	14261
P162,3	14262	14263
P4,3	14264	14265
P81,3	14266	14267
P17,3	14268	14269
P111,3	14270	14271
P149,3	14272	14273
P66,3	14274	14275
P181,3	14276	14277
P184,3	14278	14279
P100,3	14280	14281
P25,3	14282	14283
P120,3	14284	14285
P107,3	14286	14287
P143,3	14288	14289
P64,3	14290	14291
P127,3	14292	14293
P111,3	14294	14295
P149,3	14296	14297
P66,3	14298	14299
P181,3	14300	14301
P184,3	14302	14303
P100,3	14304	14305
P25,3	14306	14307
P120,3	14308	14309
P107,3	14310	14311
P143,3	14312	14313
P64,3	14314	14315
P127,3	14316	14317
P111,3	14318	14319
P149,3	14320	14321
P66,3	14322	14323
P181,3	14324	14325
P100,3	14326	14327
P25,3	14328	14329
P120,3	14330	14331
P107,3	14332	14333
P143,3	14334	14335
P64,3	14336	14337
P127,3	14338	14339
P111,3	14340	14341
P149,3	14342	14343
P66,3	14344	14345
P181,3	14346	14347
P100,3	14348	14349
P25,3	14350	14351
P120,3	14352	14353
P107,3	14354	14355
P143,3	14356	14357
P64,3	14358	14359
P127,3	14360	14361
P111,3	14362	14363
P149,3	14364	14365
P66,3	14366	14367
P181,3	14368	14369
P100,3	14370	14371
P25,3	14372	14373
P120,3	14374	14375
P107,3	14376	14377
P143,3	14378	14379
P64,3	14380	14381
P127,3	14382	14383
P111,3	14384	14385
P149,3	14386	14387
P66,3	14388	14389
P181,3	14390	14391
P100,3	14392	14393
P25,3	14394	14395
P120,3	14396	14397
P107,3	14398	14399
P143,3	14400	14401
P64,3	14402	14403
P127,3	14404	14405
P111,3	14406	14407
P149,3	14408	14409
P66,3	14410	14411
P61,3	14412	14413
P102,3	14414	14415
P38,3	14416	14417
P107,3	14418	14419
P143,3	14420	14421
P64,3	14422	14423
P127,3	14424	14425
P111,3	14426	14427
P149,3	14428	14429
P181,3	14430	14431
P100,3	14432	14433
P38,3	14434	14435
P107,3	14436	14437
P143,3	14438	14439
P64,3	14440	14441
P127,3	14442	14443
P111,3	14444	14445
P149,3	14446	14447
P181,3	14448	14449
P100,3	14450	14451
P38,3	14452	14453
P162,3	14454	14455
P4,3	14456	14457
P81,3	14458	14459
P173,3	14460	14461
P200,3	14462	14463
P96,3	14464	14465
P61,3	14466	14467
P25,3	14468	14469
P162,3	14470	14471
P4,3	14472	14473
P81,3	14474	14474
P127,3	14475	14476
P111,3	14477	14478
P149,3	14479	14480
P181,3	14481	14482
P100,3	14483	14484
P107,3	14485	14486
P143,3	14487	14488
P64,3	14489	14490
P173,3	14491	14492
P200,3	14493	14494
P96,3	14495	14496
P100,3	14497	14498
P107,3	14499	14500
P143,3	14501	14502
P127,3	14503	14504
P111,3	14505	14506
P149,3	14507	14508
P181,3	14509	14510
P25,3	14511	14512
P162,3	14513	14514
P64,3	14515	14515
P127,3	14516	14517
P111,3	14518	14519
P149,3	14520	14521
P181,3	14522	14523
P25,3	14524	14525
P162,3	14526	14527
P127,3	14528	14529
P200,3	14530	14531
P96,3	14532	14533
P100,3	14534	14535
P107,3	14536	14537
P143,3	14538	14539
P111,3	14540	14541
P96,3	14542	14543
P100,3	14544	14545
P162,3	14546	14547
P127,3	14548	14549
P200,3	14550	14551
P181,3	14552	14553
P107,3	14554	14555
P143,3	14556	14557
P111,3	14558	14559
P96,3	14560	14561
P100,3	14562	14563
P162,3	14564	14565
P127,3	14566	14567
P200,3	14568	14569
P181,3	14570	14571
P107,3	14572	14573
P143,3	14574	14575
P111,3	14576	14577
P96,3	14578	14579
P100,3	14580	14581
P162,3	14582	14583
P200,3	14584	14585
P181,3	14586	14587
P162,3	14588	14589
P200,3	14590	14591
P107,3	14592	14593
P127,3	14594	14595
P181,3	14596	14597
P162,3	14598	14599
P200,3	14600	14601
P107,3	14602	14603
P127,3	14604	14605
P181,3	14606	14607
P162,3	14608	14609
P200,3	14610	14611
P107,3	14612	14613
P127,3	14614	14615
P181,3	14616	14617
P162,3	14618	14619
P200,3	14620	14621
P107,3	14622	14623
P127,3	14624	14625
P181,3	14626	14627
P162,3	14628	14629
P200,3	14630	14631
P107,3	14632	14633
P127,3	14634	14635
P181,3	14636	14637
P162,3	14638	14639
P200,3	14640	14641
P107,3	14642	14643
P127,3	14644	14645
P181,3	14646	14647
P162,3	14648	14649
P200,3	14650	14651
P107,3	14652	14653
P127,3	14654	14655
P181,3	14656	14657
P162,3	14658	14659
P200,3	14660	14661
P162,3	14662	14663
P200,3	14664	14665
P127,3	14666	14667
P162,3	14668	14669
P200,3	14670	14671
P127,3	14672	14673
P162,3	14674	14680
P127,3	14682	14689
CPU1
P2,1	17	24
P1,1	25	26
P3,1	27	28
P2,1	29	30
P1,1	31	32
P5,1	33	34
P6,1	35	36
P1,1	37	38
P5,1	39	40
P6,1	41	42
P1,1	43	44
P5,1	45	46
P6,1	47	48
P3,1	49	50
P4,1	51	52
P2,1	53	54
P7,1	55	56
P1,1	57	58
P8,1	59	60
P2,1	61	62
P7,1	63	64
P1,1	65	66
P8,1	67	68
P2,1	69	70
P6,1	71	72
P3,1	73	74
P4,1	75	76
P5,1	77	78
P9,1	79	80
P7,1	81	82
P3,1	83	84
P4,1	85	86
P11,1	87	88
P2,1	89	90
P6,1	91	92
P10,1	93	94
P13,1	95	96
P1,1	97	98
P4,1	99	100
P11,1	101	102
P2,1	103	104
P6,1	105	106
P10,1	107	108
P15,1	109	110
P3,1	111	112
P14,1	113	114
P8,1	115	116
P16,1	117	118
P18,1	119	120
P2,1	121	122
P6,1	123	124
P10,1	125	126
P15,1	127	128
P19,1	129	130
P14,1	131	132
P4,1	133	134
P11,1	135	136
P17,1	137	138
P5,1	139	140
P9,1	141	142
P21,1	143	144
P7,1	145	146
P10,1	147	148
P15,1	149	150
P19,1	151	152
P14,1	153	154
P4,1	155	156
P8,1	157	158
P16,1	159	160
P18,1	161	162
P2,1	163	164
P6,1	165	166
P25,1	167	168
P7,1	169	170
P10,1	171	172
P12,1	173	174
P13,1	175	176
P3,1	177	178
P20,1	179	180
P24,1	181	182
P11,1	183	184
P16,1	185	186
P18,1	187	188
P28,1	189	190
P29,1	191	192
P6,1	193	194
P25,1	195	196
P7,1	197	198
P10,1	199	200
P12,1	201	202
P15,1	203	204
P19,1	205	206
P20,1	207	208
P4,1	209	210
P8,1	211	212
P27,1	213	214
P16,1	215	216
P33,1	217	218
P5,1	219	220
P2,1	221	222
P29,1	223	224
P6,1	225	226
P35,1	227	228
P25,1	229	230
P37,1	231	232
P23,1	233	234
P10,1	235	236
P12,1	237	238
P15,1	239	240
P19,1	241	242
P20,1	243	244
P4,1	245	246
P39,1	247	248
P11,1	249	250
P32,1	251	252
P17,1	253	254
P41,1	255	256
P18,1	257	258
P28,1	259	260
P2,1	261	262
P29,1	263	264
P9,1	265	266
P21,1	267	268
P45,1	269	270
P36,1	271	272
P22,1	273	274
P37,1	275	276
P23,1	277	278
P10,1	279	280
P47,1	281	282
P30,1	283	284
P13,1	285	286
P14,1	287	288
P31,1	289	290
P24,1	291	292
P48,1	293	294
P11,1	295	296
P32,1	297	298
P16,1	299	300
P40,1	301	302
P33,1	303	304
P5,1	305	306
P42,1	307	308
P2,1	309	310
P29,1	311	312
P43,1	313	314
P6,1	315	316
P52,1	317	318
P53,1	319	320
P35,1	321	322
P25,1	323	324
P54,1	325	326
P37,1	327	328
P23,1	329	330
P10,1	331	332
P47,1	333	334
P30,1	335	336
P15,1	337	338
P19,1	339	340
P20,1	341	342
P56,1	343	344
P24,1	345	346
P48,1	347	348
P11,1	349	350
P32,1	351	352
P57,1	353	354
P17,1	355	356
P41,1	357	358
P33,1	359	360
P59,1	361	362
P28,1	363	364
P50,1	365	366
P34,1	367	368
P60,1	369	370
P43,1	371	372
P6,1	373	374
P52,1	375	376
P53,1	377	378
P35,1	379	380
P36,1	381	382
P22,1	383	384
P46,1	385	386
P7,1	387	388
P38,1	389	390
P26,1	391	392
P47,1	393	394
P30,1	395	396
P63,1	397	398
P13,1	399	400
P14,1	401	402
P31,1	403	404
P4,1	405	406
P39,1	407	408
P8,1	409	410
P11,1	411	412
P32,1	413	414
P57,1	415	416
P17,1	417	418
P41,1	419	420
P33,1	421	422
P65,1	423	424
P66,1	425	426
P28,1	427	428
P50,1	429	430
P34,1	431	432
P60,1	433	434
P43,1	435	436
P9,1	437	438
P21,1	439	440
P44,1	441	442
P45,1	443	444
P61,1	445	446
P36,1	447	448
P22,1	449	450
P46,1	451	452
P37,1	453	454
P23,1	455	456
P10,1	457	458
P62,1	459	460
P70,1	461	462
P30,1	463	464
P63,1	465	466
P13,1	467	468
P71,1	469	470
P20,1	471	472
P56,1	473	474
P24,1	475	476
P48,1	477	478
P64,1	479	480
P72,1	481	482
P32,1	483	484
P57,1	485	486
P17,1	487	488
P41,1	489	490
P33,1	491	492
P65,1	493	494
P59,1	495	496
P5,1	497	498
P42,1	499	500
P2,1	501	502
P74,1	503	504
P60,1	505	506
P43,1	507	508
P9,1	509	510
P6,1	511	512
P52,1	513	514
P53,1	515	516
P45,1	517	518
P61,1	519	520
P36,1	521	522
P22,1	523	524
P46,1	525	526
P69,1	527	528
P7,1	529	530
P38,1	531	532
P26,1	533	534
P78,1	535	536
P79,1	537	538
P12,1	539	540
P55,1	541	542
P15,1	543	544
P19,1	545	546
P14,1	547	548
P80,1	549	550
P56,1	551	552
P24,1	553	554
P48,1	555	556
P64,1	557	558
P11,1	559	560
P27,1	561	562
P49,1	563	564
P57,1	565	566
P16,1	567	568
P40,1	569	570
P58,1	571	572
P18,1	573	574
P65,1	575	576
P59,1	577	578
P85,1	579	580
P42,1	581	582
P50,1	583	584
P34,1	585	586
P29,1	587	588
P51,1	589	590
P43,1	591	592
P9,1	593	594
P88,1	595	596
P21,1	597	598
P44,1	599	600
P76,1	601	602
P35,1	603	604
P68,1	605	606
P89,1	607	608
P22,1	609	610
P46,1	611	612
P69,1	613	614
P7,1	615	616
P23,1	617	618
P10,1	619	620
P62,1	621	622
P47,1	623	624
P70,1	625	626
P12,1	627	628
P55,1	629	630
P15,1	631	632
P19,1	633	634
P14,1	635	636
P80,1	637	638
P92,1	639	640
P4,1	641	642
P24,1	643	644
P48,1	645	646
P64,1	647	648
P11,1	649	650
P94,1	651	652
P32,1	653	654
P82,1	655	656
P57,1	657	658
P16,1	659	660
P40,1	661	662
P58,1	663	664
P18,1	665	666
P65,1	667	668
P96,1	669	670
P66,1	671	672
P28,1	673	674
P86,1	675	676
P97,1	677	678
P34,1	679	680
P29,1	681	682
P98,1	683	684
P87,1	685	686
P67,1	687	688
P75,1	689	690
P6,1	691	692
P52,1	693	694
P53,1	695	696
P76,1	697	698
P35,1	699	700
P61,1	701	702
P36,1	703	704
P89,1	705	706
P102,1	707	708
P54,1	709	710
P77,1	711	712
P103,1	713	714
P7,1	715	716
P90,1	717	718
P38,1	719	720
P26,1	721	722
P78,1	723	724
P79,1	725	726
P105,1	727	728
P106,1	729	730
P30,1	731	732
P63,1	733	734
P13,1	735	736
P71,1	737	738
P20,1	739	740
P31,1	741	742
P108,1	743	744
P56,1	745	746
P93,1	747	748
P39,1	749	750
P109,1	751	752
P64,1	753	754
P11,1	755	756
P94,1	757	758
P32,1	759	760
P110,1	761	762
P111,1	763	764
P57,1	765	766
P112,1	767	768
P17,1	769	770
P40,1	771	772
P58,1	773	774
P18,1	775	776
P84,1	777	778
P73,1	779	780
P59,1	781	782
P85,1	783	784
P42,1	785	786
P50,1	787	788
P115,1	789	790
P34,1	791	792
P116,1	793	794
P60,1	795	796
P51,1	797	798
P43,1	799	800
P117,1	801	802
P75,1	803	804
P6,1	805	806
P52,1	807	808
P53,1	809	810
P76,1	811	812
P35,1	813	814
P100,1	815	816
P68,1	817	818
P36,1	819	820
P89,1	821	822
P102,1	823	824
P54,1	825	826
P77,1	827	828
P103,1	829	830
P37,1	831	832
P104,1	833	834
P23,1	835	836
P10,1	837	838
P62,1	839	840
P121,1	841	842
P79,1	843	844
P105,1	845	846
P122,1	847	848
P12,1	849	850
P55,1	851	852
P15,1	853	854
P19,1	855	856
P71,1	857	858
P20,1	859	860
P124,1	861	862
P31,1	863	864
P108,1	865	866
P126,1	867	868
P4,1	869	870
P24,1	871	872
P48,1	873	874
P8,1	875	876
P81,1	877	878
P11,1	879	880
P94,1	881	882
P32,1	883	884
P129,1	885	886
P110,1	887	888
P111,1	889	890
P57,1	891	892
P112,1	893	894
P17,1	895	896
P113,1	897	898
P131,1	899	900
P58,1	901	902
P18,1	903	904
P84,1	905	906
P132,1	907	908
P96,1	909	910
P66,1	911	912
P28,1	913	914
P86,1	915	916
P133,1	917	918
P115,1	919	920
P34,1	921	922
P116,1	923	924
P60,1	925	926
P51,1	927	928
P43,1	929	930
P67,1	931	932
P9,1	933	934
P75,1	935	936
P6,1	937	938
P136,1	939	940
P44,1	941	942
P99,1	943	944
P45,1	945	946
P118,1	947	948
P137,1	949	950
P68,1	951	952
P36,1	953	954
P101,1	955	956
P25,1	957	958
P22,1	959	960
P46,1	961	962
P69,1	963	964
P103,1	965	966
P37,1	967	968
P104,1	969	970
P140,1	971	972
P38,1	973	974
P26,1	975	976
P78,1	977	978
P47,1	979	980
P79,1	981	982
P105,1	983	984
P122,1	985	986
P12,1	987	988
P55,1	989	990
P142,1	991	992
P13,1	993	994
P123,1	995	996
P71,1	997	998
P20,1	999	1000
P124,1	1001	1002
P31,1	1003	1004
P108,1	1005	1006
P126,1	1007	1008
P56,1	1009	1010
P145,1	1011	1012
P24,1	1013	1014
P48,1	1015	1016
P109,1	1017	1018
P64,1	1019	1020
P127,1	1021	1022
P72,1	1023	1024
P27,1	1025	1026
P128,1	1027	1028
P129,1	1029	1030
P110,1	1031	1032
P111,1	1033	1034
P57,1	1035	1036
P112,1	1037	1038
P16,1	1039	1040
P130,1	1041	1042
P40,1	1043	1044
P41,1	1045	1046
P33,1	1047	1048
P114,1	1049	1050
P84,1	1051	1052
P132,1	1053	1054
P96,1	1055	1056
P66,1	1057	1058
P28,1	1059	1060
P86,1	1061	1062
P50,1	1063	1064
P97,1	1065	1066
P2,1	1067	1068
P74,1	1069	1070
P151,1	1071	1072
P60,1	1073	1074
P98,1	1075	1076
P87,1	1077	1078
P134,1	1079	1080
P117,1	1081	1082
P135,1	1083	1084
P75,1	1085	1086
P154,1	1087	1088
P21,1	1089	1090
P52,1	1091	1092
P155,1	1093	1094
P99,1	1095	1096
P45,1	1097	1098
P118,1	1099	1100
P100,1	1101	1102
P61,1	1103	1104
P119,1	1105	1106
P138,1	1107	1108
P89,1	1109	1110
P102,1	1111	1112
P22,1	1113	1114
P46,1	1115	1116
P158,1	1117	1118
P139,1	1119	1120
P120,1	1121	1122
P159,1	1123	1124
P104,1	1125	1126
P140,1	1127	1128
P160,1	1129	1130
P26,1	1131	1132
P10,2	1133	1134
P161,1	1135	1136
P47,1	1137	1138
P141,1	1139	1140
P70,1	1141	1142
P91,1	1143	1144
P106,1	1145	1146
P30,1	1147	1148
P63,1	1149	1150
P163,1	1151	1152
P164,1	1153	1154
P165,1	1155	1156
P123,1	1157	1158
P71,1	1159	1160
P20,1	1161	1162
P124,1	1163	1164
P31,1	1165	1166
P108,1	1167	1168
P92,1	1169	1170
P167,1	1171	1172
P56,1	1173	1174
P145,1	1175	1176
P24,1	1177	1178
P48,1	1179	1180
P109,1	1181	1182
P168,1	1183	1184
P81,1	1185	1186
P11,1	1187	1188
P94,1	1189	1190
P170,1	1191	1192
P32,1	1193	1194
P147,1	1195	1196
P49,1	1197	1198
P82,1	1199	1200
P95,1	1201	1202
P57,1	1203	1204
P112,1	1205	1206
P172,1	1207	1208
P17,1	1209	1210
P113,1	1211	1212
P131,1	1213	1214
P58,1	1215	1216
P18,1	1217	1218
P149,1	1219	1220
P84,1	1221	1222
P132,1	1223	1224
P96,1	1225	1226
P66,1	1227	1228
P174,1	1229	1230
P42,1	1231	1232
P150,1	1233	1234
P133,1	1235	1236
P97,1	1237	1238
P176,1	1239	1240
P2,1	1241	1242
P34,1	1243	1244
P116,1	1245	1246
P29,1	1247	1248
P152,1	1249	1250
P179,1	1251	1252
P87,1	1253	1254
P134,1	1255	1256
P180,1	1257	1258
P181,1	1259	1260
P135,1	1261	1262
P75,1	1263	1264
P154,1	1265	1266
P182,1	1267	1268
P183,1	1269	1270
P52,1	1271	1272
P184,1	1273	1274
P53,1	1275	1276
P76,1	1277	1278
P35,1	1279	1280
P156,1	1281	1282
P185,1	1283	1284
P61,1	1285	1286
P68,1	1287	1288
P36,1	1289	1290
P101,1	1291	1292
P25,1	1293	1294
P157,1	1295	1296
P54,1	1297	1298
P187,1	1299	1300
P158,1	1301	1302
P139,1	1303	1304
P120,1	1305	1306
P159,1	1307	1308
P104,1	1309	1310
P90,1	1311	1312
P23,1	1313	1314
P38,1	1315	1316
P62,1	1317	1318
P78,1	1319	1320
P161,1	1321	1322
P47,1	1323	1324
P162,1	1325	1326
P79,1	1327	1328
P105,1	1329	1330
P91,1	1331	1332
P106,1	1333	1334
P55,1	1335	1336
P142,1	1337	1338
P163,1	1339	1340
P15,1	1341	1342
P13,1	1343	1344
P19,1	1345	1346
P143,1	1347	1348
P71,1	1349	1350
P20,1	1351	1352
P124,1	1353	1354
P31,1	1355	1356
P108,1	1357	1358
P194,1	1359	1360
P92,1	1361	1362
P167,1	1363	1364
P56,1	1365	1366
P145,1	1367	1368
P24,1	1369	1370
P48,1	1371	1372
P196,1	1373	1374
P8,1	1375	1376
P64,1	1377	1378
P127,1	1379	1380
P72,1	1381	1382
P169,1	1383	1384
P197,1	1385	1386
P32,1	1387	1388
P198,1	1389	1390
P129,1	1391	1392
P110,1	1393	1394
P111,1	1395	1396
P171,1	1397	1398
P199,1	1399	1400
P112,1	1401	1402
P172,1	1403	1404
P200,1	1405	1406
P130,1	1407	1408
P40,1	1409	1410
P41,1	1411	1412
P33,1	1413	1414
P114,1	1415	1416
P173,1	1417	1418
P65,1	1419	1420
P73,1	1421	1422
P59,1	1423	1424
P85,1	1425	1426
P28,1	1427	1428
P86,1	1429	1430
P50,1	1431	1432
P175,1	1433	1434
P115,1	1435	1436
P177,1	1437	1438
P178,1	1439	1440
P74,1	1441	1442
P151,1	1443	1444
P60,1	1445	1446
P98,1	1447	1448
P51,1	1449	1450
P43,1	1451	1452
P67,1	1453	1454
P117,1	1455	1456
P9,1	1457	1458
P153,1	1459	1460
P88,1	1461	1462
P6,1	1463	1464
P21,1	1465	1466
P136,1	1467	1468
P44,1	1469	1470
P155,1	1471	1472
P99,1	1473	1474
P45,1	1475	1476
P118,1	1477	1478
P100,1	1479	1480
P137,1	1481	1482
P186,1	1483	1484
P119,1	1485	1486
P138,1	1487	1488
P89,1	1489	1490
P102,1	1491	1492
P22,1	1493	1494
P46,1	1495	1496
P77,1	1497	1498
P69,1	1499	1500
P103,1	1501	1502
P37,1	1503	1504
P7,1	1505	1506
P188,1	1507	1508
P140,1	1509	1510
P160,1	1511	1512
P26,1	1513	1514
P10,2	1515	1516
P189,1	1517	1518
P121,1	1519	1520
P190,1	1521	1522
P141,1	1523	1524
P70,1	1525	1526
P191,1	1527	1528
P122,1	1529	1530
P30,1	1531	1532
P63,1	1533	1534
P192,1	1535	1536
P12,2	1537	1538
P164,1	1539	1540
P165,1	1541	1542
P123,1	1543	1544
P193,1	1545	1546
P14,1	1547	1548
P80,1	1549	1550
P125,1	1551	1552
P107,1	1553	1554
P166,1	1555	1556
P195,1	1557	1558
P126,1	1559	1560
P144,1	1561	1562
P4,1	1563	1564
P93,1	1565	1566
P39,1	1567	1568
P146,1	1569	1570
P109,1	1571	1572
P168,1	1573	1574
P81,1	1575	1576
P11,1	1577	1578
P94,1	1579	1580
P170,1	1581	1582
P27,1	1583	1584
P128,1	1585	1586
P147,1	1587	1588
P49,1	1589	1590
P82,1	1591	1592
P95,1	1593	1594
P57,1	1595	1596
P83,1	1597	1598
P148,1	1599	1600
P16,1	1601	1602
P17,1	1603	1604
P113,1	1605	1606
P131,1	1607	1608
P58,1	1609	1610
P18,1	1611	1612
P149,1	1613	1614
P84,1	1615	1616
P132,1	1617	1618
P96,1	1619	1620
P66,1	1621	1622
P174,1	1623	1624
P42,1	1625	1626
P150,1	1627	1628
P133,1	1629	1630
P97,1	1631	1632
P176,1	1633	1634
P2,1	1635	1636
P34,1	1637	1638
P116,1	1639	1640
P29,1	1641	1642
P152,1	1643	1644
P179,1	1645	1646
P87,1	1647	1648
P134,1	1649	1650
P180,1	1651	1652
P181,1	1653	1654
P135,1	1655	1656
P75,1	1657	1658
P154,1	1659	1660
P182,1	1661	1662
P183,1	1663	1664
P52,1	1665	1666
P184,1	1667	1668
P53,1	1669	1670
P76,1	1671	1672
P35,1	1673	1674
P156,1	1675	1676
P185,1	1677	1678
P61,1	1679	1680
P68,1	1681	1682
P36,1	1683	1684
P101,1	1685	1686
P25,1	1687	1688
P157,1	1689	1690
P54,1	1691	1692
P187,1	1693	1694
P158,1	1695	1696
P139,1	1697	1698
P120,1	1699	1700
P159,1	1701	1702
P104,1	1703	1704
P90,1	1705	1706
P23,1	1707	1708
P38,1	1709	1710
P62,1	1711	1712
P78,1	1713	1714
P161,1	1715	1716
P47,1	1717	1718
P162,1	1719	1720
P79,1	1721	1722
P105,1	1723	1724
P91,1	1725	1726
P106,1	1727	1728
P55,1	1729	1730
P142,1	1731	1732
P163,1	1733	1734
P15,1	1735	1736
P13,1	1737	1738
P19,1	1739	1740
P143,1	1741	1742
P71,1	1743	1744
P80,1	1745	1746
P125,1	1747	1748
P107,1	1749	1750
P166,1	1751	1752
P195,1	1753	1754
P126,1	1755	1756
P144,1	1757	1758
P4,1	1759	1760
P93,1	1761	1762
P39,1	1763	1764
P146,1	1765	1766
P109,1	1767	1768
P168,1	1769	1770
P81,1	1771	1772
P11,1	1773	1774
P94,1	1775	1776
P170,1	1777	1778
P27,1	1779	1780
P128,1	1781	1782
P147,1	1783	1784
P49,1	1785	1786
P82,1	1787	1788
P95,1	1789	1790
P57,1	1791	1792
P83,1	1793	1794
P148,1	1795	1796
P16,1	1797	1798
P17,1	1799	1800
P113,1	1801	1802
P131,1	1803	1804
P58,1	1805	1806
P18,1	1807	1808
P149,1	1809	1810
P84,1	1811	1812
P132,1	1813	1814
P96,1	1815	1816
P66,1	1817	1818
P174,1	1819	1820
P42,1	1821	1822
P150,1	1823	1824
P133,1	1825	1826
P97,1	1827	1828
P176,1	1829	1830
P2,1	1831	1832
P34,1	1833	1834
P116,1	1835	1836
P29,1	1837	1838
P152,1	1839	1840
P179,1	1841	1842
P87,1	1843	1844
P134,1	1845	1846
P180,1	1847	1848
P181,1	1849	1850
P135,1	1851	1852
P75,1	1853	1854
P154,1	1855	1856
P182,1	1857	1858
P183,1	1859	1860
P52,1	1861	1862
P184,1	1863	1864
P53,1	1865	1866
P76,1	1867	1868
P35,1	1869	1870
P156,1	1871	1872
P185,1	1873	1874
P61,1	1875	1876
P68,1	1877	1878
P36,1	1879	1880
P101,1	1881	1882
P25,1	1883	1884
P157,1	1885	1886
P54,1	1887	1888
P187,1	1889	1890
P158,1	1891	1892
P139,1	1893	1894
P120,1	1895	1896
P159,1	1897	1898
P104,1	1899	1900
P90,1	1901	1902
P23,1	1903	1904
P38,1	1905	1906
P62,1	1907	1908
P78,1	1909	1910
P161,1	1911	1912
P47,1	1913	1914
P162,1	1915	1916
P79,1	1917	1918
P105,1	1919	1920
P91,1	1921	1922
P106,1	1923	1924
P55,1	1925	1926
P142,1	1927	1928
P163,1	1929	1930
P15,1	1931	1932
P13,1	1933	1934
P19,1	1935	1936
P143,1	1937	1938
P71,1	1939	1940
P80,1	1941	1942
P125,1	1943	1944
P107,1	1945	1946
P166,1	1947	1948
P195,1	1949	1950
P126,1	1951	1952
P144,1	1953	1954
P4,1	1955	1956
P93,1	1957	1958
P39,1	1959	1960
P146,1	1961	1962
P109,1	1963	1964
P168,1	1965	1966
P81,1	1967	1968
P11,1	1969	1970
P94,1	1971	1972
P170,1	1973	1974
P27,1	1975	1976
P128,1	1977	1978
P147,1	1979	1980
P49,1	1981	1982
P82,1	1983	1984
P95,1	1985	1986
P57,1	1987	1988
P83,1	1989	1990
P148,1	1991	1992
P16,1	1993	1994
P17,1	1995	1996
P113,1	1997	1998
P131,1	1999	2000
P58,1	2001	2002
P18,1	2003	2004
P149,1	2005	2006
P84,1	2007	2008
P132,1	2009	2010
P96,1	2011	2012
P66,1	2013	2014
P174,1	2015	2016
P42,1	2017	2018
P150,1	2019	2020
P133,1	2021	2022
P97,1	2023	2024
P176,1	2025	2026
P2,1	2027	2028
P34,1	2029	2030
P116,1	2031	2032
P29,1	2033	2034
P152,1	2035	2036
P179,1	2037	2038
P87,1	2039	2040
P134,1	2041	2042
P180,1	2043	2044
P181,1	2045	2046
P135,1	2047	2048
P75,1	2049	2050
P154,1	2051	2052
P182,1	2053	2054
P183,1	2055	2056
P52,1	2057	2058
P184,1	2059	2060
P53,1	2061	2062
P76,1	2063	2064
P35,1	2065	2066
P156,1	2067	2068
P185,1	2069	2070
P61,1	2071	2072
P68,1	2073	2074
P36,1	2075	2076
P101,1	2077	2078
P25,1	2079	2080
P157,1	2081	2082
P54,1	2083	2084
P187,1	2085	2086
P158,1	2087	2088
P139,1	2089	2090
P120,1	2091	2092
P159,1	2093	2094
P104,1	2095	2096
P90,1	2097	2098
P23,1	2099	2100
P38,1	2101	2102
P62,1	2103	2104
P78,1	2105	2106
P161,1	2107	2108
P47,1	2109	2110
P162,1	2111	2112
P79,1	2113	2114
P105,1	2115	2116
P91,1	2117	2118
P106,1	2119	2120
P55,1	2121	2122
P142,1	2123	2124
P163,1	2125	2126
P15,1	2127	2128
P13,1	2129	2130
P19,1	2131	2132
P143,1	2133	2134
P71,1	2135	2136
P80,1	2137	2138
P125,1	2139	2140
P107,1	2141	2142
P166,1	2143	2144
P195,1	2145	2146
P126,1	2147	2148
P144,1	2149	2150
P4,1	2151	2152
P93,1	2153	2154
P39,1	2155	2156
P146,1	2157	2158
P109,1	2159	2160
P168,1	2161	2162
P81,1	2163	2164
P11,1	2165	2166
P94,1	2167	2168
P170,1	2169	2170
P27,1	2171	2172
P128,1	2173	2174
P147,1	2175	2176
P49,1	2177	2178
P82,1	2179	2180
P95,1	2181	2182
P57,1	2183	2184
P83,1	2185	2186
P148,1	2187	2188
P16,1	2189	2190
P17,1	2191	2192
P113,1	2193	2194
P131,1	2195	2196
P58,1	2197	2198
P18,1	2199	2200
P149,1	2201	2202
P84,1	2203	2204
P132,1	2205	2206
P96,1	2207	2208
P66,1	2209	2210
P174,1	2211	2212
P42,1	2213	2214
P150,1	2215	2216
P133,1	2217	2218
P97,1	2219	2220
P176,1	2221	2222
P2,1	2223	2224
P34,1	2225	2226
P116,1	2227	2228
P29,1	2229	2230
P152,1	2231	2232
P179,1	2233	2234
P87,1	2235	2236
P134,1	2237	2238
P180,1	2239	2240
P181,1	2241	2242
P135,1	2243	2244
P75,1	2245	2246
P154,1	2247	2248
P182,1	2249	2250
P183,1	2251	2252
P52,1	2253	2254
P184,1	2255	2256
P53,1	2257	2258
P76,1	2259	2260
P35,1	2261	2262
P156,1	2263	2264
P185,1	2265	2266
P61,1	2267	2268
P68,1	2269	2270
P36,1	2271	2272
P101,1	2273	2274
P25,1	2275	2276
P157,1	2277	2278
P54,1	2279	2280
P187,1	2281	2282
P158,1	2283	2284
P139,1	2285	2286
P120,1	2287	2288
P159,1	2289	2290
P104,1	2291	2292
P90,1	2293	2294
P23,1	2295	2296
P38,1	2297	2298
P62,1	2299	2300
P78,1	2301	2302
P161,1	2303	2304
P47,1	2305	2306
P162,1	2307	2308
P79,1	2309	2310
P105,1	2311	2312
P91,1	2313	2314
P106,1	2315	2316
P55,1	2317	2318
P142,1	2319	2320
P163,1	2321	2322
P15,1	2323	2324
P13,1	2325	2326
P19,1	2327	2328
P143,1	2329	2330
P71,1	2331	2332
P80,1	2333	2334
P125,1	2335	2336
P107,1	2337	2338
P166,1	2339	2340
P195,1	2341	2342
P126,1	2343	2344
P144,1	2345	2346
P4,1	2347	2348
P93,1	2349	2350
P39,1	2351	2352
P146,1	2353	2354
P109,1	2355	2356
P168,1	2357	2358
P81,1	2359	2360
P11,1	2361	2362
P94,1	2363	2364
P170,1	2365	2366
P27,1	2367	2368
P128,1	2369	2370
P147,1	2371	2372
P49,1	2373	2374
P82,1	2375	2376
P95,1	2377	2378
P57,1	2379	2380
P83,1	2381	2382
P148,1	2383	2384
P16,1	2385	2386
P17,1	2387	2388
P113,1	2389	2390
P131,1	2391	2392
P58,1	2393	2394
P18,1	2395	2396
P149,1	2397	2398
P84,1	2399	2400
P132,1	2401	2402
P96,1	2403	2404
P66,1	2405	2406
P174,1	2407	2408
P42,1	2409	2410
P150,1	2411	2412
P133,1	2413	2414
P97,1	2415	2416
P176,1	2417	2418
P2,1	2419	2420
P34,1	2421	2422
P116,1	2423	2424
P29,1	2425	2426
P152,1	2427	2428
P179,1	2429	2430
P87,1	2431	2432
P134,1	2433	2434
P180,1	2435	2436
P181,1	2437	2438
P135,1	2439	2440
P75,1	2441	2442
P154,1	2443	2444
P182,1	2445	2446
P183,1	2447	2448
P52,1	2449	2449
P184,1	2450	2451
P53,1	2452	2453
P76,1	2454	2455
P35,1	2456	2457
P156,1	2458	2459
P185,1	2460	2461
P61,1	2462	2463
P68,1	2464	2465
P36,1	2466	2467
P101,1	2468	2469
P25,1	2470	2471
P157,1	2472	2473
P54,1	2474	2475
P77,1	2476	2477
P46,2	2478	2479
P139,1	2480	2481
P120,1	2482	2483
P159,1	2484	2485
P104,1	2486	2487
P90,1	2488	2489
P23,1	2490	2491
P38,1	2492	2493
P62,1	2494	2495
P78,1	2496	2497
P161,1	2498	2499
P47,1	2500	2501
P162,1	2502	2503
P79,1	2504	2505
P105,1	2506	2507
P91,1	2508	2509
P106,1	2510	2511
P55,1	2512	2513
P142,1	2514	2515
P163,1	2516	2517
P15,1	2518	2519
P13,1	2520	2521
P19,1	2522	2523
P143,1	2524	2525
P71,1	2526	2527
P80,1	2528	2529
P125,1	2530	2531
P107,1	2532	2533
P166,1	2534	2535
P195,1	2536	2537
P126,1	2538	2539
P144,1	2540	2541
P4,1	2542	2543
P93,1	2544	2545
P39,1	2546	2547
P146,1	2548	2549
P109,1	2550	2551
P168,1	2552	2553
P81,1	2554	2555
P11,1	2556	2557
P94,1	2558	2559
P170,1	2560	2561
P27,1	2562	2563
P128,1	2564	2565
P147,1	2566	2567
P49,1	2568	2569
P82,1	2570	2571
P95,1	2572	2573
P57,1	2574	2575
P83,1	2576	2577
P148,1	2578	2579
P16,1	2580	2581
P17,1	2582	2583
P113,1	2584	2585
P131,1	2586	2587
P58,1	2588	2589
P18,1	2590	2591
P149,1	2592	2593
P84,1	2594	2595
P132,1	2596	2597
P96,1	2598	2599
P66,1	2600	2601
P174,1	2602	2603
P42,1	2604	2605
P150,1	2606	2607
P133,1	2608	2609
P97,1	2610	2611
P176,1	2612	2613
P2,1	2614	2615
P34,1	2616	2617
P116,1	2618	2619
P29,1	2620	2621
P152,1	2622	2623
P179,1	2624	2625
P87,1	2626	2627
P134,1	2628	2629
P180,1	2630	2631
P181,1	2632	2633
P135,1	2634	2635
P75,1	2636	2637
P154,1	2638	2639
P182,1	2640	2641
P183,1	2642	2643
P44,1	2644	2645
P155,1	2646	2647
P99,1	2648	2649
P45,1	2650	2651
P118,1	2652	2653
P100,1	2654	2655
P137,1	2656	2657
P186,1	2658	2659
P119,1	2660	2661
P138,1	2662	2663
P89,1	2664	2665
P102,1	2666	2667
P22,1	2668	2669
P187,1	2670	2671
P158,1	2672	2673
P69,1	2674	2675
P103,1	2676	2677
P37,1	2678	2679
P7,1	2680	2681
P188,1	2682	2683
P140,1	2684	2685
P160,1	2686	2687
P26,1	2688	2689
P10,2	2690	2691
P189,1	2692	2693
P121,1	2694	2695
P190,1	2696	2697
P141,1	2698	2699
P70,1	2700	2701
P191,1	2702	2703
P122,1	2704	2705
P30,1	2706	2707
P142,1	2708	2709
P163,1	2710	2711
P12,2	2712	2713
P164,1	2714	2715
P165,1	2716	2717
P123,1	2718	2719
P193,1	2720	2721
P14,1	2722	2723
P124,1	2724	2725
P31,1	2726	2727
P108,1	2728	2729
P194,1	2730	2731
P92,1	2732	2733
P167,1	2734	2735
P56,1	2736	2737
P145,1	2738	2739
P24,1	2740	2741
P48,1	2742	2743
P196,1	2744	2745
P8,1	2746	2747
P64,1	2748	2749
P127,1	2750	2751
P72,1	2752	2753
P169,1	2754	2755
P197,1	2756	2757
P32,1	2758	2759
P198,1	2760	2761
P129,1	2762	2763
P110,1	2764	2765
P111,1	2766	2767
P171,1	2768	2769
P199,1	2770	2771
P112,1	2772	2773
P172,1	2774	2775
P200,1	2776	2777
P130,1	2778	2779
P40,1	2780	2781
P41,1	2782	2783
P33,1	2784	2785
P114,1	2786	2787
P173,1	2788	2789
P65,1	2790	2791
P73,1	2792	2793
P59,1	2794	2795
P85,1	2796	2797
P28,1	2798	2799
P86,1	2800	2801
P50,1	2802	2803
P175,1	2804	2805
P115,1	2806	2807
P177,1	2808	2809
P178,1	2810	2811
P74,1	2812	2813
P151,1	2814	2815
P60,1	2816	2817
P98,1	2818	2819
P51,1	2820	2821
P43,1	2822	2823
P67,1	2824	2825
P117,1	2826	2827
P9,1	2828	2829
P153,1	2830	2831
P88,1	2832	2833
P182,1	2834	2835
P183,1	2836	2837
P44,1	2838	2839
P155,1	2840	2841
P76,1	2842	2843
P35,1	2844	2845
P156,1	2846	2847
P53,2	2848	2849
P137,1	2850	2851
P186,1	2852	2853
P119,1	2854	2855
P138,1	2856	2857
P89,1	2858	2859
P102,1	2860	2861
P22,1	2862	2863
P187,1	2864	2865
P158,1	2866	2867
P69,1	2868	2869
P103,1	2870	2871
P37,1	2872	2873
P7,1	2874	2875
P188,1	2876	2877
P140,1	2878	2879
P38,1	2880	2881
P23,2	2882	2883
P10,2	2884	2885
P189,1	2886	2887
P121,1	2888	2889
P190,1	2890	2891
P141,1	2892	2893
P70,1	2894	2895
P191,1	2896	2897
P122,1	2898	2899
P30,1	2900	2901
P142,1	2902	2903
P163,1	2904	2905
P12,2	2906	2907
P164,1	2908	2909
P165,1	2910	2911
P123,1	2912	2913
P193,1	2914	2915
P14,1	2916	2917
P124,1	2918	2919
P31,1	2920	2921
P108,1	2922	2923
P194,1	2924	2925
P92,1	2926	2927
P167,1	2928	2929
P56,1	2930	2931
P145,1	2932	2933
P24,1	2934	2935
P48,1	2936	2937
P196,1	2938	2939
P8,1	2940	2941
P64,1	2942	2943
P127,1	2944	2945
P72,1	2946	2947
P169,1	2948	2949
P197,1	2950	2951
P128,1	2952	2953
P147,1	2954	2955
P110,1	2956	2957
P111,1	2958	2959
P171,1	2960	2961
P199,1	2962	2963
P83,1	2964	2965
P148,1	2966	2967
P16,1	2968	2969
P17,1	2970	2971
P113,1	2972	2973
P131,1	2974	2975
P58,1	2976	2977
P18,1	2978	2979
P149,1	2980	2981
P84,1	2982	2983
P132,1	2984	2985
P96,1	2986	2987
P66,1	2988	2989
P174,1	2990	2991
P86,1	2992	2993
P50,1	2994	2995
P175,1	2996	2997
P115,1	2998	2999
P177,1	3000	3001
P178,1	3002	3003
P74,1	3004	3004
P116,1	3005	3006
P29,1	3007	3008
P152,1	3009	3010
P179,1	3011	3012
P87,1	3013	3014
P134,1	3015	3016
P180,1	3017	3018
P181,1	3019	3020
P135,1	3021	3022
P75,1	3023	3024
P154,1	3025	3026
P21,1	3027	3028
P136,1	3029	3030
P184,1	3031	3032
P99,1	3033	3034
P45,1	3035	3036
P118,1	3037	3038
P100,1	3039	3040
P185,1	3041	3042
P61,1	3043	3044
P68,1	3045	3046
P36,1	3047	3048
P101,1	3049	3050
P25,1	3051	3052
P157,1	3053	3054
P54,1	3055	3056
P77,1	3057	3058
P46,2	3059	3060
P139,1	3061	3062
P120,1	3063	3064
P159,1	3065	3066
P104,1	3067	3068
P90,1	3069	3070
P160,1	3071	3072
P26,1	3073	3074
P62,1	3075	3076
P78,1	3077	3078
P161,1	3079	3080
P47,1	3081	3082
P162,1	3083	3084
P79,1	3085	3086
P105,1	3087	3088
P91,1	3089	3090
P106,1	3091	3092
P55,1	3093	3094
P192,1	3095	3096
P63,2	3097	3098
P15,1	3099	3100
P13,1	3101	3102
P19,1	3103	3104
P143,1	3105	3106
P71,1	3107	3108
P80,1	3109	3110
P125,1	3111	3112
P107,1	3113	3114
P166,1	3115	3116
P195,1	3117	3118
P126,1	3119	3120
P144,1	3121	3122
P4,1	3123	3124
P93,1	3125	3126
P39,1	3127	3128
P146,1	3129	3130
P109,1	3131	3132
P168,1	3133	3134
P81,1	3135	3136
P11,1	3137	3138
P94,1	3139	3140
P170,1	3141	3142
P32,1	3143	3144
P198,1	3145	3146
P129,1	3147	3148
P82,1	3149	3150
P95,1	3151	3152
P57,1	3153	3154
P49,2	3155	3156
P112,1	3157	3158
P172,1	3159	3160
P200,1	3161	3162
P130,1	3163	3164
P131,1	3165	3166
P58,1	3167	3168
P18,1	3169	3170
P40,2	3171	3172
P173,1	3173	3174
P65,1	3175	3176
P73,1	3177	3178
P59,1	3179	3180
P85,1	3181	3182
P42,1	3183	3183
P28,2	3184	3185
P50,1	3186	3187
P175,1	3188	3189
P115,1	3190	3191
P177,1	3192	3193
P178,1	3194	3195
P116,1	3196	3197
P29,1	3198	3199
P152,1	3200	3201
P179,1	3202	3203
P87,1	3204	3205
P134,1	3206	3207
P180,1	3208	3209
P181,1	3210	3211
P135,1	3212	3213
P75,1	3214	3215
P154,1	3216	3217
P21,1	3218	3219
P136,1	3220	3221
P184,1	3222	3223
P99,1	3224	3225
P45,1	3226	3227
P118,1	3228	3229
P100,1	3230	3231
P185,1	3232	3233
P61,1	3234	3235
P68,1	3236	3237
P138,1	3238	3239
P89,1	3240	3241
P102,1	3242	3243
P36,2	3244	3245
P54,1	3246	3247
P77,1	3248	3249
P46,2	3250	3251
P139,1	3252	3253
P120,1	3254	3255
P159,1	3256	3257
P104,1	3258	3259
P90,1	3260	3261
P160,1	3262	3263
P26,1	3264	3265
P62,1	3266	3267
P78,1	3268	3269
P161,1	3270	3271
P47,1	3272	3273
P162,1	3274	3275
P79,1	3276	3277
P105,1	3278	3279
P91,1	3280	3281
P106,1	3282	3283
P55,1	3284	3285
P192,1	3286	3287
P63,2	3288	3289
P15,1	3290	3291
P13,1	3292	3293
P19,1	3294	3295
P143,1	3296	3297
P71,1	3298	3299
P80,1	3300	3301
P125,1	3302	3303
P107,1	3304	3305
P166,1	3306	3307
P195,1	3308	3309
P126,1	3310	3311
P144,1	3312	3313
P4,1	3314	3314
P93,1	3315	3316
P48,1	3317	3318
P146,1	3319	3320
P109,1	3321	3322
P168,1	3323	3324
P81,1	3325	3326
P11,1	3327	3328
P94,1	3329	3330
P170,1	3331	3332
P32,1	3333	3333
P128,1	3334	3335
P147,1	3336	3337
P110,1	3338	3339
P111,1	3340	3341
P171,1	3342	3343
P199,1	3344	3345
P83,1	3346	3347
P148,1	3348	3349
P16,1	3350	3351
P17,1	3352	3353
P113,1	3354	3355
P41,1	3356	3357
P33,1	3358	3359
P114,1	3360	3361
P149,1	3362	3363
P84,1	3364	3365
P132,1	3366	3367
P96,1	3368	3369
P66,1	3370	3371
P174,1	3372	3373
P28,2	3374	3375
P50,1	3376	3377
P175,1	3378	3379
P115,1	3380	3381
P177,1	3382	3383
P34,1	3384	3385
P151,1	3386	3387
P60,1	3388	3389
P2,2	3390	3391
P179,1	3392	3393
P87,1	3394	3395
P134,1	3396	3397
P180,1	3398	3399
P181,1	3400	3401
P135,1	3402	3403
P75,1	3404	3405
P154,1	3406	3407
P21,1	3408	3409
P136,1	3410	3411
P184,1	3412	3413
P99,1	3414	3415
P45,1	3416	3417
P118,1	3418	3419
P100,1	3420	3421
P185,1	3422	3423
P61,1	3424	3425
P68,1	3426	3427
P138,1	3428	3429
P89,1	3430	3431
P102,1	3432	3433
P36,2	3434	3435
P54,1	3436	3437
P77,1	3438	3439
P46,2	3440	3441
P139,1	3442	3443
P120,1	3444	3445
P159,1	3446	3447
P104,1	3448	3449
P90,1	3450	3451
P160,1	3452	3453
P26,1	3454	3455
P62,1	3456	3457
P78,1	3458	3459
P161,1	3460	3461
P47,1	3462	3463
P162,1	3464	3465
P79,1	3466	3467
P105,1	3468	3469
P91,1	3470	3471
P106,1	3472	3473
P55,1	3474	3475
P192,1	3476	3477
P63,2	3478	3479
P15,1	3480	3481
P13,1	3482	3483
P19,1	3484	3484
P143,1	3485	3486
P71,1	3487	3487
P14,1	3488	3489
P124,1	3490	3491
P31,1	3492	3493
P108,1	3494	3495
P194,1	3496	3497
P92,1	3498	3499
P167,1	3500	3501
P56,1	3502	3503
P93,1	3504	3505
P48,1	3506	3507
P146,1	3508	3509
P196,1	3510	3511
P8,1	3512	3513
P64,1	3514	3515
P127,1	3516	3517
P72,1	3518	3519
P169,1	3520	3521
P197,1	3522	3523
P198,1	3524	3525
P129,1	3526	3527
P110,1	3528	3529
P111,1	3530	3531
P171,1	3532	3533
P199,1	3534	3535
P83,1	3536	3537
P148,1	3538	3539
P16,1	3540	3541
P17,1	3542	3543
P113,1	3544	3545
P41,1	3546	3547
P33,1	3548	3549
P114,1	3550	3551
P149,1	3552	3553
P84,1	3554	3555
P132,1	3556	3557
P96,1	3558	3559
P66,1	3560	3561
P174,1	3562	3563
P28,2	3564	3565
P50,1	3566	3567
P175,1	3568	3569
P115,1	3570	3571
P177,1	3572	3573
P34,1	3574	3575
P151,1	3576	3577
P60,1	3578	3579
P2,2	3580	3581
P179,1	3582	3583
P87,1	3584	3585
P134,1	3586	3587
P180,1	3588	3589
P181,1	3590	3591
P135,1	3592	3593
P75,1	3594	3595
P154,1	3596	3597
P21,1	3598	3599
P136,1	3600	3601
P184,1	3602	3603
P99,1	3604	3605
P45,1	3606	3607
P118,1	3608	3609
P100,1	3610	3611
P185,1	3612	3613
P61,1	3614	3615
P68,1	3616	3617
P138,1	3618	3619
P89,1	3620	3621
P102,1	3622	3623
P36,2	3624	3625
P54,1	3626	3627
P77,1	3628	3629
P46,2	3630	3631
P139,1	3632	3633
P120,1	3634	3635
P159,1	3636	3637
P104,1	3638	3639
P90,1	3640	3641
P160,1	3642	3643
P26,1	3644	3645
P62,1	3646	3647
P78,1	3648	3649
P161,1	3650	3651
P47,1	3652	3653
P162,1	3654	3655
P79,1	3656	3657
P105,1	3658	3659
P91,1	3660	3661
P106,1	3662	3663
P55,1	3664	3665
P192,1	3666	3667
P63,2	3668	3669
P15,1	3670	3671
P13,1	3672	3673
P19,2	3674	3675
P193,1	3676	3677
P80,1	3678	3679
P125,1	3680	3681
P107,1	3682	3683
P166,1	3684	3685
P195,1	3686	3687
P126,1	3688	3689
P144,1	3690	3691
P145,1	3692	3693
P39,1	3694	3695
P24,2	3696	3697
P4,2	3698	3699
P109,1	3700	3701
P168,1	3702	3703
P81,1	3704	3705
P11,1	3706	3707
P94,1	3708	3709
P170,1	3710	3711
P128,1	3712	3713
P147,1	3714	3715
P32,2	3716	3717
P82,1	3718	3719
P95,1	3720	3721
P57,1	3722	3723
P49,2	3724	3725
P112,1	3726	3727
P172,1	3728	3729
P200,1	3730	3731
P130,1	3732	3733
P131,1	3734	3735
P58,1	3736	3737
P18,1	3738	3739
P40,2	3740	3741
P173,1	3742	3743
P65,1	3744	3745
P73,1	3746	3747
P59,1	3748	3749
P85,1	3750	3751
P86,1	3752	3753
P150,1	3754	3755
P133,1	3756	3757
P97,1	3758	3759
P176,1	3760	3761
P178,1	3762	3763
P116,1	3764	3765
P29,1	3766	3767
P152,1	3768	3769
P98,1	3770	3771
P51,1	3772	3773
P43,1	3774	3775
P67,1	3776	3777
P117,1	3778	3779
P9,1	3780	3781
P153,1	3782	3783
P88,1	3784	3785
P182,1	3786	3787
P183,1	3788	3789
P44,1	3790	3791
P155,1	3792	3793
P76,1	3794	3795
P35,1	3796	3797
P156,1	3798	3799
P53,2	3800	3801
P137,1	3802	3803
P186,1	3804	3805
P119,1	3806	3807
P101,1	3808	3809
P25,1	3810	3811
P157,1	3812	3813
P22,1	3814	3815
P187,1	3816	3817
P158,1	3818	3819
P69,1	3820	3821
P103,1	3822	3823
P37,1	3824	3825
P7,1	3826	3827
P188,1	3828	3829
P140,1	3830	3831
P38,1	3832	3833
P23,2	3834	3835
P10,2	3836	3837
P189,1	3838	3839
P121,1	3840	3841
P190,1	3842	3843
P141,1	3844	3845
P70,1	3846	3847
P191,1	3848	3849
P122,1	3850	3851
P30,1	3852	3853
P142,1	3854	3855
P163,1	3856	3857
P12,2	3858	3859
P164,1	3860	3861
P165,1	3862	3863
P143,1	3864	3865
P123,2	3866	3867
P80,1	3868	3869
P125,1	3870	3871
P107,1	3872	3873
P166,1	3874	3875
P195,1	3876	3877
P126,1	3878	3879
P144,1	3880	3881
P145,1	3882	3883
P39,1	3884	3885
P24,2	3886	3887
P196,1	3888	3889
P146,2	3890	3891
P168,1	3892	3893
P81,1	3894	3895
P11,1	3896	3897
P94,1	3898	3899
P170,1	3900	3901
P128,1	3902	3903
P147,1	3904	3905
P32,2	3906	3907
P82,1	3908	3909
P95,1	3910	3911
P57,1	3912	3913
P49,2	3914	3915
P112,1	3916	3917
P172,1	3918	3919
P200,1	3920	3921
P130,1	3922	3923
P131,1	3924	3925
P58,1	3926	3927
P18,1	3928	3929
P40,2	3930	3931
P173,1	3932	3933
P65,1	3934	3935
P73,1	3936	3937
P59,1	3938	3939
P85,1	3940	3941
P86,1	3942	3943
P150,1	3944	3945
P133,1	3946	3947
P97,1	3948	3949
P176,1	3950	3951
P178,1	3952	3953
P116,1	3954	3955
P29,1	3956	3957
P152,1	3958	3959
P98,1	3960	3961
P51,1	3962	3963
P43,1	3964	3965
P67,1	3966	3967
P117,1	3968	3969
P9,1	3970	3971
P153,1	3972	3973
P88,1	3974	3975
P182,1	3976	3977
P183,1	3978	3979
P44,1	3980	3981
P155,1	3982	3983
P76,1	3984	3985
P35,1	3986	3987
P156,1	3988	3989
P53,2	3990	3991
P137,1	3992	3993
P186,1	3994	3995
P138,1	3996	3997
P89,1	3998	3999
P68,2	4000	4001
P157,1	4002	4003
P22,1	4004	4005
P187,1	4006	4007
P158,1	4008	4009
P69,1	4010	4011
P103,1	4012	4013
P37,1	4014	4015
P7,1	4016	4017
P188,1	4018	4019
P140,1	4020	4021
P38,1	4022	4023
P23,2	4024	4025
P10,2	4026	4027
P189,1	4028	4029
P121,1	4030	4031
P190,1	4032	4033
P141,1	4034	4035
P105,1	4036	4037
P91,1	4038	4039
P106,1	4040	4041
P70,2	4042	4043
P142,1	4044	4045
P163,1	4046	4047
P12,2	4048	4049
P164,1	4050	4051
P165,1	4052	4053
P143,1	4054	4055
P123,2	4056	4057
P80,1	4058	4059
P125,1	4060	4061
P107,1	4062	4063
P166,1	4064	4065
P195,1	4066	4067
P126,1	4068	4069
P144,1	4070	4071
P145,1	4072	4073
P39,1	4074	4075
P24,2	4076	4077
P196,1	4078	4079
P146,2	4080	4081
P64,1	4082	4083
P127,1	4084	4085
P72,1	4086	4087
P169,1	4088	4089
P197,1	4090	4091
P198,1	4092	4093
P32,2	4094	4095
P82,1	4096	4097
P95,1	4098	4099
P57,1	4100	4101
P49,2	4102	4103
P148,1	4104	4105
P16,1	4106	4107
P83,2	4108	4109
P130,1	4110	4111
P131,1	4112	4113
P58,1	4114	4115
P18,1	4116	4117
P40,2	4118	4119
P173,1	4120	4121
P65,1	4122	4123
P73,1	4124	4125
P59,1	4126	4127
P85,1	4128	4129
P86,1	4130	4131
P150,1	4132	4133
P133,1	4134	4134
P175,1	4135	4136
P115,1	4137	4138
P177,1	4139	4140
P34,1	4141	4142
P151,1	4143	4144
P152,1	4145	4146
P98,1	4147	4148
P51,1	4149	4150
P60,2	4151	4152
P134,1	4153	4154
P180,1	4155	4156
P181,1	4157	4158
P135,1	4159	4160
P75,1	4161	4161
P154,1	4162	4163
P21,1	4164	4165
P136,1	4166	4167
P184,1	4168	4169
P99,1	4170	4171
P45,1	4172	4173
P118,1	4174	4175
P100,1	4176	4177
P185,1	4178	4179
P61,1	4180	4181
P119,1	4182	4183
P101,1	4184	4185
P25,1	4186	4187
P102,1	4188	4189
P36,2	4190	4191
P54,1	4192	4193
P77,1	4194	4195
P46,2	4196	4197
P139,1	4198	4199
P120,1	4200	4201
P159,1	4202	4203
P104,1	4204	4205
P90,1	4206	4207
P160,1	4208	4209
P26,1	4210	4211
P62,1	4212	4213
P78,1	4214	4215
P161,1	4216	4217
P47,1	4218	4219
P162,1	4220	4221
P79,1	4222	4223
P191,1	4224	4225
P122,1	4226	4227
P30,1	4228	4229
P55,1	4230	4231
P192,1	4232	4233
P63,2	4234	4235
P15,1	4236	4237
P13,1	4238	4239
P19,2	4240	4241
P193,1	4242	4243
P14,1	4244	4245
P124,1	4246	4247
P31,1	4248	4249
P108,1	4250	4251
P194,1	4252	4253
P92,1	4254	4255
P167,1	4256	4257
P56,1	4258	4259
P48,1	4260	4261
P4,2	4262	4263
P109,1	4264	4265
P168,1	4266	4267
P81,1	4268	4269
P11,1	4270	4271
P94,1	4272	4273
P170,1	4274	4275
P128,1	4276	4277
P129,1	4278	4279
P110,1	4280	4281
P111,1	4282	4283
P171,1	4284	4285
P199,1	4286	4287
P112,1	4288	4289
P172,1	4290	4291
P200,1	4292	4293
P17,1	4294	4295
P113,1	4296	4297
P41,1	4298	4299
P33,1	4300	4301
P114,1	4302	4303
P149,1	4304	4305
P84,1	4306	4307
P132,1	4308	4309
P96,1	4310	4311
P66,1	4312	4313
P174,1	4314	4315
P28,2	4316	4317
P50,1	4318	4319
P97,1	4320	4321
P176,1	4322	4323
P178,1	4324	4325
P34,1	4326	4327
P151,1	4328	4329
P152,1	4330	4331
P98,1	4332	4333
P51,1	4334	4335
P60,2	4336	4337
P134,1	4338	4339
P180,1	4340	4341
P181,1	4342	4343
P153,1	4344	4345
P154,1	4346	4347
P21,1	4348	4349
P183,1	4350	4351
P184,1	4352	4353
P155,1	4354	4355
P76,1	4356	4357
P35,1	4358	4359
P156,1	4360	4361
P53,2	4362	4363
P137,1	4364	4365
P186,1	4366	4367
P138,1	4368	4369
P89,1	4370	4371
P68,2	4372	4373
P157,1	4374	4375
P22,1	4376	4377
P187,1	4378	4379
P158,1	4380	4381
P69,1	4382	4383
P120,1	4384	4385
P103,2	4386	4387
P7,1	4388	4389
P188,1	4390	4391
P140,1	4392	4393
P38,1	4394	4395
P23,2	4396	4397
P10,2	4398	4399
P189,1	4400	4401
P121,1	4402	4403
P190,1	4404	4404
P141,1	4405	4406
P105,1	4407	4408
P91,1	4409	4410
P106,1	4411	4412
P70,2	4413	4414
P142,1	4415	4416
P163,1	4417	4418
P12,2	4419	4420
P164,1	4421	4422
P165,1	4423	4424
P143,1	4425	4426
P123,2	4427	4428
P80,1	4429	4430
P125,1	4431	4432
P107,1	4433	4434
P166,1	4435	4436
P195,1	4437	4438
P126,1	4439	4440
P144,1	4441	4442
P93,1	4443	4444
P24,2	4445	4446
P196,1	4447	4448
P146,2	4449	4450
P64,1	4451	4452
P127,1	4453	4454
P72,1	4455	4456
P169,1	4457	4458
P197,1	4459	4460
P198,1	4461	4462
P32,2	4463	4464
P82,1	4465	4466
P95,1	4467	4468
P57,1	4469	4470
P49,2	4471	4472
P148,1	4473	4474
P16,1	4475	4476
P83,2	4477	4478
P130,1	4479	4480
P131,1	4481	4482
P58,1	4483	4484
P18,1	4485	4486
P40,2	4487	4488
P173,1	4489	4490
P65,1	4491	4492
P73,1	4493	4494
P59,1	4495	4496
P85,1	4497	4498
P86,1	4499	4500
P150,1	4501	4502
P175,1	4503	4504
P115,1	4505	4506
P177,1	4507	4508
P133,2	4509	4510
P116,1	4511	4512
P29,1	4513	4514
P2,2	4515	4516
P179,1	4517	4518
P87,1	4519	4520
P134,1	4521	4522
P180,1	4523	4524
P181,1	4525	4526
P153,1	4527	4528
P88,1	4529	4530
P182,1	4531	4532
P75,2	4533	4534
P136,1	4535	4536
P44,2	4537	4538
P99,1	4539	4540
P45,1	4541	4542
P118,1	4543	4544
P100,1	4545	4546
P185,1	4547	4548
P61,1	4549	4550
P119,1	4551	4552
P101,1	4553	4554
P25,1	4555	4556
P102,1	4557	4558
P36,2	4559	4560
P54,1	4561	4562
P77,1	4563	4564
P46,2	4565	4566
P139,1	4567	4568
P37,1	4569	4570
P159,1	4571	4572
P104,1	4573	4574
P90,1	4575	4576
P160,1	4577	4578
P26,1	4579	4580
P62,1	4581	4582
P78,1	4583	4584
P161,1	4585	4586
P47,1	4587	4588
P141,1	4589	4590
P79,1	4591	4592
P191,1	4593	4594
P122,1	4595	4596
P30,1	4597	4598
P55,1	4599	4600
P192,1	4601	4602
P63,2	4603	4604
P15,1	4605	4606
P13,1	4607	4608
P19,2	4609	4610
P193,1	4611	4612
P14,1	4613	4614
P125,1	4615	4616
P107,1	4617	4618
P108,1	4619	4620
P194,1	4621	4622
P92,1	4623	4624
P167,1	4625	4626
P56,1	4627	4628
P48,1	4629	4630
P4,2	4631	4632
P109,1	4633	4634
P168,1	4635	4636
P81,1	4637	4638
P11,1	4639	4640
P94,1	4641	4642
P170,1	4643	4644
P128,1	4645	4646
P129,1	4647	4648
P110,1	4649	4650
P111,1	4651	4652
P171,1	4653	4654
P199,1	4655	4656
P112,1	4657	4658
P172,1	4659	4660
P200,1	4661	4662
P17,1	4663	4664
P113,1	4665	4666
P41,1	4667	4668
P33,1	4669	4670
P114,1	4671	4672
P149,1	4673	4674
P84,1	4675	4676
P132,1	4677	4678
P96,1	4679	4680
P66,1	4681	4682
P174,1	4683	4684
P28,2	4685	4686
P50,1	4687	4687
P97,1	4688	4689
P176,1	4690	4691
P178,1	4692	4693
P34,1	4694	4695
P151,1	4696	4697
P152,1	4698	4699
P98,1	4700	4701
P51,1	4702	4703
P60,2	4704	4705
P67,1	4706	4707
P117,1	4708	4709
P135,1	4710	4711
P43,2	4712	4713
P154,1	4714	4715
P21,1	4716	4717
P183,1	4718	4719
P184,1	4720	4721
P155,1	4722	4723
P76,1	4724	4725
P35,1	4726	4727
P156,1	4728	4729
P53,2	4730	4731
P137,1	4732	4733
P186,1	4734	4735
P138,1	4736	4737
P89,1	4738	4739
P68,2	4740	4741
P157,1	4742	4743
P22,1	4744	4745
P187,1	4746	4747
P158,1	4748	4748
P46,2	4749	4750
P139,1	4751	4752
P37,1	4753	4754
P159,1	4755	4756
P188,1	4757	4758
P140,1	4759	4760
P7,2	4761	4762
P26,1	4763	4764
P62,1	4765	4766
P78,1	4767	4768
P161,1	4769	4770
P47,1	4771	4772
P141,1	4773	4773
P79,1	4774	4775
P191,1	4776	4777
P122,1	4778	4779
P30,1	4780	4781
P55,1	4782	4783
P192,1	4784	4785
P12,2	4786	4787
P164,1	4788	4789
P165,1	4790	4791
P143,1	4792	4793
P123,2	4794	4795
P124,1	4796	4797
P31,1	4798	4799
P80,2	4800	4801
P166,1	4802	4803
P195,1	4804	4805
P126,1	4806	4807
P144,1	4808	4809
P48,1	4810	4811
P4,2	4812	4813
P109,1	4814	4815
P168,1	4816	4817
P81,1	4818	4819
P11,1	4820	4821
P94,1	4822	4823
P170,1	4824	4825
P128,1	4826	4827
P129,1	4828	4829
P110,1	4830	4831
P111,1	4832	4833
P171,1	4834	4835
P199,1	4836	4837
P112,1	4838	4839
P172,1	4840	4841
P200,1	4842	4843
P17,1	4844	4845
P113,1	4846	4847
P41,1	4848	4849
P33,1	4850	4851
P114,1	4852	4853
P149,1	4854	4855
P84,1	4856	4857
P132,1	4858	4859
P96,1	4860	4861
P66,1	4862	4863
P174,1	4864	4865
P28,2	4866	4867
P175,1	4868	4869
P115,1	4870	4871
P50,2	4872	4873
P178,1	4874	4875
P34,1	4876	4877
P151,1	4878	4879
P152,1	4880	4881
P98,1	4882	4883
P51,1	4884	4885
P60,2	4886	4887
P67,1	4888	4889
P117,1	4890	4891
P135,1	4892	4893
P43,2	4894	4895
P154,1	4896	4897
P21,1	4898	4899
P183,1	4900	4901
P184,1	4902	4903
P155,1	4904	4905
P76,1	4906	4907
P35,1	4908	4909
P156,1	4910	4911
P53,2	4912	4913
P137,1	4914	4915
P186,1	4916	4917
P138,1	4918	4919
P89,1	4920	4921
P68,2	4922	4923
P157,1	4924	4925
P22,1	4926	4927
P187,1	4928	4929
P69,1	4930	4931
P158,2	4932	4933
P37,1	4934	4935
P103,2	4936	4937
P104,1	4938	4939
P90,1	4940	4940
P160,1	4941	4942
P38,1	4943	4944
P23,2	4945	4946
P10,2	4947	4948
P189,1	4949	4950
P121,1	4951	4952
P162,1	4953	4954
P79,1	4955	4956
P191,1	4957	4958
P91,1	4959	4960
P106,1	4961	4962
P70,2	4963	4964
P142,1	4965	4966
P63,2	4967	4968
P15,1	4969	4970
P13,1	4971	4972
P19,2	4973	4974
P193,1	4975	4976
P14,1	4977	4978
P31,1	4979	4980
P80,2	4981	4982
P108,1	4983	4984
P194,1	4985	4986
P92,1	4987	4988
P167,1	4989	4990
P56,1	4991	4992
P24,2	4993	4994
P196,1	4995	4996
P146,2	4997	4998
P64,1	4999	5000
P127,1	5001	5002
P72,1	5003	5004
P169,1	5005	5006
P197,1	5007	5008
P198,1	5009	5010
P32,2	5011	5012
P82,1	5013	5014
P95,1	5015	5016
P57,1	5017	5018
P49,2	5019	5020
P148,1	5021	5022
P16,1	5023	5024
P83,2	5025	5026
P130,1	5027	5028
P131,1	5029	5030
P58,1	5031	5032
P114,1	5033	5034
P149,1	5035	5036
P84,1	5037	5038
P65,1	5039	5040
P73,1	5041	5042
P59,1	5043	5044
P85,1	5045	5046
P86,1	5047	5048
P150,1	5049	5050
P97,1	5051	5052
P176,1	5053	5054
P177,1	5055	5056
P133,2	5057	5058
P116,1	5059	5059
P29,1	5060	5061
P2,2	5062	5063
P179,1	5064	5065
P87,1	5066	5067
P134,1	5068	5069
P180,1	5070	5071
P181,1	5072	5073
P43,2	5074	5075
P154,1	5076	5077
P182,1	5078	5079
P75,2	5080	5081
P136,1	5082	5083
P44,2	5084	5085
P99,1	5086	5087
P45,1	5088	5089
P118,1	5090	5091
P100,1	5092	5093
P185,1	5094	5095
P61,1	5096	5097
P119,1	5098	5099
P101,1	5100	5101
P25,1	5102	5103
P102,1	5104	5105
P36,2	5106	5107
P54,1	5108	5109
P46,2	5110	5111
P139,1	5112	5113
P120,1	5114	5115
P77,2	5116	5117
P159,1	5118	5119
P188,1	5120	5121
P160,1	5122	5123
P38,1	5124	5125
P23,2	5126	5127
P62,1	5128	5129
P78,1	5130	5131
P161,1	5132	5133
P47,1	5134	5135
P190,2	5136	5137
P105,1	5138	5139
P141,2	5140	5141
P122,1	5142	5143
P30,1	5144	5145
P55,1	5146	5147
P192,1	5148	5149
P12,2	5150	5151
P164,1	5152	5153
P165,1	5154	5155
P143,1	5156	5157
P123,2	5158	5159
P125,1	5160	5161
P107,1	5162	5163
P124,2	5164	5165
P166,1	5166	5167
P195,1	5168	5169
P126,1	5170	5171
P144,1	5172	5173
P48,1	5174	5175
P4,2	5176	5177
P109,1	5178	5179
P168,1	5180	5181
P81,1	5182	5183
P11,1	5184	5185
P94,1	5186	5187
P170,1	5188	5189
P128,1	5190	5191
P129,1	5192	5193
P110,1	5194	5195
P111,1	5196	5197
P171,1	5198	5199
P199,1	5200	5201
P112,1	5202	5203
P172,1	5204	5205
P200,1	5206	5207
P17,2	5208	5209
P113,1	5210	5211
P58,1	5212	5213
P114,1	5214	5215
P149,1	5216	5217
P173,1	5218	5219
P18,2	5220	5221
P132,1	5222	5223
P96,1	5224	5225
P66,1	5226	5227
P174,1	5228	5229
P28,2	5230	5231
P175,1	5232	5233
P115,1	5234	5235
P50,2	5236	5237
P178,1	5238	5239
P34,1	5240	5241
P151,1	5242	5243
P2,2	5244	5245
P179,1	5246	5247
P87,1	5248	5249
P134,1	5250	5251
P180,1	5252	5253
P181,1	5254	5255
P43,2	5256	5257
P135,2	5258	5259
P182,1	5260	5261
P75,2	5262	5263
P136,1	5264	5265
P44,2	5266	5267
P99,1	5268	5269
P45,1	5270	5271
P118,1	5272	5273
P100,1	5274	5275
P185,1	5276	5277
P61,1	5278	5279
P119,1	5280	5281
P101,1	5282	5283
P25,1	5284	5285
P102,1	5286	5287
P36,2	5288	5289
P22,2	5290	5291
P46,2	5292	5293
P139,1	5294	5295
P120,1	5296	5297
P77,2	5298	5299
P159,1	5300	5301
P188,1	5302	5303
P160,1	5304	5305
P38,1	5306	5307
P23,2	5308	5309
P62,1	5310	5311
P78,1	5312	5313
P161,1	5314	5315
P47,1	5316	5317
P190,2	5318	5319
P105,1	5320	5321
P141,2	5322	5323
P122,1	5324	5325
P30,1	5326	5327
P55,1	5328	5329
P192,1	5330	5331
P12,2	5332	5333
P164,1	5334	5335
P165,1	5336	5337
P143,1	5338	5339
P123,2	5340	5341
P125,1	5342	5343
P107,1	5344	5345
P124,2	5346	5347
P166,1	5348	5349
P195,1	5350	5351
P126,1	5352	5353
P144,1	5354	5355
P48,1	5356	5357
P4,2	5358	5359
P109,1	5360	5361
P168,1	5362	5363
P81,1	5364	5365
P11,1	5366	5367
P94,1	5368	5369
P170,1	5370	5370
P128,1	5371	5372
P129,1	5373	5374
P110,1	5375	5376
P111,1	5377	5378
P171,1	5379	5380
P199,1	5381	5382
P112,1	5383	5384
P172,1	5385	5386
P200,1	5387	5388
P17,2	5389	5390
P113,1	5391	5392
P58,1	5393	5394
P40,2	5395	5396
P41,2	5397	5398
P33,2	5399	5400
P18,2	5401	5402
P132,1	5403	5404
P96,1	5405	5406
P66,1	5407	5408
P174,1	5409	5410
P28,2	5411	5412
P175,1	5413	5414
P115,1	5415	5416
P50,2	5417	5418
P178,1	5419	5420
P34,1	5421	5422
P151,1	5423	5424
P152,1	5425	5426
P98,1	5427	5428
P51,1	5429	5430
P60,2	5431	5432
P67,1	5433	5434
P117,1	5435	5436
P153,1	5437	5438
P154,1	5439	5440
P88,2	5441	5442
P21,1	5443	5444
P183,1	5445	5446
P184,1	5447	5448
P155,1	5449	5450
P76,1	5451	5452
P35,1	5453	5454
P156,1	5455	5456
P53,2	5457	5458
P137,1	5459	5460
P186,1	5461	5462
P138,1	5463	5464
P89,1	5465	5466
P68,2	5467	5468
P157,1	5469	5470
P54,1	5471	5472
P187,1	5473	5474
P69,1	5475	5476
P158,2	5477	5478
P77,2	5479	5480
P159,1	5481	5482
P188,1	5483	5484
P160,1	5485	5486
P38,1	5487	5488
P23,2	5489	5490
P62,1	5491	5492
P78,1	5493	5494
P161,1	5495	5496
P47,1	5497	5498
P190,2	5499	5500
P105,1	5501	5502
P141,2	5503	5504
P106,1	5505	5506
P70,2	5507	5508
P142,1	5509	5510
P63,2	5511	5512
P15,1	5513	5513
P164,1	5514	5515
P165,1	5516	5517
P143,1	5518	5519
P123,2	5520	5521
P125,1	5522	5523
P107,1	5524	5525
P124,2	5526	5527
P166,1	5528	5529
P195,1	5530	5531
P126,1	5532	5533
P144,1	5534	5535
P48,1	5536	5537
P4,2	5538	5539
P109,1	5540	5541
P168,1	5542	5543
P81,1	5544	5545
P11,1	5546	5547
P94,1	5548	5549
P197,1	5550	5551
P198,1	5552	5553
P32,2	5554	5555
P82,1	5556	5556
P95,1	5557	5558
P57,1	5559	5560
P49,2	5561	5562
P148,1	5563	5564
P16,2	5565	5566
P83,2	5567	5568
P130,1	5569	5570
P131,1	5571	5572
P114,1	5573	5574
P149,1	5575	5576
P173,1	5577	5578
P84,1	5579	5580
P65,1	5581	5582
P73,1	5583	5584
P59,1	5585	5586
P85,1	5587	5588
P28,2	5589	5590
P175,1	5591	5592
P115,1	5593	5594
P176,1	5595	5596
P177,1	5597	5598
P133,2	5599	5600
P116,2	5601	5602
P29,2	5603	5604
P2,2	5605	5606
P179,1	5607	5608
P87,1	5609	5609
P60,2	5610	5611
P67,1	5612	5613
P117,1	5614	5615
P153,1	5616	5617
P154,1	5618	5619
P88,2	5620	5621
P21,1	5622	5623
P183,1	5624	5625
P184,1	5626	5627
P155,1	5628	5629
P76,1	5630	5631
P35,1	5632	5633
P156,1	5634	5635
P53,2	5636	5637
P137,1	5638	5639
P186,1	5640	5641
P101,1	5642	5643
P25,1	5644	5645
P68,2	5646	5647
P157,1	5648	5649
P54,1	5650	5651
P187,1	5652	5653
P69,1	5654	5655
P158,2	5656	5657
P77,2	5658	5659
P104,1	5660	5661
P140,1	5662	5663
P7,2	5664	5665
P159,2	5666	5667
P23,2	5668	5669
P62,1	5670	5671
P78,1	5672	5673
P161,1	5674	5675
P47,1	5676	5677
P190,2	5678	5679
P105,1	5680	5681
P141,2	5682	5683
P106,1	5684	5685
P70,2	5686	5687
P142,1	5688	5689
P192,1	5690	5691
P12,2	5692	5693
P164,1	5694	5695
P165,1	5696	5697
P143,1	5698	5699
P123,2	5700	5701
P125,1	5702	5703
P107,1	5704	5705
P124,2	5706	5707
P166,1	5708	5709
P195,1	5710	5711
P126,1	5712	5713
P144,1	5714	5715
P48,1	5716	5717
P4,2	5718	5719
P109,1	5720	5721
P168,1	5722	5723
P81,1	5724	5725
P11,1	5726	5727
P94,1	5728	5729
P128,1	5730	5731
P129,1	5732	5733
P110,1	5734	5735
P95,1	5736	5737
P57,1	5738	5739
P49,2	5740	5741
P148,1	5742	5743
P16,2	5744	5745
P83,2	5746	5747
P130,1	5748	5749
P131,1	5750	5751
P114,1	5752	5753
P149,1	5754	5755
P173,1	5756	5757
P84,1	5758	5759
P65,1	5760	5761
P73,1	5762	5763
P59,1	5764	5765
P85,1	5766	5767
P28,2	5768	5769
P175,1	5770	5771
P115,1	5772	5773
P176,1	5774	5775
P177,1	5776	5777
P133,2	5778	5779
P116,2	5780	5781
P152,1	5782	5783
P98,1	5784	5785
P51,1	5786	5787
P134,1	5788	5789
P180,1	5790	5791
P181,1	5792	5793
P43,2	5794	5795
P135,2	5796	5797
P182,1	5798	5799
P75,2	5800	5801
P184,1	5802	5803
P155,1	5804	5805
P183,2	5806	5807
P45,1	5808	5809
P118,1	5810	5811
P100,1	5812	5813
P185,1	5814	5815
P61,1	5816	5817
P119,1	5818	5819
P89,1	5820	5821
P138,2	5822	5823
P102,1	5824	5825
P36,2	5826	5827
P22,2	5828	5829
P46,2	5830	5831
P139,1	5832	5833
P120,1	5834	5835
P103,2	5836	5837
P188,1	5838	5839
P160,1	5840	5841
P38,1	5842	5843
P26,1	5844	5845
P90,2	5846	5847
P10,2	5848	5849
P189,1	5850	5851
P121,1	5852	5853
P162,1	5854	5855
P79,1	5856	5857
P191,1	5858	5859
P122,1	5860	5861
P30,1	5862	5863
P55,1	5864	5865
P91,2	5866	5867
P63,2	5868	5869
P15,2	5870	5871
P13,1	5872	5873
P19,2	5874	5875
P193,1	5876	5877
P14,1	5878	5879
P31,1	5880	5881
P80,2	5882	5883
P108,1	5884	5885
P194,1	5886	5887
P92,1	5888	5889
P167,1	5890	5891
P56,1	5892	5893
P24,2	5894	5895
P196,1	5896	5897
P146,2	5898	5899
P64,1	5900	5901
P127,1	5902	5903
P72,1	5904	5905
P169,1	5906	5907
P198,1	5908	5909
P32,2	5910	5911
P111,1	5912	5913
P171,1	5914	5915
P199,1	5916	5917
P112,1	5918	5919
P172,1	5920	5921
P200,1	5922	5923
P17,2	5924	5925
P113,1	5926	5927
P58,1	5928	5929
P40,2	5930	5931
P41,2	5932	5933
P33,2	5934	5935
P18,2	5936	5937
P132,1	5938	5939
P96,1	5940	5941
P66,1	5942	5943
P174,1	5944	5945
P150,1	5946	5947
P97,1	5948	5949
P86,2	5950	5951
P50,2	5952	5953
P178,1	5954	5955
P34,1	5956	5957
P29,2	5958	5959
P2,2	5960	5961
P179,1	5962	5963
P151,2	5964	5965
P134,1	5966	5967
P180,1	5968	5969
P181,1	5970	5971
P43,2	5972	5973
P135,2	5974	5975
P182,1	5976	5977
P75,2	5978	5979
P184,1	5980	5981
P155,1	5982	5983
P183,2	5984	5985
P45,1	5986	5987
P118,1	5988	5989
P100,1	5990	5991
P185,1	5992	5993
P61,1	5994	5995
P119,1	5996	5997
P89,1	5998	5999
P138,2	6000	6001
P102,1	6002	6003
P36,2	6004	6005
P22,2	6006	6007
P46,2	6008	6009
P139,1	6010	6011
P120,1	6012	6013
P103,2	6014	6015
P188,1	6016	6017
P160,1	6018	6019
P38,1	6020	6021
P26,1	6022	6023
P90,2	6024	6025
P10,2	6026	6027
P189,1	6028	6029
P121,1	6030	6031
P162,1	6032	6033
P79,1	6034	6035
P191,1	6036	6037
P106,1	6038	6039
P70,2	6040	6041
P142,1	6042	6043
P122,2	6044	6045
P63,2	6046	6047
P15,2	6048	6049
P13,1	6050	6051
P19,2	6052	6053
P193,1	6054	6055
P14,1	6056	6057
P31,1	6058	6059
P80,2	6060	6061
P108,1	6062	6063
P194,1	6064	6065
P92,1	6066	6067
P167,1	6068	6069
P56,1	6070	6071
P24,2	6072	6073
P196,1	6074	6075
P146,2	6076	6077
P64,1	6078	6079
P127,1	6080	6081
P72,1	6082	6083
P128,1	6084	6085
P169,2	6086	6087
P32,2	6088	6089
P111,1	6090	6091
P171,1	6092	6093
P199,1	6094	6095
P112,1	6096	6097
P172,1	6098	6099
P200,1	6100	6101
P17,2	6102	6103
P113,1	6104	6105
P58,1	6106	6107
P40,2	6108	6109
P41,2	6110	6111
P33,2	6112	6113
P18,2	6114	6115
P132,1	6116	6117
P59,1	6118	6119
P174,1	6120	6120
P150,1	6121	6122
P97,1	6123	6124
P115,1	6125	6126
P176,1	6127	6128
P177,1	6129	6130
P133,2	6131	6132
P116,2	6133	6134
P152,1	6135	6136
P98,1	6137	6138
P51,1	6139	6140
P60,2	6141	6142
P67,1	6143	6144
P117,1	6145	6146
P153,1	6147	6148
P154,1	6149	6150
P88,2	6151	6152
P21,1	6153	6154
P136,1	6155	6156
P44,2	6157	6158
P99,1	6159	6160
P76,1	6161	6162
P35,1	6163	6164
P156,1	6165	6166
P53,2	6167	6168
P137,1	6169	6170
P186,1	6171	6172
P101,1	6173	6174
P25,1	6175	6176
P68,2	6177	6178
P157,1	6179	6180
P22,2	6181	6182
P46,2	6183	6184
P54,2	6185	6186
P158,2	6187	6188
P77,2	6189	6190
P104,1	6191	6192
P140,1	6193	6194
P7,2	6195	6196
P159,2	6197	6198
P23,2	6199	6200
P62,1	6201	6202
P78,1	6203	6203
P161,1	6204	6205
P47,1	6206	6207
P190,2	6208	6209
P105,1	6210	6211
P141,2	6212	6213
P30,1	6214	6215
P55,1	6216	6217
P91,2	6218	6219
P192,1	6220	6221
P12,2	6222	6223
P164,1	6224	6225
P165,1	6226	6227
P143,1	6228	6229
P123,2	6230	6231
P125,1	6232	6233
P107,1	6234	6235
P124,2	6236	6237
P166,1	6238	6239
P195,1	6240	6241
P126,1	6242	6243
P144,1	6244	6245
P48,1	6246	6247
P4,2	6248	6249
P109,1	6250	6251
P168,1	6252	6253
P81,1	6254	6255
P11,1	6256	6257
P94,1	6258	6259
P198,1	6260	6261
P129,1	6262	6263
P110,1	6264	6265
P95,1	6266	6267
P57,1	6268	6269
P49,2	6270	6271
P148,1	6272	6273
P16,2	6274	6275
P83,2	6276	6277
P130,1	6278	6279
P131,1	6280	6281
P114,1	6282	6283
P149,1	6284	6285
P173,1	6286	6287
P84,1	6288	6289
P65,1	6290	6291
P96,1	6292	6293
P85,1	6294	6295
P150,1	6296	6297
P97,1	6298	6298
P115,1	6299	6300
P176,1	6301	6302
P177,1	6303	6304
P133,2	6305	6306
P29,2	6307	6308
P2,2	6309	6310
P179,1	6311	6312
P34,2	6313	6314
P60,2	6315	6316
P67,1	6317	6318
P117,1	6319	6320
P153,1	6321	6322
P154,1	6323	6324
P88,2	6325	6326
P21,1	6327	6328
P136,1	6329	6330
P44,2	6331	6332
P99,1	6333	6334
P76,1	6335	6336
P35,1	6337	6338
P156,1	6339	6340
P53,2	6341	6342
P137,1	6343	6344
P186,1	6345	6346
P101,1	6347	6348
P25,1	6349	6350
P68,2	6351	6352
P157,1	6353	6354
P22,2	6355	6356
P46,2	6357	6358
P54,2	6359	6360
P158,2	6361	6362
P77,2	6363	6364
P104,1	6365	6366
P140,1	6367	6368
P7,2	6369	6370
P159,2	6371	6372
P23,2	6373	6374
P62,1	6375	6376
P78,2	6377	6378
P161,1	6379	6380
P47,1	6381	6382
P190,2	6383	6384
P105,1	6385	6386
P141,2	6387	6388
P30,1	6389	6390
P55,1	6391	6392
P91,2	6393	6394
P192,1	6395	6396
P15,2	6397	6398
P13,1	6399	6400
P19,2	6401	6402
P12,3	6403	6404
P123,2	6405	6406
P125,1	6407	6408
P107,1	6409	6410
P124,2	6411	6412
P194,1	6413	6414
P92,1	6415	6416
P126,1	6417	6418
P144,1	6419	6419
P48,1	6420	6421
P4,2	6422	6423
P109,1	6424	6425
P168,1	6426	6426
P64,1	6427	6428
P127,1	6429	6430
P72,1	6431	6432
P128,1	6433	6434
P169,2	6435	6436
P32,2	6437	6438
P111,1	6439	6440
P171,1	6441	6442
P199,1	6443	6444
P148,1	6445	6446
P200,1	6447	6448
P83,2	6449	6450
P130,1	6451	6452
P131,1	6453	6454
P114,1	6455	6456
P149,1	6457	6458
P173,1	6459	6460
P84,1	6461	6462
P65,1	6463	6464
P96,1	6465	6466
P85,1	6467	6468
P150,1	6469	6470
P66,2	6471	6472
P86,2	6473	6474
P50,2	6475	6476
P97,2	6477	6478
P133,2	6479	6480
P29,2	6481	6482
P2,2	6483	6484
P179,1	6485	6486
P34,2	6487	6488
P60,2	6489	6490
P67,1	6491	6492
P117,1	6493	6494
P153,1	6495	6496
P154,1	6497	6498
P88,2	6499	6500
P182,2	6501	6502
P136,1	6503	6504
P44,2	6505	6506
P99,1	6507	6508
P76,1	6509	6510
P35,1	6511	6512
P156,1	6513	6514
P53,2	6515	6516
P137,1	6517	6518
P186,1	6519	6520
P101,1	6521	6522
P25,1	6523	6524
P68,2	6525	6526
P157,1	6527	6528
P22,2	6529	6530
P46,2	6531	6532
P54,2	6533	6534
P158,2	6535	6536
P77,2	6537	6538
P104,1	6539	6540
P140,1	6541	6542
P7,2	6543	6544
P159,2	6545	6546
P23,2	6547	6548
P62,1	6549	6550
P78,2	6551	6552
P161,1	6553	6554
P47,1	6555	6556
P190,2	6557	6558
P105,1	6559	6559
P191,1	6560	6561
P106,1	6562	6563
P70,2	6564	6565
P142,1	6566	6567
P122,2	6568	6569
P63,2	6570	6571
P164,1	6572	6573
P165,1	6574	6575
P143,1	6576	6577
P193,1	6578	6579
P14,1	6580	6581
P31,1	6582	6583
P80,2	6584	6585
P166,1	6586	6587
P195,1	6588	6589
P108,2	6590	6591
P167,1	6592	6593
P144,2	6594	6595
P4,2	6596	6597
P109,1	6598	6599
P64,1	6600	6601
P127,1	6602	6603
P72,1	6604	6605
P128,1	6606	6607
P169,2	6608	6609
P32,2	6610	6611
P111,1	6612	6613
P171,1	6614	6615
P199,1	6616	6617
P148,1	6618	6619
P200,1	6620	6621
P83,2	6622	6623
P130,1	6624	6625
P131,1	6626	6627
P114,1	6628	6629
P149,1	6630	6631
P173,1	6632	6633
P84,1	6634	6635
P65,1	6636	6637
P96,1	6638	6639
P85,1	6640	6641
P150,1	6642	6643
P66,2	6644	6645
P86,2	6646	6647
P50,2	6648	6649
P97,2	6650	6651
P133,2	6652	6653
P29,2	6654	6655
P2,2	6656	6657
P179,1	6658	6659
P34,2	6660	6661
P60,2	6662	6663
P67,1	6664	6665
P117,1	6666	6666
P153,1	6667	6668
P154,1	6669	6670
P88,2	6671	6672
P182,2	6673	6674
P184,1	6675	6676
P155,1	6677	6678
P183,2	6679	6680
P45,1	6681	6682
P118,1	6683	6684
P100,1	6685	6686
P185,1	6687	6688
P61,1	6689	6690
P119,1	6691	6692
P89,1	6693	6694
P138,2	6695	6696
P102,1	6697	6698
P36,2	6699	6700
P187,1	6701	6702
P69,1	6703	6704
P139,1	6705	6706
P120,1	6707	6708
P103,2	6709	6710
P188,1	6711	6712
P160,1	6713	6714
P38,1	6715	6716
P26,1	6717	6717
P23,2	6718	6719
P62,1	6720	6721
P78,2	6722	6723
P161,1	6724	6725
P162,1	6726	6727
P79,1	6728	6729
P141,2	6730	6731
P30,1	6732	6733
P55,1	6734	6735
P91,2	6736	6737
P192,1	6738	6739
P15,2	6740	6741
P13,1	6742	6743
P19,2	6744	6745
P12,3	6746	6747
P123,2	6748	6749
P125,1	6750	6751
P107,1	6752	6753
P124,2	6754	6755
P195,1	6756	6757
P108,2	6758	6759
P194,2	6760	6761
P144,2	6762	6763
P4,2	6764	6765
P109,1	6766	6767
P146,2	6768	6769
P64,1	6770	6771
P127,1	6772	6773
P72,1	6774	6774
P128,1	6775	6776
P169,2	6777	6778
P32,2	6779	6780
P111,1	6781	6782
P171,1	6783	6784
P199,1	6785	6786
P148,1	6787	6788
P200,1	6789	6790
P83,2	6791	6792
P130,1	6793	6794
P131,1	6795	6796
P114,1	6797	6798
P149,1	6799	6800
P173,1	6801	6802
P84,1	6803	6804
P65,1	6805	6806
P96,1	6807	6808
P85,1	6809	6810
P150,1	6811	6812
P66,2	6813	6814
P86,2	6815	6816
P50,2	6817	6818
P97,2	6819	6820
P133,2	6821	6822
P29,2	6823	6824
P2,2	6825	6826
P179,1	6827	6828
P151,2	6829	6830
P134,1	6831	6832
P180,1	6833	6834
P153,1	6835	6836
P154,1	6837	6838
P88,2	6839	6840
P182,2	6841	6842
P184,1	6843	6844
P155,1	6845	6846
P183,2	6847	6848
P45,1	6849	6850
P118,1	6851	6852
P100,1	6853	6854
P185,1	6855	6856
P61,1	6857	6858
P119,1	6859	6860
P89,1	6861	6862
P138,2	6863	6864
P102,1	6865	6865
P157,1	6866	6867
P22,2	6868	6869
P46,2	6870	6871
P54,2	6872	6873
P158,2	6874	6875
P77,2	6876	6877
P104,1	6878	6879
P140,1	6880	6881
P7,2	6882	6883
P159,2	6884	6885
P23,2	6886	6887
P62,1	6888	6889
P78,2	6890	6891
P47,1	6892	6893
P190,2	6894	6895
P191,1	6896	6897
P106,1	6898	6899
P70,2	6900	6901
P142,1	6902	6903
P122,2	6904	6905
P63,2	6906	6907
P164,1	6908	6909
P165,1	6910	6911
P143,1	6912	6913
P193,1	6914	6915
P14,1	6916	6916
P125,1	6917	6918
P107,1	6919	6920
P124,2	6921	6922
P195,1	6923	6924
P108,2	6925	6926
P167,1	6927	6928
P126,2	6929	6930
P4,2	6931	6932
P109,1	6933	6934
P146,2	6935	6936
P64,1	6937	6938
P127,1	6939	6940
P94,1	6941	6942
P198,1	6943	6943
P129,1	6944	6945
P110,1	6946	6947
P95,1	6948	6949
P57,1	6950	6951
P49,2	6952	6953
P16,2	6954	6955
P112,2	6956	6957
P17,2	6958	6959
P113,1	6960	6961
P58,1	6962	6963
P40,2	6964	6965
P41,2	6966	6967
P33,2	6968	6969
P18,2	6970	6971
P132,1	6972	6973
P59,1	6974	6975
P28,2	6976	6977
P175,1	6978	6979
P115,1	6980	6981
P176,1	6982	6983
P177,1	6984	6985
P178,1	6986	6987
P116,2	6988	6989
P152,1	6990	6991
P98,1	6992	6993
P34,2	6994	6995
P60,2	6996	6997
P67,1	6998	6999
P181,1	7000	7001
P43,2	7002	7003
P135,2	7004	7005
P21,1	7006	7007
P75,2	7008	7009
P44,2	7010	7011
P99,1	7012	7013
P76,1	7014	7015
P35,1	7016	7017
P156,1	7018	7019
P53,2	7020	7021
P137,1	7022	7023
P186,1	7024	7025
P25,1	7026	7027
P119,2	7028	7029
P157,1	7030	7031
P22,2	7032	7033
P187,1	7034	7035
P69,1	7036	7037
P139,1	7038	7039
P120,1	7040	7041
P103,2	7042	7042
P104,1	7043	7044
P140,1	7045	7046
P7,2	7047	7048
P159,2	7049	7050
P23,2	7051	7052
P62,1	7053	7054
P78,2	7055	7056
P161,1	7057	7058
P162,1	7059	7060
P79,1	7061	7062
P106,1	7063	7064
P70,2	7065	7066
P142,1	7067	7068
P122,2	7069	7070
P63,2	7071	7072
P164,1	7073	7074
P165,1	7075	7076
P143,1	7077	7078
P193,1	7079	7080
P125,1	7081	7082
P107,1	7083	7084
P124,2	7085	7086
P195,1	7087	7088
P108,2	7089	7090
P167,1	7091	7092
P126,2	7093	7094
P4,2	7095	7096
P109,1	7097	7098
P146,2	7099	7100
P64,1	7101	7102
P127,1	7103	7104
P94,1	7105	7106
P169,2	7107	7108
P32,2	7109	7110
P111,1	7111	7112
P171,1	7113	7114
P199,1	7115	7116
P148,1	7117	7118
P200,1	7119	7120
P83,2	7121	7122
P130,1	7123	7124
P58,1	7125	7126
P40,2	7127	7128
P41,2	7129	7130
P131,2	7131	7132
P84,1	7133	7134
P65,1	7135	7136
P96,1	7137	7138
P85,1	7139	7140
P150,1	7141	7142
P115,1	7143	7144
P176,1	7145	7146
P177,1	7147	7148
P178,1	7149	7150
P116,2	7151	7152
P152,1	7153	7154
P98,1	7155	7156
P34,2	7157	7158
P60,2	7159	7160
P67,1	7161	7162
P181,1	7163	7164
P43,2	7165	7166
P135,2	7167	7168
P21,1	7169	7170
P75,2	7171	7172
P44,2	7173	7174
P99,1	7175	7176
P76,1	7177	7178
P35,1	7179	7180
P156,1	7181	7182
P53,2	7183	7184
P137,1	7185	7186
P186,1	7187	7188
P25,1	7189	7190
P119,2	7191	7192
P68,2	7193	7194
P36,2	7195	7196
P102,2	7197	7198
P46,2	7199	7200
P54,2	7201	7202
P158,2	7203	7204
P77,2	7205	7206
P188,1	7207	7208
P160,1	7209	7210
P103,3	7211	7212
P159,2	7213	7214
P23,2	7215	7216
P62,1	7217	7218
P78,2	7219	7220
P161,1	7221	7222
P162,1	7223	7224
P79,1	7225	7226
P106,1	7227	7228
P70,2	7229	7230
P91,2	7231	7232
P192,1	7233	7234
P15,2	7235	7236
P13,1	7237	7238
P19,2	7239	7240
P12,3	7241	7242
P123,2	7243	7244
P31,1	7245	7246
P80,2	7247	7248
P166,1	7249	7250
P92,1	7251	7252
P194,2	7253	7254
P144,2	7255	7256
P24,2	7257	7258
P196,1	7259	7260
P146,2	7261	7262
P48,2	7263	7264
P81,1	7265	7266
P11,1	7267	7268
P128,1	7269	7270
P129,1	7271	7272
P110,1	7273	7274
P95,1	7275	7276
P57,1	7277	7278
P49,2	7279	7280
P16,2	7281	7282
P112,2	7283	7284
P17,2	7285	7286
P113,1	7287	7288
P114,1	7289	7290
P149,1	7291	7292
P173,1	7293	7294
P33,2	7295	7296
P18,2	7297	7298
P132,1	7299	7300
P59,1	7301	7302
P28,2	7303	7304
P66,2	7305	7306
P86,2	7307	7308
P50,2	7309	7310
P97,2	7311	7312
P133,2	7313	7314
P29,2	7315	7316
P2,2	7317	7318
P179,1	7319	7320
P151,2	7321	7322
P134,1	7323	7324
P180,1	7325	7326
P153,1	7327	7328
P154,1	7329	7330
P88,2	7331	7332
P182,2	7333	7334
P184,1	7335	7336
P155,1	7337	7338
P183,2	7339	7340
P45,1	7341	7342
P118,1	7343	7344
P100,1	7345	7346
P137,1	7347	7348
P61,1	7349	7350
P25,1	7351	7352
P119,2	7353	7354
P68,2	7355	7356
P36,2	7357	7358
P102,2	7359	7360
P46,2	7361	7362
P54,2	7363	7364
P158,2	7365	7366
P77,2	7367	7368
P188,1	7369	7370
P160,1	7371	7372
P103,3	7373	7374
P159,2	7375	7376
P23,2	7377	7378
P62,1	7379	7380
P78,2	7381	7382
P161,2	7383	7384
P162,1	7385	7386
P79,1	7387	7388
P106,1	7389	7390
P70,2	7391	7392
P91,2	7393	7394
P192,1	7395	7396
P15,2	7397	7398
P13,1	7399	7400
P19,2	7401	7402
P12,3	7403	7404
P123,2	7405	7406
P31,1	7407	7408
P80,2	7409	7410
P166,1	7411	7412
P92,1	7413	7414
P194,2	7415	7416
P144,2	7417	7418
P24,2	7419	7420
P196,1	7421	7421
P56,2	7422	7423
P109,2	7424	7425
P64,1	7426	7427
P127,1	7428	7429
P94,1	7430	7431
P169,2	7432	7433
P32,2	7434	7435
P111,1	7436	7437
P171,1	7438	7439
P49,2	7440	7441
P16,2	7442	7443
P112,2	7444	7445
P17,2	7446	7447
P113,1	7448	7449
P114,1	7450	7451
P149,1	7452	7453
P173,1	7454	7455
P33,2	7456	7457
P18,2	7458	7459
P132,1	7460	7461
P59,1	7462	7462
P28,2	7463	7464
P66,2	7465	7466
P86,2	7467	7468
P50,2	7469	7470
P97,2	7471	7472
P133,2	7473	7474
P29,2	7475	7476
P2,2	7477	7478
P179,1	7479	7480
P151,2	7481	7482
P134,1	7483	7484
P181,1	7485	7486
P67,2	7487	7488
P154,1	7489	7490
P88,2	7491	7492
P182,2	7493	7494
P184,1	7495	7496
P155,1	7497	7498
P183,2	7499	7500
P45,1	7501	7502
P118,1	7503	7504
P100,1	7505	7506
P185,2	7507	7508
P61,1	7509	7510
P25,1	7511	7512
P119,2	7513	7514
P68,2	7515	7516
P36,2	7517	7518
P102,2	7519	7520
P46,2	7521	7522
P54,2	7523	7524
P158,2	7525	7526
P77,2	7527	7528
P188,1	7529	7530
P160,1	7531	7532
P103,3	7533	7534
P159,2	7535	7536
P23,2	7537	7538
P62,1	7539	7540
P78,2	7541	7542
P161,2	7543	7544
P162,1	7545	7546
P79,1	7547	7547
P141,2	7548	7549
P70,2	7550	7551
P55,1	7552	7553
P122,2	7554	7555
P63,2	7556	7557
P164,1	7558	7559
P165,1	7560	7561
P143,1	7562	7563
P193,1	7564	7565
P125,1	7566	7567
P107,1	7568	7569
P124,2	7570	7571
P195,1	7572	7573
P108,2	7574	7575
P167,1	7576	7577
P126,2	7578	7579
P4,2	7580	7581
P146,2	7582	7583
P48,2	7584	7585
P81,1	7586	7587
P11,1	7588	7589
P128,1	7590	7591
P32,2	7592	7593
P129,2	7594	7595
P95,1	7596	7597
P199,1	7598	7599
P148,1	7600	7601
P200,1	7602	7603
P83,2	7604	7605
P130,1	7606	7607
P114,1	7608	7609
P149,1	7610	7611
P173,1	7612	7613
P33,2	7614	7615
P84,1	7616	7617
P65,1	7618	7619
P96,1	7620	7621
P28,2	7622	7623
P66,2	7624	7625
P86,2	7626	7627
P50,2	7628	7629
P97,2	7630	7631
P133,2	7632	7633
P29,2	7634	7635
P2,2	7636	7637
P179,1	7638	7639
P151,2	7640	7641
P134,1	7642	7643
P181,1	7644	7645
P67,2	7646	7647
P154,1	7648	7649
P88,2	7650	7651
P182,2	7652	7653
P184,1	7654	7655
P155,1	7656	7657
P183,2	7658	7659
P45,1	7660	7661
P118,1	7662	7663
P100,1	7664	7665
P185,2	7666	7667
P61,1	7668	7669
P25,1	7670	7671
P119,2	7672	7673
P68,2	7674	7675
P36,2	7676	7677
P102,2	7678	7679
P46,2	7680	7681
P54,2	7682	7683
P120,1	7684	7685
P104,1	7686	7687
P158,3	7688	7689
P160,1	7690	7691
P103,3	7692	7693
P159,2	7694	7695
P23,2	7696	7697
P62,1	7698	7699
P78,2	7700	7701
P161,2	7702	7703
P162,1	7704	7705
P141,2	7706	7707
P70,2	7708	7709
P55,1	7710	7711
P122,2	7712	7713
P63,2	7714	7715
P164,1	7716	7717
P165,1	7718	7719
P19,3	7720	7721
P193,1	7722	7723
P125,1	7724	7725
P107,1	7726	7727
P124,2	7728	7729
P92,1	7730	7731
P194,2	7732	7733
P144,2	7734	7735
P126,2	7736	7737
P4,2	7738	7739
P146,2	7740	7741
P48,2	7742	7743
P81,1	7744	7745
P11,1	7746	7747
P128,1	7748	7749
P32,2	7750	7751
P129,2	7752	7753
P95,1	7754	7755
P199,1	7756	7757
P148,1	7758	7759
P200,1	7760	7761
P83,2	7762	7763
P130,1	7764	7765
P40,2	7766	7767
P41,2	7768	7769
P131,2	7770	7771
P58,2	7772	7773
P18,2	7774	7775
P132,1	7776	7777
P85,1	7778	7779
P150,1	7780	7781
P115,1	7782	7783
P176,1	7784	7784
P50,2	7785	7786
P97,2	7787	7788
P133,2	7789	7790
P29,2	7791	7792
P2,2	7793	7794
P179,1	7795	7796
P151,2	7797	7798
P134,1	7799	7800
P181,1	7801	7802
P67,2	7803	7804
P154,1	7805	7806
P88,2	7807	7808
P182,2	7809	7810
P184,1	7811	7812
P155,1	7813	7814
P183,2	7815	7816
P45,1	7817	7818
P118,1	7819	7820
P100,1	7821	7822
P185,2	7823	7824
P61,1	7825	7826
P25,1	7827	7828
P119,2	7829	7830
P68,2	7831	7832
P36,2	7833	7834
P102,2	7835	7836
P46,2	7837	7838
P54,2	7839	7840
P120,1	7841	7842
P104,1	7843	7844
P158,3	7845	7846
P160,1	7847	7848
P103,3	7849	7850
P159,2	7851	7852
P23,2	7853	7854
P62,1	7855	7856
P78,2	7857	7858
P161,2	7859	7860
P162,1	7861	7862
P141,2	7863	7864
P70,2	7865	7866
P55,1	7867	7868
P122,2	7869	7870
P63,2	7871	7872
P164,1	7873	7874
P165,1	7875	7876
P19,3	7877	7878
P193,1	7879	7880
P125,1	7881	7882
P107,2	7883	7884
P166,1	7885	7886
P108,2	7887	7888
P167,1	7889	7890
P195,2	7891	7892
P24,2	7893	7894
P56,2	7895	7896
P109,2	7897	7898
P64,1	7899	7900
P127,1	7901	7902
P94,1	7903	7904
P169,2	7905	7906
P110,1	7907	7908
P111,1	7909	7910
P171,1	7911	7912
P49,2	7913	7914
P16,2	7915	7916
P112,2	7917	7918
P17,2	7919	7920
P114,1	7921	7922
P113,2	7923	7924
P41,2	7925	7926
P131,2	7927	7928
P58,2	7929	7930
P18,2	7931	7932
P96,1	7933	7934
P65,2	7935	7936
P150,1	7937	7938
P115,1	7939	7940
P176,2	7941	7942
P177,1	7943	7944
P178,1	7945	7946
P29,2	7947	7948
P2,2	7949	7950
P179,1	7951	7951
P116,3	7952	7953
P151,2	7954	7955
P134,1	7956	7957
P181,1	7958	7959
P67,2	7960	7961
P154,1	7962	7963
P88,2	7964	7965
P182,2	7966	7967
P184,1	7968	7969
P155,1	7970	7971
P183,2	7972	7973
P45,1	7974	7975
P118,1	7976	7977
P100,1	7978	7979
P185,2	7980	7981
P61,1	7982	7983
P25,1	7984	7985
P119,2	7986	7987
P68,2	7988	7989
P36,2	7990	7991
P102,2	7992	7993
P46,2	7994	7995
P54,2	7996	7997
P120,1	7998	7999
P104,1	8000	8001
P158,3	8002	8003
P160,1	8004	8005
P103,3	8006	8007
P159,2	8008	8009
P23,2	8010	8011
P62,1	8012	8013
P78,2	8014	8015
P161,2	8016	8017
P162,1	8018	8019
P141,2	8020	8021
P70,2	8022	8023
P55,1	8024	8025
P122,2	8026	8027
P63,2	8028	8029
P164,1	8030	8031
P143,1	8032	8033
P19,3	8034	8035
P193,1	8036	8037
P125,1	8038	8039
P107,2	8040	8041
P124,2	8042	8043
P92,1	8044	8045
P194,2	8046	8047
P144,2	8048	8049
P126,2	8050	8051
P4,2	8052	8053
P146,2	8054	8055
P48,2	8056	8057
P81,1	8058	8059
P11,1	8060	8061
P128,1	8062	8063
P32,2	8064	8065
P129,2	8066	8067
P95,1	8068	8069
P199,1	8070	8071
P148,1	8072	8073
P200,1	8074	8075
P83,2	8076	8077
P130,1	8078	8079
P40,2	8080	8081
P149,1	8082	8083
P173,1	8084	8085
P33,2	8086	8087
P84,1	8088	8089
P96,1	8090	8091
P65,2	8092	8093
P150,1	8094	8095
P115,1	8096	8097
P176,2	8098	8099
P177,1	8100	8101
P178,1	8102	8103
P29,2	8104	8105
P2,2	8106	8107
P116,3	8108	8109
P151,2	8110	8111
P134,1	8112	8113
P181,1	8114	8115
P67,2	8116	8117
P154,1	8118	8119
P88,2	8120	8121
P182,2	8122	8123
P184,1	8124	8125
P155,1	8126	8127
P183,2	8128	8129
P45,1	8130	8131
P118,1	8132	8133
P100,1	8134	8134
P137,1	8135	8136
P53,3	8137	8138
P89,1	8139	8140
P138,2	8141	8142
P101,2	8143	8144
P157,1	8145	8146
P22,2	8147	8148
P187,1	8149	8150
P54,2	8151	8152
P120,1	8153	8154
P104,1	8155	8156
P158,3	8157	8158
P160,1	8159	8160
P103,3	8161	8162
P159,2	8163	8163
P26,2	8164	8165
P90,2	8166	8167
P10,2	8168	8169
P189,2	8170	8171
P47,1	8172	8173
P141,2	8174	8175
P70,2	8176	8177
P55,1	8178	8179
P162,2	8180	8181
P63,2	8182	8183
P15,2	8184	8185
P165,1	8186	8187
P13,2	8188	8189
P12,3	8190	8191
P123,2	8192	8193
P80,2	8194	8195
P31,2	8196	8197
P92,1	8198	8199
P194,2	8200	8201
P144,2	8202	8203
P126,2	8204	8205
P4,2	8206	8207
P146,2	8208	8209
P48,2	8210	8211
P81,1	8212	8213
P11,1	8214	8215
P128,1	8216	8217
P32,2	8218	8219
P129,2	8220	8221
P95,1	8222	8223
P199,1	8224	8225
P148,1	8226	8227
P200,1	8228	8229
P83,2	8230	8231
P130,1	8232	8233
P40,2	8234	8235
P41,2	8236	8237
P131,2	8238	8239
P58,2	8240	8241
P149,2	8242	8243
P96,1	8244	8244
P65,2	8245	8246
P150,1	8247	8248
P115,1	8249	8250
P176,2	8251	8252
P177,1	8253	8254
P178,1	8255	8256
P29,2	8257	8258
P2,2	8259	8260
P116,3	8261	8262
P151,2	8263	8264
P134,1	8265	8266
P181,1	8267	8268
P67,2	8269	8270
P154,1	8271	8272
P88,2	8273	8274
P182,2	8275	8276
P184,1	8277	8278
P155,1	8279	8280
P183,2	8281	8282
P45,1	8283	8284
P118,1	8285	8286
P137,1	8287	8288
P185,2	8289	8290
P61,1	8291	8292
P25,1	8293	8294
P119,2	8295	8296
P68,2	8297	8298
P36,2	8299	8300
P102,2	8301	8302
P69,1	8303	8304
P139,1	8305	8306
P46,3	8307	8308
P104,1	8309	8310
P158,3	8311	8312
P160,1	8313	8314
P103,3	8315	8316
P26,2	8317	8318
P90,2	8319	8320
P62,1	8321	8322
P78,2	8323	8324
P161,2	8325	8326
P190,2	8327	8328
P106,1	8329	8330
P30,2	8331	8332
P91,2	8333	8334
P122,2	8335	8336
P192,2	8337	8338
P164,1	8339	8340
P143,1	8341	8342
P19,3	8343	8344
P193,1	8345	8346
P125,1	8347	8348
P107,2	8349	8350
P124,2	8351	8352
P108,2	8353	8354
P167,1	8355	8356
P195,2	8357	8358
P24,2	8359	8360
P56,2	8361	8362
P109,2	8363	8364
P64,1	8365	8365
P127,1	8366	8367
P94,1	8368	8369
P169,2	8370	8371
P110,1	8372	8373
P111,1	8374	8375
P171,1	8376	8377
P49,2	8378	8379
P16,2	8380	8381
P112,2	8382	8383
P17,2	8384	8385
P114,1	8386	8387
P113,2	8388	8389
P173,1	8390	8391
P33,2	8392	8393
P149,2	8394	8395
P132,1	8396	8397
P65,2	8398	8399
P28,2	8400	8401
P66,2	8402	8403
P86,2	8404	8405
P50,2	8406	8407
P97,2	8408	8409
P29,2	8410	8411
P2,2	8412	8413
P116,3	8414	8415
P151,2	8416	8417
P134,1	8418	8419
P181,1	8420	8421
P67,2	8422	8423
P154,1	8424	8425
P88,2	8426	8427
P182,2	8428	8429
P184,1	8430	8431
P155,1	8432	8433
P183,2	8434	8435
P45,1	8436	8437
P156,1	8438	8439
P35,2	8440	8441
P185,2	8442	8443
P61,1	8444	8445
P25,1	8446	8447
P119,2	8448	8449
P68,2	8450	8451
P36,2	8452	8453
P102,2	8454	8455
P69,1	8456	8457
P139,1	8458	8459
P46,3	8460	8461
P104,1	8462	8463
P158,3	8464	8465
P160,1	8466	8467
P103,3	8468	8469
P26,2	8470	8471
P90,2	8472	8473
P62,1	8474	8475
P78,2	8476	8477
P161,2	8478	8479
P190,2	8480	8481
P106,1	8482	8483
P30,2	8484	8485
P91,2	8486	8487
P122,2	8488	8489
P192,2	8490	8491
P164,1	8492	8493
P143,1	8494	8495
P19,3	8496	8497
P193,1	8498	8499
P125,1	8500	8501
P107,2	8502	8503
P124,2	8504	8505
P108,2	8506	8507
P167,1	8508	8509
P195,2	8510	8511
P4,2	8512	8513
P24,3	8514	8515
P109,2	8516	8517
P81,1	8518	8519
P64,2	8520	8521
P128,1	8522	8523
P32,2	8524	8524
P129,2	8525	8526
P95,1	8527	8528
P199,1	8529	8530
P148,1	8531	8532
P200,1	8533	8534
P83,2	8535	8536
P130,1	8537	8538
P113,2	8539	8540
P173,1	8541	8542
P33,2	8543	8544
P149,2	8545	8546
P132,1	8547	8548
P65,2	8549	8550
P28,2	8551	8552
P66,2	8553	8554
P86,2	8555	8556
P50,2	8557	8558
P97,2	8559	8560
P29,2	8561	8562
P2,2	8563	8564
P116,3	8565	8566
P151,2	8567	8568
P134,1	8569	8570
P153,1	8571	8572
P43,2	8573	8574
P135,2	8575	8576
P181,2	8577	8578
P182,2	8579	8580
P184,1	8581	8582
P155,1	8583	8584
P183,2	8585	8586
P45,1	8587	8588
P156,1	8589	8590
P35,2	8591	8592
P185,2	8593	8594
P61,1	8595	8596
P25,1	8597	8598
P119,2	8599	8600
P68,2	8601	8602
P36,2	8603	8604
P102,2	8605	8606
P69,1	8607	8608
P139,1	8609	8609
P46,3	8610	8611
P104,1	8612	8613
P158,3	8614	8615
P160,1	8616	8617
P103,3	8618	8619
P26,2	8620	8621
P90,2	8622	8623
P62,1	8624	8624
P78,2	8625	8626
P161,2	8627	8628
P141,2	8629	8630
P70,2	8631	8632
P55,1	8633	8634
P162,2	8635	8636
P63,2	8637	8638
P15,2	8639	8639
P165,1	8640	8641
P13,2	8642	8643
P12,3	8644	8645
P123,2	8646	8647
P80,2	8648	8649
P31,2	8650	8651
P92,1	8652	8653
P194,2	8654	8655
P144,2	8656	8657
P126,2	8658	8659
P56,2	8660	8661
P146,2	8662	8663
P48,2	8664	8665
P127,1	8666	8667
P94,1	8668	8669
P169,2	8670	8671
P129,2	8672	8673
P95,1	8674	8675
P199,1	8676	8677
P148,1	8678	8679
P200,1	8680	8681
P83,2	8682	8683
P130,1	8684	8685
P113,2	8686	8687
P173,1	8688	8689
P33,2	8690	8691
P149,2	8692	8693
P132,1	8694	8695
P65,2	8696	8697
P28,2	8698	8699
P66,2	8700	8701
P86,2	8702	8703
P50,2	8704	8705
P97,2	8706	8707
P29,2	8708	8709
P2,2	8710	8711
P116,3	8712	8713
P151,2	8714	8715
P134,1	8716	8717
P153,1	8718	8719
P43,2	8720	8721
P135,2	8722	8723
P181,2	8724	8725
P75,2	8726	8727
P21,2	8728	8729
P155,1	8730	8731
P183,2	8732	8733
P45,1	8734	8735
P156,1	8736	8737
P35,2	8738	8739
P185,2	8740	8741
P61,1	8742	8743
P25,1	8744	8745
P119,2	8746	8747
P68,2	8748	8749
P36,2	8750	8751
P102,2	8752	8753
P69,1	8754	8755
P120,1	8756	8757
P77,2	8758	8758
P104,1	8759	8760
P158,3	8761	8762
P140,1	8763	8764
P7,2	8765	8766
P38,1	8767	8768
P23,2	8769	8770
P78,2	8771	8772
P161,2	8773	8774
P141,2	8775	8776
P70,2	8777	8778
P55,1	8779	8780
P162,2	8781	8782
P63,2	8783	8784
P164,1	8785	8786
P143,1	8787	8788
P19,3	8789	8790
P193,1	8791	8792
P125,1	8793	8794
P107,2	8795	8796
P124,2	8797	8798
P108,2	8799	8800
P167,1	8801	8802
P195,2	8803	8804
P4,2	8805	8806
P24,3	8807	8808
P109,2	8809	8810
P81,1	8811	8812
P64,2	8813	8814
P128,1	8815	8816
P110,1	8817	8818
P111,1	8819	8820
P171,1	8821	8822
P49,2	8823	8824
P16,2	8825	8826
P112,2	8827	8828
P17,2	8829	8830
P40,2	8831	8832
P41,2	8833	8834
P131,2	8835	8836
P58,2	8837	8838
P84,2	8839	8840
P85,1	8841	8842
P96,2	8843	8844
P150,1	8845	8846
P115,1	8847	8848
P176,2	8849	8850
P177,1	8851	8852
P133,2	8853	8854
P152,1	8855	8856
P98,1	8857	8858
P34,2	8859	8860
P60,2	8861	8862
P180,1	8863	8864
P43,2	8865	8866
P154,1	8867	8868
P88,2	8869	8870
P182,2	8871	8872
P184,1	8873	8874
P44,2	8875	8876
P99,1	8877	8878
P76,1	8879	8880
P118,1	8881	8882
P137,1	8883	8884
P100,2	8885	8886
P53,3	8887	8888
P89,1	8889	8889
P138,2	8890	8891
P101,2	8892	8893
P157,1	8894	8895
P22,2	8896	8897
P187,1	8898	8899
P54,2	8900	8901
P46,3	8902	8903
P188,1	8904	8905
P139,2	8906	8907
P160,1	8908	8909
P103,3	8910	8911
P26,2	8912	8913
P159,3	8914	8915
P189,2	8916	8917
P190,2	8918	8919
P106,1	8920	8921
P30,2	8922	8923
P91,2	8924	8925
P122,2	8926	8927
P192,2	8928	8929
P15,3	8930	8931
P13,2	8932	8933
P12,3	8934	8935
P123,2	8936	8937
P80,2	8938	8939
P31,2	8940	8941
P92,1	8942	8943
P194,2	8944	8945
P144,2	8946	8947
P126,2	8948	8949
P56,2	8950	8951
P146,2	8952	8953
P48,2	8954	8955
P127,1	8956	8957
P94,1	8958	8959
P169,2	8960	8961
P129,2	8962	8963
P95,1	8964	8965
P199,1	8966	8967
P148,1	8968	8969
P200,1	8970	8971
P83,2	8972	8973
P130,1	8974	8975
P113,2	8976	8977
P173,1	8978	8979
P33,2	8980	8981
P149,2	8982	8983
P132,1	8984	8985
P65,2	8986	8987
P28,2	8988	8989
P66,2	8990	8991
P176,2	8992	8993
P177,1	8994	8995
P86,3	8996	8997
P29,2	8998	8999
P2,2	9000	9001
P116,3	9002	9003
P151,2	9004	9005
P134,1	9006	9007
P67,2	9008	9009
P153,2	9010	9011
P135,2	9012	9013
P181,2	9014	9015
P75,2	9016	9017
P21,2	9018	9019
P155,1	9020	9021
P45,1	9022	9023
P118,1	9024	9025
P156,1	9026	9027
P35,2	9028	9029
P185,2	9030	9031
P25,1	9032	9033
P119,2	9034	9035
P61,2	9036	9037
P36,2	9038	9039
P102,2	9040	9041
P69,1	9042	9043
P120,1	9044	9045
P104,1	9046	9047
P158,3	9048	9049
P160,1	9050	9051
P103,3	9052	9053
P23,2	9054	9055
P38,2	9056	9057
P189,2	9058	9059
P190,2	9060	9061
P106,1	9062	9063
P30,2	9064	9065
P91,2	9066	9067
P122,2	9068	9069
P192,2	9070	9071
P15,3	9072	9073
P13,2	9074	9075
P12,3	9076	9077
P123,2	9078	9079
P80,2	9080	9081
P31,2	9082	9083
P92,1	9084	9085
P194,2	9086	9087
P144,2	9088	9089
P126,2	9090	9091
P24,3	9092	9093
P109,2	9094	9095
P81,1	9096	9097
P64,2	9098	9099
P169,2	9100	9101
P129,2	9102	9103
P95,1	9104	9105
P199,1	9106	9107
P148,1	9108	9109
P200,1	9110	9111
P83,2	9112	9113
P130,1	9114	9115
P113,2	9116	9117
P173,1	9118	9119
P33,2	9120	9121
P149,2	9122	9123
P132,1	9124	9125
P65,2	9126	9127
P28,2	9128	9129
P66,2	9130	9131
P176,2	9132	9133
P177,1	9134	9135
P86,3	9136	9137
P29,2	9138	9139
P2,2	9140	9141
P116,3	9142	9143
P151,2	9144	9145
P134,2	9146	9147
P67,2	9148	9149
P153,2	9150	9151
P135,2	9152	9153
P181,2	9154	9155
P75,2	9156	9157
P21,2	9158	9159
P155,1	9160	9161
P45,1	9162	9163
P118,1	9164	9165
P156,1	9166	9167
P35,2	9168	9169
P185,2	9170	9171
P25,1	9172	9173
P119,2	9174	9175
P61,2	9176	9177
P36,2	9178	9179
P102,2	9180	9181
P69,1	9182	9183
P120,1	9184	9185
P104,1	9186	9187
P158,3	9188	9189
P160,1	9190	9191
P103,3	9192	9193
P23,2	9194	9194
P38,2	9195	9196
P189,2	9197	9198
P190,2	9199	9200
P106,1	9201	9202
P30,2	9203	9204
P162,2	9205	9206
P63,2	9207	9208
P164,1	9209	9210
P55,2	9211	9212
P13,2	9213	9214
P193,1	9215	9216
P125,1	9217	9218
P107,2	9219	9220
P124,2	9221	9222
P108,2	9223	9224
P167,1	9225	9226
P195,2	9227	9228
P4,2	9229	9230
P146,2	9231	9232
P48,2	9233	9234
P127,1	9235	9236
P128,1	9237	9238
P110,1	9239	9240
P111,1	9241	9242
P199,1	9243	9244
P148,1	9245	9246
P200,1	9247	9248
P83,2	9249	9250
P130,1	9251	9252
P113,2	9253	9254
P173,1	9255	9256
P33,2	9257	9258
P149,2	9259	9260
P132,1	9261	9262
P65,2	9263	9264
P28,2	9265	9266
P115,1	9267	9267
P50,2	9268	9269
P97,2	9270	9271
P133,2	9272	9273
P152,1	9274	9275
P98,1	9276	9277
P34,2	9278	9279
P60,2	9280	9281
P180,1	9282	9283
P43,2	9284	9285
P154,1	9286	9287
P88,2	9288	9289
P182,2	9290	9291
P184,1	9292	9293
P44,2	9294	9295
P45,1	9296	9297
P118,1	9298	9299
P156,1	9300	9301
P35,2	9302	9303
P185,2	9304	9305
P25,1	9306	9307
P119,2	9308	9309
P61,2	9310	9311
P36,2	9312	9313
P102,2	9314	9315
P69,1	9316	9317
P120,1	9318	9319
P104,1	9320	9321
P158,3	9322	9323
P160,1	9324	9325
P103,3	9326	9327
P159,3	9328	9329
P78,2	9330	9331
P161,2	9332	9333
P106,1	9334	9335
P30,2	9336	9337
P91,2	9338	9339
P122,2	9340	9341
P192,2	9342	9343
P15,3	9344	9345
P143,1	9346	9347
P19,3	9348	9349
P123,2	9350	9351
P80,2	9352	9353
P31,2	9354	9355
P92,1	9356	9357
P194,2	9358	9358
P144,2	9359	9360
P126,2	9361	9362
P24,3	9363	9364
P109,2	9365	9366
P81,1	9367	9368
P64,2	9369	9370
P169,2	9371	9372
P129,2	9373	9374
P95,2	9375	9376
P199,1	9377	9378
P148,1	9379	9380
P200,1	9381	9382
P83,2	9383	9384
P130,1	9385	9386
P113,2	9387	9388
P131,2	9389	9390
P33,2	9391	9392
P149,2	9393	9394
P132,1	9395	9396
P65,2	9397	9398
P28,2	9399	9400
P115,2	9401	9402
P50,2	9403	9404
P97,2	9405	9406
P133,2	9407	9408
P152,1	9409	9410
P98,1	9411	9412
P34,2	9413	9414
P60,2	9415	9416
P180,1	9417	9418
P43,2	9419	9420
P154,1	9421	9422
P88,2	9423	9424
P182,2	9425	9426
P184,1	9427	9428
P44,2	9429	9430
P45,1	9431	9432
P118,1	9433	9434
P156,1	9435	9436
P35,2	9437	9438
P185,2	9439	9440
P138,2	9441	9442
P101,2	9443	9444
P157,1	9445	9446
P25,2	9447	9448
P102,2	9449	9450
P54,2	9451	9452
P46,3	9453	9454
P188,1	9455	9456
P139,2	9457	9458
P7,2	9459	9460
P26,2	9461	9462
P38,2	9463	9464
P189,2	9465	9466
P190,2	9467	9468
P30,2	9469	9470
P91,2	9471	9472
P122,2	9473	9474
P192,2	9475	9476
P15,3	9477	9478
P143,1	9479	9480
P19,3	9481	9482
P123,2	9483	9484
P80,2	9485	9486
P31,2	9487	9488
P92,1	9489	9490
P144,2	9491	9492
P195,2	9493	9494
P4,2	9495	9496
P146,2	9497	9498
P48,2	9499	9500
P127,1	9501	9502
P128,1	9503	9503
P169,2	9504	9505
P129,2	9506	9507
P95,2	9508	9509
P199,1	9510	9511
P148,1	9512	9513
P200,1	9514	9515
P83,2	9516	9517
P130,1	9518	9519
P173,1	9520	9521
P41,3	9522	9523
P58,2	9524	9525
P84,2	9526	9527
P85,1	9528	9529
P96,2	9530	9531
P66,2	9532	9533
P176,2	9534	9535
P177,1	9536	9537
P86,3	9538	9539
P29,2	9540	9541
P2,2	9542	9543
P116,3	9544	9545
P151,2	9546	9547
P134,2	9548	9549
P67,2	9550	9551
P153,2	9552	9553
P135,2	9554	9555
P181,2	9556	9557
P75,2	9558	9559
P21,2	9560	9561
P183,2	9562	9563
P118,1	9564	9565
P156,1	9566	9567
P35,2	9568	9569
P185,2	9570	9571
P138,2	9572	9573
P101,2	9574	9575
P157,1	9576	9577
P25,2	9578	9579
P102,2	9580	9581
P54,2	9582	9583
P46,3	9584	9585
P188,1	9586	9587
P139,2	9588	9589
P7,2	9590	9591
P26,2	9592	9593
P38,2	9594	9595
P189,2	9596	9597
P190,2	9598	9599
P30,2	9600	9601
P91,2	9602	9603
P122,2	9604	9605
P192,2	9606	9607
P55,2	9608	9609
P13,2	9610	9611
P193,1	9612	9613
P125,1	9614	9615
P107,2	9616	9617
P124,2	9618	9619
P108,2	9620	9621
P194,3	9622	9623
P126,2	9624	9625
P24,3	9626	9627
P109,2	9628	9629
P81,1	9630	9630
P127,1	9631	9632
P169,2	9633	9634
P129,2	9635	9636
P95,2	9637	9638
P199,1	9639	9640
P148,1	9641	9642
P112,2	9643	9644
P17,2	9645	9646
P173,1	9647	9648
P131,2	9649	9649
P33,2	9650	9650
P58,2	9651	9652
P40,3	9653	9654
P84,2	9655	9656
P65,2	9657	9658
P28,2	9659	9660
P115,2	9661	9662
P50,2	9663	9664
P97,2	9665	9666
P133,2	9667	9668
P152,1	9669	9670
P98,1	9671	9672
P34,2	9673	9674
P60,2	9675	9676
P180,1	9677	9678
P43,2	9679	9680
P154,1	9681	9682
P181,2	9683	9684
P75,2	9685	9686
P21,2	9687	9688
P183,2	9689	9690
P76,2	9691	9692
P137,1	9693	9694
P118,2	9695	9696
P185,2	9697	9698
P138,2	9699	9700
P101,2	9701	9702
P157,1	9703	9704
P25,2	9705	9706
P102,2	9707	9708
P54,2	9709	9710
P46,3	9711	9712
P188,1	9713	9714
P139,2	9715	9716
P7,2	9717	9718
P26,2	9719	9720
P38,2	9721	9722
P189,2	9723	9724
P106,1	9725	9726
P141,3	9727	9728
P161,3	9729	9730
P122,2	9731	9732
P192,2	9733	9734
P55,2	9735	9736
P13,2	9737	9738
P193,1	9739	9740
P125,1	9741	9742
P107,2	9743	9744
P124,2	9745	9746
P108,2	9747	9748
P194,3	9749	9750
P126,2	9751	9752
P24,3	9753	9754
P109,2	9755	9756
P127,1	9757	9757
P64,2	9758	9759
P81,2	9760	9761
P111,1	9762	9762
P95,2	9763	9764
P199,1	9765	9766
P148,1	9767	9768
P112,2	9769	9770
P17,2	9771	9772
P173,1	9773	9774
P131,3	9775	9776
P58,2	9777	9778
P40,3	9779	9780
P84,2	9781	9782
P85,1	9783	9784
P96,2	9785	9786
P132,2	9787	9788
P115,2	9789	9790
P50,2	9791	9792
P97,2	9793	9794
P133,2	9795	9796
P29,3	9797	9798
P98,1	9799	9800
P34,2	9801	9802
P60,2	9803	9804
P180,1	9805	9806
P43,2	9807	9808
P154,1	9809	9810
P181,2	9811	9812
P75,2	9813	9814
P21,2	9815	9816
P183,2	9817	9818
P76,2	9819	9820
P137,1	9821	9822
P118,2	9823	9824
P185,2	9825	9826
P138,2	9827	9828
P101,2	9829	9830
P157,1	9831	9832
P25,2	9833	9834
P102,2	9835	9836
P54,2	9837	9838
P46,3	9839	9840
P188,1	9841	9842
P160,1	9843	9844
P103,3	9845	9846
P159,3	9847	9848
P78,2	9849	9850
P190,2	9851	9852
P30,2	9853	9854
P91,2	9855	9856
P162,2	9857	9858
P63,2	9859	9860
P15,3	9861	9862
P143,1	9863	9864
P19,3	9865	9866
P123,2	9867	9868
P107,2	9869	9870
P124,2	9871	9872
P108,2	9873	9874
P194,3	9875	9876
P126,2	9877	9878
P24,3	9879	9880
P109,2	9881	9882
P64,2	9883	9884
P169,3	9885	9886
P95,2	9887	9888
P171,1	9889	9890
P49,2	9891	9892
P16,2	9893	9894
P112,2	9895	9896
P17,2	9897	9898
P173,1	9899	9900
P131,3	9901	9902
P58,2	9903	9904
P40,3	9905	9906
P84,2	9907	9908
P85,1	9909	9909
P65,2	9910	9911
P28,2	9912	9913
P66,2	9914	9915
P176,2	9916	9917
P177,1	9918	9919
P86,3	9920	9921
P152,1	9922	9923
P2,2	9924	9925
P116,3	9926	9927
P151,2	9928	9929
P134,2	9930	9931
P43,2	9932	9933
P154,1	9934	9935
P181,2	9936	9937
P182,2	9938	9939
P184,1	9940	9941
P44,2	9942	9943
P99,2	9944	9945
P156,1	9946	9947
P35,2	9948	9949
P100,2	9950	9951
P53,3	9952	9953
P119,2	9954	9955
P61,2	9956	9957
P36,2	9958	9959
P22,2	9960	9961
P54,2	9962	9963
P46,3	9964	9965
P188,1	9966	9967
P160,1	9968	9969
P103,3	9970	9971
P159,3	9972	9973
P78,2	9974	9975
P190,2	9976	9977
P30,2	9978	9979
P91,2	9980	9981
P162,2	9982	9983
P63,2	9984	9984
P15,3	9985	9986
P13,2	9987	9988
P19,3	9989	9990
P123,2	9991	9992
P107,2	9993	9994
P124,2	9995	9996
P92,1	9997	9998
P144,2	9999	10000
P195,2	10001	10002
P4,2	10003	10004
P146,2	10005	10006
P48,2	10007	10008
P81,2	10009	10010
P129,2	10011	10012
P127,2	10013	10014
P199,1	10015	10016
P148,1	10017	10018
P111,2	10019	10020
P200,2	10021	10022
P113,2	10023	10024
P83,3	10025	10026
P41,3	10027	10028
P130,2	10029	10030
P149,2	10031	10032
P33,3	10033	10034
P96,2	10035	10036
P85,2	10037	10038
P66,2	10039	10040
P176,2	10041	10042
P97,2	10043	10044
P133,2	10045	10046
P29,3	10047	10048
P177,2	10049	10050
P116,3	10051	10052
P151,2	10053	10054
P134,2	10055	10056
P43,2	10057	10058
P154,1	10059	10060
P181,2	10061	10062
P182,2	10063	10064
P184,1	10065	10066
P44,2	10067	10068
P99,2	10069	10070
P137,1	10071	10072
P156,2	10073	10074
P100,2	10075	10076
P53,3	10077	10078
P119,2	10079	10080
P61,2	10081	10082
P36,2	10083	10084
P22,2	10085	10086
P54,2	10087	10088
P46,3	10089	10090
P188,1	10091	10092
P160,1	10093	10094
P103,3	10095	10096
P159,3	10097	10098
P78,2	10099	10100
P190,2	10101	10102
P141,3	10103	10104
P161,3	10105	10106
P122,2	10107	10108
P15,3	10109	10110
P13,2	10111	10112
P19,3	10113	10114
P80,2	10115	10116
P31,2	10117	10118
P125,2	10119	10120
P108,2	10121	10122
P194,3	10123	10124
P126,2	10125	10126
P24,3	10127	10128
P109,2	10129	10130
P64,2	10131	10132
P169,3	10133	10134
P95,2	10135	10136
P171,1	10137	10137
P199,1	10138	10139
P148,1	10140	10141
P111,2	10142	10143
P200,2	10144	10145
P113,2	10146	10147
P83,3	10148	10149
P41,3	10150	10151
P130,2	10152	10153
P149,2	10154	10155
P33,3	10156	10157
P96,2	10158	10159
P85,2	10160	10161
P66,2	10162	10163
P176,2	10164	10165
P97,2	10166	10167
P133,2	10168	10169
P29,3	10170	10171
P177,2	10172	10173
P116,3	10174	10175
P151,2	10176	10177
P134,2	10178	10179
P43,2	10180	10181
P154,1	10182	10183
P181,2	10184	10185
P182,2	10186	10187
P184,1	10188	10189
P44,2	10190	10191
P99,2	10192	10193
P137,2	10194	10195
P156,2	10196	10197
P100,2	10198	10199
P53,3	10200	10201
P101,2	10202	10203
P157,1	10204	10205
P25,2	10206	10207
P102,2	10208	10209
P120,1	10210	10211
P69,2	10212	10213
P139,2	10214	10215
P103,3	10216	10217
P159,3	10218	10219
P78,2	10220	10221
P190,2	10222	10223
P141,3	10224	10225
P161,3	10226	10227
P122,2	10228	10229
P192,2	10230	10231
P55,2	10232	10233
P143,2	10234	10235
P123,2	10236	10237
P107,2	10238	10239
P124,2	10240	10241
P92,1	10242	10243
P144,2	10244	10245
P195,2	10246	10247
P4,2	10248	10249
P146,2	10250	10251
P48,2	10252	10253
P81,2	10254	10255
P129,2	10256	10257
P127,2	10258	10259
P49,2	10260	10261
P171,2	10262	10263
P111,2	10264	10265
P200,2	10266	10267
P113,2	10268	10269
P83,3	10270	10271
P41,3	10272	10273
P130,2	10274	10275
P149,2	10276	10277
P33,3	10278	10279
P96,2	10280	10281
P132,2	10282	10283
P115,2	10284	10285
P50,2	10286	10287
P97,2	10288	10289
P133,2	10290	10291
P29,3	10292	10293
P177,2	10294	10295
P116,3	10296	10297
P151,2	10298	10299
P134,2	10300	10301
P43,2	10302	10303
P154,1	10304	10305
P181,2	10306	10307
P182,2	10308	10309
P184,1	10310	10311
P44,2	10312	10313
P99,2	10314	10315
P137,2	10316	10317
P156,2	10318	10319
P100,2	10320	10321
P53,3	10322	10323
P101,2	10324	10325
P157,1	10326	10327
P25,2	10328	10329
P102,2	10330	10331
P120,1	10332	10333
P69,2	10334	10335
P139,2	10336	10337
P26,2	10338	10339
P38,2	10340	10341
P189,2	10342	10343
P30,2	10344	10345
P91,2	10346	10347
P162,2	10348	10349
P106,2	10350	10351
P15,3	10352	10353
P13,2	10354	10355
P19,3	10356	10357
P80,2	10358	10359
P31,2	10360	10361
P125,2	10362	10363
P194,3	10364	10365
P144,3	10366	10367
P4,2	10368	10369
P24,3	10370	10371
P109,2	10372	10373
P64,2	10374	10375
P169,3	10376	10377
P95,2	10378	10379
P199,1	10380	10381
P148,1	10382	10383
P16,2	10384	10385
P112,2	10386	10387
P17,2	10388	10389
P173,1	10390	10391
P131,3	10392	10393
P58,2	10394	10395
P40,3	10396	10397
P84,2	10398	10399
P65,2	10400	10401
P85,2	10402	10403
P66,2	10404	10405
P176,2	10406	10407
P28,3	10408	10409
P86,3	10410	10411
P152,1	10412	10413
P2,2	10414	10415
P98,1	10416	10417
P34,2	10418	10419
P60,2	10420	10421
P180,1	10422	10423
P153,2	10424	10425
P181,2	10426	10427
P67,3	10428	10429
P75,2	10430	10431
P21,2	10432	10433
P183,2	10434	10435
P76,2	10436	10437
P35,2	10438	10439
P118,2	10440	10441
P185,2	10442	10443
P101,2	10444	10445
P157,1	10446	10447
P25,2	10448	10449
P102,2	10450	10451
P120,1	10452	10453
P69,2	10454	10455
P139,2	10456	10457
P26,2	10458	10459
P38,2	10460	10461
P189,2	10462	10463
P30,2	10464	10465
P91,2	10466	10467
P162,2	10468	10469
P106,2	10470	10471
P15,3	10472	10473
P13,2	10474	10475
P19,3	10476	10477
P80,2	10478	10479
P31,2	10480	10481
P125,2	10482	10483
P194,3	10484	10485
P144,3	10486	10487
P4,2	10488	10489
P24,3	10490	10491
P109,2	10492	10493
P64,2	10494	10495
P169,3	10496	10497
P95,2	10498	10499
P199,1	10500	10501
P148,1	10502	10503
P16,2	10504	10505
P112,2	10506	10507
P17,2	10508	10509
P173,1	10510	10511
P131,3	10512	10513
P58,2	10514	10515
P40,3	10516	10517
P84,2	10518	10519
P65,2	10520	10521
P85,2	10522	10523
P66,2	10524	10525
P176,2	10526	10527
P28,3	10528	10529
P86,3	10530	10531
P152,1	10532	10533
P2,2	10534	10535
P116,3	10536	10537
P98,2	10538	10539
P60,2	10540	10541
P180,1	10542	10543
P153,2	10544	10545
P181,2	10546	10547
P67,3	10548	10549
P75,2	10550	10551
P21,2	10552	10553
P183,2	10554	10554
P99,2	10555	10556
P137,2	10557	10558
P156,2	10559	10560
P100,2	10561	10562
P53,3	10563	10564
P157,1	10565	10565
P25,2	10566	10567
P54,2	10568	10569
P69,2	10570	10571
P139,2	10572	10573
P26,2	10574	10575
P38,2	10576	10577
P78,2	10578	10579
P190,2	10580	10581
P141,3	10582	10583
P161,3	10584	10585
P122,2	10586	10587
P192,2	10588	10589
P55,2	10590	10591
P143,2	10592	10593
P123,2	10594	10595
P107,2	10596	10597
P124,2	10598	10599
P108,2	10600	10601
P195,2	10602	10603
P126,2	10604	10605
P92,2	10606	10607
P146,2	10608	10609
P48,2	10610	10611
P81,2	10612	10613
P129,2	10614	10615
P127,2	10616	10617
P148,1	10618	10619
P16,2	10620	10621
P112,2	10622	10623
P200,2	10624	10625
P113,2	10626	10627
P83,3	10628	10629
P41,3	10630	10631
P130,2	10632	10633
P149,2	10634	10635
P33,3	10636	10637
P96,2	10638	10639
P132,2	10640	10641
P115,2	10642	10643
P50,2	10644	10645
P97,2	10646	10647
P133,2	10648	10649
P29,3	10650	10651
P177,2	10652	10653
P34,2	10654	10655
P151,2	10656	10657
P134,2	10658	10659
P43,2	10660	10661
P88,2	10662	10663
P154,2	10664	10665
P182,2	10666	10667
P184,1	10668	10669
P44,2	10670	10671
P76,2	10672	10673
P35,2	10674	10675
P118,2	10676	10677
P185,2	10678	10679
P61,2	10680	10681
P25,2	10682	10683
P54,2	10684	10685
P69,2	10686	10687
P139,2	10688	10689
P26,2	10690	10691
P38,2	10692	10693
P78,2	10694	10695
P190,2	10696	10697
P141,3	10698	10699
P161,3	10700	10701
P122,2	10702	10703
P192,2	10704	10705
P55,2	10706	10707
P143,2	10708	10709
P123,2	10710	10711
P107,2	10712	10713
P124,2	10714	10715
P108,2	10716	10717
P195,2	10718	10719
P126,2	10720	10721
P92,2	10722	10723
P146,2	10724	10725
P48,2	10726	10727
P81,2	10728	10729
P129,2	10730	10731
P127,2	10732	10733
P171,2	10734	10735
P111,2	10736	10737
P49,3	10738	10739
P17,2	10740	10741
P173,1	10742	10742
P131,3	10743	10744
P58,2	10745	10746
P40,3	10747	10748
P84,2	10749	10750
P65,2	10751	10752
P85,2	10753	10754
P66,2	10755	10756
P176,2	10757	10758
P28,3	10759	10760
P86,3	10761	10762
P29,3	10763	10764
P177,2	10765	10766
P34,2	10767	10768
P98,2	10769	10770
P60,2	10771	10772
P43,2	10773	10774
P88,2	10775	10776
P154,2	10777	10778
P182,2	10779	10780
P184,1	10781	10782
P44,2	10783	10784
P76,2	10785	10786
P35,2	10787	10788
P118,2	10789	10790
P185,2	10791	10792
P61,2	10793	10794
P25,2	10795	10796
P54,2	10797	10798
P69,2	10799	10800
P139,2	10801	10802
P26,2	10803	10804
P38,2	10805	10806
P78,2	10807	10808
P190,2	10809	10810
P141,3	10811	10812
P161,3	10813	10814
P122,2	10815	10816
P192,2	10817	10818
P55,2	10819	10820
P143,2	10821	10822
P123,2	10823	10824
P107,2	10825	10826
P124,2	10827	10827
P125,2	10828	10829
P194,3	10830	10831
P126,2	10832	10833
P92,2	10834	10835
P146,2	10836	10837
P48,2	10838	10839
P81,2	10840	10841
P129,2	10842	10843
P127,2	10844	10845
P16,2	10846	10847
P112,2	10848	10849
P200,2	10850	10851
P113,2	10852	10853
P131,3	10854	10855
P58,2	10856	10857
P130,2	10858	10859
P149,2	10860	10861
P33,3	10862	10863
P96,2	10864	10865
P132,2	10866	10867
P115,2	10868	10869
P50,2	10870	10871
P97,2	10872	10873
P29,3	10874	10875
P177,2	10876	10877
P34,2	10878	10879
P98,2	10880	10881
P60,2	10882	10883
P43,2	10884	10885
P88,2	10886	10887
P154,2	10888	10889
P182,2	10890	10891
P184,1	10892	10892
P21,2	10893	10893
P99,2	10894	10895
P137,2	10896	10897
P156,2	10898	10899
P100,2	10900	10901
P53,3	10902	10903
P36,2	10904	10905
P102,2	10906	10907
P46,3	10908	10909
P120,2	10910	10911
P103,3	10912	10913
P159,3	10914	10915
P188,2	10916	10917
P189,2	10918	10918
P190,2	10919	10919
P141,3	10920	10921
P161,3	10922	10923
P122,2	10924	10925
P192,2	10926	10927
P55,2	10928	10929
P143,2	10930	10931
P123,2	10932	10933
P107,2	10934	10935
P125,2	10936	10937
P194,3	10938	10939
P126,2	10940	10941
P4,2	10942	10943
P24,3	10944	10945
P109,2	10946	10947
P64,2	10948	10949
P169,3	10950	10951
P95,2	10952	10953
P171,2	10954	10955
P112,2	10956	10957
P200,2	10958	10959
P113,2	10960	10961
P131,3	10962	10963
P58,2	10964	10965
P130,2	10966	10967
P149,2	10968	10969
P65,2	10970	10971
P85,2	10972	10973
P66,2	10974	10975
P176,2	10976	10977
P28,3	10978	10979
P133,2	10980	10981
P2,2	10982	10983
P116,3	10984	10985
P152,2	10986	10987
P151,2	10988	10989
P134,2	10990	10991
P153,2	10992	10993
P181,2	10994	10995
P67,3	10996	10997
P75,2	10998	10999
P99,2	11000	11001
P137,2	11002	11003
P156,2	11004	11005
P118,2	11006	11007
P185,2	11008	11009
P61,2	11010	11011
P25,2	11012	11013
P54,2	11014	11015
P69,2	11016	11017
P139,2	11018	11019
P159,3	11020	11021
P188,2	11022	11023
P189,3	11024	11025
P141,3	11026	11027
P161,3	11028	11029
P122,2	11030	11031
P192,2	11032	11033
P55,2	11034	11035
P143,2	11036	11037
P123,2	11038	11039
P107,2	11040	11041
P125,2	11042	11043
P194,3	11044	11045
P126,2	11046	11047
P4,2	11048	11049
P24,3	11050	11051
P109,2	11052	11053
P64,2	11054	11055
P169,3	11056	11057
P95,2	11058	11059
P171,2	11060	11061
P112,2	11062	11063
P200,2	11064	11065
P113,2	11066	11067
P131,3	11068	11069
P58,2	11070	11071
P130,2	11072	11073
P149,2	11074	11075
P65,2	11076	11077
P85,2	11078	11079
P66,2	11080	11081
P176,2	11082	11083
P28,3	11084	11085
P133,2	11086	11087
P2,2	11088	11089
P116,3	11090	11091
P152,2	11092	11093
P151,2	11094	11095
P134,2	11096	11097
P153,2	11098	11099
P181,2	11100	11101
P67,3	11102	11103
P75,2	11104	11105
P99,2	11106	11107
P137,2	11108	11109
P156,2	11110	11111
P118,2	11112	11113
P185,2	11114	11115
P61,2	11116	11117
P25,2	11118	11119
P46,3	11120	11121
P120,2	11122	11123
P26,2	11124	11125
P38,2	11126	11126
P188,2	11127	11128
P189,3	11129	11130
P141,3	11131	11132
P162,2	11133	11134
P106,2	11135	11136
P15,3	11137	11138
P13,2	11139	11140
P19,3	11141	11142
P80,2	11143	11144
P31,2	11145	11146
P108,2	11147	11148
P144,3	11149	11150
P195,3	11151	11152
P92,2	11153	11154
P146,2	11155	11156
P48,2	11157	11158
P81,2	11159	11160
P95,2	11161	11162
P171,2	11163	11164
P112,2	11165	11166
P200,2	11167	11168
P113,2	11169	11170
P131,3	11171	11172
P173,2	11173	11174
P58,3	11175	11176
P149,2	11177	11178
P65,2	11179	11180
P85,2	11181	11182
P66,2	11183	11184
P176,2	11185	11186
P28,3	11187	11188
P133,2	11189	11190
P2,2	11191	11192
P116,3	11193	11194
P152,2	11195	11196
P151,2	11197	11198
P134,2	11199	11200
P153,2	11201	11202
P181,2	11203	11204
P67,3	11205	11206
P44,2	11207	11208
P76,2	11209	11210
P35,2	11211	11212
P184,2	11213	11214
P100,2	11215	11216
P53,3	11217	11218
P36,2	11219	11220
P102,2	11221	11222
P69,2	11223	11224
P139,2	11225	11226
P159,3	11227	11228
P78,2	11229	11230
P30,2	11231	11232
P38,3	11233	11234
P161,3	11235	11236
P122,2	11237	11238
P192,2	11239	11240
P55,2	11241	11242
P143,2	11243	11244
P123,2	11245	11246
P107,2	11247	11248
P125,2	11249	11250
P194,3	11251	11252
P126,2	11253	11254
P4,2	11255	11256
P24,3	11257	11258
P109,2	11259	11260
P64,2	11261	11262
P169,3	11263	11264
P127,2	11265	11266
P111,2	11267	11268
P49,3	11269	11270
P17,2	11271	11272
P83,3	11273	11274
P41,3	11275	11276
P130,2	11277	11278
P40,3	11279	11280
P33,3	11281	11282
P96,2	11283	11284
P132,2	11285	11286
P115,2	11287	11288
P50,2	11289	11290
P97,2	11291	11292
P29,3	11293	11294
P177,2	11295	11296
P34,2	11297	11297
P98,2	11298	11299
P60,2	11300	11301
P43,2	11302	11303
P88,2	11304	11305
P154,2	11306	11307
P75,2	11308	11309
P99,2	11310	11311
P137,2	11312	11313
P156,2	11314	11315
P118,2	11316	11317
P185,2	11318	11319
P61,2	11320	11321
P25,2	11322	11323
P46,3	11324	11325
P120,2	11326	11327
P26,2	11328	11329
P188,2	11330	11331
P189,3	11332	11333
P141,3	11334	11335
P91,3	11336	11337
P162,2	11338	11339
P106,2	11340	11341
P15,3	11342	11343
P13,2	11344	11345
P19,3	11346	11347
P107,2	11348	11349
P125,2	11350	11351
P194,3	11352	11353
P126,2	11354	11355
P4,2	11356	11357
P146,2	11358	11359
P48,2	11360	11361
P81,2	11362	11363
P95,2	11364	11365
P171,2	11366	11367
P112,2	11368	11369
P200,2	11370	11371
P113,2	11372	11373
P131,3	11374	11375
P173,2	11376	11377
P58,3	11378	11379
P149,2	11380	11381
P65,2	11382	11383
P85,2	11384	11385
P66,2	11386	11387
P176,2	11388	11389
P28,3	11390	11391
P133,2	11392	11393
P177,2	11394	11395
P34,3	11396	11397
P98,2	11398	11399
P60,2	11400	11401
P43,2	11402	11403
P88,2	11404	11405
P154,2	11406	11407
P44,2	11408	11409
P75,3	11410	11411
P137,2	11412	11413
P156,2	11414	11415
P118,2	11416	11417
P185,2	11418	11419
P61,2	11420	11421
P25,2	11422	11423
P46,3	11424	11425
P120,2	11426	11427
P159,3	11428	11429
P78,2	11430	11431
P30,2	11432	11433
P139,3	11434	11435
P91,3	11436	11437
P162,2	11438	11439
P106,2	11440	11441
P15,3	11442	11443
P13,2	11444	11445
P19,3	11446	11447
P31,2	11448	11449
P125,2	11450	11451
P194,3	11452	11453
P80,3	11454	11455
P195,3	11456	11457
P92,2	11458	11459
P109,2	11460	11461
P64,2	11462	11463
P169,3	11464	11465
P127,2	11466	11467
P111,2	11468	11469
P49,3	11470	11471
P17,2	11472	11473
P83,3	11474	11475
P41,3	11476	11477
P130,2	11478	11479
P40,3	11480	11481
P33,3	11482	11483
P96,2	11484	11485
P132,2	11486	11487
P115,2	11488	11489
P50,2	11490	11491
P97,2	11492	11493
P29,3	11494	11494
P116,3	11495	11496
P152,2	11497	11498
P151,2	11499	11500
P134,2	11501	11502
P153,2	11503	11504
P181,2	11505	11506
P67,3	11507	11508
P99,2	11509	11510
P76,2	11511	11512
P35,2	11513	11514
P184,2	11515	11516
P100,2	11517	11518
P53,3	11519	11520
P36,2	11521	11522
P102,2	11523	11524
P69,2	11525	11526
P26,2	11527	11528
P188,2	11529	11530
P189,3	11531	11532
P141,3	11533	11534
P38,3	11535	11536
P161,3	11537	11538
P122,2	11539	11540
P192,2	11541	11542
P55,2	11543	11544
P19,3	11545	11546
P31,2	11547	11548
P125,2	11549	11550
P194,3	11551	11552
P80,3	11553	11554
P195,3	11555	11556
P146,2	11557	11558
P48,2	11559	11560
P81,2	11561	11562
P169,3	11563	11564
P127,2	11565	11566
P111,2	11567	11568
P49,3	11569	11570
P17,2	11571	11572
P83,3	11573	11574
P41,3	11575	11576
P130,2	11577	11578
P40,3	11579	11580
P33,3	11581	11582
P96,2	11583	11584
P132,2	11585	11586
P115,2	11587	11588
P28,3	11589	11590
P133,2	11591	11592
P116,3	11593	11594
P34,3	11595	11596
P98,2	11597	11598
P60,2	11599	11600
P43,2	11601	11602
P88,2	11603	11604
P154,2	11605	11606
P44,2	11607	11608
P75,3	11609	11610
P137,2	11611	11612
P156,2	11613	11614
P118,2	11615	11616
P185,2	11617	11618
P61,2	11619	11620
P25,2	11621	11622
P120,2	11623	11624
P159,3	11625	11626
P102,3	11627	11628
P189,3	11629	11630
P141,3	11631	11632
P38,3	11633	11634
P161,3	11635	11636
P122,2	11637	11638
P192,2	11639	11640
P55,2	11641	11642
P19,3	11643	11644
P31,2	11645	11646
P125,2	11647	11648
P144,3	11649	11650
P126,2	11651	11652
P92,2	11653	11654
P109,2	11655	11656
P64,2	11657	11658
P4,3	11659	11660
P95,2	11661	11662
P171,2	11663	11664
P112,2	11665	11666
P200,2	11667	11668
P113,2	11669	11670
P131,3	11671	11672
P173,2	11673	11674
P58,3	11675	11676
P149,2	11677	11678
P65,2	11679	11679
P85,2	11680	11681
P66,2	11682	11683
P176,2	11684	11685
P97,2	11686	11687
P177,2	11688	11689
P50,3	11690	11691
P152,2	11692	11693
P151,2	11694	11695
P134,2	11696	11697
P153,2	11698	11699
P181,2	11700	11701
P67,3	11702	11703
P99,2	11704	11705
P76,2	11706	11707
P35,2	11708	11709
P184,2	11710	11711
P100,2	11712	11713
P53,3	11714	11715
P36,2	11716	11717
P69,2	11718	11719
P26,2	11720	11721
P188,2	11722	11723
P78,2	11724	11725
P139,3	11726	11727
P91,3	11728	11729
P162,2	11730	11731
P30,3	11732	11733
P192,2	11734	11735
P55,2	11736	11737
P19,3	11738	11739
P31,2	11740	11740
P123,3	11741	11742
P108,2	11743	11744
P80,3	11745	11746
P195,3	11747	11748
P146,2	11749	11750
P48,2	11751	11752
P81,2	11753	11754
P95,2	11755	11756
P171,2	11757	11758
P112,2	11759	11760
P200,2	11761	11762
P113,2	11763	11764
P131,3	11765	11766
P173,2	11767	11768
P58,3	11769	11770
P149,2	11771	11772
P65,3	11773	11774
P85,2	11775	11776
P66,2	11777	11778
P176,2	11779	11780
P97,2	11781	11782
P177,2	11783	11784
P50,3	11785	11786
P152,2	11787	11788
P151,2	11789	11790
P134,2	11791	11792
P153,2	11793	11794
P181,2	11795	11796
P67,3	11797	11798
P99,2	11799	11800
P76,2	11801	11802
P35,2	11803	11804
P184,2	11805	11806
P100,2	11807	11808
P53,3	11809	11810
P25,2	11811	11812
P120,2	11813	11814
P159,3	11815	11816
P102,3	11817	11818
P189,3	11819	11820
P38,3	11821	11822
P161,3	11823	11824
P122,2	11825	11826
P106,2	11827	11828
P15,3	11829	11830
P143,2	11831	11832
P107,2	11833	11834
P125,2	11835	11836
P108,2	11837	11838
P80,3	11839	11840
P195,3	11841	11842
P146,2	11843	11844
P48,2	11845	11846
P81,2	11847	11848
P95,2	11849	11850
P171,2	11851	11852
P112,2	11853	11854
P200,2	11855	11856
P113,2	11857	11858
P131,3	11859	11860
P173,2	11861	11862
P58,3	11863	11864
P149,2	11865	11866
P65,3	11867	11868
P85,2	11869	11870
P66,2	11871	11872
P176,2	11873	11874
P97,2	11875	11876
P177,2	11877	11878
P50,3	11879	11880
P152,2	11881	11882
P151,2	11883	11884
P134,2	11885	11886
P88,2	11887	11888
P154,2	11889	11890
P44,2	11891	11892
P99,2	11893	11894
P76,2	11895	11896
P35,2	11897	11898
P184,2	11899	11900
P100,2	11901	11902
P53,3	11903	11904
P25,2	11905	11906
P120,2	11907	11908
P159,3	11909	11910
P102,3	11911	11912
P139,3	11913	11914
P91,3	11915	11916
P162,2	11917	11918
P30,3	11919	11920
P192,2	11921	11922
P55,2	11923	11924
P19,3	11925	11926
P123,3	11927	11928
P31,3	11929	11930
P144,3	11931	11932
P126,2	11933	11934
P92,2	11935	11936
P48,2	11937	11938
P81,2	11939	11940
P95,2	11941	11942
P146,3	11943	11944
P111,2	11945	11946
P49,3	11947	11948
P17,2	11949	11950
P83,3	11951	11952
P41,3	11953	11954
P130,2	11955	11956
P40,3	11957	11958
P33,3	11959	11960
P96,2	11961	11962
P132,2	11963	11964
P115,2	11965	11966
P28,3	11967	11968
P133,2	11969	11970
P116,3	11971	11972
P34,3	11973	11974
P98,2	11975	11976
P60,2	11977	11978
P153,2	11979	11980
P181,2	11981	11982
P67,3	11983	11984
P99,2	11985	11986
P76,2	11987	11988
P35,2	11989	11990
P184,2	11991	11992
P100,2	11993	11994
P53,3	11995	11996
P25,2	11997	11998
P120,2	11999	12000
P159,3	12001	12002
P102,3	12003	12004
P189,3	12005	12006
P38,3	12007	12008
P161,3	12009	12010
P122,2	12011	12012
P106,2	12013	12014
P15,3	12015	12016
P143,2	12017	12018
P107,2	12019	12020
P125,2	12021	12022
P108,2	12023	12024
P80,3	12025	12026
P195,3	12027	12028
P109,2	12029	12030
P64,2	12031	12032
P4,3	12033	12034
P127,2	12035	12036
P171,2	12037	12038
P112,2	12039	12040
P200,2	12041	12042
P113,2	12043	12044
P131,3	12045	12046
P173,2	12047	12048
P58,3	12049	12050
P33,3	12051	12052
P96,2	12053	12054
P85,2	12055	12056
P66,2	12057	12058
P176,2	12059	12060
P97,2	12061	12062
P116,3	12063	12064
P34,3	12065	12066
P152,2	12067	12068
P151,2	12069	12070
P134,2	12071	12072
P88,2	12073	12074
P154,2	12075	12076
P43,3	12077	12078
P75,3	12079	12080
P137,2	12081	12082
P156,2	12083	12084
P118,2	12085	12086
P185,2	12087	12088
P61,2	12089	12090
P69,2	12091	12092
P26,2	12093	12094
P188,2	12095	12096
P78,3	12097	12098
P139,3	12099	12100
P91,3	12101	12102
P162,2	12103	12104
P30,3	12105	12106
P192,2	12107	12108
P143,2	12109	12110
P107,2	12111	12112
P125,2	12113	12114
P144,3	12115	12116
P126,2	12117	12118
P92,2	12119	12120
P48,2	12121	12122
P81,2	12123	12124
P127,2	12125	12126
P146,3	12127	12128
P111,2	12129	12130
P200,2	12131	12132
P113,2	12133	12134
P83,3	12135	12136
P41,3	12137	12138
P130,2	12139	12140
P40,3	12141	12142
P65,3	12143	12144
P149,3	12145	12146
P132,2	12147	12148
P115,2	12149	12150
P28,3	12151	12152
P133,2	12153	12154
P50,3	12155	12156
P177,3	12157	12158
P98,2	12159	12160
P60,2	12161	12161
P134,2	12162	12163
P88,2	12164	12165
P154,2	12166	12167
P43,3	12168	12169
P75,3	12170	12171
P137,2	12172	12173
P156,2	12174	12175
P118,2	12176	12177
P185,2	12178	12179
P61,2	12180	12181
P69,2	12182	12183
P26,2	12184	12185
P188,2	12186	12187
P78,3	12188	12189
P139,3	12190	12191
P91,3	12192	12193
P162,2	12194	12195
P122,3	12196	12197
P192,2	12198	12199
P143,2	12200	12201
P107,2	12202	12203
P125,2	12204	12205
P144,3	12206	12207
P126,2	12208	12209
P92,2	12210	12211
P48,2	12212	12213
P81,2	12214	12215
P127,2	12216	12217
P146,3	12218	12219
P111,2	12220	12221
P200,2	12222	12223
P113,2	12224	12225
P83,3	12226	12227
P41,3	12228	12229
P130,2	12230	12231
P40,3	12232	12233
P65,3	12234	12235
P149,3	12236	12237
P132,2	12238	12239
P115,2	12240	12241
P28,3	12242	12243
P133,2	12244	12245
P50,3	12246	12247
P177,3	12248	12249
P98,2	12250	12251
P134,2	12252	12253
P88,2	12254	12255
P154,2	12256	12257
P43,3	12258	12259
P75,3	12260	12261
P137,2	12262	12263
P156,2	12264	12265
P118,2	12266	12267
P185,2	12268	12269
P61,2	12270	12271
P69,2	12272	12273
P26,2	12274	12275
P102,3	12276	12277
P189,3	12278	12279
P38,3	12280	12281
P161,3	12282	12283
P30,3	12284	12285
P106,2	12286	12287
P143,2	12288	12289
P107,2	12290	12291
P125,2	12292	12293
P144,3	12294	12295
P126,2	12296	12297
P92,2	12298	12299
P48,2	12300	12301
P81,2	12302	12303
P127,2	12304	12305
P146,3	12306	12307
P111,2	12308	12309
P200,2	12310	12311
P112,3	12312	12313
P131,3	12314	12315
P173,2	12316	12317
P58,3	12318	12319
P33,3	12320	12321
P96,2	12322	12323
P85,2	12324	12325
P66,2	12326	12327
P176,2	12328	12329
P97,2	12330	12331
P116,3	12332	12333
P34,3	12334	12335
P152,2	12336	12337
P151,2	12338	12339
P153,2	12340	12341
P181,2	12342	12343
P67,3	12344	12345
P99,2	12346	12347
P76,2	12348	12349
P35,2	12350	12351
P184,2	12352	12353
P100,2	12354	12355
P53,3	12356	12357
P25,2	12358	12359
P120,2	12360	12361
P188,2	12362	12363
P78,3	12364	12365
P139,3	12366	12367
P91,3	12368	12369
P162,2	12370	12371
P122,3	12372	12373
P55,2	12374	12375
P19,3	12376	12377
P123,3	12378	12379
P31,3	12380	12381
P80,3	12382	12383
P195,3	12384	12385
P109,2	12386	12387
P64,2	12388	12389
P4,3	12390	12391
P95,3	12392	12393
P171,2	12394	12394
P111,2	12395	12396
P200,2	12397	12398
P112,3	12399	12400
P131,3	12401	12402
P173,2	12403	12404
P58,3	12405	12406
P33,3	12407	12408
P96,2	12409	12410
P85,2	12411	12412
P66,2	12413	12414
P176,2	12415	12416
P97,2	12417	12418
P50,3	12419	12420
P177,3	12421	12422
P98,2	12423	12424
P88,2	12425	12425
P181,2	12426	12427
P67,3	12428	12429
P99,2	12430	12431
P76,2	12432	12433
P35,2	12434	12435
P184,2	12436	12437
P100,2	12438	12439
P25,2	12440	12441
P120,2	12442	12443
P188,2	12444	12445
P78,3	12446	12447
P139,3	12448	12449
P91,3	12450	12451
P162,2	12452	12453
P122,3	12454	12455
P55,2	12456	12456
P143,2	12457	12458
P107,2	12459	12460
P125,2	12461	12462
P144,3	12463	12464
P126,2	12465	12466
P92,2	12467	12468
P48,2	12469	12470
P81,2	12471	12472
P127,2	12473	12474
P146,3	12475	12476
P49,3	12477	12478
P17,2	12479	12480
P83,3	12481	12482
P41,3	12483	12484
P130,2	12485	12486
P40,3	12487	12488
P65,3	12489	12490
P149,3	12491	12492
P66,2	12493	12493
P176,2	12494	12495
P97,2	12496	12497
P116,3	12498	12499
P133,3	12500	12501
P177,3	12502	12503
P98,2	12504	12505
P181,2	12506	12507
P67,3	12508	12509
P99,2	12510	12511
P76,2	12512	12513
P35,2	12514	12515
P184,2	12516	12517
P100,2	12518	12519
P25,2	12520	12521
P120,2	12522	12523
P188,2	12524	12525
P78,3	12526	12527
P139,3	12528	12529
P91,3	12530	12531
P162,2	12532	12533
P122,3	12534	12535
P143,2	12536	12537
P107,2	12538	12539
P125,2	12540	12541
P144,3	12542	12543
P126,2	12544	12545
P92,2	12546	12547
P48,2	12548	12548
P64,2	12549	12550
P4,3	12551	12552
P95,3	12553	12554
P111,2	12555	12556
P200,2	12557	12558
P112,3	12559	12560
P131,3	12561	12562
P173,2	12563	12564
P58,3	12565	12566
P33,3	12567	12568
P96,2	12569	12570
P85,2	12571	12572
P176,2	12573	12574
P97,2	12575	12576
P116,3	12577	12577
P50,3	12578	12579
P34,3	12580	12581
P152,2	12582	12583
P181,2	12584	12585
P67,3	12586	12587
P99,2	12588	12589
P76,2	12590	12591
P35,2	12592	12593
P184,2	12594	12595
P100,2	12596	12597
P25,2	12598	12599
P120,2	12600	12601
P188,2	12602	12603
P78,3	12604	12605
P139,3	12606	12607
P91,3	12608	12609
P162,2	12610	12611
P122,3	12612	12613
P143,2	12614	12615
P107,2	12616	12617
P125,2	12618	12619
P144,3	12620	12621
P126,2	12622	12623
P92,2	12624	12625
P64,2	12626	12627
P4,3	12628	12629
P95,3	12630	12631
P111,2	12632	12633
P200,2	12634	12635
P112,3	12636	12637
P131,3	12638	12639
P173,2	12640	12641
P58,3	12642	12643
P33,3	12644	12645
P96,2	12646	12647
P85,2	12648	12649
P176,2	12650	12651
P97,2	12652	12653
P66,3	12654	12655
P133,3	12656	12657
P177,3	12658	12659
P153,2	12660	12661
P154,2	12662	12662
P43,3	12663	12664
P75,3	12665	12666
P35,2	12667	12668
P184,2	12669	12670
P100,2	12671	12672
P137,3	12673	12674
P69,2	12675	12676
P26,2	12677	12678
P102,3	12679	12680
P189,3	12681	12682
P38,3	12683	12684
P161,3	12685	12686
P30,3	12687	12688
P106,2	12689	12690
P19,3	12691	12692
P123,3	12693	12694
P31,3	12695	12696
P80,3	12697	12698
P195,3	12699	12700
P109,2	12701	12702
P81,2	12703	12704
P127,2	12705	12706
P146,3	12707	12708
P49,3	12709	12710
P112,3	12711	12712
P17,3	12713	12714
P173,2	12715	12716
P58,3	12717	12717
P40,3	12718	12719
P65,3	12720	12721
P149,3	12722	12723
P115,2	12724	12725
P28,3	12726	12727
P132,3	12728	12729
P50,3	12730	12731
P34,3	12732	12733
P152,2	12734	12735
P181,2	12736	12737
P43,3	12738	12739
P75,3	12740	12741
P35,2	12742	12743
P184,2	12744	12745
P100,2	12746	12747
P137,3	12748	12749
P69,2	12750	12751
P26,2	12752	12753
P102,3	12754	12755
P189,3	12756	12757
P38,3	12758	12759
P161,3	12760	12761
P30,3	12762	12763
P106,2	12764	12765
P19,3	12766	12767
P123,3	12768	12769
P31,3	12770	12771
P80,3	12772	12773
P195,3	12774	12775
P109,2	12776	12777
P81,2	12778	12779
P127,2	12780	12781
P146,3	12782	12783
P49,3	12784	12785
P112,3	12786	12787
P17,3	12788	12789
P173,2	12790	12791
P40,3	12792	12793
P65,3	12794	12795
P149,3	12796	12797
P115,2	12798	12799
P28,3	12800	12801
P132,3	12802	12803
P50,3	12804	12805
P34,3	12806	12807
P152,2	12808	12809
P181,2	12810	12811
P43,3	12812	12813
P75,3	12814	12815
P156,2	12816	12817
P118,2	12818	12819
P61,2	12820	12821
P25,2	12822	12823
P120,2	12824	12825
P188,2	12826	12827
P78,3	12828	12829
P139,3	12830	12831
P91,3	12832	12833
P162,2	12834	12835
P122,3	12836	12837
P143,2	12838	12839
P107,2	12840	12841
P31,3	12842	12843
P80,3	12844	12845
P195,3	12846	12847
P109,2	12848	12849
P81,2	12850	12851
P127,2	12852	12853
P146,3	12854	12855
P49,3	12856	12857
P112,3	12858	12859
P17,3	12860	12861
P173,2	12862	12863
P40,3	12864	12865
P65,3	12866	12867
P149,3	12868	12869
P115,2	12870	12870
P28,3	12871	12872
P132,3	12873	12874
P133,3	12875	12876
P177,3	12877	12878
P153,2	12879	12880
P67,3	12881	12882
P99,2	12883	12884
P156,2	12885	12886
P118,2	12887	12888
P61,2	12889	12890
P25,2	12891	12892
P120,2	12893	12894
P188,2	12895	12896
P78,3	12897	12898
P139,3	12899	12900
P91,3	12901	12902
P162,2	12903	12904
P122,3	12905	12906
P143,2	12907	12908
P107,2	12909	12910
P31,3	12911	12912
P126,2	12913	12914
P92,2	12915	12916
P64,2	12917	12918
P4,3	12919	12920
P95,3	12921	12922
P111,2	12923	12924
P200,2	12925	12926
P83,3	12927	12928
P131,3	12929	12929
P173,2	12930	12931
P40,3	12932	12933
P65,3	12934	12935
P149,3	12936	12937
P176,2	12938	12939
P97,2	12940	12941
P66,3	12942	12943
P34,3	12944	12945
P152,2	12946	12947
P181,2	12948	12949
P43,3	12950	12951
P75,3	12952	12952
P184,2	12953	12954
P100,2	12955	12956
P137,3	12957	12958
P69,2	12959	12960
P26,2	12961	12962
P102,3	12963	12964
P189,3	12965	12966
P38,3	12967	12968
P161,3	12969	12970
P30,3	12971	12972
P143,2	12973	12974
P107,2	12975	12976
P31,3	12977	12978
P126,2	12979	12980
P92,2	12981	12981
P64,2	12982	12983
P4,3	12984	12985
P95,3	12986	12987
P111,2	12988	12989
P200,2	12990	12991
P83,3	12992	12993
P173,2	12994	12995
P40,3	12996	12997
P65,3	12998	12999
P149,3	13000	13001
P176,2	13002	13003
P97,2	13004	13004
P132,3	13005	13006
P133,3	13007	13008
P177,3	13009	13010
P153,2	13011	13012
P67,3	13013	13014
P99,2	13015	13016
P184,2	13017	13018
P100,2	13019	13020
P137,3	13021	13022
P69,2	13023	13024
P26,2	13025	13026
P102,3	13027	13028
P189,3	13029	13030
P38,3	13031	13032
P162,2	13033	13034
P122,3	13035	13036
P19,3	13037	13038
P123,3	13039	13040
P80,3	13041	13042
P195,3	13043	13044
P81,2	13045	13046
P127,2	13047	13048
P146,3	13049	13050
P49,3	13051	13052
P112,3	13053	13054
P17,3	13055	13056
P130,2	13057	13058
P33,3	13059	13060
P96,2	13061	13062
P85,2	13063	13064
P28,3	13065	13066
P66,3	13067	13068
P34,3	13069	13070
P177,3	13071	13072
P153,2	13073	13074
P67,3	13075	13076
P99,2	13077	13078
P184,2	13079	13080
P100,2	13081	13082
P137,3	13083	13084
P69,2	13085	13086
P26,2	13087	13088
P102,3	13089	13090
P189,3	13091	13092
P38,3	13093	13094
P162,2	13095	13096
P122,3	13097	13098
P19,3	13099	13100
P123,3	13101	13102
P80,3	13103	13104
P195,3	13105	13106
P81,2	13107	13108
P127,2	13109	13110
P146,3	13111	13112
P49,3	13113	13114
P112,3	13115	13116
P17,3	13117	13118
P130,2	13119	13120
P33,3	13121	13122
P149,3	13123	13124
P96,3	13125	13126
P66,3	13127	13128
P34,3	13129	13130
P177,3	13131	13132
P153,2	13133	13134
P67,3	13135	13136
P99,2	13137	13138
P184,2	13139	13140
P100,2	13141	13142
P137,3	13143	13144
P69,2	13145	13146
P26,2	13147	13148
P102,3	13149	13150
P189,3	13151	13152
P38,3	13153	13154
P162,2	13155	13156
P122,3	13157	13158
P19,3	13159	13160
P123,3	13161	13162
P80,3	13163	13164
P195,3	13165	13166
P81,2	13167	13168
P127,2	13169	13170
P146,3	13171	13172
P49,3	13173	13174
P112,3	13175	13176
P17,3	13177	13178
P130,2	13179	13180
P33,3	13181	13182
P149,3	13183	13184
P96,3	13185	13186
P66,3	13187	13188
P34,3	13189	13190
P177,3	13191	13192
P153,2	13193	13194
P67,3	13195	13196
P99,2	13197	13198
P184,2	13199	13200
P100,2	13201	13202
P137,3	13203	13204
P69,2	13205	13206
P26,2	13207	13208
P102,3	13209	13210
P189,3	13211	13212
P38,3	13213	13214
P162,2	13215	13216
P122,3	13217	13218
P19,3	13219	13220
P123,3	13221	13222
P126,2	13223	13224
P64,2	13225	13226
P4,3	13227	13228
P95,3	13229	13230
P49,3	13231	13232
P112,3	13233	13234
P17,3	13235	13236
P111,3	13237	13238
P40,3	13239	13240
P65,3	13241	13242
P176,2	13243	13244
P132,3	13245	13246
P133,3	13247	13248
P97,3	13249	13250
P152,2	13251	13252
P181,2	13253	13254
P43,3	13255	13256
P156,2	13257	13258
P118,2	13259	13260
P61,2	13261	13262
P25,2	13263	13264
P120,2	13265	13266
P102,3	13267	13268
P189,3	13269	13270
P38,3	13271	13272
P162,2	13273	13274
P122,3	13275	13276
P19,3	13277	13278
P123,3	13279	13280
P195,3	13281	13282
P81,2	13283	13284
P127,2	13285	13286
P146,3	13287	13288
P200,2	13289	13290
P83,3	13291	13292
P173,2	13293	13294
P130,2	13295	13296
P33,3	13297	13298
P149,3	13299	13300
P96,3	13301	13302
P66,3	13303	13304
P34,3	13305	13306
P177,3	13307	13308
P153,2	13309	13310
P67,3	13311	13312
P99,2	13313	13314
P184,2	13315	13316
P100,2	13317	13318
P137,3	13319	13320
P69,2	13321	13322
P188,2	13323	13324
P78,3	13325	13326
P139,3	13327	13328
P161,3	13329	13330
P30,3	13331	13332
P19,3	13333	13334
P123,3	13335	13336
P195,3	13337	13338
P143,3	13339	13340
P4,3	13341	13342
P95,3	13343	13344
P49,3	13345	13346
P112,3	13347	13348
P17,3	13349	13350
P111,3	13351	13352
P40,3	13353	13354
P65,3	13355	13356
P176,2	13357	13358
P132,3	13359	13360
P133,3	13361	13362
P97,3	13363	13364
P152,2	13365	13366
P181,2	13367	13368
P43,3	13369	13370
P156,2	13371	13372
P118,2	13373	13374
P137,3	13375	13376
P61,3	13377	13378
P120,2	13379	13380
P102,3	13381	13382
P189,3	13383	13384
P38,3	13385	13386
P162,2	13387	13388
P122,3	13389	13390
P107,2	13391	13391
P31,3	13392	13393
P64,2	13394	13395
P81,2	13396	13397
P127,2	13398	13399
P146,3	13400	13401
P200,2	13402	13403
P83,3	13404	13405
P173,2	13406	13407
P130,2	13408	13409
P33,3	13410	13411
P149,3	13412	13413
P96,3	13414	13415
P66,3	13416	13417
P34,3	13418	13419
P177,3	13420	13421
P153,2	13422	13422
P67,3	13423	13424
P99,2	13425	13426
P184,2	13427	13428
P100,2	13429	13430
P25,2	13431	13432
P69,2	13433	13434
P188,2	13435	13436
P78,3	13437	13438
P139,3	13439	13440
P161,3	13441	13442
P30,3	13443	13444
P19,3	13445	13445
P123,3	13446	13447
P195,3	13448	13449
P107,3	13450	13451
P81,2	13452	13453
P127,2	13454	13455
P146,3	13456	13457
P112,3	13458	13458
P17,3	13459	13460
P111,3	13461	13462
P40,3	13463	13464
P65,3	13465	13466
P176,2	13467	13467
P96,3	13468	13469
P66,3	13470	13471
P34,3	13472	13473
P177,3	13474	13475
P181,2	13476	13477
P43,3	13478	13479
P156,2	13480	13481
P118,2	13482	13483
P137,3	13484	13485
P61,3	13486	13487
P120,2	13488	13489
P102,3	13490	13491
P189,3	13492	13493
P38,3	13494	13495
P162,2	13496	13497
P122,3	13498	13499
P31,3	13500	13501
P64,2	13502	13503
P143,3	13504	13505
P4,3	13506	13507
P95,3	13508	13509
P200,2	13510	13511
P17,3	13512	13513
P111,3	13514	13515
P40,3	13516	13517
P65,3	13518	13519
P96,3	13520	13521
P66,3	13522	13523
P34,3	13524	13525
P177,3	13526	13527
P181,2	13528	13529
P99,2	13530	13531
P184,2	13532	13533
P100,2	13534	13535
P25,2	13536	13537
P69,2	13538	13539
P188,2	13540	13541
P78,3	13542	13543
P139,3	13544	13545
P161,3	13546	13547
P30,3	13548	13549
P123,3	13550	13551
P195,3	13552	13553
P107,3	13554	13555
P81,2	13556	13557
P127,2	13558	13559
P146,3	13560	13561
P83,3	13562	13563
P173,2	13564	13565
P130,2	13566	13567
P33,3	13568	13569
P149,3	13570	13571
P132,3	13572	13573
P133,3	13574	13575
P97,3	13576	13577
P152,2	13578	13579
P43,3	13580	13581
P156,2	13582	13583
P100,2	13584	13584
P137,3	13585	13586
P61,3	13587	13588
P188,2	13589	13590
P78,3	13591	13592
P139,3	13593	13594
P161,3	13595	13596
P122,3	13597	13598
P31,3	13599	13600
P64,2	13601	13602
P143,3	13603	13604
P4,3	13605	13606
P95,3	13607	13608
P200,2	13609	13610
P17,3	13611	13612
P111,3	13613	13614
P40,3	13615	13615
P33,3	13616	13617
P149,3	13618	13619
P132,3	13620	13620
P133,3	13621	13622
P97,3	13623	13624
P181,2	13625	13626
P99,2	13627	13627
P156,2	13628	13629
P137,3	13630	13631
P25,2	13632	13633
P120,2	13634	13635
P100,3	13636	13637
P78,3	13638	13639
P139,3	13640	13641
P161,3	13642	13643
P122,3	13644	13645
P31,3	13646	13647
P64,2	13648	13649
P143,3	13650	13651
P4,3	13652	13653
P95,3	13654	13655
P200,2	13656	13657
P17,3	13658	13659
P111,3	13660	13661
P33,3	13662	13663
P149,3	13664	13665
P66,3	13666	13667
P34,3	13668	13669
P177,3	13670	13671
P43,3	13672	13673
P99,3	13674	13675
P137,3	13676	13677
P25,2	13678	13679
P120,2	13680	13681
P100,3	13682	13683
P78,3	13684	13685
P139,3	13686	13687
P161,3	13688	13689
P122,3	13690	13691
P31,3	13692	13692
P64,2	13693	13694
P143,3	13695	13696
P4,3	13697	13698
P95,3	13699	13700
P200,2	13701	13702
P17,3	13703	13704
P111,3	13705	13706
P33,3	13707	13708
P149,3	13709	13710
P66,3	13711	13712
P34,3	13713	13714
P177,3	13715	13715
P181,2	13716	13717
P156,2	13718	13719
P118,2	13720	13721
P184,3	13722	13723
P61,3	13724	13725
P100,3	13726	13727
P78,3	13728	13729
P139,3	13730	13731
P120,3	13732	13733
P162,2	13734	13735
P123,3	13736	13737
P64,2	13738	13739
P143,3	13740	13741
P127,2	13742	13743
P81,3	13744	13745
P200,2	13746	13747
P173,2	13748	13749
P130,2	13750	13751
P65,3	13752	13753
P96,3	13754	13755
P133,3	13756	13757
P97,3	13758	13759
P156,2	13760	13761
P99,3	13762	13763
P137,3	13764	13765
P25,2	13766	13767
P188,2	13768	13769
P102,3	13770	13771
P189,3	13772	13773
P38,3	13774	13775
P161,3	13776	13777
P123,3	13778	13779
P107,3	13780	13781
P143,3	13782	13783
P127,2	13784	13785
P95,3	13786	13787
P146,3	13788	13789
P173,2	13790	13791
P130,2	13792	13793
P65,3	13794	13795
P149,3	13796	13797
P66,3	13798	13799
P34,3	13800	13801
P43,3	13802	13803
P181,3	13804	13805
P118,2	13806	13807
P184,3	13808	13809
P61,3	13810	13811
P100,3	13812	13813
P78,3	13814	13815
P139,3	13816	13817
P120,3	13818	13819
P122,3	13820	13821
P195,3	13822	13823
P162,3	13824	13825
P4,3	13826	13827
P64,3	13828	13829
P81,3	13830	13831
P17,3	13832	13833
P111,3	13834	13835
P33,3	13836	13837
P200,3	13838	13839
P96,3	13840	13841
P133,3	13842	13843
P97,3	13844	13845
P156,2	13846	13847
P99,3	13848	13849
P137,3	13850	13851
P25,2	13852	13853
P188,2	13854	13855
P102,3	13856	13857
P189,3	13858	13859
P38,3	13860	13861
P122,3	13862	13863
P195,3	13864	13865
P162,3	13866	13867
P4,3	13868	13869
P64,3	13870	13871
P81,3	13872	13873
P17,3	13874	13875
P111,3	13876	13877
P33,3	13878	13879
P200,3	13880	13881
P96,3	13882	13883
P133,3	13884	13885
P97,3	13886	13887
P99,3	13888	13889
P137,3	13890	13890
P184,3	13891	13892
P61,3	13893	13894
P100,3	13895	13896
P78,3	13897	13897
P139,3	13898	13899
P120,3	13900	13901
P123,3	13902	13903
P107,3	13904	13905
P143,3	13906	13907
P127,2	13908	13909
P95,3	13910	13911
P146,3	13912	13913
P173,2	13914	13915
P130,2	13916	13916
P33,3	13917	13918
P149,3	13919	13920
P66,3	13921	13922
P34,3	13923	13924
P181,3	13925	13926
P118,2	13927	13928
P25,2	13929	13930
P188,2	13931	13932
P102,3	13933	13934
P139,3	13935	13936
P120,3	13937	13938
P123,3	13939	13940
P107,3	13941	13942
P143,3	13943	13944
P127,2	13945	13946
P95,3	13947	13948
P146,3	13949	13950
P173,2	13951	13952
P33,3	13953	13954
P149,3	13955	13956
P66,3	13957	13958
P34,3	13959	13960
P181,3	13961	13962
P118,2	13963	13964
P25,2	13965	13965
P188,2	13966	13967
P102,3	13968	13969
P139,3	13970	13971
P120,3	13972	13973
P123,3	13974	13975
P107,3	13976	13977
P143,3	13978	13979
P127,2	13980	13981
P95,3	13982	13982
P17,3	13983	13984
P111,3	13985	13986
P200,3	13987	13988
P96,3	13989	13990
P133,3	13991	13992
P97,3	13993	13994
P99,3	13995	13996
P184,3	13997	13998
P100,3	13999	14000
P139,3	14001	14002
P38,3	14003	14004
P122,3	14005	14006
P195,3	14007	14008
P162,3	14009	14010
P4,3	14011	14012
P64,3	14013	14014
P17,3	14015	14016
P111,3	14017	14018
P200,3	14019	14020
P96,3	14021	14022
P133,3	14023	14024
P97,3	14025	14026
P99,3	14027	14028
P184,3	14029	14030
P100,3	14031	14032
P139,3	14033	14034
P38,3	14035	14036
P122,3	14037	14038
P195,3	14039	14040
P162,3	14041	14042
P4,3	14043	14044
P64,3	14045	14046
P17,3	14047	14048
P111,3	14049	14050
P200,3	14051	14052
P96,3	14053	14054
P133,3	14055	14056
P181,3	14057	14058
P118,2	14059	14060
P61,3	14061	14062
P102,3	14063	14064
P25,3	14065	14066
P120,3	14067	14068
P195,3	14069	14070
P162,3	14071	14072
P4,3	14073	14074
P64,3	14075	14076
P17,3	14077	14078
P111,3	14079	14080
P200,3	14081	14082
P96,3	14083	14084
P133,3	14085	14086
P181,3	14087	14088
P118,2	14089	14089
P61,3	14090	14091
P102,3	14092	14093
P25,3	14094	14095
P120,3	14096	14097
P195,3	14098	14099
P162,3	14100	14101
P4,3	14102	14103
P64,3	14104	14105
P17,3	14106	14107
P33,3	14108	14109
P149,3	14110	14111
P66,3	14112	14113
P97,3	14114	14115
P99,3	14116	14117
P61,3	14118	14119
P102,3	14120	14121
P38,3	14122	14123
P122,3	14124	14125
P107,3	14126	14127
P143,3	14128	14129
P127,2	14130	14131
P81,3	14132	14133
P173,3	14134	14135
P33,3	14136	14137
P149,3	14138	14139
P66,3	14140	14141
P97,3	14142	14143
P99,3	14144	14145
P61,3	14146	14147
P102,3	14148	14149
P38,3	14150	14151
P122,3	14152	14153
P107,3	14154	14155
P143,3	14156	14157
P64,3	14158	14159
P127,3	14160	14161
P173,3	14162	14163
P200,3	14164	14165
P96,3	14166	14167
P133,3	14168	14169
P181,3	14170	14171
P184,3	14172	14173
P100,3	14174	14175
P25,3	14176	14177
P120,3	14178	14179
P195,3	14180	14181
P162,3	14182	14183
P4,3	14184	14185
P81,3	14186	14187
P17,3	14188	14189
P111,3	14190	14191
P149,3	14192	14193
P66,3	14194	14195
P97,3	14196	14197
P99,3	14198	14199
P61,3	14200	14201
P102,3	14202	14203
P38,3	14204	14205
P122,3	14206	14207
P107,3	14208	14209
P143,3	14210	14211
P64,3	14212	14213
P127,3	14214	14215
P173,3	14216	14217
P200,3	14218	14219
P96,3	14220	14221
P133,3	14222	14222
P97,3	14223	14224
P99,3	14225	14226
P61,3	14227	14228
P102,3	14229	14230
P38,3	14231	14232
P122,3	14233	14234
P107,3	14235	14236
P143,3	14237	14238
P64,3	14239	14240
P127,3	14241	14242
P173,3	14243	14244
P200,3	14245	14246
P96,3	14247	14248
P97,3	14249	14250
P99,3	14251	14252
P61,3	14253	14254
P102,3	14255	14256
P38,3	14257	14258
P122,3	14259	14260
P107,3	14261	14262
P143,3	14263	14264
P64,3	14265	14266
P127,3	14267	14268
P173,3	14269	14270
P200,3	14271	14272
P96,3	14273	14274
P97,3	14275	14276
P99,3	14277	14278
P61,3	14279	14280
P102,3	14281	14282
P38,3	14283	14284
P122,3	14285	14286
P162,3	14287	14288
P4,3	14289	14290
P81,3	14291	14292
P173,3	14293	14294
P200,3	14295	14296
P96,3	14297	14298
P97,3	14299	14300
P99,3	14301	14301
P61,3	14302	14303
P102,3	14304	14305
P38,3	14306	14307
P122,3	14308	14309
P162,3	14310	14311
P4,3	14312	14313
P81,3	14314	14315
P173,3	14316	14317
P200,3	14318	14319
P96,3	14320	14321
P97,3	14322	14323
P184,3	14324	14324
P61,3	14325	14326
P102,3	14327	14328
P38,3	14329	14330
P122,3	14331	14332
P162,3	14333	14334
P4,3	14335	14336
P81,3	14337	14338
P173,3	14339	14340
P200,3	14341	14342
P96,3	14343	14344
P97,3	14345	14346
P61,3	14347	14348
P102,3	14349	14350
P38,3	14351	14352
P122,3	14353	14354
P162,3	14355	14356
P4,3	14357	14358
P81,3	14359	14360
P173,3	14361	14362
P200,3	14363	14364
P96,3	14365	14366
P97,3	14367	14368
P61,3	14369	14370
P102,3	14371	14372
P38,3	14373	14374
P122,3	14375	14376
P162,3	14377	14378
P4,3	14379	14380
P81,3	14381	14382
P173,3	14383	14384
P200,3	14385	14386
P96,3	14387	14388
P97,3	14389	14389
P61,3	14390	14391
P102,3	14392	14393
P38,3	14394	14395
P122,3	14396	14397
P162,3	14398	14399
P4,3	14400	14401
P81,3	14402	14403
P173,3	14404	14405
P200,3	14406	14407
P96,3	14408	14409
P181,3	14410	14411
P100,3	14412	14413
P25,3	14414	14415
P122,3	14416	14417
P162,3	14418	14419
P4,3	14420	14421
P81,3	14422	14423
P173,3	14424	14425
P200,3	14426	14427
P96,3	14428	14429
P61,3	14430	14431
P25,3	14432	14433
P122,3	14434	14435
P162,3	14436	14437
P4,3	14438	14439
P81,3	14440	14441
P173,3	14442	14443
P200,3	14444	14445
P96,3	14446	14447
P61,3	14448	14449
P25,3	14450	14451
P122,3	14452	14452
P107,3	14453	14454
P143,3	14455	14456
P64,3	14457	14458
P127,3	14459	14460
P111,3	14461	14462
P149,3	14463	14464
P181,3	14465	14466
P100,3	14467	14468
P107,3	14469	14470
P143,3	14471	14472
P64,3	14473	14474
P173,3	14475	14476
P200,3	14477	14478
P96,3	14479	14480
P61,3	14481	14482
P25,3	14483	14484
P162,3	14485	14486
P4,3	14487	14488
P127,3	14489	14490
P111,3	14491	14492
P149,3	14493	14494
P181,3	14495	14496
P25,3	14497	14498
P162,3	14499	14500
P4,3	14501	14501
P64,3	14502	14503
P173,3	14504	14505
P200,3	14506	14507
P96,3	14508	14509
P100,3	14510	14511
P107,3	14512	14513
P143,3	14514	14515
P173,3	14516	14517
P200,3	14518	14519
P96,3	14520	14521
P100,3	14522	14523
P107,3	14524	14525
P143,3	14526	14527
P173,3	14528	14528
P111,3	14529	14530
P149,3	14531	14532
P181,3	14533	14534
P25,3	14535	14536
P162,3	14537	14538
P127,3	14539	14540
P200,3	14541	14542
P181,3	14543	14544
P107,3	14545	14546
P143,3	14547	14548
P111,3	14549	14550
P96,3	14551	14552
P100,3	14553	14554
P162,3	14555	14556
P127,3	14557	14558
P200,3	14559	14560
P181,3	14561	14562
P107,3	14563	14564
P143,3	14565	14566
P111,3	14567	14568
P96,3	14569	14570
P100,3	14571	14572
P162,3	14573	14574
P127,3	14575	14576
P200,3	14577	14578
P181,3	14579	14580
P107,3	14581	14582
P127,3	14583	14584
P96,3	14585	14585
P100,3	14586	14586
P107,3	14587	14588
P127,3	14589	14590
P181,3	14591	14592
P162,3	14593	14594
P200,3	14595	14596
P107,3	14597	14598
P127,3	14599	14600
P181,3	14601	14602
P162,3	14603	14604
P200,3	14605	14606
P107,3	14607	14608
P127,3	14609	14610
P181,3	14611	14612
P162,3	14613	14614
P200,3	14615	14616
P107,3	14617	14618
P127,3	14619	14620
P181,3	14621	14622
P162,3	14623	14624
P200,3	14625	14626
P107,3	14627	14628
P127,3	14629	14630
P181,3	14631	14632
P162,3	14633	14634
P200,3	14635	14636
P107,3	14637	14638
P127,3	14639	14640
P181,3	14641	14642
P162,3	14643	14644
P200,3	14645	14646
P107,3	14647	14648
P127,3	14649	14650
P181,3	14651	14652
P162,3	14653	14654
P200,3	14655	14656
P107,3	14657	14658
P127,3	14659	14660
P181,3	14661	14662
P127,3	14663	14664
P162,3	14665	14666
P200,3	14667	14668
P127,3	14669	14670
P162,3	14671	14672
P200,3	14673	14673
P127,3	14674	14681
