CPU0
P1,1	10	17
P2,1	18	21
P1,1	22	23
P3,1	24	27
P2,1	28	29
P1,1	30	31
P4,1	32	33
P5,1	34	35
P6,1	36	37
P4,1	38	39
P5,1	40	41
P6,1	42	43
P7,1	44	47
P3,1	48	49
P2,1	50	51
P1,1	52	53
P8,1	54	57
P4,1	58	59
P5,1	60	61
P6,1	62	63
P9,1	64	67
P7,1	68	69
P3,1	70	71
P2,1	72	73
P1,1	74	75
P10,1	76	79
P11,1	80	83
P8,1	84	85
P12,1	86	87
P13,1	88	89
P14,1	90	91
P12,1	92	93
P13,1	94	95
P14,1	96	97
P15,1	98	101
P4,1	102	103
P16,1	104	105
P17,1	106	107
P18,1	108	109
P16,1	110	111
P17,1	112	113
P19,1	114	115
P20,1	116	117
P18,1	118	119
P19,1	120	121
P20,1	122	123
P5,1	124	125
P21,1	126	127
P22,1	128	129
P23,1	130	131
P21,1	132	133
P22,1	134	135
P24,1	136	137
P23,1	138	139
P24,1	140	141
P6,1	142	143
P9,1	144	145
P25,1	146	149
P26,1	150	153
P7,1	154	155
P3,1	156	157
P2,1	158	159
P1,1	160	161
P27,1	162	165
P28,1	166	167
P29,1	168	169
P28,1	170	171
P29,1	172	173
P10,1	174	175
P30,1	176	179
P11,1	180	181
P31,1	182	185
P8,1	186	187
P32,1	188	189
P33,1	190	191
P32,1	192	193
P34,1	194	195
P33,1	196	197
P35,1	198	199
P36,1	200	201
P37,1	202	203
P38,1	204	205
P34,1	206	207
P35,1	208	209
P36,1	210	211
P37,1	212	213
P39,1	214	215
P38,1	216	217
P39,1	218	219
P40,1	220	221
P41,1	222	223
P42,1	224	225
P43,1	226	227
P40,1	228	229
P44,1	230	231
P45,1	232	233
P46,1	234	235
P41,1	236	237
P42,1	238	239
P47,1	240	241
P43,1	242	243
P44,1	244	245
P45,1	246	247
P46,1	248	249
P48,1	250	251
P47,1	252	253
P49,1	254	255
P48,1	256	257
P49,1	258	259
P12,1	260	261
P13,1	262	263
P50,1	264	265
P51,1	266	267
P50,1	268	269
P52,1	270	271
P53,1	272	273
P51,1	274	275
P54,1	276	277
P52,1	278	279
P53,1	280	281
P54,1	282	283
P14,1	284	285
P55,1	286	289
P15,1	290	291
P56,1	292	295
P4,1	296	297
P16,1	298	299
P17,1	300	301
P57,1	302	305
P58,1	306	307
P59,1	308	309
P58,1	310	311
P59,1	312	313
P60,1	314	317
P18,1	318	319
P19,1	320	321
P20,1	322	323
P61,1	324	327
P5,1	328	329
P21,1	330	331
P22,1	332	333
P23,1	334	335
P62,1	336	339
P63,1	340	343
P24,1	344	345
P6,1	346	347
P9,1	348	349
P25,1	350	351
P64,1	352	355
P26,1	356	357
P7,1	358	359
P3,1	360	361
P2,1	362	363
P65,1	364	365
P66,1	366	367
P65,1	368	369
P66,1	370	371
P1,1	372	373
P67,1	374	377
P27,1	378	379
P28,1	380	381
P29,1	382	383
P68,1	384	387
P69,1	388	391
P10,1	392	393
P30,1	394	395
P70,1	396	399
P11,1	400	401
P31,1	402	403
P71,1	404	407
P8,1	408	409
P32,1	410	411
P33,1	412	413
P72,1	414	417
P34,1	418	419
P35,1	420	421
P36,1	422	423
P37,1	424	425
P73,1	426	429
P38,1	430	431
P39,1	432	433
P74,1	434	437
P40,1	438	439
P75,1	440	443
P41,1	444	445
P76,1	446	449
P42,1	450	451
P43,1	452	453
P77,1	454	457
P44,1	458	459
P45,1	460	461
P78,1	462	463
P79,1	464	465
P78,1	466	467
P79,1	468	469
P46,1	470	471
P47,1	472	473
P80,1	474	477
P48,1	478	479
P49,1	480	481
P81,1	482	485
P12,1	486	487
P82,1	488	489
P83,1	490	491
P82,1	492	493
P83,1	494	495
P84,1	496	499
P85,1	500	501
P86,1	502	503
P85,1	504	505
P86,1	506	507
P13,1	508	509
P87,1	510	513
P88,1	514	517
P50,1	518	519
P51,1	520	521
P52,1	522	523
P89,1	524	527
P53,1	528	529
P54,1	530	531
P90,1	532	535
P14,1	536	537
P55,1	538	539
P15,1	540	541
P91,1	542	545
P56,1	546	547
P4,1	548	549
P16,1	550	551
P17,1	552	553
P92,1	554	555
P93,1	556	557
P92,1	558	559
P93,1	560	561
P57,1	562	563
P94,1	564	567
P95,1	568	571
P58,1	572	573
P59,1	574	575
P60,1	576	577
P18,1	578	579
P96,1	580	583
P19,1	584	585
P97,1	586	589
P20,1	590	591
P98,1	592	595
P61,1	596	597
P5,1	598	599
P21,1	600	601
P22,1	602	603
P99,1	604	605
P100,1	606	607
P99,1	608	609
P101,1	610	611
P102,1	612	613
P100,1	614	615
P103,1	616	617
P104,1	618	619
P101,1	620	621
P102,1	622	623
P103,1	624	625
P104,1	626	627
P105,1	628	629
P106,1	630	631
P105,1	632	633
P106,1	634	635
P23,1	636	637
P62,1	638	639
P63,1	640	641
P107,1	642	643
P108,1	644	645
P107,1	646	647
P109,1	648	649
P108,1	650	651
P109,1	652	653
P24,1	654	655
P6,1	656	657
P110,1	658	659
P111,1	660	661
P112,1	662	663
P113,1	664	665
P110,1	666	667
P114,1	668	669
P111,1	670	671
P112,1	672	673
P113,1	674	675
P114,1	676	677
P9,1	678	679
P115,1	680	683
P116,1	684	687
P25,1	688	689
P117,1	690	693
P64,1	694	695
P26,1	696	697
P7,1	698	699
P3,1	700	701
P118,1	702	705
P119,1	706	709
P2,1	710	711
P65,1	712	713
P66,1	714	715
P120,1	716	719
P1,1	720	721
P67,1	722	723
P27,1	724	725
P121,1	726	729
P28,1	730	731
P122,1	732	735
P29,1	736	737
P68,1	738	739
P123,1	740	743
P124,1	744	745
P125,1	746	747
P126,1	748	749
P124,1	750	751
P125,1	752	753
P126,1	754	755
P69,1	756	757
P127,1	758	761
P128,1	762	763
P129,1	764	765
P128,1	766	767
P129,1	768	769
P10,1	770	771
P130,1	772	773
P131,1	774	775
P130,1	776	777
P131,1	778	779
P30,1	780	781
P132,1	782	785
P70,1	786	787
P11,1	788	789
P133,1	790	793
P31,1	794	795
P71,1	796	797
P8,1	798	799
P32,1	800	801
P134,1	802	805
P135,1	806	809
P136,1	810	813
P33,1	814	815
P72,1	816	817
P137,1	818	821
P138,1	822	825
P34,1	826	827
P35,1	828	829
P36,1	830	831
P139,1	832	835
P37,1	836	837
P140,1	838	841
P73,1	842	843
P38,1	844	845
P141,1	846	849
P39,1	850	851
P74,1	852	853
P40,1	854	855
P142,1	856	859
P143,1	860	863
P75,1	864	865
P41,1	866	867
P76,1	868	869
P144,1	870	871
P145,1	872	873
P144,1	874	875
P146,1	876	877
P145,1	878	879
P146,1	880	881
P42,1	882	883
P43,1	884	885
P77,1	886	887
P147,1	888	891
P44,1	892	893
P45,1	894	895
P148,1	896	899
P78,1	900	901
P79,1	902	903
P46,1	904	905
P47,1	906	907
P149,1	908	911
P80,1	912	913
P48,1	914	915
P49,1	916	917
P150,1	918	921
P81,1	922	923
P12,1	924	925
P151,1	926	927
P152,1	928	929
P151,1	930	931
P152,1	932	933
P82,1	934	935
P83,1	936	937
P153,1	938	939
P154,1	940	941
P153,1	942	943
P155,1	944	945
P154,1	946	947
P155,1	948	949
P156,1	950	953
P84,1	954	955
P85,1	956	957
P86,1	958	959
P13,1	960	961
P157,1	962	965
P158,1	966	969
P159,1	970	973
P87,1	974	975
P160,1	976	979
P161,1	980	981
P162,1	982	983
P161,1	984	985
P162,1	986	987
P88,1	988	989
P50,1	990	991
P51,1	992	993
P163,1	994	995
P164,1	996	997
P165,1	998	999
P163,1	1000	1001
P164,1	1002	1003
P165,1	1004	1005
P52,1	1006	1007
P166,1	1008	1009
P167,1	1010	1011
P166,1	1012	1013
P167,1	1014	1015
P89,1	1016	1017
P53,1	1018	1019
P54,1	1020	1021
P168,1	1022	1025
P90,1	1026	1027
P169,1	1028	1029
P170,1	1030	1031
P169,1	1032	1033
P170,1	1034	1035
P14,1	1036	1037
P171,1	1038	1041
P172,1	1042	1045
P55,1	1046	1047
P15,1	1048	1049
P91,1	1050	1051
P56,1	1052	1053
P173,1	1054	1057
P4,1	1058	1059
P16,1	1060	1061
P174,1	1062	1065
P17,1	1066	1067
P175,1	1068	1069
P176,1	1070	1071
P177,1	1072	1073
P178,1	1074	1075
P175,1	1076	1077
P179,1	1078	1079
P176,1	1080	1081
P177,1	1082	1083
P180,1	1084	1085
P181,1	1086	1087
P178,1	1088	1089
P179,1	1090	1091
P182,1	1092	1093
P183,1	1094	1095
P184,1	1096	1097
P180,1	1098	1099
P181,1	1100	1101
P182,1	1102	1103
P185,1	1104	1105
P186,1	1106	1107
P183,1	1108	1109
P184,1	1110	1111
P185,1	1112	1113
P186,1	1114	1115
P92,1	1116	1117
P187,1	1118	1121
P93,1	1122	1123
P57,1	1124	1125
P94,1	1126	1127
P188,1	1128	1131
P95,1	1132	1133
P58,1	1134	1135
P59,1	1136	1137
P189,1	1138	1139
P190,1	1140	1141
P189,1	1142	1143
P190,1	1144	1145
P191,1	1146	1149
P60,1	1150	1151
P18,1	1152	1153
P192,1	1154	1157
P96,1	1158	1159
P19,1	1160	1161
P193,1	1162	1165
P97,1	1166	1167
P20,1	1168	1169
P98,1	1170	1171
P194,1	1172	1173
P195,1	1174	1175
P194,1	1176	1177
P195,1	1178	1179
P61,1	1180	1181
P5,1	1182	1183
P196,1	1184	1187
P21,1	1188	1189
P22,1	1190	1191
P99,1	1192	1193
P197,1	1194	1197
P198,1	1198	1201
P100,1	1202	1203
P101,1	1204	1205
P199,1	1206	1209
P102,1	1210	1211
P200,1	1212	1215
P103,1	1216	1217
P104,1	1218	1219
P105,1	1220	1221
P106,1	1222	1223
P23,1	1224	1225
P62,1	1226	1227
P63,1	1228	1229
P107,1	1230	1231
P108,1	1232	1233
P109,1	1234	1235
P24,1	1236	1237
P6,1	1238	1239
P110,1	1240	1241
P111,1	1242	1243
P112,1	1244	1245
P113,1	1246	1247
P114,1	1248	1249
P9,1	1250	1251
P115,1	1252	1253
P116,1	1254	1255
P25,1	1256	1257
P117,1	1258	1259
P64,1	1260	1261
P26,1	1262	1263
P7,1	1264	1265
P3,1	1266	1267
P118,1	1268	1269
P119,1	1270	1271
P2,1	1272	1273
P65,1	1274	1275
P66,1	1276	1277
P120,1	1278	1279
P1,1	1280	1281
P67,1	1282	1283
P27,1	1284	1285
P121,1	1286	1287
P28,1	1288	1289
P122,1	1290	1291
P29,1	1292	1293
P68,1	1294	1295
P123,1	1296	1297
P124,1	1298	1299
P125,1	1300	1301
P126,1	1302	1303
P69,1	1304	1305
P127,1	1306	1307
P128,1	1308	1309
P129,1	1310	1311
P10,1	1312	1313
P130,1	1314	1315
P131,1	1316	1317
P30,1	1318	1319
P132,1	1320	1321
P70,1	1322	1323
P11,1	1324	1325
P133,1	1326	1327
P31,1	1328	1329
P71,1	1330	1331
P8,1	1332	1333
P32,1	1334	1335
P134,1	1336	1337
P135,1	1338	1339
P136,1	1340	1341
P33,1	1342	1343
P72,1	1344	1345
P137,1	1346	1347
P138,1	1348	1349
P34,1	1350	1351
P35,1	1352	1353
P36,1	1354	1355
P139,1	1356	1357
P37,1	1358	1359
P140,1	1360	1361
P73,1	1362	1363
P38,1	1364	1365
P141,1	1366	1367
P39,1	1368	1369
P74,1	1370	1371
P40,1	1372	1373
P142,1	1374	1375
P143,1	1376	1377
P75,1	1378	1379
P41,1	1380	1381
P76,1	1382	1383
P144,1	1384	1385
P145,1	1386	1387
P146,1	1388	1389
P42,1	1390	1391
P43,1	1392	1393
P77,1	1394	1395
P147,1	1396	1397
P44,1	1398	1399
P45,1	1400	1401
P148,1	1402	1403
P78,1	1404	1405
P79,1	1406	1407
P46,1	1408	1409
P47,1	1410	1411
P149,1	1412	1413
P80,1	1414	1415
P48,1	1416	1417
P49,1	1418	1419
P150,1	1420	1421
P81,1	1422	1423
P12,1	1424	1425
P151,1	1426	1427
P152,1	1428	1429
P82,1	1430	1431
P83,1	1432	1433
P153,1	1434	1435
P154,1	1436	1437
P155,1	1438	1439
P156,1	1440	1441
P84,1	1442	1443
P85,1	1444	1445
P86,1	1446	1447
P13,1	1448	1449
P157,1	1450	1451
P158,1	1452	1453
P159,1	1454	1455
P87,1	1456	1457
P160,1	1458	1459
P161,1	1460	1461
P162,1	1462	1463
P88,1	1464	1465
P50,1	1466	1467
P51,1	1468	1469
P163,1	1470	1471
P164,1	1472	1473
P165,1	1474	1475
P52,1	1476	1477
P166,1	1478	1479
P167,1	1480	1481
P89,1	1482	1483
P53,1	1484	1485
P54,1	1486	1487
P168,1	1488	1489
P90,1	1490	1491
P169,1	1492	1493
P170,1	1494	1495
P14,1	1496	1497
P171,1	1498	1499
P172,1	1500	1501
P55,1	1502	1503
P15,1	1504	1505
P91,1	1506	1507
P56,1	1508	1509
P173,1	1510	1511
P4,1	1512	1513
P16,1	1514	1515
P174,1	1516	1517
P17,1	1518	1519
P175,1	1520	1521
P176,1	1522	1523
P177,1	1524	1525
P178,1	1526	1527
P179,1	1528	1529
P180,1	1530	1531
P181,1	1532	1533
P182,1	1534	1535
P183,1	1536	1537
P184,1	1538	1539
P185,1	1540	1541
P186,1	1542	1543
P92,1	1544	1545
P187,1	1546	1547
P93,1	1548	1549
P57,1	1550	1551
P94,1	1552	1553
P188,1	1554	1555
P95,1	1556	1557
P58,1	1558	1559
P59,1	1560	1561
P189,1	1562	1563
P190,1	1564	1565
P191,1	1566	1567
P60,1	1568	1569
P18,1	1570	1571
P192,1	1572	1573
P96,1	1574	1575
P19,1	1576	1577
P193,1	1578	1579
P97,1	1580	1581
P20,1	1582	1583
P98,1	1584	1585
P194,1	1586	1587
P195,1	1588	1589
P61,1	1590	1591
P5,1	1592	1593
P196,1	1594	1595
P21,1	1596	1597
P22,1	1598	1599
P99,1	1600	1601
P197,1	1602	1603
P198,1	1604	1605
P100,1	1606	1607
P101,1	1608	1609
P199,1	1610	1611
P102,1	1612	1613
P200,1	1614	1615
P103,1	1616	1617
P104,1	1618	1619
P105,1	1620	1621
P106,1	1622	1623
P23,1	1624	1625
P62,1	1626	1627
P63,1	1628	1629
P107,1	1630	1631
P108,1	1632	1633
P109,1	1634	1635
P24,1	1636	1637
P6,1	1638	1639
P110,1	1640	1641
P111,1	1642	1643
P112,1	1644	1645
P113,1	1646	1647
P114,1	1648	1649
P9,1	1650	1651
P115,1	1652	1653
P116,1	1654	1655
P25,1	1656	1657
P117,1	1658	1659
P64,1	1660	1661
P26,1	1662	1663
P7,1	1664	1665
P3,1	1666	1667
P118,1	1668	1669
P119,1	1670	1671
P2,1	1672	1673
P65,1	1674	1675
P66,1	1676	1677
P120,1	1678	1679
P1,1	1680	1681
P67,1	1682	1683
P27,1	1684	1685
P121,1	1686	1687
P28,1	1688	1689
P122,1	1690	1691
P29,1	1692	1693
P68,1	1694	1695
P123,1	1696	1697
P124,1	1698	1699
P125,1	1700	1701
P126,1	1702	1703
P69,1	1704	1705
P127,1	1706	1707
P128,1	1708	1709
P129,1	1710	1711
P10,1	1712	1713
P130,1	1714	1715
P131,1	1716	1717
P30,1	1718	1719
P132,1	1720	1721
P70,1	1722	1723
P11,1	1724	1725
P133,1	1726	1727
P31,1	1728	1729
P71,1	1730	1731
P8,1	1732	1733
P32,1	1734	1735
P134,1	1736	1737
P135,1	1738	1739
P136,1	1740	1741
P33,1	1742	1743
P72,1	1744	1745
P137,1	1746	1747
P138,1	1748	1749
P34,1	1750	1751
P35,1	1752	1753
P36,1	1754	1755
P139,1	1756	1757
P37,1	1758	1759
P140,1	1760	1761
P73,1	1762	1763
P38,1	1764	1765
P141,1	1766	1767
P39,1	1768	1769
P74,1	1770	1771
P40,1	1772	1773
P142,1	1774	1775
P143,1	1776	1777
P75,1	1778	1779
P41,1	1780	1781
P76,1	1782	1783
P144,1	1784	1785
P145,1	1786	1787
P146,1	1788	1789
P42,1	1790	1791
P43,1	1792	1793
P77,1	1794	1795
P147,1	1796	1797
P44,1	1798	1799
P45,1	1800	1801
P148,1	1802	1803
P78,1	1804	1805
P79,1	1806	1807
P46,1	1808	1809
P47,1	1810	1811
P149,1	1812	1813
P80,1	1814	1815
P48,1	1816	1817
P49,1	1818	1819
P150,1	1820	1821
P81,1	1822	1823
P12,1	1824	1825
P151,1	1826	1827
P152,1	1828	1829
P82,1	1830	1831
P83,1	1832	1833
P153,1	1834	1835
P154,1	1836	1837
P155,1	1838	1839
P156,1	1840	1841
P84,1	1842	1843
P85,1	1844	1845
P86,1	1846	1847
P13,1	1848	1849
P157,1	1850	1851
P158,1	1852	1853
P159,1	1854	1855
P87,1	1856	1857
P160,1	1858	1859
P161,1	1860	1861
P162,1	1862	1863
P88,1	1864	1865
P50,1	1866	1867
P51,1	1868	1869
P163,1	1870	1871
P164,1	1872	1873
P165,1	1874	1875
P52,1	1876	1877
P166,1	1878	1879
P167,1	1880	1881
P89,1	1882	1883
P53,1	1884	1885
P54,1	1886	1887
P168,1	1888	1889
P90,1	1890	1891
P169,1	1892	1893
P170,1	1894	1895
P14,1	1896	1897
P171,1	1898	1899
P172,1	1900	1901
P55,1	1902	1903
P15,1	1904	1905
P91,1	1906	1907
P56,1	1908	1909
P173,1	1910	1911
P4,1	1912	1913
P16,1	1914	1915
P174,1	1916	1917
P17,1	1918	1919
P175,1	1920	1921
P176,1	1922	1923
P177,1	1924	1925
P178,1	1926	1927
P179,1	1928	1929
P180,1	1930	1931
P181,1	1932	1933
P182,1	1934	1935
P183,1	1936	1937
P184,1	1938	1939
P185,1	1940	1941
P186,1	1942	1943
P92,1	1944	1945
P187,1	1946	1947
P93,1	1948	1949
P57,1	1950	1951
P94,1	1952	1953
P188,1	1954	1955
P95,1	1956	1957
P58,1	1958	1959
P59,1	1960	1961
P189,1	1962	1963
P190,1	1964	1965
P191,1	1966	1967
P60,1	1968	1969
P18,1	1970	1971
P192,1	1972	1973
P96,1	1974	1975
P19,1	1976	1977
P193,1	1978	1979
P97,1	1980	1981
P20,1	1982	1983
P98,1	1984	1985
P194,1	1986	1987
P195,1	1988	1989
P61,1	1990	1991
P5,1	1992	1993
P196,1	1994	1995
P21,1	1996	1997
P22,1	1998	1999
P99,1	2000	2001
P197,1	2002	2003
P198,1	2004	2005
P100,1	2006	2007
P101,1	2008	2009
P199,1	2010	2011
P102,1	2012	2013
P200,1	2014	2015
P103,1	2016	2017
P104,1	2018	2019
P105,1	2020	2021
P106,1	2022	2023
P23,1	2024	2025
P62,1	2026	2027
P63,1	2028	2029
P107,1	2030	2031
P108,1	2032	2033
P109,1	2034	2035
P24,1	2036	2037
P6,1	2038	2039
P110,1	2040	2041
P111,1	2042	2043
P112,1	2044	2045
P113,1	2046	2047
P114,1	2048	2049
P9,1	2050	2051
P115,1	2052	2053
P116,1	2054	2055
P25,1	2056	2057
P117,1	2058	2059
P64,1	2060	2061
P26,1	2062	2063
P7,1	2064	2065
P3,1	2066	2067
P118,1	2068	2069
P119,1	2070	2071
P2,1	2072	2073
P65,1	2074	2075
P66,1	2076	2077
P120,1	2078	2079
P1,1	2080	2081
P67,1	2082	2083
P27,1	2084	2085
P121,1	2086	2087
P28,1	2088	2089
P122,1	2090	2091
P29,1	2092	2093
P68,1	2094	2095
P123,1	2096	2097
P124,1	2098	2099
P125,1	2100	2101
P126,1	2102	2103
P69,1	2104	2105
P127,1	2106	2107
P128,1	2108	2109
P129,1	2110	2111
P10,1	2112	2113
P130,1	2114	2115
P131,1	2116	2117
P30,1	2118	2119
P132,1	2120	2121
P70,1	2122	2123
P11,1	2124	2125
P133,1	2126	2127
P31,1	2128	2129
P71,1	2130	2131
P8,1	2132	2133
P32,1	2134	2135
P134,1	2136	2137
P135,1	2138	2139
P136,1	2140	2141
P33,1	2142	2143
P72,1	2144	2145
P137,1	2146	2147
P138,1	2148	2149
P34,1	2150	2151
P35,1	2152	2153
P36,1	2154	2155
P139,1	2156	2157
P37,1	2158	2159
P140,1	2160	2161
P73,1	2162	2163
P38,1	2164	2165
P141,1	2166	2167
P39,1	2168	2169
P74,1	2170	2171
P40,1	2172	2173
P142,1	2174	2175
P143,1	2176	2177
P75,1	2178	2179
P41,1	2180	2181
P76,1	2182	2183
P144,1	2184	2185
P145,1	2186	2187
P146,1	2188	2189
P42,1	2190	2191
P43,1	2192	2193
P77,1	2194	2195
P147,1	2196	2197
P44,1	2198	2199
P45,1	2200	2201
P148,1	2202	2203
P78,1	2204	2205
P79,1	2206	2207
P46,1	2208	2209
P47,1	2210	2211
P149,1	2212	2213
P80,1	2214	2215
P48,1	2216	2217
P49,1	2218	2219
P150,1	2220	2221
P81,1	2222	2223
P12,1	2224	2225
P151,1	2226	2227
P152,1	2228	2229
P82,1	2230	2231
P83,1	2232	2233
P153,1	2234	2235
P154,1	2236	2237
P155,1	2238	2239
P156,1	2240	2241
P84,1	2242	2243
P85,1	2244	2245
P86,1	2246	2247
P13,1	2248	2249
P157,1	2250	2251
P158,1	2252	2253
P159,1	2254	2255
P87,1	2256	2257
P160,1	2258	2259
P161,1	2260	2261
P162,1	2262	2263
P88,1	2264	2265
P50,1	2266	2267
P51,1	2268	2269
P163,1	2270	2271
P164,1	2272	2273
P165,1	2274	2275
P52,1	2276	2277
P166,1	2278	2279
P167,1	2280	2281
P89,1	2282	2283
P53,1	2284	2285
P54,1	2286	2287
P168,1	2288	2289
P90,1	2290	2291
P169,1	2292	2293
P170,1	2294	2295
P14,1	2296	2297
P171,1	2298	2299
P172,1	2300	2301
P55,1	2302	2303
P15,1	2304	2305
P91,1	2306	2307
P56,1	2308	2309
P173,1	2310	2311
P4,1	2312	2313
P16,1	2314	2315
P174,1	2316	2317
P17,1	2318	2319
P175,1	2320	2321
P176,1	2322	2323
P177,1	2324	2325
P178,1	2326	2327
P179,1	2328	2329
P180,1	2330	2331
P181,1	2332	2333
P182,1	2334	2335
P183,1	2336	2337
P184,1	2338	2339
P185,1	2340	2341
P186,1	2342	2343
P92,1	2344	2345
P187,1	2346	2347
P93,1	2348	2349
P57,1	2350	2351
P94,1	2352	2353
P188,1	2354	2355
P95,1	2356	2357
P58,1	2358	2359
P59,1	2360	2361
P189,1	2362	2363
P190,1	2364	2365
P191,1	2366	2367
P60,1	2368	2369
P18,1	2370	2371
P192,1	2372	2373
P96,1	2374	2375
P19,1	2376	2377
P193,1	2378	2379
P97,1	2380	2381
P20,1	2382	2383
P98,1	2384	2385
P194,1	2386	2387
P195,1	2388	2389
P61,1	2390	2391
P5,1	2392	2393
P196,1	2394	2395
P21,1	2396	2397
P22,1	2398	2399
P99,1	2400	2401
P197,1	2402	2403
P198,1	2404	2405
P100,1	2406	2407
P101,1	2408	2409
P199,1	2410	2411
P102,1	2412	2413
P200,1	2414	2415
P103,1	2416	2417
P104,1	2418	2419
P105,1	2420	2421
P106,1	2422	2423
P23,1	2424	2425
P62,1	2426	2427
P63,1	2428	2429
P107,1	2430	2431
P108,1	2432	2433
P109,1	2434	2435
P24,1	2436	2437
P6,1	2438	2439
P110,1	2440	2441
P111,1	2442	2443
P112,1	2444	2445
P113,1	2446	2447
P114,1	2448	2449
P9,1	2450	2451
P115,1	2452	2453
P116,1	2454	2455
P25,1	2456	2457
P117,1	2458	2459
P64,1	2460	2461
P26,1	2462	2463
P7,1	2464	2465
P3,1	2466	2467
P118,1	2468	2469
P119,1	2470	2471
P2,1	2472	2473
P65,1	2474	2475
P66,1	2476	2477
P120,1	2478	2479
P1,1	2480	2481
P67,1	2482	2483
P27,1	2484	2485
P121,1	2486	2487
P28,1	2488	2489
P122,1	2490	2491
P29,1	2492	2493
P68,1	2494	2495
P123,1	2496	2497
P124,1	2498	2499
P125,1	2500	2501
P126,1	2502	2503
P69,1	2504	2505
P127,1	2506	2507
P128,1	2508	2509
P129,1	2510	2511
P10,1	2512	2513
P130,1	2514	2515
P131,1	2516	2517
P30,1	2518	2519
P132,1	2520	2521
P70,1	2522	2523
P11,1	2524	2525
P133,1	2526	2527
P31,1	2528	2529
P71,1	2530	2531
P8,1	2532	2533
P32,1	2534	2535
P134,1	2536	2537
P135,1	2538	2539
P136,1	2540	2541
P33,1	2542	2543
P72,1	2544	2545
P137,1	2546	2547
P138,1	2548	2549
P34,1	2550	2551
P35,1	2552	2553
P36,1	2554	2555
P139,1	2556	2557
P37,1	2558	2559
P140,1	2560	2561
P73,1	2562	2563
P38,1	2564	2565
P141,1	2566	2567
P39,1	2568	2569
P74,1	2570	2571
P40,1	2572	2573
P142,1	2574	2575
P143,1	2576	2577
P75,1	2578	2579
P41,1	2580	2581
P76,1	2582	2583
P144,1	2584	2585
P145,1	2586	2587
P146,1	2588	2589
P42,1	2590	2591
P43,1	2592	2593
P77,1	2594	2595
P147,1	2596	2597
P44,1	2598	2599
P45,1	2600	2601
P148,1	2602	2603
P78,1	2604	2605
P79,1	2606	2607
P46,1	2608	2609
P47,1	2610	2611
P149,1	2612	2613
P80,1	2614	2615
P48,1	2616	2617
P49,1	2618	2619
P150,1	2620	2621
P81,1	2622	2623
P12,1	2624	2625
P151,1	2626	2627
P152,1	2628	2629
P82,1	2630	2631
P83,1	2632	2633
P153,1	2634	2635
P154,1	2636	2637
P155,1	2638	2639
P156,1	2640	2641
P84,1	2642	2643
P85,1	2644	2645
P86,1	2646	2647
P13,1	2648	2649
P157,1	2650	2651
P158,1	2652	2653
P159,1	2654	2655
P87,1	2656	2657
P160,1	2658	2659
P161,1	2660	2661
P162,1	2662	2663
P88,1	2664	2665
P50,1	2666	2667
P51,1	2668	2669
P163,1	2670	2671
P164,1	2672	2673
P165,1	2674	2675
P52,1	2676	2677
P166,1	2678	2679
P167,1	2680	2681
P89,1	2682	2683
P53,1	2684	2685
P54,1	2686	2687
P168,1	2688	2689
P90,1	2690	2691
P169,1	2692	2693
P170,1	2694	2695
P14,1	2696	2697
P171,1	2698	2699
P172,1	2700	2701
P55,1	2702	2703
P15,1	2704	2705
P91,1	2706	2707
P56,1	2708	2709
P173,1	2710	2711
P4,1	2712	2713
P16,1	2714	2715
P174,1	2716	2717
P17,1	2718	2719
P175,1	2720	2721
P176,1	2722	2723
P177,1	2724	2725
P178,1	2726	2727
P179,1	2728	2729
P180,1	2730	2731
P181,1	2732	2733
P182,1	2734	2735
P183,1	2736	2737
P184,1	2738	2739
P185,1	2740	2741
P186,1	2742	2743
P92,1	2744	2745
P187,1	2746	2747
P93,1	2748	2749
P57,1	2750	2751
P94,1	2752	2753
P188,1	2754	2755
P95,1	2756	2757
P58,1	2758	2759
P59,1	2760	2761
P189,1	2762	2763
P190,1	2764	2765
P191,1	2766	2767
P60,1	2768	2769
P18,1	2770	2771
P192,1	2772	2773
P96,1	2774	2775
P19,1	2776	2777
P193,1	2778	2779
P97,1	2780	2781
P20,1	2782	2783
P98,1	2784	2785
P194,1	2786	2787
P195,1	2788	2789
P61,1	2790	2791
P5,1	2792	2793
P196,1	2794	2795
P21,1	2796	2797
P22,1	2798	2799
P99,1	2800	2801
P197,1	2802	2803
P198,1	2804	2805
P100,1	2806	2807
P101,1	2808	2809
P199,1	2810	2811
P102,1	2812	2813
P200,1	2814	2815
P103,1	2816	2817
P104,1	2818	2819
P105,1	2820	2821
P106,1	2822	2823
P23,1	2824	2825
P62,1	2826	2827
P63,1	2828	2829
P107,1	2830	2831
P108,1	2832	2833
P109,1	2834	2835
P24,1	2836	2837
P6,1	2838	2839
P110,1	2840	2841
P111,1	2842	2843
P112,1	2844	2845
P113,1	2846	2847
P114,1	2848	2849
P9,1	2850	2851
P115,1	2852	2853
P116,1	2854	2855
P25,1	2856	2857
P117,1	2858	2859
P64,1	2860	2861
P26,1	2862	2863
P7,1	2864	2865
P3,1	2866	2867
P118,1	2868	2869
P119,1	2870	2871
P2,1	2872	2873
P65,1	2874	2875
P66,1	2876	2877
P120,1	2878	2879
P1,1	2880	2881
P67,1	2882	2883
P27,1	2884	2885
P121,1	2886	2887
P28,1	2888	2889
P122,1	2890	2891
P29,1	2892	2893
P68,1	2894	2895
P123,1	2896	2897
P124,1	2898	2899
P125,1	2900	2901
P126,1	2902	2903
P69,1	2904	2905
P127,1	2906	2907
P128,1	2908	2909
P129,1	2910	2911
P10,1	2912	2913
P130,1	2914	2915
P131,1	2916	2917
P30,1	2918	2919
P132,1	2920	2921
P70,1	2922	2923
P11,1	2924	2925
P133,1	2926	2927
P31,1	2928	2929
P71,1	2930	2931
P8,1	2932	2933
P32,1	2934	2935
P134,1	2936	2937
P135,1	2938	2939
P136,1	2940	2941
P33,1	2942	2943
P72,1	2944	2945
P137,1	2946	2947
P138,1	2948	2949
P34,1	2950	2951
P35,1	2952	2953
P36,1	2954	2955
P139,1	2956	2957
P37,1	2958	2959
P140,1	2960	2961
P73,1	2962	2963
P38,1	2964	2965
P141,1	2966	2967
P39,1	2968	2969
P74,1	2970	2971
P40,1	2972	2973
P142,1	2974	2975
P143,1	2976	2977
P75,1	2978	2979
P41,1	2980	2981
P76,1	2982	2983
P144,1	2984	2985
P145,1	2986	2987
P146,1	2988	2989
P42,1	2990	2991
P43,1	2992	2993
P77,1	2994	2995
P147,1	2996	2997
P44,1	2998	2999
P45,1	3000	3001
P148,1	3002	3003
P78,1	3004	3005
P79,1	3006	3007
P46,1	3008	3009
P47,1	3010	3011
P149,1	3012	3013
P80,1	3014	3015
P48,1	3016	3017
P49,1	3018	3019
P150,1	3020	3021
P81,1	3022	3023
P12,1	3024	3025
P151,1	3026	3027
P152,1	3028	3029
P82,1	3030	3031
P83,1	3032	3033
P153,1	3034	3035
P154,1	3036	3037
P155,1	3038	3039
P156,1	3040	3041
P84,1	3042	3043
P85,1	3044	3045
P86,1	3046	3047
P13,1	3048	3049
P157,1	3050	3051
P158,1	3052	3053
P159,1	3054	3055
P87,1	3056	3057
P160,1	3058	3059
P161,1	3060	3061
P162,1	3062	3063
P88,1	3064	3065
P50,1	3066	3067
P51,1	3068	3069
P163,1	3070	3071
P164,1	3072	3073
P165,1	3074	3075
P52,1	3076	3077
P166,1	3078	3079
P167,1	3080	3081
P89,1	3082	3083
P53,1	3084	3085
P54,1	3086	3087
P168,1	3088	3089
P90,1	3090	3091
P169,1	3092	3093
P170,1	3094	3095
P14,1	3096	3097
P171,1	3098	3099
P172,1	3100	3101
P55,1	3102	3103
P15,1	3104	3105
P91,1	3106	3107
P56,1	3108	3109
P173,1	3110	3111
P4,1	3112	3113
P16,1	3114	3115
P174,1	3116	3117
P17,1	3118	3119
P175,1	3120	3121
P176,1	3122	3123
P177,1	3124	3125
P178,1	3126	3127
P179,1	3128	3129
P180,1	3130	3131
P181,1	3132	3133
P182,1	3134	3135
P183,1	3136	3137
P184,1	3138	3139
P185,1	3140	3141
P186,1	3142	3143
P92,1	3144	3145
P187,1	3146	3147
P93,1	3148	3149
P57,1	3150	3151
P94,1	3152	3153
P188,1	3154	3155
P95,1	3156	3157
P58,1	3158	3159
P59,1	3160	3161
P189,1	3162	3163
P190,1	3164	3165
P191,1	3166	3167
P60,1	3168	3169
P18,1	3170	3171
P192,1	3172	3173
P96,1	3174	3175
P19,1	3176	3177
P193,1	3178	3179
P97,1	3180	3181
P20,1	3182	3183
P98,1	3184	3185
P194,1	3186	3187
P195,1	3188	3189
P61,1	3190	3191
P5,1	3192	3193
P196,1	3194	3195
P21,1	3196	3197
P22,1	3198	3199
P99,1	3200	3201
P197,1	3202	3203
P198,1	3204	3205
P100,1	3206	3207
P101,1	3208	3209
P199,1	3210	3211
P102,1	3212	3213
P200,1	3214	3215
P103,1	3216	3217
P104,1	3218	3219
P105,1	3220	3221
P106,1	3222	3223
P23,1	3224	3225
P62,1	3226	3227
P63,1	3228	3229
P107,1	3230	3231
P108,1	3232	3233
P109,1	3234	3235
P24,1	3236	3237
P6,1	3238	3239
P110,1	3240	3241
P111,1	3242	3243
P112,1	3244	3245
P113,1	3246	3247
P114,1	3248	3249
P9,1	3250	3251
P115,1	3252	3253
P116,1	3254	3255
P25,1	3256	3257
P117,1	3258	3259
P64,1	3260	3261
P26,1	3262	3263
P7,1	3264	3265
P3,1	3266	3267
P118,1	3268	3269
P119,1	3270	3271
P2,1	3272	3273
P65,1	3274	3275
P66,1	3276	3277
P120,1	3278	3279
P1,1	3280	3281
P67,1	3282	3283
P27,1	3284	3285
P121,1	3286	3287
P28,1	3288	3289
P122,1	3290	3291
P29,1	3292	3293
P68,1	3294	3295
P123,1	3296	3297
P124,1	3298	3299
P125,1	3300	3301
P126,1	3302	3303
P69,1	3304	3305
P127,1	3306	3307
P128,1	3308	3309
P129,1	3310	3311
P10,1	3312	3313
P130,1	3314	3315
P131,1	3316	3317
P30,1	3318	3319
P132,1	3320	3321
P70,1	3322	3323
P11,1	3324	3325
P133,1	3326	3327
P31,1	3328	3329
P71,1	3330	3331
P8,1	3332	3333
P32,1	3334	3335
P134,1	3336	3337
P135,1	3338	3339
P136,1	3340	3341
P33,1	3342	3343
P72,1	3344	3345
P137,1	3346	3347
P138,1	3348	3349
P34,1	3350	3351
P35,1	3352	3353
P36,1	3354	3355
P139,1	3356	3357
P37,1	3358	3359
P140,1	3360	3361
P73,1	3362	3363
P38,1	3364	3365
P141,1	3366	3367
P39,1	3368	3369
P74,1	3370	3371
P40,1	3372	3373
P142,1	3374	3375
P143,1	3376	3377
P75,1	3378	3379
P41,1	3380	3381
P76,1	3382	3383
P144,1	3384	3385
P145,1	3386	3387
P146,1	3388	3389
P42,1	3390	3391
P43,1	3392	3393
P77,1	3394	3395
P147,1	3396	3397
P44,1	3398	3399
P45,1	3400	3401
P148,1	3402	3403
P78,1	3404	3405
P79,1	3406	3407
P46,1	3408	3409
P47,1	3410	3411
P149,1	3412	3413
P80,1	3414	3415
P48,1	3416	3417
P49,1	3418	3419
P150,1	3420	3421
P81,1	3422	3423
P12,1	3424	3425
P151,1	3426	3427
P152,1	3428	3429
P82,1	3430	3431
P83,1	3432	3433
P153,1	3434	3435
P154,1	3436	3437
P155,1	3438	3439
P156,1	3440	3441
P84,1	3442	3443
P85,1	3444	3445
P86,1	3446	3447
P13,1	3448	3449
P157,1	3450	3451
P158,1	3452	3453
P159,1	3454	3455
P87,1	3456	3457
P160,1	3458	3459
P161,1	3460	3461
P162,1	3462	3463
P88,1	3464	3465
P50,1	3466	3467
P51,1	3468	3469
P163,1	3470	3471
P164,1	3472	3473
P165,1	3474	3475
P52,1	3476	3477
P166,1	3478	3479
P167,1	3480	3481
P89,1	3482	3483
P53,1	3484	3485
P54,1	3486	3487
P168,1	3488	3489
P90,1	3490	3491
P169,1	3492	3493
P170,1	3494	3495
P14,1	3496	3497
P171,1	3498	3499
P172,1	3500	3501
P55,1	3502	3503
P15,1	3504	3505
P91,1	3506	3507
P56,1	3508	3509
P173,1	3510	3511
P4,1	3512	3513
P16,1	3514	3515
P174,1	3516	3517
P17,1	3518	3519
P175,1	3520	3521
P176,1	3522	3523
P177,1	3524	3525
P178,1	3526	3527
P179,1	3528	3529
P180,1	3530	3531
P181,1	3532	3533
P182,1	3534	3535
P183,1	3536	3537
P184,1	3538	3539
P185,1	3540	3541
P186,1	3542	3543
P92,1	3544	3545
P187,1	3546	3547
P93,1	3548	3549
P57,1	3550	3551
P94,1	3552	3553
P188,1	3554	3555
P95,1	3556	3557
P58,1	3558	3559
P59,1	3560	3561
P189,1	3562	3563
P190,1	3564	3565
P191,1	3566	3567
P60,1	3568	3569
P18,1	3570	3571
P192,1	3572	3573
P96,1	3574	3575
P19,1	3576	3577
P193,1	3578	3579
P97,1	3580	3581
P20,1	3582	3583
P98,1	3584	3585
P194,1	3586	3587
P195,1	3588	3589
P61,1	3590	3591
P5,1	3592	3593
P196,1	3594	3595
P21,1	3596	3597
P22,1	3598	3599
P99,1	3600	3601
P197,1	3602	3603
P198,1	3604	3605
P100,1	3606	3607
P101,1	3608	3609
P199,1	3610	3611
P102,1	3612	3613
P200,1	3614	3615
P103,1	3616	3617
P104,1	3618	3619
P105,1	3620	3621
P106,1	3622	3623
P23,1	3624	3625
P62,1	3626	3627
P63,1	3628	3629
P107,1	3630	3631
P108,1	3632	3633
P109,1	3634	3635
P24,1	3636	3637
P6,1	3638	3639
P110,1	3640	3641
P111,1	3642	3643
P112,1	3644	3645
P113,1	3646	3647
P114,1	3648	3649
P9,1	3650	3651
P115,1	3652	3653
P116,1	3654	3655
P25,1	3656	3657
P117,1	3658	3659
P64,1	3660	3661
P26,1	3662	3663
P7,1	3664	3665
P3,1	3666	3667
P118,1	3668	3669
P119,1	3670	3671
P2,1	3672	3673
P65,1	3674	3675
P66,1	3676	3677
P120,1	3678	3679
P1,1	3680	3681
P67,1	3682	3683
P27,1	3684	3685
P121,1	3686	3687
P28,1	3688	3689
P122,1	3690	3691
P29,1	3692	3693
P68,1	3694	3695
P123,1	3696	3697
P124,1	3698	3699
P125,1	3700	3701
P126,1	3702	3703
P69,1	3704	3705
P127,1	3706	3707
P128,1	3708	3709
P129,1	3710	3711
P10,1	3712	3713
P130,1	3714	3715
P131,1	3716	3717
P30,1	3718	3719
P132,1	3720	3721
P70,1	3722	3723
P11,1	3724	3725
P133,1	3726	3727
P31,1	3728	3729
P71,1	3730	3731
P8,1	3732	3733
P32,1	3734	3735
P134,1	3736	3737
P135,1	3738	3739
P136,1	3740	3741
P33,1	3742	3743
P72,1	3744	3745
P137,1	3746	3747
P138,1	3748	3749
P34,1	3750	3751
P35,1	3752	3753
P36,1	3754	3755
P139,1	3756	3757
P37,1	3758	3759
P140,1	3760	3761
P73,1	3762	3763
P38,1	3764	3765
P141,1	3766	3767
P39,1	3768	3769
P74,1	3770	3771
P40,1	3772	3773
P142,1	3774	3775
P143,1	3776	3777
P75,1	3778	3779
P41,1	3780	3781
P76,1	3782	3783
P144,1	3784	3785
P145,1	3786	3787
P146,1	3788	3789
P42,1	3790	3791
P43,1	3792	3793
P77,1	3794	3795
P147,1	3796	3797
P44,1	3798	3799
P45,1	3800	3801
P148,1	3802	3803
P78,1	3804	3805
P79,1	3806	3807
P46,1	3808	3809
P47,1	3810	3811
P149,1	3812	3813
P80,1	3814	3815
P48,1	3816	3817
P49,1	3818	3819
P150,1	3820	3821
P81,1	3822	3823
P12,1	3824	3825
P151,1	3826	3827
P152,1	3828	3829
P82,1	3830	3831
P83,1	3832	3833
P153,1	3834	3835
P154,1	3836	3837
P155,1	3838	3839
P156,1	3840	3841
P84,1	3842	3843
P85,1	3844	3845
P86,1	3846	3847
P13,1	3848	3849
P157,1	3850	3851
P158,1	3852	3853
P159,1	3854	3855
P87,1	3856	3857
P160,1	3858	3859
P161,1	3860	3861
P162,1	3862	3863
P88,1	3864	3865
P50,1	3866	3867
P51,1	3868	3869
P163,1	3870	3871
P164,1	3872	3873
P165,1	3874	3875
P52,1	3876	3877
P166,1	3878	3879
P167,1	3880	3881
P89,1	3882	3883
P53,1	3884	3885
P54,1	3886	3887
P168,1	3888	3889
P90,1	3890	3891
P169,1	3892	3893
P170,1	3894	3895
P14,1	3896	3897
P171,1	3898	3899
P172,1	3900	3901
P55,1	3902	3903
P15,1	3904	3905
P91,1	3906	3907
P56,1	3908	3909
P173,1	3910	3911
P4,1	3912	3913
P16,1	3914	3915
P174,1	3916	3917
P17,1	3918	3919
P175,1	3920	3921
P176,1	3922	3923
P177,1	3924	3925
P178,1	3926	3927
P179,1	3928	3929
P180,1	3930	3931
P181,1	3932	3933
P182,1	3934	3935
P183,1	3936	3937
P184,1	3938	3939
P185,1	3940	3941
P186,1	3942	3943
P92,1	3944	3945
P187,1	3946	3947
P93,1	3948	3949
P57,1	3950	3951
P94,1	3952	3953
P188,1	3954	3955
P95,1	3956	3957
P58,1	3958	3959
P59,1	3960	3961
P189,1	3962	3963
P190,1	3964	3965
P191,1	3966	3967
P60,1	3968	3969
P18,1	3970	3971
P192,1	3972	3973
P96,1	3974	3975
P19,1	3976	3977
P193,1	3978	3979
P97,1	3980	3981
P20,1	3982	3983
P98,1	3984	3985
P194,1	3986	3987
P195,1	3988	3989
P61,1	3990	3991
P5,1	3992	3993
P196,1	3994	3995
P21,1	3996	3997
P22,1	3998	3999
P99,1	4000	4001
P197,1	4002	4003
P198,1	4004	4005
P100,1	4006	4007
P101,1	4008	4009
P199,1	4010	4011
P102,1	4012	4013
P200,1	4014	4015
P103,1	4016	4017
P104,1	4018	4019
P105,1	4020	4021
P106,1	4022	4023
P23,1	4024	4025
P62,1	4026	4027
P63,1	4028	4029
P107,1	4030	4031
P108,1	4032	4033
P109,1	4034	4035
P24,1	4036	4037
P6,1	4038	4039
P110,1	4040	4041
P111,1	4042	4043
P112,1	4044	4045
P113,1	4046	4047
P114,1	4048	4049
P9,1	4050	4051
P115,1	4052	4053
P116,1	4054	4055
P25,1	4056	4057
P117,1	4058	4059
P64,1	4060	4061
P26,1	4062	4063
P7,1	4064	4065
P3,1	4066	4067
P118,1	4068	4069
P119,1	4070	4071
P2,1	4072	4073
P65,1	4074	4075
P66,1	4076	4077
P120,1	4078	4079
P1,1	4080	4081
P67,1	4082	4083
P27,1	4084	4085
P121,1	4086	4087
P28,1	4088	4089
P122,1	4090	4091
P29,1	4092	4093
P68,1	4094	4095
P123,1	4096	4097
P124,1	4098	4099
P125,1	4100	4101
P126,1	4102	4103
P69,1	4104	4105
P127,1	4106	4107
P128,1	4108	4109
P129,1	4110	4111
P10,1	4112	4113
P130,1	4114	4115
P131,1	4116	4117
P30,1	4118	4119
P132,1	4120	4121
P70,1	4122	4123
P11,1	4124	4125
P133,1	4126	4127
P31,1	4128	4129
P71,1	4130	4131
P8,1	4132	4133
P32,1	4134	4135
P134,1	4136	4137
P135,1	4138	4139
P136,1	4140	4141
P33,1	4142	4143
P72,1	4144	4145
P137,1	4146	4147
P138,1	4148	4149
P34,1	4150	4151
P35,1	4152	4153
P36,1	4154	4155
P139,1	4156	4157
P37,1	4158	4159
P140,1	4160	4161
P73,1	4162	4163
P38,1	4164	4165
P141,1	4166	4167
P39,1	4168	4169
P74,1	4170	4171
P40,1	4172	4173
P142,1	4174	4175
P143,1	4176	4177
P75,1	4178	4179
P41,1	4180	4181
P76,1	4182	4183
P144,1	4184	4185
P145,1	4186	4187
P146,1	4188	4189
P42,1	4190	4191
P43,1	4192	4193
P77,1	4194	4195
P147,1	4196	4197
P44,1	4198	4199
P45,1	4200	4201
P148,1	4202	4203
P78,1	4204	4205
P79,1	4206	4207
P46,1	4208	4209
P47,1	4210	4211
P149,1	4212	4213
P80,1	4214	4215
P48,1	4216	4217
P49,1	4218	4219
P150,1	4220	4221
P81,1	4222	4223
P12,1	4224	4225
P151,1	4226	4227
P152,1	4228	4229
P82,1	4230	4231
P83,1	4232	4233
P153,1	4234	4235
P154,1	4236	4237
P155,1	4238	4239
P156,1	4240	4241
P84,1	4242	4243
P85,1	4244	4245
P86,1	4246	4247
P13,1	4248	4249
P157,1	4250	4251
P158,1	4252	4253
P159,1	4254	4255
P87,1	4256	4257
P160,1	4258	4259
P161,1	4260	4261
P162,1	4262	4263
P88,1	4264	4265
P50,1	4266	4267
P51,1	4268	4269
P163,1	4270	4271
P164,1	4272	4273
P165,1	4274	4275
P52,1	4276	4277
P166,1	4278	4279
P167,1	4280	4281
P89,1	4282	4283
P53,1	4284	4285
P54,1	4286	4287
P168,1	4288	4289
P90,1	4290	4291
P169,1	4292	4293
P170,1	4294	4295
P14,1	4296	4297
P171,1	4298	4299
P172,1	4300	4301
P55,1	4302	4303
P15,1	4304	4305
P91,1	4306	4307
P56,1	4308	4309
P173,1	4310	4311
P4,1	4312	4313
P16,1	4314	4315
P174,1	4316	4317
P17,1	4318	4319
P175,1	4320	4321
P176,1	4322	4323
P177,1	4324	4325
P178,1	4326	4327
P179,1	4328	4329
P180,1	4330	4331
P181,1	4332	4333
P182,1	4334	4335
P183,1	4336	4337
P184,1	4338	4339
P185,1	4340	4341
P186,1	4342	4343
P92,1	4344	4345
P187,1	4346	4347
P93,1	4348	4349
P57,1	4350	4351
P94,1	4352	4353
P188,1	4354	4355
P95,1	4356	4357
P58,1	4358	4359
P59,1	4360	4361
P189,1	4362	4363
P190,1	4364	4365
P191,1	4366	4367
P60,1	4368	4369
P18,1	4370	4371
P192,1	4372	4373
P96,1	4374	4375
P19,1	4376	4377
P193,1	4378	4379
P97,1	4380	4381
P20,1	4382	4383
P98,1	4384	4385
P194,1	4386	4387
P195,1	4388	4389
P61,1	4390	4391
P5,1	4392	4393
P196,1	4394	4395
P21,1	4396	4397
P22,1	4398	4399
P99,1	4400	4401
P197,1	4402	4403
P198,1	4404	4405
P100,1	4406	4407
P101,1	4408	4409
P199,1	4410	4411
P102,1	4412	4413
P200,1	4414	4415
P103,1	4416	4417
P104,1	4418	4419
P105,1	4420	4421
P106,1	4422	4423
P23,1	4424	4425
P62,1	4426	4427
P63,1	4428	4429
P107,1	4430	4431
P108,1	4432	4433
P109,1	4434	4435
P24,1	4436	4437
P6,1	4438	4439
P110,1	4440	4441
P111,1	4442	4443
P112,1	4444	4445
P113,1	4446	4447
P114,1	4448	4449
P9,1	4450	4451
P115,1	4452	4453
P116,1	4454	4455
P25,1	4456	4457
P117,1	4458	4459
P64,1	4460	4461
P26,1	4462	4463
P7,1	4464	4465
P118,1	4466	4467
P119,1	4468	4469
P2,1	4470	4471
P65,1	4472	4473
P66,1	4474	4475
P120,1	4476	4477
P67,1	4478	4479
P27,1	4480	4481
P121,1	4482	4483
P28,1	4484	4485
P122,1	4486	4487
P29,1	4488	4489
P68,1	4490	4491
P123,1	4492	4493
P124,1	4494	4495
P125,1	4496	4497
P126,1	4498	4499
P69,1	4500	4501
P127,1	4502	4503
P128,1	4504	4505
P129,1	4506	4507
P10,1	4508	4509
P130,1	4510	4511
P131,1	4512	4513
P30,1	4514	4515
P132,1	4516	4517
P70,1	4518	4519
P11,1	4520	4521
P133,1	4522	4523
P31,1	4524	4525
P71,1	4526	4527
P8,1	4528	4529
P32,1	4530	4531
P134,1	4532	4533
P135,1	4534	4535
P136,1	4536	4537
P33,1	4538	4539
P72,1	4540	4541
P137,1	4542	4543
P138,1	4544	4545
P34,1	4546	4547
P35,1	4548	4549
P36,1	4550	4551
P139,1	4552	4553
P37,1	4554	4555
P140,1	4556	4557
P73,1	4558	4559
P38,1	4560	4561
P141,1	4562	4563
P39,1	4564	4565
P74,1	4566	4567
P40,1	4568	4569
P142,1	4570	4571
P143,1	4572	4573
P75,1	4574	4575
P41,1	4576	4577
P76,1	4578	4579
P144,1	4580	4581
P145,1	4582	4583
P146,1	4584	4585
P42,1	4586	4587
P43,1	4588	4589
P77,1	4590	4591
P147,1	4592	4593
P44,1	4594	4595
P45,1	4596	4597
P148,1	4598	4599
P78,1	4600	4601
P79,1	4602	4603
P46,1	4604	4605
P47,1	4606	4607
P149,1	4608	4609
P80,1	4610	4611
P48,1	4612	4613
P49,1	4614	4615
P150,1	4616	4617
P81,1	4618	4619
P12,1	4620	4621
P151,1	4622	4623
P152,1	4624	4625
P82,1	4626	4627
P83,1	4628	4629
P153,1	4630	4631
P154,1	4632	4633
P155,1	4634	4635
P156,1	4636	4637
P84,1	4638	4639
P85,1	4640	4641
P86,1	4642	4643
P13,1	4644	4645
P157,1	4646	4647
P158,1	4648	4649
P159,1	4650	4651
P87,1	4652	4653
P160,1	4654	4655
P161,1	4656	4657
P162,1	4658	4659
P88,1	4660	4661
P50,1	4662	4663
P51,1	4664	4665
P163,1	4666	4667
P164,1	4668	4669
P165,1	4670	4671
P52,1	4672	4673
P166,1	4674	4675
P167,1	4676	4677
P89,1	4678	4679
P53,1	4680	4681
P54,1	4682	4683
P168,1	4684	4685
P90,1	4686	4687
P169,1	4688	4689
P170,1	4690	4691
P14,1	4692	4693
P171,1	4694	4695
P172,1	4696	4697
P55,1	4698	4699
P15,1	4700	4701
P91,1	4702	4703
P56,1	4704	4705
P173,1	4706	4707
P4,1	4708	4709
P16,1	4710	4711
P174,1	4712	4713
P17,1	4714	4715
P175,1	4716	4717
P176,1	4718	4719
P177,1	4720	4721
P178,1	4722	4723
P179,1	4724	4725
P180,1	4726	4727
P181,1	4728	4729
P182,1	4730	4731
P183,1	4732	4733
P184,1	4734	4735
P185,1	4736	4737
P186,1	4738	4739
P92,1	4740	4741
P187,1	4742	4743
P93,1	4744	4745
P57,1	4746	4747
P94,1	4748	4749
P188,1	4750	4751
P95,1	4752	4753
P58,1	4754	4755
P59,1	4756	4757
P189,1	4758	4759
P190,1	4760	4761
P191,1	4762	4763
P60,1	4764	4765
P18,1	4766	4767
P192,1	4768	4769
P96,1	4770	4771
P19,1	4772	4773
P193,1	4774	4775
P97,1	4776	4777
P20,1	4778	4779
P98,1	4780	4781
P194,1	4782	4783
P195,1	4784	4785
P61,1	4786	4787
P5,1	4788	4789
P196,1	4790	4791
P21,1	4792	4793
P22,1	4794	4795
P99,1	4796	4797
P197,1	4798	4799
P198,1	4800	4801
P100,1	4802	4803
P101,1	4804	4805
P199,1	4806	4807
P102,1	4808	4809
P200,1	4810	4811
P103,1	4812	4813
P104,1	4814	4815
P105,1	4816	4817
P106,1	4818	4819
P23,1	4820	4821
P62,1	4822	4823
P63,1	4824	4825
P107,1	4826	4827
P108,1	4828	4829
P109,1	4830	4831
P24,1	4832	4833
P6,1	4834	4835
P110,1	4836	4837
P111,1	4838	4839
P112,1	4840	4841
P113,1	4842	4843
P114,1	4844	4845
P9,1	4846	4847
P115,1	4848	4849
P116,1	4850	4851
P25,1	4852	4853
P117,1	4854	4855
P64,1	4856	4857
P26,1	4858	4859
P7,1	4860	4861
P118,1	4862	4863
P119,1	4864	4865
P2,1	4866	4867
P65,1	4868	4869
P66,1	4870	4871
P120,1	4872	4873
P67,1	4874	4875
P27,1	4876	4877
P121,1	4878	4879
P28,1	4880	4881
P122,1	4882	4883
P29,1	4884	4885
P68,1	4886	4887
P123,1	4888	4889
P124,1	4890	4891
P125,1	4892	4893
P126,1	4894	4895
P69,1	4896	4897
P127,1	4898	4899
P128,1	4900	4901
P129,1	4902	4903
P10,1	4904	4905
P130,1	4906	4907
P131,1	4908	4909
P30,1	4910	4911
P132,1	4912	4913
P70,1	4914	4915
P11,1	4916	4917
P133,1	4918	4919
P31,1	4920	4921
P71,1	4922	4923
P8,1	4924	4925
P32,1	4926	4927
P134,1	4928	4929
P135,1	4930	4931
P136,1	4932	4933
P33,1	4934	4935
P72,1	4936	4937
P137,1	4938	4939
P138,1	4940	4941
P34,1	4942	4943
P35,1	4944	4945
P36,1	4946	4947
P139,1	4948	4949
P37,1	4950	4951
P140,1	4952	4953
P73,1	4954	4955
P38,1	4956	4957
P141,1	4958	4959
P39,1	4960	4961
P74,1	4962	4963
P40,1	4964	4965
P142,1	4966	4967
P143,1	4968	4969
P75,1	4970	4971
P41,1	4972	4973
P76,1	4974	4975
P144,1	4976	4977
P145,1	4978	4979
P146,1	4980	4981
P42,1	4982	4983
P43,1	4984	4985
P77,1	4986	4987
P147,1	4988	4989
P44,1	4990	4991
P45,1	4992	4993
P148,1	4994	4995
P78,1	4996	4997
P79,1	4998	4999
P46,1	5000	5001
P47,1	5002	5003
P149,1	5004	5005
P80,1	5006	5007
P48,1	5008	5009
P49,1	5010	5011
P150,1	5012	5013
P81,1	5014	5015
P12,1	5016	5017
P151,1	5018	5019
P152,1	5020	5021
P82,1	5022	5023
P83,1	5024	5025
P153,1	5026	5027
P154,1	5028	5029
P155,1	5030	5031
P156,1	5032	5033
P84,1	5034	5035
P85,1	5036	5037
P86,1	5038	5039
P13,1	5040	5041
P157,1	5042	5043
P158,1	5044	5045
P159,1	5046	5047
P87,1	5048	5049
P160,1	5050	5051
P161,1	5052	5053
P162,1	5054	5055
P88,1	5056	5057
P50,1	5058	5059
P51,1	5060	5061
P163,1	5062	5063
P164,1	5064	5065
P165,1	5066	5067
P52,1	5068	5069
P166,1	5070	5071
P167,1	5072	5073
P89,1	5074	5075
P53,1	5076	5077
P54,1	5078	5079
P168,1	5080	5081
P90,1	5082	5083
P169,1	5084	5085
P170,1	5086	5087
P14,1	5088	5089
P171,1	5090	5091
P172,1	5092	5093
P55,1	5094	5095
P15,1	5096	5097
P91,1	5098	5099
P56,1	5100	5101
P173,1	5102	5103
P4,1	5104	5105
P16,1	5106	5107
P174,1	5108	5109
P17,1	5110	5111
P175,1	5112	5113
P176,1	5114	5115
P177,1	5116	5117
P178,1	5118	5119
P179,1	5120	5121
P180,1	5122	5123
P181,1	5124	5125
P182,1	5126	5127
P183,1	5128	5129
P184,1	5130	5131
P185,1	5132	5133
P186,1	5134	5135
P92,1	5136	5137
P187,1	5138	5139
P93,1	5140	5141
P57,1	5142	5143
P94,1	5144	5145
P188,1	5146	5147
P95,1	5148	5149
P58,1	5150	5151
P59,1	5152	5153
P189,1	5154	5155
P190,1	5156	5157
P191,1	5158	5159
P60,1	5160	5161
P18,1	5162	5163
P192,1	5164	5165
P96,1	5166	5167
P19,1	5168	5169
P193,1	5170	5171
P97,1	5172	5173
P20,1	5174	5175
P98,1	5176	5177
P194,1	5178	5179
P195,1	5180	5181
P61,1	5182	5183
P5,1	5184	5185
P196,1	5186	5187
P21,1	5188	5189
P22,1	5190	5191
P99,1	5192	5193
P197,1	5194	5195
P198,1	5196	5197
P100,1	5198	5199
P101,1	5200	5201
P199,1	5202	5203
P102,1	5204	5205
P200,1	5206	5207
P103,1	5208	5209
P104,1	5210	5211
P105,1	5212	5213
P106,1	5214	5215
P23,1	5216	5217
P62,1	5218	5219
P63,1	5220	5221
P107,1	5222	5223
P108,1	5224	5225
P109,1	5226	5227
P24,1	5228	5229
P6,1	5230	5231
P110,1	5232	5233
P111,1	5234	5235
P112,1	5236	5237
P113,1	5238	5239
P114,1	5240	5241
P9,1	5242	5243
P115,1	5244	5245
P116,1	5246	5247
P25,1	5248	5249
P117,1	5250	5251
P64,1	5252	5253
P26,1	5254	5255
P7,1	5256	5257
P118,1	5258	5259
P119,1	5260	5261
P2,1	5262	5263
P65,1	5264	5265
P66,1	5266	5267
P120,1	5268	5269
P67,1	5270	5271
P27,1	5272	5273
P121,1	5274	5275
P28,1	5276	5277
P122,1	5278	5279
P29,1	5280	5281
P68,1	5282	5283
P123,1	5284	5285
P124,1	5286	5287
P125,1	5288	5289
P126,1	5290	5291
P69,1	5292	5293
P127,1	5294	5295
P128,1	5296	5297
P129,1	5298	5299
P10,1	5300	5301
P130,1	5302	5303
P131,1	5304	5305
P30,1	5306	5307
P132,1	5308	5309
P70,1	5310	5311
P11,1	5312	5313
P133,1	5314	5315
P31,1	5316	5317
P71,1	5318	5319
P8,1	5320	5321
P32,1	5322	5323
P134,1	5324	5325
P135,1	5326	5327
P136,1	5328	5329
P33,1	5330	5331
P72,1	5332	5333
P137,1	5334	5335
P138,1	5336	5337
P34,1	5338	5339
P35,1	5340	5341
P36,1	5342	5343
P139,1	5344	5345
P37,1	5346	5347
P140,1	5348	5349
P73,1	5350	5351
P38,1	5352	5353
P141,1	5354	5355
P39,1	5356	5357
P74,1	5358	5359
P40,1	5360	5361
P142,1	5362	5363
P143,1	5364	5365
P75,1	5366	5367
P41,1	5368	5369
P76,1	5370	5371
P144,1	5372	5373
P145,1	5374	5375
P146,1	5376	5377
P42,1	5378	5379
P43,1	5380	5381
P77,1	5382	5383
P147,1	5384	5385
P44,1	5386	5387
P45,1	5388	5389
P148,1	5390	5391
P78,1	5392	5393
P79,1	5394	5395
P46,1	5396	5397
P47,1	5398	5399
P149,1	5400	5401
P80,1	5402	5403
P48,1	5404	5405
P49,1	5406	5407
P150,1	5408	5409
P81,1	5410	5411
P12,1	5412	5413
P151,1	5414	5415
P152,1	5416	5417
P82,1	5418	5419
P83,1	5420	5421
P153,1	5422	5423
P154,1	5424	5425
P155,1	5426	5427
P156,1	5428	5429
P84,1	5430	5431
P85,1	5432	5433
P86,1	5434	5435
P13,1	5436	5437
P157,1	5438	5439
P158,1	5440	5441
P159,1	5442	5443
P87,1	5444	5445
P160,1	5446	5447
P161,1	5448	5449
P162,1	5450	5451
P88,1	5452	5453
P50,1	5454	5455
P51,1	5456	5457
P163,1	5458	5459
P164,1	5460	5461
P165,1	5462	5463
P52,1	5464	5465
P166,1	5466	5467
P167,1	5468	5469
P89,1	5470	5471
P53,1	5472	5473
P54,1	5474	5475
P168,1	5476	5477
P90,1	5478	5479
P169,1	5480	5481
P170,1	5482	5483
P14,1	5484	5485
P171,1	5486	5487
P172,1	5488	5489
P55,1	5490	5491
P15,1	5492	5493
P91,1	5494	5495
P56,1	5496	5497
P173,1	5498	5499
P4,1	5500	5501
P16,1	5502	5503
P174,1	5504	5505
P17,1	5506	5507
P175,1	5508	5509
P176,1	5510	5511
P177,1	5512	5513
P178,1	5514	5515
P179,1	5516	5517
P180,1	5518	5519
P181,1	5520	5521
P182,1	5522	5523
P183,1	5524	5525
P184,1	5526	5527
P185,1	5528	5529
P186,1	5530	5531
P92,1	5532	5533
P187,1	5534	5535
P93,1	5536	5537
P57,1	5538	5539
P94,1	5540	5541
P188,1	5542	5543
P95,1	5544	5545
P58,1	5546	5547
P59,1	5548	5549
P189,1	5550	5551
P190,1	5552	5553
P191,1	5554	5555
P60,1	5556	5557
P18,1	5558	5559
P192,1	5560	5561
P96,1	5562	5563
P19,1	5564	5565
P193,1	5566	5567
P97,1	5568	5569
P20,1	5570	5571
P98,1	5572	5573
P194,1	5574	5575
P195,1	5576	5577
P61,1	5578	5579
P5,1	5580	5581
P196,1	5582	5583
P21,1	5584	5585
P22,1	5586	5587
P99,1	5588	5589
P197,1	5590	5591
P198,1	5592	5593
P100,1	5594	5595
P101,1	5596	5597
P199,1	5598	5599
P102,1	5600	5601
P200,1	5602	5603
P103,1	5604	5605
P104,1	5606	5607
P105,1	5608	5609
P106,1	5610	5611
P23,1	5612	5613
P62,1	5614	5615
P63,1	5616	5617
P107,1	5618	5619
P108,1	5620	5621
P109,1	5622	5623
P24,1	5624	5625
P6,1	5626	5627
P110,1	5628	5629
P111,1	5630	5631
P112,1	5632	5633
P113,1	5634	5635
P114,1	5636	5637
P9,1	5638	5639
P115,1	5640	5641
P116,1	5642	5643
P25,1	5644	5645
P117,1	5646	5647
P64,1	5648	5649
P26,1	5650	5651
P7,1	5652	5653
P118,1	5654	5655
P119,1	5656	5657
P2,1	5658	5659
P65,1	5660	5661
P66,1	5662	5663
P120,1	5664	5665
P67,1	5666	5667
P27,1	5668	5669
P121,1	5670	5671
P28,1	5672	5673
P122,1	5674	5675
P29,1	5676	5677
P68,1	5678	5679
P123,1	5680	5681
P124,1	5682	5683
P125,1	5684	5685
P126,1	5686	5687
P69,1	5688	5689
P127,1	5690	5691
P128,1	5692	5693
P129,1	5694	5695
P10,1	5696	5697
P130,1	5698	5699
P131,1	5700	5701
P30,1	5702	5703
P132,1	5704	5705
P70,1	5706	5707
P11,1	5708	5709
P133,1	5710	5711
P31,1	5712	5713
P71,1	5714	5715
P8,1	5716	5717
P32,1	5718	5719
P134,1	5720	5721
P135,1	5722	5723
P136,1	5724	5725
P33,1	5726	5727
P72,1	5728	5729
P137,1	5730	5731
P138,1	5732	5733
P34,1	5734	5735
P35,1	5736	5737
P36,1	5738	5739
P139,1	5740	5741
P37,1	5742	5743
P140,1	5744	5745
P73,1	5746	5747
P38,1	5748	5749
P141,1	5750	5751
P39,1	5752	5753
P74,1	5754	5755
P40,1	5756	5757
P142,1	5758	5759
P143,1	5760	5761
P75,1	5762	5763
P41,1	5764	5765
P76,1	5766	5767
P144,1	5768	5769
P145,1	5770	5771
P146,1	5772	5773
P42,1	5774	5775
P43,1	5776	5777
P77,1	5778	5779
P147,1	5780	5781
P44,1	5782	5783
P45,1	5784	5785
P148,1	5786	5787
P78,1	5788	5789
P79,1	5790	5791
P46,1	5792	5793
P47,1	5794	5795
P149,1	5796	5797
P80,1	5798	5799
P48,1	5800	5801
P49,1	5802	5803
P150,1	5804	5805
P81,1	5806	5807
P12,1	5808	5809
P151,1	5810	5811
P152,1	5812	5813
P82,1	5814	5815
P83,1	5816	5817
P153,1	5818	5819
P154,1	5820	5821
P155,1	5822	5823
P156,1	5824	5825
P84,1	5826	5827
P85,1	5828	5829
P86,1	5830	5831
P13,1	5832	5833
P157,1	5834	5835
P158,1	5836	5837
P159,1	5838	5839
P87,1	5840	5841
P160,1	5842	5843
P161,1	5844	5845
P162,1	5846	5847
P88,1	5848	5849
P50,1	5850	5851
P51,1	5852	5853
P163,1	5854	5855
P164,1	5856	5857
P165,1	5858	5859
P52,1	5860	5860
P166,1	5861	5862
P167,1	5863	5864
P89,1	5865	5866
P53,1	5867	5868
P54,1	5869	5870
P168,1	5871	5872
P90,1	5873	5874
P169,1	5875	5876
P170,1	5877	5878
P14,1	5879	5880
P171,1	5881	5882
P172,1	5883	5884
P55,1	5885	5886
P15,1	5887	5888
P91,1	5889	5890
P56,1	5891	5892
P173,1	5893	5894
P4,1	5895	5896
P16,1	5897	5898
P174,1	5899	5900
P17,1	5901	5902
P175,1	5903	5904
P176,1	5905	5906
P177,1	5907	5908
P178,1	5909	5910
P179,1	5911	5912
P180,1	5913	5914
P181,1	5915	5916
P182,1	5917	5918
P183,1	5919	5920
P184,1	5921	5922
P185,1	5923	5924
P186,1	5925	5926
P92,1	5927	5928
P187,1	5929	5930
P93,1	5931	5932
P57,1	5933	5934
P94,1	5935	5936
P188,1	5937	5938
P95,1	5939	5940
P58,1	5941	5942
P59,1	5943	5944
P189,1	5945	5946
P190,1	5947	5948
P191,1	5949	5950
P60,1	5951	5952
P18,1	5953	5954
P192,1	5955	5956
P96,1	5957	5958
P19,1	5959	5960
P193,1	5961	5962
P97,1	5963	5964
P20,1	5965	5966
P98,1	5967	5968
P194,1	5969	5970
P195,1	5971	5972
P61,1	5973	5974
P5,1	5975	5976
P196,1	5977	5978
P21,1	5979	5980
P22,1	5981	5982
P99,1	5983	5984
P197,1	5985	5986
P198,1	5987	5988
P100,1	5989	5990
P101,1	5991	5992
P199,1	5993	5994
P102,1	5995	5996
P200,1	5997	5998
P103,1	5999	6000
P104,1	6001	6002
P105,1	6003	6004
P106,1	6005	6006
P23,1	6007	6008
P62,1	6009	6010
P107,1	6011	6012
P63,2	6013	6014
P108,1	6015	6016
P109,1	6017	6018
P24,1	6019	6020
P6,1	6021	6022
P110,1	6023	6024
P111,1	6025	6026
P112,1	6027	6028
P113,1	6029	6030
P114,1	6031	6032
P9,1	6033	6034
P115,1	6035	6036
P116,1	6037	6038
P25,1	6039	6040
P117,1	6041	6042
P64,1	6043	6044
P26,1	6045	6046
P7,1	6047	6048
P118,1	6049	6050
P119,1	6051	6052
P2,1	6053	6054
P65,1	6055	6056
P66,1	6057	6058
P120,1	6059	6060
P67,1	6061	6062
P27,1	6063	6064
P121,1	6065	6066
P28,1	6067	6068
P122,1	6069	6070
P29,1	6071	6072
P68,1	6073	6074
P123,1	6075	6076
P124,1	6077	6078
P125,1	6079	6080
P126,1	6081	6082
P69,1	6083	6084
P127,1	6085	6086
P128,1	6087	6088
P129,1	6089	6090
P130,1	6091	6092
P10,2	6093	6094
P131,1	6095	6096
P30,1	6097	6098
P132,1	6099	6100
P70,1	6101	6102
P11,1	6103	6104
P133,1	6105	6106
P31,1	6107	6108
P71,1	6109	6110
P8,1	6111	6112
P32,1	6113	6114
P134,1	6115	6116
P135,1	6117	6118
P136,1	6119	6120
P33,1	6121	6122
P72,1	6123	6124
P137,1	6125	6126
P138,1	6127	6128
P34,1	6129	6130
P35,1	6131	6132
P36,1	6133	6134
P139,1	6135	6136
P37,1	6137	6138
P140,1	6139	6140
P73,1	6141	6142
P38,1	6143	6144
P141,1	6145	6146
P39,1	6147	6148
P74,1	6149	6149
P40,1	6150	6151
P142,1	6152	6153
P143,1	6154	6155
P75,1	6156	6157
P41,1	6158	6159
P76,1	6160	6161
P144,1	6162	6163
P145,1	6164	6165
P146,1	6166	6167
P42,1	6168	6169
P43,1	6170	6171
P77,1	6172	6173
P147,1	6174	6175
P44,1	6176	6177
P45,1	6178	6179
P148,1	6180	6181
P78,1	6182	6183
P79,1	6184	6185
P47,1	6186	6187
P46,2	6188	6189
P149,1	6190	6191
P80,1	6192	6193
P48,1	6194	6195
P49,1	6196	6197
P150,1	6198	6199
P81,1	6200	6201
P151,1	6202	6203
P152,1	6204	6205
P12,2	6206	6207
P82,1	6208	6209
P83,1	6210	6211
P153,1	6212	6213
P154,1	6214	6215
P155,1	6216	6217
P156,1	6218	6219
P84,1	6220	6221
P85,1	6222	6223
P86,1	6224	6225
P13,1	6226	6227
P157,1	6228	6229
P158,1	6230	6231
P159,1	6232	6233
P87,1	6234	6235
P160,1	6236	6237
P161,1	6238	6239
P162,1	6240	6241
P88,1	6242	6243
P50,1	6244	6245
P51,1	6246	6247
P163,1	6248	6249
P164,1	6250	6251
P165,1	6252	6253
P166,1	6254	6255
P167,1	6256	6257
P89,1	6258	6259
P53,1	6260	6261
P54,1	6262	6263
P168,1	6264	6265
P90,1	6266	6267
P169,1	6268	6269
P170,1	6270	6271
P14,1	6272	6273
P171,1	6274	6275
P172,1	6276	6277
P55,1	6278	6279
P15,1	6280	6281
P91,1	6282	6283
P56,1	6284	6285
P173,1	6286	6287
P4,1	6288	6289
P16,1	6290	6291
P174,1	6292	6293
P17,1	6294	6295
P175,1	6296	6297
P176,1	6298	6299
P177,1	6300	6301
P178,1	6302	6303
P179,1	6304	6305
P180,1	6306	6307
P181,1	6308	6309
P182,1	6310	6311
P183,1	6312	6313
P184,1	6314	6315
P185,1	6316	6317
P186,1	6318	6319
P92,1	6320	6321
P187,1	6322	6323
P93,1	6324	6325
P57,1	6326	6327
P94,1	6328	6329
P188,1	6330	6331
P95,1	6332	6333
P58,1	6334	6335
P59,1	6336	6337
P189,1	6338	6339
P190,1	6340	6341
P191,1	6342	6343
P60,1	6344	6345
P18,1	6346	6347
P192,1	6348	6349
P96,1	6350	6351
P19,1	6352	6353
P193,1	6354	6355
P97,1	6356	6357
P98,1	6358	6359
P194,1	6360	6361
P195,1	6362	6363
P61,1	6364	6365
P196,1	6366	6367
P21,1	6368	6369
P22,1	6370	6371
P99,1	6372	6373
P197,1	6374	6375
P198,1	6376	6377
P100,1	6378	6379
P101,1	6380	6381
P199,1	6382	6383
P102,1	6384	6385
P200,1	6386	6387
P103,1	6388	6389
P104,1	6390	6391
P105,1	6392	6393
P106,1	6394	6395
P23,1	6396	6397
P62,1	6398	6399
P107,1	6400	6401
P63,2	6402	6403
P108,1	6404	6405
P109,1	6406	6407
P24,1	6408	6409
P6,1	6410	6411
P110,1	6412	6413
P111,1	6414	6415
P112,1	6416	6417
P113,1	6418	6419
P114,1	6420	6421
P9,1	6422	6423
P115,1	6424	6425
P116,1	6426	6427
P25,1	6428	6429
P117,1	6430	6431
P64,1	6432	6433
P26,1	6434	6435
P7,1	6436	6437
P118,1	6438	6439
P119,1	6440	6441
P2,1	6442	6443
P65,1	6444	6445
P66,1	6446	6447
P120,1	6448	6449
P67,1	6450	6451
P27,1	6452	6453
P121,1	6454	6455
P28,1	6456	6457
P122,1	6458	6459
P29,1	6460	6461
P68,1	6462	6463
P123,1	6464	6464
P124,1	6465	6466
P125,1	6467	6468
P126,1	6469	6470
P69,1	6471	6472
P127,1	6473	6474
P128,1	6475	6476
P129,1	6477	6478
P130,1	6479	6480
P10,2	6481	6482
P131,1	6483	6484
P30,1	6485	6486
P132,1	6487	6488
P70,1	6489	6490
P11,1	6491	6492
P133,1	6493	6494
P31,1	6495	6496
P71,1	6497	6498
P8,1	6499	6500
P32,1	6501	6502
P134,1	6503	6504
P135,1	6505	6506
P136,1	6507	6508
P33,1	6509	6510
P72,1	6511	6512
P137,1	6513	6514
P138,1	6515	6516
P34,1	6517	6518
P35,1	6519	6520
P36,1	6521	6522
P139,1	6523	6524
P37,1	6525	6526
P140,1	6527	6528
P73,1	6529	6530
P38,1	6531	6532
P141,1	6533	6534
P39,1	6535	6536
P40,1	6537	6538
P142,1	6539	6540
P143,1	6541	6542
P75,1	6543	6544
P41,1	6545	6546
P76,1	6547	6548
P144,1	6549	6550
P145,1	6551	6552
P42,1	6553	6554
P146,2	6555	6556
P43,1	6557	6558
P77,1	6559	6560
P147,1	6561	6562
P44,1	6563	6564
P45,1	6565	6566
P148,1	6567	6568
P78,1	6569	6570
P79,1	6571	6572
P47,1	6573	6574
P46,2	6575	6576
P149,1	6577	6578
P80,1	6579	6580
P48,1	6581	6582
P49,1	6583	6584
P150,1	6585	6586
P81,1	6587	6588
P151,1	6589	6590
P152,1	6591	6592
P12,2	6593	6594
P82,1	6595	6596
P83,1	6597	6598
P153,1	6599	6600
P154,1	6601	6602
P155,1	6603	6604
P156,1	6605	6606
P84,1	6607	6608
P85,1	6609	6610
P86,1	6611	6612
P13,1	6613	6614
P157,1	6615	6616
P158,1	6617	6618
P159,1	6619	6620
P87,1	6621	6622
P160,1	6623	6624
P161,1	6625	6626
P162,1	6627	6628
P88,1	6629	6630
P50,1	6631	6632
P51,1	6633	6634
P163,1	6635	6636
P164,1	6637	6638
P165,1	6639	6640
P166,1	6641	6642
P167,1	6643	6644
P89,1	6645	6646
P54,1	6647	6648
P168,1	6649	6650
P90,1	6651	6652
P53,2	6653	6654
P169,1	6655	6656
P170,1	6657	6658
P14,1	6659	6660
P171,1	6661	6662
P172,1	6663	6664
P55,1	6665	6666
P15,1	6667	6668
P91,1	6669	6670
P56,1	6671	6672
P173,1	6673	6674
P4,1	6675	6676
P16,1	6677	6678
P174,1	6679	6680
P17,1	6681	6682
P175,1	6683	6684
P176,1	6685	6686
P177,1	6687	6688
P178,1	6689	6690
P179,1	6691	6692
P180,1	6693	6694
P181,1	6695	6696
P182,1	6697	6698
P183,1	6699	6700
P184,1	6701	6702
P185,1	6703	6704
P186,1	6705	6706
P92,1	6707	6708
P187,1	6709	6710
P93,1	6711	6712
P57,1	6713	6714
P94,1	6715	6716
P188,1	6717	6718
P95,1	6719	6720
P58,1	6721	6722
P59,1	6723	6724
P189,1	6725	6726
P190,1	6727	6728
P191,1	6729	6730
P60,1	6731	6732
P18,1	6733	6734
P192,1	6735	6736
P96,1	6737	6738
P19,1	6739	6740
P193,1	6741	6742
P97,1	6743	6744
P98,1	6745	6746
P194,1	6747	6748
P195,1	6749	6750
P61,1	6751	6752
P196,1	6753	6754
P21,1	6755	6756
P22,1	6757	6758
P99,1	6759	6760
P197,1	6761	6762
P198,1	6763	6764
P100,1	6765	6766
P101,1	6767	6768
P199,1	6769	6770
P102,1	6771	6772
P200,1	6773	6774
P103,1	6775	6776
P104,1	6777	6778
P105,1	6779	6780
P106,1	6781	6782
P23,1	6783	6784
P62,1	6785	6786
P107,1	6787	6788
P63,2	6789	6790
P108,1	6791	6792
P109,1	6793	6794
P24,1	6795	6796
P6,1	6797	6798
P110,1	6799	6800
P111,1	6801	6802
P112,1	6803	6804
P113,1	6805	6806
P114,1	6807	6808
P9,1	6809	6810
P115,1	6811	6812
P116,1	6813	6814
P25,1	6815	6816
P117,1	6817	6818
P64,1	6819	6820
P26,1	6821	6822
P7,1	6823	6824
P118,1	6825	6826
P119,1	6827	6828
P2,1	6829	6830
P65,1	6831	6832
P66,1	6833	6834
P120,1	6835	6836
P67,1	6837	6838
P27,1	6839	6840
P121,1	6841	6842
P28,1	6843	6844
P122,1	6845	6846
P29,1	6847	6848
P68,1	6849	6850
P124,1	6851	6852
P123,2	6853	6854
P125,1	6855	6856
P126,1	6857	6858
P69,1	6859	6860
P127,1	6861	6862
P128,1	6863	6864
P129,1	6865	6866
P130,1	6867	6868
P10,2	6869	6870
P131,1	6871	6872
P30,1	6873	6874
P132,1	6875	6876
P70,1	6877	6878
P11,1	6879	6880
P133,1	6881	6882
P31,1	6883	6884
P71,1	6885	6886
P8,1	6887	6888
P32,1	6889	6890
P134,1	6891	6892
P135,1	6893	6894
P136,1	6895	6896
P33,1	6897	6898
P72,1	6899	6900
P137,1	6901	6902
P138,1	6903	6904
P34,1	6905	6906
P35,1	6907	6908
P36,1	6909	6910
P139,1	6911	6912
P37,1	6913	6914
P140,1	6915	6916
P73,1	6917	6918
P38,1	6919	6920
P141,1	6921	6922
P39,1	6923	6924
P40,1	6925	6926
P142,1	6927	6928
P143,1	6929	6930
P75,1	6931	6932
P41,1	6933	6934
P76,1	6935	6936
P144,1	6937	6938
P145,1	6939	6940
P42,1	6941	6942
P146,2	6943	6944
P43,1	6945	6946
P77,1	6947	6948
P147,1	6949	6949
P44,1	6950	6951
P45,1	6952	6953
P148,1	6954	6955
P78,1	6956	6957
P79,1	6958	6959
P47,1	6960	6961
P46,2	6962	6963
P149,1	6964	6965
P80,1	6966	6967
P48,1	6968	6969
P150,1	6970	6971
P81,1	6972	6973
P151,1	6974	6975
P49,2	6976	6977
P152,1	6978	6979
P12,2	6980	6981
P82,1	6982	6983
P83,1	6984	6985
P153,1	6986	6987
P154,1	6988	6989
P155,1	6990	6991
P156,1	6992	6993
P84,1	6994	6995
P85,1	6996	6997
P86,1	6998	6999
P13,1	7000	7001
P157,1	7002	7003
P158,1	7004	7005
P159,1	7006	7007
P87,1	7008	7009
P160,1	7010	7011
P161,1	7012	7013
P162,1	7014	7015
P88,1	7016	7017
P50,1	7018	7019
P51,1	7020	7021
P163,1	7022	7023
P164,1	7024	7025
P165,1	7026	7027
P166,1	7028	7029
P167,1	7030	7031
P89,1	7032	7033
P54,1	7034	7035
P168,1	7036	7037
P90,1	7038	7039
P53,2	7040	7041
P169,1	7042	7043
P170,1	7044	7045
P14,1	7046	7047
P171,1	7048	7049
P172,1	7050	7051
P55,1	7052	7053
P15,1	7054	7055
P91,1	7056	7057
P56,1	7058	7059
P173,1	7060	7061
P4,1	7062	7063
P16,1	7064	7065
P174,1	7066	7067
P17,1	7068	7069
P175,1	7070	7071
P176,1	7072	7073
P177,1	7074	7075
P178,1	7076	7077
P179,1	7078	7079
P180,1	7080	7081
P181,1	7082	7083
P182,1	7084	7085
P183,1	7086	7087
P184,1	7088	7089
P185,1	7090	7091
P186,1	7092	7093
P92,1	7094	7095
P187,1	7096	7097
P93,1	7098	7099
P57,1	7100	7101
P94,1	7102	7103
P188,1	7104	7105
P95,1	7106	7107
P58,1	7108	7109
P59,1	7110	7111
P189,1	7112	7113
P190,1	7114	7114
P191,1	7115	7116
P60,1	7117	7118
P18,1	7119	7120
P192,1	7121	7122
P96,1	7123	7124
P19,1	7125	7126
P193,1	7127	7128
P97,1	7129	7130
P98,1	7131	7132
P194,1	7133	7134
P195,1	7135	7136
P61,1	7137	7138
P196,1	7139	7140
P21,1	7141	7142
P22,1	7143	7144
P99,1	7145	7146
P197,1	7147	7148
P198,1	7149	7150
P100,1	7151	7152
P101,1	7153	7154
P199,1	7155	7156
P102,1	7157	7158
P200,1	7159	7160
P103,1	7161	7162
P104,1	7163	7164
P105,1	7165	7166
P106,1	7167	7168
P23,1	7169	7170
P62,1	7171	7172
P107,1	7173	7174
P63,2	7175	7176
P108,1	7177	7178
P109,1	7179	7180
P24,1	7181	7182
P6,1	7183	7184
P110,1	7185	7186
P111,1	7187	7188
P112,1	7189	7190
P113,1	7191	7192
P114,1	7193	7194
P9,1	7195	7196
P115,1	7197	7198
P116,1	7199	7200
P25,1	7201	7202
P117,1	7203	7204
P64,1	7205	7206
P26,1	7207	7208
P7,1	7209	7210
P118,1	7211	7212
P119,1	7213	7214
P2,1	7215	7216
P65,1	7217	7218
P66,1	7219	7220
P120,1	7221	7222
P67,1	7223	7224
P27,1	7225	7226
P121,1	7227	7228
P28,1	7229	7230
P122,1	7231	7232
P29,1	7233	7234
P68,1	7235	7236
P124,1	7237	7238
P123,2	7239	7240
P125,1	7241	7242
P126,1	7243	7244
P69,1	7245	7246
P127,1	7247	7248
P128,1	7249	7250
P129,1	7251	7252
P130,1	7253	7254
P10,2	7255	7256
P131,1	7257	7258
P30,1	7259	7260
P132,1	7261	7262
P70,1	7263	7264
P11,1	7265	7266
P133,1	7267	7267
P31,1	7268	7269
P71,1	7270	7270
P8,1	7271	7272
P32,1	7273	7274
P134,1	7275	7276
P135,1	7277	7278
P136,1	7279	7280
P33,1	7281	7282
P72,1	7283	7284
P137,1	7285	7286
P138,1	7287	7288
P34,1	7289	7290
P35,1	7291	7292
P36,1	7293	7294
P139,1	7295	7296
P37,1	7297	7298
P140,1	7299	7300
P73,1	7301	7302
P38,1	7303	7304
P141,1	7305	7306
P39,1	7307	7308
P40,1	7309	7310
P142,1	7311	7312
P143,1	7313	7314
P75,1	7315	7316
P41,1	7317	7318
P76,1	7319	7320
P144,1	7321	7322
P42,1	7323	7324
P146,2	7325	7326
P43,1	7327	7328
P77,1	7329	7330
P44,1	7331	7332
P45,1	7333	7334
P148,1	7335	7336
P78,1	7337	7338
P79,1	7339	7340
P47,1	7341	7342
P46,2	7343	7344
P149,1	7345	7346
P80,1	7347	7348
P48,1	7349	7350
P150,1	7351	7352
P81,1	7353	7354
P151,1	7355	7356
P49,2	7357	7358
P152,1	7359	7360
P12,2	7361	7362
P82,1	7363	7364
P83,1	7365	7366
P153,1	7367	7368
P154,1	7369	7370
P155,1	7371	7372
P156,1	7373	7374
P84,1	7375	7376
P85,1	7377	7378
P86,1	7379	7380
P13,1	7381	7382
P157,1	7383	7384
P158,1	7385	7386
P159,1	7387	7388
P87,1	7389	7390
P160,1	7391	7392
P161,1	7393	7394
P162,1	7395	7396
P88,1	7397	7398
P50,1	7399	7400
P51,1	7401	7402
P163,1	7403	7404
P164,1	7405	7406
P165,1	7407	7408
P166,1	7409	7410
P167,1	7411	7412
P89,1	7413	7414
P54,1	7415	7416
P168,1	7417	7418
P90,1	7419	7420
P53,2	7421	7422
P169,1	7423	7424
P170,1	7425	7426
P14,1	7427	7428
P171,1	7429	7430
P172,1	7431	7432
P55,1	7433	7434
P15,1	7435	7436
P91,1	7437	7438
P56,1	7439	7440
P173,1	7441	7442
P4,1	7443	7444
P16,1	7445	7446
P174,1	7447	7448
P17,1	7449	7450
P175,1	7451	7452
P176,1	7453	7454
P177,1	7455	7456
P178,1	7457	7458
P179,1	7459	7460
P180,1	7461	7462
P181,1	7463	7464
P182,1	7465	7466
P183,1	7467	7468
P184,1	7469	7470
P185,1	7471	7472
P186,1	7473	7474
P92,1	7475	7476
P187,1	7477	7478
P93,1	7479	7480
P57,1	7481	7482
P94,1	7483	7484
P188,1	7485	7486
P95,1	7487	7488
P58,1	7489	7490
P59,1	7491	7492
P189,1	7493	7494
P191,1	7495	7496
P190,2	7497	7498
P60,1	7499	7500
P18,1	7501	7502
P192,1	7503	7504
P96,1	7505	7506
P19,1	7507	7508
P193,1	7509	7510
P97,1	7511	7512
P98,1	7513	7514
P194,1	7515	7516
P195,1	7517	7518
P61,1	7519	7520
P196,1	7521	7522
P21,1	7523	7524
P22,1	7525	7526
P99,1	7527	7528
P197,1	7529	7530
P198,1	7531	7532
P100,1	7533	7534
P101,1	7535	7536
P199,1	7537	7538
P102,1	7539	7540
P200,1	7541	7542
P103,1	7543	7544
P104,1	7545	7546
P105,1	7547	7548
P106,1	7549	7550
P23,1	7551	7552
P62,1	7553	7554
P107,1	7555	7556
P63,2	7557	7558
P108,1	7559	7560
P109,1	7561	7562
P24,1	7563	7564
P6,1	7565	7566
P110,1	7567	7568
P111,1	7569	7570
P112,1	7571	7572
P113,1	7573	7574
P114,1	7575	7576
P9,1	7577	7578
P115,1	7579	7580
P116,1	7581	7582
P25,1	7583	7584
P117,1	7585	7586
P64,1	7587	7588
P26,1	7589	7590
P7,1	7591	7592
P118,1	7593	7594
P119,1	7595	7596
P2,1	7597	7598
P65,1	7599	7600
P66,1	7601	7602
P120,1	7603	7604
P67,1	7605	7606
P27,1	7607	7608
P121,1	7609	7610
P28,1	7611	7612
P122,1	7613	7614
P29,1	7615	7616
P68,1	7617	7618
P124,1	7619	7620
P123,2	7621	7622
P125,1	7623	7624
P126,1	7625	7626
P69,1	7627	7628
P127,1	7629	7630
P128,1	7631	7632
P129,1	7633	7634
P130,1	7635	7636
P10,2	7637	7638
P131,1	7639	7640
P30,1	7641	7642
P132,1	7643	7644
P70,1	7645	7646
P11,1	7647	7648
P31,1	7649	7650
P8,1	7651	7652
P32,1	7653	7654
P133,2	7655	7656
P134,1	7657	7658
P135,1	7659	7660
P136,1	7661	7662
P33,1	7663	7664
P72,1	7665	7666
P137,1	7667	7668
P138,1	7669	7670
P34,1	7671	7672
P35,1	7673	7674
P36,1	7675	7676
P139,1	7677	7678
P37,1	7679	7680
P140,1	7681	7682
P73,1	7683	7684
P38,1	7685	7686
P141,1	7687	7688
P39,1	7689	7690
P142,1	7691	7692
P143,1	7693	7694
P75,1	7695	7696
P40,2	7697	7698
P41,1	7699	7700
P76,1	7701	7702
P144,1	7703	7704
P42,1	7705	7705
P146,2	7706	7707
P43,1	7708	7709
P77,1	7710	7711
P44,1	7712	7713
P45,1	7714	7715
P148,1	7716	7717
P78,1	7718	7719
P79,1	7720	7721
P47,1	7722	7723
P46,2	7724	7725
P149,1	7726	7727
P80,1	7728	7729
P48,1	7730	7731
P150,1	7732	7733
P81,1	7734	7735
P151,1	7736	7737
P49,2	7738	7739
P152,1	7740	7741
P12,2	7742	7743
P82,1	7744	7745
P83,1	7746	7747
P153,1	7748	7749
P154,1	7750	7751
P155,1	7752	7753
P156,1	7754	7755
P84,1	7756	7757
P85,1	7758	7759
P86,1	7760	7761
P13,1	7762	7763
P157,1	7764	7765
P158,1	7766	7767
P159,1	7768	7769
P87,1	7770	7771
P160,1	7772	7773
P161,1	7774	7775
P162,1	7776	7777
P88,1	7778	7779
P50,1	7780	7781
P51,1	7782	7783
P163,1	7784	7784
P164,1	7785	7786
P165,1	7787	7788
P166,1	7789	7790
P167,1	7791	7792
P89,1	7793	7794
P54,1	7795	7796
P168,1	7797	7798
P90,1	7799	7800
P53,2	7801	7802
P169,1	7803	7804
P170,1	7805	7806
P14,1	7807	7808
P171,1	7809	7810
P172,1	7811	7812
P55,1	7813	7814
P15,1	7815	7816
P91,1	7817	7818
P56,1	7819	7820
P173,1	7821	7822
P4,1	7823	7824
P16,1	7825	7826
P174,1	7827	7828
P17,1	7829	7830
P175,1	7831	7832
P176,1	7833	7834
P177,1	7835	7836
P178,1	7837	7838
P179,1	7839	7840
P180,1	7841	7842
P181,1	7843	7844
P182,1	7845	7846
P183,1	7847	7848
P184,1	7849	7850
P185,1	7851	7852
P186,1	7853	7854
P92,1	7855	7856
P187,1	7857	7858
P93,1	7859	7860
P57,1	7861	7862
P94,1	7863	7864
P188,1	7865	7866
P95,1	7867	7868
P58,1	7869	7870
P59,1	7871	7872
P189,1	7873	7874
P191,1	7875	7876
P190,2	7877	7878
P60,1	7879	7880
P18,1	7881	7882
P192,1	7883	7884
P96,1	7885	7886
P19,1	7887	7888
P193,1	7889	7890
P97,1	7891	7892
P98,1	7893	7894
P194,1	7895	7896
P195,1	7897	7898
P61,1	7899	7900
P196,1	7901	7902
P21,1	7903	7904
P22,1	7905	7906
P99,1	7907	7908
P197,1	7909	7910
P198,1	7911	7912
P100,1	7913	7914
P101,1	7915	7916
P199,1	7917	7918
P102,1	7919	7920
P200,1	7921	7922
P103,1	7923	7923
P104,1	7924	7925
P105,1	7926	7927
P106,1	7928	7929
P23,1	7930	7930
P62,1	7931	7932
P107,1	7933	7934
P63,2	7935	7936
P108,1	7937	7938
P109,1	7939	7940
P24,1	7941	7942
P6,1	7943	7944
P110,1	7945	7946
P111,1	7947	7948
P112,1	7949	7950
P113,1	7951	7952
P114,1	7953	7954
P9,1	7955	7956
P115,1	7957	7958
P116,1	7959	7960
P25,1	7961	7962
P117,1	7963	7964
P64,1	7965	7966
P26,1	7967	7968
P7,1	7969	7970
P118,1	7971	7972
P119,1	7973	7974
P2,1	7975	7976
P65,1	7977	7978
P66,1	7979	7980
P120,1	7981	7982
P67,1	7983	7984
P121,1	7985	7986
P28,1	7987	7987
P122,1	7988	7989
P29,1	7990	7991
P68,1	7992	7993
P124,1	7994	7995
P123,2	7996	7997
P125,1	7998	7999
P126,1	8000	8001
P69,1	8002	8003
P127,1	8004	8005
P128,1	8006	8007
P129,1	8008	8009
P130,1	8010	8011
P10,2	8012	8013
P131,1	8014	8015
P30,1	8016	8017
P132,1	8018	8019
P70,1	8020	8021
P11,1	8022	8023
P31,1	8024	8025
P8,1	8026	8027
P32,1	8028	8029
P133,2	8030	8031
P134,1	8032	8033
P135,1	8034	8035
P136,1	8036	8037
P33,1	8038	8039
P72,1	8040	8041
P137,1	8042	8043
P138,1	8044	8045
P34,1	8046	8047
P35,1	8048	8049
P139,1	8050	8051
P37,1	8052	8053
P140,1	8054	8055
P36,2	8056	8057
P73,1	8058	8059
P38,1	8060	8061
P141,1	8062	8063
P39,1	8064	8065
P142,1	8066	8067
P143,1	8068	8069
P75,1	8070	8071
P40,2	8072	8073
P41,1	8074	8075
P76,1	8076	8077
P144,1	8078	8079
P146,2	8080	8081
P43,1	8082	8083
P77,1	8084	8085
P44,1	8086	8087
P45,1	8088	8089
P148,1	8090	8091
P78,1	8092	8093
P79,1	8094	8095
P47,1	8096	8097
P46,2	8098	8099
P149,1	8100	8101
P80,1	8102	8103
P48,1	8104	8105
P150,1	8106	8107
P81,1	8108	8109
P151,1	8110	8111
P49,2	8112	8113
P152,1	8114	8115
P12,2	8116	8117
P82,1	8118	8119
P153,1	8120	8121
P154,1	8122	8123
P83,2	8124	8125
P155,1	8126	8127
P156,1	8128	8129
P84,1	8130	8131
P85,1	8132	8133
P86,1	8134	8135
P13,1	8136	8137
P157,1	8138	8139
P158,1	8140	8140
P159,1	8141	8142
P87,1	8143	8144
P160,1	8145	8146
P161,1	8147	8148
P162,1	8149	8150
P88,1	8151	8152
P50,1	8153	8154
P51,1	8155	8156
P164,1	8157	8158
P165,1	8159	8160
P166,1	8161	8162
P167,1	8163	8164
P89,1	8165	8166
P54,1	8167	8168
P168,1	8169	8170
P90,1	8171	8172
P53,2	8173	8174
P169,1	8175	8176
P170,1	8177	8178
P14,1	8179	8180
P171,1	8181	8182
P172,1	8183	8184
P55,1	8185	8186
P15,1	8187	8188
P91,1	8189	8190
P56,1	8191	8192
P173,1	8193	8194
P4,1	8195	8196
P16,1	8197	8198
P174,1	8199	8200
P17,1	8201	8202
P175,1	8203	8204
P176,1	8205	8206
P177,1	8207	8208
P178,1	8209	8210
P179,1	8211	8212
P180,1	8213	8214
P181,1	8215	8216
P182,1	8217	8218
P183,1	8219	8220
P184,1	8221	8222
P185,1	8223	8224
P186,1	8225	8226
P92,1	8227	8228
P187,1	8229	8230
P93,1	8231	8232
P57,1	8233	8234
P94,1	8235	8236
P188,1	8237	8238
P95,1	8239	8240
P58,1	8241	8242
P59,1	8243	8244
P189,1	8245	8246
P191,1	8247	8248
P190,2	8249	8250
P60,1	8251	8252
P18,1	8253	8254
P192,1	8255	8256
P96,1	8257	8258
P19,1	8259	8260
P193,1	8261	8262
P97,1	8263	8264
P98,1	8265	8266
P194,1	8267	8268
P195,1	8269	8270
P61,1	8271	8272
P196,1	8273	8274
P21,1	8275	8276
P22,1	8277	8278
P99,1	8279	8280
P197,1	8281	8282
P198,1	8283	8284
P100,1	8285	8286
P101,1	8287	8288
P199,1	8289	8290
P102,1	8291	8292
P200,1	8293	8294
P104,1	8295	8296
P103,2	8297	8298
P105,1	8299	8300
P106,1	8301	8302
P62,1	8303	8304
P23,2	8305	8306
P107,1	8307	8308
P63,2	8309	8310
P108,1	8311	8312
P109,1	8313	8314
P24,1	8315	8316
P6,1	8317	8318
P110,1	8319	8320
P111,1	8321	8322
P112,1	8323	8324
P113,1	8325	8326
P114,1	8327	8328
P9,1	8329	8330
P115,1	8331	8332
P116,1	8333	8334
P25,1	8335	8336
P117,1	8337	8338
P64,1	8339	8340
P26,1	8341	8342
P7,1	8343	8344
P118,1	8345	8346
P119,1	8347	8348
P2,1	8349	8350
P65,1	8351	8352
P66,1	8353	8354
P120,1	8355	8356
P67,1	8357	8358
P121,1	8359	8360
P122,1	8361	8362
P28,2	8363	8364
P29,1	8365	8366
P124,1	8367	8368
P123,2	8369	8370
P68,2	8371	8372
P125,1	8373	8374
P126,1	8375	8376
P69,1	8377	8378
P127,1	8379	8380
P128,1	8381	8382
P129,1	8383	8384
P130,1	8385	8386
P10,2	8387	8388
P131,1	8389	8390
P30,1	8391	8392
P132,1	8393	8394
P11,1	8395	8396
P31,1	8397	8398
P8,1	8399	8400
P70,2	8401	8402
P32,1	8403	8403
P133,2	8404	8405
P134,1	8406	8407
P135,1	8408	8409
P136,1	8410	8411
P33,1	8412	8413
P72,1	8414	8415
P137,1	8416	8417
P138,1	8418	8419
P34,1	8420	8421
P35,1	8422	8423
P139,1	8424	8425
P37,1	8426	8427
P140,1	8428	8429
P36,2	8430	8431
P73,1	8432	8433
P38,1	8434	8435
P141,1	8436	8436
P39,1	8437	8438
P142,1	8439	8440
P143,1	8441	8442
P75,1	8443	8443
P40,2	8444	8445
P41,1	8446	8447
P76,1	8448	8449
P144,1	8450	8451
P146,2	8452	8453
P43,1	8454	8455
P77,1	8456	8457
P44,1	8458	8459
P45,1	8460	8461
P148,1	8462	8463
P78,1	8464	8465
P79,1	8466	8467
P47,1	8468	8469
P46,2	8470	8471
P149,1	8472	8473
P80,1	8474	8475
P48,1	8476	8477
P150,1	8478	8479
P81,1	8480	8481
P151,1	8482	8483
P49,2	8484	8485
P152,1	8486	8487
P12,2	8488	8489
P82,1	8490	8491
P153,1	8492	8493
P154,1	8494	8495
P83,2	8496	8497
P155,1	8498	8499
P156,1	8500	8501
P84,1	8502	8503
P85,1	8504	8505
P86,1	8506	8507
P13,1	8508	8509
P157,1	8510	8511
P159,1	8512	8513
P87,1	8514	8515
P158,2	8516	8517
P160,1	8518	8519
P161,1	8520	8521
P162,1	8522	8523
P88,1	8524	8525
P50,1	8526	8527
P51,1	8528	8529
P164,1	8530	8531
P165,1	8532	8533
P166,1	8534	8535
P167,1	8536	8537
P89,1	8538	8539
P54,1	8540	8541
P168,1	8542	8543
P90,1	8544	8545
P53,2	8546	8547
P169,1	8548	8549
P170,1	8550	8551
P14,1	8552	8553
P171,1	8554	8555
P172,1	8556	8557
P55,1	8558	8559
P15,1	8560	8561
P91,1	8562	8563
P56,1	8564	8565
P173,1	8566	8567
P4,1	8568	8569
P16,1	8570	8571
P174,1	8572	8573
P17,1	8574	8575
P175,1	8576	8577
P176,1	8578	8579
P177,1	8580	8581
P178,1	8582	8583
P179,1	8584	8585
P180,1	8586	8587
P181,1	8588	8589
P182,1	8590	8591
P183,1	8592	8593
P184,1	8594	8595
P185,1	8596	8597
P186,1	8598	8599
P92,1	8600	8601
P187,1	8602	8603
P93,1	8604	8605
P57,1	8606	8607
P94,1	8608	8609
P188,1	8610	8611
P95,1	8612	8613
P58,1	8614	8615
P59,1	8616	8617
P189,1	8618	8619
P191,1	8620	8621
P190,2	8622	8623
P60,1	8624	8624
P18,1	8625	8626
P192,1	8627	8628
P96,1	8629	8630
P19,1	8631	8632
P193,1	8633	8634
P97,1	8635	8636
P98,1	8637	8638
P194,1	8639	8640
P195,1	8641	8642
P61,1	8643	8644
P196,1	8645	8646
P21,1	8647	8648
P22,1	8649	8650
P99,1	8651	8652
P197,1	8653	8654
P198,1	8655	8656
P100,1	8657	8658
P101,1	8659	8660
P199,1	8661	8662
P102,1	8663	8664
P200,1	8665	8666
P104,1	8667	8668
P103,2	8669	8670
P105,1	8671	8672
P106,1	8673	8674
P62,1	8675	8676
P23,2	8677	8678
P107,1	8679	8680
P63,2	8681	8682
P108,1	8683	8684
P109,1	8685	8686
P24,1	8687	8688
P6,1	8689	8690
P110,1	8691	8692
P111,1	8693	8694
P112,1	8695	8696
P113,1	8697	8698
P114,1	8699	8700
P9,1	8701	8702
P115,1	8703	8704
P116,1	8705	8706
P25,1	8707	8708
P117,1	8709	8710
P64,1	8711	8712
P26,1	8713	8714
P7,1	8715	8716
P118,1	8717	8718
P119,1	8719	8720
P2,1	8721	8722
P65,1	8723	8724
P66,1	8725	8726
P120,1	8727	8728
P67,1	8729	8730
P121,1	8731	8732
P122,1	8733	8734
P28,2	8735	8736
P29,1	8737	8738
P124,1	8739	8740
P123,2	8741	8742
P68,2	8743	8744
P125,1	8745	8746
P126,1	8747	8748
P69,1	8749	8750
P127,1	8751	8752
P128,1	8753	8754
P129,1	8755	8756
P130,1	8757	8758
P10,2	8759	8760
P131,1	8761	8762
P30,1	8763	8764
P132,1	8765	8766
P11,1	8767	8768
P31,1	8769	8770
P8,1	8771	8772
P70,2	8773	8774
P133,2	8775	8776
P134,1	8777	8778
P32,2	8779	8780
P135,1	8781	8782
P136,1	8783	8784
P33,1	8785	8786
P72,1	8787	8788
P137,1	8789	8790
P138,1	8791	8792
P34,1	8793	8794
P35,1	8795	8796
P139,1	8797	8798
P37,1	8799	8800
P140,1	8801	8802
P36,2	8803	8804
P73,1	8805	8806
P38,1	8807	8808
P39,1	8809	8810
P142,1	8811	8812
P141,2	8813	8814
P143,1	8815	8816
P40,2	8817	8818
P41,1	8819	8820
P75,2	8821	8822
P76,1	8823	8824
P144,1	8825	8826
P146,2	8827	8828
P43,1	8829	8830
P77,1	8831	8832
P44,1	8833	8834
P45,1	8835	8836
P148,1	8837	8838
P78,1	8839	8840
P79,1	8841	8842
P47,1	8843	8844
P46,2	8845	8846
P149,1	8847	8848
P80,1	8849	8850
P48,1	8851	8852
P150,1	8853	8854
P81,1	8855	8856
P151,1	8857	8858
P49,2	8859	8860
P152,1	8861	8862
P12,2	8863	8864
P82,1	8865	8866
P153,1	8867	8868
P154,1	8869	8870
P83,2	8871	8872
P155,1	8873	8874
P156,1	8875	8876
P84,1	8877	8878
P85,1	8879	8880
P86,1	8881	8882
P13,1	8883	8884
P157,1	8885	8886
P159,1	8887	8888
P87,1	8889	8890
P158,2	8891	8892
P160,1	8893	8894
P161,1	8895	8896
P162,1	8897	8898
P88,1	8899	8900
P50,1	8901	8902
P51,1	8903	8904
P164,1	8905	8906
P165,1	8907	8908
P166,1	8909	8910
P167,1	8911	8912
P89,1	8913	8914
P54,1	8915	8916
P168,1	8917	8918
P90,1	8919	8920
P53,2	8921	8922
P169,1	8923	8924
P170,1	8925	8926
P14,1	8927	8928
P171,1	8929	8930
P172,1	8931	8932
P55,1	8933	8934
P15,1	8935	8936
P91,1	8937	8938
P56,1	8939	8940
P173,1	8941	8942
P4,1	8943	8944
P16,1	8945	8946
P174,1	8947	8948
P17,1	8949	8950
P175,1	8951	8952
P176,1	8953	8954
P177,1	8955	8956
P178,1	8957	8958
P179,1	8959	8960
P180,1	8961	8962
P181,1	8963	8964
P182,1	8965	8966
P183,1	8967	8968
P184,1	8969	8970
P185,1	8971	8972
P186,1	8973	8974
P92,1	8975	8976
P187,1	8977	8978
P93,1	8979	8980
P57,1	8981	8982
P94,1	8983	8984
P188,1	8985	8986
P95,1	8987	8988
P58,1	8989	8990
P59,1	8991	8992
P189,1	8993	8994
P191,1	8995	8996
P190,2	8997	8998
P18,1	8999	9000
P192,1	9001	9002
P96,1	9003	9004
P60,2	9005	9006
P19,1	9007	9008
P193,1	9009	9010
P97,1	9011	9012
P98,1	9013	9014
P194,1	9015	9016
P195,1	9017	9018
P61,1	9019	9020
P196,1	9021	9022
P21,1	9023	9024
P22,1	9025	9026
P99,1	9027	9028
P197,1	9029	9030
P198,1	9031	9032
P100,1	9033	9034
P101,1	9035	9036
P199,1	9037	9038
P102,1	9039	9040
P200,1	9041	9042
P104,1	9043	9044
P103,2	9045	9046
P105,1	9047	9048
P106,1	9049	9050
P62,1	9051	9052
P23,2	9053	9054
P107,1	9055	9056
P63,2	9057	9058
P108,1	9059	9060
P109,1	9061	9062
P6,1	9063	9064
P24,2	9065	9066
P110,1	9067	9068
P111,1	9069	9070
P112,1	9071	9072
P113,1	9073	9074
P114,1	9075	9076
P9,1	9077	9078
P115,1	9079	9080
P116,1	9081	9082
P25,1	9083	9084
P117,1	9085	9086
P64,1	9087	9088
P26,1	9089	9090
P7,1	9091	9092
P118,1	9093	9094
P119,1	9095	9096
P2,1	9097	9098
P65,1	9099	9100
P66,1	9101	9102
P120,1	9103	9104
P67,1	9105	9106
P121,1	9107	9108
P122,1	9109	9110
P28,2	9111	9112
P29,1	9113	9114
P123,2	9115	9116
P68,2	9117	9118
P124,2	9119	9120
P125,1	9121	9122
P126,1	9123	9124
P69,1	9125	9126
P127,1	9127	9128
P128,1	9129	9130
P129,1	9131	9132
P130,1	9133	9134
P10,2	9135	9136
P131,1	9137	9138
P30,1	9139	9140
P132,1	9141	9142
P11,1	9143	9144
P31,1	9145	9146
P8,1	9147	9148
P70,2	9149	9150
P133,2	9151	9152
P134,1	9153	9154
P32,2	9155	9156
P136,1	9157	9158
P33,1	9159	9160
P135,2	9161	9162
P72,1	9163	9164
P137,1	9165	9166
P138,1	9167	9168
P34,1	9169	9170
P35,1	9171	9172
P139,1	9173	9174
P37,1	9175	9176
P140,1	9177	9178
P36,2	9179	9180
P73,1	9181	9182
P38,1	9183	9184
P39,1	9185	9186
P142,1	9187	9188
P141,2	9189	9190
P143,1	9191	9192
P40,2	9193	9194
P41,1	9195	9196
P75,2	9197	9198
P76,1	9199	9200
P144,1	9201	9202
P146,2	9203	9204
P43,1	9205	9206
P77,1	9207	9208
P44,1	9209	9210
P45,1	9211	9212
P148,1	9213	9214
P78,1	9215	9216
P79,1	9217	9218
P47,1	9219	9220
P46,2	9221	9222
P149,1	9223	9224
P48,1	9225	9226
P150,1	9227	9228
P80,2	9229	9230
P81,1	9231	9232
P151,1	9233	9234
P49,2	9235	9236
P152,1	9237	9238
P12,2	9239	9240
P82,1	9241	9242
P153,1	9243	9244
P154,1	9245	9246
P83,2	9247	9248
P155,1	9249	9250
P156,1	9251	9252
P84,1	9253	9254
P85,1	9255	9256
P86,1	9257	9258
P13,1	9259	9260
P157,1	9261	9262
P159,1	9263	9264
P87,1	9265	9266
P158,2	9267	9268
P160,1	9269	9270
P161,1	9271	9272
P162,1	9273	9274
P88,1	9275	9276
P50,1	9277	9278
P51,1	9279	9280
P164,1	9281	9282
P165,1	9283	9284
P166,1	9285	9286
P167,1	9287	9288
P89,1	9289	9290
P54,1	9291	9292
P168,1	9293	9294
P90,1	9295	9296
P53,2	9297	9298
P169,1	9299	9300
P170,1	9301	9301
P14,1	9302	9303
P171,1	9304	9305
P172,1	9306	9307
P55,1	9308	9309
P15,1	9310	9311
P91,1	9312	9313
P56,1	9314	9315
P173,1	9316	9317
P4,1	9318	9319
P16,1	9320	9321
P174,1	9322	9323
P17,1	9324	9325
P175,1	9326	9327
P176,1	9328	9329
P177,1	9330	9331
P178,1	9332	9333
P179,1	9334	9335
P180,1	9336	9337
P181,1	9338	9339
P182,1	9340	9341
P183,1	9342	9343
P184,1	9344	9345
P185,1	9346	9347
P186,1	9348	9349
P92,1	9350	9351
P187,1	9352	9353
P57,1	9354	9355
P94,1	9356	9357
P188,1	9358	9359
P95,1	9360	9361
P58,1	9362	9363
P59,1	9364	9365
P189,1	9366	9367
P191,1	9368	9369
P190,2	9370	9371
P18,1	9372	9373
P192,1	9374	9375
P96,1	9376	9377
P60,2	9378	9379
P19,1	9380	9381
P193,1	9382	9383
P97,1	9384	9385
P98,1	9386	9387
P194,1	9388	9389
P195,1	9390	9391
P61,1	9392	9393
P196,1	9394	9395
P21,1	9396	9397
P22,1	9398	9399
P99,1	9400	9401
P197,1	9402	9403
P198,1	9404	9405
P100,1	9406	9407
P101,1	9408	9409
P199,1	9410	9411
P102,1	9412	9413
P200,1	9414	9415
P104,1	9416	9417
P103,2	9418	9419
P105,1	9420	9421
P106,1	9422	9423
P62,1	9424	9425
P23,2	9426	9427
P107,1	9428	9429
P63,2	9430	9431
P108,1	9432	9433
P109,1	9434	9435
P6,1	9436	9437
P24,2	9438	9439
P110,1	9440	9441
P111,1	9442	9443
P112,1	9444	9445
P113,1	9446	9447
P114,1	9448	9449
P9,1	9450	9451
P115,1	9452	9453
P116,1	9454	9454
P25,1	9455	9456
P117,1	9457	9458
P64,1	9459	9460
P26,1	9461	9462
P7,1	9463	9464
P118,1	9465	9466
P119,1	9467	9468
P2,1	9469	9470
P65,1	9471	9472
P66,1	9473	9474
P120,1	9475	9476
P67,1	9477	9478
P121,1	9479	9480
P122,1	9481	9482
P28,2	9483	9484
P29,1	9485	9486
P123,2	9487	9488
P68,2	9489	9490
P124,2	9491	9492
P125,1	9493	9494
P126,1	9495	9496
P69,1	9497	9498
P127,1	9499	9500
P128,1	9501	9502
P129,1	9503	9504
P130,1	9505	9506
P10,2	9507	9508
P131,1	9509	9510
P30,1	9511	9512
P132,1	9513	9514
P11,1	9515	9516
P31,1	9517	9518
P8,1	9519	9520
P70,2	9521	9522
P133,2	9523	9524
P134,1	9525	9526
P32,2	9527	9528
P136,1	9529	9530
P33,1	9531	9532
P135,2	9533	9534
P72,1	9535	9536
P137,1	9537	9538
P138,1	9539	9540
P34,1	9541	9542
P35,1	9543	9544
P139,1	9545	9546
P37,1	9547	9548
P140,1	9549	9550
P36,2	9551	9552
P73,1	9553	9554
P38,1	9555	9556
P39,1	9557	9558
P142,1	9559	9560
P141,2	9561	9562
P143,1	9563	9564
P40,2	9565	9566
P41,1	9567	9568
P75,2	9569	9570
P76,1	9571	9572
P144,1	9573	9574
P146,2	9575	9576
P43,1	9577	9578
P77,1	9579	9580
P44,1	9581	9582
P45,1	9583	9584
P148,1	9585	9586
P78,1	9587	9588
P79,1	9589	9590
P47,1	9591	9592
P46,2	9593	9594
P149,1	9595	9596
P48,1	9597	9598
P150,1	9599	9600
P80,2	9601	9602
P81,1	9603	9604
P151,1	9605	9606
P49,2	9607	9608
P152,1	9609	9610
P12,2	9611	9612
P82,1	9613	9614
P153,1	9615	9616
P154,1	9617	9618
P83,2	9619	9620
P155,1	9621	9622
P156,1	9623	9624
P84,1	9625	9626
P85,1	9627	9628
P86,1	9629	9630
P13,1	9631	9632
P157,1	9633	9634
P159,1	9635	9636
P87,1	9637	9638
P158,2	9639	9640
P160,1	9641	9642
P161,1	9643	9644
P162,1	9645	9646
P88,1	9647	9648
P50,1	9649	9650
P51,1	9651	9652
P164,1	9653	9654
P165,1	9655	9656
P166,1	9657	9658
P167,1	9659	9660
P89,1	9661	9662
P54,1	9663	9664
P168,1	9665	9666
P90,1	9667	9667
P53,2	9668	9669
P169,1	9670	9671
P14,1	9672	9673
P171,1	9674	9675
P172,1	9676	9677
P55,1	9678	9679
P15,1	9680	9681
P91,1	9682	9683
P56,1	9684	9685
P173,1	9686	9687
P4,1	9688	9689
P16,1	9690	9691
P174,1	9692	9693
P17,1	9694	9695
P175,1	9696	9697
P176,1	9698	9699
P177,1	9700	9701
P178,1	9702	9703
P179,1	9704	9705
P180,1	9706	9707
P181,1	9708	9709
P182,1	9710	9711
P183,1	9712	9713
P184,1	9714	9715
P185,1	9716	9717
P186,1	9718	9719
P92,1	9720	9721
P187,1	9722	9723
P57,1	9724	9725
P94,1	9726	9727
P188,1	9728	9729
P95,1	9730	9731
P58,1	9732	9733
P59,1	9734	9735
P189,1	9736	9737
P191,1	9738	9739
P190,2	9740	9741
P18,1	9742	9743
P192,1	9744	9745
P96,1	9746	9747
P60,2	9748	9749
P19,1	9750	9750
P193,1	9751	9752
P97,1	9753	9754
P98,1	9755	9756
P194,1	9757	9758
P195,1	9759	9760
P61,1	9761	9762
P196,1	9763	9764
P21,1	9765	9766
P22,1	9767	9768
P99,1	9769	9770
P198,1	9771	9772
P100,1	9773	9774
P101,1	9775	9776
P199,1	9777	9778
P102,1	9779	9780
P200,1	9781	9782
P104,1	9783	9784
P103,2	9785	9786
P105,1	9787	9788
P106,1	9789	9790
P62,1	9791	9792
P23,2	9793	9794
P107,1	9795	9796
P63,2	9797	9798
P108,1	9799	9800
P109,1	9801	9802
P6,1	9803	9804
P24,2	9805	9806
P110,1	9807	9808
P111,1	9809	9810
P112,1	9811	9812
P113,1	9813	9814
P114,1	9815	9816
P9,1	9817	9818
P115,1	9819	9820
P116,2	9821	9822
P25,1	9823	9824
P117,1	9825	9826
P64,1	9827	9828
P26,1	9829	9830
P7,1	9831	9832
P118,1	9833	9834
P119,1	9835	9836
P2,1	9837	9838
P65,1	9839	9840
P66,1	9841	9842
P120,1	9843	9844
P67,1	9845	9846
P121,1	9847	9848
P122,1	9849	9850
P28,2	9851	9852
P29,1	9853	9854
P123,2	9855	9856
P68,2	9857	9858
P124,2	9859	9860
P125,1	9861	9862
P126,1	9863	9864
P69,1	9865	9866
P127,1	9867	9868
P128,1	9869	9870
P129,1	9871	9872
P130,1	9873	9874
P10,2	9875	9876
P131,1	9877	9878
P30,1	9879	9880
P132,1	9881	9882
P11,1	9883	9884
P31,1	9885	9886
P8,1	9887	9888
P70,2	9889	9890
P133,2	9891	9892
P134,1	9893	9894
P32,2	9895	9896
P136,1	9897	9898
P33,1	9899	9900
P135,2	9901	9902
P72,1	9903	9904
P137,1	9905	9906
P138,1	9907	9908
P34,1	9909	9910
P35,1	9911	9912
P139,1	9913	9914
P37,1	9915	9916
P140,1	9917	9918
P36,2	9919	9920
P73,1	9921	9922
P38,1	9923	9924
P142,1	9925	9926
P141,2	9927	9928
P143,1	9929	9930
P40,2	9931	9932
P41,1	9933	9934
P75,2	9935	9936
P76,1	9937	9938
P144,1	9939	9940
P146,2	9941	9942
P43,1	9943	9944
P44,2	9945	9946
P45,1	9947	9948
P77,2	9949	9950
P148,1	9951	9952
P78,1	9953	9954
P79,1	9955	9956
P47,1	9957	9958
P46,2	9959	9960
P149,1	9961	9962
P48,1	9963	9964
P150,1	9965	9966
P80,2	9967	9968
P81,1	9969	9970
P151,1	9971	9972
P49,2	9973	9974
P152,1	9975	9976
P12,2	9977	9978
P82,1	9979	9980
P153,1	9981	9982
P154,1	9983	9984
P83,2	9985	9986
P155,1	9987	9988
P156,1	9989	9990
P84,1	9991	9992
P85,1	9993	9994
P86,1	9995	9996
P13,1	9997	9998
P157,1	9999	10000
P87,1	10001	10002
P158,2	10003	10004
P160,1	10005	10006
P159,2	10007	10008
P161,1	10009	10010
P162,1	10011	10012
P88,1	10013	10013
P50,1	10014	10015
P51,1	10016	10017
P164,1	10018	10019
P165,1	10020	10021
P166,1	10022	10023
P167,1	10024	10025
P89,1	10026	10027
P54,1	10028	10029
P168,1	10030	10031
P53,2	10032	10033
P169,1	10034	10035
P14,1	10036	10037
P90,2	10038	10039
P171,1	10040	10041
P172,1	10042	10043
P55,1	10044	10045
P15,1	10046	10047
P91,1	10048	10049
P56,1	10050	10051
P173,1	10052	10053
P4,1	10054	10055
P16,1	10056	10057
P174,1	10058	10059
P17,1	10060	10061
P175,1	10062	10063
P176,1	10064	10065
P177,1	10066	10067
P178,1	10068	10069
P179,1	10070	10071
P180,1	10072	10073
P181,1	10074	10075
P182,1	10076	10077
P184,1	10078	10079
P185,1	10080	10081
P183,2	10082	10083
P186,1	10084	10085
P92,1	10086	10087
P187,1	10088	10089
P57,1	10090	10091
P94,1	10092	10093
P188,1	10094	10095
P95,1	10096	10097
P58,1	10098	10099
P59,1	10100	10101
P189,1	10102	10103
P191,1	10104	10105
P190,2	10106	10107
P18,1	10108	10109
P192,1	10110	10111
P96,1	10112	10113
P60,2	10114	10115
P19,2	10116	10117
P193,1	10118	10119
P97,1	10120	10121
P98,1	10122	10123
P194,1	10124	10125
P195,1	10126	10127
P61,1	10128	10129
P196,1	10130	10131
P21,1	10132	10133
P22,1	10134	10135
P99,1	10136	10137
P198,1	10138	10139
P100,1	10140	10141
P101,1	10142	10143
P199,1	10144	10145
P102,1	10146	10147
P200,1	10148	10149
P104,1	10150	10151
P103,2	10152	10153
P105,1	10154	10155
P106,1	10156	10157
P62,1	10158	10159
P23,2	10160	10161
P107,1	10162	10163
P63,2	10164	10165
P108,1	10166	10167
P109,1	10168	10169
P6,1	10170	10171
P24,2	10172	10173
P110,1	10174	10175
P111,1	10176	10177
P112,1	10178	10179
P113,1	10180	10181
P114,1	10182	10183
P9,1	10184	10185
P115,1	10186	10187
P116,2	10188	10189
P25,1	10190	10191
P117,1	10192	10193
P64,1	10194	10195
P26,1	10196	10197
P7,1	10198	10199
P118,1	10200	10201
P119,1	10202	10203
P2,1	10204	10205
P65,1	10206	10207
P66,1	10208	10209
P120,1	10210	10211
P67,1	10212	10213
P121,1	10214	10215
P122,1	10216	10217
P28,2	10218	10219
P29,1	10220	10221
P123,2	10222	10223
P68,2	10224	10225
P124,2	10226	10227
P125,1	10228	10229
P126,1	10230	10231
P69,1	10232	10233
P127,1	10234	10235
P128,1	10236	10237
P129,1	10238	10239
P130,1	10240	10241
P10,2	10242	10243
P131,1	10244	10245
P30,1	10246	10247
P132,1	10248	10249
P11,1	10250	10251
P31,1	10252	10253
P8,1	10254	10255
P70,2	10256	10257
P133,2	10258	10259
P134,1	10260	10261
P32,2	10262	10263
P136,1	10264	10265
P33,1	10266	10267
P135,2	10268	10269
P72,1	10270	10271
P137,1	10272	10273
P34,1	10274	10275
P138,2	10276	10277
P35,1	10278	10279
P139,1	10280	10281
P37,1	10282	10283
P140,1	10284	10285
P36,2	10286	10287
P73,1	10288	10289
P38,1	10290	10291
P142,1	10292	10293
P141,2	10294	10295
P143,1	10296	10297
P40,2	10298	10299
P41,1	10300	10301
P75,2	10302	10303
P76,1	10304	10305
P144,1	10306	10307
P146,2	10308	10309
P44,2	10310	10311
P45,1	10312	10313
P77,2	10314	10315
P43,2	10316	10317
P148,1	10318	10319
P78,1	10320	10321
P79,1	10322	10323
P47,1	10324	10325
P46,2	10326	10327
P149,1	10328	10329
P48,1	10330	10331
P150,1	10332	10333
P80,2	10334	10335
P81,1	10336	10337
P151,1	10338	10338
P49,2	10339	10340
P152,1	10341	10342
P12,2	10343	10344
P82,1	10345	10346
P153,1	10347	10348
P154,1	10349	10350
P83,2	10351	10352
P155,1	10353	10354
P156,1	10355	10356
P84,1	10357	10358
P85,1	10359	10360
P86,1	10361	10362
P13,1	10363	10364
P157,1	10365	10366
P87,1	10367	10368
P158,2	10369	10370
P160,1	10371	10372
P159,2	10373	10374
P161,1	10375	10376
P162,1	10377	10378
P50,1	10379	10379
P88,2	10380	10381
P51,1	10382	10383
P164,1	10384	10385
P165,1	10386	10387
P166,1	10388	10389
P167,1	10390	10391
P89,1	10392	10393
P54,1	10394	10395
P168,1	10396	10397
P53,2	10398	10399
P169,1	10400	10401
P14,1	10402	10403
P90,2	10404	10405
P171,1	10406	10407
P172,1	10408	10409
P55,1	10410	10411
P15,1	10412	10413
P91,1	10414	10415
P56,1	10416	10417
P173,1	10418	10419
P4,1	10420	10421
P16,1	10422	10423
P174,1	10424	10425
P17,1	10426	10427
P175,1	10428	10429
P176,1	10430	10431
P177,1	10432	10433
P178,1	10434	10435
P179,1	10436	10437
P180,1	10438	10439
P181,1	10440	10441
P182,1	10442	10443
P184,1	10444	10445
P185,1	10446	10447
P183,2	10448	10449
P186,1	10450	10451
P92,1	10452	10453
P187,1	10454	10455
P57,1	10456	10457
P94,1	10458	10459
P188,1	10460	10461
P95,1	10462	10463
P58,1	10464	10465
P59,1	10466	10467
P189,1	10468	10469
P191,1	10470	10471
P190,2	10472	10473
P18,1	10474	10475
P192,1	10476	10477
P96,1	10478	10479
P60,2	10480	10481
P19,2	10482	10483
P193,1	10484	10485
P97,1	10486	10487
P98,1	10488	10489
P194,1	10490	10491
P195,1	10492	10493
P61,1	10494	10495
P196,1	10496	10497
P21,1	10498	10499
P22,1	10500	10501
P99,1	10502	10503
P198,1	10504	10505
P100,1	10506	10507
P101,1	10508	10509
P199,1	10510	10511
P102,1	10512	10513
P200,1	10514	10515
P104,1	10516	10517
P103,2	10518	10519
P105,1	10520	10521
P106,1	10522	10523
P62,1	10524	10525
P23,2	10526	10527
P107,1	10528	10529
P63,2	10530	10531
P108,1	10532	10533
P109,1	10534	10535
P6,1	10536	10537
P24,2	10538	10539
P110,1	10540	10541
P111,1	10542	10543
P112,1	10544	10545
P113,1	10546	10547
P114,1	10548	10549
P9,1	10550	10551
P115,1	10552	10553
P116,2	10554	10555
P25,1	10556	10557
P117,1	10558	10559
P64,1	10560	10561
P26,1	10562	10563
P7,1	10564	10565
P118,1	10566	10567
P119,1	10568	10569
P2,1	10570	10571
P65,1	10572	10573
P66,1	10574	10575
P120,1	10576	10577
P67,1	10578	10579
P121,1	10580	10581
P122,1	10582	10583
P28,2	10584	10585
P29,1	10586	10587
P123,2	10588	10589
P68,2	10590	10591
P124,2	10592	10593
P125,1	10594	10595
P126,1	10596	10597
P69,1	10598	10599
P127,1	10600	10601
P128,1	10602	10603
P129,1	10604	10605
P130,1	10606	10607
P10,2	10608	10609
P131,1	10610	10611
P30,1	10612	10613
P132,1	10614	10615
P11,1	10616	10617
P31,1	10618	10619
P8,1	10620	10621
P70,2	10622	10623
P133,2	10624	10625
P134,1	10626	10627
P32,2	10628	10629
P136,1	10630	10631
P33,1	10632	10633
P135,2	10634	10635
P72,1	10636	10637
P137,1	10638	10639
P34,1	10640	10641
P138,2	10642	10643
P35,1	10644	10645
P139,1	10646	10647
P37,1	10648	10649
P140,1	10650	10651
P36,2	10652	10653
P73,1	10654	10655
P38,1	10656	10657
P142,1	10658	10659
P141,2	10660	10661
P143,1	10662	10663
P40,2	10664	10665
P41,1	10666	10667
P75,2	10668	10669
P76,1	10670	10671
P144,1	10672	10673
P146,2	10674	10675
P44,2	10676	10677
P45,1	10678	10679
P77,2	10680	10681
P43,2	10682	10683
P148,1	10684	10685
P78,1	10686	10687
P79,1	10688	10689
P47,1	10690	10691
P46,2	10692	10693
P149,1	10694	10695
P48,1	10696	10697
P150,1	10698	10699
P80,2	10700	10701
P81,1	10702	10703
P49,2	10704	10705
P152,1	10706	10707
P12,2	10708	10709
P151,2	10710	10711
P82,1	10712	10713
P153,1	10714	10715
P154,1	10716	10717
P83,2	10718	10719
P155,1	10720	10721
P156,1	10722	10723
P84,1	10724	10725
P85,1	10726	10727
P86,1	10728	10728
P13,1	10729	10730
P157,1	10731	10732
P87,1	10733	10734
P158,2	10735	10736
P160,1	10737	10738
P159,2	10739	10740
P161,1	10741	10742
P162,1	10743	10744
P88,2	10745	10746
P51,1	10747	10748
P50,2	10749	10750
P164,1	10751	10752
P165,1	10753	10754
P166,1	10755	10756
P167,1	10757	10758
P89,1	10759	10760
P54,1	10761	10762
P168,1	10763	10764
P53,2	10765	10766
P14,1	10767	10768
P169,2	10769	10770
P90,2	10771	10772
P171,1	10773	10774
P172,1	10775	10776
P55,1	10777	10778
P15,1	10779	10780
P91,1	10781	10781
P56,1	10782	10783
P173,1	10784	10785
P4,1	10786	10787
P16,1	10788	10789
P174,1	10790	10790
P17,1	10791	10792
P175,1	10793	10794
P176,1	10795	10796
P177,1	10797	10798
P178,1	10799	10800
P179,1	10801	10802
P180,1	10803	10804
P181,1	10805	10806
P182,1	10807	10808
P184,1	10809	10810
P185,1	10811	10812
P183,2	10813	10814
P186,1	10815	10816
P92,1	10817	10818
P187,1	10819	10820
P57,1	10821	10822
P94,1	10823	10824
P188,1	10825	10826
P95,1	10827	10828
P58,1	10829	10830
P59,1	10831	10832
P189,1	10833	10834
P191,1	10835	10836
P190,2	10837	10838
P18,1	10839	10840
P192,1	10841	10842
P96,1	10843	10844
P60,2	10845	10846
P19,2	10847	10848
P193,1	10849	10850
P97,1	10851	10852
P98,1	10853	10854
P194,1	10855	10856
P195,1	10857	10858
P61,1	10859	10860
P196,1	10861	10862
P21,1	10863	10864
P22,1	10865	10866
P99,1	10867	10868
P198,1	10869	10870
P100,1	10871	10872
P101,1	10873	10874
P199,1	10875	10876
P102,1	10877	10878
P200,1	10879	10880
P104,1	10881	10882
P103,2	10883	10884
P105,1	10885	10886
P106,1	10887	10888
P62,1	10889	10890
P23,2	10891	10892
P107,1	10893	10894
P63,2	10895	10896
P108,1	10897	10898
P109,1	10899	10900
P6,1	10901	10902
P24,2	10903	10904
P110,1	10905	10906
P111,1	10907	10908
P112,1	10909	10910
P113,1	10911	10912
P114,1	10913	10914
P9,1	10915	10916
P115,1	10917	10918
P116,2	10919	10920
P25,1	10921	10922
P117,1	10923	10924
P64,1	10925	10926
P26,1	10927	10928
P7,1	10929	10930
P118,1	10931	10932
P119,1	10933	10934
P2,1	10935	10936
P65,1	10937	10938
P66,1	10939	10940
P120,1	10941	10942
P67,1	10943	10944
P121,1	10945	10946
P122,1	10947	10948
P28,2	10949	10950
P29,1	10951	10952
P123,2	10953	10954
P68,2	10955	10956
P124,2	10957	10958
P125,1	10959	10960
P126,1	10961	10962
P69,1	10963	10964
P127,1	10965	10966
P128,1	10967	10968
P129,1	10969	10970
P130,1	10971	10972
P10,2	10973	10974
P131,1	10975	10976
P30,1	10977	10978
P132,1	10979	10980
P11,1	10981	10982
P31,1	10983	10984
P8,1	10985	10986
P70,2	10987	10988
P133,2	10989	10990
P134,1	10991	10992
P32,2	10993	10994
P136,1	10995	10996
P33,1	10997	10998
P135,2	10999	11000
P72,1	11001	11002
P137,1	11003	11004
P34,1	11005	11006
P138,2	11007	11008
P35,1	11009	11010
P139,1	11011	11012
P37,1	11013	11014
P140,1	11015	11016
P36,2	11017	11018
P73,1	11019	11020
P38,1	11021	11022
P142,1	11023	11024
P141,2	11025	11026
P143,1	11027	11028
P40,2	11029	11030
P41,1	11031	11032
P75,2	11033	11034
P76,1	11035	11036
P144,1	11037	11038
P146,2	11039	11040
P44,2	11041	11042
P45,1	11043	11044
P77,2	11045	11046
P43,2	11047	11048
P148,1	11049	11050
P78,1	11051	11052
P79,1	11053	11054
P47,1	11055	11056
P46,2	11057	11058
P149,1	11059	11060
P48,1	11061	11062
P150,1	11063	11064
P80,2	11065	11066
P81,1	11067	11068
P49,2	11069	11070
P152,1	11071	11072
P12,2	11073	11074
P151,2	11075	11076
P82,1	11077	11077
P153,1	11078	11079
P154,1	11080	11081
P83,2	11082	11083
P155,1	11084	11085
P156,1	11086	11087
P84,1	11088	11089
P85,1	11090	11091
P13,1	11092	11093
P157,1	11094	11095
P86,2	11096	11097
P87,1	11098	11098
P158,2	11099	11100
P160,1	11101	11102
P159,2	11103	11104
P161,1	11105	11106
P162,1	11107	11108
P88,2	11109	11110
P51,1	11111	11112
P50,2	11113	11114
P164,1	11115	11116
P165,1	11117	11118
P166,1	11119	11120
P167,1	11121	11122
P89,1	11123	11124
P54,1	11125	11126
P168,1	11127	11128
P53,2	11129	11130
P14,1	11131	11132
P169,2	11133	11134
P90,2	11135	11136
P171,1	11137	11138
P172,1	11139	11140
P55,1	11141	11142
P15,1	11143	11144
P56,1	11145	11146
P173,1	11147	11148
P4,1	11149	11150
P91,2	11151	11152
P16,1	11153	11154
P17,1	11155	11156
P175,1	11157	11158
P176,1	11159	11160
P177,1	11161	11162
P178,1	11163	11164
P179,1	11165	11166
P180,1	11167	11168
P181,1	11169	11170
P182,1	11171	11171
P184,1	11172	11173
P185,1	11174	11175
P183,2	11176	11177
P186,1	11178	11179
P92,1	11180	11181
P187,1	11182	11183
P57,1	11184	11185
P94,1	11186	11187
P188,1	11188	11189
P95,1	11190	11191
P58,1	11192	11193
P59,1	11194	11195
P189,1	11196	11197
P191,1	11198	11199
P190,2	11200	11201
P18,1	11202	11203
P192,1	11204	11205
P96,1	11206	11207
P60,2	11208	11209
P19,2	11210	11211
P193,1	11212	11213
P97,1	11214	11215
P98,1	11216	11217
P194,1	11218	11219
P195,1	11220	11221
P61,1	11222	11223
P196,1	11224	11225
P21,1	11226	11227
P22,1	11228	11229
P99,1	11230	11231
P198,1	11232	11233
P100,1	11234	11235
P101,1	11236	11237
P199,1	11238	11239
P102,1	11240	11241
P200,1	11242	11243
P104,1	11244	11245
P103,2	11246	11247
P105,1	11248	11249
P106,1	11250	11251
P62,1	11252	11253
P23,2	11254	11255
P107,1	11256	11257
P63,2	11258	11259
P108,1	11260	11261
P109,1	11262	11263
P24,2	11264	11265
P110,1	11266	11267
P111,1	11268	11269
P112,1	11270	11271
P113,1	11272	11273
P114,1	11274	11275
P9,1	11276	11277
P115,1	11278	11279
P116,2	11280	11281
P25,1	11282	11283
P117,1	11284	11285
P64,1	11286	11287
P26,1	11288	11289
P7,1	11290	11291
P118,1	11292	11293
P119,1	11294	11295
P2,1	11296	11297
P65,1	11298	11299
P66,1	11300	11301
P120,1	11302	11303
P67,1	11304	11305
P121,1	11306	11307
P28,2	11308	11309
P29,1	11310	11311
P123,2	11312	11313
P122,2	11314	11315
P68,2	11316	11317
P124,2	11318	11319
P125,1	11320	11321
P126,1	11322	11323
P69,1	11324	11325
P127,1	11326	11327
P128,1	11328	11329
P129,1	11330	11331
P130,1	11332	11333
P10,2	11334	11335
P131,1	11336	11337
P30,1	11338	11339
P132,1	11340	11341
P11,1	11342	11343
P31,1	11344	11345
P8,1	11346	11347
P70,2	11348	11349
P133,2	11350	11351
P134,1	11352	11353
P32,2	11354	11355
P136,1	11356	11357
P33,1	11358	11359
P135,2	11360	11361
P72,1	11362	11363
P137,1	11364	11365
P34,1	11366	11367
P138,2	11368	11369
P35,1	11370	11371
P139,1	11372	11373
P37,1	11374	11375
P140,1	11376	11377
P36,2	11378	11379
P73,1	11380	11381
P38,1	11382	11383
P142,1	11384	11385
P141,2	11386	11387
P143,1	11388	11389
P40,2	11390	11391
P41,1	11392	11392
P75,2	11393	11394
P76,1	11395	11396
P144,1	11397	11398
P146,2	11399	11400
P44,2	11401	11402
P45,1	11403	11404
P77,2	11405	11406
P43,2	11407	11408
P148,1	11409	11410
P78,1	11411	11412
P79,1	11413	11414
P47,1	11415	11416
P46,2	11417	11418
P149,1	11419	11420
P48,1	11421	11422
P150,1	11423	11424
P80,2	11425	11426
P81,1	11427	11428
P49,2	11429	11430
P152,1	11431	11432
P12,2	11433	11434
P151,2	11435	11436
P153,1	11437	11438
P154,1	11439	11440
P83,2	11441	11442
P155,1	11443	11444
P156,1	11445	11446
P84,1	11447	11448
P85,1	11449	11450
P13,1	11451	11452
P157,1	11453	11454
P86,2	11455	11456
P158,2	11457	11458
P160,1	11459	11460
P159,2	11461	11462
P161,1	11463	11464
P162,1	11465	11466
P88,2	11467	11468
P51,1	11469	11470
P50,2	11471	11472
P164,1	11473	11474
P165,1	11475	11476
P166,1	11477	11478
P167,1	11479	11480
P89,1	11481	11482
P54,1	11483	11484
P168,1	11485	11485
P53,2	11486	11487
P14,1	11488	11489
P169,2	11490	11491
P90,2	11492	11493
P171,1	11494	11495
P172,1	11496	11496
P55,1	11497	11498
P15,1	11499	11500
P56,1	11501	11502
P173,1	11503	11504
P4,1	11505	11506
P91,2	11507	11508
P16,1	11509	11510
P17,1	11511	11512
P175,1	11513	11514
P176,1	11515	11516
P177,1	11517	11518
P178,1	11519	11520
P179,1	11521	11522
P180,1	11523	11524
P181,1	11525	11526
P182,2	11527	11528
P184,1	11529	11530
P185,1	11531	11532
P183,2	11533	11534
P186,1	11535	11536
P92,1	11537	11538
P187,1	11539	11540
P57,1	11541	11542
P94,1	11543	11544
P188,1	11545	11546
P95,1	11547	11548
P58,1	11549	11550
P59,1	11551	11552
P189,1	11553	11554
P191,1	11555	11556
P190,2	11557	11558
P18,1	11559	11560
P192,1	11561	11562
P96,1	11563	11564
P60,2	11565	11566
P19,2	11567	11568
P193,1	11569	11570
P97,1	11571	11572
P98,1	11573	11574
P194,1	11575	11576
P195,1	11577	11578
P61,1	11579	11580
P196,1	11581	11582
P21,1	11583	11584
P22,1	11585	11586
P99,1	11587	11588
P198,1	11589	11590
P100,1	11591	11592
P101,1	11593	11594
P199,1	11595	11596
P102,1	11597	11598
P200,1	11599	11600
P104,1	11601	11602
P103,2	11603	11604
P105,1	11605	11606
P106,1	11607	11608
P62,1	11609	11610
P23,2	11611	11612
P107,1	11613	11614
P63,2	11615	11616
P108,1	11617	11618
P109,1	11619	11620
P24,2	11621	11622
P110,1	11623	11624
P111,1	11625	11626
P112,1	11627	11628
P113,1	11629	11630
P114,1	11631	11632
P9,1	11633	11634
P115,1	11635	11636
P116,2	11637	11638
P25,1	11639	11640
P117,1	11641	11642
P64,1	11643	11644
P26,1	11645	11646
P7,1	11647	11648
P118,1	11649	11650
P119,1	11651	11652
P2,1	11653	11654
P65,1	11655	11656
P66,1	11657	11658
P120,1	11659	11660
P67,1	11661	11662
P121,1	11663	11664
P28,2	11665	11666
P29,1	11667	11668
P123,2	11669	11670
P122,2	11671	11672
P68,2	11673	11674
P124,2	11675	11676
P125,1	11677	11678
P126,1	11679	11680
P69,1	11681	11682
P127,1	11683	11684
P128,1	11685	11686
P129,1	11687	11688
P130,1	11689	11690
P10,2	11691	11692
P131,1	11693	11694
P30,1	11695	11696
P132,1	11697	11698
P11,1	11699	11700
P31,1	11701	11702
P8,1	11703	11704
P70,2	11705	11706
P133,2	11707	11708
P134,1	11709	11710
P32,2	11711	11712
P136,1	11713	11714
P33,1	11715	11716
P135,2	11717	11718
P72,1	11719	11720
P137,1	11721	11722
P34,1	11723	11724
P138,2	11725	11726
P35,1	11727	11728
P139,1	11729	11730
P37,1	11731	11732
P140,1	11733	11734
P36,2	11735	11736
P73,1	11737	11738
P38,1	11739	11740
P142,1	11741	11742
P141,2	11743	11744
P143,1	11745	11746
P40,2	11747	11748
P75,2	11749	11750
P76,1	11751	11752
P41,2	11753	11754
P144,1	11755	11755
P146,2	11756	11757
P44,2	11758	11759
P45,1	11760	11761
P77,2	11762	11763
P43,2	11764	11765
P148,1	11766	11767
P78,1	11768	11769
P79,1	11770	11771
P47,1	11772	11773
P46,2	11774	11775
P149,1	11776	11777
P48,1	11778	11779
P150,1	11780	11781
P80,2	11782	11783
P81,1	11784	11785
P49,2	11786	11787
P152,1	11788	11789
P12,2	11790	11791
P151,2	11792	11793
P153,1	11794	11795
P154,1	11796	11797
P83,2	11798	11799
P155,1	11800	11801
P156,1	11802	11803
P84,1	11804	11805
P85,1	11806	11807
P13,1	11808	11809
P157,1	11810	11811
P86,2	11812	11813
P158,2	11814	11815
P160,1	11816	11817
P159,2	11818	11819
P161,1	11820	11821
P162,1	11822	11823
P88,2	11824	11825
P51,1	11826	11827
P50,2	11828	11829
P164,1	11830	11831
P165,1	11832	11833
P166,1	11834	11835
P167,1	11836	11837
P89,1	11838	11839
P54,1	11840	11841
P53,2	11842	11843
P14,1	11844	11845
P169,2	11846	11847
P90,2	11848	11849
P171,1	11850	11851
P55,1	11852	11853
P15,1	11854	11855
P56,1	11856	11857
P173,1	11858	11859
P4,1	11860	11861
P91,2	11862	11863
P16,1	11864	11865
P17,1	11866	11867
P175,1	11868	11869
P176,1	11870	11871
P177,1	11872	11873
P178,1	11874	11875
P179,1	11876	11877
P180,1	11878	11879
P181,1	11880	11881
P182,2	11882	11883
P184,1	11884	11885
P185,1	11886	11887
P183,2	11888	11889
P186,1	11890	11891
P92,1	11892	11893
P187,1	11894	11895
P57,1	11896	11897
P94,1	11898	11899
P188,1	11900	11901
P95,1	11902	11903
P58,1	11904	11905
P59,1	11906	11907
P189,1	11908	11909
P191,1	11910	11911
P190,2	11912	11913
P18,1	11914	11915
P192,1	11916	11917
P96,1	11918	11919
P60,2	11920	11921
P19,2	11922	11923
P193,1	11924	11925
P97,1	11926	11927
P98,1	11928	11929
P195,1	11930	11931
P61,1	11932	11933
P194,2	11934	11935
P196,1	11936	11937
P21,1	11938	11939
P22,1	11940	11941
P99,1	11942	11943
P198,1	11944	11945
P100,1	11946	11947
P101,1	11948	11949
P199,1	11950	11951
P102,1	11952	11953
P200,1	11954	11955
P104,1	11956	11957
P103,2	11958	11959
P105,1	11960	11961
P106,1	11962	11963
P62,1	11964	11965
P23,2	11966	11967
P107,1	11968	11969
P63,2	11970	11971
P108,1	11972	11972
P109,1	11973	11974
P24,2	11975	11976
P110,1	11977	11978
P111,1	11979	11980
P112,1	11981	11982
P113,1	11983	11984
P114,1	11985	11986
P9,1	11987	11988
P115,1	11989	11990
P116,2	11991	11992
P25,1	11993	11994
P117,1	11995	11996
P64,1	11997	11998
P26,1	11999	12000
P7,1	12001	12002
P118,1	12003	12004
P119,1	12005	12006
P2,1	12007	12008
P65,1	12009	12010
P66,1	12011	12012
P120,1	12013	12014
P67,1	12015	12016
P121,1	12017	12018
P28,2	12019	12020
P29,1	12021	12022
P123,2	12023	12024
P122,2	12025	12026
P68,2	12027	12028
P124,2	12029	12030
P125,1	12031	12032
P126,1	12033	12034
P69,1	12035	12036
P127,1	12037	12038
P128,1	12039	12040
P129,1	12041	12042
P130,1	12043	12044
P10,2	12045	12046
P131,1	12047	12048
P30,1	12049	12050
P132,1	12051	12052
P11,1	12053	12054
P31,1	12055	12056
P8,1	12057	12058
P70,2	12059	12060
P133,2	12061	12062
P134,1	12063	12064
P32,2	12065	12066
P136,1	12067	12068
P33,1	12069	12070
P135,2	12071	12072
P72,1	12073	12074
P137,1	12075	12076
P34,1	12077	12078
P138,2	12079	12080
P35,1	12081	12082
P139,1	12083	12084
P37,1	12085	12085
P140,1	12086	12087
P36,2	12088	12089
P73,1	12090	12091
P38,1	12092	12093
P142,1	12094	12095
P141,2	12096	12097
P143,1	12098	12099
P40,2	12100	12101
P75,2	12102	12103
P76,1	12104	12105
P41,2	12106	12107
P146,2	12108	12109
P144,2	12110	12111
P44,2	12112	12113
P45,1	12114	12115
P77,2	12116	12117
P43,2	12118	12119
P148,1	12120	12121
P78,1	12122	12123
P79,1	12124	12125
P47,1	12126	12127
P46,2	12128	12129
P149,1	12130	12131
P48,1	12132	12133
P150,1	12134	12135
P80,2	12136	12137
P81,1	12138	12139
P49,2	12140	12141
P152,1	12142	12143
P12,2	12144	12145
P151,2	12146	12147
P153,1	12148	12149
P154,1	12150	12151
P83,2	12152	12153
P155,1	12154	12155
P156,1	12156	12157
P84,1	12158	12159
P85,1	12160	12161
P13,1	12162	12163
P157,1	12164	12165
P86,2	12166	12167
P158,2	12168	12169
P160,1	12170	12171
P159,2	12172	12173
P161,1	12174	12175
P162,1	12176	12177
P88,2	12178	12179
P51,1	12180	12181
P50,2	12182	12183
P164,1	12184	12185
P165,1	12186	12187
P166,1	12188	12189
P167,1	12190	12191
P89,1	12192	12193
P54,1	12194	12195
P53,2	12196	12197
P14,1	12198	12199
P169,2	12200	12201
P90,2	12202	12203
P171,1	12204	12205
P55,1	12206	12207
P15,1	12208	12209
P56,1	12210	12211
P173,1	12212	12213
P4,1	12214	12214
P91,2	12215	12216
P16,1	12217	12218
P17,1	12219	12220
P175,1	12221	12222
P176,1	12223	12224
P177,1	12225	12226
P178,1	12227	12228
P179,1	12229	12230
P180,1	12231	12232
P181,1	12233	12234
P182,2	12235	12236
P184,1	12237	12238
P185,1	12239	12240
P183,2	12241	12242
P186,1	12243	12244
P92,1	12245	12246
P187,1	12247	12248
P57,1	12249	12250
P94,1	12251	12252
P188,1	12253	12254
P95,1	12255	12256
P58,1	12257	12258
P59,1	12259	12260
P189,1	12261	12261
P191,1	12262	12263
P190,2	12264	12265
P18,1	12266	12267
P192,1	12268	12269
P96,1	12270	12271
P60,2	12272	12273
P19,2	12274	12275
P193,1	12276	12277
P97,1	12278	12278
P98,1	12279	12280
P195,1	12281	12282
P61,1	12283	12284
P194,2	12285	12286
P196,1	12287	12288
P21,1	12289	12290
P22,1	12291	12292
P99,1	12293	12294
P198,1	12295	12295
P100,1	12296	12297
P101,1	12298	12299
P199,1	12300	12301
P102,1	12302	12303
P200,1	12304	12305
P104,1	12306	12307
P103,2	12308	12309
P105,1	12310	12311
P106,1	12312	12313
P62,1	12314	12315
P23,2	12316	12317
P107,1	12318	12319
P63,2	12320	12321
P109,1	12322	12323
P24,2	12324	12325
P108,2	12326	12327
P110,1	12328	12329
P111,1	12330	12331
P113,1	12332	12333
P114,1	12334	12335
P112,2	12336	12337
P9,1	12338	12339
P115,1	12340	12341
P116,2	12342	12343
P25,1	12344	12345
P117,1	12346	12347
P64,1	12348	12349
P26,1	12350	12351
P7,1	12352	12353
P118,1	12354	12355
P119,1	12356	12357
P2,1	12358	12359
P65,1	12360	12361
P66,1	12362	12363
P120,1	12364	12365
P67,1	12366	12367
P121,1	12368	12369
P28,2	12370	12371
P29,1	12372	12372
P123,2	12373	12374
P122,2	12375	12376
P68,2	12377	12378
P124,2	12379	12380
P125,1	12381	12382
P126,1	12383	12384
P69,1	12385	12386
P127,1	12387	12388
P128,1	12389	12390
P129,1	12391	12392
P130,1	12393	12394
P10,2	12395	12396
P131,1	12397	12398
P30,1	12399	12400
P132,1	12401	12402
P11,1	12403	12404
P31,1	12405	12406
P70,2	12407	12408
P133,2	12409	12410
P134,1	12411	12412
P32,2	12413	12414
P135,2	12415	12416
P72,1	12417	12418
P33,2	12419	12420
P137,1	12421	12422
P34,1	12423	12424
P138,2	12425	12426
P35,1	12427	12428
P139,1	12429	12430
P140,1	12431	12432
P36,2	12433	12434
P38,1	12435	12436
P142,1	12437	12438
P141,2	12439	12440
P143,1	12441	12442
P40,2	12443	12444
P75,2	12445	12446
P76,1	12447	12448
P41,2	12449	12450
P146,2	12451	12452
P144,2	12453	12454
P44,2	12455	12456
P45,1	12457	12458
P77,2	12459	12460
P43,2	12461	12462
P148,1	12463	12464
P78,1	12465	12465
P79,1	12466	12467
P47,1	12468	12469
P46,2	12470	12471
P149,1	12472	12473
P48,1	12474	12475
P150,1	12476	12477
P80,2	12478	12479
P81,1	12480	12481
P49,2	12482	12483
P152,1	12484	12485
P12,2	12486	12487
P151,2	12488	12489
P153,1	12490	12491
P154,1	12492	12493
P83,2	12494	12495
P155,1	12496	12497
P156,1	12498	12499
P84,1	12500	12501
P85,1	12502	12503
P13,1	12504	12505
P157,1	12506	12507
P86,2	12508	12509
P158,2	12510	12511
P160,1	12512	12513
P159,2	12514	12515
P161,1	12516	12517
P162,1	12518	12519
P88,2	12520	12521
P51,1	12522	12523
P50,2	12524	12525
P164,1	12526	12527
P165,1	12528	12529
P166,1	12530	12531
P167,1	12532	12533
P89,1	12534	12535
P54,1	12536	12537
P53,2	12538	12539
P14,1	12540	12541
P169,2	12542	12543
P90,2	12544	12545
P171,1	12546	12547
P55,1	12548	12549
P15,1	12550	12551
P56,1	12552	12553
P173,1	12554	12555
P91,2	12556	12557
P16,1	12558	12559
P17,1	12560	12561
P4,2	12562	12563
P175,1	12564	12565
P176,1	12566	12567
P177,1	12568	12569
P178,1	12570	12571
P179,1	12572	12573
P180,1	12574	12575
P181,1	12576	12577
P182,2	12578	12579
P184,1	12580	12581
P185,1	12582	12583
P183,2	12584	12585
P186,1	12586	12587
P92,1	12588	12589
P187,1	12590	12591
P57,1	12592	12593
P94,1	12594	12595
P188,1	12596	12597
P95,1	12598	12599
P58,1	12600	12601
P59,1	12602	12603
P189,2	12604	12605
P190,2	12606	12607
P18,1	12608	12608
P192,1	12609	12610
P96,1	12611	12612
P60,2	12613	12614
P19,2	12615	12616
P193,1	12617	12618
P98,1	12619	12620
P195,1	12621	12622
P61,1	12623	12624
P97,2	12625	12626
P194,2	12627	12628
P196,1	12629	12630
P21,1	12631	12632
P22,1	12633	12634
P99,1	12635	12636
P100,1	12637	12638
P101,1	12639	12640
P199,1	12641	12642
P102,1	12643	12644
P200,1	12645	12646
P104,1	12647	12648
P103,2	12649	12650
P105,1	12651	12651
P106,1	12652	12653
P62,1	12654	12655
P23,2	12656	12657
P107,1	12658	12659
P63,2	12660	12661
P109,1	12662	12663
P24,2	12664	12665
P108,2	12666	12667
P110,1	12668	12669
P111,1	12670	12671
P113,1	12672	12673
P114,1	12674	12675
P112,2	12676	12677
P115,1	12678	12679
P116,2	12680	12681
P25,1	12682	12683
P117,1	12684	12684
P64,1	12685	12686
P26,1	12687	12688
P7,1	12689	12690
P118,1	12691	12692
P119,1	12693	12694
P2,1	12695	12696
P65,1	12697	12698
P120,1	12699	12700
P67,1	12701	12702
P66,2	12703	12704
P28,2	12705	12706
P29,2	12707	12708
P123,2	12709	12710
P122,2	12711	12712
P68,2	12713	12714
P124,2	12715	12716
P125,1	12717	12718
P126,1	12719	12720
P69,1	12721	12722
P127,1	12723	12724
P128,1	12725	12726
P129,1	12727	12728
P130,1	12729	12730
P10,2	12731	12732
P131,1	12733	12734
P30,1	12735	12736
P132,1	12737	12738
P11,1	12739	12740
P31,1	12741	12742
P70,2	12743	12744
P133,2	12745	12746
P134,1	12747	12748
P32,2	12749	12750
P135,2	12751	12752
P72,1	12753	12754
P33,2	12755	12756
P137,1	12757	12758
P34,1	12759	12760
P138,2	12761	12762
P35,1	12763	12764
P139,1	12765	12766
P140,1	12767	12768
P36,2	12769	12770
P38,1	12771	12772
P142,1	12773	12774
P141,2	12775	12776
P143,1	12777	12778
P40,2	12779	12780
P75,2	12781	12782
P76,1	12783	12784
P41,2	12785	12786
P146,2	12787	12788
P144,2	12789	12790
P44,2	12791	12792
P45,1	12793	12794
P77,2	12795	12796
P43,2	12797	12798
P148,1	12799	12800
P78,2	12801	12802
P79,1	12803	12804
P47,1	12805	12806
P46,2	12807	12808
P149,1	12809	12810
P48,1	12811	12812
P150,1	12813	12814
P80,2	12815	12816
P81,1	12817	12818
P49,2	12819	12820
P152,1	12821	12822
P12,2	12823	12824
P151,2	12825	12826
P153,1	12827	12828
P154,1	12829	12830
P83,2	12831	12832
P155,1	12833	12834
P156,1	12835	12836
P84,1	12837	12838
P85,1	12839	12840
P13,1	12841	12842
P157,1	12843	12844
P86,2	12845	12846
P158,2	12847	12848
P160,1	12849	12850
P159,2	12851	12852
P161,1	12853	12854
P162,1	12855	12856
P88,2	12857	12858
P51,1	12859	12860
P50,2	12861	12862
P164,1	12863	12864
P165,1	12865	12866
P166,1	12867	12868
P167,1	12869	12870
P89,1	12871	12872
P54,1	12873	12873
P53,2	12874	12875
P14,1	12876	12877
P169,2	12878	12879
P90,2	12880	12881
P171,1	12882	12883
P55,1	12884	12885
P15,1	12886	12887
P56,1	12888	12889
P173,1	12890	12891
P91,2	12892	12893
P16,1	12894	12895
P17,2	12896	12897
P4,2	12898	12899
P175,1	12900	12900
P176,1	12901	12902
P177,1	12903	12904
P178,1	12905	12906
P179,1	12907	12908
P180,1	12909	12910
P181,1	12911	12912
P182,2	12913	12914
P184,1	12915	12916
P185,1	12917	12918
P183,2	12919	12920
P186,1	12921	12922
P92,1	12923	12924
P187,1	12925	12926
P57,1	12927	12928
P94,1	12929	12930
P188,1	12931	12932
P95,1	12933	12934
P58,1	12935	12936
P59,1	12937	12938
P189,2	12939	12940
P190,2	12941	12942
P192,1	12943	12944
P96,1	12945	12946
P18,2	12947	12948
P60,2	12949	12950
P19,2	12951	12952
P193,1	12953	12954
P98,1	12955	12956
P195,1	12957	12958
P61,1	12959	12960
P97,2	12961	12962
P194,2	12963	12964
P196,1	12965	12966
P21,1	12967	12968
P22,2	12969	12970
P99,1	12971	12972
P100,1	12973	12974
P101,1	12975	12976
P199,1	12977	12978
P102,1	12979	12980
P200,1	12981	12982
P104,1	12983	12984
P103,2	12985	12986
P106,1	12987	12988
P62,1	12989	12990
P23,2	12991	12992
P107,1	12993	12994
P63,2	12995	12996
P109,1	12997	12998
P24,2	12999	13000
P108,2	13001	13002
P110,1	13003	13004
P111,1	13005	13006
P113,1	13007	13008
P114,1	13009	13010
P112,2	13011	13012
P115,1	13013	13014
P116,2	13015	13016
P25,1	13017	13018
P64,1	13019	13020
P26,1	13021	13022
P7,1	13023	13024
P118,1	13025	13026
P119,1	13027	13028
P2,1	13029	13030
P65,1	13031	13032
P120,1	13033	13034
P67,1	13035	13036
P66,2	13037	13038
P28,2	13039	13040
P29,2	13041	13042
P123,2	13043	13044
P122,2	13045	13046
P68,2	13047	13048
P124,2	13049	13050
P125,1	13051	13052
P69,1	13053	13054
P126,2	13055	13056
P127,1	13057	13058
P128,1	13059	13060
P129,1	13061	13062
P130,1	13063	13064
P10,2	13065	13066
P131,1	13067	13067
P30,1	13068	13069
P132,1	13070	13071
P11,1	13072	13073
P31,1	13074	13075
P70,2	13076	13077
P133,2	13078	13079
P134,1	13080	13081
P32,2	13082	13083
P135,2	13084	13085
P72,1	13086	13087
P33,2	13088	13089
P137,1	13090	13091
P34,1	13092	13093
P138,2	13094	13095
P35,1	13096	13097
P139,1	13098	13099
P140,1	13100	13101
P36,2	13102	13103
P38,1	13104	13105
P142,1	13106	13107
P141,2	13108	13109
P143,1	13110	13111
P40,2	13112	13113
P75,2	13114	13115
P76,1	13116	13117
P41,2	13118	13119
P146,2	13120	13121
P144,2	13122	13123
P44,2	13124	13125
P45,1	13126	13127
P77,2	13128	13129
P43,2	13130	13131
P148,1	13132	13133
P78,2	13134	13135
P79,1	13136	13137
P47,1	13138	13139
P46,2	13140	13141
P149,1	13142	13143
P48,1	13144	13145
P150,1	13146	13147
P80,2	13148	13149
P81,1	13150	13151
P49,2	13152	13153
P152,1	13154	13155
P12,2	13156	13157
P151,2	13158	13159
P153,1	13160	13161
P154,1	13162	13163
P83,2	13164	13165
P155,1	13166	13167
P156,1	13168	13169
P84,1	13170	13171
P85,1	13172	13173
P13,1	13174	13175
P157,1	13176	13177
P86,2	13178	13179
P158,2	13180	13181
P160,1	13182	13183
P159,2	13184	13185
P161,1	13186	13187
P162,1	13188	13189
P88,2	13190	13191
P51,1	13192	13193
P50,2	13194	13195
P164,1	13196	13197
P165,1	13198	13199
P166,1	13200	13201
P167,1	13202	13203
P89,1	13204	13205
P53,2	13206	13207
P14,1	13208	13209
P54,2	13210	13211
P169,2	13212	13213
P90,2	13214	13215
P171,1	13216	13217
P55,1	13218	13219
P15,1	13220	13221
P56,1	13222	13223
P173,1	13224	13225
P91,2	13226	13227
P16,2	13228	13229
P17,2	13230	13231
P4,2	13232	13233
P176,1	13234	13235
P177,1	13236	13237
P178,1	13238	13239
P179,1	13240	13241
P180,1	13242	13243
P181,1	13244	13245
P182,2	13246	13247
P184,1	13248	13249
P185,1	13250	13250
P183,2	13251	13252
P186,1	13253	13253
P92,1	13254	13255
P187,1	13256	13257
P57,1	13258	13259
P94,1	13260	13261
P188,1	13262	13263
P95,1	13264	13265
P58,1	13266	13267
P59,1	13268	13269
P189,2	13270	13271
P190,2	13272	13273
P192,1	13274	13275
P96,1	13276	13277
P18,2	13278	13279
P60,2	13280	13281
P19,2	13282	13283
P193,1	13284	13285
P98,1	13286	13287
P195,1	13288	13289
P61,1	13290	13291
P97,2	13292	13293
P194,2	13294	13295
P196,1	13296	13296
P21,1	13297	13298
P22,2	13299	13300
P99,1	13301	13302
P100,1	13303	13304
P101,1	13305	13306
P199,1	13307	13308
P102,1	13309	13309
P200,1	13310	13311
P104,1	13312	13313
P103,2	13314	13315
P106,1	13316	13317
P62,1	13318	13319
P23,2	13320	13321
P107,1	13322	13323
P63,2	13324	13325
P109,1	13326	13327
P24,2	13328	13329
P108,2	13330	13331
P110,1	13332	13333
P111,1	13334	13335
P113,1	13336	13337
P114,1	13338	13339
P112,2	13340	13341
P115,1	13342	13343
P116,2	13344	13345
P25,1	13346	13347
P64,1	13348	13349
P26,1	13350	13351
P7,1	13352	13353
P118,1	13354	13355
P2,1	13356	13356
P65,1	13357	13358
P119,2	13359	13360
P120,1	13361	13362
P67,1	13363	13364
P66,2	13365	13366
P28,2	13367	13368
P29,2	13369	13370
P123,2	13371	13372
P122,2	13373	13374
P68,2	13375	13376
P124,2	13377	13378
P125,1	13379	13380
P69,1	13381	13382
P126,2	13383	13384
P127,1	13385	13386
P128,1	13387	13388
P129,1	13389	13390
P130,1	13391	13392
P10,2	13393	13394
P30,1	13395	13396
P132,1	13397	13398
P11,1	13399	13400
P131,2	13401	13402
P31,1	13403	13404
P70,2	13405	13406
P133,2	13407	13408
P134,1	13409	13410
P32,2	13411	13412
P135,2	13413	13414
P72,1	13415	13416
P33,2	13417	13418
P137,1	13419	13420
P34,1	13421	13422
P138,2	13423	13424
P35,1	13425	13426
P139,1	13427	13428
P140,1	13429	13430
P36,2	13431	13432
P38,1	13433	13434
P141,2	13435	13436
P143,1	13437	13438
P40,2	13439	13440
P75,2	13441	13442
P76,1	13443	13444
P41,2	13445	13446
P146,2	13447	13448
P144,2	13449	13450
P44,2	13451	13452
P45,1	13453	13454
P77,2	13455	13456
P43,2	13457	13458
P148,1	13459	13460
P78,2	13461	13462
P79,1	13463	13464
P47,1	13465	13466
P46,2	13467	13468
P149,1	13469	13470
P48,1	13471	13472
P150,1	13473	13474
P80,2	13475	13476
P81,1	13477	13478
P49,2	13479	13480
P152,1	13481	13482
P12,2	13483	13484
P151,2	13485	13486
P153,1	13487	13488
P154,1	13489	13490
P83,2	13491	13492
P155,1	13493	13494
P156,1	13495	13496
P84,1	13497	13498
P85,1	13499	13500
P13,1	13501	13502
P157,1	13503	13504
P86,2	13505	13506
P158,2	13507	13508
P160,1	13509	13510
P159,2	13511	13512
P161,2	13513	13514
P162,1	13515	13516
P88,2	13517	13518
P51,1	13519	13520
P50,2	13521	13522
P164,1	13523	13524
P165,1	13525	13526
P166,1	13527	13528
P167,1	13529	13530
P89,1	13531	13532
P53,2	13533	13534
P14,1	13535	13536
P54,2	13537	13538
P169,2	13539	13540
P90,2	13541	13542
P171,1	13543	13544
P55,1	13545	13546
P15,1	13547	13548
P56,1	13549	13550
P173,1	13551	13552
P91,2	13553	13554
P16,2	13555	13556
P17,2	13557	13558
P4,2	13559	13560
P176,1	13561	13562
P177,1	13563	13564
P178,1	13565	13566
P179,1	13567	13568
P180,1	13569	13570
P181,1	13571	13572
P182,2	13573	13574
P184,1	13575	13576
P185,2	13577	13578
P183,2	13579	13580
P92,1	13581	13582
P187,1	13583	13584
P57,1	13585	13586
P94,1	13587	13588
P188,1	13589	13590
P95,1	13591	13592
P58,1	13593	13594
P59,1	13595	13596
P189,2	13597	13598
P190,2	13599	13600
P192,1	13601	13602
P96,1	13603	13604
P18,2	13605	13606
P60,2	13607	13608
P19,2	13609	13610
P193,1	13611	13612
P98,1	13613	13614
P195,1	13615	13616
P61,1	13617	13618
P97,2	13619	13620
P194,2	13621	13622
P21,1	13623	13624
P22,2	13625	13626
P99,1	13627	13628
P100,1	13629	13630
P101,1	13631	13631
P199,1	13632	13633
P200,1	13634	13635
P104,1	13636	13637
P102,2	13638	13639
P103,2	13640	13640
P106,1	13641	13642
P62,1	13643	13644
P23,2	13645	13646
P107,1	13647	13648
P63,2	13649	13650
P109,1	13651	13652
P24,2	13653	13654
P108,2	13655	13656
P110,1	13657	13658
P111,1	13659	13660
P113,1	13661	13662
P114,1	13663	13664
P112,2	13665	13666
P115,1	13667	13668
P116,2	13669	13670
P25,1	13671	13672
P64,1	13673	13674
P26,1	13675	13676
P7,1	13677	13678
P118,1	13679	13680
P65,1	13681	13682
P119,2	13683	13684
P120,1	13685	13686
P2,2	13687	13688
P67,1	13689	13690
P66,2	13691	13692
P28,2	13693	13694
P29,2	13695	13696
P123,2	13697	13698
P122,2	13699	13700
P68,2	13701	13702
P124,2	13703	13704
P125,1	13705	13706
P69,1	13707	13708
P126,2	13709	13710
P127,1	13711	13712
P128,1	13713	13714
P129,1	13715	13716
P130,1	13717	13718
P10,2	13719	13720
P30,1	13721	13722
P132,1	13723	13724
P11,1	13725	13726
P131,2	13727	13728
P31,1	13729	13730
P70,2	13731	13732
P133,2	13733	13734
P134,1	13735	13736
P32,2	13737	13738
P135,2	13739	13740
P72,1	13741	13741
P33,2	13742	13743
P137,1	13744	13745
P34,1	13746	13746
P138,2	13747	13748
P35,1	13749	13750
P139,1	13751	13752
P140,1	13753	13754
P36,2	13755	13756
P38,1	13757	13758
P141,2	13759	13760
P143,1	13761	13762
P40,2	13763	13764
P75,2	13765	13766
P76,1	13767	13768
P41,2	13769	13770
P146,2	13771	13772
P144,2	13773	13774
P44,2	13775	13776
P45,1	13777	13778
P77,2	13779	13780
P43,2	13781	13782
P148,1	13783	13784
P78,2	13785	13786
P79,1	13787	13788
P47,1	13789	13790
P46,2	13791	13792
P149,1	13793	13794
P48,1	13795	13796
P150,1	13797	13798
P80,2	13799	13800
P81,1	13801	13802
P49,2	13803	13804
P152,1	13805	13806
P12,2	13807	13808
P151,2	13809	13810
P153,1	13811	13812
P154,1	13813	13814
P83,2	13815	13816
P155,1	13817	13818
P156,1	13819	13820
P84,1	13821	13822
P85,1	13823	13824
P13,1	13825	13826
P157,1	13827	13828
P86,2	13829	13830
P158,2	13831	13832
P160,1	13833	13834
P159,2	13835	13836
P161,2	13837	13838
P162,1	13839	13840
P88,2	13841	13842
P51,1	13843	13844
P50,2	13845	13846
P164,1	13847	13848
P165,1	13849	13850
P166,1	13851	13852
P167,1	13853	13854
P89,1	13855	13856
P53,2	13857	13858
P14,1	13859	13860
P54,2	13861	13862
P169,2	13863	13864
P90,2	13865	13866
P171,1	13867	13868
P55,1	13869	13870
P15,1	13871	13871
P56,1	13872	13872
P173,1	13873	13874
P91,2	13875	13876
P16,2	13877	13878
P17,2	13879	13880
P4,2	13881	13882
P176,1	13883	13884
P177,1	13885	13886
P178,1	13887	13888
P179,1	13889	13890
P180,1	13891	13892
P181,1	13893	13894
P182,2	13895	13896
P184,1	13897	13898
P185,2	13899	13900
P183,2	13901	13902
P92,1	13903	13904
P187,1	13905	13906
P57,1	13907	13908
P94,1	13909	13910
P188,1	13911	13912
P95,1	13913	13914
P58,1	13915	13916
P59,1	13917	13918
P189,2	13919	13920
P190,2	13921	13922
P192,1	13923	13924
P96,1	13925	13926
P18,2	13927	13928
P60,2	13929	13930
P19,2	13931	13932
P193,1	13933	13934
P98,1	13935	13936
P61,1	13937	13938
P97,2	13939	13940
P195,2	13941	13942
P194,2	13943	13944
P21,1	13945	13946
P22,2	13947	13948
P99,1	13949	13950
P100,1	13951	13952
P199,1	13953	13954
P200,1	13955	13956
P101,2	13957	13958
P104,1	13959	13960
P102,2	13961	13962
P106,1	13963	13964
P62,1	13965	13966
P23,2	13967	13968
P103,3	13969	13970
P107,1	13971	13972
P63,2	13973	13974
P24,2	13975	13976
P109,2	13977	13978
P108,2	13979	13980
P110,1	13981	13982
P111,1	13983	13984
P113,1	13985	13986
P114,1	13987	13988
P112,2	13989	13990
P115,1	13991	13992
P116,2	13993	13994
P25,1	13995	13996
P64,1	13997	13998
P26,1	13999	14000
P118,1	14001	14002
P65,1	14003	14004
P7,2	14005	14006
P119,2	14007	14008
P120,1	14009	14010
P2,2	14011	14012
P67,1	14013	14014
P66,2	14015	14016
P28,2	14017	14018
P29,2	14019	14020
P123,2	14021	14022
P122,2	14023	14024
P68,2	14025	14026
P124,2	14027	14028
P125,1	14029	14030
P69,1	14031	14032
P126,2	14033	14034
P127,1	14035	14036
P128,1	14037	14038
P129,1	14039	14040
P130,1	14041	14042
P10,2	14043	14044
P30,1	14045	14046
P132,1	14047	14048
P11,1	14049	14050
P131,2	14051	14052
P31,1	14053	14054
P70,2	14055	14056
P133,2	14057	14058
P134,1	14059	14060
P32,2	14061	14062
P135,2	14063	14064
P33,2	14065	14066
P137,1	14067	14068
P138,2	14069	14070
P35,1	14071	14072
P139,1	14073	14074
P34,2	14075	14076
P140,1	14077	14078
P36,2	14079	14080
P38,1	14081	14082
P141,2	14083	14084
P143,1	14085	14086
P40,2	14087	14088
P75,2	14089	14090
P76,1	14091	14092
P41,2	14093	14094
P146,2	14095	14096
P144,2	14097	14098
P44,2	14099	14100
P45,1	14101	14102
P77,2	14103	14104
P43,2	14105	14106
P148,1	14107	14108
P78,2	14109	14110
P79,1	14111	14112
P47,1	14113	14114
P46,2	14115	14116
P149,1	14117	14118
P48,1	14119	14119
P150,1	14120	14121
P80,2	14122	14123
P81,1	14124	14125
P49,2	14126	14127
P152,1	14128	14129
P12,2	14130	14131
P151,2	14132	14133
P153,1	14134	14135
P154,1	14136	14137
P83,2	14138	14139
P155,1	14140	14141
P156,1	14142	14143
P84,1	14144	14145
P85,1	14146	14147
P13,1	14148	14149
P157,1	14150	14151
P86,2	14152	14153
P160,1	14154	14155
P159,2	14156	14157
P158,3	14158	14159
P161,2	14160	14161
P162,1	14162	14163
P88,2	14164	14165
P51,1	14166	14167
P50,2	14168	14169
P164,1	14170	14171
P165,1	14172	14173
P166,1	14174	14175
P167,1	14176	14177
P89,1	14178	14179
P53,2	14180	14181
P14,1	14182	14183
P54,2	14184	14185
P169,2	14186	14187
P90,2	14188	14189
P171,1	14190	14191
P55,1	14192	14193
P15,2	14194	14195
P173,1	14196	14197
P91,2	14198	14199
P16,2	14200	14201
P56,2	14202	14203
P17,2	14204	14205
P4,2	14206	14207
P176,1	14208	14208
P177,1	14209	14210
P178,1	14211	14212
P179,1	14213	14214
P180,1	14215	14216
P181,1	14217	14218
P182,2	14219	14220
P184,1	14221	14222
P185,2	14223	14224
P183,2	14225	14226
P92,1	14227	14228
P187,1	14229	14230
P57,1	14231	14232
P94,1	14233	14234
P188,1	14235	14236
P95,1	14237	14238
P58,1	14239	14240
P59,1	14241	14242
P189,2	14243	14244
P190,2	14245	14246
P192,1	14247	14248
P96,1	14249	14250
P18,2	14251	14252
P60,2	14253	14254
P19,2	14255	14256
P193,1	14257	14258
P98,1	14259	14260
P61,1	14261	14262
P97,2	14263	14264
P195,2	14265	14266
P194,2	14267	14268
P21,1	14269	14270
P22,2	14271	14272
P99,1	14273	14274
P100,1	14275	14276
P199,1	14277	14278
P200,1	14279	14280
P101,2	14281	14282
P104,1	14283	14284
P102,2	14285	14286
P106,1	14287	14288
P62,1	14289	14290
P23,2	14291	14292
P103,3	14293	14294
P107,1	14295	14296
P63,2	14297	14298
P24,2	14299	14300
P109,2	14301	14302
P108,2	14303	14304
P110,1	14305	14306
P111,1	14307	14308
P113,1	14309	14310
P114,1	14311	14312
P112,2	14313	14314
P115,1	14315	14316
P116,2	14317	14318
P25,1	14319	14320
P64,1	14321	14322
P26,1	14323	14324
P118,1	14325	14326
P65,1	14327	14328
P7,2	14329	14330
P119,2	14331	14332
P120,1	14333	14334
P2,2	14335	14336
P67,1	14337	14338
P66,2	14339	14340
P28,2	14341	14342
P29,2	14343	14344
P123,2	14345	14346
P122,2	14347	14348
P68,2	14349	14350
P124,2	14351	14352
P125,1	14353	14354
P69,1	14355	14356
P126,2	14357	14358
P127,1	14359	14360
P128,1	14361	14362
P130,1	14363	14364
P129,2	14365	14366
P10,2	14367	14368
P30,1	14369	14370
P132,1	14371	14372
P11,1	14373	14374
P131,2	14375	14376
P31,1	14377	14378
P70,2	14379	14380
P133,2	14381	14382
P134,1	14383	14384
P32,2	14385	14386
P135,2	14387	14388
P33,2	14389	14390
P137,1	14391	14392
P138,2	14393	14394
P35,1	14395	14396
P139,1	14397	14398
P34,2	14399	14400
P140,1	14401	14402
P36,2	14403	14404
P38,1	14405	14406
P141,2	14407	14408
P143,1	14409	14410
P40,2	14411	14412
P75,2	14413	14414
P76,1	14415	14416
P41,2	14417	14418
P146,2	14419	14420
P144,2	14421	14422
P44,2	14423	14424
P45,1	14425	14426
P77,2	14427	14428
P43,2	14429	14430
P148,1	14431	14432
P78,2	14433	14434
P79,1	14435	14436
P47,1	14437	14438
P46,2	14439	14440
P149,1	14441	14442
P150,1	14443	14444
P80,2	14445	14446
P81,1	14447	14448
P48,2	14449	14450
P49,2	14451	14452
P152,1	14453	14454
P12,2	14455	14456
P151,2	14457	14458
P153,1	14459	14460
P154,1	14461	14462
P83,2	14463	14464
P155,1	14465	14466
P156,1	14467	14468
P84,1	14469	14470
P85,1	14471	14472
P13,1	14473	14474
P157,1	14475	14476
P86,2	14477	14478
P160,1	14479	14480
P159,2	14481	14482
P158,3	14483	14484
P161,2	14485	14486
P162,1	14487	14488
P88,2	14489	14490
P50,2	14491	14492
P164,1	14493	14494
P165,1	14495	14496
P166,1	14497	14498
P167,1	14499	14500
P89,1	14501	14502
P53,2	14503	14504
P14,1	14505	14506
P54,2	14507	14508
P169,2	14509	14510
P90,2	14511	14512
P171,1	14513	14514
P55,1	14515	14516
P15,2	14517	14518
P173,1	14519	14520
P91,2	14521	14522
P16,2	14523	14524
P56,2	14525	14526
P17,2	14527	14528
P4,2	14529	14530
P176,2	14531	14532
P177,1	14533	14534
P178,1	14535	14536
P179,1	14537	14537
P180,1	14538	14539
P181,1	14540	14541
P182,2	14542	14543
P184,1	14544	14545
P185,2	14546	14547
P183,2	14548	14549
P92,1	14550	14551
P187,1	14552	14553
P57,1	14554	14555
P94,1	14556	14557
P188,1	14558	14559
P95,1	14560	14561
P58,1	14562	14563
P59,1	14564	14565
P189,2	14566	14567
P190,2	14568	14569
P192,1	14570	14571
P96,1	14572	14573
P18,2	14574	14575
P60,2	14576	14577
P19,2	14578	14579
P193,1	14580	14581
P98,1	14582	14583
P61,1	14584	14585
P97,2	14586	14587
P195,2	14588	14589
P194,2	14590	14591
P21,1	14592	14593
P22,2	14594	14595
P99,1	14596	14597
P100,1	14598	14599
P199,1	14600	14601
P200,1	14602	14603
P101,2	14604	14605
P104,1	14606	14607
P102,2	14608	14609
P106,1	14610	14611
P62,1	14612	14613
P23,2	14614	14615
P103,3	14616	14617
P107,1	14618	14619
P63,2	14620	14621
P24,2	14622	14623
P109,2	14624	14625
P108,2	14626	14627
P110,1	14628	14629
P111,1	14630	14631
P113,1	14632	14633
P114,1	14634	14635
P112,2	14636	14637
P115,1	14638	14639
P116,2	14640	14641
P25,1	14642	14643
P64,1	14644	14645
P26,1	14646	14647
P118,1	14648	14649
P65,1	14650	14651
P7,2	14652	14653
P119,2	14654	14655
P120,1	14656	14657
P2,2	14658	14659
P67,1	14660	14661
P66,2	14662	14663
P28,2	14664	14665
P29,2	14666	14667
P123,2	14668	14669
P122,2	14670	14671
P68,2	14672	14673
P124,2	14674	14675
P125,1	14676	14677
P69,1	14678	14679
P126,2	14680	14681
P127,1	14682	14683
P128,1	14684	14685
P130,1	14686	14687
P129,2	14688	14689
P10,2	14690	14691
P30,1	14692	14693
P132,1	14694	14695
P11,1	14696	14697
P131,2	14698	14699
P31,1	14700	14701
P70,2	14702	14703
P133,2	14704	14705
P134,1	14706	14707
P32,2	14708	14709
P135,2	14710	14711
P33,2	14712	14713
P137,1	14714	14715
P138,2	14716	14717
P35,1	14718	14719
P139,1	14720	14721
P34,2	14722	14723
P140,1	14724	14725
P36,2	14726	14727
P38,1	14728	14729
P141,2	14730	14731
P143,1	14732	14733
P40,2	14734	14735
P75,2	14736	14737
P76,1	14738	14739
P41,2	14740	14741
P146,2	14742	14743
P144,2	14744	14745
P44,2	14746	14747
P45,1	14748	14749
P77,2	14750	14751
P43,2	14752	14753
P148,1	14754	14755
P78,2	14756	14757
P79,1	14758	14759
P47,1	14760	14761
P46,2	14762	14763
P149,1	14764	14765
P150,1	14766	14767
P80,2	14768	14769
P81,1	14770	14771
P48,2	14772	14773
P49,2	14774	14775
P152,1	14776	14777
P12,2	14778	14779
P151,2	14780	14781
P153,1	14782	14783
P154,1	14784	14785
P83,2	14786	14787
P155,1	14788	14789
P156,1	14790	14791
P84,1	14792	14793
P85,1	14794	14795
P13,1	14796	14797
P157,1	14798	14799
P86,2	14800	14801
P160,1	14802	14803
P159,2	14804	14805
P158,3	14806	14807
P161,2	14808	14809
P162,1	14810	14811
P88,2	14812	14813
P50,2	14814	14815
P164,1	14816	14817
P165,1	14818	14819
P166,1	14820	14821
P167,1	14822	14823
P89,1	14824	14825
P53,2	14826	14827
P14,1	14828	14829
P54,2	14830	14831
P169,2	14832	14833
P90,2	14834	14835
P171,1	14836	14837
P55,1	14838	14839
P15,2	14840	14841
P173,1	14842	14843
P91,2	14844	14845
P16,2	14846	14847
P56,2	14848	14849
P17,2	14850	14851
P4,2	14852	14853
P176,2	14854	14855
P177,1	14856	14857
P178,1	14858	14859
P180,1	14860	14861
P181,1	14862	14863
P182,2	14864	14865
P184,1	14866	14867
P185,2	14868	14869
P183,2	14870	14871
P92,1	14872	14873
P187,1	14874	14875
P57,1	14876	14877
P94,1	14878	14879
P188,1	14880	14881
P95,1	14882	14883
P58,1	14884	14885
P59,1	14886	14887
P189,2	14888	14889
P190,2	14890	14891
P192,2	14892	14893
P96,1	14894	14895
P18,2	14896	14897
P60,2	14898	14899
P19,2	14900	14901
P193,1	14902	14903
P98,1	14904	14905
P61,1	14906	14907
P97,2	14908	14909
P195,2	14910	14911
P194,2	14912	14913
P21,1	14914	14915
P22,2	14916	14917
P99,1	14918	14919
P100,1	14920	14921
P199,1	14922	14923
P200,1	14924	14925
P101,2	14926	14927
P104,1	14928	14929
P102,2	14930	14931
P106,1	14932	14933
P62,1	14934	14935
P23,2	14936	14937
P103,3	14938	14939
P107,1	14940	14941
P63,2	14942	14943
P24,2	14944	14945
P109,2	14946	14947
P108,2	14948	14949
P110,1	14950	14951
P111,1	14952	14953
P113,1	14954	14954
P114,1	14955	14956
P112,2	14957	14958
P115,1	14959	14960
P116,2	14961	14962
P25,1	14963	14964
P64,1	14965	14966
P26,1	14967	14968
P118,1	14969	14970
P65,1	14971	14972
P7,2	14973	14974
P119,2	14975	14976
P120,1	14977	14978
P2,2	14979	14980
P67,1	14981	14982
P66,2	14983	14984
P28,2	14985	14986
P29,2	14987	14988
P123,2	14989	14990
P122,2	14991	14992
P68,2	14993	14994
P124,2	14995	14996
P125,1	14997	14998
P69,1	14999	15000
P126,2	15001	15002
P127,1	15003	15004
P128,1	15005	15006
P130,1	15007	15008
P129,2	15009	15010
P10,2	15011	15012
P30,1	15013	15014
P132,1	15015	15016
P11,1	15017	15018
P131,2	15019	15020
P31,1	15021	15022
P70,2	15023	15024
P133,2	15025	15026
P134,1	15027	15028
P32,2	15029	15030
P135,2	15031	15032
P33,2	15033	15034
P137,1	15035	15036
P138,2	15037	15038
P35,1	15039	15040
P139,1	15041	15042
P34,2	15043	15044
P140,1	15045	15046
P36,2	15047	15048
P38,1	15049	15050
P141,2	15051	15052
P143,1	15053	15054
P40,2	15055	15056
P75,2	15057	15058
P76,1	15059	15060
P41,2	15061	15062
P146,2	15063	15064
P144,2	15065	15066
P44,2	15067	15068
P45,1	15069	15070
P77,2	15071	15072
P43,2	15073	15074
P148,1	15075	15076
P78,2	15077	15078
P79,1	15079	15079
P47,1	15080	15081
P46,2	15082	15083
P149,1	15084	15085
P150,1	15086	15087
P80,2	15088	15089
P81,1	15090	15091
P48,2	15092	15093
P49,2	15094	15095
P152,1	15096	15097
P12,2	15098	15099
P151,2	15100	15101
P153,1	15102	15103
P154,1	15104	15105
P83,2	15106	15107
P155,1	15108	15109
P156,1	15110	15111
P84,1	15112	15113
P85,1	15114	15115
P13,1	15116	15117
P157,1	15118	15119
P86,2	15120	15121
P160,1	15122	15123
P159,2	15124	15124
P158,3	15125	15126
P161,2	15127	15128
P88,2	15129	15130
P50,2	15131	15132
P164,1	15133	15134
P162,2	15135	15136
P165,1	15137	15138
P167,1	15139	15140
P89,1	15141	15142
P53,2	15143	15144
P14,1	15145	15146
P54,2	15147	15148
P169,2	15149	15150
P90,2	15151	15152
P171,1	15153	15154
P55,1	15155	15156
P15,2	15157	15158
P173,1	15159	15160
P91,2	15161	15162
P16,2	15163	15164
P56,2	15165	15166
P17,2	15167	15168
P4,2	15169	15170
P176,2	15171	15172
P177,1	15173	15174
P178,1	15175	15176
P180,1	15177	15178
P181,1	15179	15180
P182,2	15181	15182
P184,1	15183	15184
P185,2	15185	15186
P183,2	15187	15188
P92,1	15189	15190
P187,1	15191	15192
P57,1	15193	15194
P94,1	15195	15196
P188,1	15197	15198
P95,1	15199	15200
P58,1	15201	15202
P59,1	15203	15204
P189,2	15205	15206
P190,2	15207	15208
P192,2	15209	15210
P96,1	15211	15212
P18,2	15213	15214
P60,2	15215	15216
P19,2	15217	15218
P193,1	15219	15220
P98,1	15221	15222
P61,1	15223	15224
P97,2	15225	15226
P195,2	15227	15228
P194,2	15229	15230
P21,1	15231	15232
P22,2	15233	15234
P99,1	15235	15236
P100,1	15237	15238
P199,1	15239	15240
P200,1	15241	15242
P101,2	15243	15244
P104,1	15245	15246
P102,2	15247	15248
P106,1	15249	15250
P62,1	15251	15252
P23,2	15253	15254
P103,3	15255	15256
P107,2	15257	15258
P63,2	15259	15260
P24,2	15261	15262
P109,2	15263	15264
P108,2	15265	15266
P110,1	15267	15268
P111,1	15269	15270
P114,1	15271	15272
P113,2	15273	15274
P112,2	15275	15276
P115,1	15277	15278
P25,1	15279	15280
P64,1	15281	15282
P116,3	15283	15284
P26,1	15285	15285
P118,1	15286	15287
P65,1	15288	15289
P7,2	15290	15291
P119,2	15292	15293
P120,1	15294	15295
P2,2	15296	15297
P66,2	15298	15299
P67,2	15300	15301
P28,2	15302	15303
P29,2	15304	15305
P123,2	15306	15307
P122,2	15308	15309
P68,2	15310	15311
P124,2	15312	15313
P125,1	15314	15315
P69,1	15316	15317
P126,2	15318	15319
P127,1	15320	15321
P128,1	15322	15323
P130,1	15324	15325
P129,2	15326	15327
P10,2	15328	15329
P30,1	15330	15331
P132,1	15332	15333
P11,1	15334	15335
P131,2	15336	15337
P31,1	15338	15339
P70,2	15340	15341
P133,2	15342	15343
P134,1	15344	15345
P32,2	15346	15347
P135,2	15348	15349
P33,2	15350	15351
P137,1	15352	15353
P138,2	15354	15355
P35,1	15356	15357
P139,1	15358	15359
P34,2	15360	15361
P140,1	15362	15363
P36,2	15364	15365
P38,1	15366	15367
P141,2	15368	15369
P143,1	15370	15371
P40,2	15372	15373
P75,2	15374	15375
P76,1	15376	15377
P41,2	15378	15379
P146,2	15380	15381
P144,2	15382	15383
P44,2	15384	15385
P45,1	15386	15387
P77,2	15388	15389
P43,2	15390	15391
P148,1	15392	15393
P78,2	15394	15395
P47,1	15396	15397
P46,2	15398	15399
P150,1	15400	15401
P80,2	15402	15403
P81,1	15404	15405
P149,2	15406	15407
P48,2	15408	15409
P49,2	15410	15411
P152,1	15412	15413
P12,2	15414	15415
P151,2	15416	15417
P153,1	15418	15419
P154,1	15420	15421
P83,2	15422	15423
P155,1	15424	15425
P156,1	15426	15427
P84,1	15428	15429
P85,1	15430	15431
P13,1	15432	15433
P157,1	15434	15435
P86,2	15436	15437
P160,1	15438	15439
P158,3	15440	15441
P161,2	15442	15443
P159,3	15444	15445
P88,2	15446	15447
P50,2	15448	15449
P164,1	15450	15451
P162,2	15452	15453
P165,1	15454	15455
P167,1	15456	15457
P89,1	15458	15459
P14,1	15460	15461
P53,3	15462	15463
P54,2	15464	15465
P169,2	15466	15467
P90,2	15468	15469
P171,1	15470	15471
P55,1	15472	15473
P15,2	15474	15475
P173,1	15476	15477
P91,2	15478	15479
P16,2	15480	15481
P56,2	15482	15483
P17,2	15484	15485
P4,2	15486	15487
P176,2	15488	15489
P177,1	15490	15491
P180,1	15492	15493
P181,1	15494	15495
P182,2	15496	15497
P184,1	15498	15499
P185,2	15500	15501
P183,2	15502	15503
P92,1	15504	15505
P187,1	15506	15507
P94,1	15508	15509
P188,1	15510	15511
P95,1	15512	15513
P58,1	15514	15515
P59,1	15516	15516
P189,2	15517	15518
P190,2	15519	15520
P192,2	15521	15522
P96,1	15523	15524
P18,2	15525	15526
P60,2	15527	15528
P19,2	15529	15530
P193,1	15531	15532
P98,1	15533	15534
P61,1	15535	15536
P97,2	15537	15538
P195,2	15539	15540
P194,2	15541	15542
P21,1	15543	15544
P22,2	15545	15546
P99,1	15547	15548
P100,1	15549	15550
P199,1	15551	15552
P200,1	15553	15554
P101,2	15555	15556
P104,1	15557	15558
P102,2	15559	15560
P106,1	15561	15562
P62,1	15563	15564
P23,2	15565	15566
P103,3	15567	15568
P107,2	15569	15570
P63,2	15571	15572
P24,2	15573	15574
P109,2	15575	15576
P108,2	15577	15578
P110,1	15579	15580
P111,1	15581	15582
P114,1	15583	15584
P113,2	15585	15586
P112,2	15587	15588
P115,1	15589	15590
P25,1	15591	15592
P64,1	15593	15594
P116,3	15595	15596
P26,2	15597	15598
P118,1	15599	15600
P65,1	15601	15602
P7,2	15603	15604
P119,2	15605	15606
P120,1	15607	15608
P2,2	15609	15610
P66,2	15611	15612
P67,2	15613	15614
P28,2	15615	15616
P29,2	15617	15618
P123,2	15619	15620
P122,2	15621	15622
P68,2	15623	15624
P124,2	15625	15626
P125,1	15627	15628
P69,1	15629	15630
P126,2	15631	15632
P127,1	15633	15634
P128,1	15635	15636
P130,1	15637	15638
P129,2	15639	15640
P10,2	15641	15642
P30,1	15643	15644
P132,1	15645	15646
P11,1	15647	15648
P131,2	15649	15650
P31,1	15651	15652
P70,2	15653	15654
P133,2	15655	15656
P134,1	15657	15658
P32,2	15659	15660
P135,2	15661	15662
P33,2	15663	15664
P137,1	15665	15666
P138,2	15667	15668
P35,1	15669	15670
P139,1	15671	15672
P34,2	15673	15674
P140,1	15675	15676
P36,2	15677	15678
P38,1	15679	15680
P141,2	15681	15682
P143,1	15683	15684
P40,2	15685	15686
P75,2	15687	15688
P76,1	15689	15690
P41,2	15691	15692
P146,2	15693	15694
P144,2	15695	15696
P44,2	15697	15698
P45,1	15699	15700
P77,2	15701	15702
P43,2	15703	15704
P148,1	15705	15706
P78,2	15707	15708
P47,1	15709	15710
P46,2	15711	15712
P150,1	15713	15714
P80,2	15715	15716
P81,1	15717	15718
P149,2	15719	15720
P48,2	15721	15722
P49,2	15723	15724
P152,1	15725	15726
P151,2	15727	15728
P153,1	15729	15730
P154,1	15731	15732
P12,3	15733	15734
P83,2	15735	15736
P155,1	15737	15738
P156,1	15739	15740
P84,1	15741	15742
P85,1	15743	15744
P13,1	15745	15746
P157,1	15747	15748
P86,2	15749	15750
P160,1	15751	15752
P158,3	15753	15754
P161,2	15755	15756
P159,3	15757	15758
P88,2	15759	15760
P50,2	15761	15762
P164,1	15763	15764
P162,2	15765	15766
P165,1	15767	15768
P167,1	15769	15770
P89,1	15771	15772
P14,1	15773	15774
P53,3	15775	15776
P54,2	15777	15778
P169,2	15779	15780
P90,2	15781	15782
P171,1	15783	15784
P55,1	15785	15786
P15,2	15787	15788
P173,1	15789	15790
P91,2	15791	15792
P16,2	15793	15794
P56,2	15795	15796
P17,2	15797	15798
P4,2	15799	15800
P176,2	15801	15802
P177,1	15803	15804
P180,1	15805	15806
P182,2	15807	15808
P184,1	15809	15810
P185,2	15811	15812
P181,2	15813	15814
P183,2	15815	15816
P92,1	15817	15818
P187,1	15819	15820
P94,1	15821	15822
P188,1	15823	15824
P95,1	15825	15826
P189,2	15827	15828
P190,2	15829	15830
P192,2	15831	15832
P58,2	15833	15834
P96,1	15835	15836
P18,2	15837	15838
P60,2	15839	15840
P19,2	15841	15842
P193,1	15843	15844
P98,1	15845	15846
P61,1	15847	15848
P97,2	15849	15850
P195,2	15851	15852
P194,2	15853	15854
P21,1	15855	15856
P22,2	15857	15858
P99,1	15859	15860
P100,1	15861	15861
P199,1	15862	15863
P200,1	15864	15865
P101,2	15866	15867
P104,1	15868	15869
P102,2	15870	15871
P106,1	15872	15873
P62,1	15874	15875
P23,2	15876	15877
P103,3	15878	15879
P107,2	15880	15881
P63,2	15882	15883
P24,2	15884	15885
P109,2	15886	15887
P108,2	15888	15889
P110,1	15890	15891
P111,1	15892	15893
P114,1	15894	15895
P113,2	15896	15897
P112,2	15898	15899
P115,1	15900	15901
P25,1	15902	15903
P64,1	15904	15905
P116,3	15906	15907
P26,2	15908	15909
P118,1	15910	15911
P65,1	15912	15913
P7,2	15914	15915
P119,2	15916	15917
P120,1	15918	15919
P2,2	15920	15921
P66,2	15922	15923
P67,2	15924	15925
P28,2	15926	15927
P29,2	15928	15929
P123,2	15930	15931
P122,2	15932	15933
P68,2	15934	15935
P124,2	15936	15937
P125,1	15938	15939
P69,1	15940	15941
P126,2	15942	15943
P127,1	15944	15945
P128,1	15946	15947
P130,1	15948	15949
P129,2	15950	15951
P10,2	15952	15953
P30,1	15954	15955
P132,1	15956	15957
P11,1	15958	15959
P131,2	15960	15961
P31,1	15962	15963
P70,2	15964	15965
P133,2	15966	15967
P134,1	15968	15969
P32,2	15970	15971
P135,2	15972	15973
P33,2	15974	15975
P137,1	15976	15977
P138,2	15978	15979
P35,1	15980	15981
P139,1	15982	15983
P34,2	15984	15985
P140,1	15986	15987
P36,2	15988	15989
P38,1	15990	15991
P141,2	15992	15993
P143,1	15994	15995
P40,2	15996	15997
P75,2	15998	15999
P76,1	16000	16001
P41,2	16002	16003
P146,2	16004	16005
P144,2	16006	16007
P44,2	16008	16009
P45,1	16010	16011
P77,2	16012	16013
P43,2	16014	16015
P148,1	16016	16017
P78,2	16018	16019
P47,1	16020	16021
P46,2	16022	16023
P150,1	16024	16025
P80,2	16026	16027
P81,1	16028	16029
P149,2	16030	16031
P48,2	16032	16033
P49,2	16034	16035
P152,1	16036	16037
P151,2	16038	16039
P153,1	16040	16041
P154,1	16042	16043
P12,3	16044	16045
P83,2	16046	16047
P155,1	16048	16049
P156,1	16050	16051
P84,1	16052	16053
P85,1	16054	16055
P13,1	16056	16057
P157,1	16058	16059
P86,2	16060	16061
P160,1	16062	16063
P158,3	16064	16065
P161,2	16066	16067
P159,3	16068	16069
P88,2	16070	16071
P50,2	16072	16073
P164,1	16074	16075
P162,2	16076	16077
P165,1	16078	16079
P167,1	16080	16081
P89,1	16082	16083
P14,1	16084	16085
P53,3	16086	16087
P54,2	16088	16089
P169,2	16090	16091
P90,2	16092	16093
P171,1	16094	16095
P55,1	16096	16097
P15,2	16098	16099
P173,1	16100	16101
P91,2	16102	16103
P16,2	16104	16105
P56,2	16106	16107
P17,2	16108	16109
P4,2	16110	16111
P176,2	16112	16113
P177,1	16114	16115
P180,1	16116	16117
P182,2	16118	16119
P184,1	16120	16121
P185,2	16122	16123
P181,2	16124	16125
P183,2	16126	16127
P92,1	16128	16129
P187,1	16130	16131
P94,1	16132	16133
P188,1	16134	16135
P95,1	16136	16137
P189,2	16138	16139
P190,2	16140	16141
P192,2	16142	16143
P58,2	16144	16145
P96,1	16146	16146
P18,2	16147	16148
P60,2	16149	16150
P19,2	16151	16152
P193,1	16153	16154
P98,1	16155	16156
P61,1	16157	16158
P97,2	16159	16160
P195,2	16161	16162
P194,2	16163	16164
P21,1	16165	16166
P22,2	16167	16168
P99,1	16169	16170
P199,1	16171	16172
P100,2	16173	16174
P200,1	16175	16176
P101,2	16177	16178
P104,1	16179	16180
P102,2	16181	16182
P106,1	16183	16184
P62,1	16185	16186
P23,2	16187	16188
P103,3	16189	16190
P107,2	16191	16192
P63,2	16193	16194
P24,2	16195	16196
P109,2	16197	16198
P108,2	16199	16200
P110,1	16201	16202
P111,1	16203	16204
P114,1	16205	16206
P113,2	16207	16208
P112,2	16209	16210
P115,1	16211	16212
P25,1	16213	16214
P64,1	16215	16216
P116,3	16217	16218
P26,2	16219	16220
P118,1	16221	16222
P7,2	16223	16224
P65,2	16225	16226
P119,2	16227	16228
P120,1	16229	16230
P2,2	16231	16232
P66,2	16233	16234
P67,2	16235	16236
P28,2	16237	16238
P29,2	16239	16240
P123,2	16241	16242
P122,2	16243	16244
P68,2	16245	16246
P124,2	16247	16248
P125,1	16249	16250
P69,1	16251	16252
P126,2	16253	16254
P127,1	16255	16256
P128,1	16257	16258
P130,1	16259	16260
P129,2	16261	16262
P10,2	16263	16264
P30,1	16265	16266
P132,1	16267	16268
P11,1	16269	16270
P131,2	16271	16272
P31,1	16273	16274
P70,2	16275	16276
P133,2	16277	16278
P134,1	16279	16280
P32,2	16281	16282
P135,2	16283	16284
P33,2	16285	16286
P137,1	16287	16288
P138,2	16289	16290
P35,1	16291	16292
P139,1	16293	16293
P34,2	16294	16295
P140,1	16296	16297
P36,2	16298	16299
P38,1	16300	16301
P141,2	16302	16303
P143,1	16304	16305
P40,2	16306	16307
P75,2	16308	16309
P76,1	16310	16311
P41,2	16312	16313
P146,2	16314	16315
P144,2	16316	16317
P44,2	16318	16319
P45,1	16320	16321
P77,2	16322	16323
P43,2	16324	16325
P148,1	16326	16327
P78,2	16328	16329
P47,1	16330	16331
P46,2	16332	16333
P150,1	16334	16335
P80,2	16336	16337
P81,1	16338	16339
P149,2	16340	16341
P48,2	16342	16343
P49,2	16344	16345
P152,1	16346	16347
P151,2	16348	16349
P153,1	16350	16351
P154,1	16352	16353
P12,3	16354	16355
P83,2	16356	16357
P155,1	16358	16359
P156,1	16360	16361
P84,1	16362	16363
P85,1	16364	16365
P13,1	16366	16367
P157,1	16368	16369
P86,2	16370	16371
P160,1	16372	16373
P158,3	16374	16375
P161,2	16376	16377
P159,3	16378	16379
P88,2	16380	16381
P50,2	16382	16383
P164,1	16384	16385
P162,2	16386	16387
P165,1	16388	16388
P167,1	16389	16390
P89,1	16391	16392
P14,1	16393	16394
P53,3	16395	16396
P54,2	16397	16398
P169,2	16399	16400
P90,2	16401	16402
P171,1	16403	16404
P55,1	16405	16406
P15,2	16407	16408
P173,1	16409	16410
P91,2	16411	16412
P16,2	16413	16414
P56,2	16415	16416
P17,2	16417	16418
P4,2	16419	16420
P176,2	16421	16422
P177,1	16423	16424
P180,1	16425	16426
P182,2	16427	16428
P184,1	16429	16430
P185,2	16431	16432
P181,2	16433	16434
P183,2	16435	16436
P92,1	16437	16438
P187,1	16439	16440
P94,1	16441	16442
P188,1	16443	16444
P95,1	16445	16446
P189,2	16447	16448
P190,2	16449	16450
P192,2	16451	16452
P58,2	16453	16454
P18,2	16455	16456
P96,2	16457	16458
P60,2	16459	16460
P19,2	16461	16462
P193,1	16463	16464
P98,1	16465	16466
P61,1	16467	16468
P97,2	16469	16470
P195,2	16471	16472
P194,2	16473	16474
P21,1	16475	16476
P22,2	16477	16478
P99,1	16479	16480
P199,1	16481	16482
P100,2	16483	16484
P200,1	16485	16486
P101,2	16487	16488
P104,1	16489	16490
P102,2	16491	16492
P106,1	16493	16494
P62,1	16495	16496
P23,2	16497	16498
P103,3	16499	16500
P107,2	16501	16502
P63,2	16503	16504
P24,2	16505	16506
P109,2	16507	16508
P108,2	16509	16510
P110,1	16511	16512
P111,1	16513	16514
P113,2	16515	16516
P112,2	16517	16518
P115,1	16519	16520
P25,1	16521	16522
P64,1	16523	16524
P116,3	16525	16526
P26,2	16527	16528
P118,1	16529	16530
P7,2	16531	16532
P65,2	16533	16534
P119,2	16535	16536
P120,1	16537	16538
P2,2	16539	16540
P66,2	16541	16542
P67,2	16543	16544
P28,2	16545	16546
P29,2	16547	16548
P123,2	16549	16550
P122,2	16551	16552
P68,2	16553	16554
P124,2	16555	16556
P125,1	16557	16558
P69,1	16559	16560
P126,2	16561	16562
P127,1	16563	16564
P128,1	16565	16566
P130,1	16567	16568
P129,2	16569	16570
P10,2	16571	16572
P30,2	16573	16574
P132,1	16575	16576
P11,1	16577	16578
P131,2	16579	16580
P31,1	16581	16582
P70,2	16583	16584
P133,2	16585	16586
P134,1	16587	16588
P32,2	16589	16590
P135,2	16591	16592
P33,2	16593	16594
P137,1	16595	16596
P138,2	16597	16598
P35,1	16599	16600
P34,2	16601	16602
P140,1	16603	16604
P36,2	16605	16606
P139,2	16607	16608
P38,1	16609	16610
P141,2	16611	16612
P143,1	16613	16614
P40,2	16615	16616
P75,2	16617	16618
P76,1	16619	16620
P41,2	16621	16622
P146,2	16623	16624
P144,2	16625	16626
P44,2	16627	16628
P45,1	16629	16630
P77,2	16631	16632
P43,2	16633	16634
P148,1	16635	16636
P78,2	16637	16638
P47,1	16639	16640
P46,2	16641	16642
P150,1	16643	16644
P80,2	16645	16646
P81,1	16647	16648
P149,2	16649	16650
P48,2	16651	16652
P49,2	16653	16654
P152,1	16655	16656
P151,2	16657	16658
P154,1	16659	16660
P153,2	16661	16662
P12,3	16663	16664
P83,2	16665	16666
P155,1	16667	16668
P156,1	16669	16670
P84,2	16671	16672
P85,1	16673	16674
P13,1	16675	16676
P157,1	16677	16678
P86,2	16679	16680
P160,1	16681	16682
P158,3	16683	16684
P161,2	16685	16686
P159,3	16687	16688
P88,2	16689	16690
P50,2	16691	16692
P164,1	16693	16694
P162,2	16695	16696
P167,1	16697	16698
P89,1	16699	16700
P14,1	16701	16701
P53,3	16702	16703
P54,2	16704	16705
P169,2	16706	16707
P90,2	16708	16709
P171,1	16710	16711
P55,1	16712	16713
P15,2	16714	16715
P173,1	16716	16717
P91,2	16718	16719
P16,2	16720	16721
P56,2	16722	16723
P17,2	16724	16725
P4,2	16726	16727
P176,2	16728	16729
P177,1	16730	16731
P180,1	16732	16733
P182,2	16734	16735
P184,1	16736	16737
P185,2	16738	16739
P181,2	16740	16741
P183,2	16742	16743
P92,1	16744	16745
P187,1	16746	16747
P94,1	16748	16749
P188,1	16750	16751
P95,1	16752	16753
P189,2	16754	16755
P190,2	16756	16757
P192,2	16758	16759
P58,2	16760	16761
P18,2	16762	16763
P96,2	16764	16765
P60,2	16766	16767
P19,2	16768	16769
P193,1	16770	16771
P98,1	16772	16773
P61,1	16774	16775
P97,2	16776	16777
P195,2	16778	16779
P194,2	16780	16781
P21,1	16782	16783
P22,2	16784	16785
P99,1	16786	16787
P199,1	16788	16789
P100,2	16790	16791
P200,1	16792	16793
P101,2	16794	16795
P104,1	16796	16797
P102,2	16798	16799
P106,1	16800	16801
P62,1	16802	16803
P23,2	16804	16805
P103,3	16806	16807
P107,2	16808	16809
P63,2	16810	16811
P24,2	16812	16813
P109,2	16814	16815
P108,2	16816	16817
P110,1	16818	16819
P111,1	16820	16821
P113,2	16822	16823
P112,2	16824	16825
P115,1	16826	16827
P25,1	16828	16829
P64,1	16830	16831
P116,3	16832	16833
P26,2	16834	16835
P118,1	16836	16837
P7,2	16838	16839
P65,2	16840	16841
P119,2	16842	16843
P120,1	16844	16845
P2,2	16846	16847
P66,2	16848	16849
P67,2	16850	16851
P28,2	16852	16853
P29,2	16854	16855
P123,2	16856	16857
P122,2	16858	16859
P68,2	16860	16861
P124,2	16862	16863
P125,1	16864	16865
P69,1	16866	16867
P126,2	16868	16869
P127,1	16870	16871
P128,1	16872	16873
P130,1	16874	16875
P129,2	16876	16877
P10,2	16878	16879
P30,2	16880	16881
P132,1	16882	16883
P11,1	16884	16885
P131,2	16886	16887
P31,1	16888	16889
P70,2	16890	16891
P133,2	16892	16893
P134,1	16894	16895
P32,2	16896	16897
P135,2	16898	16899
P33,2	16900	16901
P137,1	16902	16903
P138,2	16904	16905
P35,1	16906	16907
P34,2	16908	16909
P140,1	16910	16911
P36,2	16912	16913
P139,2	16914	16915
P38,1	16916	16917
P141,2	16918	16919
P143,1	16920	16921
P40,2	16922	16923
P75,2	16924	16925
P76,1	16926	16927
P41,2	16928	16929
P146,2	16930	16931
P144,2	16932	16933
P44,2	16934	16935
P45,1	16936	16937
P77,2	16938	16939
P43,2	16940	16941
P148,1	16942	16943
P78,2	16944	16945
P47,1	16946	16947
P46,2	16948	16949
P150,1	16950	16951
P80,2	16952	16953
P81,1	16954	16955
P149,2	16956	16957
P48,2	16958	16959
P49,2	16960	16961
P152,1	16962	16963
P151,2	16964	16965
P154,1	16966	16967
P153,2	16968	16969
P12,3	16970	16971
P83,2	16972	16973
P155,1	16974	16975
P156,1	16976	16977
P84,2	16978	16979
P85,1	16980	16981
P13,1	16982	16983
P157,1	16984	16985
P86,2	16986	16987
P160,1	16988	16989
P158,3	16990	16991
P161,2	16992	16993
P159,3	16994	16995
P88,2	16996	16997
P50,2	16998	16999
P164,1	17000	17001
P162,2	17002	17003
P167,1	17004	17005
P89,1	17006	17007
P53,3	17008	17009
P54,2	17010	17011
P169,2	17012	17013
P90,2	17014	17015
P171,1	17016	17017
P55,1	17018	17019
P15,2	17020	17021
P173,1	17022	17023
P91,2	17024	17025
P16,2	17026	17027
P56,2	17028	17029
P17,2	17030	17031
P4,2	17032	17033
P176,2	17034	17035
P177,1	17036	17037
P180,1	17038	17039
P182,2	17040	17041
P184,1	17042	17043
P185,2	17044	17045
P181,2	17046	17047
P183,2	17048	17049
P92,1	17050	17051
P187,1	17052	17053
P94,1	17054	17055
P188,1	17056	17057
P95,1	17058	17059
P189,2	17060	17061
P190,2	17062	17063
P192,2	17064	17065
P58,2	17066	17067
P18,2	17068	17069
P96,2	17070	17071
P60,2	17072	17073
P19,2	17074	17075
P193,1	17076	17077
P98,1	17078	17079
P61,1	17080	17081
P97,2	17082	17083
P195,2	17084	17085
P194,2	17086	17087
P21,1	17088	17089
P22,2	17090	17091
P99,1	17092	17093
P199,1	17094	17095
P100,2	17096	17097
P200,1	17098	17099
P101,2	17100	17101
P104,1	17102	17103
P102,2	17104	17105
P106,1	17106	17107
P62,1	17108	17109
P23,2	17110	17111
P103,3	17112	17113
P107,2	17114	17115
P63,2	17116	17117
P24,2	17118	17119
P109,2	17120	17121
P108,2	17122	17123
P110,1	17124	17125
P111,1	17126	17127
P113,2	17128	17129
P112,2	17130	17131
P115,1	17132	17133
P25,1	17134	17135
P64,1	17136	17136
P116,3	17137	17138
P26,2	17139	17140
P118,1	17141	17142
P7,2	17143	17144
P65,2	17145	17146
P119,2	17147	17148
P120,1	17149	17150
P2,2	17151	17152
P66,2	17153	17154
P67,2	17155	17156
P28,2	17157	17158
P29,2	17159	17160
P123,2	17161	17162
P122,2	17163	17164
P68,2	17165	17166
P124,2	17167	17168
P125,1	17169	17170
P69,1	17171	17172
P126,2	17173	17174
P127,1	17175	17176
P128,1	17177	17178
P130,1	17179	17180
P129,2	17181	17182
P10,2	17183	17184
P30,2	17185	17186
P132,1	17187	17188
P11,1	17189	17190
P131,2	17191	17192
P31,1	17193	17193
P70,2	17194	17195
P133,2	17196	17197
P134,1	17198	17199
P32,2	17200	17201
P135,2	17202	17203
P33,2	17204	17205
P137,1	17206	17207
P138,2	17208	17209
P35,1	17210	17211
P34,2	17212	17213
P36,2	17214	17215
P139,2	17216	17217
P38,1	17218	17219
P141,2	17220	17221
P143,1	17222	17223
P40,2	17224	17225
P75,2	17226	17227
P76,1	17228	17229
P41,2	17230	17231
P146,2	17232	17233
P144,2	17234	17235
P44,2	17236	17237
P45,1	17238	17239
P77,2	17240	17241
P43,2	17242	17243
P148,1	17244	17245
P78,2	17246	17247
P47,1	17248	17249
P46,2	17250	17250
P150,1	17251	17251
P80,2	17252	17253
P81,1	17254	17255
P149,2	17256	17257
P48,2	17258	17259
P49,2	17260	17261
P152,1	17262	17263
P151,2	17264	17265
P154,1	17266	17267
P153,2	17268	17269
P12,3	17270	17271
P83,2	17272	17273
P155,1	17274	17275
P156,1	17276	17277
P84,2	17278	17279
P85,1	17280	17281
P13,1	17282	17283
P157,1	17284	17285
P86,2	17286	17287
P160,1	17288	17289
P158,3	17290	17291
P161,2	17292	17293
P159,3	17294	17295
P88,2	17296	17297
P50,2	17298	17299
P164,1	17300	17301
P162,2	17302	17303
P167,1	17304	17305
P89,1	17306	17307
P53,3	17308	17309
P54,2	17310	17311
P169,2	17312	17313
P171,1	17314	17315
P55,1	17316	17317
P15,2	17318	17319
P173,1	17320	17321
P91,2	17322	17323
P16,2	17324	17325
P56,2	17326	17327
P17,2	17328	17329
P4,2	17330	17331
P176,2	17332	17333
P177,1	17334	17335
P180,1	17336	17337
P182,2	17338	17339
P184,1	17340	17341
P185,2	17342	17343
P181,2	17344	17345
P183,2	17346	17347
P92,1	17348	17349
P187,1	17350	17351
P94,1	17352	17353
P188,1	17354	17355
P95,1	17356	17357
P189,2	17358	17359
P190,2	17360	17361
P192,2	17362	17363
P58,2	17364	17365
P18,2	17366	17367
P96,2	17368	17369
P60,2	17370	17371
P19,2	17372	17373
P193,1	17374	17375
P98,1	17376	17377
P61,1	17378	17379
P97,2	17380	17381
P195,2	17382	17383
P194,2	17384	17384
P21,1	17385	17386
P22,2	17387	17388
P99,1	17389	17390
P199,1	17391	17392
P100,2	17393	17394
P200,1	17395	17396
P101,2	17397	17398
P104,1	17399	17400
P102,2	17401	17402
P106,1	17403	17404
P62,1	17405	17406
P23,2	17407	17408
P103,3	17409	17410
P107,2	17411	17412
P63,2	17413	17414
P24,2	17415	17416
P109,2	17417	17418
P108,2	17419	17420
P110,1	17421	17422
P111,1	17423	17424
P113,2	17425	17426
P112,2	17427	17428
P115,1	17429	17430
P25,1	17431	17432
P116,3	17433	17434
P64,2	17435	17436
P26,2	17437	17438
P118,1	17439	17440
P7,2	17441	17442
P65,2	17443	17444
P119,2	17445	17446
P120,1	17447	17448
P2,2	17449	17450
P66,2	17451	17452
P67,2	17453	17454
P28,2	17455	17456
P29,2	17457	17458
P123,2	17459	17460
P122,2	17461	17462
P68,2	17463	17464
P124,2	17465	17466
P125,1	17467	17468
P69,1	17469	17470
P126,2	17471	17472
P127,1	17473	17474
P128,1	17475	17476
P130,1	17477	17478
P129,2	17479	17480
P10,2	17481	17482
P30,2	17483	17484
P132,1	17485	17486
P11,1	17487	17488
P131,2	17489	17490
P70,2	17491	17492
P31,2	17493	17494
P133,2	17495	17496
P134,2	17497	17498
P32,2	17499	17500
P135,2	17501	17502
P33,2	17503	17504
P137,1	17505	17506
P138,2	17507	17508
P35,1	17509	17510
P34,2	17511	17512
P36,2	17513	17514
P139,2	17515	17516
P38,1	17517	17518
P141,2	17519	17519
P143,1	17520	17521
P40,2	17522	17523
P75,2	17524	17525
P76,1	17526	17527
P41,2	17528	17529
P146,2	17530	17531
P144,2	17532	17533
P44,2	17534	17535
P45,1	17536	17537
P77,2	17538	17538
P43,2	17539	17540
P148,1	17541	17542
P78,2	17543	17544
P47,1	17545	17546
P80,2	17547	17548
P81,1	17549	17550
P46,3	17551	17552
P149,2	17553	17554
P48,2	17555	17556
P49,2	17557	17558
P152,1	17559	17560
P151,2	17561	17562
P154,1	17563	17564
P153,2	17565	17566
P12,3	17567	17568
P83,2	17569	17570
P156,1	17571	17572
P84,2	17573	17574
P85,1	17575	17576
P13,1	17577	17578
P157,1	17579	17580
P86,2	17581	17581
P160,1	17582	17583
P158,3	17584	17585
P161,2	17586	17587
P159,3	17588	17589
P88,2	17590	17591
P50,2	17592	17593
P164,1	17594	17595
P162,2	17596	17597
P167,1	17598	17599
P89,1	17600	17600
P53,3	17601	17602
P54,2	17603	17604
P169,2	17605	17606
P171,1	17607	17608
P55,1	17609	17610
P15,2	17611	17612
P173,1	17613	17614
P91,2	17615	17616
P16,2	17617	17618
P56,2	17619	17620
P17,2	17621	17622
P4,2	17623	17624
P176,2	17625	17626
P177,1	17627	17628
P180,1	17629	17630
P182,2	17631	17632
P184,1	17633	17634
P185,2	17635	17636
P181,2	17637	17638
P183,2	17639	17640
P92,1	17641	17642
P187,1	17643	17644
P94,1	17645	17646
P188,1	17647	17648
P95,1	17649	17650
P189,2	17651	17652
P190,2	17653	17654
P192,2	17655	17656
P58,2	17657	17658
P18,2	17659	17660
P96,2	17661	17662
P60,2	17663	17664
P19,3	17665	17666
P193,1	17667	17668
P98,1	17669	17670
P61,1	17671	17672
P97,2	17673	17674
P195,2	17675	17676
P21,1	17677	17678
P194,3	17679	17680
P22,2	17681	17682
P199,1	17683	17684
P99,2	17685	17686
P100,2	17687	17688
P200,1	17689	17690
P101,2	17691	17692
P104,1	17693	17694
P102,2	17695	17696
P106,1	17697	17698
P62,1	17699	17699
P23,2	17700	17701
P103,3	17702	17703
P107,2	17704	17705
P63,2	17706	17707
P24,2	17708	17709
P109,2	17710	17711
P108,2	17712	17713
P110,1	17714	17715
P111,1	17716	17717
P113,2	17718	17719
P112,2	17720	17721
P115,1	17722	17723
P25,1	17724	17725
P116,3	17726	17727
P64,2	17728	17729
P26,2	17730	17731
P118,1	17732	17733
P7,2	17734	17735
P65,2	17736	17737
P119,2	17738	17739
P120,1	17740	17741
P2,2	17742	17743
P66,2	17744	17745
P67,2	17746	17747
P28,2	17748	17749
P29,2	17750	17751
P123,2	17752	17753
P122,2	17754	17755
P68,2	17756	17757
P124,2	17758	17759
P125,1	17760	17761
P69,1	17762	17763
P126,2	17764	17765
P127,1	17766	17767
P128,1	17768	17769
P130,1	17770	17771
P129,2	17772	17773
P10,2	17774	17775
P30,2	17776	17777
P132,1	17778	17779
P11,1	17780	17781
P131,2	17782	17783
P70,2	17784	17785
P31,2	17786	17787
P133,2	17788	17789
P134,2	17790	17791
P32,2	17792	17793
P135,2	17794	17795
P33,2	17796	17797
P137,1	17798	17799
P138,2	17800	17801
P35,1	17802	17802
P34,2	17803	17804
P36,2	17805	17806
P139,2	17807	17808
P38,1	17809	17810
P143,1	17811	17812
P141,3	17813	17814
P40,2	17815	17816
P75,2	17817	17818
P76,1	17819	17820
P41,2	17821	17822
P146,2	17823	17824
P144,2	17825	17826
P44,2	17827	17828
P45,1	17829	17830
P43,2	17831	17832
P148,1	17833	17834
P78,2	17835	17836
P47,1	17837	17838
P80,2	17839	17840
P81,1	17841	17842
P46,3	17843	17844
P149,2	17845	17846
P48,2	17847	17848
P49,2	17849	17850
P152,1	17851	17852
P151,2	17853	17854
P154,1	17855	17856
P153,2	17857	17858
P12,3	17859	17860
P83,2	17861	17862
P156,1	17863	17864
P84,2	17865	17866
P85,1	17867	17868
P13,1	17869	17870
P157,1	17871	17872
P160,1	17873	17874
P158,3	17875	17876
P86,3	17877	17878
P161,2	17879	17880
P159,3	17881	17882
P88,2	17883	17884
P50,2	17885	17886
P164,1	17887	17888
P162,2	17889	17890
P53,3	17891	17892
P54,2	17893	17894
P169,2	17895	17896
P171,1	17897	17898
P55,1	17899	17900
P15,2	17901	17902
P173,1	17903	17904
P91,2	17905	17906
P16,2	17907	17908
P56,2	17909	17910
P17,2	17911	17912
P4,2	17913	17914
P176,2	17915	17916
P177,1	17917	17918
P180,1	17919	17920
P182,2	17921	17922
P184,1	17923	17924
P185,2	17925	17926
P181,2	17927	17928
P183,2	17929	17930
P92,1	17931	17932
P187,1	17933	17934
P188,1	17935	17936
P95,1	17937	17938
P189,2	17939	17940
P190,2	17941	17942
P192,2	17943	17944
P58,2	17945	17946
P18,2	17947	17948
P96,2	17949	17950
P60,2	17951	17952
P19,3	17953	17954
P193,1	17955	17956
P98,1	17957	17958
P61,1	17959	17960
P97,2	17961	17962
P195,2	17963	17964
P21,1	17965	17966
P194,3	17967	17968
P22,2	17969	17970
P199,1	17971	17972
P99,2	17973	17974
P100,2	17975	17976
P200,2	17977	17978
P101,2	17979	17980
P104,1	17981	17982
P102,2	17983	17984
P106,1	17985	17986
P23,2	17987	17988
P103,3	17989	17990
P107,2	17991	17992
P63,2	17993	17994
P24,2	17995	17996
P109,2	17997	17998
P108,2	17999	18000
P110,1	18001	18002
P111,1	18003	18004
P113,2	18005	18006
P112,2	18007	18008
P115,1	18009	18009
P25,1	18010	18011
P116,3	18012	18013
P64,2	18014	18015
P26,2	18016	18017
P118,1	18018	18019
P7,2	18020	18021
P65,2	18022	18023
P119,2	18024	18025
P120,1	18026	18027
P2,2	18028	18029
P66,2	18030	18031
P67,2	18032	18033
P28,2	18034	18035
P29,2	18036	18037
P123,2	18038	18039
P122,2	18040	18041
P68,2	18042	18043
P124,2	18044	18045
P125,1	18046	18047
P69,1	18048	18049
P126,2	18050	18051
P127,1	18052	18053
P128,1	18054	18055
P130,1	18056	18057
P129,2	18058	18059
P10,2	18060	18061
P30,2	18062	18063
P132,1	18064	18065
P11,1	18066	18067
P131,2	18068	18069
P70,2	18070	18071
P31,2	18072	18073
P133,2	18074	18075
P134,2	18076	18077
P32,2	18078	18079
P135,2	18080	18081
P33,2	18082	18083
P137,1	18084	18085
P138,2	18086	18087
P34,2	18088	18089
P35,2	18090	18091
P36,2	18092	18093
P139,2	18094	18095
P38,1	18096	18097
P143,1	18098	18099
P141,3	18100	18101
P40,2	18102	18103
P75,2	18104	18105
P41,2	18106	18107
P76,2	18108	18109
P146,2	18110	18111
P144,2	18112	18113
P44,2	18114	18115
P45,1	18116	18117
P43,2	18118	18119
P148,1	18120	18121
P78,2	18122	18123
P80,2	18124	18125
P81,1	18126	18127
P46,3	18128	18129
P149,2	18130	18131
P48,2	18132	18133
P49,2	18134	18135
P152,1	18136	18137
P151,2	18138	18139
P154,1	18140	18141
P153,2	18142	18143
P12,3	18144	18145
P83,2	18146	18147
P156,1	18148	18149
P84,2	18150	18151
P85,1	18152	18153
P13,1	18154	18155
P157,1	18156	18157
P160,1	18158	18159
P158,3	18160	18161
P86,3	18162	18163
P161,2	18164	18164
P159,3	18165	18166
P88,2	18167	18168
P50,2	18169	18170
P164,1	18171	18171
P162,2	18172	18173
P53,3	18174	18175
P54,2	18176	18177
P169,2	18178	18179
P171,1	18180	18181
P55,1	18182	18183
P15,2	18184	18185
P173,1	18186	18187
P91,2	18188	18189
P16,2	18190	18191
P56,2	18192	18193
P17,2	18194	18195
P4,2	18196	18197
P176,2	18198	18199
P177,1	18200	18201
P180,1	18202	18203
P182,2	18204	18205
P184,1	18206	18207
P185,2	18208	18209
P181,2	18210	18211
P183,2	18212	18213
P92,1	18214	18215
P187,1	18216	18217
P188,1	18218	18219
P95,1	18220	18220
P189,2	18221	18222
P190,2	18223	18224
P192,2	18225	18226
P58,2	18227	18228
P18,2	18229	18230
P96,2	18231	18232
P60,2	18233	18234
P19,3	18235	18236
P193,1	18237	18238
P98,1	18239	18240
P61,1	18241	18242
P97,2	18243	18244
P195,2	18245	18246
P21,1	18247	18248
P194,3	18249	18250
P22,2	18251	18252
P199,1	18253	18254
P99,2	18255	18256
P100,2	18257	18258
P200,2	18259	18260
P101,2	18261	18262
P104,1	18263	18264
P102,2	18265	18266
P106,1	18267	18268
P23,2	18269	18270
P103,3	18271	18272
P107,2	18273	18274
P63,2	18275	18276
P24,2	18277	18278
P109,2	18279	18280
P108,2	18281	18282
P110,1	18283	18284
P111,1	18285	18286
P113,2	18287	18288
P112,2	18289	18290
P115,2	18291	18292
P25,1	18293	18294
P116,3	18295	18296
P64,2	18297	18298
P26,2	18299	18300
P118,1	18301	18302
P7,2	18303	18304
P65,2	18305	18306
P119,2	18307	18308
P120,1	18309	18310
P2,2	18311	18312
P66,2	18313	18314
P67,2	18315	18316
P28,2	18317	18318
P29,2	18319	18320
P123,2	18321	18322
P122,2	18323	18324
P124,2	18325	18326
P125,1	18327	18328
P69,1	18329	18330
P126,2	18331	18332
P127,1	18333	18334
P128,1	18335	18335
P130,1	18336	18337
P129,2	18338	18339
P10,2	18340	18341
P30,2	18342	18343
P132,1	18344	18345
P11,1	18346	18347
P131,2	18348	18349
P70,2	18350	18351
P31,2	18352	18353
P133,2	18354	18355
P134,2	18356	18357
P32,2	18358	18358
P135,2	18359	18360
P33,2	18361	18362
P137,1	18363	18364
P138,2	18365	18366
P34,2	18367	18368
P35,2	18369	18370
P36,2	18371	18372
P139,2	18373	18374
P38,1	18375	18376
P143,1	18377	18378
P141,3	18379	18380
P40,2	18381	18382
P75,2	18383	18384
P41,2	18385	18386
P76,2	18387	18388
P146,2	18389	18390
P144,2	18391	18392
P44,2	18393	18394
P45,1	18395	18396
P43,2	18397	18398
P148,1	18399	18400
P78,2	18401	18402
P80,2	18403	18404
P81,1	18405	18406
P46,3	18407	18408
P149,2	18409	18410
P48,2	18411	18412
P49,2	18413	18414
P152,1	18415	18416
P151,2	18417	18418
P154,1	18419	18420
P153,2	18421	18422
P12,3	18423	18424
P83,2	18425	18426
P156,1	18427	18428
P84,2	18429	18430
P85,1	18431	18432
P13,1	18433	18434
P157,1	18435	18436
P160,1	18437	18438
P158,3	18439	18440
P86,3	18441	18442
P159,3	18443	18444
P88,2	18445	18446
P161,3	18447	18448
P50,2	18449	18450
P162,2	18451	18452
P53,3	18453	18454
P54,2	18455	18456
P169,2	18457	18458
P171,1	18459	18460
P55,1	18461	18462
P15,2	18463	18464
P173,1	18465	18466
P91,2	18467	18468
P16,2	18469	18470
P56,2	18471	18472
P17,2	18473	18474
P4,2	18475	18476
P176,2	18477	18478
P177,1	18479	18480
P180,1	18481	18482
P182,2	18483	18484
P184,1	18485	18486
P185,2	18487	18488
P181,2	18489	18490
P183,2	18491	18492
P92,1	18493	18494
P187,1	18495	18496
P188,1	18497	18498
P95,2	18499	18500
P189,2	18501	18502
P190,2	18503	18504
P192,2	18505	18506
P58,2	18507	18508
P18,2	18509	18509
P96,2	18510	18511
P60,2	18512	18513
P19,3	18514	18515
P193,1	18516	18517
P98,1	18518	18519
P97,2	18520	18521
P195,2	18522	18523
P61,2	18524	18525
P21,1	18526	18527
P194,3	18528	18529
P22,2	18530	18531
P199,1	18532	18533
P99,2	18534	18535
P100,2	18536	18537
P200,2	18538	18539
P101,2	18540	18541
P102,2	18542	18543
P106,1	18544	18545
P23,2	18546	18547
P103,3	18548	18549
P107,2	18550	18551
P63,2	18552	18553
P24,2	18554	18555
P109,2	18556	18557
P108,2	18558	18559
P110,1	18560	18561
P111,1	18562	18563
P113,2	18564	18565
P112,2	18566	18567
P115,2	18568	18569
P25,1	18570	18571
P116,3	18572	18573
P64,2	18574	18575
P26,2	18576	18577
P118,1	18578	18579
P7,2	18580	18581
P65,2	18582	18583
P119,2	18584	18585
P120,1	18586	18587
P2,2	18588	18589
P66,2	18590	18591
P67,2	18592	18593
P28,2	18594	18595
P29,2	18596	18597
P123,2	18598	18599
P122,2	18600	18601
P124,2	18602	18603
P125,1	18604	18605
P69,1	18606	18607
P126,2	18608	18609
P127,1	18610	18611
P129,2	18612	18613
P10,2	18614	18615
P30,2	18616	18617
P130,2	18618	18619
P132,1	18620	18620
P11,1	18621	18622
P131,2	18623	18623
P70,2	18624	18625
P31,2	18626	18627
P133,2	18628	18629
P134,2	18630	18631
P135,2	18632	18632
P33,2	18633	18634
P137,1	18635	18636
P138,2	18637	18638
P34,2	18639	18640
P35,2	18641	18642
P36,2	18643	18644
P139,2	18645	18646
P38,1	18647	18648
P143,1	18649	18650
P141,3	18651	18652
P40,2	18653	18654
P75,2	18655	18656
P41,2	18657	18658
P76,2	18659	18660
P146,2	18661	18662
P144,2	18663	18664
P44,2	18665	18666
P45,1	18667	18668
P43,2	18669	18670
P148,1	18671	18672
P78,2	18673	18674
P80,2	18675	18676
P81,1	18677	18678
P46,3	18679	18680
P149,2	18681	18682
P48,2	18683	18684
P49,2	18685	18686
P152,1	18687	18688
P151,2	18689	18690
P154,1	18691	18692
P153,2	18693	18694
P12,3	18695	18696
P83,2	18697	18698
P156,1	18699	18700
P84,2	18701	18702
P85,1	18703	18704
P157,1	18705	18706
P13,2	18707	18708
P160,1	18709	18710
P86,3	18711	18712
P159,3	18713	18714
P88,2	18715	18716
P161,3	18717	18718
P50,2	18719	18720
P162,2	18721	18722
P53,3	18723	18724
P54,2	18725	18726
P171,1	18727	18728
P169,3	18729	18730
P55,1	18731	18732
P15,2	18733	18734
P173,1	18735	18736
P91,2	18737	18738
P16,2	18739	18740
P17,2	18741	18742
P4,2	18743	18744
P176,2	18745	18746
P177,1	18747	18748
P180,1	18749	18750
P182,2	18751	18752
P184,1	18753	18754
P185,2	18755	18756
P181,2	18757	18758
P183,2	18759	18760
P92,1	18761	18762
P188,1	18763	18764
P95,2	18765	18766
P189,2	18767	18768
P190,2	18769	18770
P192,2	18771	18772
P58,2	18773	18774
P96,2	18775	18776
P60,2	18777	18778
P19,3	18779	18780
P193,1	18781	18782
P98,1	18783	18784
P97,2	18785	18786
P195,2	18787	18788
P61,2	18789	18790
P21,1	18791	18792
P194,3	18793	18794
P22,2	18795	18796
P199,1	18797	18798
P99,2	18799	18800
P100,2	18801	18802
P200,2	18803	18804
P101,2	18805	18806
P102,2	18807	18808
P106,1	18809	18810
P23,2	18811	18812
P103,3	18813	18814
P107,2	18815	18816
P63,2	18817	18818
P109,2	18819	18820
P24,3	18821	18822
P108,2	18823	18824
P110,1	18825	18826
P111,1	18827	18828
P113,2	18829	18830
P112,2	18831	18832
P115,2	18833	18834
P25,1	18835	18836
P116,3	18837	18838
P64,2	18839	18840
P26,2	18841	18842
P7,2	18843	18844
P65,2	18845	18846
P118,2	18847	18848
P119,2	18849	18850
P120,1	18851	18852
P2,2	18853	18854
P66,2	18855	18856
P67,2	18857	18858
P28,2	18859	18860
P29,2	18861	18862
P123,2	18863	18864
P122,2	18865	18866
P124,2	18867	18868
P125,1	18869	18870
P69,1	18871	18872
P126,2	18873	18874
P127,1	18875	18875
P129,2	18876	18877
P10,2	18878	18879
P30,2	18880	18881
P130,2	18882	18883
P11,1	18884	18885
P131,3	18886	18887
P70,2	18888	18888
P132,2	18889	18890
P31,2	18891	18892
P133,2	18893	18894
P134,2	18895	18896
P33,2	18897	18898
P137,1	18899	18900
P138,2	18901	18902
P34,2	18903	18904
P35,2	18905	18906
P36,2	18907	18908
P139,2	18909	18910
P38,1	18911	18912
P143,1	18913	18914
P141,3	18915	18916
P40,2	18917	18918
P75,2	18919	18920
P41,2	18921	18922
P76,2	18923	18924
P146,2	18925	18926
P144,2	18927	18928
P44,2	18929	18930
P45,1	18931	18932
P43,2	18933	18934
P148,1	18935	18936
P78,2	18937	18938
P80,2	18939	18940
P81,1	18941	18942
P46,3	18943	18944
P149,2	18945	18946
P48,2	18947	18948
P49,2	18949	18950
P152,1	18951	18952
P151,2	18953	18954
P154,1	18955	18956
P153,2	18957	18958
P12,3	18959	18960
P83,2	18961	18962
P156,1	18963	18964
P84,2	18965	18966
P85,1	18967	18968
P157,1	18969	18970
P13,2	18971	18972
P160,1	18973	18974
P86,3	18975	18976
P159,3	18977	18978
P88,2	18979	18980
P161,3	18981	18982
P50,2	18983	18984
P162,2	18985	18986
P53,3	18987	18988
P54,2	18989	18990
P171,1	18991	18992
P169,3	18993	18994
P15,2	18995	18996
P173,1	18997	18998
P91,2	18999	19000
P55,2	19001	19002
P16,2	19003	19004
P17,2	19005	19006
P4,2	19007	19008
P176,2	19009	19010
P180,1	19011	19012
P182,2	19013	19014
P184,1	19015	19016
P177,2	19017	19018
P185,2	19019	19020
P181,2	19021	19022
P183,2	19023	19024
P92,1	19025	19026
P188,1	19027	19028
P95,2	19029	19030
P189,2	19031	19032
P190,2	19033	19034
P192,2	19035	19036
P58,2	19037	19038
P96,2	19039	19040
P60,2	19041	19042
P19,3	19043	19044
P98,1	19045	19046
P97,2	19047	19048
P195,2	19049	19050
P61,2	19051	19052
P21,1	19053	19053
P194,3	19054	19055
P22,2	19056	19057
P199,1	19058	19059
P99,2	19060	19061
P100,2	19062	19063
P200,2	19064	19065
P101,2	19066	19067
P102,2	19068	19069
P106,1	19070	19071
P23,2	19072	19073
P103,3	19074	19075
P107,2	19076	19077
P63,2	19078	19079
P109,2	19080	19081
P24,3	19082	19083
P108,2	19084	19085
P110,1	19086	19086
P111,1	19087	19087
P113,2	19088	19089
P112,2	19090	19091
P115,2	19092	19093
P25,1	19094	19095
P116,3	19096	19097
P64,2	19098	19099
P26,2	19100	19101
P7,2	19102	19103
P65,2	19104	19105
P118,2	19106	19107
P119,2	19108	19109
P120,1	19110	19111
P2,2	19112	19113
P66,2	19114	19115
P67,2	19116	19117
P28,2	19118	19119
P29,2	19120	19121
P123,2	19122	19123
P122,2	19124	19125
P124,2	19126	19127
P125,1	19128	19128
P126,2	19129	19130
P69,2	19131	19132
P129,2	19133	19134
P10,2	19135	19136
P30,2	19137	19138
P127,2	19139	19140
P130,2	19141	19142
P11,1	19143	19144
P131,3	19145	19146
P132,2	19147	19148
P31,2	19149	19150
P133,2	19151	19152
P134,2	19153	19154
P33,2	19155	19156
P137,1	19157	19158
P138,2	19159	19160
P34,2	19161	19162
P35,2	19163	19164
P36,2	19165	19166
P139,2	19167	19168
P38,2	19169	19170
P143,2	19171	19172
P141,3	19173	19174
P40,2	19175	19176
P75,2	19177	19178
P41,2	19179	19180
P76,2	19181	19182
P146,2	19183	19184
P144,2	19185	19186
P44,2	19187	19188
P45,1	19189	19190
P43,2	19191	19192
P148,1	19193	19194
P78,2	19195	19196
P80,2	19197	19198
P81,1	19199	19199
P46,3	19200	19201
P149,2	19202	19203
P48,2	19204	19205
P49,2	19206	19207
P152,1	19208	19209
P151,2	19210	19211
P154,1	19212	19213
P153,2	19214	19215
P12,3	19216	19217
P84,2	19218	19219
P83,3	19220	19221
P156,2	19222	19223
P85,1	19224	19225
P157,1	19226	19227
P13,2	19228	19229
P160,1	19230	19231
P86,3	19232	19233
P159,3	19234	19235
P88,2	19236	19237
P161,3	19238	19239
P50,2	19240	19241
P162,2	19242	19243
P53,3	19244	19245
P54,2	19246	19247
P171,1	19248	19248
P169,3	19249	19250
P15,2	19251	19252
P173,1	19253	19254
P91,2	19255	19256
P55,2	19257	19258
P16,2	19259	19260
P17,2	19261	19262
P4,2	19263	19264
P176,2	19265	19266
P180,1	19267	19268
P182,2	19269	19270
P184,1	19271	19272
P177,2	19273	19274
P185,2	19275	19276
P181,2	19277	19278
P183,2	19279	19280
P92,1	19281	19282
P188,1	19283	19284
P95,2	19285	19286
P189,2	19287	19288
P190,2	19289	19290
P192,2	19291	19292
P58,2	19293	19294
P96,2	19295	19296
P60,2	19297	19298
P19,3	19299	19300
P98,1	19301	19302
P97,2	19303	19304
P195,2	19305	19306
P61,2	19307	19308
P194,3	19309	19310
P21,2	19311	19312
P22,2	19313	19314
P199,1	19315	19316
P99,2	19317	19318
P100,2	19319	19320
P200,2	19321	19322
P101,2	19323	19324
P102,2	19325	19326
P106,1	19327	19328
P23,2	19329	19330
P103,3	19331	19332
P107,2	19333	19334
P63,2	19335	19336
P109,2	19337	19338
P24,3	19339	19340
P108,2	19341	19342
P113,2	19343	19344
P112,2	19345	19346
P115,2	19347	19348
P111,2	19349	19350
P25,1	19351	19352
P116,3	19353	19354
P64,2	19355	19356
P26,2	19357	19358
P7,2	19359	19360
P65,2	19361	19362
P118,2	19363	19364
P119,2	19365	19366
P120,1	19367	19368
P2,2	19369	19370
P66,2	19371	19372
P67,2	19373	19374
P28,2	19375	19376
P29,2	19377	19378
P123,2	19379	19380
P122,2	19381	19382
P124,2	19383	19384
P126,2	19385	19386
P69,2	19387	19388
P125,2	19389	19390
P129,2	19391	19392
P10,2	19393	19394
P30,2	19395	19396
P127,2	19397	19398
P130,2	19399	19400
P11,1	19401	19402
P131,3	19403	19404
P132,2	19405	19406
P31,2	19407	19408
P133,2	19409	19410
P134,2	19411	19412
P33,2	19413	19414
P137,1	19415	19416
P138,2	19417	19417
P34,2	19418	19419
P35,2	19420	19421
P36,2	19422	19423
P139,2	19424	19425
P38,2	19426	19427
P143,2	19428	19429
P141,3	19430	19431
P40,2	19432	19433
P75,2	19434	19435
P41,2	19436	19436
P76,2	19437	19438
P146,2	19439	19440
P144,2	19441	19442
P44,2	19443	19444
P45,1	19445	19446
P43,2	19447	19448
P148,1	19449	19450
P78,2	19451	19452
P80,2	19453	19454
P46,3	19455	19456
P149,2	19457	19458
P81,2	19459	19460
P48,2	19461	19462
P49,2	19463	19464
P152,1	19465	19466
P151,2	19467	19468
P154,1	19469	19470
P153,2	19471	19472
P12,3	19473	19474
P84,2	19475	19476
P83,3	19477	19478
P156,2	19479	19480
P85,1	19481	19482
P157,1	19483	19484
P13,2	19485	19486
P160,1	19487	19487
P86,3	19488	19489
P159,3	19490	19491
P88,2	19492	19493
P161,3	19494	19495
P50,2	19496	19497
P162,2	19498	19499
P53,3	19500	19501
P54,2	19502	19503
P169,3	19504	19505
P15,2	19506	19506
P171,2	19507	19508
P173,1	19509	19510
P91,2	19511	19512
P55,2	19513	19514
P16,2	19515	19516
P17,2	19517	19518
P4,2	19519	19520
P176,2	19521	19522
P180,1	19523	19524
P182,2	19525	19526
P184,1	19527	19528
P177,2	19529	19530
P185,2	19531	19532
P181,2	19533	19534
P183,2	19535	19536
P92,1	19537	19538
P188,1	19539	19540
P95,2	19541	19542
P189,2	19543	19544
P190,2	19545	19546
P192,2	19547	19548
P58,2	19549	19550
P96,2	19551	19552
P60,2	19553	19554
P19,3	19555	19556
P98,1	19557	19558
P97,2	19559	19560
P195,2	19561	19562
P61,2	19563	19564
P194,3	19565	19566
P21,2	19567	19568
P22,2	19569	19570
P199,1	19571	19572
P99,2	19573	19574
P100,2	19575	19576
P200,2	19577	19578
P101,2	19579	19580
P102,2	19581	19582
P106,1	19583	19584
P23,2	19585	19586
P103,3	19587	19588
P107,2	19589	19590
P63,2	19591	19592
P109,2	19593	19594
P24,3	19595	19596
P108,2	19597	19598
P113,2	19599	19600
P112,2	19601	19602
P115,2	19603	19604
P111,2	19605	19606
P25,1	19607	19608
P116,3	19609	19610
P64,2	19611	19612
P26,2	19613	19614
P7,2	19615	19616
P65,2	19617	19618
P118,2	19619	19620
P119,2	19621	19622
P120,1	19623	19624
P2,2	19625	19626
P66,2	19627	19628
P67,2	19629	19630
P28,2	19631	19632
P29,2	19633	19634
P123,2	19635	19636
P122,2	19637	19638
P124,2	19639	19640
P126,2	19641	19642
P69,2	19643	19644
P125,2	19645	19646
P129,2	19647	19648
P10,2	19649	19649
P30,2	19650	19651
P127,2	19652	19653
P130,2	19654	19655
P131,3	19656	19657
P132,2	19658	19659
P31,2	19660	19661
P133,2	19662	19663
P134,2	19664	19665
P33,2	19666	19667
P137,2	19668	19669
P34,2	19670	19671
P35,2	19672	19673
P36,2	19674	19675
P139,2	19676	19677
P38,2	19678	19679
P143,2	19680	19681
P141,3	19682	19683
P40,2	19684	19685
P75,2	19686	19687
P76,2	19688	19689
P41,3	19690	19691
P146,2	19692	19693
P144,2	19694	19695
P44,2	19696	19697
P45,1	19698	19699
P43,2	19700	19701
P148,1	19702	19703
P78,2	19704	19705
P80,2	19706	19707
P46,3	19708	19709
P149,2	19710	19711
P81,2	19712	19713
P48,2	19714	19715
P49,2	19716	19717
P152,1	19718	19719
P151,2	19720	19721
P154,1	19722	19723
P153,2	19724	19725
P12,3	19726	19727
P84,2	19728	19729
P83,3	19730	19731
P156,2	19732	19733
P85,1	19734	19734
P157,1	19735	19736
P13,2	19737	19738
P86,3	19739	19740
P159,3	19741	19742
P88,2	19743	19744
P161,3	19745	19746
P50,2	19747	19748
P162,2	19749	19750
P53,3	19751	19752
P54,2	19753	19754
P169,3	19755	19756
P171,2	19757	19758
P15,3	19759	19760
P173,1	19761	19762
P91,2	19763	19764
P55,2	19765	19766
P16,2	19767	19768
P17,2	19769	19770
P4,2	19771	19772
P176,2	19773	19774
P180,1	19775	19776
P182,2	19777	19778
P184,1	19779	19780
P177,2	19781	19782
P185,2	19783	19784
P181,2	19785	19786
P183,2	19787	19788
P92,1	19789	19790
P188,1	19791	19792
P95,2	19793	19794
P189,2	19795	19796
P190,2	19797	19798
P192,2	19799	19800
P58,2	19801	19802
P96,2	19803	19804
P60,2	19805	19806
P19,3	19807	19808
P98,1	19809	19810
P97,2	19811	19812
P195,2	19813	19814
P61,2	19815	19816
P194,3	19817	19818
P21,2	19819	19820
P22,2	19821	19822
P199,1	19823	19824
P99,2	19825	19826
P100,2	19827	19828
P200,2	19829	19830
P101,2	19831	19832
P102,2	19833	19834
P106,1	19835	19835
P23,2	19836	19837
P103,3	19838	19839
P107,2	19840	19841
P63,2	19842	19843
P109,2	19844	19845
P24,3	19846	19847
P108,2	19848	19849
P113,2	19850	19851
P112,2	19852	19853
P115,2	19854	19855
P111,2	19856	19857
P25,1	19858	19859
P116,3	19860	19861
P64,2	19862	19863
P26,2	19864	19865
P7,2	19866	19867
P65,2	19868	19869
P118,2	19870	19871
P119,2	19872	19873
P120,1	19874	19875
P2,2	19876	19877
P66,2	19878	19879
P67,2	19880	19881
P28,2	19882	19883
P29,2	19884	19885
P123,2	19886	19887
P122,2	19888	19889
P124,2	19890	19891
P126,2	19892	19893
P69,2	19894	19895
P125,2	19896	19897
P129,2	19898	19899
P30,2	19900	19901
P127,2	19902	19903
P130,2	19904	19905
P131,3	19906	19907
P132,2	19908	19909
P31,2	19910	19911
P133,2	19912	19913
P134,2	19914	19915
P33,2	19916	19917
P137,2	19918	19919
P34,2	19920	19921
P35,2	19922	19923
P36,2	19924	19925
P139,2	19926	19927
P38,2	19928	19929
P143,2	19930	19931
P141,3	19932	19933
P40,2	19934	19934
P75,2	19935	19936
P76,2	19937	19938
P41,3	19939	19940
P146,2	19941	19942
P44,2	19943	19944
P144,3	19945	19946
P43,2	19947	19948
P148,1	19949	19950
P78,2	19951	19952
P80,2	19953	19954
P46,3	19955	19956
P149,2	19957	19958
P81,2	19959	19960
P48,2	19961	19962
P49,2	19963	19964
P152,1	19965	19966
P151,2	19967	19968
P153,2	19969	19970
P154,2	19971	19972
P12,3	19973	19974
P84,2	19975	19976
P83,3	19977	19978
P156,2	19979	19980
P157,1	19981	19982
P13,2	19983	19984
P85,2	19985	19986
P86,3	19987	19988
P159,3	19989	19990
P88,2	19991	19992
P161,3	19993	19994
P50,2	19995	19996
P162,2	19997	19998
P53,3	19999	20000
P54,2	20001	20002
P169,3	20003	20004
P171,2	20005	20006
P15,3	20007	20008
P173,1	20009	20010
P91,2	20011	20012
P55,2	20013	20014
P16,2	20015	20016
P17,2	20017	20018
P4,2	20019	20020
P176,2	20021	20022
P180,1	20023	20024
P182,2	20025	20026
P184,1	20027	20028
P177,2	20029	20030
P185,2	20031	20032
P181,2	20033	20034
P183,2	20035	20035
P92,1	20036	20037
P95,2	20038	20039
P189,2	20040	20041
P188,2	20042	20043
P190,2	20044	20045
P192,2	20046	20047
P58,2	20048	20049
P96,2	20050	20051
P60,2	20052	20053
P19,3	20054	20055
P98,1	20056	20057
P97,2	20058	20059
P195,2	20060	20061
P61,2	20062	20063
P194,3	20064	20065
P21,2	20066	20067
P22,2	20068	20069
P199,1	20070	20071
P99,2	20072	20073
P100,2	20074	20075
P200,2	20076	20077
P101,2	20078	20079
P102,2	20080	20081
P23,2	20082	20082
P103,3	20083	20084
P107,2	20085	20086
P106,2	20087	20088
P63,2	20089	20090
P109,2	20091	20092
P24,3	20093	20094
P108,2	20095	20096
P113,2	20097	20098
P112,2	20099	20100
P115,2	20101	20102
P111,2	20103	20104
P25,1	20105	20106
P116,3	20107	20108
P64,2	20109	20110
P26,2	20111	20112
P7,2	20113	20114
P65,2	20115	20116
P118,2	20117	20118
P119,2	20119	20119
P120,1	20120	20121
P2,2	20122	20123
P66,2	20124	20125
P28,2	20126	20127
P29,2	20128	20129
P67,3	20130	20131
P123,2	20132	20133
P122,2	20134	20135
P124,2	20136	20137
P126,2	20138	20139
P69,2	20140	20141
P125,2	20142	20143
P129,2	20144	20145
P30,2	20146	20147
P127,2	20148	20149
P130,2	20150	20151
P131,3	20152	20153
P132,2	20154	20155
P31,2	20156	20157
P133,2	20158	20159
P134,2	20160	20161
P33,2	20162	20163
P137,2	20164	20165
P34,2	20166	20167
P35,2	20168	20169
P36,2	20170	20171
P139,2	20172	20173
P38,2	20174	20175
P143,2	20176	20177
P141,3	20178	20179
P75,2	20180	20181
P76,2	20182	20183
P41,3	20184	20185
P40,3	20186	20187
P146,2	20188	20189
P44,2	20190	20191
P144,3	20192	20193
P43,2	20194	20195
P148,1	20196	20197
P78,2	20198	20199
P80,2	20200	20201
P46,3	20202	20203
P149,2	20204	20205
P81,2	20206	20207
P48,2	20208	20209
P49,2	20210	20211
P152,1	20212	20213
P151,2	20214	20215
P153,2	20216	20217
P154,2	20218	20219
P12,3	20220	20221
P84,2	20222	20223
P83,3	20224	20225
P156,2	20226	20227
P157,1	20228	20228
P13,2	20229	20230
P85,2	20231	20232
P86,3	20233	20234
P159,3	20235	20236
P88,2	20237	20238
P161,3	20239	20240
P50,2	20241	20242
P162,2	20243	20244
P53,3	20245	20246
P54,2	20247	20248
P169,3	20249	20250
P171,2	20251	20252
P15,3	20253	20254
P173,1	20255	20256
P91,2	20257	20258
P55,2	20259	20260
P16,2	20261	20262
P17,2	20263	20264
P4,2	20265	20266
P176,2	20267	20268
P180,1	20269	20270
P182,2	20271	20272
P184,1	20273	20274
P177,2	20275	20276
P185,2	20277	20278
P181,2	20279	20280
P92,1	20281	20282
P95,2	20283	20284
P189,2	20285	20286
P188,2	20287	20288
P190,2	20289	20290
P192,2	20291	20292
P58,2	20293	20294
P96,2	20295	20296
P60,2	20297	20298
P19,3	20299	20300
P98,1	20301	20302
P97,2	20303	20304
P195,2	20305	20306
P61,2	20307	20308
P194,3	20309	20310
P21,2	20311	20312
P22,2	20313	20314
P99,2	20315	20316
P100,2	20317	20318
P200,2	20319	20320
P101,2	20321	20322
P102,2	20323	20324
P103,3	20325	20326
P107,2	20327	20328
P106,2	20329	20330
P63,2	20331	20331
P109,2	20332	20333
P24,3	20334	20335
P108,2	20336	20337
P113,2	20338	20339
P112,2	20340	20341
P115,2	20342	20343
P111,2	20344	20345
P116,3	20346	20347
P64,2	20348	20349
P26,2	20350	20351
P25,2	20352	20353
P7,2	20354	20355
P65,2	20356	20357
P118,2	20358	20359
P120,1	20360	20361
P2,2	20362	20363
P66,2	20364	20365
P28,2	20366	20367
P29,2	20368	20369
P67,3	20370	20371
P123,2	20372	20373
P122,2	20374	20375
P124,2	20376	20377
P126,2	20378	20379
P69,2	20380	20381
P125,2	20382	20383
P129,2	20384	20385
P30,2	20386	20387
P127,2	20388	20389
P130,2	20390	20391
P131,3	20392	20393
P132,2	20394	20395
P31,2	20396	20397
P133,2	20398	20399
P134,2	20400	20401
P33,2	20402	20402
P137,2	20403	20404
P34,2	20405	20406
P35,2	20407	20408
P36,2	20409	20410
P139,2	20411	20412
P38,2	20413	20414
P143,2	20415	20416
P141,3	20417	20418
P75,2	20419	20420
P76,2	20421	20422
P41,3	20423	20424
P40,3	20425	20426
P146,2	20427	20428
P44,2	20429	20430
P144,3	20431	20432
P43,2	20433	20434
P148,1	20435	20436
P78,2	20437	20438
P80,2	20439	20440
P46,3	20441	20442
P149,2	20443	20444
P81,2	20445	20446
P48,2	20447	20448
P49,2	20449	20450
P152,1	20451	20452
P151,2	20453	20454
P153,2	20455	20456
P154,2	20457	20458
P12,3	20459	20460
P84,2	20461	20462
P83,3	20463	20464
P156,2	20465	20466
P13,2	20467	20468
P85,2	20469	20470
P86,3	20471	20472
P159,3	20473	20474
P88,2	20475	20476
P161,3	20477	20478
P50,2	20479	20480
P162,2	20481	20482
P53,3	20483	20484
P54,2	20485	20486
P169,3	20487	20488
P171,2	20489	20490
P15,3	20491	20492
P173,1	20493	20493
P91,2	20494	20495
P55,2	20496	20497
P16,2	20498	20499
P17,2	20500	20501
P4,2	20502	20503
P176,2	20504	20505
P182,2	20506	20507
P184,1	20508	20509
P177,2	20510	20511
P185,2	20512	20513
P181,2	20514	20515
P95,2	20516	20517
P189,2	20518	20519
P188,2	20520	20521
P92,2	20522	20523
P190,2	20524	20525
P192,2	20526	20527
P58,2	20528	20529
P96,2	20530	20531
P60,2	20532	20533
P19,3	20534	20535
P98,1	20536	20537
P97,2	20538	20539
P195,2	20540	20540
P61,2	20541	20542
P194,3	20543	20544
P21,2	20545	20546
P22,2	20547	20548
P99,2	20549	20550
P100,2	20551	20552
P200,2	20553	20554
P101,2	20555	20556
P102,2	20557	20558
P103,3	20559	20560
P107,2	20561	20562
P106,2	20563	20564
P109,2	20565	20566
P24,3	20567	20568
P108,2	20569	20570
P113,2	20571	20572
P112,2	20573	20574
P115,2	20575	20576
P111,2	20577	20578
P116,3	20579	20580
P64,2	20581	20582
P26,2	20583	20584
P25,2	20585	20586
P7,2	20587	20588
P65,2	20589	20590
P118,2	20591	20592
P2,2	20593	20594
P120,2	20595	20596
P66,2	20597	20598
P28,2	20599	20600
P29,2	20601	20601
P67,3	20602	20603
P123,2	20604	20605
P122,2	20606	20607
P124,2	20608	20609
P126,2	20610	20611
P69,2	20612	20613
P125,2	20614	20615
P129,2	20616	20617
P30,2	20618	20619
P127,2	20620	20621
P130,2	20622	20623
P131,3	20624	20625
P132,2	20626	20627
P31,2	20628	20629
P133,2	20630	20631
P134,2	20632	20633
P137,2	20634	20635
P34,2	20636	20637
P35,2	20638	20639
P33,3	20640	20641
P36,2	20642	20643
P139,2	20644	20645
P38,2	20646	20647
P143,2	20648	20649
P141,3	20650	20651
P75,2	20652	20653
P76,2	20654	20655
P41,3	20656	20657
P40,3	20658	20659
P146,2	20660	20661
P44,2	20662	20663
P144,3	20664	20665
P43,2	20666	20667
P148,1	20668	20668
P78,2	20669	20670
P80,2	20671	20672
P46,3	20673	20674
P149,2	20675	20676
P81,2	20677	20678
P48,2	20679	20680
P49,2	20681	20682
P151,2	20683	20684
P153,2	20685	20686
P152,2	20687	20688
P154,2	20689	20690
P84,2	20691	20692
P83,3	20693	20694
P156,2	20695	20696
P13,2	20697	20698
P85,2	20699	20700
P86,3	20701	20702
P159,3	20703	20704
P88,2	20705	20706
P161,3	20707	20708
P50,2	20709	20710
P162,2	20711	20712
P53,3	20713	20714
P54,2	20715	20716
P169,3	20717	20718
P171,2	20719	20720
P15,3	20721	20722
P91,2	20723	20724
P55,2	20725	20726
P173,2	20727	20728
P16,2	20729	20730
P17,2	20731	20732
P4,2	20733	20734
P176,2	20735	20736
P182,2	20737	20738
P184,1	20739	20739
P177,2	20740	20741
P185,2	20742	20743
P181,2	20744	20745
P95,2	20746	20747
P189,2	20748	20748
P188,2	20749	20750
P92,2	20751	20752
P190,2	20753	20753
P192,2	20754	20755
P58,2	20756	20757
P96,2	20758	20759
P60,2	20760	20761
P19,3	20762	20763
P97,2	20764	20765
P98,2	20766	20767
P61,2	20768	20769
P195,3	20770	20771
P194,3	20772	20773
P21,2	20774	20775
P22,2	20776	20777
P99,2	20778	20779
P100,2	20780	20781
P200,2	20782	20783
P102,2	20784	20785
P103,3	20786	20787
P107,2	20788	20789
P106,2	20790	20791
P109,2	20792	20793
P24,3	20794	20795
P108,2	20796	20797
P113,2	20798	20799
P112,2	20800	20801
P115,2	20802	20803
P111,2	20804	20805
P116,3	20806	20807
P64,2	20808	20809
P26,2	20810	20811
P25,2	20812	20813
P7,2	20814	20815
P65,2	20816	20817
P118,2	20818	20819
P2,2	20820	20821
P120,2	20822	20823
P66,2	20824	20825
P28,2	20826	20827
P29,3	20828	20829
P67,3	20830	20831
P123,2	20832	20833
P122,2	20834	20835
P124,2	20836	20837
P126,2	20838	20839
P69,2	20840	20841
P125,2	20842	20843
P129,2	20844	20845
P30,2	20846	20847
P127,2	20848	20849
P130,2	20850	20851
P131,3	20852	20853
P132,2	20854	20855
P31,2	20856	20857
P133,2	20858	20859
P134,2	20860	20861
P137,2	20862	20863
P34,2	20864	20865
P35,2	20866	20867
P33,3	20868	20869
P36,2	20870	20871
P139,2	20872	20873
P38,2	20874	20875
P143,2	20876	20877
P141,3	20878	20879
P75,2	20880	20881
P76,2	20882	20883
P41,3	20884	20885
P40,3	20886	20887
P146,2	20888	20889
P44,2	20890	20891
P144,3	20892	20893
P43,2	20894	20895
P78,2	20896	20897
P80,2	20898	20899
P46,3	20900	20901
P149,2	20902	20903
P81,2	20904	20905
P48,2	20906	20907
P49,2	20908	20909
P151,2	20910	20911
P153,2	20912	20913
P152,2	20914	20915
P154,2	20916	20917
P84,2	20918	20919
P83,3	20920	20921
P156,2	20922	20923
P13,2	20924	20925
P85,2	20926	20927
P86,3	20928	20929
P159,3	20930	20931
P88,2	20932	20933
P161,3	20934	20935
P50,2	20936	20937
P162,2	20938	20939
P53,3	20940	20941
P54,2	20942	20943
P169,3	20944	20945
P171,2	20946	20947
P15,3	20948	20949
P91,2	20950	20951
P55,2	20952	20953
P173,2	20954	20955
P16,2	20956	20957
P17,2	20958	20959
P4,2	20960	20961
P176,2	20962	20963
P182,2	20964	20965
P177,2	20966	20967
P185,2	20968	20969
P181,2	20970	20971
P184,2	20972	20973
P95,2	20974	20975
P189,3	20976	20977
P188,2	20978	20979
P92,2	20980	20981
P192,2	20982	20983
P58,2	20984	20985
P96,2	20986	20987
P60,2	20988	20989
P19,3	20990	20991
P97,2	20992	20993
P98,2	20994	20995
P61,2	20996	20997
P195,3	20998	20999
P194,3	21000	21001
P21,2	21002	21003
P22,2	21004	21005
P99,2	21006	21007
P100,2	21008	21009
P200,2	21010	21011
P102,2	21012	21013
P103,3	21014	21015
P107,2	21016	21017
P106,2	21018	21019
P109,2	21020	21021
P24,3	21022	21023
P108,2	21024	21025
P113,2	21026	21027
P112,2	21028	21029
P115,2	21030	21031
P111,2	21032	21033
P116,3	21034	21035
P64,2	21036	21037
P26,2	21038	21039
P25,2	21040	21041
P7,2	21042	21043
P65,2	21044	21045
P118,2	21046	21047
P2,2	21048	21049
P120,2	21050	21051
P66,2	21052	21053
P28,2	21054	21055
P29,3	21056	21057
P67,3	21058	21059
P123,2	21060	21061
P122,2	21062	21063
P124,2	21064	21064
P126,2	21065	21066
P69,2	21067	21068
P125,2	21069	21070
P129,2	21071	21072
P30,2	21073	21074
P127,2	21075	21076
P130,2	21077	21078
P131,3	21079	21080
P132,2	21081	21082
P31,2	21083	21084
P133,2	21085	21086
P134,2	21087	21088
P137,2	21089	21090
P34,2	21091	21092
P35,2	21093	21094
P33,3	21095	21096
P36,2	21097	21098
P139,2	21099	21100
P38,2	21101	21102
P143,2	21103	21104
P141,3	21105	21106
P75,2	21107	21108
P76,2	21109	21110
P41,3	21111	21112
P40,3	21113	21114
P146,2	21115	21116
P44,2	21117	21118
P144,3	21119	21120
P43,2	21121	21122
P78,2	21123	21124
P80,2	21125	21126
P46,3	21127	21128
P149,2	21129	21130
P81,2	21131	21132
P48,2	21133	21134
P49,2	21135	21136
P151,2	21137	21138
P153,2	21139	21140
P152,2	21141	21142
P154,2	21143	21144
P84,2	21145	21146
P83,3	21147	21148
P156,2	21149	21150
P13,2	21151	21152
P85,2	21153	21154
P86,3	21155	21156
P159,3	21157	21158
P88,2	21159	21160
P161,3	21161	21162
P50,2	21163	21164
P162,2	21165	21166
P53,3	21167	21168
P54,2	21169	21170
P169,3	21171	21172
P171,2	21173	21174
P15,3	21175	21176
P91,2	21177	21178
P55,2	21179	21180
P173,2	21181	21182
P16,2	21183	21184
P17,2	21185	21186
P4,2	21187	21188
P176,2	21189	21190
P182,2	21191	21192
P177,2	21193	21194
P185,2	21195	21196
P181,2	21197	21198
P184,2	21199	21200
P95,2	21201	21202
P189,3	21203	21204
P188,2	21205	21206
P92,2	21207	21208
P192,2	21209	21210
P58,2	21211	21212
P96,2	21213	21214
P60,2	21215	21216
P19,3	21217	21218
P97,2	21219	21220
P98,2	21221	21222
P61,2	21223	21224
P195,3	21225	21226
P194,3	21227	21228
P21,2	21229	21230
P22,2	21231	21232
P99,2	21233	21234
P100,2	21235	21236
P200,2	21237	21238
P102,2	21239	21240
P103,3	21241	21242
P107,2	21243	21244
P106,2	21245	21246
P109,2	21247	21248
P24,3	21249	21250
P108,2	21251	21252
P113,2	21253	21254
P112,2	21255	21256
P115,2	21257	21258
P111,2	21259	21260
P116,3	21261	21262
P64,2	21263	21264
P26,2	21265	21266
P25,2	21267	21268
P7,2	21269	21270
P65,2	21271	21272
P118,2	21273	21274
P2,2	21275	21276
P120,2	21277	21278
P66,2	21279	21280
P28,2	21281	21282
P29,3	21283	21284
P67,3	21285	21286
P123,2	21287	21288
P122,2	21289	21290
P126,2	21291	21292
P69,2	21293	21294
P125,2	21295	21296
P129,2	21297	21298
P30,2	21299	21300
P127,2	21301	21302
P130,2	21303	21304
P131,3	21305	21306
P132,2	21307	21308
P31,2	21309	21310
P133,2	21311	21312
P134,2	21313	21314
P137,2	21315	21316
P34,2	21317	21318
P35,2	21319	21320
P33,3	21321	21322
P36,2	21323	21324
P139,2	21325	21326
P38,2	21327	21328
P143,2	21329	21330
P141,3	21331	21332
P75,2	21333	21334
P76,2	21335	21336
P41,3	21337	21338
P40,3	21339	21340
P146,2	21341	21342
P44,2	21343	21344
P144,3	21345	21346
P43,2	21347	21348
P78,2	21349	21350
P80,2	21351	21352
P46,3	21353	21354
P149,2	21355	21356
P81,2	21357	21358
P48,2	21359	21360
P49,2	21361	21362
P151,2	21363	21364
P153,2	21365	21366
P152,2	21367	21368
P154,2	21369	21370
P84,2	21371	21372
P83,3	21373	21374
P156,2	21375	21376
P13,2	21377	21378
P85,2	21379	21380
P86,3	21381	21382
P159,3	21383	21384
P88,2	21385	21386
P161,3	21387	21388
P50,2	21389	21390
P162,2	21391	21392
P53,3	21393	21394
P54,2	21395	21396
P169,3	21397	21398
P171,2	21399	21400
P15,3	21401	21402
P91,2	21403	21404
P55,2	21405	21406
P173,2	21407	21408
P16,2	21409	21410
P17,2	21411	21412
P4,2	21413	21414
P176,2	21415	21416
P177,2	21417	21418
P185,2	21419	21420
P181,2	21421	21422
P184,2	21423	21424
P95,2	21425	21426
P189,3	21427	21428
P188,2	21429	21430
P92,2	21431	21432
P192,2	21433	21434
P58,2	21435	21436
P96,2	21437	21438
P60,2	21439	21440
P19,3	21441	21442
P97,2	21443	21444
P98,2	21445	21446
P61,2	21447	21448
P195,3	21449	21450
P194,3	21451	21452
P21,2	21453	21454
P22,2	21455	21456
P99,2	21457	21458
P100,2	21459	21460
P200,2	21461	21462
P102,2	21463	21464
P103,3	21465	21466
P107,2	21467	21468
P106,2	21469	21470
P109,2	21471	21472
P24,3	21473	21474
P108,2	21475	21476
P113,2	21477	21478
P112,2	21479	21480
P115,2	21481	21482
P111,2	21483	21484
P116,3	21485	21486
P64,2	21487	21488
P26,2	21489	21490
P25,2	21491	21492
P7,2	21493	21494
P65,2	21495	21496
P118,2	21497	21498
P2,2	21499	21500
P120,2	21501	21502
P66,2	21503	21504
P28,2	21505	21506
P29,3	21507	21508
P67,3	21509	21510
P123,2	21511	21512
P122,2	21513	21514
P126,2	21515	21516
P69,2	21517	21518
P125,2	21519	21520
P129,2	21521	21522
P30,2	21523	21524
P127,2	21525	21526
P130,2	21527	21528
P131,3	21529	21530
P132,2	21531	21532
P31,2	21533	21534
P133,2	21535	21536
P134,2	21537	21538
P137,2	21539	21540
P34,2	21541	21542
P35,2	21543	21544
P33,3	21545	21546
P36,2	21547	21548
P139,2	21549	21550
P38,2	21551	21552
P143,2	21553	21554
P141,3	21555	21556
P75,2	21557	21558
P76,2	21559	21560
P41,3	21561	21562
P40,3	21563	21564
P146,2	21565	21566
P44,2	21567	21568
P144,3	21569	21570
P43,2	21571	21572
P78,2	21573	21574
P80,2	21575	21576
P46,3	21577	21578
P149,2	21579	21580
P81,2	21581	21582
P48,2	21583	21584
P49,2	21585	21586
P151,2	21587	21588
P153,2	21589	21590
P152,2	21591	21592
P154,2	21593	21594
P84,2	21595	21595
P83,3	21596	21597
P156,2	21598	21599
P13,2	21600	21601
P85,2	21602	21603
P86,3	21604	21604
P159,3	21605	21606
P88,2	21607	21608
P161,3	21609	21610
P50,2	21611	21612
P162,2	21613	21614
P53,3	21615	21616
P54,2	21617	21618
P169,3	21619	21620
P171,2	21621	21622
P15,3	21623	21624
P91,2	21625	21626
P55,2	21627	21628
P173,2	21629	21630
P16,2	21631	21632
P17,2	21633	21634
P4,2	21635	21636
P176,2	21637	21638
P177,2	21639	21640
P185,2	21641	21642
P181,2	21643	21644
P184,2	21645	21646
P95,2	21647	21648
P189,3	21649	21650
P188,2	21651	21652
P92,2	21653	21654
P192,2	21655	21656
P58,2	21657	21658
P96,2	21659	21660
P60,2	21661	21662
P19,3	21663	21664
P97,2	21665	21666
P98,2	21667	21668
P61,2	21669	21670
P195,3	21671	21672
P194,3	21673	21674
P21,2	21675	21676
P22,2	21677	21678
P99,2	21679	21680
P100,2	21681	21682
P200,2	21683	21684
P102,2	21685	21686
P107,2	21687	21688
P106,2	21689	21690
P109,2	21691	21692
P24,3	21693	21694
P108,2	21695	21696
P113,2	21697	21698
P112,2	21699	21700
P115,2	21701	21702
P111,2	21703	21704
P116,3	21705	21706
P64,2	21707	21708
P26,2	21709	21710
P25,2	21711	21712
P7,2	21713	21714
P65,2	21715	21716
P118,2	21717	21718
P2,2	21719	21720
P120,2	21721	21722
P66,2	21723	21724
P29,3	21725	21726
P67,3	21727	21728
P123,2	21729	21730
P28,3	21731	21732
P122,2	21733	21734
P126,2	21735	21736
P69,2	21737	21738
P125,2	21739	21740
P30,2	21741	21742
P127,2	21743	21744
P130,2	21745	21746
P131,3	21747	21748
P132,2	21749	21750
P31,2	21751	21752
P133,2	21753	21754
P134,2	21755	21756
P137,2	21757	21758
P34,2	21759	21760
P35,2	21761	21762
P33,3	21763	21764
P36,2	21765	21766
P139,2	21767	21768
P38,2	21769	21770
P143,2	21771	21772
P141,3	21773	21774
P75,2	21775	21776
P76,2	21777	21778
P41,3	21779	21780
P40,3	21781	21782
P146,2	21783	21784
P44,2	21785	21786
P144,3	21787	21788
P43,2	21789	21790
P78,2	21791	21792
P80,2	21793	21794
P46,3	21795	21796
P149,2	21797	21798
P81,2	21799	21800
P48,2	21801	21802
P151,2	21803	21804
P153,2	21805	21806
P49,3	21807	21808
P152,2	21809	21810
P154,2	21811	21812
P83,3	21813	21814
P156,2	21815	21816
P13,2	21817	21818
P85,2	21819	21820
P159,3	21821	21822
P88,2	21823	21824
P161,3	21825	21826
P50,2	21827	21828
P162,2	21829	21830
P53,3	21831	21832
P54,2	21833	21834
P169,3	21835	21836
P171,2	21837	21838
P15,3	21839	21840
P91,2	21841	21842
P55,2	21843	21844
P173,2	21845	21846
P16,2	21847	21848
P17,2	21849	21850
P4,2	21851	21852
P176,2	21853	21854
P177,2	21855	21856
P185,2	21857	21858
P181,2	21859	21860
P184,2	21861	21862
P95,2	21863	21864
P189,3	21865	21866
P188,2	21867	21868
P92,2	21869	21870
P192,2	21871	21872
P58,2	21873	21874
P96,2	21875	21876
P60,2	21877	21878
P19,3	21879	21880
P97,2	21881	21882
P98,2	21883	21884
P61,2	21885	21886
P195,3	21887	21888
P194,3	21889	21890
P21,2	21891	21892
P22,2	21893	21894
P99,2	21895	21896
P100,2	21897	21898
P200,2	21899	21900
P102,2	21901	21902
P107,2	21903	21904
P106,2	21905	21906
P109,2	21907	21908
P24,3	21909	21910
P108,2	21911	21912
P113,2	21913	21914
P112,2	21915	21916
P115,2	21917	21918
P111,2	21919	21920
P116,3	21921	21922
P64,2	21923	21924
P26,2	21925	21926
P25,2	21927	21928
P7,2	21929	21930
P65,2	21931	21932
P118,2	21933	21934
P2,2	21935	21936
P120,2	21937	21938
P66,2	21939	21940
P29,3	21941	21942
P67,3	21943	21944
P123,2	21945	21946
P28,3	21947	21948
P122,2	21949	21950
P126,2	21951	21952
P69,2	21953	21954
P125,2	21955	21956
P30,2	21957	21958
P127,2	21959	21960
P130,2	21961	21962
P131,3	21963	21964
P132,2	21965	21966
P31,2	21967	21968
P133,2	21969	21970
P134,2	21971	21972
P137,2	21973	21974
P34,2	21975	21976
P35,2	21977	21978
P33,3	21979	21980
P36,2	21981	21982
P139,2	21983	21983
P38,2	21984	21985
P143,2	21986	21987
P141,3	21988	21989
P75,2	21990	21991
P76,2	21992	21993
P41,3	21994	21995
P40,3	21996	21997
P146,2	21998	21999
P44,2	22000	22001
P144,3	22002	22003
P43,2	22004	22005
P78,2	22006	22007
P80,2	22008	22009
P46,3	22010	22011
P149,2	22012	22013
P81,2	22014	22015
P48,2	22016	22017
P151,2	22018	22019
P153,2	22020	22021
P49,3	22022	22023
P152,2	22024	22025
P154,2	22026	22027
P83,3	22028	22029
P156,2	22030	22031
P13,2	22032	22033
P85,2	22034	22035
P159,3	22036	22037
P88,2	22038	22039
P161,3	22040	22041
P50,2	22042	22043
P162,2	22044	22045
P53,3	22046	22047
P54,2	22048	22049
P169,3	22050	22051
P171,2	22052	22053
P15,3	22054	22055
P91,2	22056	22056
P55,2	22057	22058
P173,2	22059	22060
P16,2	22061	22062
P17,2	22063	22064
P4,2	22065	22066
P176,2	22067	22068
P177,2	22069	22070
P185,2	22071	22072
P181,2	22073	22074
P184,2	22075	22076
P95,2	22077	22078
P189,3	22079	22080
P188,2	22081	22082
P92,2	22083	22084
P192,2	22085	22086
P58,2	22087	22088
P96,2	22089	22090
P60,2	22091	22092
P19,3	22093	22094
P97,2	22095	22096
P98,2	22097	22098
P61,2	22099	22100
P195,3	22101	22102
P194,3	22103	22104
P21,2	22105	22106
P22,2	22107	22108
P99,2	22109	22110
P100,2	22111	22112
P200,2	22113	22114
P102,2	22115	22116
P107,2	22117	22118
P106,2	22119	22120
P109,2	22121	22122
P24,3	22123	22124
P108,2	22125	22126
P113,2	22127	22128
P112,2	22129	22130
P115,2	22131	22132
P111,2	22133	22134
P116,3	22135	22136
P64,2	22137	22138
P26,2	22139	22140
P25,2	22141	22142
P7,2	22143	22144
P65,2	22145	22146
P118,2	22147	22148
P2,2	22149	22150
P120,2	22151	22152
P66,2	22153	22154
P29,3	22155	22156
P67,3	22157	22158
P123,2	22159	22159
P28,3	22160	22161
P122,2	22162	22163
P126,2	22164	22165
P69,2	22166	22167
P125,2	22168	22169
P30,2	22170	22171
P127,2	22172	22173
P130,2	22174	22175
P131,3	22176	22177
P132,2	22178	22179
P31,2	22180	22181
P133,2	22182	22183
P134,2	22184	22185
P137,2	22186	22187
P34,2	22188	22189
P35,2	22190	22191
P33,3	22192	22193
P36,2	22194	22195
P38,2	22196	22197
P143,2	22198	22199
P141,3	22200	22201
P139,3	22202	22203
P75,2	22204	22205
P76,2	22206	22207
P41,3	22208	22209
P40,3	22210	22211
P146,2	22212	22213
P44,2	22214	22215
P144,3	22216	22217
P43,2	22218	22219
P78,2	22220	22221
P80,2	22222	22223
P46,3	22224	22225
P149,2	22226	22227
P81,2	22228	22229
P48,2	22230	22231
P151,2	22232	22233
P153,2	22234	22235
P49,3	22236	22237
P152,2	22238	22239
P154,2	22240	22241
P83,3	22242	22243
P156,2	22244	22245
P13,2	22246	22247
P85,2	22248	22249
P159,3	22250	22251
P88,2	22252	22253
P161,3	22254	22255
P50,2	22256	22257
P162,2	22258	22259
P53,3	22260	22261
P54,2	22262	22263
P169,3	22264	22265
P171,2	22266	22267
P15,3	22268	22269
P91,3	22270	22271
P55,2	22272	22273
P173,2	22274	22275
P16,2	22276	22277
P17,2	22278	22279
P4,2	22280	22281
P176,2	22282	22283
P177,2	22284	22285
P185,2	22286	22287
P181,2	22288	22289
P184,2	22290	22291
P95,2	22292	22293
P189,3	22294	22295
P188,2	22296	22297
P92,2	22298	22299
P192,2	22300	22301
P58,2	22302	22303
P96,2	22304	22305
P60,2	22306	22307
P19,3	22308	22309
P97,2	22310	22311
P98,2	22312	22313
P61,2	22314	22315
P195,3	22316	22317
P21,2	22318	22319
P22,2	22320	22321
P99,2	22322	22323
P100,2	22324	22325
P200,2	22326	22327
P102,2	22328	22329
P107,2	22330	22331
P106,2	22332	22333
P109,2	22334	22335
P24,3	22336	22337
P108,2	22338	22339
P113,2	22340	22341
P112,2	22342	22343
P115,2	22344	22345
P111,2	22346	22347
P116,3	22348	22349
P64,2	22350	22351
P26,2	22352	22353
P25,2	22354	22355
P7,2	22356	22357
P65,2	22358	22359
P118,2	22360	22361
P2,2	22362	22363
P120,2	22364	22365
P66,2	22366	22367
P29,3	22368	22369
P67,3	22370	22371
P28,3	22372	22373
P123,3	22374	22375
P122,2	22376	22377
P126,2	22378	22379
P69,2	22380	22381
P125,2	22382	22383
P30,2	22384	22385
P127,2	22386	22387
P130,2	22388	22389
P131,3	22390	22391
P132,2	22392	22393
P31,2	22394	22395
P133,2	22396	22397
P134,2	22398	22399
P137,2	22400	22401
P34,2	22402	22403
P35,2	22404	22405
P33,3	22406	22407
P36,2	22408	22409
P38,2	22410	22411
P143,2	22412	22413
P141,3	22414	22415
P139,3	22416	22417
P75,2	22418	22419
P76,2	22420	22421
P41,3	22422	22423
P40,3	22424	22425
P146,2	22426	22427
P44,2	22428	22429
P144,3	22430	22431
P43,2	22432	22433
P78,2	22434	22435
P80,2	22436	22437
P46,3	22438	22439
P149,2	22440	22441
P81,2	22442	22443
P48,2	22444	22445
P151,2	22446	22447
P153,2	22448	22449
P49,3	22450	22451
P152,2	22452	22453
P154,2	22454	22455
P83,3	22456	22457
P156,2	22458	22459
P13,2	22460	22461
P85,2	22462	22463
P159,3	22464	22465
P88,2	22466	22467
P161,3	22468	22469
P50,2	22470	22471
P162,2	22472	22473
P53,3	22474	22475
P54,2	22476	22477
P169,3	22478	22479
P171,2	22480	22481
P15,3	22482	22483
P91,3	22484	22485
P55,2	22486	22487
P173,2	22488	22489
P16,2	22490	22491
P17,2	22492	22493
P4,2	22494	22495
P176,2	22496	22497
P177,2	22498	22499
P185,2	22500	22501
P181,2	22502	22503
P184,2	22504	22505
P95,2	22506	22507
P189,3	22508	22509
P188,2	22510	22511
P92,2	22512	22513
P192,2	22514	22515
P58,2	22516	22517
P96,2	22518	22519
P60,2	22520	22521
P19,3	22522	22523
P97,2	22524	22525
P98,2	22526	22527
P61,2	22528	22529
P195,3	22530	22531
P21,2	22532	22533
P99,2	22534	22535
P100,2	22536	22537
P200,2	22538	22539
P102,2	22540	22541
P107,2	22542	22543
P106,2	22544	22545
P109,2	22546	22547
P24,3	22548	22549
P108,2	22550	22551
P113,2	22552	22553
P112,2	22554	22555
P115,2	22556	22557
P111,2	22558	22559
P116,3	22560	22561
P64,2	22562	22563
P26,2	22564	22565
P25,2	22566	22567
P7,2	22568	22569
P65,2	22570	22571
P118,2	22572	22573
P2,2	22574	22575
P120,2	22576	22577
P66,2	22578	22579
P29,3	22580	22581
P67,3	22582	22583
P28,3	22584	22585
P123,3	22586	22587
P122,2	22588	22589
P126,2	22590	22591
P69,2	22592	22593
P125,2	22594	22595
P30,2	22596	22597
P127,2	22598	22599
P130,2	22600	22601
P131,3	22602	22603
P132,2	22604	22605
P31,2	22606	22607
P133,2	22608	22609
P134,2	22610	22611
P137,2	22612	22613
P34,2	22614	22615
P35,2	22616	22617
P33,3	22618	22619
P36,2	22620	22621
P38,2	22622	22623
P143,2	22624	22625
P141,3	22626	22627
P139,3	22628	22629
P75,2	22630	22631
P76,2	22632	22633
P41,3	22634	22635
P40,3	22636	22637
P146,2	22638	22639
P44,2	22640	22641
P144,3	22642	22643
P43,2	22644	22645
P78,2	22646	22647
P80,2	22648	22648
P46,3	22649	22650
P149,2	22651	22652
P81,2	22653	22654
P48,2	22655	22656
P151,2	22657	22658
P153,2	22659	22660
P49,3	22661	22662
P152,2	22663	22664
P154,2	22665	22666
P83,3	22667	22668
P156,2	22669	22670
P13,2	22671	22672
P85,2	22673	22674
P159,3	22675	22676
P88,2	22677	22678
P161,3	22679	22680
P50,2	22681	22682
P162,2	22683	22684
P53,3	22685	22686
P171,2	22687	22688
P15,3	22689	22690
P91,3	22691	22692
P55,2	22693	22694
P173,2	22695	22696
P16,2	22697	22698
P17,2	22699	22700
P4,2	22701	22702
P176,2	22703	22704
P177,2	22705	22706
P185,2	22707	22708
P181,2	22709	22710
P184,2	22711	22712
P95,2	22713	22714
P189,3	22715	22716
P188,2	22717	22718
P92,2	22719	22720
P192,2	22721	22722
P96,2	22723	22724
P58,3	22725	22726
P60,2	22727	22728
P19,3	22729	22730
P97,2	22731	22732
P98,2	22733	22734
P61,2	22735	22736
P195,3	22737	22738
P21,2	22739	22740
P99,2	22741	22742
P100,2	22743	22744
P200,2	22745	22746
P102,2	22747	22748
P107,2	22749	22750
P106,2	22751	22752
P109,2	22753	22754
P24,3	22755	22756
P108,2	22757	22758
P113,2	22759	22760
P112,2	22761	22762
P115,2	22763	22764
P111,2	22765	22766
P116,3	22767	22768
P64,2	22769	22770
P26,2	22771	22772
P25,2	22773	22774
P7,2	22775	22776
P65,2	22777	22778
P118,2	22779	22780
P2,2	22781	22782
P120,2	22783	22784
P66,2	22785	22786
P29,3	22787	22788
P67,3	22789	22790
P28,3	22791	22792
P123,3	22793	22794
P122,2	22795	22796
P126,2	22797	22798
P69,2	22799	22800
P125,2	22801	22802
P30,2	22803	22804
P127,2	22805	22806
P130,2	22807	22808
P131,3	22809	22810
P132,2	22811	22812
P31,2	22813	22814
P133,2	22815	22816
P134,2	22817	22818
P137,2	22819	22820
P34,2	22821	22822
P35,2	22823	22824
P33,3	22825	22826
P36,2	22827	22828
P38,2	22829	22830
P143,2	22831	22832
P139,3	22833	22834
P76,2	22835	22836
P75,3	22837	22838
P41,3	22839	22840
P40,3	22841	22842
P146,2	22843	22844
P44,2	22845	22846
P144,3	22847	22848
P43,2	22849	22850
P78,2	22851	22852
P46,3	22853	22854
P149,2	22855	22856
P81,2	22857	22858
P80,3	22859	22860
P48,2	22861	22862
P151,2	22863	22864
P153,2	22865	22866
P49,3	22867	22868
P152,2	22869	22870
P154,2	22871	22872
P83,3	22873	22874
P156,2	22875	22876
P13,2	22877	22878
P85,2	22879	22880
P159,3	22881	22882
P88,2	22883	22884
P161,3	22885	22886
P50,2	22887	22888
P162,2	22889	22890
P53,3	22891	22892
P171,2	22893	22894
P15,3	22895	22896
P91,3	22897	22898
P55,2	22899	22900
P173,2	22901	22902
P16,2	22903	22904
P17,2	22905	22906
P4,2	22907	22908
P176,2	22909	22910
P177,2	22911	22912
P185,2	22913	22914
P181,2	22915	22916
P184,2	22917	22918
P95,2	22919	22920
P189,3	22921	22922
P188,2	22923	22924
P92,2	22925	22926
P192,2	22927	22928
P96,2	22929	22930
P58,3	22931	22932
P60,2	22933	22934
P19,3	22935	22936
P97,2	22937	22938
P98,2	22939	22940
P61,2	22941	22942
P195,3	22943	22944
P21,2	22945	22946
P99,2	22947	22948
P100,2	22949	22950
P200,2	22951	22952
P107,2	22953	22954
P106,2	22955	22956
P109,2	22957	22958
P102,3	22959	22960
P24,3	22961	22962
P108,2	22963	22964
P113,2	22965	22966
P112,2	22967	22968
P115,2	22969	22970
P111,2	22971	22972
P116,3	22973	22974
P64,2	22975	22976
P26,2	22977	22978
P25,2	22979	22980
P7,2	22981	22982
P65,2	22983	22984
P118,2	22985	22986
P2,2	22987	22988
P120,2	22989	22990
P66,2	22991	22992
P29,3	22993	22994
P67,3	22995	22996
P28,3	22997	22998
P123,3	22999	23000
P122,2	23001	23002
P126,2	23003	23004
P69,2	23005	23006
P125,2	23007	23008
P30,2	23009	23010
P127,2	23011	23012
P130,2	23013	23014
P131,3	23015	23016
P132,2	23017	23018
P31,2	23019	23020
P133,2	23021	23022
P134,2	23023	23024
P137,2	23025	23026
P34,2	23027	23028
P35,2	23029	23030
P33,3	23031	23032
P36,2	23033	23034
P38,2	23035	23035
P143,2	23036	23037
P139,3	23038	23039
P76,2	23040	23041
P75,3	23042	23043
P41,3	23044	23045
P40,3	23046	23047
P146,2	23048	23049
P44,2	23050	23051
P144,3	23052	23053
P43,2	23054	23055
P78,2	23056	23057
P46,3	23058	23059
P149,2	23060	23061
P81,2	23062	23063
P80,3	23064	23065
P48,2	23066	23067
P151,2	23068	23069
P153,2	23070	23071
P49,3	23072	23073
P152,2	23074	23075
P154,2	23076	23077
P83,3	23078	23079
P156,2	23080	23081
P13,2	23082	23083
P85,2	23084	23085
P159,3	23086	23087
P88,2	23088	23089
P161,3	23090	23091
P50,2	23092	23093
P162,2	23094	23095
P53,3	23096	23097
P171,2	23098	23099
P15,3	23100	23101
P91,3	23102	23103
P55,2	23104	23105
P173,2	23106	23107
P16,2	23108	23109
P17,2	23110	23111
P4,2	23112	23113
P176,2	23114	23115
P177,2	23116	23116
P185,2	23117	23118
P181,2	23119	23120
P184,2	23121	23122
P95,2	23123	23124
P189,3	23125	23126
P188,2	23127	23128
P92,2	23129	23130
P192,2	23131	23132
P96,2	23133	23134
P58,3	23135	23136
P60,2	23137	23138
P19,3	23139	23140
P97,2	23141	23142
P98,2	23143	23144
P61,2	23145	23146
P195,3	23147	23148
P21,2	23149	23149
P99,2	23150	23151
P100,2	23152	23153
P200,2	23154	23155
P107,2	23156	23157
P106,2	23158	23159
P109,2	23160	23161
P102,3	23162	23163
P24,3	23164	23165
P108,2	23166	23167
P113,2	23168	23169
P112,2	23170	23171
P115,2	23172	23173
P111,2	23174	23175
P116,3	23176	23177
P64,2	23178	23179
P26,2	23180	23181
P25,2	23182	23183
P7,2	23184	23185
P65,2	23186	23187
P118,2	23188	23189
P2,2	23190	23191
P120,2	23192	23193
P66,2	23194	23195
P29,3	23196	23197
P67,3	23198	23199
P28,3	23200	23201
P123,3	23202	23203
P122,2	23204	23205
P126,2	23206	23207
P69,2	23208	23209
P125,2	23210	23211
P30,2	23212	23213
P127,2	23214	23215
P130,2	23216	23217
P131,3	23218	23219
P132,2	23220	23221
P31,2	23222	23223
P133,2	23224	23225
P134,2	23226	23227
P137,2	23228	23229
P34,2	23230	23231
P35,2	23232	23233
P33,3	23234	23235
P36,2	23236	23237
P143,2	23238	23239
P139,3	23240	23241
P76,2	23242	23243
P38,3	23244	23245
P75,3	23246	23247
P41,3	23248	23249
P40,3	23250	23251
P44,2	23252	23253
P144,3	23254	23255
P43,2	23256	23257
P146,3	23258	23259
P78,2	23260	23261
P46,3	23262	23263
P149,2	23264	23265
P81,2	23266	23267
P80,3	23268	23269
P48,2	23270	23271
P151,2	23272	23273
P153,2	23274	23275
P49,3	23276	23277
P152,2	23278	23279
P154,2	23280	23281
P83,3	23282	23283
P156,2	23284	23285
P13,2	23286	23287
P85,2	23288	23289
P159,3	23290	23291
P88,2	23292	23293
P161,3	23294	23295
P50,2	23296	23297
P162,2	23298	23299
P53,3	23300	23301
P171,2	23302	23303
P15,3	23304	23305
P91,3	23306	23307
P55,2	23308	23309
P173,2	23310	23311
P16,2	23312	23313
P17,2	23314	23315
P4,2	23316	23317
P176,2	23318	23319
P185,2	23320	23321
P177,3	23322	23323
P181,2	23324	23325
P184,2	23326	23327
P95,2	23328	23329
P189,3	23330	23331
P188,2	23332	23333
P92,2	23334	23335
P192,2	23336	23337
P96,2	23338	23339
P58,3	23340	23341
P60,2	23342	23343
P19,3	23344	23345
P97,2	23346	23347
P98,2	23348	23349
P61,2	23350	23351
P195,3	23352	23353
P99,2	23354	23355
P100,2	23356	23357
P200,2	23358	23359
P107,2	23360	23361
P106,2	23362	23363
P109,2	23364	23365
P102,3	23366	23367
P24,3	23368	23369
P108,2	23370	23371
P113,2	23372	23373
P112,2	23374	23375
P115,2	23376	23377
P111,2	23378	23379
P116,3	23380	23381
P64,2	23382	23383
P26,2	23384	23385
P25,2	23386	23387
P7,2	23388	23388
P65,2	23389	23390
P118,2	23391	23392
P2,2	23393	23394
P120,2	23395	23396
P66,2	23397	23398
P29,3	23399	23400
P67,3	23401	23402
P28,3	23403	23404
P123,3	23405	23406
P122,2	23407	23408
P126,2	23409	23410
P69,2	23411	23412
P125,2	23413	23414
P30,2	23415	23416
P127,2	23417	23418
P130,2	23419	23420
P131,3	23421	23422
P132,2	23423	23424
P31,2	23425	23426
P133,2	23427	23428
P134,2	23429	23430
P137,2	23431	23432
P34,2	23433	23433
P35,2	23434	23435
P33,3	23436	23437
P36,2	23438	23439
P143,2	23440	23441
P139,3	23442	23443
P76,2	23444	23445
P38,3	23446	23447
P75,3	23448	23449
P41,3	23450	23451
P40,3	23452	23453
P44,2	23454	23455
P144,3	23456	23457
P43,2	23458	23459
P146,3	23460	23461
P78,2	23462	23463
P46,3	23464	23465
P81,2	23466	23467
P149,3	23468	23469
P80,3	23470	23471
P48,2	23472	23473
P151,2	23474	23475
P153,2	23476	23477
P49,3	23478	23479
P152,2	23480	23481
P154,2	23482	23483
P83,3	23484	23485
P156,2	23486	23487
P13,2	23488	23489
P85,2	23490	23491
P159,3	23492	23493
P88,2	23494	23495
P161,3	23496	23497
P50,2	23498	23499
P162,2	23500	23501
P53,3	23502	23503
P171,2	23504	23505
P15,3	23506	23507
P91,3	23508	23509
P55,2	23510	23511
P173,2	23512	23513
P17,2	23514	23515
P4,2	23516	23517
P176,2	23518	23519
P185,2	23520	23521
P177,3	23522	23523
P181,2	23524	23525
P184,2	23526	23527
P95,2	23528	23529
P189,3	23530	23531
P188,2	23532	23533
P92,2	23534	23535
P192,2	23536	23537
P96,2	23538	23539
P58,3	23540	23541
P60,2	23542	23543
P19,3	23544	23545
P97,2	23546	23547
P98,2	23548	23549
P61,2	23550	23551
P195,3	23552	23553
P99,2	23554	23555
P100,2	23556	23557
P200,2	23558	23559
P107,2	23560	23561
P106,2	23562	23563
P109,2	23564	23565
P102,3	23566	23567
P24,3	23568	23569
P108,2	23570	23571
P113,2	23572	23573
P112,2	23574	23575
P115,2	23576	23577
P111,2	23578	23579
P116,3	23580	23581
P64,2	23582	23583
P26,2	23584	23585
P25,2	23586	23587
P65,2	23588	23588
P118,2	23589	23590
P2,2	23591	23592
P120,2	23593	23594
P66,2	23595	23596
P29,3	23597	23598
P67,3	23599	23600
P28,3	23601	23602
P123,3	23603	23604
P122,2	23605	23606
P126,2	23607	23608
P69,2	23609	23610
P125,2	23611	23612
P30,2	23613	23614
P127,2	23615	23616
P130,2	23617	23618
P131,3	23619	23620
P132,2	23621	23622
P31,2	23623	23624
P133,2	23625	23626
P134,2	23627	23628
P137,2	23629	23630
P34,3	23631	23632
P35,2	23633	23634
P33,3	23635	23636
P36,2	23637	23638
P143,2	23639	23640
P139,3	23641	23642
P76,2	23643	23644
P38,3	23645	23646
P75,3	23647	23648
P41,3	23649	23650
P40,3	23651	23652
P44,2	23653	23654
P144,3	23655	23656
P43,2	23657	23658
P146,3	23659	23660
P78,2	23661	23662
P46,3	23663	23664
P81,2	23665	23666
P149,3	23667	23668
P80,3	23669	23670
P48,2	23671	23672
P151,2	23673	23674
P153,2	23675	23676
P49,3	23677	23678
P152,2	23679	23680
P154,2	23681	23682
P83,3	23683	23684
P156,2	23685	23686
P13,2	23687	23688
P85,2	23689	23690
P159,3	23691	23692
P88,2	23693	23694
P161,3	23695	23696
P162,2	23697	23698
P53,3	23699	23700
P171,2	23701	23702
P50,3	23703	23704
P15,3	23705	23706
P91,3	23707	23708
P55,2	23709	23710
P173,2	23711	23712
P17,2	23713	23714
P4,2	23715	23716
P176,2	23717	23718
P185,2	23719	23720
P177,3	23721	23722
P181,2	23723	23724
P184,2	23725	23726
P95,2	23727	23728
P189,3	23729	23730
P188,2	23731	23732
P92,2	23733	23734
P192,2	23735	23735
P96,2	23736	23737
P58,3	23738	23739
P60,2	23740	23741
P19,3	23742	23743
P97,2	23744	23745
P98,2	23746	23747
P61,2	23748	23749
P195,3	23750	23751
P99,2	23752	23753
P100,2	23754	23755
P200,2	23756	23757
P107,2	23758	23759
P106,2	23760	23761
P109,2	23762	23763
P102,3	23764	23765
P24,3	23766	23767
P108,2	23768	23769
P113,2	23770	23771
P112,2	23772	23773
P115,2	23774	23775
P111,2	23776	23777
P116,3	23778	23779
P64,2	23780	23781
P26,2	23782	23783
P25,2	23784	23785
P65,3	23786	23787
P118,2	23788	23789
P2,2	23790	23791
P120,2	23792	23793
P66,2	23794	23795
P29,3	23796	23797
P67,3	23798	23799
P28,3	23800	23801
P123,3	23802	23803
P122,2	23804	23805
P126,2	23806	23807
P69,2	23808	23809
P125,2	23810	23811
P30,2	23812	23813
P127,2	23814	23815
P130,2	23816	23817
P131,3	23818	23819
P132,2	23820	23821
P31,2	23822	23823
P133,2	23824	23825
P134,2	23826	23827
P137,2	23828	23829
P34,3	23830	23831
P35,2	23832	23833
P33,3	23834	23835
P36,2	23836	23837
P143,2	23838	23839
P139,3	23840	23841
P76,2	23842	23843
P38,3	23844	23845
P75,3	23846	23847
P41,3	23848	23849
P40,3	23850	23851
P44,2	23852	23853
P144,3	23854	23855
P43,2	23856	23857
P146,3	23858	23859
P78,2	23860	23860
P81,2	23861	23862
P149,3	23863	23864
P80,3	23865	23866
P48,2	23867	23868
P151,2	23869	23870
P153,2	23871	23872
P49,3	23873	23874
P152,2	23875	23876
P154,2	23877	23878
P83,3	23879	23880
P156,2	23881	23882
P13,2	23883	23884
P85,2	23885	23886
P88,2	23887	23888
P161,3	23889	23890
P162,2	23891	23892
P53,3	23893	23894
P171,2	23895	23896
P50,3	23897	23898
P15,3	23899	23900
P91,3	23901	23902
P55,2	23903	23904
P173,2	23905	23906
P17,2	23907	23908
P4,2	23909	23910
P176,2	23911	23912
P185,2	23913	23914
P177,3	23915	23916
P181,2	23917	23918
P184,2	23919	23920
P95,2	23921	23922
P189,3	23923	23924
P188,2	23925	23926
P92,2	23927	23928
P96,2	23929	23930
P58,3	23931	23932
P60,2	23933	23934
P19,3	23935	23936
P97,2	23937	23938
P98,2	23939	23940
P61,2	23941	23942
P195,3	23943	23944
P99,2	23945	23946
P100,2	23947	23948
P200,2	23949	23950
P107,2	23951	23952
P106,2	23953	23954
P109,2	23955	23956
P102,3	23957	23958
P113,2	23959	23960
P115,2	23961	23962
P111,2	23963	23964
P112,3	23965	23966
P116,3	23967	23968
P64,2	23969	23970
P26,2	23971	23972
P25,2	23973	23974
P65,3	23975	23976
P118,2	23977	23978
P2,2	23979	23980
P120,2	23981	23982
P66,2	23983	23984
P29,3	23985	23985
P67,3	23986	23987
P28,3	23988	23989
P123,3	23990	23991
P122,3	23992	23993
P126,2	23994	23995
P69,2	23996	23997
P125,2	23998	23999
P30,2	24000	24001
P127,2	24002	24003
P130,2	24004	24005
P131,3	24006	24007
P132,2	24008	24009
P31,2	24010	24011
P133,2	24012	24013
P134,2	24014	24015
P137,2	24016	24017
P34,3	24018	24019
P35,2	24020	24021
P33,3	24022	24023
P36,2	24024	24025
P143,2	24026	24027
P139,3	24028	24029
P76,2	24030	24031
P38,3	24032	24033
P75,3	24034	24035
P41,3	24036	24037
P40,3	24038	24039
P44,2	24040	24041
P144,3	24042	24043
P43,2	24044	24045
P146,3	24046	24047
P78,3	24048	24049
P81,2	24050	24051
P149,3	24052	24053
P80,3	24054	24055
P48,2	24056	24057
P151,2	24058	24059
P153,2	24060	24061
P49,3	24062	24063
P152,2	24064	24065
P154,2	24066	24067
P83,3	24068	24069
P156,2	24070	24071
P13,2	24072	24073
P85,2	24074	24075
P88,2	24076	24077
P161,3	24078	24079
P162,2	24080	24081
P53,3	24082	24083
P171,2	24084	24084
P50,3	24085	24086
P15,3	24087	24088
P91,3	24089	24090
P55,2	24091	24092
P173,2	24093	24094
P17,2	24095	24096
P4,2	24097	24098
P176,2	24099	24100
P185,2	24101	24101
P177,3	24102	24103
P181,2	24104	24105
P184,2	24106	24107
P95,3	24108	24109
P189,3	24110	24111
P188,2	24112	24113
P92,2	24114	24115
P96,2	24116	24117
P58,3	24118	24119
P60,2	24120	24121
P19,3	24122	24123
P97,2	24124	24125
P98,2	24126	24127
P61,2	24128	24129
P195,3	24130	24131
P99,2	24132	24133
P100,2	24134	24135
P200,2	24136	24137
P107,2	24138	24139
P106,2	24140	24141
P109,2	24142	24143
P102,3	24144	24145
P113,2	24146	24147
P115,2	24148	24149
P111,2	24150	24151
P112,3	24152	24153
P116,3	24154	24155
P64,2	24156	24157
P26,2	24158	24159
P25,2	24160	24161
P65,3	24162	24163
P118,2	24164	24165
P2,2	24166	24167
P120,2	24168	24169
P66,2	24170	24171
P67,3	24172	24173
P28,3	24174	24175
P123,3	24176	24177
P122,3	24178	24179
P126,2	24180	24181
P69,2	24182	24183
P125,2	24184	24185
P30,2	24186	24186
P127,2	24187	24188
P130,2	24189	24190
P131,3	24191	24192
P132,2	24193	24194
P31,2	24195	24196
P133,2	24197	24198
P134,2	24199	24200
P137,2	24201	24202
P34,3	24203	24204
P35,2	24205	24206
P33,3	24207	24208
P36,2	24209	24210
P143,2	24211	24212
P139,3	24213	24214
P76,2	24215	24216
P38,3	24217	24218
P75,3	24219	24220
P41,3	24221	24222
P40,3	24223	24224
P44,2	24225	24226
P144,3	24227	24228
P43,2	24229	24230
P146,3	24231	24232
P78,3	24233	24234
P81,2	24235	24236
P149,3	24237	24238
P80,3	24239	24240
P48,2	24241	24242
P153,2	24243	24244
P49,3	24245	24246
P152,2	24247	24248
P154,2	24249	24250
P83,3	24251	24252
P156,2	24253	24254
P13,2	24255	24256
P85,2	24257	24258
P88,2	24259	24260
P161,3	24261	24262
P162,2	24263	24264
P53,3	24265	24266
P50,3	24267	24268
P15,3	24269	24270
P91,3	24271	24272
P55,2	24273	24274
P173,2	24275	24276
P17,2	24277	24278
P4,2	24279	24280
P176,2	24281	24282
P177,3	24283	24284
P181,2	24285	24286
P184,2	24287	24288
P95,3	24289	24290
P189,3	24291	24292
P188,2	24293	24294
P92,2	24295	24296
P96,2	24297	24298
P58,3	24299	24300
P60,2	24301	24302
P19,3	24303	24304
P97,2	24305	24306
P98,2	24307	24308
P61,2	24309	24310
P195,3	24311	24312
P99,2	24313	24314
P100,2	24315	24316
P200,2	24317	24318
P107,2	24319	24320
P106,2	24321	24322
P109,2	24323	24324
P102,3	24325	24326
P115,2	24327	24328
P111,2	24329	24330
P112,3	24331	24332
P116,3	24333	24334
P64,2	24335	24336
P26,2	24337	24338
P25,2	24339	24340
P65,3	24341	24342
P118,2	24343	24344
P2,2	24345	24346
P120,2	24347	24348
P66,2	24349	24350
P67,3	24351	24352
P28,3	24353	24354
P123,3	24355	24356
P122,3	24357	24358
P126,2	24359	24360
P69,2	24361	24362
P125,2	24363	24364
P127,2	24365	24366
P130,2	24367	24368
P131,3	24369	24370
P30,3	24371	24372
P132,2	24373	24374
P31,2	24375	24375
P133,2	24376	24376
P137,2	24377	24378
P34,3	24379	24380
P35,2	24381	24382
P33,3	24383	24384
P143,2	24385	24386
P139,3	24387	24388
P76,2	24389	24390
P38,3	24391	24392
P75,3	24393	24394
P41,3	24395	24396
P40,3	24397	24398
P44,2	24399	24400
P144,3	24401	24402
P146,3	24403	24404
P78,3	24405	24406
P81,2	24407	24408
P43,3	24409	24410
P149,3	24411	24412
P80,3	24413	24414
P48,2	24415	24416
P153,2	24417	24418
P49,3	24419	24420
P152,2	24421	24422
P154,2	24423	24424
P83,3	24425	24426
P156,2	24427	24428
P13,2	24429	24430
P85,2	24431	24432
P88,2	24433	24434
P161,3	24435	24436
P162,2	24437	24438
P53,3	24439	24440
P50,3	24441	24442
P15,3	24443	24444
P91,3	24445	24446
P55,2	24447	24448
P173,2	24449	24450
P17,2	24451	24452
P4,2	24453	24454
P176,2	24455	24456
P177,3	24457	24458
P181,2	24459	24460
P184,2	24461	24462
P95,3	24463	24464
P189,3	24465	24466
P188,2	24467	24468
P92,2	24469	24470
P96,2	24471	24472
P58,3	24473	24474
P60,2	24475	24476
P19,3	24477	24478
P97,2	24479	24480
P98,2	24481	24482
P61,2	24483	24484
P195,3	24485	24486
P99,2	24487	24488
P100,2	24489	24490
P200,2	24491	24492
P107,2	24493	24494
P106,2	24495	24496
P109,2	24497	24498
P102,3	24499	24500
P115,2	24501	24502
P111,2	24503	24504
P112,3	24505	24506
P116,3	24507	24508
P64,2	24509	24510
P26,2	24511	24512
P25,2	24513	24514
P65,3	24515	24516
P118,2	24517	24518
P2,2	24519	24520
P120,2	24521	24522
P66,2	24523	24524
P67,3	24525	24526
P28,3	24527	24528
P123,3	24529	24530
P122,3	24531	24532
P126,2	24533	24534
P69,2	24535	24536
P125,2	24537	24538
P127,2	24539	24540
P130,2	24541	24542
P131,3	24543	24544
P30,3	24545	24546
P137,2	24547	24548
P31,3	24549	24550
P133,3	24551	24552
P34,3	24553	24554
P132,3	24555	24556
P35,2	24557	24558
P33,3	24559	24560
P143,2	24561	24562
P139,3	24563	24564
P76,2	24565	24566
P38,3	24567	24568
P75,3	24569	24570
P41,3	24571	24572
P40,3	24573	24574
P44,2	24575	24575
P144,3	24576	24577
P146,3	24578	24579
P78,3	24580	24581
P81,2	24582	24583
P43,3	24584	24585
P149,3	24586	24587
P80,3	24588	24589
P48,2	24590	24591
P153,2	24592	24593
P49,3	24594	24595
P152,2	24596	24597
P154,2	24598	24599
P83,3	24600	24601
P156,2	24602	24603
P13,2	24604	24605
P85,2	24606	24607
P88,2	24608	24609
P161,3	24610	24611
P162,2	24612	24613
P53,3	24614	24615
P50,3	24616	24617
P15,3	24618	24619
P91,3	24620	24621
P55,2	24622	24623
P173,2	24624	24625
P17,2	24626	24627
P4,2	24628	24629
P176,2	24630	24631
P177,3	24632	24633
P181,2	24634	24635
P184,2	24636	24637
P95,3	24638	24639
P189,3	24640	24641
P188,2	24642	24643
P92,2	24644	24645
P96,2	24646	24647
P58,3	24648	24649
P60,2	24650	24650
P19,3	24651	24652
P97,2	24653	24654
P98,2	24655	24656
P61,2	24657	24658
P195,3	24659	24660
P99,2	24661	24662
P100,2	24663	24664
P200,2	24665	24666
P107,2	24667	24668
P106,2	24669	24670
P109,2	24671	24672
P102,3	24673	24674
P115,2	24675	24676
P111,2	24677	24678
P112,3	24679	24680
P116,3	24681	24682
P64,2	24683	24684
P26,2	24685	24686
P25,2	24687	24688
P65,3	24689	24690
P118,2	24691	24692
P2,2	24693	24694
P120,2	24695	24696
P66,2	24697	24698
P67,3	24699	24700
P28,3	24701	24702
P123,3	24703	24704
P122,3	24705	24706
P126,2	24707	24708
P69,2	24709	24710
P125,2	24711	24712
P127,2	24713	24714
P130,2	24715	24716
P131,3	24717	24718
P30,3	24719	24720
P137,2	24721	24721
P31,3	24722	24723
P133,3	24724	24725
P34,3	24726	24727
P132,3	24728	24729
P35,2	24730	24731
P33,3	24732	24733
P143,2	24734	24735
P139,3	24736	24737
P76,2	24738	24739
P38,3	24740	24741
P75,3	24742	24743
P41,3	24744	24745
P40,3	24746	24747
P144,3	24748	24749
P146,3	24750	24751
P78,3	24752	24753
P81,2	24754	24755
P43,3	24756	24757
P149,3	24758	24759
P80,3	24760	24761
P48,2	24762	24763
P153,2	24764	24765
P49,3	24766	24767
P152,2	24768	24769
P154,2	24770	24770
P83,3	24771	24772
P156,2	24773	24774
P85,2	24775	24776
P88,2	24777	24777
P161,3	24778	24779
P162,2	24780	24781
P53,3	24782	24783
P50,3	24784	24785
P15,3	24786	24787
P91,3	24788	24789
P55,2	24790	24791
P173,2	24792	24793
P17,2	24794	24795
P4,2	24796	24797
P176,2	24798	24799
P177,3	24800	24801
P181,2	24802	24803
P184,2	24804	24805
P95,3	24806	24807
P189,3	24808	24809
P188,2	24810	24811
P92,2	24812	24813
P96,2	24814	24815
P58,3	24816	24817
P19,3	24818	24819
P97,2	24820	24821
P98,2	24822	24823
P61,2	24824	24825
P195,3	24826	24827
P99,2	24828	24829
P100,2	24830	24831
P200,2	24832	24833
P107,2	24834	24835
P106,2	24836	24837
P109,2	24838	24839
P102,3	24840	24841
P115,2	24842	24843
P111,2	24844	24845
P112,3	24846	24847
P116,3	24848	24848
P64,2	24849	24850
P26,2	24851	24852
P25,2	24853	24854
P65,3	24855	24856
P118,2	24857	24858
P2,2	24859	24860
P120,2	24861	24862
P66,2	24863	24864
P67,3	24865	24866
P28,3	24867	24868
P123,3	24869	24870
P122,3	24871	24872
P126,2	24873	24874
P69,2	24875	24876
P125,2	24877	24878
P127,2	24879	24880
P130,2	24881	24882
P131,3	24883	24884
P30,3	24885	24886
P31,3	24887	24888
P133,3	24889	24890
P34,3	24891	24892
P137,3	24893	24894
P132,3	24895	24896
P35,2	24897	24898
P33,3	24899	24900
P143,2	24901	24902
P139,3	24903	24904
P76,2	24905	24906
P38,3	24907	24908
P75,3	24909	24910
P41,3	24911	24912
P40,3	24913	24914
P144,3	24915	24916
P146,3	24917	24918
P78,3	24919	24920
P81,2	24921	24922
P43,3	24923	24924
P149,3	24925	24926
P80,3	24927	24928
P48,2	24929	24930
P153,2	24931	24932
P49,3	24933	24934
P152,2	24935	24936
P83,3	24937	24938
P156,2	24939	24940
P85,2	24941	24942
P161,3	24943	24944
P162,2	24945	24946
P53,3	24947	24948
P50,3	24949	24950
P15,3	24951	24952
P91,3	24953	24954
P55,2	24955	24956
P173,2	24957	24958
P17,2	24959	24960
P4,2	24961	24962
P176,2	24963	24964
P177,3	24965	24966
P181,2	24967	24968
P184,2	24969	24970
P95,3	24971	24972
P189,3	24973	24974
P188,2	24975	24976
P92,2	24977	24978
P96,2	24979	24980
P58,3	24981	24982
P19,3	24983	24984
P97,2	24985	24986
P61,2	24987	24988
P195,3	24989	24990
P99,2	24991	24992
P100,2	24993	24994
P200,2	24995	24996
P107,2	24997	24998
P106,2	24999	25000
P109,2	25001	25002
P102,3	25003	25004
P115,2	25005	25006
P111,2	25007	25008
P112,3	25009	25010
P64,2	25011	25012
P26,2	25013	25014
P25,2	25015	25016
P65,3	25017	25018
P118,2	25019	25020
P2,2	25021	25022
P120,2	25023	25024
P66,2	25025	25026
P67,3	25027	25028
P28,3	25029	25030
P123,3	25031	25032
P122,3	25033	25034
P126,2	25035	25036
P69,2	25037	25038
P125,2	25039	25040
P127,2	25041	25042
P130,2	25043	25044
P131,3	25045	25046
P30,3	25047	25048
P31,3	25049	25050
P133,3	25051	25052
P34,3	25053	25054
P137,3	25055	25056
P132,3	25057	25058
P35,2	25059	25060
P33,3	25061	25062
P143,2	25063	25064
P139,3	25065	25066
P76,2	25067	25068
P38,3	25069	25070
P75,3	25071	25072
P41,3	25073	25074
P40,3	25075	25076
P144,3	25077	25078
P146,3	25079	25080
P78,3	25081	25082
P81,2	25083	25084
P43,3	25085	25086
P149,3	25087	25088
P80,3	25089	25090
P48,2	25091	25092
P153,2	25093	25094
P49,3	25095	25096
P152,2	25097	25098
P83,3	25099	25100
P156,2	25101	25102
P85,2	25103	25104
P161,3	25105	25106
P162,2	25107	25108
P53,3	25109	25110
P50,3	25111	25112
P15,3	25113	25114
P91,3	25115	25116
P55,2	25117	25118
P173,2	25119	25120
P17,2	25121	25122
P4,2	25123	25124
P176,2	25125	25126
P177,3	25127	25128
P181,2	25129	25130
P184,2	25131	25132
P95,3	25133	25134
P189,3	25135	25136
P188,2	25137	25138
P92,2	25139	25140
P96,2	25141	25142
P58,3	25143	25144
P19,3	25145	25146
P97,2	25147	25148
P61,2	25149	25150
P195,3	25151	25152
P99,2	25153	25154
P100,2	25155	25156
P200,2	25157	25158
P107,2	25159	25160
P106,2	25161	25162
P109,2	25163	25164
P102,3	25165	25166
P115,2	25167	25168
P111,2	25169	25170
P112,3	25171	25172
P64,2	25173	25174
P26,2	25175	25176
P25,2	25177	25178
P65,3	25179	25180
P118,2	25181	25182
P2,2	25183	25184
P120,2	25185	25186
P66,2	25187	25187
P67,3	25188	25189
P28,3	25190	25191
P123,3	25192	25193
P122,3	25194	25195
P126,2	25196	25197
P69,2	25198	25199
P125,2	25200	25201
P127,2	25202	25203
P130,2	25204	25205
P131,3	25206	25207
P30,3	25208	25209
P31,3	25210	25211
P133,3	25212	25213
P34,3	25214	25215
P137,3	25216	25217
P132,3	25218	25219
P35,2	25220	25221
P33,3	25222	25223
P143,2	25224	25225
P139,3	25226	25227
P76,2	25228	25229
P38,3	25230	25231
P75,3	25232	25233
P41,3	25234	25235
P40,3	25236	25237
P144,3	25238	25239
P146,3	25240	25241
P78,3	25242	25243
P81,2	25244	25245
P43,3	25246	25247
P149,3	25248	25249
P80,3	25250	25251
P48,2	25252	25253
P153,2	25254	25255
P49,3	25256	25257
P152,2	25258	25259
P83,3	25260	25261
P156,2	25262	25263
P85,2	25264	25265
P161,3	25266	25267
P162,2	25268	25269
P50,3	25270	25271
P15,3	25272	25273
P91,3	25274	25275
P55,2	25276	25276
P173,2	25277	25278
P17,2	25279	25280
P4,2	25281	25282
P176,2	25283	25284
P177,3	25285	25286
P181,2	25287	25288
P184,2	25289	25290
P95,3	25291	25292
P189,3	25293	25294
P188,2	25295	25296
P92,2	25297	25298
P96,2	25299	25300
P58,3	25301	25302
P19,3	25303	25304
P97,2	25305	25306
P61,2	25307	25308
P195,3	25309	25310
P99,2	25311	25312
P100,2	25313	25314
P200,2	25315	25316
P107,2	25317	25318
P106,2	25319	25320
P109,2	25321	25322
P102,3	25323	25324
P115,2	25325	25326
P111,2	25327	25328
P112,3	25329	25330
P64,2	25331	25332
P26,2	25333	25334
P25,2	25335	25336
P65,3	25337	25338
P118,2	25339	25340
P2,2	25341	25342
P120,2	25343	25344
P67,3	25345	25346
P28,3	25347	25348
P123,3	25349	25350
P66,3	25351	25352
P122,3	25353	25354
P126,2	25355	25356
P69,2	25357	25358
P127,2	25359	25360
P130,2	25361	25362
P131,3	25363	25364
P30,3	25365	25366
P31,3	25367	25368
P133,3	25369	25370
P34,3	25371	25372
P137,3	25373	25374
P132,3	25375	25376
P35,2	25377	25378
P33,3	25379	25380
P143,2	25381	25382
P139,3	25383	25384
P76,2	25385	25386
P38,3	25387	25388
P75,3	25389	25390
P41,3	25391	25392
P40,3	25393	25394
P146,3	25395	25396
P78,3	25397	25398
P81,2	25399	25400
P43,3	25401	25402
P149,3	25403	25404
P80,3	25405	25406
P48,2	25407	25408
P153,2	25409	25410
P49,3	25411	25412
P152,2	25413	25414
P83,3	25415	25416
P156,2	25417	25418
P85,2	25419	25420
P161,3	25421	25422
P162,2	25423	25424
P50,3	25425	25426
P15,3	25427	25428
P91,3	25429	25430
P173,2	25431	25432
P17,2	25433	25434
P4,2	25435	25436
P176,2	25437	25438
P177,3	25439	25440
P181,2	25441	25442
P184,2	25443	25444
P95,3	25445	25446
P189,3	25447	25448
P188,2	25449	25450
P92,2	25451	25452
P96,2	25453	25454
P58,3	25455	25456
P19,3	25457	25458
P97,2	25459	25460
P61,2	25461	25462
P195,3	25463	25464
P99,2	25465	25466
P100,2	25467	25468
P200,2	25469	25470
P107,2	25471	25472
P106,2	25473	25474
P109,2	25475	25476
P102,3	25477	25478
P115,2	25479	25479
P111,2	25480	25481
P112,3	25482	25483
P64,2	25484	25485
P26,2	25486	25487
P25,2	25488	25489
P65,3	25490	25491
P118,2	25492	25493
P2,2	25494	25495
P120,2	25496	25497
P67,3	25498	25499
P28,3	25500	25501
P123,3	25502	25503
P66,3	25504	25505
P122,3	25506	25507
P126,2	25508	25509
P69,2	25510	25511
P127,2	25512	25513
P130,2	25514	25515
P131,3	25516	25516
P30,3	25517	25518
P31,3	25519	25520
P133,3	25521	25522
P34,3	25523	25524
P137,3	25525	25526
P132,3	25527	25528
P35,2	25529	25530
P33,3	25531	25532
P143,2	25533	25534
P139,3	25535	25536
P76,2	25537	25538
P38,3	25539	25540
P75,3	25541	25542
P41,3	25543	25544
P40,3	25545	25546
P146,3	25547	25548
P78,3	25549	25550
P81,2	25551	25552
P43,3	25553	25554
P149,3	25555	25556
P80,3	25557	25558
P48,2	25559	25559
P153,2	25560	25561
P49,3	25562	25563
P152,2	25564	25565
P83,3	25566	25567
P156,2	25568	25569
P85,2	25570	25571
P161,3	25572	25573
P162,2	25574	25575
P50,3	25576	25577
P91,3	25578	25579
P173,2	25580	25581
P17,2	25582	25583
P4,2	25584	25585
P176,2	25586	25587
P177,3	25588	25589
P181,2	25590	25591
P184,2	25592	25593
P95,3	25594	25595
P189,3	25596	25597
P188,2	25598	25599
P92,2	25600	25601
P96,2	25602	25603
P58,3	25604	25605
P19,3	25606	25607
P97,2	25608	25609
P61,2	25610	25611
P195,3	25612	25613
P99,2	25614	25615
P100,2	25616	25617
P200,2	25618	25619
P107,2	25620	25621
P106,2	25622	25623
P109,2	25624	25625
P102,3	25626	25627
P111,2	25628	25629
P112,3	25630	25631
P64,2	25632	25633
P26,2	25634	25635
P25,2	25636	25637
P65,3	25638	25639
P118,2	25640	25641
P2,2	25642	25643
P120,2	25644	25645
P67,3	25646	25647
P28,3	25648	25649
P123,3	25650	25651
P66,3	25652	25653
P122,3	25654	25655
P126,2	25656	25657
P69,2	25658	25659
P127,2	25660	25661
P130,2	25662	25663
P30,3	25664	25665
P31,3	25666	25667
P133,3	25668	25669
P34,3	25670	25671
P137,3	25672	25673
P132,3	25674	25675
P35,2	25676	25677
P33,3	25678	25679
P143,2	25680	25681
P139,3	25682	25683
P38,3	25684	25685
P75,3	25686	25687
P41,3	25688	25689
P40,3	25690	25691
P146,3	25692	25693
P78,3	25694	25695
P81,2	25696	25697
P43,3	25698	25699
P149,3	25700	25701
P80,3	25702	25703
P153,2	25704	25705
P49,3	25706	25707
P152,2	25708	25709
P83,3	25710	25711
P156,2	25712	25713
P85,2	25714	25715
P161,3	25716	25717
P162,2	25718	25719
P50,3	25720	25721
P91,3	25722	25723
P173,2	25724	25725
P17,2	25726	25727
P176,2	25728	25729
P177,3	25730	25731
P181,2	25732	25733
P4,3	25734	25735
P184,2	25736	25737
P95,3	25738	25739
P189,3	25740	25741
P188,2	25742	25743
P92,2	25744	25745
P96,2	25746	25747
P58,3	25748	25748
P19,3	25749	25750
P97,2	25751	25752
P61,2	25753	25754
P195,3	25755	25756
P99,2	25757	25758
P100,2	25759	25760
P200,2	25761	25762
P107,2	25763	25764
P109,2	25765	25766
P102,3	25767	25768
P111,2	25769	25770
P112,3	25771	25772
P64,2	25773	25774
P26,2	25775	25776
P25,2	25777	25778
P65,3	25779	25780
P118,2	25781	25782
P2,2	25783	25784
P120,2	25785	25786
P67,3	25787	25788
P28,3	25789	25790
P123,3	25791	25792
P66,3	25793	25794
P122,3	25795	25796
P126,2	25797	25798
P69,2	25799	25800
P127,2	25801	25802
P130,2	25803	25804
P30,3	25805	25806
P31,3	25807	25808
P133,3	25809	25810
P34,3	25811	25812
P137,3	25813	25814
P132,3	25815	25816
P35,2	25817	25818
P33,3	25819	25820
P143,2	25821	25822
P139,3	25823	25824
P38,3	25825	25826
P75,3	25827	25828
P41,3	25829	25830
P40,3	25831	25832
P146,3	25833	25834
P78,3	25835	25836
P81,2	25837	25838
P43,3	25839	25840
P149,3	25841	25842
P80,3	25843	25844
P153,2	25845	25846
P49,3	25847	25848
P152,2	25849	25850
P83,3	25851	25852
P156,2	25853	25854
P85,2	25855	25856
P161,3	25857	25858
P162,2	25859	25860
P50,3	25861	25862
P91,3	25863	25863
P173,2	25864	25865
P17,2	25866	25867
P176,2	25868	25869
P177,3	25870	25871
P181,2	25872	25873
P4,3	25874	25875
P184,2	25876	25877
P95,3	25878	25879
P189,3	25880	25881
P188,2	25882	25883
P92,2	25884	25884
P96,2	25885	25886
P19,3	25887	25888
P97,2	25889	25889
P61,2	25890	25891
P195,3	25892	25893
P99,2	25894	25895
P100,2	25896	25897
P200,2	25898	25899
P107,2	25900	25901
P109,2	25902	25902
P102,3	25903	25904
P111,2	25905	25906
P112,3	25907	25908
P64,2	25909	25910
P26,2	25911	25912
P25,2	25913	25914
P65,3	25915	25916
P118,2	25917	25918
P2,2	25919	25919
P120,2	25920	25921
P67,3	25922	25923
P28,3	25924	25925
P123,3	25926	25927
P66,3	25928	25929
P122,3	25930	25931
P126,2	25932	25933
P69,2	25934	25935
P127,2	25936	25937
P130,2	25938	25939
P30,3	25940	25941
P31,3	25942	25943
P133,3	25944	25945
P34,3	25946	25947
P137,3	25948	25949
P132,3	25950	25951
P35,2	25952	25953
P33,3	25954	25955
P143,2	25956	25957
P139,3	25958	25959
P38,3	25960	25961
P75,3	25962	25962
P40,3	25963	25964
P146,3	25965	25966
P78,3	25967	25968
P81,2	25969	25970
P43,3	25971	25972
P149,3	25973	25974
P80,3	25975	25976
P153,2	25977	25978
P49,3	25979	25980
P152,2	25981	25982
P83,3	25983	25984
P156,2	25985	25986
P85,2	25987	25988
P161,3	25989	25990
P162,2	25991	25992
P50,3	25993	25994
P173,2	25995	25996
P17,2	25997	25998
P176,2	25999	26000
P177,3	26001	26002
P181,2	26003	26004
P4,3	26005	26006
P184,2	26007	26008
P95,3	26009	26010
P189,3	26011	26012
P188,2	26013	26014
P96,2	26015	26016
P19,3	26017	26018
P61,2	26019	26020
P195,3	26021	26022
P97,3	26023	26024
P99,2	26025	26026
P100,2	26027	26028
P200,2	26029	26030
P107,2	26031	26032
P102,3	26033	26034
P111,2	26035	26036
P112,3	26037	26038
P64,2	26039	26040
P26,2	26041	26042
P25,2	26043	26044
P65,3	26045	26046
P118,2	26047	26048
P120,2	26049	26050
P67,3	26051	26052
P28,3	26053	26054
P123,3	26055	26056
P66,3	26057	26058
P122,3	26059	26060
P126,2	26061	26062
P69,2	26063	26064
P127,2	26065	26066
P130,2	26067	26068
P30,3	26069	26070
P31,3	26071	26072
P133,3	26073	26074
P34,3	26075	26076
P137,3	26077	26078
P132,3	26079	26080
P35,2	26081	26082
P33,3	26083	26084
P143,2	26085	26086
P139,3	26087	26088
P38,3	26089	26090
P40,3	26091	26092
P146,3	26093	26094
P78,3	26095	26096
P81,2	26097	26098
P43,3	26099	26100
P149,3	26101	26102
P80,3	26103	26104
P153,2	26105	26106
P49,3	26107	26108
P152,2	26109	26110
P83,3	26111	26112
P156,2	26113	26114
P85,2	26115	26116
P161,3	26117	26118
P162,2	26119	26120
P173,2	26121	26122
P17,2	26123	26124
P176,2	26125	26126
P177,3	26127	26128
P181,2	26129	26130
P4,3	26131	26132
P184,2	26133	26134
P95,3	26135	26136
P189,3	26137	26138
P188,2	26139	26140
P19,3	26141	26142
P61,2	26143	26144
P96,3	26145	26146
P195,3	26147	26148
P97,3	26149	26150
P99,2	26151	26152
P100,2	26153	26154
P200,2	26155	26156
P107,2	26157	26158
P102,3	26159	26160
P111,2	26161	26161
P112,3	26162	26163
P64,2	26164	26165
P26,2	26166	26167
P25,2	26168	26169
P65,3	26170	26171
P118,2	26172	26173
P120,2	26174	26175
P67,3	26176	26177
P28,3	26178	26179
P123,3	26180	26181
P66,3	26182	26183
P122,3	26184	26185
P126,2	26186	26187
P69,2	26188	26189
P127,2	26190	26191
P130,2	26192	26193
P30,3	26194	26195
P31,3	26196	26197
P133,3	26198	26199
P34,3	26200	26201
P137,3	26202	26203
P132,3	26204	26205
P35,2	26206	26207
P33,3	26208	26209
P143,2	26210	26211
P139,3	26212	26213
P38,3	26214	26215
P40,3	26216	26217
P146,3	26218	26219
P78,3	26220	26221
P81,2	26222	26223
P43,3	26224	26225
P149,3	26226	26227
P80,3	26228	26229
P153,2	26230	26231
P49,3	26232	26233
P152,2	26234	26235
P83,3	26236	26237
P156,2	26238	26239
P161,3	26240	26241
P162,2	26242	26243
P173,2	26244	26245
P17,2	26246	26247
P176,2	26248	26249
P177,3	26250	26251
P181,2	26252	26253
P4,3	26254	26255
P184,2	26256	26257
P95,3	26258	26259
P189,3	26260	26261
P188,2	26262	26263
P19,3	26264	26265
P61,2	26266	26267
P96,3	26268	26269
P195,3	26270	26271
P97,3	26272	26273
P99,2	26274	26275
P100,2	26276	26277
P200,2	26278	26279
P107,2	26280	26281
P102,3	26282	26283
P112,3	26284	26285
P64,2	26286	26287
P26,2	26288	26289
P111,3	26290	26291
P25,2	26292	26293
P65,3	26294	26295
P118,2	26296	26297
P120,2	26298	26299
P67,3	26300	26301
P28,3	26302	26303
P123,3	26304	26305
P66,3	26306	26307
P122,3	26308	26309
P69,2	26310	26311
P127,2	26312	26313
P130,2	26314	26315
P30,3	26316	26317
P31,3	26318	26319
P133,3	26320	26321
P34,3	26322	26323
P137,3	26324	26325
P132,3	26326	26327
P33,3	26328	26329
P139,3	26330	26331
P38,3	26332	26333
P40,3	26334	26335
P143,3	26336	26337
P146,3	26338	26339
P78,3	26340	26341
P81,2	26342	26343
P43,3	26344	26345
P149,3	26346	26347
P80,3	26348	26349
P153,2	26350	26351
P49,3	26352	26353
P152,2	26354	26355
P83,3	26356	26357
P156,2	26358	26359
P161,3	26360	26361
P162,2	26362	26363
P173,2	26364	26365
P17,2	26366	26367
P176,2	26368	26369
P177,3	26370	26371
P181,2	26372	26373
P4,3	26374	26375
P184,2	26376	26377
P95,3	26378	26379
P189,3	26380	26381
P188,2	26382	26383
P19,3	26384	26385
P61,2	26386	26387
P96,3	26388	26389
P195,3	26390	26391
P97,3	26392	26393
P99,2	26394	26395
P100,2	26396	26397
P200,2	26398	26399
P107,2	26400	26401
P102,3	26402	26403
P112,3	26404	26405
P64,2	26406	26407
P26,2	26408	26409
P111,3	26410	26411
P25,2	26412	26413
P65,3	26414	26415
P118,2	26416	26417
P120,2	26418	26419
P67,3	26420	26421
P28,3	26422	26423
P123,3	26424	26425
P66,3	26426	26427
P122,3	26428	26429
P69,2	26430	26431
P127,2	26432	26433
P130,2	26434	26435
P30,3	26436	26437
P31,3	26438	26439
P133,3	26440	26441
P34,3	26442	26443
P137,3	26444	26445
P132,3	26446	26447
P33,3	26448	26449
P139,3	26450	26451
P38,3	26452	26453
P40,3	26454	26455
P143,3	26456	26457
P146,3	26458	26459
P78,3	26460	26461
P81,2	26462	26463
P43,3	26464	26465
P149,3	26466	26467
P153,2	26468	26468
P49,3	26469	26470
P152,2	26471	26472
P83,3	26473	26474
P156,2	26475	26476
P161,3	26477	26478
P162,2	26479	26480
P173,2	26481	26482
P176,2	26483	26483
P17,3	26484	26485
P177,3	26486	26487
P181,2	26488	26489
P4,3	26490	26491
P184,2	26492	26493
P95,3	26494	26495
P189,3	26496	26497
P188,2	26498	26499
P19,3	26500	26501
P61,2	26502	26503
P96,3	26504	26505
P195,3	26506	26507
P97,3	26508	26509
P99,2	26510	26511
P100,2	26512	26513
P200,2	26514	26515
P107,2	26516	26517
P102,3	26518	26519
P112,3	26520	26521
P64,2	26522	26523
P26,2	26524	26525
P111,3	26526	26527
P25,2	26528	26529
P65,3	26530	26531
P118,2	26532	26533
P120,2	26534	26535
P67,3	26536	26537
P28,3	26538	26539
P123,3	26540	26541
P66,3	26542	26543
P122,3	26544	26545
P69,2	26546	26547
P127,2	26548	26549
P130,2	26550	26551
P30,3	26552	26553
P31,3	26554	26555
P133,3	26556	26557
P34,3	26558	26559
P137,3	26560	26561
P132,3	26562	26563
P33,3	26564	26565
P139,3	26566	26567
P38,3	26568	26569
P40,3	26570	26571
P143,3	26572	26573
P146,3	26574	26575
P78,3	26576	26577
P81,2	26578	26579
P43,3	26580	26581
P149,3	26582	26583
P49,3	26584	26585
P152,2	26586	26587
P83,3	26588	26589
P156,2	26590	26591
P161,3	26592	26593
P162,2	26594	26595
P173,2	26596	26597
P17,3	26598	26599
P177,3	26600	26601
P181,2	26602	26603
P4,3	26604	26605
P184,2	26606	26607
P95,3	26608	26609
P189,3	26610	26611
P188,2	26612	26613
P19,3	26614	26615
P61,2	26616	26617
P96,3	26618	26619
P195,3	26620	26621
P97,3	26622	26623
P99,2	26624	26625
P100,2	26626	26627
P200,2	26628	26629
P107,2	26630	26630
P102,3	26631	26632
P112,3	26633	26634
P64,2	26635	26636
P26,2	26637	26638
P111,3	26639	26640
P25,2	26641	26642
P65,3	26643	26644
P118,2	26645	26646
P120,2	26647	26648
P67,3	26649	26650
P28,3	26651	26652
P123,3	26653	26654
P66,3	26655	26656
P122,3	26657	26658
P69,2	26659	26660
P127,2	26661	26662
P130,2	26663	26664
P30,3	26665	26666
P31,3	26667	26668
P133,3	26669	26670
P34,3	26671	26672
P137,3	26673	26674
P132,3	26675	26676
P33,3	26677	26678
P139,3	26679	26680
P38,3	26681	26682
P40,3	26683	26684
P143,3	26685	26686
P146,3	26687	26688
P78,3	26689	26690
P81,2	26691	26692
P43,3	26693	26694
P149,3	26695	26696
P49,3	26697	26698
P152,2	26699	26700
P83,3	26701	26702
P156,2	26703	26704
P161,3	26705	26706
P162,2	26707	26708
P173,2	26709	26710
P17,3	26711	26712
P177,3	26713	26714
P181,2	26715	26716
P4,3	26717	26718
P184,2	26719	26719
P95,3	26720	26721
P189,3	26722	26723
P188,2	26724	26725
P19,3	26726	26727
P61,2	26728	26729
P96,3	26730	26731
P195,3	26732	26733
P97,3	26734	26735
P99,2	26736	26737
P100,2	26738	26739
P200,2	26740	26741
P102,3	26742	26743
P112,3	26744	26744
P107,3	26745	26746
P64,2	26747	26748
P26,2	26749	26750
P111,3	26751	26752
P25,2	26753	26754
P65,3	26755	26756
P118,2	26757	26758
P120,2	26759	26760
P67,3	26761	26762
P28,3	26763	26764
P123,3	26765	26766
P66,3	26767	26768
P122,3	26769	26770
P69,2	26771	26772
P127,2	26773	26774
P130,2	26775	26776
P30,3	26777	26778
P31,3	26779	26780
P133,3	26781	26782
P34,3	26783	26784
P137,3	26785	26786
P132,3	26787	26788
P33,3	26789	26790
P139,3	26791	26792
P38,3	26793	26794
P40,3	26795	26796
P143,3	26797	26798
P146,3	26799	26800
P78,3	26801	26802
P81,2	26803	26804
P43,3	26805	26806
P149,3	26807	26808
P49,3	26809	26810
P152,2	26811	26812
P83,3	26813	26814
P156,2	26815	26816
P161,3	26817	26818
P162,2	26819	26820
P173,2	26821	26822
P17,3	26823	26824
P177,3	26825	26826
P181,2	26827	26828
P4,3	26829	26830
P95,3	26831	26832
P184,3	26833	26834
P189,3	26835	26836
P188,2	26837	26838
P19,3	26839	26840
P61,2	26841	26842
P96,3	26843	26844
P195,3	26845	26846
P97,3	26847	26848
P99,2	26849	26850
P100,2	26851	26852
P200,2	26853	26854
P102,3	26855	26856
P107,3	26857	26858
P64,2	26859	26860
P26,2	26861	26862
P111,3	26863	26864
P25,2	26865	26866
P65,3	26867	26868
P118,2	26869	26870
P120,2	26871	26872
P67,3	26873	26874
P123,3	26875	26876
P66,3	26877	26878
P122,3	26879	26880
P69,2	26881	26882
P127,2	26883	26884
P130,2	26885	26886
P30,3	26887	26888
P31,3	26889	26890
P133,3	26891	26892
P34,3	26893	26894
P137,3	26895	26896
P132,3	26897	26898
P33,3	26899	26900
P139,3	26901	26902
P38,3	26903	26904
P40,3	26905	26906
P143,3	26907	26908
P146,3	26909	26910
P78,3	26911	26912
P81,2	26913	26914
P43,3	26915	26916
P149,3	26917	26918
P49,3	26919	26920
P83,3	26921	26922
P156,2	26923	26924
P161,3	26925	26926
P162,2	26927	26928
P173,2	26929	26930
P17,3	26931	26932
P177,3	26933	26934
P181,2	26935	26936
P4,3	26937	26938
P95,3	26939	26940
P184,3	26941	26942
P189,3	26943	26944
P188,2	26945	26946
P19,3	26947	26948
P96,3	26949	26950
P61,3	26951	26952
P195,3	26953	26954
P97,3	26955	26956
P99,2	26957	26958
P100,2	26959	26960
P200,2	26961	26962
P102,3	26963	26964
P107,3	26965	26966
P64,2	26967	26968
P26,2	26969	26970
P111,3	26971	26972
P25,2	26973	26974
P65,3	26975	26976
P118,2	26977	26978
P120,2	26979	26980
P67,3	26981	26982
P123,3	26983	26984
P66,3	26985	26986
P122,3	26987	26988
P69,2	26989	26990
P127,2	26991	26992
P130,2	26993	26994
P30,3	26995	26996
P31,3	26997	26998
P133,3	26999	27000
P34,3	27001	27002
P137,3	27003	27004
P132,3	27005	27005
P33,3	27006	27007
P139,3	27008	27009
P38,3	27010	27011
P40,3	27012	27013
P143,3	27014	27015
P146,3	27016	27017
P78,3	27018	27019
P81,2	27020	27021
P43,3	27022	27023
P149,3	27024	27025
P49,3	27026	27027
P83,3	27028	27029
P156,2	27030	27031
P161,3	27032	27033
P162,2	27034	27035
P173,2	27036	27037
P17,3	27038	27039
P177,3	27040	27040
P181,2	27041	27042
P4,3	27043	27044
P95,3	27045	27046
P184,3	27047	27048
P189,3	27049	27050
P188,2	27051	27052
P19,3	27053	27054
P96,3	27055	27056
P61,3	27057	27058
P195,3	27059	27060
P97,3	27061	27062
P99,2	27063	27064
P100,2	27065	27065
P200,2	27066	27067
P102,3	27068	27069
P107,3	27070	27071
P64,2	27072	27073
P26,2	27074	27075
P111,3	27076	27077
P25,2	27078	27079
P65,3	27080	27081
P118,2	27082	27083
P120,2	27084	27085
P67,3	27086	27087
P123,3	27088	27089
P66,3	27090	27091
P122,3	27092	27093
P69,2	27094	27095
P127,2	27096	27097
P130,2	27098	27099
P30,3	27100	27101
P31,3	27102	27103
P133,3	27104	27105
P34,3	27106	27107
P137,3	27108	27109
P33,3	27110	27111
P139,3	27112	27113
P38,3	27114	27115
P40,3	27116	27117
P143,3	27118	27119
P146,3	27120	27121
P78,3	27122	27123
P81,2	27124	27125
P43,3	27126	27127
P149,3	27128	27129
P49,3	27130	27130
P83,3	27131	27132
P156,2	27133	27134
P161,3	27135	27136
P162,2	27137	27138
P173,2	27139	27140
P17,3	27141	27142
P4,3	27143	27144
P181,3	27145	27146
P95,3	27147	27148
P184,3	27149	27150
P189,3	27151	27152
P188,2	27153	27154
P19,3	27155	27156
P96,3	27157	27158
P61,3	27159	27160
P195,3	27161	27162
P97,3	27163	27164
P99,2	27165	27165
P102,3	27166	27167
P107,3	27168	27169
P100,3	27170	27171
P64,2	27172	27173
P200,3	27174	27175
P111,3	27176	27177
P25,2	27178	27179
P65,3	27180	27181
P118,2	27182	27183
P120,2	27184	27185
P123,3	27186	27187
P66,3	27188	27189
P122,3	27190	27191
P69,2	27192	27193
P127,2	27194	27195
P130,2	27196	27197
P30,3	27198	27199
P31,3	27200	27201
P133,3	27202	27203
P34,3	27204	27205
P137,3	27206	27207
P33,3	27208	27209
P139,3	27210	27211
P38,3	27212	27213
P40,3	27214	27215
P143,3	27216	27217
P146,3	27218	27219
P78,3	27220	27221
P81,2	27222	27223
P43,3	27224	27225
P149,3	27226	27227
P83,3	27228	27229
P156,2	27230	27231
P161,3	27232	27233
P173,2	27234	27235
P17,3	27236	27237
P162,3	27238	27239
P4,3	27240	27241
P181,3	27242	27243
P95,3	27244	27245
P184,3	27246	27247
P189,3	27248	27249
P188,2	27250	27251
P19,3	27252	27253
P96,3	27254	27255
P61,3	27256	27257
P195,3	27258	27259
P97,3	27260	27261
P102,3	27262	27263
P99,3	27264	27265
P107,3	27266	27267
P100,3	27268	27269
P64,2	27270	27271
P200,3	27272	27273
P111,3	27274	27275
P25,2	27276	27277
P65,3	27278	27279
P118,2	27280	27281
P123,3	27282	27283
P66,3	27284	27285
P122,3	27286	27287
P120,3	27288	27289
P69,2	27290	27290
P127,2	27291	27292
P130,2	27293	27294
P30,3	27295	27296
P31,3	27297	27298
P133,3	27299	27300
P34,3	27301	27302
P137,3	27303	27304
P33,3	27305	27306
P139,3	27307	27308
P38,3	27309	27310
P40,3	27311	27312
P143,3	27313	27314
P146,3	27315	27316
P78,3	27317	27318
P81,2	27319	27320
P43,3	27321	27322
P149,3	27323	27324
P83,3	27325	27326
P156,2	27327	27328
P161,3	27329	27329
P173,2	27330	27331
P17,3	27332	27333
P162,3	27334	27335
P4,3	27336	27337
P181,3	27338	27339
P95,3	27340	27341
P184,3	27342	27343
P189,3	27344	27345
P188,2	27346	27347
P19,3	27348	27349
P96,3	27350	27351
P61,3	27352	27353
P195,3	27354	27355
P97,3	27356	27357
P102,3	27358	27359
P99,3	27360	27361
P107,3	27362	27363
P100,3	27364	27365
P64,2	27366	27367
P200,3	27368	27369
P111,3	27370	27371
P25,2	27372	27373
P65,3	27374	27375
P118,2	27376	27377
P123,3	27378	27379
P66,3	27380	27381
P122,3	27382	27383
P120,3	27384	27385
P127,2	27386	27387
P130,2	27388	27389
P30,3	27390	27391
P31,3	27392	27393
P133,3	27394	27395
P34,3	27396	27397
P137,3	27398	27399
P33,3	27400	27401
P139,3	27402	27403
P38,3	27404	27405
P40,3	27406	27407
P143,3	27408	27409
P146,3	27410	27411
P78,3	27412	27413
P81,2	27414	27415
P43,3	27416	27417
P149,3	27418	27419
P83,3	27420	27421
P156,2	27422	27423
P173,2	27424	27425
P17,3	27426	27427
P162,3	27428	27429
P4,3	27430	27431
P181,3	27432	27433
P95,3	27434	27435
P184,3	27436	27437
P189,3	27438	27439
P188,2	27440	27441
P19,3	27442	27443
P96,3	27444	27445
P61,3	27446	27447
P195,3	27448	27449
P97,3	27450	27451
P102,3	27452	27453
P99,3	27454	27455
P107,3	27456	27457
P100,3	27458	27459
P64,2	27460	27461
P200,3	27462	27463
P111,3	27464	27465
P25,2	27466	27467
P65,3	27468	27469
P118,2	27470	27471
P123,3	27472	27473
P66,3	27474	27475
P122,3	27476	27477
P120,3	27478	27479
P127,2	27480	27481
P130,2	27482	27483
P30,3	27484	27485
P31,3	27486	27487
P133,3	27488	27489
P34,3	27490	27491
P137,3	27492	27493
P33,3	27494	27495
P139,3	27496	27497
P38,3	27498	27499
P40,3	27500	27501
P143,3	27502	27503
P146,3	27504	27505
P78,3	27506	27507
P43,3	27508	27509
P81,3	27510	27511
P149,3	27512	27513
P83,3	27514	27514
P173,2	27515	27516
P17,3	27517	27518
P162,3	27519	27520
P4,3	27521	27522
P181,3	27523	27524
P95,3	27525	27526
P184,3	27527	27528
P189,3	27529	27530
P188,2	27531	27532
P19,3	27533	27534
P96,3	27535	27536
P61,3	27537	27538
P195,3	27539	27540
P97,3	27541	27542
P102,3	27543	27544
P99,3	27545	27546
P107,3	27547	27548
P100,3	27549	27550
P64,2	27551	27552
P200,3	27553	27554
P111,3	27555	27556
P25,2	27557	27558
P65,3	27559	27560
P118,2	27561	27562
P123,3	27563	27564
P66,3	27565	27566
P122,3	27567	27568
P120,3	27569	27570
P127,2	27571	27572
P130,2	27573	27574
P30,3	27575	27576
P31,3	27577	27578
P133,3	27579	27580
P34,3	27581	27582
P137,3	27583	27583
P33,3	27584	27585
P139,3	27586	27587
P38,3	27588	27589
P40,3	27590	27590
P143,3	27591	27592
P146,3	27593	27594
P78,3	27595	27596
P43,3	27597	27598
P81,3	27599	27600
P149,3	27601	27602
P173,2	27603	27604
P17,3	27605	27606
P162,3	27607	27608
P4,3	27609	27610
P181,3	27611	27612
P95,3	27613	27614
P184,3	27615	27616
P189,3	27617	27617
P188,2	27618	27619
P19,3	27620	27620
P96,3	27621	27622
P61,3	27623	27624
P195,3	27625	27626
P97,3	27627	27628
P102,3	27629	27630
P99,3	27631	27632
P107,3	27633	27634
P100,3	27635	27636
P64,2	27637	27638
P200,3	27639	27640
P111,3	27641	27642
P25,2	27643	27644
P65,3	27645	27646
P118,2	27647	27648
P123,3	27649	27650
P66,3	27651	27652
P122,3	27653	27654
P120,3	27655	27656
P127,2	27657	27658
P130,2	27659	27659
P31,3	27660	27661
P133,3	27662	27663
P34,3	27664	27665
P33,3	27666	27667
P139,3	27668	27669
P38,3	27670	27671
P143,3	27672	27673
P146,3	27674	27675
P78,3	27676	27677
P43,3	27678	27679
P81,3	27680	27681
P149,3	27682	27683
P173,2	27684	27685
P17,3	27686	27687
P162,3	27688	27689
P4,3	27690	27691
P181,3	27692	27693
P95,3	27694	27695
P184,3	27696	27697
P96,3	27698	27699
P61,3	27700	27701
P195,3	27702	27703
P97,3	27704	27705
P102,3	27706	27707
P99,3	27708	27709
P107,3	27710	27711
P100,3	27712	27713
P200,3	27714	27715
P111,3	27716	27717
P64,3	27718	27719
P25,2	27720	27721
P65,3	27722	27723
P118,2	27724	27725
P123,3	27726	27727
P66,3	27728	27729
P122,3	27730	27731
P120,3	27732	27733
P127,2	27734	27735
P31,3	27736	27737
P133,3	27738	27739
P34,3	27740	27741
P33,3	27742	27743
P139,3	27744	27745
P38,3	27746	27747
P143,3	27748	27749
P78,3	27750	27751
P43,3	27752	27753
P81,3	27754	27755
P149,3	27756	27757
P173,2	27758	27759
P17,3	27760	27761
P162,3	27762	27763
P4,3	27764	27765
P181,3	27766	27767
P95,3	27768	27769
P184,3	27770	27771
P96,3	27772	27773
P61,3	27774	27775
P195,3	27776	27777
P97,3	27778	27779
P102,3	27780	27781
P99,3	27782	27783
P107,3	27784	27785
P100,3	27786	27787
P200,3	27788	27789
P111,3	27790	27791
P64,3	27792	27793
P25,2	27794	27795
P65,3	27796	27797
P118,2	27798	27799
P123,3	27800	27801
P66,3	27802	27803
P122,3	27804	27805
P120,3	27806	27807
P127,2	27808	27809
P31,3	27810	27810
P133,3	27811	27812
P34,3	27813	27814
P33,3	27815	27816
P139,3	27817	27818
P38,3	27819	27820
P143,3	27821	27822
P78,3	27823	27823
P43,3	27824	27825
P81,3	27826	27827
P149,3	27828	27829
P173,2	27830	27831
P17,3	27832	27833
P162,3	27834	27835
P4,3	27836	27837
P181,3	27838	27839
P95,3	27840	27841
P184,3	27842	27843
P96,3	27844	27845
P61,3	27846	27847
P195,3	27848	27849
P97,3	27850	27851
P102,3	27852	27853
P99,3	27854	27855
P107,3	27856	27857
P100,3	27858	27859
P200,3	27860	27861
P111,3	27862	27863
P64,3	27864	27865
P25,2	27866	27867
P65,3	27868	27869
P118,2	27870	27871
P123,3	27872	27873
P66,3	27874	27875
P122,3	27876	27877
P120,3	27878	27879
P127,2	27880	27881
P133,3	27882	27883
P34,3	27884	27885
P33,3	27886	27887
P139,3	27888	27889
P38,3	27890	27891
P143,3	27892	27893
P43,3	27894	27895
P81,3	27896	27897
P149,3	27898	27899
P173,2	27900	27901
P17,3	27902	27903
P162,3	27904	27905
P4,3	27906	27907
P181,3	27908	27909
P95,3	27910	27910
P184,3	27911	27912
P96,3	27913	27914
P61,3	27915	27916
P195,3	27917	27918
P97,3	27919	27920
P102,3	27921	27922
P99,3	27923	27924
P107,3	27925	27926
P100,3	27927	27928
P200,3	27929	27930
P111,3	27931	27932
P64,3	27933	27934
P25,2	27935	27936
P118,2	27937	27938
P123,3	27939	27939
P66,3	27940	27941
P122,3	27942	27943
P120,3	27944	27945
P127,2	27946	27947
P133,3	27948	27949
P34,3	27950	27951
P33,3	27952	27953
P139,3	27954	27955
P38,3	27956	27957
P143,3	27958	27959
P43,3	27960	27961
P81,3	27962	27963
P149,3	27964	27965
P173,2	27966	27966
P17,3	27967	27968
P162,3	27969	27970
P4,3	27971	27972
P181,3	27973	27974
P184,3	27975	27976
P96,3	27977	27978
P61,3	27979	27980
P195,3	27981	27982
P97,3	27983	27984
P102,3	27985	27986
P99,3	27987	27988
P107,3	27989	27990
P100,3	27991	27992
P200,3	27993	27994
P111,3	27995	27996
P64,3	27997	27998
P25,2	27999	28000
P118,2	28001	28002
P66,3	28003	28004
P122,3	28005	28006
P120,3	28007	28008
P127,2	28009	28010
P133,3	28011	28012
P34,3	28013	28014
P33,3	28015	28016
P139,3	28017	28017
P38,3	28018	28019
P143,3	28020	28021
P43,3	28022	28022
P81,3	28023	28024
P149,3	28025	28026
P173,3	28027	28028
P17,3	28029	28030
P162,3	28031	28032
P4,3	28033	28034
P181,3	28035	28036
P184,3	28037	28038
P96,3	28039	28040
P61,3	28041	28042
P195,3	28043	28044
P97,3	28045	28046
P102,3	28047	28048
P99,3	28049	28050
P107,3	28051	28052
P100,3	28053	28054
P200,3	28055	28056
P111,3	28057	28058
P64,3	28059	28060
P25,2	28061	28062
P118,2	28063	28063
P66,3	28064	28065
P122,3	28066	28067
P120,3	28068	28069
P127,2	28070	28071
P133,3	28072	28073
P34,3	28074	28075
P33,3	28076	28077
P38,3	28078	28079
P143,3	28080	28081
P81,3	28082	28083
P149,3	28084	28085
P173,3	28086	28087
P17,3	28088	28089
P162,3	28090	28091
P4,3	28092	28093
P181,3	28094	28095
P184,3	28096	28097
P96,3	28098	28099
P61,3	28100	28101
P195,3	28102	28103
P97,3	28104	28105
P102,3	28106	28107
P99,3	28108	28109
P107,3	28110	28111
P100,3	28112	28113
P200,3	28114	28115
P111,3	28116	28117
P64,3	28118	28119
P25,2	28120	28121
P66,3	28122	28123
P122,3	28124	28125
P120,3	28126	28127
P127,2	28128	28129
P133,3	28130	28131
P34,3	28132	28133
P33,3	28134	28135
P38,3	28136	28137
P143,3	28138	28139
P81,3	28140	28141
P149,3	28142	28143
P173,3	28144	28145
P17,3	28146	28147
P162,3	28148	28149
P4,3	28150	28151
P181,3	28152	28153
P184,3	28154	28155
P96,3	28156	28157
P61,3	28158	28159
P195,3	28160	28161
P97,3	28162	28163
P102,3	28164	28165
P99,3	28166	28167
P107,3	28168	28169
P100,3	28170	28171
P200,3	28172	28173
P111,3	28174	28175
P64,3	28176	28177
P25,2	28178	28179
P66,3	28180	28181
P122,3	28182	28183
P120,3	28184	28185
P133,3	28186	28187
P127,3	28188	28189
P34,3	28190	28191
P33,3	28192	28193
P38,3	28194	28195
P143,3	28196	28197
P81,3	28198	28199
P149,3	28200	28201
P173,3	28202	28203
P17,3	28204	28205
P162,3	28206	28207
P4,3	28208	28209
P181,3	28210	28211
P184,3	28212	28213
P96,3	28214	28215
P61,3	28216	28217
P195,3	28218	28219
P97,3	28220	28221
P102,3	28222	28223
P99,3	28224	28225
P107,3	28226	28227
P100,3	28228	28229
P200,3	28230	28231
P111,3	28232	28233
P64,3	28234	28235
P25,2	28236	28237
P66,3	28238	28239
P122,3	28240	28241
P120,3	28242	28243
P133,3	28244	28245
P127,3	28246	28247
P34,3	28248	28249
P33,3	28250	28251
P38,3	28252	28253
P143,3	28254	28255
P81,3	28256	28257
P149,3	28258	28259
P173,3	28260	28261
P17,3	28262	28263
P162,3	28264	28265
P4,3	28266	28267
P181,3	28268	28269
P184,3	28270	28271
P96,3	28272	28273
P61,3	28274	28275
P195,3	28276	28277
P97,3	28278	28279
P102,3	28280	28281
P99,3	28282	28283
P107,3	28284	28285
P100,3	28286	28287
P200,3	28288	28289
P111,3	28290	28291
P64,3	28292	28293
P25,2	28294	28294
P66,3	28295	28296
P122,3	28297	28298
P120,3	28299	28300
P133,3	28301	28301
P127,3	28302	28303
P34,3	28304	28305
P33,3	28306	28307
P38,3	28308	28309
P143,3	28310	28311
P81,3	28312	28313
P149,3	28314	28315
P173,3	28316	28317
P17,3	28318	28319
P162,3	28320	28321
P4,3	28322	28323
P181,3	28324	28325
P184,3	28326	28327
P96,3	28328	28329
P61,3	28330	28331
P97,3	28332	28333
P102,3	28334	28335
P99,3	28336	28337
P107,3	28338	28339
P100,3	28340	28341
P200,3	28342	28343
P111,3	28344	28345
P64,3	28346	28347
P66,3	28348	28349
P122,3	28350	28351
P120,3	28352	28353
P25,3	28354	28355
P127,3	28356	28357
P33,3	28358	28359
P38,3	28360	28361
P143,3	28362	28363
P81,3	28364	28365
P149,3	28366	28367
P173,3	28368	28369
P17,3	28370	28371
P162,3	28372	28373
P4,3	28374	28375
P181,3	28376	28377
P184,3	28378	28379
P96,3	28380	28381
P61,3	28382	28383
P97,3	28384	28385
P102,3	28386	28387
P99,3	28388	28389
P107,3	28390	28391
P100,3	28392	28393
P200,3	28394	28395
P111,3	28396	28397
P64,3	28398	28399
P66,3	28400	28401
P122,3	28402	28403
P120,3	28404	28405
P25,3	28406	28407
P127,3	28408	28409
P33,3	28410	28411
P38,3	28412	28413
P143,3	28414	28415
P81,3	28416	28417
P149,3	28418	28419
P173,3	28420	28421
P17,3	28422	28423
P162,3	28424	28425
P4,3	28426	28427
P181,3	28428	28429
P184,3	28430	28430
P96,3	28431	28432
P61,3	28433	28434
P97,3	28435	28436
P102,3	28437	28438
P99,3	28439	28440
P107,3	28441	28442
P100,3	28443	28444
P200,3	28445	28446
P111,3	28447	28448
P64,3	28449	28450
P66,3	28451	28452
P122,3	28453	28454
P120,3	28455	28456
P25,3	28457	28458
P127,3	28459	28460
P33,3	28461	28462
P38,3	28463	28464
P143,3	28465	28466
P81,3	28467	28468
P149,3	28469	28470
P173,3	28471	28472
P17,3	28473	28474
P162,3	28475	28476
P4,3	28477	28478
P181,3	28479	28480
P96,3	28481	28482
P61,3	28483	28484
P97,3	28485	28486
P102,3	28487	28488
P99,3	28489	28490
P107,3	28491	28492
P100,3	28493	28494
P200,3	28495	28496
P111,3	28497	28498
P64,3	28499	28500
P66,3	28501	28502
P122,3	28503	28504
P120,3	28505	28506
P25,3	28507	28508
P127,3	28509	28510
P33,3	28511	28512
P38,3	28513	28514
P143,3	28515	28516
P81,3	28517	28518
P149,3	28519	28520
P173,3	28521	28522
P17,3	28523	28524
P162,3	28525	28526
P4,3	28527	28528
P181,3	28529	28530
P96,3	28531	28532
P61,3	28533	28534
P97,3	28535	28536
P102,3	28537	28538
P99,3	28539	28539
P107,3	28540	28541
P100,3	28542	28543
P200,3	28544	28545
P111,3	28546	28547
P64,3	28548	28549
P66,3	28550	28551
P122,3	28552	28553
P120,3	28554	28555
P25,3	28556	28557
P127,3	28558	28559
P38,3	28560	28561
P143,3	28562	28563
P81,3	28564	28565
P149,3	28566	28567
P173,3	28568	28569
P17,3	28570	28571
P162,3	28572	28573
P4,3	28574	28575
P181,3	28576	28577
P96,3	28578	28579
P61,3	28580	28581
P97,3	28582	28583
P102,3	28584	28585
P107,3	28586	28587
P100,3	28588	28589
P200,3	28590	28591
P111,3	28592	28593
P64,3	28594	28595
P66,3	28596	28597
P122,3	28598	28599
P120,3	28600	28601
P25,3	28602	28603
P127,3	28604	28605
P38,3	28606	28607
P143,3	28608	28609
P81,3	28610	28611
P149,3	28612	28613
P173,3	28614	28615
P17,3	28616	28617
P162,3	28618	28619
P4,3	28620	28621
P181,3	28622	28623
P96,3	28624	28625
P61,3	28626	28627
P97,3	28628	28629
P102,3	28630	28631
P107,3	28632	28633
P100,3	28634	28635
P200,3	28636	28637
P111,3	28638	28639
P64,3	28640	28641
P66,3	28642	28643
P122,3	28644	28645
P120,3	28646	28647
P25,3	28648	28649
P127,3	28650	28651
P38,3	28652	28653
P143,3	28654	28655
P81,3	28656	28657
P149,3	28658	28659
P173,3	28660	28661
P17,3	28662	28663
P162,3	28664	28665
P4,3	28666	28667
P181,3	28668	28669
P96,3	28670	28671
P61,3	28672	28673
P97,3	28674	28675
P102,3	28676	28677
P107,3	28678	28679
P100,3	28680	28681
P200,3	28682	28683
P111,3	28684	28685
P64,3	28686	28687
P66,3	28688	28689
P122,3	28690	28691
P120,3	28692	28693
P25,3	28694	28695
P127,3	28696	28697
P38,3	28698	28699
P143,3	28700	28701
P81,3	28702	28703
P149,3	28704	28705
P173,3	28706	28707
P17,3	28708	28709
P162,3	28710	28711
P4,3	28712	28713
P181,3	28714	28715
P96,3	28716	28717
P61,3	28718	28719
P97,3	28720	28720
P102,3	28721	28722
P107,3	28723	28724
P100,3	28725	28726
P200,3	28727	28728
P111,3	28729	28730
P64,3	28731	28732
P66,3	28733	28734
P122,3	28735	28736
P25,3	28737	28738
P127,3	28739	28740
P38,3	28741	28742
P143,3	28743	28744
P81,3	28745	28746
P149,3	28747	28748
P173,3	28749	28750
P17,3	28751	28752
P162,3	28753	28754
P4,3	28755	28756
P181,3	28757	28758
P96,3	28759	28760
P61,3	28761	28762
P102,3	28763	28764
P107,3	28765	28766
P100,3	28767	28768
P200,3	28769	28770
P111,3	28771	28772
P64,3	28773	28774
P66,3	28775	28776
P122,3	28777	28778
P25,3	28779	28780
P127,3	28781	28782
P38,3	28783	28784
P143,3	28785	28786
P81,3	28787	28788
P149,3	28789	28790
P173,3	28791	28792
P17,3	28793	28794
P162,3	28795	28796
P4,3	28797	28798
P181,3	28799	28800
P96,3	28801	28802
P61,3	28803	28804
P107,3	28805	28806
P100,3	28807	28808
P200,3	28809	28810
P111,3	28811	28812
P64,3	28813	28814
P66,3	28815	28816
P122,3	28817	28817
P25,3	28818	28819
P127,3	28820	28821
P38,3	28822	28823
P143,3	28824	28825
P81,3	28826	28827
P149,3	28828	28829
P173,3	28830	28831
P17,3	28832	28833
P162,3	28834	28835
P4,3	28836	28837
P181,3	28838	28839
P96,3	28840	28841
P61,3	28842	28843
P107,3	28844	28845
P100,3	28846	28847
P200,3	28848	28849
P111,3	28850	28851
P64,3	28852	28853
P66,3	28854	28855
P25,3	28856	28857
P127,3	28858	28859
P38,3	28860	28861
P143,3	28862	28863
P81,3	28864	28865
P149,3	28866	28867
P173,3	28868	28869
P17,3	28870	28871
P162,3	28872	28873
P4,3	28874	28875
P181,3	28876	28877
P96,3	28878	28879
P61,3	28880	28881
P107,3	28882	28883
P100,3	28884	28885
P200,3	28886	28887
P111,3	28888	28889
P64,3	28890	28891
P25,3	28892	28893
P127,3	28894	28895
P38,3	28896	28897
P143,3	28898	28899
P81,3	28900	28901
P149,3	28902	28903
P173,3	28904	28905
P162,3	28906	28907
P4,3	28908	28909
P181,3	28910	28911
P96,3	28912	28913
P61,3	28914	28915
P107,3	28916	28917
P100,3	28918	28919
P200,3	28920	28921
P111,3	28922	28923
P64,3	28924	28925
P25,3	28926	28927
P127,3	28928	28929
P38,3	28930	28931
P143,3	28932	28933
P81,3	28934	28934
P149,3	28935	28936
P173,3	28937	28937
P162,3	28938	28939
P4,3	28940	28941
P181,3	28942	28943
P96,3	28944	28945
P61,3	28946	28947
P107,3	28948	28949
P100,3	28950	28951
P200,3	28952	28953
P111,3	28954	28955
P64,3	28956	28957
P25,3	28958	28959
P127,3	28960	28961
P38,3	28962	28963
P143,3	28964	28965
P149,3	28966	28967
P162,3	28968	28969
P4,3	28970	28971
P181,3	28972	28973
P96,3	28974	28975
P61,3	28976	28977
P107,3	28978	28979
P100,3	28980	28981
P200,3	28982	28983
P111,3	28984	28985
P64,3	28986	28987
P25,3	28988	28989
P127,3	28990	28991
P38,3	28992	28993
P143,3	28994	28995
P162,3	28996	28997
P4,3	28998	28999
P181,3	29000	29001
P96,3	29002	29003
P61,3	29004	29005
P107,3	29006	29007
P100,3	29008	29009
P200,3	29010	29011
P111,3	29012	29013
P64,3	29014	29015
P25,3	29016	29017
P127,3	29018	29019
P38,3	29020	29021
P143,3	29022	29023
P162,3	29024	29025
P4,3	29026	29027
P181,3	29028	29029
P96,3	29030	29031
P107,3	29032	29033
P100,3	29034	29035
P200,3	29036	29037
P111,3	29038	29039
P64,3	29040	29041
P25,3	29042	29043
P127,3	29044	29045
P143,3	29046	29047
P162,3	29048	29049
P4,3	29050	29051
P181,3	29052	29053
P96,3	29054	29055
P107,3	29056	29057
P100,3	29058	29059
P200,3	29060	29061
P111,3	29062	29063
P64,3	29064	29064
P25,3	29065	29066
P127,3	29067	29068
P143,3	29069	29070
P162,3	29071	29072
P4,3	29073	29074
P181,3	29075	29076
P96,3	29077	29078
P107,3	29079	29080
P100,3	29081	29082
P200,3	29083	29084
P111,3	29085	29086
P25,3	29087	29088
P127,3	29089	29090
P143,3	29091	29092
P162,3	29093	29094
P4,3	29095	29096
P181,3	29097	29098
P96,3	29099	29100
P107,3	29101	29102
P100,3	29103	29104
P200,3	29105	29106
P111,3	29107	29108
P25,3	29109	29110
P127,3	29111	29112
P162,3	29113	29114
P4,3	29115	29116
P181,3	29117	29118
P96,3	29119	29120
P107,3	29121	29122
P100,3	29123	29124
P200,3	29125	29126
P111,3	29127	29128
P25,3	29129	29130
P127,3	29131	29132
P162,3	29133	29134
P4,3	29135	29136
P181,3	29137	29138
P96,3	29139	29140
P107,3	29141	29142
P100,3	29143	29144
P200,3	29145	29146
P25,3	29147	29148
P127,3	29149	29150
P162,3	29151	29152
P4,3	29153	29154
P181,3	29155	29156
P96,3	29157	29157
P107,3	29158	29159
P100,3	29160	29160
P200,3	29161	29162
P25,3	29163	29164
P127,3	29165	29166
P162,3	29167	29168
P4,3	29169	29170
P181,3	29171	29172
P107,3	29173	29174
P200,3	29175	29176
P25,3	29177	29178
P127,3	29179	29180
P162,3	29181	29182
P4,3	29183	29184
P181,3	29185	29186
P107,3	29187	29188
P200,3	29189	29190
P127,3	29191	29192
P162,3	29193	29194
P4,3	29195	29196
P181,3	29197	29198
P107,3	29199	29200
P200,3	29201	29202
P127,3	29203	29204
P162,3	29205	29206
P4,3	29207	29208
P181,3	29209	29210
P107,3	29211	29212
P200,3	29213	29214
P127,3	29215	29216
P162,3	29217	29218
P4,3	29219	29220
P181,3	29221	29222
P107,3	29223	29224
P200,3	29225	29226
P127,3	29227	29228
P162,3	29229	29230
P4,3	29231	29232
P181,3	29233	29234
P107,3	29235	29236
P200,3	29237	29238
P127,3	29239	29240
P162,3	29241	29242
P4,3	29243	29244
P181,3	29245	29246
P107,3	29247	29248
P200,3	29249	29250
P127,3	29251	29252
P162,3	29253	29254
P4,3	29255	29255
P181,3	29256	29257
P107,3	29258	29259
P200,3	29260	29261
P127,3	29262	29263
P162,3	29264	29265
P181,3	29266	29267
P107,3	29268	29269
P200,3	29270	29271
P127,3	29272	29273
P162,3	29274	29275
P181,3	29276	29277
P107,3	29278	29279
P200,3	29280	29281
P127,3	29282	29283
P162,3	29284	29285
P181,3	29286	29287
P107,3	29288	29289
P200,3	29290	29291
P127,3	29292	29293
P162,3	29294	29295
P181,3	29296	29297
P107,3	29298	29299
P200,3	29300	29301
P127,3	29302	29303
P162,3	29304	29305
P107,3	29306	29307
P200,3	29308	29309
P127,3	29310	29311
P162,3	29312	29313
P107,3	29314	29315
P200,3	29316	29317
P127,3	29318	29319
P162,3	29320	29321
P200,3	29322	29322
P127,3	29323	29324
P162,3	29325	29326
P127,3	29327	29328
P162,3	29329	29330
P127,3	29331	29332
P162,3	29333	29334
P127,3	29335	29336
P162,3	29337	29338
P127,3	29339	29340
P162,3	29341	29341
P127,3	29342	29353
