CPU0
P1,1	10	16
P2,1	17	23
P3,1	24	24
P1,1	25	25
P2,1	26	26
P3,1	27	27
P1,1	28	28
P2,1	29	29
P3,1	30	30
P1,1	31	31
P5,1	32	32
P2,1	33	33
P1,1	34	34
P5,1	35	35
P2,1	36	36
P1,1	37	37
P5,1	38	38
P2,1	39	39
P1,1	40	40
P5,1	41	41
P2,1	42	42
P1,1	43	43
P5,1	44	44
P2,1	45	45
P7,1	46	46
P4,1	47	47
P3,1	48	48
P6,1	49	49
P1,1	50	50
P5,1	51	51
P2,1	52	52
P7,1	53	53
P4,1	54	54
P3,1	55	55
P6,1	56	56
P7,1	57	57
P4,1	58	58
P3,1	59	59
P6,1	60	60
P7,1	61	61
P4,1	62	62
P3,1	63	63
P6,1	64	64
P7,1	65	65
P4,1	66	66
P9,1	67	67
P2,1	68	68
P8,1	69	69
P1,1	70	70
P5,1	71	71
P3,1	72	72
P6,1	73	73
P7,1	74	74
P4,1	75	75
P9,1	76	76
P2,1	77	77
P8,1	78	78
P7,1	79	79
P4,1	80	80
P9,1	81	81
P2,1	82	82
P11,1	83	83
P10,1	84	84
P1,1	85	85
P5,1	86	86
P3,1	87	87
P6,1	88	88
P8,1	89	89
P13,1	90	90
P7,1	91	91
P4,1	92	92
P5,1	93	93
P3,1	94	94
P6,1	95	95
P8,1	96	96
P13,1	97	97
P7,1	98	98
P4,1	99	99
P5,1	100	100
P3,1	101	101
P6,1	102	102
P15,1	103	103
P12,1	104	104
P10,1	105	105
P1,1	106	106
P14,1	107	107
P9,1	108	108
P2,1	109	109
P11,1	110	110
P17,1	111	111
P15,1	112	112
P12,1	113	113
P10,1	114	114
P1,1	115	115
P14,1	116	116
P9,1	117	117
P2,1	118	118
P11,1	119	119
P17,1	120	120
P19,1	121	121
P8,1	122	122
P13,1	123	123
P7,1	124	124
P1,1	125	125
P14,1	126	126
P9,1	127	127
P2,1	128	128
P11,1	129	129
P17,1	130	130
P19,1	131	131
P8,1	132	132
P13,1	133	133
P7,1	134	134
P21,1	135	135
P4,1	136	136
P14,1	137	137
P9,1	138	138
P2,1	139	139
P11,1	140	140
P17,1	141	141
P19,1	142	142
P8,1	143	143
P13,1	144	144
P7,1	145	145
P24,1	146	146
P22,1	147	147
P23,1	148	148
P5,1	149	149
P3,1	150	150
P6,1	151	151
P16,1	152	152
P18,1	153	153
P15,1	154	154
P12,1	155	155
P10,1	156	156
P7,1	157	157
P24,1	158	158
P22,1	159	159
P23,1	160	160
P26,1	161	161
P9,1	162	162
P2,1	163	163
P11,1	164	164
P17,1	165	165
P19,1	166	166
P8,1	167	167
P13,1	168	168
P25,1	169	169
P20,1	170	170
P21,1	171	171
P4,1	172	172
P23,1	173	173
P26,1	174	174
P9,1	175	175
P2,1	176	176
P28,1	177	177
P16,1	178	178
P17,1	179	179
P19,1	180	180
P8,1	181	181
P13,1	182	182
P25,1	183	183
P20,1	184	184
P21,1	185	185
P4,1	186	186
P23,1	187	187
P26,1	188	188
P30,1	189	189
P3,1	190	190
P6,1	191	191
P11,1	192	192
P29,1	193	193
P18,1	194	194
P15,1	195	195
P8,1	196	196
P13,1	197	197
P25,1	198	198
P20,1	199	199
P21,1	200	200
P32,1	201	201
P27,1	202	202
P14,1	203	203
P26,1	204	204
P30,1	205	205
P2,1	206	206
P28,1	207	207
P11,1	208	208
P29,1	209	209
P18,1	210	210
P15,1	211	211
P35,1	212	212
P8,1	213	213
P13,1	214	214
P37,1	215	215
P7,1	216	216
P24,1	217	217
P21,1	218	218
P32,1	219	219
P27,1	220	220
P14,1	221	221
P26,1	222	222
P30,1	223	223
P2,1	224	224
P28,1	225	225
P11,1	226	226
P29,1	227	227
P18,1	228	228
P15,1	229	229
P39,1	230	230
P36,1	231	231
P12,1	232	232
P10,1	233	233
P25,1	234	234
P20,1	235	235
P38,1	236	236
P41,1	237	237
P22,1	238	238
P4,1	239	239
P23,1	240	240
P33,1	241	241
P26,1	242	242
P30,1	243	243
P2,1	244	244
P43,1	245	245
P34,1	246	246
P16,1	247	247
P17,1	248	248
P45,1	249	249
P19,1	250	250
P31,1	251	251
P35,1	252	252
P8,1	253	253
P12,1	254	254
P10,1	255	255
P25,1	256	256
P20,1	257	257
P38,1	258	258
P41,1	259	259
P47,1	260	260
P32,1	261	261
P27,1	262	262
P14,1	263	263
P42,1	264	264
P5,1	265	265
P9,1	266	266
P6,1	267	267
P28,1	268	268
P11,1	269	269
P29,1	270	270
P44,1	271	271
P45,1	272	272
P19,1	273	273
P31,1	274	274
P35,1	275	275
P49,1	276	276
P46,1	277	277
P13,1	278	278
P37,1	279	279
P7,1	280	280
P24,1	281	281
P40,1	282	282
P21,1	283	283
P22,1	284	284
P4,1	285	285
P27,1	286	286
P14,1	287	287
P42,1	288	288
P51,1	289	289
P30,1	290	290
P2,1	291	291
P43,1	292	292
P34,1	293	293
P11,1	294	294
P53,1	295	295
P17,1	296	296
P48,1	297	297
P18,1	298	298
P15,1	299	299
P39,1	300	300
P35,1	301	301
P49,1	302	302
P46,1	303	303
P13,1	304	304
P37,1	305	305
P7,1	306	306
P24,1	307	307
P40,1	308	308
P21,1	309	309
P22,1	310	310
P55,1	311	311
P50,1	312	312
P23,1	313	313
P33,1	314	314
P26,1	315	315
P5,1	316	316
P9,1	317	317
P2,1	318	318
P43,1	319	319
P34,1	320	320
P11,1	321	321
P53,1	322	322
P17,1	323	323
P48,1	324	324
P18,1	325	325
P15,1	326	326
P57,1	327	327
P54,1	328	328
P36,1	329	329
P8,1	330	330
P12,1	331	331
P13,1	332	332
P37,1	333	333
P59,1	334	334
P20,1	335	335
P38,1	336	336
P41,1	337	337
P47,1	338	338
P32,1	339	339
P4,1	340	340
P27,1	341	341
P23,1	342	342
P33,1	343	343
P26,1	344	344
P5,1	345	345
P9,1	346	346
P2,1	347	347
P43,1	348	348
P34,1	349	349
P11,1	350	350
P53,1	351	351
P61,1	352	352
P44,1	353	353
P45,1	354	354
P19,1	355	355
P31,1	356	356
P39,1	357	357
P35,1	358	358
P49,1	359	359
P46,1	360	360
P58,1	361	361
P10,1	362	362
P25,1	363	363
P59,1	364	364
P20,1	365	365
P38,1	366	366
P41,1	367	367
P63,1	368	368
P22,1	369	369
P55,1	370	370
P50,1	371	371
P60,1	372	372
P14,1	373	373
P42,1	374	374
P51,1	375	375
P30,1	376	376
P56,1	377	377
P6,1	378	378
P28,1	379	379
P52,1	380	380
P11,1	381	381
P53,1	382	382
P61,1	383	383
P44,1	384	384
P45,1	385	385
P19,1	386	386
P31,1	387	387
P39,1	388	388
P35,1	389	389
P49,1	390	390
P46,1	391	391
P58,1	392	392
P65,1	393	393
P37,1	394	394
P25,1	395	395
P59,1	396	396
P20,1	397	397
P38,1	398	398
P41,1	399	399
P63,1	400	400
P22,1	401	401
P55,1	402	402
P50,1	403	403
P60,1	404	404
P67,1	405	405
P33,1	406	406
P26,1	407	407
P5,1	408	408
P9,1	409	409
P2,1	410	410
P43,1	411	411
P34,1	412	412
P64,1	413	413
P16,1	414	414
P53,1	415	415
P61,1	416	416
P44,1	417	417
P45,1	418	418
P19,1	419	419
P69,1	420	420
P57,1	421	421
P54,1	422	422
P36,1	423	423
P8,1	424	424
P12,1	425	425
P13,1	426	426
P10,1	427	427
P66,1	428	428
P25,1	429	429
P59,1	430	430
P20,1	431	431
P38,1	432	432
P41,1	433	433
P63,1	434	434
P22,1	435	435
P71,1	436	436
P4,1	437	437
P27,1	438	438
P23,1	439	439
P14,1	440	440
P42,1	441	441
P51,1	442	442
P30,1	443	443
P56,1	444	444
P6,1	445	445
P28,1	446	446
P52,1	447	447
P64,1	448	448
P16,1	449	449
P53,1	450	450
P61,1	451	451
P44,1	452	452
P45,1	453	453
P19,1	454	454
P69,1	455	455
P57,1	456	456
P54,1	457	457
P36,1	458	458
P8,1	459	459
P73,1	460	460
P58,1	461	461
P65,1	462	462
P37,1	463	463
P70,1	464	464
P62,1	465	465
P7,1	466	466
P24,1	467	467
P40,1	468	468
P41,1	469	469
P63,1	470	470
P22,1	471	471
P71,1	472	472
P4,1	473	473
P27,1	474	474
P75,1	475	475
P67,1	476	476
P33,1	477	477
P26,1	478	478
P5,1	479	479
P9,1	480	480
P56,1	481	481
P6,1	482	482
P28,1	483	483
P52,1	484	484
P64,1	485	485
P16,1	486	486
P53,1	487	487
P61,1	488	488
P44,1	489	489
P77,1	490	490
P18,1	491	491
P15,1	492	492
P31,1	493	493
P39,1	494	494
P35,1	495	495
P49,1	496	496
P46,1	497	497
P12,1	498	498
P58,1	499	499
P79,1	500	500
P10,1	501	501
P66,1	502	502
P25,1	503	503
P59,1	504	504
P20,1	505	505
P38,1	506	506
P74,1	507	507
P21,1	508	508
P47,1	509	509
P32,1	510	510
P55,1	511	511
P4,1	512	512
P27,1	513	513
P75,1	514	514
P67,1	515	515
P33,1	516	516
P26,1	517	517
P5,1	518	518
P9,1	519	519
P81,1	520	520
P2,1	521	521
P43,1	522	522
P34,1	523	523
P72,1	524	524
P11,1	525	525
P16,1	526	526
P83,1	527	527
P29,1	528	528
P17,1	529	529
P48,1	530	530
P45,1	531	531
P19,1	532	532
P69,1	533	533
P57,1	534	534
P39,1	535	535
P35,1	536	536
P49,1	537	537
P46,1	538	538
P12,1	539	539
P85,1	540	540
P13,1	541	541
P65,1	542	542
P10,1	543	543
P66,1	544	544
P25,1	545	545
P59,1	546	546
P20,1	547	547
P38,1	548	548
P74,1	549	549
P87,1	550	550
P63,1	551	551
P22,1	552	552
P71,1	553	553
P80,1	554	554
P4,1	555	555
P27,1	556	556
P75,1	557	557
P67,1	558	558
P33,1	559	559
P26,1	560	560
P5,1	561	561
P9,1	562	562
P81,1	563	563
P2,1	564	564
P43,1	565	565
P89,1	566	566
P52,1	567	567
P64,1	568	568
P82,1	569	569
P68,1	570	570
P53,1	571	571
P61,1	572	572
P44,1	573	573
P77,1	574	574
P45,1	575	575
P19,1	576	576
P69,1	577	577
P57,1	578	578
P39,1	579	579
P35,1	580	580
P49,1	581	581
P46,1	582	582
P12,1	583	583
P91,1	584	584
P58,1	585	585
P79,1	586	586
P86,1	587	587
P37,1	588	588
P70,1	589	589
P62,1	590	590
P7,1	591	591
P24,1	592	592
P40,1	593	593
P41,1	594	594
P21,1	595	595
P47,1	596	596
P22,1	597	597
P71,1	598	598
P93,1	599	599
P88,1	600	600
P50,1	601	601
P60,1	602	602
P23,1	603	603
P14,1	604	604
P42,1	605	605
P51,1	606	606
P94,1	607	607
P76,1	608	608
P56,1	609	609
P6,1	610	610
P28,1	611	611
P89,1	612	612
P52,1	613	613
P64,1	614	614
P82,1	615	615
P68,1	616	616
P53,1	617	617
P61,1	618	618
P44,1	619	619
P77,1	620	620
P45,1	621	621
P19,1	622	622
P69,1	623	623
P96,1	624	624
P84,1	625	625
P54,1	626	626
P36,1	627	627
P8,1	628	628
P73,1	629	629
P78,1	630	630
P85,1	631	631
P58,1	632	632
P79,1	633	633
P86,1	634	634
P37,1	635	635
P70,1	636	636
P98,1	637	637
P59,1	638	638
P20,1	639	639
P38,1	640	640
P74,1	641	641
P87,1	642	642
P63,1	643	643
P92,1	644	644
P32,1	645	645
P55,1	646	646
P80,1	647	647
P4,1	648	648
P27,1	649	649
P60,1	650	650
P23,1	651	651
P14,1	652	652
P100,1	653	653
P26,1	654	654
P30,1	655	655
P9,1	656	656
P76,1	657	657
P56,1	658	658
P102,1	659	659
P43,1	660	660
P95,1	661	661
P34,1	662	662
P72,1	663	663
P11,1	664	664
P82,1	665	665
P68,1	666	666
P104,1	667	667
P29,1	668	668
P17,1	669	669
P48,1	670	670
P90,1	671	671
P18,1	672	672
P15,1	673	673
P31,1	674	674
P57,1	675	675
P39,1	676	676
P35,1	677	677
P36,1	678	678
P106,1	679	679
P46,1	680	680
P12,1	681	681
P91,1	682	682
P97,1	683	683
P13,1	684	684
P65,1	685	685
P10,1	686	686
P66,1	687	687
P25,1	688	688
P62,1	689	689
P7,1	690	690
P24,1	691	691
P108,1	692	692
P40,1	693	693
P41,1	694	694
P21,1	695	695
P47,1	696	696
P22,1	697	697
P71,1	698	698
P93,1	699	699
P80,1	700	700
P4,1	701	701
P27,1	702	702
P60,1	703	703
P23,1	704	704
P14,1	705	705
P100,1	706	706
P26,1	707	707
P30,1	708	708
P110,1	709	709
P101,1	710	710
P76,1	711	711
P56,1	712	712
P102,1	713	713
P112,1	714	714
P28,1	715	715
P89,1	716	716
P34,1	717	717
P72,1	718	718
P11,1	719	719
P82,1	720	720
P68,1	721	721
P114,1	722	722
P53,1	723	723
P61,1	724	724
P44,1	725	725
P77,1	726	726
P45,1	727	727
P19,1	728	728
P69,1	729	729
P96,1	730	730
P84,1	731	731
P54,1	732	732
P105,1	733	733
P49,1	734	734
P106,1	735	735
P46,1	736	736
P12,1	737	737
P116,1	738	738
P85,1	739	739
P58,1	740	740
P79,1	741	741
P86,1	742	742
P37,1	743	743
P70,1	744	744
P98,1	745	745
P62,1	746	746
P7,1	747	747
P24,1	748	748
P108,1	749	749
P40,1	750	750
P41,1	751	751
P21,1	752	752
P47,1	753	753
P22,1	754	754
P71,1	755	755
P93,1	756	756
P80,1	757	757
P118,1	758	758
P50,1	759	759
P99,1	760	760
P75,1	761	761
P23,1	762	762
P14,1	763	763
P100,1	764	764
P26,1	765	765
P30,1	766	766
P110,1	767	767
P101,1	768	768
P76,1	769	769
P56,1	770	770
P102,1	771	771
P112,1	772	772
P120,1	773	773
P95,1	774	774
P113,1	775	775
P52,1	776	776
P64,1	777	777
P103,1	778	778
P16,1	779	779
P83,1	780	780
P104,1	781	781
P29,1	782	782
P17,1	783	783
P44,1	784	784
P77,1	785	785
P45,1	786	786
P19,1	787	787
P69,1	788	788
P122,1	789	789
P57,1	790	790
P39,1	791	791
P35,1	792	792
P36,1	793	793
P115,1	794	794
P8,1	795	795
P73,1	796	796
P78,1	797	797
P116,1	798	798
P85,1	799	799
P58,1	800	800
P79,1	801	801
P124,1	802	802
P86,1	803	803
P37,1	804	804
P70,1	805	805
P98,1	806	806
P126,1	807	807
P59,1	808	808
P20,1	809	809
P107,1	810	810
P38,1	811	811
P74,1	812	812
P87,1	813	813
P63,1	814	814
P92,1	815	815
P32,1	816	816
P55,1	817	817
P93,1	818	818
P80,1	819	819
P118,1	820	820
P50,1	821	821
P99,1	822	822
P128,1	823	823
P75,1	824	824
P23,1	825	825
P14,1	826	826
P100,1	827	827
P26,1	828	828
P30,1	829	829
P110,1	830	830
P101,1	831	831
P76,1	832	832
P56,1	833	833
P130,1	834	834
P6,1	835	835
P43,1	836	836
P120,1	837	837
P95,1	838	838
P113,1	839	839
P52,1	840	840
P64,1	841	841
P103,1	842	842
P16,1	843	843
P132,1	844	844
P114,1	845	845
P53,1	846	846
P61,1	847	847
P121,1	848	848
P48,1	849	849
P90,1	850	850
P18,1	851	851
P15,1	852	852
P31,1	853	853
P122,1	854	854
P57,1	855	855
P39,1	856	856
P35,1	857	857
P36,1	858	858
P115,1	859	859
P8,1	860	860
P73,1	861	861
P78,1	862	862
P116,1	863	863
P85,1	864	864
P58,1	865	865
P134,1	866	866
P65,1	867	867
P125,1	868	868
P10,1	869	869
P37,1	870	870
P70,1	871	871
P98,1	872	872
P126,1	873	873
P136,1	874	874
P7,1	875	875
P24,1	876	876
P108,1	877	877
P40,1	878	878
P41,1	879	879
P21,1	880	880
P47,1	881	881
P22,1	882	882
P71,1	883	883
P55,1	884	884
P93,1	885	885
P80,1	886	886
P118,1	887	887
P138,1	888	888
P27,1	889	889
P60,1	890	890
P129,1	891	891
P119,1	892	892
P67,1	893	893
P33,1	894	894
P42,1	895	895
P51,1	896	896
P94,1	897	897
P110,1	898	898
P101,1	899	899
P76,1	900	900
P56,1	901	901
P130,1	902	902
P6,1	903	903
P140,1	904	904
P131,1	905	905
P28,1	906	906
P89,1	907	907
P34,1	908	908
P72,1	909	909
P11,1	910	910
P82,1	911	911
P68,1	912	912
P132,1	913	913
P114,1	914	914
P53,1	915	915
P61,1	916	916
P121,1	917	917
P48,1	918	918
P90,1	919	919
P18,1	920	920
P15,1	921	921
P31,1	922	922
P142,1	923	923
P96,1	924	924
P84,1	925	925
P54,1	926	926
P105,1	927	927
P36,1	928	928
P115,1	929	929
P8,1	930	930
P73,1	931	931
P78,1	932	932
P116,1	933	933
P85,1	934	934
P58,1	935	935
P134,1	936	936
P65,1	937	937
P125,1	938	938
P144,1	939	939
P135,1	940	940
P66,1	941	941
P70,1	942	942
P98,1	943	943
P126,1	944	944
P136,1	945	945
P146,1	946	946
P20,1	947	947
P107,1	948	948
P38,1	949	949
P74,1	950	950
P87,1	951	951
P63,1	952	952
P92,1	953	953
P32,1	954	954
P137,1	955	955
P127,1	956	956
P109,1	957	957
P80,1	958	958
P118,1	959	959
P138,1	960	960
P27,1	961	961
P60,1	962	962
P129,1	963	963
P119,1	964	964
P67,1	965	965
P33,1	966	966
P148,1	967	967
P26,1	968	968
P30,1	969	969
P139,1	970	970
P9,1	971	971
P111,1	972	972
P81,1	973	973
P2,1	974	974
P102,1	975	975
P112,1	976	976
P43,1	977	977
P120,1	978	978
P28,1	979	979
P89,1	980	980
P34,1	981	981
P72,1	982	982
P11,1	983	983
P82,1	984	984
P68,1	985	985
P132,1	986	986
P114,1	987	987
P53,1	988	988
P61,1	989	989
P150,1	990	990
P44,1	991	991
P77,1	992	992
P45,1	993	993
P19,1	994	994
P69,1	995	995
P133,1	996	996
P122,1	997	997
P57,1	998	998
P84,1	999	999
P54,1	1000	1000
P152,1	1001	1001
P143,1	1002	1002
P49,1	1003	1003
P106,1	1004	1004
P46,1	1005	1005
P12,1	1006	1006
P123,1	1007	1007
P91,1	1008	1008
P97,1	1009	1009
P13,1	1010	1010
P134,1	1011	1011
P65,1	1012	1012
P154,1	1013	1013
P86,1	1014	1014
P10,1	1015	1015
P37,1	1016	1016
P145,1	1017	1017
P25,1	1018	1018
P98,1	1019	1019
P126,1	1020	1020
P136,1	1021	1021
P146,1	1022	1022
P20,1	1023	1023
P107,1	1024	1024
P156,1	1025	1025
P40,1	1026	1026
P41,1	1027	1027
P21,1	1028	1028
P47,1	1029	1029
P22,1	1030	1030
P71,1	1031	1031
P55,1	1032	1032
P93,1	1033	1033
P147,1	1034	1034
P88,1	1035	1035
P4,1	1036	1036
P138,1	1037	1037
P27,1	1038	1038
P60,1	1039	1039
P129,1	1040	1040
P158,1	1041	1041
P23,1	1042	1042
P14,1	1043	1043
P100,1	1044	1044
P42,1	1045	1045
P51,1	1046	1046
P30,1	1047	1047
P139,1	1048	1048
P9,1	1049	1049
P111,1	1050	1050
P81,1	1051	1051
P160,1	1052	1052
P130,1	1053	1053
P6,1	1054	1054
P140,1	1055	1055
P131,1	1056	1056
P149,1	1057	1057
P28,1	1058	1058
P89,1	1059	1059
P162,1	1060	1060
P52,1	1061	1061
P64,1	1062	1062
P103,1	1063	1063
P16,1	1064	1064
P141,1	1065	1065
P83,1	1066	1066
P104,1	1067	1067
P29,1	1068	1068
P17,1	1069	1069
P121,1	1070	1070
P48,1	1071	1071
P90,1	1072	1072
P45,1	1073	1073
P164,1	1074	1074
P15,1	1075	1075
P69,1	1076	1076
P133,1	1077	1077
P122,1	1078	1078
P57,1	1079	1079
P84,1	1080	1080
P54,1	1081	1081
P152,1	1082	1082
P143,1	1083	1083
P49,1	1084	1084
P106,1	1085	1085
P46,1	1086	1086
P12,1	1087	1087
P166,1	1088	1088
P116,1	1089	1089
P85,1	1090	1090
P97,1	1091	1091
P13,1	1092	1092
P134,1	1093	1093
P65,1	1094	1094
P154,1	1095	1095
P86,1	1096	1096
P10,1	1097	1097
P37,1	1098	1098
P145,1	1099	1099
P25,1	1100	1100
P98,1	1101	1101
P168,1	1102	1102
P62,1	1103	1103
P59,1	1104	1104
P7,1	1105	1105
P24,1	1106	1106
P108,1	1107	1107
P38,1	1108	1108
P170,1	1109	1109
P74,1	1110	1110
P87,1	1111	1111
P63,1	1112	1112
P92,1	1113	1113
P32,1	1114	1114
P137,1	1115	1115
P127,1	1116	1116
P109,1	1117	1117
P80,1	1118	1118
P118,1	1119	1119
P4,1	1120	1120
P138,1	1121	1121
P27,1	1122	1122
P60,1	1123	1123
P172,1	1124	1124
P75,1	1125	1125
P119,1	1126	1126
P67,1	1127	1127
P33,1	1128	1128
P148,1	1129	1129
P26,1	1130	1130
P159,1	1131	1131
P94,1	1132	1132
P110,1	1133	1133
P101,1	1134	1134
P76,1	1135	1135
P56,1	1136	1136
P160,1	1137	1137
P130,1	1138	1138
P6,1	1139	1139
P140,1	1140	1140
P131,1	1141	1141
P149,1	1142	1142
P28,1	1143	1143
P89,1	1144	1144
P174,1	1145	1145
P34,1	1146	1146
P72,1	1147	1147
P11,1	1148	1148
P82,1	1149	1149
P68,1	1150	1150
P132,1	1151	1151
P83,1	1152	1152
P104,1	1153	1153
P176,1	1154	1154
P29,1	1155	1155
P178,1	1156	1156
P150,1	1157	1157
P44,1	1158	1158
P77,1	1159	1159
P163,1	1160	1160
P18,1	1161	1161
P19,1	1162	1162
P165,1	1163	1163
P31,1	1164	1164
P133,1	1165	1165
P122,1	1166	1166
P57,1	1167	1167
P84,1	1168	1168
P54,1	1169	1169
P180,1	1170	1170
P105,1	1171	1171
P143,1	1172	1172
P49,1	1173	1173
P106,1	1174	1174
P46,1	1175	1175
P12,1	1176	1176
P166,1	1177	1177
P116,1	1178	1178
P182,1	1179	1179
P167,1	1180	1180
P97,1	1181	1181
P13,1	1182	1182
P134,1	1183	1183
P184,1	1184	1184
P124,1	1185	1185
P125,1	1186	1186
P144,1	1187	1187
P37,1	1188	1188
P145,1	1189	1189
P10,2	1190	1190
P155,1	1191	1191
P117,1	1192	1192
P126,1	1193	1193
P62,1	1194	1194
P59,1	1195	1195
P186,1	1196	1196
P20,1	1197	1197
P107,1	1198	1198
P156,1	1199	1199
P169,1	1200	1200
P40,1	1201	1201
P41,1	1202	1202
P21,1	1203	1203
P47,1	1204	1204
P22,1	1205	1205
P71,1	1206	1206
P55,1	1207	1207
P93,1	1208	1208
P109,1	1209	1209
P80,1	1210	1210
P118,1	1211	1211
P4,1	1212	1212
P138,1	1213	1213
P27,1	1214	1214
P60,1	1215	1215
P172,1	1216	1216
P75,1	1217	1217
P119,1	1218	1218
P188,1	1219	1219
P14,1	1220	1220
P100,1	1221	1221
P42,1	1222	1222
P51,1	1223	1223
P30,1	1224	1224
P139,1	1225	1225
P9,1	1226	1226
P111,1	1227	1227
P81,1	1228	1228
P56,1	1229	1229
P160,1	1230	1230
P130,1	1231	1231
P190,1	1232	1232
P112,1	1233	1233
P43,1	1234	1234
P120,1	1235	1235
P161,1	1236	1236
P95,1	1237	1237
P89,1	1238	1238
P174,1	1239	1239
P34,1	1240	1240
P72,1	1241	1241
P11,1	1242	1242
P82,1	1243	1243
P68,1	1244	1244
P132,1	1245	1245
P192,1	1246	1246
P114,1	1247	1247
P53,1	1248	1248
P177,1	1249	1249
P61,1	1250	1250
P17,1	1251	1251
P121,1	1252	1252
P48,1	1253	1253
P90,1	1254	1254
P163,1	1255	1255
P18,1	1256	1256
P19,1	1257	1257
P165,1	1258	1258
P31,1	1259	1259
P133,1	1260	1260
P122,1	1261	1261
P57,1	1262	1262
P84,1	1263	1263
P54,1	1264	1264
P194,1	1265	1265
P180,1	1266	1266
P105,1	1267	1267
P143,1	1268	1268
P49,1	1269	1269
P106,1	1270	1270
P46,1	1271	1271
P12,1	1272	1272
P166,1	1273	1273
P116,1	1274	1274
P182,1	1275	1275
P167,1	1276	1276
P97,1	1277	1277
P196,1	1278	1278
P153,1	1279	1279
P79,1	1280	1280
P65,1	1281	1281
P154,1	1282	1282
P86,1	1283	1283
P135,1	1284	1284
P66,1	1285	1285
P70,1	1286	1286
P25,1	1287	1287
P98,1	1288	1288
P168,1	1289	1289
P126,1	1290	1290
P62,1	1291	1291
P59,1	1292	1292
P198,1	1293	1293
P7,1	1294	1294
P24,1	1295	1295
P108,1	1296	1296
P38,1	1297	1297
P170,1	1298	1298
P74,1	1299	1299
P87,1	1300	1300
P63,1	1301	1301
P92,1	1302	1302
P22,1	1303	1303
P71,1	1304	1304
P55,1	1305	1305
P93,1	1306	1306
P109,1	1307	1307
P200,1	1308	1308
P88,1	1309	1309
P171,1	1310	1310
P157,1	1311	1311
P50,1	1312	1312
P99,1	1313	1313
P128,1	1314	1314
P129,1	1315	1315
P158,1	1316	1316
P23,1	1317	1317
P67,1	1318	1318
P33,1	1319	1319
P148,1	1320	1320
P26,1	1321	1321
P159,1	1322	1322
P94,1	1323	1323
P110,1	1324	1324
P101,1	1325	1325
P76,1	1326	1326
P189,1	1327	1327
P173,1	1328	1328
P2,1	1329	1329
P102,1	1330	1330
P6,1	1331	1331
P140,1	1332	1332
P131,1	1333	1333
P149,1	1334	1334
P28,1	1335	1335
P191,1	1336	1336
P113,1	1337	1337
P162,1	1338	1338
P52,1	1339	1339
P64,1	1340	1340
P103,1	1341	1341
P16,1	1342	1342
P141,1	1343	1343
P175,1	1344	1344
P83,1	1345	1345
P104,1	1346	1346
P176,1	1347	1347
P29,1	1348	1348
P178,1	1349	1349
P150,1	1350	1350
P44,1	1351	1351
P77,1	1352	1352
P193,1	1353	1353
P45,1	1354	1354
P164,1	1355	1355
P15,1	1356	1356
P69,1	1357	1357
P179,1	1358	1358
P142,1	1359	1359
P96,1	1360	1360
P151,1	1361	1361
P39,1	1362	1362
P35,1	1363	1363
P195,1	1364	1364
P152,1	1365	1365
P181,1	1366	1366
P36,1	1367	1367
P115,1	1368	1368
P8,1	1369	1369
P73,1	1370	1370
P166,1	1371	1371
P116,1	1372	1372
P182,1	1373	1373
P167,1	1374	1374
P97,1	1375	1375
P12,2	1376	1376
P13,1	1377	1377
P134,1	1378	1378
P184,1	1379	1379
P124,1	1380	1380
P125,1	1381	1381
P144,1	1382	1382
P37,1	1383	1383
P145,1	1384	1384
P10,2	1385	1385
P155,1	1386	1386
P117,1	1387	1387
P197,1	1388	1388
P185,1	1389	1389
P136,1	1390	1390
P146,1	1391	1391
P186,1	1392	1392
P20,1	1393	1393
P107,1	1394	1394
P156,1	1395	1395
P169,1	1396	1396
P40,1	1397	1397
P41,1	1398	1398
P21,1	1399	1399
P47,1	1400	1400
P199,1	1401	1401
P32,1	1402	1402
P137,1	1403	1403
P127,1	1404	1404
P187,1	1405	1405
P147,1	1406	1406
P80,1	1407	1407
P118,1	1408	1408
P4,1	1409	1409
P138,1	1410	1410
P27,1	1411	1411
P60,1	1412	1412
P172,1	1413	1413
P75,1	1414	1414
P119,1	1415	1415
P188,1	1416	1416
P14,1	1417	1417
P100,1	1418	1418
P42,1	1419	1419
P51,1	1420	1420
P30,1	1421	1421
P139,1	1422	1422
P9,1	1423	1423
P111,1	1424	1424
P81,1	1425	1425
P56,1	1426	1426
P160,1	1427	1427
P130,1	1428	1428
P190,1	1429	1429
P112,1	1430	1430
P43,1	1431	1431
P120,1	1432	1432
P161,1	1433	1433
P95,1	1434	1434
P89,1	1435	1435
P174,1	1436	1436
P34,1	1437	1437
P72,1	1438	1438
P11,1	1439	1439
P82,1	1440	1440
P68,1	1441	1441
P132,1	1442	1442
P192,1	1443	1443
P114,1	1444	1444
P53,1	1445	1445
P177,1	1446	1446
P61,1	1447	1447
P17,1	1448	1448
P121,1	1449	1449
P48,1	1450	1450
P90,1	1451	1451
P163,1	1452	1452
P18,1	1453	1453
P19,1	1454	1454
P165,1	1455	1455
P31,1	1456	1456
P133,1	1457	1457
P122,1	1458	1458
P57,1	1459	1459
P84,1	1460	1460
P54,1	1461	1461
P194,1	1462	1462
P180,1	1463	1463
P105,1	1464	1464
P143,1	1465	1465
P49,1	1466	1466
P106,1	1467	1467
P46,1	1468	1468
P78,1	1469	1469
P123,1	1470	1470
P91,1	1471	1471
P85,1	1472	1472
P183,1	1473	1473
P58,1	1474	1474
P196,1	1475	1475
P153,1	1476	1476
P79,1	1477	1477
P65,1	1478	1478
P154,1	1479	1479
P86,1	1480	1480
P135,1	1481	1481
P66,1	1482	1482
P70,1	1483	1483
P25,1	1484	1484
P98,1	1485	1485
P168,1	1486	1486
P126,1	1487	1487
P62,1	1488	1488
P59,1	1489	1489
P198,1	1490	1490
P7,1	1491	1491
P24,1	1492	1492
P108,1	1493	1493
P38,1	1494	1494
P170,1	1495	1495
P74,1	1496	1496
P87,1	1497	1497
P63,1	1498	1498
P92,1	1499	1499
P22,1	1500	1500
P71,1	1501	1501
P55,1	1502	1502
P93,1	1503	1503
P109,1	1504	1504
P200,1	1505	1505
P88,1	1506	1506
P171,1	1507	1507
P157,1	1508	1508
P50,1	1509	1509
P99,1	1510	1510
P128,1	1511	1511
P129,1	1512	1512
P158,1	1513	1513
P23,1	1514	1514
P67,1	1515	1515
P33,1	1516	1516
P148,1	1517	1517
P26,1	1518	1518
P159,1	1519	1519
P94,1	1520	1520
P110,1	1521	1521
P101,1	1522	1522
P76,1	1523	1523
P189,1	1524	1524
P173,1	1525	1525
P2,1	1526	1526
P102,1	1527	1527
P6,1	1528	1528
P140,1	1529	1529
P131,1	1530	1530
P149,1	1531	1531
P28,1	1532	1532
P191,1	1533	1533
P113,1	1534	1534
P162,1	1535	1535
P52,1	1536	1536
P64,1	1537	1537
P103,1	1538	1538
P16,1	1539	1539
P141,1	1540	1540
P175,1	1541	1541
P83,1	1542	1542
P104,1	1543	1543
P176,1	1544	1544
P29,1	1545	1545
P178,1	1546	1546
P150,1	1547	1547
P44,1	1548	1548
P77,1	1549	1549
P193,1	1550	1550
P45,1	1551	1551
P164,1	1552	1552
P15,1	1553	1553
P69,1	1554	1554
P179,1	1555	1555
P142,1	1556	1556
P96,1	1557	1557
P151,1	1558	1558
P39,1	1559	1559
P35,1	1560	1560
P195,1	1561	1561
P152,1	1562	1562
P181,1	1563	1563
P36,1	1564	1564
P115,1	1565	1565
P8,1	1566	1566
P73,1	1567	1567
P166,1	1568	1568
P116,1	1569	1569
P182,1	1570	1570
P167,1	1571	1571
P97,1	1572	1572
P12,2	1573	1573
P13,1	1574	1574
P134,1	1575	1575
P184,1	1576	1576
P124,1	1577	1577
P125,1	1578	1578
P144,1	1579	1579
P37,1	1580	1580
P145,1	1581	1581
P10,2	1582	1582
P155,1	1583	1583
P117,1	1584	1584
P197,1	1585	1585
P185,1	1586	1586
P136,1	1587	1587
P146,1	1588	1588
P186,1	1589	1589
P20,1	1590	1590
P107,1	1591	1591
P156,1	1592	1592
P169,1	1593	1593
P40,1	1594	1594
P41,1	1595	1595
P21,1	1596	1596
P47,1	1597	1597
P199,1	1598	1598
P32,1	1599	1599
P137,1	1600	1600
P127,1	1601	1601
P187,1	1602	1602
P147,1	1603	1603
P80,1	1604	1604
P118,1	1605	1605
P4,1	1606	1606
P138,1	1607	1607
P27,1	1608	1608
P60,1	1609	1609
P172,1	1610	1610
P75,1	1611	1611
P119,1	1612	1612
P188,1	1613	1613
P14,1	1614	1614
P100,1	1615	1615
P42,1	1616	1616
P51,1	1617	1617
P30,1	1618	1618
P139,1	1619	1619
P9,1	1620	1620
P111,1	1621	1621
P81,1	1622	1622
P56,1	1623	1623
P160,1	1624	1624
P130,1	1625	1625
P190,1	1626	1626
P112,1	1627	1627
P43,1	1628	1628
P120,1	1629	1629
P161,1	1630	1630
P95,1	1631	1631
P89,1	1632	1632
P174,1	1633	1633
P34,1	1634	1634
P72,1	1635	1635
P11,1	1636	1636
P82,1	1637	1637
P68,1	1638	1638
P132,1	1639	1639
P192,1	1640	1640
P114,1	1641	1641
P53,1	1642	1642
P177,1	1643	1643
P61,1	1644	1644
P17,1	1645	1645
P121,1	1646	1646
P48,1	1647	1647
P90,1	1648	1648
P163,1	1649	1649
P18,1	1650	1650
P19,1	1651	1651
P165,1	1652	1652
P31,1	1653	1653
P133,1	1654	1654
P122,1	1655	1655
P57,1	1656	1656
P84,1	1657	1657
P54,1	1658	1658
P194,1	1659	1659
P180,1	1660	1660
P105,1	1661	1661
P143,1	1662	1662
P49,1	1663	1663
P106,1	1664	1664
P46,1	1665	1665
P78,1	1666	1666
P123,1	1667	1667
P91,1	1668	1668
P85,1	1669	1669
P183,1	1670	1670
P58,1	1671	1671
P196,1	1672	1672
P153,1	1673	1673
P79,1	1674	1674
P65,1	1675	1675
P154,1	1676	1676
P86,1	1677	1677
P135,1	1678	1678
P66,1	1679	1679
P70,1	1680	1680
P25,1	1681	1681
P98,1	1682	1682
P168,1	1683	1683
P126,1	1684	1684
P62,1	1685	1685
P59,1	1686	1686
P198,1	1687	1687
P7,1	1688	1688
P24,1	1689	1689
P108,1	1690	1690
P38,1	1691	1691
P170,1	1692	1692
P74,1	1693	1693
P87,1	1694	1694
P63,1	1695	1695
P92,1	1696	1696
P22,1	1697	1697
P71,1	1698	1698
P55,1	1699	1699
P93,1	1700	1700
P109,1	1701	1701
P200,1	1702	1702
P88,1	1703	1703
P171,1	1704	1704
P157,1	1705	1705
P50,1	1706	1706
P99,1	1707	1707
P128,1	1708	1708
P129,1	1709	1709
P158,1	1710	1710
P23,1	1711	1711
P67,1	1712	1712
P33,1	1713	1713
P148,1	1714	1714
P26,1	1715	1715
P159,1	1716	1716
P94,1	1717	1717
P110,1	1718	1718
P101,1	1719	1719
P76,1	1720	1720
P189,1	1721	1721
P173,1	1722	1722
P2,1	1723	1723
P102,1	1724	1724
P6,1	1725	1725
P140,1	1726	1726
P131,1	1727	1727
P149,1	1728	1728
P28,1	1729	1729
P191,1	1730	1730
P113,1	1731	1731
P162,1	1732	1732
P52,1	1733	1733
P64,1	1734	1734
P103,1	1735	1735
P16,1	1736	1736
P141,1	1737	1737
P175,1	1738	1738
P83,1	1739	1739
P104,1	1740	1740
P176,1	1741	1741
P29,1	1742	1742
P178,1	1743	1743
P150,1	1744	1744
P44,1	1745	1745
P77,1	1746	1746
P193,1	1747	1747
P45,1	1748	1748
P164,1	1749	1749
P15,1	1750	1750
P69,1	1751	1751
P179,1	1752	1752
P142,1	1753	1753
P96,1	1754	1754
P151,1	1755	1755
P39,1	1756	1756
P35,1	1757	1757
P195,1	1758	1758
P152,1	1759	1759
P181,1	1760	1760
P36,1	1761	1761
P115,1	1762	1762
P8,1	1763	1763
P73,1	1764	1764
P166,1	1765	1765
P116,1	1766	1766
P182,1	1767	1767
P167,1	1768	1768
P97,1	1769	1769
P12,2	1770	1770
P13,1	1771	1771
P134,1	1772	1772
P184,1	1773	1773
P124,1	1774	1774
P125,1	1775	1775
P144,1	1776	1776
P37,1	1777	1777
P145,1	1778	1778
P10,2	1779	1779
P155,1	1780	1780
P117,1	1781	1781
P197,1	1782	1782
P185,1	1783	1783
P136,1	1784	1784
P146,1	1785	1785
P186,1	1786	1786
P24,1	1787	1787
P108,1	1788	1788
P38,1	1789	1789
P170,1	1790	1790
P74,1	1791	1791
P87,1	1792	1792
P63,1	1793	1793
P92,1	1794	1794
P22,1	1795	1795
P71,1	1796	1796
P55,1	1797	1797
P93,1	1798	1798
P109,1	1799	1799
P200,1	1800	1800
P88,1	1801	1801
P171,1	1802	1802
P157,1	1803	1803
P50,1	1804	1804
P99,1	1805	1805
P128,1	1806	1806
P129,1	1807	1807
P158,1	1808	1808
P23,1	1809	1809
P67,1	1810	1810
P33,1	1811	1811
P148,1	1812	1812
P26,1	1813	1813
P159,1	1814	1814
P94,1	1815	1815
P110,1	1816	1816
P101,1	1817	1817
P76,1	1818	1818
P189,1	1819	1819
P173,1	1820	1820
P2,1	1821	1821
P102,1	1822	1822
P6,1	1823	1823
P140,1	1824	1824
P131,1	1825	1825
P149,1	1826	1826
P28,1	1827	1827
P191,1	1828	1828
P113,1	1829	1829
P162,1	1830	1830
P52,1	1831	1831
P64,1	1832	1832
P103,1	1833	1833
P16,1	1834	1834
P141,1	1835	1835
P175,1	1836	1836
P83,1	1837	1837
P104,1	1838	1838
P176,1	1839	1839
P29,1	1840	1840
P178,1	1841	1841
P150,1	1842	1842
P44,1	1843	1843
P77,1	1844	1844
P193,1	1845	1845
P45,1	1846	1846
P164,1	1847	1847
P15,1	1848	1848
P69,1	1849	1849
P179,1	1850	1850
P142,1	1851	1851
P96,1	1852	1852
P151,1	1853	1853
P39,1	1854	1854
P35,1	1855	1855
P195,1	1856	1856
P152,1	1857	1857
P181,1	1858	1858
P36,1	1859	1859
P115,1	1860	1860
P8,1	1861	1861
P73,1	1862	1862
P166,1	1863	1863
P116,1	1864	1864
P182,1	1865	1865
P167,1	1866	1866
P97,1	1867	1867
P12,2	1868	1868
P13,1	1869	1869
P134,1	1870	1870
P184,1	1871	1871
P124,1	1872	1872
P125,1	1873	1873
P144,1	1874	1874
P37,1	1875	1875
P145,1	1876	1876
P10,2	1877	1877
P155,1	1878	1878
P117,1	1879	1879
P197,1	1880	1880
P185,1	1881	1881
P136,1	1882	1882
P146,1	1883	1883
P186,1	1884	1884
P24,1	1885	1885
P108,1	1886	1886
P38,1	1887	1887
P170,1	1888	1888
P74,1	1889	1889
P87,1	1890	1890
P63,1	1891	1891
P92,1	1892	1892
P22,1	1893	1893
P71,1	1894	1894
P55,1	1895	1895
P93,1	1896	1896
P109,1	1897	1897
P200,1	1898	1898
P88,1	1899	1899
P171,1	1900	1900
P157,1	1901	1901
P50,1	1902	1902
P99,1	1903	1903
P128,1	1904	1904
P129,1	1905	1905
P158,1	1906	1906
P23,1	1907	1907
P67,1	1908	1908
P33,1	1909	1909
P148,1	1910	1910
P26,1	1911	1911
P159,1	1912	1912
P94,1	1913	1913
P110,1	1914	1914
P101,1	1915	1915
P76,1	1916	1916
P189,1	1917	1917
P173,1	1918	1918
P2,1	1919	1919
P102,1	1920	1920
P6,1	1921	1921
P140,1	1922	1922
P131,1	1923	1923
P149,1	1924	1924
P28,1	1925	1925
P191,1	1926	1926
P113,1	1927	1927
P162,1	1928	1928
P52,1	1929	1929
P64,1	1930	1930
P103,1	1931	1931
P16,1	1932	1932
P141,1	1933	1933
P175,1	1934	1934
P83,1	1935	1935
P104,1	1936	1936
P176,1	1937	1937
P29,1	1938	1938
P178,1	1939	1939
P150,1	1940	1940
P44,1	1941	1941
P77,1	1942	1942
P193,1	1943	1943
P45,1	1944	1944
P164,1	1945	1945
P15,1	1946	1946
P69,1	1947	1947
P179,1	1948	1948
P142,1	1949	1949
P96,1	1950	1950
P151,1	1951	1951
P39,1	1952	1952
P35,1	1953	1953
P195,1	1954	1954
P152,1	1955	1955
P181,1	1956	1956
P36,1	1957	1957
P115,1	1958	1958
P8,1	1959	1959
P73,1	1960	1960
P166,1	1961	1961
P116,1	1962	1962
P182,1	1963	1963
P167,1	1964	1964
P97,1	1965	1965
P12,2	1966	1966
P13,1	1967	1967
P134,1	1968	1968
P184,1	1969	1969
P124,1	1970	1970
P125,1	1971	1971
P144,1	1972	1972
P37,1	1973	1973
P145,1	1974	1974
P10,2	1975	1975
P155,1	1976	1976
P117,1	1977	1977
P197,1	1978	1978
P185,1	1979	1979
P136,1	1980	1980
P146,1	1981	1981
P186,1	1982	1982
P24,1	1983	1983
P108,1	1984	1984
P38,1	1985	1985
P170,1	1986	1986
P74,1	1987	1987
P87,1	1988	1988
P63,1	1989	1989
P92,1	1990	1990
P22,1	1991	1991
P71,1	1992	1992
P55,1	1993	1993
P93,1	1994	1994
P109,1	1995	1995
P200,1	1996	1996
P88,1	1997	1997
P171,1	1998	1998
P157,1	1999	1999
P50,1	2000	2000
P99,1	2001	2001
P128,1	2002	2002
P129,1	2003	2003
P158,1	2004	2004
P23,1	2005	2005
P67,1	2006	2006
P33,1	2007	2007
P148,1	2008	2008
P26,1	2009	2009
P159,1	2010	2010
P94,1	2011	2011
P110,1	2012	2012
P101,1	2013	2013
P76,1	2014	2014
P189,1	2015	2015
P173,1	2016	2016
P2,1	2017	2017
P102,1	2018	2018
P6,1	2019	2019
P140,1	2020	2020
P131,1	2021	2021
P149,1	2022	2022
P28,1	2023	2023
P191,1	2024	2024
P113,1	2025	2025
P162,1	2026	2026
P52,1	2027	2027
P64,1	2028	2028
P103,1	2029	2029
P16,1	2030	2030
P141,1	2031	2031
P175,1	2032	2032
P83,1	2033	2033
P104,1	2034	2034
P176,1	2035	2035
P29,1	2036	2036
P178,1	2037	2037
P150,1	2038	2038
P44,1	2039	2039
P77,1	2040	2040
P193,1	2041	2041
P45,1	2042	2042
P164,1	2043	2043
P15,1	2044	2044
P69,1	2045	2045
P179,1	2046	2046
P142,1	2047	2047
P96,1	2048	2048
P151,1	2049	2049
P39,1	2050	2050
P35,1	2051	2051
P195,1	2052	2052
P152,1	2053	2053
P181,1	2054	2054
P36,1	2055	2055
P115,1	2056	2056
P8,1	2057	2057
P73,1	2058	2058
P166,1	2059	2059
P116,1	2060	2060
P182,1	2061	2061
P167,1	2062	2062
P97,1	2063	2063
P12,2	2064	2064
P13,1	2065	2065
P134,1	2066	2066
P184,1	2067	2067
P124,1	2068	2068
P125,1	2069	2069
P144,1	2070	2070
P37,1	2071	2071
P145,1	2072	2072
P10,2	2073	2073
P155,1	2074	2074
P117,1	2075	2075
P197,1	2076	2076
P185,1	2077	2077
P136,1	2078	2078
P146,1	2079	2079
P186,1	2080	2080
P24,1	2081	2081
P108,1	2082	2082
P38,1	2083	2083
P170,1	2084	2084
P74,1	2085	2085
P87,1	2086	2086
P63,1	2087	2087
P92,1	2088	2088
P22,1	2089	2089
P71,1	2090	2090
P55,1	2091	2091
P93,1	2092	2092
P109,1	2093	2093
P200,1	2094	2094
P88,1	2095	2095
P171,1	2096	2096
P157,1	2097	2097
P50,1	2098	2098
P99,1	2099	2099
P128,1	2100	2100
P129,1	2101	2101
P158,1	2102	2102
P23,1	2103	2103
P67,1	2104	2104
P33,1	2105	2105
P148,1	2106	2106
P26,1	2107	2107
P159,1	2108	2108
P94,1	2109	2109
P110,1	2110	2110
P101,1	2111	2111
P76,1	2112	2112
P189,1	2113	2113
P173,1	2114	2114
P2,1	2115	2115
P102,1	2116	2116
P6,1	2117	2117
P140,1	2118	2118
P131,1	2119	2119
P149,1	2120	2120
P28,1	2121	2121
P191,1	2122	2122
P113,1	2123	2123
P162,1	2124	2124
P52,1	2125	2125
P64,1	2126	2126
P103,1	2127	2127
P16,1	2128	2128
P141,1	2129	2129
P175,1	2130	2130
P83,1	2131	2131
P104,1	2132	2132
P176,1	2133	2133
P29,1	2134	2134
P178,1	2135	2135
P150,1	2136	2136
P44,1	2137	2137
P77,1	2138	2138
P193,1	2139	2139
P45,1	2140	2140
P164,1	2141	2141
P15,1	2142	2142
P69,1	2143	2143
P179,1	2144	2144
P142,1	2145	2145
P96,1	2146	2146
P151,1	2147	2147
P39,1	2148	2148
P35,1	2149	2149
P195,1	2150	2150
P152,1	2151	2151
P181,1	2152	2152
P36,1	2153	2153
P115,1	2154	2154
P8,1	2155	2155
P73,1	2156	2156
P166,1	2157	2157
P116,1	2158	2158
P182,1	2159	2159
P167,1	2160	2160
P97,1	2161	2161
P12,2	2162	2162
P13,1	2163	2163
P134,1	2164	2164
P184,1	2165	2165
P124,1	2166	2166
P125,1	2167	2167
P144,1	2168	2168
P37,1	2169	2169
P145,1	2170	2170
P10,2	2171	2171
P155,1	2172	2172
P117,1	2173	2173
P197,1	2174	2174
P185,1	2175	2175
P136,1	2176	2176
P146,1	2177	2177
P186,1	2178	2178
P24,1	2179	2179
P108,1	2180	2180
P38,1	2181	2181
P170,1	2182	2182
P74,1	2183	2183
P87,1	2184	2184
P63,1	2185	2185
P92,1	2186	2186
P22,1	2187	2187
P71,1	2188	2188
P55,1	2189	2189
P93,1	2190	2190
P109,1	2191	2191
P200,1	2192	2192
P88,1	2193	2193
P171,1	2194	2194
P157,1	2195	2195
P50,1	2196	2196
P99,1	2197	2197
P128,1	2198	2198
P129,1	2199	2199
P158,1	2200	2200
P23,1	2201	2201
P67,1	2202	2202
P33,1	2203	2203
P148,1	2204	2204
P26,1	2205	2205
P159,1	2206	2206
P94,1	2207	2207
P110,1	2208	2208
P101,1	2209	2209
P76,1	2210	2210
P189,1	2211	2211
P173,1	2212	2212
P2,1	2213	2213
P102,1	2214	2214
P6,1	2215	2215
P140,1	2216	2216
P131,1	2217	2217
P149,1	2218	2218
P28,1	2219	2219
P191,1	2220	2220
P113,1	2221	2221
P162,1	2222	2222
P52,1	2223	2223
P64,1	2224	2224
P103,1	2225	2225
P16,1	2226	2226
P141,1	2227	2227
P175,1	2228	2228
P83,1	2229	2229
P104,1	2230	2230
P176,1	2231	2231
P29,1	2232	2232
P178,1	2233	2233
P150,1	2234	2234
P44,1	2235	2235
P77,1	2236	2236
P193,1	2237	2237
P45,1	2238	2238
P164,1	2239	2239
P15,1	2240	2240
P69,1	2241	2241
P179,1	2242	2242
P142,1	2243	2243
P96,1	2244	2244
P151,1	2245	2245
P39,1	2246	2246
P35,1	2247	2247
P195,1	2248	2248
P152,1	2249	2249
P181,1	2250	2250
P36,1	2251	2251
P115,1	2252	2252
P8,1	2253	2253
P73,1	2254	2254
P166,1	2255	2255
P116,1	2256	2256
P182,1	2257	2257
P167,1	2258	2258
P97,1	2259	2259
P12,2	2260	2260
P13,1	2261	2261
P134,1	2262	2262
P184,1	2263	2263
P124,1	2264	2264
P125,1	2265	2265
P144,1	2266	2266
P37,1	2267	2267
P145,1	2268	2268
P10,2	2269	2269
P155,1	2270	2270
P117,1	2271	2271
P197,1	2272	2272
P185,1	2273	2273
P136,1	2274	2274
P146,1	2275	2275
P186,1	2276	2276
P24,1	2277	2277
P108,1	2278	2278
P38,1	2279	2279
P170,1	2280	2280
P74,1	2281	2281
P87,1	2282	2282
P63,1	2283	2283
P92,1	2284	2284
P22,1	2285	2285
P71,1	2286	2286
P55,1	2287	2287
P93,1	2288	2288
P109,1	2289	2289
P200,1	2290	2290
P88,1	2291	2291
P171,1	2292	2292
P157,1	2293	2293
P50,1	2294	2294
P99,1	2295	2295
P128,1	2296	2296
P129,1	2297	2297
P158,1	2298	2298
P23,1	2299	2299
P67,1	2300	2300
P33,1	2301	2301
P148,1	2302	2302
P26,1	2303	2303
P159,1	2304	2304
P94,1	2305	2305
P110,1	2306	2306
P101,1	2307	2307
P76,1	2308	2308
P189,1	2309	2309
P173,1	2310	2310
P2,1	2311	2311
P102,1	2312	2312
P6,1	2313	2313
P140,1	2314	2314
P131,1	2315	2315
P149,1	2316	2316
P28,1	2317	2317
P191,1	2318	2318
P113,1	2319	2319
P162,1	2320	2320
P52,1	2321	2321
P64,1	2322	2322
P103,1	2323	2323
P16,1	2324	2324
P141,1	2325	2325
P175,1	2326	2326
P83,1	2327	2327
P104,1	2328	2328
P176,1	2329	2329
P29,1	2330	2330
P178,1	2331	2331
P150,1	2332	2332
P44,1	2333	2333
P77,1	2334	2334
P193,1	2335	2335
P45,1	2336	2336
P164,1	2337	2337
P15,1	2338	2338
P69,1	2339	2339
P179,1	2340	2340
P142,1	2341	2341
P96,1	2342	2342
P151,1	2343	2343
P39,1	2344	2344
P35,1	2345	2345
P195,1	2346	2346
P152,1	2347	2347
P181,1	2348	2348
P36,1	2349	2349
P115,1	2350	2350
P8,1	2351	2351
P73,1	2352	2352
P166,1	2353	2353
P116,1	2354	2354
P182,1	2355	2355
P167,1	2356	2356
P97,1	2357	2357
P12,2	2358	2358
P13,1	2359	2359
P134,1	2360	2360
P184,1	2361	2361
P124,1	2362	2362
P125,1	2363	2363
P144,1	2364	2364
P37,1	2365	2365
P145,1	2366	2366
P10,2	2367	2367
P155,1	2368	2368
P117,1	2369	2369
P197,1	2370	2370
P185,1	2371	2371
P136,1	2372	2372
P146,1	2373	2373
P186,1	2374	2374
P24,1	2375	2375
P108,1	2376	2376
P38,1	2377	2377
P170,1	2378	2378
P74,1	2379	2379
P87,1	2380	2380
P63,1	2381	2381
P92,1	2382	2382
P22,1	2383	2383
P71,1	2384	2384
P55,1	2385	2385
P93,1	2386	2386
P109,1	2387	2387
P200,1	2388	2388
P88,1	2389	2389
P171,1	2390	2390
P157,1	2391	2391
P50,1	2392	2392
P99,1	2393	2393
P128,1	2394	2394
P129,1	2395	2395
P158,1	2396	2396
P23,1	2397	2397
P67,1	2398	2398
P33,1	2399	2399
P148,1	2400	2400
P26,1	2401	2401
P159,1	2402	2402
P94,1	2403	2403
P110,1	2404	2404
P101,1	2405	2405
P76,1	2406	2406
P189,1	2407	2407
P173,1	2408	2408
P2,1	2409	2409
P102,1	2410	2410
P6,1	2411	2411
P140,1	2412	2412
P131,1	2413	2413
P149,1	2414	2414
P28,1	2415	2415
P191,1	2416	2416
P113,1	2417	2417
P162,1	2418	2418
P52,1	2419	2419
P64,1	2420	2420
P103,1	2421	2421
P16,1	2422	2422
P141,1	2423	2423
P175,1	2424	2424
P83,1	2425	2425
P104,1	2426	2426
P176,1	2427	2427
P29,1	2428	2428
P178,1	2429	2429
P150,1	2430	2430
P44,1	2431	2431
P77,1	2432	2432
P193,1	2433	2433
P45,1	2434	2434
P164,1	2435	2435
P15,1	2436	2436
P69,1	2437	2437
P179,1	2438	2438
P142,1	2439	2439
P96,1	2440	2440
P151,1	2441	2441
P39,1	2442	2442
P35,1	2443	2443
P195,1	2444	2444
P152,1	2445	2445
P181,1	2446	2446
P36,1	2447	2447
P115,1	2448	2448
P8,1	2449	2449
P78,1	2450	2450
P123,1	2451	2451
P91,1	2452	2452
P182,1	2453	2453
P167,1	2454	2454
P97,1	2455	2455
P12,2	2456	2456
P13,1	2457	2457
P134,1	2458	2458
P184,1	2459	2459
P124,1	2460	2460
P125,1	2461	2461
P144,1	2462	2462
P37,1	2463	2463
P145,1	2464	2464
P10,2	2465	2465
P155,1	2466	2466
P117,1	2467	2467
P197,1	2468	2468
P185,1	2469	2469
P136,1	2470	2470
P146,1	2471	2471
P186,1	2472	2472
P24,1	2473	2473
P108,1	2474	2474
P38,1	2475	2475
P170,1	2476	2476
P74,1	2477	2477
P87,1	2478	2478
P63,1	2479	2479
P92,1	2480	2480
P22,1	2481	2481
P71,1	2482	2482
P55,1	2483	2483
P93,1	2484	2484
P109,1	2485	2485
P200,1	2486	2486
P88,1	2487	2487
P171,1	2488	2488
P157,1	2489	2489
P50,1	2490	2490
P99,1	2491	2491
P128,1	2492	2492
P129,1	2493	2493
P158,1	2494	2494
P23,1	2495	2495
P67,1	2496	2496
P33,1	2497	2497
P148,1	2498	2498
P26,1	2499	2499
P159,1	2500	2500
P94,1	2501	2501
P110,1	2502	2502
P101,1	2503	2503
P76,1	2504	2504
P189,1	2505	2505
P173,1	2506	2506
P2,1	2507	2507
P102,1	2508	2508
P6,1	2509	2509
P140,1	2510	2510
P131,1	2511	2511
P149,1	2512	2512
P28,1	2513	2513
P191,1	2514	2514
P113,1	2515	2515
P162,1	2516	2516
P72,1	2517	2517
P11,1	2518	2518
P82,1	2519	2519
P68,1	2520	2520
P132,1	2521	2521
P192,1	2522	2522
P114,1	2523	2523
P53,1	2524	2524
P177,1	2525	2525
P61,1	2526	2526
P17,1	2527	2527
P121,1	2528	2528
P48,1	2529	2529
P90,1	2530	2530
P163,1	2531	2531
P18,1	2532	2532
P19,1	2533	2533
P165,1	2534	2534
P31,1	2535	2535
P133,1	2536	2536
P122,1	2537	2537
P57,1	2538	2538
P84,1	2539	2539
P54,1	2540	2540
P194,1	2541	2541
P180,1	2542	2542
P105,1	2543	2543
P143,1	2544	2544
P49,1	2545	2545
P106,1	2546	2546
P73,1	2547	2547
P166,1	2548	2548
P116,1	2549	2549
P46,2	2550	2550
P85,1	2551	2551
P183,1	2552	2552
P58,1	2553	2553
P196,1	2554	2554
P153,1	2555	2555
P79,1	2556	2556
P65,1	2557	2557
P154,1	2558	2558
P86,1	2559	2559
P135,1	2560	2560
P66,1	2561	2561
P70,1	2562	2562
P25,1	2563	2563
P98,1	2564	2564
P168,1	2565	2565
P126,1	2566	2566
P62,1	2567	2567
P59,1	2568	2568
P198,1	2569	2569
P7,1	2570	2570
P107,1	2571	2571
P156,1	2572	2572
P169,1	2573	2573
P40,1	2574	2574
P41,1	2575	2575
P21,1	2576	2576
P47,1	2577	2577
P199,1	2578	2578
P32,1	2579	2579
P137,1	2580	2580
P127,1	2581	2581
P187,1	2582	2582
P147,1	2583	2583
P80,1	2584	2584
P118,1	2585	2585
P4,1	2586	2586
P138,1	2587	2587
P27,1	2588	2588
P60,1	2589	2589
P172,1	2590	2590
P75,1	2591	2591
P119,1	2592	2592
P188,1	2593	2593
P14,1	2594	2594
P100,1	2595	2595
P42,1	2596	2596
P51,1	2597	2597
P30,1	2598	2598
P139,1	2599	2599
P9,1	2600	2600
P111,1	2601	2601
P81,1	2602	2602
P56,1	2603	2603
P160,1	2604	2604
P130,1	2605	2605
P190,1	2606	2606
P112,1	2607	2607
P43,1	2608	2608
P120,1	2609	2609
P161,1	2610	2610
P95,1	2611	2611
P89,1	2612	2612
P174,1	2613	2613
P34,1	2614	2614
P64,1	2615	2615
P103,1	2616	2616
P16,1	2617	2617
P141,1	2618	2618
P175,1	2619	2619
P83,1	2620	2620
P104,1	2621	2621
P176,1	2622	2622
P29,1	2623	2623
P178,1	2624	2624
P150,1	2625	2625
P44,1	2626	2626
P77,1	2627	2627
P193,1	2628	2628
P45,1	2629	2629
P164,1	2630	2630
P15,1	2631	2631
P69,1	2632	2632
P179,1	2633	2633
P142,1	2634	2634
P96,1	2635	2635
P151,1	2636	2636
P39,1	2637	2637
P35,1	2638	2638
P195,1	2639	2639
P152,1	2640	2640
P181,1	2641	2641
P36,1	2642	2642
P115,1	2643	2643
P8,1	2644	2644
P78,1	2645	2645
P123,1	2646	2646
P91,1	2647	2647
P182,1	2648	2648
P167,1	2649	2649
P97,1	2650	2650
P12,2	2651	2651
P13,1	2652	2652
P134,1	2653	2653
P184,1	2654	2654
P124,1	2655	2655
P125,1	2656	2656
P144,1	2657	2657
P37,1	2658	2658
P145,1	2659	2659
P10,2	2660	2660
P155,1	2661	2661
P117,1	2662	2662
P197,1	2663	2663
P185,1	2664	2664
P136,1	2665	2665
P146,1	2666	2666
P186,1	2667	2667
P24,1	2668	2668
P108,1	2669	2669
P38,1	2670	2670
P170,1	2671	2671
P74,1	2672	2672
P87,1	2673	2673
P47,1	2674	2674
P199,1	2675	2675
P63,2	2676	2676
P71,1	2677	2677
P55,1	2678	2678
P93,1	2679	2679
P109,1	2680	2680
P200,1	2681	2681
P88,1	2682	2682
P171,1	2683	2683
P157,1	2684	2684
P50,1	2685	2685
P99,1	2686	2686
P128,1	2687	2687
P129,1	2688	2688
P158,1	2689	2689
P23,1	2690	2690
P67,1	2691	2691
P33,1	2692	2692
P148,1	2693	2693
P26,1	2694	2694
P159,1	2695	2695
P94,1	2696	2696
P110,1	2697	2697
P101,1	2698	2698
P76,1	2699	2699
P189,1	2700	2700
P173,1	2701	2701
P2,1	2702	2702
P102,1	2703	2703
P6,1	2704	2704
P140,1	2705	2705
P131,1	2706	2706
P149,1	2707	2707
P28,1	2708	2708
P191,1	2709	2709
P113,1	2710	2710
P162,1	2711	2711
P72,1	2712	2712
P11,1	2713	2713
P82,1	2714	2714
P68,1	2715	2715
P132,1	2716	2716
P192,1	2717	2717
P114,1	2718	2718
P53,1	2719	2719
P177,1	2720	2720
P61,1	2721	2721
P17,1	2722	2722
P121,1	2723	2723
P48,1	2724	2724
P90,1	2725	2725
P163,1	2726	2726
P18,1	2727	2727
P19,1	2728	2728
P165,1	2729	2729
P31,1	2730	2730
P133,1	2731	2731
P122,1	2732	2732
P57,1	2733	2733
P84,1	2734	2734
P54,1	2735	2735
P194,1	2736	2736
P180,1	2737	2737
P105,1	2738	2738
P143,1	2739	2739
P49,1	2740	2740
P106,1	2741	2741
P73,1	2742	2742
P166,1	2743	2743
P116,1	2744	2744
P46,2	2745	2745
P85,1	2746	2746
P183,1	2747	2747
P58,1	2748	2748
P196,1	2749	2749
P153,1	2750	2750
P79,1	2751	2751
P65,1	2752	2752
P154,1	2753	2753
P86,1	2754	2754
P135,1	2755	2755
P66,1	2756	2756
P70,1	2757	2757
P25,1	2758	2758
P98,1	2759	2759
P168,1	2760	2760
P126,1	2761	2761
P62,1	2762	2762
P59,1	2763	2763
P198,1	2764	2764
P7,1	2765	2765
P107,1	2766	2766
P156,1	2767	2767
P169,1	2768	2768
P40,1	2769	2769
P41,1	2770	2770
P21,1	2771	2771
P92,1	2772	2772
P22,1	2773	2773
P32,1	2774	2774
P137,1	2775	2775
P127,1	2776	2776
P187,1	2777	2777
P147,1	2778	2778
P80,1	2779	2779
P118,1	2780	2780
P4,1	2781	2781
P138,1	2782	2782
P27,1	2783	2783
P60,1	2784	2784
P172,1	2785	2785
P75,1	2786	2786
P119,1	2787	2787
P67,1	2788	2788
P33,1	2789	2789
P148,1	2790	2790
P23,2	2791	2791
P51,1	2792	2792
P30,1	2793	2793
P139,1	2794	2794
P9,1	2795	2795
P111,1	2796	2796
P81,1	2797	2797
P56,1	2798	2798
P160,1	2799	2799
P130,1	2800	2800
P190,1	2801	2801
P112,1	2802	2802
P43,1	2803	2803
P120,1	2804	2804
P161,1	2805	2805
P95,1	2806	2806
P89,1	2807	2807
P174,1	2808	2808
P34,1	2809	2809
P64,1	2810	2810
P103,1	2811	2811
P16,1	2812	2812
P141,1	2813	2813
P175,1	2814	2814
P83,1	2815	2815
P104,1	2816	2816
P177,1	2817	2817
P61,1	2818	2818
P17,1	2819	2819
P121,1	2820	2820
P48,1	2821	2821
P90,1	2822	2822
P53,2	2823	2823
P45,1	2824	2824
P164,1	2825	2825
P15,1	2826	2826
P69,1	2827	2827
P179,1	2828	2828
P142,1	2829	2829
P96,1	2830	2830
P151,1	2831	2831
P39,1	2832	2832
P35,1	2833	2833
P195,1	2834	2834
P152,1	2835	2835
P181,1	2836	2836
P36,1	2837	2837
P115,1	2838	2838
P8,1	2839	2839
P78,1	2840	2840
P123,1	2841	2841
P91,1	2842	2842
P182,1	2843	2843
P167,1	2844	2844
P97,1	2845	2845
P12,2	2846	2846
P13,1	2847	2847
P134,1	2848	2848
P184,1	2849	2849
P124,1	2850	2850
P125,1	2851	2851
P144,1	2852	2852
P37,1	2853	2853
P145,1	2854	2854
P10,2	2855	2855
P155,1	2856	2856
P117,1	2857	2857
P197,1	2858	2858
P185,1	2859	2859
P136,1	2860	2860
P146,1	2861	2861
P186,1	2862	2862
P24,1	2863	2863
P108,1	2864	2864
P38,1	2865	2865
P170,1	2866	2866
P74,1	2867	2867
P87,1	2868	2868
P47,1	2869	2869
P199,1	2870	2870
P63,2	2871	2871
P71,1	2872	2872
P55,1	2873	2873
P93,1	2874	2874
P109,1	2875	2875
P200,1	2876	2876
P88,1	2877	2877
P171,1	2878	2878
P157,1	2879	2879
P50,1	2880	2880
P99,1	2881	2881
P128,1	2882	2882
P129,1	2883	2883
P158,1	2884	2884
P188,1	2885	2885
P14,1	2886	2886
P100,1	2887	2887
P42,1	2888	2888
P26,1	2889	2889
P159,1	2890	2890
P94,1	2891	2891
P110,1	2892	2892
P101,1	2893	2893
P76,1	2894	2894
P189,1	2895	2895
P173,1	2896	2896
P2,1	2897	2897
P102,1	2898	2898
P112,1	2899	2899
P43,1	2900	2900
P120,1	2901	2901
P161,1	2902	2902
P95,1	2903	2903
P89,1	2904	2904
P174,1	2905	2905
P34,1	2906	2906
P64,1	2907	2907
P103,1	2908	2908
P16,1	2909	2909
P141,1	2910	2910
P175,1	2911	2911
P83,1	2912	2912
P104,1	2913	2913
P177,1	2914	2914
P61,1	2915	2915
P17,1	2916	2916
P121,1	2917	2917
P48,1	2918	2918
P90,1	2919	2919
P53,2	2920	2920
P45,1	2921	2921
P164,1	2922	2922
P15,1	2923	2923
P69,1	2924	2924
P179,1	2925	2925
P142,1	2926	2926
P96,1	2927	2927
P151,1	2928	2928
P39,1	2929	2929
P35,1	2930	2930
P195,1	2931	2931
P152,1	2932	2932
P181,1	2933	2933
P36,1	2934	2934
P106,1	2935	2935
P73,1	2936	2936
P166,1	2937	2937
P116,1	2938	2938
P46,2	2939	2939
P85,1	2940	2940
P183,1	2941	2941
P97,1	2942	2942
P12,2	2943	2943
P13,1	2944	2944
P134,1	2945	2945
P184,1	2946	2946
P124,1	2947	2947
P125,1	2948	2948
P144,1	2949	2949
P37,1	2950	2950
P145,1	2951	2951
P10,2	2952	2952
P155,1	2953	2953
P117,1	2954	2954
P197,1	2955	2955
P185,1	2956	2956
P136,1	2957	2957
P146,1	2958	2958
P186,1	2959	2959
P24,1	2960	2960
P108,1	2961	2961
P38,1	2962	2962
P170,1	2963	2963
P74,1	2964	2964
P87,1	2965	2965
P47,1	2966	2966
P199,1	2967	2967
P63,2	2968	2968
P71,1	2969	2969
P55,1	2970	2970
P93,1	2971	2971
P109,1	2972	2972
P200,1	2973	2973
P88,1	2974	2974
P171,1	2975	2975
P157,1	2976	2976
P50,1	2977	2977
P60,1	2978	2978
P172,1	2979	2979
P75,1	2980	2980
P119,1	2981	2981
P67,1	2982	2982
P33,1	2983	2983
P148,1	2984	2984
P23,2	2985	2985
P51,1	2986	2986
P30,1	2987	2987
P139,1	2988	2988
P9,1	2989	2989
P111,1	2990	2990
P81,1	2991	2991
P56,1	2992	2992
P160,1	2993	2993
P130,1	2994	2994
P190,1	2995	2995
P140,1	2996	2996
P131,1	2997	2997
P149,1	2998	2998
P28,1	2999	2999
P191,1	3000	3000
P113,1	3001	3001
P162,1	3002	3002
P72,1	3003	3003
P11,1	3004	3004
P82,1	3005	3005
P68,1	3006	3006
P132,1	3007	3007
P192,1	3008	3008
P114,1	3009	3009
P176,1	3010	3010
P29,1	3011	3011
P178,1	3012	3012
P150,1	3013	3013
P44,1	3014	3014
P77,1	3015	3015
P193,1	3016	3016
P163,1	3017	3017
P18,1	3018	3018
P19,1	3019	3019
P165,1	3020	3020
P31,1	3021	3021
P133,1	3022	3022
P122,1	3023	3023
P57,1	3024	3024
P84,1	3025	3025
P54,1	3026	3026
P194,1	3027	3027
P180,1	3028	3028
P105,1	3029	3029
P143,1	3030	3030
P115,1	3031	3031
P8,1	3032	3032
P78,1	3033	3033
P123,1	3034	3034
P91,1	3035	3035
P182,1	3036	3036
P167,1	3037	3037
P49,2	3038	3038
P58,1	3039	3039
P196,1	3040	3040
P153,1	3041	3041
P79,1	3042	3042
P65,1	3043	3043
P154,1	3044	3044
P86,1	3045	3045
P135,1	3046	3046
P66,1	3047	3047
P70,1	3048	3048
P25,1	3049	3049
P98,1	3050	3050
P168,1	3051	3051
P126,1	3052	3052
P62,1	3053	3053
P59,1	3054	3054
P198,1	3055	3055
P7,1	3056	3056
P107,1	3057	3057
P156,1	3058	3058
P169,1	3059	3059
P40,1	3060	3060
P87,1	3061	3061
P47,1	3062	3062
P199,1	3063	3063
P63,2	3064	3064
P71,1	3065	3065
P55,1	3066	3066
P93,1	3067	3067
P109,1	3068	3068
P200,1	3069	3069
P88,1	3070	3070
P171,1	3071	3071
P157,1	3072	3072
P50,1	3073	3073
P60,1	3074	3074
P172,1	3075	3075
P75,1	3076	3076
P119,1	3077	3077
P67,1	3078	3078
P33,1	3079	3079
P148,1	3080	3080
P23,2	3081	3081
P51,1	3082	3082
P30,1	3083	3083
P139,1	3084	3084
P9,1	3085	3085
P111,1	3086	3086
P81,1	3087	3087
P56,1	3088	3088
P160,1	3089	3089
P130,1	3090	3090
P190,1	3091	3091
P140,1	3092	3092
P131,1	3093	3093
P149,1	3094	3094
P95,1	3095	3095
P89,1	3096	3096
P174,1	3097	3097
P162,1	3098	3098
P72,1	3099	3099
P11,1	3100	3100
P82,1	3101	3101
P68,1	3102	3102
P132,1	3103	3103
P192,1	3104	3104
P114,1	3105	3105
P176,1	3106	3106
P29,1	3107	3107
P178,1	3108	3108
P150,1	3109	3109
P44,1	3110	3110
P77,1	3111	3111
P193,1	3112	3112
P163,1	3113	3113
P18,1	3114	3114
P19,1	3115	3115
P165,1	3116	3116
P31,1	3117	3117
P133,1	3118	3118
P122,1	3119	3119
P57,1	3120	3120
P84,1	3121	3121
P54,1	3122	3122
P194,1	3123	3123
P180,1	3124	3124
P105,1	3125	3125
P143,1	3126	3126
P115,1	3127	3127
P8,1	3128	3128
P78,1	3129	3129
P123,1	3130	3130
P91,1	3131	3131
P182,1	3132	3132
P167,1	3133	3133
P49,2	3134	3134
P58,1	3135	3135
P196,1	3136	3136
P153,1	3137	3137
P79,1	3138	3138
P65,1	3139	3139
P154,1	3140	3140
P86,1	3141	3141
P135,1	3142	3142
P66,1	3143	3143
P70,1	3144	3144
P25,1	3145	3145
P98,1	3146	3146
P168,1	3147	3147
P126,1	3148	3148
P62,1	3149	3149
P59,1	3150	3150
P198,1	3151	3151
P7,1	3152	3152
P107,1	3153	3153
P156,1	3154	3154
P169,1	3155	3155
P41,1	3156	3156
P21,1	3157	3157
P92,1	3158	3158
P22,1	3159	3159
P32,1	3160	3160
P137,1	3161	3161
P127,1	3162	3162
P93,1	3163	3163
P109,1	3164	3164
P200,1	3165	3165
P88,1	3166	3166
P171,1	3167	3167
P157,1	3168	3168
P50,1	3169	3169
P60,1	3170	3170
P172,1	3171	3171
P75,1	3172	3172
P119,1	3173	3173
P67,1	3174	3174
P33,1	3175	3175
P148,1	3176	3176
P23,2	3177	3177
P51,1	3178	3178
P30,1	3179	3179
P139,1	3180	3180
P9,1	3181	3181
P111,1	3182	3182
P81,1	3183	3183
P56,1	3184	3184
P160,1	3185	3185
P130,1	3186	3186
P190,1	3187	3187
P140,1	3188	3188
P131,1	3189	3189
P149,1	3190	3190
P95,1	3191	3191
P89,1	3192	3192
P174,1	3193	3193
P162,1	3194	3194
P72,1	3195	3195
P11,1	3196	3196
P82,1	3197	3197
P68,1	3198	3198
P132,1	3199	3199
P192,1	3200	3200
P114,1	3201	3201
P176,1	3202	3202
P29,1	3203	3203
P178,1	3204	3204
P150,1	3205	3205
P44,1	3206	3206
P77,1	3207	3207
P193,1	3208	3208
P163,1	3209	3209
P18,1	3210	3210
P19,1	3211	3211
P165,1	3212	3212
P31,1	3213	3213
P133,1	3214	3214
P122,1	3215	3215
P57,1	3216	3216
P84,1	3217	3217
P54,1	3218	3218
P194,1	3219	3219
P180,1	3220	3220
P105,1	3221	3221
P143,1	3222	3222
P106,1	3223	3223
P73,1	3224	3224
P166,1	3225	3225
P116,1	3226	3226
P46,2	3227	3227
P85,1	3228	3228
P167,1	3229	3229
P49,2	3230	3230
P58,1	3231	3231
P196,1	3232	3232
P153,1	3233	3233
P79,1	3234	3234
P65,1	3235	3235
P154,1	3236	3236
P86,1	3237	3237
P135,1	3238	3238
P66,1	3239	3239
P70,1	3240	3240
P25,1	3241	3241
P98,1	3242	3242
P168,1	3243	3243
P126,1	3244	3244
P62,1	3245	3245
P59,1	3246	3246
P198,1	3247	3247
P7,1	3248	3248
P107,1	3249	3249
P156,1	3250	3250
P169,1	3251	3251
P41,1	3252	3252
P21,1	3253	3253
P92,1	3254	3254
P22,1	3255	3255
P32,1	3256	3256
P137,1	3257	3257
P127,1	3258	3258
P93,1	3259	3259
P109,1	3260	3260
P200,1	3261	3261
P88,1	3262	3262
P171,1	3263	3263
P157,1	3264	3264
P50,1	3265	3265
P60,1	3266	3266
P172,1	3267	3267
P75,1	3268	3268
P119,1	3269	3269
P67,1	3270	3270
P33,1	3271	3271
P148,1	3272	3272
P26,1	3273	3273
P159,1	3274	3274
P94,1	3275	3275
P110,1	3276	3276
P101,1	3277	3277
P76,1	3278	3278
P189,1	3279	3279
P173,1	3280	3280
P2,1	3281	3281
P102,1	3282	3282
P112,1	3283	3283
P43,1	3284	3284
P120,1	3285	3285
P161,1	3286	3286
P191,1	3287	3287
P113,1	3288	3288
P28,2	3289	3289
P34,1	3290	3290
P64,1	3291	3291
P103,1	3292	3292
P16,1	3293	3293
P141,1	3294	3294
P175,1	3295	3295
P83,1	3296	3296
P104,1	3297	3297
P177,1	3298	3298
P61,1	3299	3299
P17,1	3300	3300
P121,1	3301	3301
P48,1	3302	3302
P90,1	3303	3303
P53,2	3304	3304
P45,1	3305	3305
P164,1	3306	3306
P15,1	3307	3307
P69,1	3308	3308
P179,1	3309	3309
P142,1	3310	3310
P96,1	3311	3311
P151,1	3312	3312
P39,1	3313	3313
P35,1	3314	3314
P195,1	3315	3315
P152,1	3316	3316
P181,1	3317	3317
P115,1	3318	3318
P8,1	3319	3319
P78,1	3320	3320
P123,1	3321	3321
P91,1	3322	3322
P182,1	3323	3323
P36,2	3324	3324
P183,1	3325	3325
P97,1	3326	3326
P12,2	3327	3327
P13,1	3328	3328
P134,1	3329	3329
P184,1	3330	3330
P124,1	3331	3331
P125,1	3332	3332
P144,1	3333	3333
P37,1	3334	3334
P145,1	3335	3335
P10,2	3336	3336
P155,1	3337	3337
P117,1	3338	3338
P197,1	3339	3339
P185,1	3340	3340
P136,1	3341	3341
P146,1	3342	3342
P186,1	3343	3343
P107,1	3344	3344
P156,1	3345	3345
P24,2	3346	3346
P170,1	3347	3347
P87,1	3348	3348
P47,1	3349	3349
P199,1	3350	3350
P63,2	3351	3351
P71,1	3352	3352
P55,1	3353	3353
P40,2	3354	3354
P187,1	3355	3355
P147,1	3356	3356
P80,1	3357	3357
P118,1	3358	3358
P4,1	3359	3359
P138,1	3360	3360
P99,1	3361	3361
P128,1	3362	3362
P129,1	3363	3363
P158,1	3364	3364
P188,1	3365	3365
P14,1	3366	3366
P100,1	3367	3367
P23,2	3368	3368
P51,1	3369	3369
P30,1	3370	3370
P139,1	3371	3371
P9,1	3372	3372
P111,1	3373	3373
P81,1	3374	3374
P56,1	3375	3375
P160,1	3376	3376
P102,1	3377	3377
P112,1	3378	3378
P43,1	3379	3379
P120,1	3380	3380
P161,1	3381	3381
P191,1	3382	3382
P113,1	3383	3383
P2,2	3384	3384
P162,1	3385	3385
P72,1	3386	3386
P11,1	3387	3387
P82,1	3388	3388
P68,1	3389	3389
P132,1	3390	3390
P192,1	3391	3391
P114,1	3392	3392
P176,1	3393	3393
P29,1	3394	3394
P178,1	3395	3395
P150,1	3396	3396
P44,1	3397	3397
P77,1	3398	3398
P193,1	3399	3399
P163,1	3400	3400
P18,1	3401	3401
P19,1	3402	3402
P165,1	3403	3403
P31,1	3404	3404
P133,1	3405	3405
P122,1	3406	3406
P57,1	3407	3407
P84,1	3408	3408
P54,1	3409	3409
P194,1	3410	3410
P180,1	3411	3411
P105,1	3412	3412
P143,1	3413	3413
P106,1	3414	3414
P73,1	3415	3415
P166,1	3416	3416
P116,1	3417	3417
P46,2	3418	3418
P85,1	3419	3419
P167,1	3420	3420
P49,2	3421	3421
P58,1	3422	3422
P196,1	3423	3423
P153,1	3424	3424
P79,1	3425	3425
P65,1	3426	3426
P154,1	3427	3427
P86,1	3428	3428
P135,1	3429	3429
P66,1	3430	3430
P70,1	3431	3431
P25,1	3432	3432
P98,1	3433	3433
P168,1	3434	3434
P126,1	3435	3435
P62,1	3436	3436
P59,1	3437	3437
P198,1	3438	3438
P7,1	3439	3439
P108,1	3440	3440
P38,1	3441	3441
P169,1	3442	3442
P41,1	3443	3443
P21,1	3444	3444
P92,1	3445	3445
P22,1	3446	3446
P71,1	3447	3447
P55,1	3448	3448
P40,2	3449	3449
P187,1	3450	3450
P147,1	3451	3451
P32,2	3452	3452
P88,1	3453	3453
P171,1	3454	3454
P157,1	3455	3455
P50,1	3456	3456
P60,1	3457	3457
P172,1	3458	3458
P75,1	3459	3459
P119,1	3460	3460
P67,1	3461	3461
P33,1	3462	3462
P148,1	3463	3463
P26,1	3464	3464
P159,1	3465	3465
P94,1	3466	3466
P110,1	3467	3467
P101,1	3468	3468
P76,1	3469	3469
P189,1	3470	3470
P173,1	3471	3471
P130,1	3472	3472
P190,1	3473	3473
P140,1	3474	3474
P131,1	3475	3475
P149,1	3476	3476
P95,1	3477	3477
P89,1	3478	3478
P174,1	3479	3479
P28,2	3480	3480
P34,1	3481	3481
P64,1	3482	3482
P103,1	3483	3483
P16,1	3484	3484
P141,1	3485	3485
P175,1	3486	3486
P83,1	3487	3487
P104,1	3488	3488
P177,1	3489	3489
P61,1	3490	3490
P17,1	3491	3491
P121,1	3492	3492
P48,1	3493	3493
P90,1	3494	3494
P53,2	3495	3495
P45,1	3496	3496
P164,1	3497	3497
P15,1	3498	3498
P69,1	3499	3499
P179,1	3500	3500
P142,1	3501	3501
P96,1	3502	3502
P151,1	3503	3503
P39,1	3504	3504
P35,1	3505	3505
P195,1	3506	3506
P152,1	3507	3507
P181,1	3508	3508
P115,1	3509	3509
P8,1	3510	3510
P78,1	3511	3511
P123,1	3512	3512
P91,1	3513	3513
P182,1	3514	3514
P36,2	3515	3515
P183,1	3516	3516
P97,1	3517	3517
P12,2	3518	3518
P13,1	3519	3519
P134,1	3520	3520
P184,1	3521	3521
P124,1	3522	3522
P125,1	3523	3523
P144,1	3524	3524
P37,1	3525	3525
P145,1	3526	3526
P10,2	3527	3527
P155,1	3528	3528
P117,1	3529	3529
P197,1	3530	3530
P185,1	3531	3531
P136,1	3532	3532
P146,1	3533	3533
P186,1	3534	3534
P107,1	3535	3535
P156,1	3536	3536
P24,2	3537	3537
P170,1	3538	3538
P87,1	3539	3539
P47,1	3540	3540
P199,1	3541	3541
P63,2	3542	3542
P55,1	3543	3543
P40,2	3544	3544
P187,1	3545	3545
P147,1	3546	3546
P32,2	3547	3547
P88,1	3548	3548
P171,1	3549	3549
P138,1	3550	3550
P99,1	3551	3551
P128,1	3552	3552
P129,1	3553	3553
P158,1	3554	3554
P188,1	3555	3555
P14,1	3556	3556
P33,1	3557	3557
P148,1	3558	3558
P26,1	3559	3559
P159,1	3560	3560
P94,1	3561	3561
P110,1	3562	3562
P101,1	3563	3563
P76,1	3564	3564
P189,1	3565	3565
P173,1	3566	3566
P130,1	3567	3567
P190,1	3568	3568
P140,1	3569	3569
P131,1	3570	3570
P149,1	3571	3571
P95,1	3572	3572
P89,1	3573	3573
P174,1	3574	3574
P28,2	3575	3575
P34,1	3576	3576
P64,1	3577	3577
P103,1	3578	3578
P16,1	3579	3579
P141,1	3580	3580
P175,1	3581	3581
P83,1	3582	3582
P104,1	3583	3583
P177,1	3584	3584
P61,1	3585	3585
P17,1	3586	3586
P121,1	3587	3587
P48,1	3588	3588
P90,1	3589	3589
P53,2	3590	3590
P45,1	3591	3591
P164,1	3592	3592
P165,1	3593	3593
P69,1	3594	3594
P179,1	3595	3595
P142,1	3596	3596
P96,1	3597	3597
P151,1	3598	3598
P39,1	3599	3599
P35,1	3600	3600
P195,1	3601	3601
P152,1	3602	3602
P181,1	3603	3603
P115,1	3604	3604
P8,1	3605	3605
P78,1	3606	3606
P123,1	3607	3607
P91,1	3608	3608
P182,1	3609	3609
P36,2	3610	3610
P183,1	3611	3611
P97,1	3612	3612
P12,2	3613	3613
P13,1	3614	3614
P134,1	3615	3615
P184,1	3616	3616
P124,1	3617	3617
P125,1	3618	3618
P144,1	3619	3619
P37,1	3620	3620
P145,1	3621	3621
P10,2	3622	3622
P155,1	3623	3623
P117,1	3624	3624
P197,1	3625	3625
P185,1	3626	3626
P136,1	3627	3627
P146,1	3628	3628
P186,1	3629	3629
P107,1	3630	3630
P156,1	3631	3631
P24,2	3632	3632
P170,1	3633	3633
P87,1	3634	3634
P47,1	3635	3635
P199,1	3636	3636
P63,2	3637	3637
P55,1	3638	3638
P40,2	3639	3639
P187,1	3640	3640
P147,1	3641	3641
P32,2	3642	3642
P88,1	3643	3643
P171,1	3644	3644
P138,1	3645	3645
P99,1	3646	3646
P128,1	3647	3647
P129,1	3648	3648
P158,1	3649	3649
P188,1	3650	3650
P14,1	3651	3651
P33,1	3652	3652
P148,1	3653	3653
P26,1	3654	3654
P159,1	3655	3655
P94,1	3656	3656
P110,1	3657	3657
P101,1	3658	3658
P76,1	3659	3659
P189,1	3660	3660
P173,1	3661	3661
P130,1	3662	3662
P190,1	3663	3663
P140,1	3664	3664
P131,1	3665	3665
P149,1	3666	3666
P95,1	3667	3667
P89,1	3668	3668
P174,1	3669	3669
P28,2	3670	3670
P34,1	3671	3671
P64,1	3672	3672
P103,1	3673	3673
P16,1	3674	3674
P141,1	3675	3675
P175,1	3676	3676
P83,1	3677	3677
P104,1	3678	3678
P177,1	3679	3679
P61,1	3680	3680
P17,1	3681	3681
P121,1	3682	3682
P48,1	3683	3683
P90,1	3684	3684
P53,2	3685	3685
P45,1	3686	3686
P164,1	3687	3687
P165,1	3688	3688
P69,1	3689	3689
P179,1	3690	3690
P142,1	3691	3691
P96,1	3692	3692
P151,1	3693	3693
P39,1	3694	3694
P35,1	3695	3695
P195,1	3696	3696
P152,1	3697	3697
P181,1	3698	3698
P115,1	3699	3699
P8,1	3700	3700
P78,1	3701	3701
P116,1	3702	3702
P46,2	3703	3703
P85,1	3704	3704
P36,2	3705	3705
P183,1	3706	3706
P97,1	3707	3707
P12,2	3708	3708
P13,1	3709	3709
P134,1	3710	3710
P184,1	3711	3711
P124,1	3712	3712
P125,1	3713	3713
P144,1	3714	3714
P37,1	3715	3715
P145,1	3716	3716
P10,2	3717	3717
P155,1	3718	3718
P117,1	3719	3719
P197,1	3720	3720
P185,1	3721	3721
P136,1	3722	3722
P146,1	3723	3723
P186,1	3724	3724
P107,1	3725	3725
P156,1	3726	3726
P24,2	3727	3727
P170,1	3728	3728
P87,1	3729	3729
P47,1	3730	3730
P199,1	3731	3731
P63,2	3732	3732
P55,1	3733	3733
P40,2	3734	3734
P187,1	3735	3735
P147,1	3736	3736
P32,2	3737	3737
P88,1	3738	3738
P171,1	3739	3739
P138,1	3740	3740
P99,1	3741	3741
P128,1	3742	3742
P129,1	3743	3743
P158,1	3744	3744
P188,1	3745	3745
P14,1	3746	3746
P33,1	3747	3747
P148,1	3748	3748
P26,1	3749	3749
P159,1	3750	3750
P94,1	3751	3751
P110,1	3752	3752
P101,1	3753	3753
P76,1	3754	3754
P189,1	3755	3755
P173,1	3756	3756
P130,1	3757	3757
P190,1	3758	3758
P140,1	3759	3759
P131,1	3760	3760
P149,1	3761	3761
P95,1	3762	3762
P89,1	3763	3763
P174,1	3764	3764
P28,2	3765	3765
P34,1	3766	3766
P64,1	3767	3767
P103,1	3768	3768
P16,1	3769	3769
P141,1	3770	3770
P175,1	3771	3771
P83,1	3772	3772
P104,1	3773	3773
P177,1	3774	3774
P61,1	3775	3775
P17,1	3776	3776
P121,1	3777	3777
P48,1	3778	3778
P90,1	3779	3779
P53,2	3780	3780
P45,1	3781	3781
P164,1	3782	3782
P165,1	3783	3783
P69,1	3784	3784
P179,1	3785	3785
P142,1	3786	3786
P96,1	3787	3787
P151,1	3788	3788
P39,1	3789	3789
P35,1	3790	3790
P195,1	3791	3791
P152,1	3792	3792
P181,1	3793	3793
P115,1	3794	3794
P8,1	3795	3795
P78,1	3796	3796
P116,1	3797	3797
P46,2	3798	3798
P85,1	3799	3799
P36,2	3800	3800
P183,1	3801	3801
P97,1	3802	3802
P12,2	3803	3803
P13,1	3804	3804
P134,1	3805	3805
P184,1	3806	3806
P124,1	3807	3807
P125,1	3808	3808
P144,1	3809	3809
P37,1	3810	3810
P145,1	3811	3811
P10,2	3812	3812
P155,1	3813	3813
P117,1	3814	3814
P197,1	3815	3815
P185,1	3816	3816
P136,1	3817	3817
P198,1	3818	3818
P7,1	3819	3819
P108,1	3820	3820
P156,1	3821	3821
P24,2	3822	3822
P170,1	3823	3823
P87,1	3824	3824
P47,1	3825	3825
P199,1	3826	3826
P63,2	3827	3827
P55,1	3828	3828
P40,2	3829	3829
P187,1	3830	3830
P147,1	3831	3831
P32,2	3832	3832
P88,1	3833	3833
P171,1	3834	3834
P138,1	3835	3835
P99,1	3836	3836
P128,1	3837	3837
P129,1	3838	3838
P158,1	3839	3839
P188,1	3840	3840
P14,1	3841	3841
P33,1	3842	3842
P148,1	3843	3843
P26,1	3844	3844
P159,1	3845	3845
P94,1	3846	3846
P110,1	3847	3847
P101,1	3848	3848
P76,1	3849	3849
P189,1	3850	3850
P173,1	3851	3851
P130,1	3852	3852
P190,1	3853	3853
P140,1	3854	3854
P131,1	3855	3855
P149,1	3856	3856
P95,1	3857	3857
P89,1	3858	3858
P174,1	3859	3859
P28,2	3860	3860
P34,1	3861	3861
P64,1	3862	3862
P103,1	3863	3863
P16,1	3864	3864
P141,1	3865	3865
P175,1	3866	3866
P83,1	3867	3867
P104,1	3868	3868
P177,1	3869	3869
P61,1	3870	3870
P17,1	3871	3871
P121,1	3872	3872
P48,1	3873	3873
P90,1	3874	3874
P53,2	3875	3875
P45,1	3876	3876
P164,1	3877	3877
P165,1	3878	3878
P69,1	3879	3879
P179,1	3880	3880
P142,1	3881	3881
P96,1	3882	3882
P151,1	3883	3883
P39,1	3884	3884
P35,1	3885	3885
P195,1	3886	3886
P152,1	3887	3887
P181,1	3888	3888
P115,1	3889	3889
P8,1	3890	3890
P78,1	3891	3891
P116,1	3892	3892
P46,2	3893	3893
P85,1	3894	3894
P36,2	3895	3895
P183,1	3896	3896
P97,1	3897	3897
P12,2	3898	3898
P13,1	3899	3899
P134,1	3900	3900
P184,1	3901	3901
P124,1	3902	3902
P125,1	3903	3903
P144,1	3904	3904
P37,1	3905	3905
P145,1	3906	3906
P10,2	3907	3907
P155,1	3908	3908
P117,1	3909	3909
P197,1	3910	3910
P185,1	3911	3911
P136,1	3912	3912
P198,1	3913	3913
P7,1	3914	3914
P108,1	3915	3915
P156,1	3916	3916
P24,2	3917	3917
P170,1	3918	3918
P87,1	3919	3919
P47,1	3920	3920
P199,1	3921	3921
P63,2	3922	3922
P55,1	3923	3923
P40,2	3924	3924
P187,1	3925	3925
P147,1	3926	3926
P32,2	3927	3927
P88,1	3928	3928
P171,1	3929	3929
P138,1	3930	3930
P99,1	3931	3931
P128,1	3932	3932
P129,1	3933	3933
P158,1	3934	3934
P188,1	3935	3935
P14,1	3936	3936
P33,1	3937	3937
P148,1	3938	3938
P26,1	3939	3939
P159,1	3940	3940
P94,1	3941	3941
P110,1	3942	3942
P101,1	3943	3943
P76,1	3944	3944
P189,1	3945	3945
P173,1	3946	3946
P130,1	3947	3947
P190,1	3948	3948
P140,1	3949	3949
P131,1	3950	3950
P149,1	3951	3951
P95,1	3952	3952
P89,1	3953	3953
P174,1	3954	3954
P28,2	3955	3955
P34,1	3956	3956
P64,1	3957	3957
P103,1	3958	3958
P16,1	3959	3959
P132,1	3960	3960
P192,1	3961	3961
P114,1	3962	3962
P176,1	3963	3963
P177,1	3964	3964
P61,1	3965	3965
P17,1	3966	3966
P121,1	3967	3967
P48,1	3968	3968
P90,1	3969	3969
P53,2	3970	3970
P45,1	3971	3971
P164,1	3972	3972
P165,1	3973	3973
P69,1	3974	3974
P179,1	3975	3975
P142,1	3976	3976
P96,1	3977	3977
P151,1	3978	3978
P39,1	3979	3979
P35,1	3980	3980
P195,1	3981	3981
P152,1	3982	3982
P181,1	3983	3983
P115,1	3984	3984
P8,1	3985	3985
P78,1	3986	3986
P116,1	3987	3987
P46,2	3988	3988
P85,1	3989	3989
P36,2	3990	3990
P183,1	3991	3991
P97,1	3992	3992
P12,2	3993	3993
P13,1	3994	3994
P134,1	3995	3995
P184,1	3996	3996
P124,1	3997	3997
P125,1	3998	3998
P144,1	3999	3999
P37,1	4000	4000
P145,1	4001	4001
P25,1	4002	4002
P98,1	4003	4003
P168,1	4004	4004
P126,1	4005	4005
P62,1	4006	4006
P59,1	4007	4007
P186,1	4008	4008
P7,1	4009	4009
P108,1	4010	4010
P156,1	4011	4011
P24,2	4012	4012
P170,1	4013	4013
P87,1	4014	4014
P47,1	4015	4015
P199,1	4016	4016
P63,2	4017	4017
P55,1	4018	4018
P40,2	4019	4019
P187,1	4020	4020
P147,1	4021	4021
P32,2	4022	4022
P88,1	4023	4023
P171,1	4024	4024
P138,1	4025	4025
P99,1	4026	4026
P172,1	4027	4027
P75,1	4028	4028
P119,1	4029	4029
P67,1	4030	4030
P4,2	4031	4031
P100,1	4032	4032
P148,1	4033	4033
P26,1	4034	4034
P159,1	4035	4035
P94,1	4036	4036
P110,1	4037	4037
P101,1	4038	4038
P76,1	4039	4039
P189,1	4040	4040
P173,1	4041	4041
P130,1	4042	4042
P190,1	4043	4043
P140,1	4044	4044
P131,1	4045	4045
P149,1	4046	4046
P95,1	4047	4047
P89,1	4048	4048
P174,1	4049	4049
P28,2	4050	4050
P34,1	4051	4051
P64,1	4052	4052
P103,1	4053	4053
P16,1	4054	4054
P132,1	4055	4055
P192,1	4056	4056
P104,1	4057	4057
P68,2	4058	4058
P29,1	4059	4059
P178,1	4060	4060
P150,1	4061	4061
P121,1	4062	4062
P48,1	4063	4063
P90,1	4064	4064
P53,2	4065	4065
P45,1	4066	4066
P164,1	4067	4067
P165,1	4068	4068
P69,1	4069	4069
P179,1	4070	4070
P142,1	4071	4071
P96,1	4072	4072
P151,1	4073	4073
P39,1	4074	4074
P35,1	4075	4075
P195,1	4076	4076
P152,1	4077	4077
P181,1	4078	4078
P115,1	4079	4079
P8,1	4080	4080
P78,1	4081	4081
P116,1	4082	4082
P46,2	4083	4083
P85,1	4084	4084
P36,2	4085	4085
P183,1	4086	4086
P97,1	4087	4087
P12,2	4088	4088
P13,1	4089	4089
P134,1	4090	4090
P184,1	4091	4091
P124,1	4092	4092
P125,1	4093	4093
P144,1	4094	4094
P37,1	4095	4095
P145,1	4096	4096
P25,1	4097	4097
P98,1	4098	4098
P168,1	4099	4099
P126,1	4100	4100
P62,1	4101	4101
P59,1	4102	4102
P186,1	4103	4103
P7,1	4104	4104
P108,1	4105	4105
P156,1	4106	4106
P24,2	4107	4107
P170,1	4108	4108
P87,1	4109	4109
P47,1	4110	4110
P199,1	4111	4111
P63,2	4112	4112
P55,1	4113	4113
P40,2	4114	4114
P187,1	4115	4115
P200,1	4116	4116
P80,1	4117	4117
P118,1	4118	4118
P157,1	4119	4119
P50,1	4120	4120
P128,1	4121	4121
P129,1	4122	4122
P158,1	4123	4123
P188,1	4124	4124
P14,1	4125	4125
P33,1	4126	4126
P60,2	4127	4127
P23,2	4128	4128
P51,1	4129	4129
P30,1	4130	4130
P139,1	4131	4131
P9,1	4132	4132
P111,1	4133	4133
P81,1	4134	4134
P56,1	4135	4135
P160,1	4136	4136
P102,1	4137	4137
P112,1	4138	4138
P43,1	4139	4139
P120,1	4140	4140
P161,1	4141	4141
P191,1	4142	4142
P113,1	4143	4143
P2,2	4144	4144
P162,1	4145	4145
P72,1	4146	4146
P11,1	4147	4147
P82,1	4148	4148
P141,1	4149	4149
P175,1	4150	4150
P114,1	4151	4151
P176,1	4152	4152
P177,1	4153	4153
P61,1	4154	4154
P17,1	4155	4155
P83,2	4156	4156
P44,1	4157	4157
P77,1	4158	4158
P193,1	4159	4159
P163,1	4160	4160
P18,1	4161	4161
P15,1	4162	4162
P19,2	4163	4163
P31,1	4164	4164
P142,1	4165	4165
P96,1	4166	4166
P151,1	4167	4167
P39,1	4168	4168
P35,1	4169	4169
P195,1	4170	4170
P152,1	4171	4171
P133,2	4172	4172
P143,1	4173	4173
P106,1	4174	4174
P78,1	4175	4175
P116,1	4176	4176
P46,2	4177	4177
P85,1	4178	4178
P36,2	4179	4179
P183,1	4180	4180
P97,1	4181	4181
P12,2	4182	4182
P13,1	4183	4183
P134,1	4184	4184
P184,1	4185	4185
P124,1	4186	4186
P125,1	4187	4187
P144,1	4188	4188
P37,1	4189	4189
P10,2	4190	4190
P155,1	4191	4191
P117,1	4192	4192
P197,1	4193	4193
P185,1	4194	4194
P136,1	4195	4195
P198,1	4196	4196
P70,2	4197	4197
P107,1	4198	4198
P146,2	4199	4199
P38,1	4200	4200
P169,1	4201	4201
P41,1	4202	4202
P21,1	4203	4203
P92,1	4204	4204
P22,1	4205	4205
P137,1	4206	4206
P127,1	4207	4207
P93,1	4208	4208
P109,1	4209	4209
P32,2	4210	4210
P88,1	4211	4211
P171,1	4212	4212
P138,1	4213	4213
P99,1	4214	4214
P172,1	4215	4215
P158,1	4216	4216
P188,1	4217	4217
P14,1	4218	4218
P33,1	4219	4219
P60,2	4220	4220
P75,2	4221	4221
P26,1	4222	4222
P159,1	4223	4223
P94,1	4224	4224
P110,1	4225	4225
P101,1	4226	4226
P76,1	4227	4227
P189,1	4228	4228
P173,1	4229	4229
P130,1	4230	4230
P190,1	4231	4231
P140,1	4232	4232
P131,1	4233	4233
P149,1	4234	4234
P95,1	4235	4235
P89,1	4236	4236
P174,1	4237	4237
P28,2	4238	4238
P34,1	4239	4239
P64,1	4240	4240
P82,1	4241	4241
P141,1	4242	4242
P103,2	4243	4243
P192,1	4244	4244
P104,1	4245	4245
P68,2	4246	4246
P29,1	4247	4247
P178,1	4248	4248
P150,1	4249	4249
P121,1	4250	4250
P48,1	4251	4251
P90,1	4252	4252
P53,2	4253	4253
P45,1	4254	4254
P164,1	4255	4255
P165,1	4256	4256
P69,1	4257	4257
P179,1	4258	4258
P122,1	4259	4259
P57,1	4260	4260
P84,1	4261	4261
P35,1	4262	4262
P195,1	4263	4263
P152,1	4264	4264
P133,2	4265	4265
P143,1	4266	4266
P106,1	4267	4267
P78,1	4268	4268
P116,1	4269	4269
P46,2	4270	4270
P85,1	4271	4271
P36,2	4272	4272
P183,1	4273	4273
P97,1	4274	4274
P12,2	4275	4275
P13,1	4276	4276
P134,1	4277	4277
P184,1	4278	4278
P124,1	4279	4279
P125,1	4280	4280
P144,1	4281	4281
P37,1	4282	4282
P10,2	4283	4283
P155,1	4284	4284
P117,1	4285	4285
P197,1	4286	4286
P185,1	4287	4287
P136,1	4288	4288
P198,1	4289	4289
P70,2	4290	4290
P107,1	4291	4291
P146,2	4292	4292
P38,1	4293	4293
P169,1	4294	4294
P41,1	4295	4295
P21,1	4296	4296
P92,1	4297	4297
P22,1	4298	4298
P137,1	4299	4299
P127,1	4300	4300
P93,1	4301	4301
P109,1	4302	4302
P32,2	4303	4303
P88,1	4304	4304
P171,1	4305	4305
P138,1	4306	4306
P99,1	4307	4307
P172,1	4308	4308
P158,1	4309	4309
P188,1	4310	4310
P14,1	4311	4311
P33,1	4312	4312
P60,2	4313	4313
P75,2	4314	4314
P26,1	4315	4315
P159,1	4316	4316
P94,1	4317	4317
P110,1	4318	4318
P101,1	4319	4319
P76,1	4320	4320
P189,1	4321	4321
P173,1	4322	4322
P130,1	4323	4323
P190,1	4324	4324
P140,1	4325	4325
P131,1	4326	4326
P149,1	4327	4327
P95,1	4328	4328
P89,1	4329	4329
P174,1	4330	4330
P28,2	4331	4331
P34,1	4332	4332
P64,1	4333	4333
P82,1	4334	4334
P141,1	4335	4335
P103,2	4336	4336
P192,1	4337	4337
P104,1	4338	4338
P68,2	4339	4339
P29,1	4340	4340
P178,1	4341	4341
P150,1	4342	4342
P121,1	4343	4343
P77,1	4344	4344
P90,1	4345	4345
P53,2	4346	4346
P45,1	4347	4347
P164,1	4348	4348
P165,1	4349	4349
P69,1	4350	4350
P179,1	4351	4351
P122,1	4352	4352
P57,1	4353	4353
P84,1	4354	4354
P35,1	4355	4355
P195,1	4356	4356
P152,1	4357	4357
P133,2	4358	4358
P143,1	4359	4359
P106,1	4360	4360
P78,1	4361	4361
P116,1	4362	4362
P46,2	4363	4363
P85,1	4364	4364
P36,2	4365	4365
P183,1	4366	4366
P97,1	4367	4367
P12,2	4368	4368
P13,1	4369	4369
P134,1	4370	4370
P184,1	4371	4371
P124,1	4372	4372
P125,1	4373	4373
P144,1	4374	4374
P37,1	4375	4375
P10,2	4376	4376
P155,1	4377	4377
P117,1	4378	4378
P197,1	4379	4379
P185,1	4380	4380
P136,1	4381	4381
P198,1	4382	4382
P70,2	4383	4383
P107,1	4384	4384
P146,2	4385	4385
P38,1	4386	4386
P169,1	4387	4387
P41,1	4388	4388
P21,1	4389	4389
P92,1	4390	4390
P22,1	4391	4391
P137,1	4392	4392
P127,1	4393	4393
P93,1	4394	4394
P109,1	4395	4395
P32,2	4396	4396
P88,1	4397	4397
P171,1	4398	4398
P138,1	4399	4399
P99,1	4400	4400
P172,1	4401	4401
P158,1	4402	4402
P188,1	4403	4403
P14,1	4404	4404
P33,1	4405	4405
P60,2	4406	4406
P75,2	4407	4407
P26,1	4408	4408
P159,1	4409	4409
P94,1	4410	4410
P110,1	4411	4411
P111,1	4412	4412
P81,1	4413	4413
P56,1	4414	4414
P160,1	4415	4415
P102,1	4416	4416
P140,1	4417	4417
P131,1	4418	4418
P190,2	4419	4419
P161,1	4420	4420
P191,1	4421	4421
P113,1	4422	4422
P2,2	4423	4423
P162,1	4424	4424
P72,1	4425	4425
P11,1	4426	4426
P16,1	4427	4427
P132,1	4428	4428
P175,1	4429	4429
P114,1	4430	4430
P176,1	4431	4431
P177,1	4432	4432
P61,1	4433	4433
P17,1	4434	4434
P83,2	4435	4435
P48,1	4436	4436
P44,2	4437	4437
P193,1	4438	4438
P163,1	4439	4439
P18,1	4440	4440
P15,1	4441	4441
P19,2	4442	4442
P31,1	4443	4443
P142,1	4444	4444
P96,1	4445	4445
P151,1	4446	4446
P54,1	4447	4447
P194,1	4448	4448
P180,1	4449	4449
P105,1	4450	4450
P181,1	4451	4451
P115,1	4452	4452
P73,1	4453	4453
P166,1	4454	4454
P91,1	4455	4455
P182,1	4456	4456
P123,2	4457	4457
P167,1	4458	4458
P49,2	4459	4459
P58,1	4460	4460
P196,1	4461	4461
P153,1	4462	4462
P79,1	4463	4463
P65,1	4464	4464
P154,1	4465	4465
P86,1	4466	4466
P135,1	4467	4467
P66,1	4468	4468
P25,1	4469	4469
P98,1	4470	4470
P168,1	4471	4471
P126,1	4472	4472
P62,1	4473	4473
P59,1	4474	4474
P186,1	4475	4475
P7,1	4476	4476
P108,1	4477	4477
P156,1	4478	4478
P24,2	4479	4479
P170,1	4480	4480
P87,1	4481	4481
P47,1	4482	4482
P199,1	4483	4483
P63,2	4484	4484
P55,1	4485	4485
P40,2	4486	4486
P187,1	4487	4487
P200,1	4488	4488
P80,1	4489	4489
P118,1	4490	4490
P157,1	4491	4491
P50,1	4492	4492
P128,1	4493	4493
P129,1	4494	4494
P119,1	4495	4495
P67,1	4496	4496
P4,2	4497	4497
P100,1	4498	4498
P148,1	4499	4499
P23,2	4500	4500
P51,1	4501	4501
P30,1	4502	4502
P139,1	4503	4503
P101,1	4504	4504
P76,1	4505	4505
P189,1	4506	4506
P173,1	4507	4507
P130,1	4508	4508
P112,1	4509	4509
P131,1	4510	4510
P190,2	4511	4511
P161,1	4512	4512
P191,1	4513	4513
P113,1	4514	4514
P2,2	4515	4515
P162,1	4516	4516
P43,2	4517	4517
P64,1	4518	4518
P82,1	4519	4519
P141,1	4520	4520
P103,2	4521	4521
P192,1	4522	4522
P104,1	4523	4523
P68,2	4524	4524
P29,1	4525	4525
P178,1	4526	4526
P150,1	4527	4527
P121,1	4528	4528
P77,1	4529	4529
P90,1	4530	4530
P53,2	4531	4531
P45,1	4532	4532
P164,1	4533	4533
P165,1	4534	4534
P69,1	4535	4535
P179,1	4536	4536
P122,1	4537	4537
P57,1	4538	4538
P84,1	4539	4539
P35,1	4540	4540
P195,1	4541	4541
P152,1	4542	4542
P133,2	4543	4543
P143,1	4544	4544
P106,1	4545	4545
P78,1	4546	4546
P116,1	4547	4547
P46,2	4548	4548
P85,1	4549	4549
P36,2	4550	4550
P183,1	4551	4551
P97,1	4552	4552
P12,2	4553	4553
P13,1	4554	4554
P134,1	4555	4555
P184,1	4556	4556
P124,1	4557	4557
P125,1	4558	4558
P144,1	4559	4559
P37,1	4560	4560
P10,2	4561	4561
P155,1	4562	4562
P117,1	4563	4563
P197,1	4564	4564
P185,1	4565	4565
P136,1	4566	4566
P198,1	4567	4567
P70,2	4568	4568
P107,1	4569	4569
P146,2	4570	4570
P38,1	4571	4571
P169,1	4572	4572
P41,1	4573	4573
P21,1	4574	4574
P92,1	4575	4575
P22,1	4576	4576
P137,1	4577	4577
P127,1	4578	4578
P93,1	4579	4579
P109,1	4580	4580
P32,2	4581	4581
P118,1	4582	4582
P157,1	4583	4583
P50,1	4584	4584
P128,1	4585	4585
P80,2	4586	4586
P158,1	4587	4587
P188,1	4588	4588
P14,1	4589	4589
P33,1	4590	4590
P60,2	4591	4591
P75,2	4592	4592
P26,1	4593	4593
P159,1	4594	4594
P94,1	4595	4595
P110,1	4596	4596
P111,1	4597	4597
P81,1	4598	4598
P56,1	4599	4599
P160,1	4600	4600
P102,1	4601	4601
P140,1	4602	4602
P120,1	4603	4603
P149,1	4604	4604
P95,1	4605	4605
P89,1	4606	4606
P174,1	4607	4607
P28,2	4608	4608
P34,1	4609	4609
P72,1	4610	4610
P11,1	4611	4611
P16,1	4612	4612
P132,1	4613	4613
P175,1	4614	4614
P114,1	4615	4615
P176,1	4616	4616
P177,1	4617	4617
P61,1	4618	4618
P17,1	4619	4619
P83,2	4620	4620
P48,1	4621	4621
P44,2	4622	4622
P193,1	4623	4623
P45,1	4624	4624
P164,1	4625	4625
P165,1	4626	4626
P69,1	4627	4627
P179,1	4628	4628
P122,1	4629	4629
P57,1	4630	4630
P84,1	4631	4631
P35,1	4632	4632
P195,1	4633	4633
P152,1	4634	4634
P133,2	4635	4635
P143,1	4636	4636
P106,1	4637	4637
P78,1	4638	4638
P116,1	4639	4639
P46,2	4640	4640
P85,1	4641	4641
P36,2	4642	4642
P183,1	4643	4643
P97,1	4644	4644
P12,2	4645	4645
P13,1	4646	4646
P134,1	4647	4647
P184,1	4648	4648
P124,1	4649	4649
P125,1	4650	4650
P144,1	4651	4651
P37,1	4652	4652
P10,2	4653	4653
P155,1	4654	4654
P117,1	4655	4655
P197,1	4656	4656
P185,1	4657	4657
P136,1	4658	4658
P198,1	4659	4659
P70,2	4660	4660
P107,1	4661	4661
P146,2	4662	4662
P38,1	4663	4663
P169,1	4664	4664
P41,1	4665	4665
P21,1	4666	4666
P92,1	4667	4667
P22,1	4668	4668
P137,1	4669	4669
P127,1	4670	4670
P93,1	4671	4671
P109,1	4672	4672
P32,2	4673	4673
P118,1	4674	4674
P157,1	4675	4675
P50,1	4676	4676
P128,1	4677	4677
P80,2	4678	4678
P158,1	4679	4679
P188,1	4680	4680
P14,1	4681	4681
P33,1	4682	4682
P60,2	4683	4683
P75,2	4684	4684
P26,1	4685	4685
P159,1	4686	4686
P94,1	4687	4687
P110,1	4688	4688
P111,1	4689	4689
P81,1	4690	4690
P56,1	4691	4691
P160,1	4692	4692
P102,1	4693	4693
P140,1	4694	4694
P120,1	4695	4695
P149,1	4696	4696
P95,1	4697	4697
P89,1	4698	4698
P174,1	4699	4699
P28,2	4700	4700
P34,1	4701	4701
P72,1	4702	4702
P11,1	4703	4703
P16,1	4704	4704
P132,1	4705	4705
P175,1	4706	4706
P114,1	4707	4707
P176,1	4708	4708
P177,1	4709	4709
P61,1	4710	4710
P17,1	4711	4711
P83,2	4712	4712
P48,1	4713	4713
P44,2	4714	4714
P193,1	4715	4715
P45,1	4716	4716
P164,1	4717	4717
P165,1	4718	4718
P69,1	4719	4719
P179,1	4720	4720
P122,1	4721	4721
P57,1	4722	4722
P84,1	4723	4723
P35,1	4724	4724
P195,1	4725	4725
P152,1	4726	4726
P133,2	4727	4727
P143,1	4728	4728
P106,1	4729	4729
P78,1	4730	4730
P116,1	4731	4731
P46,2	4732	4732
P85,1	4733	4733
P36,2	4734	4734
P183,1	4735	4735
P97,1	4736	4736
P12,2	4737	4737
P13,1	4738	4738
P134,1	4739	4739
P184,1	4740	4740
P124,1	4741	4741
P125,1	4742	4742
P144,1	4743	4743
P37,1	4744	4744
P10,2	4745	4745
P155,1	4746	4746
P117,1	4747	4747
P197,1	4748	4748
P185,1	4749	4749
P136,1	4750	4750
P198,1	4751	4751
P70,2	4752	4752
P107,1	4753	4753
P146,2	4754	4754
P38,1	4755	4755
P169,1	4756	4756
P41,1	4757	4757
P21,1	4758	4758
P92,1	4759	4759
P22,1	4760	4760
P137,1	4761	4761
P127,1	4762	4762
P187,1	4763	4763
P200,1	4764	4764
P88,1	4765	4765
P171,1	4766	4766
P138,1	4767	4767
P128,1	4768	4768
P80,2	4769	4769
P119,1	4770	4770
P67,1	4771	4771
P14,1	4772	4772
P33,1	4773	4773
P60,2	4774	4774
P158,2	4775	4775
P23,2	4776	4776
P51,1	4777	4777
P30,1	4778	4778
P139,1	4779	4779
P101,1	4780	4780
P76,1	4781	4781
P189,1	4782	4782
P173,1	4783	4783
P130,1	4784	4784
P112,1	4785	4785
P131,1	4786	4786
P190,2	4787	4787
P161,1	4788	4788
P191,1	4789	4789
P113,1	4790	4790
P2,2	4791	4791
P162,1	4792	4792
P43,2	4793	4793
P64,1	4794	4794
P82,1	4795	4795
P132,1	4796	4796
P175,1	4797	4797
P114,1	4798	4798
P176,1	4799	4799
P141,2	4800	4800
P29,1	4801	4801
P178,1	4802	4802
P150,1	4803	4803
P121,1	4804	4804
P77,1	4805	4805
P90,1	4806	4806
P53,2	4807	4807
P18,1	4808	4808
P15,1	4809	4809
P19,2	4810	4810
P31,1	4811	4811
P142,1	4812	4812
P96,1	4813	4813
P151,1	4814	4814
P54,1	4815	4815
P194,1	4816	4816
P180,1	4817	4817
P105,1	4818	4818
P181,1	4819	4819
P115,1	4820	4820
P73,1	4821	4821
P166,1	4822	4822
P91,1	4823	4823
P182,1	4824	4824
P123,2	4825	4825
P167,1	4826	4826
P49,2	4827	4827
P58,1	4828	4828
P196,1	4829	4829
P153,1	4830	4830
P79,1	4831	4831
P65,1	4832	4832
P154,1	4833	4833
P86,1	4834	4834
P135,1	4835	4835
P66,1	4836	4836
P25,1	4837	4837
P98,1	4838	4838
P168,1	4839	4839
P126,1	4840	4840
P62,1	4841	4841
P59,1	4842	4842
P186,1	4843	4843
P107,1	4844	4844
P146,2	4845	4845
P38,1	4846	4846
P169,1	4847	4847
P7,2	4848	4848
P87,1	4849	4849
P47,1	4850	4850
P199,1	4851	4851
P63,2	4852	4852
P55,1	4853	4853
P40,2	4854	4854
P109,1	4855	4855
P32,2	4856	4856
P118,1	4857	4857
P157,1	4858	4858
P99,1	4859	4859
P172,1	4860	4860
P129,1	4861	4861
P188,1	4862	4862
P50,2	4863	4863
P4,2	4864	4864
P100,1	4865	4865
P148,1	4866	4866
P75,2	4867	4867
P26,1	4868	4868
P159,1	4869	4869
P94,1	4870	4870
P110,1	4871	4871
P111,1	4872	4872
P81,1	4873	4873
P56,1	4874	4874
P160,1	4875	4875
P102,1	4876	4876
P140,1	4877	4877
P120,1	4878	4878
P149,1	4879	4879
P95,1	4880	4880
P89,1	4881	4881
P174,1	4882	4882
P28,2	4883	4883
P34,1	4884	4884
P72,1	4885	4885
P11,1	4886	4886
P16,1	4887	4887
P103,2	4888	4888
P192,1	4889	4889
P104,1	4890	4890
P68,2	4891	4891
P177,1	4892	4892
P61,1	4893	4893
P17,1	4894	4894
P83,2	4895	4895
P48,1	4896	4896
P90,1	4897	4897
P53,2	4898	4898
P18,1	4899	4899
P15,1	4900	4900
P19,2	4901	4901
P77,2	4902	4902
P179,1	4903	4903
P122,1	4904	4904
P57,1	4905	4905
P84,1	4906	4906
P35,1	4907	4907
P195,1	4908	4908
P152,1	4909	4909
P133,2	4910	4910
P143,1	4911	4911
P106,1	4912	4912
P78,1	4913	4913
P116,1	4914	4914
P46,2	4915	4915
P85,1	4916	4916
P36,2	4917	4917
P183,1	4918	4918
P97,1	4919	4919
P12,2	4920	4920
P13,1	4921	4921
P134,1	4922	4922
P184,1	4923	4923
P154,1	4924	4924
P86,1	4925	4925
P135,1	4926	4926
P66,1	4927	4927
P124,2	4928	4928
P155,1	4929	4929
P117,1	4930	4930
P197,1	4931	4931
P185,1	4932	4932
P136,1	4933	4933
P198,1	4934	4934
P70,2	4935	4935
P108,1	4936	4936
P156,1	4937	4937
P24,2	4938	4938
P170,1	4939	4939
P41,1	4940	4940
P21,1	4941	4941
P92,1	4942	4942
P22,1	4943	4943
P137,1	4944	4944
P127,1	4945	4945
P187,1	4946	4946
P200,1	4947	4947
P88,1	4948	4948
P171,1	4949	4949
P138,1	4950	4950
P128,1	4951	4951
P80,2	4952	4952
P119,1	4953	4953
P67,1	4954	4954
P14,1	4955	4955
P33,1	4956	4956
P60,2	4957	4957
P158,2	4958	4958
P23,2	4959	4959
P51,1	4960	4960
P30,1	4961	4961
P139,1	4962	4962
P101,1	4963	4963
P76,1	4964	4964
P189,1	4965	4965
P173,1	4966	4966
P130,1	4967	4967
P112,1	4968	4968
P131,1	4969	4969
P190,2	4970	4970
P161,1	4971	4971
P191,1	4972	4972
P113,1	4973	4973
P2,2	4974	4974
P162,1	4975	4975
P43,2	4976	4976
P64,1	4977	4977
P82,1	4978	4978
P132,1	4979	4979
P175,1	4980	4980
P114,1	4981	4981
P176,1	4982	4982
P141,2	4983	4983
P29,1	4984	4984
P178,1	4985	4985
P150,1	4986	4986
P121,1	4987	4987
P44,2	4988	4988
P53,2	4989	4989
P164,1	4990	4990
P165,1	4991	4991
P69,1	4992	4992
P31,1	4993	4993
P142,1	4994	4994
P122,1	4995	4995
P18,2	4996	4996
P151,1	4997	4997
P54,1	4998	4998
P194,1	4999	4999
P180,1	5000	5000
P105,1	5001	5001
P181,1	5002	5002
P115,1	5003	5003
P73,1	5004	5004
P166,1	5005	5005
P91,1	5006	5006
P182,1	5007	5007
P123,2	5008	5008
P167,1	5009	5009
P49,2	5010	5010
P58,1	5011	5011
P196,1	5012	5012
P153,1	5013	5013
P79,1	5014	5014
P65,1	5015	5015
P125,1	5016	5016
P144,1	5017	5017
P66,1	5018	5018
P124,2	5019	5019
P155,1	5020	5020
P117,1	5021	5021
P135,2	5022	5022
P126,1	5023	5023
P62,1	5024	5024
P59,1	5025	5025
P186,1	5026	5026
P107,1	5027	5027
P146,2	5028	5028
P38,1	5029	5029
P169,1	5030	5030
P7,2	5031	5031
P87,1	5032	5032
P47,1	5033	5033
P199,1	5034	5034
P63,2	5035	5035
P55,1	5036	5036
P40,2	5037	5037
P109,1	5038	5038
P32,2	5039	5039
P118,1	5040	5040
P157,1	5041	5041
P99,1	5042	5042
P172,1	5043	5043
P129,1	5044	5044
P188,1	5045	5045
P50,2	5046	5046
P4,2	5047	5047
P100,1	5048	5048
P148,1	5049	5049
P75,2	5050	5050
P26,1	5051	5051
P159,1	5052	5052
P94,1	5053	5053
P110,1	5054	5054
P111,1	5055	5055
P81,1	5056	5056
P56,1	5057	5057
P160,1	5058	5058
P102,1	5059	5059
P140,1	5060	5060
P120,1	5061	5061
P149,1	5062	5062
P95,1	5063	5063
P89,1	5064	5064
P174,1	5065	5065
P28,2	5066	5066
P34,1	5067	5067
P72,1	5068	5068
P11,1	5069	5069
P16,1	5070	5070
P103,2	5071	5071
P192,1	5072	5072
P104,1	5073	5073
P68,2	5074	5074
P177,1	5075	5075
P61,1	5076	5076
P150,1	5077	5077
P17,2	5078	5078
P48,1	5079	5079
P193,1	5080	5080
P45,1	5081	5081
P15,1	5082	5082
P19,2	5083	5083
P77,2	5084	5084
P179,1	5085	5085
P90,2	5086	5086
P96,1	5087	5087
P57,1	5088	5088
P84,1	5089	5089
P35,1	5090	5090
P195,1	5091	5091
P152,1	5092	5092
P133,2	5093	5093
P143,1	5094	5094
P106,1	5095	5095
P78,1	5096	5096
P91,1	5097	5097
P116,2	5098	5098
P85,1	5099	5099
P36,2	5100	5100
P183,1	5101	5101
P97,1	5102	5102
P12,2	5103	5103
P13,1	5104	5104
P134,1	5105	5105
P184,1	5106	5106
P154,1	5107	5107
P86,1	5108	5108
P37,1	5109	5109
P10,2	5110	5110
P25,1	5111	5111
P98,1	5112	5112
P168,1	5113	5113
P197,1	5114	5114
P185,1	5115	5115
P136,1	5116	5116
P198,1	5117	5117
P70,2	5118	5118
P108,1	5119	5119
P156,1	5120	5120
P24,2	5121	5121
P170,1	5122	5122
P87,1	5123	5123
P47,1	5124	5124
P199,1	5125	5125
P63,2	5126	5126
P55,1	5127	5127
P41,2	5128	5128
P187,1	5129	5129
P200,1	5130	5130
P118,1	5131	5131
P157,1	5132	5132
P88,2	5133	5133
P128,1	5134	5134
P80,2	5135	5135
P119,1	5136	5136
P67,1	5137	5137
P14,1	5138	5138
P33,1	5139	5139
P60,2	5140	5140
P158,2	5141	5141
P23,2	5142	5142
P51,1	5143	5143
P30,1	5144	5144
P139,1	5145	5145
P101,1	5146	5146
P76,1	5147	5147
P189,1	5148	5148
P173,1	5149	5149
P130,1	5150	5150
P112,1	5151	5151
P131,1	5152	5152
P190,2	5153	5153
P161,1	5154	5154
P191,1	5155	5155
P113,1	5156	5156
P2,2	5157	5157
P162,1	5158	5158
P43,2	5159	5159
P64,1	5160	5160
P82,1	5161	5161
P132,1	5162	5162
P175,1	5163	5163
P114,1	5164	5164
P176,1	5165	5165
P141,2	5166	5166
P29,1	5167	5167
P178,1	5168	5168
P83,2	5169	5169
P121,1	5170	5170
P44,2	5171	5171
P53,2	5172	5172
P164,1	5173	5173
P165,1	5174	5174
P69,1	5175	5175
P31,1	5176	5176
P142,1	5177	5177
P122,1	5178	5178
P18,2	5179	5179
P151,1	5180	5180
P54,1	5181	5181
P194,1	5182	5182
P180,1	5183	5183
P105,1	5184	5184
P181,1	5185	5185
P115,1	5186	5186
P73,1	5187	5187
P166,1	5188	5188
P46,2	5189	5189
P182,1	5190	5190
P123,2	5191	5191
P167,1	5192	5192
P49,2	5193	5193
P58,1	5194	5194
P196,1	5195	5195
P153,1	5196	5196
P79,1	5197	5197
P65,1	5198	5198
P125,1	5199	5199
P144,1	5200	5200
P66,1	5201	5201
P124,2	5202	5202
P155,1	5203	5203
P117,1	5204	5204
P135,2	5205	5205
P126,1	5206	5206
P62,1	5207	5207
P59,1	5208	5208
P186,1	5209	5209
P107,1	5210	5210
P146,2	5211	5211
P38,1	5212	5212
P169,1	5213	5213
P7,2	5214	5214
P21,1	5215	5215
P92,1	5216	5216
P22,1	5217	5217
P137,1	5218	5218
P127,1	5219	5219
P40,2	5220	5220
P109,1	5221	5221
P32,2	5222	5222
P171,1	5223	5223
P138,1	5224	5224
P99,1	5225	5225
P172,1	5226	5226
P129,1	5227	5227
P188,1	5228	5228
P50,2	5229	5229
P4,2	5230	5230
P100,1	5231	5231
P148,1	5232	5232
P75,2	5233	5233
P26,1	5234	5234
P159,1	5235	5235
P94,1	5236	5236
P110,1	5237	5237
P111,1	5238	5238
P81,1	5239	5239
P56,1	5240	5240
P160,1	5241	5241
P102,1	5242	5242
P140,1	5243	5243
P120,1	5244	5244
P149,1	5245	5245
P95,1	5246	5246
P89,1	5247	5247
P174,1	5248	5248
P28,2	5249	5249
P34,1	5250	5250
P72,1	5251	5251
P11,1	5252	5252
P132,1	5253	5253
P16,2	5254	5254
P192,1	5255	5255
P104,1	5256	5256
P68,2	5257	5257
P177,1	5258	5258
P61,1	5259	5259
P150,1	5260	5260
P17,2	5261	5261
P48,1	5262	5262
P193,1	5263	5263
P45,1	5264	5264
P15,1	5265	5265
P19,2	5266	5266
P77,2	5267	5267
P179,1	5268	5268
P90,2	5269	5269
P96,1	5270	5270
P57,1	5271	5271
P84,1	5272	5272
P35,1	5273	5273
P195,1	5274	5274
P152,1	5275	5275
P133,2	5276	5276
P143,1	5277	5277
P106,1	5278	5278
P78,1	5279	5279
P91,1	5280	5280
P116,2	5281	5281
P85,1	5282	5282
P36,2	5283	5283
P183,1	5284	5284
P97,1	5285	5285
P12,2	5286	5286
P13,1	5287	5287
P134,1	5288	5288
P184,1	5289	5289
P154,1	5290	5290
P86,1	5291	5291
P37,1	5292	5292
P10,2	5293	5293
P25,1	5294	5294
P98,1	5295	5295
P168,1	5296	5296
P197,1	5297	5297
P185,1	5298	5298
P136,1	5299	5299
P198,1	5300	5300
P70,2	5301	5301
P108,1	5302	5302
P156,1	5303	5303
P24,2	5304	5304
P170,1	5305	5305
P87,1	5306	5306
P47,1	5307	5307
P199,1	5308	5308
P137,1	5309	5309
P22,2	5310	5310
P41,2	5311	5311
P187,1	5312	5312
P200,1	5313	5313
P118,1	5314	5314
P157,1	5315	5315
P88,2	5316	5316
P128,1	5317	5317
P80,2	5318	5318
P119,1	5319	5319
P67,1	5320	5320
P14,1	5321	5321
P33,1	5322	5322
P60,2	5323	5323
P158,2	5324	5324
P23,2	5325	5325
P51,1	5326	5326
P30,1	5327	5327
P139,1	5328	5328
P101,1	5329	5329
P76,1	5330	5330
P189,1	5331	5331
P173,1	5332	5332
P130,1	5333	5333
P112,1	5334	5334
P131,1	5335	5335
P190,2	5336	5336
P161,1	5337	5337
P191,1	5338	5338
P113,1	5339	5339
P2,2	5340	5340
P162,1	5341	5341
P43,2	5342	5342
P64,1	5343	5343
P82,1	5344	5344
P103,2	5345	5345
P175,1	5346	5346
P114,1	5347	5347
P176,1	5348	5348
P141,2	5349	5349
P61,1	5350	5350
P29,2	5351	5351
P83,2	5352	5352
P121,1	5353	5353
P44,2	5354	5354
P53,2	5355	5355
P164,1	5356	5356
P165,1	5357	5357
P69,1	5358	5358
P31,1	5359	5359
P142,1	5360	5360
P122,1	5361	5361
P18,2	5362	5362
P151,1	5363	5363
P54,1	5364	5364
P194,1	5365	5365
P180,1	5366	5366
P105,1	5367	5367
P181,1	5368	5368
P115,1	5369	5369
P73,1	5370	5370
P166,1	5371	5371
P46,2	5372	5372
P182,1	5373	5373
P123,2	5374	5374
P167,1	5375	5375
P49,2	5376	5376
P58,1	5377	5377
P196,1	5378	5378
P153,1	5379	5379
P79,1	5380	5380
P65,1	5381	5381
P125,1	5382	5382
P144,1	5383	5383
P10,2	5384	5384
P25,1	5385	5385
P98,1	5386	5386
P168,1	5387	5387
P197,1	5388	5388
P185,1	5389	5389
P136,1	5390	5390
P198,1	5391	5391
P70,2	5392	5392
P108,1	5393	5393
P156,1	5394	5394
P24,2	5395	5395
P7,2	5396	5396
P21,1	5397	5397
P92,1	5398	5398
P63,2	5399	5399
P55,1	5400	5400
P127,1	5401	5401
P40,2	5402	5402
P109,1	5403	5403
P32,2	5404	5404
P171,1	5405	5405
P138,1	5406	5406
P99,1	5407	5407
P172,1	5408	5408
P129,1	5409	5409
P188,1	5410	5410
P50,2	5411	5411
P4,2	5412	5412
P60,2	5413	5413
P158,2	5414	5414
P23,2	5415	5415
P51,1	5416	5416
P30,1	5417	5417
P33,2	5418	5418
P110,1	5419	5419
P111,1	5420	5420
P81,1	5421	5421
P56,1	5422	5422
P160,1	5423	5423
P102,1	5424	5424
P140,1	5425	5425
P120,1	5426	5426
P149,1	5427	5427
P95,1	5428	5428
P89,1	5429	5429
P174,1	5430	5430
P28,2	5431	5431
P34,1	5432	5432
P72,1	5433	5433
P11,1	5434	5434
P132,1	5435	5435
P16,2	5436	5436
P192,1	5437	5437
P104,1	5438	5438
P68,2	5439	5439
P177,1	5440	5440
P178,1	5441	5441
P150,1	5442	5442
P17,2	5443	5443
P48,1	5444	5444
P193,1	5445	5445
P45,1	5446	5446
P15,1	5447	5447
P19,2	5448	5448
P77,2	5449	5449
P179,1	5450	5450
P90,2	5451	5451
P96,1	5452	5452
P57,1	5453	5453
P84,1	5454	5454
P35,1	5455	5455
P195,1	5456	5456
P152,1	5457	5457
P133,2	5458	5458
P143,1	5459	5459
P106,1	5460	5460
P78,1	5461	5461
P91,1	5462	5462
P116,2	5463	5463
P85,1	5464	5464
P36,2	5465	5465
P183,1	5466	5466
P97,1	5467	5467
P12,2	5468	5468
P13,1	5469	5469
P134,1	5470	5470
P184,1	5471	5471
P154,1	5472	5472
P144,1	5473	5473
P10,2	5474	5474
P25,1	5475	5475
P98,1	5476	5476
P168,1	5477	5477
P86,2	5478	5478
P126,1	5479	5479
P62,1	5480	5480
P59,1	5481	5481
P186,1	5482	5482
P107,1	5483	5483
P146,2	5484	5484
P38,1	5485	5485
P169,1	5486	5486
P87,1	5487	5487
P47,1	5488	5488
P199,1	5489	5489
P137,1	5490	5490
P22,2	5491	5491
P41,2	5492	5492
P187,1	5493	5493
P200,1	5494	5494
P118,1	5495	5495
P157,1	5496	5496
P88,2	5497	5497
P128,1	5498	5498
P80,2	5499	5499
P119,1	5500	5500
P67,1	5501	5501
P14,1	5502	5502
P100,1	5503	5503
P148,1	5504	5504
P75,2	5505	5505
P26,1	5506	5506
P159,1	5507	5507
P94,1	5508	5508
P139,1	5509	5509
P101,1	5510	5510
P76,1	5511	5511
P189,1	5512	5512
P173,1	5513	5513
P130,1	5514	5514
P112,1	5515	5515
P131,1	5516	5516
P190,2	5517	5517
P161,1	5518	5518
P191,1	5519	5519
P113,1	5520	5520
P2,2	5521	5521
P162,1	5522	5522
P43,2	5523	5523
P64,1	5524	5524
P82,1	5525	5525
P103,2	5526	5526
P175,1	5527	5527
P114,1	5528	5528
P176,1	5529	5529
P141,2	5530	5530
P61,1	5531	5531
P29,2	5532	5532
P83,2	5533	5533
P121,1	5534	5534
P44,2	5535	5535
P53,2	5536	5536
P164,1	5537	5537
P165,1	5538	5538
P69,1	5539	5539
P31,1	5540	5540
P142,1	5541	5541
P122,1	5542	5542
P18,2	5543	5543
P151,1	5544	5544
P54,1	5545	5545
P194,1	5546	5546
P180,1	5547	5547
P105,1	5548	5548
P181,1	5549	5549
P115,1	5550	5550
P73,1	5551	5551
P166,1	5552	5552
P116,2	5553	5553
P85,1	5554	5554
P36,2	5555	5555
P183,1	5556	5556
P97,1	5557	5557
P12,2	5558	5558
P91,2	5559	5559
P153,1	5560	5560
P79,1	5561	5561
P65,1	5562	5562
P125,1	5563	5563
P66,1	5564	5564
P124,2	5565	5565
P155,1	5566	5566
P117,1	5567	5567
P135,2	5568	5568
P197,1	5569	5569
P185,1	5570	5570
P136,1	5571	5571
P198,1	5572	5572
P70,2	5573	5573
P108,1	5574	5574
P156,1	5575	5575
P24,2	5576	5576
P7,2	5577	5577
P21,1	5578	5578
P92,1	5579	5579
P63,2	5580	5580
P55,1	5581	5581
P127,1	5582	5582
P40,2	5583	5583
P109,1	5584	5584
P32,2	5585	5585
P171,1	5586	5586
P88,2	5587	5587
P128,1	5588	5588
P80,2	5589	5589
P138,2	5590	5590
P188,1	5591	5591
P50,2	5592	5592
P4,2	5593	5593
P60,2	5594	5594
P158,2	5595	5595
P23,2	5596	5596
P51,1	5597	5597
P94,1	5598	5598
P139,1	5599	5599
P101,1	5600	5600
P76,1	5601	5601
P189,1	5602	5602
P173,1	5603	5603
P159,2	5604	5604
P102,1	5605	5605
P140,1	5606	5606
P120,1	5607	5607
P149,1	5608	5608
P95,1	5609	5609
P89,1	5610	5610
P174,1	5611	5611
P28,2	5612	5612
P34,1	5613	5613
P72,1	5614	5614
P11,1	5615	5615
P103,2	5616	5616
P175,1	5617	5617
P114,1	5618	5618
P176,1	5619	5619
P141,2	5620	5620
P61,1	5621	5621
P29,2	5622	5622
P83,2	5623	5623
P121,1	5624	5624
P44,2	5625	5625
P53,2	5626	5626
P164,1	5627	5627
P19,2	5628	5628
P69,1	5629	5629
P31,1	5630	5630
P142,1	5631	5631
P122,1	5632	5632
P18,2	5633	5633
P151,1	5634	5634
P54,1	5635	5635
P194,1	5636	5636
P180,1	5637	5637
P105,1	5638	5638
P181,1	5639	5639
P115,1	5640	5640
P73,1	5641	5641
P166,1	5642	5642
P116,2	5643	5643
P85,1	5644	5644
P36,2	5645	5645
P183,1	5646	5646
P97,1	5647	5647
P12,2	5648	5648
P91,2	5649	5649
P153,1	5650	5650
P79,1	5651	5651
P65,1	5652	5652
P125,1	5653	5653
P66,1	5654	5654
P124,2	5655	5655
P155,1	5656	5656
P117,1	5657	5657
P135,2	5658	5658
P126,1	5659	5659
P62,1	5660	5660
P59,1	5661	5661
P186,1	5662	5662
P107,1	5663	5663
P146,2	5664	5664
P38,1	5665	5665
P169,1	5666	5666
P21,1	5667	5667
P92,1	5668	5668
P63,2	5669	5669
P55,1	5670	5670
P127,1	5671	5671
P40,2	5672	5672
P109,1	5673	5673
P32,2	5674	5674
P171,1	5675	5675
P88,2	5676	5676
P128,1	5677	5677
P80,2	5678	5678
P138,2	5679	5679
P188,1	5680	5680
P50,2	5681	5681
P4,2	5682	5682
P60,2	5683	5683
P158,2	5684	5684
P23,2	5685	5685
P51,1	5686	5686
P94,1	5687	5687
P139,1	5688	5688
P101,1	5689	5689
P76,1	5690	5690
P189,1	5691	5691
P173,1	5692	5692
P159,2	5693	5693
P102,1	5694	5694
P140,1	5695	5695
P120,1	5696	5696
P149,1	5697	5697
P95,1	5698	5698
P89,1	5699	5699
P174,1	5700	5700
P28,2	5701	5701
P34,1	5702	5702
P72,1	5703	5703
P11,1	5704	5704
P103,2	5705	5705
P175,1	5706	5706
P114,1	5707	5707
P176,1	5708	5708
P141,2	5709	5709
P61,1	5710	5710
P29,2	5711	5711
P83,2	5712	5712
P121,1	5713	5713
P44,2	5714	5714
P53,2	5715	5715
P164,1	5716	5716
P19,2	5717	5717
P69,1	5718	5718
P31,1	5719	5719
P142,1	5720	5720
P122,1	5721	5721
P18,2	5722	5722
P151,1	5723	5723
P54,1	5724	5724
P194,1	5725	5725
P180,1	5726	5726
P105,1	5727	5727
P181,1	5728	5728
P115,1	5729	5729
P73,1	5730	5730
P166,1	5731	5731
P116,2	5732	5732
P85,1	5733	5733
P36,2	5734	5734
P49,2	5735	5735
P58,1	5736	5736
P196,1	5737	5737
P13,1	5738	5738
P134,1	5739	5739
P184,1	5740	5740
P65,1	5741	5741
P125,1	5742	5742
P66,1	5743	5743
P124,2	5744	5744
P155,1	5745	5745
P117,1	5746	5746
P135,2	5747	5747
P126,1	5748	5748
P62,1	5749	5749
P59,1	5750	5750
P186,1	5751	5751
P107,1	5752	5752
P146,2	5753	5753
P38,1	5754	5754
P169,1	5755	5755
P21,1	5756	5756
P92,1	5757	5757
P63,2	5758	5758
P55,1	5759	5759
P127,1	5760	5760
P40,2	5761	5761
P109,1	5762	5762
P32,2	5763	5763
P171,1	5764	5764
P88,2	5765	5765
P128,1	5766	5766
P80,2	5767	5767
P138,2	5768	5768
P188,1	5769	5769
P50,2	5770	5770
P4,2	5771	5771
P60,2	5772	5772
P158,2	5773	5773
P23,2	5774	5774
P51,1	5775	5775
P94,1	5776	5776
P139,1	5777	5777
P101,1	5778	5778
P76,1	5779	5779
P189,1	5780	5780
P173,1	5781	5781
P159,2	5782	5782
P102,1	5783	5783
P140,1	5784	5784
P120,1	5785	5785
P149,1	5786	5786
P95,1	5787	5787
P89,1	5788	5788
P174,1	5789	5789
P28,2	5790	5790
P34,1	5791	5791
P72,1	5792	5792
P11,1	5793	5793
P103,2	5794	5794
P175,1	5795	5795
P114,1	5796	5796
P176,1	5797	5797
P141,2	5798	5798
P61,1	5799	5799
P29,2	5800	5800
P83,2	5801	5801
P121,1	5802	5802
P44,2	5803	5803
P53,2	5804	5804
P164,1	5805	5805
P19,2	5806	5806
P69,1	5807	5807
P31,1	5808	5808
P142,1	5809	5809
P122,1	5810	5810
P18,2	5811	5811
P84,1	5812	5812
P35,1	5813	5813
P195,1	5814	5814
P152,1	5815	5815
P133,2	5816	5816
P143,1	5817	5817
P106,1	5818	5818
P78,1	5819	5819
P166,1	5820	5820
P116,2	5821	5821
P85,1	5822	5822
P36,2	5823	5823
P49,2	5824	5824
P58,1	5825	5825
P196,1	5826	5826
P13,1	5827	5827
P134,1	5828	5828
P184,1	5829	5829
P65,1	5830	5830
P125,1	5831	5831
P66,1	5832	5832
P124,2	5833	5833
P155,1	5834	5834
P117,1	5835	5835
P135,2	5836	5836
P126,1	5837	5837
P62,1	5838	5838
P59,1	5839	5839
P186,1	5840	5840
P107,1	5841	5841
P146,2	5842	5842
P38,1	5843	5843
P169,1	5844	5844
P21,1	5845	5845
P92,1	5846	5846
P63,2	5847	5847
P55,1	5848	5848
P127,1	5849	5849
P40,2	5850	5850
P109,1	5851	5851
P32,2	5852	5852
P171,1	5853	5853
P88,2	5854	5854
P128,1	5855	5855
P80,2	5856	5856
P138,2	5857	5857
P188,1	5858	5858
P50,2	5859	5859
P4,2	5860	5860
P60,2	5861	5861
P158,2	5862	5862
P23,2	5863	5863
P51,1	5864	5864
P94,1	5865	5865
P139,1	5866	5866
P101,1	5867	5867
P76,1	5868	5868
P189,1	5869	5869
P173,1	5870	5870
P159,2	5871	5871
P102,1	5872	5872
P140,1	5873	5873
P120,1	5874	5874
P149,1	5875	5875
P95,1	5876	5876
P89,1	5877	5877
P174,1	5878	5878
P28,2	5879	5879
P34,1	5880	5880
P72,1	5881	5881
P11,1	5882	5882
P103,2	5883	5883
P175,1	5884	5884
P114,1	5885	5885
P176,1	5886	5886
P141,2	5887	5887
P61,1	5888	5888
P29,2	5889	5889
P83,2	5890	5890
P121,1	5891	5891
P44,2	5892	5892
P53,2	5893	5893
P164,1	5894	5894
P19,2	5895	5895
P69,1	5896	5896
P31,1	5897	5897
P142,1	5898	5898
P122,1	5899	5899
P18,2	5900	5900
P84,1	5901	5901
P35,1	5902	5902
P195,1	5903	5903
P152,1	5904	5904
P133,2	5905	5905
P143,1	5906	5906
P106,1	5907	5907
P78,1	5908	5908
P166,1	5909	5909
P116,2	5910	5910
P85,1	5911	5911
P36,2	5912	5912
P49,2	5913	5913
P58,1	5914	5914
P196,1	5915	5915
P13,1	5916	5916
P134,1	5917	5917
P184,1	5918	5918
P65,1	5919	5919
P125,1	5920	5920
P66,1	5921	5921
P124,2	5922	5922
P155,1	5923	5923
P117,1	5924	5924
P135,2	5925	5925
P126,1	5926	5926
P62,1	5927	5927
P59,1	5928	5928
P186,1	5929	5929
P107,1	5930	5930
P146,2	5931	5931
P38,1	5932	5932
P169,1	5933	5933
P21,1	5934	5934
P92,1	5935	5935
P63,2	5936	5936
P55,1	5937	5937
P127,1	5938	5938
P40,2	5939	5939
P109,1	5940	5940
P32,2	5941	5941
P171,1	5942	5942
P88,2	5943	5943
P128,1	5944	5944
P80,2	5945	5945
P138,2	5946	5946
P188,1	5947	5947
P50,2	5948	5948
P4,2	5949	5949
P60,2	5950	5950
P158,2	5951	5951
P23,2	5952	5952
P51,1	5953	5953
P94,1	5954	5954
P139,1	5955	5955
P101,1	5956	5956
P76,1	5957	5957
P189,1	5958	5958
P173,1	5959	5959
P159,2	5960	5960
P102,1	5961	5961
P140,1	5962	5962
P120,1	5963	5963
P149,1	5964	5964
P95,1	5965	5965
P89,1	5966	5966
P174,1	5967	5967
P28,2	5968	5968
P34,1	5969	5969
P72,1	5970	5970
P11,1	5971	5971
P103,2	5972	5972
P175,1	5973	5973
P114,1	5974	5974
P176,1	5975	5975
P141,2	5976	5976
P61,1	5977	5977
P29,2	5978	5978
P83,2	5979	5979
P121,1	5980	5980
P44,2	5981	5981
P53,2	5982	5982
P164,1	5983	5983
P19,2	5984	5984
P69,1	5985	5985
P31,1	5986	5986
P142,1	5987	5987
P96,1	5988	5988
P57,1	5989	5989
P54,1	5990	5990
P194,1	5991	5991
P180,1	5992	5992
P105,1	5993	5993
P181,1	5994	5994
P143,1	5995	5995
P106,1	5996	5996
P78,1	5997	5997
P166,1	5998	5998
P116,2	5999	5999
P85,1	6000	6000
P36,2	6001	6001
P49,2	6002	6002
P58,1	6003	6003
P196,1	6004	6004
P13,1	6005	6005
P134,1	6006	6006
P184,1	6007	6007
P65,1	6008	6008
P125,1	6009	6009
P66,1	6010	6010
P124,2	6011	6011
P155,1	6012	6012
P117,1	6013	6013
P135,2	6014	6014
P126,1	6015	6015
P62,1	6016	6016
P59,1	6017	6017
P186,1	6018	6018
P107,1	6019	6019
P146,2	6020	6020
P38,1	6021	6021
P7,2	6022	6022
P47,1	6023	6023
P199,1	6024	6024
P137,1	6025	6025
P55,1	6026	6026
P127,1	6027	6027
P40,2	6028	6028
P109,1	6029	6029
P32,2	6030	6030
P171,1	6031	6031
P88,2	6032	6032
P128,1	6033	6033
P80,2	6034	6034
P138,2	6035	6035
P188,1	6036	6036
P50,2	6037	6037
P4,2	6038	6038
P60,2	6039	6039
P158,2	6040	6040
P23,2	6041	6041
P51,1	6042	6042
P94,1	6043	6043
P139,1	6044	6044
P101,1	6045	6045
P76,1	6046	6046
P189,1	6047	6047
P173,1	6048	6048
P159,2	6049	6049
P102,1	6050	6050
P140,1	6051	6051
P120,1	6052	6052
P149,1	6053	6053
P95,1	6054	6054
P89,1	6055	6055
P174,1	6056	6056
P28,2	6057	6057
P34,1	6058	6058
P72,1	6059	6059
P11,1	6060	6060
P103,2	6061	6061
P175,1	6062	6062
P114,1	6063	6063
P176,1	6064	6064
P141,2	6065	6065
P61,1	6066	6066
P29,2	6067	6067
P83,2	6068	6068
P121,1	6069	6069
P44,2	6070	6070
P53,2	6071	6071
P164,1	6072	6072
P19,2	6073	6073
P69,1	6074	6074
P31,1	6075	6075
P142,1	6076	6076
P96,1	6077	6077
P57,1	6078	6078
P35,1	6079	6079
P195,1	6080	6080
P152,1	6081	6081
P133,2	6082	6082
P122,2	6083	6083
P143,1	6084	6084
P106,1	6085	6085
P151,2	6086	6086
P46,2	6087	6087
P182,1	6088	6088
P123,2	6089	6089
P167,1	6090	6090
P97,1	6091	6091
P12,2	6092	6092
P91,2	6093	6093
P153,1	6094	6094
P79,1	6095	6095
P183,2	6096	6096
P154,1	6097	6097
P144,1	6098	6098
P124,2	6099	6099
P155,1	6100	6100
P117,1	6101	6101
P135,2	6102	6102
P126,1	6103	6103
P62,1	6104	6104
P66,2	6105	6105
P198,1	6106	6106
P70,2	6107	6107
P108,1	6108	6108
P156,1	6109	6109
P24,2	6110	6110
P21,1	6111	6111
P92,1	6112	6112
P63,2	6113	6113
P169,2	6114	6114
P22,2	6115	6115
P41,2	6116	6116
P187,1	6117	6117
P200,1	6118	6118
P118,1	6119	6119
P157,1	6120	6120
P99,1	6121	6121
P172,1	6122	6122
P129,1	6123	6123
P119,1	6124	6124
P67,1	6125	6125
P14,1	6126	6126
P100,1	6127	6127
P148,1	6128	6128
P75,2	6129	6129
P26,1	6130	6130
P30,1	6131	6131
P33,2	6132	6132
P110,1	6133	6133
P111,1	6134	6134
P81,1	6135	6135
P56,1	6136	6136
P160,1	6137	6137
P130,1	6138	6138
P112,1	6139	6139
P131,1	6140	6140
P190,2	6141	6141
P161,1	6142	6142
P191,1	6143	6143
P113,1	6144	6144
P28,2	6145	6145
P34,1	6146	6146
P72,1	6147	6147
P11,1	6148	6148
P103,2	6149	6149
P175,1	6150	6150
P114,1	6151	6151
P176,1	6152	6152
P141,2	6153	6153
P61,1	6154	6154
P29,2	6155	6155
P83,2	6156	6156
P121,1	6157	6157
P44,2	6158	6158
P53,2	6159	6159
P164,1	6160	6160
P19,2	6161	6161
P69,1	6162	6162
P31,1	6163	6163
P142,1	6164	6164
P96,1	6165	6165
P57,1	6166	6166
P35,1	6167	6167
P195,1	6168	6168
P152,1	6169	6169
P133,2	6170	6170
P122,2	6171	6171
P143,1	6172	6172
P106,1	6173	6173
P151,2	6174	6174
P46,2	6175	6175
P182,1	6176	6176
P123,2	6177	6177
P167,1	6178	6178
P97,1	6179	6179
P12,2	6180	6180
P91,2	6181	6181
P153,1	6182	6182
P79,1	6183	6183
P183,2	6184	6184
P154,1	6185	6185
P144,1	6186	6186
P124,2	6187	6187
P155,1	6188	6188
P117,1	6189	6189
P135,2	6190	6190
P126,1	6191	6191
P62,1	6192	6192
P66,2	6193	6193
P198,1	6194	6194
P70,2	6195	6195
P108,1	6196	6196
P156,1	6197	6197
P24,2	6198	6198
P21,1	6199	6199
P92,1	6200	6200
P63,2	6201	6201
P169,2	6202	6202
P22,2	6203	6203
P41,2	6204	6204
P187,1	6205	6205
P200,1	6206	6206
P118,1	6207	6207
P157,1	6208	6208
P99,1	6209	6209
P172,1	6210	6210
P129,1	6211	6211
P119,1	6212	6212
P67,1	6213	6213
P14,1	6214	6214
P100,1	6215	6215
P148,1	6216	6216
P75,2	6217	6217
P26,1	6218	6218
P30,1	6219	6219
P33,2	6220	6220
P110,1	6221	6221
P111,1	6222	6222
P81,1	6223	6223
P56,1	6224	6224
P160,1	6225	6225
P130,1	6226	6226
P112,1	6227	6227
P131,1	6228	6228
P190,2	6229	6229
P161,1	6230	6230
P191,1	6231	6231
P113,1	6232	6232
P28,2	6233	6233
P43,2	6234	6234
P64,1	6235	6235
P132,1	6236	6236
P16,2	6237	6237
P192,1	6238	6238
P104,1	6239	6239
P68,2	6240	6240
P177,1	6241	6241
P61,1	6242	6242
P29,2	6243	6243
P83,2	6244	6244
P121,1	6245	6245
P44,2	6246	6246
P53,2	6247	6247
P164,1	6248	6248
P19,2	6249	6249
P69,1	6250	6250
P31,1	6251	6251
P142,1	6252	6252
P96,1	6253	6253
P57,1	6254	6254
P35,1	6255	6255
P195,1	6256	6256
P152,1	6257	6257
P133,2	6258	6258
P122,2	6259	6259
P143,1	6260	6260
P106,1	6261	6261
P166,1	6262	6262
P46,2	6263	6263
P182,1	6264	6264
P123,2	6265	6265
P167,1	6266	6266
P97,1	6267	6267
P12,2	6268	6268
P91,2	6269	6269
P153,1	6270	6270
P79,1	6271	6271
P183,2	6272	6272
P154,1	6273	6273
P144,1	6274	6274
P124,2	6275	6275
P155,1	6276	6276
P117,1	6277	6277
P135,2	6278	6278
P126,1	6279	6279
P62,1	6280	6280
P66,2	6281	6281
P198,1	6282	6282
P70,2	6283	6283
P146,2	6284	6284
P38,1	6285	6285
P7,2	6286	6286
P47,1	6287	6287
P199,1	6288	6288
P63,2	6289	6289
P169,2	6290	6290
P22,2	6291	6291
P41,2	6292	6292
P187,1	6293	6293
P200,1	6294	6294
P118,1	6295	6295
P157,1	6296	6296
P99,1	6297	6297
P172,1	6298	6298
P129,1	6299	6299
P119,1	6300	6300
P67,1	6301	6301
P14,1	6302	6302
P100,1	6303	6303
P148,1	6304	6304
P75,2	6305	6305
P26,1	6306	6306
P30,1	6307	6307
P33,2	6308	6308
P110,1	6309	6309
P111,1	6310	6310
P81,1	6311	6311
P56,1	6312	6312
P160,1	6313	6313
P130,1	6314	6314
P112,1	6315	6315
P131,1	6316	6316
P190,2	6317	6317
P161,1	6318	6318
P191,1	6319	6319
P113,1	6320	6320
P28,2	6321	6321
P43,2	6322	6322
P64,1	6323	6323
P132,1	6324	6324
P16,2	6325	6325
P192,1	6326	6326
P104,1	6327	6327
P68,2	6328	6328
P177,1	6329	6329
P61,1	6330	6330
P29,2	6331	6331
P83,2	6332	6332
P121,1	6333	6333
P44,2	6334	6334
P53,2	6335	6335
P164,1	6336	6336
P19,2	6337	6337
P69,1	6338	6338
P31,1	6339	6339
P142,1	6340	6340
P96,1	6341	6341
P57,1	6342	6342
P35,1	6343	6343
P195,1	6344	6344
P152,1	6345	6345
P133,2	6346	6346
P122,2	6347	6347
P143,1	6348	6348
P106,1	6349	6349
P166,1	6350	6350
P46,2	6351	6351
P85,1	6352	6352
P36,2	6353	6353
P167,1	6354	6354
P58,1	6355	6355
P196,1	6356	6356
P13,1	6357	6357
P134,1	6358	6358
P184,1	6359	6359
P65,1	6360	6360
P125,1	6361	6361
P144,1	6362	6362
P124,2	6363	6363
P155,1	6364	6364
P117,1	6365	6365
P135,2	6366	6366
P126,1	6367	6367
P62,1	6368	6368
P66,2	6369	6369
P198,1	6370	6370
P70,2	6371	6371
P146,2	6372	6372
P38,1	6373	6373
P7,2	6374	6374
P47,1	6375	6375
P199,1	6376	6376
P63,2	6377	6377
P169,2	6378	6378
P22,2	6379	6379
P41,2	6380	6380
P187,1	6381	6381
P200,1	6382	6382
P118,1	6383	6383
P157,1	6384	6384
P99,1	6385	6385
P172,1	6386	6386
P129,1	6387	6387
P119,1	6388	6388
P67,1	6389	6389
P14,1	6390	6390
P100,1	6391	6391
P148,1	6392	6392
P75,2	6393	6393
P26,1	6394	6394
P30,1	6395	6395
P33,2	6396	6396
P110,1	6397	6397
P111,1	6398	6398
P81,1	6399	6399
P56,1	6400	6400
P160,1	6401	6401
P130,1	6402	6402
P140,1	6403	6403
P120,1	6404	6404
P149,1	6405	6405
P95,1	6406	6406
P89,1	6407	6407
P113,1	6408	6408
P28,2	6409	6409
P43,2	6410	6410
P64,1	6411	6411
P132,1	6412	6412
P16,2	6413	6413
P192,1	6414	6414
P104,1	6415	6415
P68,2	6416	6416
P177,1	6417	6417
P61,1	6418	6418
P29,2	6419	6419
P83,2	6420	6420
P121,1	6421	6421
P44,2	6422	6422
P53,2	6423	6423
P164,1	6424	6424
P19,2	6425	6425
P69,1	6426	6426
P31,1	6427	6427
P142,1	6428	6428
P96,1	6429	6429
P57,1	6430	6430
P35,1	6431	6431
P195,1	6432	6432
P152,1	6433	6433
P133,2	6434	6434
P122,2	6435	6435
P143,1	6436	6436
P106,1	6437	6437
P166,1	6438	6438
P46,2	6439	6439
P85,1	6440	6440
P36,2	6441	6441
P167,1	6442	6442
P58,1	6443	6443
P91,2	6444	6444
P153,1	6445	6445
P79,1	6446	6446
P183,2	6447	6447
P154,1	6448	6448
P97,2	6449	6449
P12,3	6450	6450
P25,1	6451	6451
P98,1	6452	6452
P117,1	6453	6453
P86,2	6454	6454
P185,1	6455	6455
P136,1	6456	6456
P59,1	6457	6457
P186,1	6458	6458
P107,1	6459	6459
P156,1	6460	6460
P24,2	6461	6461
P21,1	6462	6462
P92,1	6463	6463
P108,2	6464	6464
P137,1	6465	6465
P55,1	6466	6466
P127,1	6467	6467
P40,2	6468	6468
P109,1	6469	6469
P32,2	6470	6470
P171,1	6471	6471
P88,2	6472	6472
P128,1	6473	6473
P129,1	6474	6474
P119,1	6475	6475
P67,1	6476	6476
P14,1	6477	6477
P100,1	6478	6478
P148,1	6479	6479
P75,2	6480	6480
P26,1	6481	6481
P30,1	6482	6482
P33,2	6483	6483
P110,1	6484	6484
P111,1	6485	6485
P81,1	6486	6486
P56,1	6487	6487
P160,1	6488	6488
P130,1	6489	6489
P140,1	6490	6490
P120,1	6491	6491
P149,1	6492	6492
P95,1	6493	6493
P89,1	6494	6494
P113,1	6495	6495
P28,2	6496	6496
P43,2	6497	6497
P64,1	6498	6498
P132,1	6499	6499
P16,2	6500	6500
P192,1	6501	6501
P104,1	6502	6502
P68,2	6503	6503
P177,1	6504	6504
P61,1	6505	6505
P29,2	6506	6506
P83,2	6507	6507
P121,1	6508	6508
P44,2	6509	6509
P53,2	6510	6510
P164,1	6511	6511
P19,2	6512	6512
P69,1	6513	6513
P31,1	6514	6514
P142,1	6515	6515
P96,1	6516	6516
P57,1	6517	6517
P35,1	6518	6518
P195,1	6519	6519
P152,1	6520	6520
P133,2	6521	6521
P122,2	6522	6522
P143,1	6523	6523
P106,1	6524	6524
P166,1	6525	6525
P46,2	6526	6526
P85,1	6527	6527
P36,2	6528	6528
P167,1	6529	6529
P58,1	6530	6530
P91,2	6531	6531
P153,1	6532	6532
P79,1	6533	6533
P183,2	6534	6534
P154,1	6535	6535
P97,2	6536	6536
P12,3	6537	6537
P25,1	6538	6538
P98,1	6539	6539
P117,1	6540	6540
P86,2	6541	6541
P185,1	6542	6542
P136,1	6543	6543
P59,1	6544	6544
P186,1	6545	6545
P107,1	6546	6546
P156,1	6547	6547
P24,2	6548	6548
P21,1	6549	6549
P92,1	6550	6550
P108,2	6551	6551
P137,1	6552	6552
P55,1	6553	6553
P127,1	6554	6554
P40,2	6555	6555
P109,1	6556	6556
P32,2	6557	6557
P171,1	6558	6558
P88,2	6559	6559
P128,1	6560	6560
P129,1	6561	6561
P119,1	6562	6562
P67,1	6563	6563
P14,1	6564	6564
P100,1	6565	6565
P148,1	6566	6566
P75,2	6567	6567
P26,1	6568	6568
P30,1	6569	6569
P33,2	6570	6570
P110,1	6571	6571
P111,1	6572	6572
P81,1	6573	6573
P56,1	6574	6574
P160,1	6575	6575
P130,1	6576	6576
P140,1	6577	6577
P120,1	6578	6578
P149,1	6579	6579
P95,1	6580	6580
P89,1	6581	6581
P113,1	6582	6582
P28,2	6583	6583
P43,2	6584	6584
P64,1	6585	6585
P132,1	6586	6586
P16,2	6587	6587
P192,1	6588	6588
P104,1	6589	6589
P68,2	6590	6590
P177,1	6591	6591
P61,1	6592	6592
P29,2	6593	6593
P83,2	6594	6594
P121,1	6595	6595
P44,2	6596	6596
P53,2	6597	6597
P164,1	6598	6598
P19,2	6599	6599
P69,1	6600	6600
P31,1	6601	6601
P142,1	6602	6602
P96,1	6603	6603
P57,1	6604	6604
P35,1	6605	6605
P195,1	6606	6606
P152,1	6607	6607
P181,1	6608	6608
P54,2	6609	6609
P115,1	6610	6610
P151,2	6611	6611
P78,2	6612	6612
P116,2	6613	6613
P123,2	6614	6614
P182,2	6615	6615
P49,2	6616	6616
P196,1	6617	6617
P13,1	6618	6618
P134,1	6619	6619
P184,1	6620	6620
P65,1	6621	6621
P125,1	6622	6622
P10,2	6623	6623
P124,2	6624	6624
P155,1	6625	6625
P144,2	6626	6626
P135,2	6627	6627
P126,1	6628	6628
P62,1	6629	6629
P59,1	6630	6630
P186,1	6631	6631
P107,1	6632	6632
P156,1	6633	6633
P24,2	6634	6634
P21,1	6635	6635
P92,1	6636	6636
P108,2	6637	6637
P137,1	6638	6638
P55,1	6639	6639
P127,1	6640	6640
P40,2	6641	6641
P109,1	6642	6642
P32,2	6643	6643
P171,1	6644	6644
P88,2	6645	6645
P128,1	6646	6646
P129,1	6647	6647
P119,1	6648	6648
P67,1	6649	6649
P14,1	6650	6650
P100,1	6651	6651
P148,1	6652	6652
P75,2	6653	6653
P26,1	6654	6654
P30,1	6655	6655
P33,2	6656	6656
P110,1	6657	6657
P111,1	6658	6658
P81,1	6659	6659
P173,1	6660	6660
P159,2	6661	6661
P102,1	6662	6662
P131,1	6663	6663
P190,2	6664	6664
P161,1	6665	6665
P191,1	6666	6666
P89,1	6667	6667
P113,1	6668	6668
P28,2	6669	6669
P43,2	6670	6670
P64,1	6671	6671
P132,1	6672	6672
P16,2	6673	6673
P192,1	6674	6674
P104,1	6675	6675
P68,2	6676	6676
P177,1	6677	6677
P61,1	6678	6678
P29,2	6679	6679
P83,2	6680	6680
P44,2	6681	6681
P53,2	6682	6682
P164,1	6683	6683
P19,2	6684	6684
P69,1	6685	6685
P31,1	6686	6686
P48,2	6687	6687
P90,2	6688	6688
P18,2	6689	6689
P84,1	6690	6690
P195,1	6691	6691
P152,1	6692	6692
P181,1	6693	6693
P54,2	6694	6694
P194,2	6695	6695
P106,1	6696	6696
P166,1	6697	6697
P46,2	6698	6698
P85,1	6699	6699
P36,2	6700	6700
P167,1	6701	6701
P58,1	6702	6702
P91,2	6703	6703
P153,1	6704	6704
P79,1	6705	6705
P183,2	6706	6706
P154,1	6707	6707
P97,2	6708	6708
P12,3	6709	6709
P25,1	6710	6710
P98,1	6711	6711
P135,2	6712	6712
P126,1	6713	6713
P62,1	6714	6714
P59,1	6715	6715
P186,1	6716	6716
P107,1	6717	6717
P156,1	6718	6718
P24,2	6719	6719
P21,1	6720	6720
P92,1	6721	6721
P108,2	6722	6722
P137,1	6723	6723
P55,1	6724	6724
P127,1	6725	6725
P40,2	6726	6726
P109,1	6727	6727
P32,2	6728	6728
P171,1	6729	6729
P88,2	6730	6730
P128,1	6731	6731
P129,1	6732	6732
P119,1	6733	6733
P67,1	6734	6734
P14,1	6735	6735
P100,1	6736	6736
P148,1	6737	6737
P75,2	6738	6738
P26,1	6739	6739
P30,1	6740	6740
P33,2	6741	6741
P110,1	6742	6742
P111,1	6743	6743
P81,1	6744	6744
P173,1	6745	6745
P159,2	6746	6746
P102,1	6747	6747
P131,1	6748	6748
P190,2	6749	6749
P161,1	6750	6750
P191,1	6751	6751
P89,1	6752	6752
P113,1	6753	6753
P28,2	6754	6754
P43,2	6755	6755
P64,1	6756	6756
P132,1	6757	6757
P16,2	6758	6758
P192,1	6759	6759
P104,1	6760	6760
P68,2	6761	6761
P177,1	6762	6762
P61,1	6763	6763
P29,2	6764	6764
P83,2	6765	6765
P44,2	6766	6766
P53,2	6767	6767
P164,1	6768	6768
P19,2	6769	6769
P69,1	6770	6770
P31,1	6771	6771
P48,2	6772	6772
P90,2	6773	6773
P18,2	6774	6774
P84,1	6775	6775
P195,1	6776	6776
P152,1	6777	6777
P181,1	6778	6778
P54,2	6779	6779
P194,2	6780	6780
P106,1	6781	6781
P166,1	6782	6782
P46,2	6783	6783
P85,1	6784	6784
P36,2	6785	6785
P167,1	6786	6786
P58,1	6787	6787
P91,2	6788	6788
P153,1	6789	6789
P79,1	6790	6790
P183,2	6791	6791
P154,1	6792	6792
P97,2	6793	6793
P12,3	6794	6794
P25,1	6795	6795
P98,1	6796	6796
P135,2	6797	6797
P126,1	6798	6798
P62,1	6799	6799
P59,1	6800	6800
P186,1	6801	6801
P107,1	6802	6802
P156,1	6803	6803
P24,2	6804	6804
P21,1	6805	6805
P92,1	6806	6806
P108,2	6807	6807
P137,1	6808	6808
P55,1	6809	6809
P127,1	6810	6810
P40,2	6811	6811
P109,1	6812	6812
P32,2	6813	6813
P171,1	6814	6814
P88,2	6815	6815
P128,1	6816	6816
P129,1	6817	6817
P119,1	6818	6818
P67,1	6819	6819
P14,1	6820	6820
P100,1	6821	6821
P148,1	6822	6822
P75,2	6823	6823
P30,1	6824	6824
P26,2	6825	6825
P139,1	6826	6826
P101,1	6827	6827
P76,1	6828	6828
P189,1	6829	6829
P160,1	6830	6830
P130,1	6831	6831
P140,1	6832	6832
P120,1	6833	6833
P149,1	6834	6834
P95,1	6835	6835
P56,2	6836	6836
P112,2	6837	6837
P2,2	6838	6838
P162,1	6839	6839
P64,1	6840	6840
P132,1	6841	6841
P16,2	6842	6842
P192,1	6843	6843
P104,1	6844	6844
P68,2	6845	6845
P177,1	6846	6846
P61,1	6847	6847
P29,2	6848	6848
P83,2	6849	6849
P44,2	6850	6850
P53,2	6851	6851
P164,1	6852	6852
P19,2	6853	6853
P69,1	6854	6854
P31,1	6855	6855
P48,2	6856	6856
P90,2	6857	6857
P18,2	6858	6858
P84,1	6859	6859
P195,1	6860	6860
P152,1	6861	6861
P181,1	6862	6862
P54,2	6863	6863
P194,2	6864	6864
P106,1	6865	6865
P166,1	6866	6866
P46,2	6867	6867
P85,1	6868	6868
P36,2	6869	6869
P167,1	6870	6870
P58,1	6871	6871
P91,2	6872	6872
P153,1	6873	6873
P79,1	6874	6874
P183,2	6875	6875
P154,1	6876	6876
P97,2	6877	6877
P12,3	6878	6878
P25,1	6879	6879
P98,1	6880	6880
P135,2	6881	6881
P185,1	6882	6882
P66,2	6883	6883
P198,1	6884	6884
P70,2	6885	6885
P107,1	6886	6886
P156,1	6887	6887
P24,2	6888	6888
P21,1	6889	6889
P92,1	6890	6890
P108,2	6891	6891
P137,1	6892	6892
P55,1	6893	6893
P127,1	6894	6894
P40,2	6895	6895
P109,1	6896	6896
P32,2	6897	6897
P171,1	6898	6898
P88,2	6899	6899
P128,1	6900	6900
P129,1	6901	6901
P119,1	6902	6902
P67,1	6903	6903
P14,1	6904	6904
P100,1	6905	6905
P148,1	6906	6906
P75,2	6907	6907
P30,1	6908	6908
P26,2	6909	6909
P139,1	6910	6910
P101,1	6911	6911
P76,1	6912	6912
P173,1	6913	6913
P159,2	6914	6914
P130,1	6915	6915
P131,1	6916	6916
P190,2	6917	6917
P161,1	6918	6918
P191,1	6919	6919
P56,2	6920	6920
P112,2	6921	6921
P2,2	6922	6922
P162,1	6923	6923
P64,1	6924	6924
P132,1	6925	6925
P16,2	6926	6926
P192,1	6927	6927
P104,1	6928	6928
P68,2	6929	6929
P177,1	6930	6930
P61,1	6931	6931
P29,2	6932	6932
P83,2	6933	6933
P44,2	6934	6934
P53,2	6935	6935
P164,1	6936	6936
P19,2	6937	6937
P69,1	6938	6938
P31,1	6939	6939
P48,2	6940	6940
P90,2	6941	6941
P18,2	6942	6942
P84,1	6943	6943
P195,1	6944	6944
P152,1	6945	6945
P181,1	6946	6946
P54,2	6947	6947
P194,2	6948	6948
P106,1	6949	6949
P166,1	6950	6950
P46,2	6951	6951
P85,1	6952	6952
P36,2	6953	6953
P167,1	6954	6954
P58,1	6955	6955
P91,2	6956	6956
P153,1	6957	6957
P79,1	6958	6958
P183,2	6959	6959
P154,1	6960	6960
P97,2	6961	6961
P12,3	6962	6962
P25,1	6963	6963
P98,1	6964	6964
P135,2	6965	6965
P185,1	6966	6966
P66,2	6967	6967
P186,1	6968	6968
P126,2	6969	6969
P146,2	6970	6970
P38,1	6971	6971
P7,2	6972	6972
P47,1	6973	6973
P199,1	6974	6974
P63,2	6975	6975
P169,2	6976	6976
P22,2	6977	6977
P41,2	6978	6978
P187,1	6979	6979
P200,1	6980	6980
P118,1	6981	6981
P157,1	6982	6982
P99,1	6983	6983
P80,2	6984	6984
P138,2	6985	6985
P67,1	6986	6986
P14,1	6987	6987
P100,1	6988	6988
P148,1	6989	6989
P119,2	6990	6990
P23,2	6991	6991
P94,1	6992	6992
P33,2	6993	6993
P110,1	6994	6994
P111,1	6995	6995
P81,1	6996	6996
P160,1	6997	6997
P189,2	6998	6998
P140,1	6999	6999
P190,2	7000	7000
P161,1	7001	7001
P102,2	7002	7002
P89,1	7003	7003
P113,1	7004	7004
P28,2	7005	7005
P162,1	7006	7006
P64,1	7007	7007
P132,1	7008	7008
P175,1	7009	7009
P114,1	7010	7010
P176,1	7011	7011
P141,2	7012	7012
P34,2	7013	7013
P178,1	7014	7014
P29,2	7015	7015
P83,2	7016	7016
P44,2	7017	7017
P53,2	7018	7018
P164,1	7019	7019
P19,2	7020	7020
P69,1	7021	7021
P31,1	7022	7022
P48,2	7023	7023
P90,2	7024	7024
P18,2	7025	7025
P84,1	7026	7026
P195,1	7027	7027
P152,1	7028	7028
P181,1	7029	7029
P54,2	7030	7030
P194,2	7031	7031
P106,1	7032	7032
P166,1	7033	7033
P46,2	7034	7034
P85,1	7035	7035
P36,2	7036	7036
P167,1	7037	7037
P58,1	7038	7038
P91,2	7039	7039
P153,1	7040	7040
P79,1	7041	7041
P183,2	7042	7042
P154,1	7043	7043
P97,2	7044	7044
P12,3	7045	7045
P25,1	7046	7046
P98,1	7047	7047
P135,2	7048	7048
P185,1	7049	7049
P66,2	7050	7050
P186,1	7051	7051
P126,2	7052	7052
P146,2	7053	7053
P38,1	7054	7054
P7,2	7055	7055
P47,1	7056	7056
P199,1	7057	7057
P63,2	7058	7058
P169,2	7059	7059
P22,2	7060	7060
P41,2	7061	7061
P187,1	7062	7062
P200,1	7063	7063
P118,1	7064	7064
P157,1	7065	7065
P99,1	7066	7066
P80,2	7067	7067
P138,2	7068	7068
P67,1	7069	7069
P4,2	7070	7070
P60,2	7071	7071
P158,2	7072	7072
P75,2	7073	7073
P30,1	7074	7074
P26,2	7075	7075
P139,1	7076	7076
P111,1	7077	7077
P81,1	7078	7078
P160,1	7079	7079
P189,2	7080	7080
P140,1	7081	7081
P101,2	7082	7082
P149,1	7083	7083
P95,1	7084	7084
P56,2	7085	7085
P112,2	7086	7086
P2,2	7087	7087
P131,2	7088	7088
P43,2	7089	7089
P11,1	7090	7090
P16,2	7091	7091
P192,1	7092	7092
P104,1	7093	7093
P68,2	7094	7094
P177,1	7095	7095
P61,1	7096	7096
P103,3	7097	7097
P150,1	7098	7098
P17,2	7099	7099
P193,1	7100	7100
P45,1	7101	7101
P165,1	7102	7102
P15,2	7103	7103
P77,2	7104	7104
P179,1	7105	7105
P142,1	7106	7106
P96,1	7107	7107
P57,1	7108	7108
P35,1	7109	7109
P180,1	7110	7110
P133,2	7111	7111
P122,2	7112	7112
P143,1	7113	7113
P115,1	7114	7114
P151,2	7115	7115
P78,2	7116	7116
P116,2	7117	7117
P123,2	7118	7118
P182,2	7119	7119
P49,2	7120	7120
P196,1	7121	7121
P13,1	7122	7122
P134,1	7123	7123
P184,1	7124	7124
P65,1	7125	7125
P125,1	7126	7126
P10,2	7127	7127
P124,2	7128	7128
P155,1	7129	7129
P144,2	7130	7130
P86,2	7131	7131
P62,1	7132	7132
P59,1	7133	7133
P70,2	7134	7134
P107,1	7135	7135
P156,1	7136	7136
P24,2	7137	7137
P21,1	7138	7138
P92,1	7139	7139
P108,2	7140	7140
P137,1	7141	7141
P55,1	7142	7142
P127,1	7143	7143
P40,2	7144	7144
P109,1	7145	7145
P32,2	7146	7146
P171,1	7147	7147
P88,2	7148	7148
P128,1	7149	7149
P129,1	7150	7150
P188,1	7151	7151
P50,2	7152	7152
P100,1	7153	7153
P148,1	7154	7154
P119,2	7155	7155
P23,2	7156	7156
P94,1	7157	7157
P33,2	7158	7158
P110,1	7159	7159
P76,1	7160	7160
P173,1	7161	7161
P159,2	7162	7162
P130,1	7163	7163
P120,1	7164	7164
P190,2	7165	7165
P161,1	7166	7166
P102,2	7167	7167
P89,1	7168	7168
P113,1	7169	7169
P28,2	7170	7170
P162,1	7171	7171
P64,1	7172	7172
P132,1	7173	7173
P192,1	7174	7174
P104,1	7175	7175
P68,2	7176	7176
P177,1	7177	7177
P61,1	7178	7178
P103,3	7179	7179
P150,1	7180	7180
P17,2	7181	7181
P193,1	7182	7182
P45,1	7183	7183
P165,1	7184	7184
P15,2	7185	7185
P77,2	7186	7186
P179,1	7187	7187
P90,2	7188	7188
P18,2	7189	7189
P84,1	7190	7190
P195,1	7191	7191
P152,1	7192	7192
P181,1	7193	7193
P54,2	7194	7194
P194,2	7195	7195
P106,1	7196	7196
P166,1	7197	7197
P46,2	7198	7198
P85,1	7199	7199
P36,2	7200	7200
P167,1	7201	7201
P58,1	7202	7202
P91,2	7203	7203
P153,1	7204	7204
P79,1	7205	7205
P183,2	7206	7206
P154,1	7207	7207
P97,2	7208	7208
P12,3	7209	7209
P25,1	7210	7210
P98,1	7211	7211
P135,2	7212	7212
P185,1	7213	7213
P66,2	7214	7214
P186,1	7215	7215
P126,2	7216	7216
P146,2	7217	7217
P38,1	7218	7218
P7,2	7219	7219
P47,1	7220	7220
P199,1	7221	7221
P63,2	7222	7222
P169,2	7223	7223
P22,2	7224	7224
P41,2	7225	7225
P187,1	7226	7226
P32,2	7227	7227
P171,1	7228	7228
P109,2	7229	7229
P99,1	7230	7230
P80,2	7231	7231
P138,2	7232	7232
P67,1	7233	7233
P4,2	7234	7234
P60,2	7235	7235
P158,2	7236	7236
P75,2	7237	7237
P30,1	7238	7238
P26,2	7239	7239
P139,1	7240	7240
P111,1	7241	7241
P81,1	7242	7242
P160,1	7243	7243
P189,2	7244	7244
P140,1	7245	7245
P101,2	7246	7246
P149,1	7247	7247
P95,1	7248	7248
P56,2	7249	7249
P112,2	7250	7250
P2,2	7251	7251
P131,2	7252	7252
P43,2	7253	7253
P11,1	7254	7254
P16,2	7255	7255
P114,1	7256	7256
P176,1	7257	7257
P141,2	7258	7258
P34,2	7259	7259
P178,1	7260	7260
P29,2	7261	7261
P83,2	7262	7262
P44,2	7263	7263
P53,2	7264	7264
P164,1	7265	7265
P19,2	7266	7266
P69,1	7267	7267
P31,1	7268	7268
P48,2	7269	7269
P96,1	7270	7270
P57,1	7271	7271
P35,1	7272	7272
P180,1	7273	7273
P133,2	7274	7274
P122,2	7275	7275
P143,1	7276	7276
P115,1	7277	7277
P151,2	7278	7278
P78,2	7279	7279
P116,2	7280	7280
P123,2	7281	7281
P182,2	7282	7282
P49,2	7283	7283
P196,1	7284	7284
P13,1	7285	7285
P134,1	7286	7286
P184,1	7287	7287
P65,1	7288	7288
P125,1	7289	7289
P10,2	7290	7290
P124,2	7291	7291
P155,1	7292	7292
P144,2	7293	7293
P86,2	7294	7294
P62,1	7295	7295
P59,1	7296	7296
P70,2	7297	7297
P107,1	7298	7298
P156,1	7299	7299
P24,2	7300	7300
P21,1	7301	7301
P92,1	7302	7302
P108,2	7303	7303
P137,1	7304	7304
P55,1	7305	7305
P127,1	7306	7306
P40,2	7307	7307
P200,1	7308	7308
P118,1	7309	7309
P157,1	7310	7310
P88,2	7311	7311
P128,1	7312	7312
P129,1	7313	7313
P188,1	7314	7314
P50,2	7315	7315
P100,1	7316	7316
P148,1	7317	7317
P119,2	7318	7318
P23,2	7319	7319
P94,1	7320	7320
P33,2	7321	7321
P110,1	7322	7322
P76,1	7323	7323
P173,1	7324	7324
P159,2	7325	7325
P130,1	7326	7326
P120,1	7327	7327
P190,2	7328	7328
P95,1	7329	7329
P161,2	7330	7330
P89,1	7331	7331
P113,1	7332	7332
P28,2	7333	7333
P162,1	7334	7334
P64,1	7335	7335
P132,1	7336	7336
P192,1	7337	7337
P104,1	7338	7338
P68,2	7339	7339
P177,1	7340	7340
P61,1	7341	7341
P103,3	7342	7342
P150,1	7343	7343
P17,2	7344	7344
P193,1	7345	7345
P164,1	7346	7346
P19,2	7347	7347
P53,3	7348	7348
P77,2	7349	7349
P179,1	7350	7350
P90,2	7351	7351
P18,2	7352	7352
P84,1	7353	7353
P195,1	7354	7354
P152,1	7355	7355
P181,1	7356	7356
P54,2	7357	7357
P194,2	7358	7358
P106,1	7359	7359
P166,1	7360	7360
P46,2	7361	7361
P85,1	7362	7362
P36,2	7363	7363
P167,1	7364	7364
P58,1	7365	7365
P91,2	7366	7366
P153,1	7367	7367
P79,1	7368	7368
P183,2	7369	7369
P154,1	7370	7370
P97,2	7371	7371
P12,3	7372	7372
P25,1	7373	7373
P98,1	7374	7374
P135,2	7375	7375
P62,1	7376	7376
P185,2	7377	7377
P70,2	7378	7378
P107,1	7379	7379
P156,1	7380	7380
P24,2	7381	7381
P21,1	7382	7382
P92,1	7383	7383
P108,2	7384	7384
P137,1	7385	7385
P55,1	7386	7386
P127,1	7387	7387
P40,2	7388	7388
P200,1	7389	7389
P118,1	7390	7390
P157,1	7391	7391
P88,2	7392	7392
P128,1	7393	7393
P129,1	7394	7394
P188,1	7395	7395
P50,2	7396	7396
P100,1	7397	7397
P148,1	7398	7398
P119,2	7399	7399
P23,2	7400	7400
P94,1	7401	7401
P33,2	7402	7402
P110,1	7403	7403
P76,1	7404	7404
P173,1	7405	7405
P159,2	7406	7406
P130,1	7407	7407
P120,1	7408	7408
P190,2	7409	7409
P95,1	7410	7410
P161,2	7411	7411
P89,1	7412	7412
P113,1	7413	7413
P28,2	7414	7414
P162,1	7415	7415
P64,1	7416	7416
P132,1	7417	7417
P192,1	7418	7418
P104,1	7419	7419
P68,2	7420	7420
P177,1	7421	7421
P61,1	7422	7422
P103,3	7423	7423
P150,1	7424	7424
P17,2	7425	7425
P193,1	7426	7426
P164,1	7427	7427
P19,2	7428	7428
P53,3	7429	7429
P77,2	7430	7430
P179,1	7431	7431
P90,2	7432	7432
P18,2	7433	7433
P35,1	7434	7434
P180,1	7435	7435
P133,2	7436	7436
P122,2	7437	7437
P143,1	7438	7438
P115,1	7439	7439
P151,2	7440	7440
P78,2	7441	7441
P116,2	7442	7442
P123,2	7443	7443
P182,2	7444	7444
P49,2	7445	7445
P91,2	7446	7446
P153,1	7447	7447
P79,1	7448	7448
P183,2	7449	7449
P154,1	7450	7450
P97,2	7451	7451
P12,3	7452	7452
P25,1	7453	7453
P98,1	7454	7454
P135,2	7455	7455
P62,1	7456	7456
P185,2	7457	7457
P70,2	7458	7458
P107,1	7459	7459
P156,1	7460	7460
P24,2	7461	7461
P21,1	7462	7462
P92,1	7463	7463
P108,2	7464	7464
P137,1	7465	7465
P55,1	7466	7466
P127,1	7467	7467
P40,2	7468	7468
P200,1	7469	7469
P118,1	7470	7470
P157,1	7471	7471
P88,2	7472	7472
P128,1	7473	7473
P129,1	7474	7474
P188,1	7475	7475
P4,2	7476	7476
P60,2	7477	7477
P158,2	7478	7478
P119,2	7479	7479
P23,2	7480	7480
P94,1	7481	7481
P33,2	7482	7482
P110,1	7483	7483
P76,1	7484	7484
P173,1	7485	7485
P159,2	7486	7486
P130,1	7487	7487
P120,1	7488	7488
P190,2	7489	7489
P95,1	7490	7490
P161,2	7491	7491
P89,1	7492	7492
P113,1	7493	7493
P28,2	7494	7494
P162,1	7495	7495
P64,1	7496	7496
P132,1	7497	7497
P192,1	7498	7498
P104,1	7499	7499
P68,2	7500	7500
P177,1	7501	7501
P61,1	7502	7502
P103,3	7503	7503
P150,1	7504	7504
P17,2	7505	7505
P193,1	7506	7506
P164,1	7507	7507
P19,2	7508	7508
P53,3	7509	7509
P77,2	7510	7510
P179,1	7511	7511
P90,2	7512	7512
P18,2	7513	7513
P35,1	7514	7514
P180,1	7515	7515
P133,2	7516	7516
P122,2	7517	7517
P143,1	7518	7518
P115,1	7519	7519
P151,2	7520	7520
P78,2	7521	7521
P116,2	7522	7522
P123,2	7523	7523
P182,2	7524	7524
P49,2	7525	7525
P91,2	7526	7526
P153,1	7527	7527
P79,1	7528	7528
P183,2	7529	7529
P154,1	7530	7530
P97,2	7531	7531
P12,3	7532	7532
P25,1	7533	7533
P98,1	7534	7534
P135,2	7535	7535
P62,1	7536	7536
P185,2	7537	7537
P126,2	7538	7538
P146,2	7539	7539
P38,1	7540	7540
P7,2	7541	7541
P47,1	7542	7542
P199,1	7543	7543
P63,2	7544	7544
P169,2	7545	7545
P22,2	7546	7546
P41,2	7547	7547
P187,1	7548	7548
P32,2	7549	7549
P171,1	7550	7550
P109,2	7551	7551
P99,1	7552	7552
P80,2	7553	7553
P188,1	7554	7554
P4,2	7555	7555
P129,2	7556	7556
P148,1	7557	7557
P119,2	7558	7558
P23,2	7559	7559
P26,2	7560	7560
P33,2	7561	7561
P110,1	7562	7562
P158,3	7563	7563
P81,1	7564	7564
P160,1	7565	7565
P189,2	7566	7566
P140,1	7567	7567
P101,2	7568	7568
P149,1	7569	7569
P102,2	7570	7570
P56,2	7571	7571
P112,2	7572	7572
P2,2	7573	7573
P131,2	7574	7574
P43,2	7575	7575
P11,1	7576	7576
P16,2	7577	7577
P114,1	7578	7578
P176,1	7579	7579
P141,2	7580	7580
P34,2	7581	7581
P178,1	7582	7582
P29,2	7583	7583
P83,2	7584	7584
P44,2	7585	7585
P45,1	7586	7586
P165,1	7587	7587
P15,2	7588	7588
P69,1	7589	7589
P31,1	7590	7590
P48,2	7591	7591
P96,1	7592	7592
P84,1	7593	7593
P195,1	7594	7594
P152,1	7595	7595
P181,1	7596	7596
P54,2	7597	7597
P194,2	7598	7598
P106,1	7599	7599
P166,1	7600	7600
P46,2	7601	7601
P85,1	7602	7602
P36,2	7603	7603
P167,1	7604	7604
P91,2	7605	7605
P153,1	7606	7606
P184,1	7607	7607
P65,1	7608	7608
P125,1	7609	7609
P10,2	7610	7610
P124,2	7611	7611
P25,1	7612	7612
P98,1	7613	7613
P135,2	7614	7614
P62,1	7615	7615
P185,2	7616	7616
P126,2	7617	7617
P146,2	7618	7618
P38,1	7619	7619
P7,2	7620	7620
P47,1	7621	7621
P199,1	7622	7622
P63,2	7623	7623
P169,2	7624	7624
P22,2	7625	7625
P41,2	7626	7626
P187,1	7627	7627
P32,2	7628	7628
P171,1	7629	7629
P109,2	7630	7630
P99,1	7631	7631
P80,2	7632	7632
P188,1	7633	7633
P4,2	7634	7634
P129,2	7635	7635
P148,1	7636	7636
P119,2	7637	7637
P23,2	7638	7638
P26,2	7639	7639
P33,2	7640	7640
P110,1	7641	7641
P158,3	7642	7642
P81,1	7643	7643
P160,1	7644	7644
P189,2	7645	7645
P140,1	7646	7646
P101,2	7647	7647
P149,1	7648	7648
P102,2	7649	7649
P56,2	7650	7650
P112,2	7651	7651
P2,2	7652	7652
P131,2	7653	7653
P43,2	7654	7654
P11,1	7655	7655
P16,2	7656	7656
P114,1	7657	7657
P176,1	7658	7658
P141,2	7659	7659
P34,2	7660	7660
P178,1	7661	7661
P29,2	7662	7662
P83,2	7663	7663
P44,2	7664	7664
P45,1	7665	7665
P165,1	7666	7666
P53,3	7667	7667
P69,1	7668	7668
P31,1	7669	7669
P48,2	7670	7670
P96,1	7671	7671
P84,1	7672	7672
P180,1	7673	7673
P133,2	7674	7674
P122,2	7675	7675
P143,1	7676	7676
P115,1	7677	7677
P151,2	7678	7678
P166,1	7679	7679
P46,2	7680	7680
P85,1	7681	7681
P36,2	7682	7682
P167,1	7683	7683
P91,2	7684	7684
P153,1	7685	7685
P184,1	7686	7686
P65,1	7687	7687
P125,1	7688	7688
P10,2	7689	7689
P124,2	7690	7690
P25,1	7691	7691
P98,1	7692	7692
P135,2	7693	7693
P62,1	7694	7694
P185,2	7695	7695
P126,2	7696	7696
P146,2	7697	7697
P38,1	7698	7698
P7,2	7699	7699
P47,1	7700	7700
P199,1	7701	7701
P63,2	7702	7702
P169,2	7703	7703
P22,2	7704	7704
P41,2	7705	7705
P187,1	7706	7706
P32,2	7707	7707
P171,1	7708	7708
P109,2	7709	7709
P99,1	7710	7710
P80,2	7711	7711
P188,1	7712	7712
P4,2	7713	7713
P129,2	7714	7714
P148,1	7715	7715
P119,2	7716	7716
P23,2	7717	7717
P26,2	7718	7718
P33,2	7719	7719
P110,1	7720	7720
P158,3	7721	7721
P81,1	7722	7722
P160,1	7723	7723
P189,2	7724	7724
P140,1	7725	7725
P101,2	7726	7726
P149,1	7727	7727
P102,2	7728	7728
P56,2	7729	7729
P112,2	7730	7730
P2,2	7731	7731
P131,2	7732	7732
P43,2	7733	7733
P11,1	7734	7734
P16,2	7735	7735
P114,1	7736	7736
P176,1	7737	7737
P141,2	7738	7738
P34,2	7739	7739
P178,1	7740	7740
P29,2	7741	7741
P83,2	7742	7742
P44,2	7743	7743
P45,1	7744	7744
P165,1	7745	7745
P53,3	7746	7746
P69,1	7747	7747
P31,1	7748	7748
P48,2	7749	7749
P96,1	7750	7750
P84,1	7751	7751
P180,1	7752	7752
P133,2	7753	7753
P122,2	7754	7754
P143,1	7755	7755
P115,1	7756	7756
P151,2	7757	7757
P166,1	7758	7758
P46,2	7759	7759
P85,1	7760	7760
P36,2	7761	7761
P167,1	7762	7762
P91,2	7763	7763
P153,1	7764	7764
P184,1	7765	7765
P65,1	7766	7766
P125,1	7767	7767
P10,2	7768	7768
P124,2	7769	7769
P25,1	7770	7770
P98,1	7771	7771
P135,2	7772	7772
P62,1	7773	7773
P185,2	7774	7774
P126,2	7775	7775
P146,2	7776	7776
P38,1	7777	7777
P7,2	7778	7778
P47,1	7779	7779
P199,1	7780	7780
P63,2	7781	7781
P169,2	7782	7782
P22,2	7783	7783
P41,2	7784	7784
P187,1	7785	7785
P32,2	7786	7786
P171,1	7787	7787
P109,2	7788	7788
P99,1	7789	7789
P80,2	7790	7790
P188,1	7791	7791
P4,2	7792	7792
P129,2	7793	7793
P148,1	7794	7794
P119,2	7795	7795
P23,2	7796	7796
P26,2	7797	7797
P33,2	7798	7798
P110,1	7799	7799
P158,3	7800	7800
P81,1	7801	7801
P160,1	7802	7802
P189,2	7803	7803
P140,1	7804	7804
P101,2	7805	7805
P149,1	7806	7806
P102,2	7807	7807
P56,2	7808	7808
P112,2	7809	7809
P28,2	7810	7810
P162,1	7811	7811
P64,1	7812	7812
P11,1	7813	7813
P16,2	7814	7814
P114,1	7815	7815
P68,2	7816	7816
P177,1	7817	7817
P34,2	7818	7818
P178,1	7819	7819
P29,2	7820	7820
P83,2	7821	7821
P44,2	7822	7822
P45,1	7823	7823
P165,1	7824	7824
P53,3	7825	7825
P69,1	7826	7826
P31,1	7827	7827
P48,2	7828	7828
P96,1	7829	7829
P84,1	7830	7830
P180,1	7831	7831
P133,2	7832	7832
P122,2	7833	7833
P143,1	7834	7834
P115,1	7835	7835
P151,2	7836	7836
P166,1	7837	7837
P46,2	7838	7838
P123,2	7839	7839
P182,2	7840	7840
P49,2	7841	7841
P13,1	7842	7842
P134,1	7843	7843
P184,1	7844	7844
P65,1	7845	7845
P125,1	7846	7846
P10,2	7847	7847
P124,2	7848	7848
P25,1	7849	7849
P98,1	7850	7850
P135,2	7851	7851
P62,1	7852	7852
P185,2	7853	7853
P126,2	7854	7854
P156,1	7855	7855
P38,1	7856	7856
P7,2	7857	7857
P47,1	7858	7858
P199,1	7859	7859
P63,2	7860	7860
P169,2	7861	7861
P22,2	7862	7862
P41,2	7863	7863
P187,1	7864	7864
P32,2	7865	7865
P171,1	7866	7866
P109,2	7867	7867
P99,1	7868	7868
P80,2	7869	7869
P188,1	7870	7870
P4,2	7871	7871
P129,2	7872	7872
P148,1	7873	7873
P119,2	7874	7874
P23,2	7875	7875
P26,2	7876	7876
P33,2	7877	7877
P110,1	7878	7878
P158,3	7879	7879
P81,1	7880	7880
P160,1	7881	7881
P189,2	7882	7882
P140,1	7883	7883
P101,2	7884	7884
P149,1	7885	7885
P102,2	7886	7886
P56,2	7887	7887
P112,2	7888	7888
P28,2	7889	7889
P162,1	7890	7890
P64,1	7891	7891
P11,1	7892	7892
P16,2	7893	7893
P114,1	7894	7894
P68,2	7895	7895
P177,1	7896	7896
P34,2	7897	7897
P178,1	7898	7898
P29,2	7899	7899
P83,2	7900	7900
P44,2	7901	7901
P45,1	7902	7902
P165,1	7903	7903
P53,3	7904	7904
P69,1	7905	7905
P31,1	7906	7906
P48,2	7907	7907
P96,1	7908	7908
P84,1	7909	7909
P180,1	7910	7910
P133,2	7911	7911
P122,2	7912	7912
P143,1	7913	7913
P115,1	7914	7914
P151,2	7915	7915
P166,1	7916	7916
P46,2	7917	7917
P123,2	7918	7918
P182,2	7919	7919
P49,2	7920	7920
P13,1	7921	7921
P134,1	7922	7922
P184,1	7923	7923
P154,1	7924	7924
P97,2	7925	7925
P12,3	7926	7926
P124,2	7927	7927
P25,1	7928	7928
P98,1	7929	7929
P135,2	7930	7930
P62,1	7931	7931
P185,2	7932	7932
P126,2	7933	7933
P156,1	7934	7934
P38,1	7935	7935
P7,2	7936	7936
P47,1	7937	7937
P199,1	7938	7938
P63,2	7939	7939
P169,2	7940	7940
P22,2	7941	7941
P41,2	7942	7942
P187,1	7943	7943
P32,2	7944	7944
P171,1	7945	7945
P109,2	7946	7946
P99,1	7947	7947
P80,2	7948	7948
P188,1	7949	7949
P4,2	7950	7950
P129,2	7951	7951
P148,1	7952	7952
P119,2	7953	7953
P23,2	7954	7954
P26,2	7955	7955
P33,2	7956	7956
P110,1	7957	7957
P158,3	7958	7958
P81,1	7959	7959
P160,1	7960	7960
P189,2	7961	7961
P140,1	7962	7962
P101,2	7963	7963
P149,1	7964	7964
P102,2	7965	7965
P56,2	7966	7966
P112,2	7967	7967
P28,2	7968	7968
P162,1	7969	7969
P64,1	7970	7970
P11,1	7971	7971
P16,2	7972	7972
P114,1	7973	7973
P68,2	7974	7974
P177,1	7975	7975
P34,2	7976	7976
P178,1	7977	7977
P29,2	7978	7978
P83,2	7979	7979
P44,2	7980	7980
P45,1	7981	7981
P165,1	7982	7982
P53,3	7983	7983
P69,1	7984	7984
P48,2	7985	7985
P96,1	7986	7986
P84,1	7987	7987
P31,2	7988	7988
P152,1	7989	7989
P181,1	7990	7990
P54,2	7991	7991
P194,2	7992	7992
P106,1	7993	7993
P195,2	7994	7994
P78,2	7995	7995
P85,1	7996	7996
P36,2	7997	7997
P167,1	7998	7998
P91,2	7999	7999
P153,1	8000	8000
P116,3	8001	8001
P183,2	8002	8002
P125,1	8003	8003
P10,2	8004	8004
P65,2	8005	8005
P58,2	8006	8006
P155,1	8007	8007
P144,2	8008	8008
P86,2	8009	8009
P66,2	8010	8010
P70,2	8011	8011
P146,2	8012	8012
P107,2	8013	8013
P24,2	8014	8014
P21,1	8015	8015
P92,1	8016	8016
P108,2	8017	8017
P137,1	8018	8018
P55,1	8019	8019
P127,1	8020	8020
P40,2	8021	8021
P200,1	8022	8022
P118,1	8023	8023
P157,1	8024	8024
P88,2	8025	8025
P128,1	8026	8026
P138,2	8027	8027
P50,2	8028	8028
P100,1	8029	8029
P60,2	8030	8030
P67,2	8031	8031
P75,2	8032	8032
P94,1	8033	8033
P30,2	8034	8034
P139,1	8035	8035
P111,1	8036	8036
P76,1	8037	8037
P173,1	8038	8038
P159,2	8039	8039
P130,1	8040	8040
P120,1	8041	8041
P190,2	8042	8042
P95,1	8043	8043
P161,2	8044	8044
P89,1	8045	8045
P2,2	8046	8046
P131,2	8047	8047
P43,2	8048	8048
P113,2	8049	8049
P132,1	8050	8050
P192,1	8051	8051
P104,1	8052	8052
P141,2	8053	8053
P176,2	8054	8054
P61,1	8055	8055
P103,3	8056	8056
P150,1	8057	8057
P17,2	8058	8058
P193,1	8059	8059
P164,1	8060	8060
P15,2	8061	8061
P19,3	8062	8062
P77,2	8063	8063
P90,2	8064	8064
P18,2	8065	8065
P35,1	8066	8066
P180,1	8067	8067
P133,2	8068	8068
P122,2	8069	8069
P143,1	8070	8070
P115,1	8071	8071
P151,2	8072	8072
P166,1	8073	8073
P46,2	8074	8074
P123,2	8075	8075
P182,2	8076	8076
P49,2	8077	8077
P153,1	8078	8078
P116,3	8079	8079
P13,2	8080	8080
P154,1	8081	8081
P97,2	8082	8082
P12,3	8083	8083
P124,2	8084	8084
P25,1	8085	8085
P98,1	8086	8086
P135,2	8087	8087
P62,1	8088	8088
P185,2	8089	8089
P126,2	8090	8090
P156,1	8091	8091
P38,1	8092	8092
P7,2	8093	8093
P47,1	8094	8094
P199,1	8095	8095
P63,2	8096	8096
P169,2	8097	8097
P22,2	8098	8098
P41,2	8099	8099
P187,1	8100	8100
P32,2	8101	8101
P171,1	8102	8102
P109,2	8103	8103
P99,1	8104	8104
P80,2	8105	8105
P188,1	8106	8106
P4,2	8107	8107
P129,2	8108	8108
P148,1	8109	8109
P119,2	8110	8110
P23,2	8111	8111
P26,2	8112	8112
P33,2	8113	8113
P110,1	8114	8114
P158,3	8115	8115
P81,1	8116	8116
P160,1	8117	8117
P189,2	8118	8118
P140,1	8119	8119
P101,2	8120	8120
P149,1	8121	8121
P102,2	8122	8122
P56,2	8123	8123
P112,2	8124	8124
P28,2	8125	8125
P43,2	8126	8126
P113,2	8127	8127
P132,1	8128	8128
P114,1	8129	8129
P68,2	8130	8130
P141,2	8131	8131
P176,2	8132	8132
P162,2	8133	8133
P178,1	8134	8134
P29,2	8135	8135
P83,2	8136	8136
P44,2	8137	8137
P45,1	8138	8138
P165,1	8139	8139
P53,3	8140	8140
P69,1	8141	8141
P48,2	8142	8142
P96,1	8143	8143
P35,1	8144	8144
P180,1	8145	8145
P133,2	8146	8146
P122,2	8147	8147
P143,1	8148	8148
P115,1	8149	8149
P151,2	8150	8150
P78,2	8151	8151
P85,1	8152	8152
P36,2	8153	8153
P167,1	8154	8154
P91,2	8155	8155
P134,1	8156	8156
P184,1	8157	8157
P183,2	8158	8158
P125,1	8159	8159
P10,2	8160	8160
P65,2	8161	8161
P58,2	8162	8162
P155,1	8163	8163
P144,2	8164	8164
P86,2	8165	8165
P66,2	8166	8166
P70,2	8167	8167
P146,2	8168	8168
P107,2	8169	8169
P24,2	8170	8170
P21,1	8171	8171
P92,1	8172	8172
P108,2	8173	8173
P137,1	8174	8174
P55,1	8175	8175
P127,1	8176	8176
P40,2	8177	8177
P200,1	8178	8178
P118,1	8179	8179
P157,1	8180	8180
P88,2	8181	8181
P128,1	8182	8182
P138,2	8183	8183
P50,2	8184	8184
P129,2	8185	8185
P148,1	8186	8186
P100,2	8187	8187
P75,2	8188	8188
P94,1	8189	8189
P30,2	8190	8190
P139,1	8191	8191
P111,1	8192	8192
P76,1	8193	8193
P173,1	8194	8194
P189,2	8195	8195
P140,1	8196	8196
P101,2	8197	8197
P95,1	8198	8198
P102,2	8199	8199
P56,2	8200	8200
P112,2	8201	8201
P28,2	8202	8202
P43,2	8203	8203
P113,2	8204	8204
P132,1	8205	8205
P149,2	8206	8206
P104,1	8207	8207
P192,2	8208	8208
P177,1	8209	8209
P34,2	8210	8210
P61,1	8211	8211
P103,3	8212	8212
P150,1	8213	8213
P17,2	8214	8214
P193,1	8215	8215
P164,1	8216	8216
P15,2	8217	8217
P19,3	8218	8218
P77,2	8219	8219
P90,2	8220	8220
P84,1	8221	8221
P31,2	8222	8222
P152,1	8223	8223
P181,1	8224	8224
P54,2	8225	8225
P194,2	8226	8226
P106,1	8227	8227
P195,2	8228	8228
P85,1	8229	8229
P36,2	8230	8230
P167,1	8231	8231
P91,2	8232	8232
P134,1	8233	8233
P46,3	8234	8234
P13,2	8235	8235
P154,1	8236	8236
P97,2	8237	8237
P12,3	8238	8238
P124,2	8239	8239
P25,1	8240	8240
P98,1	8241	8241
P135,2	8242	8242
P62,1	8243	8243
P185,2	8244	8244
P126,2	8245	8245
P156,1	8246	8246
P38,1	8247	8247
P7,2	8248	8248
P47,1	8249	8249
P199,1	8250	8250
P63,2	8251	8251
P169,2	8252	8252
P22,2	8253	8253
P41,2	8254	8254
P187,1	8255	8255
P32,2	8256	8256
P171,1	8257	8257
P109,2	8258	8258
P99,1	8259	8259
P80,2	8260	8260
P188,1	8261	8261
P4,2	8262	8262
P60,2	8263	8263
P67,2	8264	8264
P119,2	8265	8265
P23,2	8266	8266
P26,2	8267	8267
P33,2	8268	8268
P110,1	8269	8269
P158,3	8270	8270
P81,1	8271	8271
P160,1	8272	8272
P130,1	8273	8273
P120,1	8274	8274
P190,2	8275	8275
P159,3	8276	8276
P161,2	8277	8277
P89,1	8278	8278
P2,2	8279	8279
P131,2	8280	8280
P64,1	8281	8281
P11,1	8282	8282
P16,2	8283	8283
P114,1	8284	8284
P68,2	8285	8285
P141,2	8286	8286
P176,2	8287	8287
P162,2	8288	8288
P178,1	8289	8289
P29,2	8290	8290
P83,2	8291	8291
P44,2	8292	8292
P45,1	8293	8293
P165,1	8294	8294
P53,3	8295	8295
P69,1	8296	8296
P48,2	8297	8297
P84,1	8298	8298
P31,2	8299	8299
P152,1	8300	8300
P96,2	8301	8301
P122,2	8302	8302
P143,1	8303	8303
P115,1	8304	8304
P151,2	8305	8305
P78,2	8306	8306
P123,2	8307	8307
P182,2	8308	8308
P49,2	8309	8309
P153,1	8310	8310
P116,3	8311	8311
P184,1	8312	8312
P183,2	8313	8313
P125,1	8314	8314
P10,2	8315	8315
P65,2	8316	8316
P58,2	8317	8317
P155,1	8318	8318
P144,2	8319	8319
P86,2	8320	8320
P66,2	8321	8321
P70,2	8322	8322
P146,2	8323	8323
P107,2	8324	8324
P24,2	8325	8325
P21,1	8326	8326
P92,1	8327	8327
P108,2	8328	8328
P137,1	8329	8329
P55,1	8330	8330
P127,1	8331	8331
P40,2	8332	8332
P200,1	8333	8333
P118,1	8334	8334
P157,1	8335	8335
P88,2	8336	8336
P128,1	8337	8337
P138,2	8338	8338
P50,2	8339	8339
P129,2	8340	8340
P148,1	8341	8341
P100,2	8342	8342
P75,2	8343	8343
P94,1	8344	8344
P30,2	8345	8345
P139,1	8346	8346
P111,1	8347	8347
P76,1	8348	8348
P173,1	8349	8349
P189,2	8350	8350
P140,1	8351	8351
P101,2	8352	8352
P95,1	8353	8353
P102,2	8354	8354
P56,2	8355	8355
P112,2	8356	8356
P28,2	8357	8357
P43,2	8358	8358
P113,2	8359	8359
P132,1	8360	8360
P149,2	8361	8361
P104,1	8362	8362
P192,2	8363	8363
P177,1	8364	8364
P34,2	8365	8365
P61,1	8366	8366
P29,2	8367	8367
P83,2	8368	8368
P44,2	8369	8369
P45,1	8370	8370
P165,1	8371	8371
P53,3	8372	8372
P69,1	8373	8373
P48,2	8374	8374
P31,2	8375	8375
P84,2	8376	8376
P133,2	8377	8377
P181,1	8378	8378
P122,2	8379	8379
P143,1	8380	8380
P115,1	8381	8381
P151,2	8382	8382
P78,2	8383	8383
P123,2	8384	8384
P182,2	8385	8385
P49,2	8386	8386
P153,1	8387	8387
P116,3	8388	8388
P184,1	8389	8389
P183,2	8390	8390
P125,1	8391	8391
P10,2	8392	8392
P65,2	8393	8393
P58,2	8394	8394
P155,1	8395	8395
P144,2	8396	8396
P86,2	8397	8397
P66,2	8398	8398
P70,2	8399	8399
P146,2	8400	8400
P107,2	8401	8401
P24,2	8402	8402
P21,1	8403	8403
P92,1	8404	8404
P108,2	8405	8405
P137,1	8406	8406
P55,1	8407	8407
P127,1	8408	8408
P40,2	8409	8409
P200,1	8410	8410
P118,1	8411	8411
P157,1	8412	8412
P88,2	8413	8413
P128,1	8414	8414
P138,2	8415	8415
P50,2	8416	8416
P129,2	8417	8417
P148,1	8418	8418
P100,2	8419	8419
P75,2	8420	8420
P94,1	8421	8421
P30,2	8422	8422
P139,1	8423	8423
P111,1	8424	8424
P76,1	8425	8425
P173,1	8426	8426
P189,2	8427	8427
P140,1	8428	8428
P101,2	8429	8429
P95,1	8430	8430
P102,2	8431	8431
P56,2	8432	8432
P112,2	8433	8433
P28,2	8434	8434
P43,2	8435	8435
P11,1	8436	8436
P16,2	8437	8437
P114,1	8438	8438
P104,1	8439	8439
P192,2	8440	8440
P177,1	8441	8441
P34,2	8442	8442
P61,1	8443	8443
P29,2	8444	8444
P83,2	8445	8445
P44,2	8446	8446
P45,1	8447	8447
P165,1	8448	8448
P53,3	8449	8449
P69,1	8450	8450
P48,2	8451	8451
P31,2	8452	8452
P84,2	8453	8453
P133,2	8454	8454
P181,1	8455	8455
P122,2	8456	8456
P143,1	8457	8457
P115,1	8458	8458
P151,2	8459	8459
P78,2	8460	8460
P123,2	8461	8461
P182,2	8462	8462
P49,2	8463	8463
P153,1	8464	8464
P116,3	8465	8465
P184,1	8466	8466
P183,2	8467	8467
P125,1	8468	8468
P10,2	8469	8469
P65,2	8470	8470
P58,2	8471	8471
P155,1	8472	8472
P144,2	8473	8473
P86,2	8474	8474
P66,2	8475	8475
P70,2	8476	8476
P146,2	8477	8477
P107,2	8478	8478
P24,2	8479	8479
P21,1	8480	8480
P92,1	8481	8481
P108,2	8482	8482
P137,1	8483	8483
P55,1	8484	8484
P127,1	8485	8485
P40,2	8486	8486
P200,1	8487	8487
P118,1	8488	8488
P157,1	8489	8489
P88,2	8490	8490
P128,1	8491	8491
P138,2	8492	8492
P50,2	8493	8493
P129,2	8494	8494
P148,1	8495	8495
P100,2	8496	8496
P75,2	8497	8497
P94,1	8498	8498
P30,2	8499	8499
P139,1	8500	8500
P111,1	8501	8501
P76,1	8502	8502
P173,1	8503	8503
P189,2	8504	8504
P140,1	8505	8505
P101,2	8506	8506
P95,1	8507	8507
P102,2	8508	8508
P56,2	8509	8509
P112,2	8510	8510
P28,2	8511	8511
P43,2	8512	8512
P11,1	8513	8513
P16,2	8514	8514
P64,2	8515	8515
P68,2	8516	8516
P141,2	8517	8517
P176,2	8518	8518
P162,2	8519	8519
P103,3	8520	8520
P150,1	8521	8521
P17,2	8522	8522
P193,1	8523	8523
P164,1	8524	8524
P15,2	8525	8525
P19,3	8526	8526
P77,2	8527	8527
P90,2	8528	8528
P180,1	8529	8529
P152,1	8530	8530
P96,2	8531	8531
P122,2	8532	8532
P143,1	8533	8533
P115,1	8534	8534
P151,2	8535	8535
P78,2	8536	8536
P123,2	8537	8537
P182,2	8538	8538
P181,2	8539	8539
P91,2	8540	8540
P134,1	8541	8541
P46,3	8542	8542
P13,2	8543	8543
P154,1	8544	8544
P97,2	8545	8545
P12,3	8546	8546
P124,2	8547	8547
P25,1	8548	8548
P98,1	8549	8549
P135,2	8550	8550
P62,1	8551	8551
P185,2	8552	8552
P126,2	8553	8553
P156,1	8554	8554
P38,1	8555	8555
P21,1	8556	8556
P92,1	8557	8557
P24,3	8558	8558
P63,2	8559	8559
P169,2	8560	8560
P22,2	8561	8561
P41,2	8562	8562
P187,1	8563	8563
P118,1	8564	8564
P157,1	8565	8565
P88,2	8566	8566
P128,1	8567	8567
P138,2	8568	8568
P50,2	8569	8569
P129,2	8570	8570
P148,1	8571	8571
P100,2	8572	8572
P75,2	8573	8573
P94,1	8574	8574
P30,2	8575	8575
P139,1	8576	8576
P111,1	8577	8577
P76,1	8578	8578
P173,1	8579	8579
P189,2	8580	8580
P140,1	8581	8581
P101,2	8582	8582
P95,1	8583	8583
P102,2	8584	8584
P56,2	8585	8585
P112,2	8586	8586
P28,2	8587	8587
P43,2	8588	8588
P132,1	8589	8589
P149,2	8590	8590
P104,1	8591	8591
P192,2	8592	8592
P177,1	8593	8593
P34,2	8594	8594
P61,1	8595	8595
P29,2	8596	8596
P83,2	8597	8597
P44,2	8598	8598
P45,1	8599	8599
P165,1	8600	8600
P53,3	8601	8601
P69,1	8602	8602
P48,2	8603	8603
P31,2	8604	8604
P84,2	8605	8605
P133,2	8606	8606
P35,2	8607	8607
P54,2	8608	8608
P194,2	8609	8609
P106,1	8610	8610
P195,2	8611	8611
P85,1	8612	8612
P36,2	8613	8613
P167,1	8614	8614
P49,2	8615	8615
P153,1	8616	8616
P116,3	8617	8617
P184,1	8618	8618
P183,2	8619	8619
P125,1	8620	8620
P12,3	8621	8621
P124,2	8622	8622
P25,1	8623	8623
P98,1	8624	8624
P135,2	8625	8625
P62,1	8626	8626
P185,2	8627	8627
P126,2	8628	8628
P156,1	8629	8629
P38,1	8630	8630
P21,1	8631	8631
P199,1	8632	8632
P108,2	8633	8633
P137,1	8634	8634
P55,1	8635	8635
P127,1	8636	8636
P40,2	8637	8637
P200,1	8638	8638
P171,1	8639	8639
P109,2	8640	8640
P99,1	8641	8641
P80,2	8642	8642
P188,1	8643	8643
P4,2	8644	8644
P60,2	8645	8645
P67,2	8646	8646
P119,2	8647	8647
P23,2	8648	8648
P26,2	8649	8649
P33,2	8650	8650
P111,1	8651	8651
P76,1	8652	8652
P173,1	8653	8653
P189,2	8654	8654
P140,1	8655	8655
P101,2	8656	8656
P95,1	8657	8657
P139,2	8658	8658
P161,2	8659	8659
P89,1	8660	8660
P2,2	8661	8661
P131,2	8662	8662
P113,2	8663	8663
P16,2	8664	8664
P64,2	8665	8665
P68,2	8666	8666
P141,2	8667	8667
P176,2	8668	8668
P162,2	8669	8669
P103,3	8670	8670
P150,1	8671	8671
P17,2	8672	8672
P193,1	8673	8673
P164,1	8674	8674
P53,3	8675	8675
P69,1	8676	8676
P48,2	8677	8677
P31,2	8678	8678
P84,2	8679	8679
P133,2	8680	8680
P35,2	8681	8681
P54,2	8682	8682
P194,2	8683	8683
P106,1	8684	8684
P195,2	8685	8685
P85,1	8686	8686
P36,2	8687	8687
P167,1	8688	8688
P49,2	8689	8689
P153,1	8690	8690
P116,3	8691	8691
P184,1	8692	8692
P183,2	8693	8693
P125,1	8694	8694
P12,3	8695	8695
P124,2	8696	8696
P25,1	8697	8697
P98,1	8698	8698
P135,2	8699	8699
P66,2	8700	8700
P70,2	8701	8701
P146,2	8702	8702
P107,2	8703	8703
P7,2	8704	8704
P199,1	8705	8705
P108,2	8706	8706
P137,1	8707	8707
P21,2	8708	8708
P22,2	8709	8709
P41,2	8710	8710
P187,1	8711	8711
P118,1	8712	8712
P157,1	8713	8713
P88,2	8714	8714
P128,1	8715	8715
P138,2	8716	8716
P50,2	8717	8717
P129,2	8718	8718
P148,1	8719	8719
P100,2	8720	8720
P75,2	8721	8721
P94,1	8722	8722
P30,2	8723	8723
P110,1	8724	8724
P158,3	8725	8725
P81,1	8726	8726
P160,1	8727	8727
P130,1	8728	8728
P120,1	8729	8729
P190,2	8730	8730
P159,3	8731	8731
P102,2	8732	8732
P56,2	8733	8733
P112,2	8734	8734
P28,2	8735	8735
P43,2	8736	8736
P132,1	8737	8737
P149,2	8738	8738
P104,1	8739	8739
P192,2	8740	8740
P177,1	8741	8741
P34,2	8742	8742
P61,1	8743	8743
P29,2	8744	8744
P83,2	8745	8745
P44,2	8746	8746
P45,1	8747	8747
P165,1	8748	8748
P19,3	8749	8749
P77,2	8750	8750
P15,3	8751	8751
P180,1	8752	8752
P152,1	8753	8753
P96,2	8754	8754
P122,2	8755	8755
P143,1	8756	8756
P115,1	8757	8757
P151,2	8758	8758
P78,2	8759	8759
P123,2	8760	8760
P182,2	8761	8761
P181,2	8762	8762
P91,2	8763	8763
P134,1	8764	8764
P46,3	8765	8765
P13,2	8766	8766
P154,1	8767	8767
P97,2	8768	8768
P65,2	8769	8769
P58,2	8770	8770
P155,1	8771	8771
P144,2	8772	8772
P86,2	8773	8773
P185,2	8774	8774
P126,2	8775	8775
P156,1	8776	8776
P38,1	8777	8777
P92,1	8778	8778
P24,3	8779	8779
P63,2	8780	8780
P169,2	8781	8781
P55,1	8782	8782
P127,1	8783	8783
P40,2	8784	8784
P200,1	8785	8785
P171,1	8786	8786
P109,2	8787	8787
P99,1	8788	8788
P80,2	8789	8789
P188,1	8790	8790
P4,2	8791	8791
P60,2	8792	8792
P67,2	8793	8793
P119,2	8794	8794
P23,2	8795	8795
P26,2	8796	8796
P33,2	8797	8797
P111,1	8798	8798
P76,1	8799	8799
P173,1	8800	8800
P189,2	8801	8801
P140,1	8802	8802
P101,2	8803	8803
P95,1	8804	8804
P139,2	8805	8805
P161,2	8806	8806
P89,1	8807	8807
P2,2	8808	8808
P131,2	8809	8809
P113,2	8810	8810
P16,2	8811	8811
P64,2	8812	8812
P68,2	8813	8813
P141,2	8814	8814
P176,2	8815	8815
P162,2	8816	8816
P103,3	8817	8817
P150,1	8818	8818
P17,2	8819	8819
P193,1	8820	8820
P164,1	8821	8821
P19,3	8822	8822
P48,2	8823	8823
P31,2	8824	8824
P84,2	8825	8825
P133,2	8826	8826
P35,2	8827	8827
P54,2	8828	8828
P194,2	8829	8829
P106,1	8830	8830
P195,2	8831	8831
P85,1	8832	8832
P36,2	8833	8833
P167,1	8834	8834
P49,2	8835	8835
P134,1	8836	8836
P46,3	8837	8837
P153,2	8838	8838
P183,2	8839	8839
P125,1	8840	8840
P12,3	8841	8841
P124,2	8842	8842
P25,1	8843	8843
P98,1	8844	8844
P135,2	8845	8845
P185,2	8846	8846
P126,2	8847	8847
P156,1	8848	8848
P38,1	8849	8849
P86,3	8850	8850
P199,1	8851	8851
P108,2	8852	8852
P137,1	8853	8853
P21,2	8854	8854
P22,2	8855	8855
P41,2	8856	8856
P187,1	8857	8857
P118,1	8858	8858
P157,1	8859	8859
P88,2	8860	8860
P128,1	8861	8861
P138,2	8862	8862
P50,2	8863	8863
P129,2	8864	8864
P148,1	8865	8865
P100,2	8866	8866
P75,2	8867	8867
P94,1	8868	8868
P30,2	8869	8869
P110,1	8870	8870
P158,3	8871	8871
P81,1	8872	8872
P160,1	8873	8873
P130,1	8874	8874
P120,1	8875	8875
P190,2	8876	8876
P159,3	8877	8877
P102,2	8878	8878
P56,2	8879	8879
P112,2	8880	8880
P28,2	8881	8881
P43,2	8882	8882
P132,1	8883	8883
P149,2	8884	8884
P104,1	8885	8885
P192,2	8886	8886
P177,1	8887	8887
P34,2	8888	8888
P61,1	8889	8889
P29,2	8890	8890
P83,2	8891	8891
P44,2	8892	8892
P45,1	8893	8893
P53,3	8894	8894
P69,1	8895	8895
P15,3	8896	8896
P180,1	8897	8897
P152,1	8898	8898
P96,2	8899	8899
P122,2	8900	8900
P143,1	8901	8901
P115,1	8902	8902
P151,2	8903	8903
P78,2	8904	8904
P123,2	8905	8905
P182,2	8906	8906
P181,2	8907	8907
P91,2	8908	8908
P116,3	8909	8909
P184,1	8910	8910
P13,2	8911	8911
P154,1	8912	8912
P97,2	8913	8913
P65,2	8914	8914
P58,2	8915	8915
P155,1	8916	8916
P144,2	8917	8917
P66,2	8918	8918
P70,2	8919	8919
P146,2	8920	8920
P107,2	8921	8921
P7,2	8922	8922
P92,1	8923	8923
P24,3	8924	8924
P63,2	8925	8925
P169,2	8926	8926
P55,1	8927	8927
P127,1	8928	8928
P40,2	8929	8929
P200,1	8930	8930
P171,1	8931	8931
P109,2	8932	8932
P99,1	8933	8933
P80,2	8934	8934
P188,1	8935	8935
P4,2	8936	8936
P60,2	8937	8937
P67,2	8938	8938
P119,2	8939	8939
P23,2	8940	8940
P26,2	8941	8941
P33,2	8942	8942
P111,1	8943	8943
P76,1	8944	8944
P173,1	8945	8945
P189,2	8946	8946
P140,1	8947	8947
P101,2	8948	8948
P95,1	8949	8949
P139,2	8950	8950
P161,2	8951	8951
P112,2	8952	8952
P28,2	8953	8953
P43,2	8954	8954
P132,1	8955	8955
P149,2	8956	8956
P104,1	8957	8957
P192,2	8958	8958
P177,1	8959	8959
P34,2	8960	8960
P61,1	8961	8961
P29,2	8962	8962
P83,2	8963	8963
P44,2	8964	8964
P45,1	8965	8965
P53,3	8966	8966
P69,1	8967	8967
P15,3	8968	8968
P180,1	8969	8969
P152,1	8970	8970
P96,2	8971	8971
P122,2	8972	8972
P143,1	8973	8973
P115,1	8974	8974
P151,2	8975	8975
P78,2	8976	8976
P123,2	8977	8977
P182,2	8978	8978
P181,2	8979	8979
P91,2	8980	8980
P116,3	8981	8981
P184,1	8982	8982
P13,2	8983	8983
P154,1	8984	8984
P97,2	8985	8985
P65,2	8986	8986
P58,2	8987	8987
P155,1	8988	8988
P144,2	8989	8989
P66,2	8990	8990
P70,2	8991	8991
P146,2	8992	8992
P107,2	8993	8993
P7,2	8994	8994
P92,1	8995	8995
P24,3	8996	8996
P63,2	8997	8997
P169,2	8998	8998
P55,1	8999	8999
P127,1	9000	9000
P40,2	9001	9001
P200,1	9002	9002
P171,1	9003	9003
P109,2	9004	9004
P128,1	9005	9005
P138,2	9006	9006
P50,2	9007	9007
P129,2	9008	9008
P60,2	9009	9009
P67,2	9010	9010
P119,2	9011	9011
P23,2	9012	9012
P26,2	9013	9013
P33,2	9014	9014
P111,1	9015	9015
P81,1	9016	9016
P160,1	9017	9017
P130,1	9018	9018
P120,1	9019	9019
P190,2	9020	9020
P159,3	9021	9021
P102,2	9022	9022
P112,2	9023	9023
P28,2	9024	9024
P43,2	9025	9025
P132,1	9026	9026
P149,2	9027	9027
P104,1	9028	9028
P141,2	9029	9029
P176,2	9030	9030
P162,2	9031	9031
P29,2	9032	9032
P83,2	9033	9033
P44,2	9034	9034
P45,1	9035	9035
P61,2	9036	9036
P19,3	9037	9037
P48,2	9038	9038
P31,2	9039	9039
P84,2	9040	9040
P133,2	9041	9041
P35,2	9042	9042
P54,2	9043	9043
P194,2	9044	9044
P106,1	9045	9045
P195,2	9046	9046
P85,1	9047	9047
P36,2	9048	9048
P167,1	9049	9049
P49,2	9050	9050
P134,1	9051	9051
P46,3	9052	9052
P153,2	9053	9053
P183,2	9054	9054
P125,1	9055	9055
P12,3	9056	9056
P124,2	9057	9057
P25,1	9058	9058
P98,1	9059	9059
P135,2	9060	9060
P185,2	9061	9061
P126,2	9062	9062
P156,1	9063	9063
P7,2	9064	9064
P92,1	9065	9065
P38,2	9066	9066
P108,2	9067	9067
P137,1	9068	9068
P21,2	9069	9069
P22,2	9070	9070
P41,2	9071	9071
P187,1	9072	9072
P118,1	9073	9073
P157,1	9074	9074
P88,2	9075	9075
P80,2	9076	9076
P188,1	9077	9077
P4,2	9078	9078
P99,2	9079	9079
P148,1	9080	9080
P100,2	9081	9081
P75,2	9082	9082
P26,2	9083	9083
P33,2	9084	9084
P111,1	9085	9085
P81,1	9086	9086
P160,1	9087	9087
P130,1	9088	9088
P120,1	9089	9089
P190,2	9090	9090
P159,3	9091	9091
P102,2	9092	9092
P112,2	9093	9093
P28,2	9094	9094
P43,2	9095	9095
P132,1	9096	9096
P149,2	9097	9097
P104,1	9098	9098
P141,2	9099	9099
P176,2	9100	9100
P162,2	9101	9101
P29,2	9102	9102
P83,2	9103	9103
P44,2	9104	9104
P45,1	9105	9105
P61,2	9106	9106
P19,3	9107	9107
P48,2	9108	9108
P31,2	9109	9109
P84,2	9110	9110
P133,2	9111	9111
P35,2	9112	9112
P54,2	9113	9113
P194,2	9114	9114
P106,1	9115	9115
P195,2	9116	9116
P85,1	9117	9117
P36,2	9118	9118
P167,1	9119	9119
P49,2	9120	9120
P116,3	9121	9121
P184,1	9122	9122
P153,2	9123	9123
P183,2	9124	9124
P125,1	9125	9125
P12,3	9126	9126
P124,2	9127	9127
P25,1	9128	9128
P98,1	9129	9129
P135,2	9130	9130
P185,2	9131	9131
P126,2	9132	9132
P156,1	9133	9133
P7,2	9134	9134
P92,1	9135	9135
P38,2	9136	9136
P108,2	9137	9137
P137,1	9138	9138
P21,2	9139	9139
P22,2	9140	9140
P41,2	9141	9141
P187,1	9142	9142
P118,1	9143	9143
P157,1	9144	9144
P88,2	9145	9145
P80,2	9146	9146
P188,1	9147	9147
P4,2	9148	9148
P99,2	9149	9149
P148,1	9150	9150
P100,2	9151	9151
P75,2	9152	9152
P26,2	9153	9153
P33,2	9154	9154
P111,1	9155	9155
P81,1	9156	9156
P160,1	9157	9157
P130,1	9158	9158
P120,1	9159	9159
P190,2	9160	9160
P159,3	9161	9161
P102,2	9162	9162
P112,2	9163	9163
P28,2	9164	9164
P43,2	9165	9165
P132,1	9166	9166
P149,2	9167	9167
P104,1	9168	9168
P177,1	9169	9169
P34,2	9170	9170
P103,3	9171	9171
P141,3	9172	9172
P17,2	9173	9173
P193,1	9174	9174
P164,1	9175	9175
P53,3	9176	9176
P69,1	9177	9177
P15,3	9178	9178
P180,1	9179	9179
P152,1	9180	9180
P96,2	9181	9181
P122,2	9182	9182
P143,1	9183	9183
P115,1	9184	9184
P151,2	9185	9185
P78,2	9186	9186
P123,2	9187	9187
P182,2	9188	9188
P181,2	9189	9189
P91,2	9190	9190
P46,3	9191	9191
P134,2	9192	9192
P13,2	9193	9193
P154,1	9194	9194
P97,2	9195	9195
P65,2	9196	9196
P58,2	9197	9197
P155,1	9198	9198
P144,2	9199	9199
P66,2	9200	9200
P70,2	9201	9201
P146,2	9202	9202
P107,2	9203	9203
P86,3	9204	9204
P199,1	9205	9205
P24,3	9206	9206
P63,2	9207	9207
P169,2	9208	9208
P22,2	9209	9209
P41,2	9210	9210
P187,1	9211	9211
P118,1	9212	9212
P157,1	9213	9213
P88,2	9214	9214
P80,2	9215	9215
P55,2	9216	9216
P50,2	9217	9217
P129,2	9218	9218
P60,2	9219	9219
P67,2	9220	9220
P119,2	9221	9221
P26,2	9222	9222
P33,2	9223	9223
P111,1	9224	9224
P81,1	9225	9225
P160,1	9226	9226
P130,1	9227	9227
P120,1	9228	9228
P190,2	9229	9229
P159,3	9230	9230
P102,2	9231	9231
P112,2	9232	9232
P28,2	9233	9233
P43,2	9234	9234
P132,1	9235	9235
P149,2	9236	9236
P104,1	9237	9237
P177,1	9238	9238
P34,2	9239	9239
P103,3	9240	9240
P141,3	9241	9241
P17,2	9242	9242
P193,1	9243	9243
P164,1	9244	9244
P53,3	9245	9245
P69,1	9246	9246
P15,3	9247	9247
P180,1	9248	9248
P152,1	9249	9249
P96,2	9250	9250
P122,2	9251	9251
P143,1	9252	9252
P115,1	9253	9253
P151,2	9254	9254
P78,2	9255	9255
P123,2	9256	9256
P182,2	9257	9257
P181,2	9258	9258
P91,2	9259	9259
P46,3	9260	9260
P134,2	9261	9261
P13,2	9262	9262
P154,1	9263	9263
P97,2	9264	9264
P124,2	9265	9265
P25,1	9266	9266
P144,2	9267	9267
P66,2	9268	9268
P70,2	9269	9269
P146,2	9270	9270
P107,2	9271	9271
P86,3	9272	9272
P199,1	9273	9273
P24,3	9274	9274
P63,2	9275	9275
P169,2	9276	9276
P22,2	9277	9277
P40,2	9278	9278
P200,1	9279	9279
P171,1	9280	9280
P157,1	9281	9281
P88,2	9282	9282
P80,2	9283	9283
P55,2	9284	9284
P50,2	9285	9285
P129,2	9286	9286
P60,2	9287	9287
P67,2	9288	9288
P119,2	9289	9289
P26,2	9290	9290
P33,2	9291	9291
P111,1	9292	9292
P81,1	9293	9293
P160,1	9294	9294
P130,1	9295	9295
P120,1	9296	9296
P190,2	9297	9297
P139,2	9298	9298
P102,2	9299	9299
P112,2	9300	9300
P28,2	9301	9301
P43,2	9302	9302
P132,1	9303	9303
P149,2	9304	9304
P104,1	9305	9305
P177,1	9306	9306
P34,2	9307	9307
P103,3	9308	9308
P141,3	9309	9309
P17,2	9310	9310
P193,1	9311	9311
P164,1	9312	9312
P53,3	9313	9313
P69,1	9314	9314
P15,3	9315	9315
P180,1	9316	9316
P152,1	9317	9317
P96,2	9318	9318
P122,2	9319	9319
P143,1	9320	9320
P106,1	9321	9321
P195,2	9322	9322
P78,2	9323	9323
P123,2	9324	9324
P182,2	9325	9325
P181,2	9326	9326
P91,2	9327	9327
P46,3	9328	9328
P134,2	9329	9329
P13,2	9330	9330
P154,1	9331	9331
P97,2	9332	9332
P124,2	9333	9333
P25,1	9334	9334
P144,2	9335	9335
P66,2	9336	9336
P70,2	9337	9337
P146,2	9338	9338
P107,2	9339	9339
P86,3	9340	9340
P199,1	9341	9341
P24,3	9342	9342
P63,2	9343	9343
P169,2	9344	9344
P22,2	9345	9345
P40,2	9346	9346
P200,1	9347	9347
P171,1	9348	9348
P157,1	9349	9349
P88,2	9350	9350
P80,2	9351	9351
P55,2	9352	9352
P50,2	9353	9353
P129,2	9354	9354
P60,2	9355	9355
P67,2	9356	9356
P119,2	9357	9357
P26,2	9358	9358
P33,2	9359	9359
P111,1	9360	9360
P81,1	9361	9361
P160,1	9362	9362
P130,1	9363	9363
P120,1	9364	9364
P190,2	9365	9365
P139,2	9366	9366
P102,2	9367	9367
P112,2	9368	9368
P28,2	9369	9369
P43,2	9370	9370
P132,1	9371	9371
P149,2	9372	9372
P104,1	9373	9373
P177,1	9374	9374
P34,2	9375	9375
P103,3	9376	9376
P141,3	9377	9377
P17,2	9378	9378
P193,1	9379	9379
P164,1	9380	9380
P53,3	9381	9381
P69,1	9382	9382
P15,3	9383	9383
P180,1	9384	9384
P152,1	9385	9385
P96,2	9386	9386
P122,2	9387	9387
P143,1	9388	9388
P151,2	9389	9389
P115,2	9390	9390
P85,1	9391	9391
P123,2	9392	9392
P182,2	9393	9393
P181,2	9394	9394
P91,2	9395	9395
P46,3	9396	9396
P134,2	9397	9397
P13,2	9398	9398
P154,1	9399	9399
P97,2	9400	9400
P124,2	9401	9401
P25,1	9402	9402
P144,2	9403	9403
P66,2	9404	9404
P126,2	9405	9405
P156,1	9406	9406
P7,2	9407	9407
P92,1	9408	9408
P38,2	9409	9409
P108,2	9410	9410
P137,1	9411	9411
P21,2	9412	9412
P127,1	9413	9413
P187,1	9414	9414
P118,1	9415	9415
P41,3	9416	9416
P109,2	9417	9417
P128,1	9418	9418
P138,2	9419	9419
P188,1	9420	9420
P4,2	9421	9421
P99,2	9422	9422
P148,1	9423	9423
P100,2	9424	9424
P75,2	9425	9425
P30,2	9426	9426
P110,1	9427	9427
P158,3	9428	9428
P173,1	9429	9429
P189,2	9430	9430
P76,2	9431	9431
P101,2	9432	9432
P159,3	9433	9433
P95,2	9434	9434
P161,2	9435	9435
P2,2	9436	9436
P131,2	9437	9437
P113,2	9438	9438
P16,2	9439	9439
P64,2	9440	9440
P177,1	9441	9441
P34,2	9442	9442
P103,3	9443	9443
P141,3	9444	9444
P17,2	9445	9445
P193,1	9446	9446
P164,1	9447	9447
P53,3	9448	9448
P48,2	9449	9449
P31,2	9450	9450
P84,2	9451	9451
P133,2	9452	9452
P35,2	9453	9453
P122,2	9454	9454
P143,1	9455	9455
P151,2	9456	9456
P115,2	9457	9457
P85,1	9458	9458
P123,2	9459	9459
P182,2	9460	9460
P49,2	9461	9461
P116,3	9462	9462
P184,1	9463	9463
P153,2	9464	9464
P183,2	9465	9465
P125,1	9466	9466
P65,2	9467	9467
P58,2	9468	9468
P144,2	9469	9469
P66,2	9470	9470
P126,2	9471	9471
P156,1	9472	9472
P7,2	9473	9473
P92,1	9474	9474
P38,2	9475	9475
P25,2	9476	9476
P63,2	9477	9477
P169,2	9478	9478
P22,2	9479	9479
P40,2	9480	9480
P200,1	9481	9481
P171,1	9482	9482
P157,1	9483	9483
P88,2	9484	9484
P80,2	9485	9485
P55,2	9486	9486
P50,2	9487	9487
P129,2	9488	9488
P60,2	9489	9489
P67,2	9490	9490
P119,2	9491	9491
P26,2	9492	9492
P33,2	9493	9493
P111,1	9494	9494
P81,1	9495	9495
P160,1	9496	9496
P130,1	9497	9497
P120,1	9498	9498
P190,2	9499	9499
P139,2	9500	9500
P102,2	9501	9501
P112,2	9502	9502
P28,2	9503	9503
P43,2	9504	9504
P132,1	9505	9505
P149,2	9506	9506
P192,2	9507	9507
P176,2	9508	9508
P162,2	9509	9509
P29,2	9510	9510
P83,2	9511	9511
P44,2	9512	9512
P45,1	9513	9513
P61,2	9514	9514
P19,3	9515	9515
P15,3	9516	9516
P180,1	9517	9517
P152,1	9518	9518
P96,2	9519	9519
P69,2	9520	9520
P54,2	9521	9521
P106,1	9522	9522
P195,2	9523	9523
P78,2	9524	9524
P194,3	9525	9525
P36,2	9526	9526
P181,2	9527	9527
P91,2	9528	9528
P46,3	9529	9529
P134,2	9530	9530
P13,2	9531	9531
P154,1	9532	9532
P97,2	9533	9533
P124,2	9534	9534
P98,1	9535	9535
P135,2	9536	9536
P185,2	9537	9537
P146,2	9538	9538
P107,2	9539	9539
P86,3	9540	9540
P199,1	9541	9541
P24,3	9542	9542
P108,2	9543	9543
P137,1	9544	9544
P21,2	9545	9545
P127,1	9546	9546
P187,1	9547	9547
P118,1	9548	9548
P41,3	9549	9549
P109,2	9550	9550
P80,2	9551	9551
P55,2	9552	9552
P50,2	9553	9553
P129,2	9554	9554
P60,2	9555	9555
P67,2	9556	9556
P119,2	9557	9557
P26,2	9558	9558
P33,2	9559	9559
P111,1	9560	9560
P81,1	9561	9561
P160,1	9562	9562
P130,1	9563	9563
P120,1	9564	9564
P190,2	9565	9565
P139,2	9566	9566
P102,2	9567	9567
P112,2	9568	9568
P28,2	9569	9569
P43,2	9570	9570
P132,1	9571	9571
P149,2	9572	9572
P192,2	9573	9573
P176,2	9574	9574
P162,2	9575	9575
P29,2	9576	9576
P83,2	9577	9577
P44,2	9578	9578
P164,1	9579	9579
P53,3	9580	9580
P48,2	9581	9581
P31,2	9582	9582
P84,2	9583	9583
P133,2	9584	9584
P35,2	9585	9585
P122,2	9586	9586
P143,1	9587	9587
P151,2	9588	9588
P115,2	9589	9589
P85,1	9590	9590
P123,2	9591	9591
P182,2	9592	9592
P49,2	9593	9593
P116,3	9594	9594
P184,1	9595	9595
P153,2	9596	9596
P183,2	9597	9597
P125,1	9598	9598
P65,2	9599	9599
P58,2	9600	9600
P144,2	9601	9601
P66,2	9602	9602
P126,2	9603	9603
P156,1	9604	9604
P7,2	9605	9605
P92,1	9606	9606
P38,2	9607	9607
P25,2	9608	9608
P63,2	9609	9609
P169,2	9610	9610
P22,2	9611	9611
P187,1	9612	9612
P171,1	9613	9613
P41,3	9614	9614
P109,2	9615	9615
P80,2	9616	9616
P55,2	9617	9617
P50,2	9618	9618
P40,3	9619	9619
P99,2	9620	9620
P148,1	9621	9621
P100,2	9622	9622
P75,2	9623	9623
P30,2	9624	9624
P110,1	9625	9625
P158,3	9626	9626
P173,1	9627	9627
P189,2	9628	9628
P120,1	9629	9629
P190,2	9630	9630
P139,2	9631	9631
P102,2	9632	9632
P2,2	9633	9633
P130,2	9634	9634
P113,2	9635	9635
P132,1	9636	9636
P149,2	9637	9637
P161,3	9638	9638
P177,1	9639	9639
P34,2	9640	9640
P103,3	9641	9641
P141,3	9642	9642
P44,2	9643	9643
P61,2	9644	9644
P19,3	9645	9645
P15,3	9646	9646
P31,2	9647	9647
P84,2	9648	9648
P133,2	9649	9649
P35,2	9650	9650
P122,2	9651	9651
P143,1	9652	9652
P151,2	9653	9653
P115,2	9654	9654
P85,1	9655	9655
P123,2	9656	9656
P182,2	9657	9657
P49,2	9658	9658
P116,3	9659	9659
P184,1	9660	9660
P153,2	9661	9661
P183,2	9662	9662
P125,1	9663	9663
P65,2	9664	9664
P58,2	9665	9665
P144,2	9666	9666
P66,2	9667	9667
P126,2	9668	9668
P156,1	9669	9669
P7,2	9670	9670
P92,1	9671	9671
P38,2	9672	9672
P25,2	9673	9673
P63,2	9674	9674
P169,2	9675	9675
P22,2	9676	9676
P187,1	9677	9677
P200,2	9678	9678
P157,1	9679	9679
P88,2	9680	9680
P138,2	9681	9681
P55,2	9682	9682
P50,2	9683	9683
P40,3	9684	9684
P99,2	9685	9685
P148,1	9686	9686
P100,2	9687	9687
P75,2	9688	9688
P30,2	9689	9689
P110,1	9690	9690
P158,3	9691	9691
P160,1	9692	9692
P76,2	9693	9693
P101,2	9694	9694
P159,3	9695	9695
P139,2	9696	9696
P102,2	9697	9697
P2,2	9698	9698
P130,2	9699	9699
P113,2	9700	9700
P16,2	9701	9701
P64,2	9702	9702
P192,2	9703	9703
P176,2	9704	9704
P162,2	9705	9705
P132,2	9706	9706
P17,2	9707	9707
P44,2	9708	9708
P61,2	9709	9709
P19,3	9710	9710
P15,3	9711	9711
P31,2	9712	9712
P84,2	9713	9713
P133,2	9714	9714
P35,2	9715	9715
P122,2	9716	9716
P143,1	9717	9717
P151,2	9718	9718
P115,2	9719	9719
P85,1	9720	9720
P123,2	9721	9721
P182,2	9722	9722
P49,2	9723	9723
P116,3	9724	9724
P184,1	9725	9725
P153,2	9726	9726
P183,2	9727	9727
P125,1	9728	9728
P65,2	9729	9729
P58,2	9730	9730
P144,2	9731	9731
P185,2	9732	9732
P146,2	9733	9733
P107,2	9734	9734
P86,3	9735	9735
P199,1	9736	9736
P24,3	9737	9737
P108,2	9738	9738
P137,1	9739	9739
P21,2	9740	9740
P127,1	9741	9741
P171,1	9742	9742
P41,3	9743	9743
P109,2	9744	9744
P80,2	9745	9745
P118,2	9746	9746
P188,1	9747	9747
P4,2	9748	9748
P129,2	9749	9749
P60,2	9750	9750
P67,2	9751	9751
P119,2	9752	9752
P26,2	9753	9753
P110,1	9754	9754
P173,1	9755	9755
P189,2	9756	9756
P120,1	9757	9757
P190,2	9758	9758
P81,2	9759	9759
P95,2	9760	9760
P102,2	9761	9761
P2,2	9762	9762
P130,2	9763	9763
P113,2	9764	9764
P16,2	9765	9765
P64,2	9766	9766
P192,2	9767	9767
P176,2	9768	9768
P162,2	9769	9769
P132,2	9770	9770
P17,2	9771	9771
P44,2	9772	9772
P61,2	9773	9773
P19,3	9774	9774
P15,3	9775	9775
P31,2	9776	9776
P84,2	9777	9777
P133,2	9778	9778
P35,2	9779	9779
P122,2	9780	9780
P143,1	9781	9781
P151,2	9782	9782
P115,2	9783	9783
P85,1	9784	9784
P123,2	9785	9785
P182,2	9786	9786
P49,2	9787	9787
P116,3	9788	9788
P184,1	9789	9789
P153,2	9790	9790
P183,2	9791	9791
P125,1	9792	9792
P65,2	9793	9793
P58,2	9794	9794
P144,2	9795	9795
P185,2	9796	9796
P146,2	9797	9797
P107,2	9798	9798
P86,3	9799	9799
P199,1	9800	9800
P24,3	9801	9801
P108,2	9802	9802
P137,1	9803	9803
P21,2	9804	9804
P187,1	9805	9805
P200,2	9806	9806
P157,1	9807	9807
P88,2	9808	9808
P138,2	9809	9809
P55,2	9810	9810
P50,2	9811	9811
P40,3	9812	9812
P129,2	9813	9813
P60,2	9814	9814
P67,2	9815	9815
P119,2	9816	9816
P26,2	9817	9817
P173,1	9818	9818
P189,2	9819	9819
P120,1	9820	9820
P190,2	9821	9821
P81,2	9822	9822
P95,2	9823	9823
P102,2	9824	9824
P111,2	9825	9825
P28,2	9826	9826
P43,2	9827	9827
P131,3	9828	9828
P149,2	9829	9829
P161,3	9830	9830
P177,1	9831	9831
P34,2	9832	9832
P103,3	9833	9833
P141,3	9834	9834
P29,3	9835	9835
P193,1	9836	9836
P53,3	9837	9837
P48,2	9838	9838
P83,3	9839	9839
P180,1	9840	9840
P152,1	9841	9841
P96,2	9842	9842
P69,2	9843	9843
P54,2	9844	9844
P106,1	9845	9845
P195,2	9846	9846
P78,2	9847	9847
P194,3	9848	9848
P36,2	9849	9849
P181,2	9850	9850
P91,2	9851	9851
P46,3	9852	9852
P134,2	9853	9853
P13,2	9854	9854
P154,1	9855	9855
P97,2	9856	9856
P124,2	9857	9857
P98,1	9858	9858
P66,2	9859	9859
P126,2	9860	9860
P156,1	9861	9861
P7,2	9862	9862
P92,1	9863	9863
P38,2	9864	9864
P25,2	9865	9865
P63,2	9866	9866
P21,2	9867	9867
P187,1	9868	9868
P169,3	9869	9869
P41,3	9870	9870
P109,2	9871	9871
P80,2	9872	9872
P118,2	9873	9873
P188,1	9874	9874
P4,2	9875	9875
P127,2	9876	9876
P99,2	9877	9877
P148,1	9878	9878
P100,2	9879	9879
P75,2	9880	9880
P30,2	9881	9881
P160,1	9882	9882
P76,2	9883	9883
P101,2	9884	9884
P159,3	9885	9885
P139,2	9886	9886
P33,3	9887	9887
P112,2	9888	9888
P2,2	9889	9889
P130,2	9890	9890
P113,2	9891	9891
P16,2	9892	9892
P64,2	9893	9893
P192,2	9894	9894
P176,2	9895	9895
P162,2	9896	9896
P132,2	9897	9897
P17,2	9898	9898
P44,2	9899	9899
P61,2	9900	9900
P19,3	9901	9901
P15,3	9902	9902
P31,2	9903	9903
P84,2	9904	9904
P133,2	9905	9905
P35,2	9906	9906
P122,2	9907	9907
P143,1	9908	9908
P151,2	9909	9909
P115,2	9910	9910
P85,1	9911	9911
P123,2	9912	9912
P182,2	9913	9913
P49,2	9914	9914
P116,3	9915	9915
P184,1	9916	9916
P153,2	9917	9917
P183,2	9918	9918
P97,2	9919	9919
P124,2	9920	9920
P98,1	9921	9921
P66,2	9922	9922
P126,2	9923	9923
P125,2	9924	9924
P107,2	9925	9925
P86,3	9926	9926
P199,1	9927	9927
P24,3	9928	9928
P108,2	9929	9929
P137,1	9930	9930
P22,2	9931	9931
P169,3	9932	9932
P41,3	9933	9933
P109,2	9934	9934
P80,2	9935	9935
P118,2	9936	9936
P188,1	9937	9937
P4,2	9938	9938
P127,2	9939	9939
P99,2	9940	9940
P148,1	9941	9941
P119,2	9942	9942
P26,2	9943	9943
P173,1	9944	9944
P189,2	9945	9945
P120,1	9946	9946
P101,2	9947	9947
P159,3	9948	9948
P139,2	9949	9949
P33,3	9950	9950
P112,2	9951	9951
P2,2	9952	9952
P130,2	9953	9953
P113,2	9954	9954
P16,2	9955	9955
P64,2	9956	9956
P192,2	9957	9957
P176,2	9958	9958
P162,2	9959	9959
P132,2	9960	9960
P17,2	9961	9961
P44,2	9962	9962
P61,2	9963	9963
P19,3	9964	9964
P15,3	9965	9965
P31,2	9966	9966
P84,2	9967	9967
P133,2	9968	9968
P35,2	9969	9969
P122,2	9970	9970
P106,1	9971	9971
P195,2	9972	9972
P115,2	9973	9973
P194,3	9974	9974
P36,2	9975	9975
P181,2	9976	9976
P91,2	9977	9977
P46,3	9978	9978
P184,1	9979	9979
P153,2	9980	9980
P183,2	9981	9981
P97,2	9982	9982
P124,2	9983	9983
P98,1	9984	9984
P66,2	9985	9985
P126,2	9986	9986
P125,2	9987	9987
P107,2	9988	9988
P86,3	9989	9989
P199,1	9990	9990
P24,3	9991	9991
P108,2	9992	9992
P137,1	9993	9993
P22,2	9994	9994
P169,3	9995	9995
P41,3	9996	9996
P109,2	9997	9997
P80,2	9998	9998
P118,2	9999	9999
P188,1	10000	10000
P4,2	10001	10001
P127,2	10002	10002
P99,2	10003	10003
P148,1	10004	10004
P119,2	10005	10005
P26,2	10006	10006
P173,1	10007	10007
P189,2	10008	10008
P120,1	10009	10009
P101,2	10010	10010
P159,3	10011	10011
P139,2	10012	10012
P33,3	10013	10013
P112,2	10014	10014
P2,2	10015	10015
P130,2	10016	10016
P113,2	10017	10017
P16,2	10018	10018
P64,2	10019	10019
P192,2	10020	10020
P34,2	10021	10021
P103,3	10022	10022
P141,3	10023	10023
P29,3	10024	10024
P193,1	10025	10025
P53,3	10026	10026
P19,3	10027	10027
P15,3	10028	10028
P31,2	10029	10029
P84,2	10030	10030
P133,2	10031	10031
P35,2	10032	10032
P122,2	10033	10033
P106,1	10034	10034
P195,2	10035	10035
P115,2	10036	10036
P194,3	10037	10037
P36,2	10038	10038
P181,2	10039	10039
P91,2	10040	10040
P46,3	10041	10041
P184,1	10042	10042
P153,2	10043	10043
P183,2	10044	10044
P97,2	10045	10045
P124,2	10046	10046
P98,1	10047	10047
P66,2	10048	10048
P126,2	10049	10049
P125,2	10050	10050
P7,2	10051	10051
P92,1	10052	10052
P199,1	10053	10053
P24,3	10054	10054
P108,2	10055	10055
P21,2	10056	10056
P171,1	10057	10057
P200,2	10058	10058
P157,1	10059	10059
P88,2	10060	10060
P138,2	10061	10061
P55,2	10062	10062
P50,2	10063	10063
P40,3	10064	10064
P129,2	10065	10065
P60,2	10066	10066
P100,2	10067	10067
P75,2	10068	10068
P30,2	10069	10069
P160,1	10070	10070
P76,2	10071	10071
P67,3	10072	10072
P190,2	10073	10073
P81,2	10074	10074
P95,2	10075	10075
P102,2	10076	10076
P111,2	10077	10077
P28,2	10078	10078
P43,2	10079	10079
P131,3	10080	10080
P149,2	10081	10081
P161,3	10082	10082
P176,2	10083	10083
P162,2	10084	10084
P132,2	10085	10085
P17,2	10086	10086
P44,2	10087	10087
P53,3	10088	10088
P19,3	10089	10089
P15,3	10090	10090
P31,2	10091	10091
P84,2	10092	10092
P133,2	10093	10093
P35,2	10094	10094
P122,2	10095	10095
P106,1	10096	10096
P195,2	10097	10097
P115,2	10098	10098
P194,3	10099	10099
P36,2	10100	10100
P181,2	10101	10101
P91,2	10102	10102
P46,3	10103	10103
P184,1	10104	10104
P153,2	10105	10105
P183,2	10106	10106
P97,2	10107	10107
P124,2	10108	10108
P98,1	10109	10109
P66,2	10110	10110
P126,2	10111	10111
P125,2	10112	10112
P7,2	10113	10113
P92,1	10114	10114
P199,1	10115	10115
P24,3	10116	10116
P108,2	10117	10117
P21,2	10118	10118
P171,1	10119	10119
P200,2	10120	10120
P157,1	10121	10121
P88,2	10122	10122
P118,2	10123	10123
P188,1	10124	10124
P4,2	10125	10125
P127,2	10126	10126
P99,2	10127	10127
P148,1	10128	10128
P119,2	10129	10129
P26,2	10130	10130
P173,1	10131	10131
P189,2	10132	10132
P120,1	10133	10133
P101,2	10134	10134
P159,3	10135	10135
P139,2	10136	10136
P33,3	10137	10137
P112,2	10138	10138
P2,2	10139	10139
P130,2	10140	10140
P113,2	10141	10141
P16,2	10142	10142
P64,2	10143	10143
P192,2	10144	10144
P34,2	10145	10145
P103,3	10146	10146
P141,3	10147	10147
P29,3	10148	10148
P61,2	10149	10149
P177,2	10150	10150
P48,2	10151	10151
P83,3	10152	10152
P180,1	10153	10153
P152,1	10154	10154
P96,2	10155	10155
P69,2	10156	10156
P54,2	10157	10157
P195,2	10158	10158
P115,2	10159	10159
P194,3	10160	10160
P36,2	10161	10161
P181,2	10162	10162
P91,2	10163	10163
P46,3	10164	10164
P106,2	10165	10165
P134,2	10166	10166
P13,2	10167	10167
P154,1	10168	10168
P65,2	10169	10169
P58,2	10170	10170
P144,2	10171	10171
P185,2	10172	10172
P146,2	10173	10173
P107,2	10174	10174
P86,3	10175	10175
P156,2	10176	10176
P38,2	10177	10177
P25,2	10178	10178
P21,2	10179	10179
P137,2	10180	10180
P200,2	10181	10181
P157,1	10182	10182
P88,2	10183	10183
P118,2	10184	10184
P171,2	10185	10185
P50,2	10186	10186
P40,3	10187	10187
P129,2	10188	10188
P60,2	10189	10189
P100,2	10190	10190
P75,2	10191	10191
P30,2	10192	10192
P160,1	10193	10193
P76,2	10194	10194
P67,3	10195	10195
P190,2	10196	10196
P81,2	10197	10197
P95,2	10198	10198
P102,2	10199	10199
P111,2	10200	10200
P28,2	10201	10201
P43,2	10202	10202
P131,3	10203	10203
P149,2	10204	10204
P161,3	10205	10205
P176,2	10206	10206
P162,2	10207	10207
P132,2	10208	10208
P17,2	10209	10209
P44,2	10210	10210
P53,3	10211	10211
P19,3	10212	10212
P15,3	10213	10213
P31,2	10214	10214
P84,2	10215	10215
P133,2	10216	10216
P35,2	10217	10217
P122,2	10218	10218
P151,2	10219	10219
P143,2	10220	10220
P78,2	10221	10221
P123,2	10222	10222
P182,2	10223	10223
P49,2	10224	10224
P116,3	10225	10225
P85,2	10226	10226
P184,1	10227	10227
P153,2	10228	10228
P183,2	10229	10229
P97,2	10230	10230
P124,2	10231	10231
P98,1	10232	10232
P66,2	10233	10233
P126,2	10234	10234
P125,2	10235	10235
P7,2	10236	10236
P92,1	10237	10237
P199,1	10238	10238
P24,3	10239	10239
P108,2	10240	10240
P22,2	10241	10241
P169,3	10242	10242
P41,3	10243	10243
P109,2	10244	10244
P80,2	10245	10245
P55,2	10246	10246
P188,1	10247	10247
P4,2	10248	10248
P127,2	10249	10249
P99,2	10250	10250
P148,1	10251	10251
P119,2	10252	10252
P26,2	10253	10253
P173,1	10254	10254
P76,2	10255	10255
P67,3	10256	10256
P190,2	10257	10257
P81,2	10258	10258
P95,2	10259	10259
P102,2	10260	10260
P111,2	10261	10261
P130,2	10262	10262
P113,2	10263	10263
P16,2	10264	10264
P64,2	10265	10265
P192,2	10266	10266
P34,2	10267	10267
P103,3	10268	10268
P132,2	10269	10269
P17,2	10270	10270
P44,2	10271	10271
P53,3	10272	10272
P19,3	10273	10273
P15,3	10274	10274
P31,2	10275	10275
P84,2	10276	10276
P133,2	10277	10277
P35,2	10278	10278
P122,2	10279	10279
P151,2	10280	10280
P143,2	10281	10281
P78,2	10282	10282
P123,2	10283	10283
P182,2	10284	10284
P49,2	10285	10285
P116,3	10286	10286
P85,2	10287	10287
P184,1	10288	10288
P153,2	10289	10289
P183,2	10290	10290
P97,2	10291	10291
P124,2	10292	10292
P98,1	10293	10293
P185,2	10294	10294
P146,2	10295	10295
P107,2	10296	10296
P7,2	10297	10297
P92,1	10298	10298
P199,1	10299	10299
P24,3	10300	10300
P108,2	10301	10301
P22,2	10302	10302
P169,3	10303	10303
P41,3	10304	10304
P109,2	10305	10305
P80,2	10306	10306
P55,2	10307	10307
P188,1	10308	10308
P4,2	10309	10309
P127,2	10310	10310
P99,2	10311	10311
P148,1	10312	10312
P119,2	10313	10313
P26,2	10314	10314
P173,1	10315	10315
P76,2	10316	10316
P67,3	10317	10317
P190,2	10318	10318
P81,2	10319	10319
P95,2	10320	10320
P102,2	10321	10321
P111,2	10322	10322
P130,2	10323	10323
P113,2	10324	10324
P16,2	10325	10325
P64,2	10326	10326
P192,2	10327	10327
P34,2	10328	10328
P103,3	10329	10329
P132,2	10330	10330
P17,2	10331	10331
P44,2	10332	10332
P53,3	10333	10333
P19,3	10334	10334
P15,3	10335	10335
P31,2	10336	10336
P84,2	10337	10337
P133,2	10338	10338
P35,2	10339	10339
P122,2	10340	10340
P151,2	10341	10341
P143,2	10342	10342
P78,2	10343	10343
P123,2	10344	10344
P182,2	10345	10345
P49,2	10346	10346
P116,3	10347	10347
P85,2	10348	10348
P184,1	10349	10349
P153,2	10350	10350
P183,2	10351	10351
P97,2	10352	10352
P124,2	10353	10353
P98,1	10354	10354
P185,2	10355	10355
P146,2	10356	10356
P107,2	10357	10357
P7,2	10358	10358
P156,2	10359	10359
P38,2	10360	10360
P25,2	10361	10361
P21,2	10362	10362
P137,2	10363	10363
P200,2	10364	10364
P157,1	10365	10365
P88,2	10366	10366
P80,2	10367	10367
P55,2	10368	10368
P188,1	10369	10369
P4,2	10370	10370
P127,2	10371	10371
P99,2	10372	10372
P148,1	10373	10373
P75,2	10374	10374
P30,2	10375	10375
P189,2	10376	10376
P120,1	10377	10377
P101,2	10378	10378
P159,3	10379	10379
P139,2	10380	10380
P33,3	10381	10381
P112,2	10382	10382
P2,2	10383	10383
P43,2	10384	10384
P131,3	10385	10385
P149,2	10386	10386
P161,3	10387	10387
P176,2	10388	10388
P162,2	10389	10389
P28,3	10390	10390
P141,3	10391	10391
P29,3	10392	10392
P61,2	10393	10393
P177,2	10394	10394
P48,2	10395	10395
P83,3	10396	10396
P180,1	10397	10397
P152,1	10398	10398
P96,2	10399	10399
P69,2	10400	10400
P54,2	10401	10401
P195,2	10402	10402
P115,2	10403	10403
P194,3	10404	10404
P36,2	10405	10405
P181,2	10406	10406
P91,2	10407	10407
P46,3	10408	10408
P106,2	10409	10409
P134,2	10410	10410
P13,2	10411	10411
P97,2	10412	10412
P124,2	10413	10413
P98,1	10414	10414
P154,2	10415	10415
P126,2	10416	10416
P125,2	10417	10417
P144,3	10418	10418
P86,3	10419	10419
P199,1	10420	10420
P24,3	10421	10421
P108,2	10422	10422
P22,2	10423	10423
P169,3	10424	10424
P41,3	10425	10425
P109,2	10426	10426
P92,2	10427	10427
P118,2	10428	10428
P171,2	10429	10429
P50,2	10430	10430
P40,3	10431	10431
P129,2	10432	10432
P60,2	10433	10433
P100,2	10434	10434
P26,2	10435	10435
P173,1	10436	10436
P76,2	10437	10437
P67,3	10438	10438
P190,2	10439	10439
P81,2	10440	10440
P95,2	10441	10441
P102,2	10442	10442
P111,2	10443	10443
P130,2	10444	10444
P113,2	10445	10445
P16,2	10446	10446
P64,2	10447	10447
P192,2	10448	10448
P34,2	10449	10449
P103,3	10450	10450
P132,2	10451	10451
P17,2	10452	10452
P44,2	10453	10453
P53,3	10454	10454
P19,3	10455	10455
P15,3	10456	10456
P31,2	10457	10457
P84,2	10458	10458
P133,2	10459	10459
P35,2	10460	10460
P122,2	10461	10461
P151,2	10462	10462
P143,2	10463	10463
P78,2	10464	10464
P123,2	10465	10465
P182,2	10466	10466
P49,2	10467	10467
P116,3	10468	10468
P85,2	10469	10469
P184,1	10470	10470
P153,2	10471	10471
P183,2	10472	10472
P65,2	10473	10473
P58,2	10474	10474
P66,2	10475	10475
P185,2	10476	10476
P146,2	10477	10477
P107,2	10478	10478
P86,3	10479	10479
P199,1	10480	10480
P24,3	10481	10481
P108,2	10482	10482
P22,2	10483	10483
P169,3	10484	10484
P41,3	10485	10485
P109,2	10486	10486
P92,2	10487	10487
P118,2	10488	10488
P171,2	10489	10489
P50,2	10490	10490
P40,3	10491	10491
P129,2	10492	10492
P60,2	10493	10493
P100,2	10494	10494
P26,2	10495	10495
P173,1	10496	10496
P76,2	10497	10497
P67,3	10498	10498
P159,3	10499	10499
P139,2	10500	10500
P33,3	10501	10501
P112,2	10502	10502
P2,2	10503	10503
P43,2	10504	10504
P131,3	10505	10505
P149,2	10506	10506
P161,3	10507	10507
P176,2	10508	10508
P162,2	10509	10509
P28,3	10510	10510
P141,3	10511	10511
P29,3	10512	10512
P61,2	10513	10513
P177,2	10514	10514
P48,2	10515	10515
P83,3	10516	10516
P180,1	10517	10517
P152,1	10518	10518
P96,2	10519	10519
P69,2	10520	10520
P54,2	10521	10521
P195,2	10522	10522
P115,2	10523	10523
P194,3	10524	10524
P36,2	10525	10525
P181,2	10526	10526
P91,2	10527	10527
P46,3	10528	10528
P106,2	10529	10529
P134,2	10530	10530
P13,2	10531	10531
P97,2	10532	10532
P124,2	10533	10533
P66,2	10534	10534
P185,2	10535	10535
P98,2	10536	10536
P125,2	10537	10537
P144,3	10538	10538
P156,2	10539	10539
P38,2	10540	10540
P25,2	10541	10541
P21,2	10542	10542
P137,2	10543	10543
P200,2	10544	10544
P157,1	10545	10545
P88,2	10546	10546
P80,2	10547	10547
P55,2	10548	10548
P50,2	10549	10549
P40,3	10550	10550
P129,2	10551	10551
P60,2	10552	10552
P100,2	10553	10553
P188,2	10554	10554
P30,2	10555	10555
P189,2	10556	10556
P67,3	10557	10557
P159,3	10558	10558
P120,2	10559	10559
P95,2	10560	10560
P102,2	10561	10561
P111,2	10562	10562
P130,2	10563	10563
P113,2	10564	10564
P16,2	10565	10565
P64,2	10566	10566
P192,2	10567	10567
P34,2	10568	10568
P103,3	10569	10569
P132,2	10570	10570
P17,2	10571	10571
P44,2	10572	10572
P53,3	10573	10573
P19,3	10574	10574
P15,3	10575	10575
P31,2	10576	10576
P84,2	10577	10577
P133,2	10578	10578
P35,2	10579	10579
P122,2	10580	10580
P151,2	10581	10581
P143,2	10582	10582
P78,2	10583	10583
P123,2	10584	10584
P182,2	10585	10585
P49,2	10586	10586
P116,3	10587	10587
P85,2	10588	10588
P184,1	10589	10589
P153,2	10590	10590
P97,2	10591	10591
P124,2	10592	10592
P66,2	10593	10593
P185,2	10594	10594
P98,2	10595	10595
P125,2	10596	10596
P144,3	10597	10597
P156,2	10598	10598
P38,2	10599	10599
P25,2	10600	10600
P21,2	10601	10601
P169,3	10602	10602
P41,3	10603	10603
P88,2	10604	10604
P80,2	10605	10605
P55,2	10606	10606
P50,2	10607	10607
P40,3	10608	10608
P129,2	10609	10609
P60,2	10610	10610
P100,2	10611	10611
P188,2	10612	10612
P30,2	10613	10613
P189,2	10614	10614
P67,3	10615	10615
P159,3	10616	10616
P120,2	10617	10617
P95,2	10618	10618
P102,2	10619	10619
P111,2	10620	10620
P130,2	10621	10621
P113,2	10622	10622
P16,2	10623	10623
P64,2	10624	10624
P192,2	10625	10625
P34,2	10626	10626
P103,3	10627	10627
P132,2	10628	10628
P17,2	10629	10629
P44,2	10630	10630
P53,3	10631	10631
P19,3	10632	10632
P15,3	10633	10633
P31,2	10634	10634
P84,2	10635	10635
P133,2	10636	10636
P35,2	10637	10637
P122,2	10638	10638
P151,2	10639	10639
P143,2	10640	10640
P78,2	10641	10641
P123,2	10642	10642
P182,2	10643	10643
P91,2	10644	10644
P46,3	10645	10645
P106,2	10646	10646
P134,2	10647	10647
P13,2	10648	10648
P65,2	10649	10649
P124,2	10650	10650
P66,2	10651	10651
P185,2	10652	10652
P98,2	10653	10653
P125,2	10654	10654
P144,3	10655	10655
P156,2	10656	10656
P38,2	10657	10657
P25,2	10658	10658
P21,2	10659	10659
P169,3	10660	10660
P41,3	10661	10661
P88,2	10662	10662
P80,2	10663	10663
P55,2	10664	10664
P50,2	10665	10665
P40,3	10666	10666
P129,2	10667	10667
P60,2	10668	10668
P100,2	10669	10669
P188,2	10670	10670
P30,2	10671	10671
P189,2	10672	10672
P67,3	10673	10673
P159,3	10674	10674
P120,2	10675	10675
P95,2	10676	10676
P102,2	10677	10677
P111,2	10678	10678
P130,2	10679	10679
P113,2	10680	10680
P16,2	10681	10681
P64,2	10682	10682
P192,2	10683	10683
P34,2	10684	10684
P103,3	10685	10685
P132,2	10686	10686
P17,2	10687	10687
P44,2	10688	10688
P53,3	10689	10689
P19,3	10690	10690
P15,3	10691	10691
P31,2	10692	10692
P84,2	10693	10693
P133,2	10694	10694
P35,2	10695	10695
P122,2	10696	10696
P151,2	10697	10697
P143,2	10698	10698
P78,2	10699	10699
P123,2	10700	10700
P182,2	10701	10701
P91,2	10702	10702
P46,3	10703	10703
P106,2	10704	10704
P134,2	10705	10705
P13,2	10706	10706
P65,2	10707	10707
P124,2	10708	10708
P66,2	10709	10709
P185,2	10710	10710
P98,2	10711	10711
P125,2	10712	10712
P144,3	10713	10713
P156,2	10714	10714
P24,3	10715	10715
P108,2	10716	10716
P137,2	10717	10717
P200,2	10718	10718
P109,2	10719	10719
P92,2	10720	10720
P118,2	10721	10721
P171,2	10722	10722
P4,2	10723	10723
P127,2	10724	10724
P99,2	10725	10725
P148,1	10726	10726
P75,2	10727	10727
P26,2	10728	10728
P173,1	10729	10729
P76,2	10730	10730
P190,2	10731	10731
P81,2	10732	10732
P139,2	10733	10733
P33,3	10734	10734
P112,2	10735	10735
P2,2	10736	10736
P43,2	10737	10737
P131,3	10738	10738
P149,2	10739	10739
P161,3	10740	10740
P176,2	10741	10741
P162,2	10742	10742
P28,3	10743	10743
P141,3	10744	10744
P29,3	10745	10745
P61,2	10746	10746
P177,2	10747	10747
P48,2	10748	10748
P83,3	10749	10749
P84,2	10750	10750
P96,2	10751	10751
P69,2	10752	10752
P54,2	10753	10753
P195,2	10754	10754
P115,2	10755	10755
P78,2	10756	10756
P123,2	10757	10757
P182,2	10758	10758
P91,2	10759	10759
P46,3	10760	10760
P106,2	10761	10761
P134,2	10762	10762
P13,2	10763	10763
P65,2	10764	10764
P124,2	10765	10765
P66,2	10766	10766
P185,2	10767	10767
P98,2	10768	10768
P125,2	10769	10769
P144,3	10770	10770
P156,2	10771	10771
P24,3	10772	10772
P108,2	10773	10773
P137,2	10774	10774
P200,2	10775	10775
P109,2	10776	10776
P92,2	10777	10777
P118,2	10778	10778
P171,2	10779	10779
P4,2	10780	10780
P127,2	10781	10781
P99,2	10782	10782
P100,2	10783	10783
P188,2	10784	10784
P30,2	10785	10785
P76,2	10786	10786
P190,2	10787	10787
P81,2	10788	10788
P139,2	10789	10789
P33,3	10790	10790
P173,2	10791	10791
P111,2	10792	10792
P130,2	10793	10793
P113,2	10794	10794
P16,2	10795	10795
P64,2	10796	10796
P192,2	10797	10797
P34,2	10798	10798
P103,3	10799	10799
P132,2	10800	10800
P17,2	10801	10801
P44,2	10802	10802
P53,3	10803	10803
P19,3	10804	10804
P15,3	10805	10805
P31,2	10806	10806
P133,2	10807	10807
P35,2	10808	10808
P122,2	10809	10809
P151,2	10810	10810
P143,2	10811	10811
P152,2	10812	10812
P194,3	10813	10813
P36,2	10814	10814
P181,2	10815	10815
P116,3	10816	10816
P85,2	10817	10817
P184,1	10818	10818
P153,2	10819	10819
P97,2	10820	10820
P49,3	10821	10821
P58,2	10822	10822
P154,2	10823	10823
P126,2	10824	10824
P146,2	10825	10825
P107,2	10826	10826
P156,2	10827	10827
P24,3	10828	10828
P108,2	10829	10829
P137,2	10830	10830
P200,2	10831	10831
P109,2	10832	10832
P92,2	10833	10833
P118,2	10834	10834
P171,2	10835	10835
P4,2	10836	10836
P127,2	10837	10837
P99,2	10838	10838
P100,2	10839	10839
P188,2	10840	10840
P30,2	10841	10841
P76,2	10842	10842
P190,2	10843	10843
P81,2	10844	10844
P139,2	10845	10845
P33,3	10846	10846
P173,2	10847	10847
P111,2	10848	10848
P130,2	10849	10849
P113,2	10850	10850
P16,2	10851	10851
P64,2	10852	10852
P192,2	10853	10853
P34,2	10854	10854
P103,3	10855	10855
P132,2	10856	10856
P17,2	10857	10857
P44,2	10858	10858
P53,3	10859	10859
P19,3	10860	10860
P15,3	10861	10861
P31,2	10862	10862
P133,2	10863	10863
P35,2	10864	10864
P122,2	10865	10865
P151,2	10866	10866
P115,2	10867	10867
P78,2	10868	10868
P194,3	10869	10869
P36,2	10870	10870
P181,2	10871	10871
P116,3	10872	10872
P85,2	10873	10873
P184,1	10874	10874
P153,2	10875	10875
P97,2	10876	10876
P49,3	10877	10877
P66,2	10878	10878
P185,2	10879	10879
P98,2	10880	10880
P125,2	10881	10881
P144,3	10882	10882
P38,2	10883	10883
P25,2	10884	10884
P21,2	10885	10885
P169,3	10886	10886
P41,3	10887	10887
P88,2	10888	10888
P80,2	10889	10889
P55,2	10890	10890
P50,2	10891	10891
P40,3	10892	10892
P129,2	10893	10893
P60,2	10894	10894
P75,2	10895	10895
P26,2	10896	10896
P76,2	10897	10897
P189,3	10898	10898
P81,2	10899	10899
P139,2	10900	10900
P33,3	10901	10901
P173,2	10902	10902
P111,2	10903	10903
P130,2	10904	10904
P113,2	10905	10905
P16,2	10906	10906
P64,2	10907	10907
P192,2	10908	10908
P34,2	10909	10909
P28,3	10910	10910
P141,3	10911	10911
P29,3	10912	10912
P61,2	10913	10913
P177,2	10914	10914
P48,2	10915	10915
P83,3	10916	10916
P133,2	10917	10917
P35,2	10918	10918
P122,2	10919	10919
P151,2	10920	10920
P115,2	10921	10921
P78,2	10922	10922
P194,3	10923	10923
P36,2	10924	10924
P181,2	10925	10925
P116,3	10926	10926
P85,2	10927	10927
P134,2	10928	10928
P13,2	10929	10929
P65,2	10930	10930
P58,2	10931	10931
P154,2	10932	10932
P126,2	10933	10933
P146,2	10934	10934
P107,2	10935	10935
P144,3	10936	10936
P38,2	10937	10937
P25,2	10938	10938
P137,2	10939	10939
P200,2	10940	10940
P109,2	10941	10941
P92,2	10942	10942
P118,2	10943	10943
P171,2	10944	10944
P4,2	10945	10945
P127,2	10946	10946
P99,2	10947	10947
P100,2	10948	10948
P188,2	10949	10949
P30,2	10950	10950
P67,3	10951	10951
P159,3	10952	10952
P120,2	10953	10953
P95,2	10954	10954
P102,2	10955	10955
P112,2	10956	10956
P2,2	10957	10957
P43,2	10958	10958
P131,3	10959	10959
P149,2	10960	10960
P161,3	10961	10961
P176,2	10962	10962
P162,2	10963	10963
P132,2	10964	10964
P17,2	10965	10965
P44,2	10966	10966
P53,3	10967	10967
P19,3	10968	10968
P15,3	10969	10969
P31,2	10970	10970
P96,2	10971	10971
P69,2	10972	10972
P54,2	10973	10973
P143,2	10974	10974
P152,2	10975	10975
P195,3	10976	10976
P123,2	10977	10977
P182,2	10978	10978
P91,2	10979	10979
P46,3	10980	10980
P106,2	10981	10981
P153,2	10982	10982
P97,2	10983	10983
P49,3	10984	10984
P66,2	10985	10985
P185,2	10986	10986
P98,2	10987	10987
P125,2	10988	10988
P184,2	10989	10989
P156,2	10990	10990
P24,3	10991	10991
P108,2	10992	10992
P169,3	10993	10993
P41,3	10994	10994
P88,2	10995	10995
P80,2	10996	10996
P55,2	10997	10997
P50,2	10998	10998
P40,3	10999	10999
P129,2	11000	11000
P60,2	11001	11001
P75,2	11002	11002
P26,2	11003	11003
P76,2	11004	11004
P189,3	11005	11005
P81,2	11006	11006
P139,2	11007	11007
P33,3	11008	11008
P173,2	11009	11009
P111,2	11010	11010
P130,2	11011	11011
P113,2	11012	11012
P149,2	11013	11013
P161,3	11014	11014
P176,2	11015	11015
P162,2	11016	11016
P132,2	11017	11017
P17,2	11018	11018
P44,2	11019	11019
P53,3	11020	11020
P19,3	11021	11021
P15,3	11022	11022
P31,2	11023	11023
P96,2	11024	11024
P69,2	11025	11025
P54,2	11026	11026
P143,2	11027	11027
P152,2	11028	11028
P195,3	11029	11029
P123,2	11030	11030
P182,2	11031	11031
P91,2	11032	11032
P46,3	11033	11033
P106,2	11034	11034
P153,2	11035	11035
P97,2	11036	11036
P49,3	11037	11037
P66,2	11038	11038
P185,2	11039	11039
P98,2	11040	11040
P125,2	11041	11041
P184,2	11042	11042
P156,2	11043	11043
P24,3	11044	11044
P108,2	11045	11045
P169,3	11046	11046
P41,3	11047	11047
P88,2	11048	11048
P80,2	11049	11049
P55,2	11050	11050
P50,2	11051	11051
P40,3	11052	11052
P129,2	11053	11053
P60,2	11054	11054
P75,2	11055	11055
P26,2	11056	11056
P76,2	11057	11057
P189,3	11058	11058
P81,2	11059	11059
P139,2	11060	11060
P33,3	11061	11061
P173,2	11062	11062
P111,2	11063	11063
P130,2	11064	11064
P113,2	11065	11065
P149,2	11066	11066
P161,3	11067	11067
P176,2	11068	11068
P162,2	11069	11069
P132,2	11070	11070
P17,2	11071	11071
P44,2	11072	11072
P53,3	11073	11073
P19,3	11074	11074
P15,3	11075	11075
P31,2	11076	11076
P96,2	11077	11077
P69,2	11078	11078
P151,2	11079	11079
P115,2	11080	11080
P78,2	11081	11081
P194,3	11082	11082
P36,2	11083	11083
P181,2	11084	11084
P116,3	11085	11085
P85,2	11086	11086
P134,2	11087	11087
P13,2	11088	11088
P65,2	11089	11089
P58,2	11090	11090
P154,2	11091	11091
P126,2	11092	11092
P146,2	11093	11093
P107,2	11094	11094
P144,3	11095	11095
P38,2	11096	11096
P25,2	11097	11097
P137,2	11098	11098
P200,2	11099	11099
P109,2	11100	11100
P92,2	11101	11101
P118,2	11102	11102
P171,2	11103	11103
P4,2	11104	11104
P127,2	11105	11105
P99,2	11106	11106
P100,2	11107	11107
P188,2	11108	11108
P30,2	11109	11109
P67,3	11110	11110
P159,3	11111	11111
P120,2	11112	11112
P95,2	11113	11113
P102,2	11114	11114
P112,2	11115	11115
P2,2	11116	11116
P43,2	11117	11117
P131,3	11118	11118
P64,2	11119	11119
P192,2	11120	11120
P34,2	11121	11121
P28,3	11122	11122
P141,3	11123	11123
P29,3	11124	11124
P61,2	11125	11125
P177,2	11126	11126
P48,2	11127	11127
P83,3	11128	11128
P133,2	11129	11129
P35,2	11130	11130
P122,2	11131	11131
P143,2	11132	11132
P152,2	11133	11133
P195,3	11134	11134
P123,2	11135	11135
P181,2	11136	11136
P46,3	11137	11137
P85,2	11138	11138
P134,2	11139	11139
P13,2	11140	11140
P65,2	11141	11141
P58,2	11142	11142
P154,2	11143	11143
P126,2	11144	11144
P146,2	11145	11145
P107,2	11146	11146
P144,3	11147	11147
P38,2	11148	11148
P25,2	11149	11149
P137,2	11150	11150
P200,2	11151	11151
P109,2	11152	11152
P92,2	11153	11153
P118,2	11154	11154
P171,2	11155	11155
P4,2	11156	11156
P127,2	11157	11157
P60,2	11158	11158
P75,2	11159	11159
P26,2	11160	11160
P76,2	11161	11161
P189,3	11162	11162
P81,2	11163	11163
P139,2	11164	11164
P33,3	11165	11165
P173,2	11166	11166
P111,2	11167	11167
P130,2	11168	11168
P113,2	11169	11169
P149,2	11170	11170
P161,3	11171	11171
P176,2	11172	11172
P162,2	11173	11173
P132,2	11174	11174
P17,2	11175	11175
P44,2	11176	11176
P53,3	11177	11177
P19,3	11178	11178
P15,3	11179	11179
P31,2	11180	11180
P96,2	11181	11181
P69,2	11182	11182
P151,2	11183	11183
P115,2	11184	11184
P78,2	11185	11185
P194,3	11186	11186
P36,2	11187	11187
P116,3	11188	11188
P91,3	11189	11189
P106,2	11190	11190
P153,2	11191	11191
P97,2	11192	11192
P49,3	11193	11193
P154,2	11194	11194
P126,2	11195	11195
P58,3	11196	11196
P125,2	11197	11197
P184,2	11198	11198
P156,2	11199	11199
P25,2	11200	11200
P137,2	11201	11201
P200,2	11202	11202
P109,2	11203	11203
P92,2	11204	11204
P118,2	11205	11205
P171,2	11206	11206
P38,3	11207	11207
P40,3	11208	11208
P99,2	11209	11209
P100,2	11210	11210
P188,2	11211	11211
P30,2	11212	11212
P67,3	11213	11213
P159,3	11214	11214
P120,2	11215	11215
P95,2	11216	11216
P102,2	11217	11217
P112,2	11218	11218
P2,2	11219	11219
P43,2	11220	11220
P131,3	11221	11221
P64,2	11222	11222
P192,2	11223	11223
P34,2	11224	11224
P28,3	11225	11225
P141,3	11226	11226
P29,3	11227	11227
P61,2	11228	11228
P177,2	11229	11229
P48,2	11230	11230
P83,3	11231	11231
P133,2	11232	11232
P35,2	11233	11233
P122,2	11234	11234
P143,2	11235	11235
P152,2	11236	11236
P195,3	11237	11237
P123,2	11238	11238
P181,2	11239	11239
P46,3	11240	11240
P85,2	11241	11241
P134,2	11242	11242
P13,2	11243	11243
P65,2	11244	11244
P66,2	11245	11245
P185,2	11246	11246
P98,2	11247	11247
P146,2	11248	11248
P107,2	11249	11249
P144,3	11250	11250
P24,3	11251	11251
P108,2	11252	11252
P169,3	11253	11253
P41,3	11254	11254
P88,2	11255	11255
P80,2	11256	11256
P55,2	11257	11257
P50,2	11258	11258
P4,2	11259	11259
P127,2	11260	11260
P60,2	11261	11261
P75,2	11262	11262
P26,2	11263	11263
P76,2	11264	11264
P189,3	11265	11265
P81,2	11266	11266
P139,2	11267	11267
P33,3	11268	11268
P173,2	11269	11269
P111,2	11270	11270
P130,2	11271	11271
P113,2	11272	11272
P149,2	11273	11273
P161,3	11274	11274
P176,2	11275	11275
P162,2	11276	11276
P132,2	11277	11277
P17,2	11278	11278
P44,2	11279	11279
P53,3	11280	11280
P19,3	11281	11281
P15,3	11282	11282
P31,2	11283	11283
P96,2	11284	11284
P69,2	11285	11285
P151,2	11286	11286
P115,2	11287	11287
P78,2	11288	11288
P194,3	11289	11289
P36,2	11290	11290
P116,3	11291	11291
P91,3	11292	11292
P106,2	11293	11293
P153,2	11294	11294
P97,2	11295	11295
P49,3	11296	11296
P154,2	11297	11297
P126,2	11298	11298
P58,3	11299	11299
P125,2	11300	11300
P184,2	11301	11301
P156,2	11302	11302
P25,2	11303	11303
P137,2	11304	11304
P200,2	11305	11305
P109,2	11306	11306
P92,2	11307	11307
P118,2	11308	11308
P171,2	11309	11309
P38,3	11310	11310
P40,3	11311	11311
P99,2	11312	11312
P100,2	11313	11313
P188,2	11314	11314
P30,2	11315	11315
P67,3	11316	11316
P159,3	11317	11317
P120,2	11318	11318
P33,3	11319	11319
P173,2	11320	11320
P111,2	11321	11321
P130,2	11322	11322
P113,2	11323	11323
P149,2	11324	11324
P161,3	11325	11325
P139,3	11326	11326
P162,2	11327	11327
P34,3	11328	11328
P141,3	11329	11329
P29,3	11330	11330
P61,2	11331	11331
P177,2	11332	11332
P48,2	11333	11333
P83,3	11334	11334
P133,2	11335	11335
P35,2	11336	11336
P122,2	11337	11337
P143,2	11338	11338
P152,2	11339	11339
P195,3	11340	11340
P36,2	11341	11341
P116,3	11342	11342
P91,3	11343	11343
P123,3	11344	11344
P134,2	11345	11345
P13,2	11346	11346
P65,2	11347	11347
P66,2	11348	11348
P185,2	11349	11349
P98,2	11350	11350
P146,2	11351	11351
P107,2	11352	11352
P144,3	11353	11353
P24,3	11354	11354
P108,2	11355	11355
P169,3	11356	11356
P41,3	11357	11357
P88,2	11358	11358
P80,2	11359	11359
P55,2	11360	11360
P50,2	11361	11361
P4,2	11362	11362
P127,2	11363	11363
P60,2	11364	11364
P188,2	11365	11365
P30,2	11366	11366
P75,3	11367	11367
P189,3	11368	11368
P81,2	11369	11369
P95,2	11370	11370
P102,2	11371	11371
P112,2	11372	11372
P130,2	11373	11373
P113,2	11374	11374
P149,2	11375	11375
P161,3	11376	11376
P139,3	11377	11377
P162,2	11378	11378
P34,3	11379	11379
P141,3	11380	11380
P29,3	11381	11381
P61,2	11382	11382
P177,2	11383	11383
P48,2	11384	11384
P83,3	11385	11385
P133,2	11386	11386
P35,2	11387	11387
P122,2	11388	11388
P143,2	11389	11389
P152,2	11390	11390
P195,3	11391	11391
P36,2	11392	11392
P116,3	11393	11393
P91,3	11394	11394
P123,3	11395	11395
P134,2	11396	11396
P13,2	11397	11397
P65,2	11398	11398
P66,2	11399	11399
P185,2	11400	11400
P98,2	11401	11401
P146,2	11402	11402
P107,2	11403	11403
P144,3	11404	11404
P25,2	11405	11405
P137,2	11406	11406
P200,2	11407	11407
P109,2	11408	11408
P92,2	11409	11409
P55,2	11410	11410
P50,2	11411	11411
P4,2	11412	11412
P127,2	11413	11413
P60,2	11414	11414
P188,2	11415	11415
P80,3	11416	11416
P76,2	11417	11417
P67,3	11418	11418
P159,3	11419	11419
P120,2	11420	11420
P33,3	11421	11421
P173,2	11422	11422
P111,2	11423	11423
P43,2	11424	11424
P131,3	11425	11425
P64,2	11426	11426
P192,2	11427	11427
P176,2	11428	11428
P28,3	11429	11429
P132,2	11430	11430
P17,2	11431	11431
P44,2	11432	11432
P53,3	11433	11433
P19,3	11434	11434
P15,3	11435	11435
P31,2	11436	11436
P96,2	11437	11437
P69,2	11438	11438
P151,2	11439	11439
P115,2	11440	11440
P78,2	11441	11441
P194,3	11442	11442
P181,2	11443	11443
P46,3	11444	11444
P85,2	11445	11445
P106,2	11446	11446
P153,2	11447	11447
P97,2	11448	11448
P49,3	11449	11449
P154,2	11450	11450
P126,2	11451	11451
P58,3	11452	11452
P125,2	11453	11453
P184,2	11454	11454
P156,2	11455	11455
P108,2	11456	11456
P169,3	11457	11457
P41,3	11458	11458
P88,2	11459	11459
P118,2	11460	11460
P171,2	11461	11461
P38,3	11462	11462
P40,3	11463	11463
P99,2	11464	11464
P100,2	11465	11465
P26,2	11466	11466
P30,2	11467	11467
P75,3	11468	11468
P189,3	11469	11469
P81,2	11470	11470
P95,2	11471	11471
P102,2	11472	11472
P112,2	11473	11473
P130,2	11474	11474
P113,2	11475	11475
P149,2	11476	11476
P161,3	11477	11477
P139,3	11478	11478
P162,2	11479	11479
P34,3	11480	11480
P141,3	11481	11481
P44,2	11482	11482
P53,3	11483	11483
P19,3	11484	11484
P15,3	11485	11485
P31,2	11486	11486
P96,2	11487	11487
P69,2	11488	11488
P151,2	11489	11489
P115,2	11490	11490
P78,2	11491	11491
P194,3	11492	11492
P181,2	11493	11493
P46,3	11494	11494
P85,2	11495	11495
P106,2	11496	11496
P153,2	11497	11497
P97,2	11498	11498
P49,3	11499	11499
P154,2	11500	11500
P126,2	11501	11501
P58,3	11502	11502
P125,2	11503	11503
P184,2	11504	11504
P156,2	11505	11505
P108,2	11506	11506
P169,3	11507	11507
P41,3	11508	11508
P88,2	11509	11509
P118,2	11510	11510
P171,2	11511	11511
P38,3	11512	11512
P40,3	11513	11513
P99,2	11514	11514
P100,2	11515	11515
P26,2	11516	11516
P30,2	11517	11517
P75,3	11518	11518
P189,3	11519	11519
P81,2	11520	11520
P95,2	11521	11521
P102,2	11522	11522
P112,2	11523	11523
P130,2	11524	11524
P113,2	11525	11525
P149,2	11526	11526
P161,3	11527	11527
P139,3	11528	11528
P162,2	11529	11529
P34,3	11530	11530
P141,3	11531	11531
P44,2	11532	11532
P53,3	11533	11533
P19,3	11534	11534
P15,3	11535	11535
P31,2	11536	11536
P96,2	11537	11537
P69,2	11538	11538
P151,2	11539	11539
P115,2	11540	11540
P78,2	11541	11541
P194,3	11542	11542
P181,2	11543	11543
P46,3	11544	11544
P85,2	11545	11545
P106,2	11546	11546
P153,2	11547	11547
P97,2	11548	11548
P49,3	11549	11549
P154,2	11550	11550
P126,2	11551	11551
P58,3	11552	11552
P125,2	11553	11553
P184,2	11554	11554
P156,2	11555	11555
P108,2	11556	11556
P169,3	11557	11557
P41,3	11558	11558
P88,2	11559	11559
P118,2	11560	11560
P171,2	11561	11561
P4,2	11562	11562
P127,2	11563	11563
P60,2	11564	11564
P188,2	11565	11565
P80,3	11566	11566
P76,2	11567	11567
P75,3	11568	11568
P189,3	11569	11569
P81,2	11570	11570
P95,2	11571	11571
P173,2	11572	11572
P111,2	11573	11573
P43,2	11574	11574
P131,3	11575	11575
P64,2	11576	11576
P192,2	11577	11577
P176,2	11578	11578
P28,3	11579	11579
P34,3	11580	11580
P141,3	11581	11581
P44,2	11582	11582
P53,3	11583	11583
P19,3	11584	11584
P15,3	11585	11585
P31,2	11586	11586
P96,2	11587	11587
P69,2	11588	11588
P151,2	11589	11589
P115,2	11590	11590
P78,2	11591	11591
P36,2	11592	11592
P116,3	11593	11593
P85,2	11594	11594
P106,2	11595	11595
P153,2	11596	11596
P65,2	11597	11597
P66,2	11598	11598
P185,2	11599	11599
P98,2	11600	11600
P146,2	11601	11601
P107,2	11602	11602
P144,3	11603	11603
P25,2	11604	11604
P137,2	11605	11605
P200,2	11606	11606
P109,2	11607	11607
P92,2	11608	11608
P55,2	11609	11609
P38,3	11610	11610
P127,2	11611	11611
P60,2	11612	11612
P188,2	11613	11613
P80,3	11614	11614
P76,2	11615	11615
P75,3	11616	11616
P4,3	11617	11617
P159,3	11618	11618
P120,2	11619	11619
P33,3	11620	11620
P112,2	11621	11621
P130,2	11622	11622
P113,2	11623	11623
P149,2	11624	11624
P161,3	11625	11625
P139,3	11626	11626
P162,2	11627	11627
P102,3	11628	11628
P132,2	11629	11629
P44,2	11630	11630
P53,3	11631	11631
P19,3	11632	11632
P15,3	11633	11633
P31,2	11634	11634
P96,2	11635	11635
P69,2	11636	11636
P151,2	11637	11637
P115,2	11638	11638
P78,2	11639	11639
P36,2	11640	11640
P116,3	11641	11641
P85,2	11642	11642
P106,2	11643	11643
P153,2	11644	11644
P65,2	11645	11645
P66,2	11646	11646
P185,2	11647	11647
P98,2	11648	11648
P146,2	11649	11649
P107,2	11650	11650
P144,3	11651	11651
P25,2	11652	11652
P137,2	11653	11653
P200,2	11654	11654
P109,2	11655	11655
P92,2	11656	11656
P55,2	11657	11657
P38,3	11658	11658
P127,2	11659	11659
P60,2	11660	11660
P188,2	11661	11661
P80,3	11662	11662
P76,2	11663	11663
P75,3	11664	11664
P4,3	11665	11665
P159,3	11666	11666
P120,2	11667	11667
P33,3	11668	11668
P112,2	11669	11669
P130,2	11670	11670
P113,2	11671	11671
P149,2	11672	11672
P161,3	11673	11673
P139,3	11674	11674
P162,2	11675	11675
P102,3	11676	11676
P132,2	11677	11677
P44,2	11678	11678
P53,3	11679	11679
P19,3	11680	11680
P15,3	11681	11681
P31,2	11682	11682
P96,2	11683	11683
P69,2	11684	11684
P151,2	11685	11685
P115,2	11686	11686
P78,2	11687	11687
P36,2	11688	11688
P116,3	11689	11689
P85,2	11690	11690
P106,2	11691	11691
P153,2	11692	11692
P65,2	11693	11693
P66,2	11694	11694
P185,2	11695	11695
P98,2	11696	11696
P146,2	11697	11697
P107,2	11698	11698
P144,3	11699	11699
P25,2	11700	11700
P137,2	11701	11701
P200,2	11702	11702
P109,2	11703	11703
P92,2	11704	11704
P55,2	11705	11705
P38,3	11706	11706
P127,2	11707	11707
P60,2	11708	11708
P188,2	11709	11709
P80,3	11710	11710
P50,3	11711	11711
P67,3	11712	11712
P189,3	11713	11713
P81,2	11714	11714
P95,2	11715	11715
P173,2	11716	11716
P111,2	11717	11717
P130,2	11718	11718
P113,2	11719	11719
P149,2	11720	11720
P161,3	11721	11721
P139,3	11722	11722
P162,2	11723	11723
P102,3	11724	11724
P132,2	11725	11725
P44,2	11726	11726
P53,3	11727	11727
P19,3	11728	11728
P15,3	11729	11729
P31,2	11730	11730
P96,2	11731	11731
P69,2	11732	11732
P151,2	11733	11733
P115,2	11734	11734
P78,2	11735	11735
P36,2	11736	11736
P116,3	11737	11737
P85,2	11738	11738
P106,2	11739	11739
P153,2	11740	11740
P49,3	11741	11741
P154,2	11742	11742
P185,2	11743	11743
P98,2	11744	11744
P146,2	11745	11745
P107,2	11746	11746
P144,3	11747	11747
P25,2	11748	11748
P137,2	11749	11749
P41,3	11750	11750
P88,2	11751	11751
P118,2	11752	11752
P171,2	11753	11753
P40,3	11754	11754
P99,2	11755	11755
P100,2	11756	11756
P26,2	11757	11757
P76,2	11758	11758
P75,3	11759	11759
P4,3	11760	11760
P159,3	11761	11761
P120,2	11762	11762
P33,3	11763	11763
P112,2	11764	11764
P30,3	11765	11765
P43,2	11766	11766
P131,3	11767	11767
P64,2	11768	11768
P192,2	11769	11769
P176,2	11770	11770
P28,3	11771	11771
P34,3	11772	11772
P17,2	11773	11773
P61,2	11774	11774
P177,2	11775	11775
P48,2	11776	11776
P83,3	11777	11777
P96,2	11778	11778
P69,2	11779	11779
P151,2	11780	11780
P31,3	11781	11781
P152,2	11782	11782
P195,3	11783	11783
P181,2	11784	11784
P91,3	11785	11785
P123,3	11786	11786
P134,2	11787	11787
P97,2	11788	11788
P66,2	11789	11789
P65,3	11790	11790
P126,2	11791	11791
P58,3	11792	11792
P125,2	11793	11793
P184,2	11794	11794
P156,2	11795	11795
P108,2	11796	11796
P200,2	11797	11797
P109,2	11798	11798
P92,2	11799	11799
P55,2	11800	11800
P38,3	11801	11801
P127,2	11802	11802
P60,2	11803	11803
P188,2	11804	11804
P80,3	11805	11805
P50,3	11806	11806
P67,3	11807	11807
P189,3	11808	11808
P81,2	11809	11809
P95,2	11810	11810
P173,2	11811	11811
P111,2	11812	11812
P130,2	11813	11813
P113,2	11814	11814
P149,2	11815	11815
P161,3	11816	11816
P139,3	11817	11817
P162,2	11818	11818
P102,3	11819	11819
P132,2	11820	11820
P44,2	11821	11821
P53,3	11822	11822
P19,3	11823	11823
P15,3	11824	11824
P133,2	11825	11825
P35,2	11826	11826
P122,2	11827	11827
P143,2	11828	11828
P115,2	11829	11829
P78,2	11830	11830
P181,2	11831	11831
P91,3	11832	11832
P123,3	11833	11833
P134,2	11834	11834
P97,2	11835	11835
P66,2	11836	11836
P65,3	11837	11837
P126,2	11838	11838
P58,3	11839	11839
P125,2	11840	11840
P184,2	11841	11841
P156,2	11842	11842
P108,2	11843	11843
P200,2	11844	11844
P109,2	11845	11845
P92,2	11846	11846
P55,2	11847	11847
P38,3	11848	11848
P127,2	11849	11849
P60,2	11850	11850
P188,2	11851	11851
P80,3	11852	11852
P50,3	11853	11853
P67,3	11854	11854
P189,3	11855	11855
P81,2	11856	11856
P95,2	11857	11857
P173,2	11858	11858
P111,2	11859	11859
P130,2	11860	11860
P113,2	11861	11861
P149,2	11862	11862
P161,3	11863	11863
P139,3	11864	11864
P162,2	11865	11865
P102,3	11866	11866
P132,2	11867	11867
P44,2	11868	11868
P53,3	11869	11869
P19,3	11870	11870
P15,3	11871	11871
P133,2	11872	11872
P35,2	11873	11873
P122,2	11874	11874
P143,2	11875	11875
P115,2	11876	11876
P78,2	11877	11877
P181,2	11878	11878
P91,3	11879	11879
P123,3	11880	11880
P134,2	11881	11881
P97,2	11882	11882
P66,2	11883	11883
P65,3	11884	11884
P126,2	11885	11885
P58,3	11886	11886
P125,2	11887	11887
P184,2	11888	11888
P156,2	11889	11889
P108,2	11890	11890
P200,2	11891	11891
P109,2	11892	11892
P92,2	11893	11893
P55,2	11894	11894
P38,3	11895	11895
P127,2	11896	11896
P60,2	11897	11897
P188,2	11898	11898
P80,3	11899	11899
P50,3	11900	11900
P67,3	11901	11901
P189,3	11902	11902
P81,2	11903	11903
P95,2	11904	11904
P173,2	11905	11905
P111,2	11906	11906
P130,2	11907	11907
P131,3	11908	11908
P64,2	11909	11909
P192,2	11910	11910
P176,2	11911	11911
P28,3	11912	11912
P34,3	11913	11913
P132,2	11914	11914
P44,2	11915	11915
P53,3	11916	11916
P19,3	11917	11917
P15,3	11918	11918
P133,2	11919	11919
P35,2	11920	11920
P122,2	11921	11921
P143,2	11922	11922
P115,2	11923	11923
P195,3	11924	11924
P116,3	11925	11925
P91,3	11926	11926
P123,3	11927	11927
P134,2	11928	11928
P97,2	11929	11929
P66,2	11930	11930
P65,3	11931	11931
P126,2	11932	11932
P58,3	11933	11933
P107,2	11934	11934
P144,3	11935	11935
P25,2	11936	11936
P137,2	11937	11937
P41,3	11938	11938
P88,2	11939	11939
P118,2	11940	11940
P55,2	11941	11941
P38,3	11942	11942
P127,2	11943	11943
P60,2	11944	11944
P188,2	11945	11945
P80,3	11946	11946
P50,3	11947	11947
P67,3	11948	11948
P189,3	11949	11949
P81,2	11950	11950
P95,2	11951	11951
P173,2	11952	11952
P111,2	11953	11953
P130,2	11954	11954
P131,3	11955	11955
P64,2	11956	11956
P192,2	11957	11957
P176,2	11958	11958
P28,3	11959	11959
P34,3	11960	11960
P132,2	11961	11961
P44,2	11962	11962
P53,3	11963	11963
P19,3	11964	11964
P15,3	11965	11965
P133,2	11966	11966
P35,2	11967	11967
P122,2	11968	11968
P143,2	11969	11969
P115,2	11970	11970
P195,3	11971	11971
P116,3	11972	11972
P91,3	11973	11973
P123,3	11974	11974
P134,2	11975	11975
P97,2	11976	11976
P66,2	11977	11977
P65,3	11978	11978
P126,2	11979	11979
P58,3	11980	11980
P107,2	11981	11981
P144,3	11982	11982
P25,2	11983	11983
P137,2	11984	11984
P41,3	11985	11985
P88,2	11986	11986
P118,2	11987	11987
P55,2	11988	11988
P38,3	11989	11989
P127,2	11990	11990
P60,2	11991	11991
P188,2	11992	11992
P80,3	11993	11993
P50,3	11994	11994
P67,3	11995	11995
P189,3	11996	11996
P81,2	11997	11997
P95,2	11998	11998
P173,2	11999	11999
P111,2	12000	12000
P130,2	12001	12001
P131,3	12002	12002
P64,2	12003	12003
P192,2	12004	12004
P176,2	12005	12005
P28,3	12006	12006
P34,3	12007	12007
P132,2	12008	12008
P44,2	12009	12009
P53,3	12010	12010
P48,2	12011	12011
P83,3	12012	12012
P96,2	12013	12013
P35,2	12014	12014
P122,2	12015	12015
P143,2	12016	12016
P115,2	12017	12017
P195,3	12018	12018
P116,3	12019	12019
P91,3	12020	12020
P123,3	12021	12021
P134,2	12022	12022
P97,2	12023	12023
P66,2	12024	12024
P65,3	12025	12025
P126,2	12026	12026
P58,3	12027	12027
P107,2	12028	12028
P144,3	12029	12029
P25,2	12030	12030
P137,2	12031	12031
P41,3	12032	12032
P88,2	12033	12033
P118,2	12034	12034
P55,2	12035	12035
P38,3	12036	12036
P127,2	12037	12037
P60,2	12038	12038
P188,2	12039	12039
P80,3	12040	12040
P50,3	12041	12041
P67,3	12042	12042
P189,3	12043	12043
P81,2	12044	12044
P95,2	12045	12045
P173,2	12046	12046
P111,2	12047	12047
P130,2	12048	12048
P131,3	12049	12049
P161,3	12050	12050
P139,3	12051	12051
P176,2	12052	12052
P28,3	12053	12053
P34,3	12054	12054
P132,2	12055	12055
P61,2	12056	12056
P19,3	12057	12057
P83,3	12058	12058
P96,2	12059	12059
P35,2	12060	12060
P122,2	12061	12061
P143,2	12062	12062
P115,2	12063	12063
P195,3	12064	12064
P116,3	12065	12065
P91,3	12066	12066
P123,3	12067	12067
P134,2	12068	12068
P97,2	12069	12069
P66,2	12070	12070
P65,3	12071	12071
P126,2	12072	12072
P58,3	12073	12073
P107,2	12074	12074
P144,3	12075	12075
P25,2	12076	12076
P200,2	12077	12077
P109,2	12078	12078
P92,2	12079	12079
P146,3	12080	12080
P171,2	12081	12081
P40,3	12082	12082
P99,2	12083	12083
P100,2	12084	12084
P26,2	12085	12085
P76,2	12086	12086
P75,3	12087	12087
P4,3	12088	12088
P159,3	12089	12089
P120,2	12090	12090
P173,2	12091	12091
P95,3	12092	12092
P30,3	12093	12093
P113,2	12094	12094
P64,2	12095	12095
P192,2	12096	12096
P149,3	12097	12097
P162,2	12098	12098
P102,3	12099	12099
P43,3	12100	12100
P17,2	12101	12101
P53,3	12102	12102
P48,2	12103	12103
P133,2	12104	12104
P177,3	12105	12105
P69,2	12106	12106
P151,2	12107	12107
P31,3	12108	12108
P152,2	12109	12109
P181,2	12110	12110
P78,3	12111	12111
P85,2	12112	12112
P106,2	12113	12113
P153,2	12114	12114
P49,3	12115	12115
P154,2	12116	12116
P185,2	12117	12117
P98,2	12118	12118
P125,2	12119	12119
P184,2	12120	12120
P156,2	12121	12121
P137,2	12122	12122
P41,3	12123	12123
P88,2	12124	12124
P118,2	12125	12125
P55,2	12126	12126
P38,3	12127	12127
P127,2	12128	12128
P60,2	12129	12129
P188,2	12130	12130
P80,3	12131	12131
P50,3	12132	12132
P67,3	12133	12133
P189,3	12134	12134
P81,2	12135	12135
P33,3	12136	12136
P95,3	12137	12137
P30,3	12138	12138
P113,2	12139	12139
P64,2	12140	12140
P112,3	12141	12141
P139,3	12142	12142
P176,2	12143	12143
P28,3	12144	12144
P34,3	12145	12145
P132,2	12146	12146
P61,2	12147	12147
P19,3	12148	12148
P83,3	12149	12149
P96,2	12150	12150
P35,2	12151	12151
P122,2	12152	12152
P143,2	12153	12153
P115,2	12154	12154
P195,3	12155	12155
P116,3	12156	12156
P91,3	12157	12157
P123,3	12158	12158
P134,2	12159	12159
P97,2	12160	12160
P66,2	12161	12161
P65,3	12162	12162
P126,2	12163	12163
P58,3	12164	12164
P107,2	12165	12165
P144,3	12166	12166
P25,2	12167	12167
P200,2	12168	12168
P109,2	12169	12169
P92,2	12170	12170
P146,3	12171	12171
P171,2	12172	12172
P40,3	12173	12173
P99,2	12174	12174
P188,2	12175	12175
P80,3	12176	12176
P50,3	12177	12177
P67,3	12178	12178
P189,3	12179	12179
P81,2	12180	12180
P33,3	12181	12181
P95,3	12182	12182
P30,3	12183	12183
P113,2	12184	12184
P64,2	12185	12185
P112,3	12186	12186
P139,3	12187	12187
P176,2	12188	12188
P28,3	12189	12189
P34,3	12190	12190
P132,2	12191	12191
P61,2	12192	12192
P19,3	12193	12193
P83,3	12194	12194
P96,2	12195	12195
P35,2	12196	12196
P151,2	12197	12197
P31,3	12198	12198
P115,2	12199	12199
P195,3	12200	12200
P116,3	12201	12201
P91,3	12202	12202
P123,3	12203	12203
P134,2	12204	12204
P97,2	12205	12205
P66,2	12206	12206
P65,3	12207	12207
P126,2	12208	12208
P58,3	12209	12209
P107,2	12210	12210
P144,3	12211	12211
P25,2	12212	12212
P200,2	12213	12213
P109,2	12214	12214
P92,2	12215	12215
P146,3	12216	12216
P171,2	12217	12217
P40,3	12218	12218
P99,2	12219	12219
P188,2	12220	12220
P80,3	12221	12221
P50,3	12222	12222
P67,3	12223	12223
P189,3	12224	12224
P120,2	12225	12225
P173,2	12226	12226
P111,2	12227	12227
P130,2	12228	12228
P131,3	12229	12229
P161,3	12230	12230
P192,2	12231	12231
P149,3	12232	12232
P162,2	12233	12233
P102,3	12234	12234
P43,3	12235	12235
P17,2	12236	12236
P53,3	12237	12237
P48,2	12238	12238
P133,2	12239	12239
P177,3	12240	12240
P69,2	12241	12241
P143,2	12242	12242
P122,3	12243	12243
P152,2	12244	12244
P181,2	12245	12245
P78,3	12246	12246
P85,2	12247	12247
P106,2	12248	12248
P153,2	12249	12249
P49,3	12250	12250
P154,2	12251	12251
P185,2	12252	12252
P98,2	12253	12253
P125,2	12254	12254
P184,2	12255	12255
P156,2	12256	12256
P137,2	12257	12257
P41,3	12258	12258
P88,2	12259	12259
P118,2	12260	12260
P55,2	12261	12261
P38,3	12262	12262
P127,2	12263	12263
P100,2	12264	12264
P26,2	12265	12265
P76,2	12266	12266
P75,3	12267	12267
P4,3	12268	12268
P81,2	12269	12269
P33,3	12270	12270
P95,3	12271	12271
P30,3	12272	12272
P131,3	12273	12273
P161,3	12274	12274
P192,2	12275	12275
P149,3	12276	12276
P162,2	12277	12277
P102,3	12278	12278
P43,3	12279	12279
P17,2	12280	12280
P53,3	12281	12281
P48,2	12282	12282
P133,2	12283	12283
P177,3	12284	12284
P69,2	12285	12285
P143,2	12286	12286
P122,3	12287	12287
P152,2	12288	12288
P181,2	12289	12289
P78,3	12290	12290
P85,2	12291	12291
P106,2	12292	12292
P153,2	12293	12293
P49,3	12294	12294
P154,2	12295	12295
P185,2	12296	12296
P98,2	12297	12297
P125,2	12298	12298
P184,2	12299	12299
P156,2	12300	12300
P137,2	12301	12301
P41,3	12302	12302
P88,2	12303	12303
P118,2	12304	12304
P55,2	12305	12305
P38,3	12306	12306
P127,2	12307	12307
P100,2	12308	12308
P26,2	12309	12309
P76,2	12310	12310
P75,3	12311	12311
P4,3	12312	12312
P81,2	12313	12313
P33,3	12314	12314
P95,3	12315	12315
P30,3	12316	12316
P131,3	12317	12317
P161,3	12318	12318
P139,3	12319	12319
P176,2	12320	12320
P28,3	12321	12321
P34,3	12322	12322
P132,2	12323	12323
P61,2	12324	12324
P19,3	12325	12325
P83,3	12326	12326
P96,2	12327	12327
P35,2	12328	12328
P151,2	12329	12329
P31,3	12330	12330
P115,2	12331	12331
P195,3	12332	12332
P116,3	12333	12333
P91,3	12334	12334
P123,3	12335	12335
P134,2	12336	12336
P97,2	12337	12337
P66,2	12338	12338
P65,3	12339	12339
P126,2	12340	12340
P58,3	12341	12341
P107,2	12342	12342
P144,3	12343	12343
P25,2	12344	12344
P200,2	12345	12345
P109,2	12346	12346
P92,2	12347	12347
P146,3	12348	12348
P171,2	12349	12349
P40,3	12350	12350
P99,2	12351	12351
P188,2	12352	12352
P80,3	12353	12353
P50,3	12354	12354
P67,3	12355	12355
P189,3	12356	12356
P120,2	12357	12357
P173,2	12358	12358
P111,2	12359	12359
P130,2	12360	12360
P64,2	12361	12361
P112,3	12362	12362
P149,3	12363	12363
P162,2	12364	12364
P102,3	12365	12365
P43,3	12366	12366
P17,2	12367	12367
P53,3	12368	12368
P48,2	12369	12369
P133,2	12370	12370
P177,3	12371	12371
P69,2	12372	12372
P31,3	12373	12373
P115,2	12374	12374
P195,3	12375	12375
P116,3	12376	12376
P91,3	12377	12377
P123,3	12378	12378
P134,2	12379	12379
P97,2	12380	12380
P66,2	12381	12381
P65,3	12382	12382
P126,2	12383	12383
P58,3	12384	12384
P107,2	12385	12385
P144,3	12386	12386
P25,2	12387	12387
P200,2	12388	12388
P109,2	12389	12389
P92,2	12390	12390
P146,3	12391	12391
P38,3	12392	12392
P127,2	12393	12393
P100,2	12394	12394
P26,2	12395	12395
P76,2	12396	12396
P75,3	12397	12397
P4,3	12398	12398
P81,2	12399	12399
P33,3	12400	12400
P95,3	12401	12401
P30,3	12402	12402
P131,3	12403	12403
P161,3	12404	12404
P139,3	12405	12405
P176,2	12406	12406
P28,3	12407	12407
P34,3	12408	12408
P132,2	12409	12409
P61,2	12410	12410
P19,3	12411	12411
P83,3	12412	12412
P177,3	12413	12413
P69,2	12414	12414
P31,3	12415	12415
P133,3	12416	12416
P152,2	12417	12417
P181,2	12418	12418
P78,3	12419	12419
P85,2	12420	12420
P106,2	12421	12421
P97,2	12422	12422
P66,2	12423	12423
P65,3	12424	12424
P98,2	12425	12425
P125,2	12426	12426
P184,2	12427	12427
P156,2	12428	12428
P137,2	12429	12429
P41,3	12430	12430
P92,2	12431	12431
P146,3	12432	12432
P38,3	12433	12433
P127,2	12434	12434
P100,2	12435	12435
P26,2	12436	12436
P76,2	12437	12437
P75,3	12438	12438
P4,3	12439	12439
P81,2	12440	12440
P33,3	12441	12441
P95,3	12442	12442
P30,3	12443	12443
P131,3	12444	12444
P161,3	12445	12445
P139,3	12446	12446
P176,2	12447	12447
P28,3	12448	12448
P34,3	12449	12449
P17,2	12450	12450
P19,3	12451	12451
P83,3	12452	12452
P177,3	12453	12453
P69,2	12454	12454
P31,3	12455	12455
P132,3	12456	12456
P115,2	12457	12457
P195,3	12458	12458
P116,3	12459	12459
P91,3	12460	12460
P123,3	12461	12461
P153,2	12462	12462
P49,3	12463	12463
P154,2	12464	12464
P126,2	12465	12465
P58,3	12466	12466
P107,2	12467	12467
P144,3	12468	12468
P25,2	12469	12469
P200,2	12470	12470
P109,2	12471	12471
P118,2	12472	12472
P55,2	12473	12473
P40,3	12474	12474
P99,2	12475	12475
P188,2	12476	12476
P80,3	12477	12477
P50,3	12478	12478
P67,3	12479	12479
P189,3	12480	12480
P120,2	12481	12481
P173,2	12482	12482
P111,2	12483	12483
P130,2	12484	12484
P64,2	12485	12485
P112,3	12486	12486
P149,3	12487	12487
P162,2	12488	12488
P102,3	12489	12489
P43,3	12490	12490
P61,2	12491	12491
P48,2	12492	12492
P96,2	12493	12493
P35,2	12494	12494
P143,2	12495	12495
P122,3	12496	12496
P133,3	12497	12497
P152,2	12498	12498
P181,2	12499	12499
P78,3	12500	12500
P85,2	12501	12501
P106,2	12502	12502
P97,2	12503	12503
P66,2	12504	12504
P65,3	12505	12505
P98,2	12506	12506
P125,2	12507	12507
P184,2	12508	12508
P156,2	12509	12509
P137,2	12510	12510
P41,3	12511	12511
P92,2	12512	12512
P146,3	12513	12513
P40,3	12514	12514
P99,2	12515	12515
P188,2	12516	12516
P80,3	12517	12517
P50,3	12518	12518
P67,3	12519	12519
P189,3	12520	12520
P120,2	12521	12521
P173,2	12522	12522
P111,2	12523	12523
P130,2	12524	12524
P64,2	12525	12525
P112,3	12526	12526
P149,3	12527	12527
P162,2	12528	12528
P102,3	12529	12529
P43,3	12530	12530
P61,2	12531	12531
P48,2	12532	12532
P96,2	12533	12533
P35,2	12534	12534
P143,2	12535	12535
P122,3	12536	12536
P133,3	12537	12537
P152,2	12538	12538
P181,2	12539	12539
P78,3	12540	12540
P85,2	12541	12541
P106,2	12542	12542
P97,2	12543	12543
P154,2	12544	12544
P126,2	12545	12545
P58,3	12546	12546
P107,2	12547	12547
P144,3	12548	12548
P25,2	12549	12549
P200,2	12550	12550
P109,2	12551	12551
P92,2	12552	12552
P146,3	12553	12553
P40,3	12554	12554
P99,2	12555	12555
P188,2	12556	12556
P80,3	12557	12557
P50,3	12558	12558
P67,3	12559	12559
P189,3	12560	12560
P120,2	12561	12561
P173,2	12562	12562
P111,2	12563	12563
P130,2	12564	12564
P64,2	12565	12565
P112,3	12566	12566
P149,3	12567	12567
P162,2	12568	12568
P102,3	12569	12569
P43,3	12570	12570
P61,2	12571	12571
P83,3	12572	12572
P177,3	12573	12573
P69,2	12574	12574
P31,3	12575	12575
P132,3	12576	12576
P115,2	12577	12577
P195,3	12578	12578
P78,3	12579	12579
P85,2	12580	12580
P106,2	12581	12581
P97,2	12582	12582
P154,2	12583	12583
P126,2	12584	12584
P125,2	12585	12585
P184,2	12586	12586
P156,2	12587	12587
P137,2	12588	12588
P41,3	12589	12589
P66,3	12590	12590
P118,2	12591	12591
P38,3	12592	12592
P127,2	12593	12593
P100,2	12594	12594
P26,2	12595	12595
P76,2	12596	12596
P75,3	12597	12597
P4,3	12598	12598
P81,2	12599	12599
P33,3	12600	12600
P95,3	12601	12601
P30,3	12602	12602
P131,3	12603	12603
P161,3	12604	12604
P139,3	12605	12605
P176,2	12606	12606
P28,3	12607	12607
P34,3	12608	12608
P17,2	12609	12609
P19,3	12610	12610
P96,2	12611	12611
P35,2	12612	12612
P143,2	12613	12613
P122,3	12614	12614
P133,3	12615	12615
P152,2	12616	12616
P181,2	12617	12617
P91,3	12618	12618
P123,3	12619	12619
P153,2	12620	12620
P49,3	12621	12621
P65,3	12622	12622
P58,3	12623	12623
P107,2	12624	12624
P144,3	12625	12625
P25,2	12626	12626
P41,3	12627	12627
P66,3	12628	12628
P118,2	12629	12629
P38,3	12630	12630
P127,2	12631	12631
P100,2	12632	12632
P137,3	12633	12633
P80,3	12634	12634
P50,3	12635	12635
P67,3	12636	12636
P189,3	12637	12637
P120,2	12638	12638
P173,2	12639	12639
P111,2	12640	12640
P130,2	12641	12641
P64,2	12642	12642
P112,3	12643	12643
P149,3	12644	12644
P162,2	12645	12645
P102,3	12646	12646
P43,3	12647	12647
P61,2	12648	12648
P83,3	12649	12649
P177,3	12650	12650
P69,2	12651	12651
P31,3	12652	12652
P132,3	12653	12653
P115,2	12654	12654
P195,3	12655	12655
P78,3	12656	12656
P85,2	12657	12657
P106,2	12658	12658
P97,2	12659	12659
P154,2	12660	12660
P126,2	12661	12661
P125,2	12662	12662
P184,2	12663	12663
P156,2	12664	12664
P200,2	12665	12665
P66,3	12666	12666
P118,2	12667	12667
P38,3	12668	12668
P127,2	12669	12669
P100,2	12670	12670
P137,3	12671	12671
P80,3	12672	12672
P50,3	12673	12673
P67,3	12674	12674
P189,3	12675	12675
P120,2	12676	12676
P173,2	12677	12677
P111,2	12678	12678
P130,2	12679	12679
P64,2	12680	12680
P112,3	12681	12681
P149,3	12682	12682
P162,2	12683	12683
P102,3	12684	12684
P43,3	12685	12685
P61,2	12686	12686
P83,3	12687	12687
P177,3	12688	12688
P69,2	12689	12689
P31,3	12690	12690
P132,3	12691	12691
P115,2	12692	12692
P195,3	12693	12693
P78,3	12694	12694
P85,2	12695	12695
P106,2	12696	12696
P97,2	12697	12697
P65,3	12698	12698
P58,3	12699	12699
P107,2	12700	12700
P144,3	12701	12701
P25,2	12702	12702
P109,2	12703	12703
P92,2	12704	12704
P146,3	12705	12705
P40,3	12706	12706
P99,2	12707	12707
P188,2	12708	12708
P26,2	12709	12709
P76,2	12710	12710
P75,3	12711	12711
P4,3	12712	12712
P81,2	12713	12713
P33,3	12714	12714
P95,3	12715	12715
P30,3	12716	12716
P131,3	12717	12717
P161,3	12718	12718
P139,3	12719	12719
P176,2	12720	12720
P28,3	12721	12721
P34,3	12722	12722
P17,2	12723	12723
P19,3	12724	12724
P96,2	12725	12725
P35,2	12726	12726
P143,2	12727	12727
P122,3	12728	12728
P133,3	12729	12729
P152,2	12730	12730
P181,2	12731	12731
P91,3	12732	12732
P123,3	12733	12733
P153,2	12734	12734
P49,3	12735	12735
P126,2	12736	12736
P125,2	12737	12737
P184,2	12738	12738
P156,2	12739	12739
P200,2	12740	12740
P66,3	12741	12741
P118,2	12742	12742
P38,3	12743	12743
P127,2	12744	12744
P100,2	12745	12745
P137,3	12746	12746
P80,3	12747	12747
P50,3	12748	12748
P67,3	12749	12749
P189,3	12750	12750
P120,2	12751	12751
P173,2	12752	12752
P111,2	12753	12753
P130,2	12754	12754
P64,2	12755	12755
P112,3	12756	12756
P149,3	12757	12757
P162,2	12758	12758
P102,3	12759	12759
P43,3	12760	12760
P19,3	12761	12761
P96,2	12762	12762
P17,3	12763	12763
P69,2	12764	12764
P31,3	12765	12765
P132,3	12766	12766
P115,2	12767	12767
P195,3	12768	12768
P78,3	12769	12769
P85,2	12770	12770
P106,2	12771	12771
P97,2	12772	12772
P65,3	12773	12773
P125,2	12774	12774
P184,2	12775	12775
P156,2	12776	12776
P200,2	12777	12777
P66,3	12778	12778
P118,2	12779	12779
P38,3	12780	12780
P127,2	12781	12781
P100,2	12782	12782
P137,3	12783	12783
P80,3	12784	12784
P50,3	12785	12785
P67,3	12786	12786
P189,3	12787	12787
P120,2	12788	12788
P173,2	12789	12789
P111,2	12790	12790
P130,2	12791	12791
P64,2	12792	12792
P112,3	12793	12793
P149,3	12794	12794
P162,2	12795	12795
P102,3	12796	12796
P43,3	12797	12797
P19,3	12798	12798
P96,2	12799	12799
P17,3	12800	12800
P69,2	12801	12801
P31,3	12802	12802
P132,3	12803	12803
P115,2	12804	12804
P195,3	12805	12805
P78,3	12806	12806
P85,2	12807	12807
P106,2	12808	12808
P97,2	12809	12809
P65,3	12810	12810
P107,2	12811	12811
P144,3	12812	12812
P25,2	12813	12813
P109,2	12814	12814
P92,2	12815	12815
P146,3	12816	12816
P40,3	12817	12817
P99,2	12818	12818
P188,2	12819	12819
P26,2	12820	12820
P50,3	12821	12821
P67,3	12822	12822
P189,3	12823	12823
P120,2	12824	12824
P173,2	12825	12825
P111,2	12826	12826
P130,2	12827	12827
P64,2	12828	12828
P112,3	12829	12829
P149,3	12830	12830
P162,2	12831	12831
P102,3	12832	12832
P43,3	12833	12833
P19,3	12834	12834
P96,2	12835	12835
P17,3	12836	12836
P69,2	12837	12837
P31,3	12838	12838
P132,3	12839	12839
P115,2	12840	12840
P195,3	12841	12841
P78,3	12842	12842
P85,2	12843	12843
P106,2	12844	12844
P97,2	12845	12845
P65,3	12846	12846
P107,2	12847	12847
P144,3	12848	12848
P25,2	12849	12849
P109,2	12850	12850
P92,2	12851	12851
P146,3	12852	12852
P40,3	12853	12853
P99,2	12854	12854
P188,2	12855	12855
P26,2	12856	12856
P75,3	12857	12857
P4,3	12858	12858
P81,2	12859	12859
P33,3	12860	12860
P95,3	12861	12861
P30,3	12862	12862
P131,3	12863	12863
P161,3	12864	12864
P139,3	12865	12865
P176,2	12866	12866
P28,3	12867	12867
P34,3	12868	12868
P61,2	12869	12869
P83,3	12870	12870
P177,3	12871	12871
P69,2	12872	12872
P31,3	12873	12873
P132,3	12874	12874
P152,2	12875	12875
P181,2	12876	12876
P91,3	12877	12877
P123,3	12878	12878
P153,2	12879	12879
P49,3	12880	12880
P126,2	12881	12881
P184,2	12882	12882
P25,2	12883	12883
P109,2	12884	12884
P92,2	12885	12885
P146,3	12886	12886
P40,3	12887	12887
P99,2	12888	12888
P188,2	12889	12889
P26,2	12890	12890
P75,3	12891	12891
P4,3	12892	12892
P81,2	12893	12893
P33,3	12894	12894
P95,3	12895	12895
P30,3	12896	12896
P64,2	12897	12897
P112,3	12898	12898
P149,3	12899	12899
P162,2	12900	12900
P102,3	12901	12901
P43,3	12902	12902
P19,3	12903	12903
P96,2	12904	12904
P17,3	12905	12905
P143,2	12906	12906
P122,3	12907	12907
P133,3	12908	12908
P195,3	12909	12909
P78,3	12910	12910
P85,2	12911	12911
P106,2	12912	12912
P97,2	12913	12913
P65,3	12914	12914
P107,2	12915	12915
P156,2	12916	12916
P200,2	12917	12917
P66,3	12918	12918
P118,2	12919	12919
P38,3	12920	12920
P127,2	12921	12921
P100,2	12922	12922
P137,3	12923	12923
P80,3	12924	12924
P67,3	12925	12925
P189,3	12926	12926
P120,2	12927	12927
P173,2	12928	12928
P111,2	12929	12929
P130,2	12930	12930
P161,3	12931	12931
P139,3	12932	12932
P176,2	12933	12933
P28,3	12934	12934
P34,3	12935	12935
P61,2	12936	12936
P83,3	12937	12937
P177,3	12938	12938
P69,2	12939	12939
P31,3	12940	12940
P132,3	12941	12941
P152,2	12942	12942
P181,2	12943	12943
P85,2	12944	12944
P153,2	12945	12945
P49,3	12946	12946
P126,2	12947	12947
P184,2	12948	12948
P25,2	12949	12949
P109,2	12950	12950
P92,2	12951	12951
P146,3	12952	12952
P40,3	12953	12953
P99,2	12954	12954
P188,2	12955	12955
P26,2	12956	12956
P67,3	12957	12957
P189,3	12958	12958
P120,2	12959	12959
P173,2	12960	12960
P111,2	12961	12961
P130,2	12962	12962
P161,3	12963	12963
P139,3	12964	12964
P176,2	12965	12965
P28,3	12966	12966
P34,3	12967	12967
P61,2	12968	12968
P83,3	12969	12969
P177,3	12970	12970
P69,2	12971	12971
P31,3	12972	12972
P132,3	12973	12973
P152,2	12974	12974
P181,2	12975	12975
P85,2	12976	12976
P153,2	12977	12977
P49,3	12978	12978
P126,2	12979	12979
P184,2	12980	12980
P25,2	12981	12981
P109,2	12982	12982
P92,2	12983	12983
P146,3	12984	12984
P40,3	12985	12985
P99,2	12986	12986
P188,2	12987	12987
P26,2	12988	12988
P67,3	12989	12989
P189,3	12990	12990
P120,2	12991	12991
P173,2	12992	12992
P111,2	12993	12993
P130,2	12994	12994
P161,3	12995	12995
P139,3	12996	12996
P176,2	12997	12997
P28,3	12998	12998
P34,3	12999	12999
P61,2	13000	13000
P83,3	13001	13001
P177,3	13002	13002
P69,2	13003	13003
P31,3	13004	13004
P132,3	13005	13005
P152,2	13006	13006
P181,2	13007	13007
P85,2	13008	13008
P153,2	13009	13009
P65,3	13010	13010
P107,2	13011	13011
P156,2	13012	13012
P200,2	13013	13013
P66,3	13014	13014
P118,2	13015	13015
P38,3	13016	13016
P127,2	13017	13017
P100,2	13018	13018
P137,3	13019	13019
P80,3	13020	13020
P4,3	13021	13021
P81,2	13022	13022
P33,3	13023	13023
P95,3	13024	13024
P30,3	13025	13025
P64,2	13026	13026
P112,3	13027	13027
P149,3	13028	13028
P162,2	13029	13029
P102,3	13030	13030
P43,3	13031	13031
P19,3	13032	13032
P96,2	13033	13033
P17,3	13034	13034
P143,2	13035	13035
P122,3	13036	13036
P133,3	13037	13037
P195,3	13038	13038
P78,3	13039	13039
P123,3	13040	13040
P49,3	13041	13041
P126,2	13042	13042
P184,2	13043	13043
P25,2	13044	13044
P109,2	13045	13045
P97,3	13046	13046
P146,3	13047	13047
P40,3	13048	13048
P99,2	13049	13049
P188,2	13050	13050
P26,2	13051	13051
P67,3	13052	13052
P189,3	13053	13053
P120,2	13054	13054
P173,2	13055	13055
P111,2	13056	13056
P130,2	13057	13057
P161,3	13058	13058
P139,3	13059	13059
P176,2	13060	13060
P28,3	13061	13061
P34,3	13062	13062
P61,2	13063	13063
P83,3	13064	13064
P177,3	13065	13065
P69,2	13066	13066
P31,3	13067	13067
P132,3	13068	13068
P152,2	13069	13069
P181,2	13070	13070
P85,2	13071	13071
P153,2	13072	13072
P65,3	13073	13073
P107,2	13074	13074
P156,2	13075	13075
P200,2	13076	13076
P97,3	13077	13077
P146,3	13078	13078
P40,3	13079	13079
P99,2	13080	13080
P188,2	13081	13081
P26,2	13082	13082
P67,3	13083	13083
P189,3	13084	13084
P120,2	13085	13085
P173,2	13086	13086
P111,2	13087	13087
P130,2	13088	13088
P161,3	13089	13089
P139,3	13090	13090
P176,2	13091	13091
P28,3	13092	13092
P34,3	13093	13093
P61,2	13094	13094
P83,3	13095	13095
P17,3	13096	13096
P143,2	13097	13097
P122,3	13098	13098
P133,3	13099	13099
P195,3	13100	13100
P181,2	13101	13101
P123,3	13102	13102
P49,3	13103	13103
P126,2	13104	13104
P184,2	13105	13105
P25,2	13106	13106
P66,3	13107	13107
P118,2	13108	13108
P38,3	13109	13109
P127,2	13110	13110
P100,2	13111	13111
P137,3	13112	13112
P80,3	13113	13113
P4,3	13114	13114
P81,2	13115	13115
P33,3	13116	13116
P95,3	13117	13117
P30,3	13118	13118
P64,2	13119	13119
P112,3	13120	13120
P149,3	13121	13121
P162,2	13122	13122
P34,3	13123	13123
P61,2	13124	13124
P83,3	13125	13125
P17,3	13126	13126
P143,2	13127	13127
P122,3	13128	13128
P133,3	13129	13129
P195,3	13130	13130
P181,2	13131	13131
P123,3	13132	13132
P49,3	13133	13133
P126,2	13134	13134
P184,2	13135	13135
P25,2	13136	13136
P66,3	13137	13137
P118,2	13138	13138
P38,3	13139	13139
P127,2	13140	13140
P100,2	13141	13141
P137,3	13142	13142
P80,3	13143	13143
P4,3	13144	13144
P81,2	13145	13145
P33,3	13146	13146
P95,3	13147	13147
P30,3	13148	13148
P64,2	13149	13149
P112,3	13150	13150
P149,3	13151	13151
P162,2	13152	13152
P34,3	13153	13153
P61,2	13154	13154
P83,3	13155	13155
P17,3	13156	13156
P143,2	13157	13157
P122,3	13158	13158
P133,3	13159	13159
P195,3	13160	13160
P181,2	13161	13161
P123,3	13162	13162
P49,3	13163	13163
P126,2	13164	13164
P184,2	13165	13165
P25,2	13166	13166
P66,3	13167	13167
P118,2	13168	13168
P38,3	13169	13169
P127,2	13170	13170
P100,2	13171	13171
P137,3	13172	13172
P80,3	13173	13173
P4,3	13174	13174
P81,2	13175	13175
P33,3	13176	13176
P95,3	13177	13177
P130,2	13178	13178
P161,3	13179	13179
P139,3	13180	13180
P176,2	13181	13181
P102,3	13182	13182
P43,3	13183	13183
P61,2	13184	13184
P83,3	13185	13185
P17,3	13186	13186
P143,2	13187	13187
P122,3	13188	13188
P133,3	13189	13189
P195,3	13190	13190
P181,2	13191	13191
P123,3	13192	13192
P49,3	13193	13193
P126,2	13194	13194
P184,2	13195	13195
P25,2	13196	13196
P66,3	13197	13197
P118,2	13198	13198
P38,3	13199	13199
P127,2	13200	13200
P100,2	13201	13201
P137,3	13202	13202
P67,3	13203	13203
P189,3	13204	13204
P120,2	13205	13205
P173,2	13206	13206
P30,3	13207	13207
P64,2	13208	13208
P112,3	13209	13209
P149,3	13210	13210
P162,2	13211	13211
P34,3	13212	13212
P111,3	13213	13213
P19,3	13214	13214
P177,3	13215	13215
P69,2	13216	13216
P31,3	13217	13217
P132,3	13218	13218
P152,2	13219	13219
P96,3	13220	13220
P78,3	13221	13221
P153,2	13222	13222
P65,3	13223	13223
P107,2	13224	13224
P156,2	13225	13225
P200,2	13226	13226
P97,3	13227	13227
P146,3	13228	13228
P40,3	13229	13229
P99,2	13230	13230
P188,2	13231	13231
P26,2	13232	13232
P4,3	13233	13233
P81,2	13234	13234
P33,3	13235	13235
P95,3	13236	13236
P130,2	13237	13237
P161,3	13238	13238
P139,3	13239	13239
P176,2	13240	13240
P102,3	13241	13241
P43,3	13242	13242
P61,2	13243	13243
P83,3	13244	13244
P17,3	13245	13245
P143,2	13246	13246
P122,3	13247	13247
P133,3	13248	13248
P195,3	13249	13249
P181,2	13250	13250
P123,3	13251	13251
P49,3	13252	13252
P126,2	13253	13253
P184,2	13254	13254
P25,2	13255	13255
P66,3	13256	13256
P118,2	13257	13257
P38,3	13258	13258
P127,2	13259	13259
P100,2	13260	13260
P137,3	13261	13261
P4,3	13262	13262
P81,2	13263	13263
P33,3	13264	13264
P95,3	13265	13265
P130,2	13266	13266
P161,3	13267	13267
P139,3	13268	13268
P176,2	13269	13269
P102,3	13270	13270
P43,3	13271	13271
P61,2	13272	13272
P83,3	13273	13273
P17,3	13274	13274
P143,2	13275	13275
P122,3	13276	13276
P133,3	13277	13277
P195,3	13278	13278
P181,2	13279	13279
P123,3	13280	13280
P49,3	13281	13281
P107,2	13282	13282
P156,2	13283	13283
P200,2	13284	13284
P97,3	13285	13285
P146,3	13286	13286
P40,3	13287	13287
P99,2	13288	13288
P188,2	13289	13289
P67,3	13290	13290
P189,3	13291	13291
P120,2	13292	13292
P173,2	13293	13293
P30,3	13294	13294
P64,2	13295	13295
P112,3	13296	13296
P149,3	13297	13297
P162,2	13298	13298
P34,3	13299	13299
P111,3	13300	13300
P19,3	13301	13301
P177,3	13302	13302
P69,2	13303	13303
P31,3	13304	13304
P132,3	13305	13305
P152,2	13306	13306
P96,3	13307	13307
P78,3	13308	13308
P153,2	13309	13309
P65,3	13310	13310
P184,2	13311	13311
P25,2	13312	13312
P66,3	13313	13313
P118,2	13314	13314
P38,3	13315	13315
P127,2	13316	13316
P100,2	13317	13317
P137,3	13318	13318
P4,3	13319	13319
P81,2	13320	13320
P33,3	13321	13321
P95,3	13322	13322
P130,2	13323	13323
P161,3	13324	13324
P139,3	13325	13325
P176,2	13326	13326
P102,3	13327	13327
P43,3	13328	13328
P61,2	13329	13329
P83,3	13330	13330
P17,3	13331	13331
P31,3	13332	13332
P132,3	13333	13333
P152,2	13334	13334
P96,3	13335	13335
P78,3	13336	13336
P153,2	13337	13337
P143,3	13338	13338
P107,2	13339	13339
P156,2	13340	13340
P200,2	13341	13341
P97,3	13342	13342
P146,3	13343	13343
P40,3	13344	13344
P99,2	13345	13345
P188,2	13346	13346
P67,3	13347	13347
P189,3	13348	13348
P120,2	13349	13349
P173,2	13350	13350
P30,3	13351	13351
P64,2	13352	13352
P112,3	13353	13353
P149,3	13354	13354
P162,2	13355	13355
P34,3	13356	13356
P111,3	13357	13357
P19,3	13358	13358
P177,3	13359	13359
P69,2	13360	13360
P122,3	13361	13361
P133,3	13362	13362
P195,3	13363	13363
P181,2	13364	13364
P123,3	13365	13365
P49,3	13366	13366
P65,3	13367	13367
P184,2	13368	13368
P25,2	13369	13369
P66,3	13370	13370
P118,2	13371	13371
P38,3	13372	13372
P127,2	13373	13373
P100,2	13374	13374
P137,3	13375	13375
P4,3	13376	13376
P81,2	13377	13377
P33,3	13378	13378
P95,3	13379	13379
P130,2	13380	13380
P161,3	13381	13381
P139,3	13382	13382
P176,2	13383	13383
P102,3	13384	13384
P43,3	13385	13385
P19,3	13386	13386
P177,3	13387	13387
P61,3	13388	13388
P31,3	13389	13389
P132,3	13390	13390
P152,2	13391	13391
P96,3	13392	13392
P78,3	13393	13393
P153,2	13394	13394
P143,3	13395	13395
P107,2	13396	13396
P156,2	13397	13397
P200,2	13398	13398
P97,3	13399	13399
P146,3	13400	13400
P40,3	13401	13401
P99,2	13402	13402
P188,2	13403	13403
P67,3	13404	13404
P189,3	13405	13405
P120,2	13406	13406
P173,2	13407	13407
P30,3	13408	13408
P64,2	13409	13409
P112,3	13410	13410
P149,3	13411	13411
P162,2	13412	13412
P34,3	13413	13413
P111,3	13414	13414
P83,3	13415	13415
P17,3	13416	13416
P69,2	13417	13417
P122,3	13418	13418
P133,3	13419	13419
P195,3	13420	13420
P181,2	13421	13421
P123,3	13422	13422
P49,3	13423	13423
P65,3	13424	13424
P156,2	13425	13425
P200,2	13426	13426
P97,3	13427	13427
P146,3	13428	13428
P107,3	13429	13429
P127,2	13430	13430
P100,2	13431	13431
P137,3	13432	13432
P4,3	13433	13433
P81,2	13434	13434
P33,3	13435	13435
P95,3	13436	13436
P130,2	13437	13437
P161,3	13438	13438
P139,3	13439	13439
P176,2	13440	13440
P102,3	13441	13441
P43,3	13442	13442
P19,3	13443	13443
P177,3	13444	13444
P61,3	13445	13445
P31,3	13446	13446
P132,3	13447	13447
P152,2	13448	13448
P96,3	13449	13449
P78,3	13450	13450
P143,3	13451	13451
P184,2	13452	13452
P25,2	13453	13453
P66,3	13454	13454
P118,2	13455	13455
P38,3	13456	13456
P40,3	13457	13457
P99,2	13458	13458
P188,2	13459	13459
P67,3	13460	13460
P189,3	13461	13461
P120,2	13462	13462
P173,2	13463	13463
P30,3	13464	13464
P64,2	13465	13465
P112,3	13466	13466
P149,3	13467	13467
P102,3	13468	13468
P43,3	13469	13469
P83,3	13470	13470
P17,3	13471	13471
P69,2	13472	13472
P122,3	13473	13473
P133,3	13474	13474
P195,3	13475	13475
P181,2	13476	13476
P123,3	13477	13477
P65,3	13478	13478
P156,2	13479	13479
P200,2	13480	13480
P97,3	13481	13481
P146,3	13482	13482
P107,3	13483	13483
P127,2	13484	13484
P100,2	13485	13485
P137,3	13486	13486
P4,3	13487	13487
P81,2	13488	13488
P33,3	13489	13489
P95,3	13490	13490
P130,2	13491	13491
P161,3	13492	13492
P149,3	13493	13493
P102,3	13494	13494
P43,3	13495	13495
P83,3	13496	13496
P17,3	13497	13497
P69,2	13498	13498
P122,3	13499	13499
P133,3	13500	13500
P195,3	13501	13501
P181,2	13502	13502
P123,3	13503	13503
P65,3	13504	13504
P156,2	13505	13505
P200,2	13506	13506
P97,3	13507	13507
P146,3	13508	13508
P107,3	13509	13509
P127,2	13510	13510
P100,2	13511	13511
P137,3	13512	13512
P4,3	13513	13513
P81,2	13514	13514
P33,3	13515	13515
P95,3	13516	13516
P130,2	13517	13517
P161,3	13518	13518
P149,3	13519	13519
P102,3	13520	13520
P43,3	13521	13521
P83,3	13522	13522
P17,3	13523	13523
P69,2	13524	13524
P122,3	13525	13525
P133,3	13526	13526
P195,3	13527	13527
P181,2	13528	13528
P123,3	13529	13529
P65,3	13530	13530
P156,2	13531	13531
P200,2	13532	13532
P97,3	13533	13533
P146,3	13534	13534
P107,3	13535	13535
P127,2	13536	13536
P100,2	13537	13537
P137,3	13538	13538
P189,3	13539	13539
P120,2	13540	13540
P173,2	13541	13541
P30,3	13542	13542
P64,2	13543	13543
P139,3	13544	13544
P162,2	13545	13545
P34,3	13546	13546
P111,3	13547	13547
P177,3	13548	13548
P61,3	13549	13549
P31,3	13550	13550
P132,3	13551	13551
P152,2	13552	13552
P96,3	13553	13553
P78,3	13554	13554
P143,3	13555	13555
P184,2	13556	13556
P25,2	13557	13557
P66,3	13558	13558
P118,2	13559	13559
P38,3	13560	13560
P40,3	13561	13561
P99,2	13562	13562
P188,2	13563	13563
P4,3	13564	13564
P81,2	13565	13565
P33,3	13566	13566
P95,3	13567	13567
P130,2	13568	13568
P161,3	13569	13569
P149,3	13570	13570
P102,3	13571	13571
P43,3	13572	13572
P83,3	13573	13573
P17,3	13574	13574
P69,2	13575	13575
P122,3	13576	13576
P133,3	13577	13577
P195,3	13578	13578
P181,2	13579	13579
P123,3	13580	13580
P65,3	13581	13581
P25,2	13582	13582
P66,3	13583	13583
P118,2	13584	13584
P184,3	13585	13585
P107,3	13586	13586
P127,2	13587	13587
P188,2	13588	13588
P4,3	13589	13589
P81,2	13590	13590
P33,3	13591	13591
P95,3	13592	13592
P64,2	13593	13593
P161,3	13594	13594
P149,3	13595	13595
P102,3	13596	13596
P43,3	13597	13597
P83,3	13598	13598
P17,3	13599	13599
P69,2	13600	13600
P122,3	13601	13601
P133,3	13602	13602
P195,3	13603	13603
P181,2	13604	13604
P123,3	13605	13605
P65,3	13606	13606
P25,2	13607	13607
P66,3	13608	13608
P118,2	13609	13609
P184,3	13610	13610
P107,3	13611	13611
P127,2	13612	13612
P188,2	13613	13613
P4,3	13614	13614
P81,2	13615	13615
P33,3	13616	13616
P95,3	13617	13617
P64,2	13618	13618
P161,3	13619	13619
P149,3	13620	13620
P102,3	13621	13621
P43,3	13622	13622
P83,3	13623	13623
P17,3	13624	13624
P31,3	13625	13625
P133,3	13626	13626
P96,3	13627	13627
P78,3	13628	13628
P143,3	13629	13629
P156,2	13630	13630
P200,2	13631	13631
P97,3	13632	13632
P146,3	13633	13633
P38,3	13634	13634
P127,2	13635	13635
P188,2	13636	13636
P4,3	13637	13637
P81,2	13638	13638
P33,3	13639	13639
P95,3	13640	13640
P64,2	13641	13641
P161,3	13642	13642
P149,3	13643	13643
P102,3	13644	13644
P43,3	13645	13645
P83,3	13646	13646
P17,3	13647	13647
P31,3	13648	13648
P133,3	13649	13649
P96,3	13650	13650
P78,3	13651	13651
P143,3	13652	13652
P156,2	13653	13653
P200,2	13654	13654
P97,3	13655	13655
P146,3	13656	13656
P38,3	13657	13657
P127,2	13658	13658
P137,3	13659	13659
P189,3	13660	13660
P81,2	13661	13661
P33,3	13662	13662
P95,3	13663	13663
P64,2	13664	13664
P161,3	13665	13665
P149,3	13666	13666
P102,3	13667	13667
P43,3	13668	13668
P83,3	13669	13669
P17,3	13670	13670
P31,3	13671	13671
P133,3	13672	13672
P96,3	13673	13673
P78,3	13674	13674
P143,3	13675	13675
P156,2	13676	13676
P200,2	13677	13677
P97,3	13678	13678
P146,3	13679	13679
P38,3	13680	13680
P127,2	13681	13681
P137,3	13682	13682
P189,3	13683	13683
P81,2	13684	13684
P33,3	13685	13685
P95,3	13686	13686
P64,2	13687	13687
P161,3	13688	13688
P149,3	13689	13689
P102,3	13690	13690
P43,3	13691	13691
P83,3	13692	13692
P17,3	13693	13693
P122,3	13694	13694
P195,3	13695	13695
P181,2	13696	13696
P123,3	13697	13697
P65,3	13698	13698
P25,2	13699	13699
P66,3	13700	13700
P118,2	13701	13701
P184,3	13702	13702
P107,3	13703	13703
P188,2	13704	13704
P4,3	13705	13705
P99,3	13706	13706
P120,2	13707	13707
P173,2	13708	13708
P130,2	13709	13709
P100,3	13710	13710
P139,3	13711	13711
P162,2	13712	13712
P34,3	13713	13713
P111,3	13714	13714
P17,3	13715	13715
P122,3	13716	13716
P195,3	13717	13717
P181,2	13718	13718
P123,3	13719	13719
P65,3	13720	13720
P25,2	13721	13721
P66,3	13722	13722
P118,2	13723	13723
P184,3	13724	13724
P107,3	13725	13725
P188,2	13726	13726
P4,3	13727	13727
P99,3	13728	13728
P173,2	13729	13729
P130,2	13730	13730
P81,3	13731	13731
P161,3	13732	13732
P149,3	13733	13733
P102,3	13734	13734
P43,3	13735	13735
P83,3	13736	13736
P17,3	13737	13737
P122,3	13738	13738
P195,3	13739	13739
P181,2	13740	13740
P123,3	13741	13741
P65,3	13742	13742
P25,2	13743	13743
P66,3	13744	13744
P118,2	13745	13745
P184,3	13746	13746
P107,3	13747	13747
P188,2	13748	13748
P4,3	13749	13749
P99,3	13750	13750
P173,2	13751	13751
P130,2	13752	13752
P81,3	13753	13753
P161,3	13754	13754
P149,3	13755	13755
P102,3	13756	13756
P43,3	13757	13757
P83,3	13758	13758
P17,3	13759	13759
P122,3	13760	13760
P195,3	13761	13761
P78,3	13762	13762
P143,3	13763	13763
P156,2	13764	13764
P25,2	13765	13765
P66,3	13766	13766
P118,2	13767	13767
P184,3	13768	13768
P107,3	13769	13769
P188,2	13770	13770
P4,3	13771	13771
P99,3	13772	13772
P173,2	13773	13773
P130,2	13774	13774
P100,3	13775	13775
P139,3	13776	13776
P102,3	13777	13777
P64,3	13778	13778
P111,3	13779	13779
P17,3	13780	13780
P122,3	13781	13781
P162,3	13782	13782
P96,3	13783	13783
P123,3	13784	13784
P65,3	13785	13785
P181,3	13786	13786
P66,3	13787	13787
P118,2	13788	13788
P184,3	13789	13789
P107,3	13790	13790
P188,2	13791	13791
P4,3	13792	13792
P99,3	13793	13793
P200,3	13794	13794
P95,3	13795	13795
P81,3	13796	13796
P161,3	13797	13797
P149,3	13798	13798
P34,3	13799	13799
P43,3	13800	13800
P120,3	13801	13801
P61,3	13802	13802
P133,3	13803	13803
P195,3	13804	13804
P78,3	13805	13805
P143,3	13806	13806
P156,2	13807	13807
P25,2	13808	13808
P97,3	13809	13809
P146,3	13810	13810
P38,3	13811	13811
P127,2	13812	13812
P137,3	13813	13813
P189,3	13814	13814
P33,3	13815	13815
P173,2	13816	13816
P130,2	13817	13817
P100,3	13818	13818
P149,3	13819	13819
P34,3	13820	13820
P43,3	13821	13821
P120,3	13822	13822
P61,3	13823	13823
P133,3	13824	13824
P195,3	13825	13825
P78,3	13826	13826
P143,3	13827	13827
P156,2	13828	13828
P25,2	13829	13829
P97,3	13830	13830
P146,3	13831	13831
P38,3	13832	13832
P127,2	13833	13833
P137,3	13834	13834
P189,3	13835	13835
P33,3	13836	13836
P173,2	13837	13837
P130,2	13838	13838
P100,3	13839	13839
P149,3	13840	13840
P34,3	13841	13841
P43,3	13842	13842
P120,3	13843	13843
P61,3	13844	13844
P133,3	13845	13845
P195,3	13846	13846
P78,3	13847	13847
P143,3	13848	13848
P156,2	13849	13849
P25,2	13850	13850
P97,3	13851	13851
P146,3	13852	13852
P38,3	13853	13853
P127,2	13854	13854
P137,3	13855	13855
P189,3	13856	13856
P33,3	13857	13857
P173,2	13858	13858
P130,2	13859	13859
P100,3	13860	13860
P149,3	13861	13861
P34,3	13862	13862
P43,3	13863	13863
P120,3	13864	13864
P61,3	13865	13865
P133,3	13866	13866
P195,3	13867	13867
P78,3	13868	13868
P143,3	13869	13869
P156,2	13870	13870
P25,2	13871	13871
P97,3	13872	13872
P146,3	13873	13873
P38,3	13874	13874
P127,2	13875	13875
P137,3	13876	13876
P189,3	13877	13877
P33,3	13878	13878
P173,2	13879	13879
P130,2	13880	13880
P100,3	13881	13881
P149,3	13882	13882
P34,3	13883	13883
P43,3	13884	13884
P120,3	13885	13885
P61,3	13886	13886
P133,3	13887	13887
P195,3	13888	13888
P123,3	13889	13889
P65,3	13890	13890
P25,2	13891	13891
P97,3	13892	13892
P146,3	13893	13893
P38,3	13894	13894
P127,2	13895	13895
P4,3	13896	13896
P99,3	13897	13897
P200,3	13898	13898
P95,3	13899	13899
P81,3	13900	13900
P139,3	13901	13901
P102,3	13902	13902
P64,3	13903	13903
P111,3	13904	13904
P17,3	13905	13905
P122,3	13906	13906
P162,3	13907	13907
P96,3	13908	13908
P143,3	13909	13909
P25,2	13910	13910
P97,3	13911	13911
P146,3	13912	13912
P38,3	13913	13913
P127,2	13914	13914
P4,3	13915	13915
P99,3	13916	13916
P200,3	13917	13917
P95,3	13918	13918
P81,3	13919	13919
P139,3	13920	13920
P102,3	13921	13921
P64,3	13922	13922
P120,3	13923	13923
P61,3	13924	13924
P133,3	13925	13925
P195,3	13926	13926
P123,3	13927	13927
P181,3	13928	13928
P66,3	13929	13929
P118,2	13930	13930
P184,3	13931	13931
P107,3	13932	13932
P188,2	13933	13933
P189,3	13934	13934
P33,3	13935	13935
P173,2	13936	13936
P81,3	13937	13937
P139,3	13938	13938
P102,3	13939	13939
P64,3	13940	13940
P120,3	13941	13941
P61,3	13942	13942
P133,3	13943	13943
P195,3	13944	13944
P123,3	13945	13945
P181,3	13946	13946
P66,3	13947	13947
P118,2	13948	13948
P184,3	13949	13949
P107,3	13950	13950
P188,2	13951	13951
P99,3	13952	13952
P200,3	13953	13953
P95,3	13954	13954
P100,3	13955	13955
P149,3	13956	13956
P34,3	13957	13957
P111,3	13958	13958
P17,3	13959	13959
P122,3	13960	13960
P162,3	13961	13961
P96,3	13962	13962
P143,3	13963	13963
P25,2	13964	13964
P97,3	13965	13965
P146,3	13966	13966
P38,3	13967	13967
P127,2	13968	13968
P4,3	13969	13969
P33,3	13970	13970
P173,2	13971	13971
P81,3	13972	13972
P139,3	13973	13973
P102,3	13974	13974
P64,3	13975	13975
P120,3	13976	13976
P61,3	13977	13977
P133,3	13978	13978
P195,3	13979	13979
P123,3	13980	13980
P181,3	13981	13981
P66,3	13982	13982
P118,2	13983	13983
P38,3	13984	13984
P127,2	13985	13985
P4,3	13986	13986
P33,3	13987	13987
P173,2	13988	13988
P100,3	13989	13989
P149,3	13990	13990
P34,3	13991	13991
P111,3	13992	13992
P17,3	13993	13993
P122,3	13994	13994
P162,3	13995	13995
P96,3	13996	13996
P143,3	13997	13997
P66,3	13998	13998
P118,2	13999	13999
P38,3	14000	14000
P127,2	14001	14001
P99,3	14002	14002
P200,3	14003	14003
P173,2	14004	14004
P100,3	14005	14005
P149,3	14006	14006
P34,3	14007	14007
P111,3	14008	14008
P17,3	14009	14009
P122,3	14010	14010
P162,3	14011	14011
P96,3	14012	14012
P143,3	14013	14013
P66,3	14014	14014
P118,2	14015	14015
P38,3	14016	14016
P127,2	14017	14017
P99,3	14018	14018
P200,3	14019	14019
P173,2	14020	14020
P100,3	14021	14021
P149,3	14022	14022
P34,3	14023	14023
P111,3	14024	14024
P17,3	14025	14025
P122,3	14026	14026
P162,3	14027	14027
P96,3	14028	14028
P181,3	14029	14029
P97,3	14030	14030
P184,3	14031	14031
P107,3	14032	14032
P4,3	14033	14033
P33,3	14034	14034
P25,3	14035	14035
P81,3	14036	14036
P139,3	14037	14037
P102,3	14038	14038
P111,3	14039	14039
P17,3	14040	14040
P122,3	14041	14041
P162,3	14042	14042
P96,3	14043	14043
P181,3	14044	14044
P97,3	14045	14045
P184,3	14046	14046
P107,3	14047	14047
P4,3	14048	14048
P33,3	14049	14049
P25,3	14050	14050
P81,3	14051	14051
P139,3	14052	14052
P102,3	14053	14053
P111,3	14054	14054
P17,3	14055	14055
P122,3	14056	14056
P162,3	14057	14057
P96,3	14058	14058
P181,3	14059	14059
P97,3	14060	14060
P184,3	14061	14061
P107,3	14062	14062
P4,3	14063	14063
P33,3	14064	14064
P25,3	14065	14065
P81,3	14066	14066
P139,3	14067	14067
P102,3	14068	14068
P111,3	14069	14069
P17,3	14070	14070
P122,3	14071	14071
P162,3	14072	14072
P96,3	14073	14073
P181,3	14074	14074
P97,3	14075	14075
P184,3	14076	14076
P107,3	14077	14077
P4,3	14078	14078
P33,3	14079	14079
P25,3	14080	14080
P81,3	14081	14081
P149,3	14082	14082
P64,3	14083	14083
P120,3	14084	14084
P61,3	14085	14085
P133,3	14086	14086
P195,3	14087	14087
P143,3	14088	14088
P66,3	14089	14089
P118,2	14090	14090
P38,3	14091	14091
P127,2	14092	14092
P99,3	14093	14093
P200,3	14094	14094
P173,2	14095	14095
P100,3	14096	14096
P102,3	14097	14097
P111,3	14098	14098
P17,3	14099	14099
P122,3	14100	14100
P162,3	14101	14101
P96,3	14102	14102
P181,3	14103	14103
P97,3	14104	14104
P38,3	14105	14105
P127,2	14106	14106
P99,3	14107	14107
P200,3	14108	14108
P81,3	14109	14109
P149,3	14110	14110
P102,3	14111	14111
P111,3	14112	14112
P17,3	14113	14113
P122,3	14114	14114
P162,3	14115	14115
P96,3	14116	14116
P181,3	14117	14117
P97,3	14118	14118
P38,3	14119	14119
P127,2	14120	14120
P99,3	14121	14121
P200,3	14122	14122
P81,3	14123	14123
P149,3	14124	14124
P102,3	14125	14125
P111,3	14126	14126
P17,3	14127	14127
P122,3	14128	14128
P162,3	14129	14129
P96,3	14130	14130
P181,3	14131	14131
P97,3	14132	14132
P38,3	14133	14133
P127,2	14134	14134
P99,3	14135	14135
P200,3	14136	14136
P81,3	14137	14137
P149,3	14138	14138
P102,3	14139	14139
P111,3	14140	14140
P17,3	14141	14141
P122,3	14142	14142
P162,3	14143	14143
P96,3	14144	14144
P181,3	14145	14145
P97,3	14146	14146
P38,3	14147	14147
P4,3	14148	14148
P33,3	14149	14149
P25,3	14150	14150
P81,3	14151	14151
P149,3	14152	14152
P102,3	14153	14153
P111,3	14154	14154
P17,3	14155	14155
P122,3	14156	14156
P162,3	14157	14157
P96,3	14158	14158
P181,3	14159	14159
P97,3	14160	14160
P38,3	14161	14161
P4,3	14162	14162
P200,3	14163	14163
P127,3	14164	14164
P100,3	14165	14165
P173,3	14166	14166
P64,3	14167	14167
P120,3	14168	14168
P61,3	14169	14169
P133,3	14170	14170
P195,3	14171	14171
P143,3	14172	14172
P66,3	14173	14173
P184,3	14174	14174
P107,3	14175	14175
P99,3	14176	14176
P25,3	14177	14177
P81,3	14178	14178
P149,3	14179	14179
P102,3	14180	14180
P111,3	14181	14181
P17,3	14182	14182
P122,3	14183	14183
P162,3	14184	14184
P96,3	14185	14185
P181,3	14186	14186
P97,3	14187	14187
P38,3	14188	14188
P4,3	14189	14189
P200,3	14190	14190
P127,3	14191	14191
P100,3	14192	14192
P173,3	14193	14193
P64,3	14194	14194
P120,3	14195	14195
P61,3	14196	14196
P133,3	14197	14197
P195,3	14198	14198
P143,3	14199	14199
P66,3	14200	14200
P184,3	14201	14201
P107,3	14202	14202
P99,3	14203	14203
P25,3	14204	14204
P81,3	14205	14205
P149,3	14206	14206
P102,3	14207	14207
P111,3	14208	14208
P17,3	14209	14209
P122,3	14210	14210
P195,3	14211	14211
P143,3	14212	14212
P66,3	14213	14213
P184,3	14214	14214
P107,3	14215	14215
P99,3	14216	14216
P25,3	14217	14217
P81,3	14218	14218
P149,3	14219	14219
P102,3	14220	14220
P111,3	14221	14221
P17,3	14222	14222
P122,3	14223	14223
P195,3	14224	14224
P143,3	14225	14225
P66,3	14226	14226
P184,3	14227	14227
P107,3	14228	14228
P99,3	14229	14229
P25,3	14230	14230
P81,3	14231	14231
P149,3	14232	14232
P102,3	14233	14233
P111,3	14234	14234
P17,3	14235	14235
P122,3	14236	14236
P195,3	14237	14237
P143,3	14238	14238
P66,3	14239	14239
P184,3	14240	14240
P107,3	14241	14241
P99,3	14242	14242
P25,3	14243	14243
P81,3	14244	14244
P149,3	14245	14245
P102,3	14246	14246
P111,3	14247	14247
P17,3	14248	14248
P122,3	14249	14249
P195,3	14250	14250
P143,3	14251	14251
P66,3	14252	14252
P184,3	14253	14253
P107,3	14254	14254
P99,3	14255	14255
P25,3	14256	14256
P81,3	14257	14257
P149,3	14258	14258
P102,3	14259	14259
P111,3	14260	14260
P17,3	14261	14261
P122,3	14262	14262
P195,3	14263	14263
P143,3	14264	14264
P66,3	14265	14265
P184,3	14266	14266
P107,3	14267	14267
P99,3	14268	14268
P25,3	14269	14269
P81,3	14270	14270
P149,3	14271	14271
P102,3	14272	14272
P111,3	14273	14273
P17,3	14274	14274
P122,3	14275	14275
P96,3	14276	14276
P181,3	14277	14277
P97,3	14278	14278
P38,3	14279	14279
P4,3	14280	14280
P200,3	14281	14281
P127,3	14282	14282
P100,3	14283	14283
P173,3	14284	14284
P64,3	14285	14285
P120,3	14286	14286
P61,3	14287	14287
P162,3	14288	14288
P143,3	14289	14289
P66,3	14290	14290
P184,3	14291	14291
P107,3	14292	14292
P99,3	14293	14293
P25,3	14294	14294
P81,3	14295	14295
P149,3	14296	14296
P102,3	14297	14297
P111,3	14298	14298
P17,3	14299	14299
P122,3	14300	14300
P96,3	14301	14301
P181,3	14302	14302
P97,3	14303	14303
P38,3	14304	14304
P4,3	14305	14305
P25,3	14306	14306
P81,3	14307	14307
P149,3	14308	14308
P102,3	14309	14309
P111,3	14310	14310
P61,3	14311	14311
P162,3	14312	14312
P143,3	14313	14313
P66,3	14314	14314
P38,3	14315	14315
P4,3	14316	14316
P25,3	14317	14317
P81,3	14318	14318
P149,3	14319	14319
P102,3	14320	14320
P111,3	14321	14321
P61,3	14322	14322
P162,3	14323	14323
P143,3	14324	14324
P66,3	14325	14325
P38,3	14326	14326
P4,3	14327	14327
P25,3	14328	14328
P81,3	14329	14329
P149,3	14330	14330
P102,3	14331	14331
P111,3	14332	14332
P61,3	14333	14333
P162,3	14334	14334
P143,3	14335	14335
P66,3	14336	14336
P38,3	14337	14337
P4,3	14338	14338
P25,3	14339	14339
P81,3	14340	14340
P149,3	14341	14341
P102,3	14342	14342
P111,3	14343	14343
P61,3	14344	14344
P162,3	14345	14345
P143,3	14346	14346
P66,3	14347	14347
P38,3	14348	14348
P4,3	14349	14349
P25,3	14350	14350
P81,3	14351	14351
P149,3	14352	14352
P102,3	14353	14353
P111,3	14354	14354
P61,3	14355	14355
P162,3	14356	14356
P143,3	14357	14357
P66,3	14358	14358
P38,3	14359	14359
P4,3	14360	14360
P25,3	14361	14361
P81,3	14362	14362
P149,3	14363	14363
P102,3	14364	14364
P111,3	14365	14365
P61,3	14366	14366
P162,3	14367	14367
P143,3	14368	14368
P66,3	14369	14369
P38,3	14370	14370
P4,3	14371	14371
P25,3	14372	14372
P81,3	14373	14373
P149,3	14374	14374
P102,3	14375	14375
P111,3	14376	14376
P61,3	14377	14377
P162,3	14378	14378
P143,3	14379	14379
P66,3	14380	14380
P107,3	14381	14381
P200,3	14382	14382
P127,3	14383	14383
P100,3	14384	14384
P173,3	14385	14385
P64,3	14386	14386
P120,3	14387	14387
P122,3	14388	14388
P96,3	14389	14389
P181,3	14390	14390
P38,3	14391	14391
P4,3	14392	14392
P25,3	14393	14393
P81,3	14394	14394
P149,3	14395	14395
P102,3	14396	14396
P111,3	14397	14397
P61,3	14398	14398
P162,3	14399	14399
P143,3	14400	14400
P66,3	14401	14401
P107,3	14402	14402
P200,3	14403	14403
P127,3	14404	14404
P100,3	14405	14405
P173,3	14406	14406
P64,3	14407	14407
P120,3	14408	14408
P122,3	14409	14409
P96,3	14410	14410
P181,3	14411	14411
P38,3	14412	14412
P4,3	14413	14413
P25,3	14414	14414
P81,3	14415	14415
P149,3	14416	14416
P102,3	14417	14417
P111,3	14418	14418
P122,3	14419	14419
P96,3	14420	14420
P181,3	14421	14421
P107,3	14422	14422
P200,3	14423	14423
P127,3	14424	14424
P100,3	14425	14425
P173,3	14426	14426
P111,3	14427	14427
P122,3	14428	14428
P96,3	14429	14429
P181,3	14430	14430
P107,3	14431	14431
P200,3	14432	14432
P127,3	14433	14433
P100,3	14434	14434
P173,3	14435	14435
P111,3	14436	14436
P122,3	14437	14437
P96,3	14438	14438
P181,3	14439	14439
P107,3	14440	14440
P200,3	14441	14441
P127,3	14442	14442
P100,3	14443	14443
P173,3	14444	14444
P111,3	14445	14445
P122,3	14446	14446
P96,3	14447	14447
P181,3	14448	14448
P107,3	14449	14449
P200,3	14450	14450
P127,3	14451	14451
P100,3	14452	14452
P173,3	14453	14453
P111,3	14454	14454
P122,3	14455	14455
P96,3	14456	14456
P181,3	14457	14457
P107,3	14458	14458
P200,3	14459	14459
P127,3	14460	14460
P100,3	14461	14461
P173,3	14462	14462
P111,3	14463	14463
P162,3	14464	14464
P143,3	14465	14465
P107,3	14466	14466
P200,3	14467	14467
P127,3	14468	14468
P100,3	14469	14469
P173,3	14470	14470
P111,3	14471	14471
P162,3	14472	14472
P143,3	14473	14473
P107,3	14474	14474
P200,3	14475	14475
P127,3	14476	14476
P149,3	14477	14477
P64,3	14478	14478
P61,3	14479	14479
P96,3	14480	14480
P181,3	14481	14481
P4,3	14482	14482
P25,3	14483	14483
P100,3	14484	14484
P173,3	14485	14485
P111,3	14486	14486
P162,3	14487	14487
P143,3	14488	14488
P107,3	14489	14489
P200,3	14490	14490
P127,3	14491	14491
P149,3	14492	14492
P64,3	14493	14493
P61,3	14494	14494
P96,3	14495	14495
P181,3	14496	14496
P4,3	14497	14497
P25,3	14498	14498
P100,3	14499	14499
P173,3	14500	14500
P111,3	14501	14501
P96,3	14502	14502
P181,3	14503	14503
P4,3	14504	14504
P25,3	14505	14505
P100,3	14506	14506
P173,3	14507	14507
P111,3	14508	14508
P96,3	14509	14509
P181,3	14510	14510
P4,3	14511	14511
P25,3	14512	14512
P100,3	14513	14513
P173,3	14514	14514
P111,3	14515	14515
P96,3	14516	14516
P181,3	14517	14517
P200,3	14518	14518
P127,3	14519	14519
P149,3	14520	14520
P111,3	14521	14521
P96,3	14522	14522
P181,3	14523	14523
P200,3	14524	14524
P127,3	14525	14525
P149,3	14526	14526
P162,3	14527	14527
P143,3	14528	14528
P107,3	14529	14529
P25,3	14530	14530
P100,3	14531	14531
P111,3	14532	14532
P96,3	14533	14533
P181,3	14534	14534
P200,3	14535	14535
P127,3	14536	14536
P149,3	14537	14537
P162,3	14538	14538
P143,3	14539	14539
P107,3	14540	14540
P25,3	14541	14541
P100,3	14542	14542
P162,3	14543	14543
P143,3	14544	14544
P107,3	14545	14545
P127,3	14546	14546
P111,3	14547	14547
P96,3	14548	14548
P181,3	14549	14549
P200,3	14550	14550
P100,3	14551	14551
P162,3	14552	14552
P143,3	14553	14553
P107,3	14554	14554
P127,3	14555	14555
P111,3	14556	14556
P96,3	14557	14557
P181,3	14558	14558
P200,3	14559	14559
P100,3	14560	14560
P162,3	14561	14561
P143,3	14562	14562
P107,3	14563	14563
P127,3	14564	14564
P111,3	14565	14565
P96,3	14566	14566
P181,3	14567	14567
P200,3	14568	14568
P100,3	14569	14569
P162,3	14570	14570
P143,3	14571	14571
P107,3	14572	14572
P127,3	14573	14573
P111,3	14574	14574
P96,3	14575	14575
P181,3	14576	14576
P200,3	14577	14577
P100,3	14578	14578
P96,3	14579	14579
P181,3	14580	14580
P200,3	14581	14581
P100,3	14582	14582
P96,3	14583	14583
P107,3	14584	14584
P127,3	14585	14585
P181,3	14586	14586
P200,3	14587	14587
P162,3	14588	14588
P107,3	14589	14589
P127,3	14590	14590
P181,3	14591	14591
P200,3	14592	14592
P162,3	14593	14593
P107,3	14594	14594
P127,3	14595	14595
P181,3	14596	14596
P200,3	14597	14597
P162,3	14598	14598
P107,3	14599	14599
P127,3	14600	14600
P181,3	14601	14601
P200,3	14602	14602
P162,3	14603	14603
P107,3	14604	14604
P127,3	14605	14605
P181,3	14606	14606
P200,3	14607	14607
P162,3	14608	14608
P107,3	14609	14609
P127,3	14610	14610
P181,3	14611	14611
P200,3	14612	14612
P162,3	14613	14613
P107,3	14614	14614
P127,3	14615	14615
P181,3	14616	14616
P200,3	14617	14617
P162,3	14618	14618
P107,3	14619	14619
P127,3	14620	14620
P181,3	14621	14621
P200,3	14622	14622
P162,3	14623	14623
P107,3	14624	14624
P127,3	14625	14625
P181,3	14626	14626
P200,3	14627	14627
P162,3	14628	14628
P107,3	14629	14629
P127,3	14630	14630
P181,3	14631	14631
P200,3	14632	14632
P162,3	14633	14633
P107,3	14634	14634
P127,3	14635	14635
P181,3	14636	14636
P200,3	14637	14637
P162,3	14638	14638
P107,3	14639	14639
P127,3	14640	14640
P181,3	14641	14641
P200,3	14642	14642
P162,3	14643	14643
P107,3	14644	14644
P127,3	14645	14645
P181,3	14646	14646
P200,3	14647	14647
P162,3	14648	14648
P107,3	14649	14649
P127,3	14650	14650
P181,3	14651	14651
P200,3	14652	14652
P162,3	14653	14653
P107,3	14654	14654
P127,3	14655	14655
P181,3	14656	14656
P200,3	14657	14657
P162,3	14658	14658
P107,3	14659	14659
P127,3	14660	14660
P181,3	14661	14661
P127,3	14662	14662
P181,3	14663	14663
P127,3	14664	14664
P200,3	14665	14665
P162,3	14666	14666
P127,3	14667	14667
P200,3	14668	14668
P162,3	14669	14669
P127,3	14670	14670
P200,3	14671	14671
P162,3	14672	14672
P127,3	14673	14689
CPU1
P1,1	17	23
P2,1	24	24
P3,1	25	25
P1,1	26	26
P2,1	27	27
P3,1	28	28
P1,1	29	29
P2,1	30	30
P4,1	31	31
P3,1	32	32
P6,1	33	33
P4,1	34	34
P3,1	35	35
P6,1	36	36
P4,1	37	37
P3,1	38	38
P6,1	39	39
P4,1	40	40
P3,1	41	41
P6,1	42	42
P4,1	43	43
P3,1	44	44
P6,1	45	45
P1,1	46	46
P5,1	47	47
P2,1	48	48
P7,1	49	49
P4,1	50	50
P3,1	51	51
P6,1	52	52
P1,1	53	53
P5,1	54	54
P2,1	55	55
P8,1	56	56
P1,1	57	57
P5,1	58	58
P2,1	59	59
P8,1	60	60
P1,1	61	61
P5,1	62	62
P2,1	63	63
P8,1	64	64
P1,1	65	65
P5,1	66	66
P3,1	67	67
P6,1	68	68
P7,1	69	69
P4,1	70	70
P9,1	71	71
P2,1	72	72
P8,1	73	73
P1,1	74	74
P5,1	75	75
P3,1	76	76
P6,1	77	77
P10,1	78	78
P1,1	79	79
P5,1	80	80
P3,1	81	81
P6,1	82	82
P8,1	83	83
P7,1	84	84
P4,1	85	85
P9,1	86	86
P2,1	87	87
P11,1	88	88
P12,1	89	89
P10,1	90	90
P1,1	91	91
P14,1	92	92
P9,1	93	93
P2,1	94	94
P11,1	95	95
P12,1	96	96
P10,1	97	97
P1,1	98	98
P14,1	99	99
P9,1	100	100
P2,1	101	101
P11,1	102	102
P8,1	103	103
P13,1	104	104
P7,1	105	105
P4,1	106	106
P5,1	107	107
P3,1	108	108
P6,1	109	109
P16,1	110	110
P18,1	111	111
P8,1	112	112
P13,1	113	113
P7,1	114	114
P4,1	115	115
P5,1	116	116
P3,1	117	117
P6,1	118	118
P16,1	119	119
P18,1	120	120
P15,1	121	121
P12,1	122	122
P10,1	123	123
P20,1	124	124
P4,1	125	125
P5,1	126	126
P3,1	127	127
P6,1	128	128
P16,1	129	129
P18,1	130	130
P15,1	131	131
P12,1	132	132
P10,1	133	133
P20,1	134	134
P22,1	135	135
P23,1	136	136
P5,1	137	137
P3,1	138	138
P6,1	139	139
P16,1	140	140
P18,1	141	141
P15,1	142	142
P12,1	143	143
P10,1	144	144
P20,1	145	145
P21,1	146	146
P4,1	147	147
P14,1	148	148
P9,1	149	149
P2,1	150	150
P11,1	151	151
P17,1	152	152
P19,1	153	153
P8,1	154	154
P13,1	155	155
P25,1	156	156
P20,1	157	157
P21,1	158	158
P4,1	159	159
P14,1	160	160
P5,1	161	161
P3,1	162	162
P6,1	163	163
P16,1	164	164
P18,1	165	165
P15,1	166	166
P12,1	167	167
P10,1	168	168
P7,1	169	169
P24,1	170	170
P22,1	171	171
P27,1	172	172
P14,1	173	173
P5,1	174	174
P3,1	175	175
P6,1	176	176
P11,1	177	177
P29,1	178	178
P18,1	179	179
P15,1	180	180
P12,1	181	181
P10,1	182	182
P7,1	183	183
P24,1	184	184
P22,1	185	185
P27,1	186	186
P14,1	187	187
P5,1	188	188
P9,1	189	189
P2,1	190	190
P28,1	191	191
P16,1	192	192
P17,1	193	193
P19,1	194	194
P31,1	195	195
P12,1	196	196
P10,1	197	197
P7,1	198	198
P24,1	199	199
P22,1	200	200
P4,1	201	201
P23,1	202	202
P33,1	203	203
P5,1	204	204
P9,1	205	205
P6,1	206	206
P34,1	207	207
P16,1	208	208
P17,1	209	209
P19,1	210	210
P31,1	211	211
P36,1	212	212
P12,1	213	213
P10,1	214	214
P25,1	215	215
P20,1	216	216
P38,1	217	217
P22,1	218	218
P4,1	219	219
P23,1	220	220
P33,1	221	221
P5,1	222	222
P9,1	223	223
P6,1	224	224
P34,1	225	225
P16,1	226	226
P17,1	227	227
P19,1	228	228
P31,1	229	229
P35,1	230	230
P8,1	231	231
P13,1	232	232
P37,1	233	233
P7,1	234	234
P24,1	235	235
P40,1	236	236
P21,1	237	237
P32,1	238	238
P27,1	239	239
P14,1	240	240
P42,1	241	241
P5,1	242	242
P9,1	243	243
P6,1	244	244
P28,1	245	245
P11,1	246	246
P29,1	247	247
P44,1	248	248
P18,1	249	249
P15,1	250	250
P39,1	251	251
P36,1	252	252
P46,1	253	253
P13,1	254	254
P37,1	255	255
P7,1	256	256
P24,1	257	257
P40,1	258	258
P21,1	259	259
P22,1	260	260
P4,1	261	261
P23,1	262	262
P33,1	263	263
P26,1	264	264
P30,1	265	265
P2,1	266	266
P43,1	267	267
P34,1	268	268
P16,1	269	269
P17,1	270	270
P48,1	271	271
P18,1	272	272
P15,1	273	273
P39,1	274	274
P36,1	275	275
P8,1	276	276
P12,1	277	277
P10,1	278	278
P25,1	279	279
P20,1	280	280
P38,1	281	281
P41,1	282	282
P47,1	283	283
P32,1	284	284
P50,1	285	285
P23,1	286	286
P33,1	287	287
P26,1	288	288
P5,1	289	289
P9,1	290	290
P6,1	291	291
P28,1	292	292
P52,1	293	293
P16,1	294	294
P29,1	295	295
P44,1	296	296
P45,1	297	297
P19,1	298	298
P31,1	299	299
P54,1	300	300
P36,1	301	301
P8,1	302	302
P12,1	303	303
P10,1	304	304
P25,1	305	305
P20,1	306	306
P38,1	307	307
P41,1	308	308
P47,1	309	309
P32,1	310	310
P4,1	311	311
P27,1	312	312
P14,1	313	313
P42,1	314	314
P51,1	315	315
P30,1	316	316
P56,1	317	317
P6,1	318	318
P28,1	319	319
P52,1	320	320
P16,1	321	321
P29,1	322	322
P44,1	323	323
P45,1	324	324
P19,1	325	325
P31,1	326	326
P39,1	327	327
P35,1	328	328
P49,1	329	329
P46,1	330	330
P58,1	331	331
P10,1	332	332
P25,1	333	333
P7,1	334	334
P24,1	335	335
P40,1	336	336
P21,1	337	337
P22,1	338	338
P55,1	339	339
P50,1	340	340
P60,1	341	341
P14,1	342	342
P42,1	343	343
P51,1	344	344
P30,1	345	345
P56,1	346	346
P6,1	347	347
P28,1	348	348
P52,1	349	349
P16,1	350	350
P29,1	351	351
P17,1	352	352
P48,1	353	353
P18,1	354	354
P15,1	355	355
P57,1	356	356
P54,1	357	357
P36,1	358	358
P8,1	359	359
P12,1	360	360
P13,1	361	361
P37,1	362	362
P62,1	363	363
P7,1	364	364
P24,1	365	365
P40,1	366	366
P21,1	367	367
P47,1	368	368
P32,1	369	369
P4,1	370	370
P27,1	371	371
P23,1	372	372
P33,1	373	373
P26,1	374	374
P5,1	375	375
P9,1	376	376
P2,1	377	377
P43,1	378	378
P34,1	379	379
P64,1	380	380
P16,1	381	381
P29,1	382	382
P17,1	383	383
P48,1	384	384
P18,1	385	385
P15,1	386	386
P57,1	387	387
P54,1	388	388
P36,1	389	389
P8,1	390	390
P12,1	391	391
P13,1	392	392
P10,1	393	393
P66,1	394	394
P62,1	395	395
P7,1	396	396
P24,1	397	397
P40,1	398	398
P21,1	399	399
P47,1	400	400
P32,1	401	401
P4,1	402	402
P27,1	403	403
P23,1	404	404
P14,1	405	405
P42,1	406	406
P51,1	407	407
P30,1	408	408
P56,1	409	409
P6,1	410	410
P28,1	411	411
P52,1	412	412
P11,1	413	413
P68,1	414	414
P29,1	415	415
P17,1	416	416
P48,1	417	417
P18,1	418	418
P15,1	419	419
P31,1	420	420
P39,1	421	421
P35,1	422	422
P49,1	423	423
P46,1	424	424
P58,1	425	425
P65,1	426	426
P37,1	427	427
P70,1	428	428
P62,1	429	429
P7,1	430	430
P24,1	431	431
P40,1	432	432
P21,1	433	433
P47,1	434	434
P32,1	435	435
P55,1	436	436
P50,1	437	437
P60,1	438	438
P67,1	439	439
P33,1	440	440
P26,1	441	441
P5,1	442	442
P9,1	443	443
P2,1	444	444
P43,1	445	445
P34,1	446	446
P72,1	447	447
P11,1	448	448
P68,1	449	449
P29,1	450	450
P17,1	451	451
P48,1	452	452
P18,1	453	453
P15,1	454	454
P31,1	455	455
P39,1	456	456
P35,1	457	457
P49,1	458	458
P46,1	459	459
P12,1	460	460
P13,1	461	461
P10,1	462	462
P66,1	463	463
P25,1	464	464
P59,1	465	465
P20,1	466	466
P38,1	467	467
P74,1	468	468
P21,1	469	469
P47,1	470	470
P32,1	471	471
P55,1	472	472
P50,1	473	473
P60,1	474	474
P23,1	475	475
P14,1	476	476
P42,1	477	477
P51,1	478	478
P30,1	479	479
P76,1	480	480
P2,1	481	481
P43,1	482	482
P34,1	483	483
P72,1	484	484
P11,1	485	485
P68,1	486	486
P29,1	487	487
P17,1	488	488
P48,1	489	489
P45,1	490	490
P19,1	491	491
P69,1	492	492
P57,1	493	493
P54,1	494	494
P36,1	495	495
P8,1	496	496
P73,1	497	497
P78,1	498	498
P13,1	499	499
P65,1	500	500
P37,1	501	501
P70,1	502	502
P62,1	503	503
P7,1	504	504
P24,1	505	505
P40,1	506	506
P41,1	507	507
P63,1	508	508
P22,1	509	509
P71,1	510	510
P80,1	511	511
P50,1	512	512
P60,1	513	513
P23,1	514	514
P14,1	515	515
P42,1	516	516
P51,1	517	517
P30,1	518	518
P76,1	519	519
P56,1	520	520
P6,1	521	521
P28,1	522	522
P52,1	523	523
P64,1	524	524
P82,1	525	525
P68,1	526	526
P53,1	527	527
P61,1	528	528
P44,1	529	529
P77,1	530	530
P18,1	531	531
P15,1	532	532
P31,1	533	533
P84,1	534	534
P54,1	535	535
P36,1	536	536
P8,1	537	537
P73,1	538	538
P78,1	539	539
P58,1	540	540
P79,1	541	541
P86,1	542	542
P37,1	543	543
P70,1	544	544
P62,1	545	545
P7,1	546	546
P24,1	547	547
P40,1	548	548
P41,1	549	549
P21,1	550	550
P47,1	551	551
P32,1	552	552
P55,1	553	553
P88,1	554	554
P50,1	555	555
P60,1	556	556
P23,1	557	557
P14,1	558	558
P42,1	559	559
P51,1	560	560
P30,1	561	561
P76,1	562	562
P56,1	563	563
P6,1	564	564
P28,1	565	565
P34,1	566	566
P72,1	567	567
P11,1	568	568
P16,1	569	569
P83,1	570	570
P29,1	571	571
P17,1	572	572
P48,1	573	573
P90,1	574	574
P18,1	575	575
P15,1	576	576
P31,1	577	577
P84,1	578	578
P54,1	579	579
P36,1	580	580
P8,1	581	581
P73,1	582	582
P78,1	583	583
P85,1	584	584
P13,1	585	585
P65,1	586	586
P10,1	587	587
P66,1	588	588
P25,1	589	589
P59,1	590	590
P20,1	591	591
P38,1	592	592
P74,1	593	593
P87,1	594	594
P63,1	595	595
P92,1	596	596
P32,1	597	597
P55,1	598	598
P80,1	599	599
P4,1	600	600
P27,1	601	601
P75,1	602	602
P67,1	603	603
P33,1	604	604
P26,1	605	605
P30,1	606	606
P9,1	607	607
P81,1	608	608
P2,1	609	609
P43,1	610	610
P95,1	611	611
P34,1	612	612
P72,1	613	613
P11,1	614	614
P16,1	615	615
P83,1	616	616
P29,1	617	617
P17,1	618	618
P48,1	619	619
P90,1	620	620
P18,1	621	621
P15,1	622	622
P31,1	623	623
P57,1	624	624
P39,1	625	625
P35,1	626	626
P49,1	627	627
P46,1	628	628
P12,1	629	629
P91,1	630	630
P97,1	631	631
P13,1	632	632
P65,1	633	633
P10,1	634	634
P66,1	635	635
P25,1	636	636
P62,1	637	637
P7,1	638	638
P24,1	639	639
P40,1	640	640
P41,1	641	641
P21,1	642	642
P47,1	643	643
P22,1	644	644
P71,1	645	645
P93,1	646	646
P88,1	647	647
P50,1	648	648
P99,1	649	649
P75,1	650	650
P67,1	651	651
P33,1	652	652
P42,1	653	653
P51,1	654	654
P94,1	655	655
P101,1	656	656
P81,1	657	657
P2,1	658	658
P6,1	659	659
P28,1	660	660
P89,1	661	661
P52,1	662	662
P64,1	663	663
P103,1	664	664
P16,1	665	665
P83,1	666	666
P53,1	667	667
P61,1	668	668
P44,1	669	669
P77,1	670	670
P45,1	671	671
P19,1	672	672
P69,1	673	673
P96,1	674	674
P84,1	675	675
P54,1	676	676
P105,1	677	677
P49,1	678	678
P8,1	679	679
P73,1	680	680
P78,1	681	681
P85,1	682	682
P58,1	683	683
P79,1	684	684
P86,1	685	685
P37,1	686	686
P70,1	687	687
P98,1	688	688
P59,1	689	689
P20,1	690	690
P107,1	691	691
P38,1	692	692
P74,1	693	693
P87,1	694	694
P63,1	695	695
P92,1	696	696
P32,1	697	697
P55,1	698	698
P109,1	699	699
P88,1	700	700
P50,1	701	701
P99,1	702	702
P75,1	703	703
P67,1	704	704
P33,1	705	705
P42,1	706	706
P51,1	707	707
P94,1	708	708
P9,1	709	709
P111,1	710	710
P81,1	711	711
P2,1	712	712
P6,1	713	713
P43,1	714	714
P95,1	715	715
P113,1	716	716
P52,1	717	717
P64,1	718	718
P103,1	719	719
P16,1	720	720
P83,1	721	721
P104,1	722	722
P29,1	723	723
P17,1	724	724
P48,1	725	725
P90,1	726	726
P18,1	727	727
P15,1	728	728
P31,1	729	729
P57,1	730	730
P39,1	731	731
P35,1	732	732
P36,1	733	733
P115,1	734	734
P8,1	735	735
P73,1	736	736
P78,1	737	737
P91,1	738	738
P97,1	739	739
P13,1	740	740
P65,1	741	741
P10,1	742	742
P66,1	743	743
P25,1	744	744
P117,1	745	745
P59,1	746	746
P20,1	747	747
P107,1	748	748
P38,1	749	749
P74,1	750	750
P87,1	751	751
P63,1	752	752
P92,1	753	753
P32,1	754	754
P55,1	755	755
P109,1	756	756
P88,1	757	757
P4,1	758	758
P27,1	759	759
P60,1	760	760
P119,1	761	761
P67,1	762	762
P33,1	763	763
P42,1	764	764
P51,1	765	765
P94,1	766	766
P9,1	767	767
P111,1	768	768
P81,1	769	769
P2,1	770	770
P6,1	771	771
P43,1	772	772
P28,1	773	773
P89,1	774	774
P34,1	775	775
P72,1	776	776
P11,1	777	777
P82,1	778	778
P68,1	779	779
P114,1	780	780
P53,1	781	781
P61,1	782	782
P121,1	783	783
P48,1	784	784
P90,1	785	785
P18,1	786	786
P15,1	787	787
P31,1	788	788
P96,1	789	789
P84,1	790	790
P54,1	791	791
P105,1	792	792
P49,1	793	793
P106,1	794	794
P46,1	795	795
P12,1	796	796
P123,1	797	797
P91,1	798	798
P97,1	799	799
P13,1	800	800
P65,1	801	801
P125,1	802	802
P10,1	803	803
P66,1	804	804
P25,1	805	805
P117,1	806	806
P62,1	807	807
P7,1	808	808
P24,1	809	809
P108,1	810	810
P40,1	811	811
P41,1	812	812
P21,1	813	813
P47,1	814	814
P22,1	815	815
P71,1	816	816
P127,1	817	817
P109,1	818	818
P88,1	819	819
P4,1	820	820
P27,1	821	821
P60,1	822	822
P129,1	823	823
P119,1	824	824
P67,1	825	825
P33,1	826	826
P42,1	827	827
P51,1	828	828
P94,1	829	829
P9,1	830	830
P111,1	831	831
P81,1	832	832
P2,1	833	833
P102,1	834	834
P112,1	835	835
P131,1	836	836
P28,1	837	837
P89,1	838	838
P34,1	839	839
P72,1	840	840
P11,1	841	841
P82,1	842	842
P68,1	843	843
P83,1	844	844
P104,1	845	845
P29,1	846	846
P17,1	847	847
P44,1	848	848
P77,1	849	849
P45,1	850	850
P19,1	851	851
P69,1	852	852
P133,1	853	853
P96,1	854	854
P84,1	855	855
P54,1	856	856
P105,1	857	857
P49,1	858	858
P106,1	859	859
P46,1	860	860
P12,1	861	861
P123,1	862	862
P91,1	863	863
P97,1	864	864
P13,1	865	865
P79,1	866	866
P124,1	867	867
P86,1	868	868
P135,1	869	869
P66,1	870	870
P25,1	871	871
P117,1	872	872
P62,1	873	873
P59,1	874	874
P20,1	875	875
P107,1	876	876
P38,1	877	877
P74,1	878	878
P87,1	879	879
P63,1	880	880
P92,1	881	881
P32,1	882	882
P137,1	883	883
P127,1	884	884
P109,1	885	885
P88,1	886	886
P4,1	887	887
P50,1	888	888
P99,1	889	889
P128,1	890	890
P75,1	891	891
P23,1	892	892
P14,1	893	893
P100,1	894	894
P26,1	895	895
P30,1	896	896
P139,1	897	897
P9,1	898	898
P111,1	899	899
P81,1	900	900
P2,1	901	901
P102,1	902	902
P112,1	903	903
P43,1	904	904
P120,1	905	905
P95,1	906	906
P113,1	907	907
P52,1	908	908
P64,1	909	909
P103,1	910	910
P16,1	911	911
P141,1	912	912
P83,1	913	913
P104,1	914	914
P29,1	915	915
P17,1	916	916
P44,1	917	917
P77,1	918	918
P45,1	919	919
P19,1	920	920
P69,1	921	921
P133,1	922	922
P122,1	923	923
P57,1	924	924
P39,1	925	925
P35,1	926	926
P143,1	927	927
P49,1	928	928
P106,1	929	929
P46,1	930	930
P12,1	931	931
P123,1	932	932
P91,1	933	933
P97,1	934	934
P13,1	935	935
P79,1	936	936
P124,1	937	937
P86,1	938	938
P10,1	939	939
P37,1	940	940
P145,1	941	941
P25,1	942	942
P117,1	943	943
P62,1	944	944
P59,1	945	945
P7,1	946	946
P24,1	947	947
P108,1	948	948
P40,1	949	949
P41,1	950	950
P21,1	951	951
P47,1	952	952
P22,1	953	953
P71,1	954	954
P55,1	955	955
P93,1	956	956
P147,1	957	957
P88,1	958	958
P4,1	959	959
P50,1	960	960
P99,1	961	961
P128,1	962	962
P75,1	963	963
P23,1	964	964
P14,1	965	965
P100,1	966	966
P42,1	967	967
P51,1	968	968
P94,1	969	969
P110,1	970	970
P101,1	971	971
P76,1	972	972
P56,1	973	973
P130,1	974	974
P6,1	975	975
P140,1	976	976
P131,1	977	977
P149,1	978	978
P95,1	979	979
P113,1	980	980
P52,1	981	981
P64,1	982	982
P103,1	983	983
P16,1	984	984
P141,1	985	985
P83,1	986	986
P104,1	987	987
P29,1	988	988
P17,1	989	989
P121,1	990	990
P48,1	991	991
P90,1	992	992
P18,1	993	993
P15,1	994	994
P31,1	995	995
P142,1	996	996
P96,1	997	997
P151,1	998	998
P39,1	999	999
P35,1	1000	1000
P105,1	1001	1001
P36,1	1002	1002
P115,1	1003	1003
P8,1	1004	1004
P73,1	1005	1005
P78,1	1006	1006
P116,1	1007	1007
P85,1	1008	1008
P58,1	1009	1009
P153,1	1010	1010
P79,1	1011	1011
P124,1	1012	1012
P125,1	1013	1013
P144,1	1014	1014
P135,1	1015	1015
P66,1	1016	1016
P70,1	1017	1017
P155,1	1018	1018
P117,1	1019	1019
P62,1	1020	1020
P59,1	1021	1021
P7,1	1022	1022
P24,1	1023	1023
P108,1	1024	1024
P38,1	1025	1025
P74,1	1026	1026
P87,1	1027	1027
P63,1	1028	1028
P92,1	1029	1029
P32,1	1030	1030
P137,1	1031	1031
P127,1	1032	1032
P109,1	1033	1033
P80,1	1034	1034
P118,1	1035	1035
P157,1	1036	1036
P50,1	1037	1037
P99,1	1038	1038
P128,1	1039	1039
P75,1	1040	1040
P119,1	1041	1041
P67,1	1042	1042
P33,1	1043	1043
P148,1	1044	1044
P26,1	1045	1045
P159,1	1046	1046
P94,1	1047	1047
P110,1	1048	1048
P101,1	1049	1049
P76,1	1050	1050
P56,1	1051	1051
P2,1	1052	1052
P102,1	1053	1053
P112,1	1054	1054
P43,1	1055	1055
P120,1	1056	1056
P161,1	1057	1057
P95,1	1058	1058
P113,1	1059	1059
P34,1	1060	1060
P72,1	1061	1061
P11,1	1062	1062
P82,1	1063	1063
P68,1	1064	1064
P132,1	1065	1065
P114,1	1066	1066
P53,1	1067	1067
P61,1	1068	1068
P150,1	1069	1069
P44,1	1070	1070
P77,1	1071	1071
P163,1	1072	1072
P18,1	1073	1073
P19,1	1074	1074
P165,1	1075	1075
P31,1	1076	1076
P142,1	1077	1077
P96,1	1078	1078
P151,1	1079	1079
P39,1	1080	1080
P35,1	1081	1081
P105,1	1082	1082
P36,1	1083	1083
P115,1	1084	1084
P8,1	1085	1085
P73,1	1086	1086
P78,1	1087	1087
P123,1	1088	1088
P91,1	1089	1089
P167,1	1090	1090
P58,1	1091	1091
P153,1	1092	1092
P79,1	1093	1093
P124,1	1094	1094
P125,1	1095	1095
P144,1	1096	1096
P135,1	1097	1097
P66,1	1098	1098
P70,1	1099	1099
P155,1	1100	1100
P117,1	1101	1101
P126,1	1102	1102
P136,1	1103	1103
P146,1	1104	1104
P20,1	1105	1105
P107,1	1106	1106
P156,1	1107	1107
P169,1	1108	1108
P40,1	1109	1109
P41,1	1110	1110
P21,1	1111	1111
P47,1	1112	1112
P22,1	1113	1113
P71,1	1114	1114
P55,1	1115	1115
P93,1	1116	1116
P147,1	1117	1117
P88,1	1118	1118
P171,1	1119	1119
P157,1	1120	1120
P50,1	1121	1121
P99,1	1122	1122
P128,1	1123	1123
P129,1	1124	1124
P158,1	1125	1125
P23,1	1126	1126
P14,1	1127	1127
P100,1	1128	1128
P42,1	1129	1129
P51,1	1130	1130
P30,1	1131	1131
P139,1	1132	1132
P9,1	1133	1133
P111,1	1134	1134
P81,1	1135	1135
P173,1	1136	1136
P2,1	1137	1137
P102,1	1138	1138
P112,1	1139	1139
P43,1	1140	1140
P120,1	1141	1141
P161,1	1142	1142
P95,1	1143	1143
P113,1	1144	1144
P162,1	1145	1145
P52,1	1146	1146
P64,1	1147	1147
P103,1	1148	1148
P16,1	1149	1149
P141,1	1150	1150
P175,1	1151	1151
P114,1	1152	1152
P53,1	1153	1153
P177,1	1154	1154
P61,1	1155	1155
P17,1	1156	1156
P121,1	1157	1157
P48,1	1158	1158
P90,1	1159	1159
P45,1	1160	1160
P164,1	1161	1161
P15,1	1162	1162
P69,1	1163	1163
P179,1	1164	1164
P142,1	1165	1165
P96,1	1166	1166
P151,1	1167	1167
P39,1	1168	1168
P35,1	1169	1169
P152,1	1170	1170
P181,1	1171	1171
P36,1	1172	1172
P115,1	1173	1173
P8,1	1174	1174
P73,1	1175	1175
P78,1	1176	1176
P123,1	1177	1177
P91,1	1178	1178
P85,1	1179	1179
P183,1	1180	1180
P58,1	1181	1181
P153,1	1182	1182
P79,1	1183	1183
P65,1	1184	1184
P154,1	1185	1185
P86,1	1186	1186
P135,1	1187	1187
P66,1	1188	1188
P70,1	1189	1189
P25,1	1190	1190
P98,1	1191	1191
P168,1	1192	1192
P185,1	1193	1193
P136,1	1194	1194
P146,1	1195	1195
P7,1	1196	1196
P24,1	1197	1197
P108,1	1198	1198
P38,1	1199	1199
P170,1	1200	1200
P74,1	1201	1201
P87,1	1202	1202
P63,1	1203	1203
P92,1	1204	1204
P32,1	1205	1205
P137,1	1206	1206
P127,1	1207	1207
P187,1	1208	1208
P147,1	1209	1209
P88,1	1210	1210
P171,1	1211	1211
P157,1	1212	1212
P50,1	1213	1213
P99,1	1214	1214
P128,1	1215	1215
P129,1	1216	1216
P158,1	1217	1217
P23,1	1218	1218
P67,1	1219	1219
P33,1	1220	1220
P148,1	1221	1221
P26,1	1222	1222
P159,1	1223	1223
P94,1	1224	1224
P110,1	1225	1225
P101,1	1226	1226
P76,1	1227	1227
P189,1	1228	1228
P173,1	1229	1229
P2,1	1230	1230
P102,1	1231	1231
P6,1	1232	1232
P140,1	1233	1233
P131,1	1234	1234
P149,1	1235	1235
P28,1	1236	1236
P191,1	1237	1237
P113,1	1238	1238
P162,1	1239	1239
P52,1	1240	1240
P64,1	1241	1241
P103,1	1242	1242
P16,1	1243	1243
P141,1	1244	1244
P175,1	1245	1245
P83,1	1246	1246
P104,1	1247	1247
P176,1	1248	1248
P29,1	1249	1249
P178,1	1250	1250
P150,1	1251	1251
P44,1	1252	1252
P77,1	1253	1253
P193,1	1254	1254
P45,1	1255	1255
P164,1	1256	1256
P15,1	1257	1257
P69,1	1258	1258
P179,1	1259	1259
P142,1	1260	1260
P96,1	1261	1261
P151,1	1262	1262
P39,1	1263	1263
P35,1	1264	1264
P195,1	1265	1265
P152,1	1266	1266
P181,1	1267	1267
P36,1	1268	1268
P115,1	1269	1269
P8,1	1270	1270
P73,1	1271	1271
P78,1	1272	1272
P123,1	1273	1273
P91,1	1274	1274
P85,1	1275	1275
P183,1	1276	1276
P58,1	1277	1277
P13,1	1278	1278
P134,1	1279	1279
P184,1	1280	1280
P124,1	1281	1281
P125,1	1282	1282
P144,1	1283	1283
P37,1	1284	1284
P145,1	1285	1285
P10,2	1286	1286
P155,1	1287	1287
P117,1	1288	1288
P197,1	1289	1289
P185,1	1290	1290
P136,1	1291	1291
P146,1	1292	1292
P186,1	1293	1293
P20,1	1294	1294
P107,1	1295	1295
P156,1	1296	1296
P169,1	1297	1297
P40,1	1298	1298
P41,1	1299	1299
P21,1	1300	1300
P47,1	1301	1301
P199,1	1302	1302
P32,1	1303	1303
P137,1	1304	1304
P127,1	1305	1305
P187,1	1306	1306
P147,1	1307	1307
P80,1	1308	1308
P118,1	1309	1309
P4,1	1310	1310
P138,1	1311	1311
P27,1	1312	1312
P60,1	1313	1313
P172,1	1314	1314
P75,1	1315	1315
P119,1	1316	1316
P188,1	1317	1317
P14,1	1318	1318
P100,1	1319	1319
P42,1	1320	1320
P51,1	1321	1321
P30,1	1322	1322
P139,1	1323	1323
P9,1	1324	1324
P111,1	1325	1325
P81,1	1326	1326
P56,1	1327	1327
P160,1	1328	1328
P130,1	1329	1329
P190,1	1330	1330
P112,1	1331	1331
P43,1	1332	1332
P120,1	1333	1333
P161,1	1334	1334
P95,1	1335	1335
P89,1	1336	1336
P174,1	1337	1337
P34,1	1338	1338
P72,1	1339	1339
P11,1	1340	1340
P82,1	1341	1341
P68,1	1342	1342
P132,1	1343	1343
P192,1	1344	1344
P114,1	1345	1345
P53,1	1346	1346
P177,1	1347	1347
P61,1	1348	1348
P17,1	1349	1349
P121,1	1350	1350
P48,1	1351	1351
P90,1	1352	1352
P163,1	1353	1353
P18,1	1354	1354
P19,1	1355	1355
P165,1	1356	1356
P31,1	1357	1357
P133,1	1358	1358
P122,1	1359	1359
P57,1	1360	1360
P84,1	1361	1361
P54,1	1362	1362
P194,1	1363	1363
P180,1	1364	1364
P105,1	1365	1365
P143,1	1366	1366
P49,1	1367	1367
P106,1	1368	1368
P46,1	1369	1369
P78,1	1370	1370
P123,1	1371	1371
P91,1	1372	1372
P85,1	1373	1373
P183,1	1374	1374
P58,1	1375	1375
P196,1	1376	1376
P153,1	1377	1377
P79,1	1378	1378
P65,1	1379	1379
P154,1	1380	1380
P86,1	1381	1381
P135,1	1382	1382
P66,1	1383	1383
P70,1	1384	1384
P25,1	1385	1385
P98,1	1386	1386
P168,1	1387	1387
P126,1	1388	1388
P62,1	1389	1389
P59,1	1390	1390
P198,1	1391	1391
P7,1	1392	1392
P24,1	1393	1393
P108,1	1394	1394
P38,1	1395	1395
P170,1	1396	1396
P74,1	1397	1397
P87,1	1398	1398
P63,1	1399	1399
P92,1	1400	1400
P22,1	1401	1401
P71,1	1402	1402
P55,1	1403	1403
P93,1	1404	1404
P109,1	1405	1405
P200,1	1406	1406
P88,1	1407	1407
P171,1	1408	1408
P157,1	1409	1409
P50,1	1410	1410
P99,1	1411	1411
P128,1	1412	1412
P129,1	1413	1413
P158,1	1414	1414
P23,1	1415	1415
P67,1	1416	1416
P33,1	1417	1417
P148,1	1418	1418
P26,1	1419	1419
P159,1	1420	1420
P94,1	1421	1421
P110,1	1422	1422
P101,1	1423	1423
P76,1	1424	1424
P189,1	1425	1425
P173,1	1426	1426
P2,1	1427	1427
P102,1	1428	1428
P6,1	1429	1429
P140,1	1430	1430
P131,1	1431	1431
P149,1	1432	1432
P28,1	1433	1433
P191,1	1434	1434
P113,1	1435	1435
P162,1	1436	1436
P52,1	1437	1437
P64,1	1438	1438
P103,1	1439	1439
P16,1	1440	1440
P141,1	1441	1441
P175,1	1442	1442
P83,1	1443	1443
P104,1	1444	1444
P176,1	1445	1445
P29,1	1446	1446
P178,1	1447	1447
P150,1	1448	1448
P44,1	1449	1449
P77,1	1450	1450
P193,1	1451	1451
P45,1	1452	1452
P164,1	1453	1453
P15,1	1454	1454
P69,1	1455	1455
P179,1	1456	1456
P142,1	1457	1457
P96,1	1458	1458
P151,1	1459	1459
P39,1	1460	1460
P35,1	1461	1461
P195,1	1462	1462
P152,1	1463	1463
P181,1	1464	1464
P36,1	1465	1465
P115,1	1466	1466
P8,1	1467	1467
P73,1	1468	1468
P166,1	1469	1469
P116,1	1470	1470
P182,1	1471	1471
P167,1	1472	1472
P97,1	1473	1473
P12,2	1474	1474
P13,1	1475	1475
P134,1	1476	1476
P184,1	1477	1477
P124,1	1478	1478
P125,1	1479	1479
P144,1	1480	1480
P37,1	1481	1481
P145,1	1482	1482
P10,2	1483	1483
P155,1	1484	1484
P117,1	1485	1485
P197,1	1486	1486
P185,1	1487	1487
P136,1	1488	1488
P146,1	1489	1489
P186,1	1490	1490
P20,1	1491	1491
P107,1	1492	1492
P156,1	1493	1493
P169,1	1494	1494
P40,1	1495	1495
P41,1	1496	1496
P21,1	1497	1497
P47,1	1498	1498
P199,1	1499	1499
P32,1	1500	1500
P137,1	1501	1501
P127,1	1502	1502
P187,1	1503	1503
P147,1	1504	1504
P80,1	1505	1505
P118,1	1506	1506
P4,1	1507	1507
P138,1	1508	1508
P27,1	1509	1509
P60,1	1510	1510
P172,1	1511	1511
P75,1	1512	1512
P119,1	1513	1513
P188,1	1514	1514
P14,1	1515	1515
P100,1	1516	1516
P42,1	1517	1517
P51,1	1518	1518
P30,1	1519	1519
P139,1	1520	1520
P9,1	1521	1521
P111,1	1522	1522
P81,1	1523	1523
P56,1	1524	1524
P160,1	1525	1525
P130,1	1526	1526
P190,1	1527	1527
P112,1	1528	1528
P43,1	1529	1529
P120,1	1530	1530
P161,1	1531	1531
P95,1	1532	1532
P89,1	1533	1533
P174,1	1534	1534
P34,1	1535	1535
P72,1	1536	1536
P11,1	1537	1537
P82,1	1538	1538
P68,1	1539	1539
P132,1	1540	1540
P192,1	1541	1541
P114,1	1542	1542
P53,1	1543	1543
P177,1	1544	1544
P61,1	1545	1545
P17,1	1546	1546
P121,1	1547	1547
P48,1	1548	1548
P90,1	1549	1549
P163,1	1550	1550
P18,1	1551	1551
P19,1	1552	1552
P165,1	1553	1553
P31,1	1554	1554
P133,1	1555	1555
P122,1	1556	1556
P57,1	1557	1557
P84,1	1558	1558
P54,1	1559	1559
P194,1	1560	1560
P180,1	1561	1561
P105,1	1562	1562
P143,1	1563	1563
P49,1	1564	1564
P106,1	1565	1565
P46,1	1566	1566
P78,1	1567	1567
P123,1	1568	1568
P91,1	1569	1569
P85,1	1570	1570
P183,1	1571	1571
P58,1	1572	1572
P196,1	1573	1573
P153,1	1574	1574
P79,1	1575	1575
P65,1	1576	1576
P154,1	1577	1577
P86,1	1578	1578
P135,1	1579	1579
P66,1	1580	1580
P70,1	1581	1581
P25,1	1582	1582
P98,1	1583	1583
P168,1	1584	1584
P126,1	1585	1585
P62,1	1586	1586
P59,1	1587	1587
P198,1	1588	1588
P7,1	1589	1589
P24,1	1590	1590
P108,1	1591	1591
P38,1	1592	1592
P170,1	1593	1593
P74,1	1594	1594
P87,1	1595	1595
P63,1	1596	1596
P92,1	1597	1597
P22,1	1598	1598
P71,1	1599	1599
P55,1	1600	1600
P93,1	1601	1601
P109,1	1602	1602
P200,1	1603	1603
P88,1	1604	1604
P171,1	1605	1605
P157,1	1606	1606
P50,1	1607	1607
P99,1	1608	1608
P128,1	1609	1609
P129,1	1610	1610
P158,1	1611	1611
P23,1	1612	1612
P67,1	1613	1613
P33,1	1614	1614
P148,1	1615	1615
P26,1	1616	1616
P159,1	1617	1617
P94,1	1618	1618
P110,1	1619	1619
P101,1	1620	1620
P76,1	1621	1621
P189,1	1622	1622
P173,1	1623	1623
P2,1	1624	1624
P102,1	1625	1625
P6,1	1626	1626
P140,1	1627	1627
P131,1	1628	1628
P149,1	1629	1629
P28,1	1630	1630
P191,1	1631	1631
P113,1	1632	1632
P162,1	1633	1633
P52,1	1634	1634
P64,1	1635	1635
P103,1	1636	1636
P16,1	1637	1637
P141,1	1638	1638
P175,1	1639	1639
P83,1	1640	1640
P104,1	1641	1641
P176,1	1642	1642
P29,1	1643	1643
P178,1	1644	1644
P150,1	1645	1645
P44,1	1646	1646
P77,1	1647	1647
P193,1	1648	1648
P45,1	1649	1649
P164,1	1650	1650
P15,1	1651	1651
P69,1	1652	1652
P179,1	1653	1653
P142,1	1654	1654
P96,1	1655	1655
P151,1	1656	1656
P39,1	1657	1657
P35,1	1658	1658
P195,1	1659	1659
P152,1	1660	1660
P181,1	1661	1661
P36,1	1662	1662
P115,1	1663	1663
P8,1	1664	1664
P73,1	1665	1665
P166,1	1666	1666
P116,1	1667	1667
P182,1	1668	1668
P167,1	1669	1669
P97,1	1670	1670
P12,2	1671	1671
P13,1	1672	1672
P134,1	1673	1673
P184,1	1674	1674
P124,1	1675	1675
P125,1	1676	1676
P144,1	1677	1677
P37,1	1678	1678
P145,1	1679	1679
P10,2	1680	1680
P155,1	1681	1681
P117,1	1682	1682
P197,1	1683	1683
P185,1	1684	1684
P136,1	1685	1685
P146,1	1686	1686
P186,1	1687	1687
P20,1	1688	1688
P107,1	1689	1689
P156,1	1690	1690
P169,1	1691	1691
P40,1	1692	1692
P41,1	1693	1693
P21,1	1694	1694
P47,1	1695	1695
P199,1	1696	1696
P32,1	1697	1697
P137,1	1698	1698
P127,1	1699	1699
P187,1	1700	1700
P147,1	1701	1701
P80,1	1702	1702
P118,1	1703	1703
P4,1	1704	1704
P138,1	1705	1705
P27,1	1706	1706
P60,1	1707	1707
P172,1	1708	1708
P75,1	1709	1709
P119,1	1710	1710
P188,1	1711	1711
P14,1	1712	1712
P100,1	1713	1713
P42,1	1714	1714
P51,1	1715	1715
P30,1	1716	1716
P139,1	1717	1717
P9,1	1718	1718
P111,1	1719	1719
P81,1	1720	1720
P56,1	1721	1721
P160,1	1722	1722
P130,1	1723	1723
P190,1	1724	1724
P112,1	1725	1725
P43,1	1726	1726
P120,1	1727	1727
P161,1	1728	1728
P95,1	1729	1729
P89,1	1730	1730
P174,1	1731	1731
P34,1	1732	1732
P72,1	1733	1733
P11,1	1734	1734
P82,1	1735	1735
P68,1	1736	1736
P132,1	1737	1737
P192,1	1738	1738
P114,1	1739	1739
P53,1	1740	1740
P177,1	1741	1741
P61,1	1742	1742
P17,1	1743	1743
P121,1	1744	1744
P48,1	1745	1745
P90,1	1746	1746
P163,1	1747	1747
P18,1	1748	1748
P19,1	1749	1749
P165,1	1750	1750
P31,1	1751	1751
P133,1	1752	1752
P122,1	1753	1753
P57,1	1754	1754
P84,1	1755	1755
P54,1	1756	1756
P194,1	1757	1757
P180,1	1758	1758
P105,1	1759	1759
P143,1	1760	1760
P49,1	1761	1761
P106,1	1762	1762
P46,1	1763	1763
P78,1	1764	1764
P123,1	1765	1765
P91,1	1766	1766
P85,1	1767	1767
P183,1	1768	1768
P58,1	1769	1769
P196,1	1770	1770
P153,1	1771	1771
P79,1	1772	1772
P65,1	1773	1773
P154,1	1774	1774
P86,1	1775	1775
P135,1	1776	1776
P66,1	1777	1777
P70,1	1778	1778
P25,1	1779	1779
P98,1	1780	1780
P168,1	1781	1781
P126,1	1782	1782
P62,1	1783	1783
P59,1	1784	1784
P198,1	1785	1785
P7,1	1786	1786
P107,1	1787	1787
P156,1	1788	1788
P169,1	1789	1789
P40,1	1790	1790
P41,1	1791	1791
P21,1	1792	1792
P47,1	1793	1793
P199,1	1794	1794
P32,1	1795	1795
P137,1	1796	1796
P127,1	1797	1797
P187,1	1798	1798
P147,1	1799	1799
P80,1	1800	1800
P118,1	1801	1801
P4,1	1802	1802
P138,1	1803	1803
P27,1	1804	1804
P60,1	1805	1805
P172,1	1806	1806
P75,1	1807	1807
P119,1	1808	1808
P188,1	1809	1809
P14,1	1810	1810
P100,1	1811	1811
P42,1	1812	1812
P51,1	1813	1813
P30,1	1814	1814
P139,1	1815	1815
P9,1	1816	1816
P111,1	1817	1817
P81,1	1818	1818
P56,1	1819	1819
P160,1	1820	1820
P130,1	1821	1821
P190,1	1822	1822
P112,1	1823	1823
P43,1	1824	1824
P120,1	1825	1825
P161,1	1826	1826
P95,1	1827	1827
P89,1	1828	1828
P174,1	1829	1829
P34,1	1830	1830
P72,1	1831	1831
P11,1	1832	1832
P82,1	1833	1833
P68,1	1834	1834
P132,1	1835	1835
P192,1	1836	1836
P114,1	1837	1837
P53,1	1838	1838
P177,1	1839	1839
P61,1	1840	1840
P17,1	1841	1841
P121,1	1842	1842
P48,1	1843	1843
P90,1	1844	1844
P163,1	1845	1845
P18,1	1846	1846
P19,1	1847	1847
P165,1	1848	1848
P31,1	1849	1849
P133,1	1850	1850
P122,1	1851	1851
P57,1	1852	1852
P84,1	1853	1853
P54,1	1854	1854
P194,1	1855	1855
P180,1	1856	1856
P105,1	1857	1857
P143,1	1858	1858
P49,1	1859	1859
P106,1	1860	1860
P46,1	1861	1861
P78,1	1862	1862
P123,1	1863	1863
P91,1	1864	1864
P85,1	1865	1865
P183,1	1866	1866
P58,1	1867	1867
P196,1	1868	1868
P153,1	1869	1869
P79,1	1870	1870
P65,1	1871	1871
P154,1	1872	1872
P86,1	1873	1873
P135,1	1874	1874
P66,1	1875	1875
P70,1	1876	1876
P25,1	1877	1877
P98,1	1878	1878
P168,1	1879	1879
P126,1	1880	1880
P62,1	1881	1881
P59,1	1882	1882
P198,1	1883	1883
P7,1	1884	1884
P107,1	1885	1885
P156,1	1886	1886
P169,1	1887	1887
P40,1	1888	1888
P41,1	1889	1889
P21,1	1890	1890
P47,1	1891	1891
P199,1	1892	1892
P32,1	1893	1893
P137,1	1894	1894
P127,1	1895	1895
P187,1	1896	1896
P147,1	1897	1897
P80,1	1898	1898
P118,1	1899	1899
P4,1	1900	1900
P138,1	1901	1901
P27,1	1902	1902
P60,1	1903	1903
P172,1	1904	1904
P75,1	1905	1905
P119,1	1906	1906
P188,1	1907	1907
P14,1	1908	1908
P100,1	1909	1909
P42,1	1910	1910
P51,1	1911	1911
P30,1	1912	1912
P139,1	1913	1913
P9,1	1914	1914
P111,1	1915	1915
P81,1	1916	1916
P56,1	1917	1917
P160,1	1918	1918
P130,1	1919	1919
P190,1	1920	1920
P112,1	1921	1921
P43,1	1922	1922
P120,1	1923	1923
P161,1	1924	1924
P95,1	1925	1925
P89,1	1926	1926
P174,1	1927	1927
P34,1	1928	1928
P72,1	1929	1929
P11,1	1930	1930
P82,1	1931	1931
P68,1	1932	1932
P132,1	1933	1933
P192,1	1934	1934
P114,1	1935	1935
P53,1	1936	1936
P177,1	1937	1937
P61,1	1938	1938
P17,1	1939	1939
P121,1	1940	1940
P48,1	1941	1941
P90,1	1942	1942
P163,1	1943	1943
P18,1	1944	1944
P19,1	1945	1945
P165,1	1946	1946
P31,1	1947	1947
P133,1	1948	1948
P122,1	1949	1949
P57,1	1950	1950
P84,1	1951	1951
P54,1	1952	1952
P194,1	1953	1953
P180,1	1954	1954
P105,1	1955	1955
P143,1	1956	1956
P49,1	1957	1957
P106,1	1958	1958
P46,1	1959	1959
P78,1	1960	1960
P123,1	1961	1961
P91,1	1962	1962
P85,1	1963	1963
P183,1	1964	1964
P58,1	1965	1965
P196,1	1966	1966
P153,1	1967	1967
P79,1	1968	1968
P65,1	1969	1969
P154,1	1970	1970
P86,1	1971	1971
P135,1	1972	1972
P66,1	1973	1973
P70,1	1974	1974
P25,1	1975	1975
P98,1	1976	1976
P168,1	1977	1977
P126,1	1978	1978
P62,1	1979	1979
P59,1	1980	1980
P198,1	1981	1981
P7,1	1982	1982
P107,1	1983	1983
P156,1	1984	1984
P169,1	1985	1985
P40,1	1986	1986
P41,1	1987	1987
P21,1	1988	1988
P47,1	1989	1989
P199,1	1990	1990
P32,1	1991	1991
P137,1	1992	1992
P127,1	1993	1993
P187,1	1994	1994
P147,1	1995	1995
P80,1	1996	1996
P118,1	1997	1997
P4,1	1998	1998
P138,1	1999	1999
P27,1	2000	2000
P60,1	2001	2001
P172,1	2002	2002
P75,1	2003	2003
P119,1	2004	2004
P188,1	2005	2005
P14,1	2006	2006
P100,1	2007	2007
P42,1	2008	2008
P51,1	2009	2009
P30,1	2010	2010
P139,1	2011	2011
P9,1	2012	2012
P111,1	2013	2013
P81,1	2014	2014
P56,1	2015	2015
P160,1	2016	2016
P130,1	2017	2017
P190,1	2018	2018
P112,1	2019	2019
P43,1	2020	2020
P120,1	2021	2021
P161,1	2022	2022
P95,1	2023	2023
P89,1	2024	2024
P174,1	2025	2025
P34,1	2026	2026
P72,1	2027	2027
P11,1	2028	2028
P82,1	2029	2029
P68,1	2030	2030
P132,1	2031	2031
P192,1	2032	2032
P114,1	2033	2033
P53,1	2034	2034
P177,1	2035	2035
P61,1	2036	2036
P17,1	2037	2037
P121,1	2038	2038
P48,1	2039	2039
P90,1	2040	2040
P163,1	2041	2041
P18,1	2042	2042
P19,1	2043	2043
P165,1	2044	2044
P31,1	2045	2045
P133,1	2046	2046
P122,1	2047	2047
P57,1	2048	2048
P84,1	2049	2049
P54,1	2050	2050
P194,1	2051	2051
P180,1	2052	2052
P105,1	2053	2053
P143,1	2054	2054
P49,1	2055	2055
P106,1	2056	2056
P46,1	2057	2057
P78,1	2058	2058
P123,1	2059	2059
P91,1	2060	2060
P85,1	2061	2061
P183,1	2062	2062
P58,1	2063	2063
P196,1	2064	2064
P153,1	2065	2065
P79,1	2066	2066
P65,1	2067	2067
P154,1	2068	2068
P86,1	2069	2069
P135,1	2070	2070
P66,1	2071	2071
P70,1	2072	2072
P25,1	2073	2073
P98,1	2074	2074
P168,1	2075	2075
P126,1	2076	2076
P62,1	2077	2077
P59,1	2078	2078
P198,1	2079	2079
P7,1	2080	2080
P107,1	2081	2081
P156,1	2082	2082
P169,1	2083	2083
P40,1	2084	2084
P41,1	2085	2085
P21,1	2086	2086
P47,1	2087	2087
P199,1	2088	2088
P32,1	2089	2089
P137,1	2090	2090
P127,1	2091	2091
P187,1	2092	2092
P147,1	2093	2093
P80,1	2094	2094
P118,1	2095	2095
P4,1	2096	2096
P138,1	2097	2097
P27,1	2098	2098
P60,1	2099	2099
P172,1	2100	2100
P75,1	2101	2101
P119,1	2102	2102
P188,1	2103	2103
P14,1	2104	2104
P100,1	2105	2105
P42,1	2106	2106
P51,1	2107	2107
P30,1	2108	2108
P139,1	2109	2109
P9,1	2110	2110
P111,1	2111	2111
P81,1	2112	2112
P56,1	2113	2113
P160,1	2114	2114
P130,1	2115	2115
P190,1	2116	2116
P112,1	2117	2117
P43,1	2118	2118
P120,1	2119	2119
P161,1	2120	2120
P95,1	2121	2121
P89,1	2122	2122
P174,1	2123	2123
P34,1	2124	2124
P72,1	2125	2125
P11,1	2126	2126
P82,1	2127	2127
P68,1	2128	2128
P132,1	2129	2129
P192,1	2130	2130
P114,1	2131	2131
P53,1	2132	2132
P177,1	2133	2133
P61,1	2134	2134
P17,1	2135	2135
P121,1	2136	2136
P48,1	2137	2137
P90,1	2138	2138
P163,1	2139	2139
P18,1	2140	2140
P19,1	2141	2141
P165,1	2142	2142
P31,1	2143	2143
P133,1	2144	2144
P122,1	2145	2145
P57,1	2146	2146
P84,1	2147	2147
P54,1	2148	2148
P194,1	2149	2149
P180,1	2150	2150
P105,1	2151	2151
P143,1	2152	2152
P49,1	2153	2153
P106,1	2154	2154
P46,1	2155	2155
P78,1	2156	2156
P123,1	2157	2157
P91,1	2158	2158
P85,1	2159	2159
P183,1	2160	2160
P58,1	2161	2161
P196,1	2162	2162
P153,1	2163	2163
P79,1	2164	2164
P65,1	2165	2165
P154,1	2166	2166
P86,1	2167	2167
P135,1	2168	2168
P66,1	2169	2169
P70,1	2170	2170
P25,1	2171	2171
P98,1	2172	2172
P168,1	2173	2173
P126,1	2174	2174
P62,1	2175	2175
P59,1	2176	2176
P198,1	2177	2177
P7,1	2178	2178
P107,1	2179	2179
P156,1	2180	2180
P169,1	2181	2181
P40,1	2182	2182
P41,1	2183	2183
P21,1	2184	2184
P47,1	2185	2185
P199,1	2186	2186
P32,1	2187	2187
P137,1	2188	2188
P127,1	2189	2189
P187,1	2190	2190
P147,1	2191	2191
P80,1	2192	2192
P118,1	2193	2193
P4,1	2194	2194
P138,1	2195	2195
P27,1	2196	2196
P60,1	2197	2197
P172,1	2198	2198
P75,1	2199	2199
P119,1	2200	2200
P188,1	2201	2201
P14,1	2202	2202
P100,1	2203	2203
P42,1	2204	2204
P51,1	2205	2205
P30,1	2206	2206
P139,1	2207	2207
P9,1	2208	2208
P111,1	2209	2209
P81,1	2210	2210
P56,1	2211	2211
P160,1	2212	2212
P130,1	2213	2213
P190,1	2214	2214
P112,1	2215	2215
P43,1	2216	2216
P120,1	2217	2217
P161,1	2218	2218
P95,1	2219	2219
P89,1	2220	2220
P174,1	2221	2221
P34,1	2222	2222
P72,1	2223	2223
P11,1	2224	2224
P82,1	2225	2225
P68,1	2226	2226
P132,1	2227	2227
P192,1	2228	2228
P114,1	2229	2229
P53,1	2230	2230
P177,1	2231	2231
P61,1	2232	2232
P17,1	2233	2233
P121,1	2234	2234
P48,1	2235	2235
P90,1	2236	2236
P163,1	2237	2237
P18,1	2238	2238
P19,1	2239	2239
P165,1	2240	2240
P31,1	2241	2241
P133,1	2242	2242
P122,1	2243	2243
P57,1	2244	2244
P84,1	2245	2245
P54,1	2246	2246
P194,1	2247	2247
P180,1	2248	2248
P105,1	2249	2249
P143,1	2250	2250
P49,1	2251	2251
P106,1	2252	2252
P46,1	2253	2253
P78,1	2254	2254
P123,1	2255	2255
P91,1	2256	2256
P85,1	2257	2257
P183,1	2258	2258
P58,1	2259	2259
P196,1	2260	2260
P153,1	2261	2261
P79,1	2262	2262
P65,1	2263	2263
P154,1	2264	2264
P86,1	2265	2265
P135,1	2266	2266
P66,1	2267	2267
P70,1	2268	2268
P25,1	2269	2269
P98,1	2270	2270
P168,1	2271	2271
P126,1	2272	2272
P62,1	2273	2273
P59,1	2274	2274
P198,1	2275	2275
P7,1	2276	2276
P107,1	2277	2277
P156,1	2278	2278
P169,1	2279	2279
P40,1	2280	2280
P41,1	2281	2281
P21,1	2282	2282
P47,1	2283	2283
P199,1	2284	2284
P32,1	2285	2285
P137,1	2286	2286
P127,1	2287	2287
P187,1	2288	2288
P147,1	2289	2289
P80,1	2290	2290
P118,1	2291	2291
P4,1	2292	2292
P138,1	2293	2293
P27,1	2294	2294
P60,1	2295	2295
P172,1	2296	2296
P75,1	2297	2297
P119,1	2298	2298
P188,1	2299	2299
P14,1	2300	2300
P100,1	2301	2301
P42,1	2302	2302
P51,1	2303	2303
P30,1	2304	2304
P139,1	2305	2305
P9,1	2306	2306
P111,1	2307	2307
P81,1	2308	2308
P56,1	2309	2309
P160,1	2310	2310
P130,1	2311	2311
P190,1	2312	2312
P112,1	2313	2313
P43,1	2314	2314
P120,1	2315	2315
P161,1	2316	2316
P95,1	2317	2317
P89,1	2318	2318
P174,1	2319	2319
P34,1	2320	2320
P72,1	2321	2321
P11,1	2322	2322
P82,1	2323	2323
P68,1	2324	2324
P132,1	2325	2325
P192,1	2326	2326
P114,1	2327	2327
P53,1	2328	2328
P177,1	2329	2329
P61,1	2330	2330
P17,1	2331	2331
P121,1	2332	2332
P48,1	2333	2333
P90,1	2334	2334
P163,1	2335	2335
P18,1	2336	2336
P19,1	2337	2337
P165,1	2338	2338
P31,1	2339	2339
P133,1	2340	2340
P122,1	2341	2341
P57,1	2342	2342
P84,1	2343	2343
P54,1	2344	2344
P194,1	2345	2345
P180,1	2346	2346
P105,1	2347	2347
P143,1	2348	2348
P49,1	2349	2349
P106,1	2350	2350
P46,1	2351	2351
P78,1	2352	2352
P123,1	2353	2353
P91,1	2354	2354
P85,1	2355	2355
P183,1	2356	2356
P58,1	2357	2357
P196,1	2358	2358
P153,1	2359	2359
P79,1	2360	2360
P65,1	2361	2361
P154,1	2362	2362
P86,1	2363	2363
P135,1	2364	2364
P66,1	2365	2365
P70,1	2366	2366
P25,1	2367	2367
P98,1	2368	2368
P168,1	2369	2369
P126,1	2370	2370
P62,1	2371	2371
P59,1	2372	2372
P198,1	2373	2373
P7,1	2374	2374
P107,1	2375	2375
P156,1	2376	2376
P169,1	2377	2377
P40,1	2378	2378
P41,1	2379	2379
P21,1	2380	2380
P47,1	2381	2381
P199,1	2382	2382
P32,1	2383	2383
P137,1	2384	2384
P127,1	2385	2385
P187,1	2386	2386
P147,1	2387	2387
P80,1	2388	2388
P118,1	2389	2389
P4,1	2390	2390
P138,1	2391	2391
P27,1	2392	2392
P60,1	2393	2393
P172,1	2394	2394
P75,1	2395	2395
P119,1	2396	2396
P188,1	2397	2397
P14,1	2398	2398
P100,1	2399	2399
P42,1	2400	2400
P51,1	2401	2401
P30,1	2402	2402
P139,1	2403	2403
P9,1	2404	2404
P111,1	2405	2405
P81,1	2406	2406
P56,1	2407	2407
P160,1	2408	2408
P130,1	2409	2409
P190,1	2410	2410
P112,1	2411	2411
P43,1	2412	2412
P120,1	2413	2413
P161,1	2414	2414
P95,1	2415	2415
P89,1	2416	2416
P174,1	2417	2417
P34,1	2418	2418
P72,1	2419	2419
P11,1	2420	2420
P82,1	2421	2421
P68,1	2422	2422
P132,1	2423	2423
P192,1	2424	2424
P114,1	2425	2425
P53,1	2426	2426
P177,1	2427	2427
P61,1	2428	2428
P17,1	2429	2429
P121,1	2430	2430
P48,1	2431	2431
P90,1	2432	2432
P163,1	2433	2433
P18,1	2434	2434
P19,1	2435	2435
P165,1	2436	2436
P31,1	2437	2437
P133,1	2438	2438
P122,1	2439	2439
P57,1	2440	2440
P84,1	2441	2441
P54,1	2442	2442
P194,1	2443	2443
P180,1	2444	2444
P105,1	2445	2445
P143,1	2446	2446
P49,1	2447	2447
P106,1	2448	2448
P73,1	2449	2449
P166,1	2450	2450
P116,1	2451	2451
P46,2	2452	2452
P85,1	2453	2453
P183,1	2454	2454
P58,1	2455	2455
P196,1	2456	2456
P153,1	2457	2457
P79,1	2458	2458
P65,1	2459	2459
P154,1	2460	2460
P86,1	2461	2461
P135,1	2462	2462
P66,1	2463	2463
P70,1	2464	2464
P25,1	2465	2465
P98,1	2466	2466
P168,1	2467	2467
P126,1	2468	2468
P62,1	2469	2469
P59,1	2470	2470
P198,1	2471	2471
P7,1	2472	2472
P107,1	2473	2473
P156,1	2474	2474
P169,1	2475	2475
P40,1	2476	2476
P41,1	2477	2477
P21,1	2478	2478
P47,1	2479	2479
P199,1	2480	2480
P32,1	2481	2481
P137,1	2482	2482
P127,1	2483	2483
P187,1	2484	2484
P147,1	2485	2485
P80,1	2486	2486
P118,1	2487	2487
P4,1	2488	2488
P138,1	2489	2489
P27,1	2490	2490
P60,1	2491	2491
P172,1	2492	2492
P75,1	2493	2493
P119,1	2494	2494
P188,1	2495	2495
P14,1	2496	2496
P100,1	2497	2497
P42,1	2498	2498
P51,1	2499	2499
P30,1	2500	2500
P139,1	2501	2501
P9,1	2502	2502
P111,1	2503	2503
P81,1	2504	2504
P56,1	2505	2505
P160,1	2506	2506
P130,1	2507	2507
P190,1	2508	2508
P112,1	2509	2509
P43,1	2510	2510
P120,1	2511	2511
P161,1	2512	2512
P95,1	2513	2513
P89,1	2514	2514
P174,1	2515	2515
P34,1	2516	2516
P64,1	2517	2517
P103,1	2518	2518
P16,1	2519	2519
P141,1	2520	2520
P175,1	2521	2521
P83,1	2522	2522
P104,1	2523	2523
P176,1	2524	2524
P29,1	2525	2525
P178,1	2526	2526
P150,1	2527	2527
P44,1	2528	2528
P77,1	2529	2529
P193,1	2530	2530
P45,1	2531	2531
P164,1	2532	2532
P15,1	2533	2533
P69,1	2534	2534
P179,1	2535	2535
P142,1	2536	2536
P96,1	2537	2537
P151,1	2538	2538
P39,1	2539	2539
P35,1	2540	2540
P195,1	2541	2541
P152,1	2542	2542
P181,1	2543	2543
P36,1	2544	2544
P115,1	2545	2545
P8,1	2546	2546
P78,1	2547	2547
P123,1	2548	2548
P91,1	2549	2549
P182,1	2550	2550
P167,1	2551	2551
P97,1	2552	2552
P12,2	2553	2553
P13,1	2554	2554
P134,1	2555	2555
P184,1	2556	2556
P124,1	2557	2557
P125,1	2558	2558
P144,1	2559	2559
P37,1	2560	2560
P145,1	2561	2561
P10,2	2562	2562
P155,1	2563	2563
P117,1	2564	2564
P197,1	2565	2565
P185,1	2566	2566
P136,1	2567	2567
P146,1	2568	2568
P186,1	2569	2569
P24,1	2570	2570
P108,1	2571	2571
P38,1	2572	2572
P170,1	2573	2573
P74,1	2574	2574
P87,1	2575	2575
P63,1	2576	2576
P92,1	2577	2577
P22,1	2578	2578
P71,1	2579	2579
P55,1	2580	2580
P93,1	2581	2581
P109,1	2582	2582
P200,1	2583	2583
P88,1	2584	2584
P171,1	2585	2585
P157,1	2586	2586
P50,1	2587	2587
P99,1	2588	2588
P128,1	2589	2589
P129,1	2590	2590
P158,1	2591	2591
P23,1	2592	2592
P67,1	2593	2593
P33,1	2594	2594
P148,1	2595	2595
P26,1	2596	2596
P159,1	2597	2597
P94,1	2598	2598
P110,1	2599	2599
P101,1	2600	2600
P76,1	2601	2601
P189,1	2602	2602
P173,1	2603	2603
P2,1	2604	2604
P102,1	2605	2605
P6,1	2606	2606
P140,1	2607	2607
P131,1	2608	2608
P149,1	2609	2609
P28,1	2610	2610
P191,1	2611	2611
P113,1	2612	2612
P162,1	2613	2613
P72,1	2614	2614
P11,1	2615	2615
P82,1	2616	2616
P68,1	2617	2617
P132,1	2618	2618
P192,1	2619	2619
P114,1	2620	2620
P53,1	2621	2621
P177,1	2622	2622
P61,1	2623	2623
P17,1	2624	2624
P121,1	2625	2625
P48,1	2626	2626
P90,1	2627	2627
P163,1	2628	2628
P18,1	2629	2629
P19,1	2630	2630
P165,1	2631	2631
P31,1	2632	2632
P133,1	2633	2633
P122,1	2634	2634
P57,1	2635	2635
P84,1	2636	2636
P54,1	2637	2637
P194,1	2638	2638
P180,1	2639	2639
P105,1	2640	2640
P143,1	2641	2641
P49,1	2642	2642
P106,1	2643	2643
P73,1	2644	2644
P166,1	2645	2645
P116,1	2646	2646
P46,2	2647	2647
P85,1	2648	2648
P183,1	2649	2649
P58,1	2650	2650
P196,1	2651	2651
P153,1	2652	2652
P79,1	2653	2653
P65,1	2654	2654
P154,1	2655	2655
P86,1	2656	2656
P135,1	2657	2657
P66,1	2658	2658
P70,1	2659	2659
P25,1	2660	2660
P98,1	2661	2661
P168,1	2662	2662
P126,1	2663	2663
P62,1	2664	2664
P59,1	2665	2665
P198,1	2666	2666
P7,1	2667	2667
P107,1	2668	2668
P156,1	2669	2669
P169,1	2670	2670
P40,1	2671	2671
P41,1	2672	2672
P21,1	2673	2673
P92,1	2674	2674
P22,1	2675	2675
P32,1	2676	2676
P137,1	2677	2677
P127,1	2678	2678
P187,1	2679	2679
P147,1	2680	2680
P80,1	2681	2681
P118,1	2682	2682
P4,1	2683	2683
P138,1	2684	2684
P27,1	2685	2685
P60,1	2686	2686
P172,1	2687	2687
P75,1	2688	2688
P119,1	2689	2689
P188,1	2690	2690
P14,1	2691	2691
P100,1	2692	2692
P42,1	2693	2693
P51,1	2694	2694
P30,1	2695	2695
P139,1	2696	2696
P9,1	2697	2697
P111,1	2698	2698
P81,1	2699	2699
P56,1	2700	2700
P160,1	2701	2701
P130,1	2702	2702
P190,1	2703	2703
P112,1	2704	2704
P43,1	2705	2705
P120,1	2706	2706
P161,1	2707	2707
P95,1	2708	2708
P89,1	2709	2709
P174,1	2710	2710
P34,1	2711	2711
P64,1	2712	2712
P103,1	2713	2713
P16,1	2714	2714
P141,1	2715	2715
P175,1	2716	2716
P83,1	2717	2717
P104,1	2718	2718
P176,1	2719	2719
P29,1	2720	2720
P178,1	2721	2721
P150,1	2722	2722
P44,1	2723	2723
P77,1	2724	2724
P193,1	2725	2725
P45,1	2726	2726
P164,1	2727	2727
P15,1	2728	2728
P69,1	2729	2729
P179,1	2730	2730
P142,1	2731	2731
P96,1	2732	2732
P151,1	2733	2733
P39,1	2734	2734
P35,1	2735	2735
P195,1	2736	2736
P152,1	2737	2737
P181,1	2738	2738
P36,1	2739	2739
P115,1	2740	2740
P8,1	2741	2741
P78,1	2742	2742
P123,1	2743	2743
P91,1	2744	2744
P182,1	2745	2745
P167,1	2746	2746
P97,1	2747	2747
P12,2	2748	2748
P13,1	2749	2749
P134,1	2750	2750
P184,1	2751	2751
P124,1	2752	2752
P125,1	2753	2753
P144,1	2754	2754
P37,1	2755	2755
P145,1	2756	2756
P10,2	2757	2757
P155,1	2758	2758
P117,1	2759	2759
P197,1	2760	2760
P185,1	2761	2761
P136,1	2762	2762
P146,1	2763	2763
P186,1	2764	2764
P24,1	2765	2765
P108,1	2766	2766
P38,1	2767	2767
P170,1	2768	2768
P74,1	2769	2769
P87,1	2770	2770
P47,1	2771	2771
P199,1	2772	2772
P63,2	2773	2773
P71,1	2774	2774
P55,1	2775	2775
P93,1	2776	2776
P109,1	2777	2777
P200,1	2778	2778
P88,1	2779	2779
P171,1	2780	2780
P157,1	2781	2781
P50,1	2782	2782
P99,1	2783	2783
P128,1	2784	2784
P129,1	2785	2785
P158,1	2786	2786
P188,1	2787	2787
P14,1	2788	2788
P100,1	2789	2789
P42,1	2790	2790
P26,1	2791	2791
P159,1	2792	2792
P94,1	2793	2793
P110,1	2794	2794
P101,1	2795	2795
P76,1	2796	2796
P189,1	2797	2797
P173,1	2798	2798
P2,1	2799	2799
P102,1	2800	2800
P6,1	2801	2801
P140,1	2802	2802
P131,1	2803	2803
P149,1	2804	2804
P28,1	2805	2805
P191,1	2806	2806
P113,1	2807	2807
P162,1	2808	2808
P72,1	2809	2809
P11,1	2810	2810
P82,1	2811	2811
P68,1	2812	2812
P132,1	2813	2813
P192,1	2814	2814
P114,1	2815	2815
P176,1	2816	2816
P29,1	2817	2817
P178,1	2818	2818
P150,1	2819	2819
P44,1	2820	2820
P77,1	2821	2821
P193,1	2822	2822
P163,1	2823	2823
P18,1	2824	2824
P19,1	2825	2825
P165,1	2826	2826
P31,1	2827	2827
P133,1	2828	2828
P122,1	2829	2829
P57,1	2830	2830
P84,1	2831	2831
P54,1	2832	2832
P194,1	2833	2833
P180,1	2834	2834
P105,1	2835	2835
P143,1	2836	2836
P49,1	2837	2837
P106,1	2838	2838
P73,1	2839	2839
P166,1	2840	2840
P116,1	2841	2841
P46,2	2842	2842
P85,1	2843	2843
P183,1	2844	2844
P58,1	2845	2845
P196,1	2846	2846
P153,1	2847	2847
P79,1	2848	2848
P65,1	2849	2849
P154,1	2850	2850
P86,1	2851	2851
P135,1	2852	2852
P66,1	2853	2853
P70,1	2854	2854
P25,1	2855	2855
P98,1	2856	2856
P168,1	2857	2857
P126,1	2858	2858
P62,1	2859	2859
P59,1	2860	2860
P198,1	2861	2861
P7,1	2862	2862
P107,1	2863	2863
P156,1	2864	2864
P169,1	2865	2865
P40,1	2866	2866
P41,1	2867	2867
P21,1	2868	2868
P92,1	2869	2869
P22,1	2870	2870
P32,1	2871	2871
P137,1	2872	2872
P127,1	2873	2873
P187,1	2874	2874
P147,1	2875	2875
P80,1	2876	2876
P118,1	2877	2877
P4,1	2878	2878
P138,1	2879	2879
P27,1	2880	2880
P60,1	2881	2881
P172,1	2882	2882
P75,1	2883	2883
P119,1	2884	2884
P67,1	2885	2885
P33,1	2886	2886
P148,1	2887	2887
P23,2	2888	2888
P51,1	2889	2889
P30,1	2890	2890
P139,1	2891	2891
P9,1	2892	2892
P111,1	2893	2893
P81,1	2894	2894
P56,1	2895	2895
P160,1	2896	2896
P130,1	2897	2897
P190,1	2898	2898
P140,1	2899	2899
P131,1	2900	2900
P149,1	2901	2901
P28,1	2902	2902
P191,1	2903	2903
P113,1	2904	2904
P162,1	2905	2905
P72,1	2906	2906
P11,1	2907	2907
P82,1	2908	2908
P68,1	2909	2909
P132,1	2910	2910
P192,1	2911	2911
P114,1	2912	2912
P176,1	2913	2913
P29,1	2914	2914
P178,1	2915	2915
P150,1	2916	2916
P44,1	2917	2917
P77,1	2918	2918
P193,1	2919	2919
P163,1	2920	2920
P18,1	2921	2921
P19,1	2922	2922
P165,1	2923	2923
P31,1	2924	2924
P133,1	2925	2925
P122,1	2926	2926
P57,1	2927	2927
P84,1	2928	2928
P54,1	2929	2929
P194,1	2930	2930
P180,1	2931	2931
P105,1	2932	2932
P143,1	2933	2933
P115,1	2934	2934
P8,1	2935	2935
P78,1	2936	2936
P123,1	2937	2937
P91,1	2938	2938
P182,1	2939	2939
P167,1	2940	2940
P49,2	2941	2941
P58,1	2942	2942
P196,1	2943	2943
P153,1	2944	2944
P79,1	2945	2945
P65,1	2946	2946
P154,1	2947	2947
P86,1	2948	2948
P135,1	2949	2949
P66,1	2950	2950
P70,1	2951	2951
P25,1	2952	2952
P98,1	2953	2953
P168,1	2954	2954
P126,1	2955	2955
P62,1	2956	2956
P59,1	2957	2957
P198,1	2958	2958
P7,1	2959	2959
P107,1	2960	2960
P156,1	2961	2961
P169,1	2962	2962
P40,1	2963	2963
P41,1	2964	2964
P21,1	2965	2965
P92,1	2966	2966
P22,1	2967	2967
P32,1	2968	2968
P137,1	2969	2969
P127,1	2970	2970
P187,1	2971	2971
P147,1	2972	2972
P80,1	2973	2973
P118,1	2974	2974
P4,1	2975	2975
P138,1	2976	2976
P99,1	2977	2977
P128,1	2978	2978
P129,1	2979	2979
P158,1	2980	2980
P188,1	2981	2981
P14,1	2982	2982
P100,1	2983	2983
P42,1	2984	2984
P26,1	2985	2985
P159,1	2986	2986
P94,1	2987	2987
P110,1	2988	2988
P101,1	2989	2989
P76,1	2990	2990
P189,1	2991	2991
P173,1	2992	2992
P2,1	2993	2993
P102,1	2994	2994
P112,1	2995	2995
P43,1	2996	2996
P120,1	2997	2997
P161,1	2998	2998
P95,1	2999	2999
P89,1	3000	3000
P174,1	3001	3001
P34,1	3002	3002
P64,1	3003	3003
P103,1	3004	3004
P16,1	3005	3005
P141,1	3006	3006
P175,1	3007	3007
P83,1	3008	3008
P104,1	3009	3009
P177,1	3010	3010
P61,1	3011	3011
P17,1	3012	3012
P121,1	3013	3013
P48,1	3014	3014
P90,1	3015	3015
P53,2	3016	3016
P45,1	3017	3017
P164,1	3018	3018
P15,1	3019	3019
P69,1	3020	3020
P179,1	3021	3021
P142,1	3022	3022
P96,1	3023	3023
P151,1	3024	3024
P39,1	3025	3025
P35,1	3026	3026
P195,1	3027	3027
P152,1	3028	3028
P181,1	3029	3029
P36,1	3030	3030
P106,1	3031	3031
P73,1	3032	3032
P166,1	3033	3033
P116,1	3034	3034
P46,2	3035	3035
P85,1	3036	3036
P183,1	3037	3037
P97,1	3038	3038
P12,2	3039	3039
P13,1	3040	3040
P134,1	3041	3041
P184,1	3042	3042
P124,1	3043	3043
P125,1	3044	3044
P144,1	3045	3045
P37,1	3046	3046
P145,1	3047	3047
P10,2	3048	3048
P155,1	3049	3049
P117,1	3050	3050
P197,1	3051	3051
P185,1	3052	3052
P136,1	3053	3053
P146,1	3054	3054
P186,1	3055	3055
P24,1	3056	3056
P108,1	3057	3057
P38,1	3058	3058
P170,1	3059	3059
P41,1	3060	3060
P21,1	3061	3061
P92,1	3062	3062
P22,1	3063	3063
P32,1	3064	3064
P137,1	3065	3065
P127,1	3066	3066
P187,1	3067	3067
P147,1	3068	3068
P80,1	3069	3069
P118,1	3070	3070
P4,1	3071	3071
P138,1	3072	3072
P99,1	3073	3073
P128,1	3074	3074
P129,1	3075	3075
P158,1	3076	3076
P188,1	3077	3077
P14,1	3078	3078
P100,1	3079	3079
P42,1	3080	3080
P26,1	3081	3081
P159,1	3082	3082
P94,1	3083	3083
P110,1	3084	3084
P101,1	3085	3085
P76,1	3086	3086
P189,1	3087	3087
P173,1	3088	3088
P2,1	3089	3089
P102,1	3090	3090
P112,1	3091	3091
P43,1	3092	3092
P120,1	3093	3093
P161,1	3094	3094
P191,1	3095	3095
P113,1	3096	3096
P28,2	3097	3097
P34,1	3098	3098
P64,1	3099	3099
P103,1	3100	3100
P16,1	3101	3101
P141,1	3102	3102
P175,1	3103	3103
P83,1	3104	3104
P104,1	3105	3105
P177,1	3106	3106
P61,1	3107	3107
P17,1	3108	3108
P121,1	3109	3109
P48,1	3110	3110
P90,1	3111	3111
P53,2	3112	3112
P45,1	3113	3113
P164,1	3114	3114
P15,1	3115	3115
P69,1	3116	3116
P179,1	3117	3117
P142,1	3118	3118
P96,1	3119	3119
P151,1	3120	3120
P39,1	3121	3121
P35,1	3122	3122
P195,1	3123	3123
P152,1	3124	3124
P181,1	3125	3125
P36,1	3126	3126
P106,1	3127	3127
P73,1	3128	3128
P166,1	3129	3129
P116,1	3130	3130
P46,2	3131	3131
P85,1	3132	3132
P183,1	3133	3133
P97,1	3134	3134
P12,2	3135	3135
P13,1	3136	3136
P134,1	3137	3137
P184,1	3138	3138
P124,1	3139	3139
P125,1	3140	3140
P144,1	3141	3141
P37,1	3142	3142
P145,1	3143	3143
P10,2	3144	3144
P155,1	3145	3145
P117,1	3146	3146
P197,1	3147	3147
P185,1	3148	3148
P136,1	3149	3149
P146,1	3150	3150
P186,1	3151	3151
P24,1	3152	3152
P108,1	3153	3153
P38,1	3154	3154
P170,1	3155	3155
P87,1	3156	3156
P47,1	3157	3157
P199,1	3158	3158
P63,2	3159	3159
P71,1	3160	3160
P55,1	3161	3161
P40,2	3162	3162
P187,1	3163	3163
P147,1	3164	3164
P80,1	3165	3165
P118,1	3166	3166
P4,1	3167	3167
P138,1	3168	3168
P99,1	3169	3169
P128,1	3170	3170
P129,1	3171	3171
P158,1	3172	3172
P188,1	3173	3173
P14,1	3174	3174
P100,1	3175	3175
P42,1	3176	3176
P26,1	3177	3177
P159,1	3178	3178
P94,1	3179	3179
P110,1	3180	3180
P101,1	3181	3181
P76,1	3182	3182
P189,1	3183	3183
P173,1	3184	3184
P2,1	3185	3185
P102,1	3186	3186
P112,1	3187	3187
P43,1	3188	3188
P120,1	3189	3189
P161,1	3190	3190
P191,1	3191	3191
P113,1	3192	3192
P28,2	3193	3193
P34,1	3194	3194
P64,1	3195	3195
P103,1	3196	3196
P16,1	3197	3197
P141,1	3198	3198
P175,1	3199	3199
P83,1	3200	3200
P104,1	3201	3201
P177,1	3202	3202
P61,1	3203	3203
P17,1	3204	3204
P121,1	3205	3205
P48,1	3206	3206
P90,1	3207	3207
P53,2	3208	3208
P45,1	3209	3209
P164,1	3210	3210
P15,1	3211	3211
P69,1	3212	3212
P179,1	3213	3213
P142,1	3214	3214
P96,1	3215	3215
P151,1	3216	3216
P39,1	3217	3217
P35,1	3218	3218
P195,1	3219	3219
P152,1	3220	3220
P181,1	3221	3221
P115,1	3222	3222
P8,1	3223	3223
P78,1	3224	3224
P123,1	3225	3225
P91,1	3226	3226
P182,1	3227	3227
P36,2	3228	3228
P183,1	3229	3229
P97,1	3230	3230
P12,2	3231	3231
P13,1	3232	3232
P134,1	3233	3233
P184,1	3234	3234
P124,1	3235	3235
P125,1	3236	3236
P144,1	3237	3237
P37,1	3238	3238
P145,1	3239	3239
P10,2	3240	3240
P155,1	3241	3241
P117,1	3242	3242
P197,1	3243	3243
P185,1	3244	3244
P136,1	3245	3245
P146,1	3246	3246
P186,1	3247	3247
P24,1	3248	3248
P108,1	3249	3249
P38,1	3250	3250
P170,1	3251	3251
P87,1	3252	3252
P47,1	3253	3253
P199,1	3254	3254
P63,2	3255	3255
P71,1	3256	3256
P55,1	3257	3257
P40,2	3258	3258
P187,1	3259	3259
P147,1	3260	3260
P80,1	3261	3261
P118,1	3262	3262
P4,1	3263	3263
P138,1	3264	3264
P99,1	3265	3265
P128,1	3266	3266
P129,1	3267	3267
P158,1	3268	3268
P188,1	3269	3269
P14,1	3270	3270
P100,1	3271	3271
P23,2	3272	3272
P51,1	3273	3273
P30,1	3274	3274
P139,1	3275	3275
P9,1	3276	3276
P111,1	3277	3277
P81,1	3278	3278
P56,1	3279	3279
P160,1	3280	3280
P130,1	3281	3281
P190,1	3282	3282
P140,1	3283	3283
P131,1	3284	3284
P149,1	3285	3285
P95,1	3286	3286
P89,1	3287	3287
P174,1	3288	3288
P162,1	3289	3289
P72,1	3290	3290
P11,1	3291	3291
P82,1	3292	3292
P68,1	3293	3293
P132,1	3294	3294
P192,1	3295	3295
P114,1	3296	3296
P176,1	3297	3297
P29,1	3298	3298
P178,1	3299	3299
P150,1	3300	3300
P44,1	3301	3301
P77,1	3302	3302
P193,1	3303	3303
P163,1	3304	3304
P18,1	3305	3305
P19,1	3306	3306
P165,1	3307	3307
P31,1	3308	3308
P133,1	3309	3309
P122,1	3310	3310
P57,1	3311	3311
P84,1	3312	3312
P54,1	3313	3313
P194,1	3314	3314
P180,1	3315	3315
P105,1	3316	3316
P143,1	3317	3317
P106,1	3318	3318
P73,1	3319	3319
P166,1	3320	3320
P116,1	3321	3321
P46,2	3322	3322
P85,1	3323	3323
P167,1	3324	3324
P49,2	3325	3325
P58,1	3326	3326
P196,1	3327	3327
P153,1	3328	3328
P79,1	3329	3329
P65,1	3330	3330
P154,1	3331	3331
P86,1	3332	3332
P135,1	3333	3333
P66,1	3334	3334
P70,1	3335	3335
P25,1	3336	3336
P98,1	3337	3337
P168,1	3338	3338
P126,1	3339	3339
P62,1	3340	3340
P59,1	3341	3341
P198,1	3342	3342
P7,1	3343	3343
P108,1	3344	3344
P38,1	3345	3345
P169,1	3346	3346
P41,1	3347	3347
P21,1	3348	3348
P92,1	3349	3349
P22,1	3350	3350
P32,1	3351	3351
P137,1	3352	3352
P127,1	3353	3353
P93,1	3354	3354
P109,1	3355	3355
P200,1	3356	3356
P88,1	3357	3357
P171,1	3358	3358
P157,1	3359	3359
P50,1	3360	3360
P60,1	3361	3361
P172,1	3362	3362
P75,1	3363	3363
P119,1	3364	3364
P67,1	3365	3365
P33,1	3366	3366
P148,1	3367	3367
P26,1	3368	3368
P159,1	3369	3369
P94,1	3370	3370
P110,1	3371	3371
P101,1	3372	3372
P76,1	3373	3373
P189,1	3374	3374
P173,1	3375	3375
P130,1	3376	3376
P190,1	3377	3377
P140,1	3378	3378
P131,1	3379	3379
P149,1	3380	3380
P95,1	3381	3381
P89,1	3382	3382
P174,1	3383	3383
P28,2	3384	3384
P34,1	3385	3385
P64,1	3386	3386
P103,1	3387	3387
P16,1	3388	3388
P141,1	3389	3389
P175,1	3390	3390
P83,1	3391	3391
P104,1	3392	3392
P177,1	3393	3393
P61,1	3394	3394
P17,1	3395	3395
P121,1	3396	3396
P48,1	3397	3397
P90,1	3398	3398
P53,2	3399	3399
P45,1	3400	3400
P164,1	3401	3401
P15,1	3402	3402
P69,1	3403	3403
P179,1	3404	3404
P142,1	3405	3405
P96,1	3406	3406
P151,1	3407	3407
P39,1	3408	3408
P35,1	3409	3409
P195,1	3410	3410
P152,1	3411	3411
P181,1	3412	3412
P115,1	3413	3413
P8,1	3414	3414
P78,1	3415	3415
P123,1	3416	3416
P91,1	3417	3417
P182,1	3418	3418
P36,2	3419	3419
P183,1	3420	3420
P97,1	3421	3421
P12,2	3422	3422
P13,1	3423	3423
P134,1	3424	3424
P184,1	3425	3425
P124,1	3426	3426
P125,1	3427	3427
P144,1	3428	3428
P37,1	3429	3429
P145,1	3430	3430
P10,2	3431	3431
P155,1	3432	3432
P117,1	3433	3433
P197,1	3434	3434
P185,1	3435	3435
P136,1	3436	3436
P146,1	3437	3437
P186,1	3438	3438
P107,1	3439	3439
P156,1	3440	3440
P24,2	3441	3441
P170,1	3442	3442
P87,1	3443	3443
P47,1	3444	3444
P199,1	3445	3445
P63,2	3446	3446
P137,1	3447	3447
P127,1	3448	3448
P93,1	3449	3449
P109,1	3450	3450
P200,1	3451	3451
P80,1	3452	3452
P118,1	3453	3453
P4,1	3454	3454
P138,1	3455	3455
P99,1	3456	3456
P128,1	3457	3457
P129,1	3458	3458
P158,1	3459	3459
P188,1	3460	3460
P14,1	3461	3461
P100,1	3462	3462
P23,2	3463	3463
P51,1	3464	3464
P30,1	3465	3465
P139,1	3466	3466
P9,1	3467	3467
P111,1	3468	3468
P81,1	3469	3469
P56,1	3470	3470
P160,1	3471	3471
P102,1	3472	3472
P112,1	3473	3473
P43,1	3474	3474
P120,1	3475	3475
P161,1	3476	3476
P191,1	3477	3477
P113,1	3478	3478
P2,2	3479	3479
P162,1	3480	3480
P72,1	3481	3481
P11,1	3482	3482
P82,1	3483	3483
P68,1	3484	3484
P132,1	3485	3485
P192,1	3486	3486
P114,1	3487	3487
P176,1	3488	3488
P29,1	3489	3489
P178,1	3490	3490
P150,1	3491	3491
P44,1	3492	3492
P77,1	3493	3493
P193,1	3494	3494
P163,1	3495	3495
P18,1	3496	3496
P19,1	3497	3497
P165,1	3498	3498
P31,1	3499	3499
P133,1	3500	3500
P122,1	3501	3501
P57,1	3502	3502
P84,1	3503	3503
P54,1	3504	3504
P194,1	3505	3505
P180,1	3506	3506
P105,1	3507	3507
P143,1	3508	3508
P106,1	3509	3509
P73,1	3510	3510
P166,1	3511	3511
P116,1	3512	3512
P46,2	3513	3513
P85,1	3514	3514
P167,1	3515	3515
P49,2	3516	3516
P58,1	3517	3517
P196,1	3518	3518
P153,1	3519	3519
P79,1	3520	3520
P65,1	3521	3521
P154,1	3522	3522
P86,1	3523	3523
P135,1	3524	3524
P66,1	3525	3525
P70,1	3526	3526
P25,1	3527	3527
P98,1	3528	3528
P168,1	3529	3529
P126,1	3530	3530
P62,1	3531	3531
P59,1	3532	3532
P198,1	3533	3533
P7,1	3534	3534
P108,1	3535	3535
P38,1	3536	3536
P169,1	3537	3537
P41,1	3538	3538
P21,1	3539	3539
P92,1	3540	3540
P22,1	3541	3541
P137,1	3542	3542
P127,1	3543	3543
P93,1	3544	3544
P109,1	3545	3545
P200,1	3546	3546
P80,1	3547	3547
P118,1	3548	3548
P157,1	3549	3549
P50,1	3550	3550
P60,1	3551	3551
P172,1	3552	3552
P75,1	3553	3553
P119,1	3554	3554
P67,1	3555	3555
P4,2	3556	3556
P100,1	3557	3557
P23,2	3558	3558
P51,1	3559	3559
P30,1	3560	3560
P139,1	3561	3561
P9,1	3562	3562
P111,1	3563	3563
P81,1	3564	3564
P56,1	3565	3565
P160,1	3566	3566
P102,1	3567	3567
P112,1	3568	3568
P43,1	3569	3569
P120,1	3570	3570
P161,1	3571	3571
P191,1	3572	3572
P113,1	3573	3573
P2,2	3574	3574
P162,1	3575	3575
P72,1	3576	3576
P11,1	3577	3577
P82,1	3578	3578
P68,1	3579	3579
P132,1	3580	3580
P192,1	3581	3581
P114,1	3582	3582
P176,1	3583	3583
P29,1	3584	3584
P178,1	3585	3585
P150,1	3586	3586
P44,1	3587	3587
P77,1	3588	3588
P193,1	3589	3589
P163,1	3590	3590
P18,1	3591	3591
P15,1	3592	3592
P19,2	3593	3593
P31,1	3594	3594
P133,1	3595	3595
P122,1	3596	3596
P57,1	3597	3597
P84,1	3598	3598
P54,1	3599	3599
P194,1	3600	3600
P180,1	3601	3601
P105,1	3602	3602
P143,1	3603	3603
P106,1	3604	3604
P73,1	3605	3605
P166,1	3606	3606
P116,1	3607	3607
P46,2	3608	3608
P85,1	3609	3609
P167,1	3610	3610
P49,2	3611	3611
P58,1	3612	3612
P196,1	3613	3613
P153,1	3614	3614
P79,1	3615	3615
P65,1	3616	3616
P154,1	3617	3617
P86,1	3618	3618
P135,1	3619	3619
P66,1	3620	3620
P70,1	3621	3621
P25,1	3622	3622
P98,1	3623	3623
P168,1	3624	3624
P126,1	3625	3625
P62,1	3626	3626
P59,1	3627	3627
P198,1	3628	3628
P7,1	3629	3629
P108,1	3630	3630
P38,1	3631	3631
P169,1	3632	3632
P41,1	3633	3633
P21,1	3634	3634
P92,1	3635	3635
P22,1	3636	3636
P137,1	3637	3637
P127,1	3638	3638
P93,1	3639	3639
P109,1	3640	3640
P200,1	3641	3641
P80,1	3642	3642
P118,1	3643	3643
P157,1	3644	3644
P50,1	3645	3645
P60,1	3646	3646
P172,1	3647	3647
P75,1	3648	3648
P119,1	3649	3649
P67,1	3650	3650
P4,2	3651	3651
P100,1	3652	3652
P23,2	3653	3653
P51,1	3654	3654
P30,1	3655	3655
P139,1	3656	3656
P9,1	3657	3657
P111,1	3658	3658
P81,1	3659	3659
P56,1	3660	3660
P160,1	3661	3661
P102,1	3662	3662
P112,1	3663	3663
P43,1	3664	3664
P120,1	3665	3665
P161,1	3666	3666
P191,1	3667	3667
P113,1	3668	3668
P2,2	3669	3669
P162,1	3670	3670
P72,1	3671	3671
P11,1	3672	3672
P82,1	3673	3673
P68,1	3674	3674
P132,1	3675	3675
P192,1	3676	3676
P114,1	3677	3677
P176,1	3678	3678
P29,1	3679	3679
P178,1	3680	3680
P150,1	3681	3681
P44,1	3682	3682
P77,1	3683	3683
P193,1	3684	3684
P163,1	3685	3685
P18,1	3686	3686
P15,1	3687	3687
P19,2	3688	3688
P31,1	3689	3689
P133,1	3690	3690
P122,1	3691	3691
P57,1	3692	3692
P84,1	3693	3693
P54,1	3694	3694
P194,1	3695	3695
P180,1	3696	3696
P105,1	3697	3697
P143,1	3698	3698
P106,1	3699	3699
P73,1	3700	3700
P166,1	3701	3701
P91,1	3702	3702
P182,1	3703	3703
P123,2	3704	3704
P167,1	3705	3705
P49,2	3706	3706
P58,1	3707	3707
P196,1	3708	3708
P153,1	3709	3709
P79,1	3710	3710
P65,1	3711	3711
P154,1	3712	3712
P86,1	3713	3713
P135,1	3714	3714
P66,1	3715	3715
P70,1	3716	3716
P25,1	3717	3717
P98,1	3718	3718
P168,1	3719	3719
P126,1	3720	3720
P62,1	3721	3721
P59,1	3722	3722
P198,1	3723	3723
P7,1	3724	3724
P108,1	3725	3725
P38,1	3726	3726
P169,1	3727	3727
P41,1	3728	3728
P21,1	3729	3729
P92,1	3730	3730
P22,1	3731	3731
P137,1	3732	3732
P127,1	3733	3733
P93,1	3734	3734
P109,1	3735	3735
P200,1	3736	3736
P80,1	3737	3737
P118,1	3738	3738
P157,1	3739	3739
P50,1	3740	3740
P60,1	3741	3741
P172,1	3742	3742
P75,1	3743	3743
P119,1	3744	3744
P67,1	3745	3745
P4,2	3746	3746
P100,1	3747	3747
P23,2	3748	3748
P51,1	3749	3749
P30,1	3750	3750
P139,1	3751	3751
P9,1	3752	3752
P111,1	3753	3753
P81,1	3754	3754
P56,1	3755	3755
P160,1	3756	3756
P102,1	3757	3757
P112,1	3758	3758
P43,1	3759	3759
P120,1	3760	3760
P161,1	3761	3761
P191,1	3762	3762
P113,1	3763	3763
P2,2	3764	3764
P162,1	3765	3765
P72,1	3766	3766
P11,1	3767	3767
P82,1	3768	3768
P68,1	3769	3769
P132,1	3770	3770
P192,1	3771	3771
P114,1	3772	3772
P176,1	3773	3773
P29,1	3774	3774
P178,1	3775	3775
P150,1	3776	3776
P44,1	3777	3777
P77,1	3778	3778
P193,1	3779	3779
P163,1	3780	3780
P18,1	3781	3781
P15,1	3782	3782
P19,2	3783	3783
P31,1	3784	3784
P133,1	3785	3785
P122,1	3786	3786
P57,1	3787	3787
P84,1	3788	3788
P54,1	3789	3789
P194,1	3790	3790
P180,1	3791	3791
P105,1	3792	3792
P143,1	3793	3793
P106,1	3794	3794
P73,1	3795	3795
P166,1	3796	3796
P91,1	3797	3797
P182,1	3798	3798
P123,2	3799	3799
P167,1	3800	3800
P49,2	3801	3801
P58,1	3802	3802
P196,1	3803	3803
P153,1	3804	3804
P79,1	3805	3805
P65,1	3806	3806
P154,1	3807	3807
P86,1	3808	3808
P135,1	3809	3809
P66,1	3810	3810
P70,1	3811	3811
P25,1	3812	3812
P98,1	3813	3813
P168,1	3814	3814
P126,1	3815	3815
P62,1	3816	3816
P59,1	3817	3817
P186,1	3818	3818
P107,1	3819	3819
P146,2	3820	3820
P38,1	3821	3821
P169,1	3822	3822
P41,1	3823	3823
P21,1	3824	3824
P92,1	3825	3825
P22,1	3826	3826
P137,1	3827	3827
P127,1	3828	3828
P93,1	3829	3829
P109,1	3830	3830
P200,1	3831	3831
P80,1	3832	3832
P118,1	3833	3833
P157,1	3834	3834
P50,1	3835	3835
P60,1	3836	3836
P172,1	3837	3837
P75,1	3838	3838
P119,1	3839	3839
P67,1	3840	3840
P4,2	3841	3841
P100,1	3842	3842
P23,2	3843	3843
P51,1	3844	3844
P30,1	3845	3845
P139,1	3846	3846
P9,1	3847	3847
P111,1	3848	3848
P81,1	3849	3849
P56,1	3850	3850
P160,1	3851	3851
P102,1	3852	3852
P112,1	3853	3853
P43,1	3854	3854
P120,1	3855	3855
P161,1	3856	3856
P191,1	3857	3857
P113,1	3858	3858
P2,2	3859	3859
P162,1	3860	3860
P72,1	3861	3861
P11,1	3862	3862
P82,1	3863	3863
P68,1	3864	3864
P132,1	3865	3865
P192,1	3866	3866
P114,1	3867	3867
P176,1	3868	3868
P29,1	3869	3869
P178,1	3870	3870
P150,1	3871	3871
P44,1	3872	3872
P77,1	3873	3873
P193,1	3874	3874
P163,1	3875	3875
P18,1	3876	3876
P15,1	3877	3877
P19,2	3878	3878
P31,1	3879	3879
P133,1	3880	3880
P122,1	3881	3881
P57,1	3882	3882
P84,1	3883	3883
P54,1	3884	3884
P194,1	3885	3885
P180,1	3886	3886
P105,1	3887	3887
P143,1	3888	3888
P106,1	3889	3889
P73,1	3890	3890
P166,1	3891	3891
P91,1	3892	3892
P182,1	3893	3893
P123,2	3894	3894
P167,1	3895	3895
P49,2	3896	3896
P58,1	3897	3897
P196,1	3898	3898
P153,1	3899	3899
P79,1	3900	3900
P65,1	3901	3901
P154,1	3902	3902
P86,1	3903	3903
P135,1	3904	3904
P66,1	3905	3905
P70,1	3906	3906
P25,1	3907	3907
P98,1	3908	3908
P168,1	3909	3909
P126,1	3910	3910
P62,1	3911	3911
P59,1	3912	3912
P186,1	3913	3913
P107,1	3914	3914
P146,2	3915	3915
P38,1	3916	3916
P169,1	3917	3917
P41,1	3918	3918
P21,1	3919	3919
P92,1	3920	3920
P22,1	3921	3921
P137,1	3922	3922
P127,1	3923	3923
P93,1	3924	3924
P109,1	3925	3925
P200,1	3926	3926
P80,1	3927	3927
P118,1	3928	3928
P157,1	3929	3929
P50,1	3930	3930
P60,1	3931	3931
P172,1	3932	3932
P75,1	3933	3933
P119,1	3934	3934
P67,1	3935	3935
P4,2	3936	3936
P100,1	3937	3937
P23,2	3938	3938
P51,1	3939	3939
P30,1	3940	3940
P139,1	3941	3941
P9,1	3942	3942
P111,1	3943	3943
P81,1	3944	3944
P56,1	3945	3945
P160,1	3946	3946
P102,1	3947	3947
P112,1	3948	3948
P43,1	3949	3949
P120,1	3950	3950
P161,1	3951	3951
P191,1	3952	3952
P113,1	3953	3953
P2,2	3954	3954
P162,1	3955	3955
P72,1	3956	3956
P11,1	3957	3957
P82,1	3958	3958
P141,1	3959	3959
P175,1	3960	3960
P83,1	3961	3961
P104,1	3962	3962
P68,2	3963	3963
P29,1	3964	3964
P178,1	3965	3965
P150,1	3966	3966
P44,1	3967	3967
P77,1	3968	3968
P193,1	3969	3969
P163,1	3970	3970
P18,1	3971	3971
P15,1	3972	3972
P19,2	3973	3973
P31,1	3974	3974
P133,1	3975	3975
P122,1	3976	3976
P57,1	3977	3977
P84,1	3978	3978
P54,1	3979	3979
P194,1	3980	3980
P180,1	3981	3981
P105,1	3982	3982
P143,1	3983	3983
P106,1	3984	3984
P73,1	3985	3985
P166,1	3986	3986
P91,1	3987	3987
P182,1	3988	3988
P123,2	3989	3989
P167,1	3990	3990
P49,2	3991	3991
P58,1	3992	3992
P196,1	3993	3993
P153,1	3994	3994
P79,1	3995	3995
P65,1	3996	3996
P154,1	3997	3997
P86,1	3998	3998
P135,1	3999	3999
P66,1	4000	4000
P10,2	4001	4001
P155,1	4002	4002
P117,1	4003	4003
P197,1	4004	4004
P185,1	4005	4005
P136,1	4006	4006
P198,1	4007	4007
P70,2	4008	4008
P107,1	4009	4009
P146,2	4010	4010
P38,1	4011	4011
P169,1	4012	4012
P41,1	4013	4013
P21,1	4014	4014
P92,1	4015	4015
P22,1	4016	4016
P137,1	4017	4017
P127,1	4018	4018
P93,1	4019	4019
P109,1	4020	4020
P200,1	4021	4021
P80,1	4022	4022
P118,1	4023	4023
P157,1	4024	4024
P50,1	4025	4025
P128,1	4026	4026
P129,1	4027	4027
P158,1	4028	4028
P188,1	4029	4029
P14,1	4030	4030
P33,1	4031	4031
P60,2	4032	4032
P23,2	4033	4033
P51,1	4034	4034
P30,1	4035	4035
P139,1	4036	4036
P9,1	4037	4037
P111,1	4038	4038
P81,1	4039	4039
P56,1	4040	4040
P160,1	4041	4041
P102,1	4042	4042
P112,1	4043	4043
P43,1	4044	4044
P120,1	4045	4045
P161,1	4046	4046
P191,1	4047	4047
P113,1	4048	4048
P2,2	4049	4049
P162,1	4050	4050
P72,1	4051	4051
P11,1	4052	4052
P82,1	4053	4053
P141,1	4054	4054
P175,1	4055	4055
P114,1	4056	4056
P176,1	4057	4057
P177,1	4058	4058
P61,1	4059	4059
P17,1	4060	4060
P83,2	4061	4061
P44,1	4062	4062
P77,1	4063	4063
P193,1	4064	4064
P163,1	4065	4065
P18,1	4066	4066
P15,1	4067	4067
P19,2	4068	4068
P31,1	4069	4069
P133,1	4070	4070
P122,1	4071	4071
P57,1	4072	4072
P84,1	4073	4073
P54,1	4074	4074
P194,1	4075	4075
P180,1	4076	4076
P105,1	4077	4077
P143,1	4078	4078
P106,1	4079	4079
P73,1	4080	4080
P166,1	4081	4081
P91,1	4082	4082
P182,1	4083	4083
P123,2	4084	4084
P167,1	4085	4085
P49,2	4086	4086
P58,1	4087	4087
P196,1	4088	4088
P153,1	4089	4089
P79,1	4090	4090
P65,1	4091	4091
P154,1	4092	4092
P86,1	4093	4093
P135,1	4094	4094
P66,1	4095	4095
P10,2	4096	4096
P155,1	4097	4097
P117,1	4098	4098
P197,1	4099	4099
P185,1	4100	4100
P136,1	4101	4101
P198,1	4102	4102
P70,2	4103	4103
P107,1	4104	4104
P146,2	4105	4105
P38,1	4106	4106
P169,1	4107	4107
P41,1	4108	4108
P21,1	4109	4109
P92,1	4110	4110
P22,1	4111	4111
P137,1	4112	4112
P127,1	4113	4113
P93,1	4114	4114
P109,1	4115	4115
P32,2	4116	4116
P88,1	4117	4117
P171,1	4118	4118
P138,1	4119	4119
P99,1	4120	4120
P172,1	4121	4121
P75,1	4122	4122
P119,1	4123	4123
P67,1	4124	4124
P4,2	4125	4125
P100,1	4126	4126
P148,1	4127	4127
P26,1	4128	4128
P159,1	4129	4129
P94,1	4130	4130
P110,1	4131	4131
P101,1	4132	4132
P76,1	4133	4133
P189,1	4134	4134
P173,1	4135	4135
P130,1	4136	4136
P190,1	4137	4137
P140,1	4138	4138
P131,1	4139	4139
P149,1	4140	4140
P95,1	4141	4141
P89,1	4142	4142
P174,1	4143	4143
P28,2	4144	4144
P34,1	4145	4145
P64,1	4146	4146
P103,1	4147	4147
P16,1	4148	4148
P132,1	4149	4149
P192,1	4150	4150
P104,1	4151	4151
P68,2	4152	4152
P29,1	4153	4153
P178,1	4154	4154
P150,1	4155	4155
P121,1	4156	4156
P48,1	4157	4157
P90,1	4158	4158
P53,2	4159	4159
P45,1	4160	4160
P164,1	4161	4161
P165,1	4162	4162
P69,1	4163	4163
P179,1	4164	4164
P122,1	4165	4165
P57,1	4166	4166
P84,1	4167	4167
P54,1	4168	4168
P194,1	4169	4169
P180,1	4170	4170
P105,1	4171	4171
P181,1	4172	4172
P115,1	4173	4173
P73,1	4174	4174
P166,1	4175	4175
P91,1	4176	4176
P182,1	4177	4177
P123,2	4178	4178
P167,1	4179	4179
P49,2	4180	4180
P58,1	4181	4181
P196,1	4182	4182
P153,1	4183	4183
P79,1	4184	4184
P65,1	4185	4185
P154,1	4186	4186
P86,1	4187	4187
P135,1	4188	4188
P66,1	4189	4189
P25,1	4190	4190
P98,1	4191	4191
P168,1	4192	4192
P126,1	4193	4193
P62,1	4194	4194
P59,1	4195	4195
P186,1	4196	4196
P7,1	4197	4197
P108,1	4198	4198
P156,1	4199	4199
P24,2	4200	4200
P170,1	4201	4201
P87,1	4202	4202
P47,1	4203	4203
P199,1	4204	4204
P63,2	4205	4205
P55,1	4206	4206
P40,2	4207	4207
P187,1	4208	4208
P200,1	4209	4209
P80,1	4210	4210
P118,1	4211	4211
P157,1	4212	4212
P50,1	4213	4213
P128,1	4214	4214
P129,1	4215	4215
P119,1	4216	4216
P67,1	4217	4217
P4,2	4218	4218
P100,1	4219	4219
P148,1	4220	4220
P23,2	4221	4221
P51,1	4222	4222
P30,1	4223	4223
P139,1	4224	4224
P9,1	4225	4225
P111,1	4226	4226
P81,1	4227	4227
P56,1	4228	4228
P160,1	4229	4229
P102,1	4230	4230
P112,1	4231	4231
P43,1	4232	4232
P120,1	4233	4233
P161,1	4234	4234
P191,1	4235	4235
P113,1	4236	4236
P2,2	4237	4237
P162,1	4238	4238
P72,1	4239	4239
P11,1	4240	4240
P16,1	4241	4241
P132,1	4242	4242
P175,1	4243	4243
P114,1	4244	4244
P176,1	4245	4245
P177,1	4246	4246
P61,1	4247	4247
P17,1	4248	4248
P83,2	4249	4249
P44,1	4250	4250
P77,1	4251	4251
P193,1	4252	4252
P163,1	4253	4253
P18,1	4254	4254
P15,1	4255	4255
P19,2	4256	4256
P31,1	4257	4257
P142,1	4258	4258
P96,1	4259	4259
P151,1	4260	4260
P54,1	4261	4261
P194,1	4262	4262
P180,1	4263	4263
P105,1	4264	4264
P181,1	4265	4265
P115,1	4266	4266
P73,1	4267	4267
P166,1	4268	4268
P91,1	4269	4269
P182,1	4270	4270
P123,2	4271	4271
P167,1	4272	4272
P49,2	4273	4273
P58,1	4274	4274
P196,1	4275	4275
P153,1	4276	4276
P79,1	4277	4277
P65,1	4278	4278
P154,1	4279	4279
P86,1	4280	4280
P135,1	4281	4281
P66,1	4282	4282
P25,1	4283	4283
P98,1	4284	4284
P168,1	4285	4285
P126,1	4286	4286
P62,1	4287	4287
P59,1	4288	4288
P186,1	4289	4289
P7,1	4290	4290
P108,1	4291	4291
P156,1	4292	4292
P24,2	4293	4293
P170,1	4294	4294
P87,1	4295	4295
P47,1	4296	4296
P199,1	4297	4297
P63,2	4298	4298
P55,1	4299	4299
P40,2	4300	4300
P187,1	4301	4301
P200,1	4302	4302
P80,1	4303	4303
P118,1	4304	4304
P157,1	4305	4305
P50,1	4306	4306
P128,1	4307	4307
P129,1	4308	4308
P119,1	4309	4309
P67,1	4310	4310
P4,2	4311	4311
P100,1	4312	4312
P148,1	4313	4313
P23,2	4314	4314
P51,1	4315	4315
P30,1	4316	4316
P139,1	4317	4317
P9,1	4318	4318
P111,1	4319	4319
P81,1	4320	4320
P56,1	4321	4321
P160,1	4322	4322
P102,1	4323	4323
P112,1	4324	4324
P43,1	4325	4325
P120,1	4326	4326
P161,1	4327	4327
P191,1	4328	4328
P113,1	4329	4329
P2,2	4330	4330
P162,1	4331	4331
P72,1	4332	4332
P11,1	4333	4333
P16,1	4334	4334
P132,1	4335	4335
P175,1	4336	4336
P114,1	4337	4337
P176,1	4338	4338
P177,1	4339	4339
P61,1	4340	4340
P17,1	4341	4341
P83,2	4342	4342
P48,1	4343	4343
P44,2	4344	4344
P193,1	4345	4345
P163,1	4346	4346
P18,1	4347	4347
P15,1	4348	4348
P19,2	4349	4349
P31,1	4350	4350
P142,1	4351	4351
P96,1	4352	4352
P151,1	4353	4353
P54,1	4354	4354
P194,1	4355	4355
P180,1	4356	4356
P105,1	4357	4357
P181,1	4358	4358
P115,1	4359	4359
P73,1	4360	4360
P166,1	4361	4361
P91,1	4362	4362
P182,1	4363	4363
P123,2	4364	4364
P167,1	4365	4365
P49,2	4366	4366
P58,1	4367	4367
P196,1	4368	4368
P153,1	4369	4369
P79,1	4370	4370
P65,1	4371	4371
P154,1	4372	4372
P86,1	4373	4373
P135,1	4374	4374
P66,1	4375	4375
P25,1	4376	4376
P98,1	4377	4377
P168,1	4378	4378
P126,1	4379	4379
P62,1	4380	4380
P59,1	4381	4381
P186,1	4382	4382
P7,1	4383	4383
P108,1	4384	4384
P156,1	4385	4385
P24,2	4386	4386
P170,1	4387	4387
P87,1	4388	4388
P47,1	4389	4389
P199,1	4390	4390
P63,2	4391	4391
P55,1	4392	4392
P40,2	4393	4393
P187,1	4394	4394
P200,1	4395	4395
P80,1	4396	4396
P118,1	4397	4397
P157,1	4398	4398
P50,1	4399	4399
P128,1	4400	4400
P129,1	4401	4401
P119,1	4402	4402
P67,1	4403	4403
P4,2	4404	4404
P100,1	4405	4405
P148,1	4406	4406
P23,2	4407	4407
P51,1	4408	4408
P30,1	4409	4409
P139,1	4410	4410
P101,1	4411	4411
P76,1	4412	4412
P189,1	4413	4413
P173,1	4414	4414
P130,1	4415	4415
P112,1	4416	4416
P43,1	4417	4417
P120,1	4418	4418
P149,1	4419	4419
P95,1	4420	4420
P89,1	4421	4421
P174,1	4422	4422
P28,2	4423	4423
P34,1	4424	4424
P64,1	4425	4425
P82,1	4426	4426
P141,1	4427	4427
P103,2	4428	4428
P192,1	4429	4429
P104,1	4430	4430
P68,2	4431	4431
P29,1	4432	4432
P178,1	4433	4433
P150,1	4434	4434
P121,1	4435	4435
P77,1	4436	4436
P90,1	4437	4437
P53,2	4438	4438
P45,1	4439	4439
P164,1	4440	4440
P165,1	4441	4441
P69,1	4442	4442
P179,1	4443	4443
P122,1	4444	4444
P57,1	4445	4445
P84,1	4446	4446
P35,1	4447	4447
P195,1	4448	4448
P152,1	4449	4449
P133,2	4450	4450
P143,1	4451	4451
P106,1	4452	4452
P78,1	4453	4453
P116,1	4454	4454
P46,2	4455	4455
P85,1	4456	4456
P36,2	4457	4457
P183,1	4458	4458
P97,1	4459	4459
P12,2	4460	4460
P13,1	4461	4461
P134,1	4462	4462
P184,1	4463	4463
P124,1	4464	4464
P125,1	4465	4465
P144,1	4466	4466
P37,1	4467	4467
P10,2	4468	4468
P155,1	4469	4469
P117,1	4470	4470
P197,1	4471	4471
P185,1	4472	4472
P136,1	4473	4473
P198,1	4474	4474
P70,2	4475	4475
P107,1	4476	4476
P146,2	4477	4477
P38,1	4478	4478
P169,1	4479	4479
P41,1	4480	4480
P21,1	4481	4481
P92,1	4482	4482
P22,1	4483	4483
P137,1	4484	4484
P127,1	4485	4485
P93,1	4486	4486
P109,1	4487	4487
P32,2	4488	4488
P88,1	4489	4489
P171,1	4490	4490
P138,1	4491	4491
P99,1	4492	4492
P172,1	4493	4493
P158,1	4494	4494
P188,1	4495	4495
P14,1	4496	4496
P33,1	4497	4497
P60,2	4498	4498
P75,2	4499	4499
P26,1	4500	4500
P159,1	4501	4501
P94,1	4502	4502
P110,1	4503	4503
P111,1	4504	4504
P81,1	4505	4505
P56,1	4506	4506
P160,1	4507	4507
P102,1	4508	4508
P140,1	4509	4509
P120,1	4510	4510
P149,1	4511	4511
P95,1	4512	4512
P89,1	4513	4513
P174,1	4514	4514
P28,2	4515	4515
P34,1	4516	4516
P72,1	4517	4517
P11,1	4518	4518
P16,1	4519	4519
P132,1	4520	4520
P175,1	4521	4521
P114,1	4522	4522
P176,1	4523	4523
P177,1	4524	4524
P61,1	4525	4525
P17,1	4526	4526
P83,2	4527	4527
P48,1	4528	4528
P44,2	4529	4529
P193,1	4530	4530
P163,1	4531	4531
P18,1	4532	4532
P15,1	4533	4533
P19,2	4534	4534
P31,1	4535	4535
P142,1	4536	4536
P96,1	4537	4537
P151,1	4538	4538
P54,1	4539	4539
P194,1	4540	4540
P180,1	4541	4541
P105,1	4542	4542
P181,1	4543	4543
P115,1	4544	4544
P73,1	4545	4545
P166,1	4546	4546
P91,1	4547	4547
P182,1	4548	4548
P123,2	4549	4549
P167,1	4550	4550
P49,2	4551	4551
P58,1	4552	4552
P196,1	4553	4553
P153,1	4554	4554
P79,1	4555	4555
P65,1	4556	4556
P154,1	4557	4557
P86,1	4558	4558
P135,1	4559	4559
P66,1	4560	4560
P25,1	4561	4561
P98,1	4562	4562
P168,1	4563	4563
P126,1	4564	4564
P62,1	4565	4565
P59,1	4566	4566
P186,1	4567	4567
P7,1	4568	4568
P108,1	4569	4569
P156,1	4570	4570
P24,2	4571	4571
P170,1	4572	4572
P87,1	4573	4573
P47,1	4574	4574
P199,1	4575	4575
P63,2	4576	4576
P55,1	4577	4577
P40,2	4578	4578
P187,1	4579	4579
P200,1	4580	4580
P88,1	4581	4581
P171,1	4582	4582
P138,1	4583	4583
P99,1	4584	4584
P172,1	4585	4585
P129,1	4586	4586
P119,1	4587	4587
P67,1	4588	4588
P4,2	4589	4589
P100,1	4590	4590
P148,1	4591	4591
P23,2	4592	4592
P51,1	4593	4593
P30,1	4594	4594
P139,1	4595	4595
P101,1	4596	4596
P76,1	4597	4597
P189,1	4598	4598
P173,1	4599	4599
P130,1	4600	4600
P112,1	4601	4601
P131,1	4602	4602
P190,2	4603	4603
P161,1	4604	4604
P191,1	4605	4605
P113,1	4606	4606
P2,2	4607	4607
P162,1	4608	4608
P43,2	4609	4609
P64,1	4610	4610
P82,1	4611	4611
P141,1	4612	4612
P103,2	4613	4613
P192,1	4614	4614
P104,1	4615	4615
P68,2	4616	4616
P29,1	4617	4617
P178,1	4618	4618
P150,1	4619	4619
P121,1	4620	4620
P77,1	4621	4621
P90,1	4622	4622
P53,2	4623	4623
P18,1	4624	4624
P15,1	4625	4625
P19,2	4626	4626
P31,1	4627	4627
P142,1	4628	4628
P96,1	4629	4629
P151,1	4630	4630
P54,1	4631	4631
P194,1	4632	4632
P180,1	4633	4633
P105,1	4634	4634
P181,1	4635	4635
P115,1	4636	4636
P73,1	4637	4637
P166,1	4638	4638
P91,1	4639	4639
P182,1	4640	4640
P123,2	4641	4641
P167,1	4642	4642
P49,2	4643	4643
P58,1	4644	4644
P196,1	4645	4645
P153,1	4646	4646
P79,1	4647	4647
P65,1	4648	4648
P154,1	4649	4649
P86,1	4650	4650
P135,1	4651	4651
P66,1	4652	4652
P25,1	4653	4653
P98,1	4654	4654
P168,1	4655	4655
P126,1	4656	4656
P62,1	4657	4657
P59,1	4658	4658
P186,1	4659	4659
P7,1	4660	4660
P108,1	4661	4661
P156,1	4662	4662
P24,2	4663	4663
P170,1	4664	4664
P87,1	4665	4665
P47,1	4666	4666
P199,1	4667	4667
P63,2	4668	4668
P55,1	4669	4669
P40,2	4670	4670
P187,1	4671	4671
P200,1	4672	4672
P88,1	4673	4673
P171,1	4674	4674
P138,1	4675	4675
P99,1	4676	4676
P172,1	4677	4677
P129,1	4678	4678
P119,1	4679	4679
P67,1	4680	4680
P4,2	4681	4681
P100,1	4682	4682
P148,1	4683	4683
P23,2	4684	4684
P51,1	4685	4685
P30,1	4686	4686
P139,1	4687	4687
P101,1	4688	4688
P76,1	4689	4689
P189,1	4690	4690
P173,1	4691	4691
P130,1	4692	4692
P112,1	4693	4693
P131,1	4694	4694
P190,2	4695	4695
P161,1	4696	4696
P191,1	4697	4697
P113,1	4698	4698
P2,2	4699	4699
P162,1	4700	4700
P43,2	4701	4701
P64,1	4702	4702
P82,1	4703	4703
P141,1	4704	4704
P103,2	4705	4705
P192,1	4706	4706
P104,1	4707	4707
P68,2	4708	4708
P29,1	4709	4709
P178,1	4710	4710
P150,1	4711	4711
P121,1	4712	4712
P77,1	4713	4713
P90,1	4714	4714
P53,2	4715	4715
P18,1	4716	4716
P15,1	4717	4717
P19,2	4718	4718
P31,1	4719	4719
P142,1	4720	4720
P96,1	4721	4721
P151,1	4722	4722
P54,1	4723	4723
P194,1	4724	4724
P180,1	4725	4725
P105,1	4726	4726
P181,1	4727	4727
P115,1	4728	4728
P73,1	4729	4729
P166,1	4730	4730
P91,1	4731	4731
P182,1	4732	4732
P123,2	4733	4733
P167,1	4734	4734
P49,2	4735	4735
P58,1	4736	4736
P196,1	4737	4737
P153,1	4738	4738
P79,1	4739	4739
P65,1	4740	4740
P154,1	4741	4741
P86,1	4742	4742
P135,1	4743	4743
P66,1	4744	4744
P25,1	4745	4745
P98,1	4746	4746
P168,1	4747	4747
P126,1	4748	4748
P62,1	4749	4749
P59,1	4750	4750
P186,1	4751	4751
P7,1	4752	4752
P108,1	4753	4753
P156,1	4754	4754
P24,2	4755	4755
P170,1	4756	4756
P87,1	4757	4757
P47,1	4758	4758
P199,1	4759	4759
P63,2	4760	4760
P55,1	4761	4761
P40,2	4762	4762
P109,1	4763	4763
P32,2	4764	4764
P118,1	4765	4765
P157,1	4766	4766
P99,1	4767	4767
P172,1	4768	4768
P129,1	4769	4769
P188,1	4770	4770
P50,2	4771	4771
P4,2	4772	4772
P100,1	4773	4773
P148,1	4774	4774
P75,2	4775	4775
P26,1	4776	4776
P159,1	4777	4777
P94,1	4778	4778
P110,1	4779	4779
P111,1	4780	4780
P81,1	4781	4781
P56,1	4782	4782
P160,1	4783	4783
P102,1	4784	4784
P140,1	4785	4785
P120,1	4786	4786
P149,1	4787	4787
P95,1	4788	4788
P89,1	4789	4789
P174,1	4790	4790
P28,2	4791	4791
P34,1	4792	4792
P72,1	4793	4793
P11,1	4794	4794
P16,1	4795	4795
P103,2	4796	4796
P192,1	4797	4797
P104,1	4798	4798
P68,2	4799	4799
P177,1	4800	4800
P61,1	4801	4801
P17,1	4802	4802
P83,2	4803	4803
P48,1	4804	4804
P44,2	4805	4805
P193,1	4806	4806
P45,1	4807	4807
P164,1	4808	4808
P165,1	4809	4809
P69,1	4810	4810
P179,1	4811	4811
P122,1	4812	4812
P57,1	4813	4813
P84,1	4814	4814
P35,1	4815	4815
P195,1	4816	4816
P152,1	4817	4817
P133,2	4818	4818
P143,1	4819	4819
P106,1	4820	4820
P78,1	4821	4821
P116,1	4822	4822
P46,2	4823	4823
P85,1	4824	4824
P36,2	4825	4825
P183,1	4826	4826
P97,1	4827	4827
P12,2	4828	4828
P13,1	4829	4829
P134,1	4830	4830
P184,1	4831	4831
P124,1	4832	4832
P125,1	4833	4833
P144,1	4834	4834
P37,1	4835	4835
P10,2	4836	4836
P155,1	4837	4837
P117,1	4838	4838
P197,1	4839	4839
P185,1	4840	4840
P136,1	4841	4841
P198,1	4842	4842
P70,2	4843	4843
P108,1	4844	4844
P156,1	4845	4845
P24,2	4846	4846
P170,1	4847	4847
P41,1	4848	4848
P21,1	4849	4849
P92,1	4850	4850
P22,1	4851	4851
P137,1	4852	4852
P127,1	4853	4853
P187,1	4854	4854
P200,1	4855	4855
P88,1	4856	4856
P171,1	4857	4857
P138,1	4858	4858
P128,1	4859	4859
P80,2	4860	4860
P119,1	4861	4861
P67,1	4862	4862
P14,1	4863	4863
P33,1	4864	4864
P60,2	4865	4865
P158,2	4866	4866
P23,2	4867	4867
P51,1	4868	4868
P30,1	4869	4869
P139,1	4870	4870
P101,1	4871	4871
P76,1	4872	4872
P189,1	4873	4873
P173,1	4874	4874
P130,1	4875	4875
P112,1	4876	4876
P131,1	4877	4877
P190,2	4878	4878
P161,1	4879	4879
P191,1	4880	4880
P113,1	4881	4881
P2,2	4882	4882
P162,1	4883	4883
P43,2	4884	4884
P64,1	4885	4885
P82,1	4886	4886
P132,1	4887	4887
P175,1	4888	4888
P114,1	4889	4889
P176,1	4890	4890
P141,2	4891	4891
P29,1	4892	4892
P178,1	4893	4893
P150,1	4894	4894
P121,1	4895	4895
P44,2	4896	4896
P193,1	4897	4897
P45,1	4898	4898
P164,1	4899	4899
P165,1	4900	4900
P69,1	4901	4901
P31,1	4902	4902
P142,1	4903	4903
P96,1	4904	4904
P151,1	4905	4905
P54,1	4906	4906
P194,1	4907	4907
P180,1	4908	4908
P105,1	4909	4909
P181,1	4910	4910
P115,1	4911	4911
P73,1	4912	4912
P166,1	4913	4913
P91,1	4914	4914
P182,1	4915	4915
P123,2	4916	4916
P167,1	4917	4917
P49,2	4918	4918
P58,1	4919	4919
P196,1	4920	4920
P153,1	4921	4921
P79,1	4922	4922
P65,1	4923	4923
P125,1	4924	4924
P144,1	4925	4925
P37,1	4926	4926
P10,2	4927	4927
P25,1	4928	4928
P98,1	4929	4929
P168,1	4930	4930
P126,1	4931	4931
P62,1	4932	4932
P59,1	4933	4933
P186,1	4934	4934
P107,1	4935	4935
P146,2	4936	4936
P38,1	4937	4937
P169,1	4938	4938
P7,2	4939	4939
P87,1	4940	4940
P47,1	4941	4941
P199,1	4942	4942
P63,2	4943	4943
P55,1	4944	4944
P40,2	4945	4945
P109,1	4946	4946
P32,2	4947	4947
P118,1	4948	4948
P157,1	4949	4949
P99,1	4950	4950
P172,1	4951	4951
P129,1	4952	4952
P188,1	4953	4953
P50,2	4954	4954
P4,2	4955	4955
P100,1	4956	4956
P148,1	4957	4957
P75,2	4958	4958
P26,1	4959	4959
P159,1	4960	4960
P94,1	4961	4961
P110,1	4962	4962
P111,1	4963	4963
P81,1	4964	4964
P56,1	4965	4965
P160,1	4966	4966
P102,1	4967	4967
P140,1	4968	4968
P120,1	4969	4969
P149,1	4970	4970
P95,1	4971	4971
P89,1	4972	4972
P174,1	4973	4973
P28,2	4974	4974
P34,1	4975	4975
P72,1	4976	4976
P11,1	4977	4977
P16,1	4978	4978
P103,2	4979	4979
P192,1	4980	4980
P104,1	4981	4981
P68,2	4982	4982
P177,1	4983	4983
P61,1	4984	4984
P17,1	4985	4985
P83,2	4986	4986
P48,1	4987	4987
P193,1	4988	4988
P45,1	4989	4989
P15,1	4990	4990
P19,2	4991	4991
P77,2	4992	4992
P179,1	4993	4993
P90,2	4994	4994
P96,1	4995	4995
P57,1	4996	4996
P84,1	4997	4997
P35,1	4998	4998
P195,1	4999	4999
P152,1	5000	5000
P133,2	5001	5001
P143,1	5002	5002
P106,1	5003	5003
P78,1	5004	5004
P116,1	5005	5005
P46,2	5006	5006
P85,1	5007	5007
P36,2	5008	5008
P183,1	5009	5009
P97,1	5010	5010
P12,2	5011	5011
P13,1	5012	5012
P134,1	5013	5013
P184,1	5014	5014
P154,1	5015	5015
P86,1	5016	5016
P37,1	5017	5017
P10,2	5018	5018
P25,1	5019	5019
P98,1	5020	5020
P168,1	5021	5021
P197,1	5022	5022
P185,1	5023	5023
P136,1	5024	5024
P198,1	5025	5025
P70,2	5026	5026
P108,1	5027	5027
P156,1	5028	5028
P24,2	5029	5029
P170,1	5030	5030
P41,1	5031	5031
P21,1	5032	5032
P92,1	5033	5033
P22,1	5034	5034
P137,1	5035	5035
P127,1	5036	5036
P187,1	5037	5037
P200,1	5038	5038
P88,1	5039	5039
P171,1	5040	5040
P138,1	5041	5041
P128,1	5042	5042
P80,2	5043	5043
P119,1	5044	5044
P67,1	5045	5045
P14,1	5046	5046
P33,1	5047	5047
P60,2	5048	5048
P158,2	5049	5049
P23,2	5050	5050
P51,1	5051	5051
P30,1	5052	5052
P139,1	5053	5053
P101,1	5054	5054
P76,1	5055	5055
P189,1	5056	5056
P173,1	5057	5057
P130,1	5058	5058
P112,1	5059	5059
P131,1	5060	5060
P190,2	5061	5061
P161,1	5062	5062
P191,1	5063	5063
P113,1	5064	5064
P2,2	5065	5065
P162,1	5066	5066
P43,2	5067	5067
P64,1	5068	5068
P82,1	5069	5069
P132,1	5070	5070
P175,1	5071	5071
P114,1	5072	5072
P176,1	5073	5073
P141,2	5074	5074
P29,1	5075	5075
P178,1	5076	5076
P83,2	5077	5077
P121,1	5078	5078
P44,2	5079	5079
P53,2	5080	5080
P164,1	5081	5081
P165,1	5082	5082
P69,1	5083	5083
P31,1	5084	5084
P142,1	5085	5085
P122,1	5086	5086
P18,2	5087	5087
P151,1	5088	5088
P54,1	5089	5089
P194,1	5090	5090
P180,1	5091	5091
P105,1	5092	5092
P181,1	5093	5093
P115,1	5094	5094
P73,1	5095	5095
P166,1	5096	5096
P46,2	5097	5097
P182,1	5098	5098
P123,2	5099	5099
P167,1	5100	5100
P49,2	5101	5101
P58,1	5102	5102
P196,1	5103	5103
P153,1	5104	5104
P79,1	5105	5105
P65,1	5106	5106
P125,1	5107	5107
P144,1	5108	5108
P66,1	5109	5109
P124,2	5110	5110
P155,1	5111	5111
P117,1	5112	5112
P135,2	5113	5113
P126,1	5114	5114
P62,1	5115	5115
P59,1	5116	5116
P186,1	5117	5117
P107,1	5118	5118
P146,2	5119	5119
P38,1	5120	5120
P169,1	5121	5121
P7,2	5122	5122
P21,1	5123	5123
P92,1	5124	5124
P22,1	5125	5125
P137,1	5126	5126
P127,1	5127	5127
P40,2	5128	5128
P109,1	5129	5129
P32,2	5130	5130
P171,1	5131	5131
P138,1	5132	5132
P99,1	5133	5133
P172,1	5134	5134
P129,1	5135	5135
P188,1	5136	5136
P50,2	5137	5137
P4,2	5138	5138
P100,1	5139	5139
P148,1	5140	5140
P75,2	5141	5141
P26,1	5142	5142
P159,1	5143	5143
P94,1	5144	5144
P110,1	5145	5145
P111,1	5146	5146
P81,1	5147	5147
P56,1	5148	5148
P160,1	5149	5149
P102,1	5150	5150
P140,1	5151	5151
P120,1	5152	5152
P149,1	5153	5153
P95,1	5154	5154
P89,1	5155	5155
P174,1	5156	5156
P28,2	5157	5157
P34,1	5158	5158
P72,1	5159	5159
P11,1	5160	5160
P16,1	5161	5161
P103,2	5162	5162
P192,1	5163	5163
P104,1	5164	5164
P68,2	5165	5165
P177,1	5166	5166
P61,1	5167	5167
P150,1	5168	5168
P17,2	5169	5169
P48,1	5170	5170
P193,1	5171	5171
P45,1	5172	5172
P15,1	5173	5173
P19,2	5174	5174
P77,2	5175	5175
P179,1	5176	5176
P90,2	5177	5177
P96,1	5178	5178
P57,1	5179	5179
P84,1	5180	5180
P35,1	5181	5181
P195,1	5182	5182
P152,1	5183	5183
P133,2	5184	5184
P143,1	5185	5185
P106,1	5186	5186
P78,1	5187	5187
P91,1	5188	5188
P116,2	5189	5189
P85,1	5190	5190
P36,2	5191	5191
P183,1	5192	5192
P97,1	5193	5193
P12,2	5194	5194
P13,1	5195	5195
P134,1	5196	5196
P184,1	5197	5197
P154,1	5198	5198
P86,1	5199	5199
P37,1	5200	5200
P10,2	5201	5201
P25,1	5202	5202
P98,1	5203	5203
P168,1	5204	5204
P197,1	5205	5205
P185,1	5206	5206
P136,1	5207	5207
P198,1	5208	5208
P70,2	5209	5209
P108,1	5210	5210
P156,1	5211	5211
P24,2	5212	5212
P170,1	5213	5213
P87,1	5214	5214
P47,1	5215	5215
P199,1	5216	5216
P63,2	5217	5217
P55,1	5218	5218
P41,2	5219	5219
P187,1	5220	5220
P200,1	5221	5221
P118,1	5222	5222
P157,1	5223	5223
P88,2	5224	5224
P128,1	5225	5225
P80,2	5226	5226
P119,1	5227	5227
P67,1	5228	5228
P14,1	5229	5229
P33,1	5230	5230
P60,2	5231	5231
P158,2	5232	5232
P23,2	5233	5233
P51,1	5234	5234
P30,1	5235	5235
P139,1	5236	5236
P101,1	5237	5237
P76,1	5238	5238
P189,1	5239	5239
P173,1	5240	5240
P130,1	5241	5241
P112,1	5242	5242
P131,1	5243	5243
P190,2	5244	5244
P161,1	5245	5245
P191,1	5246	5246
P113,1	5247	5247
P2,2	5248	5248
P162,1	5249	5249
P43,2	5250	5250
P64,1	5251	5251
P82,1	5252	5252
P103,2	5253	5253
P175,1	5254	5254
P114,1	5255	5255
P176,1	5256	5256
P141,2	5257	5257
P29,1	5258	5258
P178,1	5259	5259
P83,2	5260	5260
P121,1	5261	5261
P44,2	5262	5262
P53,2	5263	5263
P164,1	5264	5264
P165,1	5265	5265
P69,1	5266	5266
P31,1	5267	5267
P142,1	5268	5268
P122,1	5269	5269
P18,2	5270	5270
P151,1	5271	5271
P54,1	5272	5272
P194,1	5273	5273
P180,1	5274	5274
P105,1	5275	5275
P181,1	5276	5276
P115,1	5277	5277
P73,1	5278	5278
P166,1	5279	5279
P46,2	5280	5280
P182,1	5281	5281
P123,2	5282	5282
P167,1	5283	5283
P49,2	5284	5284
P58,1	5285	5285
P196,1	5286	5286
P153,1	5287	5287
P79,1	5288	5288
P65,1	5289	5289
P125,1	5290	5290
P144,1	5291	5291
P66,1	5292	5292
P124,2	5293	5293
P155,1	5294	5294
P117,1	5295	5295
P135,2	5296	5296
P126,1	5297	5297
P62,1	5298	5298
P59,1	5299	5299
P186,1	5300	5300
P107,1	5301	5301
P146,2	5302	5302
P38,1	5303	5303
P169,1	5304	5304
P7,2	5305	5305
P21,1	5306	5306
P92,1	5307	5307
P63,2	5308	5308
P55,1	5309	5309
P127,1	5310	5310
P40,2	5311	5311
P109,1	5312	5312
P32,2	5313	5313
P171,1	5314	5314
P138,1	5315	5315
P99,1	5316	5316
P172,1	5317	5317
P129,1	5318	5318
P188,1	5319	5319
P50,2	5320	5320
P4,2	5321	5321
P100,1	5322	5322
P148,1	5323	5323
P75,2	5324	5324
P26,1	5325	5325
P159,1	5326	5326
P94,1	5327	5327
P110,1	5328	5328
P111,1	5329	5329
P81,1	5330	5330
P56,1	5331	5331
P160,1	5332	5332
P102,1	5333	5333
P140,1	5334	5334
P120,1	5335	5335
P149,1	5336	5336
P95,1	5337	5337
P89,1	5338	5338
P174,1	5339	5339
P28,2	5340	5340
P34,1	5341	5341
P72,1	5342	5342
P11,1	5343	5343
P132,1	5344	5344
P16,2	5345	5345
P192,1	5346	5346
P104,1	5347	5347
P68,2	5348	5348
P177,1	5349	5349
P178,1	5350	5350
P150,1	5351	5351
P17,2	5352	5352
P48,1	5353	5353
P193,1	5354	5354
P45,1	5355	5355
P15,1	5356	5356
P19,2	5357	5357
P77,2	5358	5358
P179,1	5359	5359
P90,2	5360	5360
P96,1	5361	5361
P57,1	5362	5362
P84,1	5363	5363
P35,1	5364	5364
P195,1	5365	5365
P152,1	5366	5366
P133,2	5367	5367
P143,1	5368	5368
P106,1	5369	5369
P78,1	5370	5370
P91,1	5371	5371
P116,2	5372	5372
P85,1	5373	5373
P36,2	5374	5374
P183,1	5375	5375
P97,1	5376	5376
P12,2	5377	5377
P13,1	5378	5378
P134,1	5379	5379
P184,1	5380	5380
P154,1	5381	5381
P86,1	5382	5382
P66,1	5383	5383
P124,2	5384	5384
P155,1	5385	5385
P117,1	5386	5386
P135,2	5387	5387
P126,1	5388	5388
P62,1	5389	5389
P59,1	5390	5390
P186,1	5391	5391
P107,1	5392	5392
P146,2	5393	5393
P38,1	5394	5394
P169,1	5395	5395
P87,1	5396	5396
P47,1	5397	5397
P199,1	5398	5398
P137,1	5399	5399
P22,2	5400	5400
P41,2	5401	5401
P187,1	5402	5402
P200,1	5403	5403
P118,1	5404	5404
P157,1	5405	5405
P88,2	5406	5406
P128,1	5407	5407
P80,2	5408	5408
P119,1	5409	5409
P67,1	5410	5410
P14,1	5411	5411
P100,1	5412	5412
P148,1	5413	5413
P75,2	5414	5414
P26,1	5415	5415
P159,1	5416	5416
P94,1	5417	5417
P139,1	5418	5418
P101,1	5419	5419
P76,1	5420	5420
P189,1	5421	5421
P173,1	5422	5422
P130,1	5423	5423
P112,1	5424	5424
P131,1	5425	5425
P190,2	5426	5426
P161,1	5427	5427
P191,1	5428	5428
P113,1	5429	5429
P2,2	5430	5430
P162,1	5431	5431
P43,2	5432	5432
P64,1	5433	5433
P82,1	5434	5434
P103,2	5435	5435
P175,1	5436	5436
P114,1	5437	5437
P176,1	5438	5438
P141,2	5439	5439
P61,1	5440	5440
P29,2	5441	5441
P83,2	5442	5442
P121,1	5443	5443
P44,2	5444	5444
P53,2	5445	5445
P164,1	5446	5446
P165,1	5447	5447
P69,1	5448	5448
P31,1	5449	5449
P142,1	5450	5450
P122,1	5451	5451
P18,2	5452	5452
P151,1	5453	5453
P54,1	5454	5454
P194,1	5455	5455
P180,1	5456	5456
P105,1	5457	5457
P181,1	5458	5458
P115,1	5459	5459
P73,1	5460	5460
P166,1	5461	5461
P46,2	5462	5462
P182,1	5463	5463
P123,2	5464	5464
P167,1	5465	5465
P49,2	5466	5466
P58,1	5467	5467
P196,1	5468	5468
P153,1	5469	5469
P79,1	5470	5470
P65,1	5471	5471
P125,1	5472	5472
P66,1	5473	5473
P124,2	5474	5474
P155,1	5475	5475
P117,1	5476	5476
P135,2	5477	5477
P197,1	5478	5478
P185,1	5479	5479
P136,1	5480	5480
P198,1	5481	5481
P70,2	5482	5482
P108,1	5483	5483
P156,1	5484	5484
P24,2	5485	5485
P7,2	5486	5486
P21,1	5487	5487
P92,1	5488	5488
P63,2	5489	5489
P55,1	5490	5490
P127,1	5491	5491
P40,2	5492	5492
P109,1	5493	5493
P32,2	5494	5494
P171,1	5495	5495
P138,1	5496	5496
P99,1	5497	5497
P172,1	5498	5498
P129,1	5499	5499
P188,1	5500	5500
P50,2	5501	5501
P4,2	5502	5502
P60,2	5503	5503
P158,2	5504	5504
P23,2	5505	5505
P51,1	5506	5506
P30,1	5507	5507
P33,2	5508	5508
P110,1	5509	5509
P111,1	5510	5510
P81,1	5511	5511
P56,1	5512	5512
P160,1	5513	5513
P102,1	5514	5514
P140,1	5515	5515
P120,1	5516	5516
P149,1	5517	5517
P95,1	5518	5518
P89,1	5519	5519
P174,1	5520	5520
P28,2	5521	5521
P34,1	5522	5522
P72,1	5523	5523
P11,1	5524	5524
P132,1	5525	5525
P16,2	5526	5526
P192,1	5527	5527
P104,1	5528	5528
P68,2	5529	5529
P177,1	5530	5530
P178,1	5531	5531
P150,1	5532	5532
P17,2	5533	5533
P48,1	5534	5534
P193,1	5535	5535
P45,1	5536	5536
P15,1	5537	5537
P19,2	5538	5538
P77,2	5539	5539
P179,1	5540	5540
P90,2	5541	5541
P96,1	5542	5542
P57,1	5543	5543
P84,1	5544	5544
P35,1	5545	5545
P195,1	5546	5546
P152,1	5547	5547
P133,2	5548	5548
P143,1	5549	5549
P106,1	5550	5550
P78,1	5551	5551
P46,2	5552	5552
P182,1	5553	5553
P123,2	5554	5554
P167,1	5555	5555
P49,2	5556	5556
P58,1	5557	5557
P196,1	5558	5558
P13,1	5559	5559
P134,1	5560	5560
P184,1	5561	5561
P154,1	5562	5562
P144,1	5563	5563
P10,2	5564	5564
P25,1	5565	5565
P98,1	5566	5566
P168,1	5567	5567
P86,2	5568	5568
P126,1	5569	5569
P62,1	5570	5570
P59,1	5571	5571
P186,1	5572	5572
P107,1	5573	5573
P146,2	5574	5574
P38,1	5575	5575
P169,1	5576	5576
P87,1	5577	5577
P47,1	5578	5578
P199,1	5579	5579
P137,1	5580	5580
P22,2	5581	5581
P41,2	5582	5582
P187,1	5583	5583
P200,1	5584	5584
P118,1	5585	5585
P157,1	5586	5586
P99,1	5587	5587
P172,1	5588	5588
P129,1	5589	5589
P119,1	5590	5590
P67,1	5591	5591
P14,1	5592	5592
P100,1	5593	5593
P148,1	5594	5594
P75,2	5595	5595
P26,1	5596	5596
P30,1	5597	5597
P33,2	5598	5598
P110,1	5599	5599
P111,1	5600	5600
P81,1	5601	5601
P56,1	5602	5602
P160,1	5603	5603
P130,1	5604	5604
P112,1	5605	5605
P131,1	5606	5606
P190,2	5607	5607
P161,1	5608	5608
P191,1	5609	5609
P113,1	5610	5610
P2,2	5611	5611
P162,1	5612	5612
P43,2	5613	5613
P64,1	5614	5614
P132,1	5615	5615
P16,2	5616	5616
P192,1	5617	5617
P104,1	5618	5618
P68,2	5619	5619
P177,1	5620	5620
P178,1	5621	5621
P150,1	5622	5622
P17,2	5623	5623
P48,1	5624	5624
P193,1	5625	5625
P45,1	5626	5626
P165,1	5627	5627
P15,2	5628	5628
P77,2	5629	5629
P179,1	5630	5630
P90,2	5631	5631
P96,1	5632	5632
P57,1	5633	5633
P84,1	5634	5634
P35,1	5635	5635
P195,1	5636	5636
P152,1	5637	5637
P133,2	5638	5638
P143,1	5639	5639
P106,1	5640	5640
P78,1	5641	5641
P46,2	5642	5642
P182,1	5643	5643
P123,2	5644	5644
P167,1	5645	5645
P49,2	5646	5646
P58,1	5647	5647
P196,1	5648	5648
P13,1	5649	5649
P134,1	5650	5650
P184,1	5651	5651
P154,1	5652	5652
P144,1	5653	5653
P10,2	5654	5654
P25,1	5655	5655
P98,1	5656	5656
P168,1	5657	5657
P86,2	5658	5658
P185,1	5659	5659
P136,1	5660	5660
P198,1	5661	5661
P70,2	5662	5662
P108,1	5663	5663
P156,1	5664	5664
P24,2	5665	5665
P7,2	5666	5666
P47,1	5667	5667
P199,1	5668	5668
P137,1	5669	5669
P22,2	5670	5670
P41,2	5671	5671
P187,1	5672	5672
P200,1	5673	5673
P118,1	5674	5674
P157,1	5675	5675
P99,1	5676	5676
P172,1	5677	5677
P129,1	5678	5678
P119,1	5679	5679
P67,1	5680	5680
P14,1	5681	5681
P100,1	5682	5682
P148,1	5683	5683
P75,2	5684	5684
P26,1	5685	5685
P30,1	5686	5686
P33,2	5687	5687
P110,1	5688	5688
P111,1	5689	5689
P81,1	5690	5690
P56,1	5691	5691
P160,1	5692	5692
P130,1	5693	5693
P112,1	5694	5694
P131,1	5695	5695
P190,2	5696	5696
P161,1	5697	5697
P191,1	5698	5698
P113,1	5699	5699
P2,2	5700	5700
P162,1	5701	5701
P43,2	5702	5702
P64,1	5703	5703
P132,1	5704	5704
P16,2	5705	5705
P192,1	5706	5706
P104,1	5707	5707
P68,2	5708	5708
P177,1	5709	5709
P178,1	5710	5710
P150,1	5711	5711
P17,2	5712	5712
P48,1	5713	5713
P193,1	5714	5714
P45,1	5715	5715
P165,1	5716	5716
P15,2	5717	5717
P77,2	5718	5718
P179,1	5719	5719
P90,2	5720	5720
P96,1	5721	5721
P57,1	5722	5722
P84,1	5723	5723
P35,1	5724	5724
P195,1	5725	5725
P152,1	5726	5726
P133,2	5727	5727
P143,1	5728	5728
P106,1	5729	5729
P78,1	5730	5730
P46,2	5731	5731
P182,1	5732	5732
P123,2	5733	5733
P167,1	5734	5734
P97,1	5735	5735
P12,2	5736	5736
P91,2	5737	5737
P153,1	5738	5738
P79,1	5739	5739
P183,2	5740	5740
P154,1	5741	5741
P144,1	5742	5742
P10,2	5743	5743
P25,1	5744	5744
P98,1	5745	5745
P168,1	5746	5746
P86,2	5747	5747
P185,1	5748	5748
P136,1	5749	5749
P198,1	5750	5750
P70,2	5751	5751
P108,1	5752	5752
P156,1	5753	5753
P24,2	5754	5754
P7,2	5755	5755
P47,1	5756	5756
P199,1	5757	5757
P137,1	5758	5758
P22,2	5759	5759
P41,2	5760	5760
P187,1	5761	5761
P200,1	5762	5762
P118,1	5763	5763
P157,1	5764	5764
P99,1	5765	5765
P172,1	5766	5766
P129,1	5767	5767
P119,1	5768	5768
P67,1	5769	5769
P14,1	5770	5770
P100,1	5771	5771
P148,1	5772	5772
P75,2	5773	5773
P26,1	5774	5774
P30,1	5775	5775
P33,2	5776	5776
P110,1	5777	5777
P111,1	5778	5778
P81,1	5779	5779
P56,1	5780	5780
P160,1	5781	5781
P130,1	5782	5782
P112,1	5783	5783
P131,1	5784	5784
P190,2	5785	5785
P161,1	5786	5786
P191,1	5787	5787
P113,1	5788	5788
P2,2	5789	5789
P162,1	5790	5790
P43,2	5791	5791
P64,1	5792	5792
P132,1	5793	5793
P16,2	5794	5794
P192,1	5795	5795
P104,1	5796	5796
P68,2	5797	5797
P177,1	5798	5798
P178,1	5799	5799
P150,1	5800	5800
P17,2	5801	5801
P48,1	5802	5802
P193,1	5803	5803
P45,1	5804	5804
P165,1	5805	5805
P15,2	5806	5806
P77,2	5807	5807
P179,1	5808	5808
P90,2	5809	5809
P96,1	5810	5810
P57,1	5811	5811
P54,1	5812	5812
P194,1	5813	5813
P180,1	5814	5814
P105,1	5815	5815
P181,1	5816	5816
P115,1	5817	5817
P73,1	5818	5818
P151,2	5819	5819
P46,2	5820	5820
P182,1	5821	5821
P123,2	5822	5822
P167,1	5823	5823
P97,1	5824	5824
P12,2	5825	5825
P91,2	5826	5826
P153,1	5827	5827
P79,1	5828	5828
P183,2	5829	5829
P154,1	5830	5830
P144,1	5831	5831
P10,2	5832	5832
P25,1	5833	5833
P98,1	5834	5834
P168,1	5835	5835
P86,2	5836	5836
P185,1	5837	5837
P136,1	5838	5838
P198,1	5839	5839
P70,2	5840	5840
P108,1	5841	5841
P156,1	5842	5842
P24,2	5843	5843
P7,2	5844	5844
P47,1	5845	5845
P199,1	5846	5846
P137,1	5847	5847
P22,2	5848	5848
P41,2	5849	5849
P187,1	5850	5850
P200,1	5851	5851
P118,1	5852	5852
P157,1	5853	5853
P99,1	5854	5854
P172,1	5855	5855
P129,1	5856	5856
P119,1	5857	5857
P67,1	5858	5858
P14,1	5859	5859
P100,1	5860	5860
P148,1	5861	5861
P75,2	5862	5862
P26,1	5863	5863
P30,1	5864	5864
P33,2	5865	5865
P110,1	5866	5866
P111,1	5867	5867
P81,1	5868	5868
P56,1	5869	5869
P160,1	5870	5870
P130,1	5871	5871
P112,1	5872	5872
P131,1	5873	5873
P190,2	5874	5874
P161,1	5875	5875
P191,1	5876	5876
P113,1	5877	5877
P2,2	5878	5878
P162,1	5879	5879
P43,2	5880	5880
P64,1	5881	5881
P132,1	5882	5882
P16,2	5883	5883
P192,1	5884	5884
P104,1	5885	5885
P68,2	5886	5886
P177,1	5887	5887
P178,1	5888	5888
P150,1	5889	5889
P17,2	5890	5890
P48,1	5891	5891
P193,1	5892	5892
P45,1	5893	5893
P165,1	5894	5894
P15,2	5895	5895
P77,2	5896	5896
P179,1	5897	5897
P90,2	5898	5898
P96,1	5899	5899
P57,1	5900	5900
P54,1	5901	5901
P194,1	5902	5902
P180,1	5903	5903
P105,1	5904	5904
P181,1	5905	5905
P115,1	5906	5906
P73,1	5907	5907
P151,2	5908	5908
P46,2	5909	5909
P182,1	5910	5910
P123,2	5911	5911
P167,1	5912	5912
P97,1	5913	5913
P12,2	5914	5914
P91,2	5915	5915
P153,1	5916	5916
P79,1	5917	5917
P183,2	5918	5918
P154,1	5919	5919
P144,1	5920	5920
P10,2	5921	5921
P25,1	5922	5922
P98,1	5923	5923
P168,1	5924	5924
P86,2	5925	5925
P185,1	5926	5926
P136,1	5927	5927
P198,1	5928	5928
P70,2	5929	5929
P108,1	5930	5930
P156,1	5931	5931
P24,2	5932	5932
P7,2	5933	5933
P47,1	5934	5934
P199,1	5935	5935
P137,1	5936	5936
P22,2	5937	5937
P41,2	5938	5938
P187,1	5939	5939
P200,1	5940	5940
P118,1	5941	5941
P157,1	5942	5942
P99,1	5943	5943
P172,1	5944	5944
P129,1	5945	5945
P119,1	5946	5946
P67,1	5947	5947
P14,1	5948	5948
P100,1	5949	5949
P148,1	5950	5950
P75,2	5951	5951
P26,1	5952	5952
P30,1	5953	5953
P33,2	5954	5954
P110,1	5955	5955
P111,1	5956	5956
P81,1	5957	5957
P56,1	5958	5958
P160,1	5959	5959
P130,1	5960	5960
P112,1	5961	5961
P131,1	5962	5962
P190,2	5963	5963
P161,1	5964	5964
P191,1	5965	5965
P113,1	5966	5966
P2,2	5967	5967
P162,1	5968	5968
P43,2	5969	5969
P64,1	5970	5970
P132,1	5971	5971
P16,2	5972	5972
P192,1	5973	5973
P104,1	5974	5974
P68,2	5975	5975
P177,1	5976	5976
P178,1	5977	5977
P150,1	5978	5978
P17,2	5979	5979
P48,1	5980	5980
P193,1	5981	5981
P45,1	5982	5982
P165,1	5983	5983
P15,2	5984	5984
P77,2	5985	5985
P179,1	5986	5986
P90,2	5987	5987
P18,2	5988	5988
P84,1	5989	5989
P35,1	5990	5990
P195,1	5991	5991
P152,1	5992	5992
P133,2	5993	5993
P122,2	5994	5994
P115,1	5995	5995
P73,1	5996	5996
P151,2	5997	5997
P46,2	5998	5998
P182,1	5999	5999
P123,2	6000	6000
P167,1	6001	6001
P97,1	6002	6002
P12,2	6003	6003
P91,2	6004	6004
P153,1	6005	6005
P79,1	6006	6006
P183,2	6007	6007
P154,1	6008	6008
P144,1	6009	6009
P10,2	6010	6010
P25,1	6011	6011
P98,1	6012	6012
P168,1	6013	6013
P86,2	6014	6014
P185,1	6015	6015
P136,1	6016	6016
P198,1	6017	6017
P70,2	6018	6018
P108,1	6019	6019
P156,1	6020	6020
P24,2	6021	6021
P21,1	6022	6022
P92,1	6023	6023
P63,2	6024	6024
P169,2	6025	6025
P22,2	6026	6026
P41,2	6027	6027
P187,1	6028	6028
P200,1	6029	6029
P118,1	6030	6030
P157,1	6031	6031
P99,1	6032	6032
P172,1	6033	6033
P129,1	6034	6034
P119,1	6035	6035
P67,1	6036	6036
P14,1	6037	6037
P100,1	6038	6038
P148,1	6039	6039
P75,2	6040	6040
P26,1	6041	6041
P30,1	6042	6042
P33,2	6043	6043
P110,1	6044	6044
P111,1	6045	6045
P81,1	6046	6046
P56,1	6047	6047
P160,1	6048	6048
P130,1	6049	6049
P112,1	6050	6050
P131,1	6051	6051
P190,2	6052	6052
P161,1	6053	6053
P191,1	6054	6054
P113,1	6055	6055
P2,2	6056	6056
P162,1	6057	6057
P43,2	6058	6058
P64,1	6059	6059
P132,1	6060	6060
P16,2	6061	6061
P192,1	6062	6062
P104,1	6063	6063
P68,2	6064	6064
P177,1	6065	6065
P178,1	6066	6066
P150,1	6067	6067
P17,2	6068	6068
P48,1	6069	6069
P193,1	6070	6070
P45,1	6071	6071
P165,1	6072	6072
P15,2	6073	6073
P77,2	6074	6074
P179,1	6075	6075
P90,2	6076	6076
P18,2	6077	6077
P84,1	6078	6078
P194,1	6079	6079
P180,1	6080	6080
P105,1	6081	6081
P181,1	6082	6082
P54,2	6083	6083
P115,1	6084	6084
P78,1	6085	6085
P166,1	6086	6086
P116,2	6087	6087
P85,1	6088	6088
P36,2	6089	6089
P49,2	6090	6090
P58,1	6091	6091
P196,1	6092	6092
P13,1	6093	6093
P134,1	6094	6094
P184,1	6095	6095
P65,1	6096	6096
P125,1	6097	6097
P10,2	6098	6098
P25,1	6099	6099
P98,1	6100	6100
P168,1	6101	6101
P86,2	6102	6102
P185,1	6103	6103
P136,1	6104	6104
P59,1	6105	6105
P186,1	6106	6106
P107,1	6107	6107
P146,2	6108	6108
P38,1	6109	6109
P7,2	6110	6110
P47,1	6111	6111
P199,1	6112	6112
P137,1	6113	6113
P55,1	6114	6114
P127,1	6115	6115
P40,2	6116	6116
P109,1	6117	6117
P32,2	6118	6118
P171,1	6119	6119
P88,2	6120	6120
P128,1	6121	6121
P80,2	6122	6122
P138,2	6123	6123
P188,1	6124	6124
P50,2	6125	6125
P4,2	6126	6126
P60,2	6127	6127
P158,2	6128	6128
P23,2	6129	6129
P51,1	6130	6130
P94,1	6131	6131
P139,1	6132	6132
P101,1	6133	6133
P76,1	6134	6134
P189,1	6135	6135
P173,1	6136	6136
P159,2	6137	6137
P102,1	6138	6138
P140,1	6139	6139
P120,1	6140	6140
P149,1	6141	6141
P95,1	6142	6142
P89,1	6143	6143
P2,2	6144	6144
P162,1	6145	6145
P43,2	6146	6146
P64,1	6147	6147
P132,1	6148	6148
P16,2	6149	6149
P192,1	6150	6150
P104,1	6151	6151
P68,2	6152	6152
P177,1	6153	6153
P178,1	6154	6154
P150,1	6155	6155
P17,2	6156	6156
P48,1	6157	6157
P193,1	6158	6158
P45,1	6159	6159
P165,1	6160	6160
P15,2	6161	6161
P77,2	6162	6162
P179,1	6163	6163
P90,2	6164	6164
P18,2	6165	6165
P84,1	6166	6166
P194,1	6167	6167
P180,1	6168	6168
P105,1	6169	6169
P181,1	6170	6170
P54,2	6171	6171
P115,1	6172	6172
P78,1	6173	6173
P166,1	6174	6174
P116,2	6175	6175
P85,1	6176	6176
P36,2	6177	6177
P49,2	6178	6178
P58,1	6179	6179
P196,1	6180	6180
P13,1	6181	6181
P134,1	6182	6182
P184,1	6183	6183
P65,1	6184	6184
P125,1	6185	6185
P10,2	6186	6186
P25,1	6187	6187
P98,1	6188	6188
P168,1	6189	6189
P86,2	6190	6190
P185,1	6191	6191
P136,1	6192	6192
P59,1	6193	6193
P186,1	6194	6194
P107,1	6195	6195
P146,2	6196	6196
P38,1	6197	6197
P7,2	6198	6198
P47,1	6199	6199
P199,1	6200	6200
P137,1	6201	6201
P55,1	6202	6202
P127,1	6203	6203
P40,2	6204	6204
P109,1	6205	6205
P32,2	6206	6206
P171,1	6207	6207
P88,2	6208	6208
P128,1	6209	6209
P80,2	6210	6210
P138,2	6211	6211
P188,1	6212	6212
P50,2	6213	6213
P4,2	6214	6214
P60,2	6215	6215
P158,2	6216	6216
P23,2	6217	6217
P51,1	6218	6218
P94,1	6219	6219
P139,1	6220	6220
P101,1	6221	6221
P76,1	6222	6222
P189,1	6223	6223
P173,1	6224	6224
P159,2	6225	6225
P102,1	6226	6226
P140,1	6227	6227
P120,1	6228	6228
P149,1	6229	6229
P95,1	6230	6230
P89,1	6231	6231
P2,2	6232	6232
P162,1	6233	6233
P72,1	6234	6234
P11,1	6235	6235
P103,2	6236	6236
P175,1	6237	6237
P114,1	6238	6238
P176,1	6239	6239
P141,2	6240	6240
P34,2	6241	6241
P178,1	6242	6242
P150,1	6243	6243
P17,2	6244	6244
P48,1	6245	6245
P193,1	6246	6246
P45,1	6247	6247
P165,1	6248	6248
P15,2	6249	6249
P77,2	6250	6250
P179,1	6251	6251
P90,2	6252	6252
P18,2	6253	6253
P84,1	6254	6254
P194,1	6255	6255
P180,1	6256	6256
P105,1	6257	6257
P181,1	6258	6258
P54,2	6259	6259
P115,1	6260	6260
P151,2	6261	6261
P78,2	6262	6262
P116,2	6263	6263
P85,1	6264	6264
P36,2	6265	6265
P49,2	6266	6266
P58,1	6267	6267
P196,1	6268	6268
P13,1	6269	6269
P134,1	6270	6270
P184,1	6271	6271
P65,1	6272	6272
P125,1	6273	6273
P10,2	6274	6274
P25,1	6275	6275
P98,1	6276	6276
P168,1	6277	6277
P86,2	6278	6278
P185,1	6279	6279
P136,1	6280	6280
P59,1	6281	6281
P186,1	6282	6282
P107,1	6283	6283
P156,1	6284	6284
P24,2	6285	6285
P21,1	6286	6286
P92,1	6287	6287
P108,2	6288	6288
P137,1	6289	6289
P55,1	6290	6290
P127,1	6291	6291
P40,2	6292	6292
P109,1	6293	6293
P32,2	6294	6294
P171,1	6295	6295
P88,2	6296	6296
P128,1	6297	6297
P80,2	6298	6298
P138,2	6299	6299
P188,1	6300	6300
P50,2	6301	6301
P4,2	6302	6302
P60,2	6303	6303
P158,2	6304	6304
P23,2	6305	6305
P51,1	6306	6306
P94,1	6307	6307
P139,1	6308	6308
P101,1	6309	6309
P76,1	6310	6310
P189,1	6311	6311
P173,1	6312	6312
P159,2	6313	6313
P102,1	6314	6314
P140,1	6315	6315
P120,1	6316	6316
P149,1	6317	6317
P95,1	6318	6318
P89,1	6319	6319
P2,2	6320	6320
P162,1	6321	6321
P72,1	6322	6322
P11,1	6323	6323
P103,2	6324	6324
P175,1	6325	6325
P114,1	6326	6326
P176,1	6327	6327
P141,2	6328	6328
P34,2	6329	6329
P178,1	6330	6330
P150,1	6331	6331
P17,2	6332	6332
P48,1	6333	6333
P193,1	6334	6334
P45,1	6335	6335
P165,1	6336	6336
P15,2	6337	6337
P77,2	6338	6338
P179,1	6339	6339
P90,2	6340	6340
P18,2	6341	6341
P84,1	6342	6342
P194,1	6343	6343
P180,1	6344	6344
P105,1	6345	6345
P181,1	6346	6346
P54,2	6347	6347
P115,1	6348	6348
P151,2	6349	6349
P78,2	6350	6350
P116,2	6351	6351
P123,2	6352	6352
P182,2	6353	6353
P49,2	6354	6354
P12,2	6355	6355
P91,2	6356	6356
P153,1	6357	6357
P79,1	6358	6358
P183,2	6359	6359
P154,1	6360	6360
P97,2	6361	6361
P10,2	6362	6362
P25,1	6363	6363
P98,1	6364	6364
P168,1	6365	6365
P86,2	6366	6366
P185,1	6367	6367
P136,1	6368	6368
P59,1	6369	6369
P186,1	6370	6370
P107,1	6371	6371
P156,1	6372	6372
P24,2	6373	6373
P21,1	6374	6374
P92,1	6375	6375
P108,2	6376	6376
P137,1	6377	6377
P55,1	6378	6378
P127,1	6379	6379
P40,2	6380	6380
P109,1	6381	6381
P32,2	6382	6382
P171,1	6383	6383
P88,2	6384	6384
P128,1	6385	6385
P80,2	6386	6386
P138,2	6387	6387
P188,1	6388	6388
P50,2	6389	6389
P4,2	6390	6390
P60,2	6391	6391
P158,2	6392	6392
P23,2	6393	6393
P51,1	6394	6394
P94,1	6395	6395
P139,1	6396	6396
P101,1	6397	6397
P76,1	6398	6398
P189,1	6399	6399
P173,1	6400	6400
P159,2	6401	6401
P102,1	6402	6402
P131,1	6403	6403
P190,2	6404	6404
P161,1	6405	6405
P191,1	6406	6406
P112,2	6407	6407
P2,2	6408	6408
P162,1	6409	6409
P72,1	6410	6410
P11,1	6411	6411
P103,2	6412	6412
P175,1	6413	6413
P114,1	6414	6414
P176,1	6415	6415
P141,2	6416	6416
P34,2	6417	6417
P178,1	6418	6418
P150,1	6419	6419
P17,2	6420	6420
P48,1	6421	6421
P193,1	6422	6422
P45,1	6423	6423
P165,1	6424	6424
P15,2	6425	6425
P77,2	6426	6426
P179,1	6427	6427
P90,2	6428	6428
P18,2	6429	6429
P84,1	6430	6430
P194,1	6431	6431
P180,1	6432	6432
P105,1	6433	6433
P181,1	6434	6434
P54,2	6435	6435
P115,1	6436	6436
P151,2	6437	6437
P78,2	6438	6438
P116,2	6439	6439
P123,2	6440	6440
P182,2	6441	6441
P49,2	6442	6442
P196,1	6443	6443
P13,1	6444	6444
P134,1	6445	6445
P184,1	6446	6446
P65,1	6447	6447
P125,1	6448	6448
P10,2	6449	6449
P124,2	6450	6450
P155,1	6451	6451
P144,2	6452	6452
P135,2	6453	6453
P126,1	6454	6454
P62,1	6455	6455
P66,2	6456	6456
P198,1	6457	6457
P70,2	6458	6458
P146,2	6459	6459
P38,1	6460	6460
P7,2	6461	6461
P47,1	6462	6462
P199,1	6463	6463
P63,2	6464	6464
P169,2	6465	6465
P22,2	6466	6466
P41,2	6467	6467
P187,1	6468	6468
P200,1	6469	6469
P118,1	6470	6470
P157,1	6471	6471
P99,1	6472	6472
P80,2	6473	6473
P138,2	6474	6474
P188,1	6475	6475
P50,2	6476	6476
P4,2	6477	6477
P60,2	6478	6478
P158,2	6479	6479
P23,2	6480	6480
P51,1	6481	6481
P94,1	6482	6482
P139,1	6483	6483
P101,1	6484	6484
P76,1	6485	6485
P189,1	6486	6486
P173,1	6487	6487
P159,2	6488	6488
P102,1	6489	6489
P131,1	6490	6490
P190,2	6491	6491
P161,1	6492	6492
P191,1	6493	6493
P112,2	6494	6494
P2,2	6495	6495
P162,1	6496	6496
P72,1	6497	6497
P11,1	6498	6498
P103,2	6499	6499
P175,1	6500	6500
P114,1	6501	6501
P176,1	6502	6502
P141,2	6503	6503
P34,2	6504	6504
P178,1	6505	6505
P150,1	6506	6506
P17,2	6507	6507
P48,1	6508	6508
P193,1	6509	6509
P45,1	6510	6510
P165,1	6511	6511
P15,2	6512	6512
P77,2	6513	6513
P179,1	6514	6514
P90,2	6515	6515
P18,2	6516	6516
P84,1	6517	6517
P194,1	6518	6518
P180,1	6519	6519
P105,1	6520	6520
P181,1	6521	6521
P54,2	6522	6522
P115,1	6523	6523
P151,2	6524	6524
P78,2	6525	6525
P116,2	6526	6526
P123,2	6527	6527
P182,2	6528	6528
P49,2	6529	6529
P196,1	6530	6530
P13,1	6531	6531
P134,1	6532	6532
P184,1	6533	6533
P65,1	6534	6534
P125,1	6535	6535
P10,2	6536	6536
P124,2	6537	6537
P155,1	6538	6538
P144,2	6539	6539
P135,2	6540	6540
P126,1	6541	6541
P62,1	6542	6542
P66,2	6543	6543
P198,1	6544	6544
P70,2	6545	6545
P146,2	6546	6546
P38,1	6547	6547
P7,2	6548	6548
P47,1	6549	6549
P199,1	6550	6550
P63,2	6551	6551
P169,2	6552	6552
P22,2	6553	6553
P41,2	6554	6554
P187,1	6555	6555
P200,1	6556	6556
P118,1	6557	6557
P157,1	6558	6558
P99,1	6559	6559
P80,2	6560	6560
P138,2	6561	6561
P188,1	6562	6562
P50,2	6563	6563
P4,2	6564	6564
P60,2	6565	6565
P158,2	6566	6566
P23,2	6567	6567
P51,1	6568	6568
P94,1	6569	6569
P139,1	6570	6570
P101,1	6571	6571
P76,1	6572	6572
P189,1	6573	6573
P173,1	6574	6574
P159,2	6575	6575
P102,1	6576	6576
P131,1	6577	6577
P190,2	6578	6578
P161,1	6579	6579
P191,1	6580	6580
P112,2	6581	6581
P2,2	6582	6582
P162,1	6583	6583
P72,1	6584	6584
P11,1	6585	6585
P103,2	6586	6586
P175,1	6587	6587
P114,1	6588	6588
P176,1	6589	6589
P141,2	6590	6590
P34,2	6591	6591
P178,1	6592	6592
P150,1	6593	6593
P17,2	6594	6594
P48,1	6595	6595
P193,1	6596	6596
P45,1	6597	6597
P165,1	6598	6598
P15,2	6599	6599
P77,2	6600	6600
P179,1	6601	6601
P90,2	6602	6602
P18,2	6603	6603
P84,1	6604	6604
P194,1	6605	6605
P180,1	6606	6606
P133,2	6607	6607
P122,2	6608	6608
P143,1	6609	6609
P106,1	6610	6610
P166,1	6611	6611
P46,2	6612	6612
P85,1	6613	6613
P36,2	6614	6614
P167,1	6615	6615
P58,1	6616	6616
P91,2	6617	6617
P153,1	6618	6618
P79,1	6619	6619
P183,2	6620	6620
P154,1	6621	6621
P97,2	6622	6622
P12,3	6623	6623
P25,1	6624	6624
P98,1	6625	6625
P117,1	6626	6626
P86,2	6627	6627
P185,1	6628	6628
P66,2	6629	6629
P198,1	6630	6630
P70,2	6631	6631
P146,2	6632	6632
P38,1	6633	6633
P7,2	6634	6634
P47,1	6635	6635
P199,1	6636	6636
P63,2	6637	6637
P169,2	6638	6638
P22,2	6639	6639
P41,2	6640	6640
P187,1	6641	6641
P200,1	6642	6642
P118,1	6643	6643
P157,1	6644	6644
P99,1	6645	6645
P80,2	6646	6646
P138,2	6647	6647
P188,1	6648	6648
P50,2	6649	6649
P4,2	6650	6650
P60,2	6651	6651
P158,2	6652	6652
P23,2	6653	6653
P51,1	6654	6654
P94,1	6655	6655
P139,1	6656	6656
P101,1	6657	6657
P76,1	6658	6658
P189,1	6659	6659
P160,1	6660	6660
P130,1	6661	6661
P140,1	6662	6662
P120,1	6663	6663
P149,1	6664	6664
P95,1	6665	6665
P56,2	6666	6666
P112,2	6667	6667
P2,2	6668	6668
P162,1	6669	6669
P72,1	6670	6670
P11,1	6671	6671
P103,2	6672	6672
P175,1	6673	6673
P114,1	6674	6674
P176,1	6675	6675
P141,2	6676	6676
P34,2	6677	6677
P178,1	6678	6678
P150,1	6679	6679
P17,2	6680	6680
P193,1	6681	6681
P45,1	6682	6682
P165,1	6683	6683
P15,2	6684	6684
P77,2	6685	6685
P179,1	6686	6686
P142,1	6687	6687
P96,1	6688	6688
P57,1	6689	6689
P35,1	6690	6690
P180,1	6691	6691
P133,2	6692	6692
P122,2	6693	6693
P143,1	6694	6694
P115,1	6695	6695
P151,2	6696	6696
P78,2	6697	6697
P116,2	6698	6698
P123,2	6699	6699
P182,2	6700	6700
P49,2	6701	6701
P196,1	6702	6702
P13,1	6703	6703
P134,1	6704	6704
P184,1	6705	6705
P65,1	6706	6706
P125,1	6707	6707
P10,2	6708	6708
P124,2	6709	6709
P155,1	6710	6710
P144,2	6711	6711
P86,2	6712	6712
P185,1	6713	6713
P66,2	6714	6714
P198,1	6715	6715
P70,2	6716	6716
P146,2	6717	6717
P38,1	6718	6718
P7,2	6719	6719
P47,1	6720	6720
P199,1	6721	6721
P63,2	6722	6722
P169,2	6723	6723
P22,2	6724	6724
P41,2	6725	6725
P187,1	6726	6726
P200,1	6727	6727
P118,1	6728	6728
P157,1	6729	6729
P99,1	6730	6730
P80,2	6731	6731
P138,2	6732	6732
P188,1	6733	6733
P50,2	6734	6734
P4,2	6735	6735
P60,2	6736	6736
P158,2	6737	6737
P23,2	6738	6738
P51,1	6739	6739
P94,1	6740	6740
P139,1	6741	6741
P101,1	6742	6742
P76,1	6743	6743
P189,1	6744	6744
P160,1	6745	6745
P130,1	6746	6746
P140,1	6747	6747
P120,1	6748	6748
P149,1	6749	6749
P95,1	6750	6750
P56,2	6751	6751
P112,2	6752	6752
P2,2	6753	6753
P162,1	6754	6754
P72,1	6755	6755
P11,1	6756	6756
P103,2	6757	6757
P175,1	6758	6758
P114,1	6759	6759
P176,1	6760	6760
P141,2	6761	6761
P34,2	6762	6762
P178,1	6763	6763
P150,1	6764	6764
P17,2	6765	6765
P193,1	6766	6766
P45,1	6767	6767
P165,1	6768	6768
P15,2	6769	6769
P77,2	6770	6770
P179,1	6771	6771
P142,1	6772	6772
P96,1	6773	6773
P57,1	6774	6774
P35,1	6775	6775
P180,1	6776	6776
P133,2	6777	6777
P122,2	6778	6778
P143,1	6779	6779
P115,1	6780	6780
P151,2	6781	6781
P78,2	6782	6782
P116,2	6783	6783
P123,2	6784	6784
P182,2	6785	6785
P49,2	6786	6786
P196,1	6787	6787
P13,1	6788	6788
P134,1	6789	6789
P184,1	6790	6790
P65,1	6791	6791
P125,1	6792	6792
P10,2	6793	6793
P124,2	6794	6794
P155,1	6795	6795
P144,2	6796	6796
P86,2	6797	6797
P185,1	6798	6798
P66,2	6799	6799
P198,1	6800	6800
P70,2	6801	6801
P146,2	6802	6802
P38,1	6803	6803
P7,2	6804	6804
P47,1	6805	6805
P199,1	6806	6806
P63,2	6807	6807
P169,2	6808	6808
P22,2	6809	6809
P41,2	6810	6810
P187,1	6811	6811
P200,1	6812	6812
P118,1	6813	6813
P157,1	6814	6814
P99,1	6815	6815
P80,2	6816	6816
P138,2	6817	6817
P188,1	6818	6818
P50,2	6819	6819
P4,2	6820	6820
P60,2	6821	6821
P158,2	6822	6822
P23,2	6823	6823
P94,1	6824	6824
P33,2	6825	6825
P110,1	6826	6826
P111,1	6827	6827
P81,1	6828	6828
P173,1	6829	6829
P159,2	6830	6830
P102,1	6831	6831
P131,1	6832	6832
P190,2	6833	6833
P161,1	6834	6834
P191,1	6835	6835
P89,1	6836	6836
P113,1	6837	6837
P28,2	6838	6838
P43,2	6839	6839
P11,1	6840	6840
P103,2	6841	6841
P175,1	6842	6842
P114,1	6843	6843
P176,1	6844	6844
P141,2	6845	6845
P34,2	6846	6846
P178,1	6847	6847
P150,1	6848	6848
P17,2	6849	6849
P193,1	6850	6850
P45,1	6851	6851
P165,1	6852	6852
P15,2	6853	6853
P77,2	6854	6854
P179,1	6855	6855
P142,1	6856	6856
P96,1	6857	6857
P57,1	6858	6858
P35,1	6859	6859
P180,1	6860	6860
P133,2	6861	6861
P122,2	6862	6862
P143,1	6863	6863
P115,1	6864	6864
P151,2	6865	6865
P78,2	6866	6866
P116,2	6867	6867
P123,2	6868	6868
P182,2	6869	6869
P49,2	6870	6870
P196,1	6871	6871
P13,1	6872	6872
P134,1	6873	6873
P184,1	6874	6874
P65,1	6875	6875
P125,1	6876	6876
P10,2	6877	6877
P124,2	6878	6878
P155,1	6879	6879
P144,2	6880	6880
P86,2	6881	6881
P62,1	6882	6882
P59,1	6883	6883
P186,1	6884	6884
P126,2	6885	6885
P146,2	6886	6886
P38,1	6887	6887
P7,2	6888	6888
P47,1	6889	6889
P199,1	6890	6890
P63,2	6891	6891
P169,2	6892	6892
P22,2	6893	6893
P41,2	6894	6894
P187,1	6895	6895
P200,1	6896	6896
P118,1	6897	6897
P157,1	6898	6898
P99,1	6899	6899
P80,2	6900	6900
P138,2	6901	6901
P188,1	6902	6902
P50,2	6903	6903
P4,2	6904	6904
P60,2	6905	6905
P158,2	6906	6906
P23,2	6907	6907
P94,1	6908	6908
P33,2	6909	6909
P110,1	6910	6910
P111,1	6911	6911
P81,1	6912	6912
P160,1	6913	6913
P189,2	6914	6914
P140,1	6915	6915
P120,1	6916	6916
P149,1	6917	6917
P95,1	6918	6918
P102,2	6919	6919
P89,1	6920	6920
P113,1	6921	6921
P28,2	6922	6922
P43,2	6923	6923
P11,1	6924	6924
P103,2	6925	6925
P175,1	6926	6926
P114,1	6927	6927
P176,1	6928	6928
P141,2	6929	6929
P34,2	6930	6930
P178,1	6931	6931
P150,1	6932	6932
P17,2	6933	6933
P193,1	6934	6934
P45,1	6935	6935
P165,1	6936	6936
P15,2	6937	6937
P77,2	6938	6938
P179,1	6939	6939
P142,1	6940	6940
P96,1	6941	6941
P57,1	6942	6942
P35,1	6943	6943
P180,1	6944	6944
P133,2	6945	6945
P122,2	6946	6946
P143,1	6947	6947
P115,1	6948	6948
P151,2	6949	6949
P78,2	6950	6950
P116,2	6951	6951
P123,2	6952	6952
P182,2	6953	6953
P49,2	6954	6954
P196,1	6955	6955
P13,1	6956	6956
P134,1	6957	6957
P184,1	6958	6958
P65,1	6959	6959
P125,1	6960	6960
P10,2	6961	6961
P124,2	6962	6962
P155,1	6963	6963
P144,2	6964	6964
P86,2	6965	6965
P62,1	6966	6966
P59,1	6967	6967
P70,2	6968	6968
P107,1	6969	6969
P156,1	6970	6970
P24,2	6971	6971
P21,1	6972	6972
P92,1	6973	6973
P108,2	6974	6974
P137,1	6975	6975
P55,1	6976	6976
P127,1	6977	6977
P40,2	6978	6978
P109,1	6979	6979
P32,2	6980	6980
P171,1	6981	6981
P88,2	6982	6982
P128,1	6983	6983
P129,1	6984	6984
P188,1	6985	6985
P50,2	6986	6986
P4,2	6987	6987
P60,2	6988	6988
P158,2	6989	6989
P75,2	6990	6990
P30,1	6991	6991
P26,2	6992	6992
P139,1	6993	6993
P101,1	6994	6994
P76,1	6995	6995
P173,1	6996	6996
P159,2	6997	6997
P130,1	6998	6998
P120,1	6999	6999
P149,1	7000	7000
P95,1	7001	7001
P56,2	7002	7002
P112,2	7003	7003
P2,2	7004	7004
P131,2	7005	7005
P43,2	7006	7006
P11,1	7007	7007
P16,2	7008	7008
P192,1	7009	7009
P104,1	7010	7010
P68,2	7011	7011
P177,1	7012	7012
P61,1	7013	7013
P103,3	7014	7014
P150,1	7015	7015
P17,2	7016	7016
P193,1	7017	7017
P45,1	7018	7018
P165,1	7019	7019
P15,2	7020	7020
P77,2	7021	7021
P179,1	7022	7022
P142,1	7023	7023
P96,1	7024	7024
P57,1	7025	7025
P35,1	7026	7026
P180,1	7027	7027
P133,2	7028	7028
P122,2	7029	7029
P143,1	7030	7030
P115,1	7031	7031
P151,2	7032	7032
P78,2	7033	7033
P116,2	7034	7034
P123,2	7035	7035
P182,2	7036	7036
P49,2	7037	7037
P196,1	7038	7038
P13,1	7039	7039
P134,1	7040	7040
P184,1	7041	7041
P65,1	7042	7042
P125,1	7043	7043
P10,2	7044	7044
P124,2	7045	7045
P155,1	7046	7046
P144,2	7047	7047
P86,2	7048	7048
P62,1	7049	7049
P59,1	7050	7050
P70,2	7051	7051
P107,1	7052	7052
P156,1	7053	7053
P24,2	7054	7054
P21,1	7055	7055
P92,1	7056	7056
P108,2	7057	7057
P137,1	7058	7058
P55,1	7059	7059
P127,1	7060	7060
P40,2	7061	7061
P109,1	7062	7062
P32,2	7063	7063
P171,1	7064	7064
P88,2	7065	7065
P128,1	7066	7066
P129,1	7067	7067
P188,1	7068	7068
P50,2	7069	7069
P100,1	7070	7070
P148,1	7071	7071
P119,2	7072	7072
P23,2	7073	7073
P94,1	7074	7074
P33,2	7075	7075
P110,1	7076	7076
P76,1	7077	7077
P173,1	7078	7078
P159,2	7079	7079
P130,1	7080	7080
P120,1	7081	7081
P190,2	7082	7082
P161,1	7083	7083
P102,2	7084	7084
P89,1	7085	7085
P113,1	7086	7086
P28,2	7087	7087
P162,1	7088	7088
P64,1	7089	7089
P132,1	7090	7090
P175,1	7091	7091
P114,1	7092	7092
P176,1	7093	7093
P141,2	7094	7094
P34,2	7095	7095
P178,1	7096	7096
P29,2	7097	7097
P83,2	7098	7098
P44,2	7099	7099
P53,2	7100	7100
P164,1	7101	7101
P19,2	7102	7102
P69,1	7103	7103
P31,1	7104	7104
P48,2	7105	7105
P90,2	7106	7106
P18,2	7107	7107
P84,1	7108	7108
P195,1	7109	7109
P152,1	7110	7110
P181,1	7111	7111
P54,2	7112	7112
P194,2	7113	7113
P106,1	7114	7114
P166,1	7115	7115
P46,2	7116	7116
P85,1	7117	7117
P36,2	7118	7118
P167,1	7119	7119
P58,1	7120	7120
P91,2	7121	7121
P153,1	7122	7122
P79,1	7123	7123
P183,2	7124	7124
P154,1	7125	7125
P97,2	7126	7126
P12,3	7127	7127
P25,1	7128	7128
P98,1	7129	7129
P135,2	7130	7130
P185,1	7131	7131
P66,2	7132	7132
P186,1	7133	7133
P126,2	7134	7134
P146,2	7135	7135
P38,1	7136	7136
P7,2	7137	7137
P47,1	7138	7138
P199,1	7139	7139
P63,2	7140	7140
P169,2	7141	7141
P22,2	7142	7142
P41,2	7143	7143
P187,1	7144	7144
P200,1	7145	7145
P118,1	7146	7146
P157,1	7147	7147
P99,1	7148	7148
P80,2	7149	7149
P138,2	7150	7150
P67,1	7151	7151
P4,2	7152	7152
P60,2	7153	7153
P158,2	7154	7154
P75,2	7155	7155
P30,1	7156	7156
P26,2	7157	7157
P139,1	7158	7158
P111,1	7159	7159
P81,1	7160	7160
P160,1	7161	7161
P189,2	7162	7162
P140,1	7163	7163
P101,2	7164	7164
P149,1	7165	7165
P95,1	7166	7166
P56,2	7167	7167
P112,2	7168	7168
P2,2	7169	7169
P131,2	7170	7170
P43,2	7171	7171
P11,1	7172	7172
P16,2	7173	7173
P114,1	7174	7174
P176,1	7175	7175
P141,2	7176	7176
P34,2	7177	7177
P178,1	7178	7178
P29,2	7179	7179
P83,2	7180	7180
P44,2	7181	7181
P53,2	7182	7182
P164,1	7183	7183
P19,2	7184	7184
P69,1	7185	7185
P31,1	7186	7186
P48,2	7187	7187
P96,1	7188	7188
P57,1	7189	7189
P35,1	7190	7190
P180,1	7191	7191
P133,2	7192	7192
P122,2	7193	7193
P143,1	7194	7194
P115,1	7195	7195
P151,2	7196	7196
P78,2	7197	7197
P116,2	7198	7198
P123,2	7199	7199
P182,2	7200	7200
P49,2	7201	7201
P196,1	7202	7202
P13,1	7203	7203
P134,1	7204	7204
P184,1	7205	7205
P65,1	7206	7206
P125,1	7207	7207
P10,2	7208	7208
P124,2	7209	7209
P155,1	7210	7210
P144,2	7211	7211
P86,2	7212	7212
P62,1	7213	7213
P59,1	7214	7214
P70,2	7215	7215
P107,1	7216	7216
P156,1	7217	7217
P24,2	7218	7218
P21,1	7219	7219
P92,1	7220	7220
P108,2	7221	7221
P137,1	7222	7222
P55,1	7223	7223
P127,1	7224	7224
P40,2	7225	7225
P200,1	7226	7226
P118,1	7227	7227
P157,1	7228	7228
P88,2	7229	7229
P128,1	7230	7230
P129,1	7231	7231
P188,1	7232	7232
P50,2	7233	7233
P100,1	7234	7234
P148,1	7235	7235
P119,2	7236	7236
P23,2	7237	7237
P94,1	7238	7238
P33,2	7239	7239
P110,1	7240	7240
P76,1	7241	7241
P173,1	7242	7242
P159,2	7243	7243
P130,1	7244	7244
P120,1	7245	7245
P190,2	7246	7246
P161,1	7247	7247
P102,2	7248	7248
P89,1	7249	7249
P113,1	7250	7250
P28,2	7251	7251
P162,1	7252	7252
P64,1	7253	7253
P132,1	7254	7254
P192,1	7255	7255
P104,1	7256	7256
P68,2	7257	7257
P177,1	7258	7258
P61,1	7259	7259
P103,3	7260	7260
P150,1	7261	7261
P17,2	7262	7262
P193,1	7263	7263
P45,1	7264	7264
P165,1	7265	7265
P15,2	7266	7266
P77,2	7267	7267
P179,1	7268	7268
P90,2	7269	7269
P18,2	7270	7270
P84,1	7271	7271
P195,1	7272	7272
P152,1	7273	7273
P181,1	7274	7274
P54,2	7275	7275
P194,2	7276	7276
P106,1	7277	7277
P166,1	7278	7278
P46,2	7279	7279
P85,1	7280	7280
P36,2	7281	7281
P167,1	7282	7282
P58,1	7283	7283
P91,2	7284	7284
P153,1	7285	7285
P79,1	7286	7286
P183,2	7287	7287
P154,1	7288	7288
P97,2	7289	7289
P12,3	7290	7290
P25,1	7291	7291
P98,1	7292	7292
P135,2	7293	7293
P185,1	7294	7294
P66,2	7295	7295
P186,1	7296	7296
P126,2	7297	7297
P146,2	7298	7298
P38,1	7299	7299
P7,2	7300	7300
P47,1	7301	7301
P199,1	7302	7302
P63,2	7303	7303
P169,2	7304	7304
P22,2	7305	7305
P41,2	7306	7306
P187,1	7307	7307
P32,2	7308	7308
P171,1	7309	7309
P109,2	7310	7310
P99,1	7311	7311
P80,2	7312	7312
P138,2	7313	7313
P67,1	7314	7314
P4,2	7315	7315
P60,2	7316	7316
P158,2	7317	7317
P75,2	7318	7318
P30,1	7319	7319
P26,2	7320	7320
P139,1	7321	7321
P111,1	7322	7322
P81,1	7323	7323
P160,1	7324	7324
P189,2	7325	7325
P140,1	7326	7326
P101,2	7327	7327
P149,1	7328	7328
P102,2	7329	7329
P56,2	7330	7330
P112,2	7331	7331
P2,2	7332	7332
P131,2	7333	7333
P43,2	7334	7334
P11,1	7335	7335
P16,2	7336	7336
P114,1	7337	7337
P176,1	7338	7338
P141,2	7339	7339
P34,2	7340	7340
P178,1	7341	7341
P29,2	7342	7342
P83,2	7343	7343
P44,2	7344	7344
P45,1	7345	7345
P165,1	7346	7346
P15,2	7347	7347
P69,1	7348	7348
P31,1	7349	7349
P48,2	7350	7350
P96,1	7351	7351
P57,1	7352	7352
P35,1	7353	7353
P180,1	7354	7354
P133,2	7355	7355
P122,2	7356	7356
P143,1	7357	7357
P115,1	7358	7358
P151,2	7359	7359
P78,2	7360	7360
P116,2	7361	7361
P123,2	7362	7362
P182,2	7363	7363
P49,2	7364	7364
P196,1	7365	7365
P13,1	7366	7366
P134,1	7367	7367
P184,1	7368	7368
P65,1	7369	7369
P125,1	7370	7370
P10,2	7371	7371
P124,2	7372	7372
P155,1	7373	7373
P144,2	7374	7374
P86,2	7375	7375
P66,2	7376	7376
P59,1	7377	7377
P126,2	7378	7378
P146,2	7379	7379
P38,1	7380	7380
P7,2	7381	7381
P47,1	7382	7382
P199,1	7383	7383
P63,2	7384	7384
P169,2	7385	7385
P22,2	7386	7386
P41,2	7387	7387
P187,1	7388	7388
P32,2	7389	7389
P171,1	7390	7390
P109,2	7391	7391
P99,1	7392	7392
P80,2	7393	7393
P138,2	7394	7394
P67,1	7395	7395
P4,2	7396	7396
P60,2	7397	7397
P158,2	7398	7398
P75,2	7399	7399
P30,1	7400	7400
P26,2	7401	7401
P139,1	7402	7402
P111,1	7403	7403
P81,1	7404	7404
P160,1	7405	7405
P189,2	7406	7406
P140,1	7407	7407
P101,2	7408	7408
P149,1	7409	7409
P102,2	7410	7410
P56,2	7411	7411
P112,2	7412	7412
P2,2	7413	7413
P131,2	7414	7414
P43,2	7415	7415
P11,1	7416	7416
P16,2	7417	7417
P114,1	7418	7418
P176,1	7419	7419
P141,2	7420	7420
P34,2	7421	7421
P178,1	7422	7422
P29,2	7423	7423
P83,2	7424	7424
P44,2	7425	7425
P45,1	7426	7426
P165,1	7427	7427
P15,2	7428	7428
P69,1	7429	7429
P31,1	7430	7430
P48,2	7431	7431
P96,1	7432	7432
P84,1	7433	7433
P195,1	7434	7434
P152,1	7435	7435
P181,1	7436	7436
P54,2	7437	7437
P194,2	7438	7438
P106,1	7439	7439
P166,1	7440	7440
P46,2	7441	7441
P85,1	7442	7442
P36,2	7443	7443
P167,1	7444	7444
P58,1	7445	7445
P13,1	7446	7446
P134,1	7447	7447
P184,1	7448	7448
P65,1	7449	7449
P125,1	7450	7450
P10,2	7451	7451
P124,2	7452	7452
P155,1	7453	7453
P144,2	7454	7454
P86,2	7455	7455
P66,2	7456	7456
P59,1	7457	7457
P126,2	7458	7458
P146,2	7459	7459
P38,1	7460	7460
P7,2	7461	7461
P47,1	7462	7462
P199,1	7463	7463
P63,2	7464	7464
P169,2	7465	7465
P22,2	7466	7466
P41,2	7467	7467
P187,1	7468	7468
P32,2	7469	7469
P171,1	7470	7470
P109,2	7471	7471
P99,1	7472	7472
P80,2	7473	7473
P138,2	7474	7474
P50,2	7475	7475
P100,1	7476	7476
P148,1	7477	7477
P67,2	7478	7478
P75,2	7479	7479
P30,1	7480	7480
P26,2	7481	7481
P139,1	7482	7482
P111,1	7483	7483
P81,1	7484	7484
P160,1	7485	7485
P189,2	7486	7486
P140,1	7487	7487
P101,2	7488	7488
P149,1	7489	7489
P102,2	7490	7490
P56,2	7491	7491
P112,2	7492	7492
P2,2	7493	7493
P131,2	7494	7494
P43,2	7495	7495
P11,1	7496	7496
P16,2	7497	7497
P114,1	7498	7498
P176,1	7499	7499
P141,2	7500	7500
P34,2	7501	7501
P178,1	7502	7502
P29,2	7503	7503
P83,2	7504	7504
P44,2	7505	7505
P45,1	7506	7506
P165,1	7507	7507
P15,2	7508	7508
P69,1	7509	7509
P31,1	7510	7510
P48,2	7511	7511
P96,1	7512	7512
P84,1	7513	7513
P195,1	7514	7514
P152,1	7515	7515
P181,1	7516	7516
P54,2	7517	7517
P194,2	7518	7518
P106,1	7519	7519
P166,1	7520	7520
P46,2	7521	7521
P85,1	7522	7522
P36,2	7523	7523
P167,1	7524	7524
P58,1	7525	7525
P13,1	7526	7526
P134,1	7527	7527
P184,1	7528	7528
P65,1	7529	7529
P125,1	7530	7530
P10,2	7531	7531
P124,2	7532	7532
P155,1	7533	7533
P144,2	7534	7534
P86,2	7535	7535
P66,2	7536	7536
P70,2	7537	7537
P107,1	7538	7538
P156,1	7539	7539
P24,2	7540	7540
P21,1	7541	7541
P92,1	7542	7542
P108,2	7543	7543
P137,1	7544	7544
P55,1	7545	7545
P127,1	7546	7546
P40,2	7547	7547
P200,1	7548	7548
P118,1	7549	7549
P157,1	7550	7550
P88,2	7551	7551
P128,1	7552	7552
P138,2	7553	7553
P50,2	7554	7554
P100,1	7555	7555
P60,2	7556	7556
P67,2	7557	7557
P75,2	7558	7558
P94,1	7559	7559
P30,2	7560	7560
P139,1	7561	7561
P111,1	7562	7562
P76,1	7563	7563
P173,1	7564	7564
P159,2	7565	7565
P130,1	7566	7566
P120,1	7567	7567
P190,2	7568	7568
P95,1	7569	7569
P161,2	7570	7570
P89,1	7571	7571
P113,1	7572	7572
P28,2	7573	7573
P162,1	7574	7574
P64,1	7575	7575
P132,1	7576	7576
P192,1	7577	7577
P104,1	7578	7578
P68,2	7579	7579
P177,1	7580	7580
P61,1	7581	7581
P103,3	7582	7582
P150,1	7583	7583
P17,2	7584	7584
P193,1	7585	7585
P164,1	7586	7586
P19,2	7587	7587
P53,3	7588	7588
P77,2	7589	7589
P179,1	7590	7590
P90,2	7591	7591
P18,2	7592	7592
P35,1	7593	7593
P180,1	7594	7594
P133,2	7595	7595
P122,2	7596	7596
P143,1	7597	7597
P115,1	7598	7598
P151,2	7599	7599
P78,2	7600	7600
P116,2	7601	7601
P123,2	7602	7602
P182,2	7603	7603
P49,2	7604	7604
P13,1	7605	7605
P134,1	7606	7606
P183,2	7607	7607
P154,1	7608	7608
P97,2	7609	7609
P12,3	7610	7610
P58,2	7611	7611
P155,1	7612	7612
P144,2	7613	7613
P86,2	7614	7614
P66,2	7615	7615
P70,2	7616	7616
P107,1	7617	7617
P156,1	7618	7618
P24,2	7619	7619
P21,1	7620	7620
P92,1	7621	7621
P108,2	7622	7622
P137,1	7623	7623
P55,1	7624	7624
P127,1	7625	7625
P40,2	7626	7626
P200,1	7627	7627
P118,1	7628	7628
P157,1	7629	7629
P88,2	7630	7630
P128,1	7631	7631
P138,2	7632	7632
P50,2	7633	7633
P100,1	7634	7634
P60,2	7635	7635
P67,2	7636	7636
P75,2	7637	7637
P94,1	7638	7638
P30,2	7639	7639
P139,1	7640	7640
P111,1	7641	7641
P76,1	7642	7642
P173,1	7643	7643
P159,2	7644	7644
P130,1	7645	7645
P120,1	7646	7646
P190,2	7647	7647
P95,1	7648	7648
P161,2	7649	7649
P89,1	7650	7650
P113,1	7651	7651
P28,2	7652	7652
P162,1	7653	7653
P64,1	7654	7654
P132,1	7655	7655
P192,1	7656	7656
P104,1	7657	7657
P68,2	7658	7658
P177,1	7659	7659
P61,1	7660	7660
P103,3	7661	7661
P150,1	7662	7662
P17,2	7663	7663
P193,1	7664	7664
P164,1	7665	7665
P15,2	7666	7666
P19,3	7667	7667
P77,2	7668	7668
P179,1	7669	7669
P90,2	7670	7670
P18,2	7671	7671
P35,1	7672	7672
P152,1	7673	7673
P181,1	7674	7674
P54,2	7675	7675
P194,2	7676	7676
P106,1	7677	7677
P195,2	7678	7678
P78,2	7679	7679
P116,2	7680	7680
P123,2	7681	7681
P182,2	7682	7682
P49,2	7683	7683
P13,1	7684	7684
P134,1	7685	7685
P183,2	7686	7686
P154,1	7687	7687
P97,2	7688	7688
P12,3	7689	7689
P58,2	7690	7690
P155,1	7691	7691
P144,2	7692	7692
P86,2	7693	7693
P66,2	7694	7694
P70,2	7695	7695
P107,1	7696	7696
P156,1	7697	7697
P24,2	7698	7698
P21,1	7699	7699
P92,1	7700	7700
P108,2	7701	7701
P137,1	7702	7702
P55,1	7703	7703
P127,1	7704	7704
P40,2	7705	7705
P200,1	7706	7706
P118,1	7707	7707
P157,1	7708	7708
P88,2	7709	7709
P128,1	7710	7710
P138,2	7711	7711
P50,2	7712	7712
P100,1	7713	7713
P60,2	7714	7714
P67,2	7715	7715
P75,2	7716	7716
P94,1	7717	7717
P30,2	7718	7718
P139,1	7719	7719
P111,1	7720	7720
P76,1	7721	7721
P173,1	7722	7722
P159,2	7723	7723
P130,1	7724	7724
P120,1	7725	7725
P190,2	7726	7726
P95,1	7727	7727
P161,2	7728	7728
P89,1	7729	7729
P113,1	7730	7730
P28,2	7731	7731
P162,1	7732	7732
P64,1	7733	7733
P132,1	7734	7734
P192,1	7735	7735
P104,1	7736	7736
P68,2	7737	7737
P177,1	7738	7738
P61,1	7739	7739
P103,3	7740	7740
P150,1	7741	7741
P17,2	7742	7742
P193,1	7743	7743
P164,1	7744	7744
P15,2	7745	7745
P19,3	7746	7746
P77,2	7747	7747
P179,1	7748	7748
P90,2	7749	7749
P18,2	7750	7750
P35,1	7751	7751
P152,1	7752	7752
P181,1	7753	7753
P54,2	7754	7754
P194,2	7755	7755
P106,1	7756	7756
P195,2	7757	7757
P78,2	7758	7758
P116,2	7759	7759
P123,2	7760	7760
P182,2	7761	7761
P49,2	7762	7762
P13,1	7763	7763
P134,1	7764	7764
P183,2	7765	7765
P154,1	7766	7766
P97,2	7767	7767
P12,3	7768	7768
P58,2	7769	7769
P155,1	7770	7770
P144,2	7771	7771
P86,2	7772	7772
P66,2	7773	7773
P70,2	7774	7774
P107,1	7775	7775
P156,1	7776	7776
P24,2	7777	7777
P21,1	7778	7778
P92,1	7779	7779
P108,2	7780	7780
P137,1	7781	7781
P55,1	7782	7782
P127,1	7783	7783
P40,2	7784	7784
P200,1	7785	7785
P118,1	7786	7786
P157,1	7787	7787
P88,2	7788	7788
P128,1	7789	7789
P138,2	7790	7790
P50,2	7791	7791
P100,1	7792	7792
P60,2	7793	7793
P67,2	7794	7794
P75,2	7795	7795
P94,1	7796	7796
P30,2	7797	7797
P139,1	7798	7798
P111,1	7799	7799
P76,1	7800	7800
P173,1	7801	7801
P159,2	7802	7802
P130,1	7803	7803
P120,1	7804	7804
P190,2	7805	7805
P95,1	7806	7806
P161,2	7807	7807
P89,1	7808	7808
P2,2	7809	7809
P131,2	7810	7810
P43,2	7811	7811
P113,2	7812	7812
P132,1	7813	7813
P192,1	7814	7814
P104,1	7815	7815
P141,2	7816	7816
P176,2	7817	7817
P61,1	7818	7818
P103,3	7819	7819
P150,1	7820	7820
P17,2	7821	7821
P193,1	7822	7822
P164,1	7823	7823
P15,2	7824	7824
P19,3	7825	7825
P77,2	7826	7826
P179,1	7827	7827
P90,2	7828	7828
P18,2	7829	7829
P35,1	7830	7830
P152,1	7831	7831
P181,1	7832	7832
P54,2	7833	7833
P194,2	7834	7834
P106,1	7835	7835
P195,2	7836	7836
P78,2	7837	7837
P85,1	7838	7838
P36,2	7839	7839
P167,1	7840	7840
P91,2	7841	7841
P153,1	7842	7842
P116,3	7843	7843
P183,2	7844	7844
P154,1	7845	7845
P97,2	7846	7846
P12,3	7847	7847
P58,2	7848	7848
P155,1	7849	7849
P144,2	7850	7850
P86,2	7851	7851
P66,2	7852	7852
P70,2	7853	7853
P146,2	7854	7854
P107,2	7855	7855
P24,2	7856	7856
P21,1	7857	7857
P92,1	7858	7858
P108,2	7859	7859
P137,1	7860	7860
P55,1	7861	7861
P127,1	7862	7862
P40,2	7863	7863
P200,1	7864	7864
P118,1	7865	7865
P157,1	7866	7866
P88,2	7867	7867
P128,1	7868	7868
P138,2	7869	7869
P50,2	7870	7870
P100,1	7871	7871
P60,2	7872	7872
P67,2	7873	7873
P75,2	7874	7874
P94,1	7875	7875
P30,2	7876	7876
P139,1	7877	7877
P111,1	7878	7878
P76,1	7879	7879
P173,1	7880	7880
P159,2	7881	7881
P130,1	7882	7882
P120,1	7883	7883
P190,2	7884	7884
P95,1	7885	7885
P161,2	7886	7886
P89,1	7887	7887
P2,2	7888	7888
P131,2	7889	7889
P43,2	7890	7890
P113,2	7891	7891
P132,1	7892	7892
P192,1	7893	7893
P104,1	7894	7894
P141,2	7895	7895
P176,2	7896	7896
P61,1	7897	7897
P103,3	7898	7898
P150,1	7899	7899
P17,2	7900	7900
P193,1	7901	7901
P164,1	7902	7902
P15,2	7903	7903
P19,3	7904	7904
P77,2	7905	7905
P179,1	7906	7906
P90,2	7907	7907
P18,2	7908	7908
P35,1	7909	7909
P152,1	7910	7910
P181,1	7911	7911
P54,2	7912	7912
P194,2	7913	7913
P106,1	7914	7914
P195,2	7915	7915
P78,2	7916	7916
P85,1	7917	7917
P36,2	7918	7918
P167,1	7919	7919
P91,2	7920	7920
P153,1	7921	7921
P116,3	7922	7922
P183,2	7923	7923
P125,1	7924	7924
P10,2	7925	7925
P65,2	7926	7926
P58,2	7927	7927
P155,1	7928	7928
P144,2	7929	7929
P86,2	7930	7930
P66,2	7931	7931
P70,2	7932	7932
P146,2	7933	7933
P107,2	7934	7934
P24,2	7935	7935
P21,1	7936	7936
P92,1	7937	7937
P108,2	7938	7938
P137,1	7939	7939
P55,1	7940	7940
P127,1	7941	7941
P40,2	7942	7942
P200,1	7943	7943
P118,1	7944	7944
P157,1	7945	7945
P88,2	7946	7946
P128,1	7947	7947
P138,2	7948	7948
P50,2	7949	7949
P100,1	7950	7950
P60,2	7951	7951
P67,2	7952	7952
P75,2	7953	7953
P94,1	7954	7954
P30,2	7955	7955
P139,1	7956	7956
P111,1	7957	7957
P76,1	7958	7958
P173,1	7959	7959
P159,2	7960	7960
P130,1	7961	7961
P120,1	7962	7962
P190,2	7963	7963
P95,1	7964	7964
P161,2	7965	7965
P89,1	7966	7966
P2,2	7967	7967
P131,2	7968	7968
P43,2	7969	7969
P113,2	7970	7970
P132,1	7971	7971
P192,1	7972	7972
P104,1	7973	7973
P141,2	7974	7974
P176,2	7975	7975
P61,1	7976	7976
P103,3	7977	7977
P150,1	7978	7978
P17,2	7979	7979
P193,1	7980	7980
P164,1	7981	7981
P15,2	7982	7982
P19,3	7983	7983
P77,2	7984	7984
P90,2	7985	7985
P18,2	7986	7986
P35,1	7987	7987
P180,1	7988	7988
P133,2	7989	7989
P122,2	7990	7990
P143,1	7991	7991
P115,1	7992	7992
P151,2	7993	7993
P166,1	7994	7994
P46,2	7995	7995
P123,2	7996	7996
P182,2	7997	7997
P49,2	7998	7998
P13,1	7999	7999
P134,1	8000	8000
P184,1	8001	8001
P154,1	8002	8002
P97,2	8003	8003
P12,3	8004	8004
P124,2	8005	8005
P25,1	8006	8006
P98,1	8007	8007
P135,2	8008	8008
P62,1	8009	8009
P185,2	8010	8010
P126,2	8011	8011
P156,1	8012	8012
P38,1	8013	8013
P7,2	8014	8014
P47,1	8015	8015
P199,1	8016	8016
P63,2	8017	8017
P169,2	8018	8018
P22,2	8019	8019
P41,2	8020	8020
P187,1	8021	8021
P32,2	8022	8022
P171,1	8023	8023
P109,2	8024	8024
P99,1	8025	8025
P80,2	8026	8026
P188,1	8027	8027
P4,2	8028	8028
P129,2	8029	8029
P148,1	8030	8030
P119,2	8031	8031
P23,2	8032	8032
P26,2	8033	8033
P33,2	8034	8034
P110,1	8035	8035
P158,3	8036	8036
P81,1	8037	8037
P160,1	8038	8038
P189,2	8039	8039
P140,1	8040	8040
P101,2	8041	8041
P149,1	8042	8042
P102,2	8043	8043
P56,2	8044	8044
P112,2	8045	8045
P28,2	8046	8046
P162,1	8047	8047
P64,1	8048	8048
P11,1	8049	8049
P16,2	8050	8050
P114,1	8051	8051
P68,2	8052	8052
P177,1	8053	8053
P34,2	8054	8054
P178,1	8055	8055
P29,2	8056	8056
P83,2	8057	8057
P44,2	8058	8058
P45,1	8059	8059
P165,1	8060	8060
P53,3	8061	8061
P69,1	8062	8062
P48,2	8063	8063
P96,1	8064	8064
P84,1	8065	8065
P31,2	8066	8066
P152,1	8067	8067
P181,1	8068	8068
P54,2	8069	8069
P194,2	8070	8070
P106,1	8071	8071
P195,2	8072	8072
P78,2	8073	8073
P85,1	8074	8074
P36,2	8075	8075
P167,1	8076	8076
P91,2	8077	8077
P134,1	8078	8078
P184,1	8079	8079
P183,2	8080	8080
P125,1	8081	8081
P10,2	8082	8082
P65,2	8083	8083
P58,2	8084	8084
P155,1	8085	8085
P144,2	8086	8086
P86,2	8087	8087
P66,2	8088	8088
P70,2	8089	8089
P146,2	8090	8090
P107,2	8091	8091
P24,2	8092	8092
P21,1	8093	8093
P92,1	8094	8094
P108,2	8095	8095
P137,1	8096	8096
P55,1	8097	8097
P127,1	8098	8098
P40,2	8099	8099
P200,1	8100	8100
P118,1	8101	8101
P157,1	8102	8102
P88,2	8103	8103
P128,1	8104	8104
P138,2	8105	8105
P50,2	8106	8106
P100,1	8107	8107
P60,2	8108	8108
P67,2	8109	8109
P75,2	8110	8110
P94,1	8111	8111
P30,2	8112	8112
P139,1	8113	8113
P111,1	8114	8114
P76,1	8115	8115
P173,1	8116	8116
P159,2	8117	8117
P130,1	8118	8118
P120,1	8119	8119
P190,2	8120	8120
P95,1	8121	8121
P161,2	8122	8122
P89,1	8123	8123
P2,2	8124	8124
P131,2	8125	8125
P64,1	8126	8126
P11,1	8127	8127
P16,2	8128	8128
P104,1	8129	8129
P192,2	8130	8130
P177,1	8131	8131
P34,2	8132	8132
P61,1	8133	8133
P103,3	8134	8134
P150,1	8135	8135
P17,2	8136	8136
P193,1	8137	8137
P164,1	8138	8138
P15,2	8139	8139
P19,3	8140	8140
P77,2	8141	8141
P90,2	8142	8142
P84,1	8143	8143
P31,2	8144	8144
P152,1	8145	8145
P181,1	8146	8146
P54,2	8147	8147
P194,2	8148	8148
P106,1	8149	8149
P195,2	8150	8150
P46,2	8151	8151
P123,2	8152	8152
P182,2	8153	8153
P49,2	8154	8154
P153,1	8155	8155
P116,3	8156	8156
P13,2	8157	8157
P154,1	8158	8158
P97,2	8159	8159
P12,3	8160	8160
P124,2	8161	8161
P25,1	8162	8162
P98,1	8163	8163
P135,2	8164	8164
P62,1	8165	8165
P185,2	8166	8166
P126,2	8167	8167
P156,1	8168	8168
P38,1	8169	8169
P7,2	8170	8170
P47,1	8171	8171
P199,1	8172	8172
P63,2	8173	8173
P169,2	8174	8174
P22,2	8175	8175
P41,2	8176	8176
P187,1	8177	8177
P32,2	8178	8178
P171,1	8179	8179
P109,2	8180	8180
P99,1	8181	8181
P80,2	8182	8182
P188,1	8183	8183
P4,2	8184	8184
P60,2	8185	8185
P67,2	8186	8186
P119,2	8187	8187
P23,2	8188	8188
P26,2	8189	8189
P33,2	8190	8190
P110,1	8191	8191
P158,3	8192	8192
P81,1	8193	8193
P160,1	8194	8194
P130,1	8195	8195
P120,1	8196	8196
P190,2	8197	8197
P159,3	8198	8198
P161,2	8199	8199
P89,1	8200	8200
P2,2	8201	8201
P131,2	8202	8202
P64,1	8203	8203
P11,1	8204	8204
P16,2	8205	8205
P114,1	8206	8206
P68,2	8207	8207
P141,2	8208	8208
P176,2	8209	8209
P162,2	8210	8210
P178,1	8211	8211
P29,2	8212	8212
P83,2	8213	8213
P44,2	8214	8214
P45,1	8215	8215
P165,1	8216	8216
P53,3	8217	8217
P69,1	8218	8218
P48,2	8219	8219
P96,1	8220	8220
P35,1	8221	8221
P180,1	8222	8222
P133,2	8223	8223
P122,2	8224	8224
P143,1	8225	8225
P115,1	8226	8226
P151,2	8227	8227
P78,2	8228	8228
P123,2	8229	8229
P182,2	8230	8230
P49,2	8231	8231
P153,1	8232	8232
P116,3	8233	8233
P184,1	8234	8234
P183,2	8235	8235
P125,1	8236	8236
P10,2	8237	8237
P65,2	8238	8238
P58,2	8239	8239
P155,1	8240	8240
P144,2	8241	8241
P86,2	8242	8242
P66,2	8243	8243
P70,2	8244	8244
P146,2	8245	8245
P107,2	8246	8246
P24,2	8247	8247
P21,1	8248	8248
P92,1	8249	8249
P108,2	8250	8250
P137,1	8251	8251
P55,1	8252	8252
P127,1	8253	8253
P40,2	8254	8254
P200,1	8255	8255
P118,1	8256	8256
P157,1	8257	8257
P88,2	8258	8258
P128,1	8259	8259
P138,2	8260	8260
P50,2	8261	8261
P129,2	8262	8262
P148,1	8263	8263
P100,2	8264	8264
P75,2	8265	8265
P94,1	8266	8266
P30,2	8267	8267
P139,1	8268	8268
P111,1	8269	8269
P76,1	8270	8270
P173,1	8271	8271
P189,2	8272	8272
P140,1	8273	8273
P101,2	8274	8274
P95,1	8275	8275
P102,2	8276	8276
P56,2	8277	8277
P112,2	8278	8278
P28,2	8279	8279
P43,2	8280	8280
P113,2	8281	8281
P132,1	8282	8282
P149,2	8283	8283
P104,1	8284	8284
P192,2	8285	8285
P177,1	8286	8286
P34,2	8287	8287
P61,1	8288	8288
P103,3	8289	8289
P150,1	8290	8290
P17,2	8291	8291
P193,1	8292	8292
P164,1	8293	8293
P15,2	8294	8294
P19,3	8295	8295
P77,2	8296	8296
P90,2	8297	8297
P35,1	8298	8298
P180,1	8299	8299
P133,2	8300	8300
P181,1	8301	8301
P54,2	8302	8302
P194,2	8303	8303
P106,1	8304	8304
P195,2	8305	8305
P85,1	8306	8306
P36,2	8307	8307
P167,1	8308	8308
P91,2	8309	8309
P134,1	8310	8310
P46,3	8311	8311
P13,2	8312	8312
P154,1	8313	8313
P97,2	8314	8314
P12,3	8315	8315
P124,2	8316	8316
P25,1	8317	8317
P98,1	8318	8318
P135,2	8319	8319
P62,1	8320	8320
P185,2	8321	8321
P126,2	8322	8322
P156,1	8323	8323
P38,1	8324	8324
P7,2	8325	8325
P47,1	8326	8326
P199,1	8327	8327
P63,2	8328	8328
P169,2	8329	8329
P22,2	8330	8330
P41,2	8331	8331
P187,1	8332	8332
P32,2	8333	8333
P171,1	8334	8334
P109,2	8335	8335
P99,1	8336	8336
P80,2	8337	8337
P188,1	8338	8338
P4,2	8339	8339
P60,2	8340	8340
P67,2	8341	8341
P119,2	8342	8342
P23,2	8343	8343
P26,2	8344	8344
P33,2	8345	8345
P110,1	8346	8346
P158,3	8347	8347
P81,1	8348	8348
P160,1	8349	8349
P130,1	8350	8350
P120,1	8351	8351
P190,2	8352	8352
P159,3	8353	8353
P161,2	8354	8354
P89,1	8355	8355
P2,2	8356	8356
P131,2	8357	8357
P64,1	8358	8358
P11,1	8359	8359
P16,2	8360	8360
P114,1	8361	8361
P68,2	8362	8362
P141,2	8363	8363
P176,2	8364	8364
P162,2	8365	8365
P103,3	8366	8366
P150,1	8367	8367
P17,2	8368	8368
P193,1	8369	8369
P164,1	8370	8370
P15,2	8371	8371
P19,3	8372	8372
P77,2	8373	8373
P90,2	8374	8374
P180,1	8375	8375
P152,1	8376	8376
P96,2	8377	8377
P35,2	8378	8378
P54,2	8379	8379
P194,2	8380	8380
P106,1	8381	8381
P195,2	8382	8382
P85,1	8383	8383
P36,2	8384	8384
P167,1	8385	8385
P91,2	8386	8386
P134,1	8387	8387
P46,3	8388	8388
P13,2	8389	8389
P154,1	8390	8390
P97,2	8391	8391
P12,3	8392	8392
P124,2	8393	8393
P25,1	8394	8394
P98,1	8395	8395
P135,2	8396	8396
P62,1	8397	8397
P185,2	8398	8398
P126,2	8399	8399
P156,1	8400	8400
P38,1	8401	8401
P7,2	8402	8402
P47,1	8403	8403
P199,1	8404	8404
P63,2	8405	8405
P169,2	8406	8406
P22,2	8407	8407
P41,2	8408	8408
P187,1	8409	8409
P32,2	8410	8410
P171,1	8411	8411
P109,2	8412	8412
P99,1	8413	8413
P80,2	8414	8414
P188,1	8415	8415
P4,2	8416	8416
P60,2	8417	8417
P67,2	8418	8418
P119,2	8419	8419
P23,2	8420	8420
P26,2	8421	8421
P33,2	8422	8422
P110,1	8423	8423
P158,3	8424	8424
P81,1	8425	8425
P160,1	8426	8426
P130,1	8427	8427
P120,1	8428	8428
P190,2	8429	8429
P159,3	8430	8430
P161,2	8431	8431
P89,1	8432	8432
P2,2	8433	8433
P131,2	8434	8434
P113,2	8435	8435
P132,1	8436	8436
P149,2	8437	8437
P64,2	8438	8438
P68,2	8439	8439
P141,2	8440	8440
P176,2	8441	8441
P162,2	8442	8442
P103,3	8443	8443
P150,1	8444	8444
P17,2	8445	8445
P193,1	8446	8446
P164,1	8447	8447
P15,2	8448	8448
P19,3	8449	8449
P77,2	8450	8450
P90,2	8451	8451
P180,1	8452	8452
P152,1	8453	8453
P96,2	8454	8454
P35,2	8455	8455
P54,2	8456	8456
P194,2	8457	8457
P106,1	8458	8458
P195,2	8459	8459
P85,1	8460	8460
P36,2	8461	8461
P167,1	8462	8462
P91,2	8463	8463
P134,1	8464	8464
P46,3	8465	8465
P13,2	8466	8466
P154,1	8467	8467
P97,2	8468	8468
P12,3	8469	8469
P124,2	8470	8470
P25,1	8471	8471
P98,1	8472	8472
P135,2	8473	8473
P62,1	8474	8474
P185,2	8475	8475
P126,2	8476	8476
P156,1	8477	8477
P38,1	8478	8478
P7,2	8479	8479
P47,1	8480	8480
P199,1	8481	8481
P63,2	8482	8482
P169,2	8483	8483
P22,2	8484	8484
P41,2	8485	8485
P187,1	8486	8486
P32,2	8487	8487
P171,1	8488	8488
P109,2	8489	8489
P99,1	8490	8490
P80,2	8491	8491
P188,1	8492	8492
P4,2	8493	8493
P60,2	8494	8494
P67,2	8495	8495
P119,2	8496	8496
P23,2	8497	8497
P26,2	8498	8498
P33,2	8499	8499
P110,1	8500	8500
P158,3	8501	8501
P81,1	8502	8502
P160,1	8503	8503
P130,1	8504	8504
P120,1	8505	8505
P190,2	8506	8506
P159,3	8507	8507
P161,2	8508	8508
P89,1	8509	8509
P2,2	8510	8510
P131,2	8511	8511
P113,2	8512	8512
P132,1	8513	8513
P149,2	8514	8514
P104,1	8515	8515
P192,2	8516	8516
P177,1	8517	8517
P34,2	8518	8518
P61,1	8519	8519
P29,2	8520	8520
P83,2	8521	8521
P44,2	8522	8522
P45,1	8523	8523
P165,1	8524	8524
P53,3	8525	8525
P69,1	8526	8526
P48,2	8527	8527
P31,2	8528	8528
P84,2	8529	8529
P133,2	8530	8530
P35,2	8531	8531
P54,2	8532	8532
P194,2	8533	8533
P106,1	8534	8534
P195,2	8535	8535
P85,1	8536	8536
P36,2	8537	8537
P167,1	8538	8538
P49,2	8539	8539
P153,1	8540	8540
P116,3	8541	8541
P184,1	8542	8542
P183,2	8543	8543
P125,1	8544	8544
P10,2	8545	8545
P65,2	8546	8546
P58,2	8547	8547
P155,1	8548	8548
P144,2	8549	8549
P86,2	8550	8550
P66,2	8551	8551
P70,2	8552	8552
P146,2	8553	8553
P107,2	8554	8554
P7,2	8555	8555
P47,1	8556	8556
P199,1	8557	8557
P108,2	8558	8558
P137,1	8559	8559
P55,1	8560	8560
P127,1	8561	8561
P40,2	8562	8562
P200,1	8563	8563
P171,1	8564	8564
P109,2	8565	8565
P99,1	8566	8566
P80,2	8567	8567
P188,1	8568	8568
P4,2	8569	8569
P60,2	8570	8570
P67,2	8571	8571
P119,2	8572	8572
P23,2	8573	8573
P26,2	8574	8574
P33,2	8575	8575
P110,1	8576	8576
P158,3	8577	8577
P81,1	8578	8578
P160,1	8579	8579
P130,1	8580	8580
P120,1	8581	8581
P190,2	8582	8582
P159,3	8583	8583
P161,2	8584	8584
P89,1	8585	8585
P2,2	8586	8586
P131,2	8587	8587
P113,2	8588	8588
P16,2	8589	8589
P64,2	8590	8590
P68,2	8591	8591
P141,2	8592	8592
P176,2	8593	8593
P162,2	8594	8594
P103,3	8595	8595
P150,1	8596	8596
P17,2	8597	8597
P193,1	8598	8598
P164,1	8599	8599
P15,2	8600	8600
P19,3	8601	8601
P77,2	8602	8602
P90,2	8603	8603
P180,1	8604	8604
P152,1	8605	8605
P96,2	8606	8606
P122,2	8607	8607
P143,1	8608	8608
P115,1	8609	8609
P151,2	8610	8610
P78,2	8611	8611
P123,2	8612	8612
P182,2	8613	8613
P181,2	8614	8614
P91,2	8615	8615
P134,1	8616	8616
P46,3	8617	8617
P13,2	8618	8618
P154,1	8619	8619
P97,2	8620	8620
P65,2	8621	8621
P58,2	8622	8622
P155,1	8623	8623
P144,2	8624	8624
P86,2	8625	8625
P66,2	8626	8626
P70,2	8627	8627
P146,2	8628	8628
P107,2	8629	8629
P7,2	8630	8630
P92,1	8631	8631
P24,3	8632	8632
P63,2	8633	8633
P169,2	8634	8634
P22,2	8635	8635
P41,2	8636	8636
P187,1	8637	8637
P118,1	8638	8638
P157,1	8639	8639
P88,2	8640	8640
P128,1	8641	8641
P138,2	8642	8642
P50,2	8643	8643
P129,2	8644	8644
P148,1	8645	8645
P100,2	8646	8646
P75,2	8647	8647
P94,1	8648	8648
P30,2	8649	8649
P110,1	8650	8650
P158,3	8651	8651
P81,1	8652	8652
P160,1	8653	8653
P130,1	8654	8654
P120,1	8655	8655
P190,2	8656	8656
P159,3	8657	8657
P102,2	8658	8658
P56,2	8659	8659
P112,2	8660	8660
P28,2	8661	8661
P43,2	8662	8662
P132,1	8663	8663
P149,2	8664	8664
P104,1	8665	8665
P192,2	8666	8666
P177,1	8667	8667
P34,2	8668	8668
P61,1	8669	8669
P29,2	8670	8670
P83,2	8671	8671
P44,2	8672	8672
P45,1	8673	8673
P165,1	8674	8674
P19,3	8675	8675
P77,2	8676	8676
P15,3	8677	8677
P180,1	8678	8678
P152,1	8679	8679
P96,2	8680	8680
P122,2	8681	8681
P143,1	8682	8682
P115,1	8683	8683
P151,2	8684	8684
P78,2	8685	8685
P123,2	8686	8686
P182,2	8687	8687
P181,2	8688	8688
P91,2	8689	8689
P134,1	8690	8690
P46,3	8691	8691
P13,2	8692	8692
P154,1	8693	8693
P97,2	8694	8694
P65,2	8695	8695
P58,2	8696	8696
P155,1	8697	8697
P144,2	8698	8698
P86,2	8699	8699
P185,2	8700	8700
P126,2	8701	8701
P156,1	8702	8702
P38,1	8703	8703
P92,1	8704	8704
P24,3	8705	8705
P63,2	8706	8706
P169,2	8707	8707
P55,1	8708	8708
P127,1	8709	8709
P40,2	8710	8710
P200,1	8711	8711
P171,1	8712	8712
P109,2	8713	8713
P99,1	8714	8714
P80,2	8715	8715
P188,1	8716	8716
P4,2	8717	8717
P60,2	8718	8718
P67,2	8719	8719
P119,2	8720	8720
P23,2	8721	8721
P26,2	8722	8722
P33,2	8723	8723
P111,1	8724	8724
P76,1	8725	8725
P173,1	8726	8726
P189,2	8727	8727
P140,1	8728	8728
P101,2	8729	8729
P95,1	8730	8730
P139,2	8731	8731
P161,2	8732	8732
P89,1	8733	8733
P2,2	8734	8734
P131,2	8735	8735
P113,2	8736	8736
P16,2	8737	8737
P64,2	8738	8738
P68,2	8739	8739
P141,2	8740	8740
P176,2	8741	8741
P162,2	8742	8742
P103,3	8743	8743
P150,1	8744	8744
P17,2	8745	8745
P193,1	8746	8746
P164,1	8747	8747
P53,3	8748	8748
P69,1	8749	8749
P48,2	8750	8750
P31,2	8751	8751
P84,2	8752	8752
P133,2	8753	8753
P35,2	8754	8754
P54,2	8755	8755
P194,2	8756	8756
P106,1	8757	8757
P195,2	8758	8758
P85,1	8759	8759
P36,2	8760	8760
P167,1	8761	8761
P49,2	8762	8762
P153,1	8763	8763
P116,3	8764	8764
P184,1	8765	8765
P183,2	8766	8766
P125,1	8767	8767
P12,3	8768	8768
P124,2	8769	8769
P25,1	8770	8770
P98,1	8771	8771
P135,2	8772	8772
P66,2	8773	8773
P70,2	8774	8774
P146,2	8775	8775
P107,2	8776	8776
P7,2	8777	8777
P199,1	8778	8778
P108,2	8779	8779
P137,1	8780	8780
P21,2	8781	8781
P22,2	8782	8782
P41,2	8783	8783
P187,1	8784	8784
P118,1	8785	8785
P157,1	8786	8786
P88,2	8787	8787
P128,1	8788	8788
P138,2	8789	8789
P50,2	8790	8790
P129,2	8791	8791
P148,1	8792	8792
P100,2	8793	8793
P75,2	8794	8794
P94,1	8795	8795
P30,2	8796	8796
P110,1	8797	8797
P158,3	8798	8798
P81,1	8799	8799
P160,1	8800	8800
P130,1	8801	8801
P120,1	8802	8802
P190,2	8803	8803
P159,3	8804	8804
P102,2	8805	8805
P56,2	8806	8806
P112,2	8807	8807
P28,2	8808	8808
P43,2	8809	8809
P132,1	8810	8810
P149,2	8811	8811
P104,1	8812	8812
P192,2	8813	8813
P177,1	8814	8814
P34,2	8815	8815
P61,1	8816	8816
P29,2	8817	8817
P83,2	8818	8818
P44,2	8819	8819
P45,1	8820	8820
P53,3	8821	8821
P69,1	8822	8822
P15,3	8823	8823
P180,1	8824	8824
P152,1	8825	8825
P96,2	8826	8826
P122,2	8827	8827
P143,1	8828	8828
P115,1	8829	8829
P151,2	8830	8830
P78,2	8831	8831
P123,2	8832	8832
P182,2	8833	8833
P181,2	8834	8834
P91,2	8835	8835
P116,3	8836	8836
P184,1	8837	8837
P13,2	8838	8838
P154,1	8839	8839
P97,2	8840	8840
P65,2	8841	8841
P58,2	8842	8842
P155,1	8843	8843
P144,2	8844	8844
P66,2	8845	8845
P70,2	8846	8846
P146,2	8847	8847
P107,2	8848	8848
P7,2	8849	8849
P92,1	8850	8850
P24,3	8851	8851
P63,2	8852	8852
P169,2	8853	8853
P55,1	8854	8854
P127,1	8855	8855
P40,2	8856	8856
P200,1	8857	8857
P171,1	8858	8858
P109,2	8859	8859
P99,1	8860	8860
P80,2	8861	8861
P188,1	8862	8862
P4,2	8863	8863
P60,2	8864	8864
P67,2	8865	8865
P119,2	8866	8866
P23,2	8867	8867
P26,2	8868	8868
P33,2	8869	8869
P111,1	8870	8870
P76,1	8871	8871
P173,1	8872	8872
P189,2	8873	8873
P140,1	8874	8874
P101,2	8875	8875
P95,1	8876	8876
P139,2	8877	8877
P161,2	8878	8878
P89,1	8879	8879
P2,2	8880	8880
P131,2	8881	8881
P113,2	8882	8882
P16,2	8883	8883
P64,2	8884	8884
P68,2	8885	8885
P141,2	8886	8886
P176,2	8887	8887
P162,2	8888	8888
P103,3	8889	8889
P150,1	8890	8890
P17,2	8891	8891
P193,1	8892	8892
P164,1	8893	8893
P19,3	8894	8894
P48,2	8895	8895
P31,2	8896	8896
P84,2	8897	8897
P133,2	8898	8898
P35,2	8899	8899
P54,2	8900	8900
P194,2	8901	8901
P106,1	8902	8902
P195,2	8903	8903
P85,1	8904	8904
P36,2	8905	8905
P167,1	8906	8906
P49,2	8907	8907
P134,1	8908	8908
P46,3	8909	8909
P153,2	8910	8910
P183,2	8911	8911
P125,1	8912	8912
P12,3	8913	8913
P124,2	8914	8914
P25,1	8915	8915
P98,1	8916	8916
P135,2	8917	8917
P185,2	8918	8918
P126,2	8919	8919
P156,1	8920	8920
P38,1	8921	8921
P86,3	8922	8922
P199,1	8923	8923
P108,2	8924	8924
P137,1	8925	8925
P21,2	8926	8926
P22,2	8927	8927
P41,2	8928	8928
P187,1	8929	8929
P118,1	8930	8930
P157,1	8931	8931
P88,2	8932	8932
P128,1	8933	8933
P138,2	8934	8934
P50,2	8935	8935
P129,2	8936	8936
P148,1	8937	8937
P100,2	8938	8938
P75,2	8939	8939
P94,1	8940	8940
P30,2	8941	8941
P110,1	8942	8942
P158,3	8943	8943
P81,1	8944	8944
P160,1	8945	8945
P130,1	8946	8946
P120,1	8947	8947
P190,2	8948	8948
P159,3	8949	8949
P102,2	8950	8950
P56,2	8951	8951
P2,2	8952	8952
P131,2	8953	8953
P113,2	8954	8954
P16,2	8955	8955
P64,2	8956	8956
P68,2	8957	8957
P141,2	8958	8958
P176,2	8959	8959
P162,2	8960	8960
P103,3	8961	8961
P150,1	8962	8962
P17,2	8963	8963
P193,1	8964	8964
P164,1	8965	8965
P19,3	8966	8966
P48,2	8967	8967
P31,2	8968	8968
P84,2	8969	8969
P133,2	8970	8970
P35,2	8971	8971
P54,2	8972	8972
P194,2	8973	8973
P106,1	8974	8974
P195,2	8975	8975
P85,1	8976	8976
P36,2	8977	8977
P167,1	8978	8978
P49,2	8979	8979
P134,1	8980	8980
P46,3	8981	8981
P153,2	8982	8982
P183,2	8983	8983
P125,1	8984	8984
P12,3	8985	8985
P124,2	8986	8986
P25,1	8987	8987
P98,1	8988	8988
P135,2	8989	8989
P185,2	8990	8990
P126,2	8991	8991
P156,1	8992	8992
P38,1	8993	8993
P86,3	8994	8994
P199,1	8995	8995
P108,2	8996	8996
P137,1	8997	8997
P21,2	8998	8998
P22,2	8999	8999
P41,2	9000	9000
P187,1	9001	9001
P118,1	9002	9002
P157,1	9003	9003
P88,2	9004	9004
P80,2	9005	9005
P188,1	9006	9006
P4,2	9007	9007
P99,2	9008	9008
P148,1	9009	9009
P100,2	9010	9010
P75,2	9011	9011
P94,1	9012	9012
P30,2	9013	9013
P110,1	9014	9014
P158,3	9015	9015
P173,1	9016	9016
P189,2	9017	9017
P76,2	9018	9018
P101,2	9019	9019
P95,1	9020	9020
P139,2	9021	9021
P161,2	9022	9022
P2,2	9023	9023
P131,2	9024	9024
P113,2	9025	9025
P16,2	9026	9026
P64,2	9027	9027
P192,2	9028	9028
P177,1	9029	9029
P34,2	9030	9030
P103,3	9031	9031
P150,1	9032	9032
P17,2	9033	9033
P193,1	9034	9034
P164,1	9035	9035
P53,3	9036	9036
P69,1	9037	9037
P15,3	9038	9038
P180,1	9039	9039
P152,1	9040	9040
P96,2	9041	9041
P122,2	9042	9042
P143,1	9043	9043
P115,1	9044	9044
P151,2	9045	9045
P78,2	9046	9046
P123,2	9047	9047
P182,2	9048	9048
P181,2	9049	9049
P91,2	9050	9050
P116,3	9051	9051
P184,1	9052	9052
P13,2	9053	9053
P154,1	9054	9054
P97,2	9055	9055
P65,2	9056	9056
P58,2	9057	9057
P155,1	9058	9058
P144,2	9059	9059
P66,2	9060	9060
P70,2	9061	9061
P146,2	9062	9062
P107,2	9063	9063
P86,3	9064	9064
P199,1	9065	9065
P24,3	9066	9066
P63,2	9067	9067
P169,2	9068	9068
P55,1	9069	9069
P127,1	9070	9070
P40,2	9071	9071
P200,1	9072	9072
P171,1	9073	9073
P109,2	9074	9074
P128,1	9075	9075
P138,2	9076	9076
P50,2	9077	9077
P129,2	9078	9078
P60,2	9079	9079
P67,2	9080	9080
P119,2	9081	9081
P23,2	9082	9082
P30,2	9083	9083
P110,1	9084	9084
P158,3	9085	9085
P173,1	9086	9086
P189,2	9087	9087
P76,2	9088	9088
P101,2	9089	9089
P95,1	9090	9090
P139,2	9091	9091
P161,2	9092	9092
P2,2	9093	9093
P131,2	9094	9094
P113,2	9095	9095
P16,2	9096	9096
P64,2	9097	9097
P192,2	9098	9098
P177,1	9099	9099
P34,2	9100	9100
P103,3	9101	9101
P150,1	9102	9102
P17,2	9103	9103
P193,1	9104	9104
P164,1	9105	9105
P53,3	9106	9106
P69,1	9107	9107
P15,3	9108	9108
P180,1	9109	9109
P152,1	9110	9110
P96,2	9111	9111
P122,2	9112	9112
P143,1	9113	9113
P115,1	9114	9114
P151,2	9115	9115
P78,2	9116	9116
P123,2	9117	9117
P182,2	9118	9118
P181,2	9119	9119
P91,2	9120	9120
P46,3	9121	9121
P134,2	9122	9122
P13,2	9123	9123
P154,1	9124	9124
P97,2	9125	9125
P65,2	9126	9126
P58,2	9127	9127
P155,1	9128	9128
P144,2	9129	9129
P66,2	9130	9130
P70,2	9131	9131
P146,2	9132	9132
P107,2	9133	9133
P86,3	9134	9134
P199,1	9135	9135
P24,3	9136	9136
P63,2	9137	9137
P169,2	9138	9138
P55,1	9139	9139
P127,1	9140	9140
P40,2	9141	9141
P200,1	9142	9142
P171,1	9143	9143
P109,2	9144	9144
P128,1	9145	9145
P138,2	9146	9146
P50,2	9147	9147
P129,2	9148	9148
P60,2	9149	9149
P67,2	9150	9150
P119,2	9151	9151
P23,2	9152	9152
P30,2	9153	9153
P110,1	9154	9154
P158,3	9155	9155
P173,1	9156	9156
P189,2	9157	9157
P76,2	9158	9158
P101,2	9159	9159
P95,1	9160	9160
P139,2	9161	9161
P161,2	9162	9162
P2,2	9163	9163
P131,2	9164	9164
P113,2	9165	9165
P16,2	9166	9166
P64,2	9167	9167
P192,2	9168	9168
P176,2	9169	9169
P162,2	9170	9170
P29,2	9171	9171
P83,2	9172	9172
P44,2	9173	9173
P45,1	9174	9174
P61,2	9175	9175
P19,3	9176	9176
P48,2	9177	9177
P31,2	9178	9178
P84,2	9179	9179
P133,2	9180	9180
P35,2	9181	9181
P54,2	9182	9182
P194,2	9183	9183
P106,1	9184	9184
P195,2	9185	9185
P85,1	9186	9186
P36,2	9187	9187
P167,1	9188	9188
P49,2	9189	9189
P116,3	9190	9190
P184,1	9191	9191
P153,2	9192	9192
P183,2	9193	9193
P125,1	9194	9194
P12,3	9195	9195
P124,2	9196	9196
P25,1	9197	9197
P98,1	9198	9198
P135,2	9199	9199
P185,2	9200	9200
P126,2	9201	9201
P156,1	9202	9202
P7,2	9203	9203
P92,1	9204	9204
P38,2	9205	9205
P108,2	9206	9206
P137,1	9207	9207
P21,2	9208	9208
P127,1	9209	9209
P40,2	9210	9210
P200,1	9211	9211
P171,1	9212	9212
P109,2	9213	9213
P128,1	9214	9214
P138,2	9215	9215
P188,1	9216	9216
P4,2	9217	9217
P99,2	9218	9218
P148,1	9219	9219
P100,2	9220	9220
P75,2	9221	9221
P30,2	9222	9222
P110,1	9223	9223
P158,3	9224	9224
P173,1	9225	9225
P189,2	9226	9226
P76,2	9227	9227
P101,2	9228	9228
P95,1	9229	9229
P139,2	9230	9230
P161,2	9231	9231
P2,2	9232	9232
P131,2	9233	9233
P113,2	9234	9234
P16,2	9235	9235
P64,2	9236	9236
P192,2	9237	9237
P176,2	9238	9238
P162,2	9239	9239
P29,2	9240	9240
P83,2	9241	9241
P44,2	9242	9242
P45,1	9243	9243
P61,2	9244	9244
P19,3	9245	9245
P48,2	9246	9246
P31,2	9247	9247
P84,2	9248	9248
P133,2	9249	9249
P35,2	9250	9250
P54,2	9251	9251
P194,2	9252	9252
P106,1	9253	9253
P195,2	9254	9254
P85,1	9255	9255
P36,2	9256	9256
P167,1	9257	9257
P49,2	9258	9258
P116,3	9259	9259
P184,1	9260	9260
P153,2	9261	9261
P183,2	9262	9262
P125,1	9263	9263
P65,2	9264	9264
P58,2	9265	9265
P98,1	9266	9266
P135,2	9267	9267
P185,2	9268	9268
P126,2	9269	9269
P156,1	9270	9270
P7,2	9271	9271
P92,1	9272	9272
P38,2	9273	9273
P108,2	9274	9274
P137,1	9275	9275
P21,2	9276	9276
P127,1	9277	9277
P187,1	9278	9278
P118,1	9279	9279
P41,3	9280	9280
P109,2	9281	9281
P128,1	9282	9282
P138,2	9283	9283
P188,1	9284	9284
P4,2	9285	9285
P99,2	9286	9286
P148,1	9287	9287
P100,2	9288	9288
P75,2	9289	9289
P30,2	9290	9290
P110,1	9291	9291
P158,3	9292	9292
P173,1	9293	9293
P189,2	9294	9294
P76,2	9295	9295
P101,2	9296	9296
P159,3	9297	9297
P95,2	9298	9298
P161,2	9299	9299
P2,2	9300	9300
P131,2	9301	9301
P113,2	9302	9302
P16,2	9303	9303
P64,2	9304	9304
P192,2	9305	9305
P176,2	9306	9306
P162,2	9307	9307
P29,2	9308	9308
P83,2	9309	9309
P44,2	9310	9310
P45,1	9311	9311
P61,2	9312	9312
P19,3	9313	9313
P48,2	9314	9314
P31,2	9315	9315
P84,2	9316	9316
P133,2	9317	9317
P35,2	9318	9318
P54,2	9319	9319
P194,2	9320	9320
P151,2	9321	9321
P115,2	9322	9322
P85,1	9323	9323
P36,2	9324	9324
P167,1	9325	9325
P49,2	9326	9326
P116,3	9327	9327
P184,1	9328	9328
P153,2	9329	9329
P183,2	9330	9330
P125,1	9331	9331
P65,2	9332	9332
P58,2	9333	9333
P98,1	9334	9334
P135,2	9335	9335
P185,2	9336	9336
P126,2	9337	9337
P156,1	9338	9338
P7,2	9339	9339
P92,1	9340	9340
P38,2	9341	9341
P108,2	9342	9342
P137,1	9343	9343
P21,2	9344	9344
P127,1	9345	9345
P187,1	9346	9346
P118,1	9347	9347
P41,3	9348	9348
P109,2	9349	9349
P128,1	9350	9350
P138,2	9351	9351
P188,1	9352	9352
P4,2	9353	9353
P99,2	9354	9354
P148,1	9355	9355
P100,2	9356	9356
P75,2	9357	9357
P30,2	9358	9358
P110,1	9359	9359
P158,3	9360	9360
P173,1	9361	9361
P189,2	9362	9362
P76,2	9363	9363
P101,2	9364	9364
P159,3	9365	9365
P95,2	9366	9366
P161,2	9367	9367
P2,2	9368	9368
P131,2	9369	9369
P113,2	9370	9370
P16,2	9371	9371
P64,2	9372	9372
P192,2	9373	9373
P176,2	9374	9374
P162,2	9375	9375
P29,2	9376	9376
P83,2	9377	9377
P44,2	9378	9378
P45,1	9379	9379
P61,2	9380	9380
P19,3	9381	9381
P48,2	9382	9382
P31,2	9383	9383
P84,2	9384	9384
P133,2	9385	9385
P35,2	9386	9386
P54,2	9387	9387
P106,1	9388	9388
P195,2	9389	9389
P78,2	9390	9390
P194,3	9391	9391
P36,2	9392	9392
P167,1	9393	9393
P49,2	9394	9394
P116,3	9395	9395
P184,1	9396	9396
P153,2	9397	9397
P183,2	9398	9398
P125,1	9399	9399
P65,2	9400	9400
P58,2	9401	9401
P98,1	9402	9402
P135,2	9403	9403
P185,2	9404	9404
P146,2	9405	9405
P107,2	9406	9406
P86,3	9407	9407
P199,1	9408	9408
P24,3	9409	9409
P63,2	9410	9410
P169,2	9411	9411
P22,2	9412	9412
P40,2	9413	9413
P200,1	9414	9414
P171,1	9415	9415
P157,1	9416	9416
P88,2	9417	9417
P80,2	9418	9418
P55,2	9419	9419
P50,2	9420	9420
P129,2	9421	9421
P60,2	9422	9422
P67,2	9423	9423
P119,2	9424	9424
P26,2	9425	9425
P33,2	9426	9426
P111,1	9427	9427
P81,1	9428	9428
P160,1	9429	9429
P130,1	9430	9430
P120,1	9431	9431
P190,2	9432	9432
P139,2	9433	9433
P102,2	9434	9434
P112,2	9435	9435
P28,2	9436	9436
P43,2	9437	9437
P132,1	9438	9438
P149,2	9439	9439
P192,2	9440	9440
P176,2	9441	9441
P162,2	9442	9442
P29,2	9443	9443
P83,2	9444	9444
P44,2	9445	9445
P45,1	9446	9446
P61,2	9447	9447
P19,3	9448	9448
P15,3	9449	9449
P180,1	9450	9450
P152,1	9451	9451
P96,2	9452	9452
P69,2	9453	9453
P54,2	9454	9454
P106,1	9455	9455
P195,2	9456	9456
P78,2	9457	9457
P194,3	9458	9458
P36,2	9459	9459
P181,2	9460	9460
P91,2	9461	9461
P46,3	9462	9462
P134,2	9463	9463
P13,2	9464	9464
P154,1	9465	9465
P97,2	9466	9466
P124,2	9467	9467
P98,1	9468	9468
P135,2	9469	9469
P185,2	9470	9470
P146,2	9471	9471
P107,2	9472	9472
P86,3	9473	9473
P199,1	9474	9474
P24,3	9475	9475
P108,2	9476	9476
P137,1	9477	9477
P21,2	9478	9478
P127,1	9479	9479
P187,1	9480	9480
P118,1	9481	9481
P41,3	9482	9482
P109,2	9483	9483
P128,1	9484	9484
P138,2	9485	9485
P188,1	9486	9486
P4,2	9487	9487
P99,2	9488	9488
P148,1	9489	9489
P100,2	9490	9490
P75,2	9491	9491
P30,2	9492	9492
P110,1	9493	9493
P158,3	9494	9494
P173,1	9495	9495
P189,2	9496	9496
P76,2	9497	9497
P101,2	9498	9498
P159,3	9499	9499
P95,2	9500	9500
P161,2	9501	9501
P2,2	9502	9502
P131,2	9503	9503
P113,2	9504	9504
P16,2	9505	9505
P64,2	9506	9506
P177,1	9507	9507
P34,2	9508	9508
P103,3	9509	9509
P141,3	9510	9510
P17,2	9511	9511
P193,1	9512	9512
P164,1	9513	9513
P53,3	9514	9514
P48,2	9515	9515
P31,2	9516	9516
P84,2	9517	9517
P133,2	9518	9518
P35,2	9519	9519
P122,2	9520	9520
P143,1	9521	9521
P151,2	9522	9522
P115,2	9523	9523
P85,1	9524	9524
P123,2	9525	9525
P182,2	9526	9526
P49,2	9527	9527
P116,3	9528	9528
P184,1	9529	9529
P153,2	9530	9530
P183,2	9531	9531
P125,1	9532	9532
P65,2	9533	9533
P58,2	9534	9534
P144,2	9535	9535
P66,2	9536	9536
P126,2	9537	9537
P156,1	9538	9538
P7,2	9539	9539
P92,1	9540	9540
P38,2	9541	9541
P25,2	9542	9542
P63,2	9543	9543
P169,2	9544	9544
P22,2	9545	9545
P40,2	9546	9546
P200,1	9547	9547
P171,1	9548	9548
P157,1	9549	9549
P88,2	9550	9550
P138,2	9551	9551
P188,1	9552	9552
P4,2	9553	9553
P99,2	9554	9554
P148,1	9555	9555
P100,2	9556	9556
P75,2	9557	9557
P30,2	9558	9558
P110,1	9559	9559
P158,3	9560	9560
P173,1	9561	9561
P189,2	9562	9562
P76,2	9563	9563
P101,2	9564	9564
P159,3	9565	9565
P95,2	9566	9566
P161,2	9567	9567
P2,2	9568	9568
P131,2	9569	9569
P113,2	9570	9570
P16,2	9571	9571
P64,2	9572	9572
P177,1	9573	9573
P34,2	9574	9574
P103,3	9575	9575
P141,3	9576	9576
P17,2	9577	9577
P193,1	9578	9578
P61,2	9579	9579
P19,3	9580	9580
P15,3	9581	9581
P180,1	9582	9582
P152,1	9583	9583
P96,2	9584	9584
P69,2	9585	9585
P54,2	9586	9586
P106,1	9587	9587
P195,2	9588	9588
P78,2	9589	9589
P194,3	9590	9590
P36,2	9591	9591
P181,2	9592	9592
P91,2	9593	9593
P46,3	9594	9594
P134,2	9595	9595
P13,2	9596	9596
P154,1	9597	9597
P97,2	9598	9598
P124,2	9599	9599
P98,1	9600	9600
P135,2	9601	9601
P185,2	9602	9602
P146,2	9603	9603
P107,2	9604	9604
P86,3	9605	9605
P199,1	9606	9606
P24,3	9607	9607
P108,2	9608	9608
P137,1	9609	9609
P21,2	9610	9610
P127,1	9611	9611
P118,1	9612	9612
P200,2	9613	9613
P157,1	9614	9614
P88,2	9615	9615
P138,2	9616	9616
P188,1	9617	9617
P4,2	9618	9618
P129,2	9619	9619
P60,2	9620	9620
P67,2	9621	9621
P119,2	9622	9622
P26,2	9623	9623
P33,2	9624	9624
P111,1	9625	9625
P81,1	9626	9626
P160,1	9627	9627
P76,2	9628	9628
P101,2	9629	9629
P159,3	9630	9630
P95,2	9631	9631
P112,2	9632	9632
P28,2	9633	9633
P43,2	9634	9634
P131,3	9635	9635
P16,2	9636	9636
P64,2	9637	9637
P192,2	9638	9638
P176,2	9639	9639
P162,2	9640	9640
P29,2	9641	9641
P17,2	9642	9642
P193,1	9643	9643
P53,3	9644	9644
P48,2	9645	9645
P83,3	9646	9646
P180,1	9647	9647
P152,1	9648	9648
P96,2	9649	9649
P69,2	9650	9650
P54,2	9651	9651
P106,1	9652	9652
P195,2	9653	9653
P78,2	9654	9654
P194,3	9655	9655
P36,2	9656	9656
P181,2	9657	9657
P91,2	9658	9658
P46,3	9659	9659
P134,2	9660	9660
P13,2	9661	9661
P154,1	9662	9662
P97,2	9663	9663
P124,2	9664	9664
P98,1	9665	9665
P135,2	9666	9666
P185,2	9667	9667
P146,2	9668	9668
P107,2	9669	9669
P86,3	9670	9670
P199,1	9671	9671
P24,3	9672	9672
P108,2	9673	9673
P137,1	9674	9674
P21,2	9675	9675
P127,1	9676	9676
P171,1	9677	9677
P41,3	9678	9678
P109,2	9679	9679
P80,2	9680	9680
P118,2	9681	9681
P188,1	9682	9682
P4,2	9683	9683
P129,2	9684	9684
P60,2	9685	9685
P67,2	9686	9686
P119,2	9687	9687
P26,2	9688	9688
P33,2	9689	9689
P111,1	9690	9690
P173,1	9691	9691
P189,2	9692	9692
P120,1	9693	9693
P190,2	9694	9694
P81,2	9695	9695
P95,2	9696	9696
P112,2	9697	9697
P28,2	9698	9698
P43,2	9699	9699
P131,3	9700	9700
P149,2	9701	9701
P161,3	9702	9702
P177,1	9703	9703
P34,2	9704	9704
P103,3	9705	9705
P141,3	9706	9706
P29,3	9707	9707
P193,1	9708	9708
P53,3	9709	9709
P48,2	9710	9710
P83,3	9711	9711
P180,1	9712	9712
P152,1	9713	9713
P96,2	9714	9714
P69,2	9715	9715
P54,2	9716	9716
P106,1	9717	9717
P195,2	9718	9718
P78,2	9719	9719
P194,3	9720	9720
P36,2	9721	9721
P181,2	9722	9722
P91,2	9723	9723
P46,3	9724	9724
P134,2	9725	9725
P13,2	9726	9726
P154,1	9727	9727
P97,2	9728	9728
P124,2	9729	9729
P98,1	9730	9730
P66,2	9731	9731
P126,2	9732	9732
P156,1	9733	9733
P7,2	9734	9734
P92,1	9735	9735
P38,2	9736	9736
P25,2	9737	9737
P63,2	9738	9738
P169,2	9739	9739
P22,2	9740	9740
P187,1	9741	9741
P200,2	9742	9742
P157,1	9743	9743
P88,2	9744	9744
P138,2	9745	9745
P55,2	9746	9746
P50,2	9747	9747
P40,3	9748	9748
P99,2	9749	9749
P148,1	9750	9750
P100,2	9751	9751
P75,2	9752	9752
P30,2	9753	9753
P111,1	9754	9754
P160,1	9755	9755
P76,2	9756	9756
P101,2	9757	9757
P159,3	9758	9758
P139,2	9759	9759
P33,3	9760	9760
P112,2	9761	9761
P28,2	9762	9762
P43,2	9763	9763
P131,3	9764	9764
P149,2	9765	9765
P161,3	9766	9766
P177,1	9767	9767
P34,2	9768	9768
P103,3	9769	9769
P141,3	9770	9770
P29,3	9771	9771
P193,1	9772	9772
P53,3	9773	9773
P48,2	9774	9774
P83,3	9775	9775
P180,1	9776	9776
P152,1	9777	9777
P96,2	9778	9778
P69,2	9779	9779
P54,2	9780	9780
P106,1	9781	9781
P195,2	9782	9782
P78,2	9783	9783
P194,3	9784	9784
P36,2	9785	9785
P181,2	9786	9786
P91,2	9787	9787
P46,3	9788	9788
P134,2	9789	9789
P13,2	9790	9790
P154,1	9791	9791
P97,2	9792	9792
P124,2	9793	9793
P98,1	9794	9794
P66,2	9795	9795
P126,2	9796	9796
P156,1	9797	9797
P7,2	9798	9798
P92,1	9799	9799
P38,2	9800	9800
P25,2	9801	9801
P63,2	9802	9802
P169,2	9803	9803
P22,2	9804	9804
P171,1	9805	9805
P41,3	9806	9806
P109,2	9807	9807
P80,2	9808	9808
P118,2	9809	9809
P188,1	9810	9810
P4,2	9811	9811
P127,2	9812	9812
P99,2	9813	9813
P148,1	9814	9814
P100,2	9815	9815
P75,2	9816	9816
P30,2	9817	9817
P160,1	9818	9818
P76,2	9819	9819
P101,2	9820	9820
P159,3	9821	9821
P139,2	9822	9822
P33,3	9823	9823
P112,2	9824	9824
P2,2	9825	9825
P130,2	9826	9826
P113,2	9827	9827
P16,2	9828	9828
P64,2	9829	9829
P192,2	9830	9830
P176,2	9831	9831
P162,2	9832	9832
P132,2	9833	9833
P17,2	9834	9834
P44,2	9835	9835
P61,2	9836	9836
P19,3	9837	9837
P15,3	9838	9838
P31,2	9839	9839
P84,2	9840	9840
P133,2	9841	9841
P35,2	9842	9842
P122,2	9843	9843
P143,1	9844	9844
P151,2	9845	9845
P115,2	9846	9846
P85,1	9847	9847
P123,2	9848	9848
P182,2	9849	9849
P49,2	9850	9850
P116,3	9851	9851
P184,1	9852	9852
P153,2	9853	9853
P183,2	9854	9854
P125,1	9855	9855
P65,2	9856	9856
P58,2	9857	9857
P144,2	9858	9858
P185,2	9859	9859
P146,2	9860	9860
P107,2	9861	9861
P86,3	9862	9862
P199,1	9863	9863
P24,3	9864	9864
P108,2	9865	9865
P137,1	9866	9866
P22,2	9867	9867
P171,1	9868	9868
P200,2	9869	9869
P157,1	9870	9870
P88,2	9871	9871
P138,2	9872	9872
P55,2	9873	9873
P50,2	9874	9874
P40,3	9875	9875
P129,2	9876	9876
P60,2	9877	9877
P67,2	9878	9878
P119,2	9879	9879
P26,2	9880	9880
P173,1	9881	9881
P189,2	9882	9882
P120,1	9883	9883
P190,2	9884	9884
P81,2	9885	9885
P95,2	9886	9886
P102,2	9887	9887
P111,2	9888	9888
P28,2	9889	9889
P43,2	9890	9890
P131,3	9891	9891
P149,2	9892	9892
P161,3	9893	9893
P177,1	9894	9894
P34,2	9895	9895
P103,3	9896	9896
P141,3	9897	9897
P29,3	9898	9898
P193,1	9899	9899
P53,3	9900	9900
P48,2	9901	9901
P83,3	9902	9902
P180,1	9903	9903
P152,1	9904	9904
P96,2	9905	9905
P69,2	9906	9906
P54,2	9907	9907
P106,1	9908	9908
P195,2	9909	9909
P78,2	9910	9910
P194,3	9911	9911
P36,2	9912	9912
P181,2	9913	9913
P91,2	9914	9914
P46,3	9915	9915
P134,2	9916	9916
P13,2	9917	9917
P154,1	9918	9918
P65,2	9919	9919
P58,2	9920	9920
P144,2	9921	9921
P185,2	9922	9922
P146,2	9923	9923
P156,1	9924	9924
P7,2	9925	9925
P92,1	9926	9926
P38,2	9927	9927
P25,2	9928	9928
P63,2	9929	9929
P21,2	9930	9930
P171,1	9931	9931
P200,2	9932	9932
P157,1	9933	9933
P88,2	9934	9934
P138,2	9935	9935
P55,2	9936	9936
P50,2	9937	9937
P40,3	9938	9938
P129,2	9939	9939
P60,2	9940	9940
P100,2	9941	9941
P75,2	9942	9942
P30,2	9943	9943
P160,1	9944	9944
P76,2	9945	9945
P67,3	9946	9946
P190,2	9947	9947
P81,2	9948	9948
P95,2	9949	9949
P102,2	9950	9950
P111,2	9951	9951
P28,2	9952	9952
P43,2	9953	9953
P131,3	9954	9954
P149,2	9955	9955
P161,3	9956	9956
P177,1	9957	9957
P34,2	9958	9958
P103,3	9959	9959
P141,3	9960	9960
P29,3	9961	9961
P193,1	9962	9962
P53,3	9963	9963
P48,2	9964	9964
P83,3	9965	9965
P180,1	9966	9966
P152,1	9967	9967
P96,2	9968	9968
P69,2	9969	9969
P54,2	9970	9970
P151,2	9971	9971
P143,2	9972	9972
P78,2	9973	9973
P123,2	9974	9974
P182,2	9975	9975
P49,2	9976	9976
P116,3	9977	9977
P85,2	9978	9978
P134,2	9979	9979
P13,2	9980	9980
P154,1	9981	9981
P65,2	9982	9982
P58,2	9983	9983
P144,2	9984	9984
P185,2	9985	9985
P146,2	9986	9986
P156,1	9987	9987
P7,2	9988	9988
P92,1	9989	9989
P38,2	9990	9990
P25,2	9991	9991
P63,2	9992	9992
P21,2	9993	9993
P171,1	9994	9994
P200,2	9995	9995
P157,1	9996	9996
P88,2	9997	9997
P138,2	9998	9998
P55,2	9999	9999
P50,2	10000	10000
P40,3	10001	10001
P129,2	10002	10002
P60,2	10003	10003
P100,2	10004	10004
P75,2	10005	10005
P30,2	10006	10006
P160,1	10007	10007
P76,2	10008	10008
P67,3	10009	10009
P190,2	10010	10010
P81,2	10011	10011
P95,2	10012	10012
P102,2	10013	10013
P111,2	10014	10014
P28,2	10015	10015
P43,2	10016	10016
P131,3	10017	10017
P149,2	10018	10018
P161,3	10019	10019
P176,2	10020	10020
P162,2	10021	10021
P132,2	10022	10022
P17,2	10023	10023
P44,2	10024	10024
P61,2	10025	10025
P177,2	10026	10026
P48,2	10027	10027
P83,3	10028	10028
P180,1	10029	10029
P152,1	10030	10030
P96,2	10031	10031
P69,2	10032	10032
P54,2	10033	10033
P151,2	10034	10034
P143,2	10035	10035
P78,2	10036	10036
P123,2	10037	10037
P182,2	10038	10038
P49,2	10039	10039
P116,3	10040	10040
P85,2	10041	10041
P134,2	10042	10042
P13,2	10043	10043
P154,1	10044	10044
P65,2	10045	10045
P58,2	10046	10046
P144,2	10047	10047
P185,2	10048	10048
P146,2	10049	10049
P107,2	10050	10050
P86,3	10051	10051
P156,2	10052	10052
P38,2	10053	10053
P25,2	10054	10054
P137,1	10055	10055
P22,2	10056	10056
P169,3	10057	10057
P41,3	10058	10058
P109,2	10059	10059
P80,2	10060	10060
P118,2	10061	10061
P188,1	10062	10062
P4,2	10063	10063
P127,2	10064	10064
P99,2	10065	10065
P148,1	10066	10066
P119,2	10067	10067
P26,2	10068	10068
P173,1	10069	10069
P189,2	10070	10070
P120,1	10071	10071
P101,2	10072	10072
P159,3	10073	10073
P139,2	10074	10074
P33,3	10075	10075
P112,2	10076	10076
P2,2	10077	10077
P130,2	10078	10078
P113,2	10079	10079
P16,2	10080	10080
P64,2	10081	10081
P192,2	10082	10082
P34,2	10083	10083
P103,3	10084	10084
P141,3	10085	10085
P29,3	10086	10086
P61,2	10087	10087
P177,2	10088	10088
P48,2	10089	10089
P83,3	10090	10090
P180,1	10091	10091
P152,1	10092	10092
P96,2	10093	10093
P69,2	10094	10094
P54,2	10095	10095
P151,2	10096	10096
P143,2	10097	10097
P78,2	10098	10098
P123,2	10099	10099
P182,2	10100	10100
P49,2	10101	10101
P116,3	10102	10102
P85,2	10103	10103
P134,2	10104	10104
P13,2	10105	10105
P154,1	10106	10106
P65,2	10107	10107
P58,2	10108	10108
P144,2	10109	10109
P185,2	10110	10110
P146,2	10111	10111
P107,2	10112	10112
P86,3	10113	10113
P156,2	10114	10114
P38,2	10115	10115
P25,2	10116	10116
P137,1	10117	10117
P22,2	10118	10118
P169,3	10119	10119
P41,3	10120	10120
P109,2	10121	10121
P80,2	10122	10122
P55,2	10123	10123
P50,2	10124	10124
P40,3	10125	10125
P129,2	10126	10126
P60,2	10127	10127
P100,2	10128	10128
P75,2	10129	10129
P30,2	10130	10130
P160,1	10131	10131
P76,2	10132	10132
P67,3	10133	10133
P190,2	10134	10134
P81,2	10135	10135
P95,2	10136	10136
P102,2	10137	10137
P111,2	10138	10138
P28,2	10139	10139
P43,2	10140	10140
P131,3	10141	10141
P149,2	10142	10142
P161,3	10143	10143
P176,2	10144	10144
P162,2	10145	10145
P132,2	10146	10146
P17,2	10147	10147
P44,2	10148	10148
P53,3	10149	10149
P19,3	10150	10150
P15,3	10151	10151
P31,2	10152	10152
P84,2	10153	10153
P133,2	10154	10154
P35,2	10155	10155
P122,2	10156	10156
P151,2	10157	10157
P143,2	10158	10158
P78,2	10159	10159
P123,2	10160	10160
P182,2	10161	10161
P49,2	10162	10162
P116,3	10163	10163
P85,2	10164	10164
P184,1	10165	10165
P153,2	10166	10166
P183,2	10167	10167
P97,2	10168	10168
P124,2	10169	10169
P98,1	10170	10170
P66,2	10171	10171
P126,2	10172	10172
P125,2	10173	10173
P7,2	10174	10174
P92,1	10175	10175
P199,1	10176	10176
P24,3	10177	10177
P108,2	10178	10178
P22,2	10179	10179
P169,3	10180	10180
P41,3	10181	10181
P109,2	10182	10182
P80,2	10183	10183
P55,2	10184	10184
P188,1	10185	10185
P4,2	10186	10186
P127,2	10187	10187
P99,2	10188	10188
P148,1	10189	10189
P119,2	10190	10190
P26,2	10191	10191
P173,1	10192	10192
P189,2	10193	10193
P120,1	10194	10194
P101,2	10195	10195
P159,3	10196	10196
P139,2	10197	10197
P33,3	10198	10198
P112,2	10199	10199
P2,2	10200	10200
P130,2	10201	10201
P113,2	10202	10202
P16,2	10203	10203
P64,2	10204	10204
P192,2	10205	10205
P34,2	10206	10206
P103,3	10207	10207
P141,3	10208	10208
P29,3	10209	10209
P61,2	10210	10210
P177,2	10211	10211
P48,2	10212	10212
P83,3	10213	10213
P180,1	10214	10214
P152,1	10215	10215
P96,2	10216	10216
P69,2	10217	10217
P54,2	10218	10218
P195,2	10219	10219
P115,2	10220	10220
P194,3	10221	10221
P36,2	10222	10222
P181,2	10223	10223
P91,2	10224	10224
P46,3	10225	10225
P106,2	10226	10226
P134,2	10227	10227
P13,2	10228	10228
P154,1	10229	10229
P65,2	10230	10230
P58,2	10231	10231
P144,2	10232	10232
P185,2	10233	10233
P146,2	10234	10234
P107,2	10235	10235
P86,3	10236	10236
P156,2	10237	10237
P38,2	10238	10238
P25,2	10239	10239
P21,2	10240	10240
P137,2	10241	10241
P200,2	10242	10242
P157,1	10243	10243
P88,2	10244	10244
P118,2	10245	10245
P171,2	10246	10246
P50,2	10247	10247
P40,3	10248	10248
P129,2	10249	10249
P60,2	10250	10250
P100,2	10251	10251
P75,2	10252	10252
P30,2	10253	10253
P189,2	10254	10254
P120,1	10255	10255
P101,2	10256	10256
P159,3	10257	10257
P139,2	10258	10258
P33,3	10259	10259
P112,2	10260	10260
P2,2	10261	10261
P43,2	10262	10262
P131,3	10263	10263
P149,2	10264	10264
P161,3	10265	10265
P176,2	10266	10266
P162,2	10267	10267
P28,3	10268	10268
P141,3	10269	10269
P29,3	10270	10270
P61,2	10271	10271
P177,2	10272	10272
P48,2	10273	10273
P83,3	10274	10274
P180,1	10275	10275
P152,1	10276	10276
P96,2	10277	10277
P69,2	10278	10278
P54,2	10279	10279
P195,2	10280	10280
P115,2	10281	10281
P194,3	10282	10282
P36,2	10283	10283
P181,2	10284	10284
P91,2	10285	10285
P46,3	10286	10286
P106,2	10287	10287
P134,2	10288	10288
P13,2	10289	10289
P154,1	10290	10290
P65,2	10291	10291
P58,2	10292	10292
P66,2	10293	10293
P126,2	10294	10294
P125,2	10295	10295
P144,3	10296	10296
P86,3	10297	10297
P156,2	10298	10298
P38,2	10299	10299
P25,2	10300	10300
P21,2	10301	10301
P137,2	10302	10302
P200,2	10303	10303
P157,1	10304	10304
P88,2	10305	10305
P118,2	10306	10306
P171,2	10307	10307
P50,2	10308	10308
P40,3	10309	10309
P129,2	10310	10310
P60,2	10311	10311
P100,2	10312	10312
P75,2	10313	10313
P30,2	10314	10314
P189,2	10315	10315
P120,1	10316	10316
P101,2	10317	10317
P159,3	10318	10318
P139,2	10319	10319
P33,3	10320	10320
P112,2	10321	10321
P2,2	10322	10322
P43,2	10323	10323
P131,3	10324	10324
P149,2	10325	10325
P161,3	10326	10326
P176,2	10327	10327
P162,2	10328	10328
P28,3	10329	10329
P141,3	10330	10330
P29,3	10331	10331
P61,2	10332	10332
P177,2	10333	10333
P48,2	10334	10334
P83,3	10335	10335
P180,1	10336	10336
P152,1	10337	10337
P96,2	10338	10338
P69,2	10339	10339
P54,2	10340	10340
P195,2	10341	10341
P115,2	10342	10342
P194,3	10343	10343
P36,2	10344	10344
P181,2	10345	10345
P91,2	10346	10346
P46,3	10347	10347
P106,2	10348	10348
P134,2	10349	10349
P13,2	10350	10350
P154,1	10351	10351
P65,2	10352	10352
P58,2	10353	10353
P66,2	10354	10354
P126,2	10355	10355
P125,2	10356	10356
P144,3	10357	10357
P86,3	10358	10358
P199,1	10359	10359
P24,3	10360	10360
P108,2	10361	10361
P22,2	10362	10362
P169,3	10363	10363
P41,3	10364	10364
P109,2	10365	10365
P92,2	10366	10366
P118,2	10367	10367
P171,2	10368	10368
P50,2	10369	10369
P40,3	10370	10370
P129,2	10371	10371
P60,2	10372	10372
P100,2	10373	10373
P26,2	10374	10374
P173,1	10375	10375
P76,2	10376	10376
P67,3	10377	10377
P190,2	10378	10378
P81,2	10379	10379
P95,2	10380	10380
P102,2	10381	10381
P111,2	10382	10382
P130,2	10383	10383
P113,2	10384	10384
P16,2	10385	10385
P64,2	10386	10386
P192,2	10387	10387
P34,2	10388	10388
P103,3	10389	10389
P132,2	10390	10390
P17,2	10391	10391
P44,2	10392	10392
P53,3	10393	10393
P19,3	10394	10394
P15,3	10395	10395
P31,2	10396	10396
P84,2	10397	10397
P133,2	10398	10398
P35,2	10399	10399
P122,2	10400	10400
P151,2	10401	10401
P143,2	10402	10402
P78,2	10403	10403
P123,2	10404	10404
P182,2	10405	10405
P49,2	10406	10406
P116,3	10407	10407
P85,2	10408	10408
P184,1	10409	10409
P153,2	10410	10410
P183,2	10411	10411
P65,2	10412	10412
P58,2	10413	10413
P66,2	10414	10414
P185,2	10415	10415
P146,2	10416	10416
P107,2	10417	10417
P7,2	10418	10418
P156,2	10419	10419
P38,2	10420	10420
P25,2	10421	10421
P21,2	10422	10422
P137,2	10423	10423
P200,2	10424	10424
P157,1	10425	10425
P88,2	10426	10426
P80,2	10427	10427
P55,2	10428	10428
P188,1	10429	10429
P4,2	10430	10430
P127,2	10431	10431
P99,2	10432	10432
P148,1	10433	10433
P75,2	10434	10434
P30,2	10435	10435
P189,2	10436	10436
P120,1	10437	10437
P101,2	10438	10438
P159,3	10439	10439
P139,2	10440	10440
P33,3	10441	10441
P112,2	10442	10442
P2,2	10443	10443
P43,2	10444	10444
P131,3	10445	10445
P149,2	10446	10446
P161,3	10447	10447
P176,2	10448	10448
P162,2	10449	10449
P28,3	10450	10450
P141,3	10451	10451
P29,3	10452	10452
P61,2	10453	10453
P177,2	10454	10454
P48,2	10455	10455
P83,3	10456	10456
P180,1	10457	10457
P152,1	10458	10458
P96,2	10459	10459
P69,2	10460	10460
P54,2	10461	10461
P195,2	10462	10462
P115,2	10463	10463
P194,3	10464	10464
P36,2	10465	10465
P181,2	10466	10466
P91,2	10467	10467
P46,3	10468	10468
P106,2	10469	10469
P134,2	10470	10470
P13,2	10471	10471
P97,2	10472	10472
P124,2	10473	10473
P98,1	10474	10474
P154,2	10475	10475
P126,2	10476	10476
P125,2	10477	10477
P144,3	10478	10478
P156,2	10479	10479
P38,2	10480	10480
P25,2	10481	10481
P21,2	10482	10482
P137,2	10483	10483
P200,2	10484	10484
P157,1	10485	10485
P88,2	10486	10486
P80,2	10487	10487
P55,2	10488	10488
P188,1	10489	10489
P4,2	10490	10490
P127,2	10491	10491
P99,2	10492	10492
P148,1	10493	10493
P75,2	10494	10494
P30,2	10495	10495
P189,2	10496	10496
P120,1	10497	10497
P190,2	10498	10498
P81,2	10499	10499
P95,2	10500	10500
P102,2	10501	10501
P111,2	10502	10502
P130,2	10503	10503
P113,2	10504	10504
P16,2	10505	10505
P64,2	10506	10506
P192,2	10507	10507
P34,2	10508	10508
P103,3	10509	10509
P132,2	10510	10510
P17,2	10511	10511
P44,2	10512	10512
P53,3	10513	10513
P19,3	10514	10514
P15,3	10515	10515
P31,2	10516	10516
P84,2	10517	10517
P133,2	10518	10518
P35,2	10519	10519
P122,2	10520	10520
P151,2	10521	10521
P143,2	10522	10522
P78,2	10523	10523
P123,2	10524	10524
P182,2	10525	10525
P49,2	10526	10526
P116,3	10527	10527
P85,2	10528	10528
P184,1	10529	10529
P153,2	10530	10530
P183,2	10531	10531
P65,2	10532	10532
P58,2	10533	10533
P154,2	10534	10534
P126,2	10535	10535
P146,2	10536	10536
P107,2	10537	10537
P86,3	10538	10538
P199,1	10539	10539
P24,3	10540	10540
P108,2	10541	10541
P22,2	10542	10542
P169,3	10543	10543
P41,3	10544	10544
P109,2	10545	10545
P92,2	10546	10546
P118,2	10547	10547
P171,2	10548	10548
P4,2	10549	10549
P127,2	10550	10550
P99,2	10551	10551
P148,1	10552	10552
P75,2	10553	10553
P26,2	10554	10554
P173,1	10555	10555
P76,2	10556	10556
P190,2	10557	10557
P81,2	10558	10558
P139,2	10559	10559
P33,3	10560	10560
P112,2	10561	10561
P2,2	10562	10562
P43,2	10563	10563
P131,3	10564	10564
P149,2	10565	10565
P161,3	10566	10566
P176,2	10567	10567
P162,2	10568	10568
P28,3	10569	10569
P141,3	10570	10570
P29,3	10571	10571
P61,2	10572	10572
P177,2	10573	10573
P48,2	10574	10574
P83,3	10575	10575
P180,1	10576	10576
P152,1	10577	10577
P96,2	10578	10578
P69,2	10579	10579
P54,2	10580	10580
P195,2	10581	10581
P115,2	10582	10582
P194,3	10583	10583
P36,2	10584	10584
P181,2	10585	10585
P91,2	10586	10586
P46,3	10587	10587
P106,2	10588	10588
P134,2	10589	10589
P13,2	10590	10590
P65,2	10591	10591
P58,2	10592	10592
P154,2	10593	10593
P126,2	10594	10594
P146,2	10595	10595
P107,2	10596	10596
P86,3	10597	10597
P199,1	10598	10598
P24,3	10599	10599
P108,2	10600	10600
P137,2	10601	10601
P200,2	10602	10602
P109,2	10603	10603
P92,2	10604	10604
P118,2	10605	10605
P171,2	10606	10606
P4,2	10607	10607
P127,2	10608	10608
P99,2	10609	10609
P148,1	10610	10610
P75,2	10611	10611
P26,2	10612	10612
P173,1	10613	10613
P76,2	10614	10614
P190,2	10615	10615
P81,2	10616	10616
P139,2	10617	10617
P33,3	10618	10618
P112,2	10619	10619
P2,2	10620	10620
P43,2	10621	10621
P131,3	10622	10622
P149,2	10623	10623
P161,3	10624	10624
P176,2	10625	10625
P162,2	10626	10626
P28,3	10627	10627
P141,3	10628	10628
P29,3	10629	10629
P61,2	10630	10630
P177,2	10631	10631
P48,2	10632	10632
P83,3	10633	10633
P180,1	10634	10634
P152,1	10635	10635
P96,2	10636	10636
P69,2	10637	10637
P54,2	10638	10638
P195,2	10639	10639
P115,2	10640	10640
P194,3	10641	10641
P36,2	10642	10642
P181,2	10643	10643
P116,3	10644	10644
P85,2	10645	10645
P184,1	10646	10646
P153,2	10647	10647
P97,2	10648	10648
P49,3	10649	10649
P58,2	10650	10650
P154,2	10651	10651
P126,2	10652	10652
P146,2	10653	10653
P107,2	10654	10654
P86,3	10655	10655
P199,1	10656	10656
P24,3	10657	10657
P108,2	10658	10658
P137,2	10659	10659
P200,2	10660	10660
P109,2	10661	10661
P92,2	10662	10662
P118,2	10663	10663
P171,2	10664	10664
P4,2	10665	10665
P127,2	10666	10666
P99,2	10667	10667
P148,1	10668	10668
P75,2	10669	10669
P26,2	10670	10670
P173,1	10671	10671
P76,2	10672	10672
P190,2	10673	10673
P81,2	10674	10674
P139,2	10675	10675
P33,3	10676	10676
P112,2	10677	10677
P2,2	10678	10678
P43,2	10679	10679
P131,3	10680	10680
P149,2	10681	10681
P161,3	10682	10682
P176,2	10683	10683
P162,2	10684	10684
P28,3	10685	10685
P141,3	10686	10686
P29,3	10687	10687
P61,2	10688	10688
P177,2	10689	10689
P48,2	10690	10690
P83,3	10691	10691
P180,1	10692	10692
P152,1	10693	10693
P96,2	10694	10694
P69,2	10695	10695
P54,2	10696	10696
P195,2	10697	10697
P115,2	10698	10698
P194,3	10699	10699
P36,2	10700	10700
P181,2	10701	10701
P116,3	10702	10702
P85,2	10703	10703
P184,1	10704	10704
P153,2	10705	10705
P97,2	10706	10706
P49,3	10707	10707
P58,2	10708	10708
P154,2	10709	10709
P126,2	10710	10710
P146,2	10711	10711
P107,2	10712	10712
P86,3	10713	10713
P38,2	10714	10714
P25,2	10715	10715
P21,2	10716	10716
P169,3	10717	10717
P41,3	10718	10718
P88,2	10719	10719
P80,2	10720	10720
P55,2	10721	10721
P50,2	10722	10722
P40,3	10723	10723
P129,2	10724	10724
P60,2	10725	10725
P100,2	10726	10726
P188,2	10727	10727
P30,2	10728	10728
P189,2	10729	10729
P67,3	10730	10730
P159,3	10731	10731
P120,2	10732	10732
P95,2	10733	10733
P102,2	10734	10734
P111,2	10735	10735
P130,2	10736	10736
P113,2	10737	10737
P16,2	10738	10738
P64,2	10739	10739
P192,2	10740	10740
P34,2	10741	10741
P103,3	10742	10742
P132,2	10743	10743
P17,2	10744	10744
P44,2	10745	10745
P53,3	10746	10746
P19,3	10747	10747
P15,3	10748	10748
P31,2	10749	10749
P133,2	10750	10750
P35,2	10751	10751
P122,2	10752	10752
P151,2	10753	10753
P143,2	10754	10754
P152,2	10755	10755
P194,3	10756	10756
P36,2	10757	10757
P181,2	10758	10758
P116,3	10759	10759
P85,2	10760	10760
P184,1	10761	10761
P153,2	10762	10762
P97,2	10763	10763
P49,3	10764	10764
P58,2	10765	10765
P154,2	10766	10766
P126,2	10767	10767
P146,2	10768	10768
P107,2	10769	10769
P86,3	10770	10770
P38,2	10771	10771
P25,2	10772	10772
P21,2	10773	10773
P169,3	10774	10774
P41,3	10775	10775
P88,2	10776	10776
P80,2	10777	10777
P55,2	10778	10778
P50,2	10779	10779
P40,3	10780	10780
P129,2	10781	10781
P60,2	10782	10782
P75,2	10783	10783
P26,2	10784	10784
P189,2	10785	10785
P67,3	10786	10786
P159,3	10787	10787
P120,2	10788	10788
P95,2	10789	10789
P102,2	10790	10790
P112,2	10791	10791
P2,2	10792	10792
P43,2	10793	10793
P131,3	10794	10794
P149,2	10795	10795
P161,3	10796	10796
P176,2	10797	10797
P162,2	10798	10798
P28,3	10799	10799
P141,3	10800	10800
P29,3	10801	10801
P61,2	10802	10802
P177,2	10803	10803
P48,2	10804	10804
P83,3	10805	10805
P84,2	10806	10806
P96,2	10807	10807
P69,2	10808	10808
P54,2	10809	10809
P195,2	10810	10810
P115,2	10811	10811
P78,2	10812	10812
P123,2	10813	10813
P182,2	10814	10814
P91,2	10815	10815
P46,3	10816	10816
P106,2	10817	10817
P134,2	10818	10818
P13,2	10819	10819
P65,2	10820	10820
P124,2	10821	10821
P66,2	10822	10822
P185,2	10823	10823
P98,2	10824	10824
P125,2	10825	10825
P144,3	10826	10826
P38,2	10827	10827
P25,2	10828	10828
P21,2	10829	10829
P169,3	10830	10830
P41,3	10831	10831
P88,2	10832	10832
P80,2	10833	10833
P55,2	10834	10834
P50,2	10835	10835
P40,3	10836	10836
P129,2	10837	10837
P60,2	10838	10838
P75,2	10839	10839
P26,2	10840	10840
P189,2	10841	10841
P67,3	10842	10842
P159,3	10843	10843
P120,2	10844	10844
P95,2	10845	10845
P102,2	10846	10846
P112,2	10847	10847
P2,2	10848	10848
P43,2	10849	10849
P131,3	10850	10850
P149,2	10851	10851
P161,3	10852	10852
P176,2	10853	10853
P162,2	10854	10854
P28,3	10855	10855
P141,3	10856	10856
P29,3	10857	10857
P61,2	10858	10858
P177,2	10859	10859
P48,2	10860	10860
P83,3	10861	10861
P84,2	10862	10862
P96,2	10863	10863
P69,2	10864	10864
P54,2	10865	10865
P143,2	10866	10866
P152,2	10867	10867
P195,3	10868	10868
P123,2	10869	10869
P182,2	10870	10870
P91,2	10871	10871
P46,3	10872	10872
P106,2	10873	10873
P134,2	10874	10874
P13,2	10875	10875
P65,2	10876	10876
P58,2	10877	10877
P154,2	10878	10878
P126,2	10879	10879
P146,2	10880	10880
P107,2	10881	10881
P156,2	10882	10882
P24,3	10883	10883
P108,2	10884	10884
P137,2	10885	10885
P200,2	10886	10886
P109,2	10887	10887
P92,2	10888	10888
P118,2	10889	10889
P171,2	10890	10890
P4,2	10891	10891
P127,2	10892	10892
P99,2	10893	10893
P100,2	10894	10894
P188,2	10895	10895
P30,2	10896	10896
P67,3	10897	10897
P159,3	10898	10898
P120,2	10899	10899
P95,2	10900	10900
P102,2	10901	10901
P112,2	10902	10902
P2,2	10903	10903
P43,2	10904	10904
P131,3	10905	10905
P149,2	10906	10906
P161,3	10907	10907
P176,2	10908	10908
P162,2	10909	10909
P132,2	10910	10910
P17,2	10911	10911
P44,2	10912	10912
P53,3	10913	10913
P19,3	10914	10914
P15,3	10915	10915
P31,2	10916	10916
P96,2	10917	10917
P69,2	10918	10918
P54,2	10919	10919
P143,2	10920	10920
P152,2	10921	10921
P195,3	10922	10922
P123,2	10923	10923
P182,2	10924	10924
P91,2	10925	10925
P46,3	10926	10926
P106,2	10927	10927
P153,2	10928	10928
P97,2	10929	10929
P49,3	10930	10930
P66,2	10931	10931
P185,2	10932	10932
P98,2	10933	10933
P125,2	10934	10934
P184,2	10935	10935
P156,2	10936	10936
P24,3	10937	10937
P108,2	10938	10938
P169,3	10939	10939
P41,3	10940	10940
P88,2	10941	10941
P80,2	10942	10942
P55,2	10943	10943
P50,2	10944	10944
P40,3	10945	10945
P129,2	10946	10946
P60,2	10947	10947
P75,2	10948	10948
P26,2	10949	10949
P76,2	10950	10950
P189,3	10951	10951
P81,2	10952	10952
P139,2	10953	10953
P33,3	10954	10954
P173,2	10955	10955
P111,2	10956	10956
P130,2	10957	10957
P113,2	10958	10958
P16,2	10959	10959
P64,2	10960	10960
P192,2	10961	10961
P34,2	10962	10962
P28,3	10963	10963
P141,3	10964	10964
P29,3	10965	10965
P61,2	10966	10966
P177,2	10967	10967
P48,2	10968	10968
P83,3	10969	10969
P133,2	10970	10970
P35,2	10971	10971
P122,2	10972	10972
P151,2	10973	10973
P115,2	10974	10974
P78,2	10975	10975
P194,3	10976	10976
P36,2	10977	10977
P181,2	10978	10978
P116,3	10979	10979
P85,2	10980	10980
P134,2	10981	10981
P13,2	10982	10982
P65,2	10983	10983
P58,2	10984	10984
P154,2	10985	10985
P126,2	10986	10986
P146,2	10987	10987
P107,2	10988	10988
P144,3	10989	10989
P38,2	10990	10990
P25,2	10991	10991
P137,2	10992	10992
P200,2	10993	10993
P109,2	10994	10994
P92,2	10995	10995
P118,2	10996	10996
P171,2	10997	10997
P4,2	10998	10998
P127,2	10999	10999
P99,2	11000	11000
P100,2	11001	11001
P188,2	11002	11002
P30,2	11003	11003
P67,3	11004	11004
P159,3	11005	11005
P120,2	11006	11006
P95,2	11007	11007
P102,2	11008	11008
P112,2	11009	11009
P2,2	11010	11010
P43,2	11011	11011
P131,3	11012	11012
P64,2	11013	11013
P192,2	11014	11014
P34,2	11015	11015
P28,3	11016	11016
P141,3	11017	11017
P29,3	11018	11018
P61,2	11019	11019
P177,2	11020	11020
P48,2	11021	11021
P83,3	11022	11022
P133,2	11023	11023
P35,2	11024	11024
P122,2	11025	11025
P151,2	11026	11026
P115,2	11027	11027
P78,2	11028	11028
P194,3	11029	11029
P36,2	11030	11030
P181,2	11031	11031
P116,3	11032	11032
P85,2	11033	11033
P134,2	11034	11034
P13,2	11035	11035
P65,2	11036	11036
P58,2	11037	11037
P154,2	11038	11038
P126,2	11039	11039
P146,2	11040	11040
P107,2	11041	11041
P144,3	11042	11042
P38,2	11043	11043
P25,2	11044	11044
P137,2	11045	11045
P200,2	11046	11046
P109,2	11047	11047
P92,2	11048	11048
P118,2	11049	11049
P171,2	11050	11050
P4,2	11051	11051
P127,2	11052	11052
P99,2	11053	11053
P100,2	11054	11054
P188,2	11055	11055
P30,2	11056	11056
P67,3	11057	11057
P159,3	11058	11058
P120,2	11059	11059
P95,2	11060	11060
P102,2	11061	11061
P112,2	11062	11062
P2,2	11063	11063
P43,2	11064	11064
P131,3	11065	11065
P64,2	11066	11066
P192,2	11067	11067
P34,2	11068	11068
P28,3	11069	11069
P141,3	11070	11070
P29,3	11071	11071
P61,2	11072	11072
P177,2	11073	11073
P48,2	11074	11074
P83,3	11075	11075
P133,2	11076	11076
P35,2	11077	11077
P122,2	11078	11078
P143,2	11079	11079
P152,2	11080	11080
P195,3	11081	11081
P123,2	11082	11082
P182,2	11083	11083
P91,2	11084	11084
P46,3	11085	11085
P106,2	11086	11086
P153,2	11087	11087
P97,2	11088	11088
P49,3	11089	11089
P66,2	11090	11090
P185,2	11091	11091
P98,2	11092	11092
P125,2	11093	11093
P184,2	11094	11094
P156,2	11095	11095
P24,3	11096	11096
P108,2	11097	11097
P169,3	11098	11098
P41,3	11099	11099
P88,2	11100	11100
P80,2	11101	11101
P55,2	11102	11102
P50,2	11103	11103
P40,3	11104	11104
P129,2	11105	11105
P60,2	11106	11106
P75,2	11107	11107
P26,2	11108	11108
P76,2	11109	11109
P189,3	11110	11110
P81,2	11111	11111
P139,2	11112	11112
P33,3	11113	11113
P173,2	11114	11114
P111,2	11115	11115
P130,2	11116	11116
P113,2	11117	11117
P149,2	11118	11118
P161,3	11119	11119
P176,2	11120	11120
P162,2	11121	11121
P132,2	11122	11122
P17,2	11123	11123
P44,2	11124	11124
P53,3	11125	11125
P19,3	11126	11126
P15,3	11127	11127
P31,2	11128	11128
P96,2	11129	11129
P69,2	11130	11130
P151,2	11131	11131
P115,2	11132	11132
P78,2	11133	11133
P194,3	11134	11134
P36,2	11135	11135
P116,3	11136	11136
P91,3	11137	11137
P106,2	11138	11138
P153,2	11139	11139
P97,2	11140	11140
P49,3	11141	11141
P66,2	11142	11142
P185,2	11143	11143
P98,2	11144	11144
P125,2	11145	11145
P184,2	11146	11146
P156,2	11147	11147
P24,3	11148	11148
P108,2	11149	11149
P169,3	11150	11150
P41,3	11151	11151
P88,2	11152	11152
P80,2	11153	11153
P55,2	11154	11154
P50,2	11155	11155
P40,3	11156	11156
P99,2	11157	11157
P100,2	11158	11158
P188,2	11159	11159
P30,2	11160	11160
P67,3	11161	11161
P159,3	11162	11162
P120,2	11163	11163
P95,2	11164	11164
P102,2	11165	11165
P112,2	11166	11166
P2,2	11167	11167
P43,2	11168	11168
P131,3	11169	11169
P64,2	11170	11170
P192,2	11171	11171
P34,2	11172	11172
P28,3	11173	11173
P141,3	11174	11174
P29,3	11175	11175
P61,2	11176	11176
P177,2	11177	11177
P48,2	11178	11178
P83,3	11179	11179
P133,2	11180	11180
P35,2	11181	11181
P122,2	11182	11182
P143,2	11183	11183
P152,2	11184	11184
P195,3	11185	11185
P123,2	11186	11186
P181,2	11187	11187
P46,3	11188	11188
P85,2	11189	11189
P134,2	11190	11190
P13,2	11191	11191
P65,2	11192	11192
P66,2	11193	11193
P185,2	11194	11194
P98,2	11195	11195
P146,2	11196	11196
P107,2	11197	11197
P144,3	11198	11198
P24,3	11199	11199
P108,2	11200	11200
P169,3	11201	11201
P41,3	11202	11202
P88,2	11203	11203
P80,2	11204	11204
P55,2	11205	11205
P50,2	11206	11206
P4,2	11207	11207
P127,2	11208	11208
P60,2	11209	11209
P75,2	11210	11210
P26,2	11211	11211
P76,2	11212	11212
P189,3	11213	11213
P81,2	11214	11214
P139,2	11215	11215
P33,3	11216	11216
P173,2	11217	11217
P111,2	11218	11218
P130,2	11219	11219
P113,2	11220	11220
P149,2	11221	11221
P161,3	11222	11222
P176,2	11223	11223
P162,2	11224	11224
P132,2	11225	11225
P17,2	11226	11226
P44,2	11227	11227
P53,3	11228	11228
P19,3	11229	11229
P15,3	11230	11230
P31,2	11231	11231
P96,2	11232	11232
P69,2	11233	11233
P151,2	11234	11234
P115,2	11235	11235
P78,2	11236	11236
P194,3	11237	11237
P36,2	11238	11238
P116,3	11239	11239
P91,3	11240	11240
P106,2	11241	11241
P153,2	11242	11242
P97,2	11243	11243
P49,3	11244	11244
P154,2	11245	11245
P126,2	11246	11246
P58,3	11247	11247
P125,2	11248	11248
P184,2	11249	11249
P156,2	11250	11250
P25,2	11251	11251
P137,2	11252	11252
P200,2	11253	11253
P109,2	11254	11254
P92,2	11255	11255
P118,2	11256	11256
P171,2	11257	11257
P38,3	11258	11258
P40,3	11259	11259
P99,2	11260	11260
P100,2	11261	11261
P188,2	11262	11262
P30,2	11263	11263
P67,3	11264	11264
P159,3	11265	11265
P120,2	11266	11266
P95,2	11267	11267
P102,2	11268	11268
P112,2	11269	11269
P2,2	11270	11270
P43,2	11271	11271
P131,3	11272	11272
P64,2	11273	11273
P192,2	11274	11274
P34,2	11275	11275
P28,3	11276	11276
P141,3	11277	11277
P29,3	11278	11278
P61,2	11279	11279
P177,2	11280	11280
P48,2	11281	11281
P83,3	11282	11282
P133,2	11283	11283
P35,2	11284	11284
P122,2	11285	11285
P143,2	11286	11286
P152,2	11287	11287
P195,3	11288	11288
P123,2	11289	11289
P181,2	11290	11290
P46,3	11291	11291
P85,2	11292	11292
P134,2	11293	11293
P13,2	11294	11294
P65,2	11295	11295
P66,2	11296	11296
P185,2	11297	11297
P98,2	11298	11298
P146,2	11299	11299
P107,2	11300	11300
P144,3	11301	11301
P24,3	11302	11302
P108,2	11303	11303
P169,3	11304	11304
P41,3	11305	11305
P88,2	11306	11306
P80,2	11307	11307
P55,2	11308	11308
P50,2	11309	11309
P4,2	11310	11310
P127,2	11311	11311
P60,2	11312	11312
P75,2	11313	11313
P26,2	11314	11314
P76,2	11315	11315
P189,3	11316	11316
P81,2	11317	11317
P95,2	11318	11318
P102,2	11319	11319
P112,2	11320	11320
P2,2	11321	11321
P43,2	11322	11322
P131,3	11323	11323
P64,2	11324	11324
P192,2	11325	11325
P176,2	11326	11326
P28,3	11327	11327
P132,2	11328	11328
P17,2	11329	11329
P44,2	11330	11330
P53,3	11331	11331
P19,3	11332	11332
P15,3	11333	11333
P31,2	11334	11334
P96,2	11335	11335
P69,2	11336	11336
P151,2	11337	11337
P115,2	11338	11338
P78,2	11339	11339
P194,3	11340	11340
P181,2	11341	11341
P46,3	11342	11342
P85,2	11343	11343
P106,2	11344	11344
P153,2	11345	11345
P97,2	11346	11346
P49,3	11347	11347
P154,2	11348	11348
P126,2	11349	11349
P58,3	11350	11350
P125,2	11351	11351
P184,2	11352	11352
P156,2	11353	11353
P25,2	11354	11354
P137,2	11355	11355
P200,2	11356	11356
P109,2	11357	11357
P92,2	11358	11358
P118,2	11359	11359
P171,2	11360	11360
P38,3	11361	11361
P40,3	11362	11362
P99,2	11363	11363
P100,2	11364	11364
P26,2	11365	11365
P76,2	11366	11366
P67,3	11367	11367
P159,3	11368	11368
P120,2	11369	11369
P33,3	11370	11370
P173,2	11371	11371
P111,2	11372	11372
P43,2	11373	11373
P131,3	11374	11374
P64,2	11375	11375
P192,2	11376	11376
P176,2	11377	11377
P28,3	11378	11378
P132,2	11379	11379
P17,2	11380	11380
P44,2	11381	11381
P53,3	11382	11382
P19,3	11383	11383
P15,3	11384	11384
P31,2	11385	11385
P96,2	11386	11386
P69,2	11387	11387
P151,2	11388	11388
P115,2	11389	11389
P78,2	11390	11390
P194,3	11391	11391
P181,2	11392	11392
P46,3	11393	11393
P85,2	11394	11394
P106,2	11395	11395
P153,2	11396	11396
P97,2	11397	11397
P49,3	11398	11398
P154,2	11399	11399
P126,2	11400	11400
P58,3	11401	11401
P125,2	11402	11402
P184,2	11403	11403
P156,2	11404	11404
P108,2	11405	11405
P169,3	11406	11406
P41,3	11407	11407
P88,2	11408	11408
P118,2	11409	11409
P171,2	11410	11410
P38,3	11411	11411
P40,3	11412	11412
P99,2	11413	11413
P100,2	11414	11414
P26,2	11415	11415
P30,2	11416	11416
P75,3	11417	11417
P189,3	11418	11418
P81,2	11419	11419
P95,2	11420	11420
P102,2	11421	11421
P112,2	11422	11422
P130,2	11423	11423
P113,2	11424	11424
P149,2	11425	11425
P161,3	11426	11426
P139,3	11427	11427
P162,2	11428	11428
P34,3	11429	11429
P141,3	11430	11430
P29,3	11431	11431
P61,2	11432	11432
P177,2	11433	11433
P48,2	11434	11434
P83,3	11435	11435
P133,2	11436	11436
P35,2	11437	11437
P122,2	11438	11438
P143,2	11439	11439
P152,2	11440	11440
P195,3	11441	11441
P36,2	11442	11442
P116,3	11443	11443
P91,3	11444	11444
P123,3	11445	11445
P134,2	11446	11446
P13,2	11447	11447
P65,2	11448	11448
P66,2	11449	11449
P185,2	11450	11450
P98,2	11451	11451
P146,2	11452	11452
P107,2	11453	11453
P144,3	11454	11454
P25,2	11455	11455
P137,2	11456	11456
P200,2	11457	11457
P109,2	11458	11458
P92,2	11459	11459
P55,2	11460	11460
P50,2	11461	11461
P4,2	11462	11462
P127,2	11463	11463
P60,2	11464	11464
P188,2	11465	11465
P80,3	11466	11466
P76,2	11467	11467
P67,3	11468	11468
P159,3	11469	11469
P120,2	11470	11470
P33,3	11471	11471
P173,2	11472	11472
P111,2	11473	11473
P43,2	11474	11474
P131,3	11475	11475
P64,2	11476	11476
P192,2	11477	11477
P176,2	11478	11478
P28,3	11479	11479
P132,2	11480	11480
P17,2	11481	11481
P61,2	11482	11482
P177,2	11483	11483
P48,2	11484	11484
P83,3	11485	11485
P133,2	11486	11486
P35,2	11487	11487
P122,2	11488	11488
P143,2	11489	11489
P152,2	11490	11490
P195,3	11491	11491
P36,2	11492	11492
P116,3	11493	11493
P91,3	11494	11494
P123,3	11495	11495
P134,2	11496	11496
P13,2	11497	11497
P65,2	11498	11498
P66,2	11499	11499
P185,2	11500	11500
P98,2	11501	11501
P146,2	11502	11502
P107,2	11503	11503
P144,3	11504	11504
P25,2	11505	11505
P137,2	11506	11506
P200,2	11507	11507
P109,2	11508	11508
P92,2	11509	11509
P55,2	11510	11510
P50,2	11511	11511
P4,2	11512	11512
P127,2	11513	11513
P60,2	11514	11514
P188,2	11515	11515
P80,3	11516	11516
P76,2	11517	11517
P67,3	11518	11518
P159,3	11519	11519
P120,2	11520	11520
P33,3	11521	11521
P173,2	11522	11522
P111,2	11523	11523
P43,2	11524	11524
P131,3	11525	11525
P64,2	11526	11526
P192,2	11527	11527
P176,2	11528	11528
P28,3	11529	11529
P132,2	11530	11530
P17,2	11531	11531
P61,2	11532	11532
P177,2	11533	11533
P48,2	11534	11534
P83,3	11535	11535
P133,2	11536	11536
P35,2	11537	11537
P122,2	11538	11538
P143,2	11539	11539
P152,2	11540	11540
P195,3	11541	11541
P36,2	11542	11542
P116,3	11543	11543
P91,3	11544	11544
P123,3	11545	11545
P134,2	11546	11546
P13,2	11547	11547
P65,2	11548	11548
P66,2	11549	11549
P185,2	11550	11550
P98,2	11551	11551
P146,2	11552	11552
P107,2	11553	11553
P144,3	11554	11554
P25,2	11555	11555
P137,2	11556	11556
P200,2	11557	11557
P109,2	11558	11558
P92,2	11559	11559
P55,2	11560	11560
P38,3	11561	11561
P40,3	11562	11562
P99,2	11563	11563
P100,2	11564	11564
P26,2	11565	11565
P30,2	11566	11566
P50,3	11567	11567
P67,3	11568	11568
P159,3	11569	11569
P120,2	11570	11570
P33,3	11571	11571
P112,2	11572	11572
P130,2	11573	11573
P113,2	11574	11574
P149,2	11575	11575
P161,3	11576	11576
P139,3	11577	11577
P162,2	11578	11578
P102,3	11579	11579
P132,2	11580	11580
P17,2	11581	11581
P61,2	11582	11582
P177,2	11583	11583
P48,2	11584	11584
P83,3	11585	11585
P133,2	11586	11586
P35,2	11587	11587
P122,2	11588	11588
P143,2	11589	11589
P152,2	11590	11590
P195,3	11591	11591
P181,2	11592	11592
P91,3	11593	11593
P123,3	11594	11594
P134,2	11595	11595
P97,2	11596	11596
P49,3	11597	11597
P154,2	11598	11598
P126,2	11599	11599
P58,3	11600	11600
P125,2	11601	11601
P184,2	11602	11602
P156,2	11603	11603
P108,2	11604	11604
P169,3	11605	11605
P41,3	11606	11606
P88,2	11607	11607
P118,2	11608	11608
P171,2	11609	11609
P40,3	11610	11610
P99,2	11611	11611
P100,2	11612	11612
P26,2	11613	11613
P30,2	11614	11614
P50,3	11615	11615
P67,3	11616	11616
P189,3	11617	11617
P81,2	11618	11618
P95,2	11619	11619
P173,2	11620	11620
P111,2	11621	11621
P43,2	11622	11622
P131,3	11623	11623
P64,2	11624	11624
P192,2	11625	11625
P176,2	11626	11626
P28,3	11627	11627
P34,3	11628	11628
P17,2	11629	11629
P61,2	11630	11630
P177,2	11631	11631
P48,2	11632	11632
P83,3	11633	11633
P133,2	11634	11634
P35,2	11635	11635
P122,2	11636	11636
P143,2	11637	11637
P152,2	11638	11638
P195,3	11639	11639
P181,2	11640	11640
P91,3	11641	11641
P123,3	11642	11642
P134,2	11643	11643
P97,2	11644	11644
P49,3	11645	11645
P154,2	11646	11646
P126,2	11647	11647
P58,3	11648	11648
P125,2	11649	11649
P184,2	11650	11650
P156,2	11651	11651
P108,2	11652	11652
P169,3	11653	11653
P41,3	11654	11654
P88,2	11655	11655
P118,2	11656	11656
P171,2	11657	11657
P40,3	11658	11658
P99,2	11659	11659
P100,2	11660	11660
P26,2	11661	11661
P30,2	11662	11662
P50,3	11663	11663
P67,3	11664	11664
P189,3	11665	11665
P81,2	11666	11666
P95,2	11667	11667
P173,2	11668	11668
P111,2	11669	11669
P43,2	11670	11670
P131,3	11671	11671
P64,2	11672	11672
P192,2	11673	11673
P176,2	11674	11674
P28,3	11675	11675
P34,3	11676	11676
P17,2	11677	11677
P61,2	11678	11678
P177,2	11679	11679
P48,2	11680	11680
P83,3	11681	11681
P133,2	11682	11682
P35,2	11683	11683
P122,2	11684	11684
P143,2	11685	11685
P152,2	11686	11686
P195,3	11687	11687
P181,2	11688	11688
P91,3	11689	11689
P123,3	11690	11690
P134,2	11691	11691
P97,2	11692	11692
P49,3	11693	11693
P154,2	11694	11694
P126,2	11695	11695
P58,3	11696	11696
P125,2	11697	11697
P184,2	11698	11698
P156,2	11699	11699
P108,2	11700	11700
P169,3	11701	11701
P41,3	11702	11702
P88,2	11703	11703
P118,2	11704	11704
P171,2	11705	11705
P40,3	11706	11706
P99,2	11707	11707
P100,2	11708	11708
P26,2	11709	11709
P76,2	11710	11710
P75,3	11711	11711
P4,3	11712	11712
P159,3	11713	11713
P120,2	11714	11714
P33,3	11715	11715
P112,2	11716	11716
P30,3	11717	11717
P43,2	11718	11718
P131,3	11719	11719
P64,2	11720	11720
P192,2	11721	11721
P176,2	11722	11722
P28,3	11723	11723
P34,3	11724	11724
P17,2	11725	11725
P61,2	11726	11726
P177,2	11727	11727
P48,2	11728	11728
P83,3	11729	11729
P133,2	11730	11730
P35,2	11731	11731
P122,2	11732	11732
P143,2	11733	11733
P152,2	11734	11734
P195,3	11735	11735
P181,2	11736	11736
P91,3	11737	11737
P123,3	11738	11738
P134,2	11739	11739
P97,2	11740	11740
P66,2	11741	11741
P65,3	11742	11742
P126,2	11743	11743
P58,3	11744	11744
P125,2	11745	11745
P184,2	11746	11746
P156,2	11747	11747
P108,2	11748	11748
P200,2	11749	11749
P109,2	11750	11750
P92,2	11751	11751
P55,2	11752	11752
P38,3	11753	11753
P127,2	11754	11754
P60,2	11755	11755
P188,2	11756	11756
P80,3	11757	11757
P50,3	11758	11758
P67,3	11759	11759
P189,3	11760	11760
P81,2	11761	11761
P95,2	11762	11762
P173,2	11763	11763
P111,2	11764	11764
P130,2	11765	11765
P113,2	11766	11766
P149,2	11767	11767
P161,3	11768	11768
P139,3	11769	11769
P162,2	11770	11770
P102,3	11771	11771
P132,2	11772	11772
P44,2	11773	11773
P53,3	11774	11774
P19,3	11775	11775
P15,3	11776	11776
P133,2	11777	11777
P35,2	11778	11778
P122,2	11779	11779
P143,2	11780	11780
P115,2	11781	11781
P78,2	11782	11782
P36,2	11783	11783
P116,3	11784	11784
P85,2	11785	11785
P106,2	11786	11786
P153,2	11787	11787
P49,3	11788	11788
P154,2	11789	11789
P185,2	11790	11790
P98,2	11791	11791
P146,2	11792	11792
P107,2	11793	11793
P144,3	11794	11794
P25,2	11795	11795
P137,2	11796	11796
P41,3	11797	11797
P88,2	11798	11798
P118,2	11799	11799
P171,2	11800	11800
P40,3	11801	11801
P99,2	11802	11802
P100,2	11803	11803
P26,2	11804	11804
P76,2	11805	11805
P75,3	11806	11806
P4,3	11807	11807
P159,3	11808	11808
P120,2	11809	11809
P33,3	11810	11810
P112,2	11811	11811
P30,3	11812	11812
P43,2	11813	11813
P131,3	11814	11814
P64,2	11815	11815
P192,2	11816	11816
P176,2	11817	11817
P28,3	11818	11818
P34,3	11819	11819
P17,2	11820	11820
P61,2	11821	11821
P177,2	11822	11822
P48,2	11823	11823
P83,3	11824	11824
P96,2	11825	11825
P69,2	11826	11826
P151,2	11827	11827
P31,3	11828	11828
P152,2	11829	11829
P195,3	11830	11830
P116,3	11831	11831
P85,2	11832	11832
P106,2	11833	11833
P153,2	11834	11834
P49,3	11835	11835
P154,2	11836	11836
P185,2	11837	11837
P98,2	11838	11838
P146,2	11839	11839
P107,2	11840	11840
P144,3	11841	11841
P25,2	11842	11842
P137,2	11843	11843
P41,3	11844	11844
P88,2	11845	11845
P118,2	11846	11846
P171,2	11847	11847
P40,3	11848	11848
P99,2	11849	11849
P100,2	11850	11850
P26,2	11851	11851
P76,2	11852	11852
P75,3	11853	11853
P4,3	11854	11854
P159,3	11855	11855
P120,2	11856	11856
P33,3	11857	11857
P112,2	11858	11858
P30,3	11859	11859
P43,2	11860	11860
P131,3	11861	11861
P64,2	11862	11862
P192,2	11863	11863
P176,2	11864	11864
P28,3	11865	11865
P34,3	11866	11866
P17,2	11867	11867
P61,2	11868	11868
P177,2	11869	11869
P48,2	11870	11870
P83,3	11871	11871
P96,2	11872	11872
P69,2	11873	11873
P151,2	11874	11874
P31,3	11875	11875
P152,2	11876	11876
P195,3	11877	11877
P116,3	11878	11878
P85,2	11879	11879
P106,2	11880	11880
P153,2	11881	11881
P49,3	11882	11882
P154,2	11883	11883
P185,2	11884	11884
P98,2	11885	11885
P146,2	11886	11886
P107,2	11887	11887
P144,3	11888	11888
P25,2	11889	11889
P137,2	11890	11890
P41,3	11891	11891
P88,2	11892	11892
P118,2	11893	11893
P171,2	11894	11894
P40,3	11895	11895
P99,2	11896	11896
P100,2	11897	11897
P26,2	11898	11898
P76,2	11899	11899
P75,3	11900	11900
P4,3	11901	11901
P159,3	11902	11902
P120,2	11903	11903
P33,3	11904	11904
P112,2	11905	11905
P30,3	11906	11906
P113,2	11907	11907
P149,2	11908	11908
P161,3	11909	11909
P139,3	11910	11910
P162,2	11911	11911
P102,3	11912	11912
P43,3	11913	11913
P17,2	11914	11914
P61,2	11915	11915
P177,2	11916	11916
P48,2	11917	11917
P83,3	11918	11918
P96,2	11919	11919
P69,2	11920	11920
P151,2	11921	11921
P31,3	11922	11922
P152,2	11923	11923
P181,2	11924	11924
P78,3	11925	11925
P85,2	11926	11926
P106,2	11927	11927
P153,2	11928	11928
P49,3	11929	11929
P154,2	11930	11930
P185,2	11931	11931
P98,2	11932	11932
P125,2	11933	11933
P184,2	11934	11934
P156,2	11935	11935
P108,2	11936	11936
P200,2	11937	11937
P109,2	11938	11938
P92,2	11939	11939
P146,3	11940	11940
P171,2	11941	11941
P40,3	11942	11942
P99,2	11943	11943
P100,2	11944	11944
P26,2	11945	11945
P76,2	11946	11946
P75,3	11947	11947
P4,3	11948	11948
P159,3	11949	11949
P120,2	11950	11950
P33,3	11951	11951
P112,2	11952	11952
P30,3	11953	11953
P113,2	11954	11954
P149,2	11955	11955
P161,3	11956	11956
P139,3	11957	11957
P162,2	11958	11958
P102,3	11959	11959
P43,3	11960	11960
P17,2	11961	11961
P61,2	11962	11962
P177,2	11963	11963
P48,2	11964	11964
P83,3	11965	11965
P96,2	11966	11966
P69,2	11967	11967
P151,2	11968	11968
P31,3	11969	11969
P152,2	11970	11970
P181,2	11971	11971
P78,3	11972	11972
P85,2	11973	11973
P106,2	11974	11974
P153,2	11975	11975
P49,3	11976	11976
P154,2	11977	11977
P185,2	11978	11978
P98,2	11979	11979
P125,2	11980	11980
P184,2	11981	11981
P156,2	11982	11982
P108,2	11983	11983
P200,2	11984	11984
P109,2	11985	11985
P92,2	11986	11986
P146,3	11987	11987
P171,2	11988	11988
P40,3	11989	11989
P99,2	11990	11990
P100,2	11991	11991
P26,2	11992	11992
P76,2	11993	11993
P75,3	11994	11994
P4,3	11995	11995
P159,3	11996	11996
P120,2	11997	11997
P33,3	11998	11998
P112,2	11999	11999
P30,3	12000	12000
P113,2	12001	12001
P149,2	12002	12002
P161,3	12003	12003
P139,3	12004	12004
P162,2	12005	12005
P102,3	12006	12006
P43,3	12007	12007
P17,2	12008	12008
P61,2	12009	12009
P19,3	12010	12010
P15,3	12011	12011
P133,2	12012	12012
P177,3	12013	12013
P69,2	12014	12014
P151,2	12015	12015
P31,3	12016	12016
P152,2	12017	12017
P181,2	12018	12018
P78,3	12019	12019
P85,2	12020	12020
P106,2	12021	12021
P153,2	12022	12022
P49,3	12023	12023
P154,2	12024	12024
P185,2	12025	12025
P98,2	12026	12026
P125,2	12027	12027
P184,2	12028	12028
P156,2	12029	12029
P108,2	12030	12030
P200,2	12031	12031
P109,2	12032	12032
P92,2	12033	12033
P146,3	12034	12034
P171,2	12035	12035
P40,3	12036	12036
P99,2	12037	12037
P100,2	12038	12038
P26,2	12039	12039
P76,2	12040	12040
P75,3	12041	12041
P4,3	12042	12042
P159,3	12043	12043
P120,2	12044	12044
P33,3	12045	12045
P112,2	12046	12046
P30,3	12047	12047
P113,2	12048	12048
P64,2	12049	12049
P192,2	12050	12050
P149,3	12051	12051
P162,2	12052	12052
P102,3	12053	12053
P43,3	12054	12054
P17,2	12055	12055
P53,3	12056	12056
P48,2	12057	12057
P133,2	12058	12058
P177,3	12059	12059
P69,2	12060	12060
P151,2	12061	12061
P31,3	12062	12062
P152,2	12063	12063
P181,2	12064	12064
P78,3	12065	12065
P85,2	12066	12066
P106,2	12067	12067
P153,2	12068	12068
P49,3	12069	12069
P154,2	12070	12070
P185,2	12071	12071
P98,2	12072	12072
P125,2	12073	12073
P184,2	12074	12074
P156,2	12075	12075
P137,2	12076	12076
P41,3	12077	12077
P88,2	12078	12078
P118,2	12079	12079
P55,2	12080	12080
P38,3	12081	12081
P127,2	12082	12082
P60,2	12083	12083
P188,2	12084	12084
P80,3	12085	12085
P50,3	12086	12086
P67,3	12087	12087
P189,3	12088	12088
P81,2	12089	12089
P33,3	12090	12090
P112,2	12091	12091
P111,2	12092	12092
P130,2	12093	12093
P131,3	12094	12094
P161,3	12095	12095
P139,3	12096	12096
P176,2	12097	12097
P28,3	12098	12098
P34,3	12099	12099
P132,2	12100	12100
P61,2	12101	12101
P19,3	12102	12102
P83,3	12103	12103
P96,2	12104	12104
P35,2	12105	12105
P122,2	12106	12106
P143,2	12107	12107
P115,2	12108	12108
P195,3	12109	12109
P116,3	12110	12110
P91,3	12111	12111
P123,3	12112	12112
P134,2	12113	12113
P97,2	12114	12114
P66,2	12115	12115
P65,3	12116	12116
P126,2	12117	12117
P58,3	12118	12118
P107,2	12119	12119
P144,3	12120	12120
P25,2	12121	12121
P200,2	12122	12122
P109,2	12123	12123
P92,2	12124	12124
P146,3	12125	12125
P171,2	12126	12126
P40,3	12127	12127
P99,2	12128	12128
P100,2	12129	12129
P26,2	12130	12130
P76,2	12131	12131
P75,3	12132	12132
P4,3	12133	12133
P159,3	12134	12134
P120,2	12135	12135
P173,2	12136	12136
P111,2	12137	12137
P130,2	12138	12138
P131,3	12139	12139
P161,3	12140	12140
P192,2	12141	12141
P149,3	12142	12142
P162,2	12143	12143
P102,3	12144	12144
P43,3	12145	12145
P17,2	12146	12146
P53,3	12147	12147
P48,2	12148	12148
P133,2	12149	12149
P177,3	12150	12150
P69,2	12151	12151
P151,2	12152	12152
P31,3	12153	12153
P152,2	12154	12154
P181,2	12155	12155
P78,3	12156	12156
P85,2	12157	12157
P106,2	12158	12158
P153,2	12159	12159
P49,3	12160	12160
P154,2	12161	12161
P185,2	12162	12162
P98,2	12163	12163
P125,2	12164	12164
P184,2	12165	12165
P156,2	12166	12166
P137,2	12167	12167
P41,3	12168	12168
P88,2	12169	12169
P118,2	12170	12170
P55,2	12171	12171
P38,3	12172	12172
P127,2	12173	12173
P100,2	12174	12174
P26,2	12175	12175
P76,2	12176	12176
P75,3	12177	12177
P4,3	12178	12178
P159,3	12179	12179
P120,2	12180	12180
P173,2	12181	12181
P111,2	12182	12182
P130,2	12183	12183
P131,3	12184	12184
P161,3	12185	12185
P192,2	12186	12186
P149,3	12187	12187
P162,2	12188	12188
P102,3	12189	12189
P43,3	12190	12190
P17,2	12191	12191
P53,3	12192	12192
P48,2	12193	12193
P133,2	12194	12194
P177,3	12195	12195
P69,2	12196	12196
P143,2	12197	12197
P122,3	12198	12198
P152,2	12199	12199
P181,2	12200	12200
P78,3	12201	12201
P85,2	12202	12202
P106,2	12203	12203
P153,2	12204	12204
P49,3	12205	12205
P154,2	12206	12206
P185,2	12207	12207
P98,2	12208	12208
P125,2	12209	12209
P184,2	12210	12210
P156,2	12211	12211
P137,2	12212	12212
P41,3	12213	12213
P88,2	12214	12214
P118,2	12215	12215
P55,2	12216	12216
P38,3	12217	12217
P127,2	12218	12218
P100,2	12219	12219
P26,2	12220	12220
P76,2	12221	12221
P75,3	12222	12222
P4,3	12223	12223
P81,2	12224	12224
P33,3	12225	12225
P95,3	12226	12226
P30,3	12227	12227
P113,2	12228	12228
P64,2	12229	12229
P112,3	12230	12230
P139,3	12231	12231
P176,2	12232	12232
P28,3	12233	12233
P34,3	12234	12234
P132,2	12235	12235
P61,2	12236	12236
P19,3	12237	12237
P83,3	12238	12238
P96,2	12239	12239
P35,2	12240	12240
P151,2	12241	12241
P31,3	12242	12242
P115,2	12243	12243
P195,3	12244	12244
P116,3	12245	12245
P91,3	12246	12246
P123,3	12247	12247
P134,2	12248	12248
P97,2	12249	12249
P66,2	12250	12250
P65,3	12251	12251
P126,2	12252	12252
P58,3	12253	12253
P107,2	12254	12254
P144,3	12255	12255
P25,2	12256	12256
P200,2	12257	12257
P109,2	12258	12258
P92,2	12259	12259
P146,3	12260	12260
P171,2	12261	12261
P40,3	12262	12262
P99,2	12263	12263
P188,2	12264	12264
P80,3	12265	12265
P50,3	12266	12266
P67,3	12267	12267
P189,3	12268	12268
P120,2	12269	12269
P173,2	12270	12270
P111,2	12271	12271
P130,2	12272	12272
P64,2	12273	12273
P112,3	12274	12274
P139,3	12275	12275
P176,2	12276	12276
P28,3	12277	12277
P34,3	12278	12278
P132,2	12279	12279
P61,2	12280	12280
P19,3	12281	12281
P83,3	12282	12282
P96,2	12283	12283
P35,2	12284	12284
P151,2	12285	12285
P31,3	12286	12286
P115,2	12287	12287
P195,3	12288	12288
P116,3	12289	12289
P91,3	12290	12290
P123,3	12291	12291
P134,2	12292	12292
P97,2	12293	12293
P66,2	12294	12294
P65,3	12295	12295
P126,2	12296	12296
P58,3	12297	12297
P107,2	12298	12298
P144,3	12299	12299
P25,2	12300	12300
P200,2	12301	12301
P109,2	12302	12302
P92,2	12303	12303
P146,3	12304	12304
P171,2	12305	12305
P40,3	12306	12306
P99,2	12307	12307
P188,2	12308	12308
P80,3	12309	12309
P50,3	12310	12310
P67,3	12311	12311
P189,3	12312	12312
P120,2	12313	12313
P173,2	12314	12314
P111,2	12315	12315
P130,2	12316	12316
P64,2	12317	12317
P112,3	12318	12318
P149,3	12319	12319
P162,2	12320	12320
P102,3	12321	12321
P43,3	12322	12322
P17,2	12323	12323
P53,3	12324	12324
P48,2	12325	12325
P133,2	12326	12326
P177,3	12327	12327
P69,2	12328	12328
P143,2	12329	12329
P122,3	12330	12330
P152,2	12331	12331
P181,2	12332	12332
P78,3	12333	12333
P85,2	12334	12334
P106,2	12335	12335
P153,2	12336	12336
P49,3	12337	12337
P154,2	12338	12338
P185,2	12339	12339
P98,2	12340	12340
P125,2	12341	12341
P184,2	12342	12342
P156,2	12343	12343
P137,2	12344	12344
P41,3	12345	12345
P88,2	12346	12346
P118,2	12347	12347
P55,2	12348	12348
P38,3	12349	12349
P127,2	12350	12350
P100,2	12351	12351
P26,2	12352	12352
P76,2	12353	12353
P75,3	12354	12354
P4,3	12355	12355
P81,2	12356	12356
P33,3	12357	12357
P95,3	12358	12358
P30,3	12359	12359
P131,3	12360	12360
P161,3	12361	12361
P139,3	12362	12362
P176,2	12363	12363
P28,3	12364	12364
P34,3	12365	12365
P132,2	12366	12366
P61,2	12367	12367
P19,3	12368	12368
P83,3	12369	12369
P96,2	12370	12370
P35,2	12371	12371
P143,2	12372	12372
P122,3	12373	12373
P152,2	12374	12374
P181,2	12375	12375
P78,3	12376	12376
P85,2	12377	12377
P106,2	12378	12378
P153,2	12379	12379
P49,3	12380	12380
P154,2	12381	12381
P185,2	12382	12382
P98,2	12383	12383
P125,2	12384	12384
P184,2	12385	12385
P156,2	12386	12386
P137,2	12387	12387
P41,3	12388	12388
P88,2	12389	12389
P118,2	12390	12390
P55,2	12391	12391
P40,3	12392	12392
P99,2	12393	12393
P188,2	12394	12394
P80,3	12395	12395
P50,3	12396	12396
P67,3	12397	12397
P189,3	12398	12398
P120,2	12399	12399
P173,2	12400	12400
P111,2	12401	12401
P130,2	12402	12402
P64,2	12403	12403
P112,3	12404	12404
P149,3	12405	12405
P162,2	12406	12406
P102,3	12407	12407
P43,3	12408	12408
P17,2	12409	12409
P53,3	12410	12410
P48,2	12411	12411
P96,2	12412	12412
P35,2	12413	12413
P143,2	12414	12414
P122,3	12415	12415
P115,2	12416	12416
P195,3	12417	12417
P116,3	12418	12418
P91,3	12419	12419
P123,3	12420	12420
P153,2	12421	12421
P49,3	12422	12422
P154,2	12423	12423
P126,2	12424	12424
P58,3	12425	12425
P107,2	12426	12426
P144,3	12427	12427
P25,2	12428	12428
P200,2	12429	12429
P109,2	12430	12430
P118,2	12431	12431
P55,2	12432	12432
P40,3	12433	12433
P99,2	12434	12434
P188,2	12435	12435
P80,3	12436	12436
P50,3	12437	12437
P67,3	12438	12438
P189,3	12439	12439
P120,2	12440	12440
P173,2	12441	12441
P111,2	12442	12442
P130,2	12443	12443
P64,2	12444	12444
P112,3	12445	12445
P149,3	12446	12446
P162,2	12447	12447
P102,3	12448	12448
P43,3	12449	12449
P61,2	12450	12450
P48,2	12451	12451
P96,2	12452	12452
P35,2	12453	12453
P143,2	12454	12454
P122,3	12455	12455
P133,3	12456	12456
P152,2	12457	12457
P181,2	12458	12458
P78,3	12459	12459
P85,2	12460	12460
P106,2	12461	12461
P97,2	12462	12462
P66,2	12463	12463
P65,3	12464	12464
P98,2	12465	12465
P125,2	12466	12466
P184,2	12467	12467
P156,2	12468	12468
P137,2	12469	12469
P41,3	12470	12470
P92,2	12471	12471
P146,3	12472	12472
P38,3	12473	12473
P127,2	12474	12474
P100,2	12475	12475
P26,2	12476	12476
P76,2	12477	12477
P75,3	12478	12478
P4,3	12479	12479
P81,2	12480	12480
P33,3	12481	12481
P95,3	12482	12482
P30,3	12483	12483
P131,3	12484	12484
P161,3	12485	12485
P139,3	12486	12486
P176,2	12487	12487
P28,3	12488	12488
P34,3	12489	12489
P17,2	12490	12490
P19,3	12491	12491
P83,3	12492	12492
P177,3	12493	12493
P69,2	12494	12494
P31,3	12495	12495
P132,3	12496	12496
P115,2	12497	12497
P195,3	12498	12498
P116,3	12499	12499
P91,3	12500	12500
P123,3	12501	12501
P153,2	12502	12502
P49,3	12503	12503
P154,2	12504	12504
P126,2	12505	12505
P58,3	12506	12506
P107,2	12507	12507
P144,3	12508	12508
P25,2	12509	12509
P200,2	12510	12510
P109,2	12511	12511
P118,2	12512	12512
P38,3	12513	12513
P127,2	12514	12514
P100,2	12515	12515
P26,2	12516	12516
P76,2	12517	12517
P75,3	12518	12518
P4,3	12519	12519
P81,2	12520	12520
P33,3	12521	12521
P95,3	12522	12522
P30,3	12523	12523
P131,3	12524	12524
P161,3	12525	12525
P139,3	12526	12526
P176,2	12527	12527
P28,3	12528	12528
P34,3	12529	12529
P17,2	12530	12530
P19,3	12531	12531
P83,3	12532	12532
P177,3	12533	12533
P69,2	12534	12534
P31,3	12535	12535
P132,3	12536	12536
P115,2	12537	12537
P195,3	12538	12538
P116,3	12539	12539
P91,3	12540	12540
P123,3	12541	12541
P153,2	12542	12542
P49,3	12543	12543
P65,3	12544	12544
P98,2	12545	12545
P125,2	12546	12546
P184,2	12547	12547
P156,2	12548	12548
P137,2	12549	12549
P41,3	12550	12550
P66,3	12551	12551
P118,2	12552	12552
P38,3	12553	12553
P127,2	12554	12554
P100,2	12555	12555
P26,2	12556	12556
P76,2	12557	12557
P75,3	12558	12558
P4,3	12559	12559
P81,2	12560	12560
P33,3	12561	12561
P95,3	12562	12562
P30,3	12563	12563
P131,3	12564	12564
P161,3	12565	12565
P139,3	12566	12566
P176,2	12567	12567
P28,3	12568	12568
P34,3	12569	12569
P17,2	12570	12570
P19,3	12571	12571
P96,2	12572	12572
P35,2	12573	12573
P143,2	12574	12574
P122,3	12575	12575
P133,3	12576	12576
P152,2	12577	12577
P181,2	12578	12578
P91,3	12579	12579
P123,3	12580	12580
P153,2	12581	12581
P49,3	12582	12582
P65,3	12583	12583
P58,3	12584	12584
P107,2	12585	12585
P144,3	12586	12586
P25,2	12587	12587
P200,2	12588	12588
P109,2	12589	12589
P92,2	12590	12590
P146,3	12591	12591
P40,3	12592	12592
P99,2	12593	12593
P188,2	12594	12594
P80,3	12595	12595
P50,3	12596	12596
P67,3	12597	12597
P189,3	12598	12598
P120,2	12599	12599
P173,2	12600	12600
P111,2	12601	12601
P130,2	12602	12602
P64,2	12603	12603
P112,3	12604	12604
P149,3	12605	12605
P162,2	12606	12606
P102,3	12607	12607
P43,3	12608	12608
P61,2	12609	12609
P83,3	12610	12610
P177,3	12611	12611
P69,2	12612	12612
P31,3	12613	12613
P132,3	12614	12614
P115,2	12615	12615
P195,3	12616	12616
P78,3	12617	12617
P85,2	12618	12618
P106,2	12619	12619
P97,2	12620	12620
P154,2	12621	12621
P126,2	12622	12622
P125,2	12623	12623
P184,2	12624	12624
P156,2	12625	12625
P200,2	12626	12626
P109,2	12627	12627
P92,2	12628	12628
P146,3	12629	12629
P40,3	12630	12630
P99,2	12631	12631
P188,2	12632	12632
P26,2	12633	12633
P76,2	12634	12634
P75,3	12635	12635
P4,3	12636	12636
P81,2	12637	12637
P33,3	12638	12638
P95,3	12639	12639
P30,3	12640	12640
P131,3	12641	12641
P161,3	12642	12642
P139,3	12643	12643
P176,2	12644	12644
P28,3	12645	12645
P34,3	12646	12646
P17,2	12647	12647
P19,3	12648	12648
P96,2	12649	12649
P35,2	12650	12650
P143,2	12651	12651
P122,3	12652	12652
P133,3	12653	12653
P152,2	12654	12654
P181,2	12655	12655
P91,3	12656	12656
P123,3	12657	12657
P153,2	12658	12658
P49,3	12659	12659
P65,3	12660	12660
P58,3	12661	12661
P107,2	12662	12662
P144,3	12663	12663
P25,2	12664	12664
P109,2	12665	12665
P92,2	12666	12666
P146,3	12667	12667
P40,3	12668	12668
P99,2	12669	12669
P188,2	12670	12670
P26,2	12671	12671
P76,2	12672	12672
P75,3	12673	12673
P4,3	12674	12674
P81,2	12675	12675
P33,3	12676	12676
P95,3	12677	12677
P30,3	12678	12678
P131,3	12679	12679
P161,3	12680	12680
P139,3	12681	12681
P176,2	12682	12682
P28,3	12683	12683
P34,3	12684	12684
P17,2	12685	12685
P19,3	12686	12686
P96,2	12687	12687
P35,2	12688	12688
P143,2	12689	12689
P122,3	12690	12690
P133,3	12691	12691
P152,2	12692	12692
P181,2	12693	12693
P91,3	12694	12694
P123,3	12695	12695
P153,2	12696	12696
P49,3	12697	12697
P126,2	12698	12698
P125,2	12699	12699
P184,2	12700	12700
P156,2	12701	12701
P200,2	12702	12702
P66,3	12703	12703
P118,2	12704	12704
P38,3	12705	12705
P127,2	12706	12706
P100,2	12707	12707
P137,3	12708	12708
P80,3	12709	12709
P50,3	12710	12710
P67,3	12711	12711
P189,3	12712	12712
P120,2	12713	12713
P173,2	12714	12714
P111,2	12715	12715
P130,2	12716	12716
P64,2	12717	12717
P112,3	12718	12718
P149,3	12719	12719
P162,2	12720	12720
P102,3	12721	12721
P43,3	12722	12722
P61,2	12723	12723
P83,3	12724	12724
P177,3	12725	12725
P69,2	12726	12726
P31,3	12727	12727
P132,3	12728	12728
P115,2	12729	12729
P195,3	12730	12730
P78,3	12731	12731
P85,2	12732	12732
P106,2	12733	12733
P97,2	12734	12734
P65,3	12735	12735
P58,3	12736	12736
P107,2	12737	12737
P144,3	12738	12738
P25,2	12739	12739
P109,2	12740	12740
P92,2	12741	12741
P146,3	12742	12742
P40,3	12743	12743
P99,2	12744	12744
P188,2	12745	12745
P26,2	12746	12746
P76,2	12747	12747
P75,3	12748	12748
P4,3	12749	12749
P81,2	12750	12750
P33,3	12751	12751
P95,3	12752	12752
P30,3	12753	12753
P131,3	12754	12754
P161,3	12755	12755
P139,3	12756	12756
P176,2	12757	12757
P28,3	12758	12758
P34,3	12759	12759
P61,2	12760	12760
P83,3	12761	12761
P177,3	12762	12762
P35,2	12763	12763
P143,2	12764	12764
P122,3	12765	12765
P133,3	12766	12766
P152,2	12767	12767
P181,2	12768	12768
P91,3	12769	12769
P123,3	12770	12770
P153,2	12771	12771
P49,3	12772	12772
P126,2	12773	12773
P107,2	12774	12774
P144,3	12775	12775
P25,2	12776	12776
P109,2	12777	12777
P92,2	12778	12778
P146,3	12779	12779
P40,3	12780	12780
P99,2	12781	12781
P188,2	12782	12782
P26,2	12783	12783
P76,2	12784	12784
P75,3	12785	12785
P4,3	12786	12786
P81,2	12787	12787
P33,3	12788	12788
P95,3	12789	12789
P30,3	12790	12790
P131,3	12791	12791
P161,3	12792	12792
P139,3	12793	12793
P176,2	12794	12794
P28,3	12795	12795
P34,3	12796	12796
P61,2	12797	12797
P83,3	12798	12798
P177,3	12799	12799
P35,2	12800	12800
P143,2	12801	12801
P122,3	12802	12802
P133,3	12803	12803
P152,2	12804	12804
P181,2	12805	12805
P91,3	12806	12806
P123,3	12807	12807
P153,2	12808	12808
P49,3	12809	12809
P126,2	12810	12810
P184,2	12811	12811
P156,2	12812	12812
P200,2	12813	12813
P66,3	12814	12814
P118,2	12815	12815
P38,3	12816	12816
P127,2	12817	12817
P100,2	12818	12818
P137,3	12819	12819
P80,3	12820	12820
P75,3	12821	12821
P4,3	12822	12822
P81,2	12823	12823
P33,3	12824	12824
P95,3	12825	12825
P30,3	12826	12826
P131,3	12827	12827
P161,3	12828	12828
P139,3	12829	12829
P176,2	12830	12830
P28,3	12831	12831
P34,3	12832	12832
P61,2	12833	12833
P83,3	12834	12834
P177,3	12835	12835
P35,2	12836	12836
P143,2	12837	12837
P122,3	12838	12838
P133,3	12839	12839
P152,2	12840	12840
P181,2	12841	12841
P91,3	12842	12842
P123,3	12843	12843
P153,2	12844	12844
P49,3	12845	12845
P126,2	12846	12846
P184,2	12847	12847
P156,2	12848	12848
P200,2	12849	12849
P66,3	12850	12850
P118,2	12851	12851
P38,3	12852	12852
P127,2	12853	12853
P100,2	12854	12854
P137,3	12855	12855
P80,3	12856	12856
P67,3	12857	12857
P189,3	12858	12858
P120,2	12859	12859
P173,2	12860	12860
P111,2	12861	12861
P130,2	12862	12862
P64,2	12863	12863
P112,3	12864	12864
P149,3	12865	12865
P162,2	12866	12866
P102,3	12867	12867
P43,3	12868	12868
P19,3	12869	12869
P96,2	12870	12870
P17,3	12871	12871
P143,2	12872	12872
P122,3	12873	12873
P133,3	12874	12874
P195,3	12875	12875
P78,3	12876	12876
P85,2	12877	12877
P106,2	12878	12878
P97,2	12879	12879
P65,3	12880	12880
P107,2	12881	12881
P156,2	12882	12882
P200,2	12883	12883
P66,3	12884	12884
P118,2	12885	12885
P38,3	12886	12886
P127,2	12887	12887
P100,2	12888	12888
P137,3	12889	12889
P80,3	12890	12890
P67,3	12891	12891
P189,3	12892	12892
P120,2	12893	12893
P173,2	12894	12894
P111,2	12895	12895
P130,2	12896	12896
P161,3	12897	12897
P139,3	12898	12898
P176,2	12899	12899
P28,3	12900	12900
P34,3	12901	12901
P61,2	12902	12902
P83,3	12903	12903
P177,3	12904	12904
P69,2	12905	12905
P31,3	12906	12906
P132,3	12907	12907
P152,2	12908	12908
P181,2	12909	12909
P91,3	12910	12910
P123,3	12911	12911
P153,2	12912	12912
P49,3	12913	12913
P126,2	12914	12914
P184,2	12915	12915
P25,2	12916	12916
P109,2	12917	12917
P92,2	12918	12918
P146,3	12919	12919
P40,3	12920	12920
P99,2	12921	12921
P188,2	12922	12922
P26,2	12923	12923
P75,3	12924	12924
P4,3	12925	12925
P81,2	12926	12926
P33,3	12927	12927
P95,3	12928	12928
P30,3	12929	12929
P64,2	12930	12930
P112,3	12931	12931
P149,3	12932	12932
P162,2	12933	12933
P102,3	12934	12934
P43,3	12935	12935
P19,3	12936	12936
P96,2	12937	12937
P17,3	12938	12938
P143,2	12939	12939
P122,3	12940	12940
P133,3	12941	12941
P195,3	12942	12942
P78,3	12943	12943
P123,3	12944	12944
P97,2	12945	12945
P65,3	12946	12946
P107,2	12947	12947
P156,2	12948	12948
P200,2	12949	12949
P66,3	12950	12950
P118,2	12951	12951
P38,3	12952	12952
P127,2	12953	12953
P100,2	12954	12954
P137,3	12955	12955
P80,3	12956	12956
P4,3	12957	12957
P81,2	12958	12958
P33,3	12959	12959
P95,3	12960	12960
P30,3	12961	12961
P64,2	12962	12962
P112,3	12963	12963
P149,3	12964	12964
P162,2	12965	12965
P102,3	12966	12966
P43,3	12967	12967
P19,3	12968	12968
P96,2	12969	12969
P17,3	12970	12970
P143,2	12971	12971
P122,3	12972	12972
P133,3	12973	12973
P195,3	12974	12974
P78,3	12975	12975
P123,3	12976	12976
P97,2	12977	12977
P65,3	12978	12978
P107,2	12979	12979
P156,2	12980	12980
P200,2	12981	12981
P66,3	12982	12982
P118,2	12983	12983
P38,3	12984	12984
P127,2	12985	12985
P100,2	12986	12986
P137,3	12987	12987
P80,3	12988	12988
P4,3	12989	12989
P81,2	12990	12990
P33,3	12991	12991
P95,3	12992	12992
P30,3	12993	12993
P64,2	12994	12994
P112,3	12995	12995
P149,3	12996	12996
P162,2	12997	12997
P102,3	12998	12998
P43,3	12999	12999
P19,3	13000	13000
P96,2	13001	13001
P17,3	13002	13002
P143,2	13003	13003
P122,3	13004	13004
P133,3	13005	13005
P195,3	13006	13006
P78,3	13007	13007
P123,3	13008	13008
P49,3	13009	13009
P126,2	13010	13010
P184,2	13011	13011
P25,2	13012	13012
P109,2	13013	13013
P97,3	13014	13014
P146,3	13015	13015
P40,3	13016	13016
P99,2	13017	13017
P188,2	13018	13018
P26,2	13019	13019
P67,3	13020	13020
P189,3	13021	13021
P120,2	13022	13022
P173,2	13023	13023
P111,2	13024	13024
P130,2	13025	13025
P161,3	13026	13026
P139,3	13027	13027
P176,2	13028	13028
P28,3	13029	13029
P34,3	13030	13030
P61,2	13031	13031
P83,3	13032	13032
P177,3	13033	13033
P69,2	13034	13034
P31,3	13035	13035
P132,3	13036	13036
P152,2	13037	13037
P181,2	13038	13038
P85,2	13039	13039
P153,2	13040	13040
P65,3	13041	13041
P107,2	13042	13042
P156,2	13043	13043
P200,2	13044	13044
P66,3	13045	13045
P118,2	13046	13046
P38,3	13047	13047
P127,2	13048	13048
P100,2	13049	13049
P137,3	13050	13050
P80,3	13051	13051
P4,3	13052	13052
P81,2	13053	13053
P33,3	13054	13054
P95,3	13055	13055
P30,3	13056	13056
P64,2	13057	13057
P112,3	13058	13058
P149,3	13059	13059
P162,2	13060	13060
P102,3	13061	13061
P43,3	13062	13062
P19,3	13063	13063
P96,2	13064	13064
P17,3	13065	13065
P143,2	13066	13066
P122,3	13067	13067
P133,3	13068	13068
P195,3	13069	13069
P78,3	13070	13070
P123,3	13071	13071
P49,3	13072	13072
P126,2	13073	13073
P184,2	13074	13074
P25,2	13075	13075
P66,3	13076	13076
P118,2	13077	13077
P38,3	13078	13078
P127,2	13079	13079
P100,2	13080	13080
P137,3	13081	13081
P80,3	13082	13082
P4,3	13083	13083
P81,2	13084	13084
P33,3	13085	13085
P95,3	13086	13086
P30,3	13087	13087
P64,2	13088	13088
P112,3	13089	13089
P149,3	13090	13090
P162,2	13091	13091
P102,3	13092	13092
P43,3	13093	13093
P19,3	13094	13094
P177,3	13095	13095
P69,2	13096	13096
P31,3	13097	13097
P132,3	13098	13098
P152,2	13099	13099
P96,3	13100	13100
P78,3	13101	13101
P153,2	13102	13102
P65,3	13103	13103
P107,2	13104	13104
P156,2	13105	13105
P200,2	13106	13106
P97,3	13107	13107
P146,3	13108	13108
P40,3	13109	13109
P99,2	13110	13110
P188,2	13111	13111
P26,2	13112	13112
P67,3	13113	13113
P189,3	13114	13114
P120,2	13115	13115
P173,2	13116	13116
P111,2	13117	13117
P130,2	13118	13118
P161,3	13119	13119
P139,3	13120	13120
P176,2	13121	13121
P102,3	13122	13122
P43,3	13123	13123
P19,3	13124	13124
P177,3	13125	13125
P69,2	13126	13126
P31,3	13127	13127
P132,3	13128	13128
P152,2	13129	13129
P96,3	13130	13130
P78,3	13131	13131
P153,2	13132	13132
P65,3	13133	13133
P107,2	13134	13134
P156,2	13135	13135
P200,2	13136	13136
P97,3	13137	13137
P146,3	13138	13138
P40,3	13139	13139
P99,2	13140	13140
P188,2	13141	13141
P26,2	13142	13142
P67,3	13143	13143
P189,3	13144	13144
P120,2	13145	13145
P173,2	13146	13146
P111,2	13147	13147
P130,2	13148	13148
P161,3	13149	13149
P139,3	13150	13150
P176,2	13151	13151
P102,3	13152	13152
P43,3	13153	13153
P19,3	13154	13154
P177,3	13155	13155
P69,2	13156	13156
P31,3	13157	13157
P132,3	13158	13158
P152,2	13159	13159
P96,3	13160	13160
P78,3	13161	13161
P153,2	13162	13162
P65,3	13163	13163
P107,2	13164	13164
P156,2	13165	13165
P200,2	13166	13166
P97,3	13167	13167
P146,3	13168	13168
P40,3	13169	13169
P99,2	13170	13170
P188,2	13171	13171
P26,2	13172	13172
P67,3	13173	13173
P189,3	13174	13174
P120,2	13175	13175
P173,2	13176	13176
P30,3	13177	13177
P64,2	13178	13178
P112,3	13179	13179
P149,3	13180	13180
P162,2	13181	13181
P34,3	13182	13182
P111,3	13183	13183
P19,3	13184	13184
P177,3	13185	13185
P69,2	13186	13186
P31,3	13187	13187
P132,3	13188	13188
P152,2	13189	13189
P96,3	13190	13190
P78,3	13191	13191
P153,2	13192	13192
P65,3	13193	13193
P107,2	13194	13194
P156,2	13195	13195
P200,2	13196	13196
P97,3	13197	13197
P146,3	13198	13198
P40,3	13199	13199
P99,2	13200	13200
P188,2	13201	13201
P26,2	13202	13202
P4,3	13203	13203
P81,2	13204	13204
P33,3	13205	13205
P95,3	13206	13206
P130,2	13207	13207
P161,3	13208	13208
P139,3	13209	13209
P176,2	13210	13210
P102,3	13211	13211
P43,3	13212	13212
P61,2	13213	13213
P83,3	13214	13214
P17,3	13215	13215
P143,2	13216	13216
P122,3	13217	13217
P133,3	13218	13218
P195,3	13219	13219
P181,2	13220	13220
P123,3	13221	13221
P49,3	13222	13222
P126,2	13223	13223
P184,2	13224	13224
P25,2	13225	13225
P66,3	13226	13226
P118,2	13227	13227
P38,3	13228	13228
P127,2	13229	13229
P100,2	13230	13230
P137,3	13231	13231
P67,3	13232	13232
P189,3	13233	13233
P120,2	13234	13234
P173,2	13235	13235
P30,3	13236	13236
P64,2	13237	13237
P112,3	13238	13238
P149,3	13239	13239
P162,2	13240	13240
P34,3	13241	13241
P111,3	13242	13242
P19,3	13243	13243
P177,3	13244	13244
P69,2	13245	13245
P31,3	13246	13246
P132,3	13247	13247
P152,2	13248	13248
P96,3	13249	13249
P78,3	13250	13250
P153,2	13251	13251
P65,3	13252	13252
P107,2	13253	13253
P156,2	13254	13254
P200,2	13255	13255
P97,3	13256	13256
P146,3	13257	13257
P40,3	13258	13258
P99,2	13259	13259
P188,2	13260	13260
P67,3	13261	13261
P189,3	13262	13262
P120,2	13263	13263
P173,2	13264	13264
P30,3	13265	13265
P64,2	13266	13266
P112,3	13267	13267
P149,3	13268	13268
P162,2	13269	13269
P34,3	13270	13270
P111,3	13271	13271
P19,3	13272	13272
P177,3	13273	13273
P69,2	13274	13274
P31,3	13275	13275
P132,3	13276	13276
P152,2	13277	13277
P96,3	13278	13278
P78,3	13279	13279
P153,2	13280	13280
P65,3	13281	13281
P184,2	13282	13282
P25,2	13283	13283
P66,3	13284	13284
P118,2	13285	13285
P38,3	13286	13286
P127,2	13287	13287
P100,2	13288	13288
P137,3	13289	13289
P4,3	13290	13290
P81,2	13291	13291
P33,3	13292	13292
P95,3	13293	13293
P130,2	13294	13294
P161,3	13295	13295
P139,3	13296	13296
P176,2	13297	13297
P102,3	13298	13298
P43,3	13299	13299
P61,2	13300	13300
P83,3	13301	13301
P17,3	13302	13302
P143,2	13303	13303
P122,3	13304	13304
P133,3	13305	13305
P195,3	13306	13306
P181,2	13307	13307
P123,3	13308	13308
P49,3	13309	13309
P107,2	13310	13310
P156,2	13311	13311
P200,2	13312	13312
P97,3	13313	13313
P146,3	13314	13314
P40,3	13315	13315
P99,2	13316	13316
P188,2	13317	13317
P67,3	13318	13318
P189,3	13319	13319
P120,2	13320	13320
P173,2	13321	13321
P30,3	13322	13322
P64,2	13323	13323
P112,3	13324	13324
P149,3	13325	13325
P162,2	13326	13326
P34,3	13327	13327
P111,3	13328	13328
P19,3	13329	13329
P177,3	13330	13330
P69,2	13331	13331
P122,3	13332	13332
P133,3	13333	13333
P195,3	13334	13334
P181,2	13335	13335
P123,3	13336	13336
P49,3	13337	13337
P65,3	13338	13338
P184,2	13339	13339
P25,2	13340	13340
P66,3	13341	13341
P118,2	13342	13342
P38,3	13343	13343
P127,2	13344	13344
P100,2	13345	13345
P137,3	13346	13346
P4,3	13347	13347
P81,2	13348	13348
P33,3	13349	13349
P95,3	13350	13350
P130,2	13351	13351
P161,3	13352	13352
P139,3	13353	13353
P176,2	13354	13354
P102,3	13355	13355
P43,3	13356	13356
P61,2	13357	13357
P83,3	13358	13358
P17,3	13359	13359
P31,3	13360	13360
P132,3	13361	13361
P152,2	13362	13362
P96,3	13363	13363
P78,3	13364	13364
P153,2	13365	13365
P143,3	13366	13366
P107,2	13367	13367
P156,2	13368	13368
P200,2	13369	13369
P97,3	13370	13370
P146,3	13371	13371
P40,3	13372	13372
P99,2	13373	13373
P188,2	13374	13374
P67,3	13375	13375
P189,3	13376	13376
P120,2	13377	13377
P173,2	13378	13378
P30,3	13379	13379
P64,2	13380	13380
P112,3	13381	13381
P149,3	13382	13382
P162,2	13383	13383
P34,3	13384	13384
P111,3	13385	13385
P83,3	13386	13386
P17,3	13387	13387
P69,2	13388	13388
P122,3	13389	13389
P133,3	13390	13390
P195,3	13391	13391
P181,2	13392	13392
P123,3	13393	13393
P49,3	13394	13394
P65,3	13395	13395
P184,2	13396	13396
P25,2	13397	13397
P66,3	13398	13398
P118,2	13399	13399
P38,3	13400	13400
P127,2	13401	13401
P100,2	13402	13402
P137,3	13403	13403
P4,3	13404	13404
P81,2	13405	13405
P33,3	13406	13406
P95,3	13407	13407
P130,2	13408	13408
P161,3	13409	13409
P139,3	13410	13410
P176,2	13411	13411
P102,3	13412	13412
P43,3	13413	13413
P19,3	13414	13414
P177,3	13415	13415
P61,3	13416	13416
P31,3	13417	13417
P132,3	13418	13418
P152,2	13419	13419
P96,3	13420	13420
P78,3	13421	13421
P153,2	13422	13422
P143,3	13423	13423
P184,2	13424	13424
P25,2	13425	13425
P66,3	13426	13426
P118,2	13427	13427
P38,3	13428	13428
P40,3	13429	13429
P99,2	13430	13430
P188,2	13431	13431
P67,3	13432	13432
P189,3	13433	13433
P120,2	13434	13434
P173,2	13435	13435
P30,3	13436	13436
P64,2	13437	13437
P112,3	13438	13438
P149,3	13439	13439
P162,2	13440	13440
P34,3	13441	13441
P111,3	13442	13442
P83,3	13443	13443
P17,3	13444	13444
P69,2	13445	13445
P122,3	13446	13446
P133,3	13447	13447
P195,3	13448	13448
P181,2	13449	13449
P123,3	13450	13450
P65,3	13451	13451
P156,2	13452	13452
P200,2	13453	13453
P97,3	13454	13454
P146,3	13455	13455
P107,3	13456	13456
P127,2	13457	13457
P100,2	13458	13458
P137,3	13459	13459
P4,3	13460	13460
P81,2	13461	13461
P33,3	13462	13462
P95,3	13463	13463
P130,2	13464	13464
P161,3	13465	13465
P139,3	13466	13466
P162,2	13467	13467
P34,3	13468	13468
P111,3	13469	13469
P177,3	13470	13470
P61,3	13471	13471
P31,3	13472	13472
P132,3	13473	13473
P152,2	13474	13474
P96,3	13475	13475
P78,3	13476	13476
P143,3	13477	13477
P184,2	13478	13478
P25,2	13479	13479
P66,3	13480	13480
P118,2	13481	13481
P38,3	13482	13482
P40,3	13483	13483
P99,2	13484	13484
P188,2	13485	13485
P67,3	13486	13486
P189,3	13487	13487
P120,2	13488	13488
P173,2	13489	13489
P30,3	13490	13490
P64,2	13491	13491
P139,3	13492	13492
P162,2	13493	13493
P34,3	13494	13494
P111,3	13495	13495
P177,3	13496	13496
P61,3	13497	13497
P31,3	13498	13498
P132,3	13499	13499
P152,2	13500	13500
P96,3	13501	13501
P78,3	13502	13502
P143,3	13503	13503
P184,2	13504	13504
P25,2	13505	13505
P66,3	13506	13506
P118,2	13507	13507
P38,3	13508	13508
P40,3	13509	13509
P99,2	13510	13510
P188,2	13511	13511
P67,3	13512	13512
P189,3	13513	13513
P120,2	13514	13514
P173,2	13515	13515
P30,3	13516	13516
P64,2	13517	13517
P139,3	13518	13518
P162,2	13519	13519
P34,3	13520	13520
P111,3	13521	13521
P177,3	13522	13522
P61,3	13523	13523
P31,3	13524	13524
P132,3	13525	13525
P152,2	13526	13526
P96,3	13527	13527
P78,3	13528	13528
P143,3	13529	13529
P184,2	13530	13530
P25,2	13531	13531
P66,3	13532	13532
P118,2	13533	13533
P38,3	13534	13534
P40,3	13535	13535
P99,2	13536	13536
P188,2	13537	13537
P4,3	13538	13538
P81,2	13539	13539
P33,3	13540	13540
P95,3	13541	13541
P130,2	13542	13542
P161,3	13543	13543
P149,3	13544	13544
P102,3	13545	13545
P43,3	13546	13546
P83,3	13547	13547
P17,3	13548	13548
P69,2	13549	13549
P122,3	13550	13550
P133,3	13551	13551
P195,3	13552	13552
P181,2	13553	13553
P123,3	13554	13554
P65,3	13555	13555
P156,2	13556	13556
P200,2	13557	13557
P97,3	13558	13558
P146,3	13559	13559
P107,3	13560	13560
P127,2	13561	13561
P100,2	13562	13562
P137,3	13563	13563
P189,3	13564	13564
P120,2	13565	13565
P173,2	13566	13566
P30,3	13567	13567
P64,2	13568	13568
P139,3	13569	13569
P162,2	13570	13570
P34,3	13571	13571
P111,3	13572	13572
P177,3	13573	13573
P61,3	13574	13574
P31,3	13575	13575
P132,3	13576	13576
P152,2	13577	13577
P96,3	13578	13578
P78,3	13579	13579
P143,3	13580	13580
P156,2	13581	13581
P200,2	13582	13582
P97,3	13583	13583
P146,3	13584	13584
P38,3	13585	13585
P40,3	13586	13586
P99,2	13587	13587
P137,3	13588	13588
P189,3	13589	13589
P120,2	13590	13590
P173,2	13591	13591
P130,2	13592	13592
P100,3	13593	13593
P139,3	13594	13594
P162,2	13595	13595
P34,3	13596	13596
P111,3	13597	13597
P177,3	13598	13598
P61,3	13599	13599
P31,3	13600	13600
P132,3	13601	13601
P152,2	13602	13602
P96,3	13603	13603
P78,3	13604	13604
P143,3	13605	13605
P156,2	13606	13606
P200,2	13607	13607
P97,3	13608	13608
P146,3	13609	13609
P38,3	13610	13610
P40,3	13611	13611
P99,2	13612	13612
P137,3	13613	13613
P189,3	13614	13614
P120,2	13615	13615
P173,2	13616	13616
P130,2	13617	13617
P100,3	13618	13618
P139,3	13619	13619
P162,2	13620	13620
P34,3	13621	13621
P111,3	13622	13622
P177,3	13623	13623
P61,3	13624	13624
P122,3	13625	13625
P195,3	13626	13626
P181,2	13627	13627
P123,3	13628	13628
P65,3	13629	13629
P25,2	13630	13630
P66,3	13631	13631
P118,2	13632	13632
P184,3	13633	13633
P107,3	13634	13634
P99,2	13635	13635
P137,3	13636	13636
P189,3	13637	13637
P120,2	13638	13638
P173,2	13639	13639
P130,2	13640	13640
P100,3	13641	13641
P139,3	13642	13642
P162,2	13643	13643
P34,3	13644	13644
P111,3	13645	13645
P177,3	13646	13646
P61,3	13647	13647
P122,3	13648	13648
P195,3	13649	13649
P181,2	13650	13650
P123,3	13651	13651
P65,3	13652	13652
P25,2	13653	13653
P66,3	13654	13654
P118,2	13655	13655
P184,3	13656	13656
P107,3	13657	13657
P188,2	13658	13658
P4,3	13659	13659
P99,3	13660	13660
P120,2	13661	13661
P173,2	13662	13662
P130,2	13663	13663
P100,3	13664	13664
P139,3	13665	13665
P162,2	13666	13666
P34,3	13667	13667
P111,3	13668	13668
P177,3	13669	13669
P61,3	13670	13670
P122,3	13671	13671
P195,3	13672	13672
P181,2	13673	13673
P123,3	13674	13674
P65,3	13675	13675
P25,2	13676	13676
P66,3	13677	13677
P118,2	13678	13678
P184,3	13679	13679
P107,3	13680	13680
P188,2	13681	13681
P4,3	13682	13682
P99,3	13683	13683
P120,2	13684	13684
P173,2	13685	13685
P130,2	13686	13686
P100,3	13687	13687
P139,3	13688	13688
P162,2	13689	13689
P34,3	13690	13690
P111,3	13691	13691
P177,3	13692	13692
P61,3	13693	13693
P133,3	13694	13694
P96,3	13695	13695
P78,3	13696	13696
P143,3	13697	13697
P156,2	13698	13698
P200,2	13699	13699
P97,3	13700	13700
P146,3	13701	13701
P38,3	13702	13702
P127,2	13703	13703
P137,3	13704	13704
P189,3	13705	13705
P81,2	13706	13706
P33,3	13707	13707
P95,3	13708	13708
P64,2	13709	13709
P161,3	13710	13710
P149,3	13711	13711
P102,3	13712	13712
P43,3	13713	13713
P83,3	13714	13714
P61,3	13715	13715
P133,3	13716	13716
P96,3	13717	13717
P78,3	13718	13718
P143,3	13719	13719
P156,2	13720	13720
P200,2	13721	13721
P97,3	13722	13722
P146,3	13723	13723
P38,3	13724	13724
P127,2	13725	13725
P137,3	13726	13726
P189,3	13727	13727
P33,3	13728	13728
P95,3	13729	13729
P64,2	13730	13730
P100,3	13731	13731
P139,3	13732	13732
P162,2	13733	13733
P34,3	13734	13734
P111,3	13735	13735
P120,3	13736	13736
P61,3	13737	13737
P133,3	13738	13738
P96,3	13739	13739
P78,3	13740	13740
P143,3	13741	13741
P156,2	13742	13742
P200,2	13743	13743
P97,3	13744	13744
P146,3	13745	13745
P38,3	13746	13746
P127,2	13747	13747
P137,3	13748	13748
P189,3	13749	13749
P33,3	13750	13750
P95,3	13751	13751
P64,2	13752	13752
P100,3	13753	13753
P139,3	13754	13754
P162,2	13755	13755
P34,3	13756	13756
P111,3	13757	13757
P120,3	13758	13758
P61,3	13759	13759
P133,3	13760	13760
P96,3	13761	13761
P123,3	13762	13762
P65,3	13763	13763
P181,3	13764	13764
P200,2	13765	13765
P97,3	13766	13766
P146,3	13767	13767
P38,3	13768	13768
P127,2	13769	13769
P137,3	13770	13770
P189,3	13771	13771
P33,3	13772	13772
P95,3	13773	13773
P81,3	13774	13774
P161,3	13775	13775
P149,3	13776	13776
P34,3	13777	13777
P43,3	13778	13778
P120,3	13779	13779
P61,3	13780	13780
P133,3	13781	13781
P195,3	13782	13782
P78,3	13783	13783
P143,3	13784	13784
P156,2	13785	13785
P25,2	13786	13786
P97,3	13787	13787
P146,3	13788	13788
P38,3	13789	13789
P127,2	13790	13790
P137,3	13791	13791
P189,3	13792	13792
P33,3	13793	13793
P173,2	13794	13794
P130,2	13795	13795
P100,3	13796	13796
P139,3	13797	13797
P102,3	13798	13798
P64,3	13799	13799
P111,3	13800	13800
P17,3	13801	13801
P122,3	13802	13802
P162,3	13803	13803
P96,3	13804	13804
P123,3	13805	13805
P65,3	13806	13806
P181,3	13807	13807
P66,3	13808	13808
P118,2	13809	13809
P184,3	13810	13810
P107,3	13811	13811
P188,2	13812	13812
P4,3	13813	13813
P99,3	13814	13814
P200,3	13815	13815
P95,3	13816	13816
P81,3	13817	13817
P139,3	13818	13818
P102,3	13819	13819
P64,3	13820	13820
P111,3	13821	13821
P17,3	13822	13822
P122,3	13823	13823
P162,3	13824	13824
P96,3	13825	13825
P123,3	13826	13826
P65,3	13827	13827
P181,3	13828	13828
P66,3	13829	13829
P118,2	13830	13830
P184,3	13831	13831
P107,3	13832	13832
P188,2	13833	13833
P4,3	13834	13834
P99,3	13835	13835
P200,3	13836	13836
P95,3	13837	13837
P81,3	13838	13838
P139,3	13839	13839
P102,3	13840	13840
P64,3	13841	13841
P111,3	13842	13842
P17,3	13843	13843
P122,3	13844	13844
P162,3	13845	13845
P96,3	13846	13846
P123,3	13847	13847
P65,3	13848	13848
P181,3	13849	13849
P66,3	13850	13850
P118,2	13851	13851
P184,3	13852	13852
P107,3	13853	13853
P188,2	13854	13854
P4,3	13855	13855
P99,3	13856	13856
P200,3	13857	13857
P95,3	13858	13858
P81,3	13859	13859
P139,3	13860	13860
P102,3	13861	13861
P64,3	13862	13862
P111,3	13863	13863
P17,3	13864	13864
P122,3	13865	13865
P162,3	13866	13866
P96,3	13867	13867
P123,3	13868	13868
P65,3	13869	13869
P181,3	13870	13870
P66,3	13871	13871
P118,2	13872	13872
P184,3	13873	13873
P107,3	13874	13874
P188,2	13875	13875
P4,3	13876	13876
P99,3	13877	13877
P200,3	13878	13878
P95,3	13879	13879
P81,3	13880	13880
P139,3	13881	13881
P102,3	13882	13882
P64,3	13883	13883
P111,3	13884	13884
P17,3	13885	13885
P122,3	13886	13886
P162,3	13887	13887
P96,3	13888	13888
P143,3	13889	13889
P181,3	13890	13890
P66,3	13891	13891
P118,2	13892	13892
P184,3	13893	13893
P107,3	13894	13894
P188,2	13895	13895
P189,3	13896	13896
P33,3	13897	13897
P173,2	13898	13898
P130,2	13899	13899
P100,3	13900	13900
P149,3	13901	13901
P34,3	13902	13902
P43,3	13903	13903
P120,3	13904	13904
P61,3	13905	13905
P133,3	13906	13906
P195,3	13907	13907
P123,3	13908	13908
P181,3	13909	13909
P66,3	13910	13910
P118,2	13911	13911
P184,3	13912	13912
P107,3	13913	13913
P188,2	13914	13914
P189,3	13915	13915
P33,3	13916	13916
P173,2	13917	13917
P130,2	13918	13918
P100,3	13919	13919
P149,3	13920	13920
P34,3	13921	13921
P111,3	13922	13922
P17,3	13923	13923
P122,3	13924	13924
P162,3	13925	13925
P96,3	13926	13926
P143,3	13927	13927
P25,2	13928	13928
P97,3	13929	13929
P146,3	13930	13930
P38,3	13931	13931
P127,2	13932	13932
P4,3	13933	13933
P99,3	13934	13934
P200,3	13935	13935
P95,3	13936	13936
P100,3	13937	13937
P149,3	13938	13938
P34,3	13939	13939
P111,3	13940	13940
P17,3	13941	13941
P122,3	13942	13942
P162,3	13943	13943
P96,3	13944	13944
P143,3	13945	13945
P25,2	13946	13946
P97,3	13947	13947
P146,3	13948	13948
P38,3	13949	13949
P127,2	13950	13950
P4,3	13951	13951
P33,3	13952	13952
P173,2	13953	13953
P81,3	13954	13954
P139,3	13955	13955
P102,3	13956	13956
P64,3	13957	13957
P120,3	13958	13958
P61,3	13959	13959
P133,3	13960	13960
P195,3	13961	13961
P123,3	13962	13962
P181,3	13963	13963
P66,3	13964	13964
P118,2	13965	13965
P184,3	13966	13966
P107,3	13967	13967
P188,2	13968	13968
P99,3	13969	13969
P200,3	13970	13970
P95,3	13971	13971
P100,3	13972	13972
P149,3	13973	13973
P34,3	13974	13974
P111,3	13975	13975
P17,3	13976	13976
P122,3	13977	13977
P162,3	13978	13978
P96,3	13979	13979
P143,3	13980	13980
P25,2	13981	13981
P97,3	13982	13982
P184,3	13983	13983
P107,3	13984	13984
P188,2	13985	13985
P99,3	13986	13986
P200,3	13987	13987
P81,3	13988	13988
P139,3	13989	13989
P102,3	13990	13990
P64,3	13991	13991
P120,3	13992	13992
P61,3	13993	13993
P133,3	13994	13994
P195,3	13995	13995
P123,3	13996	13996
P181,3	13997	13997
P97,3	13998	13998
P184,3	13999	13999
P107,3	14000	14000
P4,3	14001	14001
P33,3	14002	14002
P25,3	14003	14003
P81,3	14004	14004
P139,3	14005	14005
P102,3	14006	14006
P64,3	14007	14007
P120,3	14008	14008
P61,3	14009	14009
P133,3	14010	14010
P195,3	14011	14011
P123,3	14012	14012
P181,3	14013	14013
P97,3	14014	14014
P184,3	14015	14015
P107,3	14016	14016
P4,3	14017	14017
P33,3	14018	14018
P25,3	14019	14019
P81,3	14020	14020
P139,3	14021	14021
P102,3	14022	14022
P64,3	14023	14023
P120,3	14024	14024
P61,3	14025	14025
P133,3	14026	14026
P195,3	14027	14027
P143,3	14028	14028
P66,3	14029	14029
P118,2	14030	14030
P38,3	14031	14031
P127,2	14032	14032
P99,3	14033	14033
P200,3	14034	14034
P173,2	14035	14035
P100,3	14036	14036
P149,3	14037	14037
P64,3	14038	14038
P120,3	14039	14039
P61,3	14040	14040
P133,3	14041	14041
P195,3	14042	14042
P143,3	14043	14043
P66,3	14044	14044
P118,2	14045	14045
P38,3	14046	14046
P127,2	14047	14047
P99,3	14048	14048
P200,3	14049	14049
P173,2	14050	14050
P100,3	14051	14051
P149,3	14052	14052
P64,3	14053	14053
P120,3	14054	14054
P61,3	14055	14055
P133,3	14056	14056
P195,3	14057	14057
P143,3	14058	14058
P66,3	14059	14059
P118,2	14060	14060
P38,3	14061	14061
P127,2	14062	14062
P99,3	14063	14063
P200,3	14064	14064
P173,2	14065	14065
P100,3	14066	14066
P149,3	14067	14067
P64,3	14068	14068
P120,3	14069	14069
P61,3	14070	14070
P133,3	14071	14071
P195,3	14072	14072
P143,3	14073	14073
P66,3	14074	14074
P118,2	14075	14075
P38,3	14076	14076
P127,2	14077	14077
P99,3	14078	14078
P200,3	14079	14079
P173,2	14080	14080
P100,3	14081	14081
P102,3	14082	14082
P111,3	14083	14083
P17,3	14084	14084
P122,3	14085	14085
P162,3	14086	14086
P96,3	14087	14087
P181,3	14088	14088
P97,3	14089	14089
P184,3	14090	14090
P107,3	14091	14091
P4,3	14092	14092
P33,3	14093	14093
P25,3	14094	14094
P81,3	14095	14095
P149,3	14096	14096
P64,3	14097	14097
P120,3	14098	14098
P61,3	14099	14099
P133,3	14100	14100
P195,3	14101	14101
P143,3	14102	14102
P66,3	14103	14103
P184,3	14104	14104
P107,3	14105	14105
P4,3	14106	14106
P33,3	14107	14107
P25,3	14108	14108
P100,3	14109	14109
P173,3	14110	14110
P64,3	14111	14111
P120,3	14112	14112
P61,3	14113	14113
P133,3	14114	14114
P195,3	14115	14115
P143,3	14116	14116
P66,3	14117	14117
P184,3	14118	14118
P107,3	14119	14119
P4,3	14120	14120
P33,3	14121	14121
P25,3	14122	14122
P100,3	14123	14123
P173,3	14124	14124
P64,3	14125	14125
P120,3	14126	14126
P61,3	14127	14127
P133,3	14128	14128
P195,3	14129	14129
P143,3	14130	14130
P66,3	14131	14131
P184,3	14132	14132
P107,3	14133	14133
P4,3	14134	14134
P33,3	14135	14135
P25,3	14136	14136
P100,3	14137	14137
P173,3	14138	14138
P64,3	14139	14139
P120,3	14140	14140
P61,3	14141	14141
P133,3	14142	14142
P195,3	14143	14143
P143,3	14144	14144
P66,3	14145	14145
P184,3	14146	14146
P107,3	14147	14147
P99,3	14148	14148
P200,3	14149	14149
P127,3	14150	14150
P100,3	14151	14151
P173,3	14152	14152
P64,3	14153	14153
P120,3	14154	14154
P61,3	14155	14155
P133,3	14156	14156
P195,3	14157	14157
P143,3	14158	14158
P66,3	14159	14159
P184,3	14160	14160
P107,3	14161	14161
P99,3	14162	14162
P25,3	14163	14163
P81,3	14164	14164
P149,3	14165	14165
P102,3	14166	14166
P111,3	14167	14167
P17,3	14168	14168
P122,3	14169	14169
P162,3	14170	14170
P96,3	14171	14171
P181,3	14172	14172
P97,3	14173	14173
P38,3	14174	14174
P4,3	14175	14175
P200,3	14176	14176
P127,3	14177	14177
P100,3	14178	14178
P173,3	14179	14179
P64,3	14180	14180
P120,3	14181	14181
P61,3	14182	14182
P133,3	14183	14183
P195,3	14184	14184
P143,3	14185	14185
P66,3	14186	14186
P184,3	14187	14187
P107,3	14188	14188
P99,3	14189	14189
P25,3	14190	14190
P81,3	14191	14191
P149,3	14192	14192
P102,3	14193	14193
P111,3	14194	14194
P17,3	14195	14195
P122,3	14196	14196
P162,3	14197	14197
P96,3	14198	14198
P181,3	14199	14199
P97,3	14200	14200
P38,3	14201	14201
P4,3	14202	14202
P200,3	14203	14203
P127,3	14204	14204
P100,3	14205	14205
P173,3	14206	14206
P64,3	14207	14207
P120,3	14208	14208
P61,3	14209	14209
P162,3	14210	14210
P96,3	14211	14211
P181,3	14212	14212
P97,3	14213	14213
P38,3	14214	14214
P4,3	14215	14215
P200,3	14216	14216
P127,3	14217	14217
P100,3	14218	14218
P173,3	14219	14219
P64,3	14220	14220
P120,3	14221	14221
P61,3	14222	14222
P162,3	14223	14223
P96,3	14224	14224
P181,3	14225	14225
P97,3	14226	14226
P38,3	14227	14227
P4,3	14228	14228
P200,3	14229	14229
P127,3	14230	14230
P100,3	14231	14231
P173,3	14232	14232
P64,3	14233	14233
P120,3	14234	14234
P61,3	14235	14235
P162,3	14236	14236
P96,3	14237	14237
P181,3	14238	14238
P97,3	14239	14239
P38,3	14240	14240
P4,3	14241	14241
P200,3	14242	14242
P127,3	14243	14243
P100,3	14244	14244
P173,3	14245	14245
P64,3	14246	14246
P120,3	14247	14247
P61,3	14248	14248
P162,3	14249	14249
P96,3	14250	14250
P181,3	14251	14251
P97,3	14252	14252
P38,3	14253	14253
P4,3	14254	14254
P200,3	14255	14255
P127,3	14256	14256
P100,3	14257	14257
P173,3	14258	14258
P64,3	14259	14259
P120,3	14260	14260
P61,3	14261	14261
P162,3	14262	14262
P96,3	14263	14263
P181,3	14264	14264
P97,3	14265	14265
P38,3	14266	14266
P4,3	14267	14267
P200,3	14268	14268
P127,3	14269	14269
P100,3	14270	14270
P173,3	14271	14271
P64,3	14272	14272
P120,3	14273	14273
P61,3	14274	14274
P162,3	14275	14275
P143,3	14276	14276
P66,3	14277	14277
P184,3	14278	14278
P107,3	14279	14279
P99,3	14280	14280
P25,3	14281	14281
P81,3	14282	14282
P149,3	14283	14283
P102,3	14284	14284
P111,3	14285	14285
P17,3	14286	14286
P122,3	14287	14287
P96,3	14288	14288
P181,3	14289	14289
P97,3	14290	14290
P38,3	14291	14291
P4,3	14292	14292
P200,3	14293	14293
P127,3	14294	14294
P100,3	14295	14295
P173,3	14296	14296
P64,3	14297	14297
P120,3	14298	14298
P61,3	14299	14299
P162,3	14300	14300
P143,3	14301	14301
P66,3	14302	14302
P184,3	14303	14303
P107,3	14304	14304
P200,3	14305	14305
P127,3	14306	14306
P100,3	14307	14307
P173,3	14308	14308
P64,3	14309	14309
P120,3	14310	14310
P122,3	14311	14311
P96,3	14312	14312
P181,3	14313	14313
P97,3	14314	14314
P107,3	14315	14315
P200,3	14316	14316
P127,3	14317	14317
P100,3	14318	14318
P173,3	14319	14319
P64,3	14320	14320
P120,3	14321	14321
P122,3	14322	14322
P96,3	14323	14323
P181,3	14324	14324
P97,3	14325	14325
P107,3	14326	14326
P200,3	14327	14327
P127,3	14328	14328
P100,3	14329	14329
P173,3	14330	14330
P64,3	14331	14331
P120,3	14332	14332
P122,3	14333	14333
P96,3	14334	14334
P181,3	14335	14335
P97,3	14336	14336
P107,3	14337	14337
P200,3	14338	14338
P127,3	14339	14339
P100,3	14340	14340
P173,3	14341	14341
P64,3	14342	14342
P120,3	14343	14343
P122,3	14344	14344
P96,3	14345	14345
P181,3	14346	14346
P97,3	14347	14347
P107,3	14348	14348
P200,3	14349	14349
P127,3	14350	14350
P100,3	14351	14351
P173,3	14352	14352
P64,3	14353	14353
P120,3	14354	14354
P122,3	14355	14355
P96,3	14356	14356
P181,3	14357	14357
P97,3	14358	14358
P107,3	14359	14359
P200,3	14360	14360
P127,3	14361	14361
P100,3	14362	14362
P173,3	14363	14363
P64,3	14364	14364
P120,3	14365	14365
P122,3	14366	14366
P96,3	14367	14367
P181,3	14368	14368
P97,3	14369	14369
P107,3	14370	14370
P200,3	14371	14371
P127,3	14372	14372
P100,3	14373	14373
P173,3	14374	14374
P64,3	14375	14375
P120,3	14376	14376
P122,3	14377	14377
P96,3	14378	14378
P181,3	14379	14379
P38,3	14380	14380
P4,3	14381	14381
P25,3	14382	14382
P81,3	14383	14383
P149,3	14384	14384
P102,3	14385	14385
P111,3	14386	14386
P61,3	14387	14387
P162,3	14388	14388
P143,3	14389	14389
P66,3	14390	14390
P107,3	14391	14391
P200,3	14392	14392
P127,3	14393	14393
P100,3	14394	14394
P173,3	14395	14395
P64,3	14396	14396
P120,3	14397	14397
P122,3	14398	14398
P96,3	14399	14399
P181,3	14400	14400
P38,3	14401	14401
P4,3	14402	14402
P25,3	14403	14403
P81,3	14404	14404
P149,3	14405	14405
P102,3	14406	14406
P111,3	14407	14407
P61,3	14408	14408
P162,3	14409	14409
P143,3	14410	14410
P66,3	14411	14411
P107,3	14412	14412
P200,3	14413	14413
P127,3	14414	14414
P100,3	14415	14415
P173,3	14416	14416
P64,3	14417	14417
P61,3	14418	14418
P162,3	14419	14419
P143,3	14420	14420
P38,3	14421	14421
P4,3	14422	14422
P25,3	14423	14423
P81,3	14424	14424
P149,3	14425	14425
P64,3	14426	14426
P61,3	14427	14427
P162,3	14428	14428
P143,3	14429	14429
P38,3	14430	14430
P4,3	14431	14431
P25,3	14432	14432
P81,3	14433	14433
P149,3	14434	14434
P64,3	14435	14435
P61,3	14436	14436
P162,3	14437	14437
P143,3	14438	14438
P38,3	14439	14439
P4,3	14440	14440
P25,3	14441	14441
P81,3	14442	14442
P149,3	14443	14443
P64,3	14444	14444
P61,3	14445	14445
P162,3	14446	14446
P143,3	14447	14447
P38,3	14448	14448
P4,3	14449	14449
P25,3	14450	14450
P81,3	14451	14451
P149,3	14452	14452
P64,3	14453	14453
P61,3	14454	14454
P162,3	14455	14455
P143,3	14456	14456
P38,3	14457	14457
P4,3	14458	14458
P25,3	14459	14459
P81,3	14460	14460
P149,3	14461	14461
P64,3	14462	14462
P61,3	14463	14463
P96,3	14464	14464
P181,3	14465	14465
P4,3	14466	14466
P25,3	14467	14467
P81,3	14468	14468
P149,3	14469	14469
P64,3	14470	14470
P61,3	14471	14471
P96,3	14472	14472
P181,3	14473	14473
P4,3	14474	14474
P25,3	14475	14475
P100,3	14476	14476
P173,3	14477	14477
P111,3	14478	14478
P162,3	14479	14479
P143,3	14480	14480
P107,3	14481	14481
P200,3	14482	14482
P127,3	14483	14483
P149,3	14484	14484
P64,3	14485	14485
P61,3	14486	14486
P96,3	14487	14487
P181,3	14488	14488
P4,3	14489	14489
P25,3	14490	14490
P100,3	14491	14491
P173,3	14492	14492
P111,3	14493	14493
P162,3	14494	14494
P143,3	14495	14495
P107,3	14496	14496
P200,3	14497	14497
P127,3	14498	14498
P149,3	14499	14499
P64,3	14500	14500
P162,3	14501	14501
P143,3	14502	14502
P107,3	14503	14503
P200,3	14504	14504
P127,3	14505	14505
P149,3	14506	14506
P64,3	14507	14507
P162,3	14508	14508
P143,3	14509	14509
P107,3	14510	14510
P200,3	14511	14511
P127,3	14512	14512
P149,3	14513	14513
P64,3	14514	14514
P162,3	14515	14515
P143,3	14516	14516
P107,3	14517	14517
P25,3	14518	14518
P100,3	14519	14519
P173,3	14520	14520
P162,3	14521	14521
P143,3	14522	14522
P107,3	14523	14523
P25,3	14524	14524
P100,3	14525	14525
P111,3	14526	14526
P96,3	14527	14527
P181,3	14528	14528
P200,3	14529	14529
P127,3	14530	14530
P149,3	14531	14531
P162,3	14532	14532
P143,3	14533	14533
P107,3	14534	14534
P25,3	14535	14535
P100,3	14536	14536
P111,3	14537	14537
P96,3	14538	14538
P181,3	14539	14539
P200,3	14540	14540
P127,3	14541	14541
P111,3	14542	14542
P96,3	14543	14543
P181,3	14544	14544
P200,3	14545	14545
P100,3	14546	14546
P162,3	14547	14547
P143,3	14548	14548
P107,3	14549	14549
P127,3	14550	14550
P111,3	14551	14551
P96,3	14552	14552
P181,3	14553	14553
P200,3	14554	14554
P100,3	14555	14555
P162,3	14556	14556
P143,3	14557	14557
P107,3	14558	14558
P127,3	14559	14559
P111,3	14560	14560
P96,3	14561	14561
P181,3	14562	14562
P200,3	14563	14563
P100,3	14564	14564
P162,3	14565	14565
P143,3	14566	14566
P107,3	14567	14567
P127,3	14568	14568
P111,3	14569	14569
P96,3	14570	14570
P181,3	14571	14571
P200,3	14572	14572
P100,3	14573	14573
P162,3	14574	14574
P143,3	14575	14575
P107,3	14576	14576
P127,3	14577	14577
P162,3	14578	14578
P143,3	14579	14579
P107,3	14580	14580
P127,3	14581	14581
P162,3	14582	14582
P181,3	14583	14583
P200,3	14584	14584
P162,3	14585	14585
P107,3	14586	14586
P127,3	14587	14587
P181,3	14588	14588
P200,3	14589	14589
P162,3	14590	14590
P107,3	14591	14591
P127,3	14592	14592
P181,3	14593	14593
P200,3	14594	14594
P162,3	14595	14595
P107,3	14596	14596
P127,3	14597	14597
P181,3	14598	14598
P200,3	14599	14599
P162,3	14600	14600
P107,3	14601	14601
P127,3	14602	14602
P181,3	14603	14603
P200,3	14604	14604
P162,3	14605	14605
P107,3	14606	14606
P127,3	14607	14607
P181,3	14608	14608
P200,3	14609	14609
P162,3	14610	14610
P107,3	14611	14611
P127,3	14612	14612
P181,3	14613	14613
P200,3	14614	14614
P162,3	14615	14615
P107,3	14616	14616
P127,3	14617	14617
P181,3	14618	14618
P200,3	14619	14619
P162,3	14620	14620
P107,3	14621	14621
P127,3	14622	14622
P181,3	14623	14623
P200,3	14624	14624
P162,3	14625	14625
P107,3	14626	14626
P127,3	14627	14627
P181,3	14628	14628
P200,3	14629	14629
P162,3	14630	14630
P107,3	14631	14631
P127,3	14632	14632
P181,3	14633	14633
P200,3	14634	14634
P162,3	14635	14635
P107,3	14636	14636
P127,3	14637	14637
P181,3	14638	14638
P200,3	14639	14639
P162,3	14640	14640
P107,3	14641	14641
P127,3	14642	14642
P181,3	14643	14643
P200,3	14644	14644
P162,3	14645	14645
P107,3	14646	14646
P127,3	14647	14647
P181,3	14648	14648
P200,3	14649	14649
P162,3	14650	14650
P107,3	14651	14651
P127,3	14652	14652
P181,3	14653	14653
P200,3	14654	14654
P162,3	14655	14655
P107,3	14656	14656
P127,3	14657	14657
P181,3	14658	14658
P200,3	14659	14659
P162,3	14660	14660
P200,3	14661	14661
P162,3	14662	14662
P200,3	14663	14663
P162,3	14664	14664
P127,3	14665	14665
P200,3	14666	14666
P162,3	14667	14667
P127,3	14668	14668
P200,3	14669	14669
P162,3	14670	14670
P127,3	14671	14671
P200,3	14672	14672
P162,3	14673	14680
