CPU0
P1,1	10	17
P2,1	18	19
P1,1	20	21
P2,1	22	23
P1,1	24	25
P3,1	26	27
P2,1	28	29
P1,1	30	31
P3,1	32	33
P2,1	34	35
P4,1	36	37
P5,1	38	39
P6,1	40	41
P1,1	42	43
P3,1	44	45
P2,1	46	47
P4,1	48	49
P5,1	50	51
P6,1	52	53
P7,1	54	55
P1,1	56	57
P3,1	58	59
P2,1	60	61
P4,1	62	63
P5,1	64	65
P8,1	66	67
P6,1	68	69
P7,1	70	71
P1,1	72	73
P3,1	74	75
P2,1	76	77
P9,1	78	79
P4,1	80	81
P5,1	82	83
P8,1	84	85
P6,1	86	87
P7,1	88	89
P1,1	90	91
P10,1	92	93
P3,1	94	95
P2,1	96	97
P11,1	98	99
P9,1	100	101
P4,1	102	103
P5,1	104	105
P12,1	106	107
P13,1	108	109
P8,1	110	111
P14,1	112	113
P6,1	114	115
P7,1	116	117
P1,1	118	119
P10,1	120	121
P3,1	122	123
P15,1	124	125
P2,1	126	127
P11,1	128	129
P9,1	130	131
P16,1	132	133
P17,1	134	135
P18,1	136	137
P4,1	138	139
P5,1	140	141
P12,1	142	143
P13,1	144	145
P8,1	146	147
P19,1	148	149
P14,1	150	151
P20,1	152	153
P6,1	154	155
P7,1	156	157
P1,1	158	159
P10,1	160	161
P3,1	162	163
P21,1	164	165
P22,1	166	167
P15,1	168	169
P23,1	170	171
P2,1	172	173
P11,1	174	175
P9,1	176	177
P16,1	178	179
P24,1	180	181
P17,1	182	183
P18,1	184	185
P4,1	186	187
P5,1	188	189
P12,1	190	191
P25,1	192	193
P13,1	194	195
P8,1	196	197
P26,1	198	199
P19,1	200	201
P14,1	202	203
P20,1	204	205
P6,1	206	207
P7,1	208	209
P1,1	210	211
P27,1	212	213
P10,1	214	215
P3,1	216	217
P28,1	218	219
P29,1	220	221
P21,1	222	223
P22,1	224	225
P15,1	226	227
P23,1	228	229
P2,1	230	231
P30,1	232	233
P11,1	234	235
P9,1	236	237
P16,1	238	239
P31,1	240	241
P24,1	242	243
P17,1	244	245
P18,1	246	247
P32,1	248	249
P4,1	250	251
P33,1	252	253
P5,1	254	255
P12,1	256	257
P34,1	258	259
P25,1	260	261
P13,1	262	263
P35,1	264	265
P36,1	266	267
P8,1	268	269
P37,1	270	271
P26,1	272	273
P38,1	274	275
P19,1	276	277
P14,1	278	279
P20,1	280	281
P6,1	282	283
P7,1	284	285
P1,1	286	287
P39,1	288	289
P27,1	290	291
P10,1	292	293
P3,1	294	295
P40,1	296	297
P41,1	298	299
P28,1	300	301
P29,1	302	303
P42,1	304	305
P21,1	306	307
P43,1	308	309
P22,1	310	311
P15,1	312	313
P44,1	314	315
P45,1	316	317
P23,1	318	319
P2,1	320	321
P46,1	322	323
P30,1	324	325
P11,1	326	327
P9,1	328	329
P47,1	330	331
P16,1	332	333
P31,1	334	335
P24,1	336	337
P17,1	338	339
P18,1	340	341
P48,1	342	343
P32,1	344	345
P4,1	346	347
P49,1	348	349
P33,1	350	351
P5,1	352	353
P12,1	354	355
P34,1	356	357
P25,1	358	359
P50,1	360	361
P13,1	362	363
P51,1	364	365
P35,1	366	367
P36,1	368	369
P52,1	370	371
P8,1	372	373
P53,1	374	375
P37,1	376	377
P26,1	378	379
P54,1	380	381
P38,1	382	383
P19,1	384	385
P14,1	386	387
P20,1	388	389
P6,1	390	391
P55,1	392	393
P7,1	394	395
P1,1	396	397
P39,1	398	399
P56,1	400	401
P27,1	402	403
P10,1	404	405
P3,1	406	407
P40,1	408	409
P41,1	410	411
P57,1	412	413
P28,1	414	415
P29,1	416	417
P58,1	418	419
P42,1	420	421
P59,1	422	423
P21,1	424	425
P43,1	426	427
P22,1	428	429
P60,1	430	431
P15,1	432	433
P44,1	434	435
P45,1	436	437
P23,1	438	439
P2,1	440	441
P61,1	442	443
P46,1	444	445
P30,1	446	447
P11,1	448	449
P9,1	450	451
P47,1	452	453
P16,1	454	455
P62,1	456	457
P31,1	458	459
P24,1	460	461
P63,1	462	463
P17,1	464	465
P18,1	466	467
P48,1	468	469
P32,1	470	471
P4,1	472	473
P49,1	474	475
P64,1	476	477
P33,1	478	479
P5,1	480	481
P12,1	482	483
P34,1	484	485
P25,1	486	487
P50,1	488	489
P65,1	490	491
P66,1	492	493
P13,1	494	495
P51,1	496	497
P35,1	498	499
P36,1	500	501
P52,1	502	503
P67,1	504	505
P8,1	506	507
P53,1	508	509
P37,1	510	511
P26,1	512	513
P54,1	514	515
P68,1	516	517
P38,1	518	519
P19,1	520	521
P69,1	522	523
P14,1	524	525
P20,1	526	527
P6,1	528	529
P55,1	530	531
P70,1	532	533
P7,1	534	535
P1,1	536	537
P39,1	538	539
P56,1	540	541
P71,1	542	543
P27,1	544	545
P10,1	546	547
P3,1	548	549
P40,1	550	551
P41,1	552	553
P72,1	554	555
P57,1	556	557
P28,1	558	559
P29,1	560	561
P58,1	562	563
P42,1	564	565
P59,1	566	567
P73,1	568	569
P21,1	570	571
P43,1	572	573
P22,1	574	575
P60,1	576	577
P74,1	578	579
P15,1	580	581
P44,1	582	583
P45,1	584	585
P75,1	586	587
P23,1	588	589
P2,1	590	591
P61,1	592	593
P76,1	594	595
P46,1	596	597
P30,1	598	599
P11,1	600	601
P9,1	602	603
P77,1	604	605
P47,1	606	607
P16,1	608	609
P62,1	610	611
P31,1	612	613
P78,1	614	615
P24,1	616	617
P79,1	618	619
P63,1	620	621
P17,1	622	623
P18,1	624	625
P48,1	626	627
P32,1	628	629
P80,1	630	631
P4,1	632	633
P49,1	634	635
P64,1	636	637
P33,1	638	639
P81,1	640	641
P5,1	642	643
P12,1	644	645
P34,1	646	647
P82,1	648	649
P83,1	650	651
P25,1	652	653
P50,1	654	655
P65,1	656	657
P66,1	658	659
P84,1	660	661
P13,1	662	663
P51,1	664	665
P85,1	666	667
P35,1	668	669
P86,1	670	671
P36,1	672	673
P52,1	674	675
P67,1	676	677
P8,1	678	679
P87,1	680	681
P53,1	682	683
P37,1	684	685
P88,1	686	687
P26,1	688	689
P54,1	690	691
P68,1	692	693
P38,1	694	695
P19,1	696	697
P89,1	698	699
P69,1	700	701
P14,1	702	703
P20,1	704	705
P6,1	706	707
P90,1	708	709
P55,1	710	711
P70,1	712	713
P7,1	714	715
P1,1	716	717
P39,1	718	719
P91,1	720	721
P56,1	722	723
P71,1	724	725
P27,1	726	727
P10,1	728	729
P3,1	730	731
P40,1	732	733
P92,1	734	735
P41,1	736	737
P93,1	738	739
P72,1	740	741
P57,1	742	743
P28,1	744	745
P29,1	746	747
P94,1	748	749
P58,1	750	751
P42,1	752	753
P95,1	754	755
P59,1	756	757
P73,1	758	759
P21,1	760	761
P43,1	762	763
P22,1	764	765
P60,1	766	767
P96,1	768	769
P74,1	770	771
P15,1	772	773
P44,1	774	775
P97,1	776	777
P45,1	778	779
P75,1	780	781
P23,1	782	783
P98,1	784	785
P2,1	786	787
P61,1	788	789
P76,1	790	791
P46,1	792	793
P30,1	794	795
P11,1	796	797
P99,1	798	799
P9,1	800	801
P100,1	802	803
P77,1	804	805
P47,1	806	807
P101,1	808	809
P16,1	810	811
P102,1	812	813
P62,1	814	815
P31,1	816	817
P103,1	818	819
P78,1	820	821
P104,1	822	823
P24,1	824	825
P79,1	826	827
P63,1	828	829
P17,1	830	831
P18,1	832	833
P105,1	834	835
P48,1	836	837
P106,1	838	839
P32,1	840	841
P80,1	842	843
P4,1	844	845
P49,1	846	847
P64,1	848	849
P33,1	850	851
P107,1	852	853
P108,1	854	855
P81,1	856	857
P5,1	858	859
P12,1	860	861
P109,1	862	863
P34,1	864	865
P82,1	866	867
P83,1	868	869
P25,1	870	871
P50,1	872	873
P110,1	874	875
P111,1	876	877
P65,1	878	879
P66,1	880	881
P112,1	882	883
P84,1	884	885
P113,1	886	887
P13,1	888	889
P51,1	890	891
P114,1	892	893
P85,1	894	895
P35,1	896	897
P86,1	898	899
P36,1	900	901
P52,1	902	903
P67,1	904	905
P115,1	906	907
P8,1	908	909
P87,1	910	911
P116,1	912	913
P53,1	914	915
P37,1	916	917
P88,1	918	919
P117,1	920	921
P26,1	922	923
P54,1	924	925
P68,1	926	927
P38,1	928	929
P19,1	930	931
P89,1	932	933
P118,1	934	935
P69,1	936	937
P14,1	938	939
P119,1	940	941
P20,1	942	943
P6,1	944	945
P90,1	946	947
P55,1	948	949
P70,1	950	951
P120,1	952	953
P7,1	954	955
P1,1	956	957
P39,1	958	959
P91,1	960	961
P56,1	962	963
P121,1	964	965
P71,1	966	967
P27,1	968	969
P10,1	970	971
P122,1	972	973
P3,1	974	975
P40,1	976	977
P92,1	978	979
P41,1	980	981
P123,1	982	983
P93,1	984	985
P72,1	986	987
P124,1	988	989
P125,1	990	991
P57,1	992	993
P28,1	994	995
P126,1	996	997
P29,1	998	999
P94,1	1000	1001
P58,1	1002	1003
P42,1	1004	1005
P95,1	1006	1007
P127,1	1008	1009
P59,1	1010	1011
P73,1	1012	1013
P128,1	1014	1015
P129,1	1016	1017
P21,1	1018	1019
P43,1	1020	1021
P22,1	1022	1023
P60,1	1024	1025
P96,1	1026	1027
P130,1	1028	1029
P74,1	1030	1031
P131,1	1032	1033
P15,1	1034	1035
P44,1	1036	1037
P97,1	1038	1039
P45,1	1040	1041
P132,1	1042	1043
P75,1	1044	1045
P23,1	1046	1047
P98,1	1048	1049
P2,1	1050	1051
P133,1	1052	1053
P61,1	1054	1055
P76,1	1056	1057
P46,1	1058	1059
P30,1	1060	1061
P11,1	1062	1063
P99,1	1064	1065
P134,1	1066	1067
P9,1	1068	1069
P100,1	1070	1071
P135,1	1072	1073
P77,1	1074	1075
P47,1	1076	1077
P136,1	1078	1079
P101,1	1080	1081
P16,1	1082	1083
P102,1	1084	1085
P62,1	1086	1087
P137,1	1088	1089
P31,1	1090	1091
P103,1	1092	1093
P138,1	1094	1095
P78,1	1096	1097
P104,1	1098	1099
P24,1	1100	1101
P79,1	1102	1103
P63,1	1104	1105
P139,1	1106	1107
P17,1	1108	1109
P18,1	1110	1111
P105,1	1112	1113
P140,1	1114	1115
P48,1	1116	1117
P106,1	1118	1119
P32,1	1120	1121
P80,1	1122	1123
P141,1	1124	1125
P4,1	1126	1127
P49,1	1128	1129
P64,1	1130	1131
P33,1	1132	1133
P107,1	1134	1135
P142,1	1136	1137
P108,1	1138	1139
P81,1	1140	1141
P143,1	1142	1143
P5,1	1144	1145
P12,1	1146	1147
P109,1	1148	1149
P34,1	1150	1151
P82,1	1152	1153
P144,1	1154	1155
P83,1	1156	1157
P145,1	1158	1159
P25,1	1160	1161
P50,1	1162	1163
P146,1	1164	1165
P110,1	1166	1167
P111,1	1168	1169
P65,1	1170	1171
P66,1	1172	1173
P112,1	1174	1175
P84,1	1176	1177
P147,1	1178	1179
P113,1	1180	1181
P13,1	1182	1183
P51,1	1184	1185
P114,1	1186	1187
P148,1	1188	1189
P85,1	1190	1191
P35,1	1192	1193
P86,1	1194	1195
P36,1	1196	1197
P52,1	1198	1199
P67,1	1200	1201
P149,1	1202	1203
P115,1	1204	1205
P8,1	1206	1207
P87,1	1208	1209
P116,1	1210	1211
P53,1	1212	1213
P150,1	1214	1215
P37,1	1216	1217
P88,1	1218	1219
P117,1	1220	1221
P26,1	1222	1223
P151,1	1224	1225
P54,1	1226	1227
P152,1	1228	1229
P68,1	1230	1231
P38,1	1232	1233
P19,1	1234	1235
P89,1	1236	1237
P118,1	1238	1239
P153,1	1240	1241
P69,1	1242	1243
P154,1	1244	1245
P14,1	1246	1247
P119,1	1248	1249
P155,1	1250	1251
P20,1	1252	1253
P6,1	1254	1255
P90,1	1256	1257
P156,1	1258	1259
P55,1	1260	1261
P70,1	1262	1263
P120,1	1264	1265
P7,1	1266	1267
P39,1	1268	1269
P157,1	1270	1271
P91,1	1272	1273
P56,1	1274	1275
P158,1	1276	1277
P121,1	1278	1279
P71,1	1280	1281
P159,1	1282	1283
P27,1	1284	1285
P10,1	1286	1287
P122,1	1288	1289
P160,1	1290	1291
P3,1	1292	1293
P40,1	1294	1295
P161,1	1296	1297
P92,1	1298	1299
P162,1	1300	1301
P41,1	1302	1303
P123,1	1304	1305
P93,1	1306	1307
P72,1	1308	1309
P124,1	1310	1311
P125,1	1312	1313
P163,1	1314	1315
P57,1	1316	1317
P164,1	1318	1319
P165,1	1320	1321
P28,1	1322	1323
P126,1	1324	1325
P29,1	1326	1327
P94,1	1328	1329
P58,1	1330	1331
P42,1	1332	1333
P166,1	1334	1335
P95,1	1336	1337
P167,1	1338	1339
P127,1	1340	1341
P59,1	1342	1343
P73,1	1344	1345
P128,1	1346	1347
P129,1	1348	1349
P21,1	1350	1351
P168,1	1352	1353
P43,1	1354	1355
P22,1	1356	1357
P60,1	1358	1359
P169,1	1360	1361
P170,1	1362	1363
P96,1	1364	1365
P130,1	1366	1367
P74,1	1368	1369
P131,1	1370	1371
P15,1	1372	1373
P171,1	1374	1375
P44,1	1376	1377
P97,1	1378	1379
P172,1	1380	1381
P45,1	1382	1383
P132,1	1384	1385
P75,1	1386	1387
P23,1	1388	1389
P98,1	1390	1391
P2,1	1392	1393
P173,1	1394	1395
P133,1	1396	1397
P61,1	1398	1399
P76,1	1400	1401
P46,1	1402	1403
P174,1	1404	1405
P30,1	1406	1407
P11,1	1408	1409
P99,1	1410	1411
P175,1	1412	1413
P134,1	1414	1415
P176,1	1416	1417
P177,1	1418	1419
P178,1	1420	1421
P9,1	1422	1423
P100,1	1424	1425
P135,1	1426	1427
P77,1	1428	1429
P179,1	1430	1431
P47,1	1432	1433
P136,1	1434	1435
P101,1	1436	1437
P180,1	1438	1439
P181,1	1440	1441
P16,1	1442	1443
P102,1	1444	1445
P62,1	1446	1447
P137,1	1448	1449
P182,1	1450	1451
P183,1	1452	1453
P31,1	1454	1455
P103,1	1456	1457
P184,1	1458	1459
P138,1	1460	1461
P78,1	1462	1463
P104,1	1464	1465
P24,1	1466	1467
P185,1	1468	1469
P79,1	1470	1471
P186,1	1472	1473
P63,1	1474	1475
P139,1	1476	1477
P17,1	1478	1479
P18,1	1480	1481
P105,1	1482	1483
P140,1	1484	1485
P187,1	1486	1487
P48,1	1488	1489
P106,1	1490	1491
P32,1	1492	1493
P80,1	1494	1495
P141,1	1496	1497
P188,1	1498	1499
P4,1	1500	1501
P49,1	1502	1503
P64,1	1504	1505
P33,1	1506	1507
P107,1	1508	1509
P189,1	1510	1511
P142,1	1512	1513
P190,1	1514	1515
P108,1	1516	1517
P81,1	1518	1519
P143,1	1520	1521
P191,1	1522	1523
P5,1	1524	1525
P12,1	1526	1527
P109,1	1528	1529
P34,1	1530	1531
P192,1	1532	1533
P82,1	1534	1535
P144,1	1536	1537
P83,1	1538	1539
P145,1	1540	1541
P193,1	1542	1543
P25,1	1544	1545
P50,1	1546	1547
P146,1	1548	1549
P110,1	1550	1551
P111,1	1552	1553
P194,1	1554	1555
P195,1	1556	1557
P65,1	1558	1559
P66,1	1560	1561
P112,1	1562	1563
P84,1	1564	1565
P147,1	1566	1567
P113,1	1568	1569
P196,1	1570	1571
P13,1	1572	1573
P51,1	1574	1575
P114,1	1576	1577
P148,1	1578	1579
P85,1	1580	1581
P197,1	1582	1583
P35,1	1584	1585
P86,1	1586	1587
P198,1	1588	1589
P36,1	1590	1591
P52,1	1592	1593
P67,1	1594	1595
P149,1	1596	1597
P199,1	1598	1599
P115,1	1600	1601
P8,1	1602	1603
P87,1	1604	1605
P200,1	1606	1607
P116,1	1608	1609
P53,1	1610	1611
P150,1	1612	1613
P37,1	1614	1615
P88,1	1616	1617
P117,1	1618	1619
P26,1	1620	1621
P151,1	1622	1623
P54,1	1624	1625
P152,1	1626	1627
P68,1	1628	1629
P38,1	1630	1631
P19,1	1632	1633
P89,1	1634	1635
P118,1	1636	1637
P153,1	1638	1639
P69,1	1640	1641
P154,1	1642	1643
P14,1	1644	1645
P119,1	1646	1647
P155,1	1648	1649
P20,1	1650	1651
P6,1	1652	1653
P90,1	1654	1655
P156,1	1656	1657
P55,1	1658	1659
P70,1	1660	1661
P120,1	1662	1663
P7,1	1664	1665
P39,1	1666	1667
P157,1	1668	1669
P91,1	1670	1671
P56,1	1672	1673
P158,1	1674	1675
P121,1	1676	1677
P71,1	1678	1679
P159,1	1680	1681
P27,1	1682	1683
P10,1	1684	1685
P122,1	1686	1687
P160,1	1688	1689
P40,1	1690	1691
P161,1	1692	1693
P92,1	1694	1695
P162,1	1696	1697
P41,1	1698	1699
P123,1	1700	1701
P93,1	1702	1703
P72,1	1704	1705
P124,1	1706	1707
P125,1	1708	1709
P163,1	1710	1711
P57,1	1712	1713
P164,1	1714	1715
P165,1	1716	1717
P28,1	1718	1719
P126,1	1720	1721
P29,1	1722	1723
P94,1	1724	1725
P58,1	1726	1727
P42,1	1728	1729
P166,1	1730	1731
P95,1	1732	1733
P167,1	1734	1735
P127,1	1736	1737
P59,1	1738	1739
P73,1	1740	1741
P128,1	1742	1743
P129,1	1744	1745
P21,1	1746	1747
P168,1	1748	1749
P43,1	1750	1751
P22,1	1752	1753
P60,1	1754	1755
P169,1	1756	1757
P170,1	1758	1759
P96,1	1760	1761
P130,1	1762	1763
P74,1	1764	1765
P131,1	1766	1767
P15,1	1768	1769
P171,1	1770	1771
P44,1	1772	1773
P97,1	1774	1775
P172,1	1776	1777
P45,1	1778	1779
P132,1	1780	1781
P75,1	1782	1783
P23,1	1784	1785
P98,1	1786	1787
P2,1	1788	1789
P173,1	1790	1791
P133,1	1792	1793
P61,1	1794	1795
P76,1	1796	1797
P46,1	1798	1799
P174,1	1800	1801
P30,1	1802	1803
P11,1	1804	1805
P99,1	1806	1807
P175,1	1808	1809
P134,1	1810	1811
P176,1	1812	1813
P177,1	1814	1815
P178,1	1816	1817
P9,1	1818	1819
P100,1	1820	1821
P135,1	1822	1823
P77,1	1824	1825
P179,1	1826	1827
P47,1	1828	1829
P136,1	1830	1831
P101,1	1832	1833
P180,1	1834	1835
P181,1	1836	1837
P16,1	1838	1839
P102,1	1840	1841
P62,1	1842	1843
P137,1	1844	1845
P182,1	1846	1847
P183,1	1848	1849
P31,1	1850	1851
P103,1	1852	1853
P184,1	1854	1855
P138,1	1856	1857
P78,1	1858	1859
P104,1	1860	1861
P24,1	1862	1863
P185,1	1864	1865
P79,1	1866	1867
P186,1	1868	1869
P63,1	1870	1871
P139,1	1872	1873
P17,1	1874	1875
P18,1	1876	1877
P105,1	1878	1879
P140,1	1880	1881
P187,1	1882	1883
P48,1	1884	1885
P106,1	1886	1887
P32,1	1888	1889
P80,1	1890	1891
P141,1	1892	1893
P188,1	1894	1895
P4,1	1896	1897
P49,1	1898	1899
P64,1	1900	1901
P33,1	1902	1903
P107,1	1904	1905
P189,1	1906	1907
P142,1	1908	1909
P190,1	1910	1911
P108,1	1912	1913
P81,1	1914	1915
P143,1	1916	1917
P191,1	1918	1919
P5,1	1920	1921
P12,1	1922	1923
P109,1	1924	1925
P34,1	1926	1927
P192,1	1928	1929
P82,1	1930	1931
P144,1	1932	1933
P83,1	1934	1935
P145,1	1936	1937
P193,1	1938	1939
P25,1	1940	1941
P50,1	1942	1943
P146,1	1944	1945
P110,1	1946	1947
P111,1	1948	1949
P194,1	1950	1951
P195,1	1952	1953
P65,1	1954	1955
P66,1	1956	1957
P112,1	1958	1959
P84,1	1960	1961
P147,1	1962	1963
P113,1	1964	1965
P196,1	1966	1967
P13,1	1968	1969
P51,1	1970	1971
P114,1	1972	1973
P148,1	1974	1975
P85,1	1976	1977
P197,1	1978	1979
P35,1	1980	1981
P86,1	1982	1983
P198,1	1984	1985
P36,1	1986	1987
P52,1	1988	1989
P67,1	1990	1991
P149,1	1992	1993
P199,1	1994	1995
P115,1	1996	1997
P8,1	1998	1999
P87,1	2000	2001
P200,1	2002	2003
P116,1	2004	2005
P53,1	2006	2007
P150,1	2008	2009
P37,1	2010	2011
P88,1	2012	2013
P117,1	2014	2015
P26,1	2016	2017
P151,1	2018	2019
P54,1	2020	2021
P152,1	2022	2023
P68,1	2024	2025
P38,1	2026	2027
P19,1	2028	2029
P89,1	2030	2031
P118,1	2032	2033
P153,1	2034	2035
P69,1	2036	2037
P154,1	2038	2039
P14,1	2040	2041
P119,1	2042	2043
P155,1	2044	2045
P20,1	2046	2047
P6,1	2048	2049
P90,1	2050	2051
P156,1	2052	2053
P55,1	2054	2055
P70,1	2056	2057
P120,1	2058	2059
P7,1	2060	2061
P39,1	2062	2063
P157,1	2064	2065
P91,1	2066	2067
P56,1	2068	2069
P158,1	2070	2071
P121,1	2072	2073
P71,1	2074	2075
P159,1	2076	2077
P27,1	2078	2079
P10,1	2080	2081
P122,1	2082	2083
P160,1	2084	2085
P40,1	2086	2087
P161,1	2088	2089
P92,1	2090	2091
P162,1	2092	2093
P41,1	2094	2095
P123,1	2096	2097
P93,1	2098	2099
P72,1	2100	2101
P124,1	2102	2103
P125,1	2104	2105
P163,1	2106	2107
P57,1	2108	2109
P164,1	2110	2111
P165,1	2112	2113
P28,1	2114	2115
P126,1	2116	2117
P29,1	2118	2119
P94,1	2120	2121
P58,1	2122	2123
P42,1	2124	2125
P166,1	2126	2127
P95,1	2128	2129
P167,1	2130	2131
P127,1	2132	2133
P59,1	2134	2135
P73,1	2136	2137
P128,1	2138	2139
P129,1	2140	2141
P21,1	2142	2143
P168,1	2144	2145
P43,1	2146	2147
P22,1	2148	2149
P60,1	2150	2151
P169,1	2152	2153
P170,1	2154	2155
P96,1	2156	2157
P130,1	2158	2159
P74,1	2160	2161
P131,1	2162	2163
P15,1	2164	2165
P171,1	2166	2167
P44,1	2168	2169
P97,1	2170	2171
P172,1	2172	2173
P45,1	2174	2175
P132,1	2176	2177
P75,1	2178	2179
P23,1	2180	2181
P98,1	2182	2183
P2,1	2184	2185
P173,1	2186	2187
P133,1	2188	2189
P61,1	2190	2191
P76,1	2192	2193
P46,1	2194	2195
P174,1	2196	2197
P30,1	2198	2199
P11,1	2200	2201
P99,1	2202	2203
P175,1	2204	2205
P134,1	2206	2207
P176,1	2208	2209
P177,1	2210	2211
P178,1	2212	2213
P9,1	2214	2215
P100,1	2216	2217
P135,1	2218	2219
P77,1	2220	2221
P179,1	2222	2223
P47,1	2224	2225
P136,1	2226	2227
P101,1	2228	2229
P180,1	2230	2231
P181,1	2232	2233
P16,1	2234	2235
P102,1	2236	2237
P62,1	2238	2239
P137,1	2240	2241
P182,1	2242	2243
P183,1	2244	2245
P31,1	2246	2247
P103,1	2248	2249
P184,1	2250	2251
P138,1	2252	2253
P78,1	2254	2255
P104,1	2256	2257
P24,1	2258	2259
P185,1	2260	2261
P79,1	2262	2263
P186,1	2264	2265
P63,1	2266	2267
P139,1	2268	2269
P17,1	2270	2271
P18,1	2272	2273
P105,1	2274	2275
P140,1	2276	2277
P187,1	2278	2279
P48,1	2280	2281
P106,1	2282	2283
P32,1	2284	2285
P80,1	2286	2287
P141,1	2288	2289
P188,1	2290	2291
P4,1	2292	2293
P49,1	2294	2295
P64,1	2296	2297
P33,1	2298	2299
P107,1	2300	2301
P189,1	2302	2303
P142,1	2304	2305
P190,1	2306	2307
P108,1	2308	2309
P81,1	2310	2311
P143,1	2312	2313
P191,1	2314	2315
P5,1	2316	2317
P12,1	2318	2319
P109,1	2320	2321
P34,1	2322	2323
P192,1	2324	2325
P82,1	2326	2327
P144,1	2328	2329
P83,1	2330	2331
P145,1	2332	2333
P193,1	2334	2335
P25,1	2336	2337
P50,1	2338	2339
P146,1	2340	2341
P110,1	2342	2343
P111,1	2344	2345
P194,1	2346	2347
P195,1	2348	2349
P65,1	2350	2351
P66,1	2352	2353
P112,1	2354	2355
P84,1	2356	2357
P147,1	2358	2359
P113,1	2360	2361
P196,1	2362	2363
P13,1	2364	2365
P51,1	2366	2367
P114,1	2368	2369
P148,1	2370	2371
P85,1	2372	2373
P197,1	2374	2375
P35,1	2376	2377
P86,1	2378	2379
P198,1	2380	2381
P36,1	2382	2383
P52,1	2384	2385
P67,1	2386	2387
P149,1	2388	2389
P199,1	2390	2391
P115,1	2392	2393
P8,1	2394	2395
P87,1	2396	2397
P200,1	2398	2399
P116,1	2400	2401
P53,1	2402	2403
P150,1	2404	2405
P37,1	2406	2407
P88,1	2408	2409
P117,1	2410	2411
P26,1	2412	2413
P151,1	2414	2415
P54,1	2416	2417
P152,1	2418	2419
P68,1	2420	2421
P38,1	2422	2423
P19,1	2424	2425
P89,1	2426	2427
P118,1	2428	2429
P153,1	2430	2431
P69,1	2432	2433
P154,1	2434	2435
P14,1	2436	2437
P119,1	2438	2439
P155,1	2440	2441
P20,1	2442	2443
P6,1	2444	2445
P90,1	2446	2447
P156,1	2448	2449
P55,1	2450	2451
P70,1	2452	2453
P120,1	2454	2455
P7,1	2456	2457
P39,1	2458	2459
P157,1	2460	2461
P91,1	2462	2463
P56,1	2464	2465
P158,1	2466	2467
P121,1	2468	2469
P71,1	2470	2471
P159,1	2472	2473
P27,1	2474	2475
P10,1	2476	2477
P122,1	2478	2479
P160,1	2480	2481
P40,1	2482	2483
P161,1	2484	2485
P92,1	2486	2487
P162,1	2488	2489
P41,1	2490	2491
P123,1	2492	2493
P93,1	2494	2495
P72,1	2496	2497
P124,1	2498	2499
P125,1	2500	2501
P163,1	2502	2503
P57,1	2504	2505
P164,1	2506	2507
P165,1	2508	2509
P28,1	2510	2511
P126,1	2512	2513
P29,1	2514	2515
P94,1	2516	2517
P58,1	2518	2519
P42,1	2520	2521
P166,1	2522	2523
P95,1	2524	2525
P167,1	2526	2527
P127,1	2528	2529
P59,1	2530	2531
P73,1	2532	2533
P128,1	2534	2535
P129,1	2536	2537
P21,1	2538	2539
P168,1	2540	2541
P43,1	2542	2543
P22,1	2544	2545
P60,1	2546	2547
P169,1	2548	2549
P170,1	2550	2551
P96,1	2552	2553
P130,1	2554	2555
P74,1	2556	2557
P131,1	2558	2559
P15,1	2560	2561
P171,1	2562	2563
P44,1	2564	2565
P97,1	2566	2567
P172,1	2568	2569
P45,1	2570	2571
P132,1	2572	2573
P75,1	2574	2575
P23,1	2576	2577
P98,1	2578	2579
P2,1	2580	2581
P173,1	2582	2583
P133,1	2584	2585
P61,1	2586	2587
P76,1	2588	2589
P46,1	2590	2591
P174,1	2592	2593
P30,1	2594	2595
P11,1	2596	2597
P99,1	2598	2599
P175,1	2600	2601
P134,1	2602	2603
P176,1	2604	2605
P177,1	2606	2607
P178,1	2608	2609
P9,1	2610	2611
P100,1	2612	2613
P135,1	2614	2615
P77,1	2616	2617
P179,1	2618	2619
P47,1	2620	2621
P136,1	2622	2623
P101,1	2624	2625
P180,1	2626	2627
P181,1	2628	2629
P16,1	2630	2631
P102,1	2632	2633
P62,1	2634	2635
P137,1	2636	2637
P182,1	2638	2639
P183,1	2640	2641
P31,1	2642	2643
P103,1	2644	2645
P184,1	2646	2647
P138,1	2648	2649
P78,1	2650	2651
P104,1	2652	2653
P24,1	2654	2655
P185,1	2656	2657
P79,1	2658	2659
P186,1	2660	2661
P63,1	2662	2663
P139,1	2664	2665
P17,1	2666	2667
P18,1	2668	2669
P105,1	2670	2671
P140,1	2672	2673
P187,1	2674	2675
P48,1	2676	2677
P106,1	2678	2679
P32,1	2680	2681
P80,1	2682	2683
P141,1	2684	2685
P188,1	2686	2687
P4,1	2688	2689
P49,1	2690	2691
P64,1	2692	2693
P33,1	2694	2695
P107,1	2696	2697
P189,1	2698	2699
P142,1	2700	2701
P190,1	2702	2703
P108,1	2704	2705
P81,1	2706	2707
P143,1	2708	2709
P191,1	2710	2711
P5,1	2712	2713
P12,1	2714	2715
P109,1	2716	2717
P34,1	2718	2719
P192,1	2720	2721
P82,1	2722	2723
P144,1	2724	2725
P83,1	2726	2727
P145,1	2728	2729
P193,1	2730	2731
P25,1	2732	2733
P50,1	2734	2735
P146,1	2736	2737
P110,1	2738	2739
P111,1	2740	2741
P194,1	2742	2743
P195,1	2744	2745
P65,1	2746	2747
P66,1	2748	2749
P112,1	2750	2751
P84,1	2752	2753
P147,1	2754	2755
P113,1	2756	2757
P196,1	2758	2759
P13,1	2760	2761
P51,1	2762	2763
P114,1	2764	2765
P148,1	2766	2767
P85,1	2768	2769
P197,1	2770	2771
P35,1	2772	2773
P86,1	2774	2775
P198,1	2776	2777
P36,1	2778	2779
P52,1	2780	2781
P67,1	2782	2783
P149,1	2784	2785
P199,1	2786	2787
P115,1	2788	2789
P8,1	2790	2791
P87,1	2792	2793
P200,1	2794	2795
P116,1	2796	2797
P53,1	2798	2799
P150,1	2800	2801
P37,1	2802	2803
P88,1	2804	2805
P117,1	2806	2807
P26,1	2808	2809
P151,1	2810	2811
P54,1	2812	2813
P152,1	2814	2815
P68,1	2816	2817
P38,1	2818	2819
P19,1	2820	2821
P89,1	2822	2823
P118,1	2824	2825
P153,1	2826	2827
P69,1	2828	2829
P154,1	2830	2831
P14,1	2832	2833
P119,1	2834	2835
P155,1	2836	2837
P20,1	2838	2839
P6,1	2840	2841
P90,1	2842	2843
P156,1	2844	2845
P55,1	2846	2847
P70,1	2848	2849
P120,1	2850	2851
P7,1	2852	2853
P39,1	2854	2855
P157,1	2856	2857
P91,1	2858	2859
P56,1	2860	2861
P158,1	2862	2863
P121,1	2864	2865
P71,1	2866	2867
P159,1	2868	2869
P27,1	2870	2871
P10,1	2872	2873
P122,1	2874	2875
P160,1	2876	2877
P40,1	2878	2879
P161,1	2880	2881
P92,1	2882	2883
P162,1	2884	2885
P41,1	2886	2887
P123,1	2888	2889
P93,1	2890	2891
P72,1	2892	2893
P124,1	2894	2895
P125,1	2896	2897
P163,1	2898	2899
P57,1	2900	2901
P164,1	2902	2903
P165,1	2904	2905
P28,1	2906	2907
P126,1	2908	2909
P29,1	2910	2911
P94,1	2912	2913
P58,1	2914	2915
P42,1	2916	2917
P166,1	2918	2919
P95,1	2920	2921
P167,1	2922	2923
P127,1	2924	2925
P59,1	2926	2927
P73,1	2928	2929
P128,1	2930	2931
P129,1	2932	2933
P21,1	2934	2935
P168,1	2936	2937
P43,1	2938	2939
P22,1	2940	2941
P60,1	2942	2943
P169,1	2944	2945
P170,1	2946	2947
P96,1	2948	2949
P130,1	2950	2951
P74,1	2952	2953
P131,1	2954	2955
P15,1	2956	2957
P171,1	2958	2959
P44,1	2960	2961
P97,1	2962	2963
P172,1	2964	2965
P45,1	2966	2967
P132,1	2968	2969
P75,1	2970	2971
P23,1	2972	2973
P98,1	2974	2975
P2,1	2976	2977
P173,1	2978	2979
P133,1	2980	2981
P61,1	2982	2983
P76,1	2984	2985
P46,1	2986	2987
P174,1	2988	2989
P30,1	2990	2991
P11,1	2992	2993
P99,1	2994	2995
P175,1	2996	2997
P134,1	2998	2999
P176,1	3000	3001
P177,1	3002	3003
P178,1	3004	3005
P9,1	3006	3007
P100,1	3008	3009
P135,1	3010	3011
P77,1	3012	3013
P179,1	3014	3015
P47,1	3016	3017
P136,1	3018	3019
P101,1	3020	3021
P180,1	3022	3023
P181,1	3024	3025
P16,1	3026	3027
P102,1	3028	3029
P62,1	3030	3031
P137,1	3032	3033
P182,1	3034	3035
P183,1	3036	3037
P31,1	3038	3039
P103,1	3040	3041
P184,1	3042	3043
P138,1	3044	3045
P78,1	3046	3047
P104,1	3048	3049
P24,1	3050	3051
P185,1	3052	3053
P79,1	3054	3055
P186,1	3056	3057
P63,1	3058	3059
P139,1	3060	3061
P17,1	3062	3063
P18,1	3064	3065
P105,1	3066	3067
P140,1	3068	3069
P187,1	3070	3071
P48,1	3072	3073
P106,1	3074	3075
P32,1	3076	3077
P80,1	3078	3079
P141,1	3080	3081
P188,1	3082	3083
P4,1	3084	3085
P49,1	3086	3087
P64,1	3088	3089
P33,1	3090	3091
P107,1	3092	3093
P189,1	3094	3095
P142,1	3096	3097
P190,1	3098	3099
P108,1	3100	3101
P81,1	3102	3103
P143,1	3104	3105
P191,1	3106	3107
P5,1	3108	3109
P12,1	3110	3111
P109,1	3112	3113
P34,1	3114	3115
P192,1	3116	3117
P82,1	3118	3119
P144,1	3120	3121
P83,1	3122	3123
P145,1	3124	3125
P193,1	3126	3127
P25,1	3128	3129
P50,1	3130	3131
P146,1	3132	3133
P110,1	3134	3135
P111,1	3136	3137
P194,1	3138	3139
P195,1	3140	3141
P65,1	3142	3143
P66,1	3144	3145
P112,1	3146	3147
P84,1	3148	3149
P147,1	3150	3151
P113,1	3152	3153
P196,1	3154	3155
P13,1	3156	3157
P51,1	3158	3159
P114,1	3160	3161
P148,1	3162	3163
P85,1	3164	3165
P197,1	3166	3167
P35,1	3168	3169
P86,1	3170	3171
P198,1	3172	3173
P36,1	3174	3175
P52,1	3176	3177
P67,1	3178	3179
P149,1	3180	3181
P199,1	3182	3183
P115,1	3184	3185
P8,1	3186	3187
P87,1	3188	3189
P200,1	3190	3191
P116,1	3192	3193
P53,1	3194	3195
P150,1	3196	3197
P37,1	3198	3199
P88,1	3200	3201
P117,1	3202	3203
P26,1	3204	3205
P151,1	3206	3207
P54,1	3208	3209
P152,1	3210	3211
P68,1	3212	3213
P38,1	3214	3215
P19,1	3216	3217
P89,1	3218	3219
P118,1	3220	3221
P153,1	3222	3223
P69,1	3224	3225
P154,1	3226	3227
P14,1	3228	3229
P119,1	3230	3231
P155,1	3232	3233
P20,1	3234	3235
P6,1	3236	3237
P90,1	3238	3239
P156,1	3240	3241
P55,1	3242	3243
P70,1	3244	3245
P120,1	3246	3247
P7,1	3248	3249
P39,1	3250	3251
P157,1	3252	3253
P91,1	3254	3255
P56,1	3256	3257
P158,1	3258	3259
P121,1	3260	3261
P71,1	3262	3263
P159,1	3264	3265
P27,1	3266	3267
P10,1	3268	3269
P122,1	3270	3271
P160,1	3272	3273
P40,1	3274	3275
P161,1	3276	3277
P92,1	3278	3279
P162,1	3280	3281
P41,1	3282	3283
P123,1	3284	3285
P93,1	3286	3287
P72,1	3288	3289
P124,1	3290	3291
P125,1	3292	3293
P163,1	3294	3295
P57,1	3296	3297
P164,1	3298	3299
P165,1	3300	3301
P28,1	3302	3303
P126,1	3304	3305
P29,1	3306	3307
P94,1	3308	3309
P58,1	3310	3311
P42,1	3312	3313
P166,1	3314	3315
P95,1	3316	3317
P167,1	3318	3319
P127,1	3320	3321
P59,1	3322	3323
P73,1	3324	3325
P128,1	3326	3327
P129,1	3328	3329
P21,1	3330	3331
P168,1	3332	3333
P43,1	3334	3335
P22,1	3336	3337
P60,1	3338	3339
P169,1	3340	3341
P170,1	3342	3343
P96,1	3344	3345
P130,1	3346	3347
P74,1	3348	3349
P131,1	3350	3351
P15,1	3352	3353
P171,1	3354	3355
P44,1	3356	3357
P97,1	3358	3359
P172,1	3360	3361
P45,1	3362	3363
P132,1	3364	3365
P75,1	3366	3367
P23,1	3368	3369
P98,1	3370	3371
P2,1	3372	3373
P173,1	3374	3375
P133,1	3376	3377
P61,1	3378	3379
P76,1	3380	3381
P46,1	3382	3383
P174,1	3384	3385
P30,1	3386	3387
P11,1	3388	3389
P99,1	3390	3391
P175,1	3392	3393
P134,1	3394	3395
P176,1	3396	3397
P177,1	3398	3399
P178,1	3400	3401
P9,1	3402	3403
P100,1	3404	3405
P135,1	3406	3407
P77,1	3408	3409
P179,1	3410	3411
P47,1	3412	3413
P136,1	3414	3415
P101,1	3416	3417
P180,1	3418	3419
P181,1	3420	3421
P16,1	3422	3423
P102,1	3424	3425
P62,1	3426	3427
P137,1	3428	3429
P182,1	3430	3431
P183,1	3432	3433
P31,1	3434	3435
P103,1	3436	3437
P184,1	3438	3439
P138,1	3440	3441
P78,1	3442	3443
P104,1	3444	3445
P24,1	3446	3447
P185,1	3448	3449
P79,1	3450	3451
P186,1	3452	3453
P63,1	3454	3455
P139,1	3456	3457
P17,1	3458	3459
P18,1	3460	3461
P105,1	3462	3463
P140,1	3464	3465
P187,1	3466	3467
P48,1	3468	3469
P106,1	3470	3471
P32,1	3472	3473
P80,1	3474	3475
P141,1	3476	3477
P188,1	3478	3479
P4,1	3480	3481
P49,1	3482	3483
P64,1	3484	3485
P33,1	3486	3487
P107,1	3488	3489
P189,1	3490	3491
P142,1	3492	3493
P190,1	3494	3495
P108,1	3496	3497
P81,1	3498	3499
P143,1	3500	3501
P191,1	3502	3503
P5,1	3504	3505
P12,1	3506	3507
P109,1	3508	3509
P34,1	3510	3511
P192,1	3512	3513
P82,1	3514	3515
P144,1	3516	3517
P83,1	3518	3519
P145,1	3520	3521
P193,1	3522	3523
P25,1	3524	3525
P50,1	3526	3527
P146,1	3528	3529
P110,1	3530	3531
P111,1	3532	3533
P194,1	3534	3535
P195,1	3536	3537
P65,1	3538	3539
P66,1	3540	3541
P112,1	3542	3543
P84,1	3544	3545
P147,1	3546	3547
P113,1	3548	3549
P196,1	3550	3551
P13,1	3552	3553
P51,1	3554	3555
P114,1	3556	3557
P148,1	3558	3559
P85,1	3560	3561
P197,1	3562	3563
P35,1	3564	3565
P86,1	3566	3567
P198,1	3568	3569
P36,1	3570	3571
P52,1	3572	3573
P67,1	3574	3575
P149,1	3576	3577
P199,1	3578	3579
P115,1	3580	3581
P8,1	3582	3583
P87,1	3584	3585
P200,1	3586	3587
P116,1	3588	3589
P53,1	3590	3591
P150,1	3592	3593
P37,1	3594	3595
P88,1	3596	3597
P117,1	3598	3599
P26,1	3600	3601
P151,1	3602	3603
P54,1	3604	3605
P152,1	3606	3607
P68,1	3608	3609
P38,1	3610	3611
P19,1	3612	3613
P89,1	3614	3615
P118,1	3616	3617
P153,1	3618	3619
P69,1	3620	3621
P154,1	3622	3623
P14,1	3624	3625
P119,1	3626	3627
P155,1	3628	3629
P20,1	3630	3631
P6,1	3632	3633
P90,1	3634	3635
P156,1	3636	3637
P55,1	3638	3639
P70,1	3640	3641
P120,1	3642	3643
P7,1	3644	3645
P39,1	3646	3647
P157,1	3648	3649
P91,1	3650	3651
P56,1	3652	3653
P158,1	3654	3655
P121,1	3656	3657
P71,1	3658	3659
P159,1	3660	3661
P27,1	3662	3663
P10,1	3664	3665
P122,1	3666	3667
P160,1	3668	3669
P40,1	3670	3671
P161,1	3672	3673
P92,1	3674	3675
P162,1	3676	3677
P41,1	3678	3679
P123,1	3680	3681
P93,1	3682	3683
P72,1	3684	3685
P124,1	3686	3687
P125,1	3688	3689
P163,1	3690	3691
P57,1	3692	3693
P164,1	3694	3695
P165,1	3696	3697
P28,1	3698	3699
P126,1	3700	3701
P29,1	3702	3703
P94,1	3704	3705
P58,1	3706	3707
P42,1	3708	3709
P166,1	3710	3711
P95,1	3712	3713
P167,1	3714	3715
P127,1	3716	3717
P59,1	3718	3719
P73,1	3720	3721
P128,1	3722	3723
P129,1	3724	3725
P21,1	3726	3727
P168,1	3728	3729
P43,1	3730	3731
P22,1	3732	3733
P60,1	3734	3735
P169,1	3736	3737
P170,1	3738	3739
P96,1	3740	3741
P130,1	3742	3743
P74,1	3744	3745
P131,1	3746	3747
P15,1	3748	3749
P171,1	3750	3751
P44,1	3752	3753
P97,1	3754	3755
P172,1	3756	3757
P45,1	3758	3759
P132,1	3760	3761
P75,1	3762	3763
P23,1	3764	3765
P98,1	3766	3767
P2,1	3768	3769
P173,1	3770	3771
P133,1	3772	3773
P61,1	3774	3775
P76,1	3776	3777
P46,1	3778	3779
P174,1	3780	3781
P30,1	3782	3783
P11,1	3784	3785
P99,1	3786	3787
P175,1	3788	3789
P134,1	3790	3791
P176,1	3792	3793
P177,1	3794	3795
P178,1	3796	3797
P9,1	3798	3799
P100,1	3800	3801
P135,1	3802	3803
P77,1	3804	3805
P179,1	3806	3807
P47,1	3808	3809
P136,1	3810	3811
P101,1	3812	3813
P180,1	3814	3815
P181,1	3816	3817
P16,1	3818	3819
P102,1	3820	3821
P62,1	3822	3823
P137,1	3824	3825
P182,1	3826	3827
P183,1	3828	3829
P31,1	3830	3831
P103,1	3832	3833
P184,1	3834	3835
P138,1	3836	3837
P78,1	3838	3839
P104,1	3840	3841
P24,1	3842	3843
P185,1	3844	3845
P79,1	3846	3847
P186,1	3848	3849
P63,1	3850	3851
P139,1	3852	3853
P17,1	3854	3855
P18,1	3856	3857
P105,1	3858	3859
P140,1	3860	3861
P187,1	3862	3863
P48,1	3864	3865
P106,1	3866	3867
P32,1	3868	3869
P80,1	3870	3871
P141,1	3872	3873
P188,1	3874	3875
P4,1	3876	3877
P49,1	3878	3879
P64,1	3880	3881
P33,1	3882	3883
P107,1	3884	3885
P189,1	3886	3887
P142,1	3888	3889
P190,1	3890	3891
P108,1	3892	3893
P81,1	3894	3895
P143,1	3896	3897
P191,1	3898	3899
P12,1	3900	3901
P109,1	3902	3903
P34,1	3904	3905
P192,1	3906	3907
P82,1	3908	3909
P144,1	3910	3911
P83,1	3912	3913
P145,1	3914	3915
P193,1	3916	3917
P25,1	3918	3919
P50,1	3920	3921
P146,1	3922	3923
P110,1	3924	3925
P111,1	3926	3927
P194,1	3928	3929
P195,1	3930	3931
P65,1	3932	3933
P66,1	3934	3935
P112,1	3936	3937
P84,1	3938	3939
P147,1	3940	3941
P113,1	3942	3943
P196,1	3944	3945
P13,1	3946	3947
P51,1	3948	3949
P114,1	3950	3951
P148,1	3952	3953
P85,1	3954	3955
P197,1	3956	3957
P35,1	3958	3959
P86,1	3960	3961
P198,1	3962	3963
P36,1	3964	3965
P52,1	3966	3967
P67,1	3968	3969
P149,1	3970	3971
P199,1	3972	3973
P115,1	3974	3975
P8,1	3976	3977
P87,1	3978	3979
P200,1	3980	3981
P116,1	3982	3983
P53,1	3984	3985
P150,1	3986	3987
P37,1	3988	3989
P88,1	3990	3991
P117,1	3992	3993
P26,1	3994	3995
P151,1	3996	3997
P54,1	3998	3999
P152,1	4000	4001
P68,1	4002	4003
P38,1	4004	4005
P19,1	4006	4007
P89,1	4008	4009
P118,1	4010	4011
P153,1	4012	4013
P69,1	4014	4015
P154,1	4016	4017
P14,1	4018	4019
P119,1	4020	4021
P155,1	4022	4023
P20,1	4024	4025
P6,1	4026	4027
P90,1	4028	4029
P156,1	4030	4031
P55,1	4032	4033
P70,1	4034	4035
P120,1	4036	4037
P7,1	4038	4039
P39,1	4040	4041
P157,1	4042	4043
P91,1	4044	4045
P56,1	4046	4047
P158,1	4048	4049
P121,1	4050	4051
P71,1	4052	4053
P159,1	4054	4055
P27,1	4056	4057
P10,1	4058	4059
P122,1	4060	4061
P160,1	4062	4063
P40,1	4064	4065
P161,1	4066	4067
P92,1	4068	4069
P162,1	4070	4071
P41,1	4072	4073
P123,1	4074	4075
P93,1	4076	4077
P72,1	4078	4079
P124,1	4080	4081
P125,1	4082	4083
P163,1	4084	4085
P57,1	4086	4087
P164,1	4088	4089
P165,1	4090	4091
P28,1	4092	4093
P126,1	4094	4095
P29,1	4096	4097
P94,1	4098	4099
P58,1	4100	4101
P42,1	4102	4103
P166,1	4104	4105
P95,1	4106	4107
P167,1	4108	4109
P127,1	4110	4111
P59,1	4112	4113
P73,1	4114	4115
P128,1	4116	4117
P129,1	4118	4119
P21,1	4120	4121
P168,1	4122	4123
P43,1	4124	4125
P22,1	4126	4127
P60,1	4128	4129
P169,1	4130	4131
P170,1	4132	4133
P96,1	4134	4135
P130,1	4136	4137
P74,1	4138	4139
P131,1	4140	4141
P15,1	4142	4143
P171,1	4144	4145
P44,1	4146	4147
P97,1	4148	4149
P172,1	4150	4151
P45,1	4152	4153
P132,1	4154	4155
P75,1	4156	4157
P23,1	4158	4159
P98,1	4160	4161
P2,1	4162	4163
P173,1	4164	4165
P133,1	4166	4167
P61,1	4168	4169
P76,1	4170	4171
P46,1	4172	4173
P174,1	4174	4175
P30,1	4176	4177
P11,1	4178	4179
P99,1	4180	4181
P175,1	4182	4183
P134,1	4184	4185
P176,1	4186	4187
P177,1	4188	4189
P178,1	4190	4191
P9,1	4192	4193
P100,1	4194	4195
P135,1	4196	4197
P77,1	4198	4199
P179,1	4200	4201
P47,1	4202	4203
P136,1	4204	4205
P101,1	4206	4207
P180,1	4208	4209
P181,1	4210	4211
P16,1	4212	4213
P102,1	4214	4215
P62,1	4216	4217
P137,1	4218	4219
P182,1	4220	4221
P183,1	4222	4223
P31,1	4224	4225
P103,1	4226	4227
P184,1	4228	4229
P138,1	4230	4231
P78,1	4232	4233
P104,1	4234	4235
P24,1	4236	4237
P185,1	4238	4239
P79,1	4240	4241
P186,1	4242	4243
P63,1	4244	4245
P139,1	4246	4247
P17,1	4248	4249
P18,1	4250	4251
P105,1	4252	4253
P140,1	4254	4255
P187,1	4256	4257
P48,1	4258	4259
P106,1	4260	4261
P32,1	4262	4263
P80,1	4264	4265
P141,1	4266	4267
P188,1	4268	4269
P4,1	4270	4271
P49,1	4272	4273
P64,1	4274	4275
P33,1	4276	4277
P107,1	4278	4279
P189,1	4280	4281
P142,1	4282	4283
P190,1	4284	4285
P108,1	4286	4287
P81,1	4288	4289
P143,1	4290	4291
P191,1	4292	4293
P12,1	4294	4295
P109,1	4296	4297
P34,1	4298	4299
P192,1	4300	4301
P82,1	4302	4303
P144,1	4304	4305
P83,1	4306	4307
P145,1	4308	4309
P193,1	4310	4311
P25,1	4312	4313
P50,1	4314	4315
P146,1	4316	4317
P110,1	4318	4319
P111,1	4320	4321
P194,1	4322	4323
P195,1	4324	4325
P65,1	4326	4327
P66,1	4328	4329
P112,1	4330	4331
P84,1	4332	4333
P147,1	4334	4335
P113,1	4336	4337
P196,1	4338	4339
P13,1	4340	4341
P51,1	4342	4343
P114,1	4344	4345
P148,1	4346	4347
P85,1	4348	4349
P197,1	4350	4351
P35,1	4352	4353
P86,1	4354	4355
P198,1	4356	4357
P36,1	4358	4359
P52,1	4360	4361
P67,1	4362	4363
P149,1	4364	4365
P199,1	4366	4367
P115,1	4368	4369
P8,1	4370	4371
P87,1	4372	4373
P200,1	4374	4375
P116,1	4376	4377
P53,1	4378	4379
P150,1	4380	4381
P37,1	4382	4383
P88,1	4384	4385
P117,1	4386	4387
P26,1	4388	4389
P151,1	4390	4391
P54,1	4392	4393
P152,1	4394	4395
P68,1	4396	4397
P38,1	4398	4399
P19,1	4400	4401
P89,1	4402	4403
P118,1	4404	4405
P153,1	4406	4407
P69,1	4408	4409
P154,1	4410	4411
P14,1	4412	4413
P119,1	4414	4415
P155,1	4416	4417
P20,1	4418	4419
P6,1	4420	4421
P90,1	4422	4423
P156,1	4424	4425
P55,1	4426	4427
P70,1	4428	4429
P120,1	4430	4431
P7,1	4432	4433
P39,1	4434	4435
P157,1	4436	4437
P91,1	4438	4439
P56,1	4440	4441
P158,1	4442	4443
P121,1	4444	4445
P71,1	4446	4447
P159,1	4448	4449
P27,1	4450	4451
P122,1	4452	4453
P10,2	4454	4455
P160,1	4456	4457
P40,1	4458	4459
P161,1	4460	4461
P92,1	4462	4463
P162,1	4464	4465
P41,1	4466	4467
P123,1	4468	4469
P93,1	4470	4471
P72,1	4472	4473
P124,1	4474	4475
P125,1	4476	4477
P163,1	4478	4479
P57,1	4480	4481
P164,1	4482	4483
P165,1	4484	4485
P28,1	4486	4487
P126,1	4488	4489
P29,1	4490	4491
P94,1	4492	4493
P58,1	4494	4495
P42,1	4496	4497
P166,1	4498	4499
P95,1	4500	4501
P167,1	4502	4503
P127,1	4504	4505
P59,1	4506	4507
P73,1	4508	4509
P128,1	4510	4511
P129,1	4512	4513
P21,1	4514	4515
P168,1	4516	4517
P43,1	4518	4519
P22,1	4520	4521
P60,1	4522	4523
P169,1	4524	4525
P170,1	4526	4527
P96,1	4528	4529
P130,1	4530	4531
P74,1	4532	4533
P131,1	4534	4535
P15,1	4536	4537
P171,1	4538	4539
P44,1	4540	4541
P97,1	4542	4543
P172,1	4544	4545
P45,1	4546	4547
P132,1	4548	4549
P75,1	4550	4551
P23,1	4552	4553
P98,1	4554	4555
P2,1	4556	4557
P173,1	4558	4559
P133,1	4560	4561
P61,1	4562	4563
P76,1	4564	4565
P46,1	4566	4567
P174,1	4568	4569
P30,1	4570	4571
P11,1	4572	4573
P99,1	4574	4575
P175,1	4576	4577
P134,1	4578	4579
P176,1	4580	4581
P177,1	4582	4583
P178,1	4584	4585
P9,1	4586	4587
P100,1	4588	4589
P135,1	4590	4591
P77,1	4592	4593
P179,1	4594	4595
P47,1	4596	4597
P136,1	4598	4599
P101,1	4600	4601
P180,1	4602	4603
P181,1	4604	4605
P16,1	4606	4607
P102,1	4608	4609
P62,1	4610	4611
P137,1	4612	4613
P182,1	4614	4615
P183,1	4616	4617
P31,1	4618	4619
P103,1	4620	4621
P184,1	4622	4623
P138,1	4624	4625
P78,1	4626	4627
P104,1	4628	4629
P24,1	4630	4631
P185,1	4632	4633
P79,1	4634	4635
P186,1	4636	4637
P63,1	4638	4639
P139,1	4640	4641
P17,1	4642	4643
P18,1	4644	4645
P105,1	4646	4647
P140,1	4648	4649
P187,1	4650	4651
P48,1	4652	4653
P106,1	4654	4655
P32,1	4656	4657
P80,1	4658	4659
P141,1	4660	4661
P188,1	4662	4663
P4,1	4664	4665
P49,1	4666	4667
P64,1	4668	4669
P33,1	4670	4671
P107,1	4672	4673
P189,1	4674	4675
P142,1	4676	4677
P190,1	4678	4679
P108,1	4680	4681
P81,1	4682	4683
P143,1	4684	4685
P191,1	4686	4687
P109,1	4688	4689
P34,1	4690	4691
P12,2	4692	4693
P192,1	4694	4695
P82,1	4696	4697
P144,1	4698	4699
P83,1	4700	4701
P145,1	4702	4703
P193,1	4704	4705
P25,1	4706	4707
P50,1	4708	4709
P146,1	4710	4711
P110,1	4712	4713
P111,1	4714	4715
P194,1	4716	4717
P195,1	4718	4719
P65,1	4720	4721
P66,1	4722	4723
P112,1	4724	4725
P84,1	4726	4727
P147,1	4728	4729
P113,1	4730	4731
P196,1	4732	4733
P13,1	4734	4735
P51,1	4736	4737
P114,1	4738	4739
P148,1	4740	4741
P85,1	4742	4743
P197,1	4744	4745
P35,1	4746	4747
P86,1	4748	4749
P198,1	4750	4751
P36,1	4752	4753
P52,1	4754	4755
P67,1	4756	4757
P149,1	4758	4759
P199,1	4760	4761
P115,1	4762	4763
P8,1	4764	4765
P87,1	4766	4767
P200,1	4768	4769
P116,1	4770	4771
P53,1	4772	4773
P150,1	4774	4775
P37,1	4776	4777
P88,1	4778	4779
P117,1	4780	4781
P26,1	4782	4783
P151,1	4784	4785
P54,1	4786	4787
P152,1	4788	4789
P68,1	4790	4791
P38,1	4792	4793
P19,1	4794	4795
P89,1	4796	4797
P118,1	4798	4799
P153,1	4800	4801
P69,1	4802	4803
P154,1	4804	4805
P14,1	4806	4807
P119,1	4808	4809
P155,1	4810	4811
P20,1	4812	4813
P6,1	4814	4815
P90,1	4816	4817
P156,1	4818	4819
P55,1	4820	4821
P70,1	4822	4823
P120,1	4824	4825
P7,1	4826	4827
P39,1	4828	4829
P157,1	4830	4831
P91,1	4832	4833
P56,1	4834	4835
P158,1	4836	4837
P121,1	4838	4839
P71,1	4840	4841
P159,1	4842	4843
P27,1	4844	4845
P122,1	4846	4847
P10,2	4848	4849
P160,1	4850	4851
P40,1	4852	4853
P161,1	4854	4855
P92,1	4856	4857
P162,1	4858	4859
P41,1	4860	4861
P123,1	4862	4863
P93,1	4864	4865
P72,1	4866	4867
P124,1	4868	4869
P125,1	4870	4871
P163,1	4872	4873
P57,1	4874	4875
P164,1	4876	4877
P165,1	4878	4879
P28,1	4880	4881
P126,1	4882	4883
P29,1	4884	4885
P94,1	4886	4887
P58,1	4888	4889
P42,1	4890	4891
P166,1	4892	4893
P95,1	4894	4895
P167,1	4896	4897
P127,1	4898	4899
P59,1	4900	4901
P73,1	4902	4903
P128,1	4904	4905
P129,1	4906	4907
P21,1	4908	4909
P168,1	4910	4911
P43,1	4912	4913
P22,1	4914	4915
P60,1	4916	4917
P169,1	4918	4919
P170,1	4920	4921
P96,1	4922	4923
P130,1	4924	4925
P74,1	4926	4927
P131,1	4928	4929
P15,1	4930	4931
P171,1	4932	4933
P44,1	4934	4935
P97,1	4936	4937
P172,1	4938	4939
P45,1	4940	4941
P132,1	4942	4943
P75,1	4944	4945
P23,1	4946	4947
P98,1	4948	4949
P2,1	4950	4951
P173,1	4952	4953
P133,1	4954	4955
P61,1	4956	4957
P76,1	4958	4959
P46,1	4960	4961
P174,1	4962	4963
P30,1	4964	4965
P11,1	4966	4967
P99,1	4968	4969
P175,1	4970	4971
P134,1	4972	4973
P176,1	4974	4975
P177,1	4976	4977
P178,1	4978	4979
P9,1	4980	4981
P100,1	4982	4983
P135,1	4984	4985
P77,1	4986	4987
P179,1	4988	4989
P47,1	4990	4991
P136,1	4992	4993
P101,1	4994	4995
P180,1	4996	4997
P181,1	4998	4999
P16,1	5000	5001
P102,1	5002	5003
P62,1	5004	5005
P137,1	5006	5007
P182,1	5008	5009
P183,1	5010	5011
P31,1	5012	5013
P103,1	5014	5015
P184,1	5016	5017
P138,1	5018	5019
P78,1	5020	5021
P104,1	5022	5023
P24,1	5024	5025
P185,1	5026	5027
P79,1	5028	5029
P186,1	5030	5031
P63,1	5032	5033
P139,1	5034	5035
P17,1	5036	5037
P18,1	5038	5039
P105,1	5040	5041
P140,1	5042	5043
P187,1	5044	5045
P48,1	5046	5047
P106,1	5048	5049
P32,1	5050	5051
P80,1	5052	5053
P141,1	5054	5055
P188,1	5056	5057
P4,1	5058	5059
P49,1	5060	5061
P64,1	5062	5063
P33,1	5064	5065
P107,1	5066	5067
P189,1	5068	5069
P142,1	5070	5071
P190,1	5072	5073
P108,1	5074	5075
P81,1	5076	5077
P143,1	5078	5079
P191,1	5080	5081
P109,1	5082	5083
P34,1	5084	5085
P12,2	5086	5087
P192,1	5088	5089
P82,1	5090	5091
P144,1	5092	5093
P83,1	5094	5095
P145,1	5096	5097
P193,1	5098	5099
P25,1	5100	5101
P50,1	5102	5103
P146,1	5104	5105
P110,1	5106	5107
P111,1	5108	5109
P194,1	5110	5111
P195,1	5112	5113
P65,1	5114	5115
P66,1	5116	5117
P112,1	5118	5119
P84,1	5120	5121
P147,1	5122	5123
P113,1	5124	5125
P196,1	5126	5127
P13,1	5128	5129
P51,1	5130	5131
P114,1	5132	5133
P148,1	5134	5135
P85,1	5136	5137
P197,1	5138	5139
P35,1	5140	5141
P86,1	5142	5143
P198,1	5144	5145
P36,1	5146	5147
P52,1	5148	5149
P67,1	5150	5151
P149,1	5152	5153
P199,1	5154	5155
P115,1	5156	5157
P8,1	5158	5159
P87,1	5160	5161
P200,1	5162	5163
P116,1	5164	5165
P53,1	5166	5167
P150,1	5168	5169
P37,1	5170	5171
P88,1	5172	5173
P117,1	5174	5175
P26,1	5176	5177
P151,1	5178	5179
P54,1	5180	5181
P152,1	5182	5183
P68,1	5184	5185
P38,1	5186	5187
P19,1	5188	5189
P89,1	5190	5191
P118,1	5192	5193
P153,1	5194	5195
P69,1	5196	5197
P154,1	5198	5199
P14,1	5200	5201
P119,1	5202	5203
P155,1	5204	5205
P6,1	5206	5207
P90,1	5208	5209
P156,1	5210	5211
P55,1	5212	5213
P70,1	5214	5215
P120,1	5216	5217
P7,1	5218	5219
P39,1	5220	5221
P157,1	5222	5223
P91,1	5224	5225
P56,1	5226	5227
P158,1	5228	5229
P121,1	5230	5231
P71,1	5232	5233
P159,1	5234	5235
P27,1	5236	5237
P122,1	5238	5239
P10,2	5240	5241
P160,1	5242	5243
P40,1	5244	5245
P161,1	5246	5247
P92,1	5248	5249
P162,1	5250	5251
P41,1	5252	5253
P123,1	5254	5255
P93,1	5256	5257
P72,1	5258	5259
P124,1	5260	5261
P125,1	5262	5263
P163,1	5264	5265
P57,1	5266	5267
P164,1	5268	5269
P165,1	5270	5271
P28,1	5272	5273
P126,1	5274	5275
P29,1	5276	5277
P94,1	5278	5279
P58,1	5280	5281
P42,1	5282	5283
P166,1	5284	5285
P95,1	5286	5287
P167,1	5288	5289
P127,1	5290	5291
P59,1	5292	5293
P73,1	5294	5295
P128,1	5296	5297
P129,1	5298	5299
P21,1	5300	5301
P168,1	5302	5303
P43,1	5304	5305
P22,1	5306	5307
P60,1	5308	5309
P169,1	5310	5311
P170,1	5312	5313
P96,1	5314	5315
P130,1	5316	5317
P74,1	5318	5319
P131,1	5320	5321
P15,1	5322	5323
P171,1	5324	5325
P44,1	5326	5327
P97,1	5328	5329
P172,1	5330	5331
P45,1	5332	5333
P132,1	5334	5335
P75,1	5336	5337
P23,1	5338	5339
P98,1	5340	5341
P2,1	5342	5343
P173,1	5344	5345
P133,1	5346	5347
P61,1	5348	5349
P76,1	5350	5351
P46,1	5352	5353
P174,1	5354	5355
P30,1	5356	5357
P11,1	5358	5359
P99,1	5360	5361
P175,1	5362	5363
P134,1	5364	5365
P176,1	5366	5367
P177,1	5368	5369
P178,1	5370	5371
P9,1	5372	5373
P100,1	5374	5375
P135,1	5376	5377
P77,1	5378	5379
P179,1	5380	5381
P47,1	5382	5383
P136,1	5384	5385
P101,1	5386	5387
P180,1	5388	5389
P181,1	5390	5391
P16,1	5392	5393
P102,1	5394	5395
P62,1	5396	5397
P137,1	5398	5399
P182,1	5400	5401
P183,1	5402	5403
P31,1	5404	5405
P103,1	5406	5407
P184,1	5408	5409
P138,1	5410	5411
P78,1	5412	5413
P104,1	5414	5415
P24,1	5416	5417
P185,1	5418	5419
P79,1	5420	5421
P186,1	5422	5423
P63,1	5424	5425
P139,1	5426	5427
P17,1	5428	5429
P18,1	5430	5431
P105,1	5432	5433
P140,1	5434	5435
P187,1	5436	5437
P48,1	5438	5439
P106,1	5440	5441
P32,1	5442	5443
P80,1	5444	5445
P141,1	5446	5447
P188,1	5448	5449
P4,1	5450	5451
P49,1	5452	5453
P64,1	5454	5455
P33,1	5456	5457
P107,1	5458	5459
P189,1	5460	5461
P142,1	5462	5463
P190,1	5464	5465
P108,1	5466	5467
P81,1	5468	5469
P143,1	5470	5471
P191,1	5472	5473
P109,1	5474	5475
P34,1	5476	5477
P12,2	5478	5479
P192,1	5480	5481
P82,1	5482	5483
P144,1	5484	5485
P83,1	5486	5487
P145,1	5488	5489
P193,1	5490	5491
P25,1	5492	5493
P50,1	5494	5495
P146,1	5496	5497
P110,1	5498	5499
P111,1	5500	5501
P194,1	5502	5503
P195,1	5504	5505
P65,1	5506	5507
P66,1	5508	5509
P112,1	5510	5511
P84,1	5512	5513
P147,1	5514	5515
P113,1	5516	5517
P196,1	5518	5519
P13,1	5520	5521
P51,1	5522	5523
P114,1	5524	5525
P148,1	5526	5527
P85,1	5528	5529
P197,1	5530	5531
P35,1	5532	5533
P86,1	5534	5535
P198,1	5536	5537
P36,1	5538	5539
P52,1	5540	5540
P67,1	5541	5542
P149,1	5543	5544
P199,1	5545	5546
P115,1	5547	5548
P8,1	5549	5550
P87,1	5551	5552
P200,1	5553	5554
P116,1	5555	5556
P53,1	5557	5558
P150,1	5559	5560
P37,1	5561	5562
P88,1	5563	5564
P117,1	5565	5566
P26,1	5567	5568
P151,1	5569	5570
P54,1	5571	5572
P152,1	5573	5574
P68,1	5575	5576
P38,1	5577	5578
P19,1	5579	5580
P89,1	5581	5582
P118,1	5583	5584
P153,1	5585	5586
P69,1	5587	5588
P154,1	5589	5590
P14,1	5591	5592
P119,1	5593	5594
P155,1	5595	5596
P6,1	5597	5598
P90,1	5599	5600
P156,1	5601	5602
P55,1	5603	5604
P70,1	5605	5606
P120,1	5607	5608
P7,1	5609	5610
P39,1	5611	5612
P157,1	5613	5614
P91,1	5615	5616
P56,1	5617	5618
P158,1	5619	5620
P121,1	5621	5622
P71,1	5623	5624
P159,1	5625	5626
P27,1	5627	5628
P122,1	5629	5630
P10,2	5631	5632
P160,1	5633	5634
P40,1	5635	5636
P161,1	5637	5638
P92,1	5639	5640
P162,1	5641	5642
P41,1	5643	5644
P123,1	5645	5646
P93,1	5647	5648
P72,1	5649	5650
P124,1	5651	5652
P125,1	5653	5654
P163,1	5655	5656
P57,1	5657	5658
P164,1	5659	5660
P165,1	5661	5662
P28,1	5663	5664
P126,1	5665	5666
P29,1	5667	5668
P94,1	5669	5670
P58,1	5671	5672
P42,1	5673	5674
P166,1	5675	5676
P95,1	5677	5678
P167,1	5679	5680
P127,1	5681	5682
P59,1	5683	5684
P73,1	5685	5686
P128,1	5687	5688
P129,1	5689	5690
P21,1	5691	5692
P168,1	5693	5694
P43,1	5695	5696
P22,1	5697	5698
P60,1	5699	5700
P169,1	5701	5702
P170,1	5703	5704
P96,1	5705	5706
P130,1	5707	5708
P74,1	5709	5710
P131,1	5711	5712
P15,1	5713	5714
P171,1	5715	5716
P44,1	5717	5718
P97,1	5719	5720
P172,1	5721	5722
P45,1	5723	5724
P132,1	5725	5726
P75,1	5727	5728
P23,1	5729	5730
P98,1	5731	5732
P2,1	5733	5734
P173,1	5735	5736
P133,1	5737	5738
P61,1	5739	5740
P76,1	5741	5742
P174,1	5743	5744
P46,2	5745	5746
P30,1	5747	5748
P11,1	5749	5750
P99,1	5751	5752
P175,1	5753	5754
P134,1	5755	5756
P176,1	5757	5758
P177,1	5759	5760
P178,1	5761	5762
P9,1	5763	5764
P100,1	5765	5766
P135,1	5767	5768
P77,1	5769	5770
P179,1	5771	5772
P47,1	5773	5774
P136,1	5775	5776
P101,1	5777	5778
P180,1	5779	5780
P181,1	5781	5782
P16,1	5783	5784
P102,1	5785	5786
P62,1	5787	5788
P137,1	5789	5790
P182,1	5791	5792
P183,1	5793	5794
P31,1	5795	5796
P103,1	5797	5798
P184,1	5799	5800
P138,1	5801	5802
P78,1	5803	5804
P104,1	5805	5806
P24,1	5807	5808
P185,1	5809	5810
P79,1	5811	5812
P186,1	5813	5814
P139,1	5815	5816
P63,2	5817	5818
P17,1	5819	5820
P18,1	5821	5822
P105,1	5823	5824
P140,1	5825	5826
P187,1	5827	5828
P48,1	5829	5830
P106,1	5831	5832
P32,1	5833	5834
P80,1	5835	5836
P141,1	5837	5838
P188,1	5839	5840
P4,1	5841	5842
P49,1	5843	5844
P64,1	5845	5846
P33,1	5847	5848
P107,1	5849	5850
P189,1	5851	5852
P142,1	5853	5854
P190,1	5855	5856
P108,1	5857	5858
P81,1	5859	5860
P143,1	5861	5862
P191,1	5863	5864
P109,1	5865	5866
P34,1	5867	5868
P12,2	5869	5870
P192,1	5871	5872
P82,1	5873	5874
P144,1	5875	5876
P83,1	5877	5878
P145,1	5879	5880
P193,1	5881	5882
P25,1	5883	5884
P50,1	5885	5886
P146,1	5887	5888
P110,1	5889	5890
P111,1	5891	5892
P194,1	5893	5894
P195,1	5895	5896
P65,1	5897	5898
P66,1	5899	5900
P112,1	5901	5902
P84,1	5903	5904
P147,1	5905	5906
P113,1	5907	5908
P196,1	5909	5910
P13,1	5911	5912
P51,1	5913	5914
P114,1	5915	5916
P148,1	5917	5918
P85,1	5919	5920
P197,1	5921	5922
P35,1	5923	5924
P86,1	5925	5926
P198,1	5927	5928
P36,1	5929	5930
P67,1	5931	5932
P149,1	5933	5934
P199,1	5935	5936
P115,1	5937	5938
P8,1	5939	5940
P87,1	5941	5942
P200,1	5943	5944
P116,1	5945	5946
P53,1	5947	5948
P150,1	5949	5950
P37,1	5951	5952
P88,1	5953	5954
P117,1	5955	5956
P26,1	5957	5958
P151,1	5959	5960
P54,1	5961	5962
P152,1	5963	5964
P68,1	5965	5966
P38,1	5967	5968
P19,1	5969	5970
P89,1	5971	5972
P118,1	5973	5974
P153,1	5975	5976
P69,1	5977	5978
P154,1	5979	5980
P14,1	5981	5982
P119,1	5983	5984
P155,1	5985	5986
P6,1	5987	5988
P90,1	5989	5990
P156,1	5991	5992
P55,1	5993	5994
P70,1	5995	5996
P120,1	5997	5998
P7,1	5999	6000
P39,1	6001	6002
P157,1	6003	6004
P91,1	6005	6006
P56,1	6007	6008
P158,1	6009	6010
P121,1	6011	6012
P71,1	6013	6014
P159,1	6015	6016
P27,1	6017	6018
P122,1	6019	6020
P10,2	6021	6022
P160,1	6023	6024
P40,1	6025	6026
P161,1	6027	6028
P92,1	6029	6030
P162,1	6031	6032
P41,1	6033	6034
P123,1	6035	6036
P93,1	6037	6038
P72,1	6039	6040
P124,1	6041	6042
P125,1	6043	6044
P163,1	6045	6046
P57,1	6047	6048
P164,1	6049	6050
P165,1	6051	6052
P28,1	6053	6054
P126,1	6055	6056
P29,1	6057	6058
P94,1	6059	6060
P58,1	6061	6062
P42,1	6063	6064
P166,1	6065	6066
P95,1	6067	6068
P167,1	6069	6070
P127,1	6071	6072
P59,1	6073	6074
P73,1	6075	6076
P128,1	6077	6078
P129,1	6079	6080
P21,1	6081	6082
P168,1	6083	6084
P43,1	6085	6086
P22,1	6087	6088
P60,1	6089	6090
P169,1	6091	6092
P170,1	6093	6094
P96,1	6095	6096
P130,1	6097	6098
P74,1	6099	6099
P131,1	6100	6101
P15,1	6102	6103
P171,1	6104	6105
P44,1	6106	6107
P97,1	6108	6109
P172,1	6110	6111
P45,1	6112	6113
P132,1	6114	6115
P75,1	6116	6117
P23,1	6118	6119
P98,1	6120	6121
P2,1	6122	6123
P173,1	6124	6125
P133,1	6126	6127
P61,1	6128	6129
P76,1	6130	6131
P174,1	6132	6133
P46,2	6134	6135
P30,1	6136	6137
P11,1	6138	6139
P99,1	6140	6141
P175,1	6142	6143
P134,1	6144	6145
P176,1	6146	6147
P177,1	6148	6149
P178,1	6150	6151
P9,1	6152	6153
P100,1	6154	6155
P135,1	6156	6157
P77,1	6158	6159
P179,1	6160	6161
P47,1	6162	6163
P136,1	6164	6165
P101,1	6166	6167
P180,1	6168	6169
P181,1	6170	6171
P16,1	6172	6173
P102,1	6174	6175
P62,1	6176	6177
P137,1	6178	6179
P182,1	6180	6181
P183,1	6182	6183
P31,1	6184	6185
P103,1	6186	6187
P184,1	6188	6189
P138,1	6190	6191
P78,1	6192	6193
P104,1	6194	6195
P24,1	6196	6197
P185,1	6198	6199
P79,1	6200	6201
P186,1	6202	6203
P139,1	6204	6205
P63,2	6206	6207
P17,1	6208	6209
P18,1	6210	6211
P105,1	6212	6213
P140,1	6214	6215
P187,1	6216	6217
P48,1	6218	6219
P106,1	6220	6221
P32,1	6222	6223
P80,1	6224	6225
P141,1	6226	6227
P188,1	6228	6229
P4,1	6230	6231
P49,1	6232	6233
P64,1	6234	6235
P33,1	6236	6237
P107,1	6238	6239
P189,1	6240	6241
P142,1	6242	6243
P190,1	6244	6245
P108,1	6246	6247
P81,1	6248	6249
P143,1	6250	6251
P191,1	6252	6253
P109,1	6254	6255
P34,1	6256	6257
P12,2	6258	6259
P192,1	6260	6261
P82,1	6262	6263
P144,1	6264	6265
P83,1	6266	6267
P145,1	6268	6269
P193,1	6270	6271
P25,1	6272	6273
P50,1	6274	6275
P146,1	6276	6277
P110,1	6278	6279
P111,1	6280	6281
P194,1	6282	6283
P195,1	6284	6285
P65,1	6286	6287
P66,1	6288	6289
P112,1	6290	6291
P84,1	6292	6293
P147,1	6294	6295
P113,1	6296	6297
P196,1	6298	6299
P13,1	6300	6301
P51,1	6302	6303
P114,1	6304	6305
P148,1	6306	6307
P85,1	6308	6309
P197,1	6310	6311
P35,1	6312	6313
P86,1	6314	6315
P198,1	6316	6317
P36,1	6318	6319
P67,1	6320	6321
P149,1	6322	6323
P199,1	6324	6325
P115,1	6326	6327
P8,1	6328	6329
P87,1	6330	6331
P200,1	6332	6333
P116,1	6334	6335
P150,1	6336	6337
P37,1	6338	6339
P88,1	6340	6341
P53,2	6342	6343
P117,1	6344	6345
P26,1	6346	6347
P151,1	6348	6349
P54,1	6350	6351
P152,1	6352	6353
P68,1	6354	6355
P38,1	6356	6357
P19,1	6358	6359
P89,1	6360	6361
P118,1	6362	6363
P153,1	6364	6365
P69,1	6366	6367
P154,1	6368	6369
P14,1	6370	6371
P119,1	6372	6373
P155,1	6374	6375
P6,1	6376	6377
P90,1	6378	6379
P156,1	6380	6381
P55,1	6382	6383
P70,1	6384	6385
P120,1	6386	6387
P7,1	6388	6389
P39,1	6390	6391
P157,1	6392	6393
P91,1	6394	6395
P56,1	6396	6397
P158,1	6398	6399
P121,1	6400	6401
P71,1	6402	6403
P159,1	6404	6405
P27,1	6406	6407
P122,1	6408	6409
P10,2	6410	6411
P160,1	6412	6413
P40,1	6414	6415
P161,1	6416	6417
P92,1	6418	6419
P162,1	6420	6421
P41,1	6422	6423
P123,1	6424	6425
P93,1	6426	6427
P72,1	6428	6429
P124,1	6430	6431
P125,1	6432	6433
P163,1	6434	6435
P57,1	6436	6437
P164,1	6438	6439
P165,1	6440	6441
P28,1	6442	6443
P126,1	6444	6445
P29,1	6446	6447
P94,1	6448	6449
P58,1	6450	6451
P42,1	6452	6453
P166,1	6454	6455
P95,1	6456	6457
P167,1	6458	6459
P127,1	6460	6461
P59,1	6462	6463
P73,1	6464	6465
P128,1	6466	6467
P129,1	6468	6469
P21,1	6470	6471
P168,1	6472	6473
P43,1	6474	6475
P22,1	6476	6477
P60,1	6478	6479
P169,1	6480	6481
P170,1	6482	6483
P96,1	6484	6485
P130,1	6486	6487
P131,1	6488	6489
P15,1	6490	6491
P171,1	6492	6493
P44,1	6494	6495
P97,1	6496	6497
P172,1	6498	6499
P45,1	6500	6501
P132,1	6502	6503
P75,1	6504	6505
P23,1	6506	6507
P98,1	6508	6509
P2,1	6510	6511
P173,1	6512	6513
P133,1	6514	6515
P61,1	6516	6517
P76,1	6518	6519
P174,1	6520	6521
P46,2	6522	6523
P30,1	6524	6525
P11,1	6526	6527
P99,1	6528	6529
P175,1	6530	6531
P134,1	6532	6533
P176,1	6534	6535
P177,1	6536	6537
P178,1	6538	6539
P9,1	6540	6541
P100,1	6542	6543
P135,1	6544	6545
P77,1	6546	6547
P179,1	6548	6549
P47,1	6550	6551
P136,1	6552	6553
P101,1	6554	6555
P180,1	6556	6557
P181,1	6558	6559
P16,1	6560	6561
P102,1	6562	6563
P62,1	6564	6565
P137,1	6566	6567
P182,1	6568	6569
P183,1	6570	6571
P31,1	6572	6573
P103,1	6574	6575
P184,1	6576	6577
P138,1	6578	6579
P78,1	6580	6581
P104,1	6582	6583
P24,1	6584	6585
P185,1	6586	6587
P79,1	6588	6589
P186,1	6590	6591
P139,1	6592	6593
P63,2	6594	6595
P17,1	6596	6597
P18,1	6598	6599
P105,1	6600	6601
P140,1	6602	6603
P187,1	6604	6605
P48,1	6606	6607
P106,1	6608	6609
P32,1	6610	6611
P80,1	6612	6613
P141,1	6614	6615
P188,1	6616	6617
P4,1	6618	6619
P64,1	6620	6621
P33,1	6622	6623
P107,1	6624	6625
P49,2	6626	6627
P189,1	6628	6629
P142,1	6630	6631
P190,1	6632	6633
P108,1	6634	6635
P81,1	6636	6637
P143,1	6638	6639
P191,1	6640	6641
P109,1	6642	6643
P34,1	6644	6645
P12,2	6646	6647
P192,1	6648	6649
P82,1	6650	6651
P144,1	6652	6653
P83,1	6654	6655
P145,1	6656	6657
P193,1	6658	6659
P25,1	6660	6661
P50,1	6662	6663
P146,1	6664	6665
P110,1	6666	6667
P111,1	6668	6669
P194,1	6670	6671
P195,1	6672	6673
P65,1	6674	6675
P66,1	6676	6677
P112,1	6678	6679
P84,1	6680	6681
P147,1	6682	6683
P113,1	6684	6685
P196,1	6686	6687
P13,1	6688	6689
P51,1	6690	6691
P114,1	6692	6693
P148,1	6694	6695
P85,1	6696	6697
P197,1	6698	6699
P35,1	6700	6701
P86,1	6702	6703
P198,1	6704	6705
P36,1	6706	6707
P67,1	6708	6709
P149,1	6710	6711
P199,1	6712	6713
P115,1	6714	6715
P8,1	6716	6717
P87,1	6718	6719
P200,1	6720	6721
P116,1	6722	6723
P150,1	6724	6725
P37,1	6726	6727
P88,1	6728	6729
P53,2	6730	6731
P117,1	6732	6733
P26,1	6734	6735
P151,1	6736	6737
P54,1	6738	6739
P152,1	6740	6741
P68,1	6742	6743
P38,1	6744	6745
P19,1	6746	6747
P89,1	6748	6749
P118,1	6750	6751
P153,1	6752	6753
P69,1	6754	6755
P154,1	6756	6757
P14,1	6758	6759
P119,1	6760	6761
P155,1	6762	6763
P6,1	6764	6765
P90,1	6766	6767
P156,1	6768	6769
P55,1	6770	6771
P70,1	6772	6773
P120,1	6774	6775
P7,1	6776	6777
P39,1	6778	6779
P157,1	6780	6781
P91,1	6782	6783
P56,1	6784	6785
P158,1	6786	6787
P121,1	6788	6789
P71,1	6790	6791
P159,1	6792	6793
P27,1	6794	6795
P122,1	6796	6797
P10,2	6798	6799
P160,1	6800	6801
P40,1	6802	6803
P161,1	6804	6805
P92,1	6806	6807
P162,1	6808	6809
P41,1	6810	6811
P123,1	6812	6812
P93,1	6813	6814
P72,1	6815	6816
P124,1	6817	6818
P125,1	6819	6820
P163,1	6821	6822
P57,1	6823	6824
P164,1	6825	6826
P165,1	6827	6828
P28,1	6829	6830
P126,1	6831	6832
P29,1	6833	6834
P94,1	6835	6836
P58,1	6837	6838
P42,1	6839	6840
P166,1	6841	6842
P95,1	6843	6844
P167,1	6845	6846
P127,1	6847	6848
P59,1	6849	6850
P73,1	6851	6852
P128,1	6853	6854
P129,1	6855	6856
P21,1	6857	6858
P168,1	6859	6860
P43,1	6861	6862
P22,1	6863	6864
P60,1	6865	6866
P169,1	6867	6868
P170,1	6869	6870
P96,1	6871	6872
P130,1	6873	6874
P131,1	6875	6876
P15,1	6877	6878
P171,1	6879	6880
P44,1	6881	6882
P97,1	6883	6884
P172,1	6885	6886
P45,1	6887	6888
P132,1	6889	6890
P75,1	6891	6892
P23,1	6893	6893
P98,1	6894	6895
P2,1	6896	6897
P173,1	6898	6899
P133,1	6900	6901
P61,1	6902	6903
P76,1	6904	6905
P174,1	6906	6907
P46,2	6908	6909
P30,1	6910	6911
P11,1	6912	6913
P99,1	6914	6915
P175,1	6916	6917
P134,1	6918	6919
P176,1	6920	6921
P177,1	6922	6923
P178,1	6924	6925
P9,1	6926	6927
P100,1	6928	6929
P135,1	6930	6931
P77,1	6932	6933
P179,1	6934	6935
P47,1	6936	6937
P136,1	6938	6939
P101,1	6940	6941
P180,1	6942	6943
P181,1	6944	6945
P16,1	6946	6947
P102,1	6948	6949
P62,1	6950	6951
P137,1	6952	6953
P182,1	6954	6955
P183,1	6956	6957
P31,1	6958	6959
P103,1	6960	6961
P184,1	6962	6963
P138,1	6964	6965
P78,1	6966	6967
P104,1	6968	6969
P24,1	6970	6971
P185,1	6972	6973
P79,1	6974	6975
P186,1	6976	6977
P139,1	6978	6979
P63,2	6980	6981
P17,1	6982	6983
P18,1	6984	6985
P105,1	6986	6987
P140,1	6988	6989
P187,1	6990	6991
P48,1	6992	6993
P106,1	6994	6995
P32,1	6996	6997
P80,1	6998	6999
P141,1	7000	7001
P188,1	7002	7003
P4,1	7004	7005
P64,1	7006	7007
P33,1	7008	7009
P107,1	7010	7011
P49,2	7012	7013
P189,1	7014	7015
P142,1	7016	7017
P190,1	7018	7019
P108,1	7020	7021
P81,1	7022	7023
P143,1	7024	7025
P191,1	7026	7027
P109,1	7028	7029
P34,1	7030	7031
P12,2	7032	7033
P192,1	7034	7035
P82,1	7036	7037
P144,1	7038	7039
P83,1	7040	7041
P145,1	7042	7043
P193,1	7044	7045
P25,1	7046	7047
P50,1	7048	7049
P110,1	7050	7051
P146,2	7052	7053
P111,1	7054	7055
P194,1	7056	7057
P195,1	7058	7059
P65,1	7060	7061
P66,1	7062	7063
P112,1	7064	7065
P84,1	7066	7067
P147,1	7068	7069
P113,1	7070	7071
P196,1	7072	7073
P13,1	7074	7075
P51,1	7076	7077
P114,1	7078	7079
P148,1	7080	7081
P85,1	7082	7083
P197,1	7084	7085
P35,1	7086	7087
P86,1	7088	7089
P198,1	7090	7091
P36,1	7092	7093
P67,1	7094	7095
P149,1	7096	7097
P199,1	7098	7099
P115,1	7100	7101
P8,1	7102	7103
P87,1	7104	7105
P200,1	7106	7107
P116,1	7108	7109
P150,1	7110	7111
P37,1	7112	7113
P88,1	7114	7115
P53,2	7116	7117
P117,1	7118	7119
P26,1	7120	7121
P151,1	7122	7123
P54,1	7124	7125
P152,1	7126	7127
P68,1	7128	7129
P38,1	7130	7131
P19,1	7132	7133
P89,1	7134	7135
P118,1	7136	7137
P153,1	7138	7139
P69,1	7140	7141
P154,1	7142	7143
P14,1	7144	7145
P119,1	7146	7147
P155,1	7148	7149
P6,1	7150	7151
P90,1	7152	7153
P156,1	7154	7155
P55,1	7156	7157
P70,1	7158	7159
P120,1	7160	7161
P7,1	7162	7163
P39,1	7164	7165
P157,1	7166	7167
P91,1	7168	7169
P56,1	7170	7171
P158,1	7172	7173
P121,1	7174	7175
P71,1	7176	7176
P159,1	7177	7178
P122,1	7179	7180
P10,2	7181	7182
P160,1	7183	7184
P161,1	7185	7186
P92,1	7187	7188
P162,1	7189	7190
P40,2	7191	7192
P41,1	7193	7194
P93,1	7195	7196
P123,2	7197	7198
P72,1	7199	7200
P124,1	7201	7202
P125,1	7203	7204
P163,1	7205	7206
P57,1	7207	7208
P164,1	7209	7210
P165,1	7211	7212
P28,1	7213	7213
P126,1	7214	7215
P29,1	7216	7217
P94,1	7218	7219
P58,1	7220	7221
P42,1	7222	7222
P166,1	7223	7224
P95,1	7225	7226
P167,1	7227	7228
P127,1	7229	7230
P59,1	7231	7232
P73,1	7233	7234
P128,1	7235	7236
P129,1	7237	7238
P21,1	7239	7240
P168,1	7241	7242
P43,1	7243	7244
P22,1	7245	7246
P60,1	7247	7248
P169,1	7249	7250
P170,1	7251	7252
P96,1	7253	7254
P130,1	7255	7256
P131,1	7257	7258
P15,1	7259	7260
P171,1	7261	7262
P44,1	7263	7264
P97,1	7265	7266
P172,1	7267	7268
P45,1	7269	7270
P132,1	7271	7272
P75,1	7273	7274
P98,1	7275	7276
P23,2	7277	7278
P2,1	7279	7280
P173,1	7281	7282
P133,1	7283	7284
P61,1	7285	7286
P76,1	7287	7288
P174,1	7289	7290
P46,2	7291	7292
P30,1	7293	7294
P11,1	7295	7296
P99,1	7297	7298
P175,1	7299	7300
P134,1	7301	7302
P176,1	7303	7304
P177,1	7305	7306
P178,1	7307	7308
P9,1	7309	7310
P100,1	7311	7312
P135,1	7313	7314
P77,1	7315	7316
P179,1	7317	7318
P47,1	7319	7320
P136,1	7321	7322
P101,1	7323	7324
P180,1	7325	7326
P181,1	7327	7328
P16,1	7329	7330
P102,1	7331	7332
P62,1	7333	7334
P137,1	7335	7336
P182,1	7337	7338
P183,1	7339	7340
P31,1	7341	7342
P103,1	7343	7344
P184,1	7345	7346
P138,1	7347	7348
P78,1	7349	7350
P104,1	7351	7352
P24,1	7353	7354
P185,1	7355	7356
P79,1	7357	7358
P186,1	7359	7360
P139,1	7361	7362
P63,2	7363	7364
P17,1	7365	7366
P18,1	7367	7368
P105,1	7369	7370
P140,1	7371	7372
P187,1	7373	7374
P48,1	7375	7376
P106,1	7377	7378
P32,1	7379	7380
P80,1	7381	7382
P141,1	7383	7384
P188,1	7385	7386
P4,1	7387	7388
P64,1	7389	7390
P33,1	7391	7392
P107,1	7393	7394
P49,2	7395	7396
P189,1	7397	7398
P142,1	7399	7400
P190,1	7401	7402
P108,1	7403	7404
P81,1	7405	7406
P143,1	7407	7408
P191,1	7409	7410
P109,1	7411	7412
P34,1	7413	7414
P12,2	7415	7416
P192,1	7417	7418
P82,1	7419	7420
P144,1	7421	7422
P83,1	7423	7424
P145,1	7425	7426
P193,1	7427	7428
P25,1	7429	7430
P50,1	7431	7432
P110,1	7433	7434
P146,2	7435	7436
P111,1	7437	7438
P194,1	7439	7440
P195,1	7441	7442
P65,1	7443	7444
P66,1	7445	7446
P112,1	7447	7448
P84,1	7449	7450
P147,1	7451	7451
P113,1	7452	7453
P196,1	7454	7455
P13,1	7456	7457
P51,1	7458	7459
P114,1	7460	7461
P148,1	7462	7463
P85,1	7464	7465
P197,1	7466	7467
P35,1	7468	7469
P86,1	7470	7471
P198,1	7472	7473
P67,1	7474	7475
P149,1	7476	7477
P199,1	7478	7479
P36,2	7480	7481
P115,1	7482	7483
P8,1	7484	7485
P87,1	7486	7487
P200,1	7488	7489
P116,1	7490	7491
P150,1	7492	7493
P37,1	7494	7495
P88,1	7496	7497
P53,2	7498	7499
P117,1	7500	7501
P26,1	7502	7503
P151,1	7504	7505
P54,1	7506	7507
P152,1	7508	7509
P68,1	7510	7511
P38,1	7512	7513
P19,1	7514	7515
P89,1	7516	7517
P118,1	7518	7519
P153,1	7520	7521
P69,1	7522	7523
P154,1	7524	7525
P14,1	7526	7527
P119,1	7528	7529
P155,1	7530	7531
P6,1	7532	7533
P90,1	7534	7535
P156,1	7536	7537
P55,1	7538	7539
P70,1	7540	7541
P120,1	7542	7543
P7,1	7544	7545
P39,1	7546	7547
P157,1	7548	7549
P91,1	7550	7551
P56,1	7552	7553
P158,1	7554	7555
P121,1	7556	7557
P159,1	7558	7559
P122,1	7560	7561
P10,2	7562	7563
P160,1	7564	7565
P161,1	7566	7567
P92,1	7568	7569
P162,1	7570	7571
P40,2	7572	7573
P41,1	7574	7575
P93,1	7576	7577
P123,2	7578	7579
P72,1	7580	7581
P124,1	7582	7583
P125,1	7584	7585
P163,1	7586	7587
P57,1	7588	7589
P164,1	7590	7591
P165,1	7592	7593
P126,1	7594	7595
P28,2	7596	7597
P29,1	7598	7599
P94,1	7600	7601
P58,1	7602	7603
P166,1	7604	7605
P95,1	7606	7607
P167,1	7608	7609
P127,1	7610	7611
P59,1	7612	7613
P73,1	7614	7615
P128,1	7616	7617
P129,1	7618	7619
P21,1	7620	7621
P168,1	7622	7623
P43,1	7624	7625
P22,1	7626	7627
P60,1	7628	7629
P169,1	7630	7631
P170,1	7632	7633
P96,1	7634	7635
P130,1	7636	7637
P131,1	7638	7639
P15,1	7640	7641
P171,1	7642	7643
P44,1	7644	7645
P97,1	7646	7647
P172,1	7648	7649
P45,1	7650	7651
P132,1	7652	7653
P75,1	7654	7655
P98,1	7656	7657
P23,2	7658	7659
P2,1	7660	7661
P173,1	7662	7663
P133,1	7664	7664
P61,1	7665	7666
P76,1	7667	7668
P174,1	7669	7670
P46,2	7671	7672
P30,1	7673	7674
P11,1	7675	7676
P99,1	7677	7678
P175,1	7679	7680
P134,1	7681	7682
P176,1	7683	7684
P177,1	7685	7686
P178,1	7687	7688
P9,1	7689	7690
P100,1	7691	7692
P135,1	7693	7694
P77,1	7695	7696
P179,1	7697	7698
P47,1	7699	7700
P136,1	7701	7702
P101,1	7703	7704
P180,1	7705	7706
P181,1	7707	7708
P16,1	7709	7710
P102,1	7711	7712
P62,1	7713	7714
P137,1	7715	7716
P182,1	7717	7718
P183,1	7719	7720
P31,1	7721	7722
P103,1	7723	7724
P184,1	7725	7726
P138,1	7727	7728
P78,1	7729	7730
P104,1	7731	7732
P24,1	7733	7734
P185,1	7735	7736
P79,1	7737	7738
P186,1	7739	7740
P139,1	7741	7742
P63,2	7743	7744
P17,1	7745	7746
P18,1	7747	7748
P105,1	7749	7750
P140,1	7751	7752
P187,1	7753	7754
P48,1	7755	7756
P106,1	7757	7758
P32,1	7759	7759
P80,1	7760	7761
P141,1	7762	7763
P188,1	7764	7765
P4,1	7766	7767
P64,1	7768	7769
P33,1	7770	7771
P107,1	7772	7773
P49,2	7774	7775
P189,1	7776	7777
P142,1	7778	7779
P190,1	7780	7780
P108,1	7781	7782
P81,1	7783	7784
P143,1	7785	7786
P191,1	7787	7788
P109,1	7789	7790
P34,1	7791	7792
P12,2	7793	7794
P192,1	7795	7796
P82,1	7797	7798
P144,1	7799	7800
P83,1	7801	7802
P193,1	7803	7804
P25,1	7805	7806
P50,1	7807	7808
P110,1	7809	7810
P146,2	7811	7812
P111,1	7813	7814
P194,1	7815	7816
P195,1	7817	7818
P65,1	7819	7820
P66,1	7821	7822
P112,1	7823	7824
P84,1	7825	7826
P113,1	7827	7828
P196,1	7829	7830
P13,1	7831	7832
P51,1	7833	7834
P114,1	7835	7836
P148,1	7837	7838
P85,1	7839	7840
P197,1	7841	7842
P35,1	7843	7844
P86,1	7845	7846
P198,1	7847	7848
P67,1	7849	7850
P149,1	7851	7852
P199,1	7853	7854
P36,2	7855	7856
P115,1	7857	7858
P8,1	7859	7860
P87,1	7861	7862
P200,1	7863	7864
P116,1	7865	7866
P150,1	7867	7868
P37,1	7869	7870
P88,1	7871	7872
P53,2	7873	7874
P117,1	7875	7876
P26,1	7877	7878
P151,1	7879	7880
P54,1	7881	7882
P152,1	7883	7884
P68,1	7885	7886
P38,1	7887	7888
P19,1	7889	7890
P89,1	7891	7892
P118,1	7893	7894
P153,1	7895	7896
P69,1	7897	7898
P154,1	7899	7900
P14,1	7901	7902
P119,1	7903	7904
P155,1	7905	7906
P6,1	7907	7908
P90,1	7909	7910
P156,1	7911	7912
P55,1	7913	7914
P70,1	7915	7916
P120,1	7917	7918
P7,1	7919	7920
P39,1	7921	7922
P157,1	7923	7924
P91,1	7925	7926
P56,1	7927	7928
P158,1	7929	7930
P121,1	7931	7932
P159,1	7933	7934
P122,1	7935	7936
P10,2	7937	7938
P160,1	7939	7940
P161,1	7941	7942
P92,1	7943	7944
P162,1	7945	7946
P40,2	7947	7948
P41,1	7949	7950
P93,1	7951	7952
P123,2	7953	7954
P72,1	7955	7956
P124,1	7957	7958
P125,1	7959	7960
P163,1	7961	7962
P57,1	7963	7964
P164,1	7965	7966
P165,1	7967	7968
P126,1	7969	7970
P28,2	7971	7972
P29,1	7973	7974
P94,1	7975	7976
P58,1	7977	7978
P166,1	7979	7980
P95,1	7981	7982
P167,1	7983	7984
P127,1	7985	7986
P59,1	7987	7988
P73,1	7989	7990
P128,1	7991	7992
P129,1	7993	7994
P21,1	7995	7996
P168,1	7997	7998
P43,1	7999	8000
P22,1	8001	8002
P60,1	8003	8004
P169,1	8005	8006
P170,1	8007	8008
P96,1	8009	8010
P130,1	8011	8012
P131,1	8013	8014
P15,1	8015	8016
P171,1	8017	8018
P44,1	8019	8020
P97,1	8021	8022
P172,1	8023	8024
P45,1	8025	8026
P132,1	8027	8028
P75,1	8029	8030
P98,1	8031	8032
P23,2	8033	8034
P2,1	8035	8036
P173,1	8037	8038
P61,1	8039	8040
P76,1	8041	8042
P174,1	8043	8044
P133,2	8045	8046
P46,2	8047	8048
P30,1	8049	8050
P11,1	8051	8052
P99,1	8053	8054
P175,1	8055	8056
P134,1	8057	8058
P176,1	8059	8060
P177,1	8061	8062
P178,1	8063	8064
P9,1	8065	8066
P100,1	8067	8068
P135,1	8069	8070
P77,1	8071	8072
P179,1	8073	8074
P47,1	8075	8076
P136,1	8077	8078
P101,1	8079	8080
P180,1	8081	8082
P181,1	8083	8084
P16,1	8085	8086
P102,1	8087	8088
P62,1	8089	8090
P137,1	8091	8092
P182,1	8093	8094
P183,1	8095	8096
P31,1	8097	8098
P103,1	8099	8099
P184,1	8100	8101
P138,1	8102	8103
P78,1	8104	8105
P104,1	8106	8107
P185,1	8108	8109
P24,2	8110	8111
P79,1	8112	8113
P186,1	8114	8115
P139,1	8116	8117
P63,2	8118	8119
P17,1	8120	8121
P18,1	8122	8123
P105,1	8124	8125
P140,1	8126	8127
P187,1	8128	8129
P48,1	8130	8131
P106,1	8132	8133
P80,1	8134	8135
P141,1	8136	8137
P32,2	8138	8139
P188,1	8140	8141
P4,1	8142	8143
P64,1	8144	8145
P33,1	8146	8147
P107,1	8148	8149
P49,2	8150	8151
P189,1	8152	8153
P142,1	8154	8155
P108,1	8156	8157
P190,2	8158	8159
P81,1	8160	8161
P143,1	8162	8163
P191,1	8164	8165
P109,1	8166	8167
P34,1	8168	8169
P12,2	8170	8171
P192,1	8172	8173
P82,1	8174	8175
P144,1	8176	8177
P193,1	8178	8179
P25,1	8180	8181
P83,2	8182	8183
P50,1	8184	8185
P110,1	8186	8187
P146,2	8188	8189
P111,1	8190	8191
P194,1	8192	8193
P195,1	8194	8195
P65,1	8196	8197
P66,1	8198	8199
P112,1	8200	8201
P84,1	8202	8203
P113,1	8204	8205
P196,1	8206	8207
P13,1	8208	8209
P51,1	8210	8211
P114,1	8212	8213
P148,1	8214	8215
P85,1	8216	8217
P197,1	8218	8219
P35,1	8220	8221
P86,1	8222	8223
P198,1	8224	8225
P67,1	8226	8227
P149,1	8228	8229
P199,1	8230	8231
P36,2	8232	8233
P115,1	8234	8235
P8,1	8236	8237
P87,1	8238	8239
P200,1	8240	8241
P116,1	8242	8243
P150,1	8244	8245
P37,1	8246	8247
P88,1	8248	8249
P53,2	8250	8251
P117,1	8252	8253
P26,1	8254	8255
P151,1	8256	8257
P54,1	8258	8259
P152,1	8260	8261
P38,1	8262	8263
P19,1	8264	8265
P68,2	8266	8267
P89,1	8268	8269
P118,1	8270	8271
P153,1	8272	8273
P69,1	8274	8275
P154,1	8276	8277
P14,1	8278	8279
P119,1	8280	8281
P155,1	8282	8283
P6,1	8284	8285
P90,1	8286	8287
P156,1	8288	8289
P55,1	8290	8291
P120,1	8292	8293
P7,1	8294	8295
P39,1	8296	8297
P70,2	8298	8299
P157,1	8300	8301
P91,1	8302	8303
P56,1	8304	8305
P158,1	8306	8307
P121,1	8308	8309
P159,1	8310	8311
P122,1	8312	8313
P10,2	8314	8315
P160,1	8316	8317
P161,1	8318	8319
P92,1	8320	8321
P162,1	8322	8323
P40,2	8324	8325
P41,1	8326	8327
P93,1	8328	8329
P123,2	8330	8331
P72,1	8332	8333
P124,1	8334	8335
P125,1	8336	8337
P163,1	8338	8338
P57,1	8339	8340
P164,1	8341	8342
P165,1	8343	8344
P126,1	8345	8346
P28,2	8347	8348
P29,1	8349	8350
P94,1	8351	8352
P58,1	8353	8354
P166,1	8355	8356
P95,1	8357	8358
P167,1	8359	8360
P127,1	8361	8362
P59,1	8363	8364
P73,1	8365	8366
P128,1	8367	8368
P129,1	8369	8370
P21,1	8371	8372
P168,1	8373	8374
P43,1	8375	8376
P22,1	8377	8378
P60,1	8379	8379
P169,1	8380	8381
P170,1	8382	8383
P96,1	8384	8385
P130,1	8386	8387
P131,1	8388	8389
P15,1	8390	8391
P171,1	8392	8393
P44,1	8394	8395
P97,1	8396	8397
P172,1	8398	8399
P45,1	8400	8401
P132,1	8402	8403
P75,1	8404	8404
P98,1	8405	8406
P23,2	8407	8408
P2,1	8409	8410
P173,1	8411	8412
P61,1	8413	8414
P76,1	8415	8416
P174,1	8417	8418
P133,2	8419	8420
P46,2	8421	8422
P30,1	8423	8424
P11,1	8425	8426
P99,1	8427	8428
P175,1	8429	8430
P134,1	8431	8432
P176,1	8433	8434
P177,1	8435	8436
P178,1	8437	8438
P9,1	8439	8440
P100,1	8441	8442
P135,1	8443	8444
P77,1	8445	8446
P179,1	8447	8448
P47,1	8449	8450
P136,1	8451	8452
P101,1	8453	8454
P180,1	8455	8456
P181,1	8457	8458
P16,1	8459	8460
P102,1	8461	8462
P62,1	8463	8464
P137,1	8465	8466
P182,1	8467	8468
P183,1	8469	8470
P31,1	8471	8472
P184,1	8473	8474
P103,2	8475	8476
P138,1	8477	8478
P78,1	8479	8480
P104,1	8481	8482
P185,1	8483	8484
P24,2	8485	8486
P79,1	8487	8488
P186,1	8489	8490
P139,1	8491	8492
P63,2	8493	8494
P17,1	8495	8496
P18,1	8497	8498
P105,1	8499	8500
P140,1	8501	8502
P187,1	8503	8504
P48,1	8505	8506
P106,1	8507	8508
P80,1	8509	8510
P141,1	8511	8512
P32,2	8513	8514
P188,1	8515	8516
P4,1	8517	8518
P64,1	8519	8520
P33,1	8521	8522
P107,1	8523	8524
P49,2	8525	8526
P189,1	8527	8528
P142,1	8529	8530
P108,1	8531	8532
P190,2	8533	8534
P81,1	8535	8536
P143,1	8537	8538
P191,1	8539	8540
P109,1	8541	8542
P34,1	8543	8544
P12,2	8545	8546
P192,1	8547	8548
P82,1	8549	8550
P144,1	8551	8552
P193,1	8553	8554
P25,1	8555	8556
P83,2	8557	8558
P50,1	8559	8560
P110,1	8561	8562
P146,2	8563	8564
P111,1	8565	8566
P194,1	8567	8568
P195,1	8569	8570
P65,1	8571	8572
P66,1	8573	8574
P112,1	8575	8576
P84,1	8577	8578
P113,1	8579	8580
P196,1	8581	8582
P13,1	8583	8584
P51,1	8585	8586
P114,1	8587	8588
P148,1	8589	8590
P85,1	8591	8592
P197,1	8593	8594
P35,1	8595	8596
P86,1	8597	8598
P198,1	8599	8600
P67,1	8601	8602
P149,1	8603	8604
P199,1	8605	8606
P36,2	8607	8608
P115,1	8609	8610
P8,1	8611	8612
P87,1	8613	8614
P200,1	8615	8616
P116,1	8617	8618
P150,1	8619	8620
P37,1	8621	8622
P88,1	8623	8624
P53,2	8625	8626
P117,1	8627	8628
P26,1	8629	8630
P151,1	8631	8632
P54,1	8633	8634
P152,1	8635	8636
P38,1	8637	8638
P19,1	8639	8639
P68,2	8640	8641
P89,1	8642	8643
P118,1	8644	8645
P153,1	8646	8647
P69,1	8648	8649
P154,1	8650	8651
P14,1	8652	8653
P119,1	8654	8655
P155,1	8656	8657
P6,1	8658	8659
P90,1	8660	8661
P156,1	8662	8663
P55,1	8664	8665
P120,1	8666	8667
P7,1	8668	8669
P39,1	8670	8671
P70,2	8672	8673
P157,1	8674	8675
P91,1	8676	8677
P56,1	8678	8679
P158,1	8680	8680
P121,1	8681	8682
P159,1	8683	8684
P122,1	8685	8686
P10,2	8687	8688
P160,1	8689	8690
P161,1	8691	8692
P92,1	8693	8694
P162,1	8695	8696
P40,2	8697	8698
P41,1	8699	8700
P93,1	8701	8702
P123,2	8703	8704
P72,1	8705	8706
P124,1	8707	8708
P125,1	8709	8710
P57,1	8711	8712
P164,1	8713	8714
P165,1	8715	8716
P126,1	8717	8718
P28,2	8719	8720
P29,1	8721	8722
P94,1	8723	8724
P58,1	8725	8726
P166,1	8727	8728
P95,1	8729	8730
P167,1	8731	8732
P127,1	8733	8734
P59,1	8735	8736
P73,1	8737	8738
P128,1	8739	8740
P129,1	8741	8742
P21,1	8743	8744
P168,1	8745	8746
P43,1	8747	8748
P22,1	8749	8750
P169,1	8751	8752
P170,1	8753	8754
P96,1	8755	8756
P60,2	8757	8758
P130,1	8759	8760
P131,1	8761	8762
P15,1	8763	8764
P171,1	8765	8766
P44,1	8767	8768
P97,1	8769	8770
P172,1	8771	8772
P45,1	8773	8774
P132,1	8775	8776
P98,1	8777	8778
P23,2	8779	8780
P75,2	8781	8782
P2,1	8783	8784
P173,1	8785	8786
P61,1	8787	8788
P76,1	8789	8790
P174,1	8791	8792
P133,2	8793	8794
P46,2	8795	8796
P30,1	8797	8798
P11,1	8799	8800
P99,1	8801	8802
P175,1	8803	8804
P134,1	8805	8806
P176,1	8807	8808
P177,1	8809	8810
P178,1	8811	8812
P9,1	8813	8814
P100,1	8815	8816
P135,1	8817	8818
P77,1	8819	8820
P179,1	8821	8822
P47,1	8823	8824
P136,1	8825	8826
P101,1	8827	8828
P180,1	8829	8830
P181,1	8831	8832
P16,1	8833	8834
P102,1	8835	8836
P62,1	8837	8838
P137,1	8839	8840
P182,1	8841	8842
P183,1	8843	8844
P31,1	8845	8846
P184,1	8847	8848
P103,2	8849	8850
P138,1	8851	8852
P78,1	8853	8854
P104,1	8855	8856
P185,1	8857	8858
P24,2	8859	8860
P79,1	8861	8862
P186,1	8863	8864
P139,1	8865	8866
P63,2	8867	8868
P17,1	8869	8870
P18,1	8871	8872
P105,1	8873	8874
P140,1	8875	8876
P187,1	8877	8878
P48,1	8879	8880
P106,1	8881	8882
P80,1	8883	8884
P141,1	8885	8885
P32,2	8886	8887
P188,1	8888	8889
P4,1	8890	8891
P64,1	8892	8893
P33,1	8894	8895
P107,1	8896	8897
P49,2	8898	8899
P189,1	8900	8901
P142,1	8902	8903
P108,1	8904	8905
P190,2	8906	8907
P81,1	8908	8909
P143,1	8910	8911
P191,1	8912	8913
P109,1	8914	8915
P34,1	8916	8917
P12,2	8918	8919
P192,1	8920	8921
P82,1	8922	8923
P144,1	8924	8925
P193,1	8926	8927
P25,1	8928	8929
P83,2	8930	8931
P50,1	8932	8933
P110,1	8934	8935
P146,2	8936	8937
P111,1	8938	8939
P194,1	8940	8941
P195,1	8942	8943
P65,1	8944	8945
P66,1	8946	8947
P112,1	8948	8949
P84,1	8950	8951
P113,1	8952	8953
P196,1	8954	8955
P13,1	8956	8957
P51,1	8958	8959
P114,1	8960	8961
P148,1	8962	8963
P85,1	8964	8965
P197,1	8966	8967
P35,1	8968	8969
P86,1	8970	8971
P198,1	8972	8973
P67,1	8974	8975
P149,1	8976	8977
P199,1	8978	8979
P36,2	8980	8981
P115,1	8982	8983
P8,1	8984	8985
P87,1	8986	8987
P200,1	8988	8989
P116,1	8990	8991
P150,1	8992	8993
P37,1	8994	8995
P88,1	8996	8997
P53,2	8998	8999
P117,1	9000	9001
P26,1	9002	9003
P151,1	9004	9005
P54,1	9006	9007
P152,1	9008	9009
P38,1	9010	9011
P19,2	9012	9013
P68,2	9014	9015
P89,1	9016	9017
P118,1	9018	9019
P153,1	9020	9021
P69,1	9022	9023
P154,1	9024	9025
P14,1	9026	9027
P119,1	9028	9029
P155,1	9030	9031
P90,1	9032	9033
P156,1	9034	9035
P55,1	9036	9037
P120,1	9038	9039
P7,1	9040	9041
P39,1	9042	9043
P70,2	9044	9045
P157,1	9046	9047
P91,1	9048	9049
P56,1	9050	9051
P121,1	9052	9053
P159,1	9054	9055
P158,2	9056	9057
P122,1	9058	9059
P10,2	9060	9061
P160,1	9062	9063
P161,1	9064	9065
P92,1	9066	9067
P162,1	9068	9069
P40,2	9070	9071
P41,1	9072	9073
P93,1	9074	9075
P123,2	9076	9077
P72,1	9078	9079
P124,1	9080	9081
P125,1	9082	9083
P57,1	9084	9085
P164,1	9086	9087
P165,1	9088	9089
P126,1	9090	9091
P28,2	9092	9093
P29,1	9094	9095
P94,1	9096	9097
P58,1	9098	9099
P166,1	9100	9101
P95,1	9102	9103
P167,1	9104	9105
P127,1	9106	9107
P59,1	9108	9109
P73,1	9110	9111
P128,1	9112	9113
P129,1	9114	9115
P21,1	9116	9117
P168,1	9118	9119
P43,1	9120	9121
P22,1	9122	9123
P169,1	9124	9125
P170,1	9126	9127
P96,1	9128	9129
P60,2	9130	9131
P130,1	9132	9133
P131,1	9134	9135
P15,1	9136	9137
P171,1	9138	9139
P44,1	9140	9141
P97,1	9142	9143
P172,1	9144	9145
P45,1	9146	9147
P132,1	9148	9149
P98,1	9150	9151
P23,2	9152	9153
P75,2	9154	9155
P2,1	9156	9157
P173,1	9158	9159
P61,1	9160	9161
P76,1	9162	9163
P174,1	9164	9165
P133,2	9166	9167
P46,2	9168	9169
P30,1	9170	9171
P11,1	9172	9173
P99,1	9174	9175
P175,1	9176	9177
P134,1	9178	9179
P176,1	9180	9181
P177,1	9182	9183
P178,1	9184	9185
P9,1	9186	9187
P100,1	9188	9189
P135,1	9190	9191
P77,1	9192	9193
P179,1	9194	9195
P47,1	9196	9197
P136,1	9198	9199
P101,1	9200	9201
P180,1	9202	9203
P181,1	9204	9205
P16,1	9206	9207
P102,1	9208	9209
P62,1	9210	9211
P137,1	9212	9213
P182,1	9214	9215
P183,1	9216	9217
P31,1	9218	9219
P184,1	9220	9221
P103,2	9222	9223
P138,1	9224	9225
P78,1	9226	9227
P104,1	9228	9229
P185,1	9230	9231
P24,2	9232	9233
P79,1	9234	9235
P186,1	9236	9237
P139,1	9238	9239
P63,2	9240	9241
P17,1	9242	9243
P18,1	9244	9245
P105,1	9246	9247
P140,1	9248	9249
P187,1	9250	9251
P48,1	9252	9253
P106,1	9254	9255
P32,2	9256	9257
P80,2	9258	9259
P188,1	9260	9261
P141,2	9262	9263
P4,1	9264	9265
P64,1	9266	9267
P33,1	9268	9269
P107,1	9270	9271
P49,2	9272	9273
P189,1	9274	9275
P142,1	9276	9277
P108,1	9278	9279
P190,2	9280	9281
P81,1	9282	9283
P143,1	9284	9285
P191,1	9286	9287
P109,1	9288	9289
P34,1	9290	9291
P12,2	9292	9293
P192,1	9294	9295
P82,1	9296	9297
P144,1	9298	9299
P193,1	9300	9301
P25,1	9302	9303
P83,2	9304	9305
P50,1	9306	9307
P110,1	9308	9309
P146,2	9310	9311
P111,1	9312	9313
P194,1	9314	9315
P195,1	9316	9317
P65,1	9318	9319
P66,1	9320	9321
P112,1	9322	9323
P84,1	9324	9325
P113,1	9326	9327
P196,1	9328	9329
P13,1	9330	9331
P51,1	9332	9333
P114,1	9334	9335
P148,1	9336	9337
P85,1	9338	9339
P197,1	9340	9341
P35,1	9342	9343
P86,1	9344	9345
P198,1	9346	9347
P67,1	9348	9349
P149,1	9350	9351
P199,1	9352	9353
P36,2	9354	9355
P115,1	9356	9357
P8,1	9358	9359
P87,1	9360	9361
P200,1	9362	9363
P116,1	9364	9365
P150,1	9366	9367
P37,1	9368	9369
P88,1	9370	9371
P53,2	9372	9373
P117,1	9374	9375
P26,1	9376	9377
P151,1	9378	9379
P54,1	9380	9381
P152,1	9382	9383
P38,1	9384	9385
P19,2	9386	9387
P68,2	9388	9389
P89,1	9390	9391
P118,1	9392	9393
P153,1	9394	9395
P69,1	9396	9397
P154,1	9398	9399
P14,1	9400	9401
P119,1	9402	9403
P155,1	9404	9405
P90,1	9406	9407
P156,1	9408	9409
P55,1	9410	9411
P120,1	9412	9413
P7,1	9414	9415
P70,2	9416	9417
P157,1	9418	9419
P91,1	9420	9421
P56,1	9422	9423
P121,1	9424	9425
P159,1	9426	9427
P158,2	9428	9429
P122,1	9430	9431
P10,2	9432	9433
P160,1	9434	9435
P161,1	9436	9437
P92,1	9438	9439
P162,1	9440	9441
P40,2	9442	9443
P41,1	9444	9445
P123,2	9446	9447
P72,1	9448	9449
P125,1	9450	9451
P57,1	9452	9453
P124,2	9454	9455
P164,1	9456	9457
P165,1	9458	9459
P126,1	9460	9461
P28,2	9462	9463
P29,1	9464	9465
P94,1	9466	9467
P58,1	9468	9469
P166,1	9470	9471
P95,1	9472	9473
P167,1	9474	9475
P127,1	9476	9477
P59,1	9478	9479
P73,1	9480	9481
P128,1	9482	9483
P129,1	9484	9485
P21,1	9486	9487
P168,1	9488	9489
P43,1	9490	9491
P22,1	9492	9493
P169,1	9494	9495
P170,1	9496	9497
P96,1	9498	9499
P60,2	9500	9501
P130,1	9502	9503
P131,1	9504	9505
P15,1	9506	9507
P171,1	9508	9509
P44,2	9510	9511
P97,1	9512	9513
P172,1	9514	9515
P45,1	9516	9517
P132,1	9518	9519
P98,1	9520	9521
P23,2	9522	9523
P75,2	9524	9525
P2,1	9526	9527
P173,1	9528	9529
P61,1	9530	9531
P76,1	9532	9533
P174,1	9534	9535
P133,2	9536	9537
P46,2	9538	9539
P30,1	9540	9541
P11,1	9542	9543
P99,1	9544	9545
P175,1	9546	9547
P134,1	9548	9549
P176,1	9550	9551
P177,1	9552	9553
P178,1	9554	9555
P9,1	9556	9557
P100,1	9558	9559
P77,1	9560	9561
P179,1	9562	9563
P135,2	9564	9565
P47,1	9566	9567
P136,1	9568	9569
P101,1	9570	9571
P180,1	9572	9573
P181,1	9574	9575
P16,1	9576	9577
P102,1	9578	9579
P62,1	9580	9581
P137,1	9582	9583
P182,1	9584	9585
P183,1	9586	9587
P31,1	9588	9589
P184,1	9590	9591
P103,2	9592	9593
P138,1	9594	9595
P78,1	9596	9597
P104,1	9598	9599
P185,1	9600	9601
P24,2	9602	9603
P79,1	9604	9605
P186,1	9606	9607
P139,1	9608	9609
P63,2	9610	9611
P17,1	9612	9613
P18,1	9614	9615
P105,1	9616	9617
P140,1	9618	9619
P187,1	9620	9621
P48,1	9622	9623
P106,1	9624	9625
P32,2	9626	9627
P80,2	9628	9629
P188,1	9630	9631
P141,2	9632	9633
P4,1	9634	9635
P64,1	9636	9637
P33,1	9638	9639
P107,1	9640	9641
P49,2	9642	9643
P189,1	9644	9645
P142,1	9646	9647
P108,1	9648	9649
P190,2	9650	9651
P81,1	9652	9653
P143,1	9654	9655
P191,1	9656	9657
P109,1	9658	9659
P34,1	9660	9661
P12,2	9662	9663
P192,1	9664	9665
P82,1	9666	9667
P144,1	9668	9669
P193,1	9670	9671
P25,1	9672	9673
P83,2	9674	9675
P50,1	9676	9677
P110,1	9678	9679
P146,2	9680	9681
P111,1	9682	9683
P194,1	9684	9685
P195,1	9686	9687
P65,1	9688	9689
P66,1	9690	9691
P112,1	9692	9693
P84,1	9694	9695
P113,1	9696	9697
P196,1	9698	9699
P13,1	9700	9701
P51,1	9702	9703
P114,1	9704	9705
P148,1	9706	9707
P85,1	9708	9709
P197,1	9710	9711
P35,1	9712	9713
P86,1	9714	9715
P198,1	9716	9717
P67,1	9718	9719
P149,1	9720	9721
P199,1	9722	9723
P36,2	9724	9725
P115,1	9726	9727
P8,1	9728	9729
P87,1	9730	9731
P200,1	9732	9733
P116,1	9734	9734
P150,1	9735	9736
P37,1	9737	9738
P88,1	9739	9740
P53,2	9741	9742
P117,1	9743	9744
P26,1	9745	9746
P151,1	9747	9748
P54,1	9749	9750
P152,1	9751	9752
P38,1	9753	9754
P19,2	9755	9756
P68,2	9757	9758
P89,1	9759	9760
P118,1	9761	9762
P153,1	9763	9764
P69,1	9765	9766
P154,1	9767	9768
P14,1	9769	9770
P119,1	9771	9772
P155,1	9773	9774
P90,1	9775	9775
P156,1	9776	9777
P55,1	9778	9779
P120,1	9780	9781
P7,1	9782	9783
P70,2	9784	9785
P157,1	9786	9787
P91,1	9788	9789
P56,1	9790	9791
P121,1	9792	9793
P159,1	9794	9795
P158,2	9796	9797
P122,1	9798	9799
P10,2	9800	9801
P160,1	9802	9803
P161,1	9804	9805
P92,1	9806	9807
P162,1	9808	9809
P40,2	9810	9811
P41,1	9812	9813
P123,2	9814	9815
P72,1	9816	9817
P125,1	9818	9819
P57,1	9820	9821
P124,2	9822	9823
P164,1	9824	9825
P165,1	9826	9827
P126,1	9828	9829
P28,2	9830	9831
P29,1	9832	9833
P94,1	9834	9835
P58,1	9836	9837
P166,1	9838	9839
P95,1	9840	9841
P167,1	9842	9843
P127,1	9844	9845
P59,1	9846	9847
P73,1	9848	9849
P128,1	9850	9851
P129,1	9852	9853
P21,1	9854	9855
P168,1	9856	9857
P22,1	9858	9859
P169,1	9860	9861
P170,1	9862	9862
P43,2	9863	9864
P96,1	9865	9866
P60,2	9867	9868
P130,1	9869	9870
P131,1	9871	9872
P15,1	9873	9874
P171,1	9875	9876
P44,2	9877	9878
P97,1	9879	9880
P172,1	9881	9882
P45,1	9883	9884
P132,1	9885	9886
P98,1	9887	9888
P23,2	9889	9890
P75,2	9891	9892
P2,1	9893	9894
P173,1	9895	9896
P61,1	9897	9898
P76,1	9899	9900
P174,1	9901	9902
P133,2	9903	9904
P46,2	9905	9906
P30,1	9907	9908
P11,1	9909	9910
P99,1	9911	9912
P175,1	9913	9914
P134,1	9915	9916
P176,1	9917	9918
P177,1	9919	9920
P178,1	9921	9922
P9,1	9923	9924
P100,1	9925	9926
P179,1	9927	9928
P135,2	9929	9930
P77,2	9931	9932
P47,1	9933	9934
P136,1	9935	9936
P101,1	9937	9938
P180,1	9939	9940
P181,1	9941	9942
P16,1	9943	9944
P102,1	9945	9946
P62,1	9947	9948
P137,1	9949	9950
P182,1	9951	9952
P183,1	9953	9954
P31,1	9955	9956
P184,1	9957	9958
P103,2	9959	9960
P138,1	9961	9962
P78,1	9963	9964
P104,1	9965	9966
P185,1	9967	9968
P24,2	9969	9970
P79,1	9971	9972
P186,1	9973	9974
P139,1	9975	9976
P63,2	9977	9978
P17,1	9979	9980
P18,1	9981	9982
P105,1	9983	9984
P140,1	9985	9986
P187,1	9987	9988
P48,1	9989	9990
P106,1	9991	9992
P32,2	9993	9994
P80,2	9995	9996
P188,1	9997	9998
P141,2	9999	10000
P4,1	10001	10001
P64,1	10002	10003
P33,1	10004	10005
P107,1	10006	10007
P49,2	10008	10009
P189,1	10010	10011
P142,1	10012	10013
P108,1	10014	10015
P190,2	10016	10017
P81,1	10018	10019
P143,1	10020	10021
P191,1	10022	10023
P109,1	10024	10025
P34,1	10026	10027
P12,2	10028	10029
P192,1	10030	10031
P82,1	10032	10033
P144,1	10034	10035
P193,1	10036	10037
P25,1	10038	10039
P83,2	10040	10041
P50,1	10042	10042
P110,1	10043	10044
P146,2	10045	10046
P111,1	10047	10048
P194,1	10049	10050
P195,1	10051	10052
P65,1	10053	10054
P66,1	10055	10056
P112,1	10057	10058
P84,1	10059	10060
P113,1	10061	10062
P196,1	10063	10064
P13,1	10065	10066
P51,1	10067	10068
P114,1	10069	10070
P148,1	10071	10072
P85,1	10073	10074
P197,1	10075	10076
P35,1	10077	10078
P86,1	10079	10080
P198,1	10081	10082
P67,1	10083	10084
P149,1	10085	10086
P199,1	10087	10088
P36,2	10089	10090
P115,1	10091	10092
P8,1	10093	10094
P87,1	10095	10096
P200,1	10097	10098
P116,2	10099	10100
P150,1	10101	10102
P37,1	10103	10104
P88,1	10105	10105
P53,2	10106	10107
P117,1	10108	10109
P26,1	10110	10111
P151,1	10112	10113
P54,1	10114	10115
P152,1	10116	10117
P38,1	10118	10119
P19,2	10120	10121
P68,2	10122	10123
P89,1	10124	10125
P118,1	10126	10127
P153,1	10128	10129
P69,1	10130	10131
P154,1	10132	10133
P14,1	10134	10135
P119,1	10136	10137
P155,1	10138	10139
P156,1	10140	10141
P55,1	10142	10143
P120,1	10144	10145
P90,2	10146	10147
P7,1	10148	10149
P70,2	10150	10151
P157,1	10152	10153
P91,1	10154	10155
P56,1	10156	10157
P121,1	10158	10159
P159,1	10160	10161
P158,2	10162	10163
P122,1	10164	10165
P10,2	10166	10167
P160,1	10168	10169
P161,1	10170	10171
P92,1	10172	10173
P162,1	10174	10175
P40,2	10176	10177
P41,1	10178	10179
P123,2	10180	10181
P72,1	10182	10183
P125,1	10184	10185
P57,1	10186	10187
P124,2	10188	10189
P164,1	10190	10191
P165,1	10192	10193
P126,1	10194	10195
P28,2	10196	10197
P29,1	10198	10199
P94,1	10200	10201
P58,1	10202	10203
P166,1	10204	10205
P95,1	10206	10207
P167,1	10208	10209
P127,1	10210	10211
P59,1	10212	10213
P73,1	10214	10215
P128,1	10216	10217
P129,1	10218	10219
P21,1	10220	10221
P168,1	10222	10223
P22,1	10224	10225
P169,1	10226	10227
P43,2	10228	10229
P96,1	10230	10231
P60,2	10232	10233
P130,1	10234	10235
P131,1	10236	10237
P15,1	10238	10239
P171,1	10240	10241
P44,2	10242	10243
P97,1	10244	10245
P172,1	10246	10247
P45,1	10248	10249
P132,1	10250	10251
P98,1	10252	10253
P23,2	10254	10255
P75,2	10256	10257
P2,1	10258	10259
P173,1	10260	10261
P61,1	10262	10263
P76,1	10264	10265
P174,1	10266	10267
P133,2	10268	10269
P46,2	10270	10271
P30,1	10272	10273
P11,1	10274	10275
P99,1	10276	10277
P175,1	10278	10279
P134,1	10280	10281
P176,1	10282	10283
P177,1	10284	10285
P178,1	10286	10287
P9,1	10288	10289
P100,1	10290	10291
P179,1	10292	10293
P135,2	10294	10295
P77,2	10296	10297
P47,1	10298	10299
P136,1	10300	10301
P101,1	10302	10303
P180,1	10304	10305
P181,1	10306	10307
P16,1	10308	10309
P102,1	10310	10311
P62,1	10312	10313
P137,1	10314	10315
P182,1	10316	10317
P183,1	10318	10319
P31,1	10320	10321
P184,1	10322	10323
P103,2	10324	10325
P138,1	10326	10327
P78,1	10328	10329
P104,1	10330	10331
P185,1	10332	10333
P24,2	10334	10335
P79,1	10336	10337
P186,1	10338	10339
P139,1	10340	10341
P63,2	10342	10343
P17,1	10344	10345
P18,1	10346	10347
P105,1	10348	10349
P140,1	10350	10351
P187,1	10352	10353
P48,1	10354	10355
P106,1	10356	10357
P32,2	10358	10359
P80,2	10360	10361
P188,1	10362	10363
P141,2	10364	10365
P64,1	10366	10367
P33,1	10368	10369
P107,1	10370	10371
P4,2	10372	10373
P49,2	10374	10375
P189,1	10376	10377
P142,1	10378	10379
P108,1	10380	10381
P190,2	10382	10383
P81,1	10384	10385
P143,1	10386	10387
P191,1	10388	10389
P109,1	10390	10391
P34,1	10392	10393
P12,2	10394	10395
P192,1	10396	10397
P82,1	10398	10399
P144,1	10400	10401
P193,1	10402	10403
P25,1	10404	10405
P83,2	10406	10407
P110,1	10408	10409
P146,2	10410	10411
P50,2	10412	10413
P111,1	10414	10415
P194,1	10416	10417
P195,1	10418	10419
P65,1	10420	10421
P66,1	10422	10423
P112,1	10424	10425
P84,1	10426	10427
P113,1	10428	10429
P196,1	10430	10431
P13,1	10432	10433
P51,1	10434	10435
P114,1	10436	10437
P148,1	10438	10439
P85,1	10440	10441
P35,1	10442	10443
P86,1	10444	10445
P198,1	10446	10447
P67,1	10448	10449
P149,1	10450	10451
P199,1	10452	10453
P36,2	10454	10455
P115,1	10456	10457
P8,1	10458	10459
P87,1	10460	10461
P200,1	10462	10463
P116,2	10464	10465
P150,1	10466	10467
P37,1	10468	10469
P53,2	10470	10471
P88,2	10472	10473
P117,1	10474	10475
P26,1	10476	10477
P151,1	10478	10479
P54,1	10480	10481
P152,1	10482	10483
P38,1	10484	10485
P19,2	10486	10487
P68,2	10488	10489
P89,1	10490	10491
P118,1	10492	10493
P153,1	10494	10495
P69,1	10496	10497
P154,1	10498	10499
P14,1	10500	10501
P119,1	10502	10503
P155,1	10504	10505
P156,1	10506	10507
P55,1	10508	10509
P120,1	10510	10511
P90,2	10512	10513
P7,1	10514	10515
P70,2	10516	10517
P157,1	10518	10519
P91,1	10520	10521
P56,1	10522	10523
P121,1	10524	10525
P158,2	10526	10527
P122,1	10528	10529
P10,2	10530	10531
P159,2	10532	10533
P160,1	10534	10535
P161,1	10536	10537
P92,1	10538	10539
P162,1	10540	10541
P40,2	10542	10543
P41,1	10544	10545
P123,2	10546	10547
P72,1	10548	10549
P125,1	10550	10551
P57,1	10552	10553
P124,2	10554	10555
P164,1	10556	10557
P165,1	10558	10559
P126,1	10560	10561
P28,2	10562	10563
P29,1	10564	10565
P94,1	10566	10567
P58,1	10568	10569
P166,1	10570	10571
P95,1	10572	10573
P167,1	10574	10575
P127,1	10576	10577
P59,1	10578	10579
P73,1	10580	10581
P128,1	10582	10583
P129,1	10584	10585
P21,1	10586	10587
P168,1	10588	10589
P22,1	10590	10591
P169,1	10592	10593
P43,2	10594	10595
P96,1	10596	10597
P60,2	10598	10599
P130,1	10600	10601
P131,1	10602	10603
P15,1	10604	10605
P171,1	10606	10607
P44,2	10608	10609
P97,1	10610	10611
P172,1	10612	10613
P45,1	10614	10615
P132,1	10616	10617
P98,1	10618	10619
P23,2	10620	10621
P75,2	10622	10623
P2,1	10624	10624
P173,1	10625	10626
P61,1	10627	10628
P76,1	10629	10630
P174,1	10631	10632
P133,2	10633	10634
P46,2	10635	10636
P30,1	10637	10638
P11,1	10639	10640
P99,1	10641	10642
P175,1	10643	10644
P134,1	10645	10646
P176,1	10647	10648
P177,1	10649	10650
P178,1	10651	10652
P9,1	10653	10654
P100,1	10655	10656
P179,1	10657	10658
P135,2	10659	10660
P77,2	10661	10662
P47,1	10663	10664
P136,1	10665	10666
P101,1	10667	10668
P180,1	10669	10670
P181,1	10671	10672
P16,1	10673	10674
P102,1	10675	10676
P62,1	10677	10678
P137,1	10679	10680
P182,1	10681	10682
P31,1	10683	10684
P184,1	10685	10686
P183,2	10687	10688
P103,2	10689	10690
P78,1	10691	10692
P138,2	10693	10694
P104,1	10695	10696
P185,1	10697	10698
P24,2	10699	10700
P79,1	10701	10702
P186,1	10703	10704
P139,1	10705	10706
P63,2	10707	10708
P17,1	10709	10710
P18,1	10711	10712
P105,1	10713	10714
P140,1	10715	10716
P187,1	10717	10718
P48,1	10719	10720
P106,1	10721	10722
P32,2	10723	10724
P80,2	10725	10726
P188,1	10727	10728
P141,2	10729	10730
P64,1	10731	10732
P33,1	10733	10734
P107,1	10735	10736
P4,2	10737	10738
P49,2	10739	10740
P189,1	10741	10742
P142,1	10743	10744
P108,1	10745	10746
P190,2	10747	10748
P81,1	10749	10750
P143,1	10751	10752
P191,1	10753	10754
P109,1	10755	10756
P34,1	10757	10758
P12,2	10759	10760
P192,1	10761	10762
P82,1	10763	10764
P144,1	10765	10766
P193,1	10767	10768
P25,1	10769	10770
P83,2	10771	10772
P110,1	10773	10774
P146,2	10775	10776
P50,2	10777	10778
P111,1	10779	10780
P194,1	10781	10782
P195,1	10783	10784
P65,1	10785	10786
P66,1	10787	10788
P112,1	10789	10790
P84,1	10791	10792
P113,1	10793	10794
P196,1	10795	10796
P13,1	10797	10798
P51,1	10799	10800
P114,1	10801	10802
P148,1	10803	10804
P85,1	10805	10806
P35,1	10807	10808
P86,1	10809	10809
P198,1	10810	10811
P67,1	10812	10813
P149,1	10814	10815
P199,1	10816	10817
P36,2	10818	10819
P115,1	10820	10821
P87,1	10822	10823
P200,1	10824	10825
P116,2	10826	10827
P150,1	10828	10829
P37,1	10830	10831
P53,2	10832	10833
P88,2	10834	10835
P117,1	10836	10837
P26,1	10838	10839
P151,1	10840	10840
P54,1	10841	10842
P152,1	10843	10844
P38,1	10845	10846
P19,2	10847	10848
P68,2	10849	10850
P89,1	10851	10852
P118,1	10853	10854
P153,1	10855	10856
P69,1	10857	10858
P154,1	10859	10860
P14,1	10861	10862
P119,1	10863	10864
P155,1	10865	10866
P156,1	10867	10868
P55,1	10869	10870
P120,1	10871	10872
P90,2	10873	10874
P7,1	10875	10876
P70,2	10877	10878
P157,1	10879	10880
P91,1	10881	10881
P56,1	10882	10883
P121,1	10884	10885
P158,2	10886	10887
P122,1	10888	10889
P10,2	10890	10891
P159,2	10892	10893
P160,1	10894	10895
P161,1	10896	10897
P92,1	10898	10899
P162,1	10900	10901
P40,2	10902	10903
P41,1	10904	10904
P123,2	10905	10906
P72,1	10907	10908
P125,1	10909	10910
P57,1	10911	10912
P124,2	10913	10914
P164,1	10915	10916
P165,1	10917	10918
P126,1	10919	10920
P28,2	10921	10922
P29,1	10923	10924
P94,1	10925	10926
P58,1	10927	10928
P166,1	10929	10930
P95,1	10931	10932
P167,1	10933	10934
P127,1	10935	10936
P59,1	10937	10938
P73,1	10939	10940
P128,1	10941	10942
P129,1	10943	10944
P21,1	10945	10946
P168,1	10947	10948
P22,1	10949	10950
P169,1	10951	10952
P43,2	10953	10954
P96,1	10955	10956
P60,2	10957	10958
P130,1	10959	10960
P131,1	10961	10962
P15,1	10963	10964
P171,1	10965	10966
P44,2	10967	10968
P97,1	10969	10970
P172,1	10971	10972
P45,1	10973	10974
P132,1	10975	10976
P98,1	10977	10978
P23,2	10979	10980
P75,2	10981	10982
P173,1	10983	10984
P61,1	10985	10986
P76,1	10987	10988
P2,2	10989	10990
P174,1	10991	10992
P133,2	10993	10994
P46,2	10995	10996
P30,1	10997	10998
P11,1	10999	11000
P99,1	11001	11002
P175,1	11003	11004
P134,1	11005	11006
P176,1	11007	11008
P177,1	11009	11010
P178,1	11011	11012
P100,1	11013	11014
P179,1	11015	11016
P135,2	11017	11018
P77,2	11019	11020
P47,1	11021	11022
P136,1	11023	11024
P101,1	11025	11026
P180,1	11027	11028
P181,1	11029	11030
P16,1	11031	11032
P102,1	11033	11034
P62,1	11035	11036
P137,1	11037	11038
P182,1	11039	11040
P31,1	11041	11042
P184,1	11043	11044
P183,2	11045	11046
P103,2	11047	11048
P78,1	11049	11050
P138,2	11051	11052
P104,1	11053	11054
P185,1	11055	11056
P24,2	11057	11058
P79,1	11059	11060
P186,1	11061	11062
P139,1	11063	11064
P63,2	11065	11066
P17,1	11067	11068
P18,1	11069	11070
P105,1	11071	11072
P140,1	11073	11074
P187,1	11075	11076
P48,1	11077	11078
P106,1	11079	11080
P32,2	11081	11082
P80,2	11083	11084
P188,1	11085	11086
P141,2	11087	11088
P64,1	11089	11090
P33,1	11091	11092
P107,1	11093	11094
P4,2	11095	11096
P49,2	11097	11098
P189,1	11099	11100
P142,1	11101	11102
P108,1	11103	11104
P190,2	11105	11106
P81,1	11107	11108
P143,1	11109	11110
P191,1	11111	11112
P109,1	11113	11114
P34,1	11115	11116
P12,2	11117	11118
P192,1	11119	11120
P82,1	11121	11121
P144,1	11122	11123
P193,1	11124	11125
P25,1	11126	11127
P83,2	11128	11129
P110,1	11130	11131
P146,2	11132	11133
P50,2	11134	11135
P111,1	11136	11137
P194,1	11138	11139
P195,1	11140	11141
P65,1	11142	11143
P66,1	11144	11145
P112,1	11146	11147
P84,1	11148	11149
P113,1	11150	11151
P196,1	11152	11153
P13,1	11154	11155
P51,1	11156	11157
P114,1	11158	11159
P148,1	11160	11161
P85,1	11162	11163
P35,1	11164	11165
P198,1	11166	11167
P67,1	11168	11169
P86,2	11170	11171
P149,1	11172	11173
P199,1	11174	11175
P36,2	11176	11177
P115,1	11178	11179
P87,1	11180	11180
P200,1	11181	11182
P116,2	11183	11184
P150,1	11185	11186
P37,1	11187	11188
P53,2	11189	11190
P88,2	11191	11192
P117,1	11193	11194
P26,1	11195	11196
P54,1	11197	11198
P152,1	11199	11200
P38,1	11201	11202
P151,2	11203	11204
P19,2	11205	11206
P68,2	11207	11208
P89,1	11209	11210
P118,1	11211	11212
P153,1	11213	11214
P69,1	11215	11216
P154,1	11217	11218
P14,1	11219	11220
P119,1	11221	11222
P155,1	11223	11224
P156,1	11225	11226
P55,1	11227	11228
P120,1	11229	11230
P90,2	11231	11232
P7,1	11233	11234
P70,2	11235	11236
P157,1	11237	11238
P56,1	11239	11240
P121,1	11241	11242
P158,2	11243	11244
P91,2	11245	11246
P122,1	11247	11248
P10,2	11249	11250
P159,2	11251	11252
P160,1	11253	11254
P161,1	11255	11256
P92,1	11257	11258
P162,1	11259	11260
P40,2	11261	11262
P123,2	11263	11264
P72,1	11265	11266
P41,2	11267	11268
P125,1	11269	11270
P57,1	11271	11272
P124,2	11273	11274
P164,1	11275	11276
P165,1	11277	11278
P126,1	11279	11280
P28,2	11281	11282
P29,1	11283	11284
P94,1	11285	11286
P58,1	11287	11288
P166,1	11289	11290
P95,1	11291	11292
P167,1	11293	11294
P127,1	11295	11296
P59,1	11297	11298
P73,1	11299	11300
P128,1	11301	11302
P129,1	11303	11304
P21,1	11305	11306
P168,1	11307	11308
P22,1	11309	11310
P43,2	11311	11312
P169,2	11313	11314
P96,1	11315	11316
P60,2	11317	11318
P130,1	11319	11320
P131,1	11321	11322
P15,1	11323	11324
P171,1	11325	11326
P44,2	11327	11328
P97,1	11329	11330
P172,1	11331	11332
P45,1	11333	11334
P132,1	11335	11336
P98,1	11337	11338
P23,2	11339	11340
P75,2	11341	11342
P173,1	11343	11344
P61,1	11345	11346
P76,1	11347	11348
P2,2	11349	11350
P174,1	11351	11351
P133,2	11352	11353
P46,2	11354	11355
P30,1	11356	11357
P11,1	11358	11359
P99,1	11360	11361
P175,1	11362	11363
P134,1	11364	11365
P176,1	11366	11367
P177,1	11368	11369
P178,1	11370	11371
P100,1	11372	11373
P179,1	11374	11375
P135,2	11376	11377
P77,2	11378	11379
P47,1	11380	11381
P136,1	11382	11383
P101,1	11384	11385
P180,1	11386	11387
P181,1	11388	11389
P16,1	11390	11391
P102,1	11392	11393
P62,1	11394	11395
P137,1	11396	11397
P182,1	11398	11399
P31,1	11400	11401
P184,1	11402	11403
P183,2	11404	11405
P103,2	11406	11407
P78,1	11408	11409
P138,2	11410	11411
P104,1	11412	11413
P185,1	11414	11415
P24,2	11416	11417
P79,1	11418	11419
P186,1	11420	11421
P139,1	11422	11423
P63,2	11424	11425
P17,1	11426	11427
P18,1	11428	11428
P105,1	11429	11430
P140,1	11431	11432
P187,1	11433	11434
P48,1	11435	11436
P106,1	11437	11438
P32,2	11439	11440
P80,2	11441	11442
P188,1	11443	11444
P141,2	11445	11446
P64,1	11447	11448
P33,1	11449	11450
P107,1	11451	11452
P4,2	11453	11454
P49,2	11455	11456
P189,1	11457	11458
P142,1	11459	11460
P108,1	11461	11462
P190,2	11463	11464
P81,1	11465	11466
P143,1	11467	11468
P191,1	11469	11470
P109,1	11471	11472
P34,1	11473	11474
P12,2	11475	11476
P192,1	11477	11478
P144,1	11479	11480
P193,1	11481	11482
P25,1	11483	11484
P83,2	11485	11486
P110,1	11487	11488
P146,2	11489	11490
P50,2	11491	11492
P111,1	11493	11494
P194,1	11495	11496
P195,1	11497	11498
P65,1	11499	11500
P66,1	11501	11502
P112,1	11503	11504
P84,1	11505	11506
P113,1	11507	11508
P196,1	11509	11510
P13,1	11511	11512
P51,1	11513	11514
P114,1	11515	11516
P148,1	11517	11518
P85,1	11519	11520
P35,1	11521	11522
P198,1	11523	11524
P67,1	11525	11526
P86,2	11527	11528
P149,1	11529	11530
P199,1	11531	11532
P36,2	11533	11534
P115,1	11535	11536
P200,1	11537	11538
P116,2	11539	11540
P150,1	11541	11542
P37,1	11543	11543
P53,2	11544	11545
P88,2	11546	11547
P117,1	11548	11549
P26,1	11550	11551
P54,1	11552	11553
P152,1	11554	11555
P38,1	11556	11557
P151,2	11558	11559
P19,2	11560	11561
P68,2	11562	11563
P89,1	11564	11565
P118,1	11566	11567
P153,1	11568	11569
P69,1	11570	11571
P154,1	11572	11573
P14,1	11574	11575
P119,1	11576	11577
P155,1	11578	11579
P156,1	11580	11581
P55,1	11582	11583
P120,1	11584	11585
P90,2	11586	11587
P7,1	11588	11589
P70,2	11590	11591
P157,1	11592	11593
P56,1	11594	11595
P121,1	11596	11597
P158,2	11598	11599
P91,2	11600	11601
P10,2	11602	11603
P159,2	11604	11605
P160,1	11606	11607
P122,2	11608	11609
P161,1	11610	11611
P92,1	11612	11613
P162,1	11614	11615
P40,2	11616	11617
P123,2	11618	11619
P72,1	11620	11621
P41,2	11622	11623
P125,1	11624	11625
P57,1	11626	11627
P124,2	11628	11629
P164,1	11630	11631
P165,1	11632	11633
P126,1	11634	11635
P28,2	11636	11637
P29,1	11638	11638
P94,1	11639	11640
P58,1	11641	11642
P166,1	11643	11644
P95,1	11645	11646
P167,1	11647	11648
P127,1	11649	11650
P59,1	11651	11652
P73,1	11653	11654
P128,1	11655	11656
P129,1	11657	11658
P21,1	11659	11660
P168,1	11661	11662
P22,1	11663	11664
P43,2	11665	11666
P169,2	11667	11668
P96,1	11669	11670
P60,2	11671	11672
P130,1	11673	11674
P131,1	11675	11676
P15,1	11677	11678
P171,1	11679	11680
P44,2	11681	11682
P97,1	11683	11684
P172,1	11685	11686
P45,1	11687	11688
P132,1	11689	11690
P98,1	11691	11692
P23,2	11693	11694
P75,2	11695	11696
P173,1	11697	11698
P61,1	11699	11700
P76,1	11701	11702
P2,2	11703	11704
P133,2	11705	11706
P46,2	11707	11708
P30,1	11709	11710
P11,1	11711	11712
P99,1	11713	11714
P175,1	11715	11716
P134,1	11717	11718
P176,1	11719	11720
P177,1	11721	11722
P178,1	11723	11724
P100,1	11725	11726
P179,1	11727	11728
P135,2	11729	11730
P77,2	11731	11732
P47,1	11733	11734
P136,1	11735	11736
P101,1	11737	11738
P180,1	11739	11740
P181,1	11741	11742
P16,1	11743	11744
P102,1	11745	11746
P62,1	11747	11748
P137,1	11749	11750
P182,1	11751	11751
P31,1	11752	11753
P184,1	11754	11755
P183,2	11756	11757
P103,2	11758	11759
P78,1	11760	11761
P138,2	11762	11763
P104,1	11764	11765
P185,1	11766	11767
P24,2	11768	11769
P79,1	11770	11771
P186,1	11772	11773
P139,1	11774	11775
P63,2	11776	11777
P17,2	11778	11779
P105,1	11780	11781
P140,1	11782	11783
P18,2	11784	11785
P187,1	11786	11787
P48,1	11788	11789
P106,1	11790	11791
P32,2	11792	11793
P80,2	11794	11795
P188,1	11796	11797
P141,2	11798	11799
P64,1	11800	11801
P107,1	11802	11803
P4,2	11804	11805
P33,2	11806	11807
P49,2	11808	11809
P189,1	11810	11811
P142,1	11812	11813
P108,1	11814	11815
P190,2	11816	11817
P81,1	11818	11819
P143,1	11820	11821
P191,1	11822	11823
P109,1	11824	11825
P34,1	11826	11827
P12,2	11828	11829
P192,1	11830	11831
P144,1	11832	11833
P193,1	11834	11835
P25,1	11836	11837
P83,2	11838	11839
P110,1	11840	11841
P146,2	11842	11843
P50,2	11844	11845
P111,1	11846	11847
P194,1	11848	11849
P195,1	11850	11851
P65,1	11852	11853
P66,1	11854	11855
P112,1	11856	11857
P84,1	11858	11859
P113,1	11860	11861
P196,1	11862	11863
P13,1	11864	11865
P51,1	11866	11867
P114,1	11868	11869
P148,1	11870	11871
P85,1	11872	11873
P35,1	11874	11875
P198,1	11876	11877
P67,1	11878	11879
P86,2	11880	11881
P149,1	11882	11883
P199,1	11884	11885
P36,2	11886	11887
P115,1	11888	11889
P200,1	11890	11891
P116,2	11892	11893
P150,1	11894	11895
P53,2	11896	11897
P88,2	11898	11899
P117,1	11900	11901
P26,1	11902	11903
P54,1	11904	11905
P152,1	11906	11907
P38,1	11908	11909
P151,2	11910	11911
P19,2	11912	11913
P68,2	11914	11915
P89,1	11916	11917
P118,1	11918	11919
P153,1	11920	11921
P69,1	11922	11923
P154,1	11924	11925
P14,1	11926	11927
P119,1	11928	11929
P155,1	11930	11931
P156,1	11932	11933
P55,1	11934	11935
P120,1	11936	11937
P90,2	11938	11939
P7,1	11940	11941
P70,2	11942	11943
P157,1	11944	11945
P56,1	11946	11947
P121,1	11948	11949
P158,2	11950	11951
P91,2	11952	11953
P10,2	11954	11955
P159,2	11956	11957
P160,1	11958	11959
P122,2	11960	11961
P161,1	11962	11963
P92,1	11964	11965
P162,1	11966	11967
P40,2	11968	11969
P123,2	11970	11971
P72,1	11972	11973
P41,2	11974	11975
P125,1	11976	11977
P57,1	11978	11979
P124,2	11980	11981
P164,1	11982	11983
P165,1	11984	11985
P126,1	11986	11987
P28,2	11988	11989
P29,2	11990	11991
P94,1	11992	11993
P58,1	11994	11995
P166,1	11996	11997
P95,1	11998	11999
P167,1	12000	12001
P127,1	12002	12003
P59,1	12004	12005
P73,1	12006	12007
P128,1	12008	12009
P129,1	12010	12011
P21,1	12012	12013
P168,1	12014	12014
P22,2	12015	12016
P43,2	12017	12018
P169,2	12019	12020
P96,1	12021	12022
P60,2	12023	12024
P130,1	12025	12026
P131,1	12027	12028
P15,1	12029	12030
P171,1	12031	12032
P44,2	12033	12034
P97,1	12035	12036
P172,1	12037	12037
P45,1	12038	12039
P132,1	12040	12041
P98,1	12042	12043
P23,2	12044	12045
P75,2	12046	12047
P173,1	12048	12049
P61,1	12050	12051
P76,1	12052	12053
P2,2	12054	12055
P133,2	12056	12057
P46,2	12058	12059
P30,1	12060	12061
P11,1	12062	12063
P99,1	12064	12065
P175,1	12066	12067
P134,1	12068	12069
P176,1	12070	12071
P177,1	12072	12073
P178,1	12074	12075
P100,1	12076	12077
P179,1	12078	12079
P135,2	12080	12081
P77,2	12082	12083
P47,1	12084	12085
P136,1	12086	12087
P101,1	12088	12089
P180,1	12090	12091
P181,1	12092	12093
P16,2	12094	12095
P102,1	12096	12097
P62,1	12098	12099
P137,1	12100	12101
P182,2	12102	12103
P31,1	12104	12105
P184,1	12106	12107
P183,2	12108	12109
P103,2	12110	12111
P78,1	12112	12113
P138,2	12114	12115
P104,1	12116	12117
P185,1	12118	12119
P24,2	12120	12121
P79,1	12122	12123
P186,1	12124	12125
P139,1	12126	12127
P63,2	12128	12129
P17,2	12130	12131
P105,1	12132	12133
P140,1	12134	12135
P18,2	12136	12137
P187,1	12138	12139
P48,1	12140	12141
P106,1	12142	12143
P32,2	12144	12145
P80,2	12146	12147
P188,1	12148	12149
P141,2	12150	12151
P64,1	12152	12153
P107,1	12154	12155
P4,2	12156	12157
P33,2	12158	12159
P49,2	12160	12161
P189,1	12162	12163
P142,1	12164	12165
P108,1	12166	12166
P190,2	12167	12168
P81,1	12169	12170
P143,1	12171	12172
P191,1	12173	12174
P109,1	12175	12176
P34,1	12177	12178
P12,2	12179	12180
P192,1	12181	12182
P144,1	12183	12183
P193,1	12184	12185
P25,1	12186	12187
P83,2	12188	12189
P110,1	12190	12191
P146,2	12192	12193
P50,2	12194	12195
P111,1	12196	12197
P194,1	12198	12199
P195,1	12200	12201
P65,1	12202	12203
P66,1	12204	12205
P112,1	12206	12207
P84,1	12208	12209
P113,1	12210	12211
P196,1	12212	12213
P13,1	12214	12215
P51,1	12216	12217
P114,1	12218	12219
P148,1	12220	12221
P85,1	12222	12223
P35,1	12224	12225
P198,1	12226	12227
P67,1	12228	12229
P86,2	12230	12231
P149,1	12232	12233
P199,1	12234	12235
P36,2	12236	12237
P115,1	12238	12239
P200,1	12240	12241
P116,2	12242	12243
P150,1	12244	12245
P53,2	12246	12247
P88,2	12248	12249
P117,1	12250	12251
P26,1	12252	12253
P54,1	12254	12255
P152,1	12256	12257
P38,1	12258	12259
P151,2	12260	12261
P19,2	12262	12263
P68,2	12264	12265
P89,1	12266	12267
P118,1	12268	12269
P153,1	12270	12271
P69,1	12272	12273
P154,1	12274	12275
P14,1	12276	12277
P119,1	12278	12279
P155,1	12280	12281
P156,1	12282	12283
P55,1	12284	12285
P120,1	12286	12287
P90,2	12288	12289
P70,2	12290	12291
P157,1	12292	12293
P7,2	12294	12295
P56,1	12296	12297
P121,1	12298	12299
P158,2	12300	12301
P91,2	12302	12303
P10,2	12304	12305
P159,2	12306	12307
P160,1	12308	12309
P122,2	12310	12311
P161,1	12312	12313
P92,1	12314	12315
P162,1	12316	12317
P40,2	12318	12319
P123,2	12320	12321
P72,1	12322	12323
P41,2	12324	12325
P125,1	12326	12327
P57,1	12328	12329
P124,2	12330	12331
P164,1	12332	12333
P165,1	12334	12335
P126,1	12336	12337
P28,2	12338	12339
P29,2	12340	12341
P94,1	12342	12343
P58,1	12344	12345
P166,1	12346	12347
P95,1	12348	12349
P167,1	12350	12351
P127,1	12352	12353
P59,1	12354	12355
P128,1	12356	12357
P129,1	12358	12359
P21,1	12360	12361
P22,2	12362	12363
P43,2	12364	12365
P169,2	12366	12367
P96,1	12368	12369
P60,2	12370	12371
P130,1	12372	12373
P131,1	12374	12375
P15,1	12376	12377
P171,1	12378	12379
P44,2	12380	12381
P97,1	12382	12382
P45,1	12383	12384
P132,1	12385	12386
P98,1	12387	12388
P23,2	12389	12390
P75,2	12391	12392
P173,1	12393	12394
P61,1	12395	12396
P76,1	12397	12398
P2,2	12399	12400
P133,2	12401	12402
P46,2	12403	12404
P30,1	12405	12406
P11,1	12407	12408
P99,1	12409	12410
P175,1	12411	12412
P134,1	12413	12414
P176,1	12415	12416
P177,1	12417	12418
P178,1	12419	12420
P100,1	12421	12422
P179,1	12423	12424
P135,2	12425	12426
P77,2	12427	12428
P47,1	12429	12430
P136,1	12431	12432
P101,1	12433	12434
P180,1	12435	12436
P181,1	12437	12438
P16,2	12439	12440
P102,1	12441	12442
P62,1	12443	12444
P137,1	12445	12446
P182,2	12447	12448
P31,1	12449	12450
P184,1	12451	12452
P183,2	12453	12454
P103,2	12455	12456
P78,1	12457	12457
P138,2	12458	12459
P104,1	12460	12461
P185,1	12462	12463
P24,2	12464	12465
P79,1	12466	12467
P186,1	12468	12469
P139,1	12470	12471
P63,2	12472	12473
P17,2	12474	12475
P105,1	12476	12477
P140,1	12478	12479
P18,2	12480	12481
P187,1	12482	12483
P48,1	12484	12485
P106,1	12486	12487
P32,2	12488	12489
P80,2	12490	12491
P188,1	12492	12493
P141,2	12494	12495
P64,1	12496	12497
P107,1	12498	12499
P4,2	12500	12501
P33,2	12502	12503
P49,2	12504	12505
P189,1	12506	12507
P142,1	12508	12509
P190,2	12510	12511
P81,1	12512	12513
P108,2	12514	12515
P143,1	12516	12517
P191,1	12518	12519
P109,1	12520	12521
P34,1	12522	12523
P12,2	12524	12525
P192,1	12526	12527
P193,1	12528	12529
P144,2	12530	12531
P25,1	12532	12533
P83,2	12534	12535
P110,1	12536	12537
P146,2	12538	12539
P50,2	12540	12541
P111,1	12542	12543
P195,1	12544	12545
P65,1	12546	12547
P194,2	12548	12549
P84,1	12550	12551
P113,1	12552	12553
P66,2	12554	12555
P112,2	12556	12557
P196,1	12558	12559
P13,1	12560	12561
P51,1	12562	12563
P114,1	12564	12565
P148,1	12566	12567
P85,1	12568	12569
P35,1	12570	12571
P198,1	12572	12573
P67,1	12574	12575
P86,2	12576	12577
P149,1	12578	12579
P199,1	12580	12581
P36,2	12582	12583
P115,1	12584	12585
P200,1	12586	12587
P116,2	12588	12589
P150,1	12590	12591
P53,2	12592	12593
P88,2	12594	12595
P117,1	12596	12597
P26,1	12598	12599
P54,1	12600	12600
P152,1	12601	12602
P38,1	12603	12604
P151,2	12605	12606
P19,2	12607	12608
P68,2	12609	12610
P89,1	12611	12612
P118,1	12613	12614
P153,1	12615	12616
P69,1	12617	12618
P154,1	12619	12620
P14,1	12621	12622
P119,1	12623	12624
P155,1	12625	12626
P156,1	12627	12628
P55,1	12629	12630
P120,1	12631	12632
P90,2	12633	12634
P70,2	12635	12636
P157,1	12637	12638
P7,2	12639	12640
P56,1	12641	12642
P121,1	12643	12644
P158,2	12645	12646
P91,2	12647	12648
P10,2	12649	12650
P159,2	12651	12652
P160,1	12653	12654
P122,2	12655	12656
P161,1	12657	12658
P92,1	12659	12660
P162,1	12661	12662
P40,2	12663	12664
P123,2	12665	12666
P72,1	12667	12668
P41,2	12669	12670
P125,1	12671	12672
P57,1	12673	12674
P124,2	12675	12676
P164,1	12677	12678
P165,1	12679	12680
P126,1	12681	12682
P28,2	12683	12684
P29,2	12685	12686
P94,1	12687	12688
P58,1	12689	12690
P166,1	12691	12692
P95,1	12693	12694
P167,1	12695	12696
P127,1	12697	12698
P59,1	12699	12700
P128,1	12701	12702
P129,1	12703	12704
P21,1	12705	12706
P22,2	12707	12708
P43,2	12709	12710
P169,2	12711	12712
P96,1	12713	12714
P60,2	12715	12716
P130,1	12717	12718
P131,1	12719	12720
P15,1	12721	12721
P171,1	12722	12723
P44,2	12724	12725
P45,1	12726	12727
P132,1	12728	12729
P98,1	12730	12731
P97,2	12732	12733
P23,2	12734	12735
P75,2	12736	12737
P173,1	12738	12739
P61,1	12740	12741
P76,1	12742	12743
P2,2	12744	12745
P133,2	12746	12747
P46,2	12748	12749
P30,1	12750	12751
P11,1	12752	12753
P99,1	12754	12755
P175,1	12756	12757
P134,1	12758	12759
P176,1	12760	12761
P177,1	12762	12763
P178,1	12764	12765
P100,1	12766	12767
P179,1	12768	12769
P135,2	12770	12771
P77,2	12772	12773
P47,1	12774	12775
P101,1	12776	12777
P180,1	12778	12779
P181,1	12780	12781
P16,2	12782	12783
P102,1	12784	12785
P62,1	12786	12787
P137,1	12788	12789
P182,2	12790	12791
P31,1	12792	12793
P184,1	12794	12795
P183,2	12796	12797
P103,2	12798	12799
P78,2	12800	12801
P138,2	12802	12803
P104,1	12804	12805
P185,1	12806	12807
P24,2	12808	12809
P79,1	12810	12811
P186,1	12812	12813
P139,1	12814	12815
P63,2	12816	12817
P17,2	12818	12819
P105,1	12820	12820
P140,1	12821	12822
P18,2	12823	12824
P187,1	12825	12826
P48,1	12827	12828
P106,1	12829	12830
P32,2	12831	12832
P80,2	12833	12834
P188,1	12835	12836
P141,2	12837	12838
P64,1	12839	12840
P107,1	12841	12842
P4,2	12843	12844
P33,2	12845	12846
P49,2	12847	12848
P189,1	12849	12849
P142,1	12850	12851
P190,2	12852	12853
P81,1	12854	12855
P108,2	12856	12857
P143,1	12858	12859
P191,1	12860	12861
P109,1	12862	12863
P34,1	12864	12865
P12,2	12866	12867
P192,1	12868	12869
P193,1	12870	12871
P144,2	12872	12873
P25,1	12874	12875
P83,2	12876	12877
P110,1	12878	12879
P146,2	12880	12881
P50,2	12882	12883
P111,1	12884	12885
P195,1	12886	12887
P65,1	12888	12889
P194,2	12890	12891
P84,1	12892	12893
P113,1	12894	12895
P66,2	12896	12897
P112,2	12898	12899
P196,1	12900	12901
P13,1	12902	12903
P51,1	12904	12905
P114,1	12906	12907
P148,1	12908	12909
P85,1	12910	12911
P35,1	12912	12913
P198,1	12914	12914
P67,1	12915	12916
P86,2	12917	12918
P149,1	12919	12920
P199,1	12921	12922
P36,2	12923	12924
P115,1	12925	12926
P200,1	12927	12928
P116,2	12929	12930
P150,1	12931	12932
P53,2	12933	12934
P88,2	12935	12936
P117,1	12937	12937
P26,1	12938	12939
P152,1	12940	12941
P38,1	12942	12943
P54,2	12944	12945
P151,2	12946	12947
P19,2	12948	12949
P68,2	12950	12951
P89,1	12952	12953
P118,1	12954	12955
P153,1	12956	12957
P69,1	12958	12959
P154,1	12960	12961
P14,1	12962	12963
P119,1	12964	12965
P155,1	12966	12967
P156,1	12968	12969
P55,1	12970	12971
P120,1	12972	12973
P90,2	12974	12975
P70,2	12976	12977
P157,1	12978	12979
P7,2	12980	12981
P56,1	12982	12983
P158,2	12984	12985
P91,2	12986	12987
P10,2	12988	12989
P159,2	12990	12991
P160,1	12992	12993
P122,2	12994	12995
P161,1	12996	12997
P92,1	12998	12999
P162,1	13000	13001
P40,2	13002	13003
P123,2	13004	13005
P72,1	13006	13007
P41,2	13008	13009
P125,1	13010	13011
P57,1	13012	13013
P124,2	13014	13015
P164,1	13016	13017
P165,1	13018	13019
P126,1	13020	13021
P28,2	13022	13023
P29,2	13024	13025
P94,1	13026	13027
P58,1	13028	13029
P166,1	13030	13031
P95,1	13032	13033
P167,1	13034	13035
P127,1	13036	13037
P59,1	13038	13039
P128,1	13040	13041
P129,1	13042	13043
P21,1	13044	13045
P22,2	13046	13047
P43,2	13048	13049
P169,2	13050	13051
P96,1	13052	13053
P60,2	13054	13055
P130,1	13056	13057
P131,1	13058	13059
P15,2	13060	13061
P171,1	13062	13063
P44,2	13064	13065
P45,1	13066	13067
P132,1	13068	13069
P98,1	13070	13071
P97,2	13072	13073
P23,2	13074	13075
P75,2	13076	13077
P173,1	13078	13079
P61,1	13080	13081
P76,1	13082	13083
P2,2	13084	13085
P133,2	13086	13087
P46,2	13088	13089
P30,1	13090	13091
P11,1	13092	13093
P99,1	13094	13095
P175,1	13096	13097
P134,1	13098	13099
P176,1	13100	13101
P177,1	13102	13103
P178,1	13104	13105
P100,1	13106	13107
P179,1	13108	13109
P135,2	13110	13111
P77,2	13112	13113
P47,1	13114	13115
P101,1	13116	13117
P180,1	13118	13119
P181,1	13120	13121
P16,2	13122	13123
P102,1	13124	13125
P62,1	13126	13127
P137,1	13128	13129
P182,2	13130	13131
P31,1	13132	13133
P184,1	13134	13135
P183,2	13136	13137
P103,2	13138	13139
P78,2	13140	13141
P138,2	13142	13143
P104,1	13144	13145
P185,1	13146	13147
P24,2	13148	13149
P79,1	13150	13151
P186,1	13152	13153
P139,1	13154	13155
P63,2	13156	13157
P17,2	13158	13159
P140,1	13160	13161
P18,2	13162	13163
P187,1	13164	13165
P48,1	13166	13167
P106,1	13168	13169
P32,2	13170	13171
P80,2	13172	13173
P188,1	13174	13175
P141,2	13176	13177
P64,1	13178	13179
P107,1	13180	13181
P4,2	13182	13183
P33,2	13184	13185
P49,2	13186	13187
P189,2	13188	13189
P142,1	13190	13191
P190,2	13192	13193
P81,1	13194	13195
P108,2	13196	13197
P143,1	13198	13199
P109,1	13200	13201
P34,1	13202	13202
P12,2	13203	13204
P192,1	13205	13206
P193,1	13207	13208
P144,2	13209	13210
P25,1	13211	13212
P83,2	13213	13214
P110,1	13215	13216
P146,2	13217	13218
P50,2	13219	13220
P111,1	13221	13222
P195,1	13223	13224
P65,1	13225	13226
P194,2	13227	13228
P84,1	13229	13230
P113,1	13231	13232
P66,2	13233	13234
P112,2	13235	13236
P196,1	13237	13238
P13,1	13239	13240
P51,1	13241	13242
P114,1	13243	13244
P148,1	13245	13246
P85,1	13247	13248
P35,1	13249	13250
P67,1	13251	13252
P86,2	13253	13254
P149,1	13255	13256
P199,1	13257	13258
P36,2	13259	13260
P115,1	13261	13262
P200,1	13263	13264
P116,2	13265	13266
P150,1	13267	13268
P53,2	13269	13270
P88,2	13271	13272
P26,1	13273	13274
P152,1	13275	13276
P38,1	13277	13278
P54,2	13279	13280
P151,2	13281	13282
P19,2	13283	13284
P68,2	13285	13286
P89,1	13287	13288
P118,1	13289	13290
P153,1	13291	13292
P69,1	13293	13294
P154,1	13295	13296
P14,1	13297	13298
P119,1	13299	13300
P155,1	13301	13302
P156,1	13303	13304
P55,1	13305	13306
P120,1	13307	13308
P90,2	13309	13310
P70,2	13311	13312
P157,1	13313	13314
P7,2	13315	13316
P56,1	13317	13318
P158,2	13319	13320
P91,2	13321	13322
P10,2	13323	13324
P159,2	13325	13326
P160,1	13327	13328
P122,2	13329	13330
P161,1	13331	13332
P92,1	13333	13334
P162,1	13335	13336
P40,2	13337	13338
P123,2	13339	13340
P72,1	13341	13342
P41,2	13343	13344
P125,1	13345	13346
P57,1	13347	13348
P124,2	13349	13350
P164,1	13351	13352
P165,1	13353	13354
P28,2	13355	13356
P126,2	13357	13358
P29,2	13359	13360
P94,1	13361	13362
P58,1	13363	13364
P166,1	13365	13366
P95,1	13367	13368
P167,1	13369	13370
P127,1	13371	13372
P59,1	13373	13374
P128,1	13375	13376
P129,1	13377	13378
P21,1	13379	13380
P22,2	13381	13382
P43,2	13383	13384
P169,2	13385	13386
P96,1	13387	13388
P60,2	13389	13390
P130,1	13391	13392
P131,1	13393	13393
P15,2	13394	13395
P171,1	13396	13397
P44,2	13398	13399
P45,1	13400	13401
P132,1	13402	13403
P98,1	13404	13405
P97,2	13406	13407
P23,2	13408	13409
P75,2	13410	13411
P173,1	13412	13413
P61,1	13414	13415
P76,1	13416	13417
P2,2	13418	13419
P133,2	13420	13421
P46,2	13422	13423
P30,1	13424	13425
P11,1	13426	13427
P99,1	13428	13429
P175,1	13430	13430
P134,1	13431	13432
P176,1	13433	13434
P177,1	13435	13436
P178,1	13437	13438
P100,1	13439	13440
P179,1	13441	13442
P135,2	13443	13444
P77,2	13445	13446
P47,1	13447	13448
P101,1	13449	13450
P180,1	13451	13452
P181,1	13453	13454
P16,2	13455	13456
P102,1	13457	13457
P62,1	13458	13459
P137,1	13460	13461
P182,2	13462	13463
P31,1	13464	13465
P184,1	13466	13467
P183,2	13468	13469
P103,2	13470	13471
P78,2	13472	13473
P138,2	13474	13475
P104,1	13476	13477
P185,1	13478	13479
P24,2	13480	13481
P79,1	13482	13483
P186,1	13484	13485
P139,1	13486	13487
P63,2	13488	13489
P17,2	13490	13491
P140,1	13492	13493
P18,2	13494	13495
P187,1	13496	13497
P48,1	13498	13499
P106,1	13500	13501
P32,2	13502	13503
P80,2	13504	13505
P188,1	13506	13507
P141,2	13508	13509
P64,1	13510	13511
P107,1	13512	13513
P4,2	13514	13515
P33,2	13516	13517
P49,2	13518	13519
P189,2	13520	13521
P142,1	13522	13523
P190,2	13524	13525
P81,1	13526	13527
P108,2	13528	13529
P143,1	13530	13531
P109,1	13532	13533
P12,2	13534	13535
P192,1	13536	13537
P193,1	13538	13539
P34,2	13540	13541
P144,2	13542	13543
P25,1	13544	13545
P83,2	13546	13547
P110,1	13548	13549
P146,2	13550	13551
P50,2	13552	13553
P111,1	13554	13555
P195,1	13556	13557
P65,1	13558	13559
P194,2	13560	13561
P84,1	13562	13563
P113,1	13564	13565
P66,2	13566	13567
P112,2	13568	13569
P196,1	13570	13571
P13,1	13572	13573
P51,1	13574	13575
P114,1	13576	13577
P148,1	13578	13579
P85,1	13580	13581
P35,1	13582	13583
P67,1	13584	13585
P86,2	13586	13587
P149,1	13588	13589
P199,1	13590	13591
P36,2	13592	13593
P115,1	13594	13595
P200,1	13596	13597
P116,2	13598	13599
P150,1	13600	13601
P53,2	13602	13603
P88,2	13604	13605
P26,1	13606	13607
P152,1	13608	13609
P38,1	13610	13611
P54,2	13612	13613
P151,2	13614	13615
P19,2	13616	13617
P68,2	13618	13619
P89,1	13620	13621
P118,1	13622	13623
P153,1	13624	13625
P69,1	13626	13627
P154,1	13628	13629
P14,1	13630	13631
P155,1	13632	13633
P156,1	13634	13635
P119,2	13636	13637
P55,1	13638	13639
P120,1	13640	13641
P90,2	13642	13643
P70,2	13644	13645
P157,1	13646	13647
P7,2	13648	13649
P56,1	13650	13650
P158,2	13651	13652
P91,2	13653	13654
P10,2	13655	13656
P159,2	13657	13658
P160,1	13659	13660
P122,2	13661	13662
P161,1	13663	13664
P92,1	13665	13666
P162,1	13667	13668
P40,2	13669	13670
P123,2	13671	13672
P72,1	13673	13673
P41,2	13674	13675
P125,1	13676	13677
P57,1	13678	13679
P124,2	13680	13681
P164,1	13682	13683
P165,1	13684	13685
P28,2	13686	13687
P126,2	13688	13689
P29,2	13690	13691
P94,1	13692	13693
P58,1	13694	13695
P166,1	13696	13697
P95,1	13698	13699
P167,1	13700	13701
P127,1	13702	13703
P59,1	13704	13705
P128,1	13706	13707
P129,1	13708	13709
P21,1	13710	13711
P22,2	13712	13713
P43,2	13714	13715
P169,2	13716	13717
P96,1	13718	13719
P60,2	13720	13721
P130,1	13722	13723
P15,2	13724	13725
P171,1	13726	13727
P44,2	13728	13729
P131,2	13730	13731
P45,1	13732	13733
P132,1	13734	13735
P98,1	13736	13737
P97,2	13738	13739
P23,2	13740	13741
P75,2	13742	13743
P173,1	13744	13745
P61,1	13746	13747
P76,1	13748	13749
P2,2	13750	13751
P133,2	13752	13753
P46,2	13754	13755
P30,1	13756	13757
P11,1	13758	13759
P99,1	13760	13761
P134,1	13762	13763
P176,1	13764	13765
P177,1	13766	13767
P178,1	13768	13769
P100,1	13770	13771
P179,1	13772	13773
P135,2	13774	13775
P77,2	13776	13777
P47,1	13778	13779
P101,1	13780	13780
P180,1	13781	13782
P181,1	13783	13784
P16,2	13785	13786
P62,1	13787	13788
P137,1	13789	13790
P102,2	13791	13792
P182,2	13793	13794
P31,1	13795	13796
P184,1	13797	13798
P183,2	13799	13800
P103,2	13801	13801
P78,2	13802	13803
P138,2	13804	13805
P104,1	13806	13807
P185,1	13808	13808
P24,2	13809	13810
P79,1	13811	13812
P186,1	13813	13813
P139,1	13814	13815
P63,2	13816	13817
P17,2	13818	13819
P140,1	13820	13821
P18,2	13822	13823
P187,1	13824	13825
P48,1	13826	13826
P106,1	13827	13828
P32,2	13829	13830
P80,2	13831	13832
P188,1	13833	13834
P141,2	13835	13836
P64,1	13837	13838
P107,1	13839	13840
P4,2	13841	13842
P33,2	13843	13844
P49,2	13845	13846
P189,2	13847	13848
P190,2	13849	13850
P81,1	13851	13852
P108,2	13853	13854
P143,1	13855	13856
P109,1	13857	13858
P12,2	13859	13860
P192,1	13861	13862
P193,1	13863	13864
P34,2	13865	13866
P144,2	13867	13868
P25,1	13869	13870
P83,2	13871	13872
P110,1	13873	13874
P146,2	13875	13876
P50,2	13877	13878
P111,1	13879	13880
P195,1	13881	13882
P65,1	13883	13884
P194,2	13885	13886
P84,1	13887	13888
P113,1	13889	13890
P66,2	13891	13892
P112,2	13893	13894
P196,1	13895	13895
P13,1	13896	13897
P51,1	13898	13899
P114,1	13900	13901
P148,1	13902	13903
P85,1	13904	13905
P35,1	13906	13907
P67,1	13908	13909
P86,2	13910	13911
P149,1	13912	13913
P199,1	13914	13915
P36,2	13916	13917
P115,1	13918	13919
P200,1	13920	13921
P116,2	13922	13923
P150,1	13924	13925
P53,2	13926	13927
P88,2	13928	13929
P26,1	13930	13931
P152,1	13932	13933
P38,1	13934	13935
P54,2	13936	13937
P151,2	13938	13939
P19,2	13940	13941
P68,2	13942	13943
P89,1	13944	13945
P118,1	13946	13947
P153,1	13948	13949
P69,1	13950	13951
P154,1	13952	13953
P14,1	13954	13955
P155,1	13956	13957
P156,1	13958	13959
P119,2	13960	13961
P55,1	13962	13963
P120,1	13964	13965
P90,2	13966	13967
P70,2	13968	13969
P157,1	13970	13971
P7,2	13972	13973
P158,2	13974	13975
P91,2	13976	13977
P10,2	13978	13979
P56,2	13980	13981
P159,2	13982	13983
P160,1	13984	13985
P122,2	13986	13987
P161,2	13988	13989
P92,1	13990	13991
P162,1	13992	13993
P40,2	13994	13995
P123,2	13996	13997
P41,2	13998	13999
P125,1	14000	14001
P57,1	14002	14003
P124,2	14004	14005
P164,1	14006	14007
P165,1	14008	14009
P28,2	14010	14011
P126,2	14012	14013
P29,2	14014	14015
P94,1	14016	14017
P58,1	14018	14019
P166,1	14020	14021
P95,1	14022	14023
P167,1	14024	14025
P127,1	14026	14027
P59,1	14028	14029
P128,1	14030	14031
P129,1	14032	14033
P21,1	14034	14035
P22,2	14036	14037
P43,2	14038	14039
P169,2	14040	14041
P96,1	14042	14043
P60,2	14044	14045
P130,1	14046	14047
P15,2	14048	14049
P171,1	14050	14051
P44,2	14052	14053
P131,2	14054	14055
P45,1	14056	14057
P132,1	14058	14059
P98,1	14060	14061
P97,2	14062	14063
P23,2	14064	14065
P75,2	14066	14067
P173,1	14068	14069
P61,1	14070	14071
P76,1	14072	14073
P2,2	14074	14075
P133,2	14076	14077
P46,2	14078	14079
P30,1	14080	14081
P11,1	14082	14083
P99,1	14084	14085
P134,1	14086	14087
P176,1	14088	14089
P177,1	14090	14091
P178,1	14092	14093
P100,1	14094	14095
P179,1	14096	14097
P135,2	14098	14099
P77,2	14100	14101
P47,1	14102	14103
P180,1	14104	14105
P181,1	14106	14107
P101,2	14108	14109
P16,2	14110	14111
P62,1	14112	14113
P137,1	14114	14115
P102,2	14116	14117
P182,2	14118	14119
P31,1	14120	14121
P184,1	14122	14123
P183,2	14124	14125
P78,2	14126	14127
P138,2	14128	14129
P104,1	14130	14131
P103,3	14132	14133
P185,2	14134	14135
P24,2	14136	14137
P79,1	14138	14139
P139,1	14140	14141
P63,2	14142	14143
P17,2	14144	14145
P140,1	14146	14147
P18,2	14148	14149
P187,1	14150	14151
P106,1	14152	14153
P32,2	14154	14155
P80,2	14156	14157
P48,2	14158	14159
P188,1	14160	14161
P141,2	14162	14163
P64,1	14164	14165
P107,1	14166	14167
P4,2	14168	14169
P33,2	14170	14171
P49,2	14172	14173
P189,2	14174	14175
P190,2	14176	14177
P81,1	14178	14179
P108,2	14180	14181
P143,1	14182	14183
P12,2	14184	14185
P109,2	14186	14187
P192,1	14188	14189
P193,1	14190	14191
P34,2	14192	14193
P144,2	14194	14195
P25,1	14196	14197
P83,2	14198	14199
P110,1	14200	14201
P146,2	14202	14203
P50,2	14204	14205
P111,1	14206	14207
P195,1	14208	14209
P65,1	14210	14211
P194,2	14212	14213
P84,1	14214	14215
P113,1	14216	14217
P66,2	14218	14219
P112,2	14220	14221
P13,1	14222	14223
P114,1	14224	14225
P148,1	14226	14227
P85,1	14228	14229
P35,1	14230	14231
P67,1	14232	14233
P86,2	14234	14235
P149,1	14236	14237
P199,1	14238	14239
P36,2	14240	14241
P115,1	14242	14243
P200,1	14244	14245
P116,2	14246	14247
P150,1	14248	14249
P53,2	14250	14251
P88,2	14252	14253
P26,1	14254	14255
P152,1	14256	14257
P38,1	14258	14259
P54,2	14260	14261
P151,2	14262	14263
P19,2	14264	14265
P68,2	14266	14267
P89,1	14268	14269
P118,1	14270	14271
P153,1	14272	14273
P69,1	14274	14275
P154,1	14276	14277
P14,1	14278	14279
P155,1	14280	14281
P156,1	14282	14283
P119,2	14284	14285
P55,1	14286	14287
P120,1	14288	14289
P90,2	14290	14291
P70,2	14292	14293
P157,1	14294	14295
P7,2	14296	14297
P158,2	14298	14299
P91,2	14300	14301
P10,2	14302	14303
P56,2	14304	14305
P159,2	14306	14307
P160,1	14308	14309
P122,2	14310	14311
P161,2	14312	14313
P92,1	14314	14315
P162,1	14316	14317
P40,2	14318	14319
P123,2	14320	14321
P41,2	14322	14323
P125,1	14324	14325
P57,1	14326	14327
P124,2	14328	14329
P164,1	14330	14331
P165,1	14332	14333
P28,2	14334	14335
P126,2	14336	14337
P29,2	14338	14339
P94,1	14340	14341
P58,1	14342	14343
P166,1	14344	14345
P95,1	14346	14347
P167,1	14348	14349
P127,1	14350	14351
P59,1	14352	14353
P128,1	14354	14355
P129,1	14356	14357
P21,1	14358	14359
P22,2	14360	14361
P43,2	14362	14363
P169,2	14364	14365
P96,1	14366	14367
P60,2	14368	14369
P130,1	14370	14371
P15,2	14372	14373
P171,1	14374	14375
P44,2	14376	14377
P131,2	14378	14379
P45,1	14380	14381
P132,1	14382	14383
P98,1	14384	14385
P97,2	14386	14387
P23,2	14388	14389
P75,2	14390	14391
P173,1	14392	14393
P61,1	14394	14395
P76,1	14396	14397
P2,2	14398	14399
P133,2	14400	14401
P46,2	14402	14403
P30,1	14404	14405
P11,1	14406	14407
P99,1	14408	14409
P134,1	14410	14411
P176,1	14412	14413
P177,1	14414	14415
P178,1	14416	14417
P100,1	14418	14419
P179,1	14420	14421
P135,2	14422	14423
P77,2	14424	14425
P47,1	14426	14427
P180,1	14428	14429
P181,1	14430	14431
P101,2	14432	14433
P16,2	14434	14435
P62,1	14436	14437
P137,1	14438	14439
P102,2	14440	14441
P182,2	14442	14443
P31,1	14444	14445
P184,1	14446	14447
P183,2	14448	14449
P78,2	14450	14451
P138,2	14452	14453
P104,1	14454	14455
P103,3	14456	14457
P185,2	14458	14459
P24,2	14460	14461
P79,1	14462	14463
P139,1	14464	14465
P63,2	14466	14467
P17,2	14468	14469
P140,1	14470	14471
P18,2	14472	14473
P187,1	14474	14475
P106,1	14476	14477
P32,2	14478	14479
P80,2	14480	14481
P48,2	14482	14483
P188,1	14484	14485
P141,2	14486	14487
P64,1	14488	14489
P107,1	14490	14491
P4,2	14492	14493
P33,2	14494	14495
P49,2	14496	14497
P189,2	14498	14499
P190,2	14500	14501
P81,1	14502	14503
P108,2	14504	14505
P143,1	14506	14507
P109,2	14508	14509
P192,1	14510	14511
P193,1	14512	14513
P12,3	14514	14515
P34,2	14516	14517
P144,2	14518	14519
P25,1	14520	14521
P83,2	14522	14523
P110,1	14524	14525
P146,2	14526	14527
P50,2	14528	14529
P111,1	14530	14531
P65,1	14532	14533
P194,2	14534	14535
P195,2	14536	14537
P84,1	14538	14539
P113,1	14540	14541
P66,2	14542	14543
P112,2	14544	14545
P13,1	14546	14547
P114,1	14548	14549
P148,1	14550	14551
P85,1	14552	14553
P35,1	14554	14555
P67,1	14556	14557
P86,2	14558	14559
P149,1	14560	14561
P199,1	14562	14563
P36,2	14564	14565
P115,1	14566	14567
P200,1	14568	14569
P116,2	14570	14571
P150,1	14572	14573
P53,2	14574	14575
P88,2	14576	14577
P26,1	14578	14578
P152,1	14579	14580
P38,1	14581	14582
P54,2	14583	14584
P151,2	14585	14586
P19,2	14587	14588
P68,2	14589	14590
P89,1	14591	14592
P118,1	14593	14594
P153,1	14595	14596
P69,1	14597	14598
P154,1	14599	14600
P14,1	14601	14602
P155,1	14603	14604
P156,1	14605	14606
P119,2	14607	14608
P55,1	14609	14610
P120,1	14611	14612
P90,2	14613	14614
P70,2	14615	14616
P157,1	14617	14618
P7,2	14619	14620
P91,2	14621	14622
P10,2	14623	14624
P158,3	14625	14626
P56,2	14627	14628
P159,2	14629	14630
P160,1	14631	14632
P122,2	14633	14634
P161,2	14635	14636
P92,1	14637	14638
P162,1	14639	14640
P40,2	14641	14642
P123,2	14643	14644
P41,2	14645	14646
P125,1	14647	14648
P57,1	14649	14650
P124,2	14651	14652
P164,1	14653	14654
P165,1	14655	14656
P28,2	14657	14658
P126,2	14659	14660
P29,2	14661	14662
P94,1	14663	14664
P58,1	14665	14666
P166,1	14667	14668
P95,1	14669	14670
P167,1	14671	14672
P127,1	14673	14674
P59,1	14675	14676
P128,1	14677	14678
P21,1	14679	14680
P129,2	14681	14682
P22,2	14683	14684
P43,2	14685	14686
P169,2	14687	14688
P96,1	14689	14690
P60,2	14691	14692
P130,1	14693	14694
P15,2	14695	14696
P171,1	14697	14698
P44,2	14699	14700
P131,2	14701	14702
P45,1	14703	14704
P132,1	14705	14706
P98,1	14707	14708
P97,2	14709	14710
P23,2	14711	14712
P75,2	14713	14714
P173,1	14715	14716
P61,1	14717	14718
P76,1	14719	14720
P2,2	14721	14722
P133,2	14723	14724
P46,2	14725	14726
P30,1	14727	14728
P11,1	14729	14730
P99,1	14731	14732
P134,1	14733	14734
P176,1	14735	14735
P177,1	14736	14737
P178,1	14738	14739
P100,1	14740	14741
P179,1	14742	14743
P135,2	14744	14745
P77,2	14746	14747
P47,1	14748	14749
P180,1	14750	14751
P181,1	14752	14753
P101,2	14754	14755
P16,2	14756	14757
P62,1	14758	14759
P137,1	14760	14761
P102,2	14762	14763
P182,2	14764	14765
P31,1	14766	14767
P184,1	14768	14769
P183,2	14770	14771
P78,2	14772	14773
P138,2	14774	14775
P104,1	14776	14777
P103,3	14778	14779
P185,2	14780	14781
P24,2	14782	14783
P79,1	14784	14785
P139,1	14786	14787
P63,2	14788	14789
P17,2	14790	14791
P140,1	14792	14793
P18,2	14794	14795
P187,1	14796	14797
P106,1	14798	14799
P32,2	14800	14801
P80,2	14802	14803
P48,2	14804	14805
P188,1	14806	14807
P141,2	14808	14809
P64,1	14810	14811
P107,1	14812	14813
P4,2	14814	14815
P33,2	14816	14817
P49,2	14818	14819
P189,2	14820	14821
P190,2	14822	14823
P81,1	14824	14825
P108,2	14826	14827
P143,1	14828	14829
P109,2	14830	14831
P192,1	14832	14833
P193,1	14834	14835
P12,3	14836	14837
P34,2	14838	14839
P144,2	14840	14841
P25,1	14842	14843
P83,2	14844	14845
P110,1	14846	14847
P146,2	14848	14849
P50,2	14850	14851
P111,1	14852	14853
P65,1	14854	14855
P194,2	14856	14857
P195,2	14858	14859
P84,1	14860	14861
P113,1	14862	14863
P66,2	14864	14865
P112,2	14866	14867
P13,1	14868	14869
P114,1	14870	14871
P148,1	14872	14873
P85,1	14874	14875
P35,1	14876	14877
P67,1	14878	14879
P86,2	14880	14881
P149,1	14882	14883
P199,1	14884	14885
P36,2	14886	14887
P115,1	14888	14889
P200,1	14890	14891
P116,2	14892	14893
P150,1	14894	14895
P53,2	14896	14897
P88,2	14898	14899
P26,2	14900	14901
P152,1	14902	14903
P38,1	14904	14905
P54,2	14906	14907
P151,2	14908	14909
P19,2	14910	14911
P68,2	14912	14913
P89,1	14914	14915
P118,1	14916	14917
P153,1	14918	14919
P69,1	14920	14921
P154,1	14922	14923
P14,1	14924	14925
P155,1	14926	14927
P156,1	14928	14929
P119,2	14930	14931
P55,1	14932	14933
P120,1	14934	14935
P90,2	14936	14937
P70,2	14938	14939
P157,1	14940	14941
P7,2	14942	14943
P91,2	14944	14945
P10,2	14946	14947
P158,3	14948	14949
P56,2	14950	14951
P159,2	14952	14953
P160,1	14954	14955
P122,2	14956	14957
P161,2	14958	14959
P92,1	14960	14961
P162,1	14962	14963
P40,2	14964	14965
P123,2	14966	14967
P41,2	14968	14969
P125,1	14970	14971
P57,1	14972	14973
P124,2	14974	14975
P164,1	14976	14977
P165,1	14978	14979
P28,2	14980	14981
P126,2	14982	14983
P29,2	14984	14985
P94,1	14986	14987
P58,1	14988	14989
P166,1	14990	14991
P95,1	14992	14993
P167,1	14994	14995
P127,1	14996	14997
P59,1	14998	14999
P128,1	15000	15001
P21,1	15002	15003
P129,2	15004	15005
P22,2	15006	15007
P43,2	15008	15009
P169,2	15010	15011
P96,1	15012	15013
P60,2	15014	15015
P130,1	15016	15017
P15,2	15018	15019
P171,1	15020	15021
P44,2	15022	15023
P131,2	15024	15025
P45,1	15026	15027
P132,1	15028	15029
P98,1	15030	15031
P97,2	15032	15033
P23,2	15034	15035
P75,2	15036	15037
P173,1	15038	15039
P61,1	15040	15041
P76,1	15042	15043
P2,2	15044	15045
P133,2	15046	15047
P46,2	15048	15049
P30,1	15050	15051
P11,1	15052	15053
P99,1	15054	15055
P134,1	15056	15057
P176,2	15058	15059
P177,1	15060	15061
P178,1	15062	15063
P100,1	15064	15065
P179,1	15066	15066
P135,2	15067	15068
P77,2	15069	15070
P47,1	15071	15072
P180,1	15073	15074
P181,1	15075	15076
P101,2	15077	15078
P16,2	15079	15080
P62,1	15081	15082
P137,1	15083	15084
P102,2	15085	15086
P182,2	15087	15088
P31,1	15089	15090
P184,1	15091	15092
P183,2	15093	15094
P78,2	15095	15096
P138,2	15097	15098
P104,1	15099	15100
P103,3	15101	15102
P185,2	15103	15104
P24,2	15105	15106
P79,1	15107	15107
P139,1	15108	15109
P63,2	15110	15111
P17,2	15112	15113
P140,1	15114	15115
P18,2	15116	15117
P187,1	15118	15119
P106,1	15120	15121
P32,2	15122	15123
P80,2	15124	15125
P48,2	15126	15127
P188,1	15128	15129
P141,2	15130	15131
P64,1	15132	15133
P107,1	15134	15135
P4,2	15136	15137
P33,2	15138	15139
P49,2	15140	15141
P189,2	15142	15143
P190,2	15144	15145
P81,1	15146	15147
P108,2	15148	15149
P143,1	15150	15151
P109,2	15152	15153
P192,1	15154	15155
P193,1	15156	15157
P12,3	15158	15159
P34,2	15160	15161
P144,2	15162	15163
P25,1	15164	15165
P83,2	15166	15167
P110,1	15168	15169
P146,2	15170	15171
P50,2	15172	15173
P111,1	15174	15175
P65,1	15176	15177
P194,2	15178	15179
P195,2	15180	15181
P84,1	15182	15183
P113,1	15184	15184
P66,2	15185	15186
P112,2	15187	15188
P13,1	15189	15190
P114,1	15191	15192
P148,1	15193	15194
P85,1	15195	15196
P35,1	15197	15198
P86,2	15199	15200
P67,2	15201	15202
P149,1	15203	15204
P199,1	15205	15206
P36,2	15207	15208
P115,1	15209	15210
P200,1	15211	15212
P116,2	15213	15214
P150,1	15215	15216
P88,2	15217	15218
P53,3	15219	15220
P26,2	15221	15222
P152,1	15223	15224
P38,1	15225	15226
P54,2	15227	15228
P151,2	15229	15230
P19,2	15231	15232
P68,2	15233	15234
P89,1	15235	15236
P118,1	15237	15238
P153,1	15239	15240
P69,1	15241	15242
P154,1	15243	15244
P14,1	15245	15246
P155,1	15247	15248
P156,1	15249	15250
P119,2	15251	15252
P55,1	15253	15254
P120,1	15255	15256
P90,2	15257	15258
P70,2	15259	15260
P157,1	15261	15262
P7,2	15263	15264
P91,2	15265	15266
P10,2	15267	15268
P158,3	15269	15270
P56,2	15271	15272
P159,2	15273	15274
P160,1	15275	15276
P122,2	15277	15278
P161,2	15279	15280
P92,1	15281	15282
P162,1	15283	15284
P40,2	15285	15286
P123,2	15287	15288
P41,2	15289	15290
P125,1	15291	15292
P124,2	15293	15294
P164,1	15295	15296
P165,1	15297	15298
P28,2	15299	15300
P126,2	15301	15302
P29,2	15303	15304
P94,1	15305	15306
P58,1	15307	15308
P166,1	15309	15310
P95,1	15311	15312
P167,1	15313	15314
P127,1	15315	15316
P59,1	15317	15317
P128,1	15318	15319
P21,1	15320	15321
P129,2	15322	15323
P22,2	15324	15325
P43,2	15326	15327
P169,2	15328	15329
P96,1	15330	15331
P60,2	15332	15333
P130,1	15334	15335
P15,2	15336	15337
P171,1	15338	15339
P44,2	15340	15341
P131,2	15342	15343
P45,1	15344	15345
P132,1	15346	15347
P98,1	15348	15349
P97,2	15350	15351
P23,2	15352	15353
P75,2	15354	15355
P173,1	15356	15357
P61,1	15358	15359
P76,1	15360	15361
P2,2	15362	15363
P133,2	15364	15365
P46,2	15366	15367
P30,1	15368	15369
P11,1	15370	15371
P99,1	15372	15373
P134,1	15374	15375
P176,2	15376	15377
P177,1	15378	15379
P178,1	15380	15381
P100,1	15382	15383
P135,2	15384	15385
P77,2	15386	15387
P47,1	15388	15389
P180,1	15390	15391
P181,1	15392	15393
P101,2	15394	15395
P16,2	15396	15397
P62,1	15398	15399
P137,1	15400	15401
P102,2	15402	15403
P182,2	15404	15405
P31,1	15406	15407
P184,1	15408	15409
P183,2	15410	15411
P78,2	15412	15413
P138,2	15414	15415
P104,1	15416	15417
P103,3	15418	15419
P185,2	15420	15421
P24,2	15422	15423
P139,1	15424	15425
P63,2	15426	15427
P17,2	15428	15429
P140,1	15430	15431
P18,2	15432	15433
P187,1	15434	15435
P106,1	15436	15437
P32,2	15438	15439
P80,2	15440	15441
P48,2	15442	15443
P188,1	15444	15445
P141,2	15446	15447
P64,1	15448	15449
P107,2	15450	15451
P4,2	15452	15453
P33,2	15454	15455
P49,2	15456	15457
P189,2	15458	15459
P190,2	15460	15461
P81,1	15462	15463
P108,2	15464	15465
P143,1	15466	15467
P109,2	15468	15469
P192,2	15470	15471
P193,1	15472	15473
P12,3	15474	15475
P34,2	15476	15477
P144,2	15478	15479
P25,1	15480	15481
P83,2	15482	15483
P110,1	15484	15485
P146,2	15486	15487
P50,2	15488	15489
P111,1	15490	15491
P65,1	15492	15493
P194,2	15494	15495
P195,2	15496	15497
P84,1	15498	15499
P66,2	15500	15501
P113,2	15502	15503
P112,2	15504	15505
P13,1	15506	15507
P114,1	15508	15509
P148,1	15510	15511
P85,1	15512	15513
P35,1	15514	15515
P86,2	15516	15517
P67,2	15518	15519
P149,1	15520	15521
P199,1	15522	15523
P36,2	15524	15525
P115,1	15526	15527
P200,1	15528	15529
P150,1	15530	15531
P88,2	15532	15533
P116,3	15534	15535
P53,3	15536	15537
P26,2	15538	15539
P152,1	15540	15541
P38,1	15542	15543
P54,2	15544	15545
P151,2	15546	15547
P19,2	15548	15549
P68,2	15550	15551
P89,1	15552	15553
P118,1	15554	15555
P153,1	15556	15557
P69,1	15558	15559
P154,1	15560	15561
P14,1	15562	15562
P155,1	15563	15564
P156,1	15565	15566
P119,2	15567	15568
P55,1	15569	15570
P120,1	15571	15572
P90,2	15573	15574
P70,2	15575	15576
P157,1	15577	15578
P7,2	15579	15580
P91,2	15581	15582
P10,2	15583	15584
P158,3	15585	15586
P56,2	15587	15588
P159,2	15589	15589
P160,1	15590	15591
P122,2	15592	15593
P161,2	15594	15595
P92,1	15596	15597
P40,2	15598	15599
P123,2	15600	15601
P41,2	15602	15603
P162,2	15604	15605
P125,1	15606	15607
P124,2	15608	15609
P164,1	15610	15611
P165,1	15612	15613
P28,2	15614	15615
P126,2	15616	15617
P29,2	15618	15619
P94,1	15620	15621
P95,1	15622	15623
P167,1	15624	15625
P58,2	15626	15627
P127,1	15628	15629
P128,1	15630	15631
P21,1	15632	15633
P129,2	15634	15635
P22,2	15636	15637
P43,2	15638	15639
P169,2	15640	15641
P96,1	15642	15643
P60,2	15644	15645
P130,1	15646	15647
P15,2	15648	15649
P171,1	15650	15651
P44,2	15652	15653
P131,2	15654	15655
P45,1	15656	15657
P132,1	15658	15659
P98,1	15660	15661
P97,2	15662	15663
P23,2	15664	15665
P75,2	15666	15667
P173,1	15668	15669
P61,1	15670	15671
P76,1	15672	15673
P2,2	15674	15675
P133,2	15676	15677
P46,2	15678	15679
P30,1	15680	15681
P11,1	15682	15683
P99,1	15684	15685
P134,1	15686	15687
P176,2	15688	15689
P177,1	15690	15691
P178,1	15692	15693
P100,1	15694	15695
P135,2	15696	15697
P77,2	15698	15699
P47,1	15700	15701
P180,1	15702	15703
P181,1	15704	15705
P101,2	15706	15707
P16,2	15708	15709
P62,1	15710	15711
P137,1	15712	15713
P102,2	15714	15715
P182,2	15716	15717
P31,1	15718	15719
P184,1	15720	15721
P183,2	15722	15723
P78,2	15724	15725
P138,2	15726	15727
P104,1	15728	15729
P103,3	15730	15731
P185,2	15732	15733
P24,2	15734	15735
P139,1	15736	15737
P63,2	15738	15739
P17,2	15740	15741
P140,1	15742	15743
P18,2	15744	15745
P187,1	15746	15747
P106,1	15748	15749
P32,2	15750	15751
P80,2	15752	15753
P48,2	15754	15755
P188,1	15756	15757
P141,2	15758	15759
P64,1	15760	15761
P107,2	15762	15763
P4,2	15764	15765
P33,2	15766	15767
P49,2	15768	15769
P189,2	15770	15771
P190,2	15772	15773
P81,1	15774	15775
P108,2	15776	15777
P143,1	15778	15779
P109,2	15780	15781
P192,2	15782	15783
P193,1	15784	15785
P12,3	15786	15787
P34,2	15788	15789
P144,2	15790	15791
P25,1	15792	15793
P83,2	15794	15795
P110,1	15796	15797
P146,2	15798	15799
P50,2	15800	15801
P111,1	15802	15803
P65,1	15804	15805
P194,2	15806	15807
P195,2	15808	15809
P84,1	15810	15811
P66,2	15812	15813
P113,2	15814	15815
P112,2	15816	15817
P13,1	15818	15819
P114,1	15820	15821
P148,1	15822	15823
P85,1	15824	15825
P35,1	15826	15827
P86,2	15828	15829
P67,2	15830	15831
P199,1	15832	15833
P36,2	15834	15835
P115,1	15836	15837
P149,2	15838	15839
P200,1	15840	15841
P150,1	15842	15843
P88,2	15844	15845
P116,3	15846	15847
P53,3	15848	15849
P26,2	15850	15851
P152,1	15852	15853
P38,1	15854	15855
P54,2	15856	15857
P151,2	15858	15859
P19,2	15860	15861
P68,2	15862	15863
P89,1	15864	15865
P118,1	15866	15867
P153,1	15868	15869
P69,1	15870	15871
P154,1	15872	15873
P155,1	15874	15875
P156,1	15876	15877
P119,2	15878	15879
P55,1	15880	15881
P120,1	15882	15883
P90,2	15884	15885
P70,2	15886	15887
P157,1	15888	15889
P7,2	15890	15891
P91,2	15892	15893
P10,2	15894	15895
P158,3	15896	15897
P56,2	15898	15899
P160,1	15900	15901
P122,2	15902	15903
P159,3	15904	15905
P161,2	15906	15907
P92,1	15908	15909
P40,2	15910	15911
P123,2	15912	15913
P41,2	15914	15915
P162,2	15916	15917
P125,1	15918	15919
P124,2	15920	15921
P164,1	15922	15923
P165,1	15924	15925
P28,2	15926	15927
P126,2	15928	15929
P29,2	15930	15931
P94,1	15932	15933
P95,1	15934	15935
P167,1	15936	15937
P58,2	15938	15939
P127,1	15940	15941
P128,1	15942	15943
P21,1	15944	15945
P129,2	15946	15947
P22,2	15948	15949
P43,2	15950	15951
P169,2	15952	15953
P96,1	15954	15955
P60,2	15956	15957
P130,1	15958	15959
P15,2	15960	15961
P171,1	15962	15963
P44,2	15964	15965
P131,2	15966	15967
P45,1	15968	15969
P132,1	15970	15971
P98,1	15972	15973
P97,2	15974	15975
P23,2	15976	15977
P75,2	15978	15979
P173,1	15980	15981
P61,1	15982	15983
P76,1	15984	15985
P2,2	15986	15987
P133,2	15988	15989
P46,2	15990	15991
P30,2	15992	15993
P11,1	15994	15995
P99,1	15996	15997
P134,1	15998	15999
P176,2	16000	16001
P177,1	16002	16003
P100,1	16004	16004
P135,2	16005	16006
P77,2	16007	16008
P47,1	16009	16010
P180,1	16011	16012
P181,1	16013	16014
P101,2	16015	16016
P16,2	16017	16018
P62,1	16019	16020
P137,1	16021	16022
P102,2	16023	16024
P182,2	16025	16026
P31,1	16027	16028
P184,1	16029	16030
P183,2	16031	16032
P78,2	16033	16034
P138,2	16035	16036
P104,1	16037	16038
P103,3	16039	16040
P185,2	16041	16042
P24,2	16043	16044
P139,1	16045	16046
P63,2	16047	16048
P17,2	16049	16050
P140,1	16051	16052
P18,2	16053	16054
P187,1	16055	16056
P106,1	16057	16058
P32,2	16059	16060
P80,2	16061	16062
P48,2	16063	16064
P188,1	16065	16066
P141,2	16067	16068
P64,1	16069	16070
P107,2	16071	16072
P4,2	16073	16074
P33,2	16075	16076
P49,2	16077	16078
P189,2	16079	16080
P190,2	16081	16082
P81,1	16083	16084
P108,2	16085	16086
P143,1	16087	16088
P109,2	16089	16090
P192,2	16091	16092
P193,1	16093	16094
P12,3	16095	16096
P34,2	16097	16098
P144,2	16099	16100
P25,1	16101	16102
P83,2	16103	16104
P110,1	16105	16106
P146,2	16107	16108
P50,2	16109	16110
P111,1	16111	16112
P194,2	16113	16114
P65,2	16115	16116
P195,2	16117	16118
P84,1	16119	16120
P66,2	16121	16122
P113,2	16123	16124
P112,2	16125	16126
P13,1	16127	16128
P114,1	16129	16130
P148,1	16131	16132
P85,1	16133	16134
P35,1	16135	16136
P86,2	16137	16138
P67,2	16139	16140
P199,1	16141	16142
P36,2	16143	16144
P115,1	16145	16146
P149,2	16147	16148
P200,1	16149	16150
P150,1	16151	16152
P88,2	16153	16154
P116,3	16155	16156
P53,3	16157	16158
P26,2	16159	16160
P152,1	16161	16162
P38,1	16163	16164
P54,2	16165	16166
P151,2	16167	16168
P19,2	16169	16170
P68,2	16171	16172
P89,1	16173	16174
P118,1	16175	16176
P153,1	16177	16178
P69,1	16179	16180
P154,1	16181	16182
P155,1	16183	16184
P156,1	16185	16186
P119,2	16187	16188
P55,1	16189	16190
P120,1	16191	16192
P90,2	16193	16194
P70,2	16195	16196
P157,1	16197	16198
P7,2	16199	16200
P91,2	16201	16202
P10,2	16203	16204
P158,3	16205	16206
P56,2	16207	16208
P160,1	16209	16210
P122,2	16211	16212
P159,3	16213	16214
P161,2	16215	16216
P92,1	16217	16218
P40,2	16219	16220
P123,2	16221	16222
P41,2	16223	16224
P162,2	16225	16226
P125,1	16227	16228
P124,2	16229	16230
P164,1	16231	16232
P165,1	16233	16234
P28,2	16235	16236
P126,2	16237	16238
P29,2	16239	16240
P94,1	16241	16242
P95,1	16243	16244
P167,1	16245	16246
P58,2	16247	16248
P127,1	16249	16250
P128,1	16251	16252
P21,1	16253	16254
P129,2	16255	16256
P22,2	16257	16258
P43,2	16259	16260
P169,2	16261	16262
P96,1	16263	16263
P60,2	16264	16265
P130,1	16266	16267
P15,2	16268	16269
P171,1	16270	16271
P44,2	16272	16273
P131,2	16274	16275
P45,1	16276	16277
P132,1	16278	16279
P98,1	16280	16281
P97,2	16282	16283
P23,2	16284	16285
P75,2	16286	16287
P173,1	16288	16289
P61,1	16290	16291
P76,1	16292	16293
P2,2	16294	16295
P133,2	16296	16297
P46,2	16298	16299
P30,2	16300	16301
P11,1	16302	16303
P99,1	16304	16305
P134,1	16306	16307
P176,2	16308	16309
P177,1	16310	16311
P135,2	16312	16313
P100,2	16314	16315
P77,2	16316	16317
P47,1	16318	16319
P180,1	16320	16321
P101,2	16322	16323
P16,2	16324	16325
P62,1	16326	16327
P181,2	16328	16329
P137,1	16330	16331
P102,2	16332	16333
P182,2	16334	16335
P31,1	16336	16337
P184,1	16338	16339
P183,2	16340	16341
P78,2	16342	16343
P138,2	16344	16345
P104,1	16346	16347
P103,3	16348	16349
P185,2	16350	16351
P24,2	16352	16353
P139,1	16354	16355
P63,2	16356	16357
P17,2	16358	16359
P140,1	16360	16361
P18,2	16362	16363
P187,1	16364	16365
P106,1	16366	16367
P32,2	16368	16369
P80,2	16370	16371
P48,2	16372	16373
P188,1	16374	16375
P141,2	16376	16377
P64,1	16378	16379
P107,2	16380	16381
P4,2	16382	16383
P33,2	16384	16385
P49,2	16386	16387
P189,2	16388	16389
P190,2	16390	16391
P81,1	16392	16393
P108,2	16394	16395
P143,1	16396	16397
P109,2	16398	16399
P192,2	16400	16401
P193,1	16402	16403
P12,3	16404	16405
P34,2	16406	16407
P144,2	16408	16409
P25,1	16410	16411
P83,2	16412	16413
P110,1	16414	16415
P146,2	16416	16417
P50,2	16418	16419
P111,1	16420	16421
P194,2	16422	16423
P65,2	16424	16425
P195,2	16426	16427
P84,1	16428	16429
P66,2	16430	16431
P113,2	16432	16433
P112,2	16434	16435
P13,1	16436	16437
P114,1	16438	16439
P148,1	16440	16441
P85,1	16442	16443
P35,1	16444	16445
P86,2	16446	16447
P67,2	16448	16449
P199,1	16450	16451
P36,2	16452	16453
P115,1	16454	16455
P149,2	16456	16457
P200,1	16458	16459
P150,1	16460	16461
P88,2	16462	16463
P116,3	16464	16465
P53,3	16466	16467
P26,2	16468	16469
P152,1	16470	16471
P38,1	16472	16473
P54,2	16474	16475
P151,2	16476	16477
P19,2	16478	16479
P68,2	16480	16481
P89,1	16482	16483
P118,1	16484	16485
P153,1	16486	16487
P69,1	16488	16489
P154,1	16490	16491
P155,1	16492	16493
P156,1	16494	16495
P119,2	16496	16497
P55,1	16498	16499
P120,1	16500	16501
P90,2	16502	16503
P70,2	16504	16505
P157,1	16506	16507
P7,2	16508	16509
P91,2	16510	16511
P10,2	16512	16513
P158,3	16514	16515
P56,2	16516	16517
P160,1	16518	16519
P122,2	16520	16521
P159,3	16522	16523
P161,2	16524	16525
P92,1	16526	16527
P40,2	16528	16529
P123,2	16530	16531
P41,2	16532	16533
P162,2	16534	16535
P125,1	16536	16537
P124,2	16538	16539
P164,1	16540	16541
P165,1	16542	16543
P28,2	16544	16545
P126,2	16546	16547
P29,2	16548	16549
P94,1	16550	16551
P95,1	16552	16553
P167,1	16554	16555
P58,2	16556	16557
P127,1	16558	16559
P128,1	16560	16561
P21,1	16562	16563
P129,2	16564	16565
P22,2	16566	16567
P43,2	16568	16569
P169,2	16570	16571
P60,2	16572	16573
P96,2	16574	16575
P130,1	16576	16577
P15,2	16578	16579
P171,1	16580	16581
P44,2	16582	16583
P131,2	16584	16585
P45,1	16586	16587
P132,1	16588	16589
P98,1	16590	16591
P97,2	16592	16593
P23,2	16594	16595
P75,2	16596	16597
P173,1	16598	16599
P61,1	16600	16601
P76,1	16602	16603
P2,2	16604	16605
P133,2	16606	16607
P46,2	16608	16609
P30,2	16610	16611
P11,1	16612	16613
P99,1	16614	16615
P134,1	16616	16617
P176,2	16618	16619
P177,1	16620	16621
P135,2	16622	16623
P100,2	16624	16625
P77,2	16626	16627
P47,1	16628	16629
P180,1	16630	16631
P101,2	16632	16633
P16,2	16634	16635
P62,1	16636	16637
P181,2	16638	16639
P137,1	16640	16641
P102,2	16642	16643
P182,2	16644	16645
P31,1	16646	16646
P184,1	16647	16648
P183,2	16649	16650
P78,2	16651	16652
P138,2	16653	16654
P104,1	16655	16656
P103,3	16657	16658
P185,2	16659	16660
P24,2	16661	16662
P139,1	16663	16663
P63,2	16664	16665
P17,2	16666	16667
P140,1	16668	16669
P18,2	16670	16671
P187,1	16672	16673
P106,1	16674	16675
P32,2	16676	16677
P80,2	16678	16679
P48,2	16680	16681
P188,1	16682	16683
P141,2	16684	16685
P64,1	16686	16687
P107,2	16688	16689
P4,2	16690	16691
P33,2	16692	16693
P49,2	16694	16695
P189,2	16696	16697
P190,2	16698	16699
P81,1	16700	16701
P108,2	16702	16703
P143,1	16704	16705
P109,2	16706	16707
P192,2	16708	16709
P193,1	16710	16711
P12,3	16712	16713
P34,2	16714	16715
P144,2	16716	16717
P25,1	16718	16719
P83,2	16720	16721
P110,1	16722	16723
P146,2	16724	16725
P50,2	16726	16727
P111,1	16728	16729
P194,2	16730	16731
P65,2	16732	16733
P195,2	16734	16735
P84,2	16736	16737
P66,2	16738	16739
P113,2	16740	16741
P112,2	16742	16743
P13,1	16744	16745
P148,1	16746	16747
P85,1	16748	16749
P35,1	16750	16751
P86,2	16752	16753
P67,2	16754	16755
P199,1	16756	16757
P36,2	16758	16759
P115,1	16760	16761
P149,2	16762	16763
P200,1	16764	16765
P150,1	16766	16767
P88,2	16768	16769
P116,3	16770	16771
P53,3	16772	16773
P26,2	16774	16775
P152,1	16776	16777
P38,1	16778	16779
P54,2	16780	16781
P151,2	16782	16783
P19,3	16784	16785
P68,2	16786	16787
P89,1	16788	16789
P118,1	16790	16791
P153,1	16792	16793
P69,1	16794	16795
P154,1	16796	16797
P155,1	16798	16799
P156,1	16800	16801
P119,2	16802	16803
P55,1	16804	16805
P120,1	16806	16807
P90,2	16808	16809
P70,2	16810	16811
P157,1	16812	16813
P7,2	16814	16815
P91,2	16816	16817
P10,2	16818	16819
P158,3	16820	16821
P56,2	16822	16823
P160,1	16824	16825
P122,2	16826	16827
P159,3	16828	16829
P161,2	16830	16831
P92,1	16832	16833
P40,2	16834	16835
P123,2	16836	16837
P41,2	16838	16839
P162,2	16840	16841
P125,1	16842	16843
P124,2	16844	16845
P164,1	16846	16847
P165,1	16848	16848
P28,2	16849	16850
P126,2	16851	16852
P29,2	16853	16854
P94,1	16855	16856
P95,1	16857	16858
P167,1	16859	16860
P58,2	16861	16862
P127,1	16863	16864
P128,1	16865	16866
P21,1	16867	16868
P129,2	16869	16870
P22,2	16871	16872
P43,2	16873	16874
P169,2	16875	16876
P60,2	16877	16878
P96,2	16879	16880
P130,1	16881	16882
P15,2	16883	16884
P171,1	16885	16886
P44,2	16887	16888
P131,2	16889	16890
P45,1	16891	16892
P132,1	16893	16894
P98,1	16895	16896
P97,2	16897	16898
P23,2	16899	16900
P75,2	16901	16902
P173,1	16903	16904
P61,1	16905	16906
P76,1	16907	16908
P2,2	16909	16910
P133,2	16911	16912
P46,2	16913	16913
P30,2	16914	16915
P11,1	16916	16917
P99,1	16918	16919
P134,1	16920	16921
P176,2	16922	16923
P177,1	16924	16925
P135,2	16926	16927
P100,2	16928	16929
P77,2	16930	16931
P47,1	16932	16933
P180,1	16934	16935
P101,2	16936	16937
P16,2	16938	16939
P62,1	16940	16941
P181,2	16942	16943
P137,1	16944	16945
P102,2	16946	16947
P182,2	16948	16949
P184,1	16950	16951
P31,2	16952	16953
P183,2	16954	16955
P78,2	16956	16957
P138,2	16958	16959
P104,1	16960	16961
P103,3	16962	16963
P185,2	16964	16965
P24,2	16966	16967
P63,2	16968	16969
P17,2	16970	16971
P140,1	16972	16973
P139,2	16974	16975
P18,2	16976	16977
P187,1	16978	16979
P106,1	16980	16981
P32,2	16982	16983
P80,2	16984	16985
P48,2	16986	16987
P188,1	16988	16989
P141,2	16990	16991
P64,1	16992	16992
P107,2	16993	16994
P4,2	16995	16996
P33,2	16997	16998
P49,2	16999	17000
P189,2	17001	17002
P190,2	17003	17004
P81,1	17005	17006
P108,2	17007	17008
P143,1	17009	17010
P109,2	17011	17012
P192,2	17013	17014
P193,1	17015	17016
P12,3	17017	17018
P34,2	17019	17020
P144,2	17021	17022
P25,1	17023	17024
P83,2	17025	17026
P110,1	17027	17028
P146,2	17029	17030
P50,2	17031	17032
P111,1	17033	17034
P194,2	17035	17036
P65,2	17037	17038
P195,2	17039	17040
P84,2	17041	17042
P66,2	17043	17044
P113,2	17045	17046
P112,2	17047	17048
P13,1	17049	17050
P148,1	17051	17052
P85,1	17053	17054
P35,1	17055	17056
P86,2	17057	17058
P67,2	17059	17060
P199,1	17061	17062
P36,2	17063	17064
P115,1	17065	17066
P149,2	17067	17068
P200,1	17069	17070
P150,1	17071	17072
P88,2	17073	17074
P116,3	17075	17076
P53,3	17077	17078
P26,2	17079	17080
P152,1	17081	17082
P38,1	17083	17084
P54,2	17085	17086
P151,2	17087	17088
P19,3	17089	17090
P68,2	17091	17092
P89,1	17093	17094
P118,1	17095	17096
P69,1	17097	17098
P153,2	17099	17100
P154,1	17101	17102
P155,1	17103	17104
P156,1	17105	17106
P119,2	17107	17108
P55,1	17109	17110
P120,1	17111	17112
P90,2	17113	17114
P70,2	17115	17116
P157,1	17117	17118
P7,2	17119	17120
P91,2	17121	17122
P10,2	17123	17124
P158,3	17125	17126
P56,2	17127	17128
P160,1	17129	17130
P122,2	17131	17132
P159,3	17133	17134
P161,2	17135	17136
P92,1	17137	17138
P40,2	17139	17140
P123,2	17141	17142
P41,2	17143	17144
P162,2	17145	17146
P125,1	17147	17148
P124,2	17149	17150
P164,1	17151	17152
P28,2	17153	17154
P126,2	17155	17156
P29,2	17157	17158
P94,1	17159	17160
P95,1	17161	17162
P167,1	17163	17164
P58,2	17165	17166
P127,1	17167	17168
P128,1	17169	17170
P21,1	17171	17172
P129,2	17173	17174
P22,2	17175	17176
P43,2	17177	17178
P169,2	17179	17180
P60,2	17181	17182
P96,2	17183	17184
P130,1	17185	17186
P15,2	17187	17188
P171,1	17189	17190
P44,2	17191	17192
P131,2	17193	17194
P45,1	17195	17196
P132,1	17197	17198
P98,1	17199	17200
P97,2	17201	17202
P23,2	17203	17204
P75,2	17205	17206
P173,1	17207	17208
P61,1	17209	17210
P76,1	17211	17212
P2,2	17213	17214
P133,2	17215	17216
P30,2	17217	17218
P11,1	17219	17220
P46,3	17221	17222
P99,1	17223	17224
P134,1	17225	17226
P176,2	17227	17228
P177,1	17229	17230
P135,2	17231	17232
P100,2	17233	17234
P77,2	17235	17236
P47,1	17237	17238
P180,1	17239	17240
P101,2	17241	17242
P16,2	17243	17244
P62,1	17245	17246
P181,2	17247	17248
P137,1	17249	17250
P102,2	17251	17252
P182,2	17253	17254
P184,1	17255	17256
P31,2	17257	17258
P183,2	17259	17260
P78,2	17261	17262
P138,2	17263	17264
P104,1	17265	17266
P103,3	17267	17268
P185,2	17269	17270
P24,2	17271	17272
P63,2	17273	17274
P17,2	17275	17276
P140,1	17277	17278
P139,2	17279	17280
P18,2	17281	17282
P187,1	17283	17284
P106,1	17285	17286
P32,2	17287	17288
P80,2	17289	17290
P48,2	17291	17292
P188,1	17293	17294
P141,2	17295	17296
P107,2	17297	17298
P64,2	17299	17300
P4,2	17301	17302
P33,2	17303	17304
P49,2	17305	17306
P189,2	17307	17308
P190,2	17309	17310
P81,1	17311	17312
P108,2	17313	17314
P143,1	17315	17316
P109,2	17317	17318
P192,2	17319	17320
P193,1	17321	17322
P12,3	17323	17324
P34,2	17325	17326
P144,2	17327	17328
P25,1	17329	17330
P83,2	17331	17332
P110,1	17333	17334
P146,2	17335	17336
P50,2	17337	17338
P111,1	17339	17340
P194,2	17341	17342
P65,2	17343	17344
P195,2	17345	17346
P84,2	17347	17348
P66,2	17349	17350
P113,2	17351	17352
P112,2	17353	17354
P13,1	17355	17356
P148,1	17357	17358
P85,1	17359	17360
P35,1	17361	17361
P86,2	17362	17363
P67,2	17364	17365
P199,1	17366	17367
P36,2	17368	17369
P115,1	17370	17371
P149,2	17372	17373
P200,1	17374	17375
P150,1	17376	17377
P88,2	17378	17379
P116,3	17380	17381
P53,3	17382	17383
P26,2	17384	17385
P152,1	17386	17387
P38,1	17388	17389
P54,2	17390	17391
P151,2	17392	17393
P19,3	17394	17395
P68,2	17396	17397
P89,1	17398	17399
P118,1	17400	17401
P69,1	17402	17403
P153,2	17404	17405
P154,1	17406	17407
P155,1	17408	17409
P156,1	17410	17411
P119,2	17412	17413
P55,1	17414	17415
P120,1	17416	17417
P70,2	17418	17419
P157,1	17420	17421
P7,2	17422	17423
P91,2	17424	17425
P10,2	17426	17427
P158,3	17428	17429
P56,2	17430	17431
P160,1	17432	17433
P122,2	17434	17435
P159,3	17436	17437
P161,2	17438	17439
P92,1	17440	17441
P40,2	17442	17443
P123,2	17444	17445
P41,2	17446	17447
P162,2	17448	17449
P125,1	17450	17451
P124,2	17452	17453
P164,1	17454	17455
P28,2	17456	17457
P126,2	17458	17459
P29,2	17460	17461
P94,1	17462	17463
P95,1	17464	17465
P167,1	17466	17467
P58,2	17468	17469
P127,1	17470	17471
P128,1	17472	17473
P21,1	17474	17475
P129,2	17476	17477
P22,2	17478	17479
P43,2	17480	17481
P169,2	17482	17483
P60,2	17484	17485
P96,2	17486	17487
P130,1	17488	17489
P15,2	17490	17491
P171,1	17492	17493
P44,2	17494	17495
P131,2	17496	17497
P45,1	17498	17499
P132,1	17500	17501
P98,1	17502	17503
P97,2	17504	17505
P23,2	17506	17507
P75,2	17508	17509
P173,1	17510	17511
P61,1	17512	17513
P76,1	17514	17515
P2,2	17516	17517
P133,2	17518	17519
P30,2	17520	17521
P11,1	17522	17523
P46,3	17524	17525
P99,1	17526	17527
P134,1	17528	17529
P176,2	17530	17531
P177,1	17532	17533
P135,2	17534	17535
P100,2	17536	17537
P77,2	17538	17538
P47,1	17539	17540
P180,1	17541	17542
P101,2	17543	17544
P16,2	17545	17546
P62,1	17547	17547
P181,2	17548	17549
P137,1	17550	17551
P102,2	17552	17553
P182,2	17554	17555
P184,1	17556	17557
P31,2	17558	17559
P183,2	17560	17561
P78,2	17562	17563
P138,2	17564	17565
P104,1	17566	17567
P103,3	17568	17569
P185,2	17570	17571
P24,2	17572	17573
P63,2	17574	17575
P17,2	17576	17577
P139,2	17578	17579
P18,2	17580	17580
P187,1	17581	17582
P106,1	17583	17584
P32,2	17585	17586
P80,2	17587	17588
P48,2	17589	17590
P188,1	17591	17592
P141,2	17593	17594
P107,2	17595	17596
P64,2	17597	17598
P4,2	17599	17600
P33,2	17601	17602
P49,2	17603	17604
P189,2	17605	17606
P190,2	17607	17608
P81,1	17609	17610
P108,2	17611	17612
P143,1	17613	17614
P109,2	17615	17616
P192,2	17617	17618
P193,1	17619	17620
P12,3	17621	17622
P34,2	17623	17624
P144,2	17625	17626
P25,1	17627	17628
P83,2	17629	17630
P110,1	17631	17632
P146,2	17633	17634
P50,2	17635	17636
P111,1	17637	17638
P194,2	17639	17640
P65,2	17641	17642
P195,2	17643	17644
P84,2	17645	17646
P66,2	17647	17648
P113,2	17649	17650
P112,2	17651	17652
P148,1	17653	17654
P13,2	17655	17656
P85,1	17657	17658
P86,2	17659	17659
P35,2	17660	17661
P67,2	17662	17663
P199,1	17664	17665
P36,2	17666	17667
P115,1	17668	17669
P149,2	17670	17671
P200,1	17672	17673
P150,1	17674	17674
P88,2	17675	17676
P116,3	17677	17678
P53,3	17679	17680
P26,2	17681	17682
P152,1	17683	17684
P38,1	17685	17686
P54,2	17687	17688
P151,2	17689	17690
P19,3	17691	17692
P68,2	17693	17694
P89,1	17695	17695
P118,1	17696	17697
P69,1	17698	17699
P153,2	17700	17701
P154,1	17702	17703
P155,1	17704	17705
P156,1	17706	17707
P119,2	17708	17709
P55,1	17710	17711
P120,1	17712	17713
P70,2	17714	17715
P157,1	17716	17717
P7,2	17718	17719
P91,2	17720	17721
P10,2	17722	17723
P158,3	17724	17725
P56,2	17726	17727
P160,1	17728	17729
P122,2	17730	17731
P159,3	17732	17733
P161,2	17734	17735
P92,1	17736	17737
P40,2	17738	17739
P123,2	17740	17741
P41,2	17742	17743
P162,2	17744	17745
P125,1	17746	17747
P124,2	17748	17749
P164,1	17750	17751
P28,2	17752	17753
P126,2	17754	17755
P29,2	17756	17757
P94,1	17758	17759
P95,1	17760	17761
P167,1	17762	17763
P58,2	17764	17765
P127,1	17766	17767
P128,1	17768	17769
P21,1	17770	17771
P129,2	17772	17773
P22,2	17774	17775
P43,2	17776	17777
P169,2	17778	17779
P60,2	17780	17781
P96,2	17782	17783
P130,1	17784	17785
P15,2	17786	17787
P171,1	17788	17789
P44,2	17790	17791
P131,2	17792	17793
P45,1	17794	17795
P132,1	17796	17797
P98,1	17798	17799
P97,2	17800	17801
P23,2	17802	17803
P75,2	17804	17805
P173,1	17806	17807
P61,1	17808	17809
P76,1	17810	17811
P2,2	17812	17813
P133,2	17814	17815
P30,2	17816	17817
P11,1	17818	17819
P46,3	17820	17821
P99,2	17822	17823
P134,2	17824	17825
P176,2	17826	17827
P177,1	17828	17829
P135,2	17830	17831
P100,2	17832	17833
P180,1	17834	17835
P101,2	17836	17837
P16,2	17838	17839
P181,2	17840	17841
P137,1	17842	17843
P102,2	17844	17845
P182,2	17846	17847
P184,1	17848	17849
P31,2	17850	17851
P183,2	17852	17853
P78,2	17854	17855
P138,2	17856	17857
P104,1	17858	17859
P103,3	17860	17861
P185,2	17862	17863
P24,2	17864	17865
P63,2	17866	17867
P17,2	17868	17869
P139,2	17870	17871
P187,1	17872	17873
P106,1	17874	17875
P32,2	17876	17876
P80,2	17877	17878
P48,2	17879	17880
P188,1	17881	17882
P141,2	17883	17883
P107,2	17884	17885
P64,2	17886	17887
P4,2	17888	17889
P33,2	17890	17891
P49,2	17892	17893
P189,2	17894	17895
P190,2	17896	17897
P81,1	17898	17899
P108,2	17900	17901
P143,1	17902	17903
P109,2	17904	17905
P192,2	17906	17907
P193,1	17908	17909
P12,3	17910	17911
P34,2	17912	17913
P144,2	17914	17915
P25,1	17916	17917
P83,2	17918	17919
P110,1	17920	17921
P146,2	17922	17923
P50,2	17924	17925
P111,1	17926	17927
P194,2	17928	17928
P65,2	17929	17930
P195,2	17931	17932
P84,2	17933	17934
P66,2	17935	17936
P113,2	17937	17938
P112,2	17939	17940
P148,1	17941	17942
P13,2	17943	17944
P85,1	17945	17946
P35,2	17947	17948
P67,2	17949	17950
P86,3	17951	17952
P199,1	17953	17954
P36,2	17955	17956
P115,1	17957	17958
P149,2	17959	17960
P200,1	17961	17962
P88,2	17963	17964
P116,3	17965	17966
P53,3	17967	17968
P26,2	17969	17970
P152,1	17971	17972
P38,1	17973	17974
P54,2	17975	17976
P151,2	17977	17978
P19,3	17979	17980
P68,2	17981	17982
P118,1	17983	17984
P69,1	17985	17986
P153,2	17987	17988
P154,1	17989	17990
P156,1	17991	17992
P119,2	17993	17994
P55,1	17995	17996
P120,1	17997	17998
P70,2	17999	18000
P157,1	18001	18002
P7,2	18003	18004
P91,2	18005	18006
P10,2	18007	18008
P158,3	18009	18010
P56,2	18011	18012
P160,1	18013	18014
P122,2	18015	18016
P159,3	18017	18018
P161,2	18019	18020
P92,1	18021	18022
P40,2	18023	18024
P123,2	18025	18026
P41,2	18027	18028
P162,2	18029	18030
P125,1	18031	18032
P124,2	18033	18034
P164,1	18035	18036
P28,2	18037	18038
P126,2	18039	18040
P29,2	18041	18042
P95,1	18043	18044
P167,1	18045	18046
P58,2	18047	18048
P127,1	18049	18050
P128,1	18051	18052
P21,1	18053	18054
P129,2	18055	18056
P22,2	18057	18058
P43,2	18059	18060
P169,2	18061	18062
P60,2	18063	18064
P96,2	18065	18066
P130,1	18067	18068
P15,2	18069	18070
P171,1	18071	18072
P44,2	18073	18074
P131,2	18075	18076
P45,1	18077	18078
P132,1	18079	18080
P98,1	18081	18082
P97,2	18083	18084
P23,2	18085	18086
P75,2	18087	18088
P173,1	18089	18090
P61,1	18091	18092
P2,2	18093	18094
P76,2	18095	18096
P133,2	18097	18098
P30,2	18099	18100
P11,1	18101	18102
P46,3	18103	18104
P99,2	18105	18106
P134,2	18107	18108
P176,2	18109	18110
P177,1	18111	18112
P135,2	18113	18114
P100,2	18115	18116
P180,1	18117	18118
P101,2	18119	18120
P16,2	18121	18122
P181,2	18123	18124
P137,1	18125	18126
P102,2	18127	18128
P182,2	18129	18130
P184,1	18131	18132
P31,2	18133	18134
P183,2	18135	18136
P78,2	18137	18138
P138,2	18139	18140
P104,1	18141	18142
P103,3	18143	18144
P185,2	18145	18146
P63,2	18147	18148
P24,3	18149	18150
P17,2	18151	18152
P139,2	18153	18154
P187,1	18155	18156
P106,1	18157	18158
P80,2	18159	18160
P48,2	18161	18162
P188,1	18163	18164
P107,2	18165	18166
P141,3	18167	18168
P64,2	18169	18170
P4,2	18171	18172
P33,2	18173	18174
P49,2	18175	18176
P189,2	18177	18178
P190,2	18179	18180
P81,1	18181	18182
P108,2	18183	18184
P143,1	18185	18186
P109,2	18187	18188
P192,2	18189	18190
P193,1	18191	18192
P12,3	18193	18194
P34,2	18195	18196
P144,2	18197	18198
P25,1	18199	18200
P83,2	18201	18202
P110,1	18203	18204
P146,2	18205	18206
P50,2	18207	18208
P111,1	18209	18210
P65,2	18211	18212
P194,3	18213	18214
P195,2	18215	18216
P84,2	18217	18218
P66,2	18219	18220
P113,2	18221	18222
P112,2	18223	18224
P148,1	18225	18226
P13,2	18227	18228
P85,1	18229	18230
P35,2	18231	18232
P67,2	18233	18234
P86,3	18235	18236
P199,1	18237	18238
P36,2	18239	18240
P115,1	18241	18241
P149,2	18242	18243
P200,1	18244	18245
P88,2	18246	18247
P116,3	18248	18249
P53,3	18250	18251
P26,2	18252	18253
P152,1	18254	18255
P38,1	18256	18257
P54,2	18258	18259
P151,2	18260	18261
P19,3	18262	18263
P118,1	18264	18265
P69,1	18266	18267
P153,2	18268	18269
P154,1	18270	18271
P156,1	18272	18273
P119,2	18274	18275
P55,1	18276	18277
P120,1	18278	18279
P70,2	18280	18281
P157,1	18282	18283
P7,2	18284	18285
P91,2	18286	18287
P10,2	18288	18289
P158,3	18290	18291
P56,2	18292	18293
P160,1	18294	18295
P122,2	18296	18297
P159,3	18298	18299
P161,2	18300	18301
P92,1	18302	18303
P40,2	18304	18305
P123,2	18306	18307
P41,2	18308	18309
P162,2	18310	18311
P125,1	18312	18313
P124,2	18314	18315
P164,1	18316	18317
P28,2	18318	18319
P126,2	18320	18321
P29,2	18322	18323
P95,1	18324	18324
P58,2	18325	18326
P127,1	18327	18328
P128,1	18329	18330
P21,1	18331	18331
P129,2	18332	18333
P22,2	18334	18335
P43,2	18336	18337
P169,2	18338	18339
P60,2	18340	18341
P96,2	18342	18343
P130,1	18344	18345
P15,2	18346	18347
P171,1	18348	18349
P44,2	18350	18351
P131,2	18352	18353
P45,1	18354	18355
P132,1	18356	18357
P98,1	18358	18359
P97,2	18360	18361
P23,2	18362	18363
P75,2	18364	18365
P173,1	18366	18367
P2,2	18368	18369
P76,2	18370	18371
P61,2	18372	18373
P133,2	18374	18375
P30,2	18376	18377
P11,1	18378	18379
P46,3	18380	18381
P99,2	18382	18383
P134,2	18384	18385
P176,2	18386	18387
P177,1	18388	18389
P135,2	18390	18391
P100,2	18392	18393
P180,1	18394	18395
P101,2	18396	18397
P16,2	18398	18399
P181,2	18400	18401
P137,1	18402	18403
P102,2	18404	18405
P182,2	18406	18407
P184,1	18408	18409
P31,2	18410	18411
P183,2	18412	18413
P78,2	18414	18415
P138,2	18416	18417
P104,1	18418	18419
P103,3	18420	18421
P185,2	18422	18423
P63,2	18424	18425
P24,3	18426	18427
P17,2	18428	18429
P139,2	18430	18431
P187,1	18432	18433
P106,1	18434	18435
P80,2	18436	18437
P48,2	18438	18439
P188,1	18440	18441
P107,2	18442	18443
P141,3	18444	18445
P64,2	18446	18447
P4,2	18448	18449
P33,2	18450	18451
P49,2	18452	18453
P189,2	18454	18455
P190,2	18456	18457
P81,1	18458	18459
P108,2	18460	18461
P143,1	18462	18463
P109,2	18464	18465
P192,2	18466	18467
P193,1	18468	18469
P12,3	18470	18471
P34,2	18472	18473
P144,2	18474	18475
P25,1	18476	18477
P83,2	18478	18479
P110,1	18480	18481
P146,2	18482	18483
P50,2	18484	18485
P111,1	18486	18487
P65,2	18488	18489
P194,3	18490	18491
P195,2	18492	18493
P84,2	18494	18495
P66,2	18496	18497
P113,2	18498	18499
P112,2	18500	18501
P148,1	18502	18503
P13,2	18504	18505
P85,1	18506	18507
P35,2	18508	18509
P67,2	18510	18511
P86,3	18512	18513
P199,1	18514	18515
P36,2	18516	18517
P115,2	18518	18519
P149,2	18520	18521
P200,2	18522	18523
P88,2	18524	18525
P116,3	18526	18527
P53,3	18528	18529
P26,2	18530	18531
P152,1	18532	18533
P38,1	18534	18535
P54,2	18536	18537
P151,2	18538	18539
P19,3	18540	18541
P118,1	18542	18543
P69,1	18544	18545
P153,2	18546	18547
P154,1	18548	18549
P156,1	18550	18551
P119,2	18552	18553
P55,1	18554	18555
P120,1	18556	18557
P70,2	18558	18559
P157,1	18560	18561
P7,2	18562	18563
P91,2	18564	18565
P10,2	18566	18566
P158,3	18567	18568
P160,1	18569	18570
P122,2	18571	18572
P159,3	18573	18574
P161,2	18575	18575
P92,1	18576	18577
P40,2	18578	18579
P123,2	18580	18581
P41,2	18582	18583
P162,2	18584	18585
P125,1	18586	18587
P124,2	18588	18589
P164,1	18590	18590
P28,2	18591	18592
P126,2	18593	18594
P29,2	18595	18596
P95,2	18597	18598
P58,2	18599	18600
P127,1	18601	18602
P128,1	18603	18603
P129,2	18604	18605
P21,2	18606	18607
P22,2	18608	18609
P43,2	18610	18611
P169,2	18612	18613
P60,2	18614	18615
P96,2	18616	18617
P130,1	18618	18619
P15,2	18620	18620
P171,1	18621	18622
P44,2	18623	18624
P131,2	18625	18626
P45,1	18627	18628
P132,1	18629	18630
P98,1	18631	18632
P97,2	18633	18634
P23,2	18635	18636
P75,2	18637	18638
P173,1	18639	18640
P2,2	18641	18642
P76,2	18643	18644
P61,2	18645	18646
P133,2	18647	18648
P30,2	18649	18650
P46,3	18651	18652
P99,2	18653	18654
P134,2	18655	18656
P176,2	18657	18658
P177,1	18659	18660
P135,2	18661	18662
P100,2	18663	18664
P180,1	18665	18666
P101,2	18667	18668
P16,2	18669	18670
P181,2	18671	18672
P137,1	18673	18674
P102,2	18675	18676
P182,2	18677	18678
P184,1	18679	18680
P31,2	18681	18682
P183,2	18683	18684
P78,2	18685	18686
P138,2	18687	18688
P103,3	18689	18690
P185,2	18691	18692
P63,2	18693	18694
P24,3	18695	18696
P17,2	18697	18698
P139,2	18699	18700
P187,1	18701	18702
P106,1	18703	18704
P80,2	18705	18706
P48,2	18707	18708
P188,1	18709	18710
P107,2	18711	18712
P141,3	18713	18714
P64,2	18715	18716
P4,2	18717	18718
P33,2	18719	18720
P49,2	18721	18722
P189,2	18723	18724
P190,2	18725	18726
P81,1	18727	18728
P108,2	18729	18730
P143,1	18731	18732
P109,2	18733	18734
P192,2	18735	18736
P193,1	18737	18738
P12,3	18739	18740
P34,2	18741	18742
P144,2	18743	18744
P25,1	18745	18746
P83,2	18747	18748
P110,1	18749	18750
P146,2	18751	18752
P50,2	18753	18754
P111,1	18755	18756
P65,2	18757	18758
P194,3	18759	18760
P195,2	18761	18762
P84,2	18763	18764
P66,2	18765	18766
P113,2	18767	18768
P112,2	18769	18770
P148,1	18771	18772
P13,2	18773	18774
P85,1	18775	18776
P35,2	18777	18778
P67,2	18779	18780
P86,3	18781	18782
P199,1	18783	18784
P36,2	18785	18786
P115,2	18787	18788
P149,2	18789	18790
P200,2	18791	18792
P88,2	18793	18794
P116,3	18795	18796
P53,3	18797	18798
P26,2	18799	18800
P152,1	18801	18802
P54,2	18803	18804
P38,2	18805	18806
P151,2	18807	18808
P19,3	18809	18810
P118,1	18811	18812
P69,1	18813	18814
P153,2	18815	18816
P154,1	18817	18818
P156,1	18819	18820
P119,2	18821	18822
P120,1	18823	18824
P70,2	18825	18825
P157,1	18826	18827
P55,2	18828	18829
P7,2	18830	18831
P91,2	18832	18833
P158,3	18834	18835
P160,1	18836	18837
P122,2	18838	18839
P159,3	18840	18841
P92,1	18842	18843
P40,2	18844	18845
P161,3	18846	18847
P123,2	18848	18849
P41,2	18850	18851
P162,2	18852	18853
P125,1	18854	18855
P124,2	18856	18857
P28,2	18858	18859
P126,2	18860	18861
P29,2	18862	18863
P95,2	18864	18865
P58,2	18866	18867
P127,1	18868	18869
P129,2	18870	18871
P21,2	18872	18873
P22,2	18874	18875
P43,2	18876	18877
P169,2	18878	18879
P60,2	18880	18881
P96,2	18882	18883
P171,1	18884	18885
P15,3	18886	18887
P44,2	18888	18889
P130,2	18890	18891
P131,2	18892	18892
P45,1	18893	18894
P132,1	18895	18895
P98,1	18896	18897
P97,2	18898	18899
P23,2	18900	18901
P75,2	18902	18903
P173,1	18904	18905
P2,2	18906	18907
P76,2	18908	18909
P61,2	18910	18911
P133,2	18912	18913
P30,2	18914	18915
P46,3	18916	18917
P99,2	18918	18919
P134,2	18920	18921
P176,2	18922	18923
P177,1	18924	18925
P135,2	18926	18926
P100,2	18927	18928
P180,1	18929	18930
P101,2	18931	18932
P16,2	18933	18934
P181,2	18935	18936
P137,1	18937	18938
P102,2	18939	18940
P182,2	18941	18942
P184,1	18943	18944
P31,2	18945	18946
P183,2	18947	18948
P78,2	18949	18950
P138,2	18951	18952
P103,3	18953	18954
P185,2	18955	18956
P63,2	18957	18958
P24,3	18959	18960
P17,2	18961	18962
P139,2	18963	18964
P187,1	18965	18966
P106,1	18967	18968
P80,2	18969	18970
P48,2	18971	18972
P188,1	18973	18974
P107,2	18975	18976
P141,3	18977	18978
P64,2	18979	18980
P4,2	18981	18982
P33,2	18983	18984
P49,2	18985	18986
P189,2	18987	18988
P190,2	18989	18990
P81,1	18991	18992
P108,2	18993	18994
P143,1	18995	18996
P109,2	18997	18998
P192,2	18999	19000
P193,1	19001	19002
P12,3	19003	19004
P34,2	19005	19006
P144,2	19007	19008
P25,1	19009	19010
P83,2	19011	19012
P110,1	19013	19014
P146,2	19015	19016
P50,2	19017	19018
P111,1	19019	19020
P65,2	19021	19022
P194,3	19023	19024
P195,2	19025	19026
P84,2	19027	19028
P66,2	19029	19030
P113,2	19031	19032
P112,2	19033	19034
P148,1	19035	19036
P13,2	19037	19038
P85,1	19039	19040
P35,2	19041	19042
P67,2	19043	19044
P86,3	19045	19046
P199,1	19047	19048
P36,2	19049	19050
P115,2	19051	19052
P149,2	19053	19054
P200,2	19055	19056
P88,2	19057	19058
P116,3	19059	19060
P53,3	19061	19062
P26,2	19063	19064
P152,1	19065	19066
P54,2	19067	19068
P38,2	19069	19070
P151,2	19071	19072
P19,3	19073	19074
P153,2	19075	19076
P118,2	19077	19078
P154,1	19079	19080
P69,2	19081	19082
P156,1	19083	19084
P119,2	19085	19086
P120,1	19087	19088
P157,1	19089	19090
P55,2	19091	19092
P7,2	19093	19094
P91,2	19095	19096
P160,1	19097	19098
P122,2	19099	19100
P159,3	19101	19102
P92,1	19103	19104
P40,2	19105	19106
P161,3	19107	19108
P123,2	19109	19110
P41,2	19111	19111
P162,2	19112	19113
P125,1	19114	19115
P124,2	19116	19117
P28,2	19118	19119
P126,2	19120	19121
P29,2	19122	19123
P95,2	19124	19125
P58,2	19126	19127
P127,1	19128	19128
P129,2	19129	19130
P21,2	19131	19132
P22,2	19133	19134
P43,2	19135	19136
P60,2	19137	19138
P169,3	19139	19140
P96,2	19141	19142
P171,1	19143	19144
P15,3	19145	19146
P44,2	19147	19148
P130,2	19149	19150
P131,3	19151	19152
P45,1	19153	19154
P98,1	19155	19156
P97,2	19157	19158
P132,2	19159	19160
P23,2	19161	19162
P75,2	19163	19164
P173,1	19165	19166
P2,2	19167	19168
P76,2	19169	19170
P61,2	19171	19172
P133,2	19173	19174
P30,2	19175	19176
P46,3	19177	19178
P99,2	19179	19180
P134,2	19181	19182
P176,2	19183	19184
P177,1	19185	19186
P100,2	19187	19188
P180,1	19189	19190
P101,2	19191	19192
P16,2	19193	19194
P181,2	19195	19196
P137,1	19197	19198
P102,2	19199	19200
P182,2	19201	19202
P184,1	19203	19204
P31,2	19205	19206
P183,2	19207	19208
P78,2	19209	19210
P138,2	19211	19212
P103,3	19213	19214
P185,2	19215	19216
P63,2	19217	19218
P24,3	19219	19220
P17,2	19221	19222
P139,2	19223	19224
P106,1	19225	19226
P80,2	19227	19228
P48,2	19229	19230
P188,1	19231	19232
P107,2	19233	19234
P141,3	19235	19236
P64,2	19237	19238
P4,2	19239	19240
P33,2	19241	19242
P49,2	19243	19244
P189,2	19245	19246
P190,2	19247	19248
P81,1	19249	19249
P108,2	19250	19251
P143,1	19252	19253
P109,2	19254	19255
P192,2	19256	19257
P193,1	19258	19259
P12,3	19260	19261
P34,2	19262	19263
P144,2	19264	19265
P25,1	19266	19267
P110,1	19268	19268
P146,2	19269	19270
P83,3	19271	19272
P50,2	19273	19274
P111,1	19275	19275
P65,2	19276	19277
P194,3	19278	19279
P195,2	19280	19281
P84,2	19282	19283
P66,2	19284	19285
P113,2	19286	19287
P112,2	19288	19289
P148,1	19290	19291
P13,2	19292	19293
P85,1	19294	19295
P35,2	19296	19297
P67,2	19298	19299
P86,3	19300	19301
P199,1	19302	19303
P36,2	19304	19305
P115,2	19306	19307
P149,2	19308	19309
P200,2	19310	19311
P88,2	19312	19313
P116,3	19314	19315
P53,3	19316	19317
P26,2	19318	19319
P152,1	19320	19321
P54,2	19322	19323
P38,2	19324	19325
P151,2	19326	19327
P19,3	19328	19329
P153,2	19330	19331
P118,2	19332	19333
P154,1	19334	19335
P69,2	19336	19337
P156,1	19338	19339
P119,2	19340	19341
P120,1	19342	19343
P157,1	19344	19345
P55,2	19346	19347
P7,2	19348	19349
P91,2	19350	19351
P160,1	19352	19353
P122,2	19354	19355
P159,3	19356	19357
P92,1	19358	19359
P40,2	19360	19361
P161,3	19362	19363
P123,2	19364	19365
P162,2	19366	19367
P41,3	19368	19369
P125,1	19370	19370
P124,2	19371	19372
P28,2	19373	19374
P126,2	19375	19376
P29,2	19377	19378
P95,2	19379	19380
P58,2	19381	19382
P129,2	19383	19384
P21,2	19385	19386
P22,2	19387	19388
P127,2	19389	19390
P43,2	19391	19392
P60,2	19393	19394
P169,3	19395	19396
P96,2	19397	19398
P171,1	19399	19400
P15,3	19401	19402
P44,2	19403	19404
P130,2	19405	19406
P131,3	19407	19408
P45,1	19409	19410
P98,1	19411	19412
P97,2	19413	19414
P132,2	19415	19416
P23,2	19417	19417
P75,2	19418	19419
P173,1	19420	19421
P2,2	19422	19423
P76,2	19424	19425
P61,2	19426	19427
P133,2	19428	19429
P30,2	19430	19431
P46,3	19432	19433
P99,2	19434	19435
P134,2	19436	19437
P176,2	19438	19439
P100,2	19440	19441
P180,1	19442	19443
P101,2	19444	19445
P177,2	19446	19447
P16,2	19448	19449
P181,2	19450	19451
P137,1	19452	19453
P102,2	19454	19455
P182,2	19456	19457
P184,1	19458	19459
P31,2	19460	19461
P183,2	19462	19463
P78,2	19464	19465
P138,2	19466	19467
P103,3	19468	19469
P185,2	19470	19471
P63,2	19472	19473
P24,3	19474	19475
P17,2	19476	19477
P139,2	19478	19479
P106,1	19480	19481
P80,2	19482	19483
P48,2	19484	19485
P188,1	19486	19487
P107,2	19488	19489
P141,3	19490	19491
P64,2	19492	19493
P4,2	19494	19495
P33,2	19496	19497
P49,2	19498	19499
P189,2	19500	19501
P190,2	19502	19503
P108,2	19504	19505
P81,2	19506	19507
P143,2	19508	19509
P109,2	19510	19511
P192,2	19512	19513
P12,3	19514	19515
P34,2	19516	19517
P144,2	19518	19519
P25,1	19520	19521
P146,2	19522	19523
P83,3	19524	19525
P50,2	19526	19527
P65,2	19528	19529
P194,3	19530	19531
P195,2	19532	19533
P111,2	19534	19535
P84,2	19536	19537
P66,2	19538	19539
P113,2	19540	19541
P112,2	19542	19543
P148,1	19544	19545
P13,2	19546	19547
P85,1	19548	19549
P35,2	19550	19551
P67,2	19552	19553
P86,3	19554	19555
P199,1	19556	19557
P36,2	19558	19559
P115,2	19560	19561
P149,2	19562	19563
P200,2	19564	19565
P88,2	19566	19567
P116,3	19568	19569
P53,3	19570	19571
P26,2	19572	19573
P152,1	19574	19575
P54,2	19576	19577
P38,2	19578	19579
P151,2	19580	19581
P19,3	19582	19583
P153,2	19584	19585
P118,2	19586	19587
P154,1	19588	19589
P69,2	19590	19591
P119,2	19592	19593
P156,2	19594	19595
P120,1	19596	19597
P157,1	19598	19599
P55,2	19600	19601
P7,2	19602	19603
P91,2	19604	19605
P160,1	19606	19607
P122,2	19608	19609
P159,3	19610	19611
P92,1	19612	19613
P40,2	19614	19614
P161,3	19615	19616
P123,2	19617	19618
P162,2	19619	19620
P41,3	19621	19622
P124,2	19623	19624
P28,2	19625	19626
P125,2	19627	19628
P126,2	19629	19630
P29,2	19631	19632
P95,2	19633	19634
P58,2	19635	19636
P129,2	19637	19638
P21,2	19639	19640
P22,2	19641	19642
P127,2	19643	19644
P43,2	19645	19646
P60,2	19647	19648
P169,3	19649	19650
P96,2	19651	19652
P171,1	19653	19653
P15,3	19654	19655
P44,2	19656	19657
P130,2	19658	19659
P131,3	19660	19661
P98,1	19662	19663
P97,2	19664	19665
P132,2	19666	19667
P75,2	19668	19669
P173,1	19670	19671
P2,2	19672	19673
P76,2	19674	19675
P61,2	19676	19677
P133,2	19678	19679
P30,2	19680	19681
P46,3	19682	19683
P99,2	19684	19685
P134,2	19686	19687
P176,2	19688	19689
P100,2	19690	19691
P180,1	19692	19693
P101,2	19694	19695
P177,2	19696	19697
P16,2	19698	19699
P181,2	19700	19701
P137,1	19702	19703
P102,2	19704	19705
P182,2	19706	19707
P184,1	19708	19709
P31,2	19710	19711
P183,2	19712	19713
P78,2	19714	19715
P138,2	19716	19716
P103,3	19717	19718
P185,2	19719	19720
P63,2	19721	19722
P24,3	19723	19724
P17,2	19725	19726
P139,2	19727	19728
P106,1	19729	19730
P80,2	19731	19732
P48,2	19733	19734
P188,1	19735	19736
P107,2	19737	19738
P141,3	19739	19740
P64,2	19741	19742
P4,2	19743	19744
P33,2	19745	19746
P49,2	19747	19748
P189,2	19749	19750
P190,2	19751	19752
P108,2	19753	19754
P81,2	19755	19756
P143,2	19757	19758
P109,2	19759	19760
P192,2	19761	19762
P34,2	19763	19764
P144,2	19765	19766
P146,2	19767	19768
P83,3	19769	19770
P50,2	19771	19772
P25,2	19773	19774
P65,2	19775	19776
P194,3	19777	19778
P195,2	19779	19780
P111,2	19781	19782
P84,2	19783	19784
P66,2	19785	19786
P113,2	19787	19788
P112,2	19789	19790
P148,1	19791	19792
P13,2	19793	19794
P85,1	19795	19795
P35,2	19796	19797
P67,2	19798	19799
P86,3	19800	19801
P199,1	19802	19803
P36,2	19804	19805
P115,2	19806	19807
P149,2	19808	19809
P200,2	19810	19811
P88,2	19812	19813
P116,3	19814	19815
P53,3	19816	19817
P26,2	19818	19819
P152,1	19820	19821
P54,2	19822	19823
P38,2	19824	19825
P151,2	19826	19827
P19,3	19828	19829
P153,2	19830	19831
P118,2	19832	19833
P154,1	19834	19835
P69,2	19836	19837
P119,2	19838	19839
P156,2	19840	19841
P120,1	19842	19843
P157,1	19844	19845
P55,2	19846	19847
P7,2	19848	19849
P91,2	19850	19851
P160,1	19852	19852
P122,2	19853	19854
P159,3	19855	19856
P92,1	19857	19858
P161,3	19859	19860
P123,2	19861	19862
P162,2	19863	19864
P40,3	19865	19866
P41,3	19867	19868
P124,2	19869	19870
P28,2	19871	19872
P125,2	19873	19874
P126,2	19875	19876
P29,2	19877	19878
P95,2	19879	19880
P58,2	19881	19882
P129,2	19883	19884
P21,2	19885	19886
P22,2	19887	19888
P127,2	19889	19890
P43,2	19891	19892
P60,2	19893	19894
P169,3	19895	19896
P96,2	19897	19898
P15,3	19899	19900
P44,2	19901	19902
P171,2	19903	19904
P130,2	19905	19906
P131,3	19907	19908
P98,1	19909	19910
P97,2	19911	19912
P132,2	19913	19914
P75,2	19915	19916
P173,1	19917	19918
P2,2	19919	19920
P76,2	19921	19922
P61,2	19923	19924
P133,2	19925	19926
P30,2	19927	19928
P46,3	19929	19930
P99,2	19931	19932
P134,2	19933	19934
P176,2	19935	19936
P100,2	19937	19938
P180,1	19939	19940
P101,2	19941	19942
P177,2	19943	19944
P16,2	19945	19946
P181,2	19947	19948
P137,2	19949	19950
P102,2	19951	19952
P182,2	19953	19954
P184,1	19955	19956
P31,2	19957	19958
P183,2	19959	19960
P78,2	19961	19962
P103,3	19963	19964
P185,2	19965	19966
P63,2	19967	19968
P24,3	19969	19970
P17,2	19971	19972
P139,2	19973	19974
P106,1	19975	19975
P80,2	19976	19977
P48,2	19978	19979
P188,1	19980	19981
P107,2	19982	19983
P141,3	19984	19985
P64,2	19986	19987
P4,2	19988	19989
P33,2	19990	19990
P49,2	19991	19992
P189,2	19993	19994
P190,2	19995	19996
P108,2	19997	19998
P81,2	19999	20000
P143,2	20001	20002
P109,2	20003	20004
P192,2	20005	20006
P34,2	20007	20008
P144,2	20009	20010
P146,2	20011	20012
P83,3	20013	20014
P50,2	20015	20016
P25,2	20017	20018
P65,2	20019	20020
P194,3	20021	20022
P195,2	20023	20024
P111,2	20025	20026
P84,2	20027	20028
P66,2	20029	20030
P113,2	20031	20032
P112,2	20033	20034
P148,1	20035	20036
P13,2	20037	20038
P35,2	20039	20040
P85,2	20041	20042
P86,3	20043	20044
P199,1	20045	20046
P67,3	20047	20048
P36,2	20049	20050
P115,2	20051	20052
P149,2	20053	20054
P200,2	20055	20056
P88,2	20057	20058
P116,3	20059	20060
P53,3	20061	20062
P26,2	20063	20064
P152,1	20065	20066
P54,2	20067	20068
P38,2	20069	20070
P151,2	20071	20072
P19,3	20073	20074
P153,2	20075	20076
P118,2	20077	20078
P154,1	20079	20080
P69,2	20081	20082
P119,2	20083	20084
P156,2	20085	20086
P120,1	20087	20088
P157,1	20089	20090
P55,2	20091	20092
P7,2	20093	20094
P91,2	20095	20096
P122,2	20097	20098
P159,3	20099	20100
P92,1	20101	20102
P161,3	20103	20104
P123,2	20105	20106
P162,2	20107	20108
P40,3	20109	20110
P41,3	20111	20112
P124,2	20113	20114
P28,2	20115	20116
P125,2	20117	20118
P126,2	20119	20120
P29,2	20121	20121
P95,2	20122	20123
P58,2	20124	20125
P129,2	20126	20127
P21,2	20128	20129
P22,2	20130	20131
P127,2	20132	20133
P43,2	20134	20135
P60,2	20136	20137
P169,3	20138	20139
P96,2	20140	20141
P15,3	20142	20143
P44,2	20144	20145
P171,2	20146	20147
P130,2	20148	20149
P131,3	20150	20151
P98,1	20152	20153
P97,2	20154	20155
P132,2	20156	20157
P75,2	20158	20159
P173,1	20160	20161
P2,2	20162	20163
P76,2	20164	20165
P61,2	20166	20167
P133,2	20168	20169
P30,2	20170	20171
P46,3	20172	20173
P99,2	20174	20175
P134,2	20176	20177
P176,2	20178	20179
P100,2	20180	20181
P180,1	20182	20183
P101,2	20184	20185
P177,2	20186	20187
P16,2	20188	20189
P181,2	20190	20191
P137,2	20192	20193
P102,2	20194	20195
P182,2	20196	20197
P184,1	20198	20199
P31,2	20200	20201
P183,2	20202	20203
P78,2	20204	20205
P103,3	20206	20207
P185,2	20208	20209
P63,2	20210	20210
P24,3	20211	20212
P17,2	20213	20214
P139,2	20215	20216
P80,2	20217	20218
P48,2	20219	20220
P188,1	20221	20222
P106,2	20223	20224
P107,2	20225	20226
P141,3	20227	20228
P64,2	20229	20230
P4,2	20231	20232
P49,2	20233	20234
P189,2	20235	20236
P190,2	20237	20238
P33,3	20239	20240
P108,2	20241	20242
P81,2	20243	20244
P143,2	20245	20246
P109,2	20247	20248
P192,2	20249	20250
P34,2	20251	20252
P146,2	20253	20254
P144,3	20255	20256
P83,3	20257	20258
P50,2	20259	20260
P25,2	20261	20262
P65,2	20263	20264
P194,3	20265	20266
P195,2	20267	20268
P111,2	20269	20270
P84,2	20271	20272
P66,2	20273	20274
P113,2	20275	20276
P112,2	20277	20278
P148,1	20279	20280
P13,2	20281	20282
P35,2	20283	20284
P85,2	20285	20286
P86,3	20287	20288
P199,1	20289	20290
P67,3	20291	20292
P36,2	20293	20294
P115,2	20295	20296
P149,2	20297	20298
P200,2	20299	20300
P88,2	20301	20302
P116,3	20303	20304
P53,3	20305	20306
P26,2	20307	20308
P152,1	20309	20310
P54,2	20311	20312
P38,2	20313	20314
P151,2	20315	20316
P19,3	20317	20318
P153,2	20319	20320
P118,2	20321	20322
P69,2	20323	20324
P154,2	20325	20326
P119,2	20327	20327
P156,2	20328	20329
P120,1	20330	20331
P157,1	20332	20333
P55,2	20334	20335
P7,2	20336	20337
P91,2	20338	20339
P122,2	20340	20341
P159,3	20342	20343
P92,1	20344	20345
P161,3	20346	20347
P123,2	20348	20349
P162,2	20350	20351
P40,3	20352	20353
P41,3	20354	20355
P124,2	20356	20357
P28,2	20358	20359
P125,2	20360	20361
P126,2	20362	20363
P29,3	20364	20365
P95,2	20366	20367
P58,2	20368	20369
P129,2	20370	20371
P21,2	20372	20373
P22,2	20374	20375
P127,2	20376	20377
P43,2	20378	20379
P60,2	20380	20381
P169,3	20382	20383
P96,2	20384	20385
P15,3	20386	20387
P44,2	20388	20389
P171,2	20390	20391
P130,2	20392	20393
P131,3	20394	20395
P98,1	20396	20397
P97,2	20398	20399
P132,2	20400	20401
P75,2	20402	20403
P173,1	20404	20405
P2,2	20406	20407
P76,2	20408	20409
P61,2	20410	20411
P133,2	20412	20413
P30,2	20414	20415
P46,3	20416	20417
P99,2	20418	20419
P134,2	20420	20421
P176,2	20422	20423
P100,2	20424	20425
P180,1	20426	20427
P101,2	20428	20429
P177,2	20430	20431
P16,2	20432	20433
P181,2	20434	20435
P137,2	20436	20437
P102,2	20438	20439
P182,2	20440	20441
P184,1	20442	20443
P31,2	20444	20445
P183,2	20446	20446
P78,2	20447	20448
P103,3	20449	20450
P185,2	20451	20452
P24,3	20453	20454
P17,2	20455	20456
P139,2	20457	20458
P80,2	20459	20460
P48,2	20461	20462
P106,2	20463	20464
P107,2	20465	20466
P188,2	20467	20468
P141,3	20469	20470
P64,2	20471	20472
P4,2	20473	20474
P49,2	20475	20476
P189,2	20477	20478
P190,2	20479	20480
P33,3	20481	20482
P108,2	20483	20484
P81,2	20485	20486
P143,2	20487	20488
P109,2	20489	20490
P192,2	20491	20492
P34,2	20493	20494
P146,2	20495	20496
P144,3	20497	20498
P83,3	20499	20500
P50,2	20501	20502
P25,2	20503	20504
P65,2	20505	20506
P194,3	20507	20508
P195,2	20509	20510
P111,2	20511	20512
P84,2	20513	20514
P66,2	20515	20516
P113,2	20517	20518
P112,2	20519	20520
P148,1	20521	20522
P13,2	20523	20524
P35,2	20525	20526
P85,2	20527	20528
P86,3	20529	20530
P199,1	20531	20532
P67,3	20533	20534
P36,2	20535	20536
P115,2	20537	20538
P149,2	20539	20540
P200,2	20541	20542
P88,2	20543	20544
P116,3	20545	20546
P53,3	20547	20548
P26,2	20549	20550
P152,1	20551	20552
P54,2	20553	20554
P38,2	20555	20556
P151,2	20557	20558
P19,3	20559	20560
P153,2	20561	20562
P118,2	20563	20564
P69,2	20565	20566
P154,2	20567	20568
P156,2	20569	20570
P120,1	20571	20572
P157,1	20573	20573
P55,2	20574	20575
P7,2	20576	20577
P91,2	20578	20579
P122,2	20580	20581
P159,3	20582	20583
P161,3	20584	20585
P123,2	20586	20587
P162,2	20588	20589
P92,2	20590	20591
P40,3	20592	20593
P41,3	20594	20595
P124,2	20596	20597
P28,2	20598	20599
P125,2	20600	20601
P126,2	20602	20603
P29,3	20604	20605
P95,2	20606	20607
P58,2	20608	20609
P129,2	20610	20611
P21,2	20612	20613
P22,2	20614	20615
P127,2	20616	20617
P43,2	20618	20619
P60,2	20620	20621
P169,3	20622	20623
P96,2	20624	20625
P15,3	20626	20627
P44,2	20628	20629
P171,2	20630	20631
P130,2	20632	20633
P131,3	20634	20635
P98,1	20636	20637
P97,2	20638	20639
P132,2	20640	20641
P75,2	20642	20643
P173,1	20644	20645
P2,2	20646	20647
P76,2	20648	20649
P61,2	20650	20651
P133,2	20652	20653
P30,2	20654	20655
P46,3	20656	20657
P99,2	20658	20659
P134,2	20660	20661
P176,2	20662	20663
P100,2	20664	20665
P180,1	20666	20667
P101,2	20668	20669
P177,2	20670	20671
P16,2	20672	20673
P181,2	20674	20675
P137,2	20676	20677
P102,2	20678	20679
P182,2	20680	20681
P184,1	20682	20683
P31,2	20684	20685
P78,2	20686	20687
P103,3	20688	20689
P185,2	20690	20691
P24,3	20692	20693
P17,2	20694	20695
P139,2	20696	20697
P80,2	20698	20699
P48,2	20700	20701
P106,2	20702	20703
P107,2	20704	20705
P188,2	20706	20707
P141,3	20708	20709
P64,2	20710	20711
P4,2	20712	20713
P49,2	20714	20715
P189,2	20716	20717
P190,2	20718	20719
P33,3	20720	20721
P108,2	20722	20723
P81,2	20724	20725
P143,2	20726	20727
P109,2	20728	20729
P192,2	20730	20731
P34,2	20732	20733
P146,2	20734	20735
P144,3	20736	20737
P83,3	20738	20739
P50,2	20740	20741
P25,2	20742	20743
P65,2	20744	20745
P194,3	20746	20747
P195,2	20748	20749
P111,2	20750	20751
P84,2	20752	20753
P66,2	20754	20755
P113,2	20756	20757
P112,2	20758	20759
P148,1	20760	20761
P13,2	20762	20763
P35,2	20764	20765
P85,2	20766	20767
P86,3	20768	20769
P67,3	20770	20771
P36,2	20772	20773
P115,2	20774	20775
P149,2	20776	20777
P200,2	20778	20779
P88,2	20780	20781
P116,3	20782	20783
P53,3	20784	20785
P26,2	20786	20787
P152,1	20788	20789
P54,2	20790	20791
P38,2	20792	20793
P151,2	20794	20795
P19,3	20796	20797
P153,2	20798	20799
P118,2	20800	20801
P69,2	20802	20803
P154,2	20804	20805
P156,2	20806	20807
P120,2	20808	20809
P55,2	20810	20811
P7,2	20812	20813
P91,2	20814	20815
P122,2	20816	20817
P159,3	20818	20819
P161,3	20820	20821
P123,2	20822	20823
P162,2	20824	20825
P92,2	20826	20827
P40,3	20828	20829
P41,3	20830	20831
P124,2	20832	20833
P28,2	20834	20835
P125,2	20836	20837
P126,2	20838	20839
P29,3	20840	20841
P95,2	20842	20843
P58,2	20844	20845
P129,2	20846	20847
P21,2	20848	20849
P22,2	20850	20851
P127,2	20852	20853
P43,2	20854	20855
P60,2	20856	20857
P169,3	20858	20859
P96,2	20860	20861
P15,3	20862	20863
P44,2	20864	20865
P171,2	20866	20867
P130,2	20868	20869
P131,3	20870	20871
P97,2	20872	20873
P98,2	20874	20875
P132,2	20876	20877
P75,2	20878	20879
P173,1	20880	20880
P2,2	20881	20882
P76,2	20883	20884
P61,2	20885	20886
P133,2	20887	20888
P30,2	20889	20890
P46,3	20891	20892
P99,2	20893	20894
P134,2	20895	20896
P176,2	20897	20898
P100,2	20899	20900
P177,2	20901	20902
P16,2	20903	20904
P181,2	20905	20906
P137,2	20907	20908
P102,2	20909	20910
P182,2	20911	20912
P184,1	20913	20914
P31,2	20915	20916
P78,2	20917	20918
P103,3	20919	20920
P185,2	20921	20922
P24,3	20923	20924
P17,2	20925	20926
P139,2	20927	20928
P80,2	20929	20930
P48,2	20931	20932
P106,2	20933	20934
P107,2	20935	20936
P188,2	20937	20938
P141,3	20939	20940
P64,2	20941	20942
P4,2	20943	20944
P49,2	20945	20946
P189,2	20947	20948
P190,2	20949	20950
P33,3	20951	20952
P108,2	20953	20954
P81,2	20955	20956
P143,2	20957	20958
P109,2	20959	20960
P192,2	20961	20962
P34,2	20963	20964
P146,2	20965	20966
P144,3	20967	20968
P83,3	20969	20970
P50,2	20971	20972
P25,2	20973	20974
P65,2	20975	20976
P194,3	20977	20978
P195,2	20979	20979
P111,2	20980	20981
P84,2	20982	20983
P66,2	20984	20985
P113,2	20986	20987
P112,2	20988	20989
P148,1	20990	20990
P13,2	20991	20992
P35,2	20993	20994
P85,2	20995	20996
P86,3	20997	20998
P67,3	20999	21000
P36,2	21001	21002
P115,2	21003	21004
P149,2	21005	21006
P200,2	21007	21008
P88,2	21009	21010
P116,3	21011	21012
P53,3	21013	21014
P26,2	21015	21016
P54,2	21017	21018
P38,2	21019	21020
P152,2	21021	21022
P151,2	21023	21024
P19,3	21025	21026
P153,2	21027	21028
P118,2	21029	21030
P69,2	21031	21032
P154,2	21033	21034
P156,2	21035	21036
P120,2	21037	21038
P55,2	21039	21040
P7,2	21041	21042
P91,2	21043	21044
P122,2	21045	21046
P159,3	21047	21048
P161,3	21049	21050
P123,2	21051	21052
P162,2	21053	21054
P92,2	21055	21056
P40,3	21057	21058
P41,3	21059	21060
P124,2	21061	21062
P28,2	21063	21064
P125,2	21065	21066
P126,2	21067	21068
P29,3	21069	21070
P95,2	21071	21072
P58,2	21073	21074
P129,2	21075	21076
P21,2	21077	21078
P22,2	21079	21080
P127,2	21081	21082
P43,2	21083	21084
P60,2	21085	21086
P169,3	21087	21088
P96,2	21089	21090
P15,3	21091	21092
P44,2	21093	21094
P171,2	21095	21096
P130,2	21097	21098
P131,3	21099	21100
P97,2	21101	21102
P98,2	21103	21104
P132,2	21105	21106
P75,2	21107	21108
P2,2	21109	21110
P76,2	21111	21112
P173,2	21113	21114
P61,2	21115	21116
P133,2	21117	21118
P30,2	21119	21120
P46,3	21121	21122
P99,2	21123	21124
P134,2	21125	21126
P176,2	21127	21128
P100,2	21129	21130
P177,2	21131	21132
P16,2	21133	21134
P181,2	21135	21136
P137,2	21137	21138
P102,2	21139	21140
P182,2	21141	21142
P184,1	21143	21143
P31,2	21144	21145
P78,2	21146	21147
P103,3	21148	21149
P185,2	21150	21151
P24,3	21152	21153
P17,2	21154	21155
P139,2	21156	21157
P80,2	21158	21159
P48,2	21160	21161
P106,2	21162	21163
P107,2	21164	21165
P188,2	21166	21167
P141,3	21168	21169
P64,2	21170	21171
P4,2	21172	21173
P49,2	21174	21175
P189,2	21176	21176
P190,2	21177	21177
P33,3	21178	21179
P108,2	21180	21181
P81,2	21182	21183
P143,2	21184	21185
P109,2	21186	21187
P192,2	21188	21189
P34,2	21190	21191
P146,2	21192	21193
P144,3	21194	21195
P83,3	21196	21197
P50,2	21198	21199
P25,2	21200	21201
P65,2	21202	21203
P194,3	21204	21205
P111,2	21206	21207
P195,3	21208	21209
P84,2	21210	21211
P66,2	21212	21213
P113,2	21214	21215
P112,2	21216	21217
P13,2	21218	21219
P35,2	21220	21221
P85,2	21222	21223
P86,3	21224	21225
P67,3	21226	21227
P36,2	21228	21229
P115,2	21230	21231
P149,2	21232	21233
P200,2	21234	21235
P88,2	21236	21237
P116,3	21238	21239
P53,3	21240	21241
P26,2	21242	21243
P54,2	21244	21245
P38,2	21246	21247
P152,2	21248	21249
P151,2	21250	21251
P19,3	21252	21253
P153,2	21254	21255
P118,2	21256	21257
P69,2	21258	21259
P154,2	21260	21261
P156,2	21262	21263
P120,2	21264	21265
P55,2	21266	21267
P7,2	21268	21269
P91,2	21270	21271
P122,2	21272	21273
P159,3	21274	21275
P161,3	21276	21277
P123,2	21278	21279
P162,2	21280	21281
P92,2	21282	21283
P40,3	21284	21285
P41,3	21286	21287
P124,2	21288	21288
P125,2	21289	21290
P126,2	21291	21292
P29,3	21293	21294
P28,3	21295	21296
P95,2	21297	21298
P58,2	21299	21300
P129,2	21301	21302
P21,2	21303	21304
P22,2	21305	21306
P127,2	21307	21308
P43,2	21309	21310
P60,2	21311	21312
P169,3	21313	21314
P96,2	21315	21316
P15,3	21317	21318
P44,2	21319	21320
P171,2	21321	21322
P130,2	21323	21324
P131,3	21325	21326
P97,2	21327	21328
P98,2	21329	21330
P132,2	21331	21332
P75,2	21333	21334
P2,2	21335	21336
P76,2	21337	21338
P173,2	21339	21340
P61,2	21341	21342
P133,2	21343	21344
P30,2	21345	21346
P46,3	21347	21348
P99,2	21349	21350
P134,2	21351	21352
P176,2	21353	21354
P100,2	21355	21356
P177,2	21357	21358
P16,2	21359	21360
P181,2	21361	21362
P137,2	21363	21364
P102,2	21365	21366
P182,2	21367	21368
P31,2	21369	21370
P78,2	21371	21372
P103,3	21373	21374
P184,2	21375	21376
P185,2	21377	21378
P24,3	21379	21380
P17,2	21381	21382
P139,2	21383	21384
P80,2	21385	21386
P48,2	21387	21388
P106,2	21389	21390
P107,2	21391	21392
P188,2	21393	21394
P141,3	21395	21396
P64,2	21397	21398
P4,2	21399	21400
P49,2	21401	21402
P189,3	21403	21404
P33,3	21405	21406
P108,2	21407	21408
P81,2	21409	21410
P143,2	21411	21412
P109,2	21413	21414
P192,2	21415	21416
P34,2	21417	21418
P146,2	21419	21420
P144,3	21421	21422
P83,3	21423	21424
P50,2	21425	21426
P25,2	21427	21428
P65,2	21429	21430
P194,3	21431	21432
P111,2	21433	21434
P195,3	21435	21436
P84,2	21437	21438
P66,2	21439	21440
P113,2	21441	21442
P112,2	21443	21444
P13,2	21445	21446
P35,2	21447	21448
P85,2	21449	21450
P86,3	21451	21452
P67,3	21453	21454
P36,2	21455	21456
P115,2	21457	21458
P149,2	21459	21460
P200,2	21461	21462
P88,2	21463	21464
P116,3	21465	21466
P53,3	21467	21468
P26,2	21469	21470
P54,2	21471	21472
P38,2	21473	21474
P152,2	21475	21476
P151,2	21477	21478
P19,3	21479	21480
P153,2	21481	21482
P118,2	21483	21484
P69,2	21485	21486
P154,2	21487	21488
P156,2	21489	21490
P120,2	21491	21492
P55,2	21493	21494
P7,2	21495	21496
P91,2	21497	21498
P122,2	21499	21500
P159,3	21501	21502
P161,3	21503	21504
P123,2	21505	21506
P162,2	21507	21508
P92,2	21509	21510
P40,3	21511	21512
P41,3	21513	21514
P125,2	21515	21516
P126,2	21517	21518
P29,3	21519	21520
P28,3	21521	21522
P95,2	21523	21524
P58,2	21525	21526
P129,2	21527	21528
P21,2	21529	21530
P22,2	21531	21532
P127,2	21533	21534
P43,2	21535	21536
P60,2	21537	21538
P169,3	21539	21540
P96,2	21541	21542
P15,3	21543	21544
P44,2	21545	21546
P171,2	21547	21548
P130,2	21549	21550
P131,3	21551	21552
P97,2	21553	21554
P98,2	21555	21556
P132,2	21557	21558
P75,2	21559	21560
P2,2	21561	21562
P76,2	21563	21564
P173,2	21565	21566
P61,2	21567	21568
P133,2	21569	21570
P30,2	21571	21572
P46,3	21573	21574
P99,2	21575	21576
P134,2	21577	21578
P176,2	21579	21580
P100,2	21581	21582
P177,2	21583	21584
P16,2	21585	21586
P181,2	21587	21588
P137,2	21589	21590
P102,2	21591	21592
P182,2	21593	21594
P31,2	21595	21596
P78,2	21597	21598
P103,3	21599	21600
P184,2	21601	21602
P185,2	21603	21604
P24,3	21605	21606
P17,2	21607	21608
P139,2	21609	21610
P80,2	21611	21612
P48,2	21613	21614
P106,2	21615	21616
P107,2	21617	21618
P188,2	21619	21620
P141,3	21621	21622
P64,2	21623	21624
P4,2	21625	21626
P189,3	21627	21628
P33,3	21629	21630
P49,3	21631	21632
P108,2	21633	21634
P81,2	21635	21636
P143,2	21637	21638
P109,2	21639	21640
P192,2	21641	21642
P34,2	21643	21644
P146,2	21645	21646
P144,3	21647	21648
P83,3	21649	21650
P50,2	21651	21652
P25,2	21653	21654
P65,2	21655	21656
P194,3	21657	21658
P111,2	21659	21660
P195,3	21661	21662
P84,2	21663	21663
P66,2	21664	21665
P113,2	21666	21667
P112,2	21668	21669
P13,2	21670	21671
P35,2	21672	21673
P85,2	21674	21675
P86,3	21676	21676
P67,3	21677	21678
P36,2	21679	21680
P115,2	21681	21682
P149,2	21683	21684
P200,2	21685	21686
P88,2	21687	21688
P116,3	21689	21690
P53,3	21691	21692
P26,2	21693	21694
P54,2	21695	21696
P38,2	21697	21698
P152,2	21699	21700
P151,2	21701	21702
P19,3	21703	21704
P153,2	21705	21706
P118,2	21707	21708
P69,2	21709	21710
P154,2	21711	21712
P156,2	21713	21714
P120,2	21715	21716
P55,2	21717	21718
P7,2	21719	21720
P91,2	21721	21722
P122,2	21723	21724
P159,3	21725	21726
P161,3	21727	21728
P123,2	21729	21730
P162,2	21731	21732
P92,2	21733	21734
P40,3	21735	21736
P41,3	21737	21738
P125,2	21739	21740
P126,2	21741	21742
P29,3	21743	21744
P28,3	21745	21746
P95,2	21747	21748
P58,2	21749	21750
P129,2	21751	21752
P21,2	21753	21754
P22,2	21755	21756
P127,2	21757	21758
P43,2	21759	21760
P60,2	21761	21762
P169,3	21763	21764
P96,2	21765	21766
P15,3	21767	21768
P44,2	21769	21770
P171,2	21771	21772
P130,2	21773	21774
P131,3	21775	21776
P97,2	21777	21778
P98,2	21779	21780
P132,2	21781	21782
P75,2	21783	21784
P2,2	21785	21786
P76,2	21787	21788
P173,2	21789	21790
P61,2	21791	21792
P133,2	21793	21794
P30,2	21795	21796
P46,3	21797	21798
P99,2	21799	21800
P134,2	21801	21802
P176,2	21803	21804
P100,2	21805	21806
P177,2	21807	21808
P16,2	21809	21810
P181,2	21811	21812
P137,2	21813	21814
P102,2	21815	21816
P31,2	21817	21818
P78,2	21819	21820
P184,2	21821	21822
P185,2	21823	21824
P24,3	21825	21826
P17,2	21827	21828
P139,2	21829	21830
P80,2	21831	21832
P48,2	21833	21834
P106,2	21835	21836
P107,2	21837	21838
P188,2	21839	21840
P141,3	21841	21842
P64,2	21843	21844
P4,2	21845	21846
P189,3	21847	21848
P33,3	21849	21850
P49,3	21851	21852
P108,2	21853	21854
P81,2	21855	21856
P143,2	21857	21858
P109,2	21859	21860
P192,2	21861	21862
P34,2	21863	21864
P146,2	21865	21866
P144,3	21867	21868
P83,3	21869	21870
P50,2	21871	21872
P25,2	21873	21874
P65,2	21875	21876
P194,3	21877	21878
P111,2	21879	21880
P195,3	21881	21882
P66,2	21883	21884
P113,2	21885	21886
P112,2	21887	21888
P13,2	21889	21890
P35,2	21891	21892
P85,2	21893	21894
P67,3	21895	21896
P36,2	21897	21898
P115,2	21899	21900
P149,2	21901	21902
P200,2	21903	21904
P88,2	21905	21906
P116,3	21907	21908
P53,3	21909	21910
P26,2	21911	21912
P54,2	21913	21914
P38,2	21915	21916
P152,2	21917	21918
P151,2	21919	21920
P19,3	21921	21922
P153,2	21923	21924
P118,2	21925	21926
P69,2	21927	21928
P154,2	21929	21930
P156,2	21931	21932
P120,2	21933	21934
P55,2	21935	21936
P7,2	21937	21938
P91,2	21939	21940
P122,2	21941	21942
P159,3	21943	21944
P161,3	21945	21946
P123,2	21947	21948
P162,2	21949	21950
P92,2	21951	21952
P40,3	21953	21954
P41,3	21955	21956
P125,2	21957	21958
P126,2	21959	21960
P29,3	21961	21962
P28,3	21963	21964
P95,2	21965	21966
P58,2	21967	21968
P21,2	21969	21970
P127,2	21971	21972
P43,2	21973	21974
P60,2	21975	21976
P169,3	21977	21978
P96,2	21979	21980
P15,3	21981	21982
P44,2	21983	21984
P171,2	21985	21986
P130,2	21987	21988
P131,3	21989	21990
P97,2	21991	21992
P98,2	21993	21994
P132,2	21995	21996
P75,2	21997	21998
P2,2	21999	22000
P76,2	22001	22002
P173,2	22003	22004
P61,2	22005	22006
P133,2	22007	22008
P30,2	22009	22010
P46,3	22011	22012
P99,2	22013	22014
P134,2	22015	22016
P176,2	22017	22018
P100,2	22019	22020
P177,2	22021	22022
P16,2	22023	22024
P181,2	22025	22026
P137,2	22027	22028
P102,2	22029	22030
P31,2	22031	22032
P78,2	22033	22034
P184,2	22035	22036
P185,2	22037	22038
P24,3	22039	22040
P17,2	22041	22042
P139,2	22043	22044
P80,2	22045	22046
P48,2	22047	22048
P106,2	22049	22050
P107,2	22051	22052
P188,2	22053	22054
P141,3	22055	22056
P64,2	22057	22058
P4,2	22059	22060
P189,3	22061	22062
P33,3	22063	22064
P49,3	22065	22066
P108,2	22067	22068
P81,2	22069	22070
P143,2	22071	22072
P109,2	22073	22074
P192,2	22075	22076
P34,2	22077	22078
P146,2	22079	22080
P144,3	22081	22082
P83,3	22083	22084
P50,2	22085	22086
P25,2	22087	22088
P65,2	22089	22090
P194,3	22091	22092
P111,2	22093	22094
P195,3	22095	22096
P66,2	22097	22098
P113,2	22099	22100
P112,2	22101	22102
P13,2	22103	22104
P35,2	22105	22106
P85,2	22107	22108
P67,3	22109	22110
P36,2	22111	22112
P115,2	22113	22114
P149,2	22115	22116
P200,2	22117	22118
P88,2	22119	22120
P116,3	22121	22122
P53,3	22123	22124
P26,2	22125	22126
P54,2	22127	22128
P38,2	22129	22130
P152,2	22131	22132
P151,2	22133	22134
P19,3	22135	22136
P153,2	22137	22138
P118,2	22139	22140
P69,2	22141	22142
P154,2	22143	22144
P156,2	22145	22146
P120,2	22147	22148
P55,2	22149	22150
P7,2	22151	22152
P91,2	22153	22153
P122,2	22154	22155
P159,3	22156	22157
P161,3	22158	22159
P123,2	22160	22161
P162,2	22162	22163
P92,2	22164	22165
P40,3	22166	22167
P41,3	22168	22169
P125,2	22170	22171
P126,2	22172	22173
P29,3	22174	22175
P28,3	22176	22177
P95,2	22178	22179
P58,2	22180	22181
P21,2	22182	22183
P127,2	22184	22185
P43,2	22186	22187
P60,2	22188	22189
P169,3	22190	22191
P96,2	22192	22193
P15,3	22194	22195
P44,2	22196	22197
P171,2	22198	22199
P130,2	22200	22201
P131,3	22202	22203
P97,2	22204	22205
P98,2	22206	22207
P132,2	22208	22209
P75,2	22210	22211
P2,2	22212	22213
P76,2	22214	22215
P173,2	22216	22217
P61,2	22218	22219
P133,2	22220	22221
P30,2	22222	22223
P46,3	22224	22225
P99,2	22226	22227
P134,2	22228	22229
P176,2	22230	22231
P100,2	22232	22233
P177,2	22234	22235
P16,2	22236	22237
P181,2	22238	22239
P137,2	22240	22241
P102,2	22242	22243
P31,2	22244	22245
P78,2	22246	22247
P184,2	22248	22249
P185,2	22250	22251
P24,3	22252	22253
P17,2	22254	22255
P139,2	22256	22256
P80,2	22257	22258
P48,2	22259	22260
P106,2	22261	22262
P107,2	22263	22264
P188,2	22265	22266
P141,3	22267	22268
P64,2	22269	22270
P4,2	22271	22272
P189,3	22273	22274
P33,3	22275	22276
P49,3	22277	22278
P108,2	22279	22280
P81,2	22281	22282
P143,2	22283	22284
P109,2	22285	22286
P192,2	22287	22288
P34,2	22289	22290
P146,2	22291	22292
P144,3	22293	22294
P83,3	22295	22296
P50,2	22297	22298
P25,2	22299	22300
P65,2	22301	22302
P194,3	22303	22304
P111,2	22305	22306
P195,3	22307	22308
P66,2	22309	22310
P113,2	22311	22312
P112,2	22313	22314
P13,2	22315	22316
P35,2	22317	22318
P85,2	22319	22320
P67,3	22321	22322
P36,2	22323	22324
P115,2	22325	22326
P149,2	22327	22328
P200,2	22329	22330
P88,2	22331	22332
P116,3	22333	22334
P53,3	22335	22336
P26,2	22337	22338
P54,2	22339	22340
P38,2	22341	22342
P152,2	22343	22344
P151,2	22345	22346
P19,3	22347	22348
P153,2	22349	22350
P118,2	22351	22352
P69,2	22353	22354
P154,2	22355	22356
P156,2	22357	22358
P120,2	22359	22360
P55,2	22361	22362
P7,2	22363	22363
P91,3	22364	22365
P122,2	22366	22367
P159,3	22368	22369
P161,3	22370	22371
P123,2	22372	22372
P162,2	22373	22374
P92,2	22375	22376
P40,3	22377	22378
P41,3	22379	22380
P125,2	22381	22382
P126,2	22383	22384
P29,3	22385	22386
P28,3	22387	22388
P95,2	22389	22390
P58,2	22391	22392
P21,2	22393	22394
P127,2	22395	22396
P43,2	22397	22398
P60,2	22399	22400
P169,3	22401	22402
P96,2	22403	22404
P15,3	22405	22406
P44,2	22407	22408
P171,2	22409	22410
P130,2	22411	22412
P131,3	22413	22414
P97,2	22415	22416
P98,2	22417	22418
P132,2	22419	22420
P75,2	22421	22422
P2,2	22423	22424
P76,2	22425	22426
P173,2	22427	22428
P61,2	22429	22430
P133,2	22431	22432
P30,2	22433	22434
P46,3	22435	22436
P99,2	22437	22438
P134,2	22439	22440
P176,2	22441	22442
P100,2	22443	22444
P177,2	22445	22446
P16,2	22447	22448
P181,2	22449	22450
P137,2	22451	22452
P102,2	22453	22454
P31,2	22455	22456
P78,2	22457	22458
P184,2	22459	22460
P185,2	22461	22462
P24,3	22463	22464
P17,2	22465	22466
P80,2	22467	22468
P48,2	22469	22470
P106,2	22471	22472
P139,3	22473	22474
P107,2	22475	22476
P188,2	22477	22478
P141,3	22479	22480
P64,2	22481	22482
P4,2	22483	22484
P189,3	22485	22486
P33,3	22487	22488
P49,3	22489	22490
P108,2	22491	22492
P81,2	22493	22494
P143,2	22495	22496
P109,2	22497	22498
P192,2	22499	22500
P34,2	22501	22502
P146,2	22503	22504
P144,3	22505	22506
P83,3	22507	22508
P50,2	22509	22510
P25,2	22511	22512
P65,2	22513	22514
P194,3	22515	22516
P111,2	22517	22518
P195,3	22519	22520
P66,2	22521	22522
P113,2	22523	22524
P112,2	22525	22526
P13,2	22527	22528
P35,2	22529	22530
P85,2	22531	22532
P67,3	22533	22534
P36,2	22535	22536
P115,2	22537	22538
P149,2	22539	22540
P200,2	22541	22542
P88,2	22543	22544
P116,3	22545	22546
P53,3	22547	22548
P26,2	22549	22550
P38,2	22551	22552
P152,2	22553	22554
P151,2	22555	22556
P19,3	22557	22558
P153,2	22559	22560
P118,2	22561	22562
P69,2	22563	22564
P154,2	22565	22566
P156,2	22567	22568
P120,2	22569	22570
P55,2	22571	22572
P91,3	22573	22574
P122,2	22575	22576
P159,3	22577	22578
P161,3	22579	22580
P162,2	22581	22582
P123,3	22583	22584
P92,2	22585	22586
P40,3	22587	22588
P41,3	22589	22590
P125,2	22591	22592
P126,2	22593	22594
P29,3	22595	22596
P28,3	22597	22598
P95,2	22599	22600
P21,2	22601	22601
P58,3	22602	22603
P127,2	22604	22605
P43,2	22606	22607
P60,2	22608	22609
P169,3	22610	22611
P96,2	22612	22613
P15,3	22614	22615
P44,2	22616	22617
P171,2	22618	22619
P130,2	22620	22621
P131,3	22622	22623
P97,2	22624	22625
P98,2	22626	22627
P132,2	22628	22629
P75,2	22630	22631
P2,2	22632	22633
P76,2	22634	22635
P173,2	22636	22637
P61,2	22638	22639
P133,2	22640	22641
P30,2	22642	22643
P46,3	22644	22645
P99,2	22646	22647
P134,2	22648	22649
P176,2	22650	22651
P100,2	22652	22653
P177,2	22654	22655
P16,2	22656	22657
P181,2	22658	22659
P137,2	22660	22661
P102,2	22662	22663
P31,2	22664	22665
P78,2	22666	22667
P184,2	22668	22669
P185,2	22670	22671
P24,3	22672	22673
P17,2	22674	22675
P80,2	22676	22676
P48,2	22677	22678
P106,2	22679	22680
P139,3	22681	22682
P107,2	22683	22684
P188,2	22685	22686
P141,3	22687	22688
P64,2	22689	22690
P4,2	22691	22692
P189,3	22693	22694
P33,3	22695	22696
P49,3	22697	22698
P108,2	22699	22700
P81,2	22701	22702
P143,2	22703	22704
P109,2	22705	22706
P192,2	22707	22708
P34,2	22709	22710
P146,2	22711	22712
P144,3	22713	22714
P83,3	22715	22716
P50,2	22717	22718
P25,2	22719	22720
P65,2	22721	22722
P111,2	22723	22724
P195,3	22725	22726
P66,2	22727	22728
P113,2	22729	22730
P112,2	22731	22732
P13,2	22733	22734
P35,2	22735	22736
P85,2	22737	22738
P67,3	22739	22740
P36,2	22741	22742
P115,2	22743	22744
P149,2	22745	22746
P200,2	22747	22748
P88,2	22749	22750
P116,3	22751	22752
P53,3	22753	22754
P26,2	22755	22756
P38,2	22757	22757
P152,2	22758	22759
P151,2	22760	22761
P19,3	22762	22763
P153,2	22764	22765
P118,2	22766	22767
P69,2	22768	22769
P154,2	22770	22771
P156,2	22772	22773
P120,2	22774	22775
P55,2	22776	22777
P91,3	22778	22779
P122,2	22780	22781
P159,3	22782	22783
P161,3	22784	22785
P162,2	22786	22787
P123,3	22788	22789
P92,2	22790	22791
P40,3	22792	22793
P41,3	22794	22795
P125,2	22796	22797
P126,2	22798	22799
P29,3	22800	22801
P28,3	22802	22803
P95,2	22804	22805
P58,3	22806	22807
P127,2	22808	22809
P43,2	22810	22811
P60,2	22812	22813
P169,3	22814	22815
P96,2	22816	22817
P15,3	22818	22819
P44,2	22820	22821
P171,2	22822	22823
P130,2	22824	22825
P131,3	22826	22827
P97,2	22828	22829
P98,2	22830	22831
P132,2	22832	22833
P2,2	22834	22835
P75,3	22836	22837
P76,2	22838	22839
P173,2	22840	22841
P61,2	22842	22843
P133,2	22844	22845
P30,2	22846	22847
P46,3	22848	22849
P99,2	22850	22851
P134,2	22852	22853
P176,2	22854	22855
P100,2	22856	22857
P177,2	22858	22859
P181,2	22860	22861
P137,2	22862	22863
P102,2	22864	22865
P31,2	22866	22867
P78,2	22868	22869
P184,2	22870	22871
P185,2	22872	22873
P24,3	22874	22875
P17,2	22876	22877
P48,2	22878	22879
P106,2	22880	22881
P139,3	22882	22883
P80,3	22884	22885
P107,2	22886	22887
P188,2	22888	22889
P141,3	22890	22891
P64,2	22892	22893
P4,2	22894	22895
P189,3	22896	22897
P33,3	22898	22899
P49,3	22900	22901
P108,2	22902	22903
P81,2	22904	22905
P143,2	22906	22907
P109,2	22908	22909
P192,2	22910	22911
P34,2	22912	22913
P146,2	22914	22915
P144,3	22916	22917
P83,3	22918	22919
P50,2	22920	22921
P25,2	22922	22923
P65,2	22924	22925
P111,2	22926	22927
P195,3	22928	22929
P66,2	22930	22931
P113,2	22932	22933
P112,2	22934	22935
P13,2	22936	22937
P35,2	22938	22939
P85,2	22940	22941
P67,3	22942	22943
P36,2	22944	22945
P115,2	22946	22947
P149,2	22948	22949
P200,2	22950	22951
P88,2	22952	22953
P116,3	22954	22955
P53,3	22956	22957
P26,2	22958	22959
P152,2	22960	22961
P151,2	22962	22963
P19,3	22964	22965
P38,3	22966	22967
P153,2	22968	22969
P118,2	22970	22971
P69,2	22972	22973
P154,2	22974	22975
P156,2	22976	22977
P120,2	22978	22979
P55,2	22980	22981
P91,3	22982	22983
P122,2	22984	22985
P159,3	22986	22987
P161,3	22988	22989
P162,2	22990	22991
P123,3	22992	22993
P92,2	22994	22995
P40,3	22996	22997
P41,3	22998	22999
P125,2	23000	23001
P126,2	23002	23003
P29,3	23004	23005
P28,3	23006	23007
P95,2	23008	23009
P58,3	23010	23011
P127,2	23012	23013
P43,2	23014	23015
P60,2	23016	23017
P96,2	23018	23019
P15,3	23020	23021
P44,2	23022	23023
P171,2	23024	23025
P130,2	23026	23027
P131,3	23028	23029
P97,2	23030	23031
P98,2	23032	23033
P132,2	23034	23035
P2,2	23036	23037
P75,3	23038	23039
P76,2	23040	23041
P173,2	23042	23043
P61,2	23044	23045
P133,2	23046	23047
P30,2	23048	23049
P46,3	23050	23051
P99,2	23052	23053
P134,2	23054	23055
P176,2	23056	23057
P100,2	23058	23059
P177,2	23060	23061
P181,2	23062	23063
P137,2	23064	23065
P31,2	23066	23067
P78,2	23068	23069
P184,2	23070	23071
P102,3	23072	23073
P185,2	23074	23075
P24,3	23076	23077
P17,2	23078	23079
P48,2	23080	23081
P106,2	23082	23083
P139,3	23084	23085
P80,3	23086	23087
P107,2	23088	23089
P188,2	23090	23091
P64,2	23092	23093
P4,2	23094	23095
P189,3	23096	23097
P33,3	23098	23099
P49,3	23100	23101
P108,2	23102	23103
P81,2	23104	23105
P143,2	23106	23107
P109,2	23108	23109
P192,2	23110	23111
P34,2	23112	23112
P146,2	23113	23114
P144,3	23115	23116
P83,3	23117	23118
P50,2	23119	23120
P25,2	23121	23122
P65,2	23123	23124
P111,2	23125	23126
P195,3	23127	23128
P66,2	23129	23130
P113,2	23131	23132
P112,2	23133	23134
P13,2	23135	23136
P35,2	23137	23138
P85,2	23139	23140
P67,3	23141	23142
P36,2	23143	23144
P115,2	23145	23146
P149,2	23147	23148
P200,2	23149	23150
P88,2	23151	23152
P116,3	23153	23154
P53,3	23155	23156
P26,2	23157	23158
P152,2	23159	23160
P151,2	23161	23162
P19,3	23163	23164
P38,3	23165	23166
P153,2	23167	23168
P118,2	23169	23170
P69,2	23171	23172
P154,2	23173	23174
P156,2	23175	23176
P120,2	23177	23178
P55,2	23179	23180
P91,3	23181	23182
P122,2	23183	23184
P159,3	23185	23186
P161,3	23187	23188
P162,2	23189	23190
P123,3	23191	23192
P92,2	23193	23194
P40,3	23195	23196
P41,3	23197	23198
P125,2	23199	23200
P126,2	23201	23202
P29,3	23203	23204
P28,3	23205	23206
P95,2	23207	23208
P58,3	23209	23210
P127,2	23211	23212
P43,2	23213	23214
P60,2	23215	23216
P96,2	23217	23218
P15,3	23219	23220
P44,2	23221	23222
P171,2	23223	23224
P130,2	23225	23226
P131,3	23227	23228
P97,2	23229	23230
P98,2	23231	23232
P132,2	23233	23234
P2,2	23235	23236
P75,3	23237	23238
P76,2	23239	23240
P173,2	23241	23242
P61,2	23243	23244
P133,2	23245	23246
P30,2	23247	23248
P46,3	23249	23250
P99,2	23251	23252
P134,2	23253	23254
P176,2	23255	23256
P100,2	23257	23258
P177,2	23259	23260
P181,2	23261	23262
P137,2	23263	23264
P31,2	23265	23266
P78,2	23267	23268
P184,2	23269	23270
P102,3	23271	23272
P185,2	23273	23274
P24,3	23275	23276
P17,2	23277	23278
P48,2	23279	23280
P106,2	23281	23282
P139,3	23283	23284
P80,3	23285	23286
P107,2	23287	23288
P188,2	23289	23290
P64,2	23291	23292
P4,2	23293	23294
P189,3	23295	23296
P33,3	23297	23298
P49,3	23299	23300
P108,2	23301	23302
P81,2	23303	23304
P143,2	23305	23306
P109,2	23307	23308
P192,2	23309	23310
P34,3	23311	23312
P146,2	23313	23314
P144,3	23315	23316
P83,3	23317	23318
P50,2	23319	23320
P25,2	23321	23322
P65,2	23323	23324
P111,2	23325	23326
P195,3	23327	23328
P66,2	23329	23330
P113,2	23331	23332
P112,2	23333	23334
P13,2	23335	23336
P35,2	23337	23338
P85,2	23339	23340
P67,3	23341	23342
P36,2	23343	23344
P115,2	23345	23346
P149,2	23347	23348
P200,2	23349	23350
P88,2	23351	23352
P116,3	23353	23354
P53,3	23355	23356
P26,2	23357	23358
P152,2	23359	23360
P151,2	23361	23362
P19,3	23363	23364
P38,3	23365	23366
P153,2	23367	23368
P118,2	23369	23370
P69,2	23371	23372
P154,2	23373	23374
P156,2	23375	23376
P120,2	23377	23378
P55,2	23379	23380
P91,3	23381	23382
P122,2	23383	23384
P159,3	23385	23386
P161,3	23387	23388
P162,2	23389	23390
P123,3	23391	23392
P92,2	23393	23394
P40,3	23395	23396
P41,3	23397	23398
P125,2	23399	23400
P126,2	23401	23402
P29,3	23403	23404
P28,3	23405	23406
P95,2	23407	23408
P58,3	23409	23410
P127,2	23411	23412
P43,2	23413	23414
P60,2	23415	23416
P96,2	23417	23418
P15,3	23419	23420
P44,2	23421	23422
P171,2	23423	23424
P130,2	23425	23426
P131,3	23427	23428
P97,2	23429	23430
P98,2	23431	23432
P132,2	23433	23434
P2,2	23435	23436
P75,3	23437	23438
P76,2	23439	23440
P173,2	23441	23442
P61,2	23443	23444
P133,2	23445	23446
P30,2	23447	23448
P46,3	23449	23450
P99,2	23451	23452
P134,2	23453	23454
P176,2	23455	23456
P100,2	23457	23458
P177,2	23459	23459
P181,2	23460	23461
P137,2	23462	23463
P31,2	23464	23465
P78,2	23466	23467
P184,2	23468	23469
P102,3	23470	23471
P185,2	23472	23473
P17,2	23474	23475
P48,2	23476	23477
P106,2	23478	23479
P139,3	23480	23481
P80,3	23482	23483
P107,2	23484	23485
P188,2	23486	23487
P64,2	23488	23489
P4,2	23490	23491
P189,3	23492	23493
P33,3	23494	23495
P49,3	23496	23497
P108,2	23498	23499
P81,2	23500	23501
P143,2	23502	23503
P109,2	23504	23505
P192,2	23506	23507
P34,3	23508	23509
P144,3	23510	23511
P83,3	23512	23513
P146,3	23514	23515
P25,2	23516	23517
P65,2	23518	23518
P111,2	23519	23520
P50,3	23521	23522
P195,3	23523	23524
P66,2	23525	23526
P113,2	23527	23528
P112,2	23529	23530
P13,2	23531	23532
P35,2	23533	23534
P85,2	23535	23536
P67,3	23537	23538
P36,2	23539	23540
P115,2	23541	23542
P149,2	23543	23544
P200,2	23545	23546
P88,2	23547	23548
P116,3	23549	23550
P53,3	23551	23552
P26,2	23553	23554
P152,2	23555	23556
P151,2	23557	23558
P19,3	23559	23560
P38,3	23561	23562
P153,2	23563	23564
P118,2	23565	23566
P69,2	23567	23568
P154,2	23569	23570
P156,2	23571	23572
P120,2	23573	23574
P55,2	23575	23576
P91,3	23577	23578
P122,2	23579	23580
P159,3	23581	23582
P161,3	23583	23584
P162,2	23585	23586
P123,3	23587	23588
P92,2	23589	23590
P40,3	23591	23592
P41,3	23593	23594
P125,2	23595	23596
P126,2	23597	23598
P29,3	23599	23599
P28,3	23600	23601
P95,2	23602	23603
P58,3	23604	23605
P127,2	23606	23607
P43,2	23608	23609
P60,2	23610	23611
P96,2	23612	23613
P15,3	23614	23615
P44,2	23616	23617
P171,2	23618	23619
P130,2	23620	23621
P131,3	23622	23623
P97,2	23624	23625
P98,2	23626	23627
P132,2	23628	23629
P2,2	23630	23631
P75,3	23632	23633
P76,2	23634	23635
P173,2	23636	23637
P61,2	23638	23639
P133,2	23640	23641
P30,2	23642	23643
P99,2	23644	23645
P134,2	23646	23647
P176,2	23648	23649
P100,2	23650	23651
P181,2	23652	23653
P177,3	23654	23655
P137,2	23656	23657
P31,2	23658	23659
P78,2	23660	23661
P184,2	23662	23663
P102,3	23664	23665
P185,2	23666	23667
P17,2	23668	23669
P48,2	23670	23671
P106,2	23672	23673
P139,3	23674	23675
P80,3	23676	23677
P107,2	23678	23679
P188,2	23680	23681
P64,2	23682	23683
P4,2	23684	23685
P189,3	23686	23687
P33,3	23688	23689
P49,3	23690	23691
P108,2	23692	23693
P81,2	23694	23695
P143,2	23696	23697
P109,2	23698	23699
P192,2	23700	23701
P34,3	23702	23703
P144,3	23704	23705
P83,3	23706	23707
P146,3	23708	23709
P25,2	23710	23711
P65,3	23712	23713
P111,2	23714	23715
P50,3	23716	23717
P195,3	23718	23719
P66,2	23720	23721
P113,2	23722	23723
P112,2	23724	23725
P13,2	23726	23727
P35,2	23728	23729
P85,2	23730	23731
P67,3	23732	23733
P36,2	23734	23735
P115,2	23736	23737
P200,2	23738	23739
P149,3	23740	23741
P88,2	23742	23743
P116,3	23744	23745
P53,3	23746	23747
P26,2	23748	23749
P152,2	23750	23751
P151,2	23752	23753
P19,3	23754	23755
P38,3	23756	23757
P153,2	23758	23759
P118,2	23760	23761
P69,2	23762	23763
P154,2	23764	23765
P156,2	23766	23767
P120,2	23768	23769
P55,2	23770	23771
P91,3	23772	23773
P122,2	23774	23775
P159,3	23776	23777
P161,3	23778	23779
P162,2	23780	23781
P123,3	23782	23783
P92,2	23784	23785
P40,3	23786	23787
P41,3	23788	23789
P125,2	23790	23791
P126,2	23792	23793
P28,3	23794	23795
P95,2	23796	23797
P58,3	23798	23799
P127,2	23800	23801
P43,2	23802	23803
P60,2	23804	23805
P96,2	23806	23807
P15,3	23808	23809
P44,2	23810	23811
P171,2	23812	23813
P130,2	23814	23815
P131,3	23816	23817
P97,2	23818	23819
P98,2	23820	23821
P132,2	23822	23823
P2,2	23824	23825
P75,3	23826	23827
P76,2	23828	23829
P173,2	23830	23831
P61,2	23832	23833
P133,2	23834	23835
P30,2	23836	23836
P99,2	23837	23838
P134,2	23839	23840
P176,2	23841	23842
P100,2	23843	23844
P181,2	23845	23846
P177,3	23847	23848
P137,2	23849	23850
P31,2	23851	23852
P78,2	23853	23853
P184,2	23854	23855
P102,3	23856	23857
P185,2	23858	23859
P17,2	23860	23861
P48,2	23862	23863
P106,2	23864	23865
P139,3	23866	23867
P80,3	23868	23869
P107,2	23870	23871
P188,2	23872	23873
P64,2	23874	23875
P4,2	23876	23877
P189,3	23878	23879
P33,3	23880	23881
P49,3	23882	23883
P108,2	23884	23885
P81,2	23886	23887
P143,2	23888	23889
P109,2	23890	23891
P192,2	23892	23893
P34,3	23894	23895
P144,3	23896	23897
P83,3	23898	23899
P146,3	23900	23901
P25,2	23902	23903
P65,3	23904	23905
P111,2	23906	23907
P50,3	23908	23909
P195,3	23910	23911
P66,2	23912	23913
P113,2	23914	23915
P112,2	23916	23917
P13,2	23918	23919
P35,2	23920	23921
P85,2	23922	23923
P67,3	23924	23925
P36,2	23926	23927
P115,2	23928	23929
P200,2	23930	23931
P149,3	23932	23933
P88,2	23934	23935
P116,3	23936	23937
P53,3	23938	23939
P26,2	23940	23941
P152,2	23942	23943
P151,2	23944	23945
P19,3	23946	23947
P38,3	23948	23949
P153,2	23950	23951
P118,2	23952	23953
P69,2	23954	23955
P154,2	23956	23957
P156,2	23958	23959
P120,2	23960	23961
P55,2	23962	23963
P91,3	23964	23965
P122,2	23966	23967
P159,3	23968	23969
P161,3	23970	23971
P162,2	23972	23973
P123,3	23974	23975
P92,2	23976	23977
P40,3	23978	23979
P41,3	23980	23981
P125,2	23982	23983
P126,2	23984	23985
P28,3	23986	23987
P95,2	23988	23989
P58,3	23990	23991
P127,2	23992	23993
P43,2	23994	23995
P60,2	23996	23997
P96,2	23998	23999
P15,3	24000	24001
P44,2	24002	24003
P171,2	24004	24005
P130,2	24006	24007
P131,3	24008	24009
P97,2	24010	24011
P98,2	24012	24013
P132,2	24014	24015
P2,2	24016	24017
P75,3	24018	24019
P76,2	24020	24021
P173,2	24022	24023
P61,2	24024	24025
P133,2	24026	24027
P99,2	24028	24029
P134,2	24030	24031
P176,2	24032	24033
P30,3	24034	24035
P100,2	24036	24037
P181,2	24038	24039
P177,3	24040	24041
P137,2	24042	24043
P31,2	24044	24044
P78,3	24045	24046
P184,2	24047	24048
P102,3	24049	24050
P185,2	24051	24052
P17,2	24053	24054
P48,2	24055	24056
P106,2	24057	24058
P139,3	24059	24060
P80,3	24061	24062
P107,2	24063	24064
P188,2	24065	24066
P64,2	24067	24068
P4,2	24069	24070
P189,3	24071	24072
P33,3	24073	24074
P49,3	24075	24076
P81,2	24077	24078
P143,2	24079	24080
P109,2	24081	24082
P192,2	24083	24083
P34,3	24084	24085
P144,3	24086	24087
P83,3	24088	24089
P146,3	24090	24091
P25,2	24092	24093
P65,3	24094	24095
P111,2	24096	24097
P50,3	24098	24099
P195,3	24100	24101
P66,2	24102	24103
P113,2	24104	24105
P35,2	24106	24107
P112,3	24108	24109
P85,2	24110	24111
P67,3	24112	24113
P115,2	24114	24115
P200,2	24116	24117
P149,3	24118	24119
P88,2	24120	24121
P116,3	24122	24123
P53,3	24124	24125
P26,2	24126	24127
P152,2	24128	24129
P151,2	24130	24131
P19,3	24132	24133
P38,3	24134	24135
P153,2	24136	24137
P118,2	24138	24139
P69,2	24140	24141
P154,2	24142	24143
P156,2	24144	24145
P120,2	24146	24147
P55,2	24148	24149
P91,3	24150	24151
P122,3	24152	24153
P161,3	24154	24155
P162,2	24156	24157
P123,3	24158	24159
P92,2	24160	24161
P40,3	24162	24163
P41,3	24164	24165
P125,2	24166	24167
P126,2	24168	24169
P28,3	24170	24171
P95,3	24172	24173
P58,3	24174	24175
P127,2	24176	24177
P60,2	24178	24179
P96,2	24180	24181
P15,3	24182	24183
P43,3	24184	24185
P44,2	24186	24187
P171,2	24188	24189
P130,2	24190	24191
P131,3	24192	24193
P97,2	24194	24195
P98,2	24196	24197
P132,2	24198	24199
P2,2	24200	24201
P75,3	24202	24203
P76,2	24204	24205
P173,2	24206	24207
P61,2	24208	24209
P133,2	24210	24211
P99,2	24212	24213
P134,2	24214	24215
P176,2	24216	24217
P30,3	24218	24219
P100,2	24220	24221
P181,2	24222	24223
P177,3	24224	24225
P137,2	24226	24227
P78,3	24228	24229
P31,3	24230	24231
P184,2	24232	24233
P102,3	24234	24235
P185,2	24236	24237
P17,2	24238	24239
P48,2	24240	24241
P106,2	24242	24243
P139,3	24244	24245
P80,3	24246	24247
P107,2	24248	24249
P188,2	24250	24251
P64,2	24252	24253
P4,2	24254	24255
P189,3	24256	24257
P33,3	24258	24259
P49,3	24260	24261
P81,2	24262	24263
P143,2	24264	24265
P109,2	24266	24267
P34,3	24268	24269
P144,3	24270	24271
P83,3	24272	24273
P146,3	24274	24275
P25,2	24276	24277
P65,3	24278	24279
P111,2	24280	24281
P50,3	24282	24283
P195,3	24284	24285
P66,2	24286	24287
P113,2	24288	24289
P35,2	24290	24291
P112,3	24292	24293
P85,2	24294	24295
P67,3	24296	24297
P115,2	24298	24299
P200,2	24300	24301
P149,3	24302	24303
P88,2	24304	24305
P116,3	24306	24307
P53,3	24308	24309
P26,2	24310	24311
P152,2	24312	24313
P151,2	24314	24315
P19,3	24316	24317
P38,3	24318	24319
P153,2	24320	24321
P118,2	24322	24323
P69,2	24324	24325
P154,2	24326	24327
P156,2	24328	24329
P120,2	24330	24331
P55,2	24332	24333
P91,3	24334	24335
P122,3	24336	24337
P161,3	24338	24339
P162,2	24340	24341
P123,3	24342	24343
P92,2	24344	24345
P40,3	24346	24347
P41,3	24348	24349
P125,2	24350	24351
P126,2	24352	24353
P28,3	24354	24355
P95,3	24356	24357
P58,3	24358	24359
P127,2	24360	24361
P60,2	24362	24363
P96,2	24364	24365
P15,3	24366	24367
P43,3	24368	24369
P44,2	24370	24370
P171,2	24371	24371
P130,2	24372	24373
P131,3	24374	24375
P97,2	24376	24377
P98,2	24378	24379
P132,2	24380	24381
P2,2	24382	24383
P75,3	24384	24385
P76,2	24386	24387
P173,2	24388	24389
P61,2	24390	24391
P133,2	24392	24393
P99,2	24394	24395
P134,2	24396	24397
P176,2	24398	24399
P30,3	24400	24401
P100,2	24402	24403
P181,2	24404	24405
P177,3	24406	24407
P137,2	24408	24409
P78,3	24410	24411
P31,3	24412	24413
P184,2	24414	24415
P102,3	24416	24417
P185,2	24418	24418
P17,2	24419	24420
P48,2	24421	24422
P106,2	24423	24424
P139,3	24425	24426
P80,3	24427	24428
P107,2	24429	24430
P188,2	24431	24432
P64,2	24433	24434
P4,2	24435	24436
P189,3	24437	24438
P33,3	24439	24440
P49,3	24441	24442
P81,2	24443	24444
P143,2	24445	24446
P109,2	24447	24448
P34,3	24449	24450
P144,3	24451	24452
P83,3	24453	24454
P146,3	24455	24456
P25,2	24457	24458
P65,3	24459	24460
P111,2	24461	24462
P50,3	24463	24464
P195,3	24465	24466
P66,2	24467	24468
P35,2	24469	24470
P112,3	24471	24472
P85,2	24473	24474
P67,3	24475	24476
P115,2	24477	24478
P200,2	24479	24480
P149,3	24481	24482
P88,2	24483	24484
P116,3	24485	24486
P53,3	24487	24488
P26,2	24489	24490
P152,2	24491	24492
P19,3	24493	24494
P38,3	24495	24496
P153,2	24497	24498
P118,2	24499	24500
P69,2	24501	24502
P154,2	24503	24504
P156,2	24505	24506
P120,2	24507	24508
P55,2	24509	24510
P91,3	24511	24512
P122,3	24513	24514
P161,3	24515	24516
P162,2	24517	24518
P123,3	24519	24520
P92,2	24521	24522
P40,3	24523	24524
P41,3	24525	24526
P125,2	24527	24528
P126,2	24529	24530
P28,3	24531	24532
P95,3	24533	24534
P58,3	24535	24536
P127,2	24537	24538
P60,2	24539	24539
P96,2	24540	24541
P15,3	24542	24543
P43,3	24544	24545
P130,2	24546	24547
P131,3	24548	24549
P97,2	24550	24551
P98,2	24552	24553
P132,2	24554	24555
P2,2	24556	24557
P75,3	24558	24559
P76,2	24560	24561
P173,2	24562	24563
P61,2	24564	24565
P133,2	24566	24566
P99,2	24567	24568
P176,2	24569	24570
P30,3	24571	24572
P100,2	24573	24574
P181,2	24575	24576
P177,3	24577	24578
P137,2	24579	24580
P78,3	24581	24582
P31,3	24583	24584
P184,2	24585	24586
P102,3	24587	24588
P17,2	24589	24590
P48,2	24591	24592
P106,2	24593	24594
P139,3	24595	24596
P80,3	24597	24598
P107,2	24599	24600
P188,2	24601	24602
P64,2	24603	24604
P4,2	24605	24606
P189,3	24607	24608
P33,3	24609	24610
P49,3	24611	24612
P81,2	24613	24614
P143,2	24615	24616
P109,2	24617	24618
P34,3	24619	24620
P144,3	24621	24622
P83,3	24623	24624
P146,3	24625	24626
P25,2	24627	24628
P65,3	24629	24630
P111,2	24631	24632
P50,3	24633	24634
P195,3	24635	24636
P66,2	24637	24638
P35,2	24639	24640
P112,3	24641	24642
P85,2	24643	24644
P67,3	24645	24646
P115,2	24647	24648
P200,2	24649	24650
P149,3	24651	24652
P88,2	24653	24654
P116,3	24655	24656
P53,3	24657	24658
P26,2	24659	24660
P152,2	24661	24662
P19,3	24663	24664
P38,3	24665	24666
P153,2	24667	24668
P118,2	24669	24670
P69,2	24671	24672
P154,2	24673	24674
P156,2	24675	24676
P120,2	24677	24678
P55,2	24679	24680
P91,3	24681	24682
P122,3	24683	24684
P161,3	24685	24686
P162,2	24687	24688
P123,3	24689	24690
P92,2	24691	24692
P40,3	24693	24694
P41,3	24695	24696
P125,2	24697	24698
P126,2	24699	24700
P28,3	24701	24702
P95,3	24703	24704
P58,3	24705	24706
P127,2	24707	24708
P96,2	24709	24710
P15,3	24711	24712
P43,3	24713	24714
P130,2	24715	24716
P131,3	24717	24718
P97,2	24719	24720
P98,2	24721	24722
P2,2	24723	24723
P75,3	24724	24725
P76,2	24726	24727
P132,3	24728	24729
P173,2	24730	24731
P61,2	24732	24733
P99,2	24734	24735
P133,3	24736	24737
P176,2	24738	24739
P30,3	24740	24741
P100,2	24742	24743
P181,2	24744	24745
P177,3	24746	24747
P137,2	24748	24749
P78,3	24750	24751
P31,3	24752	24753
P184,2	24754	24755
P102,3	24756	24757
P17,2	24758	24759
P48,2	24760	24761
P106,2	24762	24763
P139,3	24764	24765
P80,3	24766	24767
P107,2	24768	24769
P188,2	24770	24771
P64,2	24772	24773
P189,3	24774	24775
P33,3	24776	24777
P49,3	24778	24779
P4,3	24780	24781
P81,2	24782	24783
P143,2	24784	24785
P109,2	24786	24787
P34,3	24788	24789
P144,3	24790	24791
P83,3	24792	24793
P146,3	24794	24795
P25,2	24796	24797
P65,3	24798	24799
P111,2	24800	24801
P50,3	24802	24803
P195,3	24804	24805
P66,2	24806	24807
P35,2	24808	24809
P112,3	24810	24811
P85,2	24812	24813
P67,3	24814	24815
P115,2	24816	24817
P200,2	24818	24819
P149,3	24820	24821
P88,2	24822	24822
P116,3	24823	24824
P53,3	24825	24826
P26,2	24827	24828
P152,2	24829	24830
P19,3	24831	24832
P38,3	24833	24834
P153,2	24835	24836
P118,2	24837	24838
P69,2	24839	24840
P154,2	24841	24842
P156,2	24843	24844
P120,2	24845	24846
P55,2	24847	24848
P91,3	24849	24850
P122,3	24851	24852
P161,3	24853	24854
P162,2	24855	24856
P123,3	24857	24858
P92,2	24859	24860
P40,3	24861	24862
P41,3	24863	24864
P125,2	24865	24866
P126,2	24867	24868
P28,3	24869	24870
P95,3	24871	24872
P58,3	24873	24874
P127,2	24875	24876
P96,2	24877	24878
P15,3	24879	24880
P43,3	24881	24882
P130,2	24883	24884
P131,3	24885	24886
P97,2	24887	24888
P98,2	24889	24890
P75,3	24891	24892
P76,2	24893	24894
P132,3	24895	24896
P173,2	24897	24898
P61,2	24899	24900
P99,2	24901	24902
P133,3	24903	24904
P176,2	24905	24906
P30,3	24907	24908
P100,2	24909	24910
P181,2	24911	24912
P177,3	24913	24914
P137,2	24915	24915
P78,3	24916	24917
P31,3	24918	24919
P184,2	24920	24921
P102,3	24922	24923
P17,2	24924	24925
P48,2	24926	24927
P106,2	24928	24929
P139,3	24930	24931
P80,3	24932	24933
P107,2	24934	24935
P188,2	24936	24937
P64,2	24938	24939
P189,3	24940	24941
P33,3	24942	24943
P49,3	24944	24945
P4,3	24946	24947
P81,2	24948	24949
P143,2	24950	24951
P109,2	24952	24953
P34,3	24954	24955
P144,3	24956	24957
P83,3	24958	24959
P146,3	24960	24961
P25,2	24962	24963
P65,3	24964	24965
P111,2	24966	24967
P50,3	24968	24969
P195,3	24970	24971
P66,2	24972	24973
P35,2	24974	24975
P112,3	24976	24977
P85,2	24978	24979
P67,3	24980	24981
P115,2	24982	24983
P200,2	24984	24985
P149,3	24986	24987
P116,3	24988	24988
P53,3	24989	24990
P26,2	24991	24992
P152,2	24993	24994
P19,3	24995	24996
P38,3	24997	24998
P153,2	24999	25000
P118,2	25001	25002
P69,2	25003	25004
P154,2	25005	25005
P156,2	25006	25007
P120,2	25008	25009
P55,2	25010	25011
P91,3	25012	25013
P122,3	25014	25015
P161,3	25016	25017
P162,2	25018	25019
P123,3	25020	25021
P92,2	25022	25023
P40,3	25024	25025
P41,3	25026	25027
P125,2	25028	25029
P126,2	25030	25031
P28,3	25032	25033
P95,3	25034	25035
P58,3	25036	25037
P127,2	25038	25039
P96,2	25040	25041
P43,3	25042	25043
P130,2	25044	25045
P131,3	25046	25047
P97,2	25048	25049
P75,3	25050	25051
P76,2	25052	25053
P132,3	25054	25055
P173,2	25056	25057
P61,2	25058	25059
P99,2	25060	25061
P133,3	25062	25063
P176,2	25064	25065
P30,3	25066	25067
P100,2	25068	25069
P181,2	25070	25071
P177,3	25072	25073
P78,3	25074	25075
P31,3	25076	25077
P184,2	25078	25079
P137,3	25080	25081
P102,3	25082	25083
P17,2	25084	25085
P48,2	25086	25087
P106,2	25088	25089
P139,3	25090	25091
P80,3	25092	25093
P107,2	25094	25095
P188,2	25096	25097
P64,2	25098	25099
P189,3	25100	25101
P33,3	25102	25103
P49,3	25104	25105
P4,3	25106	25107
P81,2	25108	25109
P143,2	25110	25111
P109,2	25112	25113
P34,3	25114	25115
P144,3	25116	25117
P83,3	25118	25119
P146,3	25120	25121
P25,2	25122	25123
P65,3	25124	25125
P111,2	25126	25127
P50,3	25128	25129
P195,3	25130	25131
P66,2	25132	25132
P35,2	25133	25134
P112,3	25135	25136
P85,2	25137	25138
P67,3	25139	25140
P115,2	25141	25142
P200,2	25143	25144
P149,3	25145	25146
P26,2	25147	25148
P152,2	25149	25150
P19,3	25151	25152
P38,3	25153	25154
P153,2	25155	25156
P118,2	25157	25158
P69,2	25159	25160
P156,2	25161	25162
P120,2	25163	25164
P55,2	25165	25165
P91,3	25166	25167
P122,3	25168	25169
P161,3	25170	25171
P162,2	25172	25173
P123,3	25174	25175
P92,2	25176	25177
P40,3	25178	25179
P41,3	25180	25181
P125,2	25182	25183
P126,2	25184	25185
P28,3	25186	25187
P95,3	25188	25189
P58,3	25190	25191
P127,2	25192	25193
P96,2	25194	25195
P43,3	25196	25197
P130,2	25198	25199
P131,3	25200	25201
P97,2	25202	25203
P75,3	25204	25205
P76,2	25206	25207
P132,3	25208	25209
P173,2	25210	25211
P61,2	25212	25213
P99,2	25214	25215
P133,3	25216	25217
P176,2	25218	25219
P30,3	25220	25221
P100,2	25222	25223
P181,2	25224	25225
P177,3	25226	25227
P78,3	25228	25229
P31,3	25230	25231
P184,2	25232	25233
P137,3	25234	25235
P102,3	25236	25237
P17,2	25238	25239
P48,2	25240	25241
P106,2	25242	25243
P139,3	25244	25245
P80,3	25246	25247
P107,2	25248	25249
P188,2	25250	25251
P64,2	25252	25253
P189,3	25254	25255
P33,3	25256	25257
P49,3	25258	25259
P4,3	25260	25261
P81,2	25262	25263
P143,2	25264	25265
P109,2	25266	25267
P34,3	25268	25269
P144,3	25270	25271
P83,3	25272	25273
P146,3	25274	25275
P25,2	25276	25277
P65,3	25278	25279
P111,2	25280	25281
P50,3	25282	25283
P195,3	25284	25285
P35,2	25286	25287
P112,3	25288	25289
P85,2	25290	25291
P66,3	25292	25293
P67,3	25294	25295
P115,2	25296	25297
P200,2	25298	25299
P149,3	25300	25301
P26,2	25302	25303
P152,2	25304	25305
P19,3	25306	25307
P38,3	25308	25309
P153,2	25310	25311
P118,2	25312	25313
P69,2	25314	25315
P156,2	25316	25317
P120,2	25318	25319
P91,3	25320	25321
P122,3	25322	25323
P161,3	25324	25325
P162,2	25326	25327
P123,3	25328	25329
P92,2	25330	25331
P40,3	25332	25333
P41,3	25334	25335
P125,2	25336	25337
P126,2	25338	25339
P28,3	25340	25341
P95,3	25342	25343
P58,3	25344	25345
P127,2	25346	25347
P96,2	25348	25349
P43,3	25350	25351
P130,2	25352	25353
P131,3	25354	25355
P97,2	25356	25357
P75,3	25358	25359
P76,2	25360	25361
P132,3	25362	25363
P173,2	25364	25365
P61,2	25366	25367
P99,2	25368	25369
P133,3	25370	25371
P176,2	25372	25373
P30,3	25374	25375
P100,2	25376	25377
P181,2	25378	25379
P177,3	25380	25381
P78,3	25382	25383
P31,3	25384	25385
P184,2	25386	25387
P137,3	25388	25389
P102,3	25390	25391
P17,2	25392	25393
P48,2	25394	25394
P106,2	25395	25396
P139,3	25397	25398
P80,3	25399	25400
P107,2	25401	25402
P188,2	25403	25404
P64,2	25405	25406
P189,3	25407	25408
P33,3	25409	25410
P49,3	25411	25412
P4,3	25413	25414
P81,2	25415	25416
P143,2	25417	25418
P109,2	25419	25420
P34,3	25421	25422
P144,3	25423	25424
P83,3	25425	25426
P146,3	25427	25428
P25,2	25429	25430
P65,3	25431	25432
P111,2	25433	25434
P50,3	25435	25436
P195,3	25437	25438
P35,2	25439	25440
P112,3	25441	25442
P85,2	25443	25444
P66,3	25445	25446
P67,3	25447	25448
P115,2	25449	25450
P200,2	25451	25452
P149,3	25453	25454
P26,2	25455	25456
P152,2	25457	25458
P19,3	25459	25460
P38,3	25461	25462
P153,2	25463	25464
P118,2	25465	25466
P69,2	25467	25468
P156,2	25469	25470
P120,2	25471	25472
P91,3	25473	25474
P122,3	25475	25476
P161,3	25477	25478
P162,2	25479	25480
P123,3	25481	25482
P92,2	25483	25484
P40,3	25485	25486
P41,3	25487	25488
P126,2	25489	25490
P28,3	25491	25492
P95,3	25493	25494
P58,3	25495	25496
P127,2	25497	25498
P96,2	25499	25500
P43,3	25501	25502
P130,2	25503	25504
P131,3	25505	25506
P97,2	25507	25508
P75,3	25509	25510
P76,2	25511	25512
P132,3	25513	25514
P173,2	25515	25516
P61,2	25517	25518
P99,2	25519	25520
P133,3	25521	25522
P176,2	25523	25524
P30,3	25525	25526
P100,2	25527	25528
P181,2	25529	25530
P177,3	25531	25532
P78,3	25533	25534
P31,3	25535	25536
P184,2	25537	25538
P137,3	25539	25540
P102,3	25541	25542
P17,2	25543	25544
P106,2	25545	25546
P139,3	25547	25548
P80,3	25549	25550
P107,2	25551	25552
P188,2	25553	25554
P64,2	25555	25556
P189,3	25557	25558
P33,3	25559	25560
P49,3	25561	25562
P4,3	25563	25564
P81,2	25565	25566
P143,2	25567	25568
P109,2	25569	25570
P34,3	25571	25572
P83,3	25573	25574
P146,3	25575	25576
P25,2	25577	25578
P65,3	25579	25580
P111,2	25581	25582
P50,3	25583	25584
P195,3	25585	25586
P35,2	25587	25588
P112,3	25589	25590
P85,2	25591	25592
P66,3	25593	25594
P67,3	25595	25596
P115,2	25597	25597
P200,2	25598	25599
P149,3	25600	25601
P26,2	25602	25603
P152,2	25604	25605
P19,3	25606	25607
P38,3	25608	25609
P153,2	25610	25611
P118,2	25612	25613
P69,2	25614	25615
P156,2	25616	25617
P120,2	25618	25619
P91,3	25620	25621
P122,3	25622	25623
P161,3	25624	25625
P162,2	25626	25627
P123,3	25628	25629
P92,2	25630	25631
P40,3	25632	25633
P41,3	25634	25635
P126,2	25636	25637
P28,3	25638	25639
P95,3	25640	25641
P58,3	25642	25642
P127,2	25643	25644
P96,2	25645	25646
P43,3	25647	25648
P130,2	25649	25650
P131,3	25651	25651
P97,2	25652	25653
P75,3	25654	25655
P132,3	25656	25657
P173,2	25658	25659
P61,2	25660	25661
P99,2	25662	25663
P133,3	25664	25665
P176,2	25666	25667
P30,3	25668	25669
P100,2	25670	25671
P181,2	25672	25673
P177,3	25674	25675
P78,3	25676	25677
P31,3	25678	25679
P184,2	25680	25681
P137,3	25682	25683
P102,3	25684	25685
P17,2	25686	25687
P106,2	25688	25689
P139,3	25690	25691
P80,3	25692	25693
P107,2	25694	25695
P188,2	25696	25697
P64,2	25698	25699
P189,3	25700	25701
P33,3	25702	25703
P49,3	25704	25705
P4,3	25706	25707
P81,2	25708	25709
P143,2	25710	25711
P109,2	25712	25713
P34,3	25714	25715
P83,3	25716	25717
P146,3	25718	25719
P25,2	25720	25721
P65,3	25722	25723
P111,2	25724	25725
P50,3	25726	25727
P195,3	25728	25729
P35,2	25730	25731
P112,3	25732	25733
P85,2	25734	25735
P66,3	25736	25737
P67,3	25738	25739
P200,2	25740	25741
P149,3	25742	25743
P26,2	25744	25745
P152,2	25746	25747
P19,3	25748	25749
P38,3	25750	25751
P153,2	25752	25753
P118,2	25754	25755
P69,2	25756	25757
P156,2	25758	25759
P120,2	25760	25761
P91,3	25762	25763
P122,3	25764	25765
P161,3	25766	25767
P162,2	25768	25769
P123,3	25770	25771
P92,2	25772	25773
P40,3	25774	25775
P126,2	25776	25777
P28,3	25778	25779
P95,3	25780	25781
P127,2	25782	25783
P96,2	25784	25785
P43,3	25786	25787
P130,2	25788	25789
P97,2	25790	25791
P75,3	25792	25793
P132,3	25794	25795
P173,2	25796	25797
P61,2	25798	25799
P99,2	25800	25801
P133,3	25802	25803
P176,2	25804	25805
P30,3	25806	25807
P100,2	25808	25809
P181,2	25810	25811
P177,3	25812	25813
P78,3	25814	25815
P31,3	25816	25817
P184,2	25818	25819
P137,3	25820	25821
P102,3	25822	25823
P17,2	25824	25825
P139,3	25826	25827
P80,3	25828	25829
P107,2	25830	25831
P188,2	25832	25833
P64,2	25834	25835
P189,3	25836	25837
P33,3	25838	25839
P49,3	25840	25841
P4,3	25842	25843
P81,2	25844	25845
P143,2	25846	25847
P109,2	25848	25849
P34,3	25850	25851
P83,3	25852	25853
P146,3	25854	25855
P25,2	25856	25857
P65,3	25858	25859
P111,2	25860	25861
P50,3	25862	25863
P195,3	25864	25865
P35,2	25866	25867
P112,3	25868	25869
P85,2	25870	25871
P66,3	25872	25873
P67,3	25874	25875
P200,2	25876	25877
P149,3	25878	25879
P26,2	25880	25881
P152,2	25882	25883
P19,3	25884	25885
P38,3	25886	25887
P153,2	25888	25889
P118,2	25890	25891
P69,2	25892	25893
P156,2	25894	25895
P120,2	25896	25897
P91,3	25898	25898
P122,3	25899	25900
P161,3	25901	25902
P162,2	25903	25904
P123,3	25905	25906
P92,2	25907	25907
P40,3	25908	25909
P126,2	25910	25911
P28,3	25912	25913
P95,3	25914	25915
P127,2	25916	25917
P96,2	25918	25919
P43,3	25920	25921
P130,2	25922	25923
P97,2	25924	25924
P75,3	25925	25925
P132,3	25926	25927
P173,2	25928	25929
P61,2	25930	25931
P99,2	25932	25933
P133,3	25934	25935
P176,2	25936	25937
P30,3	25938	25939
P100,2	25940	25941
P181,2	25942	25943
P177,3	25944	25945
P78,3	25946	25947
P31,3	25948	25949
P184,2	25950	25951
P137,3	25952	25953
P102,3	25954	25955
P17,2	25956	25957
P139,3	25958	25959
P80,3	25960	25961
P107,2	25962	25963
P188,2	25964	25965
P64,2	25966	25967
P189,3	25968	25969
P33,3	25970	25971
P49,3	25972	25973
P4,3	25974	25975
P81,2	25976	25977
P143,2	25978	25979
P109,2	25980	25980
P34,3	25981	25982
P83,3	25983	25984
P146,3	25985	25986
P25,2	25987	25988
P65,3	25989	25990
P111,2	25991	25992
P195,3	25993	25994
P35,2	25995	25996
P112,3	25997	25998
P85,2	25999	26000
P66,3	26001	26002
P67,3	26003	26004
P200,2	26005	26006
P149,3	26007	26008
P26,2	26009	26010
P152,2	26011	26012
P19,3	26013	26014
P38,3	26015	26016
P153,2	26017	26018
P118,2	26019	26020
P69,2	26021	26022
P156,2	26023	26024
P120,2	26025	26026
P122,3	26027	26028
P161,3	26029	26030
P162,2	26031	26032
P123,3	26033	26034
P40,3	26035	26036
P126,2	26037	26038
P28,3	26039	26040
P95,3	26041	26042
P127,2	26043	26044
P96,2	26045	26046
P43,3	26047	26048
P130,2	26049	26050
P132,3	26051	26052
P173,2	26053	26054
P97,3	26055	26056
P61,2	26057	26058
P99,2	26059	26060
P133,3	26061	26062
P176,2	26063	26064
P30,3	26065	26066
P100,2	26067	26068
P181,2	26069	26070
P177,3	26071	26072
P78,3	26073	26074
P31,3	26075	26076
P184,2	26077	26078
P137,3	26079	26080
P102,3	26081	26082
P139,3	26083	26084
P17,3	26085	26086
P80,3	26087	26088
P107,2	26089	26090
P188,2	26091	26092
P64,2	26093	26094
P189,3	26095	26096
P33,3	26097	26098
P49,3	26099	26100
P4,3	26101	26102
P81,2	26103	26104
P143,2	26105	26106
P34,3	26107	26108
P83,3	26109	26110
P146,3	26111	26112
P25,2	26113	26114
P65,3	26115	26116
P111,2	26117	26118
P195,3	26119	26120
P112,3	26121	26122
P85,2	26123	26124
P66,3	26125	26126
P67,3	26127	26128
P200,2	26129	26130
P149,3	26131	26132
P26,2	26133	26134
P152,2	26135	26136
P19,3	26137	26138
P38,3	26139	26140
P153,2	26141	26142
P118,2	26143	26144
P69,2	26145	26146
P156,2	26147	26148
P120,2	26149	26150
P122,3	26151	26152
P161,3	26153	26154
P162,2	26155	26156
P123,3	26157	26158
P40,3	26159	26160
P126,2	26161	26162
P28,3	26163	26164
P95,3	26165	26166
P127,2	26167	26168
P43,3	26169	26170
P130,2	26171	26172
P96,3	26173	26174
P132,3	26175	26176
P173,2	26177	26178
P97,3	26179	26180
P61,2	26181	26182
P99,2	26183	26184
P133,3	26185	26186
P176,2	26187	26188
P30,3	26189	26190
P100,2	26191	26192
P181,2	26193	26194
P177,3	26195	26196
P78,3	26197	26198
P31,3	26199	26200
P184,2	26201	26202
P137,3	26203	26204
P102,3	26205	26206
P139,3	26207	26208
P17,3	26209	26210
P80,3	26211	26212
P107,2	26213	26214
P188,2	26215	26216
P64,2	26217	26218
P189,3	26219	26220
P33,3	26221	26222
P49,3	26223	26224
P4,3	26225	26226
P81,2	26227	26228
P143,2	26229	26230
P34,3	26231	26232
P83,3	26233	26234
P146,3	26235	26236
P25,2	26237	26238
P65,3	26239	26240
P111,2	26241	26241
P195,3	26242	26243
P112,3	26244	26245
P66,3	26246	26247
P67,3	26248	26249
P200,2	26250	26251
P149,3	26252	26253
P26,2	26254	26255
P152,2	26256	26257
P19,3	26258	26259
P38,3	26260	26261
P153,2	26262	26263
P118,2	26264	26265
P69,2	26266	26267
P156,2	26268	26269
P120,2	26270	26271
P122,3	26272	26273
P161,3	26274	26275
P162,2	26276	26277
P123,3	26278	26279
P40,3	26280	26281
P126,2	26282	26283
P28,3	26284	26285
P95,3	26286	26287
P127,2	26288	26289
P43,3	26290	26291
P130,2	26292	26293
P96,3	26294	26295
P132,3	26296	26297
P173,2	26298	26299
P97,3	26300	26301
P61,2	26302	26303
P99,2	26304	26305
P133,3	26306	26307
P176,2	26308	26309
P30,3	26310	26311
P100,2	26312	26313
P181,2	26314	26315
P177,3	26316	26317
P78,3	26318	26319
P31,3	26320	26321
P184,2	26322	26323
P137,3	26324	26325
P102,3	26326	26327
P139,3	26328	26329
P17,3	26330	26331
P80,3	26332	26333
P107,2	26334	26335
P188,2	26336	26337
P64,2	26338	26339
P189,3	26340	26341
P33,3	26342	26343
P49,3	26344	26345
P4,3	26346	26347
P81,2	26348	26349
P143,2	26350	26351
P34,3	26352	26353
P83,3	26354	26355
P146,3	26356	26357
P25,2	26358	26359
P65,3	26360	26361
P195,3	26362	26363
P112,3	26364	26365
P66,3	26366	26367
P111,3	26368	26369
P67,3	26370	26371
P200,2	26372	26373
P149,3	26374	26375
P26,2	26376	26377
P152,2	26378	26379
P19,3	26380	26381
P38,3	26382	26383
P153,2	26384	26385
P118,2	26386	26387
P69,2	26388	26389
P156,2	26390	26391
P120,2	26392	26393
P122,3	26394	26395
P161,3	26396	26397
P162,2	26398	26399
P123,3	26400	26401
P40,3	26402	26403
P28,3	26404	26405
P95,3	26406	26407
P127,2	26408	26409
P43,3	26410	26411
P130,2	26412	26413
P96,3	26414	26415
P132,3	26416	26417
P173,2	26418	26419
P97,3	26420	26421
P61,2	26422	26423
P99,2	26424	26425
P133,3	26426	26427
P176,2	26428	26429
P30,3	26430	26431
P100,2	26432	26433
P181,2	26434	26435
P177,3	26436	26437
P78,3	26438	26439
P31,3	26440	26441
P184,2	26442	26443
P137,3	26444	26445
P102,3	26446	26447
P139,3	26448	26449
P17,3	26450	26451
P107,2	26452	26453
P188,2	26454	26455
P64,2	26456	26457
P189,3	26458	26459
P33,3	26460	26461
P49,3	26462	26463
P4,3	26464	26465
P81,2	26466	26467
P34,3	26468	26469
P83,3	26470	26471
P146,3	26472	26473
P143,3	26474	26475
P25,2	26476	26477
P65,3	26478	26479
P195,3	26480	26481
P112,3	26482	26483
P66,3	26484	26485
P111,3	26486	26487
P67,3	26488	26489
P200,2	26490	26491
P149,3	26492	26493
P26,2	26494	26495
P152,2	26496	26497
P19,3	26498	26499
P38,3	26500	26501
P153,2	26502	26503
P118,2	26504	26505
P69,2	26506	26507
P156,2	26508	26509
P120,2	26510	26511
P122,3	26512	26513
P161,3	26514	26515
P162,2	26516	26517
P123,3	26518	26519
P40,3	26520	26521
P28,3	26522	26523
P95,3	26524	26525
P127,2	26526	26527
P43,3	26528	26529
P130,2	26530	26531
P96,3	26532	26533
P132,3	26534	26535
P173,2	26536	26537
P97,3	26538	26539
P61,2	26540	26541
P99,2	26542	26543
P133,3	26544	26545
P176,2	26546	26547
P30,3	26548	26549
P100,2	26550	26551
P181,2	26552	26553
P177,3	26554	26555
P78,3	26556	26557
P31,3	26558	26559
P184,2	26560	26561
P137,3	26562	26563
P102,3	26564	26565
P139,3	26566	26567
P17,3	26568	26569
P107,2	26570	26571
P188,2	26572	26573
P64,2	26574	26575
P189,3	26576	26577
P33,3	26578	26579
P49,3	26580	26581
P4,3	26582	26583
P81,2	26584	26585
P34,3	26586	26587
P83,3	26588	26589
P146,3	26590	26591
P143,3	26592	26593
P25,2	26594	26595
P65,3	26596	26597
P195,3	26598	26599
P112,3	26600	26601
P66,3	26602	26603
P111,3	26604	26605
P67,3	26606	26607
P200,2	26608	26609
P149,3	26610	26611
P26,2	26612	26613
P152,2	26614	26615
P19,3	26616	26617
P38,3	26618	26619
P153,2	26620	26620
P118,2	26621	26622
P69,2	26623	26624
P156,2	26625	26626
P120,2	26627	26628
P122,3	26629	26630
P161,3	26631	26632
P162,2	26633	26634
P123,3	26635	26636
P40,3	26637	26638
P95,3	26639	26640
P127,2	26641	26642
P43,3	26643	26644
P130,2	26645	26646
P96,3	26647	26648
P132,3	26649	26650
P173,2	26651	26652
P97,3	26653	26654
P61,2	26655	26656
P99,2	26657	26658
P133,3	26659	26660
P176,2	26661	26661
P30,3	26662	26663
P100,2	26664	26665
P181,2	26666	26667
P177,3	26668	26669
P78,3	26670	26671
P31,3	26672	26673
P184,2	26674	26675
P137,3	26676	26677
P102,3	26678	26679
P139,3	26680	26681
P17,3	26682	26683
P107,2	26684	26684
P188,2	26685	26686
P64,2	26687	26688
P189,3	26689	26690
P33,3	26691	26692
P49,3	26693	26694
P4,3	26695	26696
P81,2	26697	26698
P34,3	26699	26700
P83,3	26701	26702
P146,3	26703	26704
P143,3	26705	26706
P25,2	26707	26708
P65,3	26709	26710
P195,3	26711	26712
P112,3	26713	26714
P66,3	26715	26716
P111,3	26717	26718
P67,3	26719	26720
P200,2	26721	26722
P149,3	26723	26724
P26,2	26725	26726
P152,2	26727	26728
P19,3	26729	26730
P38,3	26731	26732
P118,2	26733	26734
P69,2	26735	26736
P156,2	26737	26738
P120,2	26739	26740
P122,3	26741	26742
P161,3	26743	26744
P162,2	26745	26746
P123,3	26747	26748
P40,3	26749	26750
P95,3	26751	26752
P127,2	26753	26754
P43,3	26755	26756
P130,2	26757	26758
P96,3	26759	26760
P132,3	26761	26762
P173,2	26763	26764
P97,3	26765	26766
P61,2	26767	26768
P99,2	26769	26770
P133,3	26771	26772
P30,3	26773	26774
P100,2	26775	26776
P181,2	26777	26778
P177,3	26779	26780
P78,3	26781	26782
P31,3	26783	26784
P184,2	26785	26786
P137,3	26787	26788
P102,3	26789	26790
P139,3	26791	26792
P17,3	26793	26794
P188,2	26795	26796
P64,2	26797	26798
P107,3	26799	26800
P189,3	26801	26802
P33,3	26803	26804
P49,3	26805	26806
P4,3	26807	26808
P81,2	26809	26810
P34,3	26811	26812
P83,3	26813	26814
P146,3	26815	26816
P143,3	26817	26818
P25,2	26819	26820
P65,3	26821	26822
P195,3	26823	26824
P112,3	26825	26825
P66,3	26826	26827
P111,3	26828	26829
P67,3	26830	26831
P200,2	26832	26833
P149,3	26834	26835
P26,2	26836	26837
P152,2	26838	26839
P19,3	26840	26841
P38,3	26842	26843
P118,2	26844	26845
P69,2	26846	26847
P156,2	26848	26849
P120,2	26850	26851
P122,3	26852	26853
P161,3	26854	26855
P162,2	26856	26857
P123,3	26858	26859
P40,3	26860	26861
P95,3	26862	26863
P127,2	26864	26865
P43,3	26866	26867
P130,2	26868	26869
P96,3	26870	26871
P132,3	26872	26873
P173,2	26874	26875
P97,3	26876	26877
P99,2	26878	26879
P61,3	26880	26881
P133,3	26882	26883
P30,3	26884	26885
P100,2	26886	26887
P181,2	26888	26889
P177,3	26890	26891
P78,3	26892	26893
P31,3	26894	26895
P184,2	26896	26896
P137,3	26897	26898
P102,3	26899	26900
P139,3	26901	26902
P17,3	26903	26904
P188,2	26905	26906
P64,2	26907	26908
P107,3	26909	26910
P189,3	26911	26912
P33,3	26913	26914
P49,3	26915	26916
P4,3	26917	26918
P81,2	26919	26920
P34,3	26921	26922
P83,3	26923	26924
P146,3	26925	26926
P143,3	26927	26928
P25,2	26929	26930
P65,3	26931	26932
P195,3	26933	26934
P66,3	26935	26936
P111,3	26937	26938
P67,3	26939	26940
P200,2	26941	26942
P149,3	26943	26944
P152,2	26945	26946
P19,3	26947	26948
P38,3	26949	26950
P118,2	26951	26952
P69,2	26953	26954
P156,2	26955	26956
P120,2	26957	26958
P122,3	26959	26960
P161,3	26961	26962
P162,2	26963	26964
P123,3	26965	26966
P40,3	26967	26968
P95,3	26969	26970
P127,2	26971	26972
P43,3	26973	26974
P130,2	26975	26976
P96,3	26977	26978
P132,3	26979	26980
P173,2	26981	26982
P97,3	26983	26984
P99,2	26985	26986
P61,3	26987	26988
P133,3	26989	26990
P30,3	26991	26992
P100,2	26993	26994
P181,2	26995	26996
P177,3	26997	26998
P78,3	26999	27000
P31,3	27001	27002
P137,3	27003	27004
P184,3	27005	27006
P102,3	27007	27008
P139,3	27009	27010
P17,3	27011	27012
P188,2	27013	27014
P64,2	27015	27016
P107,3	27017	27018
P189,3	27019	27020
P33,3	27021	27022
P49,3	27023	27023
P4,3	27024	27025
P81,2	27026	27027
P34,3	27028	27029
P83,3	27030	27031
P146,3	27032	27033
P143,3	27034	27035
P25,2	27036	27037
P65,3	27038	27039
P195,3	27040	27041
P66,3	27042	27043
P111,3	27044	27045
P67,3	27046	27047
P200,2	27048	27049
P149,3	27050	27051
P19,3	27052	27053
P38,3	27054	27055
P118,2	27056	27057
P69,2	27058	27059
P156,2	27060	27061
P120,2	27062	27063
P122,3	27064	27065
P161,3	27066	27067
P162,2	27068	27069
P123,3	27070	27071
P40,3	27072	27073
P95,3	27074	27075
P127,2	27076	27077
P43,3	27078	27079
P130,2	27080	27081
P96,3	27082	27083
P132,3	27084	27084
P173,2	27085	27086
P97,3	27087	27088
P99,2	27089	27090
P61,3	27091	27092
P133,3	27093	27094
P30,3	27095	27096
P100,2	27097	27097
P181,2	27098	27099
P177,3	27100	27101
P78,3	27102	27103
P31,3	27104	27105
P137,3	27106	27107
P184,3	27108	27109
P102,3	27110	27111
P139,3	27112	27113
P17,3	27114	27115
P188,2	27116	27117
P64,2	27118	27119
P107,3	27120	27121
P189,3	27122	27123
P33,3	27124	27125
P4,3	27126	27127
P81,2	27128	27129
P34,3	27130	27131
P83,3	27132	27133
P146,3	27134	27135
P143,3	27136	27137
P25,2	27138	27139
P65,3	27140	27141
P195,3	27142	27143
P66,3	27144	27145
P111,3	27146	27147
P200,2	27148	27149
P149,3	27150	27151
P19,3	27152	27153
P38,3	27154	27155
P118,2	27156	27157
P69,2	27158	27159
P156,2	27160	27161
P120,2	27162	27163
P122,3	27164	27165
P161,3	27166	27167
P162,2	27168	27169
P123,3	27170	27171
P40,3	27172	27173
P95,3	27174	27175
P127,2	27176	27177
P43,3	27178	27179
P130,2	27180	27181
P96,3	27182	27183
P173,2	27184	27185
P97,3	27186	27187
P99,2	27188	27188
P61,3	27189	27190
P133,3	27191	27192
P30,3	27193	27194
P181,2	27195	27196
P177,3	27197	27197
P78,3	27198	27199
P100,3	27200	27201
P31,3	27202	27203
P137,3	27204	27205
P184,3	27206	27207
P102,3	27208	27209
P139,3	27210	27211
P17,3	27212	27213
P188,2	27214	27215
P64,2	27216	27217
P107,3	27218	27219
P189,3	27220	27221
P33,3	27222	27223
P4,3	27224	27225
P81,2	27226	27227
P34,3	27228	27229
P83,3	27230	27231
P146,3	27232	27233
P143,3	27234	27235
P25,2	27236	27237
P65,3	27238	27239
P195,3	27240	27241
P66,3	27242	27243
P111,3	27244	27245
P200,2	27246	27247
P149,3	27248	27249
P19,3	27250	27251
P38,3	27252	27253
P118,2	27254	27255
P69,2	27256	27256
P156,2	27257	27258
P120,2	27259	27260
P122,3	27261	27262
P161,3	27263	27264
P162,2	27265	27266
P123,3	27267	27268
P40,3	27269	27270
P95,3	27271	27272
P127,2	27273	27274
P43,3	27275	27276
P130,2	27277	27278
P96,3	27279	27280
P173,2	27281	27282
P97,3	27283	27284
P61,3	27285	27286
P99,3	27287	27288
P133,3	27289	27290
P30,3	27291	27292
P181,3	27293	27294
P78,3	27295	27296
P100,3	27297	27298
P31,3	27299	27300
P137,3	27301	27302
P184,3	27303	27304
P102,3	27305	27306
P139,3	27307	27308
P17,3	27309	27310
P188,2	27311	27312
P64,2	27313	27314
P107,3	27315	27316
P189,3	27317	27318
P33,3	27319	27320
P4,3	27321	27322
P81,2	27323	27324
P34,3	27325	27326
P83,3	27327	27328
P146,3	27329	27330
P143,3	27331	27332
P25,2	27333	27334
P65,3	27335	27336
P195,3	27337	27338
P66,3	27339	27340
P111,3	27341	27342
P149,3	27343	27344
P19,3	27345	27345
P38,3	27346	27347
P200,3	27348	27349
P118,2	27350	27351
P156,2	27352	27353
P122,3	27354	27355
P161,3	27356	27357
P120,3	27358	27359
P123,3	27360	27361
P40,3	27362	27363
P162,3	27364	27365
P95,3	27366	27367
P127,2	27368	27369
P43,3	27370	27371
P130,2	27372	27373
P96,3	27374	27375
P173,2	27376	27377
P97,3	27378	27379
P61,3	27380	27381
P99,3	27382	27383
P133,3	27384	27385
P30,3	27386	27387
P181,3	27388	27389
P78,3	27390	27391
P100,3	27392	27393
P31,3	27394	27395
P137,3	27396	27397
P184,3	27398	27399
P102,3	27400	27401
P139,3	27402	27403
P17,3	27404	27405
P188,2	27406	27407
P64,2	27408	27409
P107,3	27410	27411
P189,3	27412	27413
P33,3	27414	27415
P4,3	27416	27417
P81,2	27418	27419
P34,3	27420	27421
P83,3	27422	27423
P146,3	27424	27425
P143,3	27426	27427
P25,2	27428	27429
P65,3	27430	27431
P195,3	27432	27433
P66,3	27434	27435
P111,3	27436	27437
P149,3	27438	27439
P38,3	27440	27441
P200,3	27442	27443
P118,2	27444	27445
P156,2	27446	27447
P122,3	27448	27449
P161,3	27450	27450
P120,3	27451	27452
P123,3	27453	27454
P40,3	27455	27455
P162,3	27456	27457
P95,3	27458	27459
P127,2	27460	27461
P43,3	27462	27463
P130,2	27464	27465
P96,3	27466	27467
P173,2	27468	27469
P97,3	27470	27471
P61,3	27472	27473
P99,3	27474	27475
P133,3	27476	27477
P181,3	27478	27479
P78,3	27480	27481
P100,3	27482	27483
P31,3	27484	27485
P137,3	27486	27487
P184,3	27488	27489
P102,3	27490	27491
P139,3	27492	27493
P17,3	27494	27495
P188,2	27496	27497
P64,2	27498	27499
P107,3	27500	27501
P189,3	27502	27503
P33,3	27504	27505
P4,3	27506	27507
P34,3	27508	27509
P81,3	27510	27511
P83,3	27512	27512
P146,3	27513	27514
P143,3	27515	27516
P25,2	27517	27518
P65,3	27519	27520
P195,3	27521	27522
P66,3	27523	27524
P111,3	27525	27526
P149,3	27527	27528
P38,3	27529	27530
P200,3	27531	27532
P118,2	27533	27534
P156,2	27535	27536
P122,3	27537	27538
P120,3	27539	27540
P123,3	27541	27542
P162,3	27543	27544
P95,3	27545	27546
P127,2	27547	27548
P43,3	27549	27550
P130,2	27551	27552
P96,3	27553	27554
P173,2	27555	27556
P97,3	27557	27558
P61,3	27559	27560
P99,3	27561	27562
P133,3	27563	27564
P181,3	27565	27566
P78,3	27567	27568
P100,3	27569	27570
P31,3	27571	27572
P137,3	27573	27574
P184,3	27575	27576
P102,3	27577	27578
P139,3	27579	27580
P17,3	27581	27582
P188,2	27583	27584
P64,2	27585	27586
P107,3	27587	27588
P189,3	27589	27590
P33,3	27591	27592
P4,3	27593	27594
P34,3	27595	27596
P81,3	27597	27598
P146,3	27599	27600
P143,3	27601	27602
P25,2	27603	27604
P65,3	27605	27606
P195,3	27607	27608
P66,3	27609	27610
P111,3	27611	27612
P149,3	27613	27614
P38,3	27615	27616
P200,3	27617	27618
P118,2	27619	27620
P122,3	27621	27622
P120,3	27623	27624
P123,3	27625	27626
P162,3	27627	27628
P95,3	27629	27630
P127,2	27631	27632
P43,3	27633	27634
P130,2	27635	27636
P96,3	27637	27638
P173,2	27639	27640
P97,3	27641	27642
P61,3	27643	27644
P99,3	27645	27646
P133,3	27647	27648
P181,3	27649	27650
P78,3	27651	27652
P100,3	27653	27654
P31,3	27655	27655
P137,3	27656	27656
P184,3	27657	27658
P102,3	27659	27660
P139,3	27661	27662
P17,3	27663	27664
P188,2	27665	27666
P107,3	27667	27668
P189,3	27669	27670
P64,3	27671	27672
P33,3	27673	27674
P4,3	27675	27676
P34,3	27677	27678
P81,3	27679	27680
P146,3	27681	27682
P143,3	27683	27684
P25,2	27685	27686
P65,3	27687	27688
P195,3	27689	27690
P66,3	27691	27692
P111,3	27693	27694
P149,3	27695	27696
P38,3	27697	27698
P200,3	27699	27700
P118,2	27701	27702
P122,3	27703	27704
P120,3	27705	27706
P123,3	27707	27708
P162,3	27709	27710
P95,3	27711	27712
P127,2	27713	27714
P43,3	27715	27716
P130,2	27717	27717
P96,3	27718	27719
P173,2	27720	27721
P97,3	27722	27723
P61,3	27724	27725
P99,3	27726	27727
P133,3	27728	27729
P181,3	27730	27731
P78,3	27732	27733
P100,3	27734	27735
P184,3	27736	27737
P102,3	27738	27739
P139,3	27740	27741
P17,3	27742	27743
P188,2	27744	27745
P107,3	27746	27747
P189,3	27748	27748
P64,3	27749	27750
P33,3	27751	27752
P4,3	27753	27754
P34,3	27755	27756
P81,3	27757	27758
P146,3	27759	27760
P143,3	27761	27762
P25,2	27763	27764
P65,3	27765	27766
P195,3	27767	27768
P66,3	27769	27770
P111,3	27771	27772
P149,3	27773	27774
P38,3	27775	27776
P200,3	27777	27778
P118,2	27779	27780
P122,3	27781	27782
P120,3	27783	27784
P123,3	27785	27786
P162,3	27787	27788
P95,3	27789	27790
P127,2	27791	27792
P43,3	27793	27794
P96,3	27795	27796
P173,2	27797	27798
P97,3	27799	27800
P61,3	27801	27802
P99,3	27803	27804
P133,3	27805	27806
P181,3	27807	27808
P78,3	27809	27809
P100,3	27810	27811
P184,3	27812	27813
P102,3	27814	27815
P139,3	27816	27817
P17,3	27818	27819
P107,3	27820	27821
P64,3	27822	27823
P33,3	27824	27825
P4,3	27826	27827
P34,3	27828	27829
P81,3	27830	27831
P143,3	27832	27833
P25,2	27834	27835
P65,3	27836	27837
P195,3	27838	27839
P66,3	27840	27841
P111,3	27842	27843
P149,3	27844	27845
P38,3	27846	27847
P200,3	27848	27849
P118,2	27850	27851
P122,3	27852	27853
P120,3	27854	27855
P123,3	27856	27857
P162,3	27858	27859
P95,3	27860	27861
P127,2	27862	27863
P43,3	27864	27865
P96,3	27866	27867
P173,2	27868	27869
P97,3	27870	27871
P61,3	27872	27873
P99,3	27874	27875
P133,3	27876	27877
P181,3	27878	27879
P100,3	27880	27881
P184,3	27882	27883
P102,3	27884	27885
P139,3	27886	27887
P17,3	27888	27889
P107,3	27890	27891
P64,3	27892	27893
P33,3	27894	27895
P4,3	27896	27897
P34,3	27898	27899
P81,3	27900	27901
P143,3	27902	27903
P25,2	27904	27905
P195,3	27906	27907
P66,3	27908	27909
P111,3	27910	27911
P149,3	27912	27913
P38,3	27914	27915
P200,3	27916	27917
P118,2	27918	27919
P122,3	27920	27921
P120,3	27922	27923
P123,3	27924	27925
P162,3	27926	27927
P95,3	27928	27928
P127,2	27929	27930
P43,3	27931	27931
P96,3	27932	27933
P173,2	27934	27935
P97,3	27936	27937
P61,3	27938	27939
P99,3	27940	27941
P133,3	27942	27943
P181,3	27944	27945
P100,3	27946	27947
P184,3	27948	27949
P102,3	27950	27951
P139,3	27952	27953
P17,3	27954	27955
P107,3	27956	27957
P64,3	27958	27959
P33,3	27960	27961
P4,3	27962	27963
P34,3	27964	27965
P81,3	27966	27967
P143,3	27968	27969
P25,2	27970	27971
P195,3	27972	27973
P66,3	27974	27975
P111,3	27976	27977
P149,3	27978	27979
P38,3	27980	27981
P200,3	27982	27983
P118,2	27984	27985
P122,3	27986	27987
P120,3	27988	27989
P123,3	27990	27990
P162,3	27991	27992
P127,2	27993	27994
P96,3	27995	27996
P173,2	27997	27998
P97,3	27999	28000
P61,3	28001	28002
P99,3	28003	28004
P133,3	28005	28006
P181,3	28007	28008
P100,3	28009	28010
P184,3	28011	28012
P102,3	28013	28014
P139,3	28015	28016
P17,3	28017	28018
P107,3	28019	28020
P64,3	28021	28022
P33,3	28023	28024
P4,3	28025	28026
P34,3	28027	28028
P81,3	28029	28030
P143,3	28031	28032
P25,2	28033	28034
P195,3	28035	28036
P66,3	28037	28038
P111,3	28039	28040
P149,3	28041	28042
P38,3	28043	28044
P200,3	28045	28046
P118,2	28047	28048
P122,3	28049	28050
P120,3	28051	28052
P162,3	28053	28054
P127,2	28055	28056
P96,3	28057	28058
P173,2	28059	28059
P97,3	28060	28061
P61,3	28062	28063
P99,3	28064	28065
P133,3	28066	28067
P181,3	28068	28069
P100,3	28070	28071
P184,3	28072	28073
P102,3	28074	28075
P139,3	28076	28076
P17,3	28077	28078
P107,3	28079	28080
P64,3	28081	28082
P33,3	28083	28084
P4,3	28085	28086
P34,3	28087	28088
P81,3	28089	28090
P143,3	28091	28092
P25,2	28093	28094
P195,3	28095	28096
P66,3	28097	28098
P111,3	28099	28100
P149,3	28101	28102
P38,3	28103	28104
P200,3	28105	28106
P118,2	28107	28107
P122,3	28108	28109
P120,3	28110	28111
P162,3	28112	28113
P127,2	28114	28115
P96,3	28116	28117
P173,3	28118	28119
P97,3	28120	28121
P61,3	28122	28123
P99,3	28124	28125
P133,3	28126	28127
P181,3	28128	28129
P100,3	28130	28131
P184,3	28132	28133
P102,3	28134	28135
P17,3	28136	28137
P107,3	28138	28139
P64,3	28140	28141
P33,3	28142	28143
P4,3	28144	28145
P34,3	28146	28147
P81,3	28148	28149
P143,3	28150	28151
P25,2	28152	28152
P195,3	28153	28154
P66,3	28155	28156
P111,3	28157	28158
P149,3	28159	28160
P38,3	28161	28162
P200,3	28163	28164
P122,3	28165	28166
P120,3	28167	28168
P162,3	28169	28170
P127,2	28171	28172
P96,3	28173	28174
P173,3	28175	28176
P97,3	28177	28178
P61,3	28179	28180
P99,3	28181	28182
P133,3	28183	28184
P181,3	28185	28186
P100,3	28187	28188
P184,3	28189	28190
P102,3	28191	28192
P17,3	28193	28194
P107,3	28195	28196
P64,3	28197	28198
P33,3	28199	28200
P4,3	28201	28202
P34,3	28203	28204
P81,3	28205	28206
P143,3	28207	28208
P195,3	28209	28210
P66,3	28211	28212
P111,3	28213	28214
P25,3	28215	28216
P149,3	28217	28218
P38,3	28219	28220
P200,3	28221	28222
P122,3	28223	28224
P120,3	28225	28226
P162,3	28227	28228
P96,3	28229	28230
P127,3	28231	28232
P173,3	28233	28234
P97,3	28235	28236
P61,3	28237	28238
P99,3	28239	28240
P133,3	28241	28242
P181,3	28243	28244
P100,3	28245	28246
P184,3	28247	28248
P102,3	28249	28250
P17,3	28251	28252
P107,3	28253	28254
P64,3	28255	28256
P33,3	28257	28258
P4,3	28259	28260
P81,3	28261	28262
P143,3	28263	28264
P195,3	28265	28266
P66,3	28267	28268
P111,3	28269	28270
P25,3	28271	28272
P149,3	28273	28274
P38,3	28275	28276
P200,3	28277	28278
P122,3	28279	28280
P120,3	28281	28282
P162,3	28283	28284
P96,3	28285	28286
P127,3	28287	28288
P173,3	28289	28290
P97,3	28291	28292
P61,3	28293	28294
P99,3	28295	28296
P133,3	28297	28298
P181,3	28299	28300
P100,3	28301	28302
P184,3	28303	28304
P102,3	28305	28306
P17,3	28307	28308
P107,3	28309	28310
P64,3	28311	28312
P33,3	28313	28314
P4,3	28315	28316
P81,3	28317	28318
P143,3	28319	28320
P195,3	28321	28322
P66,3	28323	28324
P111,3	28325	28326
P25,3	28327	28328
P149,3	28329	28330
P38,3	28331	28332
P200,3	28333	28334
P122,3	28335	28336
P120,3	28337	28338
P162,3	28339	28340
P96,3	28341	28342
P127,3	28343	28344
P173,3	28345	28346
P97,3	28347	28348
P61,3	28349	28350
P99,3	28351	28352
P133,3	28353	28353
P181,3	28354	28355
P100,3	28356	28357
P184,3	28358	28359
P102,3	28360	28361
P17,3	28362	28363
P107,3	28364	28365
P64,3	28366	28367
P33,3	28368	28369
P4,3	28370	28371
P81,3	28372	28373
P143,3	28374	28375
P195,3	28376	28377
P66,3	28378	28379
P111,3	28380	28381
P25,3	28382	28383
P149,3	28384	28385
P38,3	28386	28387
P200,3	28388	28389
P122,3	28390	28391
P120,3	28392	28393
P162,3	28394	28395
P96,3	28396	28397
P127,3	28398	28399
P173,3	28400	28401
P97,3	28402	28403
P61,3	28404	28405
P99,3	28406	28407
P181,3	28408	28409
P100,3	28410	28411
P184,3	28412	28413
P102,3	28414	28415
P17,3	28416	28417
P107,3	28418	28419
P64,3	28420	28421
P33,3	28422	28423
P4,3	28424	28425
P81,3	28426	28427
P143,3	28428	28429
P66,3	28430	28431
P111,3	28432	28433
P25,3	28434	28435
P149,3	28436	28437
P38,3	28438	28439
P200,3	28440	28441
P122,3	28442	28443
P120,3	28444	28445
P162,3	28446	28447
P96,3	28448	28449
P127,3	28450	28451
P173,3	28452	28453
P97,3	28454	28455
P61,3	28456	28457
P99,3	28458	28459
P181,3	28460	28461
P100,3	28462	28463
P184,3	28464	28465
P102,3	28466	28467
P17,3	28468	28469
P107,3	28470	28471
P64,3	28472	28473
P4,3	28474	28475
P81,3	28476	28477
P143,3	28478	28479
P66,3	28480	28481
P111,3	28482	28483
P25,3	28484	28485
P149,3	28486	28487
P38,3	28488	28489
P200,3	28490	28491
P122,3	28492	28493
P120,3	28494	28495
P162,3	28496	28497
P96,3	28498	28499
P127,3	28500	28501
P173,3	28502	28503
P97,3	28504	28505
P61,3	28506	28507
P99,3	28508	28509
P181,3	28510	28511
P100,3	28512	28513
P184,3	28514	28514
P102,3	28515	28516
P17,3	28517	28518
P107,3	28519	28520
P64,3	28521	28522
P4,3	28523	28524
P81,3	28525	28526
P143,3	28527	28528
P66,3	28529	28530
P111,3	28531	28532
P25,3	28533	28534
P149,3	28535	28536
P38,3	28537	28538
P200,3	28539	28540
P122,3	28541	28542
P120,3	28543	28544
P162,3	28545	28546
P96,3	28547	28548
P127,3	28549	28550
P173,3	28551	28552
P97,3	28553	28554
P61,3	28555	28556
P99,3	28557	28557
P181,3	28558	28559
P100,3	28560	28561
P102,3	28562	28563
P17,3	28564	28565
P107,3	28566	28567
P64,3	28568	28569
P4,3	28570	28571
P81,3	28572	28573
P143,3	28574	28575
P66,3	28576	28577
P111,3	28578	28579
P25,3	28580	28581
P149,3	28582	28583
P38,3	28584	28585
P200,3	28586	28587
P122,3	28588	28589
P120,3	28590	28591
P162,3	28592	28593
P96,3	28594	28595
P127,3	28596	28597
P173,3	28598	28599
P97,3	28600	28601
P61,3	28602	28603
P181,3	28604	28605
P100,3	28606	28607
P102,3	28608	28609
P17,3	28610	28611
P107,3	28612	28613
P64,3	28614	28615
P4,3	28616	28617
P81,3	28618	28619
P143,3	28620	28621
P66,3	28622	28623
P111,3	28624	28625
P25,3	28626	28627
P149,3	28628	28629
P38,3	28630	28631
P200,3	28632	28633
P122,3	28634	28635
P120,3	28636	28637
P162,3	28638	28639
P96,3	28640	28641
P127,3	28642	28643
P173,3	28644	28645
P97,3	28646	28647
P61,3	28648	28649
P181,3	28650	28651
P100,3	28652	28653
P102,3	28654	28655
P17,3	28656	28657
P107,3	28658	28659
P64,3	28660	28661
P4,3	28662	28663
P81,3	28664	28665
P143,3	28666	28667
P66,3	28668	28669
P111,3	28670	28671
P25,3	28672	28673
P149,3	28674	28675
P38,3	28676	28677
P200,3	28678	28679
P122,3	28680	28681
P120,3	28682	28683
P162,3	28684	28685
P96,3	28686	28687
P127,3	28688	28689
P173,3	28690	28691
P97,3	28692	28693
P61,3	28694	28695
P181,3	28696	28697
P100,3	28698	28699
P102,3	28700	28701
P17,3	28702	28703
P107,3	28704	28705
P64,3	28706	28707
P4,3	28708	28709
P81,3	28710	28711
P143,3	28712	28713
P66,3	28714	28715
P111,3	28716	28717
P25,3	28718	28719
P149,3	28720	28721
P38,3	28722	28723
P200,3	28724	28725
P122,3	28726	28727
P120,3	28728	28729
P162,3	28730	28731
P96,3	28732	28733
P127,3	28734	28735
P173,3	28736	28737
P97,3	28738	28738
P61,3	28739	28740
P181,3	28741	28742
P100,3	28743	28744
P102,3	28745	28746
P17,3	28747	28748
P107,3	28749	28750
P64,3	28751	28752
P4,3	28753	28754
P81,3	28755	28756
P143,3	28757	28758
P66,3	28759	28760
P111,3	28761	28762
P25,3	28763	28764
P149,3	28765	28766
P38,3	28767	28768
P200,3	28769	28770
P122,3	28771	28772
P162,3	28773	28774
P96,3	28775	28776
P127,3	28777	28778
P173,3	28779	28780
P61,3	28781	28782
P181,3	28783	28784
P100,3	28785	28786
P102,3	28787	28788
P107,3	28789	28790
P64,3	28791	28792
P4,3	28793	28794
P81,3	28795	28796
P143,3	28797	28798
P66,3	28799	28800
P111,3	28801	28802
P25,3	28803	28804
P149,3	28805	28806
P38,3	28807	28808
P200,3	28809	28810
P122,3	28811	28812
P162,3	28813	28814
P96,3	28815	28816
P127,3	28817	28818
P173,3	28819	28820
P61,3	28821	28822
P181,3	28823	28824
P100,3	28825	28826
P107,3	28827	28828
P64,3	28829	28830
P4,3	28831	28832
P81,3	28833	28834
P143,3	28835	28836
P66,3	28837	28838
P111,3	28839	28840
P25,3	28841	28842
P149,3	28843	28844
P38,3	28845	28846
P200,3	28847	28848
P122,3	28849	28849
P162,3	28850	28851
P96,3	28852	28853
P127,3	28854	28855
P173,3	28856	28857
P61,3	28858	28859
P181,3	28860	28861
P100,3	28862	28863
P107,3	28864	28865
P64,3	28866	28867
P4,3	28868	28869
P81,3	28870	28871
P143,3	28872	28873
P111,3	28874	28875
P25,3	28876	28877
P149,3	28878	28879
P38,3	28880	28881
P200,3	28882	28883
P162,3	28884	28885
P96,3	28886	28887
P127,3	28888	28889
P173,3	28890	28891
P61,3	28892	28893
P181,3	28894	28895
P100,3	28896	28897
P107,3	28898	28899
P64,3	28900	28901
P4,3	28902	28903
P81,3	28904	28905
P143,3	28906	28907
P111,3	28908	28909
P25,3	28910	28911
P149,3	28912	28913
P38,3	28914	28915
P200,3	28916	28917
P162,3	28918	28919
P96,3	28920	28921
P127,3	28922	28923
P173,3	28924	28925
P61,3	28926	28927
P181,3	28928	28929
P100,3	28930	28931
P107,3	28932	28933
P64,3	28934	28935
P4,3	28936	28937
P81,3	28938	28938
P143,3	28939	28940
P111,3	28941	28942
P25,3	28943	28944
P149,3	28945	28946
P38,3	28947	28948
P200,3	28949	28950
P162,3	28951	28952
P96,3	28953	28954
P127,3	28955	28956
P173,3	28957	28958
P61,3	28959	28960
P181,3	28961	28962
P100,3	28963	28964
P107,3	28965	28966
P64,3	28967	28968
P4,3	28969	28970
P143,3	28971	28972
P111,3	28973	28974
P25,3	28975	28976
P149,3	28977	28978
P38,3	28979	28980
P200,3	28981	28982
P162,3	28983	28984
P96,3	28985	28986
P127,3	28987	28988
P173,3	28989	28989
P61,3	28990	28991
P181,3	28992	28993
P100,3	28994	28995
P107,3	28996	28997
P64,3	28998	28999
P4,3	29000	29001
P143,3	29002	29003
P111,3	29004	29005
P25,3	29006	29007
P149,3	29008	29009
P200,3	29010	29011
P162,3	29012	29013
P96,3	29014	29015
P127,3	29016	29017
P181,3	29018	29019
P100,3	29020	29021
P107,3	29022	29023
P64,3	29024	29025
P4,3	29026	29027
P143,3	29028	29029
P111,3	29030	29031
P25,3	29032	29033
P200,3	29034	29035
P162,3	29036	29037
P96,3	29038	29039
P127,3	29040	29041
P181,3	29042	29043
P100,3	29044	29045
P107,3	29046	29047
P64,3	29048	29048
P4,3	29049	29050
P143,3	29051	29052
P111,3	29053	29054
P25,3	29055	29056
P200,3	29057	29058
P162,3	29059	29060
P96,3	29061	29062
P127,3	29063	29064
P181,3	29065	29066
P100,3	29067	29068
P107,3	29069	29070
P4,3	29071	29072
P143,3	29073	29074
P111,3	29075	29076
P25,3	29077	29078
P200,3	29079	29080
P162,3	29081	29082
P96,3	29083	29084
P127,3	29085	29086
P181,3	29087	29088
P100,3	29089	29090
P107,3	29091	29092
P4,3	29093	29094
P143,3	29095	29096
P111,3	29097	29098
P25,3	29099	29100
P200,3	29101	29102
P162,3	29103	29104
P96,3	29105	29106
P127,3	29107	29108
P181,3	29109	29110
P100,3	29111	29112
P107,3	29113	29114
P4,3	29115	29116
P143,3	29117	29118
P111,3	29119	29120
P25,3	29121	29122
P200,3	29123	29124
P162,3	29125	29126
P96,3	29127	29128
P127,3	29129	29130
P181,3	29131	29132
P100,3	29133	29134
P107,3	29135	29136
P4,3	29137	29138
P111,3	29139	29140
P25,3	29141	29142
P200,3	29143	29144
P162,3	29145	29146
P96,3	29147	29148
P127,3	29149	29150
P181,3	29151	29152
P100,3	29153	29154
P107,3	29155	29156
P4,3	29157	29158
P200,3	29159	29160
P162,3	29161	29162
P96,3	29163	29163
P127,3	29164	29165
P181,3	29166	29167
P100,3	29168	29168
P107,3	29169	29170
P4,3	29171	29172
P200,3	29173	29174
P162,3	29175	29176
P127,3	29177	29178
P181,3	29179	29180
P107,3	29181	29182
P4,3	29183	29183
P200,3	29184	29185
P162,3	29186	29187
P127,3	29188	29189
P181,3	29190	29191
P107,3	29192	29193
P200,3	29194	29195
P162,3	29196	29197
P127,3	29198	29199
P181,3	29200	29201
P107,3	29202	29203
P200,3	29204	29205
P162,3	29206	29207
P127,3	29208	29209
P181,3	29210	29211
P107,3	29212	29213
P200,3	29214	29215
P162,3	29216	29217
P127,3	29218	29219
P181,3	29220	29221
P107,3	29222	29223
P200,3	29224	29225
P162,3	29226	29227
P127,3	29228	29229
P181,3	29230	29231
P107,3	29232	29233
P200,3	29234	29235
P162,3	29236	29237
P127,3	29238	29239
P181,3	29240	29241
P107,3	29242	29243
P200,3	29244	29245
P162,3	29246	29247
P127,3	29248	29249
P181,3	29250	29251
P107,3	29252	29253
P200,3	29254	29255
P162,3	29256	29257
P127,3	29258	29259
P181,3	29260	29261
P107,3	29262	29263
P200,3	29264	29265
P162,3	29266	29267
P127,3	29268	29269
P181,3	29270	29271
P107,3	29272	29273
P200,3	29274	29275
P162,3	29276	29277
P127,3	29278	29279
P181,3	29280	29281
P107,3	29282	29283
P200,3	29284	29285
P162,3	29286	29287
P127,3	29288	29289
P181,3	29290	29291
P107,3	29292	29293
P200,3	29294	29295
P162,3	29296	29297
P127,3	29298	29299
P181,3	29300	29301
P107,3	29302	29303
P200,3	29304	29305
P162,3	29306	29307
P127,3	29308	29309
P107,3	29310	29311
P200,3	29312	29313
P162,3	29314	29315
P127,3	29316	29317
P200,3	29318	29319
P162,3	29320	29321
P127,3	29322	29323
P200,3	29324	29324
P162,3	29325	29326
P127,3	29327	29328
P162,3	29329	29330
P127,3	29331	29332
P162,3	29333	29334
P127,3	29335	29336
P162,3	29337	29338
P127,3	29339	29340
P162,3	29341	29341
P127,3	29342	29353
