CPU0
P1,1	10	25
P2,1	26	29
P3,1	30	33
P4,1	34	37
P6,1	38	41
P3,1	42	45
P4,1	46	49
P6,1	50	53
P1,1	54	57
P2,1	58	61
P5,1	62	65
P6,1	66	69
P1,1	70	73
P2,1	74	77
P4,1	78	81
P8,1	82	85
P7,1	86	89
P10,1	90	93
P2,1	94	97
P9,1	98	101
P12,1	102	105
P5,1	106	109
P14,1	110	113
P7,1	114	117
P10,1	118	121
P3,1	122	125
P11,1	126	129
P16,1	130	133
P18,1	134	137
P12,1	138	141
P5,1	142	145
P8,1	146	149
P20,1	150	153
P7,1	154	157
P15,1	158	161
P22,1	162	165
P2,1	166	169
P9,1	170	173
P17,1	174	177
P18,1	178	181
P12,1	182	185
P25,1	186	189
P19,1	190	193
P8,1	194	197
P20,1	198	201
P7,1	202	205
P27,1	206	209
P21,1	210	213
P29,1	214	217
P23,1	218	221
P11,1	222	225
P30,1	226	229
P17,1	230	233
P31,1	234	237
P4,1	238	241
P32,1	242	245
P13,1	246	249
P34,1	250	253
P19,1	254	257
P36,1	258	261
P8,1	262	265
P38,1	266	269
P20,1	270	273
P7,1	274	277
P27,1	278	281
P15,1	282	285
P28,1	286	289
P40,1	290	293
P22,1	294	297
P42,1	298	301
P43,1	302	305
P44,1	306	309
P9,1	310	313
P46,1	314	317
P17,1	318	321
P31,1	322	325
P18,1	326	329
P12,1	330	333
P33,1	334	337
P13,1	338	341
P49,1	342	345
P5,1	346	349
P35,1	350	353
P50,1	354	357
P51,1	358	361
P37,1	362	365
P38,1	366	369
P14,1	370	373
P54,1	374	377
P7,1	378	381
P27,1	382	385
P55,1	386	389
P21,1	390	393
P56,1	394	397
P40,1	398	401
P22,1	402	405
P23,1	406	409
P58,1	410	413
P43,1	414	417
P11,1	418	421
P45,1	422	425
P9,1	426	429
P46,1	430	433
P17,1	434	437
P24,1	438	441
P47,1	442	445
P4,1	446	449
P62,1	450	453
P33,1	454	457
P48,1	458	461
P25,1	462	465
P34,1	466	469
P64,1	470	473
P35,1	474	477
P50,1	478	481
P51,1	482	485
P66,1	486	489
P37,1	490	493
P38,1	494	497
P67,1	498	501
P20,1	502	505
P6,1	506	509
P68,1	510	513
P27,1	514	517
P39,1	518	521
P15,1	522	525
P70,1	526	529
P56,1	530	533
P40,1	534	537
P41,1	538	541
P57,1	542	545
P42,1	546	549
P58,1	550	553
P43,1	554	557
P11,1	558	561
P73,1	562	565
P60,1	566	569
P30,1	570	573
P46,1	574	577
P17,1	578	581
P61,1	582	585
P76,1	586	589
P47,1	590	593
P4,1	594	597
P77,1	598	601
P32,1	602	605
P63,1	606	609
P48,1	610	613
P13,1	614	617
P49,1	618	621
P80,1	622	625
P19,1	626	629
P36,1	630	633
P50,1	634	637
P51,1	638	641
P65,1	642	645
P66,1	646	649
P37,1	650	653
P52,1	654	657
P53,1	658	661
P86,1	662	665
P14,1	666	669
P54,1	670	673
P6,1	674	677
P88,1	678	681
P10,1	682	685
P69,1	686	689
P55,1	690	693
P15,1	694	697
P70,1	698	701
P90,1	702	705
P29,1	706	709
P71,1	710	713
P41,1	714	717
P57,1	718	721
P42,1	722	725
P92,1	726	729
P93,1	730	733
P43,1	734	737
P11,1	738	741
P44,1	742	745
P95,1	746	749
P60,1	750	753
P30,1	754	757
P46,1	758	761
P16,1	762	765
P75,1	766	769
P61,1	770	773
P76,1	774	777
P31,1	778	781
P18,1	782	785
P12,1	786	789
P99,1	790	793
P100,1	794	797
P33,1	798	801
P63,1	802	805
P78,1	806	809
P79,1	810	813
P104,1	814	817
P25,1	818	821
P34,1	822	825
P64,1	826	829
P106,1	830	833
P35,1	834	837
P81,1	838	841
P26,1	842	845
P108,1	846	849
P82,1	850	853
P83,1	854	857
P66,1	858	861
P37,1	862	865
P110,1	866	869
P52,1	870	873
P112,1	874	877
P113,1	878	881
P86,1	882	885
P114,1	886	889
P20,1	890	893
P87,1	894	897
P7,1	898	901
P88,1	902	905
P68,1	906	909
P117,1	910	913
P39,1	914	917
P89,1	918	921
P21,1	922	925
P70,1	926	929
P119,1	930	933
P56,1	934	937
P40,1	938	941
P91,1	942	945
P41,1	946	949
P57,1	950	953
P121,1	954	957
P72,1	958	961
P122,1	962	965
P93,1	966	969
P43,1	970	973
P59,1	974	977
P124,1	978	981
P94,1	982	985
P126,1	986	989
P95,1	990	993
P60,1	994	997
P127,1	998	1001
P74,1	1002	1005
P129,1	1006	1009
P96,1	1010	1013
P17,1	1014	1017
P97,1	1018	1021
P131,1	1022	1025
P24,1	1026	1029
P98,1	1030	1033
P31,1	1034	1037
P18,1	1038	1041
P133,1	1042	1045
P77,1	1046	1049
P62,1	1050	1053
P32,1	1054	1057
P33,1	1058	1061
P135,1	1062	1065
P102,1	1066	1069
P78,1	1070	1073
P79,1	1074	1077
P137,1	1078	1081
P13,1	1082	1085
P25,1	1086	1089
P34,1	1090	1093
P64,1	1094	1097
P105,1	1098	1101
P19,1	1102	1105
P35,1	1106	1109
P81,1	1110	1113
P141,1	1114	1117
P107,1	1118	1121
P51,1	1122	1125
P142,1	1126	1129
P83,1	1130	1133
P109,1	1134	1137
P8,1	1138	1141
P84,1	1142	1145
P110,1	1146	1149
P145,1	1150	1153
P38,1	1154	1157
P112,1	1158	1161
P113,1	1162	1165
P86,1	1166	1169
P67,1	1170	1173
P14,1	1174	1177
P54,1	1178	1181
P87,1	1182	1185
P7,1	1186	1189
P88,1	1190	1193
P116,1	1194	1197
P10,2	1198	1201
P117,1	1202	1205
P150,1	1206	1209
P55,1	1210	1213
P15,1	1214	1217
P21,1	1218	1221
P118,1	1222	1225
P28,1	1226	1229
P153,1	1230	1233
P56,1	1234	1237
P29,1	1238	1241
P155,1	1242	1245
P91,1	1246	1249
P156,1	1250	1253
P22,1	1254	1257
P23,1	1258	1261
P157,1	1262	1265
P72,1	1266	1269
P92,1	1270	1273
P58,1	1274	1277
P93,1	1278	1281
P43,1	1282	1285
P123,1	1286	1289
P161,1	1290	1293
P162,1	1294	1297
P125,1	1298	1301
P44,1	1302	1305
P73,1	1306	1309
P95,1	1310	1313
P165,1	1314	1317
P60,1	1318	1321
P127,1	1322	1325
P74,1	1326	1329
P128,1	1330	1333
P129,1	1334	1337
P96,1	1338	1341
P17,1	1342	1345
P75,1	1346	1349
P130,1	1350	1353
P169,1	1354	1357
P61,1	1358	1361
P76,1	1362	1365
P171,1	1366	1369
P31,1	1370	1373
P47,1	1374	1377
P4,1	1378	1381
P77,1	1382	1385
P173,1	1386	1389
P62,1	1390	1393
P32,1	1394	1397
P174,1	1398	1401
P101,1	1402	1405
P175,1	1406	1409
P176,1	1410	1413
P178,1	1414	1417
P136,1	1418	1421
P48,1	1422	1425
P79,1	1426	1429
P137,1	1430	1433
P104,1	1434	1437
P13,1	1438	1441
P25,1	1442	1445
P49,1	1446	1449
P34,1	1450	1453
P80,1	1454	1457
P139,1	1458	1461
P106,1	1462	1465
P186,1	1466	1469
P140,1	1470	1473
P36,1	1474	1477
P50,1	1478	1481
P141,1	1482	1485
P107,1	1486	1489
P51,1	1490	1493
P188,1	1494	1497
P65,1	1498	1501
P143,1	1502	1505
P109,1	1506	1509
P190,1	1510	1513
P37,1	1514	1517
P84,1	1518	1521
P110,1	1522	1525
P192,1	1526	1529
P52,1	1530	1533
P146,1	1534	1537
P112,1	1538	1541
P113,1	1542	1545
P86,1	1546	1549
P195,1	1550	1553
P67,1	1554	1557
P14,1	1558	1561
P196,1	1562	1565
P87,1	1566	1569
P7,1	1570	1573
P197,1	1574	1577
P149,1	1578	1581
P116,1	1582	1585
P10,2	1586	1589
P199,1	1590	1593
P69,1	1594	1597
P200,1	1598	1601
P55,1	1602	1605
P15,1	1606	1609
P21,1	1610	1613
P118,1	1614	1617
P28,1	1618	1621
P153,1	1622	1625
P56,1	1626	1629
P29,1	1630	1633
P155,1	1634	1637
P91,1	1638	1641
P156,1	1642	1645
P22,1	1646	1649
P23,1	1650	1653
P157,1	1654	1657
P72,1	1658	1661
P92,1	1662	1665
P58,1	1666	1669
P93,1	1670	1673
P43,1	1674	1677
P123,1	1678	1681
P161,1	1682	1685
P162,1	1686	1689
P125,1	1690	1693
P44,1	1694	1697
P73,1	1698	1701
P95,1	1702	1705
P165,1	1706	1709
P60,1	1710	1713
P127,1	1714	1717
P74,1	1718	1721
P128,1	1722	1725
P129,1	1726	1729
P96,1	1730	1733
P17,1	1734	1737
P75,1	1738	1741
P130,1	1742	1745
P169,1	1746	1749
P61,1	1750	1753
P76,1	1754	1757
P171,1	1758	1761
P31,1	1762	1765
P47,1	1766	1769
P4,1	1770	1773
P77,1	1774	1777
P173,1	1778	1781
P62,1	1782	1785
P32,1	1786	1789
P174,1	1790	1793
P101,1	1794	1797
P175,1	1798	1801
P176,1	1802	1805
P178,1	1806	1809
P136,1	1810	1813
P48,1	1814	1817
P79,1	1818	1821
P137,1	1822	1825
P104,1	1826	1829
P13,1	1830	1833
P25,1	1834	1837
P49,1	1838	1841
P34,1	1842	1845
P80,1	1846	1849
P139,1	1850	1853
P106,1	1854	1857
P186,1	1858	1861
P140,1	1862	1865
P36,1	1866	1869
P50,1	1870	1873
P141,1	1874	1877
P107,1	1878	1881
P51,1	1882	1885
P188,1	1886	1889
P65,1	1890	1893
P143,1	1894	1897
P109,1	1898	1901
P190,1	1902	1905
P37,1	1906	1909
P84,1	1910	1913
P110,1	1914	1917
P192,1	1918	1921
P52,1	1922	1925
P146,1	1926	1929
P112,1	1930	1933
P113,1	1934	1937
P86,1	1938	1941
P195,1	1942	1945
P67,1	1946	1949
P14,1	1950	1953
P196,1	1954	1957
P87,1	1958	1961
P7,1	1962	1965
P197,1	1966	1969
P149,1	1970	1973
P116,1	1974	1977
P10,2	1978	1981
P199,1	1982	1985
P69,1	1986	1989
P200,1	1990	1993
P55,1	1994	1997
P15,1	1998	2001
P21,1	2002	2005
P118,1	2006	2009
P28,1	2010	2013
P153,1	2014	2017
P56,1	2018	2021
P29,1	2022	2025
P155,1	2026	2029
P91,1	2030	2033
P156,1	2034	2037
P22,1	2038	2041
P23,1	2042	2045
P157,1	2046	2049
P72,1	2050	2053
P92,1	2054	2057
P58,1	2058	2061
P93,1	2062	2065
P43,1	2066	2069
P123,1	2070	2073
P161,1	2074	2077
P162,1	2078	2081
P125,1	2082	2085
P44,1	2086	2089
P73,1	2090	2093
P95,1	2094	2097
P165,1	2098	2101
P60,1	2102	2105
P127,1	2106	2109
P74,1	2110	2113
P128,1	2114	2117
P129,1	2118	2121
P96,1	2122	2125
P17,1	2126	2129
P75,1	2130	2133
P130,1	2134	2137
P169,1	2138	2141
P61,1	2142	2145
P76,1	2146	2149
P171,1	2150	2153
P31,1	2154	2157
P47,1	2158	2161
P4,1	2162	2165
P77,1	2166	2169
P173,1	2170	2173
P62,1	2174	2177
P32,1	2178	2181
P174,1	2182	2185
P101,1	2186	2189
P175,1	2190	2193
P176,1	2194	2197
P178,1	2198	2201
P136,1	2202	2205
P48,1	2206	2209
P79,1	2210	2213
P137,1	2214	2217
P104,1	2218	2221
P13,1	2222	2225
P25,1	2226	2229
P49,1	2230	2233
P34,1	2234	2237
P80,1	2238	2241
P139,1	2242	2245
P106,1	2246	2249
P186,1	2250	2253
P140,1	2254	2257
P36,1	2258	2261
P50,1	2262	2265
P141,1	2266	2269
P107,1	2270	2273
P51,1	2274	2277
P188,1	2278	2281
P65,1	2282	2285
P143,1	2286	2289
P109,1	2290	2293
P190,1	2294	2297
P37,1	2298	2301
P84,1	2302	2305
P110,1	2306	2309
P192,1	2310	2313
P52,1	2314	2316
P38,1	2317	2320
P193,1	2321	2324
P53,1	2325	2328
P85,1	2329	2332
P194,1	2333	2336
P147,1	2337	2340
P114,1	2341	2344
P54,1	2345	2348
P148,1	2349	2352
P6,1	2353	2356
P115,1	2357	2360
P88,1	2361	2364
P198,1	2365	2368
P68,1	2369	2372
P27,1	2373	2376
P117,1	2377	2380
P150,1	2381	2384
P39,1	2385	2388
P89,1	2389	2392
P151,1	2393	2396
P152,1	2397	2400
P70,1	2401	2404
P119,1	2405	2408
P90,1	2409	2412
P154,1	2413	2416
P40,1	2417	2420
P71,1	2421	2424
P120,1	2425	2428
P41,1	2429	2432
P57,1	2433	2436
P157,1	2437	2440
P72,1	2441	2444
P92,1	2445	2448
P58,1	2449	2452
P93,1	2453	2456
P43,1	2457	2460
P123,1	2461	2464
P161,1	2465	2468
P162,1	2469	2472
P125,1	2473	2476
P44,1	2477	2480
P73,1	2481	2484
P95,1	2485	2488
P165,1	2489	2492
P60,1	2493	2496
P127,1	2497	2500
P74,1	2501	2504
P128,1	2505	2508
P129,1	2509	2512
P46,2	2513	2516
P17,1	2517	2520
P75,1	2521	2524
P130,1	2525	2528
P169,1	2529	2532
P61,1	2533	2536
P76,1	2537	2540
P171,1	2541	2544
P31,1	2545	2548
P47,1	2549	2552
P4,1	2553	2556
P77,1	2557	2560
P173,1	2561	2564
P62,1	2565	2568
P32,1	2569	2572
P174,1	2573	2576
P101,1	2577	2580
P175,1	2581	2584
P176,1	2585	2588
P178,1	2589	2592
P136,1	2593	2596
P48,1	2597	2600
P79,1	2601	2604
P137,1	2605	2608
P104,1	2609	2612
P13,1	2613	2616
P25,1	2617	2620
P49,1	2621	2624
P34,1	2625	2628
P80,1	2629	2632
P139,1	2633	2636
P106,1	2637	2640
P186,1	2641	2644
P140,1	2645	2648
P36,1	2649	2652
P50,1	2653	2656
P141,1	2657	2660
P107,1	2661	2664
P51,1	2665	2668
P188,1	2669	2672
P65,1	2673	2676
P143,1	2677	2680
P109,1	2681	2684
P190,1	2685	2688
P37,1	2689	2692
P84,1	2693	2696
P110,1	2697	2700
P192,1	2701	2704
P38,1	2705	2708
P193,1	2709	2712
P53,1	2713	2714
P85,1	2715	2718
P194,1	2719	2722
P147,1	2723	2726
P114,1	2727	2730
P54,1	2731	2734
P148,1	2735	2738
P7,1	2739	2742
P197,1	2743	2746
P149,1	2747	2750
P116,1	2751	2754
P10,2	2755	2758
P199,1	2759	2762
P69,1	2763	2766
P200,1	2767	2770
P55,1	2771	2774
P15,1	2775	2778
P21,1	2779	2782
P118,1	2783	2786
P28,1	2787	2789
P153,1	2790	2793
P56,1	2794	2797
P29,1	2798	2801
P155,1	2802	2805
P91,1	2806	2809
P156,1	2810	2813
P22,1	2814	2817
P23,2	2818	2821
P157,1	2822	2825
P72,1	2826	2829
P92,1	2830	2833
P58,1	2834	2837
P93,1	2838	2841
P160,1	2842	2845
P59,1	2846	2849
P11,1	2850	2853
P124,1	2854	2857
P94,1	2858	2861
P126,1	2862	2865
P163,1	2866	2869
P164,1	2870	2873
P45,1	2874	2877
P9,1	2878	2881
P30,1	2882	2885
P166,1	2886	2889
P167,1	2890	2893
P96,1	2894	2897
P16,1	2898	2901
P168,1	2902	2905
P97,1	2906	2909
P131,1	2910	2913
P170,1	2914	2917
P24,1	2918	2921
P98,1	2922	2925
P132,1	2926	2929
P172,1	2930	2933
P18,1	2934	2937
P133,1	2938	2941
P99,1	2942	2945
P12,2	2946	2949
P100,1	2950	2953
P134,1	2954	2957
P33,1	2958	2961
P135,1	2962	2965
P63,2	2966	2969
P177,1	2970	2973
P102,1	2974	2977
P78,1	2978	2981
P179,1	2982	2985
P103,1	2986	2989
P180,1	2990	2993
P181,1	2994	2997
P138,1	2998	3001
P182,1	3002	3005
P34,1	3006	3009
P49,2	3010	3013
P64,1	3014	3017
P105,1	3018	3021
P185,1	3022	3025
P19,1	3026	3029
P35,1	3030	3033
P50,1	3034	3037
P141,1	3038	3041
P107,1	3042	3045
P51,1	3046	3049
P188,1	3050	3053
P65,1	3054	3057
P143,1	3058	3061
P109,1	3062	3065
P190,1	3066	3069
P37,1	3070	3073
P84,1	3074	3077
P110,1	3078	3081
P192,1	3082	3085
P38,1	3086	3089
P193,1	3090	3093
P113,1	3094	3097
P53,2	3098	3101
P194,1	3102	3105
P147,1	3106	3109
P114,1	3110	3113
P54,1	3114	3117
P148,1	3118	3121
P7,1	3122	3125
P197,1	3126	3129
P149,1	3130	3133
P116,1	3134	3137
P10,2	3138	3141
P117,1	3142	3145
P150,1	3146	3149
P39,1	3150	3153
P89,1	3154	3157
P151,1	3158	3161
P152,1	3162	3165
P70,1	3166	3169
P28,2	3170	3173
P90,1	3174	3177
P154,1	3178	3181
P155,1	3182	3185
P91,1	3186	3189
P120,1	3190	3193
P41,1	3194	3197
P57,1	3198	3201
P121,1	3202	3205
P42,1	3206	3206
P72,1	3207	3210
P92,1	3211	3214
P58,1	3215	3218
P93,1	3219	3222
P160,1	3223	3226
P123,1	3227	3230
P161,1	3231	3234
P162,1	3235	3238
P125,1	3239	3242
P44,1	3243	3246
P73,1	3247	3250
P95,1	3251	3254
P165,1	3255	3258
P60,1	3259	3262
P127,1	3263	3266
P166,1	3267	3270
P167,1	3271	3274
P96,1	3275	3278
P16,1	3279	3282
P168,1	3283	3286
P97,1	3287	3290
P131,1	3291	3294
P170,1	3295	3298
P76,1	3299	3302
P98,1	3303	3306
P132,1	3307	3310
P172,1	3311	3314
P18,1	3315	3318
P77,1	3319	3322
P4,2	3323	3326
P12,2	3327	3330
P100,1	3331	3334
P174,1	3335	3338
P101,1	3339	3342
P175,1	3343	3346
P176,1	3347	3350
P178,1	3351	3354
P136,1	3355	3358
P48,1	3359	3362
P79,1	3363	3366
P137,1	3367	3370
P104,1	3371	3374
P13,1	3375	3378
P25,1	3379	3382
P183,1	3383	3386
P184,1	3387	3390
P80,1	3391	3394
P139,1	3395	3398
P106,1	3399	3402
P186,1	3403	3406
P140,1	3407	3410
P81,1	3411	3414
P36,2	3415	3418
P141,1	3419	3422
P107,1	3423	3426
P51,1	3427	3430
P188,1	3431	3434
P65,1	3435	3438
P143,1	3439	3442
P109,1	3443	3446
P190,1	3447	3450
P37,1	3451	3454
P84,1	3455	3458
P110,1	3459	3462
P192,1	3463	3466
P38,1	3467	3470
P193,1	3471	3474
P113,1	3475	3478
P53,2	3479	3482
P194,1	3483	3486
P147,1	3487	3490
P114,1	3491	3494
P54,1	3495	3498
P148,1	3499	3502
P7,1	3503	3506
P197,1	3507	3510
P149,1	3511	3514
P116,1	3515	3518
P10,2	3519	3522
P117,1	3523	3526
P150,1	3527	3530
P39,1	3531	3534
P89,1	3535	3538
P151,1	3539	3542
P152,1	3543	3546
P70,1	3547	3550
P28,2	3551	3554
P90,1	3555	3558
P154,1	3559	3562
P155,1	3563	3566
P40,2	3567	3570
P156,1	3571	3574
P22,1	3575	3578
P23,2	3579	3582
P157,1	3583	3586
P158,1	3587	3590
P122,1	3591	3594
P159,1	3595	3598
P43,1	3599	3602
P2,2	3603	3606
P59,1	3607	3610
P11,1	3611	3614
P124,1	3615	3618
P94,1	3619	3622
P126,1	3623	3626
P163,1	3627	3630
P164,1	3631	3634
P45,1	3635	3638
P9,1	3639	3642
P30,1	3643	3646
P128,1	3647	3650
P129,1	3651	3654
P46,2	3655	3658
P17,1	3659	3662
P75,1	3663	3666
P130,1	3667	3670
P169,1	3671	3674
P61,1	3675	3678
P24,2	3679	3682
P171,1	3683	3686
P31,1	3687	3690
P47,1	3691	3694
P133,1	3695	3698
P99,1	3699	3702
P173,1	3703	3706
P62,1	3707	3710
P134,1	3711	3714
P32,2	3715	3718
P101,1	3719	3722
P175,1	3723	3726
P176,1	3727	3730
P178,1	3731	3734
P136,1	3735	3738
P48,1	3739	3742
P79,1	3743	3746
P137,1	3747	3750
P104,1	3751	3754
P13,1	3755	3758
P25,1	3759	3762
P183,1	3763	3766
P184,1	3767	3770
P80,1	3771	3774
P139,1	3775	3778
P106,1	3779	3782
P186,1	3783	3786
P140,1	3787	3790
P81,1	3791	3794
P36,2	3795	3798
P141,1	3799	3802
P107,1	3803	3806
P51,1	3807	3810
P188,1	3811	3814
P65,1	3815	3818
P143,1	3819	3822
P109,1	3823	3826
P190,1	3827	3830
P191,1	3831	3834
P144,1	3835	3838
P111,1	3839	3842
P145,1	3843	3846
P146,1	3847	3848
P193,1	3849	3852
P113,1	3853	3856
P53,2	3857	3860
P194,1	3861	3864
P147,1	3865	3868
P114,1	3869	3872
P54,1	3873	3876
P148,1	3877	3880
P7,1	3881	3884
P197,1	3885	3888
P149,1	3889	3892
P116,1	3893	3896
P199,1	3897	3900
P69,1	3901	3904
P200,1	3905	3908
P55,1	3909	3912
P15,1	3913	3916
P21,1	3917	3920
P118,1	3921	3924
P119,1	3925	3928
P153,1	3929	3932
P56,1	3933	3936
P29,1	3937	3940
P91,1	3941	3944
P120,1	3945	3948
P41,1	3949	3952
P57,1	3953	3956
P121,1	3957	3960
P72,1	3961	3964
P92,1	3965	3968
P58,1	3969	3972
P93,1	3973	3976
P160,1	3977	3980
P123,2	3981	3984
P161,1	3985	3988
P162,1	3989	3992
P125,1	3993	3996
P44,1	3997	4000
P73,1	4001	4004
P95,1	4005	4008
P165,1	4009	4012
P60,1	4013	4013
P127,1	4014	4017
P166,1	4018	4021
P167,1	4022	4025
P96,1	4026	4029
P16,1	4030	4033
P168,1	4034	4037
P97,1	4038	4041
P131,1	4042	4045
P170,1	4046	4049
P76,1	4050	4053
P98,1	4054	4057
P132,1	4058	4061
P172,1	4062	4065
P18,1	4066	4069
P99,1	4070	4073
P173,1	4074	4077
P62,1	4078	4081
P134,1	4082	4085
P32,2	4086	4089
P101,1	4090	4093
P175,1	4094	4097
P176,1	4098	4101
P178,1	4102	4105
P136,1	4106	4109
P48,1	4110	4113
P79,1	4114	4117
P137,1	4118	4121
P104,1	4122	4125
P13,1	4126	4129
P25,1	4130	4133
P183,1	4134	4137
P184,1	4138	4141
P80,1	4142	4145
P139,1	4146	4149
P106,1	4150	4153
P186,1	4154	4157
P140,1	4158	4161
P81,1	4162	4165
P36,2	4166	4169
P141,1	4170	4173
P107,1	4174	4177
P51,1	4178	4181
P188,1	4182	4185
P65,1	4186	4189
P189,1	4190	4193
P109,1	4194	4197
P190,1	4198	4201
P191,1	4202	4205
P144,1	4206	4209
P111,1	4210	4213
P145,1	4214	4215
P38,1	4216	4219
P193,1	4220	4223
P113,1	4224	4227
P53,2	4228	4231
P194,1	4232	4235
P147,1	4236	4236
P114,1	4237	4240
P54,1	4241	4244
P148,1	4245	4248
P7,1	4249	4252
P197,1	4253	4256
P149,1	4257	4260
P116,1	4261	4264
P68,2	4265	4268
P117,1	4269	4272
P150,1	4273	4276
P55,1	4277	4280
P15,1	4281	4284
P21,1	4285	4288
P118,1	4289	4292
P28,2	4293	4296
P153,1	4297	4300
P56,1	4301	4304
P29,1	4305	4308
P91,1	4309	4312
P120,1	4313	4316
P41,1	4317	4320
P57,1	4321	4324
P121,1	4325	4328
P72,1	4329	4332
P92,1	4333	4336
P58,1	4337	4340
P93,1	4341	4344
P160,1	4345	4348
P123,2	4349	4352
P161,1	4353	4356
P162,1	4357	4360
P125,1	4361	4364
P126,1	4365	4368
P73,1	4369	4372
P95,1	4373	4376
P165,1	4377	4380
P127,1	4381	4384
P60,2	4385	4388
P128,1	4389	4392
P129,1	4393	4396
P46,2	4397	4400
P17,1	4401	4404
P97,1	4405	4408
P75,2	4409	4412
P169,1	4413	4416
P61,1	4417	4420
P24,2	4421	4424
P171,1	4425	4428
P31,1	4429	4432
P47,1	4433	4436
P77,1	4437	4440
P133,2	4441	4444
P173,1	4445	4448
P62,1	4449	4452
P134,1	4453	4456
P32,2	4457	4460
P101,1	4461	4464
P175,1	4465	4468
P176,1	4469	4472
P178,1	4473	4476
P136,1	4477	4480
P48,1	4481	4484
P79,1	4485	4488
P103,2	4489	4492
P104,1	4493	4496
P13,1	4497	4500
P25,1	4501	4504
P183,1	4505	4508
P184,1	4509	4512
P80,1	4513	4514
P139,1	4515	4518
P106,1	4519	4522
P186,1	4523	4526
P140,1	4527	4530
P81,1	4531	4534
P36,2	4535	4538
P141,1	4539	4542
P107,1	4543	4546
P51,1	4547	4550
P188,1	4551	4554
P65,1	4555	4558
P189,1	4559	4562
P109,1	4563	4566
P190,1	4567	4567
P37,1	4568	4571
P84,1	4572	4575
P110,1	4576	4579
P192,1	4580	4583
P146,2	4584	4587
P112,1	4588	4591
P85,1	4592	4595
P86,1	4596	4599
P195,1	4600	4603
P114,1	4604	4607
P54,1	4608	4611
P148,1	4612	4615
P115,1	4616	4619
P7,2	4620	4623
P149,1	4624	4627
P116,1	4628	4631
P68,2	4632	4635
P117,1	4636	4639
P150,1	4640	4643
P55,1	4644	4647
P15,1	4648	4651
P21,1	4652	4655
P118,1	4656	4659
P28,2	4660	4663
P153,1	4664	4667
P56,1	4668	4671
P29,1	4672	4675
P91,1	4676	4679
P120,1	4680	4683
P41,1	4684	4687
P57,1	4688	4691
P121,1	4692	4695
P72,1	4696	4699
P92,1	4700	4703
P58,1	4704	4707
P93,1	4708	4709
P2,2	4710	4713
P43,2	4714	4717
P161,1	4718	4721
P162,1	4722	4725
P125,1	4726	4729
P126,1	4730	4733
P73,1	4734	4737
P164,1	4738	4741
P45,1	4742	4745
P30,1	4746	4749
P166,1	4750	4753
P167,1	4754	4757
P96,1	4758	4761
P16,1	4762	4765
P168,1	4766	4769
P130,1	4770	4773
P131,1	4774	4777
P170,1	4778	4781
P76,1	4782	4785
P98,1	4786	4789
P132,1	4790	4793
P172,1	4794	4797
P18,1	4798	4798
P77,1	4799	4800
P133,2	4801	4804
P173,1	4805	4808
P62,1	4809	4812
P134,1	4813	4816
P32,2	4817	4820
P101,1	4821	4824
P175,1	4825	4828
P176,1	4829	4832
P178,1	4833	4836
P136,1	4837	4840
P48,1	4841	4844
P79,1	4845	4848
P103,2	4849	4852
P104,1	4853	4856
P13,1	4857	4860
P25,1	4861	4864
P183,1	4865	4868
P184,1	4869	4872
P64,1	4873	4876
P80,2	4877	4880
P106,1	4881	4884
P186,1	4885	4888
P140,1	4889	4892
P81,1	4893	4896
P187,1	4897	4900
P141,1	4901	4901
P26,1	4902	4905
P108,1	4906	4909
P82,1	4910	4913
P142,1	4914	4917
P143,1	4918	4921
P83,2	4922	4925
P66,1	4926	4929
P37,1	4930	4933
P84,1	4934	4937
P110,1	4938	4941
P192,1	4942	4945
P146,2	4946	4949
P112,1	4950	4953
P85,1	4954	4957
P86,1	4958	4961
P195,1	4962	4965
P114,1	4966	4969
P54,1	4970	4973
P148,1	4974	4977
P115,1	4978	4981
P7,2	4982	4985
P149,1	4986	4989
P116,1	4990	4992
P68,2	4993	4996
P117,1	4997	5000
P150,1	5001	5004
P55,1	5005	5008
P15,1	5009	5012
P21,1	5013	5016
P118,1	5017	5020
P28,2	5021	5024
P153,1	5025	5028
P154,1	5029	5032
P155,1	5033	5036
P40,2	5037	5040
P156,1	5041	5044
P57,1	5045	5048
P121,1	5049	5052
P72,1	5053	5056
P122,1	5057	5060
P58,1	5061	5064
P160,1	5065	5068
P123,2	5069	5072
P59,1	5073	5076
P11,1	5077	5080
P125,1	5081	5084
P124,2	5085	5088
P44,2	5089	5092
P95,1	5093	5096
P165,1	5097	5100
P127,1	5101	5104
P60,2	5105	5108
P128,1	5109	5112
P129,1	5113	5116
P46,2	5117	5120
P17,2	5121	5124
P97,1	5125	5128
P75,2	5129	5132
P169,1	5133	5136
P61,1	5137	5140
P24,2	5141	5144
P171,1	5145	5148
P31,1	5149	5152
P47,1	5153	5156
P18,2	5157	5160
P77,2	5161	5164
P173,1	5165	5168
P62,1	5169	5172
P134,1	5173	5176
P32,2	5177	5180
P175,1	5181	5184
P135,2	5185	5188
P177,1	5189	5192
P102,1	5193	5196
P78,1	5197	5200
P179,1	5201	5204
P137,1	5205	5208
P180,1	5209	5212
P181,1	5213	5216
P138,1	5217	5220
P182,1	5221	5224
P34,1	5225	5228
P49,2	5229	5232
P139,1	5233	5236
P105,1	5237	5240
P185,1	5241	5244
P19,2	5245	5248
P35,1	5249	5252
P36,2	5253	5256
P50,2	5257	5260
P141,2	5261	5264
P108,1	5265	5268
P82,1	5269	5272
P142,1	5273	5276
P143,1	5277	5280
P83,2	5281	5284
P66,1	5285	5288
P37,1	5289	5289
P191,1	5290	5293
P144,1	5294	5297
P111,1	5298	5301
P38,1	5302	5305
P193,1	5306	5309
P113,1	5310	5313
P53,2	5314	5317
P194,1	5318	5321
P67,1	5322	5325
P14,1	5326	5329
P196,1	5330	5333
P87,1	5334	5337
P197,1	5338	5341
P88,2	5342	5345
P198,1	5346	5349
P116,2	5350	5353
P199,1	5354	5357
P69,1	5358	5361
P200,1	5362	5365
P89,1	5366	5369
P21,1	5370	5373
P118,1	5374	5377
P28,2	5378	5381
P153,1	5382	5385
P154,1	5386	5389
P29,2	5390	5393
P91,1	5394	5396
P120,1	5397	5400
P22,2	5401	5404
P57,1	5405	5408
P121,1	5409	5412
P72,1	5413	5416
P122,1	5417	5420
P58,1	5421	5424
P160,1	5425	5428
P123,2	5429	5432
P59,1	5433	5436
P11,1	5437	5440
P125,1	5441	5444
P124,2	5445	5448
P44,2	5449	5452
P95,1	5453	5456
P165,1	5457	5460
P127,1	5461	5464
P60,2	5465	5468
P128,1	5469	5472
P129,1	5473	5476
P46,2	5477	5480
P17,2	5481	5484
P97,1	5485	5488
P75,2	5489	5492
P169,1	5493	5496
P76,1	5497	5500
P98,1	5501	5504
P132,1	5505	5508
P172,1	5509	5512
P99,1	5513	5516
P133,2	5517	5520
P4,2	5521	5524
P12,2	5525	5528
P100,1	5529	5532
P174,1	5533	5536
P101,1	5537	5540
P175,1	5541	5544
P135,2	5545	5548
P177,1	5549	5552
P102,1	5553	5556
P78,1	5557	5560
P179,1	5561	5564
P137,1	5565	5568
P180,1	5569	5572
P181,1	5573	5576
P138,1	5577	5578
P25,1	5579	5582
P183,1	5583	5586
P184,1	5587	5590
P64,1	5591	5594
P80,2	5595	5598
P106,1	5599	5602
P186,1	5603	5606
P140,1	5607	5610
P81,1	5611	5614
P187,1	5615	5618
P26,1	5619	5622
P107,1	5623	5626
P51,1	5627	5630
P142,1	5631	5634
P143,1	5635	5638
P83,2	5639	5642
P66,1	5643	5646
P191,1	5647	5650
P144,1	5651	5654
P111,1	5655	5658
P38,1	5659	5662
P193,1	5663	5666
P113,1	5667	5670
P53,2	5671	5674
P195,1	5675	5678
P67,1	5679	5682
P14,1	5683	5686
P196,1	5687	5690
P87,1	5691	5691
P115,1	5692	5695
P88,2	5696	5699
P198,1	5700	5703
P116,2	5704	5707
P199,1	5708	5711
P69,1	5712	5715
P200,1	5716	5719
P15,2	5720	5723
P151,1	5724	5726
P21,1	5727	5730
P118,1	5731	5734
P28,2	5735	5738
P153,1	5739	5742
P154,1	5743	5746
P29,2	5747	5750
P40,2	5751	5754
P156,1	5755	5758
P22,2	5759	5762
P57,1	5763	5766
P121,1	5767	5770
P72,1	5771	5774
P122,1	5775	5778
P58,1	5779	5782
P2,2	5783	5786
P159,2	5787	5790
P59,1	5791	5794
P11,1	5795	5798
P125,1	5799	5802
P124,2	5803	5806
P44,2	5807	5810
P95,1	5811	5814
P165,1	5815	5818
P127,1	5819	5822
P60,2	5823	5826
P128,1	5827	5830
P129,1	5831	5834
P46,2	5835	5838
P17,2	5839	5842
P97,1	5843	5846
P75,2	5847	5850
P169,1	5851	5854
P76,1	5855	5858
P98,1	5859	5862
P132,1	5863	5866
P172,1	5867	5870
P99,1	5871	5874
P133,2	5875	5878
P4,2	5879	5882
P12,2	5883	5886
P100,1	5887	5890
P174,1	5891	5894
P101,1	5895	5898
P175,1	5899	5902
P135,2	5903	5906
P177,1	5907	5910
P102,1	5911	5914
P78,1	5915	5918
P179,1	5919	5922
P137,1	5923	5926
P180,1	5927	5930
P181,1	5931	5934
P138,2	5935	5938
P182,1	5939	5942
P49,2	5943	5946
P64,1	5947	5950
P80,2	5951	5954
P106,1	5955	5958
P186,1	5959	5962
P140,1	5963	5966
P81,1	5967	5970
P187,1	5971	5974
P26,1	5975	5978
P107,1	5979	5982
P51,1	5983	5986
P142,1	5987	5990
P143,1	5991	5994
P83,2	5995	5998
P66,1	5999	6000
P190,2	6001	6004
P84,1	6005	6008
P110,1	6009	6012
P192,1	6013	6016
P146,2	6017	6020
P112,1	6021	6024
P85,1	6025	6028
P194,1	6029	6032
P86,2	6033	6036
P114,1	6037	6040
P54,1	6041	6041
P196,1	6042	6045
P115,1	6046	6049
P88,2	6050	6053
P198,1	6054	6057
P116,2	6058	6061
P199,1	6062	6065
P69,1	6066	6069
P200,1	6070	6073
P15,2	6074	6077
P21,1	6078	6081
P151,2	6082	6085
P119,1	6086	6089
P70,2	6090	6093
P56,1	6094	6097
P90,2	6098	6101
P155,1	6102	6105
P120,1	6106	6109
P91,2	6110	6113
P41,2	6114	6117
P23,2	6118	6121
P157,1	6122	6125
P92,1	6126	6129
P58,1	6130	6133
P122,2	6134	6137
P123,2	6138	6141
P43,2	6142	6145
P161,1	6146	6149
P162,1	6150	6153
P94,1	6154	6157
P126,1	6158	6161
P95,1	6162	6165
P165,1	6166	6169
P127,1	6170	6173
P60,2	6174	6177
P128,1	6178	6181
P129,1	6182	6185
P46,2	6186	6189
P17,2	6190	6193
P97,1	6194	6196
P75,2	6197	6200
P61,1	6201	6204
P76,1	6205	6208
P98,1	6209	6212
P132,1	6213	6216
P172,1	6217	6220
P99,1	6221	6224
P133,2	6225	6228
P4,2	6229	6232
P12,2	6233	6234
P100,1	6235	6238
P174,1	6239	6239
P32,2	6240	6243
P33,2	6244	6247
P63,2	6248	6251
P176,1	6252	6255
P178,1	6256	6259
P136,1	6260	6263
P179,1	6264	6267
P137,1	6268	6271
P180,1	6272	6275
P181,1	6276	6279
P138,2	6280	6283
P182,1	6284	6286
P184,1	6287	6290
P34,2	6291	6294
P64,1	6295	6298
P80,2	6299	6302
P106,1	6303	6306
P186,1	6307	6310
P140,1	6311	6314
P81,1	6315	6318
P187,1	6319	6322
P26,1	6323	6326
P107,1	6327	6330
P188,1	6331	6334
P65,1	6335	6338
P189,1	6339	6342
P109,1	6343	6346
P191,1	6347	6350
P84,1	6351	6354
P110,1	6355	6358
P192,1	6359	6362
P146,2	6363	6366
P112,1	6367	6368
P85,1	6369	6372
P194,1	6373	6376
P86,2	6377	6380
P114,1	6381	6384
P196,1	6385	6388
P54,2	6389	6392
P7,2	6393	6396
P149,1	6397	6400
P10,2	6401	6404
P68,2	6405	6408
P117,1	6409	6412
P150,1	6413	6416
P55,1	6417	6420
P89,1	6421	6424
P152,1	6425	6428
P118,1	6429	6432
P28,2	6433	6436
P153,1	6437	6440
P154,1	6441	6444
P29,2	6445	6448
P40,2	6449	6452
P156,1	6453	6456
P22,2	6457	6460
P57,1	6461	6464
P121,1	6465	6468
P72,1	6469	6472
P158,2	6473	6476
P160,1	6477	6480
P2,2	6481	6484
P159,2	6485	6488
P59,1	6489	6492
P11,1	6493	6496
P125,1	6497	6500
P124,2	6501	6504
P44,2	6505	6508
P164,1	6509	6512
P45,1	6513	6516
P30,1	6517	6520
P166,1	6521	6524
P167,1	6525	6528
P96,1	6529	6532
P16,2	6533	6536
P168,1	6537	6537
P130,1	6538	6541
P131,1	6542	6545
P61,1	6546	6549
P76,1	6550	6553
P98,1	6554	6557
P132,1	6558	6561
P172,1	6562	6562
P99,1	6563	6566
P133,2	6567	6570
P4,2	6571	6574
P62,1	6575	6578
P134,1	6579	6582
P32,2	6583	6586
P33,2	6587	6590
P63,2	6591	6594
P176,1	6595	6598
P178,1	6599	6602
P136,1	6603	6604
P78,2	6605	6608
P79,1	6609	6612
P103,2	6613	6616
P104,1	6617	6620
P13,1	6621	6624
P25,1	6625	6628
P184,1	6629	6632
P34,2	6633	6636
P64,1	6637	6640
P80,2	6641	6644
P185,1	6645	6648
P19,2	6649	6652
P35,1	6653	6656
P36,2	6657	6660
P50,2	6661	6664
P141,2	6665	6668
P51,1	6669	6670
P188,1	6671	6674
P65,1	6675	6678
P189,1	6679	6682
P109,1	6683	6686
P191,1	6687	6690
P84,1	6691	6694
P110,1	6695	6698
P192,1	6699	6702
P146,2	6703	6706
P113,1	6707	6710
P112,2	6711	6714
P194,1	6715	6716
P195,1	6717	6720
P67,1	6721	6724
P14,1	6725	6727
P148,1	6728	6731
P115,1	6732	6735
P88,2	6736	6739
P198,1	6740	6743
P116,2	6744	6747
P199,1	6748	6751
P150,1	6752	6755
P55,1	6756	6759
P89,1	6760	6763
P152,1	6764	6767
P118,1	6768	6771
P28,2	6772	6775
P153,1	6776	6779
P90,2	6780	6783
P29,2	6784	6787
P40,2	6788	6791
P156,1	6792	6795
P22,2	6796	6799
P57,1	6800	6803
P157,1	6804	6807
P158,2	6808	6811
P160,1	6812	6815
P2,2	6816	6819
P159,2	6820	6823
P59,1	6824	6827
P11,1	6828	6831
P125,1	6832	6835
P124,2	6836	6839
P44,2	6840	6843
P164,1	6844	6847
P45,1	6848	6851
P30,1	6852	6855
P166,1	6856	6859
P167,1	6860	6863
P96,1	6864	6867
P16,2	6868	6871
P130,1	6872	6875
P131,1	6876	6878
P61,1	6879	6882
P76,1	6883	6886
P98,1	6887	6890
P132,1	6891	6894
P47,1	6895	6898
P18,2	6899	6902
P77,2	6903	6906
P173,1	6907	6910
P100,1	6911	6914
P12,3	6915	6918
P101,1	6919	6921
P175,1	6922	6925
P135,2	6926	6929
P177,1	6930	6933
P102,1	6934	6934
P78,2	6935	6938
P79,1	6939	6942
P137,1	6943	6946
P180,1	6947	6950
P181,1	6951	6954
P138,2	6955	6958
P182,2	6959	6962
P49,2	6963	6966
P183,2	6967	6970
P139,1	6971	6974
P106,1	6975	6978
P186,1	6979	6982
P140,1	6983	6986
P81,1	6987	6990
P187,1	6991	6994
P26,2	6995	6998
P107,1	6999	7002
P188,1	7003	7006
P65,1	7007	7010
P189,1	7011	7011
P83,2	7012	7015
P190,2	7016	7019
P84,1	7020	7023
P110,1	7024	7027
P192,1	7028	7031
P146,2	7032	7035
P113,1	7036	7039
P112,2	7040	7043
P195,1	7044	7047
P194,2	7048	7051
P114,1	7052	7055
P148,1	7056	7059
P115,1	7060	7063
P88,2	7064	7067
P198,1	7068	7068
P10,2	7069	7072
P68,2	7073	7076
P69,1	7077	7080
P200,1	7081	7084
P15,2	7085	7088
P21,1	7089	7092
P151,2	7093	7096
P28,2	7097	7100
P119,2	7101	7104
P154,1	7105	7108
P56,2	7109	7112
P155,1	7113	7116
P120,1	7117	7120
P91,2	7121	7124
P41,2	7125	7128
P23,2	7129	7132
P92,1	7133	7136
P58,1	7137	7140
P122,2	7141	7144
P123,2	7145	7148
P43,2	7149	7152
P161,1	7153	7156
P162,1	7157	7160
P94,1	7161	7164
P44,2	7165	7168
P95,1	7169	7172
P165,1	7173	7176
P127,1	7177	7180
P60,2	7181	7184
P128,1	7185	7188
P129,1	7189	7192
P46,2	7193	7196
P17,2	7197	7200
P75,2	7201	7204
P61,1	7205	7208
P131,2	7209	7212
P24,2	7213	7216
P171,1	7217	7220
P31,1	7221	7224
P99,1	7225	7228
P133,2	7229	7232
P4,2	7233	7236
P62,1	7237	7240
P134,1	7241	7244
P32,2	7245	7248
P175,1	7249	7249
P101,2	7250	7253
P135,2	7254	7257
P177,1	7258	7261
P78,2	7262	7265
P179,1	7266	7269
P48,2	7270	7273
P180,1	7274	7277
P103,3	7278	7281
P13,1	7282	7285
P25,1	7286	7289
P184,1	7290	7293
P34,2	7294	7297
P64,1	7298	7301
P80,2	7302	7305
P185,1	7306	7308
P19,2	7309	7312
P35,1	7313	7316
P36,2	7317	7320
P50,2	7321	7324
P141,2	7325	7328
P108,2	7329	7332
P65,1	7333	7336
P189,2	7337	7340
P109,2	7341	7344
P66,2	7345	7348
P144,2	7349	7352
P111,1	7353	7356
P38,1	7357	7360
P193,1	7361	7364
P85,1	7365	7368
P53,2	7369	7370
P86,2	7371	7374
P67,1	7375	7376
P114,1	7377	7380
P54,2	7381	7384
P7,2	7385	7388
P149,1	7389	7392
P116,2	7393	7396
P199,1	7397	7400
P150,1	7401	7404
P55,1	7405	7408
P89,1	7409	7412
P152,1	7413	7416
P118,1	7417	7420
P70,2	7421	7424
P153,1	7425	7428
P90,2	7429	7432
P29,2	7433	7436
P40,2	7437	7440
P156,1	7441	7444
P22,2	7445	7448
P23,2	7449	7452
P92,1	7453	7456
P58,1	7457	7458
P160,1	7459	7462
P2,2	7463	7466
P159,2	7467	7470
P59,1	7471	7471
P11,1	7472	7475
P162,1	7476	7479
P94,1	7480	7483
P44,2	7484	7487
P95,1	7488	7491
P165,1	7492	7495
P127,1	7496	7499
P60,2	7500	7503
P128,1	7504	7507
P129,1	7508	7509
P46,2	7510	7513
P17,2	7514	7517
P75,2	7518	7521
P61,1	7522	7525
P131,2	7526	7529
P24,2	7530	7533
P171,1	7534	7537
P31,1	7538	7541
P99,1	7542	7545
P133,2	7546	7549
P4,2	7550	7553
P62,1	7554	7557
P134,1	7558	7561
P32,2	7562	7565
P101,2	7566	7569
P135,2	7570	7573
P177,1	7574	7577
P78,2	7578	7581
P179,1	7582	7585
P137,1	7586	7589
P104,1	7590	7593
P181,1	7594	7597
P138,2	7598	7601
P182,2	7602	7605
P49,2	7606	7609
P183,2	7610	7613
P139,1	7614	7617
P106,1	7618	7621
P19,2	7622	7623
P140,1	7624	7627
P81,1	7628	7631
P187,1	7632	7635
P26,2	7636	7639
P107,1	7640	7643
P188,1	7644	7647
P143,1	7648	7651
P83,2	7652	7655
P190,2	7656	7659
P84,1	7660	7663
P110,1	7664	7667
P192,1	7668	7671
P146,2	7672	7675
P113,1	7676	7678
P112,2	7679	7682
P53,3	7683	7686
P194,2	7687	7690
P114,1	7691	7694
P54,2	7695	7698
P7,2	7699	7702
P149,1	7703	7706
P116,2	7707	7710
P199,1	7711	7714
P150,1	7715	7718
P55,1	7719	7722
P89,1	7723	7726
P152,1	7727	7730
P118,1	7731	7734
P70,2	7735	7738
P153,1	7739	7742
P90,2	7743	7746
P29,2	7747	7750
P40,2	7751	7754
P156,1	7755	7758
P22,2	7759	7762
P23,2	7763	7766
P92,1	7767	7770
P122,2	7771	7774
P58,2	7775	7778
P123,2	7779	7782
P43,2	7783	7786
P161,2	7787	7790
P125,1	7791	7794
P124,2	7795	7798
P126,2	7799	7802
P164,1	7803	7806
P45,1	7807	7810
P30,2	7811	7814
P166,1	7815	7818
P167,1	7819	7822
P129,2	7823	7826
P16,2	7827	7830
P130,1	7831	7834
P97,2	7835	7838
P169,2	7839	7842
P76,1	7843	7846
P98,1	7847	7850
P132,1	7851	7854
P99,1	7855	7858
P133,2	7859	7862
P4,2	7863	7866
P62,1	7867	7870
P134,1	7871	7874
P32,2	7875	7878
P101,2	7879	7882
P135,2	7883	7886
P178,1	7887	7890
P102,2	7891	7894
P48,2	7895	7898
P180,1	7899	7902
P103,3	7903	7906
P138,2	7907	7910
P25,1	7911	7914
P184,1	7915	7918
P34,2	7919	7922
P64,1	7923	7926
P80,2	7927	7930
P185,2	7931	7934
P140,1	7935	7938
P81,1	7939	7942
P187,1	7943	7946
P26,2	7947	7950
P108,2	7951	7954
P188,1	7955	7958
P143,1	7959	7962
P83,2	7963	7966
P190,2	7967	7970
P84,1	7971	7974
P110,1	7975	7978
P192,1	7979	7982
P146,2	7983	7986
P85,1	7987	7990
P112,2	7991	7994
P86,2	7995	7998
P194,2	7999	8002
P114,1	8003	8006
P54,2	8007	8010
P7,2	8011	8014
P149,1	8015	8018
P68,2	8019	8022
P69,1	8023	8026
P150,1	8027	8030
P55,1	8031	8034
P89,1	8035	8038
P152,1	8039	8042
P118,1	8043	8046
P70,2	8047	8050
P153,1	8051	8054
P90,2	8055	8058
P29,2	8059	8062
P40,2	8063	8066
P156,1	8067	8070
P22,2	8071	8074
P23,2	8075	8078
P92,1	8079	8082
P122,2	8083	8086
P58,2	8087	8090
P123,2	8091	8094
P43,2	8095	8098
P161,2	8099	8102
P94,1	8103	8106
P44,2	8107	8110
P95,1	8111	8114
P165,1	8115	8118
P127,1	8119	8122
P60,2	8123	8126
P128,1	8127	8130
P96,1	8131	8133
P46,2	8134	8134
P16,2	8135	8138
P130,1	8139	8142
P97,2	8143	8146
P169,2	8147	8150
P76,1	8151	8154
P98,1	8155	8158
P132,1	8159	8162
P47,1	8163	8166
P18,2	8167	8167
P77,2	8168	8171
P173,1	8172	8175
P100,1	8176	8176
P134,1	8177	8180
P32,2	8181	8184
P101,2	8185	8188
P176,2	8189	8192
P177,1	8193	8196
P78,2	8197	8200
P48,2	8201	8204
P180,1	8205	8208
P103,3	8209	8212
P138,2	8213	8216
P25,1	8217	8220
P184,1	8221	8224
P34,2	8225	8228
P64,1	8229	8231
P80,2	8232	8235
P185,2	8236	8239
P140,1	8240	8243
P81,1	8244	8247
P187,1	8248	8251
P26,2	8252	8255
P108,2	8256	8259
P188,1	8260	8263
P143,1	8264	8267
P83,2	8268	8271
P190,2	8272	8275
P84,1	8276	8277
P110,1	8278	8281
P38,1	8282	8285
P146,2	8286	8289
P85,1	8290	8293
P112,2	8294	8297
P86,2	8298	8301
P194,2	8302	8305
P114,1	8306	8309
P54,2	8310	8313
P7,2	8314	8317
P10,2	8318	8320
P199,1	8321	8324
P69,1	8325	8328
P150,1	8329	8332
P55,1	8333	8336
P89,1	8337	8340
P152,1	8341	8344
P118,1	8345	8348
P70,2	8349	8352
P153,1	8353	8356
P90,2	8357	8360
P29,2	8361	8364
P40,2	8365	8368
P156,1	8369	8372
P22,2	8373	8376
P23,2	8377	8380
P92,1	8381	8384
P122,2	8385	8388
P58,2	8389	8392
P123,2	8393	8396
P159,3	8397	8400
P125,1	8401	8404
P162,2	8405	8408
P44,2	8409	8412
P95,1	8413	8416
P165,1	8417	8420
P127,1	8421	8424
P60,2	8425	8428
P167,1	8429	8432
P96,2	8433	8436
P17,2	8437	8440
P130,1	8441	8444
P97,2	8445	8448
P169,2	8449	8452
P76,1	8453	8456
P98,1	8457	8460
P132,1	8461	8464
P47,1	8465	8466
P99,1	8467	8470
P77,2	8471	8474
P173,1	8475	8478
P134,1	8479	8482
P32,2	8483	8485
P33,2	8486	8489
P63,2	8490	8493
P135,2	8494	8497
P78,2	8498	8501
P48,2	8502	8505
P180,1	8506	8509
P103,3	8510	8513
P13,2	8514	8517
P182,2	8518	8521
P49,2	8522	8525
P183,2	8526	8529
P64,2	8530	8533
P106,1	8534	8537
P19,3	8538	8541
P35,2	8542	8545
P36,2	8546	8549
P50,2	8550	8553
P141,2	8554	8557
P107,2	8558	8561
P65,2	8562	8565
P189,2	8566	8569
P109,2	8570	8573
P66,2	8574	8577
P144,2	8578	8581
P111,1	8582	8585
P192,2	8586	8589
P193,1	8590	8593
P113,2	8594	8597
P53,3	8598	8601
P195,2	8602	8605
P67,2	8606	8609
P54,2	8610	8613
P7,2	8614	8617
P68,2	8618	8621
P149,2	8622	8625
P116,3	8626	8629
P200,1	8630	8633
P15,2	8634	8634
P89,1	8635	8638
P21,2	8639	8642
P118,1	8643	8646
P70,2	8647	8650
P153,1	8651	8654
P90,2	8655	8658
P29,2	8659	8662
P40,2	8663	8666
P156,1	8667	8670
P22,2	8671	8674
P23,2	8675	8678
P92,1	8679	8682
P122,2	8683	8686
P58,2	8687	8690
P123,2	8691	8694
P159,3	8695	8698
P125,1	8699	8702
P162,2	8703	8706
P44,2	8707	8710
P95,1	8711	8714
P165,1	8715	8717
P127,1	8718	8721
P60,2	8722	8725
P167,1	8726	8729
P96,2	8730	8733
P17,2	8734	8737
P130,1	8738	8741
P97,2	8742	8745
P169,2	8746	8749
P76,1	8750	8753
P98,1	8754	8757
P132,1	8758	8761
P99,1	8762	8765
P77,2	8766	8768
P173,1	8769	8772
P134,1	8773	8776
P33,2	8777	8780
P63,2	8781	8784
P135,2	8785	8788
P78,2	8789	8792
P48,2	8793	8796
P180,1	8797	8800
P103,3	8801	8804
P13,2	8805	8808
P25,1	8809	8812
P184,1	8813	8816
P34,2	8817	8820
P64,2	8821	8824
P106,1	8825	8828
P185,2	8829	8832
P140,1	8833	8836
P81,1	8837	8840
P187,1	8841	8844
P26,2	8845	8848
P108,2	8849	8852
P188,1	8853	8856
P143,1	8857	8860
P83,2	8861	8864
P190,2	8865	8868
P84,2	8869	8872
P110,1	8873	8876
P38,1	8877	8878
P192,2	8879	8882
P193,1	8883	8886
P113,2	8887	8890
P53,3	8891	8894
P194,2	8895	8898
P148,1	8899	8902
P115,1	8903	8906
P88,2	8907	8910
P199,1	8911	8914
P69,1	8915	8918
P150,1	8919	8922
P55,1	8923	8926
P89,1	8927	8927
P152,1	8928	8931
P151,2	8932	8935
P28,2	8936	8939
P119,2	8940	8943
P153,2	8944	8947
P155,1	8948	8951
P120,1	8952	8955
P91,2	8956	8959
P41,2	8960	8963
P157,1	8964	8967
P160,1	8968	8971
P158,3	8972	8975
P2,2	8976	8979
P43,2	8980	8983
P161,2	8984	8987
P94,1	8988	8989
P124,2	8990	8993
P126,2	8994	8997
P164,1	8998	9001
P127,1	9002	9005
P60,2	9006	9009
P167,1	9010	9013
P96,2	9014	9017
P17,2	9018	9021
P130,1	9022	9025
P97,2	9026	9029
P131,2	9030	9033
P24,3	9034	9037
P98,1	9038	9041
P132,1	9042	9045
P133,2	9046	9049
P4,2	9050	9053
P100,2	9054	9057
P12,3	9058	9061
P101,2	9062	9065
P176,2	9066	9069
P177,1	9070	9073
P102,2	9074	9077
P137,1	9078	9081
P104,1	9082	9085
P138,2	9086	9089
P181,2	9090	9093
P182,2	9094	9097
P49,2	9098	9101
P183,2	9102	9105
P80,2	9106	9109
P139,2	9110	9113
P19,3	9114	9117
P81,1	9118	9121
P187,1	9122	9125
P26,2	9126	9129
P108,2	9130	9133
P188,1	9134	9137
P143,1	9138	9141
P83,2	9142	9145
P190,2	9146	9149
P84,2	9150	9153
P110,1	9154	9157
P38,2	9158	9161
P146,2	9162	9165
P85,1	9166	9169
P112,2	9170	9173
P195,2	9174	9177
P194,2	9178	9181
P148,1	9182	9185
P115,1	9186	9188
P88,2	9189	9192
P149,2	9193	9196
P116,3	9197	9200
P15,3	9201	9204
P21,2	9205	9208
P151,2	9209	9212
P28,2	9213	9216
P119,2	9217	9220
P153,2	9221	9224
P155,1	9225	9226
P40,2	9227	9230
P156,1	9231	9234
P22,2	9235	9238
P157,1	9239	9242
P160,1	9243	9246
P158,3	9247	9250
P2,2	9251	9254
P43,2	9255	9258
P161,2	9259	9262
P162,2	9263	9266
P44,2	9267	9270
P95,1	9271	9271
P45,1	9272	9275
P30,2	9276	9279
P128,1	9280	9283
P129,2	9284	9287
P16,2	9288	9291
P46,3	9292	9295
P75,2	9296	9299
P169,2	9300	9303
P61,2	9304	9307
P76,2	9308	9311
P171,1	9312	9315
P31,2	9316	9319
P99,2	9320	9323
P173,1	9324	9327
P134,2	9328	9331
P101,2	9332	9335
P176,2	9336	9339
P177,1	9340	9343
P102,2	9344	9347
P137,1	9348	9351
P104,1	9352	9353
P103,3	9354	9357
P13,2	9358	9361
P182,2	9362	9365
P49,2	9366	9369
P34,2	9370	9373
P64,2	9374	9377
P106,1	9378	9381
P185,2	9382	9385
P35,2	9386	9389
P36,2	9390	9393
P50,2	9394	9397
P141,2	9398	9398
P108,2	9399	9402
P188,1	9403	9406
P143,1	9407	9410
P83,2	9411	9414
P190,2	9415	9418
P84,2	9419	9422
P110,1	9423	9426
P38,2	9427	9430
P146,2	9431	9434
P85,1	9435	9438
P112,2	9439	9442
P195,2	9443	9446
P194,2	9447	9449
P148,1	9450	9453
P115,2	9454	9457
P88,2	9458	9461
P149,2	9462	9465
P69,2	9466	9469
P15,3	9470	9473
P21,2	9474	9477
P151,2	9478	9481
P28,2	9482	9485
P154,1	9486	9489
P29,2	9490	9492
P120,1	9493	9496
P91,2	9497	9500
P41,3	9501	9504
P92,1	9505	9508
P122,2	9509	9512
P58,2	9513	9516
P123,2	9517	9520
P159,3	9521	9524
P162,2	9525	9528
P44,2	9529	9532
P95,2	9533	9536
P127,1	9537	9540
P60,2	9541	9544
P96,2	9545	9548
P17,2	9549	9552
P130,1	9553	9554
P75,2	9555	9558
P169,2	9559	9562
P61,2	9563	9566
P76,2	9567	9570
P171,1	9571	9574
P133,2	9575	9578
P4,2	9579	9582
P100,2	9583	9586
P33,2	9587	9589
P101,2	9590	9593
P176,2	9594	9597
P78,2	9598	9601
P48,2	9602	9605
P180,1	9606	9609
P138,2	9610	9613
P181,2	9614	9617
P184,1	9618	9621
P25,2	9622	9625
P183,2	9626	9629
P80,2	9630	9633
P139,2	9634	9637
P19,3	9638	9641
P81,1	9642	9642
P36,2	9643	9646
P50,2	9647	9650
P141,3	9651	9654
P107,2	9655	9658
P65,2	9659	9662
P189,2	9663	9666
P190,2	9667	9670
P83,3	9671	9674
P144,2	9675	9678
P111,1	9679	9681
P192,2	9682	9685
P193,1	9686	9689
P113,2	9690	9693
P53,3	9694	9697
P86,3	9698	9701
P194,3	9702	9705
P54,2	9706	9709
P7,2	9710	9713
P199,1	9714	9717
P116,3	9718	9721
P200,2	9722	9725
P152,1	9726	9729
P55,2	9730	9733
P28,2	9734	9737
P119,2	9738	9741
P153,2	9742	9745
P120,1	9746	9749
P40,3	9750	9753
P22,2	9754	9757
P157,1	9758	9761
P160,1	9762	9765
P158,3	9766	9767
P58,2	9768	9771
P123,2	9772	9775
P159,3	9776	9779
P161,3	9780	9783
P44,2	9784	9787
P95,2	9788	9791
P30,2	9792	9795
P129,2	9796	9799
P16,2	9800	9803
P46,3	9804	9807
P97,2	9808	9811
P169,2	9812	9813
P61,2	9814	9817
P76,2	9818	9821
P171,1	9822	9825
P133,2	9826	9829
P99,2	9830	9833
P173,1	9834	9837
P134,2	9838	9841
P63,2	9842	9845
P176,2	9846	9849
P78,2	9850	9853
P48,2	9854	9857
P180,1	9858	9861
P138,2	9862	9865
P181,2	9866	9869
P184,1	9870	9873
P25,2	9874	9877
P183,2	9878	9881
P80,2	9882	9885
P139,2	9886	9889
P19,3	9890	9893
P36,2	9894	9897
P187,1	9898	9899
P50,2	9900	9903
P141,3	9904	9907
P107,2	9908	9911
P65,2	9912	9915
P109,2	9916	9919
P66,2	9920	9923
P84,2	9924	9927
P38,2	9928	9931
P146,2	9932	9935
P193,1	9936	9939
P112,2	9940	9943
P195,2	9944	9947
P67,2	9948	9949
P194,3	9950	9953
P54,2	9954	9957
P7,2	9958	9961
P199,1	9962	9965
P116,3	9966	9969
P200,2	9970	9973
P152,1	9974	9977
P55,2	9978	9981
P28,2	9982	9985
P119,2	9986	9989
P153,2	9990	9993
P120,1	9994	9997
P91,2	9998	10001
P41,3	10002	10005
P92,1	10006	10009
P122,2	10010	10013
P2,2	10014	10017
P43,2	10018	10021
P162,2	10022	10025
P125,2	10026	10029
P44,2	10030	10033
P95,2	10034	10037
P60,2	10038	10041
P129,2	10042	10045
P16,2	10046	10049
P46,3	10050	10053
P97,2	10054	10057
P131,3	10058	10061
P61,2	10062	10065
P76,2	10066	10069
P171,1	10070	10072
P31,2	10073	10076
P132,2	10077	10080
P4,2	10081	10084
P100,2	10085	10088
P101,2	10089	10092
P176,2	10093	10096
P102,2	10097	10100
P177,2	10101	10104
P103,3	10105	10108
P13,2	10109	10112
P182,2	10113	10116
P49,2	10117	10120
P34,2	10121	10124
P64,2	10125	10128
P106,1	10129	10129
P139,2	10130	10133
P19,3	10134	10137
P36,2	10138	10141
P50,2	10142	10145
P141,3	10146	10149
P107,2	10150	10153
P143,2	10154	10157
P189,2	10158	10161
P190,2	10162	10165
P83,3	10166	10169
P144,2	10170	10173
P192,2	10174	10177
P111,2	10178	10181
P85,2	10182	10185
P53,3	10186	10189
P86,3	10190	10193
P148,1	10194	10197
P54,2	10198	10201
P7,2	10202	10202
P88,2	10203	10206
P149,2	10207	10210
P69,2	10211	10214
P15,3	10215	10218
P21,2	10219	10222
P151,2	10223	10226
P119,2	10227	10229
P28,3	10230	10233
P29,3	10234	10237
P156,2	10238	10241
P91,2	10242	10245
P41,3	10246	10249
P92,1	10250	10251
P122,2	10252	10255
P2,2	10256	10259
P43,2	10260	10263
P162,2	10264	10267
P125,2	10268	10271
P44,2	10272	10275
P95,2	10276	10279
P60,2	10280	10283
P129,2	10284	10287
P16,2	10288	10291
P46,3	10292	10295
P97,2	10296	10299
P131,3	10300	10303
P61,2	10304	10307
P76,2	10308	10311
P31,2	10312	10315
P171,2	10316	10319
P99,2	10320	10323
P173,1	10324	10327
P134,2	10328	10331
P33,3	10332	10335
P78,2	10336	10339
P48,2	10340	10343
P137,2	10344	10347
P103,3	10348	10351
P181,2	10352	10355
P184,1	10356	10359
P25,2	10360	10363
P183,2	10364	10367
P80,2	10368	10371
P185,2	10372	10375
P19,3	10376	10379
P36,2	10380	10383
P50,2	10384	10387
P141,3	10388	10391
P107,2	10392	10395
P143,2	10396	10399
P189,2	10400	10403
P190,2	10404	10407
P83,3	10408	10411
P38,2	10412	10415
P192,2	10416	10419
P111,2	10420	10423
P85,2	10424	10427
P53,3	10428	10431
P86,3	10432	10435
P148,1	10436	10439
P54,2	10440	10443
P88,2	10444	10447
P149,2	10448	10451
P69,2	10452	10455
P15,3	10456	10459
P21,2	10460	10463
P151,2	10464	10467
P28,3	10468	10471
P153,2	10472	10475
P120,1	10476	10477
P40,3	10478	10481
P22,2	10482	10483
P41,3	10484	10487
P58,2	10488	10491
P2,2	10492	10495
P43,2	10496	10499
P162,2	10500	10503
P125,2	10504	10507
P44,2	10508	10511
P95,2	10512	10515
P60,2	10516	10519
P129,2	10520	10523
P16,2	10524	10527
P46,3	10528	10531
P97,2	10532	10535
P131,3	10536	10539
P61,2	10540	10543
P76,2	10544	10547
P31,2	10548	10551
P171,2	10552	10555
P99,2	10556	10559
P173,1	10560	10563
P134,2	10564	10567
P176,2	10568	10571
P102,2	10572	10575
P177,2	10576	10579
P180,1	10580	10583
P13,2	10584	10587
P182,2	10588	10591
P25,2	10592	10595
P49,3	10596	10599
P64,2	10600	10603
P139,2	10604	10607
P106,2	10608	10611
P35,2	10612	10615
P81,2	10616	10619
P26,2	10620	10623
P108,2	10624	10627
P143,2	10628	10631
P188,2	10632	10635
P109,2	10636	10639
P66,2	10640	10643
P84,2	10644	10647
P144,3	10648	10651
P146,2	10652	10655
P113,2	10656	10659
P112,2	10660	10663
P195,2	10664	10667
P194,3	10668	10671
P54,2	10672	10675
P88,2	10676	10679
P149,2	10680	10683
P69,2	10684	10687
P15,3	10688	10691
P55,2	10692	10695
P118,2	10696	10699
P154,2	10700	10703
P29,3	10704	10707
P120,2	10708	10711
P91,2	10712	10715
P122,2	10716	10719
P92,2	10720	10723
P123,2	10724	10727
P159,3	10728	10731
P161,3	10732	10735
P124,2	10736	10738
P126,2	10739	10742
P30,2	10743	10746
P127,2	10747	10750
P96,2	10751	10754
P17,2	10755	10758
P75,2	10759	10762
P130,2	10763	10766
P169,3	10767	10770
P24,3	10771	10774
P98,2	10775	10778
P133,2	10779	10782
P132,2	10783	10786
P4,2	10787	10790
P134,2	10791	10794
P176,2	10795	10798
P102,2	10799	10802
P177,2	10803	10806
P103,3	10807	10810
P181,2	10811	10814
P184,1	10815	10817
P34,2	10818	10821
P64,2	10822	10825
P139,2	10826	10829
P106,2	10830	10833
P35,2	10834	10837
P81,2	10838	10841
P26,2	10842	10845
P108,2	10846	10849
P143,2	10850	10853
P188,2	10854	10857
P109,2	10858	10861
P66,2	10862	10865
P84,2	10866	10868
P38,2	10869	10872
P192,2	10873	10876
P111,2	10877	10880
P85,2	10881	10884
P53,3	10885	10888
P194,3	10889	10892
P54,2	10893	10896
P88,2	10897	10900
P116,3	10901	10904
P200,2	10905	10908
P55,2	10909	10912
P151,2	10913	10916
P28,3	10917	10920
P153,2	10921	10924
P156,2	10925	10928
P40,3	10929	10932
P41,3	10933	10936
P58,2	10937	10940
P2,2	10941	10944
P43,2	10945	10948
P162,2	10949	10952
P125,2	10953	10956
P126,2	10957	10960
P30,2	10961	10964
P127,2	10965	10968
P96,2	10969	10972
P46,3	10973	10976
P97,2	10977	10980
P131,3	10981	10984
P61,2	10985	10988
P76,2	10989	10992
P31,2	10993	10996
P171,2	10997	11000
P99,2	11001	11004
P100,2	11005	11008
P134,2	11009	11012
P176,2	11013	11016
P102,2	11017	11020
P177,2	11021	11024
P13,2	11025	11028
P182,2	11029	11032
P34,2	11033	11036
P184,2	11037	11040
P80,2	11041	11044
P185,2	11045	11048
P19,3	11049	11052
P36,2	11053	11056
P50,2	11057	11060
P141,3	11061	11064
P107,2	11065	11068
P65,2	11069	11072
P189,2	11073	11073
P109,2	11074	11077
P83,3	11078	11081
P144,3	11082	11085
P146,2	11086	11089
P113,2	11090	11093
P112,2	11094	11097
P195,3	11098	11101
P67,3	11102	11105
P88,2	11106	11109
P116,3	11110	11113
P200,2	11114	11117
P55,2	11118	11121
P151,2	11122	11125
P28,3	11126	11129
P153,2	11130	11133
P156,2	11134	11137
P40,3	11138	11141
P41,3	11142	11145
P58,2	11146	11147
P2,2	11148	11148
P123,2	11149	11152
P159,3	11153	11156
P161,3	11157	11160
P44,2	11161	11164
P95,2	11165	11168
P60,2	11169	11172
P129,2	11173	11174
P17,2	11175	11178
P75,2	11179	11182
P130,2	11183	11186
P169,3	11187	11190
P24,3	11191	11192
P76,2	11193	11196
P31,2	11197	11200
P171,2	11201	11204
P99,2	11205	11208
P100,2	11209	11212
P134,2	11213	11216
P176,2	11217	11220
P102,2	11221	11224
P177,2	11225	11228
P13,2	11229	11232
P25,2	11233	11236
P184,2	11237	11240
P80,2	11241	11244
P185,2	11245	11248
P19,3	11249	11252
P36,2	11253	11256
P50,2	11257	11260
P141,3	11261	11264
P107,2	11265	11268
P65,2	11269	11272
P189,3	11273	11276
P66,2	11277	11280
P144,3	11281	11284
P146,2	11285	11288
P111,2	11289	11292
P85,2	11293	11296
P53,3	11297	11300
P194,3	11301	11304
P115,2	11305	11308
P149,2	11309	11312
P69,2	11313	11316
P15,3	11317	11320
P152,2	11321	11324
P118,2	11325	11328
P154,2	11329	11332
P29,3	11333	11335
P120,2	11336	11339
P91,3	11340	11343
P122,2	11344	11347
P58,3	11348	11351
P159,3	11352	11355
P161,3	11356	11359
P44,2	11360	11363
P95,2	11364	11367
P60,2	11368	11371
P96,2	11372	11375
P46,3	11376	11379
P97,2	11380	11383
P131,3	11384	11387
P61,2	11388	11391
P98,2	11392	11395
P133,2	11396	11399
P132,2	11400	11403
P100,2	11404	11407
P4,3	11408	11411
P33,3	11412	11415
P78,2	11416	11419
P48,2	11420	11423
P137,2	11424	11427
P34,3	11428	11431
P49,3	11432	11435
P64,2	11436	11439
P185,2	11440	11443
P19,3	11444	11447
P35,2	11448	11451
P81,2	11452	11455
P141,3	11456	11459
P107,2	11460	11463
P65,2	11464	11467
P189,3	11468	11471
P66,2	11472	11475
P144,3	11476	11479
P146,2	11480	11483
P111,2	11484	11487
P85,2	11488	11491
P53,3	11492	11495
P194,3	11496	11499
P115,2	11500	11503
P149,2	11504	11507
P69,2	11508	11511
P15,3	11512	11515
P152,2	11516	11519
P118,2	11520	11523
P154,2	11524	11527
P156,2	11528	11531
P40,3	11532	11535
P41,3	11536	11539
P92,2	11540	11543
P123,3	11544	11547
P159,3	11548	11551
P161,3	11552	11555
P44,2	11556	11559
P95,2	11560	11563
P127,2	11564	11567
P17,2	11568	11571
P75,3	11572	11575
P130,2	11576	11579
P169,3	11580	11583
P76,2	11584	11587
P31,2	11588	11591
P171,2	11592	11595
P99,2	11596	11599
P173,2	11600	11603
P134,2	11604	11607
P176,2	11608	11611
P102,2	11612	11613
P177,2	11614	11617
P181,2	11618	11621
P25,2	11622	11625
P184,2	11626	11629
P185,2	11630	11633
P80,3	11634	11637
P139,3	11638	11641
P36,2	11642	11645
P26,2	11646	11649
P50,3	11650	11653
P107,2	11654	11657
P65,2	11658	11658
P188,2	11659	11662
P109,2	11663	11666
P83,3	11667	11670
P192,2	11671	11674
P38,3	11675	11678
P113,2	11679	11682
P112,2	11683	11686
P195,3	11687	11690
P67,3	11691	11694
P88,2	11695	11698
P116,3	11699	11702
P200,2	11703	11706
P55,2	11707	11710
P151,2	11711	11714
P28,3	11715	11718
P153,2	11719	11722
P120,2	11723	11726
P91,3	11727	11730
P122,2	11731	11734
P58,3	11735	11738
P43,2	11739	11742
P162,2	11743	11746
P125,2	11747	11750
P126,2	11751	11754
P60,2	11755	11758
P30,3	11759	11762
P17,2	11763	11766
P97,2	11767	11770
P131,3	11771	11774
P76,2	11775	11778
P31,2	11779	11779
P133,2	11780	11783
P132,2	11784	11787
P100,2	11788	11791
P4,3	11792	11795
P33,3	11796	11799
P78,2	11800	11803
P177,2	11804	11807
P102,3	11808	11811
P34,3	11812	11815
P49,3	11816	11819
P64,2	11820	11823
P106,2	11824	11827
P19,3	11828	11831
P35,2	11832	11835
P26,2	11836	11839
P108,2	11840	11843
P65,3	11844	11847
P188,2	11848	11851
P109,2	11852	11855
P83,3	11856	11859
P192,2	11860	11863
P38,3	11864	11867
P113,2	11868	11871
P112,2	11872	11875
P195,3	11876	11879
P115,2	11880	11883
P149,2	11884	11887
P69,2	11888	11891
P15,3	11892	11895
P152,2	11896	11899
P118,2	11900	11903
P154,2	11904	11907
P156,2	11908	11911
P40,3	11912	11915
P41,3	11916	11919
P92,2	11920	11923
P123,3	11924	11927
P162,2	11928	11931
P43,3	11932	11935
P44,2	11936	11936
P126,2	11937	11940
P60,2	11941	11944
P30,3	11945	11948
P17,2	11949	11952
P97,2	11953	11956
P131,3	11957	11960
P76,2	11961	11964
P31,3	11965	11968
P171,2	11969	11972
P99,2	11973	11976
P173,2	11977	11980
P134,2	11981	11984
P176,2	11985	11988
P177,2	11989	11989
P137,2	11990	11993
P181,2	11994	11997
P25,2	11998	12001
P184,2	12002	12005
P185,2	12006	12009
P80,3	12010	12013
P139,3	12014	12017
P81,2	12018	12021
P50,3	12022	12025
P107,2	12026	12029
P143,2	12030	12033
P189,3	12034	12037
P66,2	12038	12041
P144,3	12042	12045
P38,3	12046	12049
P113,2	12050	12053
P85,2	12054	12057
P53,3	12058	12061
P67,3	12062	12065
P88,2	12066	12069
P116,3	12070	12073
P200,2	12074	12077
P55,2	12078	12081
P151,2	12082	12085
P28,3	12086	12089
P153,2	12090	12093
P120,2	12094	12097
P91,3	12098	12101
P122,2	12102	12103
P58,3	12104	12107
P159,3	12108	12111
P161,3	12112	12115
P125,2	12116	12119
P95,2	12120	12121
P60,2	12122	12124
P30,3	12125	12128
P17,2	12129	12132
P97,2	12133	12136
P131,3	12137	12140
P76,2	12141	12144
P31,3	12145	12148
P171,2	12149	12152
P99,2	12153	12156
P173,2	12157	12160
P134,2	12161	12164
P176,2	12165	12168
P48,2	12169	12172
P137,2	12173	12176
P181,2	12177	12180
P25,2	12181	12184
P184,2	12185	12188
P185,2	12189	12192
P80,3	12193	12196
P139,3	12197	12200
P81,2	12201	12204
P50,3	12205	12208
P65,3	12209	12212
P188,2	12213	12216
P109,2	12217	12220
P83,3	12221	12224
P192,2	12225	12227
P111,2	12228	12231
P146,3	12232	12235
P53,3	12236	12239
P112,3	12240	12243
P115,2	12244	12247
P149,3	12248	12251
P69,2	12252	12255
P55,2	12256	12259
P151,2	12260	12263
P28,3	12264	12267
P153,2	12268	12271
P120,2	12272	12275
P91,3	12276	12279
P122,3	12280	12283
P58,3	12284	12287
P162,2	12288	12291
P43,3	12292	12295
P126,2	12296	12299
P127,2	12300	12303
P96,2	12304	12307
P75,3	12308	12311
P130,2	12312	12315
P61,2	12316	12319
P98,2	12320	12323
P133,2	12324	12326
P132,2	12327	12330
P100,2	12331	12334
P4,3	12335	12338
P33,3	12339	12342
P78,3	12343	12346
P177,3	12347	12350
P102,3	12351	12354
P34,3	12355	12358
P49,3	12359	12362
P64,2	12363	12366
P80,3	12367	12370
P139,3	12371	12374
P81,2	12375	12378
P50,3	12379	12382
P65,3	12383	12386
P188,2	12387	12390
P109,2	12391	12394
P83,3	12395	12398
P38,3	12399	12402
P146,3	12403	12406
P53,3	12407	12410
P112,3	12411	12414
P115,2	12415	12418
P149,3	12419	12422
P69,2	12423	12426
P55,2	12427	12427
P118,2	12428	12431
P154,2	12432	12435
P156,2	12436	12439
P40,3	12440	12443
P41,3	12444	12447
P92,2	12448	12451
P123,3	12452	12455
P161,3	12456	12459
P125,2	12460	12463
P95,3	12464	12467
P30,3	12468	12471
P17,2	12472	12475
P97,2	12476	12479
P131,3	12480	12483
P76,2	12484	12487
P31,3	12488	12491
P99,2	12492	12495
P173,2	12496	12499
P4,3	12500	12503
P176,2	12504	12507
P48,2	12508	12510
P137,2	12511	12514
P181,2	12515	12518
P25,2	12519	12522
P184,2	12523	12526
P106,2	12527	12530
P19,3	12531	12534
P35,2	12535	12538
P26,2	12539	12542
P107,2	12543	12546
P143,2	12547	12550
P189,3	12551	12554
P66,2	12555	12555
P83,3	12556	12559
P38,3	12560	12563
P146,3	12564	12567
P195,3	12568	12571
P67,3	12572	12575
P149,3	12576	12579
P200,2	12580	12583
P118,2	12584	12587
P154,2	12588	12590
P156,2	12591	12594
P40,3	12595	12598
P41,3	12599	12602
P92,2	12603	12606
P123,3	12607	12610
P161,3	12611	12614
P125,2	12615	12618
P95,3	12619	12622
P30,3	12623	12626
P17,2	12627	12628
P75,3	12629	12632
P130,2	12633	12636
P61,2	12637	12640
P31,3	12641	12644
P99,2	12645	12648
P173,2	12649	12652
P4,3	12653	12656
P176,2	12657	12660
P177,3	12661	12664
P181,2	12665	12668
P25,2	12669	12672
P184,2	12673	12676
P106,2	12677	12680
P19,3	12681	12684
P35,2	12685	12688
P26,2	12689	12692
P107,2	12693	12696
P143,2	12697	12700
P189,3	12701	12704
P83,3	12705	12708
P66,3	12709	12712
P111,2	12713	12716
P85,2	12717	12720
P112,3	12721	12724
P115,2	12725	12728
P69,2	12729	12732
P152,2	12733	12736
P28,3	12737	12740
P156,2	12741	12744
P40,3	12745	12748
P122,3	12749	12752
P58,3	12753	12755
P162,2	12756	12759
P43,3	12760	12763
P126,2	12764	12767
P127,2	12768	12771
P96,2	12772	12775
P75,3	12776	12779
P130,2	12780	12783
P61,2	12784	12787
P133,3	12788	12791
P100,2	12792	12795
P132,3	12796	12799
P33,3	12800	12803
P78,3	12804	12807
P102,3	12808	12811
P137,3	12812	12815
P25,2	12816	12819
P184,2	12820	12823
P106,2	12824	12827
P19,3	12828	12831
P35,2	12832	12833
P26,2	12834	12837
P107,2	12838	12841
P143,2	12842	12845
P189,3	12846	12849
P83,3	12850	12853
P38,3	12854	12857
P146,3	12858	12861
P195,3	12862	12865
P67,3	12866	12869
P149,3	12870	12873
P200,2	12874	12877
P118,2	12878	12881
P153,2	12882	12885
P120,2	12886	12889
P91,3	12890	12893
P92,2	12894	12897
P162,2	12898	12901
P43,3	12902	12905
P95,3	12906	12909
P30,3	12910	12913
P17,3	12914	12917
P130,2	12918	12921
P31,3	12922	12925
P99,2	12926	12929
P173,2	12930	12933
P4,3	12934	12937
P176,2	12938	12941
P177,3	12942	12945
P181,2	12946	12949
P34,3	12950	12953
P49,3	12954	12957
P64,2	12958	12961
P19,3	12962	12965
P81,2	12966	12969
P107,2	12970	12973
P143,2	12974	12977
P189,3	12978	12981
P83,3	12982	12985
P38,3	12986	12989
P146,3	12990	12993
P195,3	12994	12997
P67,3	12998	13001
P69,2	13002	13005
P152,2	13006	13009
P28,3	13010	13011
P153,2	13012	13015
P120,2	13016	13019
P91,3	13020	13020
P92,2	13021	13021
P123,3	13022	13025
P161,3	13026	13029
P126,2	13030	13033
P127,2	13034	13037
P96,2	13038	13039
P17,3	13040	13043
P61,2	13044	13047
P31,3	13048	13051
P99,2	13052	13055
P173,2	13056	13059
P4,3	13060	13063
P176,2	13064	13067
P177,3	13068	13071
P181,2	13072	13075
P34,3	13076	13079
P49,3	13080	13083
P64,2	13084	13087
P19,3	13088	13091
P81,2	13092	13095
P107,2	13096	13099
P143,2	13100	13103
P189,3	13104	13107
P66,3	13108	13111
P111,2	13112	13114
P85,2	13115	13116
P112,3	13117	13120
P149,3	13121	13124
P200,2	13125	13128
P118,2	13129	13132
P156,2	13133	13136
P40,3	13137	13140
P123,3	13141	13144
P161,3	13145	13148
P126,2	13149	13152
P127,2	13153	13156
P17,3	13157	13160
P96,3	13161	13164
P97,3	13165	13168
P133,3	13169	13172
P100,2	13173	13176
P132,3	13177	13180
P33,3	13181	13184
P78,3	13185	13188
P102,3	13189	13192
P137,3	13193	13196
P25,2	13197	13200
P184,2	13201	13204
P80,3	13205	13208
P139,3	13209	13212
P26,2	13213	13214
P107,2	13215	13218
P143,2	13219	13222
P189,3	13223	13226
P66,3	13227	13230
P146,3	13231	13234
P112,3	13235	13238
P67,3	13239	13242
P69,2	13243	13246
P152,2	13247	13250
P153,2	13251	13254
P120,2	13255	13258
P122,3	13259	13262
P162,2	13263	13266
P43,3	13267	13270
P127,2	13271	13274
P17,3	13275	13278
P96,3	13279	13282
P97,3	13283	13286
P133,3	13287	13290
P100,2	13291	13294
P132,3	13295	13298
P33,3	13299	13302
P78,3	13303	13306
P102,3	13307	13310
P137,3	13311	13314
P25,2	13315	13318
P184,2	13319	13322
P19,3	13323	13326
P81,2	13327	13330
P143,2	13331	13332
P188,2	13333	13336
P83,3	13337	13340
P38,3	13341	13344
P195,3	13345	13348
P111,3	13349	13352
P149,3	13353	13356
P200,2	13357	13360
P118,2	13361	13364
P156,2	13365	13368
P40,3	13369	13372
P123,3	13373	13376
P161,3	13377	13380
P95,3	13381	13384
P30,3	13385	13388
P130,2	13389	13392
P61,3	13393	13396
P31,3	13397	13400
P99,2	13401	13404
P173,2	13405	13408
P4,3	13409	13412
P176,2	13413	13416
P177,3	13417	13420
P181,2	13421	13424
P34,3	13425	13428
P184,2	13429	13432
P19,3	13433	13435
P81,2	13436	13439
P107,3	13440	13443
P189,3	13444	13447
P83,3	13448	13451
P38,3	13452	13455
P195,3	13456	13459
P111,3	13460	13463
P149,3	13464	13467
P200,2	13468	13471
P118,2	13472	13475
P120,2	13476	13479
P122,3	13480	13483
P162,2	13484	13487
P43,3	13488	13491
P127,2	13492	13495
P17,3	13496	13499
P96,3	13500	13503
P97,3	13504	13507
P133,3	13508	13511
P100,2	13512	13515
P132,3	13516	13519
P33,3	13520	13523
P177,3	13524	13527
P181,2	13528	13531
P34,3	13532	13535
P184,2	13536	13538
P139,3	13539	13542
P65,3	13543	13546
P188,2	13547	13550
P143,3	13551	13554
P66,3	13555	13558
P146,3	13559	13562
P111,3	13563	13566
P149,3	13567	13570
P152,2	13571	13574
P156,2	13575	13578
P40,3	13579	13581
P123,3	13582	13585
P161,3	13586	13589
P95,3	13590	13593
P17,3	13594	13597
P96,3	13598	13601
P97,3	13602	13605
P133,3	13606	13609
P173,2	13610	13613
P33,3	13614	13617
P177,3	13618	13621
P181,2	13622	13625
P34,3	13626	13629
P64,2	13630	13633
P139,3	13634	13637
P65,3	13638	13641
P188,2	13642	13645
P143,3	13646	13649
P66,3	13650	13653
P146,3	13654	13657
P111,3	13658	13661
P200,2	13662	13665
P156,2	13666	13669
P122,3	13670	13673
P162,2	13674	13677
P43,3	13678	13681
P127,2	13682	13685
P130,2	13686	13689
P61,3	13690	13693
P31,3	13694	13696
P99,3	13697	13700
P4,3	13701	13704
P33,3	13705	13708
P177,3	13709	13711
P181,2	13712	13715
P34,3	13716	13719
P64,2	13720	13721
P184,3	13722	13725
P81,2	13726	13727
P107,3	13728	13731
P189,3	13732	13735
P83,3	13736	13736
P66,3	13737	13740
P146,3	13741	13744
P111,3	13745	13748
P200,2	13749	13750
P118,2	13751	13754
P122,3	13755	13758
P162,2	13759	13760
P161,3	13761	13763
P95,3	13764	13767
P17,3	13768	13771
P96,3	13772	13775
P97,3	13776	13779
P99,3	13780	13783
P4,3	13784	13787
P33,3	13788	13791
P102,3	13792	13795
P137,3	13796	13799
P25,2	13800	13803
P64,3	13804	13807
P65,3	13808	13811
P107,3	13812	13815
P189,3	13816	13819
P66,3	13820	13823
P146,3	13824	13827
P111,3	13828	13831
P118,2	13832	13835
P200,3	13836	13839
P123,3	13840	13843
P162,3	13844	13847
P95,3	13848	13851
P17,3	13852	13855
P96,3	13856	13859
P97,3	13860	13863
P99,3	13864	13867
P4,3	13868	13871
P33,3	13872	13875
P102,3	13876	13879
P137,3	13880	13883
P25,2	13884	13886
P64,3	13887	13890
P65,3	13891	13892
P81,3	13893	13896
P188,2	13897	13900
P143,3	13901	13904
P38,3	13905	13908
P195,3	13909	13912
P149,3	13913	13916
P200,3	13917	13920
P123,3	13921	13924
P162,3	13925	13928
P127,2	13929	13932
P130,2	13933	13933
P96,3	13934	13937
P97,3	13938	13941
P99,3	13942	13945
P4,3	13946	13949
P33,3	13950	13953
P181,3	13954	13957
P184,3	13958	13961
P25,3	13962	13965
P81,3	13966	13969
P188,2	13970	13971
P189,3	13972	13975
P66,3	13976	13979
P146,3	13980	13981
P111,3	13982	13985
P118,2	13986	13989
P122,3	13990	13993
P120,3	13994	13997
P95,3	13998	14000
P17,3	14001	14004
P61,3	14005	14008
P133,3	14009	14012
P173,2	14013	14016
P100,3	14017	14020
P102,3	14021	14024
P34,3	14025	14026
P184,3	14027	14030
P25,3	14031	14034
P81,3	14035	14038
P189,3	14039	14039
P143,3	14040	14043
P38,3	14044	14047
P111,3	14048	14051
P118,2	14052	14054
P122,3	14055	14058
P162,3	14059	14062
P17,3	14063	14066
P61,3	14067	14070
P133,3	14071	14074
P173,2	14075	14078
P100,3	14079	14082
P102,3	14083	14086
P184,3	14087	14090
P25,3	14091	14094
P107,3	14095	14098
P66,3	14099	14102
P195,3	14103	14106
P149,3	14107	14110
P122,3	14111	14114
P162,3	14115	14118
P17,3	14119	14122
P61,3	14123	14126
P133,3	14127	14130
P173,2	14131	14131
P4,3	14132	14135
P33,3	14136	14137
P102,3	14138	14141
P184,3	14142	14145
P25,3	14146	14149
P107,3	14150	14153
P66,3	14154	14157
P195,3	14158	14161
P149,3	14162	14165
P122,3	14166	14169
P162,3	14170	14173
P127,3	14174	14177
P61,3	14178	14181
P133,3	14182	14184
P99,3	14185	14188
P100,3	14189	14192
P181,3	14193	14196
P64,3	14197	14200
P81,3	14201	14204
P143,3	14205	14208
P38,3	14209	14212
P111,3	14213	14216
P200,3	14217	14220
P120,3	14221	14224
P17,3	14225	14228
P96,3	14229	14232
P97,3	14233	14236
P99,3	14237	14240
P100,3	14241	14244
P181,3	14245	14248
P64,3	14249	14252
P81,3	14253	14256
P143,3	14257	14260
P38,3	14261	14264
P111,3	14265	14268
P200,3	14269	14272
P120,3	14273	14276
P17,3	14277	14278
P96,3	14279	14282
P97,3	14283	14286
P99,3	14287	14289
P4,3	14290	14293
P102,3	14294	14297
P184,3	14298	14300
P25,3	14301	14304
P107,3	14305	14308
P66,3	14309	14312
P111,3	14313	14316
P200,3	14317	14320
P120,3	14321	14324
P127,3	14325	14328
P61,3	14329	14332
P173,3	14333	14336
P100,3	14337	14340
P181,3	14341	14344
P25,3	14345	14348
P107,3	14349	14352
P66,3	14353	14356
P111,3	14357	14360
P200,3	14361	14364
P120,3	14365	14368
P127,3	14369	14372
P61,3	14373	14376
P4,3	14377	14380
P102,3	14381	14384
P64,3	14385	14388
P81,3	14389	14392
P143,3	14393	14396
P38,3	14397	14400
P149,3	14401	14404
P122,3	14405	14408
P162,3	14409	14412
P96,3	14413	14416
P173,3	14417	14420
P100,3	14421	14424
P181,3	14425	14428
P25,3	14429	14432
P107,3	14433	14436
P66,3	14437	14438
P111,3	14439	14442
P200,3	14443	14446
P162,3	14447	14450
P96,3	14451	14454
P173,3	14455	14458
P100,3	14459	14462
P64,3	14463	14466
P81,3	14467	14470
P143,3	14471	14474
P149,3	14475	14478
P162,3	14479	14482
P96,3	14483	14486
P100,3	14487	14490
P64,3	14491	14494
P81,3	14495	14495
P107,3	14496	14499
P111,3	14500	14503
P200,3	14504	14507
P127,3	14508	14511
P173,3	14512	14515
P181,3	14516	14519
P107,3	14520	14523
P111,3	14524	14527
P162,3	14528	14531
P96,3	14532	14535
P100,3	14536	14539
P107,3	14540	14543
P111,3	14544	14547
P162,3	14548	14551
P96,3	14552	14555
P181,3	14556	14559
P143,3	14560	14563
P200,3	14564	14567
P127,3	14568	14571
P100,3	14572	14575
P107,3	14576	14579
P200,3	14580	14583
P127,3	14584	14587
P181,3	14588	14591
P200,3	14592	14595
P127,3	14596	14599
P107,3	14600	14603
P162,3	14604	14607
P181,3	14608	14611
P200,3	14612	14615
P127,3	14616	14619
P107,3	14620	14623
P162,3	14624	14627
P181,3	14628	14631
P200,3	14632	14635
P127,3	14636	14639
P107,3	14640	14643
P162,3	14644	14647
P181,3	14648	14651
P200,3	14652	14655
P127,3	14656	14659
P200,3	14660	14663
P127,3	14664	14667
P162,3	14668	14671
P200,3	14672	14672
P162,3	14673	14681
P127,3	14685	14688
CPU1
P2,1	17	24
P3,1	25	28
P1,1	29	32
P2,1	33	36
P5,1	37	40
P1,1	41	44
P2,1	45	48
P5,1	49	52
P7,1	53	56
P3,1	57	60
P4,1	61	64
P8,1	65	68
P7,1	69	72
P3,1	73	76
P9,1	77	80
P5,1	81	84
P6,1	85	88
P1,1	89	92
P3,1	93	96
P11,1	97	100
P4,1	101	104
P13,1	105	108
P8,1	109	112
P6,1	113	116
P1,1	117	118
P15,1	119	122
P2,1	123	126
P9,1	127	130
P17,1	131	134
P4,1	135	138
P13,1	139	142
P19,1	143	146
P14,1	147	150
P6,1	151	154
P10,1	155	158
P21,1	159	162
P3,1	163	164
P23,1	165	168
P11,1	169	172
P16,1	173	176
P24,1	177	180
P4,1	181	184
P13,1	185	188
P5,1	189	192
P26,1	193	196
P14,1	197	200
P6,1	201	204
P10,1	205	208
P15,1	209	212
P28,1	213	216
P22,1	217	220
P2,1	221	224
P9,1	225	228
P16,1	229	232
P24,1	233	236
P18,1	237	240
P12,1	241	244
P33,1	245	248
P25,1	249	252
P5,1	253	256
P35,1	257	260
P26,1	261	264
P37,1	265	268
P14,1	269	272
P6,1	273	276
P10,1	277	280
P39,1	281	284
P21,1	285	288
P29,1	289	292
P41,1	293	296
P23,1	297	300
P2,1	301	304
P11,1	305	308
P45,1	309	312
P30,1	313	316
P16,1	317	320
P24,1	321	324
P47,1	325	328
P4,1	329	332
P32,1	333	336
P48,1	337	340
P25,1	341	344
P34,1	345	348
P19,1	349	352
P36,1	353	356
P26,1	357	360
P8,1	361	364
P52,1	365	368
P53,1	369	372
P20,1	373	376
P6,1	377	380
P10,1	381	384
P39,1	385	388
P15,1	389	392
P28,1	393	396
P29,1	397	400
P41,1	401	404
P57,1	405	408
P42,1	409	412
P2,1	413	416
P59,1	417	420
P44,1	421	424
P60,1	425	428
P30,1	429	432
P16,1	433	436
P61,1	437	440
P31,1	441	444
P18,1	445	448
P12,1	449	452
P32,1	453	456
P63,1	457	460
P13,1	461	464
P49,1	465	468
P5,1	469	470
P19,1	471	474
P36,1	475	478
P26,1	479	482
P65,1	483	486
P8,1	487	490
P52,1	491	494
P53,1	495	498
P14,1	499	502
P54,1	503	506
P7,1	507	510
P10,1	511	514
P69,1	515	518
P55,1	519	522
P21,1	523	526
P28,1	527	530
P29,1	531	534
P71,1	535	538
P22,1	539	542
P23,1	543	546
P72,1	547	550
P2,1	551	554
P59,1	555	558
P44,1	559	562
P45,1	563	566
P9,1	567	570
P74,1	571	574
P16,1	575	578
P75,1	579	582
P24,1	583	586
P31,1	587	590
P18,1	591	594
P12,1	595	598
P62,1	599	602
P33,1	603	606
P78,1	607	610
P79,1	611	614
P25,1	615	618
P34,1	619	622
P64,1	623	626
P35,1	627	630
P81,1	631	634
P26,1	635	638
P82,1	639	642
P83,1	643	646
P8,1	647	650
P84,1	651	654
P38,1	655	658
P85,1	659	662
P67,1	663	666
P20,1	667	670
P87,1	671	674
P7,1	675	678
P68,1	679	682
P27,1	683	686
P39,1	687	690
P89,1	691	694
P21,1	695	698
P28,1	699	702
P56,1	703	706
P40,1	707	710
P91,1	711	714
P22,1	715	718
P23,1	719	722
P72,1	723	726
P58,1	727	730
P2,1	731	734
P59,1	735	738
P94,1	739	742
P73,1	743	746
P45,1	747	750
P9,1	751	754
P74,1	755	758
P96,1	759	762
P17,1	763	766
P97,1	767	770
P24,1	771	774
P98,1	775	778
P47,1	779	782
P4,1	783	786
P77,1	787	790
P62,1	791	794
P32,1	795	798
P101,1	799	802
P102,1	803	806
P48,1	807	810
P103,1	811	814
P13,1	815	818
P49,1	819	822
P80,1	823	826
P105,1	827	830
P19,1	831	834
P36,1	835	838
P50,1	839	842
P107,1	843	846
P51,1	847	850
P65,1	851	854
P109,1	855	858
P8,1	859	862
P84,1	863	866
P111,1	867	870
P38,1	871	874
P53,1	875	878
P85,1	879	882
P67,1	883	886
P14,1	887	890
P54,1	891	894
P6,1	895	898
P115,1	899	902
P116,1	903	906
P10,1	907	908
P27,1	909	912
P69,1	913	916
P55,1	917	920
P15,1	921	924
P118,1	925	928
P28,1	929	932
P90,1	933	936
P29,1	937	940
P71,1	941	944
P120,1	945	948
P22,1	949	952
P23,1	953	956
P42,1	957	960
P92,1	961	964
P58,1	965	968
P2,1	969	972
P123,1	973	976
P11,1	977	980
P125,1	981	984
P44,1	985	988
P73,1	989	992
P45,1	993	996
P9,1	997	1000
P30,1	1001	1004
P128,1	1005	1008
P46,1	1009	1012
P16,1	1013	1016
P75,1	1017	1020
P130,1	1021	1024
P61,1	1025	1028
P76,1	1029	1032
P132,1	1033	1036
P47,1	1037	1040
P4,1	1041	1044
P12,1	1045	1046
P99,1	1047	1050
P100,1	1051	1054
P134,1	1055	1058
P101,1	1059	1062
P63,1	1063	1066
P136,1	1067	1070
P48,1	1071	1074
P103,1	1075	1078
P104,1	1079	1082
P138,1	1083	1086
P49,1	1087	1090
P80,1	1091	1094
P139,1	1095	1098
P106,1	1099	1102
P140,1	1103	1106
P36,1	1107	1110
P50,1	1111	1114
P26,1	1115	1118
P108,1	1119	1122
P82,1	1123	1126
P65,1	1127	1130
P143,1	1131	1134
P66,1	1135	1138
P37,1	1139	1142
P144,1	1143	1146
P111,1	1147	1150
P52,1	1151	1154
P146,1	1155	1158
P53,1	1159	1162
P85,1	1163	1166
P147,1	1167	1170
P114,1	1171	1174
P20,1	1175	1178
P148,1	1179	1182
P6,1	1183	1186
P115,1	1187	1190
P149,1	1191	1194
P68,1	1195	1198
P27,1	1199	1202
P69,1	1203	1206
P39,1	1207	1210
P89,1	1211	1214
P151,1	1215	1218
P152,1	1219	1222
P70,1	1223	1226
P119,1	1227	1230
P90,1	1231	1234
P154,1	1235	1238
P40,1	1239	1242
P71,1	1243	1246
P120,1	1247	1250
P41,1	1251	1254
P57,1	1255	1258
P121,1	1259	1262
P42,1	1263	1266
P158,1	1267	1270
P122,1	1271	1274
P159,1	1275	1278
P2,1	1279	1282
P160,1	1283	1286
P59,1	1287	1290
P11,1	1291	1294
P124,1	1295	1298
P94,1	1299	1302
P126,1	1303	1306
P163,1	1307	1310
P164,1	1311	1314
P45,1	1315	1318
P9,1	1319	1322
P30,1	1323	1326
P166,1	1327	1330
P167,1	1331	1334
P46,1	1335	1338
P16,1	1339	1342
P168,1	1343	1346
P97,1	1347	1350
P131,1	1351	1354
P170,1	1355	1358
P24,1	1359	1362
P98,1	1363	1366
P132,1	1367	1370
P172,1	1371	1374
P18,1	1375	1378
P133,1	1379	1382
P99,1	1383	1386
P12,2	1387	1390
P100,1	1391	1394
P134,1	1395	1398
P33,1	1399	1402
P135,1	1403	1406
P63,1	1407	1410
P177,1	1411	1414
P102,1	1415	1418
P78,1	1419	1422
P179,1	1423	1426
P103,1	1427	1430
P180,1	1431	1434
P181,1	1435	1438
P138,1	1439	1442
P182,1	1443	1446
P183,1	1447	1450
P184,1	1451	1454
P64,1	1455	1458
P105,1	1459	1462
P185,1	1463	1466
P19,1	1467	1470
P35,1	1471	1474
P81,1	1475	1478
P187,1	1479	1482
P26,1	1483	1486
P108,1	1487	1490
P82,1	1491	1494
P142,1	1495	1498
P83,1	1499	1502
P189,1	1503	1506
P66,1	1507	1510
P8,1	1511	1514
P191,1	1515	1518
P144,1	1519	1522
P111,1	1523	1526
P145,1	1527	1530
P38,1	1531	1534
P193,1	1535	1538
P53,1	1539	1542
P85,1	1543	1546
P194,1	1547	1550
P147,1	1551	1554
P114,1	1555	1558
P20,1	1559	1560
P54,1	1561	1564
P148,1	1565	1568
P6,1	1569	1572
P115,1	1573	1576
P88,1	1577	1580
P198,1	1581	1584
P68,1	1585	1588
P27,1	1589	1592
P117,1	1593	1596
P150,1	1597	1600
P39,1	1601	1604
P89,1	1605	1608
P151,1	1609	1612
P152,1	1613	1616
P70,1	1617	1620
P119,1	1621	1624
P90,1	1625	1628
P154,1	1629	1632
P40,1	1633	1636
P71,1	1637	1640
P120,1	1641	1644
P41,1	1645	1648
P57,1	1649	1652
P121,1	1653	1656
P42,1	1657	1660
P158,1	1661	1664
P122,1	1665	1668
P159,1	1669	1672
P2,1	1673	1676
P160,1	1677	1680
P59,1	1681	1684
P11,1	1685	1688
P124,1	1689	1692
P94,1	1693	1696
P126,1	1697	1700
P163,1	1701	1704
P164,1	1705	1708
P45,1	1709	1712
P9,1	1713	1716
P30,1	1717	1720
P166,1	1721	1724
P167,1	1725	1728
P46,1	1729	1732
P16,1	1733	1736
P168,1	1737	1740
P97,1	1741	1744
P131,1	1745	1748
P170,1	1749	1752
P24,1	1753	1756
P98,1	1757	1760
P132,1	1761	1764
P172,1	1765	1768
P18,1	1769	1772
P133,1	1773	1776
P99,1	1777	1780
P12,2	1781	1784
P100,1	1785	1788
P134,1	1789	1792
P33,1	1793	1796
P135,1	1797	1800
P63,1	1801	1804
P177,1	1805	1808
P102,1	1809	1812
P78,1	1813	1816
P179,1	1817	1820
P103,1	1821	1824
P180,1	1825	1828
P181,1	1829	1832
P138,1	1833	1836
P182,1	1837	1840
P183,1	1841	1844
P184,1	1845	1848
P64,1	1849	1852
P105,1	1853	1856
P185,1	1857	1860
P19,1	1861	1864
P35,1	1865	1868
P81,1	1869	1872
P187,1	1873	1876
P26,1	1877	1880
P108,1	1881	1884
P82,1	1885	1888
P142,1	1889	1892
P83,1	1893	1896
P189,1	1897	1900
P66,1	1901	1904
P8,1	1905	1908
P191,1	1909	1912
P144,1	1913	1916
P111,1	1917	1920
P145,1	1921	1924
P38,1	1925	1928
P193,1	1929	1932
P53,1	1933	1936
P85,1	1937	1940
P194,1	1941	1944
P147,1	1945	1948
P114,1	1949	1952
P54,1	1953	1956
P148,1	1957	1960
P6,1	1961	1964
P115,1	1965	1968
P88,1	1969	1972
P198,1	1973	1976
P68,1	1977	1980
P27,1	1981	1984
P117,1	1985	1988
P150,1	1989	1992
P39,1	1993	1996
P89,1	1997	2000
P151,1	2001	2004
P152,1	2005	2008
P70,1	2009	2012
P119,1	2013	2016
P90,1	2017	2020
P154,1	2021	2024
P40,1	2025	2028
P71,1	2029	2032
P120,1	2033	2036
P41,1	2037	2040
P57,1	2041	2044
P121,1	2045	2048
P42,1	2049	2052
P158,1	2053	2056
P122,1	2057	2060
P159,1	2061	2064
P2,1	2065	2068
P160,1	2069	2072
P59,1	2073	2076
P11,1	2077	2080
P124,1	2081	2084
P94,1	2085	2088
P126,1	2089	2092
P163,1	2093	2096
P164,1	2097	2100
P45,1	2101	2104
P9,1	2105	2108
P30,1	2109	2112
P166,1	2113	2116
P167,1	2117	2120
P46,1	2121	2124
P16,1	2125	2128
P168,1	2129	2132
P97,1	2133	2136
P131,1	2137	2140
P170,1	2141	2144
P24,1	2145	2148
P98,1	2149	2152
P132,1	2153	2156
P172,1	2157	2160
P18,1	2161	2164
P133,1	2165	2168
P99,1	2169	2172
P12,2	2173	2176
P100,1	2177	2180
P134,1	2181	2184
P33,1	2185	2188
P135,1	2189	2192
P63,1	2193	2196
P177,1	2197	2200
P102,1	2201	2204
P78,1	2205	2208
P179,1	2209	2212
P103,1	2213	2216
P180,1	2217	2220
P181,1	2221	2224
P138,1	2225	2228
P182,1	2229	2232
P183,1	2233	2236
P184,1	2237	2240
P64,1	2241	2244
P105,1	2245	2248
P185,1	2249	2252
P19,1	2253	2256
P35,1	2257	2260
P81,1	2261	2264
P187,1	2265	2268
P26,1	2269	2272
P108,1	2273	2276
P82,1	2277	2280
P142,1	2281	2284
P83,1	2285	2288
P189,1	2289	2292
P66,1	2293	2296
P8,1	2297	2300
P191,1	2301	2304
P144,1	2305	2308
P111,1	2309	2312
P145,1	2313	2316
P146,1	2317	2320
P112,1	2321	2324
P113,1	2325	2328
P86,1	2329	2332
P195,1	2333	2336
P67,1	2337	2340
P14,1	2341	2344
P196,1	2345	2348
P87,1	2349	2352
P7,1	2353	2356
P197,1	2357	2360
P149,1	2361	2364
P116,1	2365	2368
P10,2	2369	2372
P199,1	2373	2376
P69,1	2377	2380
P200,1	2381	2384
P55,1	2385	2388
P15,1	2389	2392
P21,1	2393	2396
P118,1	2397	2400
P28,1	2401	2404
P153,1	2405	2408
P56,1	2409	2412
P29,1	2413	2416
P155,1	2417	2420
P91,1	2421	2424
P156,1	2425	2428
P22,1	2429	2432
P23,1	2433	2435
P121,1	2436	2439
P42,1	2440	2443
P158,1	2444	2447
P122,1	2448	2451
P159,1	2452	2455
P2,1	2456	2459
P160,1	2460	2463
P59,1	2464	2467
P11,1	2468	2471
P124,1	2472	2475
P94,1	2476	2479
P126,1	2480	2483
P163,1	2484	2487
P164,1	2488	2491
P45,1	2492	2495
P9,1	2496	2499
P30,1	2500	2503
P166,1	2504	2507
P167,1	2508	2511
P96,1	2512	2515
P16,1	2516	2519
P168,1	2520	2523
P97,1	2524	2527
P131,1	2528	2531
P170,1	2532	2535
P24,1	2536	2539
P98,1	2540	2543
P132,1	2544	2547
P172,1	2548	2551
P18,1	2552	2555
P133,1	2556	2559
P99,1	2560	2563
P12,2	2564	2567
P100,1	2568	2571
P134,1	2572	2575
P33,1	2576	2579
P135,1	2580	2583
P63,1	2584	2585
P177,1	2586	2589
P102,1	2590	2593
P78,1	2594	2597
P179,1	2598	2601
P103,1	2602	2605
P180,1	2606	2609
P181,1	2610	2613
P138,1	2614	2617
P182,1	2618	2621
P183,1	2622	2625
P184,1	2626	2629
P64,1	2630	2633
P105,1	2634	2637
P185,1	2638	2641
P19,1	2642	2645
P35,1	2646	2649
P81,1	2650	2653
P187,1	2654	2657
P26,1	2658	2661
P108,1	2662	2665
P82,1	2666	2669
P142,1	2670	2673
P83,1	2674	2677
P189,1	2678	2681
P66,1	2682	2685
P8,1	2686	2689
P191,1	2690	2693
P144,1	2694	2697
P111,1	2698	2701
P145,1	2702	2705
P146,1	2706	2709
P112,1	2710	2713
P113,1	2714	2717
P86,1	2718	2721
P195,1	2722	2725
P67,1	2726	2729
P14,1	2730	2733
P196,1	2734	2737
P87,1	2738	2741
P115,1	2742	2745
P88,1	2746	2749
P198,1	2750	2753
P68,1	2754	2757
P27,1	2758	2759
P117,1	2760	2763
P150,1	2764	2767
P39,1	2768	2771
P89,1	2772	2775
P151,1	2776	2779
P152,1	2780	2783
P70,1	2784	2787
P119,1	2788	2791
P90,1	2792	2795
P154,1	2796	2799
P40,1	2800	2803
P71,1	2804	2807
P120,1	2808	2811
P41,1	2812	2815
P57,1	2816	2819
P121,1	2820	2823
P42,1	2824	2827
P158,1	2828	2831
P122,1	2832	2835
P159,1	2836	2839
P2,1	2840	2840
P43,1	2841	2844
P123,1	2845	2848
P161,1	2849	2852
P162,1	2853	2856
P125,1	2857	2860
P44,1	2861	2864
P73,1	2865	2868
P95,1	2869	2872
P165,1	2873	2876
P60,1	2877	2880
P127,1	2881	2884
P74,1	2885	2887
P128,1	2888	2891
P129,1	2892	2895
P46,2	2896	2899
P17,1	2900	2903
P75,1	2904	2907
P130,1	2908	2911
P169,1	2912	2915
P61,1	2916	2919
P76,1	2920	2923
P171,1	2924	2927
P31,1	2928	2931
P47,1	2932	2935
P4,1	2936	2938
P77,1	2939	2942
P173,1	2943	2946
P62,1	2947	2950
P32,1	2951	2954
P174,1	2955	2958
P101,1	2959	2962
P175,1	2963	2966
P176,1	2967	2970
P178,1	2971	2974
P136,1	2975	2978
P48,1	2979	2982
P79,1	2983	2986
P137,1	2987	2990
P104,1	2991	2994
P13,1	2995	2998
P25,1	2999	3002
P183,1	3003	3006
P184,1	3007	3010
P80,1	3011	3014
P139,1	3015	3018
P106,1	3019	3022
P186,1	3023	3026
P140,1	3027	3030
P36,1	3031	3032
P81,1	3033	3036
P187,1	3037	3040
P26,1	3041	3044
P108,1	3045	3048
P82,1	3049	3052
P142,1	3053	3056
P83,1	3057	3060
P189,1	3061	3064
P66,1	3065	3068
P8,1	3069	3072
P191,1	3073	3076
P144,1	3077	3080
P111,1	3081	3084
P145,1	3085	3088
P146,1	3089	3092
P112,1	3093	3096
P85,1	3097	3100
P86,1	3101	3104
P195,1	3105	3108
P67,1	3109	3112
P14,1	3113	3116
P196,1	3117	3120
P87,1	3121	3124
P115,1	3125	3128
P88,1	3129	3132
P198,1	3133	3136
P68,1	3137	3140
P199,1	3141	3144
P69,1	3145	3148
P200,1	3149	3152
P55,1	3153	3156
P15,1	3157	3160
P21,1	3161	3164
P118,1	3165	3168
P119,1	3169	3172
P153,1	3173	3176
P56,1	3177	3180
P29,1	3181	3184
P71,1	3185	3188
P40,2	3189	3192
P156,1	3193	3196
P22,1	3197	3200
P23,2	3201	3204
P157,1	3205	3208
P158,1	3209	3212
P122,1	3213	3216
P159,1	3217	3220
P43,1	3221	3224
P2,2	3225	3228
P59,1	3229	3232
P11,1	3233	3236
P124,1	3237	3240
P94,1	3241	3244
P126,1	3245	3248
P163,1	3249	3252
P164,1	3253	3256
P45,1	3257	3260
P9,1	3261	3264
P30,1	3265	3268
P128,1	3269	3272
P129,1	3273	3276
P46,2	3277	3280
P17,1	3281	3284
P75,1	3285	3288
P130,1	3289	3292
P169,1	3293	3296
P61,1	3297	3300
P24,2	3301	3304
P171,1	3305	3308
P31,1	3309	3312
P47,1	3313	3316
P133,1	3317	3320
P99,1	3321	3324
P173,1	3325	3328
P62,1	3329	3332
P32,1	3333	3333
P134,1	3334	3337
P33,1	3338	3341
P135,1	3342	3345
P63,2	3346	3349
P177,1	3350	3353
P102,1	3354	3357
P78,1	3358	3361
P179,1	3362	3365
P103,1	3366	3369
P180,1	3370	3373
P181,1	3374	3377
P138,1	3378	3381
P182,1	3382	3385
P34,1	3386	3389
P49,2	3390	3393
P64,1	3394	3397
P105,1	3398	3401
P185,1	3402	3405
P19,1	3406	3406
P35,1	3407	3410
P50,1	3411	3414
P187,1	3415	3418
P26,1	3419	3422
P108,1	3423	3426
P82,1	3427	3430
P142,1	3431	3434
P83,1	3435	3438
P189,1	3439	3442
P66,1	3443	3446
P8,1	3447	3450
P191,1	3451	3454
P144,1	3455	3458
P111,1	3459	3462
P145,1	3463	3466
P146,1	3467	3470
P112,1	3471	3474
P85,1	3475	3478
P86,1	3479	3482
P195,1	3483	3486
P67,1	3487	3490
P14,1	3491	3494
P196,1	3495	3498
P87,1	3499	3502
P115,1	3503	3506
P88,1	3507	3510
P198,1	3511	3514
P68,1	3515	3518
P199,1	3519	3522
P69,1	3523	3526
P200,1	3527	3530
P55,1	3531	3534
P15,1	3535	3538
P21,1	3539	3542
P118,1	3543	3546
P119,1	3547	3550
P153,1	3551	3554
P56,1	3555	3558
P29,1	3559	3562
P71,1	3563	3563
P91,1	3564	3567
P120,1	3568	3571
P41,1	3572	3575
P57,1	3576	3579
P121,1	3580	3583
P72,1	3584	3587
P92,1	3588	3591
P58,1	3592	3595
P93,1	3596	3599
P160,1	3600	3603
P123,1	3604	3606
P161,1	3607	3610
P162,1	3611	3614
P125,1	3615	3618
P44,1	3619	3622
P73,1	3623	3626
P95,1	3627	3630
P165,1	3631	3634
P60,1	3635	3638
P127,1	3639	3642
P166,1	3643	3646
P167,1	3647	3650
P96,1	3651	3654
P16,1	3655	3658
P168,1	3659	3662
P97,1	3663	3666
P131,1	3667	3670
P170,1	3671	3674
P76,1	3675	3678
P98,1	3679	3682
P132,1	3683	3686
P172,1	3687	3690
P18,1	3691	3694
P77,1	3695	3698
P4,2	3699	3702
P12,2	3703	3706
P100,1	3707	3710
P174,1	3711	3714
P33,1	3715	3718
P135,1	3719	3722
P63,2	3723	3726
P177,1	3727	3730
P102,1	3731	3734
P78,1	3735	3738
P179,1	3739	3742
P103,1	3743	3746
P180,1	3747	3750
P181,1	3751	3754
P138,1	3755	3758
P182,1	3759	3762
P34,1	3763	3766
P49,2	3767	3770
P64,1	3771	3774
P105,1	3775	3778
P185,1	3779	3782
P19,2	3783	3786
P35,1	3787	3790
P50,1	3791	3794
P187,1	3795	3798
P26,1	3799	3802
P108,1	3803	3806
P82,1	3807	3810
P142,1	3811	3814
P83,1	3815	3818
P189,1	3819	3822
P66,1	3823	3826
P8,1	3827	3828
P37,1	3829	3832
P84,1	3833	3836
P110,1	3837	3840
P192,1	3841	3844
P38,1	3845	3848
P112,1	3849	3852
P85,1	3853	3856
P86,1	3857	3860
P195,1	3861	3864
P67,1	3865	3868
P14,1	3869	3872
P196,1	3873	3876
P87,1	3877	3880
P115,1	3881	3884
P88,1	3885	3888
P198,1	3889	3892
P68,1	3893	3894
P10,2	3895	3898
P117,1	3899	3902
P150,1	3903	3906
P39,1	3907	3910
P89,1	3911	3914
P151,1	3915	3918
P152,1	3919	3922
P70,1	3923	3924
P28,2	3925	3928
P90,1	3929	3932
P154,1	3933	3936
P155,1	3937	3940
P40,2	3941	3944
P156,1	3945	3948
P22,1	3949	3952
P23,2	3953	3956
P157,1	3957	3960
P158,1	3961	3964
P122,1	3965	3968
P159,1	3969	3972
P43,1	3973	3976
P2,2	3977	3980
P59,1	3981	3984
P11,1	3985	3988
P124,1	3989	3992
P94,1	3993	3996
P126,1	3997	4000
P163,1	4001	4004
P164,1	4005	4008
P45,1	4009	4012
P9,1	4013	4014
P30,1	4015	4018
P128,1	4019	4022
P129,1	4023	4026
P46,2	4027	4030
P17,1	4031	4034
P75,1	4035	4037
P130,1	4038	4041
P169,1	4042	4045
P61,1	4046	4049
P24,2	4050	4053
P171,1	4054	4057
P31,1	4058	4061
P47,1	4062	4065
P133,1	4066	4068
P77,1	4069	4072
P4,2	4073	4076
P12,2	4077	4080
P100,1	4081	4084
P174,1	4085	4088
P33,1	4089	4092
P135,1	4093	4096
P63,2	4097	4100
P177,1	4101	4104
P102,1	4105	4108
P78,1	4109	4112
P179,1	4113	4116
P103,1	4117	4119
P180,1	4120	4123
P181,1	4124	4127
P138,1	4128	4131
P182,1	4132	4135
P34,1	4136	4139
P49,2	4140	4143
P64,1	4144	4147
P105,1	4148	4151
P185,1	4152	4155
P19,2	4156	4159
P35,1	4160	4163
P50,1	4164	4167
P187,1	4168	4171
P26,1	4172	4175
P108,1	4176	4179
P82,1	4180	4183
P142,1	4184	4187
P143,1	4188	4191
P83,2	4192	4195
P66,1	4196	4199
P37,1	4200	4203
P84,1	4204	4207
P110,1	4208	4211
P192,1	4212	4215
P146,2	4216	4219
P112,1	4220	4223
P85,1	4224	4227
P86,1	4228	4231
P195,1	4232	4235
P67,1	4236	4239
P14,1	4240	4243
P196,1	4244	4247
P87,1	4248	4251
P115,1	4252	4255
P88,1	4256	4259
P198,1	4260	4263
P10,2	4264	4267
P199,1	4268	4271
P69,1	4272	4275
P200,1	4276	4279
P89,1	4280	4283
P151,1	4284	4287
P152,1	4288	4291
P119,1	4292	4295
P70,2	4296	4299
P90,1	4300	4303
P154,1	4304	4307
P155,1	4308	4311
P40,2	4312	4315
P156,1	4316	4319
P22,1	4320	4323
P23,2	4324	4327
P157,1	4328	4331
P158,1	4332	4335
P122,1	4336	4339
P159,1	4340	4343
P43,1	4344	4345
P2,2	4346	4349
P59,1	4350	4353
P11,1	4354	4357
P124,1	4358	4361
P94,1	4362	4365
P44,2	4366	4369
P163,1	4370	4373
P164,1	4374	4377
P45,1	4378	4381
P30,1	4382	4385
P166,1	4386	4389
P167,1	4390	4393
P96,1	4394	4397
P16,1	4398	4401
P168,1	4402	4405
P130,1	4406	4409
P131,1	4410	4413
P170,1	4414	4417
P76,1	4418	4421
P98,1	4422	4425
P132,1	4426	4429
P172,1	4430	4433
P18,1	4434	4437
P99,1	4438	4441
P4,2	4442	4445
P12,2	4446	4449
P100,1	4450	4453
P174,1	4454	4457
P33,1	4458	4461
P135,1	4462	4465
P63,2	4466	4469
P177,1	4470	4473
P102,1	4474	4477
P78,1	4478	4481
P179,1	4482	4485
P137,1	4486	4489
P180,1	4490	4493
P181,1	4494	4497
P138,1	4498	4501
P182,1	4502	4505
P34,1	4506	4509
P49,2	4510	4513
P64,1	4514	4517
P105,1	4518	4521
P185,1	4522	4525
P19,2	4526	4529
P35,1	4530	4533
P50,1	4534	4536
P187,1	4537	4540
P26,1	4541	4544
P108,1	4545	4548
P82,1	4549	4552
P142,1	4553	4556
P143,1	4557	4560
P83,2	4561	4564
P66,1	4565	4568
P191,1	4569	4572
P144,1	4573	4576
P111,1	4577	4580
P38,1	4581	4584
P193,1	4585	4588
P113,1	4589	4592
P53,2	4593	4596
P194,1	4597	4600
P67,1	4601	4604
P14,1	4605	4608
P196,1	4609	4612
P87,1	4613	4616
P197,1	4617	4620
P88,1	4621	4624
P198,1	4625	4628
P10,2	4629	4632
P199,1	4633	4636
P69,1	4637	4640
P200,1	4641	4644
P89,1	4645	4648
P151,1	4649	4652
P152,1	4653	4656
P119,1	4657	4660
P70,2	4661	4664
P90,1	4665	4668
P154,1	4669	4672
P155,1	4673	4676
P40,2	4677	4680
P156,1	4681	4684
P22,1	4685	4688
P23,2	4689	4692
P157,1	4693	4696
P158,1	4697	4699
P122,1	4700	4703
P159,1	4704	4707
P160,1	4708	4711
P123,2	4712	4715
P59,1	4716	4719
P11,1	4720	4723
P124,1	4724	4727
P94,1	4728	4731
P44,2	4732	4735
P163,1	4736	4736
P95,1	4737	4740
P165,1	4741	4744
P127,1	4745	4748
P60,2	4749	4752
P128,1	4753	4756
P129,1	4757	4760
P46,2	4761	4764
P17,1	4765	4766
P97,1	4767	4770
P75,2	4771	4774
P169,1	4775	4778
P61,1	4779	4782
P24,2	4783	4786
P171,1	4787	4790
P31,1	4791	4794
P47,1	4795	4798
P99,1	4799	4802
P4,2	4803	4806
P12,2	4807	4810
P100,1	4811	4814
P174,1	4815	4818
P33,1	4819	4822
P135,1	4823	4826
P63,2	4827	4830
P177,1	4831	4834
P102,1	4835	4838
P78,1	4839	4842
P179,1	4843	4846
P137,1	4847	4850
P180,1	4851	4854
P181,1	4855	4858
P138,1	4859	4862
P182,1	4863	4866
P34,1	4867	4870
P49,2	4871	4874
P139,1	4875	4878
P105,1	4879	4882
P185,1	4883	4886
P19,2	4887	4890
P35,1	4891	4894
P36,2	4895	4898
P50,2	4899	4902
P107,1	4903	4906
P51,1	4907	4910
P188,1	4911	4914
P65,1	4915	4918
P189,1	4919	4922
P109,1	4923	4926
P190,2	4927	4930
P191,1	4931	4934
P144,1	4935	4938
P111,1	4939	4942
P38,1	4943	4946
P193,1	4947	4950
P113,1	4951	4954
P53,2	4955	4958
P194,1	4959	4962
P67,1	4963	4966
P14,1	4967	4970
P196,1	4971	4974
P87,1	4975	4978
P197,1	4979	4982
P88,1	4983	4985
P198,1	4986	4989
P10,2	4990	4993
P199,1	4994	4997
P69,1	4998	5001
P200,1	5002	5005
P89,1	5006	5009
P151,1	5010	5013
P152,1	5014	5017
P119,1	5018	5021
P70,2	5022	5025
P90,1	5026	5026
P56,1	5027	5030
P29,1	5031	5033
P91,1	5034	5037
P120,1	5038	5041
P41,1	5042	5042
P22,1	5043	5044
P23,2	5045	5048
P157,1	5049	5052
P92,1	5053	5056
P158,2	5057	5060
P159,1	5061	5064
P2,2	5065	5068
P43,2	5069	5072
P161,1	5073	5076
P162,1	5077	5080
P94,1	5081	5084
P126,1	5085	5088
P73,1	5089	5092
P164,1	5093	5096
P45,1	5097	5100
P30,1	5101	5104
P166,1	5105	5108
P167,1	5109	5112
P96,1	5113	5116
P16,2	5117	5120
P168,1	5121	5124
P130,1	5125	5128
P131,1	5129	5132
P170,1	5133	5136
P76,1	5137	5140
P98,1	5141	5144
P132,1	5145	5148
P172,1	5149	5152
P99,1	5153	5156
P133,2	5157	5160
P4,2	5161	5164
P12,2	5165	5168
P100,1	5169	5172
P174,1	5173	5176
P33,1	5177	5178
P101,1	5179	5182
P63,2	5183	5186
P176,1	5187	5190
P178,1	5191	5194
P136,1	5195	5198
P48,1	5199	5202
P79,1	5203	5206
P103,2	5207	5210
P104,1	5211	5214
P13,1	5215	5218
P25,1	5219	5222
P183,1	5223	5226
P184,1	5227	5230
P64,1	5231	5234
P80,2	5235	5238
P106,1	5239	5242
P186,1	5243	5246
P140,1	5247	5250
P81,1	5251	5254
P187,1	5255	5258
P26,1	5259	5262
P107,1	5263	5266
P51,1	5267	5270
P188,1	5271	5274
P65,1	5275	5278
P189,1	5279	5282
P109,1	5283	5286
P190,2	5287	5290
P84,1	5291	5294
P110,1	5295	5298
P192,1	5299	5302
P146,2	5303	5306
P112,1	5307	5310
P85,1	5311	5314
P86,1	5315	5317
P195,1	5318	5321
P114,1	5322	5325
P54,1	5326	5329
P148,1	5330	5333
P115,1	5334	5337
P7,2	5338	5341
P149,1	5342	5345
P10,2	5346	5349
P68,2	5350	5353
P117,1	5354	5357
P150,1	5358	5361
P55,1	5362	5365
P15,1	5366	5366
P151,1	5367	5370
P152,1	5371	5374
P119,1	5375	5378
P70,2	5379	5382
P56,1	5383	5386
P90,2	5387	5390
P155,1	5391	5394
P40,2	5395	5398
P156,1	5399	5402
P41,2	5403	5406
P23,2	5407	5410
P157,1	5411	5414
P92,1	5415	5418
P158,2	5419	5422
P159,1	5423	5426
P2,2	5427	5430
P43,2	5431	5434
P161,1	5435	5438
P162,1	5439	5442
P94,1	5443	5446
P126,1	5447	5450
P73,1	5451	5454
P164,1	5455	5458
P45,1	5459	5462
P30,1	5463	5466
P166,1	5467	5470
P167,1	5471	5474
P96,1	5475	5478
P16,2	5479	5482
P168,1	5483	5486
P130,1	5487	5490
P131,1	5491	5494
P170,1	5495	5495
P61,1	5496	5499
P24,2	5500	5503
P171,1	5504	5507
P31,1	5508	5511
P47,1	5512	5515
P18,2	5516	5519
P77,2	5520	5523
P173,1	5524	5527
P62,1	5528	5531
P134,1	5532	5535
P32,2	5536	5539
P33,2	5540	5543
P63,2	5544	5547
P176,1	5548	5551
P178,1	5552	5555
P136,1	5556	5559
P48,1	5560	5563
P79,1	5564	5567
P103,2	5568	5571
P104,1	5572	5575
P13,1	5576	5579
P182,1	5580	5583
P34,1	5584	5587
P49,2	5588	5591
P139,1	5592	5595
P105,1	5596	5599
P185,1	5600	5603
P19,2	5604	5607
P35,1	5608	5611
P36,2	5612	5615
P50,2	5616	5619
P141,2	5620	5623
P108,1	5624	5627
P82,1	5628	5628
P188,1	5629	5632
P65,1	5633	5636
P189,1	5637	5640
P109,1	5641	5644
P190,2	5645	5648
P84,1	5649	5652
P110,1	5653	5656
P192,1	5657	5660
P146,2	5661	5664
P112,1	5665	5668
P85,1	5669	5672
P194,1	5673	5676
P86,2	5677	5680
P114,1	5681	5684
P54,1	5685	5688
P148,1	5689	5692
P197,1	5693	5694
P7,2	5695	5698
P149,1	5699	5702
P10,2	5703	5706
P68,2	5707	5710
P117,1	5711	5714
P150,1	5715	5718
P55,1	5719	5722
P89,1	5723	5726
P152,1	5727	5730
P119,1	5731	5734
P70,2	5735	5738
P56,1	5739	5742
P90,2	5743	5746
P155,1	5747	5750
P120,1	5751	5754
P91,2	5755	5758
P41,2	5759	5762
P23,2	5763	5766
P157,1	5767	5770
P92,1	5771	5774
P158,2	5775	5778
P160,1	5779	5782
P123,2	5783	5786
P43,2	5787	5790
P161,1	5791	5794
P162,1	5795	5798
P94,1	5799	5802
P126,1	5803	5806
P73,1	5807	5810
P164,1	5811	5814
P45,1	5815	5818
P30,1	5819	5822
P166,1	5823	5826
P167,1	5827	5830
P96,1	5831	5834
P16,2	5835	5838
P168,1	5839	5842
P130,1	5843	5846
P131,1	5847	5850
P61,1	5851	5854
P24,2	5855	5858
P171,1	5859	5862
P31,1	5863	5866
P47,1	5867	5870
P18,2	5871	5874
P77,2	5875	5878
P173,1	5879	5882
P62,1	5883	5886
P134,1	5887	5890
P32,2	5891	5894
P33,2	5895	5898
P63,2	5899	5902
P176,1	5903	5906
P178,1	5907	5910
P136,1	5911	5914
P48,1	5915	5918
P79,1	5919	5922
P103,2	5923	5926
P104,1	5927	5930
P13,1	5931	5934
P25,1	5935	5938
P34,1	5939	5941
P184,1	5942	5945
P183,2	5946	5949
P139,1	5950	5953
P105,1	5954	5957
P185,1	5958	5961
P19,2	5962	5965
P35,1	5966	5969
P36,2	5970	5973
P50,2	5974	5977
P141,2	5978	5981
P108,1	5982	5985
P188,1	5986	5989
P65,1	5990	5993
P189,1	5994	5997
P109,1	5998	6001
P191,1	6002	6005
P144,1	6006	6009
P111,1	6010	6013
P38,1	6014	6017
P193,1	6018	6021
P113,1	6022	6025
P53,2	6026	6029
P195,1	6030	6033
P67,1	6034	6037
P14,1	6038	6041
P148,1	6042	6045
P7,2	6046	6049
P149,1	6050	6053
P10,2	6054	6057
P68,2	6058	6061
P117,1	6062	6065
P150,1	6066	6069
P55,1	6070	6073
P89,1	6074	6077
P152,1	6078	6081
P118,1	6082	6085
P28,2	6086	6089
P153,1	6090	6093
P154,1	6094	6097
P29,2	6098	6101
P40,2	6102	6105
P156,1	6106	6109
P22,2	6110	6113
P57,1	6114	6117
P121,1	6118	6121
P72,1	6122	6125
P158,2	6126	6129
P160,1	6130	6133
P2,2	6134	6137
P159,2	6138	6141
P59,1	6142	6145
P11,1	6146	6149
P125,1	6150	6153
P124,2	6154	6157
P44,2	6158	6161
P164,1	6162	6165
P45,1	6166	6169
P30,1	6170	6173
P166,1	6174	6177
P167,1	6178	6181
P96,1	6182	6185
P16,2	6186	6189
P168,1	6190	6193
P130,1	6194	6197
P131,1	6198	6201
P169,2	6202	6205
P24,2	6206	6209
P171,1	6210	6213
P31,1	6214	6217
P47,1	6218	6221
P18,2	6222	6225
P77,2	6226	6229
P173,1	6230	6233
P62,1	6234	6237
P134,1	6238	6241
P101,1	6242	6245
P175,1	6246	6249
P135,2	6250	6253
P177,1	6254	6257
P102,1	6258	6261
P78,1	6262	6262
P48,1	6263	6266
P79,1	6267	6270
P103,2	6271	6274
P104,1	6275	6278
P13,1	6279	6282
P25,1	6283	6286
P49,2	6287	6290
P183,2	6291	6294
P139,1	6295	6298
P105,1	6299	6302
P185,1	6303	6306
P19,2	6307	6310
P35,1	6311	6314
P36,2	6315	6318
P50,2	6319	6322
P141,2	6323	6326
P108,1	6327	6327
P51,1	6328	6331
P142,1	6332	6335
P143,1	6336	6339
P83,2	6340	6343
P190,2	6344	6347
P66,2	6348	6351
P144,1	6352	6354
P111,1	6355	6358
P38,1	6359	6362
P193,1	6363	6366
P113,1	6367	6370
P53,2	6371	6374
P195,1	6375	6378
P67,1	6379	6382
P14,1	6383	6386
P148,1	6387	6390
P115,1	6391	6394
P88,2	6395	6398
P198,1	6399	6402
P116,2	6403	6406
P199,1	6407	6410
P69,1	6411	6414
P200,1	6415	6418
P15,2	6419	6422
P21,1	6423	6426
P151,2	6427	6430
P119,1	6431	6434
P70,2	6435	6438
P56,1	6439	6441
P90,2	6442	6445
P155,1	6446	6449
P120,1	6450	6453
P91,2	6454	6457
P41,2	6458	6461
P23,2	6462	6465
P157,1	6466	6469
P92,1	6470	6473
P58,1	6474	6477
P122,2	6478	6481
P123,2	6482	6485
P43,2	6486	6489
P161,1	6490	6493
P162,1	6494	6497
P94,1	6498	6501
P126,1	6502	6505
P95,1	6506	6509
P165,1	6510	6513
P127,1	6514	6517
P60,2	6518	6521
P128,1	6522	6525
P129,1	6526	6529
P46,2	6530	6533
P17,2	6534	6537
P75,2	6538	6541
P97,2	6542	6545
P169,2	6546	6549
P24,2	6550	6553
P171,1	6554	6557
P31,1	6558	6561
P47,1	6562	6565
P18,2	6566	6569
P77,2	6570	6573
P173,1	6574	6577
P100,1	6578	6581
P12,3	6582	6585
P101,1	6586	6589
P175,1	6590	6593
P135,2	6594	6597
P177,1	6598	6601
P102,1	6602	6605
P48,1	6606	6606
P179,1	6607	6610
P137,1	6611	6614
P180,1	6615	6618
P181,1	6619	6622
P138,2	6623	6626
P182,2	6627	6630
P49,2	6631	6634
P183,2	6635	6638
P139,1	6639	6642
P105,1	6643	6643
P106,1	6644	6647
P186,1	6648	6651
P140,1	6652	6655
P81,1	6656	6659
P187,1	6660	6663
P26,1	6664	6664
P107,1	6665	6668
P108,2	6669	6672
P142,1	6673	6676
P143,1	6677	6680
P83,2	6681	6684
P190,2	6685	6688
P66,2	6689	6692
P144,2	6693	6696
P111,1	6697	6700
P38,1	6701	6704
P193,1	6705	6708
P85,1	6709	6712
P53,2	6713	6716
P86,2	6717	6720
P114,1	6721	6724
P196,1	6725	6728
P54,2	6729	6732
P7,2	6733	6736
P149,1	6737	6740
P10,2	6741	6744
P68,2	6745	6748
P117,1	6749	6749
P69,1	6750	6753
P200,1	6754	6757
P15,2	6758	6761
P21,1	6762	6765
P151,2	6766	6769
P119,1	6770	6773
P70,2	6774	6777
P154,1	6778	6781
P56,2	6782	6785
P155,1	6786	6789
P120,1	6790	6793
P91,2	6794	6797
P41,2	6798	6801
P23,2	6802	6805
P72,1	6806	6806
P92,1	6807	6810
P58,1	6811	6814
P122,2	6815	6818
P123,2	6819	6822
P43,2	6823	6826
P161,1	6827	6830
P162,1	6831	6834
P94,1	6835	6838
P126,1	6839	6840
P95,1	6841	6844
P165,1	6845	6848
P127,1	6849	6852
P60,2	6853	6856
P128,1	6857	6860
P129,1	6861	6864
P46,2	6865	6868
P17,2	6869	6872
P75,2	6873	6876
P97,2	6877	6880
P169,2	6881	6884
P24,2	6885	6888
P171,1	6889	6892
P31,1	6893	6896
P99,1	6897	6900
P133,2	6901	6904
P4,2	6905	6908
P62,1	6909	6912
P134,1	6913	6916
P32,2	6917	6920
P33,2	6921	6924
P63,2	6925	6928
P176,1	6929	6932
P178,1	6933	6936
P179,1	6937	6940
P48,2	6941	6944
P103,2	6945	6947
P104,1	6948	6951
P13,1	6952	6955
P25,1	6956	6959
P184,1	6960	6963
P34,2	6964	6967
P64,1	6968	6971
P80,2	6972	6975
P185,1	6976	6979
P19,2	6980	6983
P35,1	6984	6987
P36,2	6988	6991
P50,2	6992	6995
P141,2	6996	6999
P108,2	7000	7003
P142,1	7004	7007
P143,1	7008	7011
P109,1	7012	7015
P191,1	7016	7017
P66,2	7018	7021
P144,2	7022	7025
P111,1	7026	7029
P38,1	7030	7033
P193,1	7034	7037
P85,1	7038	7041
P53,2	7042	7045
P86,2	7046	7049
P67,1	7050	7053
P196,1	7054	7057
P54,2	7058	7061
P7,2	7062	7065
P149,1	7066	7069
P116,2	7070	7073
P199,1	7074	7077
P150,1	7078	7081
P55,1	7082	7085
P89,1	7086	7089
P152,1	7090	7093
P118,1	7094	7097
P70,2	7098	7101
P153,1	7102	7105
P90,2	7106	7109
P29,2	7110	7113
P40,2	7114	7117
P156,1	7118	7121
P22,2	7122	7125
P57,1	7126	7129
P157,1	7130	7133
P158,2	7134	7137
P160,1	7138	7141
P2,2	7142	7145
P159,2	7146	7149
P59,1	7150	7153
P11,1	7154	7157
P125,1	7158	7161
P124,2	7162	7165
P126,2	7166	7169
P164,1	7170	7173
P45,1	7174	7177
P30,1	7178	7181
P166,1	7182	7185
P167,1	7186	7189
P96,1	7190	7193
P16,2	7194	7197
P130,1	7198	7201
P97,2	7202	7205
P169,2	7206	7209
P76,1	7210	7213
P98,1	7214	7217
P132,1	7218	7221
P47,1	7222	7225
P18,2	7226	7229
P77,2	7230	7233
P173,1	7234	7237
P100,1	7238	7241
P12,3	7242	7245
P33,2	7246	7249
P63,2	7250	7253
P176,1	7254	7257
P178,1	7258	7261
P102,2	7262	7265
P79,1	7266	7269
P137,1	7270	7273
P104,1	7274	7277
P181,1	7278	7281
P138,2	7282	7285
P182,2	7286	7289
P49,2	7290	7293
P183,2	7294	7297
P139,1	7298	7301
P106,1	7302	7305
P186,1	7306	7308
P140,1	7309	7312
P81,1	7313	7316
P187,1	7317	7320
P26,2	7321	7324
P107,1	7325	7328
P188,1	7329	7332
P143,1	7333	7336
P83,2	7337	7340
P190,2	7341	7344
P84,1	7345	7348
P110,1	7349	7352
P192,1	7353	7356
P146,2	7357	7360
P113,1	7361	7364
P112,2	7365	7368
P195,1	7369	7372
P194,2	7373	7376
P196,1	7377	7379
P148,1	7380	7383
P115,1	7384	7387
P88,2	7388	7391
P10,2	7392	7395
P68,2	7396	7399
P69,1	7400	7403
P200,1	7404	7407
P15,2	7408	7411
P21,1	7412	7415
P151,2	7416	7419
P28,2	7420	7423
P119,2	7424	7427
P154,1	7428	7431
P56,2	7432	7435
P155,1	7436	7439
P120,1	7440	7443
P91,2	7444	7447
P41,2	7448	7451
P157,1	7452	7455
P158,2	7456	7459
P122,2	7460	7463
P123,2	7464	7467
P43,2	7468	7471
P161,2	7472	7475
P125,1	7476	7479
P124,2	7480	7483
P126,2	7484	7487
P164,1	7488	7491
P45,1	7492	7495
P30,2	7496	7499
P166,1	7500	7503
P167,1	7504	7507
P96,1	7508	7511
P16,2	7512	7515
P130,1	7516	7519
P97,2	7520	7523
P169,2	7524	7527
P76,1	7528	7531
P98,1	7532	7535
P132,1	7536	7539
P47,1	7540	7543
P18,2	7544	7547
P77,2	7548	7551
P173,1	7552	7555
P100,1	7556	7559
P12,3	7560	7563
P33,2	7564	7567
P63,2	7568	7571
P176,1	7572	7575
P178,1	7576	7579
P102,2	7580	7583
P79,1	7584	7584
P48,2	7585	7588
P180,1	7589	7592
P103,3	7593	7596
P13,1	7597	7600
P25,1	7601	7604
P184,1	7605	7608
P34,2	7609	7612
P64,1	7613	7616
P80,2	7617	7620
P185,2	7621	7624
P35,1	7625	7628
P36,2	7629	7632
P50,2	7633	7636
P141,2	7637	7640
P108,2	7641	7644
P65,1	7645	7648
P189,2	7649	7652
P109,2	7653	7656
P66,2	7657	7660
P144,2	7661	7664
P111,1	7665	7668
P38,1	7669	7672
P193,1	7673	7676
P85,1	7677	7680
P195,1	7681	7682
P86,2	7683	7686
P67,2	7687	7690
P148,1	7691	7694
P115,1	7695	7698
P88,2	7699	7702
P10,2	7703	7706
P68,2	7707	7710
P69,1	7711	7714
P200,1	7715	7718
P15,2	7719	7722
P21,1	7723	7726
P151,2	7727	7730
P28,2	7731	7734
P119,2	7735	7738
P154,1	7739	7742
P56,2	7743	7746
P155,1	7747	7750
P120,1	7751	7754
P91,2	7755	7758
P41,2	7759	7762
P157,1	7763	7766
P160,1	7767	7770
P158,3	7771	7774
P2,2	7775	7778
P159,2	7779	7782
P11,1	7783	7786
P162,1	7787	7790
P94,1	7791	7794
P44,2	7795	7798
P95,1	7799	7802
P165,1	7803	7806
P127,1	7807	7810
P60,2	7811	7814
P128,1	7815	7818
P96,1	7819	7822
P46,2	7823	7826
P17,2	7827	7830
P75,2	7831	7834
P61,1	7835	7838
P131,2	7839	7842
P24,2	7843	7846
P171,1	7847	7850
P31,1	7851	7851
P47,1	7852	7855
P18,2	7856	7859
P77,2	7860	7863
P173,1	7864	7867
P100,1	7868	7871
P12,3	7872	7875
P33,2	7876	7879
P63,2	7880	7883
P176,1	7884	7884
P177,1	7885	7888
P78,2	7889	7892
P179,1	7893	7895
P137,1	7896	7899
P104,1	7900	7903
P181,1	7904	7907
P13,2	7908	7911
P182,2	7912	7915
P49,2	7916	7919
P183,2	7920	7923
P139,1	7924	7927
P106,1	7928	7931
P19,3	7932	7935
P35,1	7936	7939
P36,2	7940	7943
P50,2	7944	7947
P141,2	7948	7951
P107,2	7952	7955
P65,2	7956	7959
P189,2	7960	7963
P109,2	7964	7967
P66,2	7968	7971
P144,2	7972	7975
P111,1	7976	7979
P38,1	7980	7983
P193,1	7984	7987
P113,2	7988	7991
P53,3	7992	7995
P195,2	7996	7999
P67,2	8000	8003
P148,1	8004	8007
P115,1	8008	8011
P88,2	8012	8015
P10,2	8016	8019
P199,1	8020	8023
P116,3	8024	8027
P200,1	8028	8031
P15,2	8032	8035
P21,1	8036	8039
P151,2	8040	8043
P28,2	8044	8047
P119,2	8048	8051
P154,1	8052	8055
P56,2	8056	8059
P155,1	8060	8063
P120,1	8064	8067
P91,2	8068	8071
P41,2	8072	8075
P157,1	8076	8079
P160,1	8080	8083
P158,3	8084	8087
P2,2	8088	8091
P159,2	8092	8094
P11,1	8095	8098
P162,1	8099	8100
P125,1	8101	8104
P124,2	8105	8108
P126,2	8109	8112
P164,1	8113	8116
P45,1	8117	8120
P30,2	8121	8124
P166,1	8125	8126
P167,1	8127	8130
P129,2	8131	8134
P17,2	8135	8138
P75,2	8139	8142
P61,1	8143	8146
P131,2	8147	8150
P24,2	8151	8154
P171,1	8155	8158
P31,2	8159	8162
P99,1	8163	8166
P133,2	8167	8170
P4,2	8171	8174
P62,1	8175	8178
P12,3	8179	8182
P33,2	8183	8186
P63,2	8187	8190
P135,2	8191	8194
P178,1	8195	8198
P102,2	8199	8202
P137,1	8203	8206
P104,1	8207	8210
P181,1	8211	8214
P13,2	8215	8218
P182,2	8219	8222
P49,2	8223	8226
P183,2	8227	8230
P139,1	8231	8234
P106,1	8235	8238
P19,3	8239	8242
P35,1	8243	8243
P36,2	8244	8247
P50,2	8248	8251
P141,2	8252	8255
P107,2	8256	8259
P65,2	8260	8263
P189,2	8264	8267
P109,2	8268	8271
P66,2	8272	8275
P144,2	8276	8279
P111,1	8280	8283
P192,2	8284	8287
P193,1	8288	8291
P113,2	8292	8295
P53,3	8296	8299
P195,2	8300	8303
P67,2	8304	8307
P148,1	8308	8311
P115,1	8312	8315
P88,2	8316	8319
P68,2	8320	8323
P149,2	8324	8327
P116,3	8328	8331
P200,1	8332	8335
P15,2	8336	8339
P21,1	8340	8342
P151,2	8343	8346
P28,2	8347	8350
P119,2	8351	8354
P154,1	8355	8358
P56,2	8359	8362
P155,1	8363	8366
P120,1	8367	8370
P91,2	8371	8374
P41,2	8375	8378
P157,1	8379	8382
P160,1	8383	8386
P158,3	8387	8390
P2,2	8391	8394
P43,2	8395	8398
P161,2	8399	8402
P94,1	8403	8406
P124,2	8407	8410
P126,2	8411	8414
P164,1	8415	8418
P45,1	8419	8422
P30,2	8423	8426
P128,1	8427	8430
P129,2	8431	8434
P16,2	8435	8438
P46,3	8439	8442
P75,2	8443	8446
P61,1	8447	8450
P131,2	8451	8454
P24,3	8455	8458
P171,1	8459	8462
P31,2	8463	8466
P133,2	8467	8470
P4,2	8471	8474
P62,1	8475	8477
P100,2	8478	8481
P12,3	8482	8485
P101,2	8486	8489
P176,2	8490	8493
P177,1	8494	8497
P102,2	8498	8501
P137,1	8502	8505
P104,1	8506	8509
P181,1	8510	8511
P138,2	8512	8515
P25,1	8516	8519
P184,1	8520	8523
P34,2	8524	8527
P139,1	8528	8530
P80,2	8531	8534
P185,2	8535	8538
P140,1	8539	8542
P81,1	8543	8546
P187,1	8547	8550
P26,2	8551	8554
P108,2	8555	8558
P188,1	8559	8562
P143,1	8563	8566
P83,2	8567	8570
P190,2	8571	8574
P84,2	8575	8578
P110,1	8579	8582
P38,1	8583	8586
P146,2	8587	8590
P85,1	8591	8594
P112,2	8595	8598
P86,2	8599	8602
P194,2	8603	8606
P148,1	8607	8610
P115,1	8611	8614
P88,2	8615	8618
P199,1	8619	8622
P69,1	8623	8626
P150,1	8627	8630
P55,1	8631	8634
P152,1	8635	8638
P151,2	8639	8642
P28,2	8643	8646
P119,2	8647	8650
P154,1	8651	8654
P56,2	8655	8658
P155,1	8659	8662
P120,1	8663	8666
P91,2	8667	8670
P41,2	8671	8674
P157,1	8675	8678
P160,1	8679	8682
P158,3	8683	8686
P2,2	8687	8690
P43,2	8691	8694
P161,2	8695	8698
P94,1	8699	8702
P124,2	8703	8706
P126,2	8707	8710
P164,1	8711	8714
P45,1	8715	8718
P30,2	8719	8722
P128,1	8723	8726
P129,2	8727	8730
P16,2	8731	8734
P46,3	8735	8738
P75,2	8739	8742
P61,1	8743	8746
P131,2	8747	8750
P24,3	8751	8754
P171,1	8755	8758
P31,2	8759	8762
P133,2	8763	8766
P4,2	8767	8770
P100,2	8771	8774
P12,3	8775	8778
P101,2	8779	8782
P176,2	8783	8786
P177,1	8787	8790
P102,2	8791	8794
P137,1	8795	8798
P104,1	8799	8802
P138,2	8803	8806
P181,2	8807	8810
P182,2	8811	8814
P49,2	8815	8818
P183,2	8819	8822
P80,2	8823	8826
P139,2	8827	8830
P19,3	8831	8834
P35,2	8835	8838
P36,2	8839	8842
P50,2	8843	8846
P141,2	8847	8850
P107,2	8851	8854
P65,2	8855	8858
P189,2	8859	8862
P109,2	8863	8866
P66,2	8867	8870
P144,2	8871	8874
P111,1	8875	8878
P146,2	8879	8882
P85,1	8883	8886
P112,2	8887	8890
P86,2	8891	8891
P195,2	8892	8895
P67,2	8896	8899
P54,2	8900	8903
P7,2	8904	8907
P68,2	8908	8911
P149,2	8912	8915
P116,3	8916	8919
P200,1	8920	8923
P15,3	8924	8927
P21,2	8928	8931
P118,1	8932	8935
P70,2	8936	8939
P154,1	8940	8943
P56,2	8944	8945
P29,2	8946	8949
P40,2	8950	8953
P156,1	8954	8957
P22,2	8958	8961
P23,2	8962	8964
P92,1	8965	8968
P122,2	8969	8972
P58,2	8973	8976
P123,2	8977	8980
P159,3	8981	8984
P125,1	8985	8988
P162,2	8989	8992
P44,2	8993	8996
P95,1	8997	9000
P45,1	9001	9004
P30,2	9005	9008
P128,1	9009	9012
P129,2	9013	9016
P16,2	9017	9020
P46,3	9021	9024
P75,2	9025	9028
P169,2	9029	9032
P61,2	9033	9036
P76,2	9037	9040
P171,1	9041	9044
P31,2	9045	9048
P99,2	9049	9052
P173,1	9053	9056
P134,1	9057	9058
P33,2	9059	9062
P63,2	9063	9066
P135,2	9067	9070
P78,2	9071	9074
P48,2	9075	9078
P180,1	9079	9082
P103,3	9083	9086
P13,2	9087	9090
P25,1	9091	9094
P184,1	9095	9098
P34,2	9099	9102
P64,2	9103	9106
P106,1	9107	9110
P185,2	9111	9114
P35,2	9115	9118
P36,2	9119	9122
P50,2	9123	9126
P141,2	9127	9130
P107,2	9131	9134
P65,2	9135	9138
P189,2	9139	9142
P109,2	9143	9146
P66,2	9147	9150
P144,2	9151	9154
P111,1	9155	9158
P192,2	9159	9162
P193,1	9163	9166
P113,2	9167	9170
P53,3	9171	9174
P86,3	9175	9178
P67,2	9179	9182
P54,2	9183	9186
P7,2	9187	9190
P199,1	9191	9194
P69,1	9195	9198
P150,1	9199	9199
P200,1	9200	9203
P152,1	9204	9207
P55,2	9208	9211
P118,1	9212	9215
P70,2	9216	9219
P154,1	9220	9223
P29,2	9224	9227
P120,1	9228	9231
P91,2	9232	9235
P41,2	9236	9238
P92,1	9239	9242
P122,2	9243	9246
P58,2	9247	9250
P123,2	9251	9254
P159,3	9255	9258
P125,1	9259	9262
P124,2	9263	9266
P126,2	9267	9270
P164,1	9271	9274
P127,1	9275	9278
P60,2	9279	9282
P167,1	9283	9286
P96,2	9287	9290
P17,2	9291	9294
P130,1	9295	9298
P97,2	9299	9302
P131,2	9303	9306
P24,3	9307	9310
P98,1	9311	9314
P132,1	9315	9318
P133,2	9319	9322
P4,2	9323	9326
P100,2	9327	9330
P33,2	9331	9334
P63,2	9335	9338
P135,2	9339	9342
P78,2	9343	9346
P48,2	9347	9350
P180,1	9351	9354
P138,2	9355	9358
P181,2	9359	9362
P184,1	9363	9366
P25,2	9367	9370
P183,2	9371	9374
P80,2	9375	9378
P139,2	9379	9382
P19,3	9383	9386
P81,1	9387	9390
P187,1	9391	9394
P26,2	9395	9398
P107,2	9399	9402
P65,2	9403	9406
P189,2	9407	9410
P109,2	9411	9414
P66,2	9415	9418
P144,2	9419	9422
P111,1	9423	9426
P192,2	9427	9430
P193,1	9431	9434
P113,2	9435	9438
P53,3	9439	9442
P86,3	9443	9446
P67,2	9447	9450
P54,2	9451	9454
P7,2	9455	9458
P199,1	9459	9462
P116,3	9463	9466
P200,1	9467	9470
P152,1	9471	9474
P55,2	9475	9478
P118,1	9479	9482
P70,2	9483	9483
P119,2	9484	9487
P153,2	9488	9491
P40,2	9492	9492
P156,1	9493	9496
P22,2	9497	9500
P157,1	9501	9504
P160,1	9505	9508
P158,3	9509	9512
P2,2	9513	9516
P43,2	9517	9520
P161,2	9521	9523
P125,1	9524	9527
P124,2	9528	9531
P126,2	9532	9535
P164,1	9536	9538
P30,2	9539	9542
P128,1	9543	9543
P129,2	9544	9547
P16,2	9548	9551
P46,3	9552	9555
P97,2	9556	9559
P131,2	9560	9562
P24,3	9563	9566
P98,1	9567	9570
P132,1	9571	9573
P31,2	9574	9577
P99,2	9578	9581
P173,1	9582	9585
P134,2	9586	9589
P63,2	9590	9593
P135,2	9594	9596
P177,1	9597	9600
P102,2	9601	9604
P137,1	9605	9608
P103,3	9609	9612
P13,2	9613	9616
P182,2	9617	9620
P49,2	9621	9624
P34,2	9625	9628
P64,2	9629	9632
P106,1	9633	9636
P185,2	9637	9640
P35,2	9641	9644
P187,1	9645	9648
P26,2	9649	9652
P108,2	9653	9656
P188,1	9657	9660
P143,1	9661	9664
P109,2	9665	9668
P66,2	9669	9672
P84,2	9673	9676
P110,1	9677	9679
P38,2	9680	9683
P146,2	9684	9687
P85,1	9688	9691
P112,2	9692	9695
P195,2	9696	9699
P67,2	9700	9703
P148,1	9704	9707
P115,2	9708	9711
P88,2	9712	9715
P149,2	9716	9719
P69,2	9720	9723
P15,3	9724	9727
P21,2	9728	9731
P151,2	9732	9735
P118,2	9736	9739
P154,1	9740	9743
P29,3	9744	9747
P156,1	9748	9751
P91,2	9752	9755
P41,3	9756	9759
P92,1	9760	9763
P122,2	9764	9767
P2,2	9768	9771
P43,2	9772	9775
P125,1	9776	9778
P162,2	9779	9782
P124,2	9783	9786
P126,2	9787	9790
P127,1	9791	9791
P60,2	9792	9795
P96,2	9796	9799
P17,2	9800	9803
P75,2	9804	9807
P130,2	9808	9811
P131,3	9812	9815
P24,3	9816	9819
P98,1	9820	9823
P31,2	9824	9827
P132,2	9828	9831
P4,2	9832	9835
P100,2	9836	9839
P101,2	9840	9843
P33,3	9844	9847
P177,1	9848	9851
P102,2	9852	9855
P137,1	9856	9859
P103,3	9860	9863
P13,2	9864	9867
P182,2	9868	9871
P49,2	9872	9875
P34,2	9876	9879
P64,2	9880	9883
P106,1	9884	9887
P185,2	9888	9891
P35,2	9892	9895
P81,2	9896	9899
P26,2	9900	9903
P108,2	9904	9907
P188,1	9908	9911
P143,1	9912	9913
P189,2	9914	9917
P190,2	9918	9921
P83,3	9922	9925
P144,2	9926	9929
P192,2	9930	9933
P111,2	9934	9937
P85,1	9938	9938
P113,2	9939	9942
P53,3	9943	9946
P86,3	9947	9950
P148,1	9951	9954
P115,2	9955	9958
P88,2	9959	9962
P149,2	9963	9966
P69,2	9967	9970
P15,3	9971	9974
P21,2	9975	9978
P151,2	9979	9982
P118,2	9983	9986
P154,1	9987	9990
P29,3	9991	9994
P156,1	9995	9996
P40,3	9997	10000
P22,2	10001	10004
P157,1	10005	10008
P160,1	10009	10012
P58,2	10013	10016
P123,2	10017	10020
P159,3	10021	10024
P161,3	10025	10028
P124,2	10029	10032
P126,2	10033	10036
P30,2	10037	10040
P127,2	10041	10044
P96,2	10045	10048
P17,2	10049	10052
P75,2	10053	10056
P130,2	10057	10060
P169,3	10061	10064
P24,3	10065	10068
P98,1	10069	10072
P133,2	10073	10076
P99,2	10077	10080
P173,1	10081	10084
P134,2	10085	10088
P63,2	10089	10089
P33,3	10090	10093
P78,2	10094	10097
P48,2	10098	10101
P137,1	10102	10103
P180,1	10104	10107
P138,2	10108	10110
P181,2	10111	10114
P184,1	10115	10118
P25,2	10119	10122
P183,2	10123	10126
P80,2	10127	10130
P185,2	10131	10134
P35,2	10135	10138
P81,2	10139	10142
P26,2	10143	10146
P108,2	10147	10150
P188,1	10151	10154
P65,2	10155	10158
P109,2	10159	10162
P66,2	10163	10166
P84,2	10167	10170
P38,2	10171	10174
P146,2	10175	10178
P113,2	10179	10182
P112,2	10183	10186
P195,2	10187	10190
P194,3	10191	10194
P67,3	10195	10198
P115,2	10199	10202
P199,1	10203	10206
P116,3	10207	10210
P200,2	10211	10214
P152,1	10215	10218
P55,2	10219	10222
P118,2	10223	10226
P154,1	10227	10230
P153,2	10231	10234
P120,1	10235	10238
P40,3	10239	10242
P22,2	10243	10246
P157,1	10247	10250
P160,1	10251	10251
P58,2	10252	10255
P123,2	10256	10259
P159,3	10260	10263
P161,3	10264	10267
P124,2	10268	10271
P126,2	10272	10275
P30,2	10276	10279
P127,2	10280	10283
P96,2	10284	10287
P17,2	10288	10291
P75,2	10292	10295
P130,2	10296	10299
P169,3	10300	10303
P24,3	10304	10307
P98,1	10308	10311
P133,2	10312	10315
P132,2	10316	10319
P4,2	10320	10323
P100,2	10324	10327
P101,2	10328	10331
P176,2	10332	10335
P102,2	10336	10339
P177,2	10340	10343
P180,1	10344	10347
P13,2	10348	10351
P182,2	10352	10355
P49,2	10356	10359
P34,2	10360	10363
P64,2	10364	10367
P139,2	10368	10371
P106,2	10372	10375
P35,2	10376	10379
P81,2	10380	10383
P26,2	10384	10387
P108,2	10388	10391
P188,1	10392	10395
P65,2	10396	10399
P109,2	10400	10403
P66,2	10404	10407
P84,2	10408	10411
P144,3	10412	10415
P146,2	10416	10419
P113,2	10420	10423
P112,2	10424	10427
P195,2	10428	10431
P194,3	10432	10435
P67,3	10436	10439
P115,2	10440	10443
P199,1	10444	10447
P116,3	10448	10451
P200,2	10452	10455
P152,1	10456	10459
P55,2	10460	10463
P118,2	10464	10467
P154,2	10468	10471
P29,3	10472	10475
P156,2	10476	10479
P91,2	10480	10483
P157,1	10484	10486
P122,2	10487	10490
P92,2	10491	10494
P123,2	10495	10498
P159,3	10499	10502
P161,3	10503	10506
P124,2	10507	10510
P126,2	10511	10514
P30,2	10515	10518
P127,2	10519	10522
P96,2	10523	10526
P17,2	10527	10530
P75,2	10531	10534
P130,2	10535	10538
P169,3	10539	10542
P24,3	10543	10546
P98,2	10547	10550
P133,2	10551	10554
P132,2	10555	10558
P4,2	10559	10562
P100,2	10563	10566
P33,3	10567	10570
P78,2	10571	10574
P48,2	10575	10578
P137,2	10579	10582
P103,3	10583	10586
P181,2	10587	10590
P184,1	10591	10594
P34,2	10595	10598
P183,2	10599	10599
P80,2	10600	10603
P185,2	10604	10607
P19,3	10608	10611
P36,2	10612	10615
P50,2	10616	10619
P141,3	10620	10623
P107,2	10624	10627
P65,2	10628	10631
P189,2	10632	10635
P190,2	10636	10639
P83,3	10640	10643
P38,2	10644	10647
P192,2	10648	10651
P111,2	10652	10655
P85,2	10656	10659
P53,3	10660	10663
P86,3	10664	10667
P148,1	10668	10670
P67,3	10671	10674
P115,2	10675	10678
P199,1	10679	10680
P116,3	10681	10684
P200,2	10685	10688
P152,1	10689	10690
P21,2	10691	10693
P151,2	10694	10697
P28,3	10698	10701
P153,2	10702	10705
P156,2	10706	10709
P40,3	10710	10713
P41,3	10714	10717
P58,2	10718	10721
P2,2	10722	10725
P43,2	10726	10729
P162,2	10730	10733
P125,2	10734	10737
P44,2	10738	10741
P95,2	10742	10745
P60,2	10746	10749
P129,2	10750	10753
P16,2	10754	10755
P46,3	10756	10759
P97,2	10760	10763
P131,3	10764	10767
P61,2	10768	10771
P76,2	10772	10775
P31,2	10776	10779
P171,2	10780	10783
P99,2	10784	10787
P173,1	10788	10788
P100,2	10789	10792
P33,3	10793	10796
P78,2	10797	10800
P48,2	10801	10804
P137,2	10805	10808
P13,2	10809	10812
P182,2	10813	10816
P25,2	10817	10820
P49,3	10821	10824
P80,2	10825	10828
P185,2	10829	10832
P19,3	10833	10836
P36,2	10837	10840
P50,2	10841	10844
P141,3	10845	10848
P107,2	10849	10852
P65,2	10853	10856
P189,2	10857	10860
P190,2	10861	10864
P83,3	10865	10868
P144,3	10869	10872
P146,2	10873	10876
P113,2	10877	10880
P112,2	10881	10884
P195,2	10885	10887
P86,3	10888	10890
P67,3	10891	10894
P115,2	10895	10898
P149,2	10899	10902
P69,2	10903	10906
P15,3	10907	10910
P152,2	10911	10914
P118,2	10915	10918
P154,2	10919	10922
P29,3	10923	10926
P120,2	10927	10930
P91,2	10931	10934
P122,2	10935	10938
P92,2	10939	10942
P123,2	10943	10946
P159,3	10947	10950
P161,3	10951	10954
P44,2	10955	10958
P95,2	10959	10962
P60,2	10963	10966
P129,2	10967	10970
P17,2	10971	10974
P75,2	10975	10978
P130,2	10979	10982
P169,3	10983	10986
P24,3	10987	10990
P98,2	10991	10994
P133,2	10995	10998
P132,2	10999	11002
P4,2	11003	11006
P173,2	11007	11010
P33,3	11011	11014
P78,2	11015	11018
P48,2	11019	11022
P137,2	11023	11026
P181,2	11027	11030
P25,2	11031	11034
P49,3	11035	11038
P64,2	11039	11042
P139,2	11043	11046
P106,2	11047	11050
P35,2	11051	11054
P81,2	11055	11058
P26,2	11059	11062
P108,2	11063	11066
P143,2	11067	11070
P188,2	11071	11074
P190,2	11075	11075
P66,2	11076	11079
P38,2	11080	11082
P192,2	11083	11086
P111,2	11087	11090
P85,2	11091	11094
P53,3	11095	11098
P194,3	11099	11102
P54,2	11103	11104
P115,2	11105	11108
P149,2	11109	11112
P69,2	11113	11116
P15,3	11117	11120
P152,2	11121	11124
P118,2	11125	11128
P154,2	11129	11132
P29,3	11133	11136
P120,2	11137	11140
P91,2	11141	11141
P122,2	11142	11145
P92,2	11146	11149
P43,2	11150	11153
P162,2	11154	11157
P125,2	11158	11161
P126,2	11162	11165
P30,2	11166	11169
P127,2	11170	11173
P96,2	11174	11177
P46,3	11178	11181
P97,2	11182	11185
P131,3	11186	11189
P61,2	11190	11193
P98,2	11194	11197
P133,2	11198	11201
P132,2	11202	11205
P4,2	11206	11209
P173,2	11210	11213
P33,3	11214	11217
P78,2	11218	11221
P48,2	11222	11225
P137,2	11226	11229
P181,2	11230	11233
P34,2	11234	11234
P49,3	11235	11238
P64,2	11239	11242
P139,2	11243	11245
P106,2	11246	11249
P35,2	11250	11253
P81,2	11254	11257
P26,2	11258	11261
P108,2	11262	11265
P143,2	11266	11269
P188,2	11270	11273
P109,2	11274	11277
P83,3	11278	11281
P192,2	11282	11285
P38,3	11286	11289
P113,2	11290	11293
P112,2	11294	11297
P195,3	11298	11301
P67,3	11302	11305
P88,2	11306	11309
P116,3	11310	11313
P200,2	11314	11317
P55,2	11318	11321
P151,2	11322	11325
P28,3	11326	11329
P153,2	11330	11333
P156,2	11334	11337
P40,3	11338	11341
P41,3	11342	11345
P92,2	11346	11349
P123,2	11350	11350
P43,2	11351	11354
P162,2	11355	11358
P125,2	11359	11362
P126,2	11363	11366
P30,2	11367	11370
P127,2	11371	11374
P17,2	11375	11378
P75,3	11379	11382
P130,2	11383	11386
P169,3	11387	11390
P76,2	11391	11394
P31,2	11395	11398
P171,2	11399	11402
P99,2	11403	11406
P173,2	11407	11410
P134,2	11411	11414
P176,2	11415	11418
P102,2	11419	11422
P177,2	11423	11426
P181,2	11427	11430
P25,2	11431	11434
P184,2	11435	11438
P80,2	11439	11439
P106,2	11440	11443
P139,3	11444	11447
P36,2	11448	11451
P50,2	11452	11453
P26,2	11454	11457
P108,2	11458	11461
P143,2	11462	11465
P188,2	11466	11469
P109,2	11470	11473
P83,3	11474	11477
P192,2	11478	11481
P38,3	11482	11485
P113,2	11486	11489
P112,2	11490	11493
P195,3	11494	11497
P67,3	11498	11501
P88,2	11502	11505
P116,3	11506	11509
P200,2	11510	11513
P55,2	11514	11517
P151,2	11518	11521
P28,3	11522	11525
P153,2	11526	11529
P120,2	11530	11533
P91,3	11534	11537
P122,2	11538	11541
P58,3	11542	11545
P43,2	11546	11549
P162,2	11550	11553
P125,2	11554	11557
P126,2	11558	11561
P30,2	11562	11562
P60,2	11563	11566
P96,2	11567	11570
P46,3	11571	11572
P97,2	11573	11576
P131,3	11577	11580
P61,2	11581	11584
P98,2	11585	11588
P133,2	11589	11592
P132,2	11593	11596
P100,2	11597	11600
P4,3	11601	11604
P33,3	11605	11608
P78,2	11609	11612
P48,2	11613	11616
P137,2	11617	11620
P34,3	11621	11624
P49,3	11625	11628
P64,2	11629	11632
P106,2	11633	11636
P19,3	11637	11640
P35,2	11641	11644
P81,2	11645	11648
P141,3	11649	11652
P108,2	11653	11656
P143,2	11657	11660
P189,3	11661	11664
P66,2	11665	11668
P144,3	11669	11672
P146,2	11673	11676
P111,2	11677	11680
P85,2	11681	11684
P53,3	11685	11688
P194,3	11689	11690
P115,2	11691	11694
P149,2	11695	11698
P69,2	11699	11702
P15,3	11703	11706
P152,2	11707	11710
P118,2	11711	11714
P154,2	11715	11718
P156,2	11719	11722
P40,3	11723	11726
P41,3	11727	11730
P92,2	11731	11734
P123,3	11735	11738
P159,3	11739	11742
P161,3	11743	11746
P44,2	11747	11750
P95,2	11751	11754
P127,2	11755	11758
P96,2	11759	11762
P75,3	11763	11766
P130,2	11767	11770
P169,3	11771	11772
P61,2	11773	11776
P98,2	11777	11780
P171,2	11781	11784
P99,2	11785	11788
P173,2	11789	11792
P134,2	11793	11796
P176,2	11797	11800
P48,2	11801	11804
P137,2	11805	11808
P181,2	11809	11812
P25,2	11813	11816
P184,2	11817	11820
P185,2	11821	11824
P80,3	11825	11828
P139,3	11829	11832
P81,2	11833	11836
P141,3	11837	11838
P50,3	11839	11842
P107,2	11843	11846
P143,2	11847	11850
P189,3	11851	11854
P66,2	11855	11858
P144,3	11859	11862
P146,2	11863	11866
P111,2	11867	11870
P85,2	11871	11874
P53,3	11875	11878
P67,3	11879	11882
P88,2	11883	11886
P116,3	11887	11890
P200,2	11891	11894
P55,2	11895	11898
P151,2	11899	11902
P28,3	11903	11906
P153,2	11907	11910
P120,2	11911	11914
P91,3	11915	11918
P122,2	11919	11922
P58,3	11923	11926
P159,3	11927	11930
P161,3	11931	11934
P125,2	11935	11938
P95,2	11939	11942
P127,2	11943	11946
P96,2	11947	11950
P75,3	11951	11954
P130,2	11955	11958
P61,2	11959	11962
P98,2	11963	11966
P133,2	11967	11970
P132,2	11971	11974
P100,2	11975	11978
P4,3	11979	11982
P33,3	11983	11986
P78,2	11987	11987
P48,2	11988	11991
P102,3	11992	11995
P34,3	11996	11999
P49,3	12000	12003
P64,2	12004	12007
P106,2	12008	12011
P19,3	12012	12015
P35,2	12016	12019
P26,2	12020	12023
P108,2	12024	12027
P65,3	12028	12031
P188,2	12032	12035
P109,2	12036	12039
P83,3	12040	12043
P192,2	12044	12047
P111,2	12048	12051
P146,3	12052	12055
P112,2	12056	12059
P195,3	12060	12063
P115,2	12064	12067
P149,3	12068	12071
P69,2	12072	12075
P15,3	12076	12077
P152,2	12078	12081
P118,2	12082	12085
P154,2	12086	12089
P156,2	12090	12093
P40,3	12094	12097
P41,3	12098	12101
P92,2	12102	12105
P123,3	12106	12109
P162,2	12110	12113
P43,3	12114	12117
P126,2	12118	12121
P127,2	12122	12125
P96,2	12126	12129
P75,3	12130	12133
P130,2	12134	12137
P61,2	12138	12141
P98,2	12142	12145
P133,2	12146	12149
P132,2	12150	12153
P100,2	12154	12157
P4,3	12158	12161
P33,3	12162	12165
P78,3	12166	12169
P177,3	12170	12173
P102,3	12174	12177
P34,3	12178	12181
P49,3	12182	12185
P64,2	12186	12189
P106,2	12190	12193
P19,3	12194	12197
P35,2	12198	12201
P26,2	12202	12205
P107,2	12206	12209
P143,2	12210	12213
P189,3	12214	12217
P66,2	12218	12221
P144,3	12222	12225
P38,3	12226	12229
P113,2	12230	12231
P85,2	12232	12235
P195,3	12236	12239
P67,3	12240	12243
P88,2	12244	12247
P116,3	12248	12251
P200,2	12252	12255
P152,2	12256	12259
P118,2	12260	12263
P154,2	12264	12267
P156,2	12268	12271
P40,3	12272	12275
P41,3	12276	12279
P92,2	12280	12283
P123,3	12284	12287
P161,3	12288	12291
P125,2	12292	12295
P95,3	12296	12299
P30,3	12300	12303
P17,2	12304	12307
P97,2	12308	12311
P131,3	12312	12315
P76,2	12316	12319
P31,3	12320	12323
P171,2	12324	12326
P99,2	12327	12330
P173,2	12331	12334
P134,2	12335	12338
P176,2	12339	12342
P48,2	12343	12346
P137,2	12347	12350
P181,2	12351	12354
P25,2	12355	12358
P184,2	12359	12362
P185,2	12363	12365
P106,2	12366	12369
P19,3	12370	12373
P35,2	12374	12377
P26,2	12378	12381
P107,2	12382	12385
P143,2	12386	12389
P189,3	12390	12393
P66,2	12394	12397
P144,3	12398	12401
P111,2	12402	12405
P85,2	12406	12409
P195,3	12410	12413
P67,3	12414	12417
P88,2	12418	12418
P116,3	12419	12422
P200,2	12423	12426
P152,2	12427	12430
P28,3	12431	12434
P153,2	12435	12438
P120,2	12439	12442
P91,3	12443	12446
P122,3	12447	12450
P58,3	12451	12454
P162,2	12455	12458
P43,3	12459	12462
P126,2	12463	12466
P127,2	12467	12470
P96,2	12471	12474
P75,3	12475	12478
P130,2	12479	12482
P61,2	12483	12486
P98,2	12487	12488
P133,3	12489	12492
P100,2	12493	12496
P132,3	12497	12500
P33,3	12501	12504
P78,3	12505	12508
P177,3	12509	12512
P102,3	12513	12516
P34,3	12517	12520
P49,3	12521	12524
P64,2	12525	12528
P80,3	12529	12532
P139,3	12533	12536
P81,2	12537	12540
P50,3	12541	12544
P65,3	12545	12548
P188,2	12549	12552
P109,2	12553	12556
P144,3	12557	12560
P111,2	12561	12564
P85,2	12565	12568
P112,3	12569	12572
P115,2	12573	12576
P116,3	12577	12577
P69,2	12578	12581
P152,2	12582	12585
P28,3	12586	12589
P153,2	12590	12593
P120,2	12594	12597
P91,3	12598	12601
P122,3	12602	12605
P58,3	12606	12609
P162,2	12610	12613
P43,3	12614	12617
P126,2	12618	12621
P127,2	12622	12625
P96,2	12626	12629
P97,2	12630	12633
P131,3	12634	12637
P76,2	12638	12641
P133,3	12642	12645
P100,2	12646	12649
P132,3	12650	12653
P33,3	12654	12657
P78,3	12658	12661
P137,2	12662	12662
P102,3	12663	12666
P34,3	12667	12670
P49,3	12671	12674
P64,2	12675	12678
P80,3	12679	12682
P139,3	12683	12686
P81,2	12687	12690
P50,3	12691	12694
P65,3	12695	12698
P188,2	12699	12702
P109,2	12703	12706
P144,3	12707	12710
P38,3	12711	12714
P146,3	12715	12718
P195,3	12719	12722
P67,3	12723	12726
P149,3	12727	12730
P200,2	12731	12734
P118,2	12735	12738
P153,2	12739	12742
P120,2	12743	12746
P91,3	12747	12750
P92,2	12751	12754
P123,3	12755	12758
P161,3	12759	12762
P125,2	12763	12764
P95,3	12765	12768
P30,3	12769	12772
P17,3	12773	12776
P97,2	12777	12780
P131,3	12781	12784
P31,3	12785	12788
P99,2	12789	12792
P173,2	12793	12796
P4,3	12797	12800
P176,2	12801	12804
P177,3	12805	12808
P181,2	12809	12812
P34,3	12813	12816
P49,3	12817	12820
P64,2	12821	12824
P80,3	12825	12828
P139,3	12829	12832
P81,2	12833	12836
P50,3	12837	12838
P65,3	12839	12842
P188,2	12843	12846
P109,2	12847	12850
P144,3	12851	12852
P66,3	12853	12856
P111,2	12857	12860
P85,2	12861	12864
P112,3	12865	12868
P115,2	12869	12869
P69,2	12870	12873
P152,2	12874	12877
P28,3	12878	12881
P156,2	12882	12885
P40,3	12886	12889
P122,3	12890	12893
P123,3	12894	12897
P161,3	12898	12901
P126,2	12902	12905
P127,2	12906	12909
P96,2	12910	12913
P75,3	12914	12914
P97,2	12915	12917
P131,3	12918	12918
P61,2	12919	12922
P133,3	12923	12926
P100,2	12927	12930
P132,3	12931	12934
P33,3	12935	12938
P78,3	12939	12942
P102,3	12943	12946
P137,3	12947	12950
P25,2	12951	12954
P184,2	12955	12958
P106,2	12959	12960
P80,3	12961	12964
P139,3	12965	12968
P26,2	12969	12972
P65,3	12973	12976
P188,2	12977	12980
P109,2	12981	12983
P66,3	12984	12987
P111,2	12988	12991
P85,2	12992	12995
P112,3	12996	12999
P149,3	13000	13003
P200,2	13004	13007
P118,2	13008	13011
P156,2	13012	13015
P40,3	13016	13019
P122,3	13020	13023
P162,2	13024	13027
P43,3	13028	13031
P95,3	13032	13035
P30,3	13036	13039
P130,2	13040	13043
P97,3	13044	13047
P133,3	13048	13051
P100,2	13052	13055
P132,3	13056	13059
P33,3	13060	13063
P78,3	13064	13067
P102,3	13068	13071
P137,3	13072	13075
P25,2	13076	13079
P184,2	13080	13083
P80,3	13084	13087
P139,3	13088	13091
P26,2	13092	13095
P65,3	13096	13099
P188,2	13100	13103
P83,3	13104	13107
P38,3	13108	13111
P146,3	13112	13115
P195,3	13116	13119
P67,3	13120	13123
P69,2	13124	13127
P152,2	13128	13131
P153,2	13132	13135
P120,2	13136	13139
P122,3	13140	13143
P162,2	13144	13147
P43,3	13148	13151
P95,3	13152	13155
P30,3	13156	13159
P130,2	13160	13163
P61,2	13164	13167
P31,3	13168	13171
P99,2	13172	13175
P173,2	13176	13179
P4,3	13180	13183
P176,2	13184	13187
P177,3	13188	13191
P181,2	13192	13195
P34,3	13196	13199
P49,3	13200	13203
P64,2	13204	13207
P19,3	13208	13211
P81,2	13212	13215
P65,3	13216	13219
P188,2	13220	13223
P83,3	13224	13227
P38,3	13228	13231
P195,3	13232	13235
P111,3	13236	13239
P149,3	13240	13243
P200,2	13244	13247
P118,2	13248	13251
P156,2	13252	13255
P40,3	13256	13259
P123,3	13260	13263
P161,3	13264	13267
P126,2	13268	13269
P95,3	13270	13273
P30,3	13274	13277
P130,2	13278	13281
P61,2	13282	13283
P31,3	13284	13287
P99,2	13288	13291
P173,2	13292	13295
P4,3	13296	13299
P176,2	13300	13303
P177,3	13304	13307
P181,2	13308	13311
P34,3	13312	13315
P49,3	13316	13318
P64,2	13319	13322
P139,3	13323	13326
P107,2	13327	13329
P65,3	13330	13333
P189,3	13334	13337
P66,3	13338	13341
P146,3	13342	13345
P112,3	13346	13349
P67,3	13350	13353
P69,2	13354	13357
P152,2	13358	13361
P153,2	13362	13364
P120,2	13365	13368
P122,3	13369	13372
P162,2	13373	13376
P43,3	13377	13380
P127,2	13381	13384
P17,3	13385	13388
P96,3	13389	13392
P97,3	13393	13396
P133,3	13397	13400
P100,2	13401	13404
P132,3	13405	13408
P33,3	13409	13412
P78,3	13413	13416
P102,3	13417	13420
P137,3	13421	13424
P25,2	13425	13428
P64,2	13429	13432
P139,3	13433	13436
P65,3	13437	13440
P188,2	13441	13444
P143,3	13445	13448
P66,3	13449	13452
P146,3	13453	13456
P112,3	13457	13459
P67,3	13460	13463
P69,2	13464	13467
P152,2	13468	13471
P156,2	13472	13475
P40,3	13476	13479
P123,3	13480	13483
P161,3	13484	13487
P95,3	13488	13491
P30,3	13492	13495
P130,2	13496	13499
P61,3	13500	13503
P31,3	13504	13507
P99,2	13508	13511
P173,2	13512	13515
P4,3	13516	13519
P176,2	13520	13520
P78,3	13521	13524
P102,3	13525	13528
P137,3	13529	13532
P25,2	13533	13536
P64,2	13537	13540
P81,2	13541	13544
P107,3	13545	13548
P189,3	13549	13552
P83,3	13553	13556
P38,3	13557	13560
P195,3	13561	13564
P67,3	13565	13566
P69,2	13567	13567
P200,2	13568	13571
P118,2	13572	13575
P120,2	13576	13579
P122,3	13580	13583
P162,2	13584	13587
P43,3	13588	13591
P127,2	13592	13595
P130,2	13596	13599
P61,3	13600	13603
P31,3	13604	13607
P99,2	13608	13608
P100,2	13609	13609
P132,3	13610	13610
P4,3	13611	13614
P78,3	13615	13618
P102,3	13619	13622
P137,3	13623	13626
P25,2	13627	13630
P184,3	13631	13634
P81,2	13635	13638
P107,3	13639	13642
P189,3	13643	13646
P83,3	13647	13650
P38,3	13651	13654
P195,3	13655	13658
P149,3	13659	13662
P118,2	13663	13666
P120,2	13667	13670
P123,3	13671	13674
P161,3	13675	13678
P95,3	13679	13682
P17,3	13683	13686
P96,3	13687	13690
P97,3	13691	13694
P133,3	13695	13698
P173,2	13699	13702
P100,3	13703	13706
P78,3	13707	13710
P102,3	13711	13714
P137,3	13715	13718
P25,2	13719	13722
P139,3	13723	13726
P65,3	13727	13730
P188,2	13731	13734
P143,3	13735	13738
P38,3	13739	13742
P195,3	13743	13746
P149,3	13747	13750
P156,2	13751	13754
P123,3	13755	13758
P120,3	13759	13762
P43,3	13763	13766
P127,2	13767	13770
P130,2	13771	13774
P61,3	13775	13778
P133,3	13779	13782
P173,2	13783	13786
P100,3	13787	13790
P78,3	13791	13794
P181,3	13795	13798
P34,3	13799	13802
P184,3	13803	13806
P139,3	13807	13810
P81,3	13811	13814
P188,2	13815	13818
P143,3	13819	13822
P38,3	13823	13826
P195,3	13827	13830
P149,3	13831	13834
P156,2	13835	13838
P122,3	13839	13842
P120,3	13843	13846
P43,3	13847	13849
P127,2	13850	13853
P130,2	13854	13857
P61,3	13858	13861
P133,3	13862	13865
P173,2	13866	13869
P100,3	13870	13873
P78,3	13874	13877
P181,3	13878	13881
P34,3	13882	13885
P184,3	13886	13889
P139,3	13890	13893
P107,3	13894	13897
P189,3	13898	13901
P66,3	13902	13905
P146,3	13906	13909
P111,3	13910	13913
P118,2	13914	13917
P122,3	13918	13921
P120,3	13922	13925
P95,3	13926	13929
P17,3	13930	13933
P61,3	13934	13937
P133,3	13938	13941
P173,2	13942	13945
P100,3	13946	13949
P78,3	13950	13950
P102,3	13951	13954
P137,3	13955	13955
P34,3	13956	13959
P64,3	13960	13963
P139,3	13964	13967
P107,3	13968	13971
P143,3	13972	13975
P38,3	13976	13979
P195,3	13980	13983
P149,3	13984	13987
P200,3	13988	13991
P123,3	13992	13995
P162,3	13996	13999
P127,2	14000	14003
P96,3	14004	14007
P97,3	14008	14011
P99,3	14012	14015
P4,3	14016	14019
P33,3	14020	14023
P181,3	14024	14027
P64,3	14028	14031
P139,3	14032	14035
P107,3	14036	14039
P66,3	14040	14043
P195,3	14044	14047
P149,3	14048	14051
P200,3	14052	14055
P123,3	14056	14056
P120,3	14057	14060
P127,2	14061	14064
P96,3	14065	14068
P97,3	14069	14072
P99,3	14073	14076
P4,3	14077	14080
P33,3	14081	14084
P181,3	14085	14088
P64,3	14089	14092
P139,3	14093	14093
P81,3	14094	14097
P143,3	14098	14101
P38,3	14102	14105
P111,3	14106	14109
P200,3	14110	14113
P120,3	14114	14117
P127,2	14118	14121
P96,3	14122	14125
P97,3	14126	14129
P99,3	14130	14133
P100,3	14134	14137
P181,3	14138	14141
P64,3	14142	14145
P81,3	14146	14149
P143,3	14150	14153
P38,3	14154	14157
P111,3	14158	14161
P200,3	14162	14165
P120,3	14166	14169
P17,3	14170	14173
P96,3	14174	14177
P97,3	14178	14181
P173,3	14182	14185
P4,3	14186	14189
P102,3	14190	14193
P184,3	14194	14197
P25,3	14198	14201
P107,3	14202	14205
P66,3	14206	14209
P195,3	14210	14213
P149,3	14214	14217
P122,3	14218	14221
P162,3	14222	14225
P127,3	14226	14229
P61,3	14230	14233
P173,3	14234	14237
P4,3	14238	14241
P102,3	14242	14245
P184,3	14246	14249
P25,3	14250	14253
P107,3	14254	14257
P66,3	14258	14261
P195,3	14262	14265
P149,3	14266	14269
P122,3	14270	14273
P162,3	14274	14277
P127,3	14278	14281
P61,3	14282	14285
P173,3	14286	14289
P100,3	14290	14293
P181,3	14294	14297
P64,3	14298	14301
P81,3	14302	14305
P143,3	14306	14309
P38,3	14310	14313
P149,3	14314	14317
P122,3	14318	14321
P162,3	14322	14325
P96,3	14326	14329
P97,3	14330	14333
P4,3	14334	14337
P102,3	14338	14341
P64,3	14342	14345
P81,3	14346	14349
P143,3	14350	14353
P38,3	14354	14357
P149,3	14358	14361
P122,3	14362	14365
P162,3	14366	14369
P96,3	14370	14373
P97,3	14374	14374
P173,3	14375	14378
P100,3	14379	14382
P181,3	14383	14386
P25,3	14387	14390
P107,3	14391	14394
P66,3	14395	14398
P111,3	14399	14402
P200,3	14403	14406
P120,3	14407	14408
P127,3	14409	14412
P61,3	14413	14416
P4,3	14417	14420
P102,3	14421	14424
P64,3	14425	14428
P81,3	14429	14432
P143,3	14433	14436
P38,3	14437	14440
P149,3	14441	14444
P122,3	14445	14447
P127,3	14448	14451
P61,3	14452	14455
P4,3	14456	14458
P181,3	14459	14462
P25,3	14463	14466
P107,3	14467	14470
P111,3	14471	14474
P200,3	14475	14478
P127,3	14479	14482
P61,3	14483	14484
P173,3	14485	14488
P181,3	14489	14492
P25,3	14493	14496
P143,3	14497	14500
P149,3	14501	14504
P162,3	14505	14508
P96,3	14509	14512
P100,3	14513	14516
P64,3	14517	14517
P25,3	14518	14519
P143,3	14520	14523
P149,3	14524	14525
P200,3	14526	14529
P127,3	14530	14533
P173,3	14534	14536
P181,3	14537	14540
P143,3	14541	14544
P200,3	14545	14548
P127,3	14549	14552
P100,3	14553	14556
P107,3	14557	14560
P111,3	14561	14564
P162,3	14565	14568
P96,3	14569	14572
P181,3	14573	14576
P143,3	14577	14580
P162,3	14581	14584
P96,3	14585	14585
P100,3	14586	14588
P107,3	14589	14592
P162,3	14593	14596
P181,3	14597	14600
P200,3	14601	14604
P127,3	14605	14608
P107,3	14609	14612
P162,3	14613	14616
P181,3	14617	14620
P200,3	14621	14624
P127,3	14625	14628
P107,3	14629	14632
P162,3	14633	14636
P181,3	14637	14640
P200,3	14641	14644
P127,3	14645	14648
P107,3	14649	14652
P162,3	14653	14656
P181,3	14657	14660
P162,3	14661	14664
P200,3	14665	14668
P127,3	14669	14684
