CPU0
P1,1	10	23
P3,1	24	27
P1,1	28	29
P2,1	30	31
P5,1	32	33
P4,1	34	35
P6,1	36	37
P3,1	38	39
P4,1	40	41
P6,1	42	43
P3,1	44	45
P2,1	46	47
P5,1	48	49
P1,1	50	51
P7,1	52	53
P8,1	54	57
P6,1	58	59
P3,1	60	61
P2,1	62	63
P8,1	64	65
P6,1	66	67
P1,1	68	69
P7,1	70	71
P4,1	72	73
P5,1	74	75
P6,1	76	77
P10,1	78	79
P1,1	80	81
P7,1	82	83
P4,1	84	85
P5,1	86	87
P9,1	88	89
P12,1	90	91
P14,1	92	93
P1,1	94	95
P7,1	96	97
P2,1	98	99
P8,1	100	101
P6,1	102	103
P10,1	104	105
P13,1	106	107
P15,1	108	109
P1,1	110	111
P7,1	112	113
P16,1	114	115
P18,1	116	117
P20,1	118	119
P8,1	120	121
P6,1	122	123
P10,1	124	125
P13,1	126	127
P15,1	128	129
P1,1	130	131
P7,1	132	133
P16,1	134	135
P18,1	136	137
P20,1	138	139
P22,1	140	141
P24,1	142	143
P8,1	144	145
P6,1	146	147
P10,1	148	149
P13,1	150	151
P15,1	152	153
P1,1	154	155
P7,1	156	157
P16,1	158	159
P18,1	160	161
P20,1	162	163
P26,1	164	165
P22,1	166	167
P24,1	168	169
P8,1	170	171
P6,1	172	173
P10,1	174	175
P13,1	176	177
P15,1	178	179
P3,1	180	181
P2,1	182	183
P27,1	184	185
P29,1	186	187
P17,1	188	189
P19,1	190	191
P25,1	192	193
P21,1	194	195
P23,1	196	197
P4,1	198	199
P5,1	200	201
P9,1	202	203
P12,1	204	205
P14,1	206	207
P31,1	208	209
P33,1	210	211
P35,1	212	213
P37,1	214	215
P3,1	216	217
P2,1	218	219
P27,1	220	221
P29,1	222	223
P17,1	224	225
P19,1	226	227
P25,1	228	229
P21,1	230	231
P23,1	232	233
P4,1	234	235
P39,1	236	237
P41,1	238	239
P5,1	240	241
P9,1	242	243
P12,1	244	245
P14,1	246	247
P31,1	248	249
P33,1	250	251
P35,1	252	253
P37,1	254	255
P7,1	256	257
P42,1	258	259
P44,1	260	261
P46,1	262	263
P16,1	264	265
P28,1	266	267
P30,1	268	269
P18,1	270	271
P20,1	272	273
P26,1	274	275
P22,1	276	277
P24,1	278	279
P38,1	280	281
P40,1	282	283
P48,1	284	285
P8,1	286	287
P6,1	288	289
P10,1	290	291
P13,1	292	293
P15,1	294	295
P32,1	296	297
P34,1	298	299
P36,1	300	301
P11,1	302	303
P2,1	304	305
P50,1	306	307
P52,1	308	309
P54,1	310	311
P44,1	312	313
P46,1	314	315
P16,1	316	317
P28,1	318	319
P30,1	320	321
P18,1	322	323
P20,1	324	325
P26,1	326	327
P22,1	328	329
P24,1	330	331
P56,1	332	333
P38,1	334	335
P40,1	336	337
P48,1	338	339
P8,1	340	341
P6,1	342	343
P10,1	344	345
P13,1	346	347
P15,1	348	349
P32,1	350	351
P34,1	352	353
P58,1	354	355
P60,1	356	357
P36,1	358	359
P11,1	360	361
P2,1	362	363
P50,1	364	365
P52,1	366	367
P54,1	368	369
P44,1	370	371
P46,1	372	373
P16,1	374	375
P28,1	376	377
P62,1	378	379
P29,1	380	381
P17,1	382	383
P19,1	384	385
P25,1	386	387
P21,1	388	389
P23,1	390	391
P55,1	392	393
P4,1	394	395
P39,1	396	397
P41,1	398	399
P64,1	400	401
P8,1	402	403
P6,1	404	405
P10,1	406	407
P13,1	408	409
P15,1	410	411
P32,1	412	413
P34,1	414	415
P58,1	416	417
P60,1	418	419
P36,1	420	421
P66,1	422	423
P37,1	424	425
P7,1	426	427
P42,1	428	429
P51,1	430	431
P53,1	432	433
P43,1	434	435
P45,1	436	437
P47,1	438	439
P27,1	440	441
P61,1	442	443
P68,1	444	445
P70,1	446	447
P29,1	448	449
P17,1	450	451
P19,1	452	453
P25,1	454	455
P21,1	456	457
P23,1	458	459
P55,1	460	461
P4,1	462	463
P39,1	464	465
P41,1	466	467
P72,1	468	469
P64,1	470	471
P8,1	472	473
P6,1	474	475
P10,1	476	477
P13,1	478	479
P15,1	480	481
P32,1	482	483
P34,1	484	485
P58,1	486	487
P60,1	488	489
P74,1	490	491
P35,1	492	493
P65,1	494	495
P67,1	496	497
P11,1	498	499
P2,1	500	501
P50,1	502	503
P52,1	504	505
P54,1	506	507
P44,1	508	509
P46,1	510	511
P76,1	512	513
P16,1	514	515
P28,1	516	517
P62,1	518	519
P69,1	520	521
P63,1	522	523
P30,1	524	525
P18,1	526	527
P20,1	528	529
P26,1	530	531
P22,1	532	533
P78,1	534	535
P80,1	536	537
P55,1	538	539
P4,1	540	541
P39,1	542	543
P41,1	544	545
P72,1	546	547
P64,1	548	549
P8,1	550	551
P6,1	552	553
P10,1	554	555
P13,1	556	557
P82,1	558	559
P84,1	560	561
P14,1	562	563
P31,1	564	565
P33,1	566	567
P57,1	568	569
P59,1	570	571
P73,1	572	573
P75,1	574	575
P36,1	576	577
P66,1	578	579
P37,1	580	581
P86,1	582	583
P88,1	584	585
P2,1	586	587
P50,1	588	589
P52,1	590	591
P54,1	592	593
P44,1	594	595
P46,1	596	597
P76,1	598	599
P16,1	600	601
P28,1	602	603
P62,1	604	605
P90,1	606	607
P69,1	608	609
P63,1	610	611
P30,1	612	613
P18,1	614	615
P20,1	616	617
P26,1	618	619
P22,1	620	621
P78,1	622	623
P80,1	624	625
P55,1	626	627
P92,1	628	629
P56,1	630	631
P38,1	632	633
P40,1	634	635
P71,1	636	637
P48,1	638	639
P49,1	640	641
P6,1	642	643
P10,1	644	645
P13,1	646	647
P82,1	648	649
P95,1	650	651
P83,1	652	653
P85,1	654	655
P15,1	656	657
P32,1	658	659
P34,1	660	661
P58,1	662	663
P60,1	664	665
P74,1	666	667
P35,1	668	669
P65,1	670	671
P97,1	672	673
P67,1	674	675
P11,1	676	677
P87,1	678	679
P7,1	680	681
P42,1	682	683
P51,1	684	685
P53,1	686	687
P43,1	688	689
P45,1	690	691
P47,1	692	693
P99,1	694	695
P101,1	696	697
P103,1	698	699
P77,1	700	701
P27,1	702	703
P61,1	704	705
P89,1	706	707
P68,1	708	709
P70,1	710	711
P29,1	712	713
P17,1	714	715
P19,1	716	717
P25,1	718	719
P105,1	720	721
P21,1	722	723
P23,1	724	725
P79,1	726	727
P24,1	728	729
P91,1	730	731
P93,1	732	733
P4,1	734	735
P39,1	736	737
P41,1	738	739
P72,1	740	741
P107,1	742	743
P109,1	744	745
P111,1	746	747
P49,1	748	749
P6,1	750	751
P10,1	752	753
P13,1	754	755
P82,1	756	757
P95,1	758	759
P83,1	760	761
P85,1	762	763
P15,1	764	765
P32,1	766	767
P113,1	768	769
P115,1	770	771
P34,1	772	773
P58,1	774	775
P60,1	776	777
P74,1	778	779
P35,1	780	781
P65,1	782	783
P97,1	784	785
P67,1	786	787
P11,1	788	789
P87,1	790	791
P117,1	792	793
P7,1	794	795
P42,1	796	797
P51,1	798	799
P53,1	800	801
P43,1	802	803
P45,1	804	805
P47,1	806	807
P99,1	808	809
P101,1	810	811
P103,1	812	813
P119,1	814	815
P104,1	816	817
P16,1	818	819
P28,1	820	821
P62,1	822	823
P90,1	824	825
P69,1	826	827
P63,1	828	829
P30,1	830	831
P18,1	832	833
P20,1	834	835
P121,1	836	837
P123,1	838	839
P105,1	840	841
P21,1	842	843
P23,1	844	845
P79,1	846	847
P24,1	848	849
P91,1	850	851
P93,1	852	853
P4,1	854	855
P39,1	856	857
P41,1	858	859
P125,1	860	861
P127,1	862	863
P72,1	864	865
P107,1	866	867
P109,1	868	869
P111,1	870	871
P49,1	872	873
P6,1	874	875
P10,1	876	877
P13,1	878	879
P82,1	880	881
P95,1	882	883
P129,1	884	885
P131,1	886	887
P83,1	888	889
P85,1	890	891
P15,1	892	893
P32,1	894	895
P113,1	896	897
P115,1	898	899
P34,1	900	901
P58,1	902	903
P60,1	904	905
P74,1	906	907
P133,1	908	909
P35,1	910	911
P65,1	912	913
P97,1	914	915
P67,1	916	917
P11,1	918	919
P87,1	920	921
P117,1	922	923
P7,1	924	925
P42,1	926	927
P51,1	928	929
P135,1	930	931
P137,1	932	933
P53,1	934	935
P43,1	936	937
P45,1	938	939
P47,1	940	941
P99,1	942	943
P101,1	944	945
P103,1	946	947
P119,1	948	949
P104,1	950	951
P16,1	952	953
P139,1	954	955
P27,1	956	957
P61,1	958	959
P89,1	960	961
P68,1	962	963
P70,1	964	965
P29,1	966	967
P17,1	968	969
P19,1	970	971
P25,1	972	973
P122,1	974	975
P141,1	976	977
P143,1	978	979
P105,1	980	981
P21,1	982	983
P23,1	984	985
P79,1	986	987
P24,1	988	989
P91,1	990	991
P93,1	992	993
P4,1	994	995
P39,1	996	997
P41,1	998	999
P145,1	1000	1001
P124,1	1002	1003
P126,1	1004	1005
P71,1	1006	1007
P48,1	1008	1009
P108,1	1010	1011
P110,1	1012	1013
P64,1	1014	1015
P8,1	1016	1017
P9,1	1018	1019
P13,1	1020	1021
P147,1	1022	1023
P81,1	1024	1025
P94,1	1026	1027
P128,1	1028	1029
P130,1	1030	1031
P96,1	1032	1033
P84,1	1034	1035
P14,1	1036	1037
P31,1	1038	1039
P112,1	1040	1041
P114,1	1042	1043
P149,1	1044	1045
P33,1	1046	1047
P57,1	1048	1049
P59,1	1050	1051
P73,1	1052	1053
P132,1	1054	1055
P75,1	1056	1057
P36,1	1058	1059
P66,1	1060	1061
P98,1	1062	1063
P37,1	1064	1065
P151,1	1066	1067
P153,1	1068	1069
P86,1	1070	1071
P116,1	1072	1073
P88,1	1074	1075
P2,1	1076	1077
P50,1	1078	1079
P134,1	1080	1081
P136,1	1082	1083
P52,1	1084	1085
P54,1	1086	1087
P44,1	1088	1089
P155,1	1090	1091
P46,1	1092	1093
P76,1	1094	1095
P100,1	1096	1097
P102,1	1098	1099
P118,1	1100	1101
P120,1	1102	1103
P77,1	1104	1105
P138,1	1106	1107
P140,1	1108	1109
P28,1	1110	1111
P157,1	1112	1113
P159,1	1114	1115
P161,1	1116	1117
P89,1	1118	1119
P68,1	1120	1121
P70,1	1122	1123
P29,1	1124	1125
P17,1	1126	1127
P19,1	1128	1129
P25,1	1130	1131
P122,1	1132	1133
P141,1	1134	1135
P143,1	1136	1137
P163,1	1138	1139
P165,1	1140	1141
P105,1	1142	1143
P21,1	1144	1145
P23,1	1146	1147
P79,1	1148	1149
P24,1	1150	1151
P91,1	1152	1153
P93,1	1154	1155
P4,1	1156	1157
P39,1	1158	1159
P41,1	1160	1161
P167,1	1162	1163
P145,1	1164	1165
P124,1	1166	1167
P126,1	1168	1169
P71,1	1170	1171
P48,1	1172	1173
P108,1	1174	1175
P110,1	1176	1177
P64,1	1178	1179
P8,1	1180	1181
P9,1	1182	1183
P169,1	1184	1185
P171,1	1186	1187
P13,1	1188	1189
P147,1	1190	1191
P81,1	1192	1193
P94,1	1194	1195
P128,1	1196	1197
P130,1	1198	1199
P96,1	1200	1201
P84,1	1202	1203
P14,1	1204	1205
P31,1	1206	1207
P173,1	1208	1209
P112,1	1210	1211
P114,1	1212	1213
P149,1	1214	1215
P33,1	1216	1217
P57,1	1218	1219
P59,1	1220	1221
P73,1	1222	1223
P132,1	1224	1225
P75,1	1226	1227
P36,1	1228	1229
P175,1	1230	1231
P177,1	1232	1233
P179,1	1234	1235
P66,1	1236	1237
P98,1	1238	1239
P37,1	1240	1241
P151,1	1242	1243
P153,1	1244	1245
P86,1	1246	1247
P116,1	1248	1249
P88,1	1250	1251
P2,1	1252	1253
P50,1	1254	1255
P181,1	1256	1257
P183,1	1258	1259
P51,1	1260	1261
P135,1	1262	1263
P137,1	1264	1265
P53,1	1266	1267
P43,1	1268	1269
P45,1	1270	1271
P156,1	1272	1273
P47,1	1274	1275
P99,1	1276	1277
P101,1	1278	1279
P185,1	1280	1281
P187,1	1282	1283
P118,1	1284	1285
P120,1	1286	1287
P77,1	1288	1289
P138,1	1290	1291
P140,1	1292	1293
P28,1	1294	1295
P157,1	1296	1297
P159,1	1298	1299
P161,1	1300	1301
P89,1	1302	1303
P189,1	1304	1305
P90,1	1306	1307
P69,1	1308	1309
P63,1	1310	1311
P30,1	1312	1313
P18,1	1314	1315
P20,1	1316	1317
P121,1	1318	1319
P123,1	1320	1321
P142,1	1322	1323
P162,1	1324	1325
P191,1	1326	1327
P164,1	1328	1329
P26,1	1330	1331
P106,1	1332	1333
P22,1	1334	1335
P78,1	1336	1337
P80,1	1338	1339
P55,1	1340	1341
P92,1	1342	1343
P56,1	1344	1345
P38,1	1346	1347
P193,1	1348	1349
P195,1	1350	1351
P41,1	1352	1353
P167,1	1354	1355
P145,1	1356	1357
P124,1	1358	1359
P126,1	1360	1361
P71,1	1362	1363
P48,1	1364	1365
P108,1	1366	1367
P110,1	1368	1369
P64,1	1370	1371
P197,1	1372	1373
P49,1	1374	1375
P6,1	1376	1377
P168,1	1378	1379
P170,1	1380	1381
P13,1	1382	1383
P147,1	1384	1385
P81,1	1386	1387
P82,1	1388	1389
P95,1	1390	1391
P129,1	1392	1393
P199,1	1394	1395
P131,1	1396	1397
P83,1	1398	1399
P85,1	1400	1401
P15,1	1402	1403
P172,1	1404	1405
P32,1	1406	1407
P113,1	1408	1409
P115,1	1410	1411
P150,1	1412	1413
P34,1	1414	1415
P58,1	1416	1417
P60,1	1418	1419
P74,1	1420	1421
P133,1	1422	1423
P35,1	1424	1425
P174,1	1426	1427
P176,1	1428	1429
P178,1	1430	1431
P65,1	1432	1433
P97,1	1434	1435
P67,1	1436	1437
P11,1	1438	1439
P152,1	1440	1441
P154,1	1442	1443
P87,1	1444	1445
P117,1	1446	1447
P7,1	1448	1449
P42,1	1450	1451
P180,1	1452	1453
P182,1	1454	1455
P184,1	1456	1457
P134,1	1458	1459
P136,1	1460	1461
P52,1	1462	1463
P54,1	1464	1465
P44,1	1466	1467
P155,1	1468	1469
P46,1	1470	1471
P76,1	1472	1473
P100,1	1474	1475
P102,1	1476	1477
P186,1	1478	1479
P103,1	1480	1481
P119,1	1482	1483
P104,1	1484	1485
P16,1	1486	1487
P139,1	1488	1489
P27,1	1490	1491
P61,1	1492	1493
P158,1	1494	1495
P160,1	1496	1497
P62,1	1498	1499
P188,1	1500	1501
P190,1	1502	1503
P68,1	1504	1505
P70,1	1506	1507
P29,1	1508	1509
P17,1	1510	1511
P19,1	1512	1513
P25,1	1514	1515
P122,1	1516	1517
P141,1	1518	1519
P143,1	1520	1521
P163,1	1522	1523
P192,1	1524	1525
P165,1	1526	1527
P105,1	1528	1529
P21,1	1530	1531
P23,1	1532	1533
P79,1	1534	1535
P24,1	1536	1537
P91,1	1538	1539
P93,1	1540	1541
P4,1	1542	1543
P39,1	1544	1545
P194,1	1546	1547
P40,1	1548	1549
P166,1	1550	1551
P144,1	1552	1553
P146,1	1554	1555
P125,1	1556	1557
P127,1	1558	1559
P72,1	1560	1561
P107,1	1562	1563
P109,1	1564	1565
P111,1	1566	1567
P196,1	1568	1569
P198,1	1570	1571
P8,1	1572	1573
P9,1	1574	1575
P169,1	1576	1577
P171,1	1578	1579
P10,2	1580	1581
P148,1	1582	1583
P12,2	1584	1585
P94,1	1586	1587
P128,1	1588	1589
P130,1	1590	1591
P200,1	1592	1593
P96,1	1594	1595
P84,1	1596	1597
P14,1	1598	1599
P31,1	1600	1601
P173,1	1602	1603
P112,1	1604	1605
P114,1	1606	1607
P149,1	1608	1609
P33,1	1610	1611
P57,1	1612	1613
P59,1	1614	1615
P73,1	1616	1617
P132,1	1618	1619
P75,1	1620	1621
P36,1	1622	1623
P175,1	1624	1625
P177,1	1626	1627
P179,1	1628	1629
P66,1	1630	1631
P98,1	1632	1633
P37,1	1634	1635
P151,1	1636	1637
P153,1	1638	1639
P86,1	1640	1641
P116,1	1642	1643
P88,1	1644	1645
P2,1	1646	1647
P50,1	1648	1649
P181,1	1650	1651
P183,1	1652	1653
P51,1	1654	1655
P135,1	1656	1657
P137,1	1658	1659
P53,1	1660	1661
P43,1	1662	1663
P45,1	1664	1665
P156,1	1666	1667
P47,1	1668	1669
P99,1	1670	1671
P101,1	1672	1673
P185,1	1674	1675
P187,1	1676	1677
P118,1	1678	1679
P120,1	1680	1681
P77,1	1682	1683
P138,1	1684	1685
P140,1	1686	1687
P28,1	1688	1689
P157,1	1690	1691
P159,1	1692	1693
P161,1	1694	1695
P89,1	1696	1697
P189,1	1698	1699
P90,1	1700	1701
P69,1	1702	1703
P63,1	1704	1705
P30,1	1706	1707
P18,1	1708	1709
P25,1	1710	1711
P122,1	1712	1713
P141,1	1714	1715
P143,1	1716	1717
P163,1	1718	1719
P192,1	1720	1721
P165,1	1722	1723
P105,1	1724	1725
P21,1	1726	1727
P23,1	1728	1729
P79,1	1730	1731
P24,1	1732	1733
P91,1	1734	1735
P93,1	1736	1737
P4,1	1738	1739
P39,1	1740	1741
P194,1	1742	1743
P40,1	1744	1745
P166,1	1746	1747
P144,1	1748	1749
P146,1	1750	1751
P125,1	1752	1753
P127,1	1754	1755
P72,1	1756	1757
P107,1	1758	1759
P109,1	1760	1761
P111,1	1762	1763
P196,1	1764	1765
P198,1	1766	1767
P8,1	1768	1769
P9,1	1770	1771
P169,1	1772	1773
P171,1	1774	1775
P10,2	1776	1777
P148,1	1778	1779
P12,2	1780	1781
P94,1	1782	1783
P128,1	1784	1785
P130,1	1786	1787
P200,1	1788	1789
P96,1	1790	1791
P84,1	1792	1793
P14,1	1794	1795
P31,1	1796	1797
P173,1	1798	1799
P112,1	1800	1801
P114,1	1802	1803
P149,1	1804	1805
P33,1	1806	1807
P57,1	1808	1809
P59,1	1810	1811
P73,1	1812	1813
P132,1	1814	1815
P75,1	1816	1817
P36,1	1818	1819
P175,1	1820	1821
P177,1	1822	1823
P179,1	1824	1825
P66,1	1826	1827
P98,1	1828	1829
P37,1	1830	1831
P151,1	1832	1833
P153,1	1834	1835
P86,1	1836	1837
P116,1	1838	1839
P88,1	1840	1841
P2,1	1842	1843
P50,1	1844	1845
P181,1	1846	1847
P183,1	1848	1849
P51,1	1850	1851
P135,1	1852	1853
P137,1	1854	1855
P53,1	1856	1857
P43,1	1858	1859
P45,1	1860	1861
P156,1	1862	1863
P47,1	1864	1865
P99,1	1866	1867
P101,1	1868	1869
P185,1	1870	1871
P187,1	1872	1873
P118,1	1874	1875
P120,1	1876	1877
P77,1	1878	1879
P138,1	1880	1881
P140,1	1882	1883
P28,1	1884	1885
P157,1	1886	1887
P159,1	1888	1889
P161,1	1890	1891
P89,1	1892	1893
P189,1	1894	1895
P90,1	1896	1897
P69,1	1898	1899
P63,1	1900	1901
P30,1	1902	1903
P18,1	1904	1905
P25,1	1906	1907
P122,1	1908	1909
P141,1	1910	1911
P143,1	1912	1913
P163,1	1914	1915
P192,1	1916	1917
P165,1	1918	1919
P105,1	1920	1921
P21,1	1922	1923
P23,1	1924	1925
P79,1	1926	1927
P24,1	1928	1929
P91,1	1930	1931
P93,1	1932	1933
P4,1	1934	1935
P39,1	1936	1937
P194,1	1938	1939
P40,1	1940	1941
P166,1	1942	1943
P144,1	1944	1945
P146,1	1946	1947
P125,1	1948	1949
P127,1	1950	1951
P72,1	1952	1953
P107,1	1954	1955
P109,1	1956	1957
P111,1	1958	1959
P196,1	1960	1961
P198,1	1962	1963
P8,1	1964	1965
P9,1	1966	1967
P169,1	1968	1969
P171,1	1970	1971
P10,2	1972	1973
P148,1	1974	1975
P12,2	1976	1977
P94,1	1978	1979
P128,1	1980	1981
P130,1	1982	1983
P200,1	1984	1985
P96,1	1986	1987
P84,1	1988	1989
P14,1	1990	1991
P31,1	1992	1993
P173,1	1994	1995
P112,1	1996	1997
P114,1	1998	1999
P149,1	2000	2001
P33,1	2002	2003
P57,1	2004	2005
P59,1	2006	2007
P73,1	2008	2009
P132,1	2010	2011
P75,1	2012	2013
P36,1	2014	2015
P175,1	2016	2017
P177,1	2018	2019
P179,1	2020	2021
P66,1	2022	2023
P98,1	2024	2025
P37,1	2026	2027
P151,1	2028	2029
P153,1	2030	2031
P86,1	2032	2033
P116,1	2034	2035
P88,1	2036	2037
P2,1	2038	2039
P50,1	2040	2041
P181,1	2042	2043
P183,1	2044	2045
P51,1	2046	2047
P135,1	2048	2049
P137,1	2050	2051
P53,1	2052	2053
P43,1	2054	2055
P45,1	2056	2057
P156,1	2058	2059
P47,1	2060	2061
P99,1	2062	2063
P101,1	2064	2065
P185,1	2066	2067
P187,1	2068	2069
P118,1	2070	2071
P120,1	2072	2073
P77,1	2074	2075
P138,1	2076	2077
P140,1	2078	2079
P28,1	2080	2081
P157,1	2082	2083
P159,1	2084	2085
P161,1	2086	2087
P89,1	2088	2089
P189,1	2090	2091
P90,1	2092	2093
P69,1	2094	2095
P63,1	2096	2097
P30,1	2098	2099
P18,1	2100	2101
P25,1	2102	2103
P122,1	2104	2105
P141,1	2106	2107
P143,1	2108	2109
P163,1	2110	2111
P192,1	2112	2113
P165,1	2114	2115
P105,1	2116	2117
P21,1	2118	2119
P23,1	2120	2121
P79,1	2122	2123
P24,1	2124	2125
P91,1	2126	2127
P93,1	2128	2129
P4,1	2130	2131
P39,1	2132	2133
P194,1	2134	2135
P40,1	2136	2137
P166,1	2138	2139
P144,1	2140	2141
P146,1	2142	2143
P125,1	2144	2145
P127,1	2146	2147
P72,1	2148	2149
P107,1	2150	2151
P109,1	2152	2153
P111,1	2154	2155
P196,1	2156	2157
P198,1	2158	2159
P8,1	2160	2161
P9,1	2162	2163
P169,1	2164	2165
P171,1	2166	2167
P10,2	2168	2169
P148,1	2170	2171
P12,2	2172	2173
P94,1	2174	2175
P128,1	2176	2177
P130,1	2178	2179
P200,1	2180	2181
P96,1	2182	2183
P84,1	2184	2185
P14,1	2186	2187
P31,1	2188	2189
P173,1	2190	2191
P112,1	2192	2193
P114,1	2194	2195
P149,1	2196	2197
P33,1	2198	2199
P57,1	2200	2201
P59,1	2202	2203
P73,1	2204	2205
P132,1	2206	2207
P75,1	2208	2209
P36,1	2210	2211
P175,1	2212	2213
P177,1	2214	2215
P179,1	2216	2217
P66,1	2218	2219
P98,1	2220	2221
P37,1	2222	2223
P151,1	2224	2225
P153,1	2226	2227
P86,1	2228	2229
P116,1	2230	2231
P88,1	2232	2233
P2,1	2234	2235
P50,1	2236	2237
P181,1	2238	2239
P183,1	2240	2241
P51,1	2242	2243
P135,1	2244	2245
P137,1	2246	2247
P53,1	2248	2249
P43,1	2250	2251
P45,1	2252	2253
P156,1	2254	2255
P47,1	2256	2257
P99,1	2258	2259
P101,1	2260	2261
P185,1	2262	2263
P187,1	2264	2265
P118,1	2266	2267
P120,1	2268	2269
P77,1	2270	2271
P138,1	2272	2273
P140,1	2274	2275
P28,1	2276	2277
P157,1	2278	2279
P159,1	2280	2281
P161,1	2282	2283
P89,1	2284	2285
P189,1	2286	2287
P90,1	2288	2289
P69,1	2290	2291
P63,1	2292	2293
P30,1	2294	2295
P18,1	2296	2297
P25,1	2298	2299
P122,1	2300	2301
P141,1	2302	2303
P143,1	2304	2305
P163,1	2306	2307
P192,1	2308	2309
P165,1	2310	2311
P105,1	2312	2313
P21,1	2314	2315
P23,1	2316	2317
P79,1	2318	2319
P24,1	2320	2321
P91,1	2322	2323
P93,1	2324	2325
P4,1	2326	2327
P39,1	2328	2329
P194,1	2330	2331
P40,1	2332	2333
P166,1	2334	2335
P144,1	2336	2337
P146,1	2338	2339
P125,1	2340	2341
P127,1	2342	2343
P72,1	2344	2345
P107,1	2346	2347
P109,1	2348	2349
P111,1	2350	2351
P196,1	2352	2353
P198,1	2354	2355
P8,1	2356	2357
P9,1	2358	2359
P169,1	2360	2361
P171,1	2362	2363
P10,2	2364	2365
P148,1	2366	2367
P12,2	2368	2369
P94,1	2370	2371
P128,1	2372	2373
P130,1	2374	2375
P200,1	2376	2377
P96,1	2378	2379
P84,1	2380	2381
P14,1	2382	2383
P31,1	2384	2385
P173,1	2386	2387
P112,1	2388	2389
P114,1	2390	2391
P149,1	2392	2393
P33,1	2394	2395
P57,1	2396	2397
P59,1	2398	2399
P73,1	2400	2401
P132,1	2402	2403
P75,1	2404	2405
P36,1	2406	2407
P175,1	2408	2409
P177,1	2410	2411
P179,1	2412	2413
P66,1	2414	2415
P98,1	2416	2417
P37,1	2418	2419
P151,1	2420	2421
P153,1	2422	2423
P86,1	2424	2425
P116,1	2426	2427
P88,1	2428	2429
P2,1	2430	2431
P50,1	2432	2433
P181,1	2434	2435
P183,1	2436	2437
P51,1	2438	2439
P135,1	2440	2441
P137,1	2442	2443
P53,1	2444	2445
P43,1	2446	2447
P45,1	2448	2449
P156,1	2450	2451
P76,1	2452	2453
P46,2	2454	2455
P101,1	2456	2457
P185,1	2458	2459
P187,1	2460	2461
P118,1	2462	2463
P120,1	2464	2465
P77,1	2466	2467
P138,1	2468	2469
P140,1	2470	2471
P28,1	2472	2473
P157,1	2474	2475
P159,1	2476	2477
P161,1	2478	2479
P89,1	2480	2481
P189,1	2482	2483
P90,1	2484	2485
P69,1	2486	2487
P63,1	2488	2489
P30,1	2490	2491
P18,1	2492	2493
P25,1	2494	2495
P122,1	2496	2497
P141,1	2498	2499
P143,1	2500	2501
P163,1	2502	2503
P192,1	2504	2505
P165,1	2506	2507
P105,1	2508	2509
P21,1	2510	2511
P23,1	2512	2513
P79,1	2514	2515
P24,1	2516	2517
P91,1	2518	2519
P93,1	2520	2521
P4,1	2522	2523
P39,1	2524	2525
P194,1	2526	2527
P40,1	2528	2529
P166,1	2530	2531
P144,1	2532	2533
P146,1	2534	2535
P125,1	2536	2537
P127,1	2538	2539
P72,1	2540	2541
P107,1	2542	2543
P109,1	2544	2545
P111,1	2546	2547
P196,1	2548	2549
P198,1	2550	2551
P8,1	2552	2553
P9,1	2554	2555
P169,1	2556	2557
P171,1	2558	2559
P10,2	2560	2561
P148,1	2562	2563
P12,2	2564	2565
P94,1	2566	2567
P128,1	2568	2569
P130,1	2570	2571
P200,1	2572	2573
P96,1	2574	2575
P84,1	2576	2577
P14,1	2578	2579
P31,1	2580	2581
P173,1	2582	2583
P112,1	2584	2585
P114,1	2586	2587
P149,1	2588	2589
P33,1	2590	2591
P57,1	2592	2593
P59,1	2594	2595
P73,1	2596	2597
P132,1	2598	2599
P75,1	2600	2601
P36,1	2602	2603
P175,1	2604	2605
P177,1	2606	2607
P179,1	2608	2609
P66,1	2610	2611
P98,1	2612	2613
P37,1	2614	2615
P151,1	2616	2617
P153,1	2618	2619
P86,1	2620	2621
P116,1	2622	2623
P88,1	2624	2625
P2,1	2626	2627
P50,1	2628	2629
P181,1	2630	2631
P183,1	2632	2633
P51,1	2634	2635
P135,1	2636	2637
P137,1	2638	2639
P54,1	2640	2641
P44,1	2642	2643
P155,1	2644	2645
P47,1	2646	2647
P99,1	2648	2649
P100,1	2650	2651
P102,1	2652	2653
P186,1	2654	2655
P103,1	2656	2657
P119,1	2658	2659
P104,1	2660	2661
P16,1	2662	2663
P139,1	2664	2665
P27,1	2666	2667
P61,1	2668	2669
P158,1	2670	2671
P160,1	2672	2673
P62,1	2674	2675
P188,1	2676	2677
P190,1	2678	2679
P68,1	2680	2681
P70,1	2682	2683
P30,1	2684	2685
P63,2	2686	2687
P19,1	2688	2689
P121,1	2690	2691
P123,1	2692	2693
P142,1	2694	2695
P162,1	2696	2697
P191,1	2698	2699
P164,1	2700	2701
P26,1	2702	2703
P106,1	2704	2705
P22,1	2706	2707
P79,1	2708	2709
P24,1	2710	2711
P91,1	2712	2713
P93,1	2714	2715
P4,1	2716	2717
P39,1	2718	2719
P194,1	2720	2721
P40,1	2722	2723
P166,1	2724	2725
P144,1	2726	2727
P146,1	2728	2729
P125,1	2730	2731
P127,1	2732	2733
P72,1	2734	2735
P107,1	2736	2737
P109,1	2738	2739
P111,1	2740	2741
P196,1	2742	2743
P198,1	2744	2745
P8,1	2746	2747
P9,1	2748	2749
P169,1	2750	2751
P171,1	2752	2753
P10,2	2754	2755
P148,1	2756	2757
P12,2	2758	2759
P94,1	2760	2761
P128,1	2762	2763
P130,1	2764	2765
P200,1	2766	2767
P96,1	2768	2769
P84,1	2770	2771
P14,1	2772	2773
P31,1	2774	2775
P173,1	2776	2777
P112,1	2778	2779
P114,1	2780	2781
P149,1	2782	2783
P33,1	2784	2785
P57,1	2786	2787
P59,1	2788	2789
P73,1	2790	2791
P132,1	2792	2793
P75,1	2794	2795
P36,1	2796	2797
P175,1	2798	2799
P177,1	2800	2801
P179,1	2802	2803
P66,1	2804	2805
P98,1	2806	2807
P37,1	2808	2809
P151,1	2810	2811
P153,1	2812	2813
P86,1	2814	2815
P116,1	2816	2817
P88,1	2818	2819
P2,1	2820	2821
P50,1	2822	2823
P181,1	2824	2825
P183,1	2826	2827
P51,1	2828	2829
P135,1	2830	2831
P137,1	2832	2833
P54,1	2834	2835
P44,1	2836	2837
P155,1	2838	2839
P47,1	2840	2841
P99,1	2842	2843
P100,1	2844	2845
P102,1	2846	2847
P186,1	2848	2849
P103,1	2850	2851
P119,1	2852	2853
P104,1	2854	2855
P16,1	2856	2857
P139,1	2858	2859
P27,1	2860	2861
P61,1	2862	2863
P158,1	2864	2865
P160,1	2866	2867
P62,1	2868	2869
P188,1	2870	2871
P190,1	2872	2873
P68,1	2874	2875
P70,1	2876	2877
P30,1	2878	2879
P63,2	2880	2881
P19,1	2882	2883
P121,1	2884	2885
P123,1	2886	2887
P142,1	2888	2889
P162,1	2890	2891
P191,1	2892	2893
P23,2	2894	2895
P165,1	2896	2897
P105,1	2898	2899
P21,1	2900	2901
P78,1	2902	2903
P80,1	2904	2905
P55,1	2906	2907
P92,1	2908	2909
P56,1	2910	2911
P38,1	2912	2913
P193,1	2914	2915
P195,1	2916	2917
P41,1	2918	2919
P167,1	2920	2921
P145,1	2922	2923
P124,1	2924	2925
P126,1	2926	2927
P71,1	2928	2929
P48,1	2930	2931
P108,1	2932	2933
P110,1	2934	2935
P64,1	2936	2937
P197,1	2938	2939
P8,1	2940	2941
P168,1	2942	2943
P170,1	2944	2945
P49,2	2946	2947
P10,2	2948	2949
P148,1	2950	2951
P12,2	2952	2953
P94,1	2954	2955
P128,1	2956	2957
P130,1	2958	2959
P200,1	2960	2961
P96,1	2962	2963
P84,1	2964	2965
P14,1	2966	2967
P31,1	2968	2969
P173,1	2970	2971
P112,1	2972	2973
P114,1	2974	2975
P149,1	2976	2977
P33,1	2978	2979
P57,1	2980	2981
P59,1	2982	2983
P73,1	2984	2985
P132,1	2986	2987
P75,1	2988	2989
P36,1	2990	2991
P175,1	2992	2993
P177,1	2994	2995
P179,1	2996	2997
P66,1	2998	2999
P98,1	3000	3001
P37,1	3002	3003
P151,1	3004	3005
P153,1	3006	3007
P86,1	3008	3009
P116,1	3010	3011
P88,1	3012	3013
P2,1	3014	3015
P50,1	3016	3017
P181,1	3018	3019
P183,1	3020	3021
P51,1	3022	3023
P135,1	3024	3025
P137,1	3026	3027
P54,1	3028	3029
P44,1	3030	3031
P155,1	3032	3033
P47,1	3034	3035
P99,1	3036	3037
P100,1	3038	3039
P102,1	3040	3041
P186,1	3042	3043
P103,1	3044	3045
P119,1	3046	3047
P104,1	3048	3049
P16,1	3050	3051
P139,1	3052	3053
P28,1	3054	3054
P157,1	3055	3056
P159,1	3057	3058
P161,1	3059	3060
P89,1	3061	3062
P189,1	3063	3064
P90,1	3065	3066
P69,1	3067	3068
P29,1	3069	3070
P17,1	3071	3072
P18,1	3073	3074
P25,1	3075	3076
P122,1	3077	3078
P141,1	3079	3080
P143,1	3081	3082
P163,1	3083	3084
P192,1	3085	3086
P164,1	3087	3088
P26,1	3089	3090
P106,1	3091	3092
P22,1	3093	3094
P79,1	3095	3096
P24,1	3097	3098
P91,1	3099	3100
P93,1	3101	3102
P4,1	3103	3104
P39,1	3105	3106
P194,1	3107	3108
P41,1	3109	3110
P166,1	3111	3112
P144,1	3113	3114
P146,1	3115	3116
P125,1	3117	3118
P127,1	3119	3120
P72,1	3121	3122
P107,1	3123	3124
P109,1	3125	3126
P111,1	3127	3128
P196,1	3129	3130
P198,1	3131	3132
P9,1	3133	3134
P169,1	3135	3136
P171,1	3137	3138
P13,1	3139	3140
P147,1	3141	3142
P81,1	3143	3144
P82,1	3145	3146
P95,1	3147	3148
P129,1	3149	3150
P199,1	3151	3152
P131,1	3153	3154
P83,1	3155	3156
P85,1	3157	3158
P15,1	3159	3160
P172,1	3161	3162
P32,1	3163	3164
P113,1	3165	3166
P115,1	3167	3168
P150,1	3169	3170
P34,1	3171	3172
P58,1	3173	3174
P60,1	3175	3176
P132,1	3177	3178
P75,1	3179	3180
P174,1	3181	3182
P176,1	3183	3184
P178,1	3185	3186
P65,1	3187	3188
P66,1	3189	3190
P98,1	3191	3192
P37,1	3193	3194
P151,1	3195	3196
P153,1	3197	3198
P86,1	3199	3200
P116,1	3201	3202
P88,1	3203	3204
P2,1	3205	3206
P50,1	3207	3208
P181,1	3209	3210
P183,1	3211	3212
P51,1	3213	3214
P135,1	3215	3216
P137,1	3217	3218
P54,1	3219	3220
P44,1	3221	3222
P155,1	3223	3224
P47,1	3225	3226
P99,1	3227	3228
P100,1	3229	3230
P28,2	3231	3232
P185,1	3233	3234
P187,1	3235	3236
P118,1	3237	3238
P120,1	3239	3240
P77,1	3241	3242
P138,1	3243	3244
P140,1	3245	3246
P157,1	3247	3248
P159,1	3249	3250
P161,1	3251	3252
P89,1	3253	3254
P189,1	3255	3256
P90,1	3257	3258
P69,1	3259	3260
P29,1	3261	3262
P17,1	3263	3264
P18,1	3265	3266
P25,1	3267	3268
P122,1	3269	3270
P141,1	3271	3272
P143,1	3273	3274
P163,1	3275	3276
P192,1	3277	3278
P164,1	3279	3280
P26,1	3281	3282
P106,1	3283	3284
P22,1	3285	3286
P79,1	3287	3288
P55,1	3289	3290
P91,1	3291	3292
P93,1	3293	3294
P4,1	3295	3296
P39,1	3297	3298
P194,1	3299	3300
P41,1	3301	3302
P166,1	3303	3304
P144,1	3305	3306
P146,1	3307	3308
P125,1	3309	3310
P127,1	3311	3312
P72,1	3313	3314
P107,1	3315	3316
P109,1	3317	3318
P111,1	3319	3320
P196,1	3321	3322
P198,1	3323	3324
P9,1	3325	3326
P169,1	3327	3328
P171,1	3329	3330
P13,1	3331	3332
P147,1	3333	3334
P81,1	3335	3336
P82,1	3337	3338
P95,1	3339	3340
P129,1	3341	3342
P199,1	3343	3344
P131,1	3345	3346
P83,1	3347	3348
P85,1	3349	3350
P15,1	3351	3352
P172,1	3353	3354
P32,1	3355	3355
P113,1	3356	3357
P115,1	3358	3359
P150,1	3360	3361
P34,1	3362	3363
P58,1	3364	3365
P60,1	3366	3367
P132,1	3368	3369
P75,1	3370	3371
P174,1	3372	3373
P176,1	3374	3375
P178,1	3376	3377
P65,1	3378	3379
P66,1	3380	3381
P98,1	3382	3383
P37,1	3384	3385
P151,1	3386	3387
P153,1	3388	3389
P86,1	3390	3391
P116,1	3392	3393
P88,1	3394	3395
P2,1	3396	3397
P180,1	3398	3399
P182,1	3400	3401
P184,1	3402	3403
P134,1	3404	3405
P136,1	3406	3407
P53,2	3408	3409
P43,1	3410	3411
P45,1	3412	3413
P156,1	3414	3415
P76,1	3416	3417
P46,2	3418	3419
P101,1	3420	3421
P102,1	3422	3423
P186,1	3424	3425
P103,1	3426	3427
P119,1	3428	3429
P104,1	3430	3431
P16,1	3432	3433
P139,1	3434	3435
P61,1	3436	3437
P158,1	3438	3439
P160,1	3440	3441
P62,1	3442	3443
P188,1	3444	3445
P190,1	3446	3447
P68,1	3448	3449
P70,1	3450	3451
P30,1	3452	3453
P63,2	3454	3455
P19,1	3456	3456
P25,1	3457	3458
P122,1	3459	3460
P141,1	3461	3462
P143,1	3463	3464
P163,1	3465	3466
P192,1	3467	3468
P164,1	3469	3470
P26,1	3471	3472
P106,1	3473	3474
P22,1	3475	3476
P79,1	3477	3478
P55,1	3479	3480
P91,1	3481	3482
P93,1	3483	3484
P4,1	3485	3485
P39,1	3486	3487
P194,1	3488	3489
P41,1	3490	3491
P166,1	3492	3493
P144,1	3494	3495
P146,1	3496	3497
P125,1	3498	3499
P127,1	3500	3501
P72,1	3502	3503
P107,1	3504	3505
P109,1	3506	3507
P111,1	3508	3509
P196,1	3510	3511
P198,1	3512	3513
P9,1	3514	3515
P169,1	3516	3517
P171,1	3518	3519
P13,1	3520	3521
P147,1	3522	3523
P81,1	3524	3525
P82,1	3526	3527
P95,1	3528	3529
P129,1	3530	3531
P199,1	3532	3533
P131,1	3534	3535
P83,1	3536	3537
P85,1	3538	3539
P15,1	3540	3541
P172,1	3542	3543
P112,1	3544	3545
P114,1	3546	3547
P32,2	3548	3549
P150,1	3550	3551
P34,1	3552	3553
P58,1	3554	3555
P60,1	3556	3557
P132,1	3558	3559
P75,1	3560	3561
P174,1	3562	3563
P176,1	3564	3565
P178,1	3566	3567
P65,1	3568	3569
P66,1	3570	3571
P98,1	3572	3573
P37,1	3574	3575
P151,1	3576	3577
P153,1	3578	3579
P86,1	3580	3581
P116,1	3582	3583
P88,1	3584	3585
P2,1	3586	3586
P180,1	3587	3588
P182,1	3589	3590
P184,1	3591	3592
P134,1	3593	3594
P136,1	3595	3596
P53,2	3597	3598
P43,1	3599	3600
P45,1	3601	3602
P156,1	3603	3604
P76,1	3605	3606
P46,2	3607	3608
P101,1	3609	3610
P102,1	3611	3612
P186,1	3613	3614
P103,1	3615	3616
P119,1	3617	3618
P104,1	3619	3620
P16,1	3621	3622
P139,1	3623	3624
P61,1	3625	3626
P158,1	3627	3628
P159,1	3629	3630
P161,1	3631	3632
P89,1	3633	3634
P189,1	3635	3636
P90,1	3637	3638
P69,1	3639	3640
P29,1	3641	3642
P17,1	3643	3644
P18,1	3645	3646
P121,1	3647	3648
P123,1	3649	3649
P141,1	3650	3651
P143,1	3652	3653
P163,1	3654	3655
P192,1	3656	3657
P164,1	3658	3659
P26,1	3660	3661
P106,1	3662	3663
P22,1	3664	3665
P79,1	3666	3667
P4,2	3668	3669
P24,2	3670	3671
P92,1	3672	3673
P56,1	3674	3675
P39,1	3676	3677
P194,1	3678	3679
P41,1	3680	3681
P166,1	3682	3683
P144,1	3684	3685
P146,1	3686	3687
P125,1	3688	3689
P127,1	3690	3691
P48,1	3692	3693
P108,1	3694	3695
P110,1	3696	3697
P64,1	3698	3699
P197,1	3700	3701
P8,1	3702	3703
P168,1	3704	3705
P170,1	3706	3707
P49,2	3708	3709
P10,2	3710	3711
P148,1	3712	3713
P12,2	3714	3715
P94,1	3716	3717
P128,1	3718	3719
P130,1	3720	3721
P200,1	3722	3723
P96,1	3724	3725
P84,1	3726	3727
P14,1	3728	3729
P31,1	3730	3731
P173,1	3732	3733
P113,1	3734	3735
P115,1	3736	3737
P149,1	3738	3739
P33,1	3740	3741
P57,1	3742	3743
P59,1	3744	3745
P73,1	3746	3747
P133,1	3748	3749
P35,1	3750	3751
P175,1	3752	3753
P177,1	3754	3755
P179,1	3756	3757
P36,2	3758	3759
P97,1	3760	3761
P67,1	3762	3763
P11,1	3764	3765
P152,1	3766	3767
P154,1	3768	3769
P86,1	3770	3771
P116,1	3772	3773
P88,1	3774	3775
P50,1	3776	3777
P181,1	3778	3779
P183,1	3780	3781
P51,1	3782	3783
P135,1	3784	3785
P137,1	3786	3787
P54,1	3788	3789
P44,1	3790	3791
P155,1	3792	3793
P47,1	3794	3795
P99,1	3796	3797
P100,1	3798	3799
P28,2	3800	3801
P185,1	3802	3803
P187,1	3804	3805
P118,1	3806	3807
P120,1	3808	3809
P77,1	3810	3811
P138,1	3812	3813
P140,1	3814	3815
P157,1	3816	3817
P19,2	3818	3819
P160,1	3820	3821
P62,1	3822	3823
P188,1	3824	3825
P190,1	3826	3827
P68,1	3828	3829
P69,1	3830	3831
P29,1	3832	3833
P17,1	3834	3835
P18,1	3836	3837
P121,1	3838	3839
P141,1	3840	3841
P143,1	3842	3843
P163,1	3844	3845
P192,1	3846	3847
P164,1	3848	3849
P26,1	3850	3851
P106,1	3852	3853
P22,1	3854	3855
P79,1	3856	3857
P4,2	3858	3859
P24,2	3860	3861
P92,1	3862	3863
P56,1	3864	3865
P39,1	3866	3867
P194,1	3868	3869
P41,1	3870	3871
P166,1	3872	3873
P144,1	3874	3875
P124,1	3876	3877
P126,1	3878	3879
P127,1	3880	3881
P48,1	3882	3883
P108,1	3884	3885
P110,1	3886	3887
P64,1	3888	3889
P197,1	3890	3891
P8,1	3892	3893
P168,1	3894	3895
P170,1	3896	3897
P49,2	3898	3899
P10,2	3900	3901
P148,1	3902	3903
P12,2	3904	3905
P94,1	3906	3907
P128,1	3908	3909
P130,1	3910	3911
P200,1	3912	3913
P96,1	3914	3915
P84,1	3916	3917
P14,1	3918	3919
P31,1	3920	3921
P173,1	3922	3923
P113,1	3924	3925
P115,1	3926	3927
P149,1	3928	3929
P33,1	3930	3931
P57,1	3932	3933
P59,1	3934	3935
P132,1	3936	3937
P75,1	3938	3939
P174,1	3940	3941
P176,1	3942	3943
P178,1	3944	3945
P65,1	3946	3947
P66,1	3948	3949
P98,1	3950	3951
P37,1	3952	3953
P151,1	3954	3955
P153,1	3956	3957
P2,2	3958	3959
P87,1	3960	3961
P117,1	3962	3963
P7,1	3964	3965
P180,1	3966	3967
P182,1	3968	3969
P184,1	3970	3971
P134,1	3972	3973
P136,1	3974	3975
P53,2	3976	3977
P43,1	3978	3979
P45,1	3980	3981
P156,1	3982	3983
P76,1	3984	3985
P46,2	3986	3987
P101,1	3988	3989
P102,1	3990	3991
P186,1	3992	3993
P103,1	3994	3995
P119,1	3996	3997
P104,1	3998	3999
P16,1	4000	4001
P139,1	4002	4003
P61,1	4004	4005
P158,1	4006	4007
P159,1	4008	4009
P161,1	4010	4011
P89,1	4012	4013
P189,1	4014	4015
P90,1	4016	4017
P69,1	4018	4019
P30,1	4020	4021
P17,1	4022	4023
P18,1	4024	4025
P70,2	4026	4027
P122,1	4028	4029
P142,1	4030	4031
P162,1	4032	4033
P191,1	4034	4035
P23,2	4036	4037
P165,1	4038	4039
P105,1	4040	4041
P21,1	4042	4043
P78,1	4044	4045
P80,1	4046	4047
P55,1	4048	4049
P91,1	4050	4051
P93,1	4052	4053
P38,1	4054	4055
P193,1	4056	4057
P195,1	4058	4059
P40,2	4060	4061
P167,1	4062	4063
P145,1	4064	4065
P125,1	4066	4067
P146,2	4068	4069
P72,1	4070	4071
P107,1	4072	4073
P109,1	4074	4075
P111,1	4076	4077
P196,1	4078	4079
P198,1	4080	4081
P168,1	4082	4083
P170,1	4084	4085
P49,2	4086	4087
P10,2	4088	4089
P148,1	4090	4091
P12,2	4092	4093
P94,1	4094	4095
P128,1	4096	4097
P130,1	4098	4099
P200,1	4100	4101
P96,1	4102	4103
P85,1	4104	4105
P15,1	4106	4107
P31,1	4108	4109
P173,1	4110	4111
P113,1	4112	4113
P115,1	4114	4115
P149,1	4116	4117
P33,1	4118	4119
P57,1	4120	4121
P59,1	4122	4123
P132,1	4124	4125
P60,2	4126	4127
P174,1	4128	4129
P176,1	4130	4131
P178,1	4132	4133
P65,1	4134	4135
P66,1	4136	4137
P98,1	4138	4139
P37,1	4140	4141
P151,1	4142	4143
P153,1	4144	4145
P2,2	4146	4147
P87,1	4148	4149
P117,1	4150	4151
P7,1	4152	4153
P180,1	4154	4155
P182,1	4156	4157
P184,1	4158	4159
P134,1	4160	4161
P136,1	4162	4163
P53,2	4164	4165
P43,1	4166	4167
P45,1	4168	4169
P156,1	4170	4171
P76,1	4172	4173
P46,2	4174	4175
P101,1	4176	4177
P102,1	4178	4179
P186,1	4180	4181
P103,1	4182	4182
P119,1	4183	4184
P104,1	4185	4186
P16,1	4187	4188
P139,1	4189	4190
P61,1	4191	4192
P158,1	4193	4194
P159,1	4195	4196
P161,1	4197	4198
P89,1	4199	4200
P189,1	4201	4202
P90,1	4203	4204
P69,1	4205	4206
P30,1	4207	4208
P17,1	4209	4210
P18,1	4211	4212
P70,2	4213	4214
P122,1	4215	4216
P142,1	4217	4218
P162,1	4219	4220
P191,1	4221	4222
P23,2	4223	4224
P165,1	4225	4226
P105,1	4227	4228
P21,1	4229	4230
P78,1	4231	4232
P80,1	4233	4234
P55,1	4235	4236
P91,1	4237	4238
P93,1	4239	4240
P38,1	4241	4242
P194,1	4243	4244
P41,1	4245	4246
P166,1	4247	4248
P144,1	4249	4250
P125,1	4251	4252
P146,2	4253	4254
P72,1	4255	4256
P107,1	4257	4258
P109,1	4259	4260
P111,1	4261	4262
P196,1	4263	4264
P198,1	4265	4266
P168,1	4267	4268
P170,1	4269	4270
P49,2	4271	4272
P10,2	4273	4274
P81,1	4275	4276
P82,1	4277	4278
P95,1	4279	4280
P129,1	4281	4282
P199,1	4283	4284
P131,1	4285	4286
P84,1	4287	4288
P14,1	4289	4290
P83,2	4291	4292
P172,1	4293	4294
P112,1	4295	4296
P114,1	4297	4298
P32,2	4299	4300
P150,1	4301	4302
P34,1	4303	4304
P133,2	4305	4306
P58,1	4307	4308
P73,1	4309	4310
P60,2	4311	4312
P174,1	4313	4314
P176,1	4315	4316
P178,1	4317	4318
P65,1	4319	4320
P66,1	4321	4322
P98,1	4323	4324
P37,1	4325	4326
P151,1	4327	4328
P153,1	4329	4330
P2,2	4331	4332
P87,1	4333	4334
P117,1	4335	4336
P7,1	4337	4338
P180,1	4339	4340
P182,1	4341	4342
P184,1	4343	4344
P134,1	4345	4346
P136,1	4347	4348
P53,2	4349	4350
P43,1	4351	4352
P45,1	4353	4354
P156,1	4355	4356
P76,1	4357	4358
P46,2	4359	4360
P101,1	4361	4362
P102,1	4363	4364
P103,2	4365	4366
P187,1	4367	4368
P119,1	4369	4370
P104,1	4371	4372
P16,1	4373	4374
P139,1	4375	4376
P61,1	4377	4378
P158,1	4379	4380
P159,1	4381	4382
P161,1	4383	4384
P89,1	4385	4386
P189,1	4387	4388
P90,1	4389	4390
P69,1	4391	4392
P30,1	4393	4394
P17,1	4395	4396
P18,1	4397	4398
P70,2	4399	4400
P122,1	4401	4402
P142,1	4403	4404
P162,1	4405	4406
P191,1	4407	4408
P23,2	4409	4410
P165,1	4411	4412
P105,1	4413	4414
P21,1	4415	4416
P78,1	4417	4418
P80,1	4419	4420
P55,1	4421	4422
P91,1	4423	4424
P93,1	4425	4426
P38,1	4427	4428
P194,1	4429	4430
P41,1	4431	4432
P166,1	4433	4434
P144,1	4435	4436
P125,1	4437	4438
P146,2	4439	4440
P72,1	4441	4442
P107,1	4443	4444
P109,1	4445	4446
P111,1	4447	4448
P196,1	4449	4450
P198,1	4451	4452
P169,1	4453	4454
P171,1	4455	4456
P13,1	4457	4458
P148,1	4459	4460
P12,2	4461	4462
P94,1	4463	4464
P128,1	4465	4466
P130,1	4467	4468
P200,1	4469	4470
P96,1	4471	4472
P85,1	4473	4474
P15,1	4475	4476
P31,1	4477	4478
P173,1	4479	4480
P113,1	4481	4482
P115,1	4483	4484
P149,1	4485	4486
P33,1	4487	4488
P75,2	4489	4490
P57,1	4491	4492
P59,1	4493	4494
P132,1	4495	4496
P35,1	4497	4498
P175,1	4499	4500
P177,1	4501	4502
P179,1	4503	4504
P36,2	4505	4506
P97,1	4507	4508
P67,1	4509	4510
P11,1	4511	4512
P152,1	4513	4514
P154,1	4515	4516
P86,1	4517	4518
P116,1	4519	4520
P88,1	4521	4522
P50,1	4523	4524
P181,1	4525	4526
P183,1	4527	4528
P51,1	4529	4530
P135,1	4531	4532
P137,1	4533	4534
P54,1	4535	4536
P45,1	4537	4538
P156,1	4539	4540
P76,1	4541	4542
P43,2	4543	4544
P100,1	4545	4546
P28,2	4547	4548
P185,1	4549	4550
P186,1	4551	4552
P118,1	4553	4554
P120,1	4555	4556
P77,1	4557	4558
P138,1	4559	4560
P140,1	4561	4562
P157,1	4563	4564
P158,1	4565	4566
P159,1	4567	4568
P161,1	4569	4570
P89,1	4571	4572
P189,1	4573	4574
P123,2	4575	4576
P29,1	4577	4578
P68,2	4579	4580
P63,2	4581	4582
P25,1	4583	4584
P121,1	4585	4586
P141,1	4587	4588
P143,1	4589	4590
P163,1	4591	4591
P192,1	4592	4593
P164,1	4594	4595
P26,1	4596	4597
P106,1	4598	4599
P22,1	4600	4601
P79,1	4602	4603
P55,1	4604	4605
P91,1	4606	4607
P80,2	4608	4609
P56,1	4610	4611
P193,1	4612	4613
P195,1	4614	4615
P40,2	4616	4617
P167,1	4618	4619
P124,1	4620	4621
P126,1	4622	4623
P127,1	4624	4625
P48,1	4626	4627
P108,1	4628	4629
P110,1	4630	4631
P64,1	4632	4633
P197,1	4634	4635
P168,1	4636	4637
P170,1	4638	4639
P49,2	4640	4641
P10,2	4642	4643
P81,1	4644	4645
P82,1	4646	4647
P95,1	4648	4649
P129,1	4650	4651
P199,1	4652	4653
P131,1	4654	4655
P84,1	4656	4657
P14,1	4658	4659
P83,2	4660	4661
P172,1	4662	4663
P112,1	4664	4665
P114,1	4666	4667
P32,2	4668	4669
P150,1	4670	4671
P34,1	4672	4673
P133,2	4674	4675
P58,1	4676	4677
P73,1	4678	4679
P60,2	4680	4681
P174,1	4682	4683
P176,1	4684	4685
P178,1	4686	4687
P65,1	4688	4689
P66,1	4690	4691
P98,1	4692	4693
P37,1	4694	4695
P151,1	4696	4697
P153,1	4698	4699
P2,2	4700	4701
P87,1	4702	4703
P117,1	4704	4705
P7,1	4706	4707
P180,1	4708	4709
P182,1	4710	4711
P184,1	4712	4713
P134,1	4714	4715
P136,1	4716	4717
P53,2	4718	4719
P44,2	4720	4721
P155,1	4722	4723
P47,1	4724	4725
P99,1	4726	4727
P46,2	4728	4729
P101,1	4730	4731
P102,1	4732	4733
P103,2	4734	4735
P187,1	4736	4737
P119,1	4738	4739
P104,1	4740	4741
P16,1	4742	4743
P139,1	4744	4745
P61,1	4746	4747
P190,2	4748	4749
P159,1	4750	4751
P161,1	4752	4753
P89,1	4754	4755
P189,1	4756	4757
P123,2	4758	4759
P29,1	4760	4761
P68,2	4762	4763
P63,2	4764	4765
P25,1	4766	4767
P121,1	4768	4769
P141,1	4770	4770
P142,1	4771	4772
P162,1	4773	4774
P192,1	4775	4776
P164,1	4777	4778
P26,1	4779	4780
P106,1	4781	4782
P22,1	4783	4784
P79,1	4785	4786
P55,1	4787	4788
P91,1	4789	4790
P80,2	4791	4792
P38,1	4793	4794
P194,1	4795	4796
P41,1	4797	4798
P166,1	4799	4800
P144,1	4801	4802
P125,1	4803	4804
P146,2	4805	4806
P72,1	4807	4808
P107,1	4809	4810
P109,1	4811	4812
P111,1	4813	4814
P196,1	4815	4816
P198,1	4817	4818
P169,1	4819	4820
P171,1	4821	4822
P13,1	4823	4824
P148,1	4825	4826
P12,2	4827	4828
P94,1	4829	4830
P128,1	4831	4832
P130,1	4833	4834
P200,1	4835	4836
P96,1	4837	4838
P85,1	4839	4840
P15,1	4841	4842
P31,1	4843	4844
P173,1	4845	4846
P113,1	4847	4848
P115,1	4849	4850
P149,1	4851	4852
P33,1	4853	4854
P75,2	4855	4856
P57,1	4857	4858
P59,1	4859	4860
P132,1	4861	4862
P35,1	4863	4864
P175,1	4865	4866
P177,1	4867	4868
P179,1	4869	4870
P36,2	4871	4872
P97,1	4873	4874
P67,1	4875	4876
P11,1	4877	4878
P152,1	4879	4880
P50,2	4881	4882
P2,2	4883	4884
P87,1	4885	4886
P117,1	4887	4888
P180,1	4889	4890
P182,1	4891	4892
P7,2	4893	4894
P51,1	4895	4896
P135,1	4897	4898
P137,1	4899	4900
P54,1	4901	4902
P45,1	4903	4904
P156,1	4905	4906
P76,1	4907	4908
P43,2	4909	4910
P100,1	4911	4912
P28,2	4913	4914
P185,1	4915	4916
P186,1	4917	4918
P118,1	4919	4920
P120,1	4921	4922
P104,1	4923	4924
P138,1	4925	4926
P140,1	4927	4928
P61,1	4929	4930
P190,2	4931	4932
P159,1	4933	4934
P161,1	4935	4936
P89,1	4937	4938
P189,1	4939	4940
P141,2	4941	4942
P29,1	4943	4944
P68,2	4945	4946
P63,2	4947	4948
P25,1	4949	4950
P121,1	4951	4952
P142,1	4953	4954
P162,1	4955	4956
P192,1	4957	4958
P164,1	4959	4960
P26,1	4961	4962
P106,1	4963	4964
P22,1	4965	4966
P79,1	4967	4968
P55,1	4969	4970
P91,1	4971	4972
P80,2	4973	4974
P38,1	4975	4976
P194,1	4977	4978
P41,1	4979	4979
P166,1	4980	4981
P144,1	4982	4983
P126,1	4984	4985
P127,1	4986	4987
P72,1	4988	4989
P107,1	4990	4991
P109,1	4992	4993
P111,1	4994	4995
P196,1	4996	4997
P198,1	4998	4999
P169,1	5000	5001
P171,1	5002	5003
P13,1	5004	5005
P148,1	5006	5007
P12,2	5008	5009
P94,1	5010	5011
P128,1	5012	5013
P130,1	5014	5015
P200,1	5016	5017
P96,1	5018	5019
P85,1	5020	5021
P15,1	5022	5023
P31,1	5024	5025
P173,1	5026	5027
P113,1	5028	5029
P115,1	5030	5031
P149,1	5032	5033
P33,1	5034	5035
P75,2	5036	5037
P57,1	5038	5039
P59,1	5040	5041
P132,1	5042	5043
P35,1	5044	5045
P175,1	5046	5047
P177,1	5048	5049
P179,1	5050	5051
P36,2	5052	5053
P97,1	5054	5055
P67,1	5056	5057
P11,1	5058	5059
P152,1	5060	5061
P50,2	5062	5063
P2,2	5064	5065
P87,1	5066	5067
P117,1	5068	5069
P181,1	5070	5071
P183,1	5072	5073
P184,1	5074	5075
P134,1	5076	5077
P135,2	5078	5079
P53,2	5080	5081
P44,2	5082	5083
P155,1	5084	5085
P47,1	5086	5087
P99,1	5088	5089
P46,2	5090	5091
P101,1	5092	5093
P102,1	5094	5095
P103,2	5096	5097
P187,1	5098	5099
P119,1	5100	5101
P158,2	5102	5103
P16,1	5104	5105
P139,1	5106	5107
P77,2	5108	5109
P157,1	5110	5111
P19,2	5112	5113
P160,1	5114	5115
P62,1	5116	5117
P188,1	5118	5119
P18,2	5120	5121
P123,2	5122	5123
P69,1	5124	5125
P30,1	5126	5127
P63,2	5128	5129
P25,1	5130	5131
P121,1	5132	5133
P142,1	5134	5135
P162,1	5136	5137
P192,1	5138	5139
P164,1	5140	5141
P26,1	5142	5143
P106,1	5144	5145
P22,1	5146	5147
P79,1	5148	5149
P55,1	5150	5151
P91,1	5152	5153
P80,2	5154	5155
P38,1	5156	5157
P194,1	5158	5159
P41,2	5160	5161
P166,1	5162	5163
P144,1	5164	5165
P126,1	5166	5167
P127,1	5168	5169
P72,1	5170	5171
P107,1	5172	5173
P109,1	5174	5175
P111,1	5176	5177
P196,1	5178	5179
P198,1	5180	5181
P169,1	5182	5183
P171,1	5184	5185
P13,1	5186	5187
P148,1	5188	5189
P12,2	5190	5191
P94,1	5192	5193
P128,1	5194	5195
P130,1	5196	5197
P200,1	5198	5199
P96,1	5200	5201
P85,1	5202	5203
P15,1	5204	5205
P31,1	5206	5207
P173,1	5208	5209
P113,1	5210	5211
P115,1	5212	5213
P149,1	5214	5215
P33,1	5216	5217
P75,2	5218	5219
P57,1	5220	5221
P59,1	5222	5223
P132,1	5224	5225
P35,1	5226	5227
P175,1	5228	5229
P177,1	5230	5231
P179,1	5232	5233
P36,2	5234	5235
P97,1	5236	5237
P67,1	5238	5239
P11,1	5240	5241
P88,2	5242	5243
P152,1	5244	5245
P50,2	5246	5247
P2,2	5248	5249
P87,1	5250	5251
P180,1	5252	5253
P182,1	5254	5255
P7,2	5256	5257
P51,1	5258	5259
P136,1	5260	5261
P137,1	5262	5263
P54,1	5264	5265
P45,1	5266	5267
P156,1	5268	5269
P76,1	5270	5271
P43,2	5272	5273
P100,1	5274	5275
P28,2	5276	5277
P185,1	5278	5279
P186,1	5280	5281
P118,1	5282	5283
P120,1	5284	5285
P104,1	5286	5287
P16,2	5288	5289
P140,1	5290	5291
P61,1	5292	5293
P190,2	5294	5295
P159,1	5296	5297
P161,1	5298	5299
P89,1	5300	5301
P90,2	5302	5303
P189,1	5304	5305
P141,2	5306	5307
P29,1	5308	5308
P68,2	5309	5310
P17,2	5311	5312
P70,2	5313	5314
P122,1	5315	5316
P143,1	5317	5318
P191,1	5319	5320
P23,2	5321	5322
P165,1	5323	5324
P105,1	5325	5326
P21,1	5327	5328
P22,2	5329	5330
P4,2	5331	5332
P24,2	5333	5334
P92,1	5335	5336
P56,1	5337	5338
P193,1	5339	5340
P195,1	5341	5342
P40,2	5343	5344
P167,1	5345	5346
P125,1	5347	5348
P146,2	5349	5350
P124,2	5351	5352
P48,1	5353	5354
P108,1	5355	5356
P110,1	5357	5358
P64,1	5359	5360
P197,1	5361	5362
P168,1	5363	5364
P170,1	5365	5365
P171,1	5366	5367
P13,1	5368	5369
P148,1	5370	5371
P12,2	5372	5373
P94,1	5374	5375
P128,1	5376	5377
P130,1	5378	5379
P200,1	5380	5381
P96,1	5382	5383
P85,1	5384	5385
P15,1	5386	5386
P31,1	5387	5388
P173,1	5389	5390
P113,1	5391	5392
P115,1	5393	5394
P149,1	5395	5396
P34,1	5397	5398
P33,2	5399	5400
P57,1	5401	5402
P59,1	5403	5404
P132,1	5405	5406
P35,1	5407	5408
P175,1	5409	5410
P177,1	5411	5412
P179,1	5413	5414
P36,2	5415	5416
P97,1	5417	5418
P67,1	5419	5420
P116,2	5421	5422
P151,1	5423	5424
P153,1	5425	5426
P154,1	5427	5428
P86,1	5429	5429
P87,1	5430	5431
P180,1	5432	5433
P182,1	5434	5435
P7,2	5436	5437
P51,1	5438	5439
P136,1	5440	5441
P137,1	5442	5443
P54,1	5444	5445
P45,1	5446	5447
P156,1	5448	5449
P76,1	5450	5451
P43,2	5452	5453
P100,1	5454	5455
P28,2	5456	5457
P185,1	5458	5459
P186,1	5460	5461
P118,1	5462	5463
P120,1	5464	5465
P104,1	5466	5467
P16,2	5468	5469
P140,1	5470	5471
P61,1	5472	5473
P190,2	5474	5475
P159,1	5476	5477
P161,1	5478	5479
P29,2	5480	5481
P188,1	5482	5483
P18,2	5484	5485
P123,2	5486	5487
P69,1	5488	5489
P68,2	5490	5491
P17,2	5492	5493
P70,2	5494	5495
P122,1	5496	5497
P143,1	5498	5499
P191,1	5500	5501
P23,2	5502	5503
P165,1	5504	5505
P105,1	5506	5507
P21,1	5508	5509
P22,2	5510	5511
P4,2	5512	5513
P24,2	5514	5515
P80,2	5516	5517
P38,1	5518	5519
P194,1	5520	5521
P41,2	5522	5523
P166,1	5524	5525
P144,1	5526	5527
P126,1	5528	5529
P127,1	5530	5531
P72,1	5532	5533
P107,1	5534	5535
P109,1	5536	5537
P111,1	5538	5539
P196,1	5540	5541
P198,1	5542	5543
P169,1	5544	5545
P49,2	5546	5547
P10,2	5548	5549
P81,1	5550	5551
P82,1	5552	5552
P94,1	5553	5554
P128,1	5555	5556
P130,1	5557	5558
P15,2	5559	5560
P131,1	5561	5562
P84,1	5563	5564
P14,1	5565	5566
P31,1	5567	5568
P173,1	5569	5570
P113,1	5571	5572
P115,1	5573	5574
P149,1	5575	5576
P34,1	5577	5578
P33,2	5579	5580
P57,1	5581	5582
P59,1	5583	5584
P132,1	5585	5586
P35,1	5587	5588
P175,1	5589	5590
P177,1	5591	5592
P179,1	5593	5594
P36,2	5595	5596
P97,1	5597	5598
P86,2	5599	5600
P11,1	5601	5602
P88,2	5603	5604
P152,1	5605	5606
P50,2	5607	5608
P2,2	5609	5610
P180,1	5611	5612
P182,1	5613	5614
P7,2	5615	5616
P51,1	5617	5618
P136,1	5619	5620
P137,1	5621	5622
P54,1	5623	5624
P45,1	5625	5626
P156,1	5627	5628
P76,1	5629	5630
P43,2	5631	5632
P100,1	5633	5634
P28,2	5635	5636
P185,1	5637	5638
P186,1	5639	5640
P118,1	5641	5642
P120,1	5643	5644
P104,1	5645	5646
P139,1	5647	5648
P140,1	5649	5650
P61,1	5651	5652
P190,2	5653	5654
P160,1	5655	5656
P62,1	5657	5658
P29,2	5659	5660
P188,1	5661	5662
P18,2	5663	5664
P123,2	5665	5666
P69,1	5667	5668
P68,2	5669	5670
P17,2	5671	5672
P70,2	5673	5674
P122,1	5675	5676
P143,1	5677	5678
P191,1	5679	5680
P23,2	5681	5682
P165,1	5683	5684
P105,1	5685	5686
P21,1	5687	5688
P22,2	5689	5690
P4,2	5691	5692
P24,2	5693	5694
P80,2	5695	5696
P38,1	5697	5698
P193,1	5699	5700
P195,1	5701	5702
P40,2	5703	5704
P167,1	5705	5706
P125,1	5707	5708
P146,2	5709	5710
P124,2	5711	5712
P48,1	5713	5714
P108,1	5715	5716
P110,1	5717	5718
P64,1	5719	5720
P198,1	5721	5722
P169,1	5723	5724
P49,2	5725	5726
P10,2	5727	5728
P81,1	5729	5730
P94,1	5731	5732
P128,1	5733	5734
P130,1	5735	5736
P15,2	5737	5738
P131,1	5739	5740
P84,1	5741	5742
P14,1	5743	5744
P31,1	5745	5746
P173,1	5747	5748
P113,1	5749	5750
P115,1	5751	5752
P149,1	5753	5754
P34,1	5755	5756
P33,2	5757	5758
P57,1	5759	5760
P59,1	5761	5762
P132,1	5763	5764
P35,1	5765	5766
P175,1	5767	5768
P177,1	5769	5770
P179,1	5771	5772
P36,2	5773	5774
P97,1	5775	5776
P86,2	5777	5778
P11,1	5779	5780
P88,2	5781	5782
P152,1	5783	5784
P50,2	5785	5786
P2,2	5787	5788
P180,1	5789	5790
P182,1	5791	5792
P184,1	5793	5794
P134,1	5795	5796
P136,1	5797	5798
P137,1	5799	5800
P54,1	5801	5802
P45,1	5803	5804
P156,1	5805	5806
P76,1	5807	5808
P43,2	5809	5810
P100,1	5811	5812
P28,2	5813	5814
P185,1	5815	5816
P186,1	5817	5818
P118,1	5819	5820
P120,1	5821	5822
P104,1	5823	5824
P139,1	5825	5826
P140,1	5827	5828
P61,1	5829	5830
P190,2	5831	5832
P160,1	5833	5834
P62,1	5835	5836
P29,2	5837	5838
P188,1	5839	5840
P18,2	5841	5842
P123,2	5843	5844
P69,1	5845	5846
P68,2	5847	5848
P17,2	5849	5850
P70,2	5851	5852
P122,1	5853	5854
P143,1	5855	5856
P191,1	5857	5858
P23,2	5859	5860
P165,1	5861	5862
P105,1	5863	5864
P21,1	5865	5866
P22,2	5867	5868
P4,2	5869	5870
P24,2	5871	5872
P80,2	5873	5874
P38,1	5875	5876
P193,1	5877	5878
P195,1	5879	5880
P40,2	5881	5882
P167,1	5883	5884
P125,1	5885	5886
P146,2	5887	5888
P124,2	5889	5890
P48,1	5891	5892
P108,1	5893	5894
P110,1	5895	5896
P64,1	5897	5898
P198,1	5899	5900
P169,1	5901	5902
P49,2	5903	5904
P10,2	5905	5906
P81,1	5907	5908
P94,1	5909	5910
P128,1	5911	5912
P130,1	5913	5914
P15,2	5915	5916
P131,1	5917	5918
P84,1	5919	5920
P14,1	5921	5922
P31,1	5923	5924
P173,1	5925	5926
P113,1	5927	5928
P115,1	5929	5930
P149,1	5931	5932
P34,1	5933	5934
P33,2	5935	5936
P57,1	5937	5938
P59,1	5939	5940
P132,1	5941	5942
P35,1	5943	5944
P175,1	5945	5946
P177,1	5947	5948
P179,1	5949	5950
P36,2	5951	5952
P97,1	5953	5954
P86,2	5955	5956
P151,2	5957	5958
P116,2	5959	5960
P152,1	5961	5962
P50,2	5963	5964
P2,2	5965	5966
P180,1	5967	5968
P182,1	5969	5970
P184,1	5971	5972
P134,1	5973	5974
P136,1	5975	5976
P137,1	5977	5978
P54,1	5979	5979
P45,1	5980	5981
P156,1	5982	5983
P76,1	5984	5985
P43,2	5986	5987
P100,1	5988	5989
P28,2	5990	5991
P185,1	5992	5993
P186,1	5994	5995
P118,1	5996	5997
P120,1	5998	5999
P104,1	6000	6001
P139,1	6002	6003
P140,1	6004	6005
P61,1	6006	6007
P190,2	6008	6009
P160,1	6010	6011
P62,1	6012	6013
P29,2	6014	6015
P188,1	6016	6017
P18,2	6018	6019
P123,2	6020	6021
P69,1	6022	6023
P68,2	6024	6025
P17,2	6026	6027
P70,2	6028	6029
P142,1	6030	6031
P162,1	6032	6033
P192,1	6034	6035
P23,2	6036	6037
P165,1	6038	6039
P105,1	6040	6041
P21,1	6042	6043
P22,2	6044	6045
P4,2	6046	6047
P24,2	6048	6049
P80,2	6050	6051
P38,1	6052	6053
P193,1	6054	6055
P195,1	6056	6057
P40,2	6058	6059
P167,1	6060	6061
P125,1	6062	6063
P146,2	6064	6065
P124,2	6066	6067
P48,1	6068	6069
P108,1	6070	6071
P110,1	6072	6073
P64,1	6074	6075
P198,1	6076	6077
P171,1	6078	6079
P13,1	6080	6081
P10,2	6082	6083
P81,1	6084	6085
P94,1	6086	6087
P128,1	6088	6089
P130,1	6090	6091
P15,2	6092	6093
P131,1	6094	6095
P84,1	6096	6097
P14,1	6098	6099
P31,1	6100	6101
P173,1	6102	6103
P113,1	6104	6105
P115,1	6106	6107
P149,1	6108	6109
P34,1	6110	6110
P75,2	6111	6112
P133,2	6113	6114
P58,1	6115	6116
P132,1	6117	6118
P35,1	6119	6120
P176,1	6121	6122
P178,1	6123	6124
P65,1	6125	6126
P97,1	6127	6128
P86,2	6129	6130
P151,2	6131	6132
P66,2	6133	6134
P88,2	6135	6136
P153,1	6137	6138
P154,1	6139	6140
P117,1	6141	6142
P181,1	6143	6144
P7,2	6145	6146
P51,1	6147	6148
P183,2	6149	6150
P135,2	6151	6152
P53,2	6153	6154
P44,2	6155	6156
P155,1	6157	6158
P47,1	6159	6160
P99,1	6161	6162
P46,2	6163	6164
P101,1	6165	6166
P102,1	6167	6168
P103,2	6169	6170
P187,1	6171	6172
P119,1	6173	6174
P158,2	6175	6176
P16,2	6177	6178
P138,2	6179	6180
P77,2	6181	6182
P157,1	6183	6184
P19,2	6185	6186
P161,1	6187	6188
P159,2	6189	6190
P89,1	6191	6192
P90,2	6193	6194
P189,1	6195	6196
P141,2	6197	6198
P30,1	6199	6200
P63,2	6201	6202
P25,1	6203	6204
P121,1	6205	6206
P143,1	6207	6208
P191,1	6209	6210
P122,2	6211	6212
P164,1	6213	6214
P26,1	6215	6216
P106,1	6217	6218
P78,1	6219	6219
P22,2	6220	6221
P4,2	6222	6223
P24,2	6224	6225
P80,2	6226	6227
P38,1	6228	6229
P193,1	6230	6231
P195,1	6232	6233
P40,2	6234	6235
P167,1	6236	6237
P125,1	6238	6239
P146,2	6240	6241
P124,2	6242	6243
P48,1	6244	6245
P108,1	6246	6246
P110,1	6247	6248
P64,1	6249	6250
P198,1	6251	6252
P171,1	6253	6254
P13,1	6255	6256
P10,2	6257	6258
P81,1	6259	6260
P94,1	6261	6262
P128,1	6263	6264
P130,1	6265	6266
P15,2	6267	6268
P131,1	6269	6270
P84,1	6271	6272
P14,1	6273	6274
P83,2	6275	6276
P172,1	6277	6278
P112,1	6279	6280
P114,1	6281	6282
P32,2	6283	6284
P150,1	6285	6286
P33,2	6287	6288
P57,1	6289	6290
P59,1	6291	6292
P60,2	6293	6294
P175,1	6295	6296
P177,1	6297	6298
P179,1	6299	6300
P36,2	6301	6302
P98,1	6303	6304
P67,1	6305	6306
P11,1	6307	6308
P116,2	6309	6310
P152,1	6311	6312
P50,2	6313	6314
P2,2	6315	6316
P180,1	6317	6318
P182,1	6319	6319
P184,1	6320	6321
P134,1	6322	6323
P136,1	6324	6325
P137,1	6326	6327
P54,2	6328	6329
P45,1	6330	6331
P156,1	6332	6333
P76,1	6334	6335
P43,2	6336	6337
P100,1	6338	6339
P28,2	6340	6341
P185,1	6342	6343
P186,1	6344	6345
P118,1	6346	6347
P120,1	6348	6349
P104,1	6350	6351
P139,1	6352	6353
P140,1	6354	6355
P61,1	6356	6357
P190,2	6358	6359
P160,1	6360	6361
P62,1	6362	6363
P29,2	6364	6365
P188,1	6366	6367
P18,2	6368	6369
P123,2	6370	6371
P69,1	6372	6373
P68,2	6374	6375
P17,2	6376	6377
P70,2	6378	6379
P142,1	6380	6381
P162,1	6382	6383
P192,1	6384	6385
P23,2	6386	6387
P165,1	6388	6389
P105,1	6390	6391
P21,1	6392	6393
P22,2	6394	6395
P4,2	6396	6397
P24,2	6398	6399
P80,2	6400	6401
P38,1	6402	6403
P193,1	6404	6405
P195,1	6406	6407
P40,2	6408	6409
P167,1	6410	6411
P125,1	6412	6413
P108,2	6414	6415
P127,1	6416	6417
P72,1	6418	6419
P107,1	6420	6421
P110,1	6422	6423
P64,1	6424	6425
P198,1	6426	6427
P49,2	6428	6429
P169,2	6430	6431
P148,1	6432	6433
P94,1	6434	6435
P128,1	6436	6437
P130,1	6438	6439
P15,2	6440	6441
P200,1	6442	6443
P96,1	6444	6445
P85,1	6446	6447
P34,2	6448	6449
P31,1	6450	6451
P173,1	6452	6453
P114,1	6454	6455
P32,2	6456	6457
P149,1	6458	6459
P75,2	6460	6461
P133,2	6462	6463
P58,1	6464	6465
P132,1	6466	6467
P35,1	6468	6469
P176,1	6470	6471
P178,1	6472	6473
P179,1	6474	6475
P36,2	6476	6477
P86,2	6478	6479
P151,2	6480	6481
P66,2	6482	6483
P88,2	6484	6485
P153,1	6486	6487
P154,1	6488	6489
P117,1	6490	6491
P181,1	6492	6493
P7,2	6494	6495
P51,1	6496	6497
P183,2	6498	6499
P135,2	6500	6501
P53,2	6502	6503
P44,2	6504	6505
P155,1	6506	6507
P47,1	6508	6509
P99,1	6510	6511
P46,2	6512	6513
P101,1	6514	6515
P102,1	6516	6517
P103,2	6518	6519
P187,1	6520	6521
P119,1	6522	6523
P158,2	6524	6525
P16,2	6526	6527
P138,2	6528	6529
P77,2	6530	6531
P157,1	6532	6533
P19,2	6534	6535
P161,1	6536	6537
P159,2	6538	6539
P89,1	6540	6541
P90,2	6542	6543
P189,1	6544	6545
P141,2	6546	6547
P30,1	6548	6549
P63,2	6550	6551
P25,1	6552	6553
P121,1	6554	6555
P143,1	6556	6557
P191,1	6558	6559
P122,2	6560	6561
P164,1	6562	6563
P26,1	6564	6565
P21,1	6566	6567
P22,2	6568	6569
P4,2	6570	6571
P24,2	6572	6573
P92,1	6574	6575
P56,1	6576	6576
P38,1	6577	6578
P193,1	6579	6580
P195,1	6581	6582
P40,2	6583	6584
P167,1	6585	6586
P126,1	6587	6588
P146,2	6589	6590
P124,2	6591	6592
P48,1	6593	6593
P109,1	6594	6595
P111,1	6596	6597
P196,1	6598	6599
P171,1	6600	6601
P13,1	6602	6603
P10,2	6604	6605
P81,1	6606	6607
P95,1	6608	6609
P129,1	6610	6611
P199,1	6612	6613
P12,3	6614	6615
P131,1	6616	6617
P84,1	6618	6619
P14,1	6620	6621
P83,2	6622	6623
P173,1	6624	6625
P114,1	6626	6627
P32,2	6628	6629
P149,1	6630	6631
P75,2	6632	6633
P133,2	6634	6635
P58,1	6636	6637
P132,1	6638	6639
P35,1	6640	6641
P176,1	6642	6643
P178,1	6644	6645
P179,1	6646	6647
P36,2	6648	6649
P86,2	6650	6651
P151,2	6652	6653
P66,2	6654	6655
P88,2	6656	6657
P153,1	6658	6659
P154,1	6660	6661
P117,1	6662	6662
P180,1	6663	6664
P182,2	6665	6666
P184,1	6667	6668
P134,1	6669	6670
P135,2	6671	6672
P53,2	6673	6674
P44,2	6675	6676
P155,1	6677	6678
P47,1	6679	6680
P99,1	6681	6682
P46,2	6683	6684
P101,1	6685	6686
P102,1	6687	6688
P103,2	6689	6690
P187,1	6691	6692
P119,1	6693	6694
P158,2	6695	6696
P16,2	6697	6698
P138,2	6699	6700
P77,2	6701	6702
P157,1	6703	6704
P19,2	6705	6706
P161,1	6707	6708
P159,2	6709	6710
P89,1	6711	6712
P90,2	6713	6714
P189,1	6715	6716
P141,2	6717	6718
P30,1	6719	6720
P63,2	6721	6722
P25,1	6723	6724
P142,1	6725	6726
P162,1	6727	6728
P192,1	6729	6730
P23,2	6731	6732
P165,1	6733	6734
P21,1	6735	6736
P22,2	6737	6738
P4,2	6739	6740
P24,2	6741	6742
P92,1	6743	6744
P38,1	6745	6746
P56,2	6747	6748
P195,1	6749	6750
P40,2	6751	6752
P194,2	6753	6754
P125,1	6755	6756
P108,2	6757	6758
P127,1	6759	6760
P72,1	6761	6761
P107,1	6762	6763
P110,1	6764	6765
P64,1	6766	6767
P48,2	6768	6769
P171,1	6770	6771
P13,1	6772	6773
P10,2	6774	6775
P81,1	6776	6777
P95,1	6778	6779
P129,1	6780	6781
P199,1	6782	6783
P12,3	6784	6785
P131,1	6786	6787
P84,1	6788	6789
P14,1	6790	6791
P83,2	6792	6793
P173,1	6794	6795
P114,1	6796	6797
P32,2	6798	6799
P149,1	6800	6801
P75,2	6802	6803
P133,2	6804	6805
P58,1	6806	6807
P132,1	6808	6809
P35,1	6810	6811
P176,1	6812	6813
P178,1	6814	6815
P179,1	6816	6817
P36,2	6818	6819
P86,2	6820	6821
P151,2	6822	6823
P66,2	6824	6825
P88,2	6826	6827
P153,1	6828	6829
P154,1	6830	6831
P180,1	6832	6833
P182,2	6834	6835
P184,1	6836	6837
P183,2	6838	6839
P137,1	6840	6841
P54,2	6842	6843
P45,1	6844	6845
P156,1	6846	6847
P76,1	6848	6849
P43,2	6850	6851
P100,1	6852	6853
P28,2	6854	6855
P103,2	6856	6857
P187,1	6858	6859
P119,1	6860	6861
P158,2	6862	6863
P16,2	6864	6865
P138,2	6866	6867
P77,2	6868	6869
P157,1	6870	6871
P19,2	6872	6873
P161,1	6874	6875
P159,2	6876	6877
P89,1	6878	6879
P90,2	6880	6881
P189,1	6882	6882
P123,2	6883	6884
P69,1	6885	6886
P30,1	6887	6888
P63,2	6889	6890
P25,1	6891	6892
P142,1	6893	6894
P162,1	6895	6896
P192,1	6897	6898
P23,2	6899	6900
P165,1	6901	6902
P21,1	6903	6904
P22,2	6905	6906
P4,2	6907	6908
P24,2	6909	6910
P92,1	6911	6912
P38,1	6913	6914
P56,2	6915	6916
P195,1	6917	6918
P40,2	6919	6920
P194,2	6921	6922
P125,1	6923	6924
P146,2	6925	6926
P127,1	6927	6928
P107,1	6929	6930
P110,1	6931	6932
P64,1	6933	6934
P48,2	6935	6936
P49,2	6937	6938
P169,2	6939	6940
P148,1	6941	6942
P94,1	6943	6944
P128,1	6945	6946
P130,1	6947	6948
P15,2	6949	6950
P200,1	6951	6952
P96,1	6953	6954
P85,1	6955	6956
P83,2	6957	6958
P173,1	6959	6960
P114,1	6961	6962
P32,2	6963	6964
P149,1	6965	6966
P75,2	6967	6968
P133,2	6969	6970
P58,1	6971	6972
P132,1	6973	6974
P35,1	6975	6976
P176,1	6977	6978
P178,1	6979	6980
P179,1	6981	6982
P36,2	6983	6984
P86,2	6985	6986
P151,2	6987	6988
P66,2	6989	6990
P88,2	6991	6992
P153,1	6993	6994
P154,1	6995	6996
P180,1	6997	6998
P182,2	6999	7000
P184,1	7001	7002
P183,2	7003	7004
P102,2	7005	7006
P53,2	7007	7008
P44,2	7009	7010
P155,1	7011	7012
P47,1	7013	7014
P99,1	7015	7016
P46,2	7017	7018
P101,1	7019	7019
P28,2	7020	7021
P103,2	7022	7022
P187,1	7023	7024
P120,1	7025	7026
P104,1	7027	7028
P119,2	7029	7030
P138,2	7031	7032
P77,2	7033	7034
P157,1	7035	7036
P19,2	7037	7038
P161,1	7039	7040
P159,2	7041	7042
P89,1	7043	7044
P188,1	7045	7046
P18,2	7047	7048
P141,2	7049	7050
P26,2	7051	7052
P68,2	7053	7054
P17,2	7055	7056
P70,2	7057	7058
P143,1	7059	7060
P192,1	7061	7062
P23,2	7063	7064
P165,1	7065	7066
P21,1	7067	7068
P22,2	7069	7070
P4,2	7071	7072
P24,2	7073	7074
P92,1	7075	7076
P38,1	7077	7078
P56,2	7079	7080
P195,1	7081	7082
P40,2	7083	7084
P194,2	7085	7086
P125,1	7087	7088
P146,2	7089	7090
P127,1	7091	7092
P107,1	7093	7094
P110,1	7095	7096
P64,1	7097	7098
P48,2	7099	7100
P49,2	7101	7102
P131,2	7103	7104
P10,2	7105	7106
P81,1	7107	7108
P95,1	7109	7110
P129,1	7111	7112
P199,1	7113	7114
P12,3	7115	7116
P96,1	7117	7118
P85,1	7119	7120
P83,2	7121	7122
P173,1	7123	7124
P114,1	7125	7126
P32,2	7127	7128
P149,1	7129	7130
P75,2	7131	7132
P133,2	7133	7134
P58,1	7135	7136
P132,1	7137	7138
P35,1	7139	7140
P176,1	7141	7142
P178,1	7143	7144
P179,1	7145	7146
P36,2	7147	7148
P86,2	7149	7150
P151,2	7151	7152
P66,2	7153	7154
P88,2	7155	7156
P153,1	7157	7158
P154,1	7159	7160
P180,1	7161	7162
P182,2	7163	7164
P184,1	7165	7166
P183,2	7167	7168
P102,2	7169	7170
P53,2	7171	7172
P44,2	7173	7174
P155,1	7175	7176
P47,1	7177	7178
P99,1	7179	7180
P46,2	7181	7182
P101,2	7183	7184
P28,2	7185	7186
P186,1	7187	7188
P118,1	7189	7190
P158,2	7191	7192
P16,2	7193	7194
P139,1	7195	7196
P140,1	7197	7198
P61,1	7199	7200
P190,2	7201	7202
P160,1	7203	7204
P62,1	7205	7206
P29,2	7207	7208
P189,2	7209	7210
P90,2	7211	7212
P123,2	7213	7214
P69,1	7215	7216
P30,1	7217	7218
P63,2	7219	7220
P25,1	7221	7222
P143,1	7223	7224
P192,1	7225	7226
P23,2	7227	7228
P165,1	7229	7230
P21,1	7231	7232
P22,2	7233	7234
P4,2	7235	7236
P24,2	7237	7238
P92,1	7239	7240
P38,1	7241	7242
P56,2	7243	7244
P195,1	7245	7246
P40,2	7247	7248
P194,2	7249	7250
P125,1	7251	7252
P146,2	7253	7254
P127,1	7255	7256
P107,1	7257	7258
P111,1	7259	7260
P64,1	7261	7262
P48,2	7263	7264
P49,2	7265	7266
P131,2	7267	7268
P10,2	7269	7270
P81,1	7271	7272
P95,1	7273	7274
P129,1	7275	7276
P199,1	7277	7278
P12,3	7279	7280
P96,1	7281	7282
P85,1	7283	7284
P83,2	7285	7286
P173,1	7287	7288
P114,1	7289	7290
P32,2	7291	7292
P149,1	7293	7294
P75,2	7295	7296
P133,2	7297	7298
P58,1	7299	7300
P132,1	7301	7302
P35,1	7303	7304
P177,1	7305	7306
P97,2	7307	7308
P65,1	7309	7310
P98,1	7311	7312
P67,1	7313	7314
P11,1	7315	7316
P116,2	7317	7318
P152,1	7319	7320
P50,2	7321	7322
P2,2	7323	7324
P181,1	7325	7326
P7,2	7327	7328
P134,1	7329	7330
P135,2	7331	7332
P137,1	7333	7334
P44,2	7335	7336
P53,3	7337	7338
P156,1	7339	7340
P76,1	7341	7342
P43,2	7343	7344
P100,1	7345	7346
P103,3	7347	7348
P185,1	7349	7349
P187,1	7350	7351
P120,1	7352	7353
P104,1	7354	7355
P119,2	7356	7357
P138,2	7358	7359
P77,2	7360	7361
P157,1	7362	7363
P19,2	7364	7365
P161,2	7366	7367
P159,2	7368	7369
P89,1	7370	7371
P188,1	7372	7373
P18,2	7374	7375
P141,2	7376	7377
P26,2	7378	7379
P68,2	7380	7381
P17,2	7382	7383
P70,2	7384	7385
P162,1	7386	7387
P122,2	7388	7389
P164,1	7390	7391
P106,1	7392	7393
P78,2	7394	7395
P79,1	7396	7397
P55,1	7398	7399
P144,2	7400	7401
P80,2	7402	7403
P91,2	7404	7405
P193,1	7406	7407
P41,2	7408	7409
P166,1	7410	7411
P167,1	7412	7413
P108,2	7414	7415
P126,2	7416	7417
P124,2	7418	7419
P110,1	7420	7421
P109,2	7422	7423
P196,1	7424	7424
P171,1	7425	7426
P13,1	7427	7428
P169,2	7429	7430
P148,1	7431	7432
P94,1	7433	7434
P128,1	7435	7436
P130,1	7437	7438
P15,2	7439	7440
P200,1	7441	7442
P84,1	7443	7444
P34,2	7445	7446
P31,1	7447	7448
P113,1	7449	7450
P115,1	7451	7452
P112,2	7453	7454
P150,1	7455	7456
P33,2	7457	7458
P58,1	7459	7460
P132,1	7461	7462
P35,1	7463	7464
P177,1	7465	7466
P97,2	7467	7468
P65,1	7469	7470
P98,1	7471	7472
P151,2	7473	7474
P66,2	7475	7476
P116,2	7477	7478
P152,1	7479	7480
P50,2	7481	7482
P2,2	7483	7484
P181,1	7485	7486
P7,2	7487	7488
P134,1	7489	7490
P135,2	7491	7492
P137,1	7493	7494
P44,2	7495	7496
P53,3	7497	7498
P185,2	7499	7500
P47,1	7501	7502
P99,1	7503	7504
P46,2	7505	7506
P101,2	7507	7508
P28,2	7509	7510
P118,1	7511	7512
P158,2	7513	7514
P16,2	7515	7516
P139,1	7517	7518
P140,1	7519	7520
P61,1	7521	7522
P190,2	7523	7524
P160,1	7525	7526
P62,1	7527	7528
P29,2	7529	7530
P189,2	7531	7532
P90,2	7533	7534
P123,2	7535	7536
P69,1	7537	7538
P30,2	7539	7540
P63,2	7541	7542
P25,1	7543	7544
P143,1	7545	7546
P192,1	7547	7548
P23,2	7549	7550
P165,1	7551	7552
P21,1	7553	7554
P22,2	7555	7556
P55,1	7557	7558
P144,2	7559	7560
P80,2	7561	7562
P91,2	7563	7564
P193,1	7565	7566
P41,2	7567	7568
P166,1	7569	7570
P167,1	7571	7572
P108,2	7573	7574
P126,2	7575	7576
P124,2	7577	7578
P110,1	7579	7580
P109,2	7581	7582
P48,2	7583	7584
P49,2	7585	7586
P131,2	7587	7588
P10,2	7589	7590
P81,1	7591	7592
P95,1	7593	7594
P130,1	7595	7596
P129,2	7597	7598
P12,3	7599	7600
P96,1	7601	7602
P85,1	7603	7604
P83,2	7605	7606
P173,1	7607	7608
P114,1	7609	7610
P32,2	7611	7612
P149,1	7613	7614
P75,2	7615	7616
P133,2	7617	7618
P60,2	7619	7620
P176,1	7621	7622
P178,1	7623	7624
P97,2	7625	7626
P65,1	7627	7628
P98,1	7629	7630
P151,2	7631	7632
P66,2	7633	7634
P116,2	7635	7636
P152,1	7637	7638
P50,2	7639	7640
P2,2	7641	7642
P181,1	7643	7644
P7,2	7645	7646
P134,1	7647	7648
P135,2	7649	7650
P137,1	7651	7652
P44,2	7653	7654
P53,3	7655	7656
P185,2	7657	7658
P47,1	7659	7660
P99,1	7661	7662
P46,2	7663	7664
P101,2	7665	7666
P28,2	7667	7668
P118,1	7669	7670
P104,1	7671	7672
P119,2	7673	7674
P138,2	7675	7676
P140,1	7677	7678
P61,1	7679	7680
P190,2	7681	7682
P160,1	7683	7684
P62,1	7685	7686
P29,2	7687	7688
P189,2	7689	7690
P90,2	7691	7692
P123,2	7693	7694
P69,1	7695	7696
P30,2	7697	7698
P63,2	7699	7700
P25,1	7701	7702
P143,1	7703	7704
P192,1	7705	7706
P23,2	7707	7708
P165,1	7709	7710
P21,1	7711	7712
P22,2	7713	7714
P55,1	7715	7716
P144,2	7717	7718
P80,2	7719	7720
P91,2	7721	7722
P193,1	7723	7724
P40,2	7725	7726
P194,2	7727	7728
P195,2	7729	7730
P108,2	7731	7732
P126,2	7733	7734
P124,2	7735	7736
P110,1	7737	7738
P109,2	7739	7740
P48,2	7741	7742
P49,2	7743	7744
P131,2	7745	7746
P10,2	7747	7748
P81,1	7749	7750
P95,1	7751	7752
P130,1	7753	7754
P129,2	7755	7756
P12,3	7757	7758
P96,1	7759	7760
P85,1	7761	7762
P83,2	7763	7764
P173,1	7765	7766
P114,1	7767	7768
P32,2	7769	7770
P149,1	7771	7772
P75,2	7773	7774
P133,2	7775	7776
P60,2	7777	7778
P176,1	7779	7779
P178,1	7780	7781
P97,2	7782	7783
P65,1	7784	7785
P98,1	7786	7787
P151,2	7788	7789
P66,2	7790	7791
P116,2	7792	7793
P152,1	7794	7795
P50,2	7796	7797
P2,2	7798	7799
P181,1	7800	7801
P7,2	7802	7803
P134,1	7804	7805
P135,2	7806	7807
P137,1	7808	7809
P44,2	7810	7811
P53,3	7812	7813
P185,2	7814	7815
P47,1	7816	7817
P99,1	7818	7819
P46,2	7820	7821
P101,2	7822	7823
P28,2	7824	7825
P118,1	7826	7827
P104,1	7828	7829
P119,2	7830	7831
P138,2	7832	7833
P140,1	7834	7835
P61,1	7836	7837
P190,2	7838	7839
P160,1	7840	7841
P62,1	7842	7843
P29,2	7844	7845
P189,2	7846	7847
P90,2	7848	7849
P123,2	7850	7851
P69,1	7852	7853
P30,2	7854	7855
P63,2	7856	7857
P25,1	7858	7859
P143,1	7860	7861
P192,1	7862	7863
P23,2	7864	7865
P165,1	7866	7867
P21,1	7868	7869
P22,2	7870	7871
P55,1	7872	7873
P144,2	7874	7875
P80,2	7876	7877
P91,2	7878	7879
P193,1	7880	7881
P40,2	7882	7883
P194,2	7884	7885
P195,2	7886	7887
P108,2	7888	7889
P126,2	7890	7891
P124,2	7892	7893
P107,2	7894	7895
P109,2	7896	7897
P48,2	7898	7899
P49,2	7900	7901
P131,2	7902	7903
P10,2	7904	7905
P81,1	7906	7907
P95,1	7908	7909
P130,1	7910	7911
P129,2	7912	7913
P12,3	7914	7915
P113,2	7916	7917
P84,1	7918	7919
P34,2	7920	7921
P31,1	7922	7922
P173,1	7923	7924
P115,1	7925	7926
P112,2	7927	7928
P150,1	7929	7930
P33,2	7931	7932
P132,1	7933	7934
P35,1	7935	7936
P177,1	7937	7938
P58,2	7939	7940
P179,1	7941	7941
P98,1	7942	7943
P86,2	7944	7945
P11,1	7946	7947
P67,2	7948	7949
P152,1	7950	7951
P50,2	7952	7953
P116,3	7954	7955
P180,1	7956	7957
P182,2	7958	7959
P184,1	7960	7961
P183,2	7962	7963
P102,2	7964	7965
P54,2	7966	7967
P45,1	7968	7969
P155,1	7970	7971
P156,1	7972	7973
P76,1	7974	7975
P43,2	7976	7977
P100,1	7978	7979
P103,3	7980	7981
P187,1	7982	7983
P120,1	7984	7985
P16,2	7986	7987
P139,1	7988	7989
P158,3	7990	7991
P77,2	7992	7993
P157,1	7994	7995
P19,3	7996	7997
P161,2	7998	7999
P159,2	8000	8001
P89,1	8002	8003
P188,1	8004	8005
P18,2	8006	8007
P141,2	8008	8009
P26,2	8010	8011
P68,2	8012	8013
P17,2	8014	8015
P70,2	8016	8017
P162,1	8018	8019
P122,2	8020	8021
P164,1	8022	8023
P106,1	8024	8025
P78,2	8026	8027
P4,2	8028	8029
P24,2	8030	8031
P92,1	8032	8033
P38,1	8034	8035
P56,2	8036	8037
P41,2	8038	8039
P166,1	8040	8041
P167,1	8042	8043
P125,1	8044	8045
P146,2	8046	8047
P127,1	8048	8049
P110,1	8050	8051
P111,1	8052	8053
P64,1	8054	8055
P171,1	8056	8057
P131,2	8058	8059
P13,2	8060	8061
P148,1	8062	8063
P94,1	8064	8065
P128,1	8066	8067
P199,1	8068	8069
P15,2	8070	8071
P200,1	8072	8073
P96,1	8074	8075
P31,2	8076	8077
P34,2	8078	8079
P173,1	8080	8081
P115,1	8082	8083
P112,2	8084	8085
P150,1	8086	8087
P33,2	8088	8089
P132,1	8090	8091
P35,1	8092	8093
P177,1	8094	8095
P58,2	8096	8097
P36,2	8098	8099
P65,2	8100	8101
P151,2	8102	8103
P66,2	8104	8105
P88,2	8106	8107
P153,1	8108	8109
P154,1	8110	8111
P2,2	8112	8113
P181,1	8114	8115
P7,2	8116	8117
P134,1	8118	8119
P135,2	8120	8121
P137,1	8122	8123
P44,2	8124	8125
P53,3	8126	8127
P185,2	8128	8129
P47,1	8130	8131
P99,1	8132	8133
P46,2	8134	8134
P100,1	8135	8135
P103,3	8136	8137
P187,1	8138	8139
P120,1	8140	8141
P16,2	8142	8143
P139,1	8144	8145
P158,3	8146	8147
P77,2	8148	8149
P157,1	8150	8151
P19,3	8152	8153
P161,2	8154	8155
P159,2	8156	8156
P29,2	8157	8158
P189,2	8159	8160
P90,2	8161	8162
P141,2	8163	8164
P26,2	8165	8166
P68,2	8167	8168
P17,2	8169	8170
P70,2	8171	8172
P162,2	8173	8174
P192,2	8175	8176
P164,1	8177	8178
P106,1	8179	8180
P78,2	8181	8182
P4,2	8183	8184
P24,2	8185	8186
P92,1	8187	8188
P38,1	8189	8190
P56,2	8191	8192
P41,2	8193	8194
P194,2	8195	8196
P195,2	8197	8198
P108,2	8199	8200
P126,2	8201	8202
P124,2	8203	8204
P107,2	8205	8206
P109,2	8207	8208
P48,2	8209	8210
P49,2	8211	8212
P169,2	8213	8214
P10,2	8215	8216
P81,1	8217	8218
P95,1	8219	8220
P130,1	8221	8222
P129,2	8223	8224
P12,3	8225	8226
P113,2	8227	8228
P84,1	8229	8230
P85,1	8231	8232
P83,2	8233	8234
P114,1	8235	8236
P32,2	8237	8238
P150,1	8239	8240
P33,2	8241	8242
P132,1	8243	8244
P35,1	8245	8245
P176,2	8246	8247
P178,1	8248	8249
P97,2	8250	8251
P98,1	8252	8253
P86,2	8254	8255
P11,1	8256	8257
P67,2	8258	8259
P152,1	8260	8261
P50,2	8262	8263
P116,3	8264	8265
P180,1	8266	8267
P182,2	8268	8269
P184,1	8270	8271
P100,2	8272	8273
P135,2	8274	8275
P137,1	8276	8277
P44,2	8278	8279
P53,3	8280	8281
P185,2	8282	8283
P47,1	8284	8285
P99,1	8286	8287
P101,2	8288	8289
P28,2	8290	8291
P46,3	8292	8293
P120,1	8294	8295
P16,2	8296	8297
P139,1	8298	8299
P158,3	8300	8301
P77,2	8302	8303
P157,1	8304	8305
P19,3	8306	8307
P161,2	8308	8309
P29,2	8310	8311
P159,3	8312	8313
P188,1	8314	8315
P123,2	8316	8317
P69,1	8318	8319
P30,2	8320	8321
P63,2	8322	8323
P25,1	8324	8325
P143,1	8326	8327
P122,2	8328	8329
P23,2	8330	8331
P165,1	8332	8333
P21,1	8334	8335
P22,2	8336	8337
P55,1	8338	8339
P144,2	8340	8341
P80,2	8342	8343
P91,2	8344	8345
P193,1	8346	8347
P40,2	8348	8349
P167,1	8350	8351
P125,1	8352	8353
P146,2	8354	8355
P127,1	8356	8357
P110,1	8358	8359
P111,1	8360	8361
P64,1	8362	8362
P48,2	8363	8364
P49,2	8365	8366
P169,2	8367	8368
P10,2	8369	8369
P81,1	8370	8371
P96,2	8372	8373
P128,1	8374	8375
P199,1	8376	8377
P15,2	8378	8379
P200,1	8380	8381
P31,2	8382	8383
P85,1	8384	8385
P83,2	8386	8387
P114,1	8388	8389
P32,2	8390	8391
P35,2	8392	8393
P75,2	8394	8395
P133,2	8396	8397
P60,2	8398	8399
P176,2	8400	8401
P58,2	8402	8403
P36,2	8404	8405
P65,2	8406	8407
P151,2	8408	8409
P66,2	8410	8411
P88,2	8412	8413
P153,1	8414	8415
P154,1	8416	8417
P2,2	8418	8419
P181,1	8420	8421
P7,2	8422	8423
P134,1	8424	8425
P183,2	8426	8427
P102,2	8428	8429
P54,2	8430	8431
P45,1	8432	8433
P155,1	8434	8435
P156,1	8436	8437
P76,1	8438	8439
P43,2	8440	8441
P103,3	8442	8443
P187,1	8444	8445
P118,1	8446	8447
P104,1	8448	8449
P119,2	8450	8451
P138,2	8452	8453
P140,1	8454	8455
P61,1	8456	8457
P190,2	8458	8459
P160,1	8460	8461
P62,1	8462	8463
P89,1	8464	8465
P189,2	8466	8467
P90,2	8468	8469
P141,2	8470	8471
P26,2	8472	8473
P68,2	8474	8475
P17,2	8476	8477
P70,2	8478	8479
P162,2	8480	8481
P192,2	8482	8483
P164,1	8484	8485
P106,1	8486	8487
P78,2	8488	8489
P4,2	8490	8491
P144,2	8492	8493
P24,3	8494	8495
P38,1	8496	8497
P56,2	8498	8499
P41,2	8500	8501
P194,2	8502	8503
P195,2	8504	8505
P108,2	8506	8507
P126,2	8508	8509
P124,2	8510	8511
P64,2	8512	8513
P111,1	8514	8515
P48,2	8516	8517
P49,2	8518	8519
P169,2	8520	8521
P148,1	8522	8523
P94,1	8524	8525
P95,1	8526	8527
P130,1	8528	8529
P129,2	8530	8531
P12,3	8532	8533
P113,2	8534	8535
P84,2	8536	8537
P34,2	8538	8539
P173,1	8540	8541
P32,2	8542	8542
P35,2	8543	8544
P75,2	8545	8546
P133,2	8547	8548
P60,2	8549	8550
P176,2	8551	8552
P58,2	8553	8554
P36,2	8555	8556
P65,2	8557	8558
P151,2	8559	8560
P67,2	8561	8562
P152,1	8563	8564
P50,2	8565	8566
P116,3	8567	8568
P180,1	8569	8570
P7,2	8571	8572
P134,1	8573	8574
P183,2	8575	8576
P181,2	8577	8578
P137,1	8579	8580
P44,2	8581	8582
P53,3	8583	8584
P185,2	8585	8586
P76,1	8587	8588
P43,2	8589	8590
P103,3	8591	8592
P187,1	8593	8594
P118,1	8595	8596
P104,1	8597	8598
P119,2	8599	8600
P138,2	8601	8602
P140,1	8603	8604
P61,1	8605	8606
P190,2	8607	8608
P160,1	8609	8610
P62,1	8611	8611
P89,1	8612	8613
P189,2	8614	8615
P90,2	8616	8617
P141,2	8618	8619
P26,2	8620	8621
P68,2	8622	8623
P17,2	8624	8625
P70,2	8626	8627
P162,2	8628	8629
P192,2	8630	8631
P164,1	8632	8633
P106,1	8634	8635
P78,2	8636	8637
P4,2	8638	8639
P144,2	8640	8641
P24,3	8642	8643
P38,1	8644	8645
P56,2	8646	8647
P41,2	8648	8649
P194,2	8650	8651
P195,2	8652	8653
P108,2	8654	8655
P126,2	8656	8657
P124,2	8658	8659
P64,2	8660	8661
P111,1	8662	8663
P48,2	8664	8665
P49,2	8666	8667
P131,2	8668	8669
P13,2	8670	8671
P81,1	8672	8673
P96,2	8674	8675
P128,1	8676	8677
P199,1	8678	8679
P12,3	8680	8681
P113,2	8682	8683
P84,2	8684	8685
P34,2	8686	8687
P173,1	8688	8689
P112,2	8690	8691
P150,1	8692	8693
P33,2	8694	8695
P132,1	8696	8697
P149,2	8698	8699
P177,1	8700	8701
P97,2	8702	8703
P98,1	8704	8705
P86,2	8706	8707
P66,2	8708	8709
P88,2	8710	8711
P153,1	8712	8713
P154,1	8714	8715
P2,2	8716	8717
P182,2	8718	8719
P184,1	8720	8721
P100,2	8722	8723
P135,2	8724	8725
P102,2	8726	8727
P54,2	8728	8729
P45,1	8730	8731
P155,1	8732	8733
P156,1	8734	8735
P99,1	8736	8737
P101,2	8738	8739
P28,2	8740	8741
P46,3	8742	8743
P120,1	8744	8745
P16,2	8746	8747
P119,2	8748	8749
P158,3	8750	8751
P77,2	8752	8752
P157,1	8753	8754
P19,3	8755	8756
P161,2	8757	8758
P89,1	8759	8760
P189,2	8761	8762
P123,2	8763	8764
P21,2	8765	8766
P26,2	8767	8768
P68,2	8769	8770
P17,2	8771	8772
P70,2	8773	8774
P162,2	8775	8776
P192,2	8777	8778
P164,1	8779	8780
P106,1	8781	8782
P22,2	8783	8784
P55,1	8785	8786
P92,1	8787	8788
P80,2	8789	8790
P91,2	8791	8792
P193,1	8793	8794
P40,2	8795	8796
P167,1	8797	8798
P125,1	8799	8800
P146,2	8801	8802
P127,1	8803	8804
P110,1	8805	8806
P107,2	8807	8808
P109,2	8809	8810
P171,1	8811	8812
P15,3	8813	8814
P169,2	8815	8816
P148,1	8817	8818
P94,1	8819	8820
P95,1	8821	8822
P130,1	8823	8824
P129,2	8825	8826
P200,1	8827	8828
P31,2	8829	8830
P85,1	8831	8832
P83,2	8833	8834
P115,1	8835	8836
P35,2	8837	8838
P75,2	8839	8840
P133,2	8841	8842
P60,2	8843	8844
P176,2	8845	8846
P58,2	8847	8848
P36,2	8849	8850
P65,2	8851	8852
P66,2	8853	8854
P88,2	8855	8856
P50,2	8857	8858
P116,3	8859	8860
P2,2	8861	8862
P182,2	8863	8864
P184,1	8865	8866
P100,2	8867	8868
P135,2	8869	8870
P102,2	8871	8872
P54,2	8873	8874
P45,1	8875	8876
P155,1	8877	8878
P156,1	8879	8880
P99,1	8881	8882
P101,2	8883	8884
P28,2	8885	8886
P46,3	8887	8888
P120,1	8889	8890
P16,2	8891	8892
P119,2	8893	8894
P158,3	8895	8896
P61,1	8897	8898
P190,2	8899	8900
P160,1	8901	8902
P29,2	8903	8904
P159,3	8905	8906
P188,1	8907	8908
P141,2	8909	8910
P69,1	8911	8912
P30,2	8913	8914
P63,2	8915	8916
P25,1	8917	8918
P143,1	8919	8920
P122,2	8921	8922
P23,2	8923	8924
P106,1	8925	8926
P22,2	8927	8928
P55,1	8929	8930
P92,1	8931	8932
P80,2	8933	8934
P91,2	8935	8936
P193,1	8937	8938
P40,2	8939	8940
P167,1	8941	8942
P125,1	8943	8944
P146,2	8945	8946
P127,1	8947	8948
P110,1	8949	8950
P107,2	8951	8952
P109,2	8953	8954
P171,1	8955	8956
P15,3	8957	8958
P169,2	8959	8960
P148,1	8961	8962
P94,1	8963	8964
P95,1	8965	8966
P130,1	8967	8968
P129,2	8969	8970
P200,1	8971	8972
P31,2	8973	8974
P85,1	8975	8976
P83,2	8977	8978
P115,1	8979	8980
P35,2	8981	8982
P86,3	8983	8984
P33,2	8985	8986
P132,1	8987	8988
P149,2	8989	8990
P177,1	8991	8992
P97,2	8993	8994
P98,1	8995	8996
P151,2	8997	8998
P67,2	8999	9000
P152,1	9001	9002
P154,1	9003	9004
P153,2	9005	9006
P180,1	9007	9008
P7,2	9009	9010
P134,1	9011	9012
P183,2	9013	9014
P181,2	9015	9016
P137,1	9017	9018
P44,2	9019	9020
P53,3	9021	9022
P185,2	9023	9024
P43,2	9025	9026
P101,2	9027	9028
P99,2	9029	9030
P187,1	9031	9032
P118,1	9033	9034
P104,1	9035	9036
P139,2	9037	9038
P138,2	9039	9040
P157,1	9041	9042
P190,2	9043	9044
P160,1	9045	9046
P29,2	9047	9048
P189,2	9049	9050
P123,2	9051	9052
P21,2	9053	9054
P26,2	9055	9056
P63,2	9057	9058
P25,1	9059	9060
P143,1	9061	9062
P122,2	9063	9064
P23,2	9065	9066
P106,1	9067	9068
P22,2	9069	9070
P55,1	9071	9072
P92,1	9073	9074
P80,2	9075	9076
P38,2	9077	9078
P41,2	9079	9080
P194,2	9081	9082
P195,2	9083	9084
P108,2	9085	9086
P126,2	9087	9088
P124,2	9089	9090
P64,2	9091	9092
P111,1	9093	9094
P48,2	9095	9096
P49,2	9097	9098
P131,2	9099	9100
P13,2	9101	9102
P81,1	9103	9104
P95,1	9105	9106
P130,1	9107	9108
P129,2	9109	9110
P200,1	9111	9112
P31,2	9113	9114
P85,1	9115	9116
P83,2	9117	9118
P115,1	9119	9120
P35,2	9121	9122
P75,2	9123	9124
P133,2	9125	9126
P60,2	9127	9128
P176,2	9129	9130
P58,2	9131	9132
P36,2	9133	9134
P65,2	9135	9136
P66,2	9137	9138
P88,2	9139	9140
P50,2	9141	9142
P116,3	9143	9144
P2,2	9145	9146
P182,2	9147	9148
P184,1	9149	9150
P134,2	9151	9152
P135,2	9153	9154
P102,2	9155	9156
P54,2	9157	9158
P45,1	9159	9160
P155,1	9161	9162
P156,1	9163	9164
P76,2	9165	9166
P103,3	9167	9168
P28,2	9169	9170
P46,3	9171	9172
P120,1	9173	9174
P16,2	9175	9176
P119,2	9177	9178
P158,3	9179	9180
P61,2	9181	9182
P19,3	9183	9184
P161,2	9185	9186
P159,3	9187	9188
P188,1	9189	9190
P141,2	9191	9191
P21,2	9192	9193
P26,2	9194	9195
P63,2	9196	9197
P25,1	9198	9199
P143,1	9200	9201
P122,2	9202	9203
P23,2	9204	9204
P106,1	9205	9206
P22,2	9207	9208
P144,2	9209	9210
P24,3	9211	9212
P91,2	9213	9214
P193,1	9215	9216
P41,2	9217	9217
P40,2	9218	9219
P167,1	9220	9221
P125,1	9222	9223
P146,2	9224	9225
P127,1	9226	9227
P110,1	9228	9229
P107,2	9230	9231
P109,2	9232	9233
P171,1	9234	9235
P15,3	9236	9237
P169,2	9238	9239
P148,1	9240	9241
P96,2	9242	9243
P130,1	9244	9245
P129,2	9246	9247
P113,2	9248	9249
P84,2	9250	9251
P34,2	9252	9253
P173,1	9254	9255
P112,2	9256	9257
P86,3	9258	9259
P33,2	9260	9261
P132,1	9262	9263
P149,2	9264	9265
P177,1	9266	9267
P97,2	9268	9269
P98,1	9270	9271
P151,2	9272	9273
P67,2	9274	9275
P152,1	9276	9277
P154,1	9278	9279
P153,2	9280	9281
P180,1	9282	9283
P7,2	9284	9285
P100,2	9286	9287
P183,2	9288	9289
P181,2	9290	9291
P137,1	9292	9293
P44,2	9294	9295
P53,3	9296	9297
P156,1	9298	9299
P76,2	9300	9301
P103,3	9302	9303
P28,2	9304	9305
P46,3	9306	9307
P120,1	9308	9309
P16,2	9310	9311
P119,2	9312	9313
P141,3	9314	9315
P157,1	9316	9317
P190,2	9318	9319
P160,1	9320	9321
P29,2	9322	9323
P189,2	9324	9325
P123,2	9326	9327
P69,1	9328	9329
P30,2	9330	9331
P17,2	9332	9333
P70,2	9334	9334
P162,2	9335	9336
P192,2	9337	9338
P106,1	9339	9340
P22,2	9341	9342
P144,2	9343	9344
P24,3	9345	9346
P91,2	9347	9348
P193,1	9349	9350
P40,2	9351	9352
P41,3	9353	9354
P195,2	9355	9356
P108,2	9357	9358
P126,2	9359	9360
P124,2	9361	9362
P64,2	9363	9364
P111,1	9365	9366
P48,2	9367	9368
P49,2	9369	9370
P131,2	9371	9372
P13,2	9373	9374
P115,2	9375	9376
P81,1	9377	9378
P128,1	9379	9380
P199,1	9381	9382
P200,1	9383	9384
P31,2	9385	9386
P85,1	9387	9388
P83,2	9389	9390
P112,2	9391	9392
P86,3	9393	9394
P33,2	9395	9396
P132,1	9397	9398
P149,2	9399	9400
P177,1	9401	9402
P97,2	9403	9404
P98,1	9405	9406
P151,2	9407	9408
P67,2	9409	9410
P152,1	9411	9412
P154,1	9413	9414
P153,2	9415	9416
P180,1	9417	9418
P7,2	9419	9420
P100,2	9421	9422
P183,2	9423	9424
P181,2	9425	9426
P137,1	9427	9428
P44,2	9429	9430
P53,3	9431	9432
P156,1	9433	9434
P76,2	9435	9436
P103,3	9437	9438
P28,2	9439	9440
P46,3	9441	9442
P120,1	9443	9444
P139,2	9445	9446
P138,2	9447	9448
P158,3	9449	9450
P61,2	9451	9452
P19,3	9453	9454
P161,2	9455	9456
P159,3	9457	9458
P188,1	9459	9460
P21,2	9461	9462
P30,2	9463	9464
P17,2	9465	9466
P143,1	9467	9468
P122,2	9469	9470
P164,1	9471	9472
P194,3	9473	9474
P78,2	9475	9476
P4,2	9477	9478
P92,1	9479	9480
P80,2	9481	9482
P38,2	9483	9484
P55,2	9485	9486
P195,2	9487	9488
P108,2	9489	9490
P126,2	9491	9492
P124,2	9493	9494
P64,2	9495	9496
P111,1	9497	9498
P48,2	9499	9500
P49,2	9501	9502
P131,2	9503	9504
P13,2	9505	9506
P115,2	9507	9508
P81,1	9509	9510
P128,1	9511	9511
P130,1	9512	9513
P129,2	9514	9515
P113,2	9516	9517
P84,2	9518	9519
P34,2	9520	9521
P173,1	9522	9523
P35,2	9524	9525
P75,2	9526	9527
P133,2	9528	9529
P60,2	9530	9531
P176,2	9532	9533
P58,2	9534	9535
P36,2	9536	9537
P65,2	9538	9539
P66,2	9540	9541
P88,2	9542	9543
P50,2	9544	9545
P116,3	9546	9547
P2,2	9548	9549
P182,2	9550	9551
P184,1	9552	9553
P134,2	9554	9555
P135,2	9556	9557
P102,2	9558	9559
P54,2	9560	9561
P53,3	9562	9563
P156,1	9564	9565
P76,2	9566	9567
P103,3	9568	9569
P28,2	9570	9571
P46,3	9572	9573
P120,1	9574	9575
P139,2	9576	9577
P138,2	9578	9579
P158,3	9580	9581
P61,2	9582	9583
P19,3	9584	9585
P161,2	9586	9586
P159,3	9587	9588
P188,1	9589	9590
P21,2	9591	9592
P30,2	9593	9594
P17,2	9595	9596
P143,1	9597	9598
P122,2	9599	9600
P164,1	9601	9601
P25,2	9602	9603
P106,1	9604	9605
P22,2	9606	9607
P144,2	9608	9609
P92,1	9610	9611
P80,2	9612	9613
P38,2	9614	9615
P55,2	9616	9617
P195,2	9618	9619
P108,2	9620	9621
P126,2	9622	9623
P124,2	9624	9625
P64,2	9626	9627
P111,1	9628	9629
P48,2	9630	9631
P49,2	9632	9633
P131,2	9634	9634
P13,2	9635	9636
P115,2	9637	9638
P81,1	9639	9639
P96,2	9640	9641
P129,2	9642	9643
P113,2	9644	9645
P84,2	9646	9647
P130,2	9648	9649
P173,1	9650	9651
P35,2	9652	9653
P83,3	9654	9655
P33,2	9656	9656
P132,1	9657	9657
P60,2	9658	9659
P176,2	9660	9661
P58,2	9662	9663
P36,2	9664	9665
P65,2	9666	9667
P66,2	9668	9669
P88,2	9670	9671
P50,2	9672	9673
P116,3	9674	9675
P2,2	9676	9677
P182,2	9678	9679
P184,1	9680	9681
P134,2	9682	9683
P135,2	9684	9684
P102,2	9685	9686
P54,2	9687	9688
P53,3	9689	9690
P156,1	9691	9692
P76,2	9693	9694
P103,3	9695	9696
P28,2	9697	9698
P46,3	9699	9700
P16,2	9701	9702
P119,2	9703	9704
P138,2	9705	9706
P161,3	9707	9708
P157,1	9709	9710
P190,2	9711	9712
P160,1	9713	9714
P159,3	9715	9716
P188,1	9717	9718
P21,2	9719	9720
P30,2	9721	9722
P17,2	9723	9724
P143,1	9725	9726
P122,2	9727	9728
P25,2	9729	9730
P106,1	9731	9732
P22,2	9733	9734
P144,2	9735	9736
P92,1	9737	9738
P80,2	9739	9740
P38,2	9741	9742
P55,2	9743	9744
P195,2	9745	9746
P131,3	9747	9748
P146,2	9749	9750
P127,1	9751	9751
P110,1	9752	9752
P64,2	9753	9754
P111,1	9755	9755
P48,2	9756	9757
P49,2	9758	9759
P169,2	9760	9761
P95,2	9762	9763
P148,1	9764	9765
P96,2	9766	9767
P129,2	9768	9769
P113,2	9770	9771
P84,2	9772	9773
P130,2	9774	9775
P173,1	9776	9777
P35,2	9778	9779
P83,3	9780	9781
P133,2	9782	9783
P149,2	9784	9785
P33,3	9786	9787
P177,1	9788	9789
P97,2	9790	9791
P98,1	9792	9793
P151,2	9794	9795
P67,2	9796	9797
P152,1	9798	9799
P154,1	9800	9801
P153,2	9802	9803
P180,1	9804	9805
P7,2	9806	9807
P100,2	9808	9809
P183,2	9810	9811
P102,2	9812	9813
P54,2	9814	9815
P53,3	9816	9817
P156,1	9818	9819
P76,2	9820	9821
P103,3	9822	9823
P28,2	9824	9825
P29,3	9826	9827
P120,1	9828	9829
P139,2	9830	9831
P118,2	9832	9833
P141,3	9834	9835
P157,1	9836	9837
P190,2	9838	9839
P160,1	9840	9841
P189,2	9842	9843
P123,2	9844	9845
P26,2	9846	9847
P63,2	9848	9849
P69,2	9850	9851
P162,2	9852	9853
P192,2	9854	9855
P194,3	9856	9857
P78,2	9858	9859
P4,2	9860	9861
P40,3	9862	9863
P24,3	9864	9865
P80,2	9866	9867
P38,2	9868	9869
P55,2	9870	9871
P195,2	9872	9873
P131,3	9874	9875
P146,2	9876	9877
P124,2	9878	9879
P107,2	9880	9881
P48,2	9882	9883
P49,2	9884	9885
P15,3	9886	9887
P95,2	9888	9889
P115,2	9890	9891
P81,2	9892	9893
P199,1	9894	9895
P200,2	9896	9897
P31,2	9898	9899
P85,1	9900	9900
P34,2	9901	9902
P112,2	9903	9904
P86,3	9905	9906
P75,2	9907	9908
P60,2	9909	9910
P132,2	9911	9912
P176,2	9913	9914
P58,2	9915	9916
P36,2	9917	9918
P65,2	9919	9920
P66,2	9921	9922
P152,1	9923	9924
P50,2	9925	9926
P116,3	9927	9928
P2,2	9929	9930
P182,2	9931	9932
P184,1	9933	9934
P134,2	9935	9936
P181,2	9937	9938
P137,1	9939	9940
P44,2	9941	9942
P185,2	9943	9944
P43,2	9945	9946
P101,2	9947	9948
P99,2	9949	9950
P29,3	9951	9952
P120,1	9953	9954
P139,2	9955	9956
P118,2	9957	9958
P141,3	9959	9960
P157,1	9961	9962
P190,2	9963	9964
P160,1	9965	9966
P189,2	9967	9968
P123,2	9969	9970
P26,2	9971	9972
P63,2	9973	9973
P17,2	9974	9975
P162,2	9976	9977
P122,2	9978	9979
P25,2	9980	9981
P106,1	9982	9983
P125,2	9984	9985
P4,2	9986	9987
P40,3	9988	9989
P24,3	9990	9991
P80,2	9992	9993
P38,2	9994	9995
P55,2	9996	9997
P195,2	9998	9999
P108,2	10000	10001
P126,2	10002	10003
P64,2	10004	10005
P109,2	10006	10007
P171,1	10008	10009
P111,2	10010	10011
P13,2	10012	10013
P169,3	10014	10015
P148,1	10016	10017
P96,2	10018	10019
P129,2	10020	10021
P113,2	10022	10023
P84,2	10024	10025
P130,2	10026	10027
P173,1	10028	10029
P35,2	10030	10031
P83,3	10032	10033
P133,2	10034	10035
P149,2	10036	10037
P33,3	10038	10039
P58,2	10040	10041
P36,2	10042	10043
P177,2	10044	10045
P151,2	10046	10047
P88,2	10048	10049
P67,3	10050	10051
P154,1	10052	10053
P153,2	10054	10055
P180,1	10056	10057
P7,2	10058	10059
P100,2	10060	10061
P183,2	10062	10063
P102,2	10064	10065
P54,2	10066	10067
P53,3	10068	10069
P43,2	10070	10071
P156,2	10072	10073
P103,3	10074	10075
P28,2	10076	10077
P46,3	10078	10079
P16,2	10080	10081
P119,2	10082	10083
P138,2	10084	10084
P161,3	10085	10086
P61,2	10087	10088
P19,3	10089	10090
P159,3	10091	10092
P188,1	10093	10094
P21,2	10095	10096
P30,2	10097	10098
P69,2	10099	10100
P143,2	10101	10102
P192,2	10103	10104
P194,3	10105	10106
P78,2	10107	10108
P22,2	10109	10110
P144,2	10111	10112
P92,1	10113	10114
P127,2	10115	10116
P91,2	10117	10118
P55,2	10119	10120
P195,2	10121	10122
P108,2	10123	10124
P126,2	10125	10126
P64,2	10127	10128
P109,2	10129	10130
P171,1	10131	10131
P111,2	10132	10133
P13,2	10134	10135
P169,3	10136	10137
P148,1	10138	10139
P96,2	10140	10141
P129,2	10142	10143
P113,2	10144	10145
P84,2	10146	10147
P130,2	10148	10149
P173,1	10150	10151
P35,2	10152	10153
P83,3	10154	10155
P133,2	10156	10157
P149,2	10158	10159
P33,3	10160	10161
P58,2	10162	10163
P36,2	10164	10165
P177,2	10166	10167
P151,2	10168	10169
P88,2	10170	10171
P67,3	10172	10173
P154,1	10174	10175
P153,2	10176	10177
P180,1	10178	10179
P7,2	10180	10181
P100,2	10182	10183
P183,2	10184	10185
P102,2	10186	10187
P54,2	10188	10189
P53,3	10190	10191
P43,2	10192	10193
P156,2	10194	10195
P103,3	10196	10197
P28,2	10198	10199
P46,3	10200	10201
P16,2	10202	10203
P119,2	10204	10205
P141,3	10206	10207
P157,1	10208	10209
P190,2	10210	10211
P160,1	10212	10212
P159,3	10213	10214
P188,1	10215	10216
P21,2	10217	10218
P30,2	10219	10220
P106,2	10221	10222
P162,2	10223	10224
P122,2	10225	10226
P25,2	10227	10228
P78,2	10229	10230
P22,2	10231	10232
P144,2	10233	10234
P92,1	10235	10236
P127,2	10237	10238
P91,2	10239	10240
P171,2	10241	10242
P41,3	10243	10244
P131,3	10245	10246
P146,2	10247	10248
P124,2	10249	10250
P107,2	10251	10252
P48,2	10253	10254
P111,2	10255	10256
P13,2	10257	10258
P169,3	10259	10260
P148,1	10261	10262
P96,2	10263	10264
P129,2	10265	10266
P113,2	10267	10268
P84,2	10269	10270
P130,2	10271	10272
P173,1	10273	10274
P35,2	10275	10276
P83,3	10277	10278
P133,2	10279	10280
P149,2	10281	10282
P33,3	10283	10284
P58,2	10285	10286
P36,2	10287	10288
P177,2	10289	10290
P151,2	10291	10292
P88,2	10293	10294
P67,3	10295	10296
P154,1	10297	10298
P153,2	10299	10300
P180,1	10301	10302
P7,2	10303	10304
P100,2	10305	10306
P183,2	10307	10308
P102,2	10309	10310
P54,2	10311	10312
P53,3	10313	10314
P43,2	10315	10316
P156,2	10317	10318
P103,3	10319	10320
P28,3	10321	10322
P46,3	10323	10324
P16,2	10325	10326
P119,2	10327	10327
P141,3	10328	10329
P157,1	10330	10331
P190,2	10332	10333
P159,3	10334	10335
P188,1	10336	10337
P21,2	10338	10339
P30,2	10340	10341
P106,2	10342	10343
P162,2	10344	10345
P122,2	10346	10347
P25,2	10348	10349
P78,2	10350	10351
P22,2	10352	10353
P40,3	10354	10355
P144,3	10356	10357
P80,2	10358	10359
P91,2	10360	10361
P171,2	10362	10363
P41,3	10364	10365
P131,3	10366	10367
P146,2	10368	10369
P124,2	10370	10371
P107,2	10372	10373
P48,2	10374	10375
P111,2	10376	10377
P13,2	10378	10379
P169,3	10380	10381
P148,1	10382	10383
P96,2	10384	10385
P129,2	10386	10387
P113,2	10388	10389
P84,2	10390	10391
P130,2	10392	10393
P173,1	10394	10395
P35,2	10396	10397
P83,3	10398	10399
P133,2	10400	10401
P149,2	10402	10403
P33,3	10404	10405
P58,2	10406	10407
P36,2	10408	10409
P177,2	10410	10411
P151,2	10412	10413
P88,2	10414	10415
P67,3	10416	10417
P116,3	10418	10419
P153,2	10420	10421
P180,1	10422	10423
P7,2	10424	10424
P184,1	10425	10426
P134,2	10427	10428
P181,2	10429	10430
P137,2	10431	10432
P44,2	10433	10434
P185,2	10435	10436
P76,2	10437	10438
P101,2	10439	10440
P99,2	10441	10442
P29,3	10443	10444
P120,1	10445	10446
P139,2	10447	10448
P141,3	10449	10450
P157,1	10451	10452
P190,2	10453	10454
P159,3	10455	10456
P188,1	10457	10458
P21,2	10459	10460
P30,2	10461	10462
P106,2	10463	10464
P162,2	10465	10466
P122,2	10467	10468
P25,2	10469	10470
P78,2	10471	10472
P22,2	10473	10474
P40,3	10475	10476
P144,3	10477	10478
P80,2	10479	10480
P91,2	10481	10482
P171,2	10483	10484
P41,3	10485	10486
P131,3	10487	10488
P146,2	10489	10490
P124,2	10491	10492
P107,2	10493	10494
P48,2	10495	10496
P111,2	10497	10498
P13,2	10499	10500
P169,3	10501	10502
P148,1	10503	10504
P96,2	10505	10506
P129,2	10507	10508
P113,2	10509	10510
P84,2	10511	10512
P130,2	10513	10514
P173,1	10515	10516
P35,2	10517	10518
P83,3	10519	10520
P133,2	10521	10522
P149,2	10523	10524
P33,3	10525	10526
P58,2	10527	10528
P36,2	10529	10530
P65,2	10531	10532
P151,2	10533	10534
P88,2	10535	10536
P67,3	10537	10538
P116,3	10539	10540
P153,2	10541	10542
P180,1	10543	10544
P184,1	10545	10546
P134,2	10547	10548
P102,2	10549	10550
P54,2	10551	10552
P53,3	10553	10554
P43,2	10555	10556
P156,2	10557	10558
P99,2	10559	10560
P29,3	10561	10562
P16,2	10563	10564
P118,2	10565	10566
P141,3	10567	10568
P157,1	10569	10569
P61,2	10570	10571
P19,3	10572	10573
P189,2	10574	10575
P188,2	10576	10577
P26,2	10578	10579
P17,2	10580	10581
P69,2	10582	10583
P143,2	10584	10585
P192,2	10586	10587
P194,3	10588	10589
P125,2	10590	10591
P40,3	10592	10593
P144,3	10594	10595
P80,2	10596	10597
P91,2	10598	10599
P171,2	10600	10601
P41,3	10602	10603
P131,3	10604	10605
P146,2	10606	10607
P124,2	10608	10609
P107,2	10610	10611
P48,2	10612	10613
P15,3	10614	10615
P13,2	10616	10617
P169,3	10618	10619
P148,1	10620	10621
P96,2	10622	10623
P129,2	10624	10625
P113,2	10626	10627
P84,2	10628	10629
P130,2	10630	10631
P173,1	10632	10633
P35,2	10634	10635
P83,3	10636	10637
P133,2	10638	10639
P149,2	10640	10641
P33,3	10642	10643
P58,2	10644	10645
P36,2	10646	10647
P65,2	10648	10649
P151,2	10650	10651
P88,2	10652	10653
P67,3	10654	10655
P116,3	10656	10657
P153,2	10658	10659
P180,1	10660	10661
P184,1	10662	10663
P134,2	10664	10665
P102,2	10666	10667
P54,2	10668	10669
P53,3	10670	10671
P43,2	10672	10673
P156,2	10674	10675
P99,2	10676	10677
P29,3	10678	10679
P16,2	10680	10681
P118,2	10682	10683
P141,3	10684	10685
P61,2	10686	10687
P19,3	10688	10689
P189,2	10690	10691
P188,2	10692	10693
P26,2	10694	10695
P17,2	10696	10697
P69,2	10698	10699
P143,2	10700	10701
P192,2	10702	10703
P194,3	10704	10705
P125,2	10706	10707
P40,3	10708	10709
P144,3	10710	10711
P80,2	10712	10713
P91,2	10714	10715
P171,2	10716	10717
P41,3	10718	10719
P131,3	10720	10721
P146,2	10722	10723
P124,2	10724	10725
P107,2	10726	10727
P48,2	10728	10729
P15,3	10730	10731
P13,2	10732	10733
P169,3	10734	10735
P148,1	10736	10736
P96,2	10737	10738
P200,2	10739	10740
P31,2	10741	10742
P85,2	10743	10744
P34,2	10745	10746
P112,2	10747	10748
P86,3	10749	10750
P75,2	10751	10752
P60,2	10753	10754
P132,2	10755	10756
P176,2	10757	10758
P97,2	10759	10760
P177,2	10761	10762
P98,2	10763	10764
P66,2	10765	10766
P67,3	10767	10768
P116,3	10769	10770
P152,2	10771	10772
P2,2	10773	10774
P184,1	10775	10776
P134,2	10777	10778
P102,2	10779	10780
P54,2	10781	10782
P53,3	10783	10784
P43,2	10785	10786
P156,2	10787	10788
P99,2	10789	10790
P29,3	10791	10792
P16,2	10793	10794
P118,2	10795	10796
P141,3	10797	10798
P61,2	10799	10800
P19,3	10801	10802
P189,2	10803	10804
P188,2	10805	10806
P26,2	10807	10808
P17,2	10809	10810
P69,2	10811	10812
P143,2	10813	10814
P192,2	10815	10816
P194,3	10817	10818
P125,2	10819	10820
P40,3	10821	10822
P144,3	10823	10824
P80,2	10825	10826
P91,2	10827	10828
P171,2	10829	10830
P41,3	10831	10832
P108,2	10833	10834
P126,2	10835	10836
P64,2	10837	10838
P109,2	10839	10840
P111,2	10841	10842
P49,3	10843	10844
P95,2	10845	10846
P115,2	10847	10848
P96,2	10849	10850
P173,2	10851	10852
P113,2	10853	10854
P84,2	10855	10855
P130,2	10856	10857
P112,2	10858	10859
P86,3	10860	10860
P83,3	10861	10862
P133,2	10863	10864
P149,2	10865	10866
P33,3	10867	10868
P58,2	10869	10870
P36,2	10871	10872
P65,2	10873	10874
P151,2	10875	10876
P88,2	10877	10878
P50,2	10879	10880
P154,2	10881	10882
P153,2	10883	10884
P182,2	10885	10886
P134,2	10887	10888
P102,2	10889	10890
P54,2	10891	10892
P53,3	10893	10894
P43,2	10895	10896
P156,2	10897	10898
P99,2	10899	10900
P29,3	10901	10902
P16,2	10903	10904
P118,2	10905	10906
P141,3	10907	10908
P61,2	10909	10910
P19,3	10911	10912
P189,2	10913	10913
P188,2	10914	10915
P26,2	10916	10917
P17,2	10918	10919
P69,2	10920	10921
P143,2	10922	10923
P192,2	10924	10925
P194,3	10926	10927
P195,3	10928	10929
P4,2	10930	10931
P24,3	10932	10933
P127,2	10934	10935
P92,2	10936	10937
P38,2	10938	10939
P55,2	10940	10941
P131,3	10942	10943
P146,2	10944	10945
P64,2	10946	10947
P109,2	10948	10949
P111,2	10950	10951
P49,3	10952	10953
P95,2	10954	10955
P115,2	10956	10957
P96,2	10958	10959
P173,2	10960	10961
P113,2	10962	10963
P85,2	10964	10965
P34,2	10966	10967
P35,2	10968	10969
P75,2	10970	10971
P60,2	10972	10973
P132,2	10974	10975
P176,2	10976	10977
P97,2	10978	10979
P177,2	10980	10981
P98,2	10982	10983
P66,2	10984	10985
P67,3	10986	10987
P50,2	10988	10989
P154,2	10990	10991
P153,2	10992	10993
P182,2	10994	10995
P134,2	10996	10997
P102,2	10998	10999
P54,2	11000	11001
P53,3	11002	11003
P43,2	11004	11005
P156,2	11006	11007
P99,2	11008	11009
P29,3	11010	11011
P139,2	11012	11013
P120,2	11014	11015
P161,3	11016	11017
P19,3	11018	11019
P123,2	11020	11021
P26,2	11022	11023
P17,2	11024	11025
P69,2	11026	11027
P143,2	11028	11029
P192,2	11030	11031
P194,3	11032	11033
P195,3	11034	11035
P4,2	11036	11037
P24,3	11038	11039
P127,2	11040	11041
P92,2	11042	11043
P38,2	11044	11045
P55,2	11046	11047
P131,3	11048	11049
P146,2	11050	11051
P64,2	11052	11053
P109,2	11054	11055
P111,2	11056	11057
P49,3	11058	11059
P95,2	11060	11061
P115,2	11062	11063
P96,2	11064	11065
P173,2	11066	11067
P113,2	11068	11069
P85,2	11070	11071
P34,2	11072	11073
P35,2	11074	11075
P75,2	11076	11077
P60,2	11078	11079
P132,2	11080	11081
P176,2	11082	11083
P97,2	11084	11085
P177,2	11086	11087
P98,2	11088	11089
P66,2	11090	11091
P67,3	11092	11093
P50,2	11094	11095
P154,2	11096	11097
P153,2	11098	11099
P182,2	11100	11101
P134,2	11102	11103
P102,2	11104	11105
P44,2	11106	11107
P185,2	11108	11109
P76,2	11110	11111
P189,3	11112	11113
P28,3	11114	11115
P46,3	11116	11117
P118,2	11118	11119
P141,3	11120	11121
P61,2	11122	11123
P159,3	11124	11125
P188,2	11126	11127
P30,2	11128	11129
P106,2	11130	11131
P162,2	11132	11133
P122,2	11134	11135
P25,2	11136	11137
P78,2	11138	11139
P125,2	11140	11141
P40,3	11142	11143
P144,3	11144	11145
P80,2	11146	11147
P91,2	11148	11148
P171,2	11149	11150
P41,3	11151	11152
P108,2	11153	11154
P126,2	11155	11156
P107,2	11157	11158
P48,2	11159	11160
P15,3	11161	11162
P13,2	11163	11164
P169,3	11165	11166
P81,2	11167	11168
P173,2	11169	11170
P113,2	11171	11172
P85,2	11173	11174
P34,2	11175	11176
P35,2	11177	11178
P75,2	11179	11180
P60,2	11181	11182
P132,2	11183	11184
P176,2	11185	11186
P36,2	11187	11188
P177,2	11189	11190
P98,2	11191	11192
P66,2	11193	11194
P67,3	11195	11196
P50,2	11197	11198
P154,2	11199	11200
P153,2	11201	11202
P100,2	11203	11204
P181,2	11205	11206
P137,2	11207	11208
P53,3	11209	11210
P43,2	11211	11212
P156,2	11213	11214
P99,2	11215	11216
P29,3	11217	11218
P139,2	11219	11220
P120,2	11221	11222
P161,3	11223	11224
P19,3	11225	11226
P123,2	11227	11228
P26,2	11229	11230
P17,2	11231	11232
P69,2	11233	11234
P143,2	11235	11236
P192,2	11237	11238
P194,3	11239	11240
P195,3	11241	11242
P38,3	11243	11244
P4,2	11245	11246
P24,3	11247	11248
P127,2	11249	11250
P92,2	11251	11252
P55,2	11253	11254
P131,3	11255	11256
P146,2	11257	11258
P64,2	11259	11260
P109,2	11261	11262
P111,2	11263	11264
P49,3	11265	11266
P95,2	11267	11268
P115,2	11269	11270
P96,2	11271	11272
P200,2	11273	11274
P31,2	11275	11276
P130,2	11277	11278
P35,2	11279	11280
P75,2	11281	11282
P60,2	11283	11284
P132,2	11285	11286
P176,2	11287	11288
P36,2	11289	11290
P177,2	11291	11292
P98,2	11293	11294
P66,2	11295	11296
P67,3	11297	11298
P50,2	11299	11300
P154,2	11301	11302
P153,2	11303	11304
P100,2	11305	11306
P181,2	11307	11308
P137,2	11309	11310
P53,3	11311	11312
P43,2	11313	11314
P156,2	11315	11316
P99,2	11317	11318
P29,3	11319	11320
P139,2	11321	11321
P118,2	11322	11323
P141,3	11324	11325
P61,2	11326	11327
P159,3	11328	11329
P26,2	11330	11331
P17,2	11332	11333
P69,2	11334	11335
P143,2	11336	11337
P192,2	11338	11339
P194,3	11340	11341
P195,3	11342	11343
P38,3	11344	11345
P4,2	11346	11347
P144,3	11348	11349
P80,2	11350	11350
P92,2	11351	11352
P55,2	11353	11354
P131,3	11355	11356
P146,2	11357	11358
P34,3	11359	11360
P107,2	11361	11362
P48,2	11363	11364
P15,3	11365	11366
P13,2	11367	11368
P169,3	11369	11370
P81,2	11371	11372
P173,2	11373	11374
P113,2	11375	11376
P85,2	11377	11378
P112,2	11379	11380
P83,3	11381	11382
P60,2	11383	11384
P149,2	11385	11386
P33,3	11387	11388
P97,2	11389	11390
P58,3	11391	11392
P65,2	11393	11394
P151,2	11395	11396
P88,2	11397	11398
P184,2	11399	11400
P116,3	11401	11402
P152,2	11403	11404
P2,2	11405	11406
P134,2	11407	11408
P102,2	11409	11410
P44,2	11411	11412
P185,2	11413	11414
P76,2	11415	11416
P189,3	11417	11418
P28,3	11419	11420
P123,3	11421	11422
P46,3	11423	11424
P120,2	11425	11426
P161,3	11427	11428
P19,3	11429	11430
P188,2	11431	11432
P30,2	11433	11434
P106,2	11435	11436
P162,2	11437	11438
P122,2	11439	11440
P80,3	11441	11442
P194,3	11443	11444
P195,3	11445	11446
P38,3	11447	11448
P4,2	11449	11450
P144,3	11451	11452
P92,2	11453	11454
P55,2	11455	11456
P131,3	11457	11458
P146,2	11459	11460
P34,3	11461	11462
P107,2	11463	11464
P48,2	11465	11466
P15,3	11467	11468
P13,2	11469	11470
P169,3	11471	11472
P81,2	11473	11474
P173,2	11475	11476
P113,2	11477	11478
P85,2	11479	11480
P112,2	11481	11482
P83,3	11483	11484
P60,2	11485	11486
P149,2	11487	11488
P33,3	11489	11490
P97,2	11491	11492
P58,3	11493	11494
P65,2	11495	11496
P151,2	11497	11498
P88,2	11499	11500
P184,2	11501	11502
P116,3	11503	11504
P152,2	11505	11506
P2,2	11507	11507
P134,2	11508	11509
P102,2	11510	11511
P44,2	11512	11513
P185,2	11514	11515
P76,2	11516	11517
P189,3	11518	11519
P28,3	11520	11521
P123,3	11522	11523
P46,3	11524	11525
P120,2	11526	11527
P161,3	11528	11529
P19,3	11530	11531
P188,2	11532	11533
P30,2	11534	11535
P106,2	11536	11537
P162,2	11538	11539
P122,2	11540	11541
P80,3	11542	11543
P194,3	11544	11545
P195,3	11546	11547
P38,3	11548	11549
P4,2	11550	11551
P144,3	11552	11553
P92,2	11554	11555
P55,2	11556	11557
P131,3	11558	11559
P146,2	11560	11561
P34,3	11562	11563
P107,2	11564	11565
P48,2	11566	11567
P15,3	11568	11569
P95,2	11570	11571
P115,2	11572	11573
P96,2	11574	11575
P200,2	11576	11577
P31,2	11578	11579
P130,2	11580	11581
P35,2	11582	11583
P133,2	11584	11585
P75,3	11586	11587
P132,2	11588	11589
P176,2	11590	11591
P36,2	11592	11593
P177,2	11594	11595
P98,2	11596	11597
P66,2	11598	11599
P67,3	11600	11601
P116,3	11602	11603
P152,2	11604	11605
P100,2	11606	11607
P134,2	11608	11609
P137,2	11610	11611
P53,3	11612	11613
P43,2	11614	11615
P156,2	11616	11617
P189,3	11618	11619
P28,3	11620	11621
P123,3	11622	11623
P120,2	11624	11625
P161,3	11626	11627
P19,3	11628	11629
P188,2	11630	11631
P30,2	11632	11632
P106,2	11633	11634
P162,2	11635	11636
P122,2	11637	11638
P80,3	11639	11640
P78,2	11641	11642
P91,3	11643	11644
P125,2	11645	11646
P144,3	11647	11648
P92,2	11649	11650
P55,2	11651	11652
P4,3	11653	11654
P108,2	11655	11656
P126,2	11657	11658
P64,2	11659	11660
P109,2	11661	11662
P111,2	11663	11664
P49,3	11665	11666
P169,3	11667	11668
P81,2	11669	11670
P173,2	11671	11672
P113,2	11673	11674
P85,2	11675	11676
P112,2	11677	11678
P83,3	11679	11680
P60,2	11681	11682
P149,2	11683	11684
P33,3	11685	11686
P97,2	11687	11688
P58,3	11689	11690
P65,2	11691	11691
P98,2	11692	11693
P66,2	11694	11695
P67,3	11696	11697
P116,3	11698	11699
P152,2	11700	11701
P100,2	11702	11703
P134,2	11704	11705
P137,2	11706	11707
P53,3	11708	11709
P43,2	11710	11711
P156,2	11712	11713
P189,3	11714	11715
P28,3	11716	11717
P123,3	11718	11719
P120,2	11720	11721
P61,2	11722	11723
P159,3	11724	11725
P26,2	11726	11727
P106,2	11728	11729
P162,2	11730	11731
P122,2	11732	11733
P30,3	11734	11735
P25,2	11736	11737
P195,3	11738	11739
P38,3	11740	11741
P40,3	11742	11743
P127,2	11744	11745
P171,2	11746	11747
P41,3	11748	11749
P131,3	11750	11751
P146,2	11752	11753
P34,3	11754	11755
P107,2	11756	11757
P48,2	11758	11759
P15,3	11760	11761
P95,2	11762	11763
P81,2	11764	11765
P173,2	11766	11767
P113,2	11768	11769
P130,2	11770	11771
P35,2	11772	11773
P83,3	11774	11775
P60,2	11776	11777
P149,2	11778	11779
P33,3	11780	11781
P97,2	11782	11783
P177,2	11784	11785
P151,2	11786	11787
P88,2	11788	11789
P184,2	11790	11791
P154,2	11792	11793
P153,2	11794	11795
P50,3	11796	11797
P181,2	11798	11799
P44,2	11800	11801
P185,2	11802	11803
P76,2	11804	11805
P102,3	11806	11807
P99,2	11808	11809
P139,3	11810	11811
P118,2	11812	11813
P161,3	11814	11815
P19,3	11816	11817
P188,2	11818	11819
P17,2	11820	11821
P69,2	11822	11823
P143,2	11824	11825
P192,2	11826	11827
P80,3	11828	11829
P78,2	11830	11831
P91,3	11832	11833
P125,2	11834	11835
P144,3	11836	11837
P92,2	11838	11839
P55,2	11840	11841
P4,3	11842	11843
P108,2	11844	11845
P126,2	11846	11847
P64,2	11848	11849
P109,2	11850	11851
P111,2	11852	11853
P15,3	11854	11855
P95,2	11856	11857
P81,2	11858	11859
P173,2	11860	11861
P113,2	11862	11863
P130,2	11864	11865
P35,2	11866	11867
P83,3	11868	11869
P60,2	11870	11871
P149,2	11872	11873
P33,3	11874	11875
P97,2	11876	11877
P177,2	11878	11879
P151,2	11880	11881
P88,2	11882	11883
P184,2	11884	11885
P154,2	11886	11887
P153,2	11888	11889
P50,3	11890	11891
P181,2	11892	11893
P44,2	11894	11895
P185,2	11896	11897
P156,2	11898	11899
P189,3	11900	11901
P28,3	11902	11903
P139,3	11904	11905
P118,2	11906	11907
P161,3	11908	11909
P19,3	11910	11911
P188,2	11912	11913
P17,2	11914	11915
P69,2	11916	11917
P143,2	11918	11919
P192,2	11920	11921
P80,3	11922	11923
P78,2	11924	11924
P195,3	11925	11926
P38,3	11927	11928
P40,3	11929	11930
P127,2	11931	11932
P171,2	11933	11934
P41,3	11935	11936
P131,3	11937	11938
P126,2	11939	11940
P64,2	11941	11942
P109,2	11943	11944
P111,2	11945	11946
P31,3	11947	11948
P49,3	11949	11950
P115,2	11951	11952
P96,2	11953	11954
P200,2	11955	11956
P85,2	11957	11958
P112,2	11959	11960
P65,3	11961	11962
P133,2	11963	11964
P75,3	11965	11966
P132,2	11967	11968
P176,2	11969	11970
P58,3	11971	11972
P151,2	11973	11974
P88,2	11975	11976
P184,2	11977	11978
P154,2	11979	11980
P153,2	11981	11982
P50,3	11983	11984
P181,2	11985	11986
P44,2	11987	11987
P53,3	11988	11989
P76,2	11990	11991
P102,3	11992	11993
P99,2	11994	11995
P43,3	11996	11997
P123,3	11998	11999
P120,2	12000	12001
P61,2	12002	12003
P159,3	12004	12005
P26,2	12006	12007
P106,2	12008	12009
P162,2	12010	12011
P78,3	12012	12013
P192,2	12014	12015
P80,3	12016	12017
P195,3	12018	12019
P38,3	12020	12021
P40,3	12022	12023
P127,2	12024	12025
P171,2	12026	12027
P41,3	12028	12029
P131,3	12030	12031
P126,2	12032	12033
P64,2	12034	12035
P109,2	12036	12037
P111,2	12038	12039
P31,3	12040	12041
P95,2	12042	12043
P81,2	12044	12045
P173,2	12046	12047
P113,2	12048	12049
P130,2	12050	12051
P112,2	12052	12053
P65,3	12054	12055
P133,2	12056	12057
P75,3	12058	12059
P33,3	12060	12061
P176,2	12062	12063
P58,3	12064	12065
P151,2	12066	12067
P88,2	12068	12069
P184,2	12070	12071
P154,2	12072	12073
P153,2	12074	12075
P50,3	12076	12077
P181,2	12078	12079
P53,3	12080	12081
P76,2	12082	12083
P102,3	12084	12085
P99,2	12086	12087
P43,3	12088	12089
P123,3	12090	12091
P120,2	12092	12093
P61,2	12094	12095
P159,3	12096	12097
P26,2	12098	12099
P106,2	12100	12101
P162,2	12102	12103
P78,3	12104	12105
P192,2	12106	12107
P80,3	12108	12109
P195,3	12110	12111
P38,3	12112	12113
P40,3	12114	12115
P127,2	12116	12117
P171,2	12118	12119
P41,3	12120	12121
P131,3	12122	12123
P34,3	12124	12125
P107,2	12126	12127
P48,2	12128	12129
P146,3	12130	12131
P49,3	12132	12133
P95,3	12134	12135
P96,2	12136	12137
P200,2	12138	12139
P85,2	12140	12141
P177,3	12142	12143
P65,3	12144	12145
P133,2	12146	12147
P75,3	12148	12149
P33,3	12150	12151
P176,2	12152	12153
P58,3	12154	12155
P151,2	12156	12157
P88,2	12158	12159
P184,2	12160	12161
P154,2	12162	12163
P153,2	12164	12165
P50,3	12166	12167
P181,2	12168	12169
P53,3	12170	12171
P76,2	12172	12173
P102,3	12174	12175
P99,2	12176	12177
P43,3	12178	12179
P123,3	12180	12181
P120,2	12182	12183
P61,2	12184	12185
P159,3	12186	12187
P26,2	12188	12189
P106,2	12190	12191
P162,2	12192	12193
P78,3	12194	12195
P192,2	12196	12197
P80,3	12198	12199
P195,3	12200	12201
P38,3	12202	12203
P40,3	12204	12205
P127,2	12206	12207
P171,2	12208	12209
P41,3	12210	12211
P131,3	12212	12213
P34,3	12214	12215
P107,2	12216	12217
P48,2	12218	12219
P146,3	12220	12221
P49,3	12222	12223
P95,3	12224	12225
P96,2	12226	12227
P200,2	12228	12229
P85,2	12230	12231
P177,3	12232	12233
P65,3	12234	12235
P133,2	12236	12237
P75,3	12238	12239
P33,3	12240	12241
P176,2	12242	12243
P58,3	12244	12245
P151,2	12246	12247
P88,2	12248	12249
P184,2	12250	12251
P154,2	12252	12253
P153,2	12254	12255
P50,3	12256	12257
P181,2	12258	12259
P53,3	12260	12261
P76,2	12262	12263
P102,3	12264	12265
P99,2	12266	12267
P43,3	12268	12269
P123,3	12270	12271
P120,2	12272	12273
P61,2	12274	12275
P188,2	12276	12277
P17,2	12278	12279
P69,2	12280	12281
P143,2	12282	12283
P122,3	12284	12285
P30,3	12286	12287
P25,2	12288	12289
P91,3	12290	12291
P125,2	12292	12293
P144,3	12294	12295
P92,2	12296	12297
P55,2	12298	12299
P4,3	12300	12301
P126,2	12302	12303
P64,2	12304	12305
P109,2	12306	12307
P111,2	12308	12309
P31,3	12310	12311
P115,2	12312	12313
P81,2	12314	12315
P173,2	12316	12317
P85,2	12318	12319
P177,3	12320	12321
P65,3	12322	12323
P133,2	12324	12325
P75,3	12326	12327
P33,3	12328	12329
P176,2	12330	12331
P58,3	12332	12333
P151,2	12334	12335
P88,2	12336	12337
P184,2	12338	12339
P154,2	12340	12341
P153,2	12342	12343
P50,3	12344	12345
P181,2	12346	12347
P53,3	12348	12349
P76,2	12350	12351
P102,3	12352	12353
P99,2	12354	12355
P43,3	12356	12357
P123,3	12358	12359
P120,2	12360	12361
P61,2	12362	12363
P188,2	12364	12365
P17,2	12366	12367
P69,2	12368	12369
P143,2	12370	12371
P122,3	12372	12373
P80,3	12374	12375
P195,3	12376	12377
P38,3	12378	12379
P40,3	12380	12381
P127,2	12382	12383
P171,2	12384	12384
P41,3	12385	12386
P131,3	12387	12388
P34,3	12389	12390
P107,2	12391	12392
P48,2	12393	12394
P146,3	12395	12396
P49,3	12397	12398
P95,3	12399	12400
P96,2	12401	12402
P200,2	12403	12404
P130,2	12405	12406
P35,2	12407	12408
P83,3	12409	12410
P112,3	12411	12412
P132,2	12413	12414
P149,3	12415	12416
P97,2	12417	12418
P98,2	12419	12420
P88,2	12421	12421
P184,2	12422	12423
P154,2	12424	12425
P153,2	12426	12427
P50,3	12428	12429
P137,2	12430	12431
P76,2	12432	12433
P102,3	12434	12435
P99,2	12436	12437
P43,3	12438	12439
P123,3	12440	12441
P120,2	12442	12443
P61,2	12444	12445
P188,2	12446	12447
P17,2	12448	12449
P69,2	12450	12451
P143,2	12452	12453
P122,3	12454	12455
P80,3	12456	12457
P195,3	12458	12459
P38,3	12460	12461
P40,3	12462	12463
P127,2	12464	12465
P55,2	12466	12466
P4,3	12467	12468
P126,2	12469	12470
P64,2	12471	12472
P109,2	12473	12474
P111,2	12475	12476
P31,3	12477	12478
P115,2	12479	12480
P95,3	12481	12482
P96,2	12483	12484
P200,2	12485	12486
P130,2	12487	12488
P35,2	12489	12490
P83,3	12491	12492
P75,3	12493	12494
P149,3	12495	12496
P97,2	12497	12498
P132,3	12499	12500
P66,2	12501	12501
P67,3	12502	12503
P116,3	12504	12505
P152,2	12506	12507
P100,2	12508	12509
P181,2	12510	12511
P76,2	12512	12513
P102,3	12514	12515
P99,2	12516	12517
P43,3	12518	12519
P123,3	12520	12521
P120,2	12522	12523
P61,2	12524	12525
P188,2	12526	12527
P17,2	12528	12529
P69,2	12530	12531
P143,2	12532	12533
P122,3	12534	12535
P80,3	12536	12537
P195,3	12538	12539
P38,3	12540	12541
P40,3	12542	12543
P127,2	12544	12545
P41,3	12546	12547
P131,3	12548	12549
P34,3	12550	12551
P107,2	12552	12553
P48,2	12554	12554
P146,3	12555	12556
P49,3	12557	12558
P133,3	12559	12560
P81,2	12561	12562
P173,2	12563	12564
P85,2	12565	12566
P177,3	12567	12568
P65,3	12569	12570
P112,3	12571	12572
P33,3	12573	12574
P176,2	12575	12576
P58,3	12577	12578
P132,3	12579	12580
P184,2	12581	12582
P154,2	12583	12584
P153,2	12585	12586
P50,3	12587	12588
P137,2	12589	12589
P156,2	12590	12591
P189,3	12592	12593
P28,3	12594	12595
P139,3	12596	12597
P118,2	12598	12599
P161,3	12600	12601
P19,3	12602	12603
P26,2	12604	12605
P106,2	12606	12607
P162,2	12608	12609
P78,3	12610	12611
P30,3	12612	12613
P25,2	12614	12615
P91,3	12616	12617
P125,2	12618	12619
P144,3	12620	12621
P92,2	12622	12623
P4,3	12624	12625
P126,2	12626	12627
P64,2	12628	12629
P109,2	12630	12631
P146,3	12632	12633
P49,3	12634	12635
P133,3	12636	12637
P81,2	12638	12639
P173,2	12640	12641
P85,2	12642	12643
P177,3	12644	12645
P65,3	12646	12647
P112,3	12648	12649
P33,3	12650	12651
P176,2	12652	12653
P58,3	12654	12655
P137,3	12656	12657
P67,3	12658	12659
P154,2	12660	12660
P152,2	12661	12662
P100,2	12663	12664
P181,2	12665	12666
P156,2	12667	12668
P189,3	12669	12670
P28,3	12671	12672
P139,3	12673	12674
P118,2	12675	12676
P161,3	12677	12678
P19,3	12679	12680
P26,2	12681	12682
P106,2	12683	12684
P162,2	12685	12686
P78,3	12687	12688
P30,3	12689	12690
P25,2	12691	12692
P91,3	12693	12694
P125,2	12695	12696
P144,3	12697	12698
P92,2	12699	12700
P131,3	12701	12702
P34,3	12703	12704
P107,2	12705	12706
P111,2	12707	12708
P31,3	12709	12710
P115,2	12711	12712
P95,3	12713	12714
P96,2	12715	12716
P200,2	12717	12718
P130,2	12719	12720
P35,2	12721	12722
P83,3	12723	12724
P75,3	12725	12726
P149,3	12727	12728
P97,2	12729	12730
P137,3	12731	12732
P67,3	12733	12734
P152,2	12735	12736
P100,2	12737	12738
P181,2	12739	12740
P156,2	12741	12742
P189,3	12743	12744
P28,3	12745	12746
P139,3	12747	12748
P118,2	12749	12750
P161,3	12751	12752
P19,3	12753	12754
P26,2	12755	12756
P69,2	12757	12758
P162,2	12759	12760
P78,3	12761	12762
P30,3	12763	12764
P25,2	12765	12766
P91,3	12767	12768
P125,2	12769	12770
P144,3	12771	12772
P92,2	12773	12774
P131,3	12775	12776
P34,3	12777	12778
P107,2	12779	12780
P111,2	12781	12782
P31,3	12783	12784
P115,2	12785	12786
P95,3	12787	12788
P96,2	12789	12790
P200,2	12791	12792
P130,2	12793	12794
P35,2	12795	12796
P83,3	12797	12798
P75,3	12799	12800
P149,3	12801	12802
P97,2	12803	12804
P137,3	12805	12806
P67,3	12807	12808
P152,2	12809	12810
P100,2	12811	12812
P181,2	12813	12814
P102,3	12815	12816
P99,2	12817	12818
P43,3	12819	12820
P123,3	12821	12822
P120,2	12823	12824
P61,2	12825	12826
P188,2	12827	12828
P106,2	12829	12830
P17,3	12831	12832
P143,2	12833	12834
P122,3	12835	12836
P80,3	12837	12838
P195,3	12839	12840
P38,3	12841	12842
P144,3	12843	12844
P92,2	12845	12846
P131,3	12847	12848
P34,3	12849	12850
P107,2	12851	12852
P111,2	12853	12854
P31,3	12855	12856
P115,2	12857	12857
P133,3	12858	12859
P81,2	12860	12861
P173,2	12862	12863
P85,2	12864	12865
P177,3	12866	12867
P83,3	12868	12869
P75,3	12870	12871
P149,3	12872	12873
P97,2	12874	12875
P137,3	12876	12877
P67,3	12878	12879
P152,2	12880	12881
P100,2	12882	12883
P156,2	12884	12885
P189,3	12886	12887
P28,3	12888	12889
P139,3	12890	12891
P118,2	12892	12893
P161,3	12894	12895
P19,3	12896	12897
P26,2	12898	12899
P69,2	12900	12901
P162,2	12902	12903
P78,3	12904	12905
P30,3	12906	12907
P25,2	12908	12909
P91,3	12910	12911
P40,3	12912	12913
P92,2	12914	12915
P131,3	12916	12916
P34,3	12917	12918
P107,2	12919	12920
P111,2	12921	12922
P31,3	12923	12924
P133,3	12925	12926
P81,2	12927	12928
P173,2	12929	12930
P85,2	12931	12932
P177,3	12933	12934
P83,3	12935	12936
P75,3	12937	12937
P33,3	12938	12939
P176,2	12940	12941
P66,3	12942	12943
P132,3	12944	12945
P184,2	12946	12947
P153,2	12948	12949
P181,2	12950	12951
P102,3	12952	12953
P99,2	12954	12955
P43,3	12956	12957
P123,3	12958	12959
P120,2	12960	12961
P61,2	12962	12963
P188,2	12964	12965
P69,2	12966	12967
P162,2	12968	12969
P78,3	12970	12971
P30,3	12972	12973
P25,2	12974	12975
P91,3	12976	12976
P40,3	12977	12978
P92,2	12979	12979
P4,3	12980	12981
P34,3	12982	12983
P107,2	12984	12985
P111,2	12986	12987
P31,3	12988	12989
P133,3	12990	12991
P81,2	12992	12993
P173,2	12994	12995
P85,2	12996	12997
P177,3	12998	12999
P83,3	13000	13001
P33,3	13002	13003
P176,2	13004	13005
P137,3	13006	13007
P67,3	13008	13009
P152,2	13010	13011
P100,2	13012	13013
P156,2	13014	13015
P189,3	13016	13017
P28,3	13018	13019
P139,3	13020	13021
P118,2	13022	13023
P161,3	13024	13025
P19,3	13026	13027
P26,2	13028	13029
P17,3	13030	13031
P143,2	13032	13033
P122,3	13034	13035
P80,3	13036	13037
P195,3	13038	13039
P40,3	13040	13041
P4,3	13042	13043
P34,3	13044	13045
P107,2	13046	13047
P111,2	13048	13049
P31,3	13050	13051
P133,3	13052	13053
P81,2	13054	13055
P173,2	13056	13057
P85,2	13058	13059
P177,3	13060	13061
P97,3	13062	13063
P112,3	13064	13065
P149,3	13066	13067
P66,3	13068	13069
P132,3	13070	13071
P184,2	13072	13073
P153,2	13074	13075
P181,2	13076	13077
P102,3	13078	13079
P99,2	13080	13081
P43,3	13082	13083
P123,3	13084	13085
P120,2	13086	13087
P61,2	13088	13089
P188,2	13090	13091
P69,2	13092	13093
P162,2	13094	13095
P78,3	13096	13097
P30,3	13098	13099
P25,2	13100	13101
P38,3	13102	13103
P127,2	13104	13105
P126,2	13106	13107
P64,2	13108	13109
P111,2	13110	13111
P31,3	13112	13113
P133,3	13114	13115
P81,2	13116	13117
P200,2	13118	13119
P96,3	13120	13121
P65,3	13122	13123
P83,3	13124	13125
P33,3	13126	13127
P176,2	13128	13129
P137,3	13130	13131
P67,3	13132	13133
P152,2	13134	13135
P100,2	13136	13137
P156,2	13138	13139
P189,3	13140	13141
P43,3	13142	13143
P123,3	13144	13145
P120,2	13146	13147
P61,2	13148	13149
P188,2	13150	13151
P69,2	13152	13153
P162,2	13154	13155
P78,3	13156	13157
P30,3	13158	13159
P25,2	13160	13161
P38,3	13162	13163
P127,2	13164	13165
P126,2	13166	13167
P64,2	13168	13169
P111,2	13170	13170
P31,3	13171	13172
P133,3	13173	13174
P81,2	13175	13176
P200,2	13177	13178
P96,3	13179	13180
P65,3	13181	13182
P83,3	13183	13184
P33,3	13185	13186
P176,2	13187	13188
P137,3	13189	13190
P67,3	13191	13192
P152,2	13193	13194
P100,2	13195	13196
P156,2	13197	13198
P189,3	13199	13200
P43,3	13201	13202
P123,3	13203	13204
P120,2	13205	13206
P61,2	13207	13208
P188,2	13209	13210
P69,2	13211	13212
P162,2	13213	13214
P78,3	13215	13216
P30,3	13217	13218
P25,2	13219	13220
P38,3	13221	13222
P127,2	13223	13224
P126,2	13225	13226
P64,2	13227	13228
P146,3	13229	13230
P49,3	13231	13232
P95,3	13233	13234
P173,2	13235	13236
P130,2	13237	13238
P177,3	13239	13240
P97,3	13241	13242
P112,3	13243	13244
P149,3	13245	13246
P66,3	13247	13248
P132,3	13249	13250
P184,2	13251	13252
P153,2	13253	13254
P181,2	13255	13256
P102,3	13257	13258
P99,2	13259	13260
P139,3	13261	13262
P118,2	13263	13264
P161,3	13265	13266
P19,3	13267	13268
P69,2	13269	13270
P162,2	13271	13272
P78,3	13273	13274
P30,3	13275	13276
P25,2	13277	13278
P38,3	13279	13280
P127,2	13281	13282
P34,3	13283	13284
P107,2	13285	13286
P31,3	13287	13288
P133,3	13289	13290
P81,2	13291	13292
P200,2	13293	13294
P96,3	13295	13296
P65,3	13297	13298
P83,3	13299	13300
P33,3	13301	13302
P176,2	13303	13304
P137,3	13305	13306
P67,3	13307	13308
P152,2	13309	13310
P100,2	13311	13312
P156,2	13313	13314
P189,3	13315	13316
P43,3	13317	13318
P123,3	13319	13320
P120,2	13321	13322
P61,2	13323	13324
P188,2	13325	13326
P17,3	13327	13328
P78,3	13329	13330
P30,3	13331	13332
P25,2	13333	13334
P143,3	13335	13336
P40,3	13337	13338
P4,3	13339	13340
P64,2	13341	13342
P146,3	13343	13344
P49,3	13345	13346
P95,3	13347	13348
P173,2	13349	13350
P130,2	13351	13352
P177,3	13353	13354
P97,3	13355	13356
P112,3	13357	13358
P149,3	13359	13360
P66,3	13361	13362
P132,3	13363	13364
P184,2	13365	13366
P153,2	13367	13368
P181,2	13369	13370
P102,3	13371	13372
P99,2	13373	13374
P139,3	13375	13376
P118,2	13377	13378
P161,3	13379	13380
P188,2	13381	13382
P69,2	13383	13384
P162,2	13385	13386
P122,3	13387	13388
P111,3	13389	13390
P195,3	13391	13392
P38,3	13393	13394
P127,2	13395	13396
P34,3	13397	13398
P107,2	13399	13399
P146,3	13400	13401
P49,3	13402	13402
P95,3	13403	13404
P173,2	13405	13406
P130,2	13407	13408
P177,3	13409	13410
P97,3	13411	13412
P112,3	13413	13414
P149,3	13415	13416
P66,3	13417	13418
P132,3	13419	13420
P184,2	13421	13422
P153,2	13423	13423
P100,2	13424	13425
P156,2	13426	13427
P189,3	13428	13429
P43,3	13430	13431
P123,3	13432	13433
P120,2	13434	13435
P19,3	13436	13436
P61,3	13437	13438
P17,3	13439	13440
P78,3	13441	13442
P30,3	13443	13444
P25,2	13445	13446
P143,3	13447	13448
P40,3	13449	13450
P4,3	13451	13452
P64,2	13453	13454
P146,3	13455	13456
P133,3	13457	13458
P81,2	13459	13460
P200,2	13461	13462
P96,3	13463	13464
P65,3	13465	13466
P83,3	13467	13468
P33,3	13469	13470
P176,2	13471	13471
P137,3	13472	13473
P67,3	13474	13475
P152,2	13476	13477
P181,2	13478	13479
P102,3	13480	13481
P99,2	13482	13483
P139,3	13484	13485
P118,2	13486	13487
P161,3	13488	13489
P61,3	13490	13491
P17,3	13492	13493
P78,3	13494	13495
P30,3	13496	13497
P25,2	13498	13499
P143,3	13500	13501
P40,3	13502	13503
P4,3	13504	13505
P64,2	13506	13507
P146,3	13508	13509
P133,3	13510	13511
P81,2	13512	13513
P200,2	13514	13515
P96,3	13516	13517
P65,3	13518	13519
P83,3	13520	13521
P149,3	13522	13523
P137,3	13524	13525
P184,2	13526	13527
P100,2	13528	13529
P156,2	13530	13531
P189,3	13532	13533
P43,3	13534	13535
P123,3	13536	13537
P120,2	13538	13539
P188,2	13540	13541
P69,2	13542	13543
P162,2	13544	13545
P122,3	13546	13547
P111,3	13548	13549
P195,3	13550	13551
P38,3	13552	13553
P127,2	13554	13555
P34,3	13556	13557
P107,3	13558	13559
P31,3	13560	13561
P95,3	13562	13563
P173,2	13564	13565
P130,2	13566	13567
P177,3	13568	13569
P97,3	13570	13571
P33,3	13572	13573
P66,3	13574	13575
P132,3	13576	13577
P152,2	13578	13579
P156,2	13580	13581
P189,3	13582	13583
P43,3	13584	13585
P123,3	13586	13587
P120,2	13588	13589
P188,2	13590	13591
P69,2	13592	13592
P17,3	13593	13594
P78,3	13595	13596
P111,3	13597	13598
P195,3	13599	13600
P38,3	13601	13602
P4,3	13603	13604
P64,2	13605	13606
P146,3	13607	13608
P133,3	13609	13610
P81,2	13611	13612
P200,2	13613	13614
P96,3	13615	13616
P65,3	13617	13618
P83,3	13619	13620
P149,3	13621	13622
P137,3	13623	13624
P184,3	13625	13626
P181,2	13627	13628
P102,3	13629	13630
P99,2	13631	13631
P139,3	13632	13633
P118,2	13634	13635
P161,3	13636	13637
P61,3	13638	13639
P162,2	13640	13641
P122,3	13642	13643
P25,2	13644	13645
P143,3	13646	13647
P127,2	13648	13649
P34,3	13650	13651
P107,3	13652	13653
P31,3	13654	13655
P95,3	13656	13657
P173,2	13658	13659
P130,2	13660	13661
P177,3	13662	13663
P97,3	13664	13665
P83,3	13666	13667
P149,3	13668	13669
P137,3	13670	13671
P100,3	13672	13673
P156,2	13674	13675
P189,3	13676	13677
P139,3	13678	13679
P118,2	13680	13681
P161,3	13682	13683
P61,3	13684	13685
P162,2	13686	13687
P122,3	13688	13689
P25,2	13690	13691
P143,3	13692	13693
P127,2	13694	13695
P34,3	13696	13697
P107,3	13698	13699
P31,3	13700	13700
P133,3	13701	13702
P81,2	13703	13704
P200,2	13705	13706
P96,3	13707	13708
P97,3	13709	13710
P83,3	13711	13712
P149,3	13713	13714
P137,3	13715	13716
P100,3	13717	13718
P156,2	13719	13720
P189,3	13721	13722
P139,3	13723	13724
P118,2	13725	13726
P188,2	13727	13728
P17,3	13729	13730
P78,3	13731	13732
P120,3	13733	13734
P25,2	13735	13736
P143,3	13737	13738
P127,2	13739	13740
P34,3	13741	13742
P107,3	13743	13744
P133,3	13745	13746
P173,2	13747	13748
P130,2	13749	13750
P96,3	13751	13752
P97,3	13753	13754
P83,3	13755	13755
P33,3	13756	13757
P66,3	13758	13759
P184,3	13760	13761
P181,3	13762	13763
P102,3	13764	13765
P43,3	13766	13767
P123,3	13768	13769
P161,3	13770	13771
P61,3	13772	13773
P78,3	13774	13775
P120,3	13776	13777
P25,2	13778	13779
P195,3	13780	13781
P38,3	13782	13783
P4,3	13784	13785
P107,3	13786	13787
P133,3	13788	13789
P64,3	13790	13791
P130,2	13792	13793
P96,3	13794	13795
P97,3	13796	13797
P200,3	13798	13799
P149,3	13800	13801
P137,3	13802	13803
P100,3	13804	13805
P156,2	13806	13807
P189,3	13808	13809
P139,3	13810	13811
P118,2	13812	13813
P61,3	13814	13815
P78,3	13816	13817
P120,3	13818	13819
P25,2	13820	13821
P195,3	13822	13823
P38,3	13824	13825
P4,3	13826	13827
P107,3	13828	13829
P133,3	13830	13831
P64,3	13832	13833
P130,2	13834	13835
P96,3	13836	13837
P97,3	13838	13839
P200,3	13840	13841
P149,3	13842	13843
P137,3	13844	13845
P100,3	13846	13847
P156,2	13848	13849
P189,3	13850	13851
P139,3	13852	13853
P118,2	13854	13855
P61,3	13856	13857
P78,3	13858	13859
P120,3	13860	13861
P25,2	13862	13863
P195,3	13864	13865
P38,3	13866	13867
P4,3	13868	13869
P107,3	13870	13871
P133,3	13872	13873
P64,3	13874	13875
P130,2	13876	13877
P96,3	13878	13879
P97,3	13880	13881
P200,3	13882	13883
P149,3	13884	13885
P137,3	13886	13886
P184,3	13887	13888
P181,3	13889	13890
P189,3	13891	13892
P123,3	13893	13894
P188,2	13895	13896
P17,3	13897	13898
P122,3	13899	13900
P111,3	13901	13902
P162,3	13903	13904
P143,3	13905	13906
P127,2	13907	13908
P34,3	13909	13910
P146,3	13911	13912
P95,3	13913	13914
P173,2	13915	13916
P96,3	13917	13918
P99,3	13919	13920
P33,3	13921	13922
P66,3	13923	13924
P100,3	13925	13926
P102,3	13927	13928
P139,3	13929	13930
P118,2	13931	13932
P61,3	13933	13934
P122,3	13935	13936
P111,3	13937	13938
P162,3	13939	13940
P143,3	13941	13942
P127,2	13943	13944
P34,3	13945	13946
P146,3	13947	13948
P95,3	13949	13950
P173,2	13951	13952
P96,3	13953	13954
P99,3	13955	13956
P33,3	13957	13958
P66,3	13959	13960
P100,3	13961	13962
P102,3	13963	13964
P139,3	13965	13966
P118,2	13967	13968
P61,3	13969	13970
P122,3	13971	13972
P111,3	13973	13974
P195,3	13975	13976
P38,3	13977	13978
P4,3	13979	13980
P107,3	13981	13982
P95,3	13983	13983
P64,3	13984	13985
P81,3	13986	13987
P97,3	13988	13989
P200,3	13990	13991
P149,3	13992	13993
P184,3	13994	13995
P181,3	13996	13997
P139,3	13998	13999
P118,2	14000	14001
P17,3	14002	14003
P120,3	14004	14005
P162,3	14006	14007
P143,3	14008	14009
P127,2	14010	14011
P4,3	14012	14013
P107,3	14014	14015
P64,3	14016	14017
P81,3	14018	14019
P97,3	14020	14021
P200,3	14022	14023
P149,3	14024	14025
P184,3	14026	14027
P181,3	14028	14029
P139,3	14030	14031
P61,3	14032	14033
P122,3	14034	14035
P111,3	14036	14037
P195,3	14038	14039
P38,3	14040	14041
P25,3	14042	14043
P107,3	14044	14045
P64,3	14046	14047
P81,3	14048	14049
P97,3	14050	14051
P200,3	14052	14053
P149,3	14054	14055
P184,3	14056	14057
P181,3	14058	14059
P139,3	14060	14061
P61,3	14062	14063
P122,3	14064	14065
P111,3	14066	14067
P195,3	14068	14069
P38,3	14070	14071
P25,3	14072	14073
P107,3	14074	14075
P64,3	14076	14077
P81,3	14078	14079
P97,3	14080	14081
P200,3	14082	14083
P149,3	14084	14085
P184,3	14086	14087
P181,3	14088	14089
P139,3	14090	14090
P118,2	14091	14091
P17,3	14092	14093
P120,3	14094	14095
P162,3	14096	14097
P143,3	14098	14099
P127,2	14100	14101
P4,3	14102	14103
P133,3	14104	14105
P173,2	14106	14106
P81,3	14107	14108
P97,3	14109	14110
P200,3	14111	14112
P149,3	14113	14114
P184,3	14115	14116
P181,3	14117	14118
P61,3	14119	14120
P122,3	14121	14122
P111,3	14123	14124
P195,3	14125	14126
P173,3	14127	14128
P127,2	14129	14130
P4,3	14131	14132
P133,3	14133	14134
P81,3	14135	14136
P97,3	14137	14138
P200,3	14139	14140
P149,3	14141	14142
P184,3	14143	14144
P181,3	14145	14146
P61,3	14147	14148
P122,3	14149	14150
P111,3	14151	14152
P195,3	14153	14154
P173,3	14155	14156
P25,3	14157	14158
P107,3	14159	14160
P133,3	14161	14162
P81,3	14163	14164
P97,3	14165	14166
P200,3	14167	14168
P66,3	14169	14170
P100,3	14171	14172
P102,3	14173	14174
P17,3	14175	14176
P120,3	14177	14178
P162,3	14179	14180
P143,3	14181	14182
P38,3	14183	14184
P4,3	14185	14186
P127,3	14187	14188
P64,3	14189	14190
P96,3	14191	14192
P99,3	14193	14194
P149,3	14195	14196
P184,3	14197	14198
P181,3	14199	14200
P61,3	14201	14202
P122,3	14203	14204
P111,3	14205	14206
P195,3	14207	14208
P173,3	14209	14210
P25,3	14211	14212
P107,3	14213	14214
P133,3	14215	14215
P81,3	14216	14217
P97,3	14218	14219
P200,3	14220	14221
P66,3	14222	14223
P100,3	14224	14225
P102,3	14226	14227
P17,3	14228	14229
P120,3	14230	14231
P162,3	14232	14233
P143,3	14234	14235
P38,3	14236	14237
P4,3	14238	14239
P127,3	14240	14241
P81,3	14242	14243
P97,3	14244	14245
P200,3	14246	14247
P66,3	14248	14249
P100,3	14250	14251
P102,3	14252	14253
P17,3	14254	14255
P120,3	14256	14257
P162,3	14258	14259
P143,3	14260	14261
P38,3	14262	14263
P4,3	14264	14265
P127,3	14266	14267
P81,3	14268	14269
P97,3	14270	14271
P200,3	14272	14273
P66,3	14274	14275
P100,3	14276	14277
P102,3	14278	14279
P17,3	14280	14281
P120,3	14282	14283
P162,3	14284	14285
P173,3	14286	14287
P25,3	14288	14289
P107,3	14290	14291
P64,3	14292	14293
P96,3	14294	14295
P99,3	14296	14296
P200,3	14297	14298
P66,3	14299	14300
P100,3	14301	14302
P102,3	14303	14304
P122,3	14305	14306
P111,3	14307	14308
P143,3	14309	14310
P38,3	14311	14312
P4,3	14313	14314
P127,3	14315	14316
P81,3	14317	14318
P97,3	14319	14320
P149,3	14321	14322
P184,3	14323	14323
P181,3	14324	14325
P61,3	14326	14327
P120,3	14328	14329
P162,3	14330	14331
P173,3	14332	14333
P25,3	14334	14335
P107,3	14336	14337
P64,3	14338	14339
P96,3	14340	14341
P200,3	14342	14343
P66,3	14344	14345
P181,3	14346	14347
P61,3	14348	14349
P120,3	14350	14351
P162,3	14352	14353
P173,3	14354	14355
P25,3	14356	14357
P107,3	14358	14359
P64,3	14360	14361
P96,3	14362	14363
P200,3	14364	14365
P66,3	14366	14367
P181,3	14368	14369
P61,3	14370	14371
P120,3	14372	14373
P162,3	14374	14375
P173,3	14376	14377
P25,3	14378	14379
P107,3	14380	14381
P64,3	14382	14383
P96,3	14384	14385
P200,3	14386	14387
P66,3	14388	14389
P181,3	14390	14391
P61,3	14392	14393
P120,3	14394	14395
P162,3	14396	14397
P173,3	14398	14399
P25,3	14400	14401
P107,3	14402	14403
P64,3	14404	14405
P96,3	14406	14407
P149,3	14408	14409
P100,3	14410	14411
P102,3	14412	14413
P122,3	14414	14415
P162,3	14416	14417
P173,3	14418	14419
P25,3	14420	14421
P107,3	14422	14423
P64,3	14424	14425
P96,3	14426	14427
P149,3	14428	14429
P181,3	14430	14431
P122,3	14432	14433
P162,3	14434	14435
P173,3	14436	14437
P25,3	14438	14439
P107,3	14440	14441
P64,3	14442	14443
P96,3	14444	14445
P149,3	14446	14447
P181,3	14448	14449
P122,3	14450	14450
P162,3	14451	14452
P173,3	14453	14454
P25,3	14455	14456
P107,3	14457	14458
P64,3	14459	14460
P96,3	14461	14462
P149,3	14463	14464
P181,3	14465	14466
P111,3	14467	14468
P143,3	14469	14470
P25,3	14471	14472
P107,3	14473	14474
P64,3	14475	14476
P96,3	14477	14478
P149,3	14479	14480
P181,3	14481	14482
P111,3	14483	14484
P143,3	14485	14486
P25,3	14487	14488
P107,3	14489	14490
P64,3	14491	14492
P200,3	14493	14494
P100,3	14495	14496
P111,3	14497	14498
P143,3	14499	14500
P25,3	14501	14502
P107,3	14503	14504
P64,3	14505	14506
P200,3	14507	14508
P100,3	14509	14510
P111,3	14511	14512
P143,3	14513	14514
P25,3	14515	14516
P127,3	14517	14518
P96,3	14519	14520
P149,3	14521	14522
P181,3	14523	14524
P162,3	14525	14526
P173,3	14527	14527
P107,3	14528	14529
P96,3	14530	14531
P149,3	14532	14533
P181,3	14534	14535
P162,3	14536	14537
P25,3	14538	14539
P127,3	14540	14541
P200,3	14542	14543
P181,3	14544	14545
P162,3	14546	14547
P107,3	14548	14549
P96,3	14550	14551
P100,3	14552	14553
P111,3	14554	14555
P143,3	14556	14557
P127,3	14558	14559
P200,3	14560	14561
P181,3	14562	14563
P162,3	14564	14565
P107,3	14566	14567
P96,3	14568	14569
P100,3	14570	14571
P111,3	14572	14573
P143,3	14574	14575
P127,3	14576	14577
P200,3	14578	14579
P181,3	14580	14581
P107,3	14582	14583
P96,3	14584	14584
P200,3	14585	14586
P162,3	14587	14588
P127,3	14589	14590
P181,3	14591	14592
P107,3	14593	14594
P200,3	14595	14596
P162,3	14597	14598
P127,3	14599	14600
P181,3	14601	14602
P107,3	14603	14604
P200,3	14605	14606
P162,3	14607	14608
P127,3	14609	14610
P181,3	14611	14612
P107,3	14613	14614
P200,3	14615	14616
P162,3	14617	14618
P127,3	14619	14620
P181,3	14621	14622
P107,3	14623	14624
P200,3	14625	14626
P162,3	14627	14628
P127,3	14629	14630
P181,3	14631	14632
P107,3	14633	14634
P200,3	14635	14636
P162,3	14637	14638
P127,3	14639	14640
P181,3	14641	14642
P107,3	14643	14644
P200,3	14645	14646
P162,3	14647	14648
P127,3	14649	14650
P181,3	14651	14652
P107,3	14653	14654
P200,3	14655	14656
P162,3	14657	14658
P127,3	14659	14660
P181,3	14661	14662
P127,3	14663	14664
P162,3	14665	14666
P200,3	14667	14668
P127,3	14669	14670
P162,3	14671	14672
P200,3	14673	14673
P162,3	14674	14680
P127,3	14682	14689
CPU1
P2,1	17	24
P1,1	25	26
P2,1	27	28
P3,1	29	30
P4,1	31	32
P6,1	33	34
P5,1	35	36
P1,1	37	38
P2,1	39	40
P5,1	41	42
P1,1	43	44
P7,1	45	46
P4,1	47	48
P6,1	49	50
P3,1	51	52
P2,1	53	54
P4,1	55	56
P5,1	57	58
P1,1	59	60
P7,1	61	62
P4,1	63	64
P5,1	65	66
P9,1	67	68
P3,1	69	70
P2,1	71	72
P8,1	73	74
P10,1	75	76
P9,1	77	78
P11,1	79	80
P3,1	81	82
P2,1	83	84
P8,1	85	86
P6,1	87	88
P10,1	89	90
P13,1	91	92
P11,1	93	94
P3,1	95	96
P15,1	97	98
P4,1	99	100
P5,1	101	102
P9,1	103	104
P12,1	105	106
P14,1	107	108
P11,1	109	110
P3,1	111	112
P2,1	113	114
P17,1	115	116
P19,1	117	118
P4,1	119	120
P5,1	121	122
P9,1	123	124
P12,1	125	126
P14,1	127	128
P11,1	129	130
P3,1	131	132
P2,1	133	134
P17,1	135	136
P19,1	137	138
P21,1	139	140
P23,1	141	142
P4,1	143	144
P5,1	145	146
P9,1	147	148
P12,1	149	150
P14,1	151	152
P11,1	153	154
P3,1	155	156
P2,1	157	158
P17,1	159	160
P19,1	161	162
P25,1	163	164
P21,1	165	166
P23,1	167	168
P4,1	169	170
P5,1	171	172
P9,1	173	174
P12,1	175	176
P14,1	177	178
P11,1	179	180
P7,1	181	182
P16,1	183	184
P28,1	185	186
P30,1	187	188
P18,1	189	190
P20,1	191	192
P26,1	193	194
P22,1	195	196
P24,1	197	198
P8,1	199	200
P6,1	201	202
P10,1	203	204
P13,1	205	206
P15,1	207	208
P32,1	209	210
P34,1	211	212
P36,1	213	214
P11,1	215	216
P7,1	217	218
P16,1	219	220
P28,1	221	222
P30,1	223	224
P18,1	225	226
P20,1	227	228
P26,1	229	230
P22,1	231	232
P24,1	233	234
P38,1	235	236
P40,1	237	238
P8,1	239	240
P6,1	241	242
P10,1	243	244
P13,1	245	246
P15,1	247	248
P32,1	249	250
P34,1	251	252
P36,1	253	254
P11,1	255	256
P2,1	257	258
P43,1	259	260
P45,1	261	262
P47,1	263	264
P27,1	265	266
P29,1	267	268
P17,1	269	270
P19,1	271	272
P25,1	273	274
P21,1	275	276
P23,1	277	278
P4,1	279	280
P39,1	281	282
P41,1	283	284
P49,1	285	286
P5,1	287	288
P9,1	289	290
P12,1	291	292
P14,1	293	294
P31,1	295	296
P33,1	297	298
P35,1	299	300
P37,1	301	302
P7,1	303	304
P42,1	305	306
P51,1	307	308
P53,1	309	310
P43,1	311	312
P45,1	313	314
P47,1	315	316
P27,1	317	318
P29,1	319	320
P17,1	321	322
P19,1	323	324
P25,1	325	326
P21,1	327	328
P23,1	329	330
P55,1	331	332
P4,1	333	334
P39,1	335	336
P41,1	337	338
P49,1	339	340
P5,1	341	342
P9,1	343	344
P12,1	345	346
P14,1	347	348
P31,1	349	350
P33,1	351	352
P57,1	353	354
P59,1	355	356
P35,1	357	358
P37,1	359	360
P7,1	361	362
P42,1	363	364
P51,1	365	366
P53,1	367	368
P43,1	369	370
P45,1	371	372
P47,1	373	374
P27,1	375	376
P61,1	377	378
P63,1	379	380
P30,1	381	382
P18,1	383	384
P20,1	385	386
P26,1	387	388
P22,1	389	390
P24,1	391	392
P56,1	393	394
P38,1	395	396
P40,1	397	398
P48,1	399	400
P49,1	401	402
P5,1	403	404
P9,1	405	406
P12,1	407	408
P14,1	409	410
P31,1	411	412
P33,1	413	414
P57,1	415	416
P59,1	417	418
P35,1	419	420
P65,1	421	422
P67,1	423	424
P11,1	425	426
P2,1	427	428
P50,1	429	430
P52,1	431	432
P54,1	433	434
P44,1	435	436
P46,1	437	438
P16,1	439	440
P28,1	441	442
P62,1	443	444
P69,1	445	446
P63,1	447	448
P30,1	449	450
P18,1	451	452
P20,1	453	454
P26,1	455	456
P22,1	457	458
P24,1	459	460
P56,1	461	462
P38,1	463	464
P40,1	465	466
P71,1	467	468
P48,1	469	470
P49,1	471	472
P5,1	473	474
P9,1	475	476
P12,1	477	478
P14,1	479	480
P31,1	481	482
P33,1	483	484
P57,1	485	486
P59,1	487	488
P73,1	489	490
P75,1	491	492
P36,1	493	494
P66,1	495	496
P37,1	497	498
P7,1	499	500
P42,1	501	502
P51,1	503	504
P53,1	505	506
P43,1	507	508
P45,1	509	510
P47,1	511	512
P77,1	513	514
P27,1	515	516
P61,1	517	518
P68,1	519	520
P70,1	521	522
P29,1	523	524
P17,1	525	526
P19,1	527	528
P25,1	529	530
P21,1	531	532
P23,1	533	534
P79,1	535	536
P24,1	537	538
P56,1	539	540
P38,1	541	542
P40,1	543	544
P71,1	545	546
P48,1	547	548
P49,1	549	550
P5,1	551	552
P9,1	553	554
P12,1	555	556
P81,1	557	558
P83,1	559	560
P85,1	561	562
P15,1	563	564
P32,1	565	566
P34,1	567	568
P58,1	569	570
P60,1	571	572
P74,1	573	574
P35,1	575	576
P65,1	577	578
P67,1	579	580
P11,1	581	582
P87,1	583	584
P7,1	585	586
P42,1	587	588
P51,1	589	590
P53,1	591	592
P43,1	593	594
P45,1	595	596
P47,1	597	598
P77,1	599	600
P27,1	601	602
P61,1	603	604
P89,1	605	606
P68,1	607	608
P70,1	609	610
P29,1	611	612
P17,1	613	614
P19,1	615	616
P25,1	617	618
P21,1	619	620
P23,1	621	622
P79,1	623	624
P24,1	625	626
P91,1	627	628
P93,1	629	630
P4,1	631	632
P39,1	633	634
P41,1	635	636
P72,1	637	638
P64,1	639	640
P8,1	641	642
P9,1	643	644
P12,1	645	646
P81,1	647	648
P94,1	649	650
P96,1	651	652
P84,1	653	654
P14,1	655	656
P31,1	657	658
P33,1	659	660
P57,1	661	662
P59,1	663	664
P73,1	665	666
P75,1	667	668
P36,1	669	670
P66,1	671	672
P98,1	673	674
P37,1	675	676
P86,1	677	678
P88,1	679	680
P2,1	681	682
P50,1	683	684
P52,1	685	686
P54,1	687	688
P44,1	689	690
P46,1	691	692
P76,1	693	694
P100,1	695	696
P102,1	697	698
P104,1	699	700
P16,1	701	702
P28,1	703	704
P62,1	705	706
P90,1	707	708
P69,1	709	710
P63,1	711	712
P30,1	713	714
P18,1	715	716
P20,1	717	718
P26,1	719	720
P106,1	721	722
P22,1	723	724
P78,1	725	726
P80,1	727	728
P55,1	729	730
P92,1	731	732
P56,1	733	734
P38,1	735	736
P40,1	737	738
P71,1	739	740
P48,1	741	742
P108,1	743	744
P110,1	745	746
P64,1	747	748
P8,1	749	750
P9,1	751	752
P12,1	753	754
P81,1	755	756
P94,1	757	758
P96,1	759	760
P84,1	761	762
P14,1	763	764
P31,1	765	766
P112,1	767	768
P114,1	769	770
P33,1	771	772
P57,1	773	774
P59,1	775	776
P73,1	777	778
P75,1	779	780
P36,1	781	782
P66,1	783	784
P98,1	785	786
P37,1	787	788
P86,1	789	790
P116,1	791	792
P88,1	793	794
P2,1	795	796
P50,1	797	798
P52,1	799	800
P54,1	801	802
P44,1	803	804
P46,1	805	806
P76,1	807	808
P100,1	809	810
P102,1	811	812
P118,1	813	814
P120,1	815	816
P77,1	817	818
P27,1	819	820
P61,1	821	822
P89,1	823	824
P68,1	825	826
P70,1	827	828
P29,1	829	830
P17,1	831	832
P19,1	833	834
P25,1	835	836
P122,1	837	838
P26,1	839	840
P106,1	841	842
P22,1	843	844
P78,1	845	846
P80,1	847	848
P55,1	849	850
P92,1	851	852
P56,1	853	854
P38,1	855	856
P40,1	857	858
P124,1	859	860
P126,1	861	862
P71,1	863	864
P48,1	865	866
P108,1	867	868
P110,1	869	870
P64,1	871	872
P8,1	873	874
P9,1	875	876
P12,1	877	878
P81,1	879	880
P94,1	881	882
P128,1	883	884
P130,1	885	886
P96,1	887	888
P84,1	889	890
P14,1	891	892
P31,1	893	894
P112,1	895	896
P114,1	897	898
P33,1	899	900
P57,1	901	902
P59,1	903	904
P73,1	905	906
P132,1	907	908
P75,1	909	910
P36,1	911	912
P66,1	913	914
P98,1	915	916
P37,1	917	918
P86,1	919	920
P116,1	921	922
P88,1	923	924
P2,1	925	926
P50,1	927	928
P134,1	929	930
P136,1	931	932
P52,1	933	934
P54,1	935	936
P44,1	937	938
P46,1	939	940
P76,1	941	942
P100,1	943	944
P102,1	945	946
P118,1	947	948
P120,1	949	950
P77,1	951	952
P138,1	953	954
P140,1	955	956
P28,1	957	958
P62,1	959	960
P90,1	961	962
P69,1	963	964
P63,1	965	966
P30,1	967	968
P18,1	969	970
P20,1	971	972
P121,1	973	974
P123,1	975	976
P142,1	977	978
P26,1	979	980
P106,1	981	982
P22,1	983	984
P78,1	985	986
P80,1	987	988
P55,1	989	990
P92,1	991	992
P56,1	993	994
P38,1	995	996
P40,1	997	998
P144,1	999	1000
P146,1	1001	1002
P125,1	1003	1004
P127,1	1005	1006
P72,1	1007	1008
P107,1	1009	1010
P109,1	1011	1012
P111,1	1013	1014
P49,1	1015	1016
P6,1	1017	1018
P12,1	1019	1020
P10,2	1021	1022
P148,1	1023	1024
P82,1	1025	1026
P95,1	1027	1028
P129,1	1029	1030
P131,1	1031	1032
P83,1	1033	1034
P85,1	1035	1036
P15,1	1037	1038
P32,1	1039	1040
P113,1	1041	1042
P115,1	1043	1044
P150,1	1045	1046
P34,1	1047	1048
P58,1	1049	1050
P60,1	1051	1052
P74,1	1053	1054
P133,1	1055	1056
P35,1	1057	1058
P65,1	1059	1060
P97,1	1061	1062
P67,1	1063	1064
P11,1	1065	1066
P152,1	1067	1068
P154,1	1069	1070
P87,1	1071	1072
P117,1	1073	1074
P7,1	1075	1076
P42,1	1077	1078
P51,1	1079	1080
P135,1	1081	1082
P137,1	1083	1084
P53,1	1085	1086
P43,1	1087	1088
P45,1	1089	1090
P156,1	1091	1092
P47,1	1093	1094
P99,1	1095	1096
P101,1	1097	1098
P103,1	1099	1100
P119,1	1101	1102
P104,1	1103	1104
P16,1	1105	1106
P139,1	1107	1108
P27,1	1109	1110
P61,1	1111	1112
P158,1	1113	1114
P160,1	1115	1116
P62,1	1117	1118
P90,1	1119	1120
P69,1	1121	1122
P63,1	1123	1124
P30,1	1125	1126
P18,1	1127	1128
P20,1	1129	1130
P121,1	1131	1132
P123,1	1133	1134
P142,1	1135	1136
P162,1	1137	1138
P164,1	1139	1140
P26,1	1141	1142
P106,1	1143	1144
P22,1	1145	1146
P78,1	1147	1148
P80,1	1149	1150
P55,1	1151	1152
P92,1	1153	1154
P56,1	1155	1156
P38,1	1157	1158
P40,1	1159	1160
P166,1	1161	1162
P144,1	1163	1164
P146,1	1165	1166
P125,1	1167	1168
P127,1	1169	1170
P72,1	1171	1172
P107,1	1173	1174
P109,1	1175	1176
P111,1	1177	1178
P49,1	1179	1180
P6,1	1181	1182
P168,1	1183	1184
P170,1	1185	1186
P12,1	1187	1188
P10,2	1189	1190
P148,1	1191	1192
P82,1	1193	1194
P95,1	1195	1196
P129,1	1197	1198
P131,1	1199	1200
P83,1	1201	1202
P85,1	1203	1204
P15,1	1205	1206
P172,1	1207	1208
P32,1	1209	1210
P113,1	1211	1212
P115,1	1213	1214
P150,1	1215	1216
P34,1	1217	1218
P58,1	1219	1220
P60,1	1221	1222
P74,1	1223	1224
P133,1	1225	1226
P35,1	1227	1228
P174,1	1229	1230
P176,1	1231	1232
P178,1	1233	1234
P65,1	1235	1236
P97,1	1237	1238
P67,1	1239	1240
P11,1	1241	1242
P152,1	1243	1244
P154,1	1245	1246
P87,1	1247	1248
P117,1	1249	1250
P7,1	1251	1252
P42,1	1253	1254
P180,1	1255	1256
P182,1	1257	1258
P184,1	1259	1260
P134,1	1261	1262
P136,1	1263	1264
P52,1	1265	1266
P54,1	1267	1268
P44,1	1269	1270
P155,1	1271	1272
P46,1	1273	1274
P76,1	1275	1276
P100,1	1277	1278
P102,1	1279	1280
P186,1	1281	1282
P103,1	1283	1284
P119,1	1285	1286
P104,1	1287	1288
P16,1	1289	1290
P139,1	1291	1292
P27,1	1293	1294
P61,1	1295	1296
P158,1	1297	1298
P160,1	1299	1300
P62,1	1301	1302
P188,1	1303	1304
P190,1	1305	1306
P68,1	1307	1308
P70,1	1309	1310
P29,1	1311	1312
P17,1	1313	1314
P19,1	1315	1316
P25,1	1317	1318
P122,1	1319	1320
P141,1	1321	1322
P143,1	1323	1324
P163,1	1325	1326
P192,1	1327	1328
P165,1	1329	1330
P105,1	1331	1332
P21,1	1333	1334
P23,1	1335	1336
P79,1	1337	1338
P24,1	1339	1340
P91,1	1341	1342
P93,1	1343	1344
P4,1	1345	1346
P39,1	1347	1348
P194,1	1349	1350
P40,1	1351	1352
P166,1	1353	1354
P144,1	1355	1356
P146,1	1357	1358
P125,1	1359	1360
P127,1	1361	1362
P72,1	1363	1364
P107,1	1365	1366
P109,1	1367	1368
P111,1	1369	1370
P196,1	1371	1372
P198,1	1373	1374
P8,1	1375	1376
P9,1	1377	1378
P169,1	1379	1380
P171,1	1381	1382
P10,2	1383	1384
P148,1	1385	1386
P12,2	1387	1388
P94,1	1389	1390
P128,1	1391	1392
P130,1	1393	1394
P200,1	1395	1396
P96,1	1397	1398
P84,1	1399	1400
P14,1	1401	1402
P31,1	1403	1404
P173,1	1405	1406
P112,1	1407	1408
P114,1	1409	1410
P149,1	1411	1412
P33,1	1413	1414
P57,1	1415	1416
P59,1	1417	1418
P73,1	1419	1420
P132,1	1421	1422
P75,1	1423	1424
P36,1	1425	1426
P175,1	1427	1428
P177,1	1429	1430
P179,1	1431	1432
P66,1	1433	1434
P98,1	1435	1436
P37,1	1437	1438
P151,1	1439	1440
P153,1	1441	1442
P86,1	1443	1444
P116,1	1445	1446
P88,1	1447	1448
P2,1	1449	1450
P50,1	1451	1452
P181,1	1453	1454
P183,1	1455	1456
P51,1	1457	1458
P135,1	1459	1460
P137,1	1461	1462
P53,1	1463	1464
P43,1	1465	1466
P45,1	1467	1468
P156,1	1469	1470
P47,1	1471	1472
P99,1	1473	1474
P101,1	1475	1476
P185,1	1477	1478
P187,1	1479	1480
P118,1	1481	1482
P120,1	1483	1484
P77,1	1485	1486
P138,1	1487	1488
P140,1	1489	1490
P28,1	1491	1492
P157,1	1493	1494
P159,1	1495	1496
P161,1	1497	1498
P89,1	1499	1500
P189,1	1501	1502
P90,1	1503	1504
P69,1	1505	1506
P63,1	1507	1508
P30,1	1509	1510
P18,1	1511	1512
P20,1	1513	1514
P121,1	1515	1516
P123,1	1517	1518
P142,1	1519	1520
P162,1	1521	1522
P191,1	1523	1524
P164,1	1525	1526
P26,1	1527	1528
P106,1	1529	1530
P22,1	1531	1532
P78,1	1533	1534
P80,1	1535	1536
P55,1	1537	1538
P92,1	1539	1540
P56,1	1541	1542
P38,1	1543	1544
P193,1	1545	1546
P195,1	1547	1548
P41,1	1549	1550
P167,1	1551	1552
P145,1	1553	1554
P124,1	1555	1556
P126,1	1557	1558
P71,1	1559	1560
P48,1	1561	1562
P108,1	1563	1564
P110,1	1565	1566
P64,1	1567	1568
P197,1	1569	1570
P49,1	1571	1572
P6,1	1573	1574
P168,1	1575	1576
P170,1	1577	1578
P13,1	1579	1580
P147,1	1581	1582
P81,1	1583	1584
P82,1	1585	1586
P95,1	1587	1588
P129,1	1589	1590
P199,1	1591	1592
P131,1	1593	1594
P83,1	1595	1596
P85,1	1597	1598
P15,1	1599	1600
P172,1	1601	1602
P32,1	1603	1604
P113,1	1605	1606
P115,1	1607	1608
P150,1	1609	1610
P34,1	1611	1612
P58,1	1613	1614
P60,1	1615	1616
P74,1	1617	1618
P133,1	1619	1620
P35,1	1621	1622
P174,1	1623	1624
P176,1	1625	1626
P178,1	1627	1628
P65,1	1629	1630
P97,1	1631	1632
P67,1	1633	1634
P11,1	1635	1636
P152,1	1637	1638
P154,1	1639	1640
P87,1	1641	1642
P117,1	1643	1644
P7,1	1645	1646
P42,1	1647	1648
P180,1	1649	1650
P182,1	1651	1652
P184,1	1653	1654
P134,1	1655	1656
P136,1	1657	1658
P52,1	1659	1660
P54,1	1661	1662
P44,1	1663	1664
P155,1	1665	1666
P46,1	1667	1668
P76,1	1669	1670
P100,1	1671	1672
P102,1	1673	1674
P186,1	1675	1676
P103,1	1677	1678
P119,1	1679	1680
P104,1	1681	1682
P16,1	1683	1684
P139,1	1685	1686
P27,1	1687	1688
P61,1	1689	1690
P158,1	1691	1692
P160,1	1693	1694
P62,1	1695	1696
P188,1	1697	1698
P190,1	1699	1700
P68,1	1701	1702
P70,1	1703	1704
P29,1	1705	1706
P17,1	1707	1708
P19,1	1709	1710
P121,1	1711	1712
P123,1	1713	1714
P142,1	1715	1716
P162,1	1717	1718
P191,1	1719	1720
P164,1	1721	1722
P26,1	1723	1724
P106,1	1725	1726
P22,1	1727	1728
P78,1	1729	1730
P80,1	1731	1732
P55,1	1733	1734
P92,1	1735	1736
P56,1	1737	1738
P38,1	1739	1740
P193,1	1741	1742
P195,1	1743	1744
P41,1	1745	1746
P167,1	1747	1748
P145,1	1749	1750
P124,1	1751	1752
P126,1	1753	1754
P71,1	1755	1756
P48,1	1757	1758
P108,1	1759	1760
P110,1	1761	1762
P64,1	1763	1764
P197,1	1765	1766
P49,1	1767	1768
P6,1	1769	1770
P168,1	1771	1772
P170,1	1773	1774
P13,1	1775	1776
P147,1	1777	1778
P81,1	1779	1780
P82,1	1781	1782
P95,1	1783	1784
P129,1	1785	1786
P199,1	1787	1788
P131,1	1789	1790
P83,1	1791	1792
P85,1	1793	1794
P15,1	1795	1796
P172,1	1797	1798
P32,1	1799	1800
P113,1	1801	1802
P115,1	1803	1804
P150,1	1805	1806
P34,1	1807	1808
P58,1	1809	1810
P60,1	1811	1812
P74,1	1813	1814
P133,1	1815	1816
P35,1	1817	1818
P174,1	1819	1820
P176,1	1821	1822
P178,1	1823	1824
P65,1	1825	1826
P97,1	1827	1828
P67,1	1829	1830
P11,1	1831	1832
P152,1	1833	1834
P154,1	1835	1836
P87,1	1837	1838
P117,1	1839	1840
P7,1	1841	1842
P42,1	1843	1844
P180,1	1845	1846
P182,1	1847	1848
P184,1	1849	1850
P134,1	1851	1852
P136,1	1853	1854
P52,1	1855	1856
P54,1	1857	1858
P44,1	1859	1860
P155,1	1861	1862
P46,1	1863	1864
P76,1	1865	1866
P100,1	1867	1868
P102,1	1869	1870
P186,1	1871	1872
P103,1	1873	1874
P119,1	1875	1876
P104,1	1877	1878
P16,1	1879	1880
P139,1	1881	1882
P27,1	1883	1884
P61,1	1885	1886
P158,1	1887	1888
P160,1	1889	1890
P62,1	1891	1892
P188,1	1893	1894
P190,1	1895	1896
P68,1	1897	1898
P70,1	1899	1900
P29,1	1901	1902
P17,1	1903	1904
P19,1	1905	1906
P121,1	1907	1908
P123,1	1909	1910
P142,1	1911	1912
P162,1	1913	1914
P191,1	1915	1916
P164,1	1917	1918
P26,1	1919	1920
P106,1	1921	1922
P22,1	1923	1924
P78,1	1925	1926
P80,1	1927	1928
P55,1	1929	1930
P92,1	1931	1932
P56,1	1933	1934
P38,1	1935	1936
P193,1	1937	1938
P195,1	1939	1940
P41,1	1941	1942
P167,1	1943	1944
P145,1	1945	1946
P124,1	1947	1948
P126,1	1949	1950
P71,1	1951	1952
P48,1	1953	1954
P108,1	1955	1956
P110,1	1957	1958
P64,1	1959	1960
P197,1	1961	1962
P49,1	1963	1964
P6,1	1965	1966
P168,1	1967	1968
P170,1	1969	1970
P13,1	1971	1972
P147,1	1973	1974
P81,1	1975	1976
P82,1	1977	1978
P95,1	1979	1980
P129,1	1981	1982
P199,1	1983	1984
P131,1	1985	1986
P83,1	1987	1988
P85,1	1989	1990
P15,1	1991	1992
P172,1	1993	1994
P32,1	1995	1996
P113,1	1997	1998
P115,1	1999	2000
P150,1	2001	2002
P34,1	2003	2004
P58,1	2005	2006
P60,1	2007	2008
P74,1	2009	2010
P133,1	2011	2012
P35,1	2013	2014
P174,1	2015	2016
P176,1	2017	2018
P178,1	2019	2020
P65,1	2021	2022
P97,1	2023	2024
P67,1	2025	2026
P11,1	2027	2028
P152,1	2029	2030
P154,1	2031	2032
P87,1	2033	2034
P117,1	2035	2036
P7,1	2037	2038
P42,1	2039	2040
P180,1	2041	2042
P182,1	2043	2044
P184,1	2045	2046
P134,1	2047	2048
P136,1	2049	2050
P52,1	2051	2052
P54,1	2053	2054
P44,1	2055	2056
P155,1	2057	2058
P46,1	2059	2060
P76,1	2061	2062
P100,1	2063	2064
P102,1	2065	2066
P186,1	2067	2068
P103,1	2069	2070
P119,1	2071	2072
P104,1	2073	2074
P16,1	2075	2076
P139,1	2077	2078
P27,1	2079	2080
P61,1	2081	2082
P158,1	2083	2084
P160,1	2085	2086
P62,1	2087	2088
P188,1	2089	2090
P190,1	2091	2092
P68,1	2093	2094
P70,1	2095	2096
P29,1	2097	2098
P17,1	2099	2100
P19,1	2101	2102
P121,1	2103	2104
P123,1	2105	2106
P142,1	2107	2108
P162,1	2109	2110
P191,1	2111	2112
P164,1	2113	2114
P26,1	2115	2116
P106,1	2117	2118
P22,1	2119	2120
P78,1	2121	2122
P80,1	2123	2124
P55,1	2125	2126
P92,1	2127	2128
P56,1	2129	2130
P38,1	2131	2132
P193,1	2133	2134
P195,1	2135	2136
P41,1	2137	2138
P167,1	2139	2140
P145,1	2141	2142
P124,1	2143	2144
P126,1	2145	2146
P71,1	2147	2148
P48,1	2149	2150
P108,1	2151	2152
P110,1	2153	2154
P64,1	2155	2156
P197,1	2157	2158
P49,1	2159	2160
P6,1	2161	2162
P168,1	2163	2164
P170,1	2165	2166
P13,1	2167	2168
P147,1	2169	2170
P81,1	2171	2172
P82,1	2173	2174
P95,1	2175	2176
P129,1	2177	2178
P199,1	2179	2180
P131,1	2181	2182
P83,1	2183	2184
P85,1	2185	2186
P15,1	2187	2188
P172,1	2189	2190
P32,1	2191	2192
P113,1	2193	2194
P115,1	2195	2196
P150,1	2197	2198
P34,1	2199	2200
P58,1	2201	2202
P60,1	2203	2204
P74,1	2205	2206
P133,1	2207	2208
P35,1	2209	2210
P174,1	2211	2212
P176,1	2213	2214
P178,1	2215	2216
P65,1	2217	2218
P97,1	2219	2220
P67,1	2221	2222
P11,1	2223	2224
P152,1	2225	2226
P154,1	2227	2228
P87,1	2229	2230
P117,1	2231	2232
P7,1	2233	2234
P42,1	2235	2236
P180,1	2237	2238
P182,1	2239	2240
P184,1	2241	2242
P134,1	2243	2244
P136,1	2245	2246
P52,1	2247	2248
P54,1	2249	2250
P44,1	2251	2252
P155,1	2253	2254
P46,1	2255	2256
P76,1	2257	2258
P100,1	2259	2260
P102,1	2261	2262
P186,1	2263	2264
P103,1	2265	2266
P119,1	2267	2268
P104,1	2269	2270
P16,1	2271	2272
P139,1	2273	2274
P27,1	2275	2276
P61,1	2277	2278
P158,1	2279	2280
P160,1	2281	2282
P62,1	2283	2284
P188,1	2285	2286
P190,1	2287	2288
P68,1	2289	2290
P70,1	2291	2292
P29,1	2293	2294
P17,1	2295	2296
P19,1	2297	2298
P121,1	2299	2300
P123,1	2301	2302
P142,1	2303	2304
P162,1	2305	2306
P191,1	2307	2308
P164,1	2309	2310
P26,1	2311	2312
P106,1	2313	2314
P22,1	2315	2316
P78,1	2317	2318
P80,1	2319	2320
P55,1	2321	2322
P92,1	2323	2324
P56,1	2325	2326
P38,1	2327	2328
P193,1	2329	2330
P195,1	2331	2332
P41,1	2333	2334
P167,1	2335	2336
P145,1	2337	2338
P124,1	2339	2340
P126,1	2341	2342
P71,1	2343	2344
P48,1	2345	2346
P108,1	2347	2348
P110,1	2349	2350
P64,1	2351	2352
P197,1	2353	2354
P49,1	2355	2356
P6,1	2357	2358
P168,1	2359	2360
P170,1	2361	2362
P13,1	2363	2364
P147,1	2365	2366
P81,1	2367	2368
P82,1	2369	2370
P95,1	2371	2372
P129,1	2373	2374
P199,1	2375	2376
P131,1	2377	2378
P83,1	2379	2380
P85,1	2381	2382
P15,1	2383	2384
P172,1	2385	2386
P32,1	2387	2388
P113,1	2389	2390
P115,1	2391	2392
P150,1	2393	2394
P34,1	2395	2396
P58,1	2397	2398
P60,1	2399	2400
P74,1	2401	2402
P133,1	2403	2404
P35,1	2405	2406
P174,1	2407	2408
P176,1	2409	2410
P178,1	2411	2412
P65,1	2413	2414
P97,1	2415	2416
P67,1	2417	2418
P11,1	2419	2420
P152,1	2421	2422
P154,1	2423	2424
P87,1	2425	2426
P117,1	2427	2428
P7,1	2429	2430
P42,1	2431	2432
P180,1	2433	2434
P182,1	2435	2436
P184,1	2437	2438
P134,1	2439	2440
P136,1	2441	2442
P52,1	2443	2443
P54,1	2444	2445
P44,1	2446	2447
P155,1	2448	2449
P47,1	2450	2451
P99,1	2452	2453
P100,1	2454	2455
P102,1	2456	2457
P186,1	2458	2459
P103,1	2460	2461
P119,1	2462	2463
P104,1	2464	2465
P16,1	2466	2467
P139,1	2468	2469
P27,1	2470	2471
P61,1	2472	2473
P158,1	2474	2475
P160,1	2476	2477
P62,1	2478	2479
P188,1	2480	2481
P190,1	2482	2483
P68,1	2484	2485
P70,1	2486	2487
P29,1	2488	2489
P17,1	2490	2491
P19,1	2492	2493
P121,1	2494	2495
P123,1	2496	2497
P142,1	2498	2499
P162,1	2500	2501
P191,1	2502	2503
P164,1	2504	2505
P26,1	2506	2507
P106,1	2508	2509
P22,1	2510	2511
P78,1	2512	2513
P80,1	2514	2515
P55,1	2516	2517
P92,1	2518	2519
P56,1	2520	2521
P38,1	2522	2523
P193,1	2524	2525
P195,1	2526	2527
P41,1	2528	2529
P167,1	2530	2531
P145,1	2532	2533
P124,1	2534	2535
P126,1	2536	2537
P71,1	2538	2539
P48,1	2540	2541
P108,1	2542	2543
P110,1	2544	2545
P64,1	2546	2547
P197,1	2548	2549
P49,1	2550	2551
P6,1	2552	2553
P168,1	2554	2555
P170,1	2556	2557
P13,1	2558	2559
P147,1	2560	2561
P81,1	2562	2563
P82,1	2564	2565
P95,1	2566	2567
P129,1	2568	2569
P199,1	2570	2571
P131,1	2572	2573
P83,1	2574	2575
P85,1	2576	2577
P15,1	2578	2579
P172,1	2580	2581
P32,1	2582	2583
P113,1	2584	2585
P115,1	2586	2587
P150,1	2588	2589
P34,1	2590	2591
P58,1	2592	2593
P60,1	2594	2595
P74,1	2596	2597
P133,1	2598	2599
P35,1	2600	2601
P174,1	2602	2603
P176,1	2604	2605
P178,1	2606	2607
P65,1	2608	2609
P97,1	2610	2611
P67,1	2612	2613
P11,1	2614	2615
P152,1	2616	2617
P154,1	2618	2619
P87,1	2620	2621
P117,1	2622	2623
P7,1	2624	2625
P42,1	2626	2627
P180,1	2628	2629
P182,1	2630	2631
P184,1	2632	2633
P134,1	2634	2635
P136,1	2636	2637
P53,1	2638	2639
P43,1	2640	2641
P45,1	2642	2643
P156,1	2644	2645
P76,1	2646	2647
P46,2	2648	2649
P101,1	2650	2651
P185,1	2652	2653
P187,1	2654	2655
P118,1	2656	2657
P120,1	2658	2659
P77,1	2660	2661
P138,1	2662	2663
P140,1	2664	2665
P28,1	2666	2667
P157,1	2668	2669
P159,1	2670	2671
P161,1	2672	2673
P89,1	2674	2675
P189,1	2676	2677
P90,1	2678	2679
P69,1	2680	2681
P29,1	2682	2683
P17,1	2684	2685
P18,1	2686	2687
P25,1	2688	2689
P122,1	2690	2691
P141,1	2692	2693
P143,1	2694	2695
P163,1	2696	2697
P192,1	2698	2699
P165,1	2700	2701
P105,1	2702	2703
P21,1	2704	2705
P23,1	2706	2706
P78,1	2707	2708
P80,1	2709	2710
P55,1	2711	2712
P92,1	2713	2714
P56,1	2715	2716
P38,1	2717	2718
P193,1	2719	2720
P195,1	2721	2722
P41,1	2723	2724
P167,1	2725	2726
P145,1	2727	2728
P124,1	2729	2730
P126,1	2731	2732
P71,1	2733	2734
P48,1	2735	2736
P108,1	2737	2738
P110,1	2739	2740
P64,1	2741	2742
P197,1	2743	2744
P49,1	2745	2746
P6,1	2747	2748
P168,1	2749	2750
P170,1	2751	2752
P13,1	2753	2754
P147,1	2755	2756
P81,1	2757	2758
P82,1	2759	2760
P95,1	2761	2762
P129,1	2763	2764
P199,1	2765	2766
P131,1	2767	2768
P83,1	2769	2770
P85,1	2771	2772
P15,1	2773	2774
P172,1	2775	2776
P32,1	2777	2778
P113,1	2779	2780
P115,1	2781	2782
P150,1	2783	2784
P34,1	2785	2786
P58,1	2787	2788
P60,1	2789	2790
P74,1	2791	2792
P133,1	2793	2794
P35,1	2795	2796
P174,1	2797	2798
P176,1	2799	2800
P178,1	2801	2802
P65,1	2803	2804
P97,1	2805	2806
P67,1	2807	2808
P11,1	2809	2810
P152,1	2811	2812
P154,1	2813	2814
P87,1	2815	2816
P117,1	2817	2818
P7,1	2819	2820
P42,1	2821	2822
P180,1	2823	2824
P182,1	2825	2826
P184,1	2827	2828
P134,1	2829	2830
P136,1	2831	2832
P53,2	2833	2834
P43,1	2835	2836
P45,1	2837	2838
P156,1	2839	2840
P76,1	2841	2842
P46,2	2843	2844
P101,1	2845	2846
P185,1	2847	2848
P187,1	2849	2850
P118,1	2851	2852
P120,1	2853	2854
P77,1	2855	2856
P138,1	2857	2858
P140,1	2859	2860
P28,1	2861	2862
P157,1	2863	2864
P159,1	2865	2866
P161,1	2867	2868
P89,1	2869	2870
P189,1	2871	2872
P90,1	2873	2874
P69,1	2875	2876
P29,1	2877	2878
P17,1	2879	2880
P18,1	2881	2882
P25,1	2883	2884
P122,1	2885	2886
P141,1	2887	2888
P143,1	2889	2890
P163,1	2891	2892
P192,1	2893	2894
P164,1	2895	2896
P26,1	2897	2898
P106,1	2899	2900
P22,1	2901	2902
P79,1	2903	2904
P24,1	2905	2906
P91,1	2907	2908
P93,1	2909	2910
P4,1	2911	2912
P39,1	2913	2914
P194,1	2915	2916
P40,1	2917	2918
P166,1	2919	2920
P144,1	2921	2922
P146,1	2923	2924
P125,1	2925	2926
P127,1	2927	2928
P72,1	2929	2930
P107,1	2931	2932
P109,1	2933	2934
P111,1	2935	2936
P196,1	2937	2938
P198,1	2939	2940
P9,1	2941	2942
P169,1	2943	2944
P171,1	2945	2946
P13,1	2947	2948
P147,1	2949	2950
P81,1	2951	2952
P82,1	2953	2954
P95,1	2955	2956
P129,1	2957	2958
P199,1	2959	2960
P131,1	2961	2962
P83,1	2963	2964
P85,1	2965	2966
P15,1	2967	2968
P172,1	2969	2970
P32,1	2971	2972
P113,1	2973	2974
P115,1	2975	2976
P150,1	2977	2978
P34,1	2979	2980
P58,1	2981	2982
P60,1	2983	2984
P74,1	2985	2985
P133,1	2986	2987
P35,1	2988	2989
P174,1	2990	2991
P176,1	2992	2993
P178,1	2994	2995
P65,1	2996	2997
P97,1	2998	2999
P67,1	3000	3001
P11,1	3002	3003
P152,1	3004	3005
P154,1	3006	3007
P87,1	3008	3009
P117,1	3010	3011
P7,1	3012	3013
P42,1	3014	3015
P180,1	3016	3017
P182,1	3018	3019
P184,1	3020	3021
P134,1	3022	3023
P136,1	3024	3025
P53,2	3026	3027
P43,1	3028	3029
P45,1	3030	3031
P156,1	3032	3033
P76,1	3034	3035
P46,2	3036	3037
P101,1	3038	3039
P185,1	3040	3041
P187,1	3042	3043
P118,1	3044	3045
P120,1	3046	3047
P77,1	3048	3049
P138,1	3050	3051
P140,1	3052	3053
P61,1	3054	3055
P158,1	3056	3057
P160,1	3058	3059
P62,1	3060	3061
P188,1	3062	3063
P190,1	3064	3065
P68,1	3066	3067
P70,1	3068	3069
P30,1	3070	3071
P63,2	3072	3073
P19,1	3074	3075
P121,1	3076	3077
P123,1	3078	3079
P142,1	3080	3081
P162,1	3082	3083
P191,1	3084	3085
P23,2	3086	3087
P165,1	3088	3089
P105,1	3090	3091
P21,1	3092	3093
P78,1	3094	3095
P80,1	3096	3097
P55,1	3098	3099
P92,1	3100	3101
P56,1	3102	3103
P38,1	3104	3105
P193,1	3106	3107
P195,1	3108	3109
P40,2	3110	3111
P167,1	3112	3113
P145,1	3114	3115
P124,1	3116	3117
P126,1	3118	3119
P71,1	3120	3121
P48,1	3122	3123
P108,1	3124	3125
P110,1	3126	3127
P64,1	3128	3129
P197,1	3130	3131
P8,1	3132	3133
P168,1	3134	3135
P170,1	3136	3137
P49,2	3138	3139
P10,2	3140	3141
P148,1	3142	3143
P12,2	3144	3145
P94,1	3146	3147
P128,1	3148	3149
P130,1	3150	3151
P200,1	3152	3153
P96,1	3154	3155
P84,1	3156	3157
P14,1	3158	3159
P31,1	3160	3161
P173,1	3162	3163
P112,1	3164	3165
P114,1	3166	3167
P149,1	3168	3169
P33,1	3170	3171
P57,1	3172	3173
P59,1	3174	3175
P73,1	3176	3177
P133,1	3178	3179
P35,1	3180	3181
P175,1	3182	3183
P177,1	3184	3185
P179,1	3186	3187
P36,2	3188	3189
P97,1	3190	3191
P67,1	3192	3193
P11,1	3194	3195
P152,1	3196	3197
P154,1	3198	3199
P87,1	3200	3201
P117,1	3202	3203
P7,1	3204	3205
P42,1	3206	3206
P180,1	3207	3208
P182,1	3209	3210
P184,1	3211	3212
P134,1	3213	3214
P136,1	3215	3216
P53,2	3217	3218
P43,1	3219	3220
P45,1	3221	3222
P156,1	3223	3224
P76,1	3225	3226
P46,2	3227	3228
P101,1	3229	3230
P102,1	3231	3232
P186,1	3233	3234
P103,1	3235	3236
P119,1	3237	3238
P104,1	3239	3240
P16,1	3241	3242
P139,1	3243	3244
P61,1	3245	3246
P158,1	3247	3248
P160,1	3249	3250
P62,1	3251	3252
P188,1	3253	3254
P190,1	3255	3256
P68,1	3257	3258
P70,1	3259	3260
P30,1	3261	3262
P63,2	3263	3264
P19,1	3265	3266
P121,1	3267	3268
P123,1	3269	3270
P142,1	3271	3272
P162,1	3273	3274
P191,1	3275	3276
P23,2	3277	3278
P165,1	3279	3280
P105,1	3281	3282
P21,1	3283	3284
P78,1	3285	3286
P80,1	3287	3288
P24,2	3289	3290
P92,1	3291	3292
P56,1	3293	3294
P38,1	3295	3296
P193,1	3297	3298
P195,1	3299	3300
P40,2	3301	3302
P167,1	3303	3304
P145,1	3305	3306
P124,1	3307	3308
P126,1	3309	3310
P71,1	3311	3312
P48,1	3313	3314
P108,1	3315	3316
P110,1	3317	3318
P64,1	3319	3320
P197,1	3321	3322
P8,1	3323	3324
P168,1	3325	3326
P170,1	3327	3328
P49,2	3329	3330
P10,2	3331	3332
P148,1	3333	3334
P12,2	3335	3336
P94,1	3337	3338
P128,1	3339	3340
P130,1	3341	3342
P200,1	3343	3344
P96,1	3345	3346
P84,1	3347	3348
P14,1	3349	3350
P31,1	3351	3352
P173,1	3353	3354
P112,1	3355	3356
P114,1	3357	3358
P149,1	3359	3360
P33,1	3361	3362
P57,1	3363	3364
P59,1	3365	3366
P73,1	3367	3368
P133,1	3369	3370
P35,1	3371	3372
P175,1	3373	3374
P177,1	3375	3376
P179,1	3377	3378
P36,2	3379	3380
P97,1	3381	3382
P67,1	3383	3384
P11,1	3385	3386
P152,1	3387	3388
P154,1	3389	3390
P87,1	3391	3392
P117,1	3393	3394
P7,1	3395	3396
P50,1	3397	3398
P181,1	3399	3400
P183,1	3401	3402
P51,1	3403	3404
P135,1	3405	3406
P137,1	3407	3408
P54,1	3409	3410
P44,1	3411	3412
P155,1	3413	3414
P47,1	3415	3416
P99,1	3417	3418
P100,1	3419	3420
P28,2	3421	3422
P185,1	3423	3424
P187,1	3425	3426
P118,1	3427	3428
P120,1	3429	3430
P77,1	3431	3432
P138,1	3433	3434
P140,1	3435	3436
P157,1	3437	3438
P159,1	3439	3440
P161,1	3441	3442
P89,1	3443	3444
P189,1	3445	3446
P90,1	3447	3448
P69,1	3449	3450
P29,1	3451	3452
P17,1	3453	3454
P18,1	3455	3456
P121,1	3457	3458
P123,1	3459	3460
P142,1	3461	3462
P162,1	3463	3464
P191,1	3465	3466
P23,2	3467	3468
P165,1	3469	3470
P105,1	3471	3472
P21,1	3473	3474
P78,1	3475	3476
P80,1	3477	3478
P24,2	3479	3480
P92,1	3481	3482
P56,1	3483	3484
P38,1	3485	3486
P193,1	3487	3488
P195,1	3489	3490
P40,2	3491	3492
P167,1	3493	3494
P145,1	3495	3496
P124,1	3497	3498
P126,1	3499	3500
P71,1	3501	3501
P48,1	3502	3503
P108,1	3504	3505
P110,1	3506	3507
P64,1	3508	3509
P197,1	3510	3511
P8,1	3512	3513
P168,1	3514	3515
P170,1	3516	3517
P49,2	3518	3519
P10,2	3520	3521
P148,1	3522	3523
P12,2	3524	3525
P94,1	3526	3527
P128,1	3528	3529
P130,1	3530	3531
P200,1	3532	3533
P96,1	3534	3535
P84,1	3536	3537
P14,1	3538	3539
P31,1	3540	3541
P173,1	3542	3543
P113,1	3544	3545
P115,1	3546	3547
P149,1	3548	3549
P33,1	3550	3551
P57,1	3552	3553
P59,1	3554	3555
P73,1	3556	3557
P133,1	3558	3559
P35,1	3560	3561
P175,1	3562	3563
P177,1	3564	3565
P179,1	3566	3567
P36,2	3568	3569
P97,1	3570	3571
P67,1	3572	3573
P11,1	3574	3575
P152,1	3576	3577
P154,1	3578	3579
P87,1	3580	3581
P117,1	3582	3583
P7,1	3584	3585
P50,1	3586	3587
P181,1	3588	3589
P183,1	3590	3591
P51,1	3592	3593
P135,1	3594	3595
P137,1	3596	3597
P54,1	3598	3599
P44,1	3600	3601
P155,1	3602	3603
P47,1	3604	3605
P99,1	3606	3607
P100,1	3608	3609
P28,2	3610	3611
P185,1	3612	3613
P187,1	3614	3615
P118,1	3616	3617
P120,1	3618	3619
P77,1	3620	3621
P138,1	3622	3623
P140,1	3624	3625
P157,1	3626	3627
P19,2	3628	3629
P160,1	3630	3631
P62,1	3632	3633
P188,1	3634	3635
P190,1	3636	3637
P68,1	3638	3639
P70,1	3640	3641
P30,1	3642	3643
P63,2	3644	3645
P25,1	3646	3647
P122,1	3648	3649
P142,1	3650	3651
P162,1	3652	3653
P191,1	3654	3655
P23,2	3656	3657
P165,1	3658	3659
P105,1	3660	3661
P21,1	3662	3663
P78,1	3664	3665
P80,1	3666	3667
P55,1	3668	3669
P91,1	3670	3671
P93,1	3672	3673
P38,1	3674	3675
P193,1	3676	3677
P195,1	3678	3679
P40,2	3680	3681
P167,1	3682	3683
P145,1	3684	3685
P124,1	3686	3687
P126,1	3688	3689
P72,1	3690	3691
P107,1	3692	3693
P109,1	3694	3695
P111,1	3696	3697
P196,1	3698	3699
P198,1	3700	3701
P9,1	3702	3703
P169,1	3704	3705
P171,1	3706	3707
P13,1	3708	3709
P147,1	3710	3711
P81,1	3712	3713
P82,1	3714	3715
P95,1	3716	3717
P129,1	3718	3719
P199,1	3720	3721
P131,1	3722	3723
P83,1	3724	3725
P85,1	3726	3727
P15,1	3728	3729
P172,1	3730	3731
P112,1	3732	3733
P114,1	3734	3735
P32,2	3736	3737
P150,1	3738	3739
P34,1	3740	3741
P58,1	3742	3743
P60,1	3744	3745
P132,1	3746	3747
P75,1	3748	3749
P174,1	3750	3751
P176,1	3752	3753
P178,1	3754	3755
P65,1	3756	3757
P66,1	3758	3759
P98,1	3760	3761
P37,1	3762	3763
P151,1	3764	3765
P153,1	3766	3767
P2,2	3768	3769
P87,1	3770	3771
P117,1	3772	3773
P7,1	3774	3775
P180,1	3776	3777
P182,1	3778	3779
P184,1	3780	3781
P134,1	3782	3783
P136,1	3784	3785
P53,2	3786	3787
P43,1	3788	3789
P45,1	3790	3791
P156,1	3792	3793
P76,1	3794	3795
P46,2	3796	3797
P101,1	3798	3799
P102,1	3800	3801
P186,1	3802	3803
P103,1	3804	3805
P119,1	3806	3807
P104,1	3808	3809
P16,1	3810	3811
P139,1	3812	3813
P61,1	3814	3815
P158,1	3816	3817
P159,1	3818	3819
P161,1	3820	3821
P89,1	3822	3823
P189,1	3824	3825
P90,1	3826	3827
P123,2	3828	3829
P70,1	3830	3831
P30,1	3832	3833
P63,2	3834	3835
P25,1	3836	3837
P122,1	3838	3839
P142,1	3840	3841
P162,1	3842	3843
P191,1	3844	3845
P23,2	3846	3847
P165,1	3848	3849
P105,1	3850	3851
P21,1	3852	3853
P78,1	3854	3855
P80,1	3856	3857
P55,1	3858	3859
P91,1	3860	3861
P93,1	3862	3863
P38,1	3864	3865
P193,1	3866	3867
P195,1	3868	3869
P40,2	3870	3871
P167,1	3872	3873
P145,1	3874	3875
P125,1	3876	3877
P146,2	3878	3879
P72,1	3880	3881
P107,1	3882	3883
P109,1	3884	3885
P111,1	3886	3887
P196,1	3888	3889
P198,1	3890	3891
P9,1	3892	3893
P169,1	3894	3895
P171,1	3896	3897
P13,1	3898	3899
P147,1	3900	3901
P81,1	3902	3903
P82,1	3904	3905
P95,1	3906	3907
P129,1	3908	3909
P199,1	3910	3911
P131,1	3912	3913
P83,1	3914	3915
P85,1	3916	3917
P15,1	3918	3919
P172,1	3920	3921
P112,1	3922	3923
P114,1	3924	3925
P32,2	3926	3927
P150,1	3928	3929
P34,1	3930	3931
P58,1	3932	3933
P60,1	3934	3934
P73,1	3935	3936
P133,1	3937	3938
P35,1	3939	3940
P175,1	3941	3942
P177,1	3943	3944
P179,1	3945	3946
P36,2	3947	3948
P97,1	3949	3950
P67,1	3951	3952
P11,1	3953	3954
P152,1	3955	3956
P154,1	3957	3958
P86,1	3959	3960
P116,1	3961	3962
P88,1	3963	3964
P50,1	3965	3966
P181,1	3967	3968
P183,1	3969	3970
P51,1	3971	3972
P135,1	3973	3974
P137,1	3975	3976
P54,1	3977	3978
P44,1	3979	3980
P155,1	3981	3982
P47,1	3983	3984
P99,1	3985	3986
P100,1	3987	3988
P28,2	3989	3990
P185,1	3991	3992
P187,1	3993	3994
P118,1	3995	3996
P120,1	3997	3998
P77,1	3999	4000
P138,1	4001	4002
P140,1	4003	4004
P157,1	4005	4006
P19,2	4007	4008
P160,1	4009	4010
P62,1	4011	4012
P188,1	4013	4014
P190,1	4015	4016
P123,2	4017	4018
P29,1	4019	4020
P68,2	4021	4022
P63,2	4023	4024
P25,1	4025	4026
P121,1	4027	4028
P141,1	4029	4030
P143,1	4031	4032
P163,1	4033	4034
P192,1	4035	4036
P164,1	4037	4038
P26,1	4039	4040
P106,1	4041	4042
P22,1	4043	4044
P79,1	4045	4046
P4,2	4047	4048
P24,2	4049	4050
P92,1	4051	4052
P56,1	4053	4054
P39,1	4055	4056
P194,1	4057	4058
P41,1	4059	4060
P166,1	4061	4062
P144,1	4063	4064
P124,1	4065	4066
P126,1	4067	4068
P127,1	4069	4070
P48,1	4071	4072
P108,1	4073	4074
P110,1	4075	4076
P64,1	4077	4078
P197,1	4079	4080
P9,1	4081	4082
P169,1	4083	4084
P171,1	4085	4086
P13,1	4087	4088
P147,1	4089	4089
P81,1	4090	4091
P82,1	4092	4093
P95,1	4094	4095
P129,1	4096	4097
P199,1	4098	4099
P131,1	4100	4101
P84,1	4102	4103
P14,1	4104	4105
P83,2	4106	4107
P172,1	4108	4109
P112,1	4110	4111
P114,1	4112	4113
P32,2	4114	4115
P150,1	4116	4117
P34,1	4118	4119
P58,1	4120	4121
P73,1	4122	4123
P133,1	4124	4124
P75,1	4125	4125
P35,1	4126	4127
P175,1	4128	4129
P177,1	4130	4131
P179,1	4132	4133
P36,2	4134	4135
P97,1	4136	4137
P67,1	4138	4139
P11,1	4140	4141
P152,1	4142	4143
P154,1	4144	4145
P86,1	4146	4147
P116,1	4148	4149
P88,1	4150	4151
P50,1	4152	4153
P181,1	4154	4155
P183,1	4156	4157
P51,1	4158	4159
P135,1	4160	4161
P137,1	4162	4163
P54,1	4164	4165
P44,1	4166	4167
P155,1	4168	4169
P47,1	4170	4171
P99,1	4172	4173
P100,1	4174	4175
P28,2	4176	4177
P185,1	4178	4179
P187,1	4180	4181
P118,1	4182	4183
P120,1	4184	4185
P77,1	4186	4187
P138,1	4188	4189
P140,1	4190	4191
P157,1	4192	4193
P19,2	4194	4195
P160,1	4196	4197
P62,1	4198	4199
P188,1	4200	4201
P190,1	4202	4203
P123,2	4204	4205
P29,1	4206	4207
P68,2	4208	4209
P63,2	4210	4211
P25,1	4212	4213
P121,1	4214	4215
P141,1	4216	4217
P143,1	4218	4219
P163,1	4220	4221
P192,1	4222	4223
P164,1	4224	4225
P26,1	4226	4227
P106,1	4228	4229
P22,1	4230	4231
P79,1	4232	4233
P4,2	4234	4235
P24,2	4236	4237
P92,1	4238	4239
P56,1	4240	4241
P193,1	4242	4243
P195,1	4244	4245
P40,2	4246	4247
P167,1	4248	4249
P124,1	4250	4251
P126,1	4252	4253
P127,1	4254	4255
P48,1	4256	4257
P108,1	4258	4259
P110,1	4260	4261
P64,1	4262	4263
P197,1	4264	4265
P9,1	4266	4267
P169,1	4268	4269
P171,1	4270	4271
P13,1	4272	4273
P148,1	4274	4275
P12,2	4276	4277
P94,1	4278	4279
P128,1	4280	4281
P130,1	4282	4283
P200,1	4284	4285
P96,1	4286	4287
P85,1	4288	4289
P15,1	4290	4291
P31,1	4292	4293
P173,1	4294	4295
P113,1	4296	4297
P115,1	4298	4299
P149,1	4300	4301
P33,1	4302	4303
P75,2	4304	4305
P57,1	4306	4307
P59,1	4308	4309
P132,1	4310	4311
P35,1	4312	4313
P175,1	4314	4315
P177,1	4316	4317
P179,1	4318	4319
P36,2	4320	4321
P97,1	4322	4323
P67,1	4324	4325
P11,1	4326	4327
P152,1	4328	4329
P154,1	4330	4331
P86,1	4332	4333
P116,1	4334	4335
P88,1	4336	4337
P50,1	4338	4339
P181,1	4340	4341
P183,1	4342	4343
P51,1	4344	4345
P135,1	4346	4347
P137,1	4348	4349
P54,1	4350	4351
P44,2	4352	4353
P155,1	4354	4355
P47,1	4356	4357
P99,1	4358	4359
P100,1	4360	4361
P28,2	4362	4363
P185,1	4364	4365
P186,1	4366	4367
P118,1	4368	4369
P120,1	4370	4371
P77,1	4372	4373
P138,1	4374	4375
P140,1	4376	4377
P157,1	4378	4379
P19,2	4380	4381
P160,1	4382	4383
P62,1	4384	4385
P188,1	4386	4387
P190,1	4388	4388
P123,2	4389	4390
P29,1	4391	4392
P68,2	4393	4394
P63,2	4395	4396
P25,1	4397	4398
P121,1	4399	4400
P141,1	4401	4402
P143,1	4403	4404
P163,1	4405	4406
P192,1	4407	4408
P164,1	4409	4410
P26,1	4411	4412
P106,1	4413	4414
P22,1	4415	4416
P79,1	4417	4418
P4,2	4419	4420
P24,2	4421	4422
P92,1	4423	4424
P56,1	4425	4426
P193,1	4427	4428
P195,1	4429	4430
P40,2	4431	4432
P167,1	4433	4434
P124,1	4435	4436
P126,1	4437	4438
P127,1	4439	4440
P48,1	4441	4442
P108,1	4443	4444
P110,1	4445	4446
P64,1	4447	4448
P197,1	4449	4450
P168,1	4451	4452
P170,1	4453	4454
P49,2	4455	4456
P10,2	4457	4458
P81,1	4459	4460
P82,1	4461	4462
P95,1	4463	4464
P129,1	4465	4466
P199,1	4467	4468
P131,1	4469	4470
P84,1	4471	4472
P14,1	4473	4474
P83,2	4475	4476
P172,1	4477	4478
P112,1	4479	4480
P114,1	4481	4482
P32,2	4483	4484
P150,1	4485	4486
P34,1	4487	4488
P133,2	4489	4490
P58,1	4491	4492
P73,1	4493	4494
P60,2	4495	4496
P174,1	4497	4498
P176,1	4499	4500
P178,1	4501	4502
P65,1	4503	4504
P66,1	4505	4506
P98,1	4507	4508
P37,1	4509	4510
P151,1	4511	4512
P153,1	4513	4514
P2,2	4515	4516
P87,1	4517	4518
P117,1	4519	4520
P7,1	4521	4522
P180,1	4523	4524
P182,1	4525	4526
P184,1	4527	4528
P134,1	4529	4530
P136,1	4531	4532
P53,2	4533	4534
P44,2	4535	4536
P155,1	4537	4538
P47,1	4539	4540
P99,1	4541	4542
P46,2	4543	4544
P101,1	4545	4546
P102,1	4547	4548
P103,2	4549	4550
P187,1	4551	4552
P119,1	4553	4554
P104,1	4555	4556
P16,1	4557	4558
P139,1	4559	4560
P61,1	4561	4562
P190,2	4563	4564
P19,2	4565	4566
P160,1	4567	4568
P62,1	4569	4570
P188,1	4571	4572
P90,1	4573	4574
P69,1	4575	4576
P30,1	4577	4578
P17,1	4579	4580
P18,1	4581	4582
P70,2	4583	4584
P122,1	4585	4586
P142,1	4587	4588
P162,1	4589	4590
P191,1	4591	4592
P23,2	4593	4594
P165,1	4595	4596
P105,1	4597	4598
P21,1	4599	4600
P78,1	4601	4602
P4,2	4603	4604
P24,2	4605	4606
P92,1	4607	4608
P93,1	4609	4610
P38,1	4611	4612
P194,1	4613	4614
P41,1	4615	4616
P166,1	4617	4618
P144,1	4619	4620
P125,1	4621	4622
P146,2	4623	4624
P72,1	4625	4626
P107,1	4627	4628
P109,1	4629	4630
P111,1	4631	4632
P196,1	4633	4634
P198,1	4635	4636
P169,1	4637	4638
P171,1	4639	4640
P13,1	4641	4642
P148,1	4643	4644
P12,2	4645	4646
P94,1	4647	4648
P128,1	4649	4650
P130,1	4651	4652
P200,1	4653	4654
P96,1	4655	4656
P85,1	4657	4658
P15,1	4659	4660
P31,1	4661	4662
P173,1	4663	4664
P113,1	4665	4666
P115,1	4667	4668
P149,1	4669	4670
P33,1	4671	4672
P75,2	4673	4674
P57,1	4675	4676
P59,1	4677	4678
P132,1	4679	4680
P35,1	4681	4682
P175,1	4683	4684
P177,1	4685	4686
P179,1	4687	4688
P36,2	4689	4690
P97,1	4691	4692
P67,1	4693	4694
P11,1	4695	4696
P152,1	4697	4698
P154,1	4699	4700
P86,1	4701	4702
P116,1	4703	4704
P88,1	4705	4706
P50,1	4707	4707
P181,1	4708	4709
P183,1	4710	4711
P51,1	4712	4713
P135,1	4714	4715
P137,1	4716	4717
P54,1	4718	4719
P45,1	4720	4721
P156,1	4722	4723
P76,1	4724	4725
P43,2	4726	4727
P100,1	4728	4729
P28,2	4730	4731
P185,1	4732	4733
P186,1	4734	4735
P118,1	4736	4737
P120,1	4738	4739
P77,1	4740	4741
P138,1	4742	4743
P140,1	4744	4745
P157,1	4746	4747
P158,1	4748	4748
P19,2	4749	4750
P160,1	4751	4752
P62,1	4753	4754
P188,1	4755	4756
P90,1	4757	4758
P69,1	4759	4760
P30,1	4761	4762
P17,1	4763	4764
P18,1	4765	4766
P70,2	4767	4768
P122,1	4769	4770
P143,1	4771	4772
P191,1	4773	4774
P23,2	4775	4776
P165,1	4777	4778
P105,1	4779	4780
P21,1	4781	4782
P78,1	4783	4784
P4,2	4785	4786
P24,2	4787	4788
P92,1	4789	4790
P56,1	4791	4792
P193,1	4793	4794
P195,1	4795	4796
P40,2	4797	4798
P167,1	4799	4800
P124,1	4801	4802
P126,1	4803	4804
P127,1	4805	4806
P48,1	4807	4808
P108,1	4809	4810
P110,1	4811	4812
P64,1	4813	4814
P197,1	4815	4816
P168,1	4817	4818
P170,1	4819	4820
P49,2	4821	4822
P10,2	4823	4824
P81,1	4825	4826
P82,1	4827	4828
P95,1	4829	4830
P129,1	4831	4832
P199,1	4833	4834
P131,1	4835	4836
P84,1	4837	4838
P14,1	4839	4840
P83,2	4841	4842
P172,1	4843	4844
P112,1	4845	4846
P114,1	4847	4848
P32,2	4849	4850
P150,1	4851	4852
P34,1	4853	4854
P133,2	4855	4856
P58,1	4857	4858
P73,1	4859	4860
P60,2	4861	4862
P174,1	4863	4864
P176,1	4865	4866
P178,1	4867	4868
P65,1	4869	4870
P66,1	4871	4872
P98,1	4873	4874
P37,1	4875	4876
P151,1	4877	4878
P153,1	4879	4880
P154,1	4881	4882
P86,1	4883	4884
P116,1	4885	4886
P88,1	4887	4888
P181,1	4889	4890
P183,1	4891	4892
P184,1	4893	4894
P134,1	4895	4896
P136,1	4897	4898
P53,2	4899	4900
P44,2	4901	4902
P155,1	4903	4904
P47,1	4905	4906
P99,1	4907	4908
P46,2	4909	4910
P101,1	4911	4912
P102,1	4913	4914
P103,2	4915	4916
P187,1	4917	4918
P119,1	4919	4920
P158,2	4921	4922
P16,1	4923	4924
P139,1	4925	4926
P77,2	4927	4928
P157,1	4929	4930
P19,2	4931	4932
P160,1	4933	4934
P62,1	4935	4936
P188,1	4937	4938
P90,1	4939	4939
P123,2	4940	4941
P69,1	4942	4943
P30,1	4944	4945
P17,1	4946	4947
P18,1	4948	4948
P70,2	4949	4950
P122,1	4951	4952
P143,1	4953	4954
P191,1	4955	4956
P23,2	4957	4958
P165,1	4959	4960
P105,1	4961	4962
P21,1	4963	4964
P78,1	4965	4966
P4,2	4967	4968
P24,2	4969	4970
P92,1	4971	4972
P56,1	4973	4974
P193,1	4975	4976
P195,1	4977	4978
P40,2	4979	4980
P167,1	4981	4982
P125,1	4983	4984
P146,2	4985	4986
P124,2	4987	4988
P48,1	4989	4990
P108,1	4991	4992
P110,1	4993	4994
P64,1	4995	4996
P197,1	4997	4998
P168,1	4999	5000
P170,1	5001	5002
P49,2	5003	5004
P10,2	5005	5006
P81,1	5007	5008
P82,1	5009	5010
P95,1	5011	5012
P129,1	5013	5014
P199,1	5015	5016
P131,1	5017	5018
P84,1	5019	5020
P14,1	5021	5022
P83,2	5023	5024
P172,1	5025	5026
P112,1	5027	5028
P114,1	5029	5030
P32,2	5031	5032
P150,1	5033	5034
P34,1	5035	5036
P133,2	5037	5038
P58,1	5039	5040
P73,1	5041	5042
P60,2	5043	5044
P174,1	5045	5046
P176,1	5047	5048
P178,1	5049	5050
P65,1	5051	5052
P66,1	5053	5054
P98,1	5055	5056
P37,1	5057	5058
P151,1	5059	5060
P153,1	5061	5062
P154,1	5063	5064
P86,1	5065	5066
P116,1	5067	5067
P88,1	5068	5068
P180,1	5069	5070
P182,1	5071	5072
P7,2	5073	5074
P51,1	5075	5076
P136,1	5077	5078
P137,1	5079	5080
P54,1	5081	5082
P45,1	5083	5084
P156,1	5085	5086
P76,1	5087	5088
P43,2	5089	5090
P100,1	5091	5092
P28,2	5093	5094
P185,1	5095	5096
P186,1	5097	5098
P118,1	5099	5100
P120,1	5101	5102
P104,1	5103	5104
P138,1	5105	5106
P140,1	5107	5108
P61,1	5109	5110
P190,2	5111	5112
P159,1	5113	5114
P161,1	5115	5116
P89,1	5117	5118
P90,2	5119	5120
P189,1	5121	5122
P141,2	5123	5124
P29,1	5125	5126
P68,2	5127	5128
P17,2	5129	5130
P70,2	5131	5132
P122,1	5133	5134
P143,1	5135	5136
P191,1	5137	5138
P23,2	5139	5140
P165,1	5141	5142
P105,1	5143	5144
P21,1	5145	5146
P78,1	5147	5148
P4,2	5149	5150
P24,2	5151	5152
P92,1	5153	5154
P56,1	5155	5156
P193,1	5157	5158
P195,1	5159	5160
P40,2	5161	5162
P167,1	5163	5164
P125,1	5165	5166
P146,2	5167	5168
P124,2	5169	5170
P48,1	5171	5172
P108,1	5173	5174
P110,1	5175	5176
P64,1	5177	5178
P197,1	5179	5180
P168,1	5181	5182
P170,1	5183	5184
P49,2	5185	5186
P10,2	5187	5188
P81,1	5189	5190
P82,1	5191	5192
P95,1	5193	5194
P129,1	5195	5196
P199,1	5197	5198
P131,1	5199	5200
P84,1	5201	5202
P14,1	5203	5204
P83,2	5205	5206
P172,1	5207	5208
P112,1	5209	5210
P114,1	5211	5212
P32,2	5213	5214
P150,1	5215	5216
P34,1	5217	5218
P133,2	5219	5220
P58,1	5221	5222
P73,1	5223	5224
P60,2	5225	5226
P174,1	5227	5228
P176,1	5229	5230
P178,1	5231	5232
P65,1	5233	5234
P66,1	5235	5236
P98,1	5237	5238
P37,1	5239	5239
P116,2	5240	5241
P151,1	5242	5243
P153,1	5244	5245
P154,1	5246	5247
P86,1	5248	5249
P117,1	5250	5251
P181,1	5252	5253
P183,1	5254	5255
P184,1	5256	5257
P134,1	5258	5259
P135,2	5260	5261
P53,2	5262	5263
P44,2	5264	5265
P155,1	5266	5267
P47,1	5268	5269
P99,1	5270	5271
P46,2	5272	5273
P101,1	5274	5275
P102,1	5276	5277
P103,2	5278	5279
P187,1	5280	5281
P119,1	5282	5283
P158,2	5284	5285
P138,1	5286	5287
P139,1	5288	5289
P77,2	5290	5291
P157,1	5292	5293
P19,2	5294	5295
P160,1	5296	5297
P62,1	5298	5299
P188,1	5300	5301
P18,2	5302	5303
P123,2	5304	5305
P69,1	5306	5307
P30,1	5308	5309
P63,2	5310	5311
P25,1	5312	5313
P121,1	5314	5315
P142,1	5316	5317
P162,1	5318	5319
P192,1	5320	5321
P164,1	5322	5323
P26,1	5324	5325
P106,1	5326	5327
P78,1	5328	5329
P79,1	5330	5331
P55,1	5332	5333
P91,1	5334	5335
P80,2	5336	5337
P38,1	5338	5339
P194,1	5340	5341
P41,2	5342	5343
P166,1	5344	5345
P144,1	5346	5347
P126,1	5348	5349
P127,1	5350	5351
P72,1	5352	5353
P107,1	5354	5355
P109,1	5356	5357
P111,1	5358	5359
P196,1	5360	5361
P198,1	5362	5363
P169,1	5364	5365
P49,2	5366	5367
P10,2	5368	5369
P81,1	5370	5371
P82,1	5372	5373
P95,1	5374	5375
P129,1	5376	5377
P199,1	5378	5379
P131,1	5380	5381
P84,1	5382	5383
P14,1	5384	5385
P83,2	5386	5387
P172,1	5388	5389
P112,1	5390	5391
P114,1	5392	5393
P32,2	5394	5395
P150,1	5396	5397
P75,2	5398	5399
P133,2	5400	5401
P58,1	5402	5403
P73,1	5404	5405
P60,2	5406	5407
P174,1	5408	5409
P176,1	5410	5411
P178,1	5412	5413
P65,1	5414	5415
P66,1	5416	5417
P98,1	5418	5419
P11,1	5420	5421
P88,2	5422	5423
P152,1	5424	5425
P50,2	5426	5427
P2,2	5428	5429
P117,1	5430	5431
P181,1	5432	5433
P183,1	5434	5435
P184,1	5436	5437
P134,1	5438	5439
P135,2	5440	5441
P53,2	5442	5443
P44,2	5444	5445
P155,1	5446	5447
P47,1	5448	5449
P99,1	5450	5451
P46,2	5452	5453
P101,1	5454	5455
P102,1	5456	5457
P103,2	5458	5459
P187,1	5460	5461
P119,1	5462	5463
P158,2	5464	5465
P138,1	5466	5467
P139,1	5468	5469
P77,2	5470	5471
P157,1	5472	5473
P19,2	5474	5475
P160,1	5476	5477
P62,1	5478	5479
P89,1	5480	5481
P90,2	5482	5483
P189,1	5484	5485
P141,2	5486	5487
P30,1	5488	5489
P63,2	5490	5491
P25,1	5492	5493
P121,1	5494	5495
P142,1	5496	5497
P162,1	5498	5499
P192,1	5500	5501
P164,1	5502	5503
P26,1	5504	5505
P106,1	5506	5507
P78,1	5508	5509
P79,1	5510	5511
P55,1	5512	5513
P91,1	5514	5514
P92,1	5515	5516
P56,1	5517	5518
P193,1	5519	5520
P195,1	5521	5522
P40,2	5523	5524
P167,1	5525	5526
P125,1	5527	5528
P146,2	5529	5530
P124,2	5531	5532
P48,1	5533	5534
P108,1	5535	5536
P110,1	5537	5538
P64,1	5539	5540
P197,1	5541	5542
P168,1	5543	5544
P171,1	5545	5546
P13,1	5547	5548
P148,1	5549	5550
P12,2	5551	5552
P95,1	5553	5554
P129,1	5555	5556
P199,1	5557	5558
P200,1	5559	5560
P96,1	5561	5562
P85,1	5563	5564
P83,2	5565	5566
P172,1	5567	5568
P112,1	5569	5570
P114,1	5571	5572
P32,2	5573	5574
P150,1	5575	5576
P75,2	5577	5578
P133,2	5579	5580
P58,1	5581	5582
P73,1	5583	5584
P60,2	5585	5586
P174,1	5587	5588
P176,1	5589	5590
P178,1	5591	5592
P65,1	5593	5594
P66,1	5595	5596
P98,1	5597	5598
P67,1	5599	5600
P116,2	5601	5602
P151,1	5603	5604
P153,1	5605	5606
P154,1	5607	5608
P87,1	5609	5609
P117,1	5610	5611
P181,1	5612	5613
P183,1	5614	5615
P184,1	5616	5617
P134,1	5618	5619
P135,2	5620	5621
P53,2	5622	5623
P44,2	5624	5625
P155,1	5626	5627
P47,1	5628	5629
P99,1	5630	5631
P46,2	5632	5633
P101,1	5634	5635
P102,1	5636	5637
P103,2	5638	5639
P187,1	5640	5641
P119,1	5642	5643
P158,2	5644	5645
P16,2	5646	5647
P138,2	5648	5649
P77,2	5650	5651
P157,1	5652	5653
P19,2	5654	5655
P161,1	5656	5657
P159,2	5658	5659
P89,1	5660	5661
P90,2	5662	5663
P189,1	5664	5665
P141,2	5666	5667
P30,1	5668	5669
P63,2	5670	5671
P25,1	5672	5673
P121,1	5674	5675
P142,1	5676	5677
P162,1	5678	5679
P192,1	5680	5681
P164,1	5682	5683
P26,1	5684	5685
P106,1	5686	5687
P78,1	5688	5689
P79,1	5690	5691
P55,1	5692	5693
P92,1	5694	5695
P56,1	5696	5697
P91,2	5698	5699
P194,1	5700	5701
P41,2	5702	5703
P166,1	5704	5705
P144,1	5706	5707
P126,1	5708	5709
P127,1	5710	5711
P72,1	5712	5713
P107,1	5714	5715
P109,1	5716	5717
P111,1	5718	5719
P196,1	5720	5721
P168,1	5722	5723
P171,1	5724	5725
P13,1	5726	5727
P148,1	5728	5729
P12,2	5730	5731
P95,1	5732	5733
P129,1	5734	5735
P199,1	5736	5737
P200,1	5738	5739
P96,1	5740	5741
P85,1	5742	5743
P83,2	5744	5745
P172,1	5746	5747
P112,1	5748	5749
P114,1	5750	5751
P32,2	5752	5753
P150,1	5754	5755
P75,2	5756	5757
P133,2	5758	5759
P58,1	5760	5761
P73,1	5762	5763
P60,2	5764	5765
P174,1	5766	5767
P176,1	5768	5769
P178,1	5770	5771
P65,1	5772	5773
P66,1	5774	5775
P98,1	5776	5777
P67,1	5778	5779
P116,2	5780	5781
P151,1	5782	5782
P153,1	5783	5784
P154,1	5785	5786
P117,1	5787	5788
P181,1	5789	5790
P7,2	5791	5792
P51,1	5793	5794
P183,2	5795	5796
P135,2	5797	5798
P53,2	5799	5800
P44,2	5801	5802
P155,1	5803	5804
P47,1	5805	5806
P99,1	5807	5808
P46,2	5809	5810
P101,1	5811	5812
P102,1	5813	5814
P103,2	5815	5816
P187,1	5817	5818
P119,1	5819	5820
P158,2	5821	5822
P16,2	5823	5824
P138,2	5825	5826
P77,2	5827	5828
P157,1	5829	5830
P19,2	5831	5832
P161,1	5833	5834
P159,2	5835	5836
P89,1	5837	5838
P90,2	5839	5840
P189,1	5841	5842
P141,2	5843	5844
P30,1	5845	5846
P63,2	5847	5848
P25,1	5849	5850
P121,1	5851	5852
P142,1	5853	5854
P162,1	5855	5856
P192,1	5857	5858
P164,1	5859	5860
P26,1	5861	5862
P106,1	5863	5864
P78,1	5865	5866
P79,1	5867	5868
P55,1	5869	5870
P92,1	5871	5872
P56,1	5873	5874
P91,2	5875	5876
P194,1	5877	5878
P41,2	5879	5880
P166,1	5881	5882
P144,1	5883	5884
P126,1	5885	5886
P127,1	5887	5888
P72,1	5889	5890
P107,1	5891	5892
P109,1	5893	5894
P111,1	5895	5896
P196,1	5897	5898
P168,1	5899	5900
P171,1	5901	5902
P13,1	5903	5904
P148,1	5905	5906
P12,2	5907	5908
P95,1	5909	5910
P129,1	5911	5912
P199,1	5913	5914
P200,1	5915	5916
P96,1	5917	5918
P85,1	5919	5920
P83,2	5921	5922
P172,1	5923	5924
P112,1	5925	5926
P114,1	5927	5928
P32,2	5929	5930
P150,1	5931	5932
P75,2	5933	5934
P133,2	5935	5936
P58,1	5937	5938
P73,1	5939	5940
P60,2	5941	5942
P174,1	5943	5944
P176,1	5945	5946
P178,1	5947	5948
P65,1	5949	5950
P66,1	5951	5952
P98,1	5953	5954
P67,1	5955	5956
P11,1	5957	5958
P88,2	5959	5960
P153,1	5961	5962
P154,1	5963	5964
P117,1	5965	5966
P181,1	5967	5968
P7,2	5969	5970
P51,1	5971	5972
P183,2	5973	5974
P135,2	5975	5976
P53,2	5977	5978
P44,2	5979	5980
P155,1	5981	5982
P47,1	5983	5984
P99,1	5985	5986
P46,2	5987	5988
P101,1	5989	5990
P102,1	5991	5992
P103,2	5993	5994
P187,1	5995	5996
P119,1	5997	5998
P158,2	5999	6000
P16,2	6001	6002
P138,2	6003	6004
P77,2	6005	6006
P157,1	6007	6008
P19,2	6009	6010
P161,1	6011	6012
P159,2	6013	6014
P89,1	6015	6016
P90,2	6017	6018
P189,1	6019	6020
P141,2	6021	6022
P30,1	6023	6024
P63,2	6025	6026
P25,1	6027	6028
P121,1	6029	6030
P143,1	6031	6032
P191,1	6033	6034
P122,2	6035	6036
P164,1	6037	6038
P26,1	6039	6040
P106,1	6041	6042
P78,1	6043	6044
P79,1	6045	6046
P55,1	6047	6048
P92,1	6049	6050
P56,1	6051	6052
P91,2	6053	6054
P194,1	6055	6056
P41,2	6057	6058
P166,1	6059	6060
P144,1	6061	6062
P126,1	6063	6064
P127,1	6065	6066
P72,1	6067	6068
P107,1	6069	6070
P109,1	6071	6072
P111,1	6073	6074
P196,1	6075	6076
P168,1	6077	6078
P49,2	6079	6080
P169,2	6081	6082
P148,1	6083	6084
P12,2	6085	6086
P95,1	6087	6088
P129,1	6089	6090
P199,1	6091	6092
P200,1	6093	6094
P96,1	6095	6096
P85,1	6097	6098
P83,2	6099	6100
P172,1	6101	6102
P112,1	6103	6104
P114,1	6105	6106
P32,2	6107	6108
P150,1	6109	6110
P33,2	6111	6112
P57,1	6113	6114
P59,1	6115	6116
P60,2	6117	6118
P174,1	6119	6119
P175,1	6120	6121
P177,1	6122	6123
P179,1	6124	6125
P36,2	6126	6127
P98,1	6128	6129
P67,1	6130	6131
P11,1	6132	6133
P116,2	6134	6135
P152,1	6136	6137
P50,2	6138	6139
P2,2	6140	6141
P180,1	6142	6143
P182,1	6144	6145
P184,1	6146	6147
P134,1	6148	6149
P136,1	6150	6151
P137,1	6152	6153
P54,2	6154	6155
P45,1	6156	6157
P156,1	6158	6159
P76,1	6160	6161
P43,2	6162	6163
P100,1	6164	6165
P28,2	6166	6167
P185,1	6168	6169
P186,1	6170	6171
P118,1	6172	6173
P120,1	6174	6175
P104,1	6176	6177
P139,1	6178	6179
P140,1	6180	6181
P61,1	6182	6183
P190,2	6184	6185
P160,1	6186	6187
P62,1	6188	6189
P29,2	6190	6191
P188,1	6192	6193
P18,2	6194	6195
P123,2	6196	6197
P69,1	6198	6199
P68,2	6200	6201
P17,2	6202	6203
P70,2	6204	6205
P142,1	6206	6207
P162,1	6208	6209
P192,1	6210	6211
P23,2	6212	6213
P165,1	6214	6215
P105,1	6216	6217
P21,1	6218	6219
P79,1	6220	6221
P55,1	6222	6223
P92,1	6224	6225
P56,1	6226	6227
P91,2	6228	6229
P194,1	6230	6231
P41,2	6232	6233
P166,1	6234	6235
P144,1	6236	6237
P126,1	6238	6239
P127,1	6240	6241
P72,1	6242	6243
P107,1	6244	6245
P109,1	6246	6247
P111,1	6248	6249
P196,1	6250	6251
P168,1	6252	6253
P49,2	6254	6255
P169,2	6256	6257
P148,1	6258	6259
P12,2	6260	6261
P95,1	6262	6263
P129,1	6264	6265
P199,1	6266	6267
P200,1	6268	6269
P96,1	6270	6271
P85,1	6272	6273
P34,2	6274	6275
P31,1	6276	6277
P173,1	6278	6279
P113,1	6280	6281
P115,1	6282	6283
P149,1	6284	6285
P75,2	6286	6287
P133,2	6288	6289
P58,1	6290	6291
P132,1	6292	6293
P35,1	6294	6295
P176,1	6296	6297
P178,1	6298	6299
P65,1	6300	6301
P97,1	6302	6302
P86,2	6303	6304
P151,2	6305	6306
P66,2	6307	6308
P88,2	6309	6310
P153,1	6311	6312
P154,1	6313	6314
P117,1	6315	6316
P181,1	6317	6318
P7,2	6319	6320
P51,1	6321	6322
P183,2	6323	6324
P135,2	6325	6326
P53,2	6327	6328
P44,2	6329	6330
P155,1	6331	6332
P47,1	6333	6334
P99,1	6335	6336
P46,2	6337	6338
P101,1	6339	6340
P102,1	6341	6342
P103,2	6343	6344
P187,1	6345	6346
P119,1	6347	6348
P158,2	6349	6350
P16,2	6351	6352
P138,2	6353	6354
P77,2	6355	6356
P157,1	6357	6358
P19,2	6359	6360
P161,1	6361	6362
P159,2	6363	6364
P89,1	6365	6366
P90,2	6367	6368
P189,1	6369	6370
P141,2	6371	6372
P30,1	6373	6374
P63,2	6375	6376
P25,1	6377	6378
P121,1	6379	6380
P143,1	6381	6382
P191,1	6383	6384
P122,2	6385	6386
P164,1	6387	6388
P26,1	6389	6390
P106,1	6391	6392
P78,2	6393	6394
P79,1	6395	6396
P55,1	6397	6398
P92,1	6399	6400
P56,1	6401	6402
P91,2	6403	6404
P194,1	6405	6406
P41,2	6407	6408
P166,1	6409	6410
P144,1	6411	6411
P126,1	6412	6413
P146,2	6414	6415
P124,2	6416	6417
P48,1	6418	6419
P109,1	6420	6421
P111,1	6422	6423
P196,1	6424	6425
P168,1	6426	6426
P171,1	6427	6428
P13,1	6429	6430
P10,2	6431	6432
P81,1	6433	6434
P95,1	6435	6436
P129,1	6437	6438
P199,1	6439	6440
P12,3	6441	6442
P131,1	6443	6444
P84,1	6445	6446
P14,1	6447	6448
P83,2	6449	6450
P172,1	6451	6451
P113,1	6452	6453
P115,1	6454	6455
P112,2	6456	6457
P150,1	6458	6459
P33,2	6460	6461
P57,1	6462	6463
P59,1	6464	6465
P60,2	6466	6467
P175,1	6468	6469
P177,1	6470	6471
P97,2	6472	6473
P65,1	6474	6475
P98,1	6476	6477
P67,1	6478	6479
P11,1	6480	6481
P116,2	6482	6483
P152,1	6484	6485
P50,2	6486	6487
P2,2	6488	6489
P180,1	6490	6491
P182,2	6492	6493
P184,1	6494	6495
P134,1	6496	6497
P136,1	6498	6499
P137,1	6500	6501
P54,2	6502	6503
P45,1	6504	6505
P156,1	6506	6507
P76,1	6508	6509
P43,2	6510	6511
P100,1	6512	6513
P28,2	6514	6515
P185,1	6516	6517
P186,1	6518	6519
P118,1	6520	6521
P120,1	6522	6523
P104,1	6524	6525
P139,1	6526	6527
P140,1	6528	6529
P61,1	6530	6531
P190,2	6532	6533
P160,1	6534	6535
P62,1	6536	6537
P29,2	6538	6539
P188,1	6540	6541
P18,2	6542	6543
P123,2	6544	6545
P69,1	6546	6547
P68,2	6548	6549
P17,2	6550	6551
P70,2	6552	6553
P142,1	6554	6555
P162,1	6556	6557
P192,1	6558	6559
P23,2	6560	6561
P165,1	6562	6563
P105,1	6564	6564
P106,1	6565	6566
P78,2	6567	6568
P79,1	6569	6570
P55,1	6571	6572
P144,2	6573	6574
P80,2	6575	6576
P91,2	6577	6578
P194,1	6579	6580
P41,2	6581	6582
P166,1	6583	6584
P125,1	6585	6586
P108,2	6587	6588
P127,1	6589	6590
P72,1	6591	6592
P107,1	6593	6594
P110,1	6595	6596
P64,1	6597	6598
P198,1	6599	6600
P49,2	6601	6602
P169,2	6603	6604
P148,1	6605	6606
P94,1	6607	6608
P128,1	6609	6610
P130,1	6611	6612
P15,2	6613	6614
P200,1	6615	6616
P96,1	6617	6618
P85,1	6619	6620
P34,2	6621	6622
P31,1	6623	6624
P113,1	6625	6626
P115,1	6627	6628
P112,2	6629	6630
P150,1	6631	6632
P33,2	6633	6634
P57,1	6635	6636
P59,1	6637	6638
P60,2	6639	6640
P175,1	6641	6642
P177,1	6643	6644
P97,2	6645	6646
P65,1	6647	6648
P98,1	6649	6650
P67,1	6651	6652
P11,1	6653	6654
P116,2	6655	6656
P152,1	6657	6658
P50,2	6659	6660
P2,2	6661	6662
P181,1	6663	6664
P7,2	6665	6666
P51,1	6667	6668
P183,2	6669	6670
P137,1	6671	6672
P54,2	6673	6674
P45,1	6675	6676
P156,1	6677	6678
P76,1	6679	6680
P43,2	6681	6682
P100,1	6683	6684
P28,2	6685	6686
P185,1	6687	6688
P186,1	6689	6690
P118,1	6691	6692
P120,1	6693	6694
P104,1	6695	6696
P139,1	6697	6698
P140,1	6699	6700
P61,1	6701	6702
P190,2	6703	6704
P160,1	6705	6706
P62,1	6707	6708
P29,2	6709	6710
P188,1	6711	6712
P18,2	6713	6714
P123,2	6715	6716
P69,1	6717	6718
P68,2	6719	6720
P17,2	6721	6722
P70,2	6723	6724
P143,1	6725	6726
P191,1	6727	6728
P122,2	6729	6730
P164,1	6731	6732
P26,1	6733	6733
P106,1	6734	6735
P78,2	6736	6737
P79,1	6738	6739
P55,1	6740	6741
P144,2	6742	6743
P80,2	6744	6745
P91,2	6746	6747
P193,1	6748	6749
P41,2	6750	6751
P166,1	6752	6753
P167,1	6754	6755
P126,1	6756	6757
P146,2	6758	6759
P124,2	6760	6761
P109,1	6762	6763
P111,1	6764	6765
P196,1	6766	6767
P198,1	6768	6769
P49,2	6770	6771
P169,2	6772	6773
P148,1	6774	6775
P94,1	6776	6777
P128,1	6778	6779
P130,1	6780	6781
P15,2	6782	6783
P200,1	6784	6785
P96,1	6786	6787
P85,1	6788	6789
P34,2	6790	6791
P31,1	6792	6793
P113,1	6794	6795
P115,1	6796	6797
P112,2	6798	6799
P150,1	6800	6801
P33,2	6802	6803
P57,1	6804	6805
P59,1	6806	6807
P60,2	6808	6809
P175,1	6810	6811
P177,1	6812	6813
P97,2	6814	6815
P65,1	6816	6817
P98,1	6818	6819
P67,1	6820	6821
P11,1	6822	6823
P116,2	6824	6825
P152,1	6826	6827
P50,2	6828	6829
P2,2	6830	6831
P181,1	6832	6833
P7,2	6834	6835
P134,1	6836	6837
P135,2	6838	6839
P53,2	6840	6841
P44,2	6842	6843
P155,1	6844	6845
P47,1	6846	6847
P99,1	6848	6849
P46,2	6850	6851
P101,1	6852	6853
P102,1	6854	6854
P185,1	6855	6856
P186,1	6857	6858
P118,1	6859	6860
P120,1	6861	6862
P104,1	6863	6864
P139,1	6865	6866
P140,1	6867	6868
P61,1	6869	6870
P190,2	6871	6872
P160,1	6873	6874
P62,1	6875	6876
P29,2	6877	6878
P188,1	6879	6880
P18,2	6881	6882
P141,2	6883	6884
P26,2	6885	6886
P68,2	6887	6888
P17,2	6889	6890
P70,2	6891	6892
P143,1	6893	6894
P191,1	6895	6896
P122,2	6897	6898
P164,1	6899	6900
P106,1	6901	6902
P78,2	6903	6904
P79,1	6905	6906
P55,1	6907	6908
P144,2	6909	6910
P80,2	6911	6912
P91,2	6913	6914
P193,1	6915	6916
P41,2	6917	6918
P166,1	6919	6920
P167,1	6921	6922
P108,2	6923	6924
P126,2	6925	6926
P124,2	6927	6928
P109,1	6929	6930
P111,1	6931	6932
P196,1	6933	6934
P198,1	6935	6935
P171,1	6936	6937
P13,1	6938	6939
P10,2	6940	6941
P81,1	6942	6943
P95,1	6944	6945
P129,1	6946	6947
P199,1	6948	6949
P12,3	6950	6951
P131,1	6952	6952
P84,1	6953	6954
P14,1	6955	6955
P34,2	6956	6957
P31,1	6958	6959
P113,1	6960	6961
P115,1	6962	6963
P112,2	6964	6965
P150,1	6966	6967
P33,2	6968	6969
P57,1	6970	6971
P59,1	6972	6973
P60,2	6974	6975
P175,1	6976	6977
P177,1	6978	6979
P97,2	6980	6981
P65,1	6982	6983
P98,1	6984	6985
P67,1	6986	6987
P11,1	6988	6989
P116,2	6990	6991
P152,1	6992	6993
P50,2	6994	6995
P2,2	6996	6997
P181,1	6998	6999
P7,2	7000	7001
P134,1	7002	7003
P135,2	7004	7005
P137,1	7006	7007
P54,2	7008	7009
P45,1	7010	7011
P156,1	7012	7013
P76,1	7014	7015
P43,2	7016	7017
P100,1	7018	7019
P185,1	7020	7021
P186,1	7022	7023
P118,1	7024	7025
P158,2	7026	7027
P16,2	7028	7029
P139,1	7030	7031
P140,1	7032	7033
P61,1	7034	7035
P190,2	7036	7037
P160,1	7038	7039
P62,1	7040	7041
P29,2	7042	7043
P189,2	7044	7045
P90,2	7046	7047
P123,2	7048	7049
P69,1	7050	7051
P30,1	7052	7053
P63,2	7054	7055
P25,1	7056	7057
P142,1	7058	7059
P162,1	7060	7061
P122,2	7062	7063
P164,1	7064	7065
P106,1	7066	7067
P78,2	7068	7069
P79,1	7070	7071
P55,1	7072	7073
P144,2	7074	7075
P80,2	7076	7077
P91,2	7078	7079
P193,1	7080	7081
P41,2	7082	7083
P166,1	7084	7085
P167,1	7086	7087
P108,2	7088	7089
P126,2	7090	7091
P124,2	7092	7093
P109,1	7094	7095
P111,1	7096	7097
P196,1	7098	7099
P171,1	7100	7101
P13,1	7102	7103
P169,2	7104	7105
P148,1	7106	7107
P94,1	7108	7109
P128,1	7110	7111
P130,1	7112	7113
P15,2	7114	7115
P200,1	7116	7117
P84,1	7118	7119
P34,2	7120	7121
P31,1	7122	7123
P113,1	7124	7125
P115,1	7126	7127
P112,2	7128	7129
P150,1	7130	7131
P33,2	7132	7133
P57,1	7134	7135
P59,1	7136	7137
P60,2	7138	7139
P175,1	7140	7140
P177,1	7141	7142
P97,2	7143	7144
P65,1	7145	7146
P98,1	7147	7148
P67,1	7149	7150
P11,1	7151	7152
P116,2	7153	7154
P152,1	7155	7156
P50,2	7157	7158
P2,2	7159	7160
P181,1	7161	7162
P7,2	7163	7164
P134,1	7165	7166
P135,2	7167	7168
P137,1	7169	7170
P54,2	7171	7172
P45,1	7173	7174
P156,1	7175	7176
P76,1	7177	7178
P43,2	7179	7180
P100,1	7181	7182
P103,3	7183	7184
P185,1	7185	7186
P187,1	7187	7188
P120,1	7189	7190
P104,1	7191	7192
P119,2	7193	7194
P138,2	7195	7196
P77,2	7197	7198
P157,1	7199	7200
P19,2	7201	7202
P161,1	7203	7204
P159,2	7205	7206
P89,1	7207	7208
P188,1	7209	7210
P18,2	7211	7212
P141,2	7213	7214
P26,2	7215	7216
P68,2	7217	7218
P17,2	7219	7220
P70,2	7221	7222
P162,1	7223	7224
P122,2	7225	7226
P164,1	7227	7228
P106,1	7229	7230
P78,2	7231	7232
P79,1	7233	7234
P55,1	7235	7236
P144,2	7237	7238
P80,2	7239	7240
P91,2	7241	7242
P193,1	7243	7244
P41,2	7245	7246
P166,1	7247	7248
P167,1	7249	7250
P108,2	7251	7252
P126,2	7253	7254
P124,2	7255	7256
P110,1	7257	7258
P109,2	7259	7260
P196,1	7261	7262
P171,1	7263	7264
P13,1	7265	7266
P169,2	7267	7268
P148,1	7269	7270
P94,1	7271	7272
P128,1	7273	7274
P130,1	7275	7276
P15,2	7277	7278
P200,1	7279	7280
P84,1	7281	7282
P34,2	7283	7284
P31,1	7285	7286
P113,1	7287	7288
P115,1	7289	7290
P112,2	7291	7292
P150,1	7293	7294
P33,2	7295	7296
P57,1	7297	7298
P59,1	7299	7300
P60,2	7301	7302
P176,1	7303	7304
P178,1	7305	7306
P179,1	7307	7308
P36,2	7309	7310
P86,2	7311	7312
P151,2	7313	7314
P66,2	7315	7316
P88,2	7317	7318
P153,1	7319	7320
P154,1	7321	7322
P180,1	7323	7324
P182,2	7325	7326
P184,1	7327	7328
P183,2	7329	7330
P102,2	7331	7332
P54,2	7333	7334
P45,1	7335	7336
P155,1	7337	7338
P47,1	7339	7340
P99,1	7341	7342
P46,2	7343	7344
P101,2	7345	7346
P28,2	7347	7348
P186,1	7349	7349
P118,1	7350	7351
P158,2	7352	7353
P16,2	7354	7355
P139,1	7356	7357
P140,1	7358	7359
P61,1	7360	7361
P190,2	7362	7363
P160,1	7364	7365
P62,1	7366	7367
P29,2	7368	7369
P189,2	7370	7371
P90,2	7372	7373
P123,2	7374	7375
P69,1	7376	7377
P30,1	7378	7379
P63,2	7380	7381
P25,1	7382	7383
P143,1	7384	7385
P192,1	7386	7387
P23,2	7388	7389
P165,1	7390	7391
P21,1	7392	7393
P22,2	7394	7395
P4,2	7396	7397
P24,2	7398	7399
P92,1	7400	7401
P38,1	7402	7403
P56,2	7404	7405
P195,1	7406	7407
P40,2	7408	7409
P194,2	7410	7411
P125,1	7412	7413
P146,2	7414	7415
P127,1	7416	7417
P107,1	7418	7419
P111,1	7420	7421
P64,1	7422	7423
P48,2	7424	7425
P49,2	7426	7427
P131,2	7428	7429
P10,2	7430	7431
P81,1	7432	7433
P95,1	7434	7435
P129,1	7436	7437
P199,1	7438	7439
P12,3	7440	7441
P96,1	7442	7443
P85,1	7444	7445
P83,2	7446	7447
P173,1	7448	7449
P114,1	7450	7451
P32,2	7452	7453
P149,1	7454	7455
P75,2	7456	7457
P133,2	7458	7459
P59,1	7460	7460
P60,2	7461	7462
P176,1	7463	7464
P178,1	7465	7466
P179,1	7467	7468
P36,2	7469	7470
P86,2	7471	7472
P11,1	7473	7474
P67,2	7475	7476
P88,2	7477	7478
P153,1	7479	7480
P154,1	7481	7482
P180,1	7483	7484
P182,2	7485	7486
P184,1	7487	7488
P183,2	7489	7490
P102,2	7491	7492
P54,2	7493	7494
P45,1	7495	7496
P155,1	7497	7498
P156,1	7499	7500
P76,1	7501	7502
P43,2	7503	7504
P100,1	7505	7506
P103,3	7507	7508
P187,1	7509	7510
P120,1	7511	7512
P104,1	7513	7514
P119,2	7515	7516
P138,2	7517	7518
P77,2	7519	7520
P157,1	7521	7522
P19,2	7523	7524
P161,2	7525	7526
P159,2	7527	7528
P89,1	7529	7530
P188,1	7531	7532
P18,2	7533	7534
P141,2	7535	7536
P26,2	7537	7538
P68,2	7539	7540
P17,2	7541	7542
P70,2	7543	7544
P162,1	7545	7546
P122,2	7547	7548
P164,1	7549	7550
P106,1	7551	7552
P78,2	7553	7554
P79,1	7555	7555
P4,2	7556	7557
P24,2	7558	7559
P92,1	7560	7561
P38,1	7562	7563
P56,2	7564	7565
P195,1	7566	7567
P40,2	7568	7569
P194,2	7570	7571
P125,1	7572	7573
P146,2	7574	7575
P127,1	7576	7577
P107,1	7578	7579
P111,1	7580	7581
P64,1	7582	7583
P171,1	7584	7585
P13,1	7586	7587
P169,2	7588	7589
P148,1	7590	7591
P94,1	7592	7593
P128,1	7594	7595
P199,1	7596	7597
P15,2	7598	7599
P200,1	7600	7601
P84,1	7602	7603
P34,2	7604	7605
P31,1	7606	7607
P113,1	7608	7609
P115,1	7610	7611
P112,2	7612	7613
P150,1	7614	7615
P33,2	7616	7617
P132,1	7618	7619
P35,1	7620	7621
P177,1	7622	7623
P58,2	7624	7625
P179,1	7626	7627
P36,2	7628	7629
P86,2	7630	7631
P11,1	7632	7633
P67,2	7634	7635
P88,2	7636	7637
P153,1	7638	7639
P154,1	7640	7641
P180,1	7642	7643
P182,2	7644	7645
P184,1	7646	7647
P183,2	7648	7649
P102,2	7650	7651
P54,2	7652	7653
P45,1	7654	7655
P155,1	7656	7657
P156,1	7658	7659
P76,1	7660	7661
P43,2	7662	7663
P100,1	7664	7665
P103,3	7666	7667
P187,1	7668	7669
P120,1	7670	7671
P16,2	7672	7673
P139,1	7674	7675
P158,3	7676	7677
P77,2	7678	7679
P157,1	7680	7681
P19,3	7682	7683
P161,2	7684	7685
P159,2	7686	7687
P89,1	7688	7689
P188,1	7690	7691
P18,2	7692	7693
P141,2	7694	7695
P26,2	7696	7697
P68,2	7698	7699
P17,2	7700	7701
P70,2	7702	7703
P162,1	7704	7705
P122,2	7706	7707
P164,1	7708	7709
P106,1	7710	7711
P78,2	7712	7713
P4,2	7714	7715
P24,2	7716	7717
P92,1	7718	7719
P38,1	7720	7721
P56,2	7722	7723
P41,2	7724	7725
P166,1	7726	7727
P167,1	7728	7729
P125,1	7730	7731
P146,2	7732	7733
P127,1	7734	7735
P107,1	7736	7737
P111,1	7738	7739
P64,1	7740	7741
P171,1	7742	7743
P13,1	7744	7745
P169,2	7746	7747
P148,1	7748	7749
P94,1	7750	7751
P128,1	7752	7753
P199,1	7754	7755
P15,2	7756	7757
P200,1	7758	7759
P84,1	7760	7761
P34,2	7762	7763
P31,1	7764	7765
P113,1	7766	7766
P115,1	7767	7768
P112,2	7769	7770
P150,1	7771	7772
P33,2	7773	7774
P132,1	7775	7776
P35,1	7777	7778
P177,1	7779	7780
P58,2	7781	7782
P179,1	7783	7784
P36,2	7785	7786
P86,2	7787	7788
P11,1	7789	7790
P67,2	7791	7792
P88,2	7793	7794
P153,1	7795	7796
P154,1	7797	7798
P180,1	7799	7800
P182,2	7801	7802
P184,1	7803	7804
P183,2	7805	7806
P102,2	7807	7808
P54,2	7809	7810
P45,1	7811	7812
P155,1	7813	7814
P156,1	7815	7816
P76,1	7817	7818
P43,2	7819	7820
P100,1	7821	7822
P103,3	7823	7824
P187,1	7825	7826
P120,1	7827	7828
P16,2	7829	7830
P139,1	7831	7832
P158,3	7833	7834
P77,2	7835	7836
P157,1	7837	7838
P19,3	7839	7840
P161,2	7841	7842
P159,2	7843	7844
P89,1	7845	7846
P188,1	7847	7848
P18,2	7849	7850
P141,2	7851	7852
P26,2	7853	7854
P68,2	7855	7856
P17,2	7857	7858
P70,2	7859	7860
P162,1	7861	7862
P122,2	7863	7864
P164,1	7865	7866
P106,1	7867	7868
P78,2	7869	7870
P4,2	7871	7872
P24,2	7873	7874
P92,1	7875	7876
P38,1	7877	7878
P56,2	7879	7880
P41,2	7881	7882
P166,1	7883	7884
P167,1	7885	7886
P125,1	7887	7888
P146,2	7889	7890
P127,1	7891	7892
P110,1	7893	7894
P111,1	7895	7896
P64,1	7897	7898
P171,1	7899	7900
P13,1	7901	7902
P169,2	7903	7904
P148,1	7905	7906
P94,1	7907	7908
P128,1	7909	7910
P199,1	7911	7912
P15,2	7913	7914
P200,1	7915	7916
P96,1	7917	7918
P85,1	7919	7920
P83,2	7921	7922
P114,1	7923	7924
P32,2	7925	7926
P149,1	7927	7928
P75,2	7929	7930
P133,2	7931	7932
P60,2	7933	7934
P176,2	7935	7936
P178,1	7937	7938
P97,2	7939	7940
P36,2	7941	7942
P65,2	7943	7944
P151,2	7945	7946
P66,2	7947	7948
P88,2	7949	7950
P153,1	7951	7952
P154,1	7953	7954
P2,2	7955	7956
P181,1	7957	7958
P7,2	7959	7960
P134,1	7961	7962
P135,2	7963	7964
P137,1	7965	7966
P44,2	7967	7968
P53,3	7969	7970
P185,2	7971	7972
P47,1	7973	7974
P99,1	7975	7976
P46,2	7977	7978
P101,2	7979	7980
P28,2	7981	7982
P118,1	7983	7984
P104,1	7985	7986
P119,2	7987	7988
P138,2	7989	7990
P140,1	7991	7992
P61,1	7993	7994
P190,2	7995	7996
P160,1	7997	7998
P62,1	7999	8000
P29,2	8001	8002
P189,2	8003	8004
P90,2	8005	8006
P123,2	8007	8008
P69,1	8009	8010
P30,2	8011	8012
P63,2	8013	8014
P25,1	8015	8016
P143,1	8017	8018
P192,1	8019	8020
P23,2	8021	8022
P165,1	8023	8024
P21,1	8025	8026
P22,2	8027	8028
P55,1	8029	8030
P144,2	8031	8032
P80,2	8033	8034
P91,2	8035	8036
P193,1	8037	8038
P40,2	8039	8040
P194,2	8041	8042
P195,2	8043	8044
P108,2	8045	8046
P126,2	8047	8048
P124,2	8049	8050
P107,2	8051	8052
P109,2	8053	8054
P48,2	8055	8056
P49,2	8057	8058
P169,2	8059	8060
P10,2	8061	8062
P81,1	8063	8064
P95,1	8065	8066
P130,1	8067	8068
P129,2	8069	8070
P12,3	8071	8072
P113,2	8073	8074
P84,1	8075	8076
P85,1	8077	8078
P83,2	8079	8080
P114,1	8081	8082
P32,2	8083	8084
P149,1	8085	8086
P75,2	8087	8088
P133,2	8089	8090
P60,2	8091	8092
P176,2	8093	8094
P178,1	8095	8096
P97,2	8097	8098
P98,1	8099	8100
P86,2	8101	8102
P11,1	8103	8104
P67,2	8105	8106
P152,1	8107	8108
P50,2	8109	8110
P116,3	8111	8112
P180,1	8113	8114
P182,2	8115	8116
P184,1	8117	8118
P183,2	8119	8120
P102,2	8121	8122
P54,2	8123	8124
P45,1	8125	8126
P155,1	8127	8128
P156,1	8129	8130
P76,1	8131	8132
P43,2	8133	8134
P101,2	8135	8136
P28,2	8137	8138
P118,1	8139	8140
P104,1	8141	8142
P119,2	8143	8144
P138,2	8145	8146
P140,1	8147	8148
P61,1	8149	8150
P190,2	8151	8152
P160,1	8153	8154
P62,1	8155	8156
P89,1	8157	8158
P188,1	8159	8160
P18,2	8161	8161
P123,2	8162	8163
P69,1	8164	8165
P30,2	8166	8167
P63,2	8168	8169
P25,1	8170	8171
P143,1	8172	8173
P122,2	8174	8175
P23,2	8176	8177
P165,1	8178	8179
P21,1	8180	8181
P22,2	8182	8183
P55,1	8184	8185
P144,2	8186	8187
P80,2	8188	8189
P91,2	8190	8191
P193,1	8192	8193
P40,2	8194	8195
P167,1	8196	8197
P125,1	8198	8199
P146,2	8200	8201
P127,1	8202	8203
P110,1	8204	8205
P111,1	8206	8207
P64,1	8208	8209
P171,1	8210	8211
P131,2	8212	8213
P13,2	8214	8215
P148,1	8216	8217
P94,1	8218	8219
P128,1	8220	8221
P199,1	8222	8223
P15,2	8224	8225
P200,1	8226	8227
P96,1	8228	8228
P31,2	8229	8230
P34,2	8231	8232
P173,1	8233	8234
P115,1	8235	8236
P112,2	8237	8238
P75,2	8239	8240
P133,2	8241	8242
P60,2	8243	8244
P149,2	8245	8246
P177,1	8247	8248
P58,2	8249	8250
P36,2	8251	8252
P65,2	8253	8254
P151,2	8255	8256
P66,2	8257	8258
P88,2	8259	8260
P153,1	8261	8262
P154,1	8263	8264
P2,2	8265	8266
P181,1	8267	8268
P7,2	8269	8270
P134,1	8271	8272
P183,2	8273	8274
P102,2	8275	8276
P54,2	8277	8278
P45,1	8279	8280
P155,1	8281	8282
P156,1	8283	8284
P76,1	8285	8286
P43,2	8287	8288
P103,3	8289	8290
P187,1	8291	8292
P118,1	8293	8294
P104,1	8295	8296
P119,2	8297	8298
P138,2	8299	8300
P140,1	8301	8302
P61,1	8303	8304
P190,2	8305	8306
P160,1	8307	8308
P62,1	8309	8310
P89,1	8311	8312
P189,2	8313	8314
P90,2	8315	8316
P141,2	8317	8318
P26,2	8319	8320
P68,2	8321	8322
P17,2	8323	8324
P70,2	8325	8326
P162,2	8327	8328
P192,2	8329	8330
P164,1	8331	8332
P106,1	8333	8334
P78,2	8335	8336
P4,2	8337	8338
P24,2	8339	8340
P92,1	8341	8342
P38,1	8343	8344
P56,2	8345	8346
P41,2	8347	8348
P194,2	8349	8350
P195,2	8351	8352
P108,2	8353	8354
P126,2	8355	8356
P124,2	8357	8358
P107,2	8359	8360
P109,2	8361	8362
P171,1	8363	8364
P131,2	8365	8366
P13,2	8367	8368
P148,1	8369	8370
P94,1	8371	8372
P95,1	8373	8374
P130,1	8375	8376
P129,2	8377	8378
P12,3	8379	8380
P113,2	8381	8382
P84,2	8383	8384
P34,2	8385	8386
P173,1	8387	8388
P115,1	8389	8390
P112,2	8391	8392
P150,1	8393	8394
P33,2	8395	8396
P132,1	8397	8398
P149,2	8399	8400
P177,1	8401	8402
P97,2	8403	8404
P98,1	8405	8406
P86,2	8407	8408
P11,1	8409	8410
P67,2	8411	8412
P152,1	8413	8414
P50,2	8415	8416
P116,3	8417	8418
P180,1	8419	8420
P182,2	8421	8422
P184,1	8423	8424
P100,2	8425	8426
P135,2	8427	8428
P137,1	8429	8430
P44,2	8431	8432
P53,3	8433	8434
P185,2	8435	8436
P47,1	8437	8438
P99,1	8439	8440
P101,2	8441	8442
P28,2	8443	8444
P46,3	8445	8446
P120,1	8447	8448
P16,2	8449	8450
P139,1	8451	8452
P158,3	8453	8454
P77,2	8455	8456
P157,1	8457	8458
P19,3	8459	8460
P161,2	8461	8462
P29,2	8463	8464
P159,3	8465	8466
P188,1	8467	8468
P123,2	8469	8470
P69,1	8471	8472
P30,2	8473	8474
P63,2	8475	8476
P25,1	8477	8478
P143,1	8479	8480
P122,2	8481	8482
P23,2	8483	8484
P165,1	8485	8486
P21,1	8487	8488
P22,2	8489	8490
P55,1	8491	8492
P92,1	8493	8494
P80,2	8495	8496
P91,2	8497	8498
P193,1	8499	8500
P40,2	8501	8502
P167,1	8503	8504
P125,1	8505	8506
P146,2	8507	8508
P127,1	8509	8510
P110,1	8511	8512
P107,2	8513	8514
P109,2	8515	8516
P171,1	8517	8518
P131,2	8519	8520
P13,2	8521	8522
P81,1	8523	8524
P96,2	8525	8526
P128,1	8527	8528
P199,1	8529	8530
P15,2	8531	8531
P200,1	8532	8533
P31,2	8534	8535
P85,1	8536	8537
P83,2	8538	8539
P115,1	8540	8541
P112,2	8542	8543
P150,1	8544	8545
P33,2	8546	8547
P132,1	8548	8549
P149,2	8550	8551
P177,1	8552	8553
P97,2	8554	8555
P98,1	8556	8557
P86,2	8558	8559
P66,2	8560	8561
P88,2	8562	8563
P153,1	8564	8565
P154,1	8566	8567
P2,2	8568	8569
P182,2	8570	8571
P184,1	8572	8573
P100,2	8574	8575
P135,2	8576	8577
P102,2	8578	8579
P54,2	8580	8581
P45,1	8582	8583
P155,1	8584	8585
P156,1	8586	8587
P99,1	8588	8589
P101,2	8590	8591
P28,2	8592	8593
P46,3	8594	8595
P120,1	8596	8597
P16,2	8598	8599
P139,1	8600	8600
P158,3	8601	8602
P77,2	8603	8604
P157,1	8605	8606
P19,3	8607	8608
P161,2	8609	8610
P29,2	8611	8612
P159,3	8613	8614
P188,1	8615	8616
P123,2	8617	8618
P69,1	8619	8620
P30,2	8621	8622
P63,2	8623	8624
P25,1	8625	8626
P143,1	8627	8628
P122,2	8629	8630
P23,2	8631	8632
P165,1	8633	8634
P21,1	8635	8635
P22,2	8636	8637
P55,1	8638	8639
P92,1	8640	8641
P80,2	8642	8643
P91,2	8644	8645
P193,1	8646	8647
P40,2	8648	8649
P167,1	8650	8651
P125,1	8652	8653
P146,2	8654	8655
P127,1	8656	8657
P110,1	8658	8659
P107,2	8660	8661
P109,2	8662	8663
P171,1	8664	8665
P15,3	8666	8667
P169,2	8668	8669
P148,1	8670	8671
P94,1	8672	8673
P95,1	8674	8675
P130,1	8676	8677
P129,2	8678	8679
P200,1	8680	8681
P31,2	8682	8683
P85,1	8684	8685
P83,2	8686	8687
P115,1	8688	8689
P35,2	8690	8691
P75,2	8692	8693
P133,2	8694	8695
P60,2	8696	8697
P176,2	8698	8699
P58,2	8700	8701
P36,2	8702	8703
P65,2	8704	8705
P151,2	8706	8707
P67,2	8708	8709
P152,1	8710	8711
P50,2	8712	8713
P116,3	8714	8715
P180,1	8716	8717
P7,2	8718	8719
P134,1	8720	8721
P183,2	8722	8723
P181,2	8724	8725
P137,1	8726	8727
P44,2	8728	8729
P53,3	8730	8731
P185,2	8732	8733
P76,1	8734	8735
P43,2	8736	8737
P103,3	8738	8739
P187,1	8740	8741
P118,1	8742	8743
P104,1	8744	8745
P139,2	8746	8747
P138,2	8748	8749
P140,1	8750	8751
P61,1	8752	8753
P190,2	8754	8755
P160,1	8756	8757
P29,2	8758	8759
P159,3	8760	8761
P188,1	8762	8763
P141,2	8764	8765
P69,1	8766	8767
P30,2	8768	8769
P63,2	8770	8771
P25,1	8772	8773
P143,1	8774	8775
P122,2	8776	8777
P23,2	8778	8779
P165,1	8780	8780
P78,2	8781	8782
P4,2	8783	8784
P144,2	8785	8786
P24,3	8787	8788
P38,1	8789	8790
P56,2	8791	8792
P41,2	8793	8794
P194,2	8795	8796
P195,2	8797	8798
P108,2	8799	8800
P126,2	8801	8802
P124,2	8803	8804
P64,2	8805	8806
P111,1	8807	8808
P48,2	8809	8810
P49,2	8811	8812
P131,2	8813	8814
P13,2	8815	8816
P81,1	8817	8818
P96,2	8819	8820
P128,1	8821	8822
P199,1	8823	8824
P12,3	8825	8826
P113,2	8827	8828
P84,2	8829	8830
P34,2	8831	8832
P173,1	8833	8834
P112,2	8835	8836
P150,1	8837	8838
P33,2	8839	8840
P132,1	8841	8842
P149,2	8843	8844
P177,1	8845	8846
P97,2	8847	8848
P98,1	8849	8850
P86,2	8851	8851
P151,2	8852	8853
P67,2	8854	8855
P152,1	8856	8857
P154,1	8858	8859
P153,2	8860	8861
P180,1	8862	8863
P7,2	8864	8865
P134,1	8866	8867
P183,2	8868	8869
P181,2	8870	8871
P137,1	8872	8873
P44,2	8874	8875
P53,3	8876	8877
P185,2	8878	8879
P76,1	8880	8881
P43,2	8882	8883
P103,3	8884	8885
P187,1	8886	8887
P118,1	8888	8889
P104,1	8890	8891
P139,2	8892	8893
P138,2	8894	8895
P140,1	8896	8897
P157,1	8898	8899
P19,3	8900	8901
P161,2	8902	8903
P89,1	8904	8904
P189,2	8905	8906
P123,2	8907	8908
P21,2	8909	8910
P26,2	8911	8912
P68,2	8913	8914
P17,2	8915	8916
P70,2	8917	8918
P162,2	8919	8920
P192,2	8921	8922
P164,1	8923	8924
P78,2	8925	8926
P4,2	8927	8928
P144,2	8929	8930
P24,3	8931	8932
P38,1	8933	8934
P56,2	8935	8936
P41,2	8937	8938
P194,2	8939	8940
P195,2	8941	8942
P108,2	8943	8944
P126,2	8945	8946
P124,2	8947	8948
P64,2	8949	8950
P111,1	8951	8952
P48,2	8953	8954
P49,2	8955	8956
P131,2	8957	8958
P13,2	8959	8960
P81,1	8961	8962
P96,2	8963	8964
P128,1	8965	8966
P199,1	8967	8968
P12,3	8969	8970
P113,2	8971	8972
P84,2	8973	8974
P34,2	8975	8976
P173,1	8977	8978
P112,2	8979	8980
P150,1	8981	8982
P75,2	8983	8984
P133,2	8985	8986
P60,2	8987	8988
P176,2	8989	8990
P58,2	8991	8992
P36,2	8993	8994
P65,2	8995	8996
P66,2	8997	8998
P88,2	8999	9000
P50,2	9001	9002
P116,3	9003	9004
P2,2	9005	9006
P182,2	9007	9008
P184,1	9009	9010
P100,2	9011	9012
P135,2	9013	9014
P102,2	9015	9016
P54,2	9017	9018
P45,1	9019	9020
P155,1	9021	9022
P156,1	9023	9024
P76,2	9025	9026
P103,3	9027	9028
P28,2	9029	9030
P46,3	9031	9032
P120,1	9033	9034
P16,2	9035	9036
P119,2	9037	9038
P158,3	9039	9040
P61,2	9041	9042
P19,3	9043	9044
P161,2	9045	9046
P159,3	9047	9048
P188,1	9049	9050
P141,2	9051	9052
P69,1	9053	9054
P30,2	9055	9056
P17,2	9057	9058
P70,2	9059	9060
P162,2	9061	9062
P192,2	9063	9064
P164,1	9065	9066
P78,2	9067	9068
P4,2	9069	9070
P144,2	9071	9072
P24,3	9073	9074
P91,2	9075	9076
P193,1	9077	9078
P40,2	9079	9080
P167,1	9081	9082
P125,1	9083	9084
P146,2	9085	9086
P127,1	9087	9088
P110,1	9089	9090
P107,2	9091	9092
P109,2	9093	9094
P171,1	9095	9096
P15,3	9097	9098
P169,2	9099	9100
P148,1	9101	9102
P96,2	9103	9104
P128,1	9105	9106
P199,1	9107	9108
P12,3	9109	9110
P113,2	9111	9112
P84,2	9113	9114
P34,2	9115	9116
P173,1	9117	9118
P112,2	9119	9120
P150,1	9121	9121
P86,3	9122	9123
P33,2	9124	9125
P132,1	9126	9127
P149,2	9128	9129
P177,1	9130	9131
P97,2	9132	9133
P98,1	9134	9135
P151,2	9136	9137
P67,2	9138	9139
P152,1	9140	9141
P154,1	9142	9143
P153,2	9144	9145
P180,1	9146	9147
P7,2	9148	9149
P100,2	9150	9151
P183,2	9152	9153
P181,2	9154	9155
P137,1	9156	9157
P44,2	9158	9159
P53,3	9160	9161
P185,2	9162	9163
P43,2	9164	9165
P101,2	9166	9167
P99,2	9168	9169
P187,1	9170	9171
P118,1	9172	9173
P104,1	9174	9175
P139,2	9176	9177
P138,2	9178	9179
P157,1	9180	9181
P190,2	9182	9183
P160,1	9184	9185
P29,2	9186	9187
P189,2	9188	9189
P123,2	9190	9191
P69,1	9192	9193
P30,2	9194	9195
P17,2	9196	9197
P70,2	9198	9199
P162,2	9200	9201
P192,2	9202	9203
P164,1	9204	9205
P78,2	9206	9207
P4,2	9208	9209
P92,1	9210	9211
P80,2	9212	9213
P38,2	9214	9215
P55,2	9216	9217
P194,2	9218	9219
P195,2	9220	9221
P108,2	9222	9223
P126,2	9224	9225
P124,2	9226	9227
P64,2	9228	9229
P111,1	9230	9231
P48,2	9232	9233
P49,2	9234	9235
P131,2	9236	9237
P13,2	9238	9239
P81,1	9240	9241
P95,1	9242	9242
P128,1	9243	9244
P199,1	9245	9246
P200,1	9247	9248
P31,2	9249	9250
P85,1	9251	9252
P83,2	9253	9254
P115,1	9255	9255
P35,2	9256	9257
P75,2	9258	9259
P133,2	9260	9261
P60,2	9262	9263
P176,2	9264	9265
P58,2	9266	9267
P36,2	9268	9269
P65,2	9270	9271
P66,2	9272	9273
P88,2	9274	9275
P50,2	9276	9277
P116,3	9278	9279
P2,2	9280	9281
P182,2	9282	9283
P184,1	9284	9285
P134,2	9286	9287
P135,2	9288	9289
P102,2	9290	9291
P54,2	9292	9293
P45,1	9294	9295
P185,2	9296	9297
P43,2	9298	9299
P101,2	9300	9301
P99,2	9302	9303
P187,1	9304	9305
P118,1	9306	9307
P104,1	9308	9309
P139,2	9310	9311
P138,2	9312	9313
P158,3	9314	9315
P61,2	9316	9317
P19,3	9318	9319
P161,2	9320	9321
P159,3	9322	9323
P188,1	9324	9325
P21,2	9326	9327
P26,2	9328	9329
P63,2	9330	9331
P25,1	9332	9333
P143,1	9334	9335
P122,2	9336	9337
P164,1	9338	9339
P78,2	9340	9341
P4,2	9342	9343
P92,1	9344	9345
P80,2	9346	9347
P38,2	9348	9349
P55,2	9350	9351
P194,2	9352	9352
P167,1	9353	9354
P125,1	9355	9356
P146,2	9357	9358
P127,1	9359	9360
P110,1	9361	9362
P107,2	9363	9364
P109,2	9365	9366
P171,1	9367	9368
P15,3	9369	9370
P169,2	9371	9372
P95,2	9373	9374
P148,1	9375	9376
P96,2	9377	9378
P130,1	9379	9380
P129,2	9381	9382
P113,2	9383	9384
P84,2	9385	9386
P34,2	9387	9388
P173,1	9389	9390
P35,2	9391	9392
P75,2	9393	9394
P133,2	9395	9396
P60,2	9397	9398
P176,2	9399	9400
P58,2	9401	9402
P36,2	9403	9404
P65,2	9405	9406
P66,2	9407	9408
P88,2	9409	9410
P50,2	9411	9412
P116,3	9413	9414
P2,2	9415	9416
P182,2	9417	9418
P184,1	9419	9420
P134,2	9421	9422
P135,2	9423	9424
P102,2	9425	9426
P54,2	9427	9428
P45,1	9429	9430
P185,2	9431	9432
P43,2	9433	9434
P101,2	9435	9436
P99,2	9437	9438
P187,1	9439	9440
P118,1	9441	9442
P16,2	9443	9444
P119,2	9445	9446
P141,3	9447	9448
P157,1	9449	9450
P190,2	9451	9452
P160,1	9453	9454
P29,2	9455	9456
P189,2	9457	9458
P123,2	9459	9460
P26,2	9461	9462
P63,2	9463	9464
P69,2	9465	9466
P162,2	9467	9468
P192,2	9469	9470
P25,2	9471	9472
P106,1	9473	9474
P22,2	9475	9476
P144,2	9477	9478
P24,3	9479	9480
P91,2	9481	9482
P193,1	9483	9484
P40,2	9485	9485
P41,3	9486	9487
P125,1	9488	9489
P146,2	9490	9491
P127,1	9492	9493
P110,1	9494	9495
P107,2	9496	9497
P109,2	9498	9499
P171,1	9500	9501
P15,3	9502	9503
P169,2	9504	9505
P95,2	9506	9507
P148,1	9508	9509
P96,2	9510	9511
P199,1	9512	9513
P200,1	9514	9515
P31,2	9516	9517
P85,1	9518	9519
P83,2	9520	9521
P112,2	9522	9523
P86,3	9524	9525
P33,2	9526	9527
P132,1	9528	9529
P149,2	9530	9531
P177,1	9532	9533
P97,2	9534	9535
P98,1	9536	9537
P151,2	9538	9539
P67,2	9540	9541
P152,1	9542	9543
P154,1	9544	9545
P153,2	9546	9547
P180,1	9548	9549
P7,2	9550	9551
P100,2	9552	9553
P183,2	9554	9555
P181,2	9556	9557
P137,1	9558	9559
P44,2	9560	9561
P185,2	9562	9563
P43,2	9564	9565
P101,2	9566	9567
P99,2	9568	9569
P187,1	9570	9571
P118,1	9572	9573
P16,2	9574	9575
P119,2	9576	9577
P141,3	9578	9579
P157,1	9580	9581
P190,2	9582	9583
P160,1	9584	9585
P29,2	9586	9587
P189,2	9588	9589
P123,2	9590	9591
P26,2	9592	9593
P63,2	9594	9595
P69,2	9596	9597
P162,2	9598	9599
P192,2	9600	9601
P194,3	9602	9603
P78,2	9604	9605
P4,2	9606	9607
P40,3	9608	9609
P24,3	9610	9611
P91,2	9612	9613
P193,1	9614	9615
P41,3	9616	9617
P125,1	9618	9619
P146,2	9620	9621
P127,1	9622	9623
P110,1	9624	9625
P107,2	9626	9627
P109,2	9628	9629
P171,1	9630	9631
P15,3	9632	9633
P169,2	9634	9635
P95,2	9636	9637
P148,1	9638	9639
P199,1	9640	9641
P200,2	9642	9643
P31,2	9644	9645
P85,1	9646	9647
P34,2	9648	9649
P112,2	9650	9651
P86,3	9652	9653
P75,2	9654	9655
P133,2	9656	9657
P149,2	9658	9659
P177,1	9660	9661
P97,2	9662	9663
P98,1	9664	9665
P151,2	9666	9667
P67,2	9668	9669
P152,1	9670	9671
P154,1	9672	9673
P153,2	9674	9675
P180,1	9676	9677
P7,2	9678	9679
P100,2	9680	9681
P183,2	9682	9683
P181,2	9684	9685
P137,1	9686	9687
P44,2	9688	9689
P185,2	9690	9691
P43,2	9692	9693
P101,2	9694	9695
P99,2	9696	9697
P187,1	9698	9699
P120,1	9700	9701
P139,2	9702	9703
P118,2	9704	9705
P141,3	9706	9707
P158,3	9708	9709
P61,2	9710	9711
P19,3	9712	9713
P29,2	9714	9714
P189,2	9715	9716
P123,2	9717	9718
P26,2	9719	9720
P63,2	9721	9722
P69,2	9723	9724
P162,2	9725	9726
P192,2	9727	9728
P194,3	9729	9730
P78,2	9731	9732
P4,2	9733	9734
P40,3	9735	9736
P24,3	9737	9738
P91,2	9739	9740
P193,1	9741	9742
P41,3	9743	9744
P125,1	9745	9746
P108,2	9747	9748
P126,2	9749	9750
P124,2	9751	9752
P107,2	9753	9754
P109,2	9755	9756
P171,1	9757	9758
P15,3	9759	9760
P13,2	9761	9762
P115,2	9763	9764
P81,2	9765	9766
P199,1	9767	9768
P200,2	9769	9770
P31,2	9771	9772
P85,1	9773	9774
P34,2	9775	9776
P112,2	9777	9778
P86,3	9779	9780
P75,2	9781	9782
P60,2	9783	9784
P132,2	9785	9786
P176,2	9787	9788
P58,2	9789	9790
P36,2	9791	9792
P65,2	9793	9794
P66,2	9795	9796
P88,2	9797	9798
P50,2	9799	9800
P116,3	9801	9802
P2,2	9803	9804
P182,2	9805	9806
P184,1	9807	9808
P134,2	9809	9810
P181,2	9811	9812
P137,1	9813	9814
P44,2	9815	9816
P185,2	9817	9818
P43,2	9819	9820
P101,2	9821	9822
P99,2	9823	9824
P187,1	9825	9826
P46,3	9827	9828
P16,2	9829	9830
P119,2	9831	9832
P138,2	9833	9834
P161,3	9835	9836
P61,2	9837	9838
P19,3	9839	9840
P159,3	9841	9842
P188,1	9843	9844
P21,2	9845	9846
P30,2	9847	9848
P17,2	9849	9850
P143,1	9851	9852
P122,2	9853	9854
P25,2	9855	9856
P106,1	9857	9858
P22,2	9859	9860
P144,2	9861	9862
P92,1	9863	9864
P127,2	9865	9866
P91,2	9867	9868
P193,1	9869	9870
P41,3	9871	9872
P125,1	9873	9873
P108,2	9874	9875
P126,2	9876	9877
P64,2	9878	9879
P109,2	9880	9881
P171,1	9882	9883
P111,2	9884	9885
P13,2	9886	9887
P169,3	9888	9889
P148,1	9890	9891
P96,2	9892	9893
P129,2	9894	9895
P113,2	9896	9897
P84,2	9898	9899
P130,2	9900	9901
P173,1	9902	9903
P35,2	9904	9905
P83,3	9906	9907
P133,2	9908	9909
P149,2	9910	9911
P33,3	9912	9913
P177,1	9914	9915
P97,2	9916	9917
P98,1	9918	9919
P151,2	9920	9921
P88,2	9922	9923
P67,3	9924	9925
P154,1	9926	9927
P153,2	9928	9929
P180,1	9930	9931
P7,2	9932	9933
P100,2	9934	9935
P183,2	9936	9937
P102,2	9938	9939
P54,2	9940	9941
P53,3	9942	9943
P156,1	9944	9945
P76,2	9946	9947
P103,3	9948	9949
P28,2	9950	9951
P46,3	9952	9953
P16,2	9954	9955
P119,2	9956	9957
P138,2	9958	9959
P161,3	9960	9961
P61,2	9962	9963
P19,3	9964	9965
P159,3	9966	9967
P188,1	9968	9969
P21,2	9970	9971
P30,2	9972	9973
P69,2	9974	9975
P143,2	9976	9977
P192,2	9978	9979
P194,3	9980	9981
P78,2	9982	9983
P22,2	9984	9985
P144,2	9986	9987
P92,1	9988	9989
P127,2	9990	9991
P91,2	9992	9993
P193,1	9994	9995
P41,3	9996	9997
P131,3	9998	9999
P146,2	10000	10001
P124,2	10002	10003
P107,2	10004	10005
P48,2	10006	10007
P49,2	10008	10009
P15,3	10010	10011
P95,2	10012	10013
P115,2	10014	10015
P81,2	10016	10017
P199,1	10018	10019
P200,2	10020	10021
P31,2	10022	10023
P85,2	10024	10025
P34,2	10026	10027
P112,2	10028	10029
P86,3	10030	10031
P75,2	10032	10033
P60,2	10034	10035
P132,2	10036	10037
P176,2	10038	10039
P97,2	10040	10041
P98,1	10042	10043
P65,2	10044	10045
P66,2	10046	10047
P152,1	10048	10049
P50,2	10050	10051
P116,3	10052	10053
P2,2	10054	10055
P182,2	10056	10057
P184,1	10058	10059
P134,2	10060	10061
P181,2	10062	10063
P137,1	10064	10065
P44,2	10066	10067
P185,2	10068	10069
P76,2	10070	10071
P101,2	10072	10073
P99,2	10074	10075
P29,3	10076	10077
P120,1	10078	10079
P139,2	10080	10081
P118,2	10082	10083
P141,3	10084	10085
P157,1	10086	10087
P190,2	10088	10089
P160,1	10090	10091
P189,2	10092	10093
P123,2	10094	10095
P26,2	10096	10097
P17,2	10098	10099
P162,2	10100	10101
P122,2	10102	10103
P25,2	10104	10105
P106,1	10106	10106
P125,2	10107	10108
P4,2	10109	10110
P40,3	10111	10112
P24,3	10113	10114
P80,2	10115	10116
P38,2	10117	10118
P41,3	10119	10120
P131,3	10121	10122
P146,2	10123	10124
P124,2	10125	10126
P107,2	10127	10128
P48,2	10129	10130
P49,2	10131	10132
P15,3	10133	10134
P95,2	10135	10136
P115,2	10137	10138
P81,2	10139	10140
P199,1	10141	10142
P200,2	10143	10144
P31,2	10145	10146
P85,2	10147	10148
P34,2	10149	10150
P112,2	10151	10152
P86,3	10153	10154
P75,2	10155	10156
P60,2	10157	10158
P132,2	10159	10160
P176,2	10161	10162
P97,2	10163	10164
P98,1	10165	10166
P65,2	10167	10168
P66,2	10169	10170
P152,1	10171	10172
P50,2	10173	10174
P116,3	10175	10176
P2,2	10177	10178
P182,2	10179	10180
P184,1	10181	10182
P134,2	10183	10184
P181,2	10185	10186
P137,2	10187	10188
P44,2	10189	10190
P185,2	10191	10192
P76,2	10193	10194
P101,2	10195	10196
P99,2	10197	10198
P29,3	10199	10200
P120,1	10201	10202
P139,2	10203	10204
P118,2	10205	10206
P161,3	10207	10208
P61,2	10209	10210
P19,3	10211	10212
P189,2	10213	10214
P123,2	10215	10216
P26,2	10217	10218
P17,2	10219	10220
P69,2	10221	10222
P143,2	10223	10224
P192,2	10225	10226
P194,3	10227	10228
P125,2	10229	10230
P4,2	10231	10232
P40,3	10233	10234
P24,3	10235	10236
P80,2	10237	10238
P38,2	10239	10240
P55,2	10241	10242
P195,2	10243	10244
P108,2	10245	10246
P126,2	10247	10248
P64,2	10249	10250
P109,2	10251	10252
P49,2	10253	10254
P15,3	10255	10256
P95,2	10257	10258
P115,2	10259	10260
P81,2	10261	10262
P199,1	10263	10264
P200,2	10265	10266
P31,2	10267	10268
P85,2	10269	10270
P34,2	10271	10272
P112,2	10273	10274
P86,3	10275	10276
P75,2	10277	10278
P60,2	10279	10280
P132,2	10281	10282
P176,2	10283	10284
P97,2	10285	10286
P98,1	10287	10288
P65,2	10289	10290
P66,2	10291	10292
P152,1	10293	10294
P50,2	10295	10296
P116,3	10297	10298
P2,2	10299	10300
P182,2	10301	10302
P184,1	10303	10304
P134,2	10305	10306
P181,2	10307	10308
P137,2	10309	10310
P44,2	10311	10312
P185,2	10313	10314
P76,2	10315	10316
P101,2	10317	10318
P99,2	10319	10320
P29,3	10321	10322
P120,1	10323	10324
P139,2	10325	10326
P118,2	10327	10328
P161,3	10329	10330
P61,2	10331	10332
P19,3	10333	10334
P189,2	10335	10336
P123,2	10337	10338
P26,2	10339	10340
P17,2	10341	10342
P69,2	10343	10344
P143,2	10345	10346
P192,2	10347	10348
P194,3	10349	10350
P125,2	10351	10352
P4,2	10353	10354
P24,3	10355	10356
P127,2	10357	10358
P92,2	10359	10360
P38,2	10361	10362
P55,2	10363	10364
P195,2	10365	10366
P108,2	10367	10368
P126,2	10369	10370
P64,2	10371	10372
P109,2	10373	10374
P49,2	10375	10376
P15,3	10377	10378
P95,2	10379	10380
P115,2	10381	10382
P81,2	10383	10384
P199,1	10385	10386
P200,2	10387	10388
P31,2	10389	10390
P85,2	10391	10392
P34,2	10393	10394
P112,2	10395	10396
P86,3	10397	10398
P75,2	10399	10400
P60,2	10401	10402
P132,2	10403	10404
P176,2	10405	10406
P97,2	10407	10408
P98,1	10409	10410
P65,2	10411	10412
P66,2	10413	10414
P152,1	10415	10416
P50,2	10417	10418
P154,2	10419	10420
P2,2	10421	10422
P182,2	10423	10424
P100,2	10425	10426
P183,2	10427	10428
P102,2	10429	10430
P54,2	10431	10432
P53,3	10433	10434
P43,2	10435	10436
P156,2	10437	10438
P103,3	10439	10440
P28,3	10441	10442
P46,3	10443	10444
P16,2	10445	10446
P118,2	10447	10448
P161,3	10449	10450
P61,2	10451	10452
P19,3	10453	10454
P189,2	10455	10456
P123,2	10457	10458
P26,2	10459	10460
P17,2	10461	10462
P69,2	10463	10464
P143,2	10465	10466
P192,2	10467	10468
P194,3	10469	10470
P125,2	10471	10472
P4,2	10473	10474
P24,3	10475	10476
P127,2	10477	10478
P92,2	10479	10480
P38,2	10481	10482
P55,2	10483	10484
P195,2	10485	10486
P108,2	10487	10488
P126,2	10489	10490
P64,2	10491	10492
P109,2	10493	10494
P49,2	10495	10496
P15,3	10497	10498
P95,2	10499	10500
P115,2	10501	10502
P81,2	10503	10504
P199,1	10505	10506
P200,2	10507	10508
P31,2	10509	10510
P85,2	10511	10512
P34,2	10513	10514
P112,2	10515	10516
P86,3	10517	10518
P75,2	10519	10520
P60,2	10521	10522
P132,2	10523	10524
P176,2	10525	10526
P97,2	10527	10528
P177,2	10529	10530
P98,2	10531	10532
P66,2	10533	10534
P152,1	10535	10536
P50,2	10537	10538
P154,2	10539	10540
P2,2	10541	10542
P182,2	10543	10544
P100,2	10545	10546
P183,2	10547	10547
P181,2	10548	10549
P137,2	10550	10551
P44,2	10552	10553
P185,2	10554	10555
P76,2	10556	10557
P103,3	10558	10559
P28,3	10560	10561
P46,3	10562	10563
P139,2	10564	10565
P120,2	10566	10567
P161,3	10568	10569
P190,2	10570	10571
P159,3	10572	10573
P123,2	10574	10575
P21,2	10576	10577
P30,2	10578	10579
P106,2	10580	10581
P162,2	10582	10583
P122,2	10584	10585
P25,2	10586	10587
P78,2	10588	10589
P4,2	10590	10591
P24,3	10592	10593
P127,2	10594	10595
P92,2	10596	10597
P38,2	10598	10599
P55,2	10600	10601
P195,2	10602	10603
P108,2	10604	10605
P126,2	10606	10607
P64,2	10608	10609
P109,2	10610	10611
P111,2	10612	10613
P49,3	10614	10615
P95,2	10616	10617
P115,2	10618	10619
P81,2	10620	10621
P199,1	10622	10623
P200,2	10624	10625
P31,2	10626	10627
P85,2	10628	10629
P34,2	10630	10631
P112,2	10632	10633
P86,3	10634	10635
P75,2	10636	10637
P60,2	10638	10639
P132,2	10640	10641
P176,2	10642	10643
P97,2	10644	10645
P177,2	10646	10647
P98,2	10648	10649
P66,2	10650	10651
P152,1	10652	10653
P50,2	10654	10655
P154,2	10656	10657
P2,2	10658	10659
P182,2	10660	10661
P100,2	10662	10663
P181,2	10664	10665
P137,2	10666	10667
P44,2	10668	10669
P185,2	10670	10671
P76,2	10672	10673
P103,3	10674	10675
P28,3	10676	10677
P46,3	10678	10679
P139,2	10680	10681
P120,2	10682	10683
P161,3	10684	10685
P190,2	10686	10687
P159,3	10688	10689
P123,2	10690	10691
P21,2	10692	10693
P30,2	10694	10695
P106,2	10696	10697
P162,2	10698	10699
P122,2	10700	10701
P25,2	10702	10703
P78,2	10704	10705
P4,2	10706	10707
P24,3	10708	10709
P127,2	10710	10711
P92,2	10712	10713
P38,2	10714	10715
P55,2	10716	10717
P195,2	10718	10719
P108,2	10720	10721
P126,2	10722	10723
P64,2	10724	10725
P109,2	10726	10727
P111,2	10728	10729
P49,3	10730	10731
P95,2	10732	10733
P115,2	10734	10735
P81,2	10736	10737
P129,2	10738	10739
P113,2	10740	10741
P84,2	10742	10743
P130,2	10744	10745
P173,1	10746	10746
P35,2	10747	10748
P83,3	10749	10750
P133,2	10751	10752
P149,2	10753	10754
P33,3	10755	10756
P58,2	10757	10758
P36,2	10759	10760
P65,2	10761	10762
P151,2	10763	10764
P88,2	10765	10766
P50,2	10767	10768
P154,2	10769	10770
P153,2	10771	10772
P182,2	10773	10774
P100,2	10775	10776
P181,2	10777	10778
P137,2	10779	10780
P44,2	10781	10782
P185,2	10783	10784
P76,2	10785	10786
P103,3	10787	10788
P28,3	10789	10790
P46,3	10791	10792
P139,2	10793	10794
P120,2	10795	10796
P161,3	10797	10798
P190,2	10799	10800
P159,3	10801	10802
P123,2	10803	10804
P21,2	10805	10806
P30,2	10807	10808
P106,2	10809	10810
P162,2	10811	10812
P122,2	10813	10814
P25,2	10815	10816
P78,2	10817	10818
P4,2	10819	10820
P24,3	10821	10822
P127,2	10823	10824
P92,2	10825	10826
P38,2	10827	10828
P55,2	10829	10830
P195,2	10831	10831
P131,3	10832	10833
P146,2	10834	10835
P124,2	10836	10836
P107,2	10837	10838
P48,2	10839	10840
P15,3	10841	10842
P13,2	10843	10844
P169,3	10845	10846
P81,2	10847	10848
P129,2	10849	10850
P200,2	10851	10852
P31,2	10853	10854
P85,2	10855	10856
P34,2	10857	10858
P35,2	10859	10860
P75,2	10861	10862
P60,2	10863	10864
P132,2	10865	10866
P176,2	10867	10868
P97,2	10869	10870
P177,2	10871	10872
P98,2	10873	10874
P66,2	10875	10876
P67,3	10877	10878
P116,3	10879	10880
P152,2	10881	10882
P2,2	10883	10884
P184,1	10885	10885
P100,2	10886	10887
P181,2	10888	10889
P137,2	10890	10891
P44,2	10892	10893
P185,2	10894	10895
P76,2	10896	10897
P103,3	10898	10899
P28,3	10900	10901
P46,3	10902	10903
P139,2	10904	10905
P120,2	10906	10907
P161,3	10908	10909
P190,2	10910	10910
P159,3	10911	10912
P123,2	10913	10914
P21,2	10915	10915
P30,2	10916	10917
P106,2	10918	10919
P162,2	10920	10921
P122,2	10922	10923
P25,2	10924	10925
P78,2	10926	10927
P125,2	10928	10929
P40,3	10930	10931
P144,3	10932	10933
P80,2	10934	10935
P91,2	10936	10937
P171,2	10938	10939
P41,3	10940	10941
P108,2	10942	10943
P126,2	10944	10945
P107,2	10946	10947
P48,2	10948	10949
P15,3	10950	10951
P13,2	10952	10953
P169,3	10954	10955
P81,2	10956	10957
P129,2	10958	10959
P200,2	10960	10961
P31,2	10962	10963
P130,2	10964	10965
P112,2	10966	10967
P83,3	10968	10969
P133,2	10970	10971
P149,2	10972	10973
P33,3	10974	10975
P58,2	10976	10977
P36,2	10978	10979
P65,2	10980	10981
P151,2	10982	10983
P88,2	10984	10985
P184,2	10986	10987
P116,3	10988	10989
P152,2	10990	10991
P2,2	10992	10993
P100,2	10994	10995
P181,2	10996	10997
P137,2	10998	10999
P44,2	11000	11001
P185,2	11002	11003
P76,2	11004	11005
P189,3	11006	11007
P28,3	11008	11009
P46,3	11010	11011
P118,2	11012	11013
P141,3	11014	11015
P61,2	11016	11017
P159,3	11018	11019
P188,2	11020	11021
P30,2	11022	11023
P106,2	11024	11025
P162,2	11026	11027
P122,2	11028	11029
P25,2	11030	11031
P78,2	11032	11033
P125,2	11034	11035
P40,3	11036	11037
P144,3	11038	11039
P80,2	11040	11041
P91,2	11042	11043
P171,2	11044	11045
P41,3	11046	11047
P108,2	11048	11049
P126,2	11050	11051
P107,2	11052	11053
P48,2	11054	11055
P15,3	11056	11057
P13,2	11058	11059
P169,3	11060	11061
P81,2	11062	11063
P129,2	11064	11065
P200,2	11066	11067
P31,2	11068	11069
P130,2	11070	11071
P112,2	11072	11073
P83,3	11074	11075
P133,2	11076	11077
P149,2	11078	11079
P33,3	11080	11081
P58,2	11082	11083
P36,2	11084	11085
P65,2	11086	11087
P151,2	11088	11089
P88,2	11090	11091
P184,2	11092	11093
P116,3	11094	11095
P152,2	11096	11097
P2,2	11098	11099
P100,2	11100	11101
P181,2	11102	11103
P137,2	11104	11105
P53,3	11106	11107
P43,2	11108	11109
P156,2	11110	11111
P99,2	11112	11113
P29,3	11114	11115
P139,2	11116	11117
P120,2	11118	11119
P161,3	11120	11121
P19,3	11122	11123
P123,2	11124	11125
P26,2	11126	11127
P17,2	11128	11129
P69,2	11130	11131
P143,2	11132	11133
P192,2	11134	11135
P194,3	11136	11137
P195,3	11138	11139
P4,2	11140	11141
P24,3	11142	11143
P127,2	11144	11145
P92,2	11146	11147
P38,2	11148	11148
P55,2	11149	11150
P131,3	11151	11152
P146,2	11153	11154
P64,2	11155	11156
P109,2	11157	11158
P111,2	11159	11160
P49,3	11161	11162
P95,2	11163	11164
P115,2	11165	11166
P96,2	11167	11168
P200,2	11169	11170
P31,2	11171	11172
P130,2	11173	11174
P112,2	11175	11176
P83,3	11177	11178
P133,2	11179	11180
P149,2	11181	11182
P33,3	11183	11184
P97,2	11185	11186
P58,3	11187	11188
P65,2	11189	11190
P151,2	11191	11192
P88,2	11193	11194
P184,2	11195	11196
P116,3	11197	11198
P152,2	11199	11200
P2,2	11201	11202
P134,2	11203	11204
P102,2	11205	11206
P44,2	11207	11208
P185,2	11209	11210
P76,2	11211	11212
P189,3	11213	11214
P28,3	11215	11216
P46,3	11217	11218
P118,2	11219	11220
P141,3	11221	11222
P61,2	11223	11224
P159,3	11225	11226
P188,2	11227	11228
P30,2	11229	11230
P106,2	11231	11232
P162,2	11233	11234
P122,2	11235	11236
P25,2	11237	11238
P78,2	11239	11240
P91,3	11241	11242
P125,2	11243	11244
P40,3	11245	11246
P144,3	11247	11248
P80,2	11249	11250
P171,2	11251	11252
P41,3	11253	11254
P108,2	11255	11256
P126,2	11257	11258
P107,2	11259	11260
P48,2	11261	11262
P15,3	11263	11264
P13,2	11265	11266
P169,3	11267	11268
P81,2	11269	11270
P173,2	11271	11272
P113,2	11273	11274
P85,2	11275	11276
P34,2	11277	11277
P112,2	11278	11279
P83,3	11280	11281
P133,2	11282	11283
P149,2	11284	11285
P33,3	11286	11287
P97,2	11288	11289
P58,3	11290	11291
P65,2	11292	11293
P151,2	11294	11295
P88,2	11296	11297
P184,2	11298	11299
P116,3	11300	11301
P152,2	11302	11303
P2,2	11304	11305
P134,2	11306	11307
P102,2	11308	11309
P44,2	11310	11311
P185,2	11312	11313
P76,2	11314	11315
P189,3	11316	11317
P28,3	11318	11319
P46,3	11320	11321
P120,2	11322	11323
P161,3	11324	11325
P19,3	11326	11327
P123,2	11328	11328
P188,2	11329	11330
P30,2	11331	11332
P106,2	11333	11334
P162,2	11335	11336
P122,2	11337	11338
P25,2	11339	11340
P78,2	11341	11342
P91,3	11343	11344
P125,2	11345	11346
P40,3	11347	11348
P127,2	11349	11350
P171,2	11351	11352
P41,3	11353	11354
P108,2	11355	11356
P126,2	11357	11358
P64,2	11359	11360
P109,2	11361	11362
P111,2	11363	11364
P49,3	11365	11366
P95,2	11367	11368
P115,2	11369	11370
P96,2	11371	11372
P200,2	11373	11374
P31,2	11375	11376
P130,2	11377	11378
P35,2	11379	11380
P133,2	11381	11382
P75,3	11383	11384
P132,2	11385	11386
P176,2	11387	11388
P36,2	11389	11390
P177,2	11391	11392
P98,2	11393	11394
P66,2	11395	11396
P67,3	11397	11398
P50,2	11399	11400
P154,2	11401	11402
P153,2	11403	11404
P100,2	11405	11406
P181,2	11407	11408
P137,2	11409	11410
P53,3	11411	11412
P43,2	11413	11414
P156,2	11415	11416
P99,2	11417	11418
P139,3	11419	11420
P29,3	11421	11422
P118,2	11423	11424
P141,3	11425	11426
P61,2	11427	11428
P159,3	11429	11430
P26,2	11431	11432
P17,2	11433	11434
P69,2	11435	11436
P143,2	11437	11438
P192,2	11439	11440
P25,2	11441	11442
P78,2	11443	11444
P91,3	11445	11446
P125,2	11447	11448
P40,3	11449	11450
P127,2	11451	11452
P171,2	11453	11454
P41,3	11455	11456
P108,2	11457	11458
P126,2	11459	11460
P64,2	11461	11462
P109,2	11463	11464
P111,2	11465	11466
P49,3	11467	11468
P95,2	11469	11470
P115,2	11471	11472
P96,2	11473	11474
P200,2	11475	11476
P31,2	11477	11478
P130,2	11479	11480
P35,2	11481	11482
P133,2	11483	11484
P75,3	11485	11486
P132,2	11487	11488
P176,2	11489	11490
P36,2	11491	11492
P177,2	11493	11494
P98,2	11495	11496
P66,2	11497	11498
P67,3	11499	11500
P50,2	11501	11502
P154,2	11503	11504
P153,2	11505	11506
P100,2	11507	11508
P181,2	11509	11510
P137,2	11511	11512
P53,3	11513	11514
P43,2	11515	11516
P156,2	11517	11518
P99,2	11519	11520
P139,3	11521	11522
P29,3	11523	11523
P118,2	11524	11525
P141,3	11526	11527
P61,2	11528	11529
P159,3	11530	11531
P26,2	11532	11533
P17,2	11534	11535
P69,2	11536	11537
P143,2	11538	11539
P192,2	11540	11541
P25,2	11542	11543
P78,2	11544	11545
P91,3	11546	11547
P125,2	11548	11549
P40,3	11550	11551
P127,2	11552	11553
P171,2	11554	11555
P41,3	11556	11557
P108,2	11558	11559
P126,2	11560	11561
P64,2	11562	11563
P109,2	11564	11565
P111,2	11566	11567
P49,3	11568	11569
P169,3	11570	11571
P81,2	11572	11573
P173,2	11574	11575
P113,2	11576	11577
P85,2	11578	11579
P112,2	11580	11581
P83,3	11582	11583
P60,2	11584	11585
P149,2	11586	11587
P33,3	11588	11589
P97,2	11590	11591
P58,3	11592	11593
P65,2	11594	11595
P151,2	11596	11597
P88,2	11598	11599
P184,2	11600	11601
P154,2	11602	11603
P153,2	11604	11605
P50,3	11606	11607
P181,2	11608	11609
P44,2	11610	11611
P185,2	11612	11613
P76,2	11614	11615
P102,3	11616	11617
P99,2	11618	11619
P139,3	11620	11621
P118,2	11622	11623
P141,3	11624	11625
P61,2	11626	11627
P159,3	11628	11629
P26,2	11630	11631
P17,2	11632	11633
P69,2	11634	11635
P143,2	11636	11637
P192,2	11638	11639
P25,2	11640	11641
P195,3	11642	11643
P38,3	11644	11645
P40,3	11646	11647
P127,2	11648	11649
P171,2	11650	11651
P41,3	11652	11653
P131,3	11654	11655
P146,2	11656	11657
P34,3	11658	11659
P107,2	11660	11661
P48,2	11662	11663
P15,3	11664	11665
P95,2	11666	11667
P115,2	11668	11669
P96,2	11670	11671
P200,2	11672	11673
P31,2	11674	11675
P130,2	11676	11677
P35,2	11678	11679
P133,2	11680	11681
P75,3	11682	11683
P132,2	11684	11685
P176,2	11686	11687
P36,2	11688	11689
P177,2	11690	11691
P151,2	11692	11693
P88,2	11694	11695
P184,2	11696	11697
P154,2	11698	11699
P153,2	11700	11701
P50,3	11702	11703
P181,2	11704	11705
P44,2	11706	11707
P185,2	11708	11709
P76,2	11710	11711
P102,3	11712	11713
P99,2	11714	11715
P139,3	11716	11717
P118,2	11718	11719
P161,3	11720	11721
P19,3	11722	11723
P188,2	11724	11725
P17,2	11726	11727
P69,2	11728	11729
P143,2	11730	11731
P192,2	11732	11733
P80,3	11734	11735
P78,2	11736	11737
P91,3	11738	11739
P125,2	11740	11741
P144,3	11742	11743
P92,2	11744	11745
P55,2	11746	11747
P4,3	11748	11749
P108,2	11750	11751
P126,2	11752	11753
P64,2	11754	11755
P109,2	11756	11757
P111,2	11758	11759
P49,3	11760	11761
P115,2	11762	11763
P96,2	11764	11765
P200,2	11766	11767
P31,2	11768	11768
P85,2	11769	11770
P112,2	11771	11772
P65,3	11773	11774
P133,2	11775	11776
P75,3	11777	11778
P132,2	11779	11780
P176,2	11781	11782
P58,3	11783	11784
P98,2	11785	11786
P66,2	11787	11788
P67,3	11789	11790
P116,3	11791	11792
P152,2	11793	11794
P100,2	11795	11796
P134,2	11797	11798
P137,2	11799	11800
P53,3	11801	11802
P43,2	11803	11804
P156,2	11805	11806
P189,3	11807	11808
P28,3	11809	11810
P123,3	11811	11812
P120,2	11813	11814
P61,2	11815	11816
P159,3	11817	11818
P26,2	11819	11820
P106,2	11821	11822
P162,2	11823	11824
P122,2	11825	11826
P30,3	11827	11828
P25,2	11829	11830
P195,3	11831	11832
P38,3	11833	11834
P40,3	11835	11836
P127,2	11837	11838
P171,2	11839	11840
P41,3	11841	11842
P131,3	11843	11844
P146,2	11845	11846
P34,3	11847	11848
P107,2	11849	11850
P48,2	11851	11852
P31,3	11853	11854
P49,3	11855	11856
P115,2	11857	11858
P96,2	11859	11860
P200,2	11861	11862
P85,2	11863	11864
P112,2	11865	11866
P65,3	11867	11868
P133,2	11869	11870
P75,3	11871	11872
P132,2	11873	11874
P176,2	11875	11876
P58,3	11877	11878
P98,2	11879	11880
P66,2	11881	11882
P67,3	11883	11884
P116,3	11885	11886
P152,2	11887	11888
P100,2	11889	11890
P134,2	11891	11892
P137,2	11893	11894
P53,3	11895	11896
P76,2	11897	11898
P102,3	11899	11900
P99,2	11901	11902
P43,3	11903	11904
P123,3	11905	11906
P120,2	11907	11908
P61,2	11909	11910
P159,3	11911	11912
P26,2	11913	11914
P106,2	11915	11916
P162,2	11917	11918
P122,2	11919	11920
P30,3	11921	11922
P25,2	11923	11924
P91,3	11925	11926
P125,2	11927	11928
P144,3	11929	11930
P92,2	11931	11932
P55,2	11933	11934
P4,3	11935	11936
P108,2	11937	11938
P34,3	11939	11940
P107,2	11941	11942
P48,2	11943	11944
P146,3	11945	11946
P15,3	11947	11948
P95,2	11949	11950
P81,2	11951	11952
P173,2	11953	11954
P113,2	11955	11956
P130,2	11957	11958
P35,2	11959	11960
P83,3	11961	11962
P60,2	11963	11964
P149,2	11965	11966
P33,3	11967	11968
P97,2	11969	11970
P177,2	11971	11971
P98,2	11972	11973
P66,2	11974	11975
P67,3	11976	11977
P116,3	11978	11979
P152,2	11980	11981
P100,2	11982	11983
P134,2	11984	11985
P137,2	11986	11987
P185,2	11988	11989
P156,2	11990	11991
P189,3	11992	11993
P28,3	11994	11995
P139,3	11996	11997
P118,2	11998	11999
P161,3	12000	12001
P19,3	12002	12003
P188,2	12004	12005
P17,2	12006	12007
P69,2	12008	12009
P143,2	12010	12011
P122,2	12012	12013
P30,3	12014	12015
P25,2	12016	12017
P91,3	12018	12019
P125,2	12020	12021
P144,3	12022	12023
P92,2	12024	12025
P55,2	12026	12027
P4,3	12028	12029
P108,2	12030	12031
P34,3	12032	12033
P107,2	12034	12035
P48,2	12036	12037
P146,3	12038	12039
P49,3	12040	12041
P115,2	12042	12043
P96,2	12044	12045
P200,2	12046	12047
P85,2	12048	12049
P177,3	12050	12051
P35,2	12052	12053
P83,3	12054	12055
P60,2	12056	12057
P132,2	12058	12059
P149,3	12060	12061
P97,2	12062	12063
P98,2	12064	12065
P66,2	12066	12067
P67,3	12068	12069
P116,3	12070	12071
P152,2	12072	12073
P100,2	12074	12075
P134,2	12076	12077
P137,2	12078	12079
P185,2	12080	12081
P156,2	12082	12083
P189,3	12084	12085
P28,3	12086	12087
P139,3	12088	12089
P118,2	12090	12091
P161,3	12092	12093
P19,3	12094	12095
P188,2	12096	12097
P17,2	12098	12099
P69,2	12100	12101
P143,2	12102	12103
P122,2	12104	12105
P30,3	12106	12107
P25,2	12108	12109
P91,3	12110	12111
P125,2	12112	12113
P144,3	12114	12115
P92,2	12116	12117
P55,2	12118	12119
P4,3	12120	12121
P126,2	12122	12123
P64,2	12124	12125
P109,2	12126	12127
P111,2	12128	12129
P31,3	12130	12131
P115,2	12132	12133
P81,2	12134	12135
P173,2	12136	12137
P113,2	12138	12139
P130,2	12140	12141
P35,2	12142	12143
P83,3	12144	12145
P60,2	12146	12146
P112,3	12147	12148
P132,2	12149	12150
P149,3	12151	12152
P97,2	12153	12154
P98,2	12155	12156
P66,2	12157	12158
P67,3	12159	12160
P116,3	12161	12162
P152,2	12163	12164
P100,2	12165	12166
P134,2	12167	12168
P137,2	12169	12170
P185,2	12171	12172
P156,2	12173	12174
P189,3	12175	12176
P28,3	12177	12178
P139,3	12179	12180
P118,2	12181	12182
P161,3	12183	12184
P19,3	12185	12186
P188,2	12187	12188
P17,2	12189	12190
P69,2	12191	12192
P143,2	12193	12194
P122,3	12195	12196
P30,3	12197	12198
P25,2	12199	12200
P91,3	12201	12202
P125,2	12203	12204
P144,3	12205	12206
P92,2	12207	12208
P55,2	12209	12210
P4,3	12211	12212
P126,2	12213	12214
P64,2	12215	12216
P109,2	12217	12218
P111,2	12219	12220
P31,3	12221	12222
P115,2	12223	12224
P81,2	12225	12226
P173,2	12227	12228
P113,2	12229	12230
P130,2	12231	12232
P35,2	12233	12234
P83,3	12235	12236
P112,3	12237	12238
P132,2	12239	12240
P149,3	12241	12242
P97,2	12243	12244
P98,2	12245	12246
P66,2	12247	12248
P67,3	12249	12250
P116,3	12251	12252
P152,2	12253	12254
P100,2	12255	12256
P134,2	12257	12258
P137,2	12259	12260
P185,2	12261	12262
P156,2	12263	12264
P189,3	12265	12266
P28,3	12267	12268
P139,3	12269	12270
P118,2	12271	12272
P161,3	12273	12274
P19,3	12275	12276
P26,2	12277	12278
P106,2	12279	12280
P162,2	12281	12282
P78,3	12283	12284
P192,2	12285	12285
P80,3	12286	12287
P195,3	12288	12289
P38,3	12290	12291
P40,3	12292	12293
P127,2	12294	12295
P171,2	12296	12297
P41,3	12298	12299
P131,3	12300	12301
P34,3	12302	12303
P107,2	12304	12305
P48,2	12306	12307
P146,3	12308	12309
P49,3	12310	12311
P95,3	12312	12313
P96,2	12314	12315
P200,2	12316	12317
P130,2	12318	12319
P35,2	12320	12321
P83,3	12322	12323
P112,3	12324	12325
P132,2	12326	12327
P149,3	12328	12329
P97,2	12330	12331
P98,2	12332	12333
P66,2	12334	12335
P67,3	12336	12337
P116,3	12338	12339
P152,2	12340	12341
P100,2	12342	12343
P134,2	12344	12345
P137,2	12346	12347
P185,2	12348	12349
P156,2	12350	12351
P189,3	12352	12353
P28,3	12354	12355
P139,3	12356	12357
P118,2	12358	12359
P161,3	12360	12361
P19,3	12362	12363
P26,2	12364	12365
P106,2	12366	12367
P162,2	12368	12369
P78,3	12370	12371
P30,3	12372	12373
P25,2	12374	12375
P91,3	12376	12377
P125,2	12378	12379
P144,3	12380	12381
P92,2	12382	12383
P55,2	12384	12385
P4,3	12386	12387
P126,2	12388	12389
P64,2	12390	12391
P109,2	12392	12393
P111,2	12394	12395
P31,3	12396	12397
P115,2	12398	12399
P81,2	12400	12401
P173,2	12402	12403
P85,2	12404	12405
P177,3	12406	12407
P65,3	12408	12409
P133,2	12410	12410
P75,3	12411	12412
P33,3	12413	12414
P176,2	12415	12416
P58,3	12417	12418
P66,2	12419	12420
P67,3	12421	12422
P116,3	12423	12424
P152,2	12425	12426
P100,2	12427	12428
P181,2	12429	12430
P185,2	12431	12431
P156,2	12432	12433
P189,3	12434	12435
P28,3	12436	12437
P139,3	12438	12439
P118,2	12440	12441
P161,3	12442	12443
P19,3	12444	12445
P26,2	12446	12447
P106,2	12448	12449
P162,2	12450	12451
P78,3	12452	12453
P30,3	12454	12455
P25,2	12456	12457
P91,3	12458	12459
P125,2	12460	12461
P144,3	12462	12463
P92,2	12464	12465
P41,3	12466	12467
P131,3	12468	12469
P34,3	12470	12471
P107,2	12472	12473
P48,2	12474	12475
P146,3	12476	12477
P49,3	12478	12479
P133,3	12480	12481
P81,2	12482	12483
P173,2	12484	12485
P85,2	12486	12487
P177,3	12488	12489
P65,3	12490	12491
P112,3	12492	12493
P33,3	12494	12495
P176,2	12496	12497
P58,3	12498	12499
P98,2	12500	12501
P184,2	12502	12503
P154,2	12504	12505
P153,2	12506	12507
P50,3	12508	12509
P137,2	12510	12511
P156,2	12512	12513
P189,3	12514	12515
P28,3	12516	12517
P139,3	12518	12519
P118,2	12520	12521
P161,3	12522	12523
P19,3	12524	12525
P26,2	12526	12527
P106,2	12528	12529
P162,2	12530	12531
P78,3	12532	12533
P30,3	12534	12535
P25,2	12536	12537
P91,3	12538	12539
P125,2	12540	12541
P144,3	12542	12543
P92,2	12544	12545
P4,3	12546	12547
P126,2	12548	12549
P64,2	12550	12551
P109,2	12552	12553
P111,2	12554	12555
P31,3	12556	12557
P115,2	12558	12559
P95,3	12560	12561
P96,2	12562	12563
P200,2	12564	12565
P130,2	12566	12567
P35,2	12568	12569
P83,3	12570	12571
P75,3	12572	12573
P149,3	12574	12575
P97,2	12576	12577
P66,3	12578	12579
P67,3	12580	12581
P116,3	12582	12582
P152,2	12583	12584
P100,2	12585	12586
P181,2	12587	12588
P76,2	12589	12590
P102,3	12591	12592
P99,2	12593	12594
P43,3	12595	12596
P123,3	12597	12598
P120,2	12599	12600
P61,2	12601	12602
P188,2	12603	12604
P17,2	12605	12606
P69,2	12607	12608
P143,2	12609	12610
P122,3	12611	12612
P80,3	12613	12614
P195,3	12615	12616
P38,3	12617	12618
P40,3	12619	12620
P127,2	12621	12622
P41,3	12623	12624
P131,3	12625	12626
P34,3	12627	12628
P107,2	12629	12630
P111,2	12631	12632
P31,3	12633	12634
P115,2	12635	12636
P95,3	12637	12638
P96,2	12639	12640
P200,2	12641	12642
P130,2	12643	12644
P35,2	12645	12646
P83,3	12647	12648
P75,3	12649	12650
P149,3	12651	12652
P97,2	12653	12654
P66,3	12655	12656
P132,3	12657	12658
P184,2	12659	12660
P153,2	12661	12662
P50,3	12663	12664
P76,2	12665	12666
P102,3	12667	12668
P99,2	12669	12670
P43,3	12671	12672
P123,3	12673	12674
P120,2	12675	12676
P61,2	12677	12678
P188,2	12679	12680
P17,2	12681	12682
P69,2	12683	12684
P143,2	12685	12686
P122,3	12687	12688
P80,3	12689	12690
P195,3	12691	12692
P38,3	12693	12694
P40,3	12695	12696
P127,2	12697	12698
P4,3	12699	12700
P126,2	12701	12702
P64,2	12703	12704
P109,2	12705	12706
P146,3	12707	12708
P49,3	12709	12710
P133,3	12711	12712
P81,2	12713	12714
P173,2	12715	12716
P85,2	12717	12718
P177,3	12719	12720
P65,3	12721	12722
P112,3	12723	12724
P33,3	12725	12726
P176,2	12727	12728
P58,3	12729	12729
P66,3	12730	12731
P132,3	12732	12733
P184,2	12734	12735
P153,2	12736	12737
P50,3	12738	12739
P76,2	12740	12741
P102,3	12742	12743
P99,2	12744	12745
P43,3	12746	12747
P123,3	12748	12749
P120,2	12750	12751
P61,2	12752	12753
P188,2	12754	12755
P106,2	12756	12757
P17,3	12758	12759
P143,2	12760	12761
P122,3	12762	12763
P80,3	12764	12765
P195,3	12766	12767
P38,3	12768	12769
P40,3	12770	12771
P127,2	12772	12773
P4,3	12774	12775
P126,2	12776	12777
P64,2	12778	12779
P109,2	12780	12781
P146,3	12782	12783
P49,3	12784	12785
P133,3	12786	12787
P81,2	12788	12789
P173,2	12790	12791
P85,2	12792	12793
P177,3	12794	12795
P65,3	12796	12797
P112,3	12798	12799
P33,3	12800	12801
P176,2	12802	12803
P66,3	12804	12805
P132,3	12806	12807
P184,2	12808	12809
P153,2	12810	12811
P50,3	12812	12813
P156,2	12814	12815
P189,3	12816	12817
P28,3	12818	12819
P139,3	12820	12821
P118,2	12822	12823
P161,3	12824	12825
P19,3	12826	12827
P26,2	12828	12829
P69,2	12830	12831
P162,2	12832	12833
P78,3	12834	12835
P30,3	12836	12837
P25,2	12838	12839
P91,3	12840	12841
P40,3	12842	12843
P127,2	12844	12845
P4,3	12846	12847
P126,2	12848	12849
P64,2	12850	12851
P109,2	12852	12853
P146,3	12854	12855
P49,3	12856	12857
P95,3	12858	12859
P96,2	12860	12861
P200,2	12862	12863
P130,2	12864	12865
P65,3	12866	12867
P112,3	12868	12869
P33,3	12870	12871
P176,2	12872	12873
P66,3	12874	12875
P132,3	12876	12877
P184,2	12878	12879
P153,2	12880	12881
P181,2	12882	12883
P102,3	12884	12885
P99,2	12886	12887
P43,3	12888	12889
P123,3	12890	12891
P120,2	12892	12893
P61,2	12894	12895
P188,2	12896	12897
P106,2	12898	12899
P17,3	12900	12901
P143,2	12902	12903
P122,3	12904	12905
P80,3	12906	12907
P195,3	12908	12909
P38,3	12910	12911
P127,2	12912	12913
P4,3	12914	12915
P126,2	12916	12917
P64,2	12918	12919
P109,2	12920	12921
P146,3	12922	12923
P49,3	12924	12925
P95,3	12926	12927
P96,2	12928	12929
P200,2	12930	12931
P130,2	12932	12933
P65,3	12934	12935
P112,3	12936	12937
P149,3	12938	12939
P97,2	12940	12941
P137,3	12942	12943
P67,3	12944	12945
P152,2	12946	12947
P100,2	12948	12949
P156,2	12950	12951
P189,3	12952	12953
P28,3	12954	12955
P139,3	12956	12957
P118,2	12958	12959
P161,3	12960	12961
P19,3	12962	12963
P26,2	12964	12965
P17,3	12966	12967
P143,2	12968	12969
P122,3	12970	12971
P80,3	12972	12973
P195,3	12974	12975
P38,3	12976	12977
P127,2	12978	12979
P126,2	12980	12981
P64,2	12982	12983
P109,2	12984	12985
P146,3	12986	12987
P49,3	12988	12989
P95,3	12990	12991
P96,2	12992	12993
P200,2	12994	12995
P130,2	12996	12997
P65,3	12998	12999
P112,3	13000	13001
P149,3	13002	13003
P97,2	13004	13004
P66,3	13005	13006
P132,3	13007	13008
P184,2	13009	13010
P153,2	13011	13012
P181,2	13013	13014
P102,3	13015	13016
P99,2	13017	13018
P43,3	13019	13020
P123,3	13021	13022
P120,2	13023	13024
P61,2	13025	13026
P188,2	13027	13028
P69,2	13029	13030
P162,2	13031	13032
P78,3	13033	13034
P30,3	13035	13036
P25,2	13037	13038
P38,3	13039	13040
P127,2	13041	13042
P126,2	13043	13044
P64,2	13045	13046
P109,2	13047	13047
P146,3	13048	13049
P49,3	13050	13051
P95,3	13052	13053
P96,2	13054	13055
P200,2	13056	13057
P130,2	13058	13059
P65,3	13060	13061
P83,3	13062	13063
P33,3	13064	13065
P176,2	13066	13067
P137,3	13068	13069
P67,3	13070	13071
P152,2	13072	13073
P100,2	13074	13075
P156,2	13076	13077
P189,3	13078	13079
P28,3	13080	13081
P139,3	13082	13083
P118,2	13084	13085
P161,3	13086	13087
P19,3	13088	13089
P26,2	13090	13091
P17,3	13092	13093
P143,2	13094	13095
P122,3	13096	13097
P80,3	13098	13099
P195,3	13100	13101
P40,3	13102	13103
P4,3	13104	13105
P34,3	13106	13107
P107,2	13108	13109
P146,3	13110	13111
P49,3	13112	13113
P95,3	13114	13115
P173,2	13116	13117
P130,2	13118	13119
P177,3	13120	13121
P97,3	13122	13123
P112,3	13124	13125
P149,3	13126	13127
P66,3	13128	13129
P132,3	13130	13131
P184,2	13132	13133
P153,2	13134	13135
P181,2	13136	13137
P102,3	13138	13139
P99,2	13140	13141
P139,3	13142	13143
P118,2	13144	13145
P161,3	13146	13147
P19,3	13148	13149
P26,2	13150	13151
P17,3	13152	13153
P143,2	13154	13155
P122,3	13156	13157
P80,3	13158	13159
P195,3	13160	13161
P40,3	13162	13163
P4,3	13164	13165
P34,3	13166	13167
P107,2	13168	13169
P146,3	13170	13171
P49,3	13172	13173
P95,3	13174	13175
P173,2	13176	13177
P130,2	13178	13179
P177,3	13180	13181
P97,3	13182	13183
P112,3	13184	13185
P149,3	13186	13187
P66,3	13188	13189
P132,3	13190	13191
P184,2	13192	13193
P153,2	13194	13195
P181,2	13196	13197
P102,3	13198	13199
P99,2	13200	13201
P139,3	13202	13203
P118,2	13204	13205
P161,3	13206	13207
P19,3	13208	13209
P26,2	13210	13211
P17,3	13212	13213
P143,2	13214	13215
P122,3	13216	13217
P111,3	13218	13219
P195,3	13220	13221
P40,3	13222	13223
P4,3	13224	13225
P34,3	13226	13227
P107,2	13228	13229
P31,3	13230	13231
P133,3	13232	13233
P81,2	13234	13235
P200,2	13236	13237
P96,3	13238	13239
P65,3	13240	13241
P83,3	13242	13243
P33,3	13244	13245
P176,2	13246	13247
P137,3	13248	13249
P67,3	13250	13251
P152,2	13252	13253
P100,2	13254	13255
P156,2	13256	13257
P189,3	13258	13259
P43,3	13260	13261
P123,3	13262	13263
P120,2	13264	13265
P61,2	13266	13267
P188,2	13268	13269
P17,3	13270	13271
P143,2	13272	13273
P122,3	13274	13275
P111,3	13276	13277
P195,3	13278	13279
P40,3	13280	13281
P4,3	13282	13283
P64,2	13284	13285
P146,3	13286	13287
P49,3	13288	13289
P95,3	13290	13291
P173,2	13292	13293
P130,2	13294	13295
P177,3	13296	13297
P97,3	13298	13299
P112,3	13300	13301
P149,3	13302	13303
P66,3	13304	13305
P132,3	13306	13307
P184,2	13308	13309
P153,2	13310	13311
P181,2	13312	13313
P102,3	13314	13315
P99,2	13316	13317
P139,3	13318	13319
P118,2	13320	13321
P161,3	13322	13323
P19,3	13324	13325
P69,2	13326	13327
P162,2	13328	13329
P122,3	13330	13331
P111,3	13332	13333
P195,3	13334	13335
P38,3	13336	13337
P127,2	13338	13339
P34,3	13340	13341
P107,2	13342	13343
P31,3	13344	13345
P133,3	13346	13347
P81,2	13348	13349
P200,2	13350	13351
P96,3	13352	13353
P65,3	13354	13355
P83,3	13356	13357
P33,3	13358	13359
P176,2	13360	13361
P137,3	13362	13363
P67,3	13364	13365
P152,2	13366	13367
P100,2	13368	13369
P156,2	13370	13371
P189,3	13372	13373
P43,3	13374	13375
P123,3	13376	13377
P120,2	13378	13379
P19,3	13380	13381
P61,3	13382	13383
P17,3	13384	13385
P78,3	13386	13387
P30,3	13388	13389
P25,2	13390	13391
P143,3	13392	13393
P40,3	13394	13395
P4,3	13396	13397
P64,2	13398	13399
P31,3	13400	13401
P133,3	13402	13403
P81,2	13404	13405
P200,2	13406	13407
P96,3	13408	13409
P65,3	13410	13411
P83,3	13412	13413
P33,3	13414	13415
P176,2	13416	13417
P137,3	13418	13419
P67,3	13420	13421
P152,2	13422	13423
P181,2	13424	13425
P102,3	13426	13427
P99,2	13428	13429
P139,3	13430	13431
P118,2	13432	13433
P161,3	13434	13435
P188,2	13436	13437
P69,2	13438	13439
P162,2	13440	13441
P122,3	13442	13443
P111,3	13444	13445
P195,3	13446	13447
P38,3	13448	13449
P127,2	13450	13451
P34,3	13452	13453
P107,3	13454	13455
P31,3	13456	13457
P95,3	13458	13459
P173,2	13460	13461
P130,2	13462	13463
P177,3	13464	13465
P97,3	13466	13467
P112,3	13468	13468
P149,3	13469	13470
P66,3	13471	13472
P132,3	13473	13474
P184,2	13475	13476
P100,2	13477	13478
P156,2	13479	13480
P189,3	13481	13482
P43,3	13483	13484
P123,3	13485	13486
P120,2	13487	13488
P188,2	13489	13490
P69,2	13491	13492
P162,2	13493	13494
P122,3	13495	13496
P111,3	13497	13498
P195,3	13499	13500
P38,3	13501	13502
P127,2	13503	13504
P34,3	13505	13506
P107,3	13507	13508
P31,3	13509	13510
P95,3	13511	13512
P173,2	13513	13514
P130,2	13515	13516
P177,3	13517	13518
P97,3	13519	13520
P33,3	13521	13522
P66,3	13523	13524
P132,3	13525	13526
P152,2	13527	13528
P181,2	13529	13530
P102,3	13531	13532
P99,2	13533	13534
P139,3	13535	13536
P118,2	13537	13538
P161,3	13539	13540
P61,3	13541	13542
P17,3	13543	13544
P78,3	13545	13546
P30,3	13547	13548
P25,2	13549	13550
P143,3	13551	13552
P40,3	13553	13554
P4,3	13555	13556
P64,2	13557	13558
P146,3	13559	13560
P133,3	13561	13562
P81,2	13563	13564
P200,2	13565	13566
P96,3	13567	13568
P65,3	13569	13570
P83,3	13571	13572
P149,3	13573	13574
P137,3	13575	13576
P184,2	13577	13577
P100,2	13578	13578
P181,2	13579	13580
P102,3	13581	13582
P99,2	13583	13584
P139,3	13585	13586
P118,2	13587	13588
P161,3	13589	13590
P61,3	13591	13592
P162,2	13593	13594
P122,3	13595	13596
P25,2	13597	13598
P143,3	13599	13600
P40,3	13601	13601
P127,2	13602	13603
P34,3	13604	13605
P107,3	13606	13607
P31,3	13608	13609
P95,3	13610	13611
P173,2	13612	13613
P130,2	13614	13615
P177,3	13616	13617
P97,3	13618	13619
P33,3	13620	13621
P66,3	13622	13623
P132,3	13624	13624
P100,3	13625	13626
P156,2	13627	13628
P189,3	13629	13630
P43,3	13631	13632
P123,3	13633	13634
P120,2	13635	13636
P188,2	13637	13638
P17,3	13639	13640
P78,3	13641	13642
P111,3	13643	13644
P195,3	13645	13646
P38,3	13647	13648
P4,3	13649	13650
P64,2	13651	13652
P146,3	13653	13654
P133,3	13655	13656
P81,2	13657	13658
P200,2	13659	13660
P96,3	13661	13662
P65,3	13663	13664
P99,3	13665	13666
P33,3	13667	13668
P66,3	13669	13670
P184,3	13671	13672
P181,2	13673	13674
P102,3	13675	13676
P43,3	13677	13678
P123,3	13679	13680
P120,2	13681	13682
P188,2	13683	13684
P17,3	13685	13686
P78,3	13687	13688
P111,3	13689	13690
P195,3	13691	13692
P38,3	13693	13694
P4,3	13695	13696
P64,2	13697	13698
P146,3	13699	13700
P95,3	13701	13702
P173,2	13703	13704
P130,2	13705	13706
P177,3	13707	13707
P65,3	13708	13709
P99,3	13710	13711
P33,3	13712	13713
P66,3	13714	13715
P184,3	13716	13717
P181,2	13718	13719
P102,3	13720	13721
P43,3	13722	13723
P123,3	13724	13725
P161,3	13726	13727
P61,3	13728	13729
P162,2	13730	13731
P122,3	13732	13733
P111,3	13734	13735
P195,3	13736	13737
P38,3	13738	13739
P4,3	13740	13741
P64,2	13742	13743
P146,3	13744	13745
P95,3	13746	13747
P200,2	13748	13749
P81,3	13750	13751
P65,3	13752	13753
P99,3	13754	13755
P149,3	13756	13757
P137,3	13758	13759
P100,3	13760	13761
P156,2	13762	13763
P189,3	13764	13765
P139,3	13766	13767
P118,2	13768	13769
P188,2	13770	13771
P17,3	13772	13773
P122,3	13774	13775
P111,3	13776	13777
P162,3	13778	13779
P143,3	13780	13781
P127,2	13782	13783
P34,3	13784	13785
P146,3	13786	13787
P95,3	13788	13789
P173,2	13790	13791
P81,3	13792	13793
P65,3	13794	13795
P99,3	13796	13797
P33,3	13798	13799
P66,3	13800	13801
P184,3	13802	13803
P181,3	13804	13805
P102,3	13806	13807
P43,3	13808	13809
P123,3	13810	13811
P161,3	13812	13812
P188,2	13813	13814
P17,3	13815	13816
P122,3	13817	13818
P111,3	13819	13820
P162,3	13821	13822
P143,3	13823	13824
P127,2	13825	13826
P34,3	13827	13828
P146,3	13829	13830
P95,3	13831	13832
P173,2	13833	13834
P81,3	13835	13836
P65,3	13837	13838
P99,3	13839	13840
P33,3	13841	13842
P66,3	13843	13844
P184,3	13845	13846
P181,3	13847	13848
P102,3	13849	13850
P43,3	13851	13852
P123,3	13853	13854
P188,2	13855	13856
P17,3	13857	13858
P122,3	13859	13860
P111,3	13861	13862
P162,3	13863	13864
P143,3	13865	13866
P127,2	13867	13868
P34,3	13869	13870
P146,3	13871	13872
P95,3	13873	13874
P173,2	13875	13876
P81,3	13877	13878
P65,3	13879	13880
P99,3	13881	13882
P33,3	13883	13884
P66,3	13885	13886
P100,3	13887	13888
P102,3	13889	13890
P43,3	13891	13891
P139,3	13892	13893
P118,2	13894	13895
P61,3	13896	13897
P78,3	13898	13898
P120,3	13899	13900
P25,2	13901	13902
P195,3	13903	13904
P38,3	13905	13906
P4,3	13907	13908
P107,3	13909	13910
P133,3	13911	13912
P64,3	13913	13914
P130,2	13915	13915
P81,3	13916	13917
P97,3	13918	13919
P200,3	13920	13921
P149,3	13922	13923
P184,3	13924	13925
P181,3	13926	13927
P189,3	13928	13929
P123,3	13930	13931
P188,2	13932	13933
P17,3	13934	13935
P120,3	13936	13937
P25,2	13938	13939
P195,3	13940	13941
P38,3	13942	13943
P4,3	13944	13945
P107,3	13946	13947
P133,3	13948	13949
P64,3	13950	13951
P81,3	13952	13953
P97,3	13954	13955
P200,3	13956	13957
P149,3	13958	13959
P184,3	13960	13961
P181,3	13962	13963
P189,3	13964	13964
P123,3	13965	13966
P188,2	13967	13968
P17,3	13969	13970
P120,3	13971	13972
P25,2	13973	13973
P162,3	13974	13975
P143,3	13976	13977
P127,2	13978	13979
P34,3	13980	13981
P133,3	13982	13983
P173,2	13984	13985
P96,3	13986	13987
P99,3	13988	13989
P33,3	13990	13991
P66,3	13992	13993
P100,3	13994	13995
P102,3	13996	13997
P123,3	13998	13999
P61,3	14000	14001
P122,3	14002	14003
P111,3	14004	14005
P195,3	14006	14007
P38,3	14008	14009
P25,3	14010	14011
P34,3	14012	14013
P133,3	14014	14015
P173,2	14016	14017
P96,3	14018	14019
P99,3	14020	14021
P33,3	14022	14023
P66,3	14024	14025
P100,3	14026	14027
P102,3	14028	14029
P123,3	14030	14030
P118,2	14031	14032
P17,3	14033	14034
P120,3	14035	14036
P162,3	14037	14038
P143,3	14039	14040
P127,2	14041	14042
P4,3	14043	14044
P133,3	14045	14046
P173,2	14047	14048
P96,3	14049	14050
P99,3	14051	14052
P33,3	14053	14054
P66,3	14055	14056
P100,3	14057	14058
P102,3	14059	14060
P118,2	14061	14062
P17,3	14063	14064
P120,3	14065	14066
P162,3	14067	14068
P143,3	14069	14070
P127,2	14071	14072
P4,3	14073	14074
P133,3	14075	14076
P173,2	14077	14078
P96,3	14079	14080
P99,3	14081	14082
P33,3	14083	14084
P66,3	14085	14086
P100,3	14087	14088
P102,3	14089	14090
P61,3	14091	14092
P122,3	14093	14094
P111,3	14095	14096
P195,3	14097	14098
P38,3	14099	14100
P25,3	14101	14102
P107,3	14103	14104
P64,3	14105	14106
P96,3	14107	14108
P99,3	14109	14110
P33,3	14111	14112
P66,3	14113	14114
P100,3	14115	14116
P102,3	14117	14118
P17,3	14119	14120
P120,3	14121	14122
P162,3	14123	14124
P143,3	14125	14126
P38,3	14127	14128
P25,3	14129	14130
P107,3	14131	14132
P64,3	14133	14134
P96,3	14135	14136
P99,3	14137	14138
P33,3	14139	14140
P66,3	14141	14142
P100,3	14143	14144
P102,3	14145	14146
P17,3	14147	14148
P120,3	14149	14150
P162,3	14151	14152
P143,3	14153	14154
P38,3	14155	14156
P4,3	14157	14158
P127,3	14159	14160
P64,3	14161	14162
P96,3	14163	14164
P99,3	14165	14166
P149,3	14167	14168
P184,3	14169	14170
P181,3	14171	14172
P61,3	14173	14174
P122,3	14175	14176
P111,3	14177	14178
P195,3	14179	14180
P173,3	14181	14182
P25,3	14183	14184
P107,3	14185	14186
P133,3	14187	14188
P81,3	14189	14190
P97,3	14191	14192
P200,3	14193	14194
P66,3	14195	14196
P100,3	14197	14198
P102,3	14199	14200
P17,3	14201	14202
P120,3	14203	14204
P162,3	14205	14206
P143,3	14207	14208
P38,3	14209	14210
P4,3	14211	14212
P127,3	14213	14214
P64,3	14215	14216
P96,3	14217	14218
P99,3	14219	14220
P149,3	14221	14222
P184,3	14223	14224
P181,3	14225	14226
P61,3	14227	14228
P122,3	14229	14230
P111,3	14231	14232
P195,3	14233	14234
P173,3	14235	14236
P25,3	14237	14238
P107,3	14239	14240
P64,3	14241	14242
P96,3	14243	14244
P99,3	14245	14246
P149,3	14247	14248
P184,3	14249	14250
P181,3	14251	14252
P61,3	14253	14254
P122,3	14255	14256
P111,3	14257	14258
P195,3	14259	14260
P173,3	14261	14262
P25,3	14263	14264
P107,3	14265	14266
P64,3	14267	14268
P96,3	14269	14270
P99,3	14271	14272
P149,3	14273	14274
P184,3	14275	14276
P181,3	14277	14278
P61,3	14279	14280
P122,3	14281	14282
P111,3	14283	14284
P143,3	14285	14286
P38,3	14287	14288
P4,3	14289	14290
P127,3	14291	14292
P81,3	14293	14294
P97,3	14295	14296
P149,3	14297	14298
P184,3	14299	14300
P181,3	14301	14302
P61,3	14303	14304
P120,3	14305	14306
P162,3	14307	14308
P173,3	14309	14310
P25,3	14311	14312
P107,3	14313	14314
P64,3	14315	14316
P96,3	14317	14318
P200,3	14319	14320
P66,3	14321	14322
P100,3	14323	14324
P102,3	14325	14326
P122,3	14327	14328
P111,3	14329	14330
P143,3	14331	14332
P38,3	14333	14334
P4,3	14335	14336
P127,3	14337	14338
P81,3	14339	14340
P97,3	14341	14342
P149,3	14343	14344
P100,3	14345	14346
P102,3	14347	14348
P122,3	14349	14350
P111,3	14351	14352
P143,3	14353	14354
P38,3	14355	14356
P4,3	14357	14358
P127,3	14359	14360
P81,3	14361	14362
P97,3	14363	14364
P149,3	14365	14366
P100,3	14367	14368
P102,3	14369	14370
P122,3	14371	14372
P111,3	14373	14374
P143,3	14375	14376
P38,3	14377	14378
P4,3	14379	14380
P127,3	14381	14382
P81,3	14383	14384
P97,3	14385	14385
P149,3	14386	14387
P100,3	14388	14389
P102,3	14390	14391
P122,3	14392	14393
P111,3	14394	14395
P143,3	14396	14397
P38,3	14398	14399
P4,3	14400	14401
P127,3	14402	14403
P81,3	14404	14405
P200,3	14406	14407
P66,3	14408	14409
P181,3	14410	14411
P61,3	14412	14413
P111,3	14414	14415
P143,3	14416	14417
P38,3	14418	14419
P4,3	14420	14421
P127,3	14422	14423
P81,3	14424	14425
P200,3	14426	14427
P100,3	14428	14429
P61,3	14430	14431
P111,3	14432	14433
P143,3	14434	14435
P38,3	14436	14437
P4,3	14438	14439
P127,3	14440	14441
P81,3	14442	14443
P200,3	14444	14445
P100,3	14446	14447
P61,3	14448	14449
P111,3	14450	14451
P143,3	14452	14453
P38,3	14454	14455
P4,3	14456	14457
P127,3	14458	14459
P81,3	14460	14461
P200,3	14462	14463
P100,3	14464	14465
P61,3	14466	14467
P162,3	14468	14469
P173,3	14470	14471
P4,3	14472	14473
P127,3	14474	14475
P81,3	14476	14476
P200,3	14477	14478
P100,3	14479	14480
P61,3	14481	14482
P162,3	14483	14484
P173,3	14485	14486
P4,3	14487	14488
P127,3	14489	14490
P96,3	14491	14492
P149,3	14493	14494
P181,3	14495	14496
P162,3	14497	14498
P173,3	14499	14500
P4,3	14501	14502
P127,3	14503	14504
P96,3	14505	14506
P149,3	14507	14508
P181,3	14509	14510
P162,3	14511	14512
P173,3	14513	14514
P4,3	14515	14515
P107,3	14516	14517
P64,3	14518	14518
P200,3	14519	14520
P100,3	14521	14522
P111,3	14523	14524
P143,3	14525	14526
P25,3	14527	14528
P127,3	14529	14530
P200,3	14531	14532
P100,3	14533	14534
P111,3	14535	14536
P143,3	14537	14538
P107,3	14539	14540
P96,3	14541	14542
P100,3	14543	14544
P111,3	14545	14546
P143,3	14547	14548
P127,3	14549	14550
P200,3	14551	14552
P181,3	14553	14554
P162,3	14555	14556
P107,3	14557	14558
P96,3	14559	14560
P100,3	14561	14562
P111,3	14563	14564
P143,3	14565	14566
P127,3	14567	14568
P200,3	14569	14570
P181,3	14571	14572
P162,3	14573	14574
P107,3	14575	14576
P96,3	14577	14578
P100,3	14579	14580
P162,3	14581	14582
P127,3	14583	14584
P100,3	14585	14585
P181,3	14586	14587
P107,3	14588	14589
P200,3	14590	14591
P162,3	14592	14593
P127,3	14594	14595
P181,3	14596	14597
P107,3	14598	14599
P200,3	14600	14601
P162,3	14602	14603
P127,3	14604	14605
P181,3	14606	14607
P107,3	14608	14609
P200,3	14610	14611
P162,3	14612	14613
P127,3	14614	14615
P181,3	14616	14617
P107,3	14618	14619
P200,3	14620	14621
P162,3	14622	14623
P127,3	14624	14625
P181,3	14626	14627
P107,3	14628	14629
P200,3	14630	14631
P162,3	14632	14633
P127,3	14634	14635
P181,3	14636	14637
P107,3	14638	14639
P200,3	14640	14641
P162,3	14642	14643
P127,3	14644	14645
P181,3	14646	14647
P107,3	14648	14649
P200,3	14650	14651
P162,3	14652	14653
P127,3	14654	14655
P181,3	14656	14657
P107,3	14658	14659
P200,3	14660	14661
P162,3	14662	14663
P200,3	14664	14665
P127,3	14666	14667
P162,3	14668	14669
P200,3	14670	14671
P127,3	14672	14681
