CPU0
P1,1	0	2
P2,1	3	4
P4,1	5	5
P3,1	6	6
P2,1	7	7
P4,1	8	8
P2,1	9	9
P4,1	10	10
P2,1	11	11
P4,1	12	12
P2,1	13	13
P5,1	14	17
P6,1	18	18
P7,1	19	19
P6,1	20	20
P8,1	23	23
P9,1	24	24
P10,1	27	28
P1,2	30	30
P11,1	31	32
P12,1	33	35
P13,1	36	38
P14,1	39	39
P12,1	40	40
P13,1	41	41
P17,1	42	42
P12,1	43	43
P2,2	44	44
P4,2	45	45
P17,1	46	46
P2,2	47	47
P19,1	48	48
P8,2	49	49
P18,1	50	50
P8,2	51	51
P18,1	52	52
P20,1	53	53
P17,1	54	54
P7,2	55	55
P20,1	56	56
P21,1	57	58
P1,3	59	59
P22,1	60	60
P1,3	61	61
P22,1	62	62
P21,1	63	63
P23,1	64	64
P21,1	65	65
P23,1	66	66
P21,1	67	67
P13,2	68	68
P21,1	69	69
P24,1	70	70
P13,2	71	71
P10,2	72	72
P3,2	73	73
P24,1	74	74
P10,2	75	75
P24,1	76	76
P6,2	77	77
P10,2	78	78
P24,1	79	79
P9,2	80	80
P17,2	81	81
P26,1	82	82
P24,1	83	83
P27,1	84	84
P15,2	85	85
P25,1	86	86
P12,2	87	87
P18,2	88	88
P27,1	89	89
P15,2	90	90
P26,1	91	91
P30,1	92	92
P11,2	93	93
P28,1	94	94
P16,2	95	95
P9,2	96	96
P17,2	97	97
P29,1	98	98
P31,1	99	99
P12,2	100	100
P8,3	101	101
P3,3	102	102
P15,2	103	103
P26,1	104	104
P29,1	105	105
P33,1	106	106
P31,1	107	107
P34,1	108	108
P18,2	109	109
P27,1	110	110
P6,3	111	111
P9,2	112	112
P17,2	113	113
P4,3	114	114
P29,1	115	115
P33,1	116	116
P7,3	117	117
P31,1	118	118
P20,2	119	119
P36,1	120	120
P8,3	121	121
P27,1	122	122
P5,3	123	123
P6,3	124	124
P9,2	125	125
P37,1	126	126
P19,2	127	127
P33,1	128	128
P11,3	129	129
P23,2	130	130
P32,1	131	131
P34,1	132	132
P28,2	133	133
P39,1	134	134
P1,4	135	135
P2,3	136	136
P41,1	137	137
P6,3	138	138
P25,2	139	139
P42,1	140	140
P4,3	141	141
P35,1	142	142
P22,2	143	143
P11,3	144	144
P44,1	145	145
P23,2	146	146
P16,3	147	147
P34,1	148	148
P46,1	149	149
P28,2	150	150
P1,4	151	151
P47,1	152	152
P6,3	153	153
P25,2	154	154
P37,1	155	155
P43,1	156	156
P35,1	157	157
P22,2	158	158
P11,3	159	159
P44,1	160	160
P49,1	161	161
P45,1	162	162
P16,3	163	163
P34,1	164	164
P46,1	165	165
P28,2	166	166
P51,1	167	167
P40,1	168	168
P47,1	169	169
P6,3	170	170
P25,2	171	171
P52,1	172	172
P20,3	173	173
P24,2	174	174
P33,1	175	175
P38,2	176	176
P12,3	177	177
P53,1	178	178
P49,1	179	179
P45,1	180	180
P16,3	181	181
P13,3	182	182
P15,3	183	183
P30,2	184	184
P17,3	185	185
P39,1	186	186
P51,1	187	187
P40,1	188	188
P56,1	189	189
P41,1	190	190
P3,3	191	191
P25,2	192	192
P52,1	193	193
P43,1	194	194
P35,1	195	195
P37,2	196	196
P36,2	197	197
P12,3	198	198
P14,3	199	199
P58,1	200	200
P31,2	201	201
P34,1	202	202
P54,1	203	203
P19,3	204	204
P15,3	205	205
P60,1	206	206
P26,2	207	207
P28,2	208	208
P55,1	209	209
P51,1	210	210
P61,1	211	211
P47,1	212	212
P4,4	213	213
P6,3	214	214
P3,3	215	215
P42,1	216	216
P52,1	217	217
P43,1	218	218
P35,1	219	219
P37,2	220	220
P36,2	221	221
P64,1	222	222
P12,3	223	223
P66,1	224	224
P45,1	225	225
P31,2	226	226
P67,1	227	227
P54,1	228	228
P19,3	229	229
P68,1	230	230
P46,1	231	231
P60,1	232	232
P26,2	233	233
P49,2	234	234
P39,1	235	235
P2,4	236	236
P51,1	237	237
P61,1	238	238
P62,1	239	239
P4,4	240	240
P50,2	241	241
P70,1	242	242
P27,2	243	243
P42,1	244	244
P20,3	245	245
P57,1	246	246
P35,1	247	247
P44,2	248	248
P36,2	249	249
P64,1	250	250
P12,3	251	251
P38,3	252	252
P45,1	253	253
P31,2	254	254
P67,1	255	255
P59,1	256	256
P30,3	257	257
P8,4	258	258
P68,1	259	259
P74,1	260	260
P76,1	261	261
P77,1	262	262
P16,4	263	263
P26,2	264	264
P21,4	265	265
P28,2	266	266
P58,2	267	267
P69,1	268	268
P51,1	269	269
P61,1	270	270
P62,1	271	271
P79,1	272	272
P41,1	273	273
P70,1	274	274
P27,2	275	275
P42,1	276	276
P11,4	277	277
P24,3	278	278
P25,3	279	279
P71,1	280	280
P36,2	281	281
P65,1	282	282
P66,1	283	283
P38,3	284	284
P45,1	285	285
P23,3	286	286
P67,1	287	287
P82,1	288	288
P43,2	289	289
P22,3	290	290
P19,3	291	291
P8,4	292	292
P84,1	293	293
P74,1	294	294
P52,2	295	295
P6,4	296	296
P18,3	297	297
P16,4	298	298
P7,5	299	299
P28,2	300	300
P58,2	301	301
P86,1	302	302
P78,1	303	303
P29,2	304	304
P56,1	305	305
P48,2	306	306
P79,1	307	307
P63,2	308	308
P3,4	309	309
P53,2	310	310
P40,2	311	311
P50,3	312	312
P11,4	313	313
P24,3	314	314
P34,2	315	315
P44,2	316	316
P33,2	317	317
P39,2	318	318
P9,3	319	319
P14,4	320	320
P38,3	321	321
P45,1	322	322
P90,1	323	323
P23,3	324	324
P64,2	325	325
P54,1	326	326
P13,4	327	327
P22,3	328	328
P83,1	329	329
P60,2	330	330
P73,1	331	331
P68,1	332	332
P46,2	333	333
P75,1	334	334
P6,4	335	335
P85,1	336	336
P1,5	337	337
P49,2	338	338
P94,1	339	339
P95,1	340	340
P51,2	341	341
P2,4	342	342
P42,2	343	343
P47,2	344	344
P37,3	345	345
P61,1	346	346
P98,1	347	347
P62,1	348	348
P87,1	349	349
P21,5	350	350
P4,4	351	351
P3,4	352	352
P53,2	353	353
P12,4	354	354
P88,1	355	355
P50,3	356	356
P101,1	357	357
P80,1	358	358
P10,4	359	359
P17,4	360	360
P25,3	361	361
P71,1	362	362
P69,2	363	363
P9,3	364	364
P103,1	365	365
P38,3	366	366
P104,1	367	367
P106,1	368	368
P23,3	369	369
P28,3	370	370
P13,4	371	371
P7,6	372	372
P19,3	373	373
P63,3	374	374
P91,1	375	375
P8,4	376	376
P84,1	377	377
P92,1	378	378
P46,2	379	379
P18,4	380	380
P76,1	381	381
P77,1	382	382
P110,1	383	383
P35,2	384	384
P93,1	385	385
P111,1	386	386
P96,1	387	387
P51,2	388	388
P2,4	389	389
P42,2	390	390
P112,1	391	391
P47,2	392	392
P90,2	393	393
P29,2	394	394
P61,1	395	395
P113,1	396	396
P56,1	397	397
P114,1	398	398
P99,1	399	399
P79,1	400	400
P4,4	401	401
P14,5	402	402
P70,1	403	403
P115,1	404	404
P88,1	405	405
P50,3	406	406
P101,1	407	407
P24,3	408	408
P10,4	409	409
P43,3	410	410
P34,2	411	411
P71,1	412	412
P69,2	413	413
P82,2	414	414
P81,1	415	415
P72,1	416	416
P105,1	417	417
P32,2	418	418
P118,1	419	419
P58,3	420	420
P7,6	421	421
P119,1	422	422
P19,3	423	423
P36,3	424	424
P91,1	425	425
P54,2	426	426
P73,1	427	427
P68,1	428	428
P109,1	429	429
P46,2	430	430
P18,4	431	431
P6,4	432	432
P40,3	433	433
P16,4	434	434
P1,5	435	435
P49,2	436	436
P111,1	437	437
P65,2	438	438
P59,2	439	439
P124,1	440	440
P51,2	441	441
P125,1	442	442
P27,3	443	443
P15,4	444	444
P126,1	445	445
P41,2	446	446
P47,2	447	447
P94,2	448	448
P37,3	449	449
P33,3	450	450
P113,1	451	451
P39,3	452	452
P114,1	453	453
P99,1	454	454
P128,1	455	455
P129,1	456	456
P52,3	457	457
P70,1	458	458
P12,4	459	459
P130,1	460	460
P25,4	461	461
P24,3	462	462
P133,1	463	463
P102,2	464	464
P26,3	465	465
P17,4	466	466
P44,2	467	467
P67,2	468	468
P117,1	469	469
P66,3	470	470
P103,1	471	471
P9,4	472	472
P38,3	473	473
P104,1	474	474
P138,1	475	475
P105,1	476	476
P62,2	477	477
P85,2	478	478
P28,3	479	479
P107,1	480	480
P19,3	481	481
P140,1	482	482
P57,3	483	483
P91,1	484	484
P23,4	485	485
P141,1	486	486
P68,1	487	487
P143,1	488	488
P50,4	489	489
P121,1	490	490
P18,4	491	491
P144,1	492	492
P145,1	493	493
P16,4	494	494
P146,1	495	495
P1,5	496	496
P116,2	497	497
P93,1	498	498
P95,1	499	499
P65,2	500	500
P76,2	501	501
P123,1	502	502
P89,2	503	503
P48,3	504	504
P2,4	505	505
P58,4	506	506
P112,1	507	507
P41,2	508	508
P7,7	509	509
P149,1	510	510
P90,2	511	511
P127,1	512	512
P20,4	513	513
P29,3	514	514
P101,2	515	515
P113,1	516	516
P150,1	517	517
P152,1	518	518
P114,1	519	519
P99,1	520	520
P128,1	521	521
P129,1	522	522
P153,1	523	523
P73,2	524	524
P14,5	525	525
P10,5	526	526
P115,1	527	527
P130,1	528	528
P3,5	529	529
P25,4	530	530
P24,3	531	531
P133,1	532	532
P102,2	533	533
P155,1	534	534
P17,4	535	535
P44,2	536	536
P67,2	537	537
P117,1	538	538
P156,1	539	539
P66,3	540	540
P158,1	541	541
P51,3	542	542
P159,1	543	543
P161,1	544	544
P64,3	545	545
P72,1	546	546
P104,1	547	547
P162,1	548	548
P13,5	549	549
P105,1	550	550
P62,2	551	551
P77,2	552	552
P63,4	553	553
P139,1	554	554
P119,1	555	555
P108,1	556	556
P36,3	557	557
P42,3	558	558
P47,3	559	559
P60,2	560	560
P23,4	561	561
P88,2	562	562
P142,1	563	563
P92,1	564	564
P50,4	565	565
P6,5	566	566
P46,2	567	567
P18,4	568	568
P166,1	569	569
P168,1	570	570
P169,1	571	571
P40,3	572	572
P16,4	573	573
P170,1	574	574
P172,1	575	575
P56,2	576	576
P34,3	577	577
P111,1	578	578
P11,5	579	579
P96,1	580	580
P79,2	581	581
P123,1	582	582
P125,1	583	583
P48,3	584	584
P38,4	585	585
P174,1	586	586
P58,4	587	587
P112,1	588	588
P41,2	589	589
P7,7	590	590
P175,1	591	591
P94,2	592	592
P127,1	593	593
P176,1	594	594
P29,3	595	595
P120,2	596	596
P150,1	597	597
P177,1	598	598
P100,2	599	599
P99,1	600	600
P45,2	601	601
P122,2	602	602
P31,3	603	603
P81,2	604	604
P52,3	605	605
P14,5	606	606
P179,1	607	607
P35,3	608	608
P8,5	609	609
P182,1	610	610
P12,4	611	611
P130,1	612	612
P183,1	613	613
P84,2	614	614
P55,3	615	615
P80,2	616	616
P132,1	617	617
P185,1	618	618
P83,2	619	619
P26,3	620	620
P22,4	621	621
P19,4	622	622
P69,2	623	623
P156,1	624	624
P66,3	625	625
P54,3	626	626
P136,1	627	627
P159,1	628	628
P9,4	629	629
P1,6	630	630
P74,2	631	631
P104,1	632	632
P189,1	633	633
P162,1	634	634
P118,2	635	635
P62,2	636	636
P77,2	637	637
P191,1	638	638
P107,1	639	639
P119,1	640	640
P2,5	641	641
P36,3	642	642
P42,3	643	643
P47,3	644	644
P193,1	645	645
P117,2	646	646
P164,1	647	647
P195,1	648	648
P23,4	649	649
P33,4	650	650
P141,1	651	651
P196,1	652	652
P143,1	653	653
P109,1	654	654
P6,5	655	655
P131,2	656	656
P199,1	657	657
P200,1	658	658
P168,1	659	659
P169,1	660	660
P40,3	661	661
P97,3	662	662
P171,1	663	663
P172,1	664	664
P56,2	665	665
P71,2	666	666
P34,3	667	667
P157,2	668	668
P95,1	669	669
P173,1	670	670
P139,2	671	671
P76,2	672	672
P39,4	673	673
P125,1	674	674
P48,3	675	675
P38,4	676	676
P174,1	677	677
P44,3	678	678
P126,1	679	679
P41,2	680	680
P105,2	681	681
P175,1	682	682
P94,2	683	683
P53,3	684	684
P176,1	685	685
P17,5	686	686
P57,4	687	687
P120,2	688	688
P88,3	689	689
P150,1	690	690
P177,1	691	691
P108,2	692	692
P114,1	693	693
P128,1	694	694
P178,1	695	695
P46,3	696	696
P129,1	697	697
P73,2	698	698
P43,4	699	699
P14,5	700	700
P110,2	701	701
P180,1	702	702
P10,5	703	703
P181,1	704	704
P115,1	705	705
P146,2	706	706
P130,1	707	707
P183,1	708	708
P84,2	709	709
P55,3	710	710
P80,2	711	711
P134,1	712	712
P83,2	713	713
P186,1	714	714
P22,4	715	715
P127,2	716	716
P69,2	717	717
P156,1	718	718
P16,5	719	719
P82,2	720	720
P51,3	721	721
P49,3	722	722
P161,1	723	723
P188,1	724	724
P1,6	725	725
P104,1	726	726
P189,1	727	727
P162,1	728	728
P118,2	729	729
P62,2	730	730
P77,2	731	731
P63,4	732	732
P29,4	733	733
P2,5	734	734
P67,3	735	735
P65,3	736	736
P59,3	737	737
P91,1	738	738
P8,6	739	739
P60,2	740	740
P164,1	741	741
P195,1	742	742
P23,4	743	743
P31,4	744	744
P30,5	745	745
P142,1	746	746
P26,4	747	747
P50,4	748	748
P197,1	749	749
P121,1	750	750
P198,1	751	751
P18,4	752	752
P200,1	753	753
P168,1	754	754
P169,1	755	755
P153,2	756	756
P133,2	757	757
P171,1	758	758
P172,1	759	759
P56,2	760	760
P71,2	761	761
P34,3	762	762
P157,2	763	763
P95,1	764	764
P173,1	765	765
P139,2	766	766
P74,3	767	767
P79,2	768	768
P39,4	769	769
P125,1	770	770
P48,3	771	771
P38,4	772	772
P44,3	773	773
P37,5	774	774
P126,1	775	775
P41,2	776	776
P149,1	777	777
P90,2	778	778
P64,4	779	779
P176,1	780	780
P119,2	781	781
P101,2	782	782
P75,2	783	783
P32,3	784	784
P166,2	785	785
P151,1	786	786
P152,1	787	787
P100,2	788	788
P99,1	789	789
P45,2	790	790
P68,2	791	791
P122,2	792	792
P81,2	793	793
P52,3	794	794
P72,2	795	795
P4,5	796	796
P170,2	797	797
P35,3	798	798
P13,6	799	799
P181,1	800	800
P70,3	801	801
P12,4	802	802
P130,1	803	803
P183,1	804	804
P84,2	805	805
P87,3	806	806
P25,4	807	807
P80,2	808	808
P134,1	809	809
P83,2	810	810
P112,2	811	811
P127,2	812	812
P69,2	813	813
P156,1	814	814
P15,5	815	815
P82,2	816	816
P51,3	817	817
P49,3	818	818
P7,8	819	819
P9,4	820	820
P188,1	821	821
P1,6	822	822
P104,1	823	823
P189,1	824	824
P175,2	825	825
P179,2	826	826
P62,2	827	827
P77,2	828	828
P29,4	829	829
P2,5	830	830
P65,3	831	831
P59,3	832	832
P193,1	833	833
P117,2	834	834
P22,5	835	835
P194,1	836	836
P113,2	837	837
P31,4	838	838
P30,5	839	839
P142,1	840	840
P26,4	841	841
P50,4	842	842
P186,2	843	843
P131,2	844	844
P199,1	845	845
P24,4	846	846
P167,1	847	847
P144,1	848	848
P145,1	849	849
P153,2	850	850
P133,2	851	851
P21,6	852	852
P172,1	853	853
P116,2	854	854
P34,3	855	855
P157,2	856	856
P95,1	857	857
P28,4	858	858
P74,3	859	859
P79,2	860	860
P39,4	861	861
P103,2	862	862
P138,2	863	863
P38,4	864	864
P192,2	865	865
P58,4	866	866
P37,5	867	867
P126,1	868	868
P41,2	869	869
P63,5	870	870
P94,2	871	871
P158,2	872	872
P85,3	873	873
P176,1	874	874
P17,5	875	875
P75,2	876	876
P196,2	877	877
P88,3	878	878
P150,1	879	879
P23,5	880	880
P152,1	881	881
P100,2	882	882
P99,1	883	883
P125,2	884	884
P178,1	885	885
P46,3	886	886
P122,2	887	887
P81,2	888	888
P43,4	889	889
P4,5	890	890
P170,2	891	891
P35,3	892	892
P96,2	893	893
P27,4	894	894
P182,1	895	895
P70,3	896	896
P154,1	897	897
P184,1	898	898
P87,3	899	899
P25,4	900	900
P102,2	901	901
P20,5	902	902
P40,4	903	903
P5,7	904	904
P19,4	905	905
P187,1	906	906
P66,3	907	907
P51,3	908	908
P49,3	909	909
P160,3	910	910
P188,1	911	911
P12,5	912	912
P78,3	913	913
P137,1	914	914
P189,1	915	915
P72,3	916	916
P162,1	917	917
P118,2	918	918
P147,2	919	919
P191,1	920	920
P29,4	921	921
P2,5	922	922
P42,3	923	923
P8,6	924	924
P98,2	925	925
P101,3	926	926
P195,1	927	927
P113,2	928	928
P33,4	929	929
P141,1	930	930
P134,2	931	931
P143,1	932	932
P50,4	933	933
P186,2	934	934
P52,4	935	935
P198,1	936	936
P18,4	937	937
P200,1	938	938
P167,1	939	939
P144,1	940	940
P9,5	941	941
P16,6	942	942
P153,2	943	943
P133,2	944	944
P135,2	945	945
P140,2	946	946
P124,2	947	947
P34,3	948	948
P80,3	949	949
P161,2	950	950
P139,2	951	951
P74,3	952	952
P79,2	953	953
P48,3	954	954
P106,2	955	955
P44,3	956	956
P86,3	957	957
P126,1	958	958
P105,2	959	959
P149,1	960	960
P165,2	961	961
P64,4	962	962
P60,3	963	963
P176,1	964	964
P17,5	965	965
P142,2	966	966
P196,2	967	967
P88,3	968	968
P67,4	969	969
P150,1	970	970
P121,2	971	971
P152,1	972	972
P100,2	973	973
P128,1	974	974
P77,3	975	975
P68,2	976	976
P11,6	977	977
P36,4	978	978
P43,4	979	979
P4,5	980	980
P170,2	981	981
P192,3	982	982
P96,2	983	983
P92,3	984	984
P181,1	985	985
P182,1	986	986
P39,5	987	987
P130,1	988	988
P183,1	989	989
P184,1	990	990
P87,3	991	991
P97,4	992	992
P177,2	993	993
P112,2	994	994
P127,2	995	995
P156,1	996	996
P66,3	997	997
P51,3	998	998
P49,3	999	999
P160,3	1000	1000
P41,3	1001	1001
P89,3	1002	1002
P1,6	1003	1003
P103,3	1004	1004
P78,3	1005	1005
P137,1	1006	1006
P189,1	1007	1007
P75,3	1008	1008
P175,2	1009	1009
P179,2	1010	1010
P73,3	1011	1011
P62,2	1012	1012
P132,2	1013	1013
P29,4	1014	1014
P2,5	1015	1015
P8,6	1016	1016
P98,2	1017	1017
P194,1	1018	1018
P54,4	1019	1019
P31,4	1020	1020
P30,5	1021	1021
P141,1	1022	1022
P134,2	1023	1023
P143,1	1024	1024
P104,2	1025	1025
P25,5	1026	1026
P52,4	1027	1027
P198,1	1028	1028
P200,1	1029	1029
P167,1	1030	1030
P144,1	1031	1031
P145,1	1032	1032
P133,2	1033	1033
P5,8	1034	1034
P135,2	1035	1035
P42,4	1036	1036
P172,1	1037	1037
P116,2	1038	1038
P91,2	1039	1039
P157,2	1040	1040
P161,2	1041	1041
P139,2	1042	1042
P19,5	1043	1043
P76,2	1044	1044
P138,2	1045	1045
P106,2	1046	1046
P58,4	1047	1047
P47,4	1048	1048
P126,1	1049	1049
P105,2	1050	1050
P158,2	1051	1051
P64,4	1052	1052
P60,3	1053	1053
P176,1	1054	1054
P164,2	1055	1055
P120,2	1056	1056
P65,4	1057	1057
P32,3	1058	1058
P88,3	1059	1059
P67,4	1060	1060
P23,5	1061	1061
P152,1	1062	1062
P100,2	1063	1063
P125,2	1064	1064
P178,1	1065	1065
P46,3	1066	1066
P11,6	1067	1067
P43,4	1068	1068
P180,1	1069	1069
P35,3	1070	1070
P13,6	1071	1071
P27,4	1072	1072
P174,2	1073	1073
P93,2	1074	1074
P82,4	1075	1075
P183,1	1076	1076
P16,7	1077	1077
P184,1	1078	1078
P87,3	1079	1079
P97,4	1080	1080
P177,2	1081	1081
P9,6	1082	1082
P111,2	1083	1083
P149,2	1084	1084
P37,6	1085	1085
P187,1	1086	1086
P66,3	1087	1087
P51,3	1088	1088
P159,1	1089	1089
P160,3	1090	1090
P41,3	1091	1091
P12,5	1092	1092
P95,2	1093	1093
P94,3	1094	1094
P78,3	1095	1095
P137,1	1096	1096
P189,1	1097	1097
P196,3	1098	1098
P175,2	1099	1099
P179,2	1100	1100
P48,4	1101	1101
P150,2	1102	1102
P73,3	1103	1103
P62,2	1104	1104
P132,2	1105	1105
P29,4	1106	1106
P154,2	1107	1107
P8,6	1108	1108
P98,2	1109	1109
P194,1	1110	1110
P14,6	1111	1111
P122,3	1112	1112
P33,4	1113	1113
P45,3	1114	1114
P26,4	1115	1115
P104,2	1116	1116
P186,2	1117	1117
P69,3	1118	1118
P170,3	1119	1119
P15,6	1120	1120
P75,4	1121	1121
P168,1	1122	1122
P169,1	1123	1123
P133,2	1124	1124
P191,2	1125	1125
P124,2	1126	1126
P34,3	1127	1127
P80,3	1128	1128
P102,3	1129	1129
P28,4	1130	1130
P146,3	1131	1131
P74,3	1132	1132
P109,2	1133	1133
P130,2	1134	1134
P83,3	1135	1135
P89,4	1136	1136
P200,2	1137	1137
P20,6	1138	1138
P64,4	1139	1139
P71,3	1140	1140
P164,2	1141	1141
P172,2	1142	1142
P199,2	1143	1143
P32,3	1144	1144
P88,3	1145	1145
P59,4	1146	1146
P23,5	1147	1147
P50,5	1148	1148
P125,2	1149	1149
P134,3	1150	1150
P44,4	1151	1151
P38,5	1152	1152
P18,5	1153	1153
P180,1	1154	1154
P35,3	1155	1155
P13,6	1156	1156
P27,4	1157	1157
P145,2	1158	1158
P70,3	1159	1159
P82,4	1160	1160
P143,2	1161	1161
P126,2	1162	1162
P173,2	1163	1163
P63,6	1164	1164
P42,5	1165	1165
P184,1	1166	1166
P87,3	1167	1167
P97,4	1168	1168
P105,3	1169	1169
P40,4	1170	1170
P138,3	1171	1171
P140,3	1172	1172
P127,2	1173	1173
P37,6	1174	1174
P187,1	1175	1175
P86,4	1176	1176
P108,3	1177	1177
P159,1	1178	1178
P144,2	1179	1179
P100,3	1180	1180
P53,4	1181	1181
P103,3	1182	1182
P114,2	1183	1183
P78,3	1184	1184
P151,2	1185	1185
P189,1	1186	1186
P196,3	1187	1187
P175,2	1188	1188
P99,2	1189	1189
P48,4	1190	1190
P73,3	1191	1191
P147,2	1192	1192
P129,2	1193	1193
P17,6	1194	1194
P193,1	1195	1195
P117,2	1196	1196
P195,1	1197	1197
P54,4	1198	1198
P122,3	1199	1199
P30,5	1200	1200
P182,2	1201	1201
P26,4	1202	1202
P9,7	1203	1203
P25,5	1204	1204
P69,3	1205	1205
P170,3	1206	1206
P178,2	1207	1207
P75,4	1208	1208
P81,3	1209	1209
P188,2	1210	1210
P3,6	1211	1211
P5,8	1212	1212
P162,2	1213	1213
P112,3	1214	1214
P102,3	1215	1215
P139,2	1216	1216
P146,3	1217	1217
P24,6	1218	1218
P185,2	1219	1219
P1,7	1220	1220
P47,4	1221	1221
P89,4	1222	1222
P72,4	1223	1223
P200,2	1224	1224
P20,6	1225	1225
P104,3	1226	1226
P60,3	1227	1227
P136,2	1228	1228
P131,3	1229	1229
P199,2	1230	1230
P32,3	1231	1231
P41,4	1232	1232
P88,3	1233	1233
P107,3	1234	1234
P23,5	1235	1235
P12,6	1236	1236
P116,3	1237	1237
P77,3	1238	1238
P46,3	1239	1239
P135,3	1240	1240
P38,5	1241	1241
P18,5	1242	1242
P163,2	1243	1243
P161,3	1244	1244
P13,6	1245	1245
P27,4	1246	1246
P150,3	1247	1247
P186,3	1248	1248
P91,3	1249	1249
P70,3	1250	1250
P82,4	1251	1251
P143,2	1252	1252
P126,2	1253	1253
P63,6	1254	1254
P42,5	1255	1255
P84,2	1256	1256
P28,5	1257	1257
P56,3	1258	1258
P177,2	1259	1259
P40,4	1260	1260
P124,3	1261	1261
P111,2	1262	1262
P140,3	1263	1263
P127,2	1264	1264
P37,6	1265	1265
P153,3	1266	1266
P142,3	1267	1267
P152,2	1268	1268
P160,3	1269	1269
P95,2	1270	1270
P103,3	1271	1271
P166,3	1272	1272
P114,2	1273	1273
P78,3	1274	1274
P151,2	1275	1275
P50,6	1276	1276
P196,3	1277	1277
P175,2	1278	1278
P99,2	1279	1279
P184,2	1280	1280
P90,3	1281	1281
P132,2	1282	1282
P129,2	1283	1283
P17,6	1284	1284
P187,2	1285	1285
P16,8	1286	1286
P194,1	1287	1287
P122,3	1288	1288
P128,2	1289	1289
P155,2	1290	1290
P10,6	1291	1291
P51,4	1292	1292
P108,4	1293	1293
P52,4	1294	1294
P69,3	1295	1295
P170,3	1296	1296
P178,2	1297	1297
P75,4	1298	1298
P188,2	1299	1299
P133,2	1300	1300
P192,4	1301	1301
P191,2	1302	1302
P112,3	1303	1303
P156,2	1304	1304
P19,5	1305	1305
P24,6	1306	1306
P185,2	1307	1307
P1,7	1308	1308
P8,7	1309	1309
P14,7	1310	1310
P2,6	1311	1311
P72,4	1312	1312
P45,4	1313	1313
P104,3	1314	1314
P60,3	1315	1315
P164,2	1316	1316
P172,2	1317	1317
P199,2	1318	1318
P32,3	1319	1319
P41,4	1320	1320
P88,3	1321	1321
P118,3	1322	1322
P98,3	1323	1323
P123,2	1324	1324
P31,5	1325	1325
P125,2	1326	1326
P46,3	1327	1327
P38,5	1328	1328
P169,2	1329	1329
P163,2	1330	1330
P96,2	1331	1331
P92,3	1332	1332
P73,4	1333	1333
P150,3	1334	1334
P186,3	1335	1335
P91,3	1336	1336
P70,3	1337	1337
P66,5	1338	1338
P79,3	1339	1339
P137,3	1340	1340
P141,3	1341	1341
P63,6	1342	1342
P58,5	1343	1343
P87,3	1344	1344
P28,5	1345	1345
P158,3	1346	1346
P124,3	1347	1347
P71,4	1348	1348
P167,2	1349	1349
P149,2	1350	1350
P120,3	1351	1351
P165,3	1352	1352
P62,4	1353	1353
P144,2	1354	1354
P100,3	1355	1355
P160,3	1356	1356
P95,2	1357	1357
P94,3	1358	1358
P47,5	1359	1359
P174,3	1360	1360
P65,5	1361	1361
P151,2	1362	1362
P50,6	1363	1363
P4,6	1364	1364
P67,5	1365	1365
P181,2	1366	1366
P184,2	1367	1367
P180,2	1368	1368
P59,5	1369	1369
P106,3	1370	1370
P177,3	1371	1371
P154,2	1372	1372
P56,4	1373	1373
P134,4	1374	1374
P122,3	1375	1375
P128,2	1376	1376
P135,4	1377	1377
P26,4	1378	1378
P108,4	1379	1379
P52,4	1380	1380
P110,3	1381	1381
P39,6	1382	1382
P178,2	1383	1383
P81,3	1384	1384
P3,6	1385	1385
P93,3	1386	1386
P162,2	1387	1387
P176,3	1388	1388
P102,3	1389	1389
P190,2	1390	1390
P24,6	1391	1391
P185,2	1392	1392
P1,7	1393	1393
P8,7	1394	1394
P142,4	1395	1395
P89,4	1396	1396
P105,4	1397	1397
P200,2	1398	1398
P55,4	1399	1399
P10,7	1400	1400
P68,4	1401	1401
P147,3	1402	1402
P164,2	1403	1403
P172,2	1404	1404
P155,3	1405	1405
P30,6	1406	1406
P194,2	1407	1407
P159,2	1408	1408
P118,3	1409	1409
P153,4	1410	1410
P23,5	1411	1411
P31,5	1412	1412
P189,3	1413	1413
P77,3	1414	1414
P11,6	1415	1415
P18,5	1416	1416
P161,3	1417	1417
P85,5	1418	1418
P193,2	1419	1419
P150,3	1420	1420
P129,3	1421	1421
P2,7	1422	1422
P157,3	1423	1423
P119,3	1424	1424
P79,3	1425	1425
P51,5	1426	1426
P137,3	1427	1427
P141,3	1428	1428
P58,5	1429	1429
P87,3	1430	1430
P28,5	1431	1431
P158,3	1432	1432
P124,3	1433	1433
P131,4	1434	1434
P71,4	1435	1435
P167,2	1436	1436
P149,2	1437	1437
P120,3	1438	1438
P96,3	1439	1439
P62,4	1440	1440
P152,2	1441	1441
P100,3	1442	1442
P53,4	1443	1443
P183,2	1444	1444
P80,4	1445	1445
P174,3	1446	1446
P123,3	1447	1447
P57,5	1448	1448
P151,2	1449	1449
P50,6	1450	1450
P4,6	1451	1451
P113,4	1452	1452
P181,2	1453	1453
P145,3	1454	1454
P180,2	1455	1455
P59,5	1456	1456
P106,3	1457	1457
P17,6	1458	1458
P187,2	1459	1459
P64,5	1460	1460
P54,4	1461	1461
P122,3	1462	1462
P27,5	1463	1463
P135,4	1464	1464
P9,7	1465	1465
P108,4	1466	1466
P168,3	1467	1467
P110,3	1468	1468
P127,3	1469	1469
P97,5	1470	1470
P75,4	1471	1471
P3,6	1472	1472
P93,3	1473	1473
P162,2	1474	1474
P48,5	1475	1475
P102,3	1476	1476
P190,2	1477	1477
P24,6	1478	1478
P160,4	1479	1479
P130,2	1480	1480
P14,7	1481	1481
P89,4	1482	1482
P72,4	1483	1483
P200,2	1484	1484
P55,4	1485	1485
P34,5	1486	1486
P104,3	1487	1487
P90,4	1488	1488
P35,5	1489	1489
P103,4	1490	1490
P171,3	1491	1491
P199,2	1492	1492
P197,2	1493	1493
P15,7	1494	1494
P175,3	1495	1495
P118,3	1496	1496
P165,4	1497	1497
P29,5	1498	1498
P12,6	1499	1499
P189,3	1500	1500
P179,3	1501	1501
P112,4	1502	1502
P44,4	1503	1503
P11,6	1504	1504
P161,3	1505	1505
P85,5	1506	1506
P81,4	1507	1507
P193,2	1508	1508
P150,3	1509	1509
P129,3	1510	1510
P2,7	1511	1511
P26,5	1512	1512
P119,3	1513	1513
P79,3	1514	1514
P51,5	1515	1515
P109,3	1516	1516
P143,2	1517	1517
P52,5	1518	1518
P58,5	1519	1519
P146,4	1520	1520
P19,6	1521	1521
P56,5	1522	1522
P138,3	1523	1523
P131,4	1524	1524
P71,4	1525	1525
P140,3	1526	1526
P120,3	1527	1527
P32,4	1528	1528
P152,2	1529	1529
P23,6	1530	1530
P91,4	1531	1531
P95,2	1532	1532
P94,3	1533	1533
P80,4	1534	1534
P174,3	1535	1535
P123,3	1536	1536
P57,5	1537	1537
P18,6	1538	1538
P50,6	1539	1539
P164,3	1540	1540
P67,5	1541	1541
P181,2	1542	1542
P145,3	1543	1543
P180,2	1544	1544
P87,4	1545	1545
P177,3	1546	1546
P154,2	1547	1547
P187,2	1548	1548
P116,4	1549	1549
P54,4	1550	1550
P122,3	1551	1551
P182,2	1552	1552
P61,4	1553	1553
P108,4	1554	1554
P141,4	1555	1555
P49,4	1556	1556
P170,3	1557	1557
P127,3	1558	1558
P97,5	1559	1559
P133,4	1560	1560
P188,2	1561	1561
P76,4	1562	1562
P192,4	1563	1563
P191,2	1564	1564
P176,3	1565	1565
P190,2	1566	1566
P144,3	1567	1567
P160,4	1568	1568
P130,2	1569	1569
P14,7	1570	1570
P105,4	1571	1571
P72,4	1572	1572
P200,2	1573	1573
P37,7	1574	1574
P55,4	1575	1575
P34,5	1576	1576
P104,3	1577	1577
P90,4	1578	1578
P35,5	1579	1579
P103,4	1580	1580
P171,3	1581	1581
P30,6	1582	1582
P15,7	1583	1583
P136,4	1584	1584
P118,3	1585	1585
P139,4	1586	1586
P166,4	1587	1587
P153,4	1588	1588
P12,6	1589	1589
P189,3	1590	1590
P128,3	1591	1591
P44,4	1592	1592
P161,3	1593	1593
P73,4	1594	1594
P74,4	1595	1595
P99,3	1596	1596
P150,3	1597	1597
P129,3	1598	1598
P24,7	1599	1599
P186,3	1600	1600
P119,3	1601	1601
P79,3	1602	1602
P51,5	1603	1603
P132,3	1604	1604
P137,3	1605	1605
P63,6	1606	1606
P33,6	1607	1607
P146,4	1608	1608
P19,6	1609	1609
P111,4	1610	1610
P56,5	1611	1611
P83,4	1612	1612
P46,4	1613	1613
P71,4	1614	1614
P175,4	1615	1615
P149,2	1616	1616
P96,3	1617	1617
P62,4	1618	1618
P115,3	1619	1619
P100,3	1620	1620
P169,3	1621	1621
P95,2	1622	1622
P8,8	1623	1623
P47,5	1624	1624
P174,3	1625	1625
P123,3	1626	1626
P57,5	1627	1627
P18,6	1628	1628
P196,3	1629	1629
P4,6	1630	1630
P88,4	1631	1631
P84,3	1632	1632
P184,2	1633	1633
P126,3	1634	1634
P59,5	1635	1635
P11,7	1636	1636
P70,4	1637	1637
P16,8	1638	1638
P116,4	1639	1639
P60,4	1640	1640
P27,5	1641	1641
P135,4	1642	1642
P61,4	1643	1643
P108,4	1644	1644
P5,10	1645	1645
P26,6	1646	1646
P39,6	1647	1647
P97,5	1648	1648
P163,3	1649	1649
P188,2	1650	1650
P138,4	1651	1651
P93,3	1652	1652
P162,2	1653	1653
P48,5	1654	1654
P190,2	1655	1655
P144,3	1656	1656
P160,4	1657	1657
P130,2	1658	1658
P89,4	1659	1659
P72,4	1660	1660
P45,4	1661	1661
P134,5	1662	1662
P78,4	1663	1663
P10,7	1664	1664
P90,4	1665	1665
P121,6	1666	1666
P172,2	1667	1667
P155,3	1668	1668
P30,6	1669	1669
P159,2	1670	1670
P118,3	1671	1671
P139,4	1672	1672
P166,4	1673	1673
P153,4	1674	1674
P12,6	1675	1675
P189,3	1676	1676
P112,4	1677	1677
P185,3	1678	1678
P20,9	1679	1679
P73,4	1680	1680
P170,4	1681	1681
P193,2	1682	1682
P156,3	1683	1683
P150,3	1684	1684
P129,3	1685	1685
P24,7	1686	1686
P119,3	1687	1687
P75,5	1688	1688
P35,6	1689	1689
P69,4	1690	1690
P132,3	1691	1691
P171,4	1692	1692
P54,5	1693	1693
P197,3	1694	1694
P33,6	1695	1695
P146,4	1696	1696
P158,3	1697	1697
P125,3	1698	1698
P194,3	1699	1699
P46,4	1700	1700
P105,5	1701	1701
P140,3	1702	1702
P96,3	1703	1703
P176,4	1704	1704
P136,5	1705	1705
P152,2	1706	1706
P23,6	1707	1707
P91,4	1708	1708
P3,7	1709	1709
P186,4	1710	1710
P79,4	1711	1711
P80,4	1712	1712
P174,3	1713	1713
P85,6	1714	1714
P18,6	1715	1715
P157,4	1716	1716
P164,3	1717	1717
P88,4	1718	1718
P84,3	1719	1719
P137,4	1720	1720
P180,2	1721	1721
P87,4	1722	1722
P177,3	1723	1723
P70,4	1724	1724
P16,8	1725	1725
P116,4	1726	1726
P60,4	1727	1727
P182,2	1728	1728
P124,4	1729	1729
P141,4	1730	1730
P98,4	1731	1731
P127,3	1732	1732
P92,4	1733	1733
P178,2	1734	1734
P163,3	1735	1735
P179,4	1736	1736
P113,5	1737	1737
P138,4	1738	1738
P148,3	1739	1739
P52,6	1740	1740
P190,2	1741	1741
P144,3	1742	1742
P160,4	1743	1743
P130,2	1744	1744
P89,4	1745	1745
P28,6	1746	1746
P82,5	1747	1747
P37,7	1748	1748
P134,5	1749	1749
P78,4	1750	1750
P68,4	1751	1751
P147,3	1752	1752
P151,3	1753	1753
P94,4	1754	1754
P30,6	1755	1755
P159,2	1756	1756
P118,3	1757	1757
P139,4	1758	1758
P123,4	1759	1759
P53,5	1760	1760
P12,6	1761	1761
P95,3	1762	1762
P112,4	1763	1763
P93,4	1764	1764
P20,9	1765	1765
P81,4	1766	1766
P170,4	1767	1767
P200,3	1768	1768
P110,4	1769	1769
P101,4	1770	1770
P61,5	1771	1771
P117,3	1772	1772
P2,7	1773	1773
P66,5	1774	1774
P75,5	1775	1775
P35,6	1776	1776
P25,6	1777	1777
P171,4	1778	1778
P76,5	1779	1779
P197,3	1780	1780
P19,6	1781	1781
P189,4	1782	1782
P56,5	1783	1783
P131,4	1784	1784
P77,4	1785	1785
P71,4	1786	1786
P96,3	1787	1787
P176,4	1788	1788
P136,5	1789	1789
P74,5	1790	1790
P115,3	1791	1791
P91,4	1792	1792
P104,4	1793	1793
P183,2	1794	1794
P44,5	1795	1795
P8,8	1796	1796
P174,3	1797	1797
P18,6	1798	1798
P157,4	1799	1799
P164,3	1800	1800
P181,2	1801	1801
P137,4	1802	1802
P180,2	1803	1803
P87,4	1804	1804
P103,5	1805	1805
P195,3	1806	1806
P199,3	1807	1807
P172,3	1808	1808
P27,5	1809	1809
P135,4	1810	1810
P108,4	1811	1811
P193,3	1812	1812
P26,6	1813	1813
P92,4	1814	1814
P198,4	1815	1815
P49,6	1816	1816
P133,4	1817	1817
P33,7	1818	1818
P113,5	1819	1819
P138,4	1820	1820
P140,4	1821	1821
P162,2	1822	1822
P58,6	1823	1823
P190,2	1824	1824
P167,3	1825	1825
P196,4	1826	1826
P14,7	1827	1827
P28,6	1828	1828
P82,5	1829	1829
P88,5	1830	1830
P175,5	1831	1831
P83,5	1832	1832
P78,4	1833	1833
P68,4	1834	1834
P63,7	1835	1835
P121,6	1836	1836
P155,3	1837	1837
P149,3	1838	1838
P30,6	1839	1839
P159,2	1840	1840
P11,8	1841	1841
P139,4	1842	1842
P142,6	1843	1843
P5,11	1844	1844
P166,4	1845	1845
P106,4	1846	1846
P128,3	1847	1847
P173,5	1848	1848
P9,8	1849	1849
P47,6	1850	1850
P187,3	1851	1851
P29,7	1852	1852
P48,6	1853	1853
P156,3	1854	1854
P85,7	1855	1855
P122,4	1856	1856
P129,3	1857	1857
P89,5	1858	1858
P10,8	1859	1859
P102,4	1860	1860
P75,5	1861	1861
P35,6	1862	1862
P109,3	1863	1863
P54,5	1864	1864
P189,4	1865	1865
P56,5	1866	1866
P131,4	1867	1867
P77,4	1868	1868
P107,4	1869	1869
P191,3	1870	1870
P32,4	1871	1871
P55,5	1872	1872
P130,3	1873	1873
P74,5	1874	1874
P185,4	1875	1875
P169,3	1876	1876
P186,4	1877	1877
P153,5	1878	1878
P44,5	1879	1879
P73,5	1880	1880
P132,4	1881	1881
P101,5	1882	1882
P111,5	1883	1883
P143,3	1884	1884
P145,3	1885	1885
P161,4	1886	1886
P87,4	1887	1887
P103,5	1888	1888
P199,3	1889	1889
P135,4	1890	1890
P31,6	1891	1891
P170,5	1892	1892
P98,4	1893	1893
P97,5	1894	1894
P99,4	1895	1895
P133,4	1896	1896
P23,7	1897	1897
P150,4	1898	1898
P197,4	1899	1899
P152,3	1900	1900
P148,3	1901	1901
P158,4	1902	1902
P3,8	1903	1903
P190,2	1904	1904
P25,7	1905	1905
P69,5	1906	1906
P196,4	1907	1907
P80,5	1908	1908
P28,6	1909	1909
P88,5	1910	1910
P175,5	1911	1911
P180,3	1912	1912
P120,4	1913	1913
P78,4	1914	1914
P68,4	1915	1915
P63,7	1916	1916
P19,7	1917	1917
P155,3	1918	1918
P149,3	1919	1919
P59,6	1920	1920
P30,6	1921	1921
P11,8	1922	1922
P65,6	1923	1923
P64,6	1924	1924
P192,5	1925	1925
P123,4	1926	1926
P53,5	1927	1927
P95,3	1928	1928
P100,4	1929	1929
P112,4	1930	1930
P93,4	1931	1931
P47,6	1932	1932
P57,7	1933	1933
P187,3	1934	1934
P50,7	1935	1935
P29,7	1936	1936
P200,3	1937	1937
P85,7	1938	1938
P14,8	1939	1939
P61,5	1940	1940
P2,7	1941	1941
P10,8	1942	1942
P159,3	1943	1943
P154,3	1944	1944
P35,6	1945	1945
P109,3	1946	1946
P54,5	1947	1947
P108,5	1948	1948
P189,4	1949	1949
P46,4	1950	1950
P105,5	1951	1951
P140,5	1952	1952
P176,4	1953	1953
P92,5	1954	1954
P121,7	1955	1955
P115,3	1956	1956
P169,3	1957	1957
P122,5	1958	1958
P153,5	1959	1959
P44,5	1960	1960
P132,4	1961	1961
P101,5	1962	1962
P111,5	1963	1963
P125,4	1964	1964
P137,4	1965	1965
P161,4	1966	1966
P40,6	1967	1967
P199,3	1968	1968
P135,4	1969	1969
P31,6	1970	1970
P170,5	1971	1971
P98,4	1972	1972
P198,4	1973	1973
P49,6	1974	1974
P24,8	1975	1975
P33,7	1976	1976
P12,7	1977	1977
P9,9	1978	1978
P113,5	1979	1979
P138,4	1980	1980
P84,5	1981	1981
P58,6	1982	1982
P3,8	1983	1983
P190,2	1984	1984
P102,5	1985	1985
P69,5	1986	1986
P196,4	1987	1987
P80,5	1988	1988
P28,6	1989	1989
P70,5	1990	1990
P134,5	1991	1991
P180,3	1992	1992
P120,4	1993	1993
P96,4	1994	1994
P78,4	1995	1995
P183,3	1996	1996
P19,7	1997	1997
P94,4	1998	1998
P149,3	1999	1999
P59,6	2000	2000
P91,5	2001	2001
P182,3	2002	2002
P194,4	2003	2003
P116,5	2004	2004
P192,5	2005	2005
P123,4	2006	2006
P106,4	2007	2007
P95,3	2008	2008
P100,4	2009	2009
P164,4	2010	2010
P4,7	2011	2011
P79,5	2012	2012
P20,9	2013	2013
P162,3	2014	2014
P72,5	2015	2015
P50,7	2016	2016
P48,6	2017	2017
P110,4	2018	2018
P14,8	2019	2019
P90,5	2020	2020
P150,5	2021	2021
P159,3	2022	2022
P154,3	2023	2023
P35,6	2024	2024
P109,3	2025	2025
P54,5	2026	2026
P108,5	2027	2027
P189,4	2028	2028
P107,4	2029	2029
P148,4	2030	2030
P92,5	2031	2031
P121,7	2032	2032
P185,4	2033	2033
P122,5	2034	2034
P85,8	2035	2035
P117,4	2036	2036
P132,4	2037	2037
P147,4	2038	2038
P101,5	2039	2039
P143,3	2040	2040
P2,8	2041	2041
P145,3	2042	2042
P82,6	2043	2043
P129,4	2044	2044
P37,8	2045	2045
P139,5	2046	2046
P68,5	2047	2047
P141,4	2048	2048
P193,3	2049	2049
P26,6	2050	2050
P49,6	2051	2051
P74,6	2052	2052
P133,4	2053	2053
P33,7	2054	2054
P12,7	2055	2055
P197,4	2056	2056
P152,3	2057	2057
P52,6	2058	2058
P64,7	2059	2059
P58,6	2060	2060
P53,6	2061	2061
P174,4	2062	2062
P25,7	2063	2063
P69,5	2064	2064
P196,4	2065	2065
P80,5	2066	2066
P28,6	2067	2067
P61,6	2068	2068
P88,5	2069	2069
P131,5	2070	2070
P157,5	2071	2071
P180,3	2072	2072
P120,4	2073	2073
P96,4	2074	2074
P115,4	2075	2075
P32,5	2076	2076
P63,7	2077	2077
P19,7	2078	2078
P62,5	2079	2079
P114,3	2080	2080
P191,4	2081	2081
P8,9	2082	2082
P194,4	2083	2083
P116,5	2084	2084
P192,5	2085	2085
P40,7	2086	2086
P66,7	2087	2087
P95,3	2088	2088
P173,5	2089	2089
P112,4	2090	2090
P93,4	2091	2091
P181,3	2092	2092
P57,7	2093	2093
P187,3	2094	2094
P124,5	2095	2095
P48,6	2096	2096
P178,3	2097	2097
P45,5	2098	2098
P172,4	2099	2099
P150,5	2100	2100
P134,6	2101	2101
P75,5	2102	2102
P190,3	2103	2103
P94,5	2104	2104
P118,4	2105	2105
P54,5	2106	2106
P108,5	2107	2107
P189,4	2108	2108
P107,4	2109	2109
P148,4	2110	2110
P163,4	2111	2111
P185,4	2112	2112
P186,4	2113	2113
P153,5	2114	2114
P84,6	2115	2115
P78,5	2116	2116
P47,7	2117	2117
P111,5	2118	2118
P143,3	2119	2119
P2,8	2120	2120
P137,4	2121	2121
P30,7	2122	2122
P37,8	2123	2123
P139,5	2124	2124
P68,5	2125	2125
P50,8	2126	2126
P193,3	2127	2127
P126,5	2128	2128
P99,4	2129	2129
P23,9	2130	2130
P86,6	2131	2131
P74,6	2132	2132
P188,4	2133	2133
P39,8	2134	2134
P197,4	2135	2135
P152,3	2136	2136
P64,7	2137	2137
P58,6	2138	2138
P166,5	2139	2139
P3,8	2140	2140
P51,6	2141	2141
P119,5	2142	2142
P196,4	2143	2143
P80,5	2144	2144
P165,6	2145	2145
P61,6	2146	2146
P87,5	2147	2147
P77,5	2148	2148
P180,3	2149	2149
P155,5	2150	2150
P141,5	2151	2151
P130,4	2152	2152
P133,5	2153	2153
P183,3	2154	2154
P10,9	2155	2155
P71,5	2156	2156
P59,6	2157	2157
P91,5	2158	2158
P9,10	2159	2159
P146,5	2160	2160
P142,6	2161	2161
P81,6	2162	2162
P5,11	2163	2163
P176,5	2164	2164
P160,5	2165	2165
P100,4	2166	2166
P164,4	2167	2167
P93,4	2168	2168
P121,8	2169	2169
P20,9	2170	2170
P162,3	2171	2171
P72,5	2172	2172
P124,5	2173	2173
P48,6	2174	2174
P178,3	2175	2175
P145,4	2176	2176
P45,5	2177	2177
P172,4	2178	2178
P150,5	2179	2179
P134,6	2180	2180
P198,5	2181	2181
P144,4	2182	2182
P168,5	2183	2183
P60,5	2184	2184
P62,6	2185	2185
P189,4	2186	2186
P25,8	2187	2187
P148,4	2188	2188
P163,4	2189	2189
P85,8	2190	2190
P138,5	2191	2191
P47,7	2192	2192
P70,6	2193	2193
P128,4	2194	2194
P167,4	2195	2195
P125,4	2196	2196
P82,6	2197	2197
P129,4	2198	2198
P103,5	2199	2199
P177,5	2200	2200
P112,5	2201	2201
P151,4	2202	2202
P26,6	2203	2203
P154,4	2204	2204
P106,5	2205	2205
P86,6	2206	2206
P24,8	2207	2207
P188,4	2208	2208
P39,8	2209	2209
P75,6	2210	2210
P158,4	2211	2211
P46,5	2212	2212
P156,4	2213	2213
P78,6	2214	2214
P174,4	2215	2215
P51,6	2216	2216
P200,4	2217	2217
P186,5	2218	2218
P35,7	2219	2219
P109,4	2220	2220
P165,6	2221	2221
P159,4	2222	2222
P61,6	2223	2223
P31,7	2224	2224
P131,5	2225	2225
P98,5	2226	2226
P155,5	2227	2227
P96,4	2228	2228
P55,6	2229	2229
P133,5	2230	2230
P140,6	2231	2231
P10,9	2232	2232
P71,5	2233	2233
P113,6	2234	2234
P191,4	2235	2235
P171,5	2236	2236
P8,9	2237	2237
P146,5	2238	2238
P142,6	2239	2239
P81,6	2240	2240
P5,11	2241	2241
P176,5	2242	2242
P160,5	2243	2243
P100,4	2244	2244
P18,7	2245	2245
P93,4	2246	2246
P121,8	2247	2247
P162,3	2248	2248
P72,5	2249	2249
P124,5	2250	2250
P48,6	2251	2251
P170,6	2252	2252
P14,8	2253	2253
P161,5	2254	2254
P90,5	2255	2255
P150,5	2256	2256
P102,6	2257	2257
P198,5	2258	2258
P94,5	2259	2259
P118,4	2260	2260
P60,5	2261	2261
P95,4	2262	2262
P189,4	2263	2263
P25,8	2264	2264
P119,6	2265	2265
P163,4	2266	2266
P85,8	2267	2267
P147,4	2268	2268
P101,5	2269	2269
P111,5	2270	2270
P143,3	2271	2271
P173,6	2272	2272
P125,4	2273	2273
P58,7	2274	2274
P82,6	2275	2275
P177,5	2276	2276
P151,4	2277	2277
P20,10	2278	2278
P154,4	2279	2279
P106,5	2280	2280
P86,6	2281	2281
P24,8	2282	2282
P33,7	2283	2283
P12,7	2284	2284
P152,3	2285	2285
P64,7	2286	2286
P127,5	2287	2287
P166,5	2288	2288
P3,8	2289	2289
P84,7	2290	2290
P69,5	2291	2291
P185,5	2292	2292
P104,5	2293	2293
P80,5	2294	2294
P132,5	2295	2295
P122,6	2296	2296
P195,6	2297	2297
P103,6	2298	2298
P88,5	2299	2299
P87,5	2300	2300
P131,5	2301	2301
P149,5	2302	2302
P136,6	2303	2303
P96,4	2304	2304
P55,6	2305	2305
P30,8	2306	2306
P140,6	2307	2307
P19,7	2308	2308
P172,5	2309	2309
P113,6	2310	2310
P191,4	2311	2311
P9,10	2312	2312
P49,7	2313	2313
P142,6	2314	2314
P192,5	2315	2315
P176,5	2316	2316
P160,5	2317	2317
P73,6	2318	2318
P164,4	2319	2319
P68,6	2320	2320
P79,5	2321	2321
P162,3	2322	2322
P26,7	2323	2323
P117,5	2324	2324
P29,7	2325	2325
P170,6	2326	2326
P145,4	2327	2327
P161,5	2328	2328
P182,5	2329	2329
P135,5	2330	2330
P134,6	2331	2331
P198,5	2332	2332
P193,4	2333	2333
P180,4	2334	2334
P98,6	2335	2335
P189,4	2336	2336
P107,4	2337	2337
P148,4	2338	2338
P175,6	2339	2339
P147,4	2340	2340
P101,5	2341	2341
P128,4	2342	2342
P183,4	2343	2343
P125,4	2344	2344
P53,7	2345	2345
P82,6	2346	2346
P14,9	2347	2347
P126,5	2348	2348
P190,4	2349	2349
P133,6	2350	2350
P106,5	2351	2351
P123,5	2352	2352
P188,4	2353	2353
P39,8	2354	2354
P158,4	2355	2355
P127,5	2356	2356
P105,6	2357	2357
P78,6	2358	2358
P3,8	2359	2359
P84,7	2360	2360
P200,4	2361	2361
P186,5	2362	2362
P35,7	2363	2363
P118,5	2364	2364
P109,4	2365	2365
P141,7	2366	2366
P122,6	2367	2367
P195,6	2368	2368
P61,6	2369	2369
P87,5	2370	2370
P131,5	2371	2371
P149,5	2372	2372
P199,4	2373	2373
P130,4	2374	2374
P85,9	2375	2375
P115,4	2376	2376
P140,6	2377	2377
P60,6	2378	2378
P62,7	2379	2379
P86,7	2380	2380
P171,5	2381	2381
P9,10	2382	2382
P69,6	2383	2383
P142,6	2384	2384
P137,5	2385	2385
P40,7	2386	2386
P111,6	2387	2387
P176,5	2388	2388
P160,5	2389	2389
P73,6	2390	2390
P164,4	2391	2391
P167,5	2392	2392
P120,5	2393	2393
P26,7	2394	2394
P103,7	2395	2395
P88,6	2396	2396
P112,6	2397	2397
P2,9	2398	2398
P136,7	2399	2399
P90,5	2400	2400
P150,5	2401	2401
P134,6	2402	2402
P75,7	2403	2403
P144,4	2404	2404
P180,4	2405	2405
P98,6	2406	2406
P25,8	2407	2407
P107,4	2408	2408
P152,4	2409	2409
P91,6	2410	2410
P147,4	2411	2411
P101,5	2412	2412
P128,4	2413	2413
P33,8	2414	2414
P173,6	2415	2415
P162,4	2416	2416
P82,6	2417	2417
P114,4	2418	2418
P14,9	2419	2419
P126,5	2420	2420
P174,6	2421	2421
P154,4	2422	2422
P178,4	2423	2423
P23,9	2424	2424
P24,8	2425	2425
P48,7	2426	2426
P158,4	2427	2427
P156,4	2428	2428
P166,5	2429	2429
P94,6	2430	2430
P84,7	2431	2431
P200,4	2432	2432
P186,5	2433	2433
P35,7	2434	2434
P80,5	2435	2435
P18,8	2436	2436
P122,6	2437	2437
P129,5	2438	2438
P31,7	2439	2439
P77,5	2440	2440
P149,5	2441	2441
P199,4	2442	2442
P55,6	2443	2443
P30,8	2444	2444
P115,4	2445	2445
P57,9	2446	2446
P60,6	2447	2447
P62,7	2448	2448
P86,7	2449	2449
P177,6	2450	2450
P69,6	2451	2451
P168,6	2452	2452
P137,5	2453	2453
P40,7	2454	2454
P37,9	2455	2455
P53,8	2456	2456
P68,6	2457	2457
P79,5	2458	2458
P120,5	2459	2459
P103,7	2460	2460
P141,8	2461	2461
P170,6	2462	2462
P145,4	2463	2463
P46,6	2464	2464
P161,5	2465	2465
P182,5	2466	2466
P118,6	2467	2467
P105,7	2468	2468
P102,6	2469	2469
P191,5	2470	2470
P180,4	2471	2471
P19,8	2472	2472
P148,4	2473	2473
P91,6	2474	2474
P147,4	2475	2475
P131,6	2476	2476
P132,6	2477	2477
P183,4	2478	2478
P111,7	2479	2479
P58,7	2480	2480
P146,6	2481	2481
P82,6	2482	2482
P59,7	2483	2483
P14,9	2484	2484
P20,10	2485	2485
P174,6	2486	2486
P165,7	2487	2487
P178,4	2488	2488
P123,5	2489	2489
P8,10	2490	2490
P39,8	2491	2491
P187,4	2492	2492
P166,5	2493	2493
P94,6	2494	2494
P84,7	2495	2495
P185,5	2496	2496
P104,5	2497	2497
P93,5	2498	2498
P18,8	2499	2499
P144,5	2500	2500
P195,6	2501	2501
P81,8	2502	2502
P61,6	2503	2503
P31,7	2504	2504
P119,7	2505	2505
P149,5	2506	2506
P199,4	2507	2507
P133,7	2508	2508
P45,6	2509	2509
P12,8	2510	2510
P172,5	2511	2511
P113,6	2512	2512
P198,6	2513	2513
P151,5	2514	2514
P171,5	2515	2515
P177,6	2516	2516
P143,4	2517	2517
P49,7	2518	2518
P101,6	2519	2519
P163,5	2520	2520
P37,9	2521	2521
P23,10	2522	2522
P3,9	2523	2523
P167,5	2524	2524
P26,7	2525	2525
P103,7	2526	2526
P200,5	2527	2527
P88,6	2528	2528
P80,6	2529	2529
P112,6	2530	2530
P175,7	2531	2531
P107,5	2532	2532
P136,7	2533	2533
P135,5	2534	2534
P64,8	2535	2535
P75,7	2536	2536
P193,4	2537	2537
P19,8	2538	2538
P148,4	2539	2539
P91,6	2540	2540
P131,6	2541	2541
P183,4	2542	2542
P111,7	2543	2543
P124,7	2544	2544
P162,4	2545	2545
P72,6	2546	2546
P59,7	2547	2547
P126,5	2548	2548
P109,5	2549	2549
P165,7	2550	2550
P79,6	2551	2551
P110,6	2552	2552
P140,7	2553	2553
P188,4	2554	2554
P96,5	2555	2555
P116,6	2556	2556
P51,6	2557	2557
P185,5	2558	2558
P35,7	2559	2559
P98,7	2560	2560
P18,8	2561	2561
P195,6	2562	2562
P180,5	2563	2563
P129,5	2564	2564
P138,6	2565	2565
P159,6	2566	2566
P31,7	2567	2567
P192,6	2568	2568
P119,7	2569	2569
P155,5	2570	2570
P85,9	2571	2571
P45,6	2572	2572
P60,6	2573	2573
P39,9	2574	2574
P137,6	2575	2575
P70,7	2576	2576
P86,7	2577	2577
P68,7	2578	2578
P177,6	2579	2579
P143,4	2580	2580
P49,7	2581	2581
P101,6	2582	2582
P106,6	2583	2583
P24,9	2584	2584
P66,9	2585	2585
P53,8	2586	2586
P154,5	2587	2587
P78,7	2588	2588
P48,8	2589	2589
P103,7	2590	2590
P190,5	2591	2591
P141,8	2592	2592
P95,5	2593	2593
P170,6	2594	2594
P145,4	2595	2595
P175,7	2596	2596
P107,5	2597	2597
P136,7	2598	2598
P184,5	2599	2599
P105,7	2600	2600
P193,4	2601	2601
P19,8	2602	2602
P144,6	2603	2603
P158,5	2604	2604
P62,8	2605	2605
P142,7	2606	2606
P115,5	2607	2607
P58,7	2608	2608
P162,4	2609	2609
P72,6	2610	2610
P59,7	2611	2611
P161,6	2612	2612
P174,6	2613	2613
P165,7	2614	2614
P79,6	2615	2615
P110,6	2616	2616
P8,10	2617	2617
P135,6	2618	2618
P113,7	2619	2619
P94,6	2620	2620
P28,8	2621	2621
P84,7	2622	2622
P12,9	2623	2623
P40,8	2624	2624
P93,5	2625	2625
P130,5	2626	2626
P108,6	2627	2627
P180,5	2628	2628
P129,5	2629	2629
P191,6	2630	2630
P100,5	2631	2631
P128,5	2632	2632
P192,6	2633	2633
P119,7	2634	2634
P155,5	2635	2635
P85,9	2636	2636
P45,6	2637	2637
P176,7	2638	2638
P73,7	2639	2639
P47,8	2640	2640
P188,5	2641	2641
P151,5	2642	2642
P171,5	2643	2643
P186,6	2644	2644
P143,4	2645	2645
P90,6	2646	2646
P106,6	2647	2647
P24,9	2648	2648
P53,8	2649	2649
P64,9	2650	2650
P167,5	2651	2651
P26,7	2652	2652
P61,7	2653	2653
P200,5	2654	2654
P88,6	2655	2655
P80,6	2656	2656
P148,5	2657	2657
P175,7	2658	2658
P107,5	2659	2659
P136,7	2660	2660
P30,9	2661	2661
P105,7	2662	2662
P193,4	2663	2663
P19,8	2664	2664
P144,6	2665	2665
P131,6	2666	2666
P183,4	2667	2667
P115,5	2668	2668
P58,7	2669	2669
P123,6	2670	2670
P162,4	2671	2671
P72,6	2672	2672
P59,7	2673	2673
P161,6	2674	2674
P57,10	2675	2675
P165,7	2676	2676
P79,6	2677	2677
P110,6	2678	2678
P103,8	2679	2679
P120,6	2680	2680
P135,6	2681	2681
P113,7	2682	2682
P28,8	2683	2683
P102,7	2684	2684
P185,5	2685	2685
P158,6	2686	2686
P35,7	2687	2687
P93,5	2688	2688
P130,5	2689	2689
P108,6	2690	2690
P180,5	2691	2691
P129,5	2692	2692
P191,6	2693	2693
P100,5	2694	2694
P181,4	2695	2695
P147,5	2696	2696
P119,7	2697	2697
P133,7	2698	2698
P132,7	2699	2699
P39,9	2700	2700
P73,7	2701	2701
P47,8	2702	2702
P188,5	2703	2703
P151,5	2704	2704
P68,7	2705	2705
P143,4	2706	2706
P96,6	2707	2707
P101,6	2708	2708
P163,5	2709	2709
P53,8	2710	2710
P64,9	2711	2711
P78,7	2712	2712
P26,7	2713	2713
P61,7	2714	2714
P146,7	2715	2715
P195,7	2716	2716
P88,6	2717	2717
P80,6	2718	2718
P175,7	2719	2719
P149,6	2720	2720
P127,6	2721	2721
P184,5	2722	2722
P117,7	2723	2723
P193,4	2724	2724
P152,4	2725	2725
P91,6	2726	2726
P62,8	2727	2727
P142,7	2728	2728
P124,7	2729	2729
P166,6	2730	2730
P66,10	2731	2731
P51,7	2732	2732
P114,4	2733	2733
P14,9	2734	2734
P57,10	2735	2735
P165,7	2736	2736
P171,6	2737	2737
P128,6	2738	2738
P103,8	2739	2739
P156,7	2740	2740
P190,6	2741	2741
P113,7	2742	2742
P28,8	2743	2743
P182,6	2744	2744
P40,8	2745	2745
P93,5	2746	2746
P199,5	2747	2747
P108,6	2748	2748
P81,8	2749	2749
P55,7	2750	2750
P138,6	2751	2751
P159,6	2752	2752
P192,6	2753	2753
P85,9	2754	2754
P132,7	2755	2755
P145,5	2756	2756
P49,8	2757	2757
P47,8	2758	2758
P70,7	2759	2759
P86,7	2760	2760
P143,4	2761	2761
P96,6	2762	2762
P23,10	2763	2763
P53,8	2764	2764
P112,7	2765	2765
P64,9	2766	2766
P116,7	2767	2767
P48,8	2768	2768
P118,7	2769	2769
P200,5	2770	2770
P174,7	2771	2771
P95,5	2772	2772
P46,6	2773	2773
P149,6	2774	2774
P127,6	2775	2775
P184,5	2776	2776
P25,9	2777	2777
P105,7	2778	2778
P152,4	2779	2779
P178,5	2780	2780
P131,6	2781	2781
P73,8	2782	2782
P115,5	2783	2783
P166,6	2784	2784
P51,7	2785	2785
P84,8	2786	2786
P114,4	2787	2787
P135,7	2788	2788
P14,9	2789	2789
P57,10	2790	2790
P111,9	2791	2791
P119,8	2792	2792
P128,6	2793	2793
P103,8	2794	2794
P175,8	2795	2795
P120,6	2796	2796
P187,4	2797	2797
P172,6	2798	2798
P28,8	2799	2799
P182,6	2800	2800
P40,8	2801	2801
P98,7	2802	2802
P129,6	2803	2803
P24,10	2804	2804
P55,7	2805	2805
P159,6	2806	2806
P85,9	2807	2807
P123,7	2808	2808
P176,7	2809	2809
P49,8	2810	2810
P58,8	2811	2811
P37,10	2812	2812
P148,6	2813	2813
P86,7	2814	2814
P143,4	2815	2815
P90,6	2816	2816
P183,5	2817	2817
P53,8	2818	2818
P112,7	2819	2819
P106,7	2820	2820
P154,5	2821	2821
P61,7	2822	2822
P118,7	2823	2823
P195,7	2824	2824
P88,6	2825	2825
P80,6	2826	2826
P149,6	2827	2827
P185,6	2828	2828
P30,9	2829	2829
P130,6	2830	2830
P117,8	2831	2831
P131,6	2832	2832
P108,7	2833	2833
P142,7	2834	2834
P124,7	2835	2835
P177,7	2836	2836
P72,6	2837	2837
P162,5	2838	2838
P114,4	2839	2839
P150,7	2840	2840
P181,5	2841	2841
P192,7	2842	2842
P145,6	2843	2843
P79,6	2844	2844
P140,7	2845	2845
P103,8	2846	2846
P70,8	2847	2847
P156,7	2848	2848
P120,6	2849	2849
P171,7	2850	2850
P113,7	2851	2851
P172,6	2852	2852
P127,7	2853	2853
P102,7	2854	2854
P182,6	2855	2855
P31,8	2856	2856
P199,5	2857	2857
P81,8	2858	2858
P24,10	2859	2859
P55,7	2860	2860
P123,7	2861	2861
P137,6	2862	2862
P58,8	2863	2863
P37,10	2864	2864
P148,6	2865	2865
P57,11	2866	2866
P96,6	2867	2867
P14,10	2868	2868
P23,10	2869	2869
P112,7	2870	2870
P105,8	2871	2871
P48,8	2872	2872
P78,8	2873	2873
P118,7	2874	2874
P26,8	2875	2875
P95,5	2876	2876
P107,5	2877	2877
P167,7	2878	2878
P117,8	2879	2879
P131,6	2880	2880
P152,5	2881	2881
P73,8	2882	2882
P177,7	2883	2883
P19,9	2884	2884
P84,8	2885	2885
P151,6	2886	2886
P150,7	2887	2887
P85,10	2888	2888
P181,5	2889	2889
P133,9	2890	2890
P168,7	2891	2891
P183,6	2892	2892
P119,8	2893	2893
P128,6	2894	2894
P90,7	2895	2895
P8,10	2896	2896
P116,8	2897	2897
P77,7	2898	2898
P187,4	2899	2899
P69,7	2900	2900
P25,10	2901	2901
P127,7	2902	2902
P80,7	2903	2903
P40,9	2904	2904
P45,7	2905	2905
P31,8	2906	2906
P199,5	2907	2907
P159,6	2908	2908
P123,7	2909	2909
P86,8	2910	2910
P147,6	2911	2911
P47,8	2912	2912
P188,6	2913	2913
P124,8	2914	2914
P96,6	2915	2915
P14,10	2916	2916
P23,10	2917	2917
P154,5	2918	2918
P61,7	2919	2919
P149,7	2920	2920
P26,8	2921	2921
P12,10	2922	2922
P53,9	2923	2923
P114,5	2924	2924
P178,5	2925	2925
P152,5	2926	2926
P184,6	2927	2927
P177,7	2928	2928
P19,9	2929	2929
P84,8	2930	2930
P151,6	2931	2931
P166,7	2932	2932
P181,5	2933	2933
P133,9	2934	2934
P145,6	2935	2935
P79,6	2936	2936
P158,7	2937	2937
P191,7	2938	2938
P90,7	2939	2939
P109,8	2940	2940
P77,7	2941	2941
P88,7	2942	2942
P172,7	2943	2943
P127,7	2944	2944
P143,5	2945	2945
P40,9	2946	2946
P45,7	2947	2947
P31,8	2948	2948
P200,6	2949	2949
P101,7	2950	2950
P132,8	2951	2951
P123,7	2952	2952
P86,8	2953	2953
P147,6	2954	2954
P47,8	2955	2955
P135,8	2956	2956
P148,6	2957	2957
P57,11	2958	2958
P146,8	2959	2959
P81,9	2960	2960
P78,8	2961	2961
P149,7	2962	2962
P53,9	2963	2963
P112,8	2964	2964
P48,9	2965	2965
P100,7	2966	2966
P117,8	2967	2967
P185,7	2968	2968
P152,5	2969	2969
P72,7	2970	2970
P73,8	2971	2971
P175,10	2972	2972
P93,7	2973	2973
P162,5	2974	2974
P161,7	2975	2975
P37,11	2976	2976
P182,7	2977	2977
P192,7	2978	2978
P130,7	2979	2979
P128,6	2980	2980
P190,7	2981	2981
P90,7	2982	2982
P109,8	2983	2983
P88,7	2984	2984
P172,7	2985	2985
P171,8	2986	2986
P143,5	2987	2987
P8,11	2988	2988
P40,9	2989	2989
P45,7	2990	2990
P195,9	2991	2991
P199,5	2992	2992
P118,8	2993	2993
P132,8	2994	2994
P123,7	2995	2995
P147,6	2996	2996
P119,9	2997	2997
P135,8	2998	2998
P148,6	2999	2999
P57,11	3000	3000
P81,9	3001	3001
P78,8	3002	3002
P140,9	3003	3003
P26,8	3004	3004
P167,7	3005	3005
P35,9	3006	3006
P48,9	3007	3007
P114,5	3008	3008
P178,5	3009	3009
P107,6	3010	3010
P152,5	3011	3011
P28,9	3012	3012
P184,6	3013	3013
P168,8	3014	3014
P93,7	3015	3015
P162,5	3016	3016
P14,11	3017	3017
P161,7	3018	3018
P166,7	3019	3019
P145,6	3020	3020
P158,7	3021	3021
P128,6	3022	3022
P190,7	3023	3023
P86,9	3024	3024
P70,8	3025	3025
P77,7	3026	3026
P80,8	3027	3027
P172,7	3028	3028
P116,9	3029	3029
P79,7	3030	3030
P98,8	3031	3031
P193,6	3032	3032
P195,9	3033	3033
P96,7	3034	3034
P103,9	3035	3035
P101,7	3036	3036
P187,5	3037	3037
P49,8	3038	3038
P119,9	3039	3039
P135,8	3040	3040
P148,6	3041	3041
P159,7	3042	3042
P146,8	3043	3043
P55,9	3044	3044
P120,7	3045	3045
P140,9	3046	3046
P26,8	3047	3047
P167,7	3048	3048
P35,9	3049	3049
P100,7	3050	3050
P117,8	3051	3051
P185,7	3052	3052
P107,6	3053	3053
P136,9	3054	3054
P108,7	3055	3055
P72,7	3056	3056
P73,8	3057	3057
P176,9	3058	3058
P3,10	3059	3059
P162,5	3060	3060
P14,11	3061	3061
P161,7	3062	3062
P171,9	3063	3063
P145,6	3064	3064
P158,7	3065	3065
P128,6	3066	3066
P69,9	3067	3067
P154,6	3068	3068
P70,8	3069	3069
P77,7	3070	3070
P175,11	3071	3071
P80,8	3072	3072
P68,8	3073	3073
P116,9	3074	3074
P79,7	3075	3075
P98,8	3076	3076
P91,8	3077	3077
P195,9	3078	3078
P133,10	3079	3079
P199,5	3080	3080
P118,8	3081	3081
P187,5	3082	3082
P147,6	3083	3083
P95,6	3084	3084
P135,8	3085	3085
P124,8	3086	3086
P146,8	3087	3087
P81,9	3088	3088
P149,7	3089	3089
P31,9	3090	3090
P35,9	3091	3091
P178,5	3092	3092
P137,7	3093	3093
P177,8	3094	3094
P136,9	3095	3095
P108,7	3096	3096
P72,7	3097	3097
P130,8	3098	3098
P168,8	3099	3099
P3,10	3100	3100
P162,5	3101	3101
P84,9	3102	3102
P181,6	3103	3103
P37,11	3104	3104
P166,7	3105	3105
P30,10	3106	3106
P191,7	3107	3107
P190,7	3108	3108
P86,9	3109	3109
P109,8	3110	3110
P140,10	3111	3111
P188,7	3112	3112
P167,8	3113	3113
P68,8	3114	3114
P127,7	3115	3115
P49,9	3116	3116
P40,9	3117	3117
P45,7	3118	3118
P200,6	3119	3119
P96,7	3120	3120
P101,8	3121	3121
P118,8	3122	3122
P187,5	3123	3123
P147,6	3124	3124
P95,6	3125	3125
P135,8	3126	3126
P148,7	3127	3127
P159,7	3128	3128
P55,9	3129	3129
P120,7	3130	3130
P149,7	3131	3131
P112,8	3132	3132
P35,9	3133	3133
P137,7	3134	3134
P177,8	3135	3135
P100,8	3136	3136
P152,5	3137	3137
P72,7	3138	3138
P130,8	3139	3139
P168,8	3140	3140
P3,10	3141	3141
P151,6	3142	3142
P181,6	3143	3143
P51,9	3144	3144
P37,11	3145	3145
P145,6	3146	3146
P128,7	3147	3147
P154,6	3148	3148
P109,8	3149	3149
P140,10	3150	3150
P116,10	3151	3151
P188,7	3152	3152
P26,9	3153	3153
P114,6	3154	3154
P53,10	3155	3155
P79,7	3156	3156
P98,8	3157	3157
P45,7	3158	3158
P200,6	3159	3159
P96,7	3160	3160
P162,6	3161	3161
P73,9	3162	3162
P187,5	3163	3163
P135,8	3164	3164
P124,8	3165	3165
P146,8	3166	3166
P81,9	3167	3167
P31,9	3168	3168
P35,9	3169	3169
P107,6	3170	3170
P193,7	3171	3171
P100,8	3172	3172
P69,10	3173	3173
P72,7	3174	3174
P130,8	3175	3175
P185,8	3176	3176
P3,10	3177	3177
P84,9	3178	3178
P181,6	3179	3179
P51,9	3180	3180
P37,11	3181	3181
P190,8	3182	3182
P159,8	3183	3183
P86,9	3184	3184
P88,7	3185	3185
P175,11	3186	3186
P199,6	3187	3187
P26,9	3188	3188
P68,8	3189	3189
P79,7	3190	3190
P98,8	3191	3191
P45,7	3192	3192
P166,8	3193	3193
P133,10	3194	3194
P172,8	3195	3195
P101,8	3196	3196
P73,9	3197	3197
P187,5	3198	3198
P95,7	3199	3199
P182,8	3200	3200
P108,8	3201	3201
P81,9	3202	3202
P48,10	3203	3203
P177,8	3204	3204
P28,10	3205	3205
P136,9	3206	3206
P69,10	3207	3207
P72,7	3208	3208
P112,9	3209	3209
P176,9	3210	3210
P163,8	3211	3211
P84,9	3212	3212
P149,8	3213	3213
P118,9	3214	3214
P51,9	3215	3215
P190,8	3216	3216
P148,8	3217	3217
P86,9	3218	3218
P152,6	3219	3219
P178,6	3220	3220
P116,10	3221	3221
P199,6	3222	3222
P167,8	3223	3223
P68,8	3224	3224
P79,7	3225	3225
P168,9	3226	3226
P133,10	3227	3227
P172,8	3228	3228
P70,9	3229	3229
P77,9	3230	3230
P95,7	3231	3231
P108,8	3232	3232
P48,10	3233	3233
P177,8	3234	3234
P28,10	3235	3235
P107,7	3236	3236
P119,10	3237	3237
P69,10	3238	3238
P192,9	3239	3239
P130,8	3240	3240
P185,8	3241	3241
P120,8	3242	3242
P91,9	3243	3243
P181,6	3244	3244
P118,9	3245	3245
P103,10	3246	3246
P128,7	3247	3247
P148,8	3248	3248
P86,9	3249	3249
P127,8	3250	3250
P178,6	3251	3251
P116,10	3252	3252
P146,9	3253	3253
P199,6	3254	3254
P167,8	3255	3255
P154,7	3256	3256
P49,9	3257	3257
P133,10	3258	3258
P55,10	3259	3259
P162,6	3260	3260
P77,9	3261	3261
P81,10	3262	3262
P182,8	3263	3263
P108,8	3264	3264
P45,8	3265	3265
P31,10	3266	3266
P98,9	3267	3267
P137,8	3268	3268
P136,9	3269	3269
P119,10	3270	3270
P47,10	3271	3271
P112,9	3272	3272
P130,8	3273	3273
P185,8	3274	3274
P51,10	3275	3275
P84,9	3276	3276
P72,8	3277	3277
P124,9	3278	3278
P103,10	3279	3279
P128,7	3280	3280
P159,8	3281	3281
P127,8	3282	3282
P132,9	3283	3283
P175,11	3284	3284
P145,7	3285	3285
P135,9	3286	3286
P188,7	3287	3287
P147,7	3288	3288
P168,9	3289	3289
P96,7	3290	3290
P195,10	3291	3291
P172,8	3292	3292
P184,7	3293	3293
P77,9	3294	3294
P81,10	3295	3295
P108,8	3296	3296
P45,8	3297	3297
P192,10	3298	3298
P88,8	3299	3299
P28,10	3300	3300
P119,10	3301	3301
P47,10	3302	3302
P112,9	3303	3303
P130,8	3304	3304
P185,8	3305	3305
P120,8	3306	3306
P149,8	3307	3307
P158,8	3308	3308
P53,11	3309	3309
P128,7	3310	3310
P159,8	3311	3311
P127,8	3312	3312
P178,6	3313	3313
P79,8	3314	3314
P188,7	3315	3315
P177,9	3316	3316
P154,7	3317	3317
P133,10	3318	3318
P193,8	3319	3319
P184,7	3320	3320
P86,10	3321	3321
P162,7	3322	3322
P187,6	3323	3323
P45,8	3324	3324
P31,10	3325	3325
P119,10	3326	3326
P47,10	3327	3327
P118,10	3328	3328
P112,9	3329	3329
P185,8	3330	3330
P120,8	3331	3331
P149,8	3332	3332
P158,8	3333	3333
P84,10	3334	3334
P190,8	3335	3335
P96,8	3336	3336
P148,8	3337	3337
P152,6	3338	3338
P35,11	3339	3339
P132,9	3340	3340
P178,6	3341	3341
P135,9	3342	3342
P172,9	3343	3343
P147,7	3344	3344
P168,9	3345	3345
P193,8	3346	3346
P86,10	3347	3347
P162,7	3348	3348
P187,6	3349	3349
P31,10	3350	3350
P93,8	3351	3351
P118,10	3352	3352
P26,10	3353	3353
P185,8	3354	3354
P120,8	3355	3355
P146,10	3356	3356
P158,8	3357	3357
P84,10	3358	3358
P77,10	3359	3359
P72,9	3360	3360
P73,10	3361	3361
P182,9	3362	3362
P127,8	3363	3363
P79,8	3364	3364
P135,9	3365	3365
P177,9	3366	3366
P147,7	3367	3367
P168,9	3368	3368
P193,8	3369	3369
P86,10	3370	3370
P162,7	3371	3371
P93,8	3372	3372
P176,10	3373	3373
P112,9	3374	3374
P199,7	3375	3375
P120,8	3376	3376
P146,10	3377	3377
P145,8	3378	3378
P128,8	3379	3379
P68,9	3380	3380
P84,10	3381	3381
P77,10	3382	3382
P72,9	3383	3383
P73,10	3384	3384
P48,11	3385	3385
P35,11	3386	3386
P127,8	3387	3387
P178,7	3388	3388
P88,9	3389	3389
P177,9	3390	3390
P101,11	3391	3391
P154,7	3392	3392
P95,8	3393	3393
P86,10	3394	3394
P162,7	3395	3395
P176,10	3396	3396
P112,9	3397	3397
P199,7	3398	3398
P109,9	3399	3399
P100,10	3400	3400
P128,8	3401	3401
P84,10	3402	3402
P72,9	3403	3403
P73,10	3404	3404
P48,11	3405	3405
P119,11	3406	3406
P178,7	3407	3407
P88,9	3408	3408
P108,9	3409	3409
P167,9	3410	3410
P147,7	3411	3411
P168,9	3412	3412
P47,11	3413	3413
P176,10	3414	3414
P199,7	3415	3415
P109,9	3416	3416
P128,8	3417	3417
P107,8	3418	3418
P72,9	3419	3419
P73,10	3420	3420
P48,11	3421	3421
P163,9	3422	3422
P98,10	3423	3423
P178,7	3424	3424
P172,10	3425	3425
P108,9	3426	3426
P31,11	3427	3427
P101,11	3428	3428
P95,8	3429	3429
P47,11	3430	3430
P176,10	3431	3431
P146,11	3432	3432
P199,7	3433	3433
P127,9	3434	3434
P45,9	3435	3435
P107,8	3436	3436
P72,9	3437	3437
P184,8	3438	3438
P48,11	3439	3439
P163,9	3440	3440
P158,9	3441	3441
P178,7	3442	3442
P28,12	3443	3443
P108,9	3444	3444
P112,10	3445	3445
P101,11	3446	3446
P177,10	3447	3447
P162,7	3448	3448
P118,10	3449	3449
P199,7	3450	3450
P127,9	3451	3451
P86,11	3452	3452
P53,12	3453	3453
P107,8	3454	3454
P193,9	3455	3455
P119,11	3456	3456
P124,10	3457	3457
P120,9	3458	3458
P28,12	3459	3459
P148,9	3460	3460
P167,9	3461	3461
P81,12	3462	3462
P200,8	3463	3463
P176,10	3464	3464
P182,10	3465	3465
P135,10	3466	3466
P86,11	3467	3467
P53,12	3468	3468
P77,11	3469	3469
P184,8	3470	3470
P119,11	3471	3471
P51,11	3472	3472
P158,9	3473	3473
P120,9	3474	3474
P108,9	3475	3475
P148,9	3476	3476
P147,8	3477	3477
P172,11	3478	3478
P47,11	3479	3479
P135,10	3480	3480
P86,11	3481	3481
P53,12	3482	3482
P31,12	3483	3483
P72,10	3484	3484
P95,9	3485	3485
P154,8	3486	3486
P51,11	3487	3487
P128,9	3488	3488
P158,9	3489	3489
P79,9	3490	3490
P84,11	3491	3491
P68,10	3492	3492
P112,10	3493	3493
P81,12	3494	3494
P200,8	3495	3495
P135,10	3496	3496
P45,9	3497	3497
P26,11	3498	3498
P193,9	3499	3499
P184,8	3500	3500
P95,9	3501	3501
P154,8	3502	3502
P162,8	3503	3503
P124,10	3504	3504
P73,11	3505	3505
P79,9	3506	3506
P146,12	3507	3507
P148,9	3508	3508
P147,8	3509	3509
P178,8	3510	3510
P163,10	3511	3511
P127,9	3512	3512
P26,11	3513	3513
P109,10	3514	3514
P167,10	3515	3515
P48,12	3516	3516
P98,11	3517	3517
P168,10	3518	3518
P182,11	3519	3519
P51,11	3520	3520
P124,10	3521	3521
P73,11	3522	3522
P79,9	3523	3523
P68,10	3524	3524
P147,8	3525	3525
P178,8	3526	3526
P163,10	3527	3527
P118,11	3528	3528
P53,12	3529	3529
P167,10	3530	3530
P98,11	3531	3531
P88,11	3532	3532
P51,11	3533	3533
P128,9	3534	3534
P73,11	3535	3535
P79,9	3536	3536
P68,10	3537	3537
P172,11	3538	3538
P45,10	3539	3539
P163,10	3540	3540
P118,11	3541	3541
P53,12	3542	3542
P199,8	3543	3543
P48,12	3544	3544
P168,10	3545	3545
P182,11	3546	3546
P177,11	3547	3547
P176,11	3548	3548
P73,11	3549	3549
P108,10	3550	3550
P107,10	3551	3551
P68,10	3552	3552
P172,11	3553	3553
P45,10	3554	3554
P163,10	3555	3555
P53,12	3556	3556
P112,11	3557	3557
P26,12	3558	3558
P88,11	3559	3559
P51,11	3560	3560
P128,9	3561	3561
P47,12	3562	3562
P84,12	3563	3563
P193,10	3564	3564
P79,9	3565	3565
P178,8	3566	3566
P95,10	3567	3567
P112,11	3568	3568
P26,12	3569	3569
P88,11	3570	3570
P177,11	3571	3571
P118,12	3572	3572
P158,10	3573	3573
P193,10	3574	3574
P79,9	3575	3575
P119,12	3576	3576
P112,11	3577	3577
P162,9	3578	3578
P182,11	3579	3579
P176,11	3580	3580
P47,12	3581	3581
P84,12	3582	3582
P178,8	3583	3583
P109,10	3584	3584
P162,9	3585	3585
P177,11	3586	3586
P96,10	3587	3587
P47,12	3588	3588
P84,12	3589	3589
P119,12	3590	3590
P162,9	3591	3591
P127,10	3592	3592
P96,10	3593	3593
P47,12	3594	3594
P84,12	3595	3595
P135,11	3596	3596
P26,12	3597	3597
P127,10	3598	3598
P128,10	3599	3599
P118,12	3600	3600
P47,12	3601	3601
P193,10	3602	3602
P119,12	3603	3603
P26,12	3604	3604
P79,10	3605	3605
P168,11	3606	3606
P128,10	3607	3607
P118,12	3608	3608
P47,12	3609	3609
P154,10	3610	3610
P193,10	3611	3611
P73,12	3612	3612
P162,9	3613	3613
P172,12	3614	3614
P167,11	3615	3615
P96,10	3616	3616
P154,10	3617	3617
P135,11	3618	3618
P109,11	3619	3619
P199,9	3620	3620
P128,10	3621	3621
P95,11	3622	3622
P135,11	3623	3623
P109,11	3624	3624
P199,9	3625	3625
P128,10	3626	3626
P88,12	3627	3627
P73,12	3628	3628
P199,9	3629	3629
P128,10	3630	3630
P88,12	3631	3631
P172,12	3632	3632
P167,11	3633	3633
P88,12	3634	3634
P176,12	3635	3636
P108,12	3637	3640
P79,11	3644	3645
P182,12	3649	3649
P193,11	3650	3651
P158,11	3652	3653
P96,11	3660	3664
P128,11	3665	3666
P162,10	3667	3673
P199,10	3675	3676
P154,11	3677	3678
P109,12	3679	3682
P135,12	3683	3687
P79,12	3690	3694
P158,12	3711	3712
P162,11	3713	3714
P96,12	3715	3718
P199,11	3721	3721
P154,12	3738	3738
P199,12	3748	3752
CPU1
P3,1	3	4
P2,1	5	5
P4,1	6	6
P3,1	7	7
P5,1	8	8
P3,1	9	9
P5,1	10	10
P3,1	11	11
P5,1	12	12
P4,1	13	13
P6,1	14	17
P6,1	19	19
P8,1	24	24
P1,2	31	31
P11,1	33	33
P12,1	36	38
P13,1	39	39
P15,1	40	40
P16,1	41	41
P4,2	42	42
P15,1	43	43
P17,1	44	44
P2,2	45	45
P8,2	46	46
P18,1	47	47
P17,1	48	48
P2,2	49	49
P17,1	50	50
P7,2	51	51
P17,1	52	52
P7,2	53	53
P20,1	54	55
P21,1	59	59
P5,2	60	60
P21,1	61	61
P5,2	62	62
P22,1	63	63
P13,2	64	64
P22,1	65	65
P13,2	66	66
P23,1	67	67
P3,2	68	68
P23,1	69	69
P14,2	70	70
P3,2	71	71
P24,1	72	72
P10,2	73	73
P3,2	74	74
P25,1	75	75
P3,2	76	76
P16,2	77	77
P25,1	78	78
P16,2	79	79
P15,2	80	80
P25,1	81	81
P12,2	82	82
P16,2	83	83
P9,2	84	84
P17,2	85	85
P26,1	86	86
P28,1	87	87
P16,2	88	88
P9,2	89	89
P17,2	90	90
P29,1	91	91
P31,1	92	92
P12,2	93	93
P18,2	94	94
P27,1	95	95
P15,2	96	96
P26,1	97	97
P30,1	98	98
P32,1	99	99
P18,2	100	100
P27,1	101	101
P9,2	102	102
P17,2	103	103
P4,3	104	104
P30,1	105	105
P22,2	106	106
P32,1	107	107
P12,2	108	108
P8,3	109	109
P2,3	110	110
P3,3	111	111
P15,2	112	112
P26,1	113	113
P19,2	114	114
P35,1	115	115
P22,2	116	116
P23,2	117	117
P32,1	118	118
P34,1	119	119
P18,2	120	120
P1,4	121	121
P2,3	122	122
P10,3	123	123
P3,3	124	124
P17,2	125	125
P4,3	126	126
P35,1	127	127
P22,2	128	128
P7,3	129	129
P38,1	130	130
P20,2	131	131
P13,3	132	132
P18,2	133	133
P8,3	134	134
P21,2	135	135
P40,1	136	136
P5,3	137	137
P3,3	138	138
P9,2	139	139
P37,1	140	140
P43,1	141	141
P33,1	142	142
P12,3	143	143
P7,3	144	144
P14,3	145	145
P45,1	146	146
P32,1	147	147
P13,3	148	148
P30,2	149	149
P39,1	150	150
P40,1	151	151
P41,1	152	152
P3,3	153	153
P42,1	154	154
P48,1	155	155
P24,2	156	156
P33,1	157	157
P12,3	158	158
P7,3	159	159
P14,3	160	160
P23,2	161	161
P50,1	162	162
P32,1	163	163
P13,3	164	164
P30,2	165	165
P39,1	166	166
P1,4	167	167
P29,2	168	168
P41,1	169	169
P3,3	170	170
P42,1	171	171
P48,1	172	172
P43,1	173	173
P35,1	174	174
P36,2	175	175
P22,2	176	176
P11,3	177	177
P14,3	178	178
P23,2	179	179
P31,2	180	180
P34,1	181	181
P54,1	182	182
P46,1	183	183
P26,2	184	184
P28,2	185	185
P55,1	186	186
P1,4	187	187
P29,2	188	188
P47,1	189	189
P6,3	190	190
P27,2	191	191
P42,1	192	192
P20,3	193	193
P57,1	194	194
P10,4	195	195
P33,1	196	196
P9,3	197	197
P11,3	198	198
P23,2	199	199
P45,1	200	200
P5,4	201	201
P13,3	202	202
P59,1	203	203
P8,4	204	204
P46,1	205	205
P18,3	206	206
P17,3	207	207
P39,1	208	208
P2,4	209	209
P29,2	210	210
P56,1	211	211
P62,1	212	212
P41,1	213	213
P21,3	214	214
P27,2	215	215
P63,1	216	216
P20,3	217	217
P57,1	218	218
P10,4	219	219
P44,2	220	220
P9,3	221	221
P65,1	222	222
P14,3	223	223
P38,3	224	224
P32,2	225	225
P5,4	226	226
P34,1	227	227
P59,1	228	228
P8,4	229	229
P15,3	230	230
P7,4	231	231
P18,3	232	232
P17,3	233	233
P28,2	234	234
P55,1	235	235
P69,1	236	236
P29,2	237	237
P56,1	238	238
P48,2	239	239
P41,1	240	240
P6,3	241	241
P53,2	242	242
P40,2	243	243
P63,1	244	244
P11,4	245	245
P24,3	246	246
P10,4	247	247
P71,1	248	248
P9,3	249	249
P65,1	250	250
P66,1	251	251
P72,1	252	252
P32,2	253	253
P5,4	254	254
P54,1	255	255
P22,3	256	256
P19,3	257	257
P73,1	258	258
P15,3	259	259
P75,1	260	260
P46,1	261	261
P18,3	262	262
P1,5	263	263
P17,3	264	264
P49,2	265	265
P55,1	266	266
P2,4	267	267
P78,1	268	268
P29,2	269	269
P56,1	270	270
P48,2	271	271
P4,4	272	272
P3,4	273	273
P53,2	274	274
P40,2	275	275
P20,3	276	276
P80,1	277	277
P10,4	278	278
P44,2	279	279
P33,2	280	280
P9,3	281	281
P12,3	282	282
P81,1	283	283
P72,1	284	284
P32,2	285	285
P31,2	286	286
P54,1	287	287
P13,4	288	288
P59,1	289	289
P30,3	290	290
P83,1	291	291
P73,1	292	292
P68,1	293	293
P75,1	294	294
P76,1	295	295
P77,1	296	296
P85,1	297	297
P1,5	298	298
P49,2	299	299
P55,1	300	300
P2,4	301	301
P47,2	302	302
P37,3	303	303
P61,1	304	304
P62,1	305	305
P87,1	306	306
P4,4	307	307
P41,1	308	308
P70,1	309	309
P27,2	310	310
P88,1	311	311
P20,3	312	312
P80,1	313	313
P10,4	314	314
P25,3	315	315
P71,1	316	316
P89,1	317	317
P36,2	318	318
P65,1	319	319
P81,1	320	320
P72,1	321	321
P32,2	322	322
P57,2	323	323
P31,2	324	324
P67,1	325	325
P82,1	326	326
P43,2	327	327
P19,3	328	328
P91,1	329	329
P8,4	330	330
P84,1	331	331
P92,1	332	332
P74,1	333	333
P76,1	334	334
P77,1	335	335
P16,4	336	336
P35,2	337	337
P93,1	338	338
P55,1	339	339
P96,1	340	340
P58,2	341	341
P15,4	342	342
P86,1	343	343
P78,1	344	344
P29,2	345	345
P97,1	346	346
P56,1	347	347
P48,2	348	348
P99,1	349	349
P79,1	350	350
P100,1	351	351
P70,1	352	352
P27,2	353	353
P40,2	354	354
P5,5	355	355
P20,3	356	356
P11,4	357	357
P24,3	358	358
P26,3	359	359
P34,2	360	360
P44,2	361	361
P102,1	362	362
P39,2	363	363
P65,1	364	364
P81,1	365	365
P72,1	366	366
P105,1	367	367
P32,2	368	368
P31,2	369	369
P64,2	370	370
P107,1	371	371
P22,3	372	372
P108,1	373	373
P83,1	374	374
P60,2	375	375
P73,1	376	376
P68,1	377	377
P109,1	378	378
P74,1	379	379
P75,1	380	380
P6,4	381	381
P16,4	382	382
P1,5	383	383
P49,2	384	384
P66,2	385	385
P95,1	386	386
P59,2	387	387
P89,2	388	388
P15,4	389	389
P86,1	390	390
P41,2	391	391
P78,1	392	392
P37,3	393	393
P33,3	394	394
P97,1	395	395
P98,1	396	396
P62,1	397	397
P30,4	398	398
P21,5	399	399
P45,2	400	400
P52,3	401	401
P3,4	402	402
P53,2	403	403
P12,4	404	404
P5,5	405	405
P20,3	406	406
P11,4	407	407
P116,1	408	408
P26,3	409	409
P17,4	410	410
P44,2	411	411
P67,2	412	412
P117,1	413	413
P103,1	414	414
P38,3	415	415
P104,1	416	416
P106,1	417	417
P85,2	418	418
P28,3	419	419
P107,1	420	420
P22,3	421	421
P120,1	422	422
P108,1	423	423
P57,3	424	424
P60,2	425	425
P8,4	426	426
P84,1	427	427
P92,1	428	428
P121,1	429	429
P74,1	430	430
P75,1	431	431
P122,1	432	432
P77,1	433	433
P110,1	434	434
P35,2	435	435
P93,1	436	436
P95,1	437	437
P96,1	438	438
P123,1	439	439
P55,2	440	440
P89,2	441	441
P48,3	442	442
P2,4	443	443
P86,1	444	444
P112,1	445	445
P87,2	446	446
P78,1	447	447
P90,2	448	448
P127,1	449	449
P61,1	450	450
P98,1	451	451
P100,2	452	452
P30,4	453	453
P21,5	454	454
P45,2	455	455
P31,3	456	456
P14,5	457	457
P115,1	458	458
P88,1	459	459
P131,1	460	460
P80,2	461	461
P132,1	462	462
P134,1	463	463
P83,2	464	464
P43,3	465	465
P34,2	466	466
P71,1	467	467
P69,2	468	468
P135,1	469	469
P82,2	470	470
P136,1	471	471
P64,3	472	472
P72,1	473	473
P137,1	474	474
P13,5	475	475
P106,1	476	476
P32,2	477	477
P63,4	478	478
P139,1	479	479
P119,1	480	480
P108,1	481	481
P36,3	482	482
P42,3	483	483
P60,2	484	484
P84,1	485	485
P142,1	486	486
P92,1	487	487
P5,6	488	488
P109,1	489	489
P46,2	490	490
P75,1	491	491
P122,1	492	492
P40,3	493	493
P110,1	494	494
P56,2	495	495
P35,2	496	496
P49,2	497	497
P111,1	498	498
P11,5	499	499
P96,1	500	500
P79,2	501	501
P147,1	502	502
P125,1	503	503
P27,3	504	504
P15,4	505	505
P126,1	506	506
P148,1	507	507
P87,2	508	508
P78,1	509	509
P94,2	510	510
P37,3	511	511
P53,3	512	512
P33,3	513	513
P97,2	514	514
P120,2	515	515
P98,1	516	516
P151,1	517	517
P100,2	518	518
P30,4	519	519
P21,5	520	520
P45,2	521	521
P31,3	522	522
P81,2	523	523
P52,3	524	524
P4,5	525	525
P8,5	526	526
P12,4	527	527
P154,1	528	528
P55,3	529	529
P80,2	530	530
P132,1	531	531
P134,1	532	532
P83,2	533	533
P26,3	534	534
P22,4	535	535
P71,1	536	536
P69,2	537	537
P135,1	538	538
P157,1	539	539
P82,2	540	540
P54,3	541	541
P136,1	542	542
P160,1	543	543
P9,4	544	544
P74,2	545	545
P86,2	546	546
P137,1	547	547
P138,1	548	548
P118,2	549	549
P106,1	550	550
P32,2	551	551
P85,2	552	552
P28,3	553	553
P107,1	554	554
P163,1	555	555
P140,1	556	556
P57,3	557	557
P59,3	558	558
P91,1	559	559
P164,1	560	560
P165,1	561	561
P141,1	562	562
P68,1	563	563
P143,1	564	564
P109,1	565	565
P121,1	566	566
P131,2	567	567
P75,1	568	568
P167,1	569	569
P144,1	570	570
P145,1	571	571
P61,2	572	572
P110,1	573	573
P171,1	574	574
P124,2	575	575
P116,2	576	576
P93,1	577	577
P95,1	578	578
P173,1	579	579
P76,2	580	580
P39,4	581	581
P89,2	582	582
P103,2	583	583
P27,3	584	584
P15,4	585	585
P70,2	586	586
P126,1	587	587
P148,1	588	588
P87,2	589	589
P78,1	590	590
P149,1	591	591
P90,2	592	592
P53,3	593	593
P20,4	594	594
P101,2	595	595
P98,1	596	596
P151,1	597	597
P152,1	598	598
P114,1	599	599
P128,1	600	600
P178,1	601	601
P129,1	602	602
P153,1	603	603
P73,2	604	604
P43,4	605	605
P4,5	606	606
P180,1	607	607
P10,5	608	608
P181,1	609	609
P115,1	610	610
P146,2	611	611
P154,1	612	612
P184,1	613	613
P3,5	614	614
P25,4	615	615
P24,3	616	616
P134,1	617	617
P102,2	618	618
P155,1	619	619
P186,1	620	620
P5,7	621	621
P67,2	622	622
P135,1	623	623
P187,1	624	624
P82,2	625	625
P51,3	626	626
P49,3	627	627
P161,1	628	628
P188,1	629	629
P64,3	630	630
P86,2	631	631
P137,1	632	632
P190,1	633	633
P138,1	634	634
P106,1	635	635
P147,2	636	636
P85,2	637	637
P63,4	638	638
P192,1	639	639
P163,1	640	640
P140,1	641	641
P65,3	642	642
P59,3	643	643
P91,1	644	644
P37,4	645	645
P60,2	646	646
P194,1	647	647
P113,2	648	648
P165,1	649	649
P30,5	650	650
P142,1	651	651
P92,1	652	652
P50,4	653	653
P197,1	654	654
P121,1	655	655
P198,1	656	656
P18,4	657	657
P167,1	658	658
P144,1	659	659
P145,1	660	660
P61,2	661	661
P133,2	662	662
P21,6	663	663
P124,2	664	664
P116,2	665	665
P160,2	666	666
P93,1	667	667
P111,1	668	668
P11,5	669	669
P28,4	670	670
P96,1	671	671
P79,2	672	672
P123,1	673	673
P103,2	674	674
P27,3	675	675
P15,4	676	676
P70,2	677	677
P58,4	678	678
P148,1	679	679
P87,2	680	680
P7,7	681	681
P149,1	682	682
P90,2	683	683
P158,2	684	684
P20,4	685	685
P101,2	686	686
P75,2	687	687
P32,3	688	688
P166,2	689	689
P151,1	690	690
P152,1	691	691
P100,2	692	692
P99,1	693	693
P45,2	694	694
P68,2	695	695
P122,2	696	696
P81,2	697	697
P52,3	698	698
P72,2	699	699
P4,5	700	700
P170,2	701	701
P35,3	702	702
P13,6	703	703
P182,1	704	704
P12,4	705	705
P78,2	706	706
P154,1	707	707
P184,1	708	708
P3,5	709	709
P25,4	710	710
P132,1	711	711
P102,2	712	712
P155,1	713	713
P112,2	714	714
P5,7	715	715
P19,4	716	716
P135,1	717	717
P187,1	718	718
P66,3	719	719
P54,3	720	720
P136,1	721	721
P159,1	722	722
P9,4	723	723
P89,3	724	724
P86,2	725	725
P137,1	726	726
P190,1	727	727
P179,2	728	728
P106,1	729	729
P147,2	730	730
P191,1	731	731
P192,1	732	732
P163,1	733	733
P140,1	734	734
P36,3	735	735
P42,3	736	736
P47,3	737	737
P193,1	738	738
P117,2	739	739
P98,2	740	740
P194,1	741	741
P113,2	742	742
P165,1	743	743
P33,4	744	744
P141,1	745	745
P196,1	746	746
P143,1	747	747
P109,1	748	748
P6,5	749	749
P131,2	750	750
P199,1	751	751
P24,4	752	752
P167,1	753	753
P144,1	754	754
P145,1	755	755
P61,2	756	756
P107,2	757	757
P21,6	758	758
P124,2	759	759
P116,2	760	760
P160,2	761	761
P93,1	762	762
P111,1	763	763
P11,5	764	764
P28,4	765	765
P96,1	766	766
P76,2	767	767
P185,2	768	768
P123,1	769	769
P103,2	770	770
P138,2	771	771
P174,1	772	772
P58,4	773	773
P92,2	774	774
P148,1	775	775
P105,2	776	776
P94,2	777	777
P158,2	778	778
P85,3	779	779
P20,4	780	780
P17,5	781	781
P57,4	782	782
P120,2	783	783
P88,3	784	784
P150,1	785	785
P177,1	786	786
P108,2	787	787
P114,1	788	788
P128,1	789	789
P178,1	790	790
P46,3	791	791
P129,1	792	792
P73,2	793	793
P43,4	794	794
P14,5	795	795
P110,2	796	796
P180,1	797	797
P10,5	798	798
P27,4	799	799
P182,1	800	800
P115,1	801	801
P146,2	802	802
P154,1	803	803
P184,1	804	804
P3,5	805	805
P55,3	806	806
P97,4	807	807
P132,1	808	808
P102,2	809	809
P40,4	810	810
P5,7	811	811
P19,4	812	812
P135,1	813	813
P187,1	814	814
P66,3	815	815
P54,3	816	816
P136,1	817	817
P159,1	818	818
P161,1	819	819
P53,4	820	820
P89,3	821	821
P78,3	822	822
P137,1	823	823
P190,1	824	824
P162,1	825	825
P118,2	826	826
P147,2	827	827
P191,1	828	828
P163,1	829	829
P67,3	830	830
P42,3	831	831
P47,3	832	832
P8,6	833	833
P98,2	834	834
P164,1	835	835
P195,1	836	836
P165,1	837	837
P33,4	838	838
P141,1	839	839
P155,2	840	840
P143,1	841	841
P109,1	842	842
P197,1	843	843
P198,1	844	844
P18,4	845	845
P200,1	846	846
P168,1	847	847
P169,1	848	848
P16,6	849	849
P61,2	850	850
P107,2	851	851
P140,2	852	852
P124,2	853	853
P71,2	854	854
P91,2	855	855
P111,1	856	856
P173,1	857	857
P139,2	858	858
P76,2	859	859
P185,2	860	860
P123,1	861	861
P48,3	862	862
P106,2	863	863
P174,1	864	864
P44,3	865	865
P86,3	866	866
P92,2	867	867
P148,1	868	868
P105,2	869	869
P149,1	870	870
P90,2	871	871
P64,4	872	872
P60,3	873	873
P119,2	874	874
P57,4	875	875
P120,2	876	876
P32,3	877	877
P166,2	878	878
P177,1	879	879
P121,2	880	880
P108,2	881	881
P114,1	882	882
P128,1	883	883
P45,2	884	884
P68,2	885	885
P11,6	886	886
P36,4	887	887
P73,2	888	888
P14,5	889	889
P110,2	890	890
P180,1	891	891
P10,5	892	892
P13,6	893	893
P181,1	894	894
P93,2	895	895
P130,1	896	896
P183,1	897	897
P84,2	898	898
P55,3	899	899
P97,4	900	900
P56,3	901	901
P83,2	902	902
P112,2	903	903
P127,2	904	904
P156,1	905	905
P15,5	906	906
P171,2	907	907
P136,1	908	908
P159,1	909	909
P53,4	910	910
P89,3	911	911
P1,6	912	912
P104,1	913	913
P151,2	914	914
P190,1	915	915
P175,2	916	916
P179,2	917	917
P62,2	918	918
P132,2	919	919
P129,2	920	920
P163,1	921	921
P65,3	922	922
P193,1	923	923
P117,2	924	924
P164,1	925	925
P194,1	926	926
P54,4	927	927
P31,4	928	928
P30,5	929	929
P155,2	930	930
P26,4	931	931
P82,3	932	932
P109,1	933	933
P197,1	934	934
P69,3	935	935
P199,1	936	936
P24,4	937	937
P115,2	938	938
P168,1	939	939
P169,1	940	940
P145,1	941	941
P3,6	942	942
P61,2	943	943
P107,2	944	944
P21,6	945	945
P172,1	946	946
P116,2	947	947
P91,2	948	948
P157,2	949	949
P28,4	950	950
P146,3	951	951
P76,2	952	952
P185,2	953	953
P138,2	954	954
P38,4	955	955
P58,4	956	956
P47,4	957	957
P148,1	958	958
P63,5	959	959
P90,2	960	960
P158,2	961	961
P85,3	962	962
P71,3	963	963
P119,2	964	964
P120,2	965	965
P131,3	966	966
P32,3	967	967
P166,2	968	968
P59,4	969	969
P23,5	970	970
P123,2	971	971
P108,2	972	972
P114,1	973	973
P125,2	974	974
P178,1	975	975
P46,3	976	976
P122,2	977	977
P81,2	978	978
P14,5	979	979
P110,2	980	980
P180,1	981	981
P35,3	982	982
P13,6	983	983
P27,4	984	984
P174,2	985	985
P93,2	986	986
P70,3	987	987
P154,1	988	988
P173,2	989	989
P84,2	990	990
P55,3	991	991
P56,3	992	992
P40,4	993	993
P111,2	994	994
P37,6	995	995
P187,1	996	996
P171,2	997	997
P136,1	998	998
P159,1	999	999
P53,4	1000	1000
P188,1	1001	1001
P12,5	1002	1002
P95,2	1003	1003
P94,3	1004	1004
P57,5	1005	1005
P151,2	1006	1006
P190,1	1007	1007
P72,3	1008	1008
P162,1	1009	1009
P99,2	1010	1010
P118,2	1011	1011
P147,2	1012	1012
P129,2	1013	1013
P163,1	1014	1014
P193,1	1015	1015
P117,2	1016	1016
P101,3	1017	1017
P195,1	1018	1018
P113,2	1019	1019
P33,4	1020	1020
P45,3	1021	1021
P155,2	1022	1022
P26,4	1023	1023
P10,6	1024	1024
P50,4	1025	1025
P186,2	1026	1026
P69,3	1027	1027
P15,6	1028	1028
P115,2	1029	1029
P168,1	1030	1030
P169,1	1031	1031
P3,6	1032	1032
P107,2	1033	1033
P191,2	1034	1034
P21,6	1035	1035
P140,2	1036	1036
P124,2	1037	1037
P34,3	1038	1038
P80,3	1039	1039
P102,3	1040	1040
P28,4	1041	1041
P146,3	1042	1042
P74,3	1043	1043
P185,2	1044	1044
P109,2	1045	1045
P38,4	1046	1046
P86,3	1047	1047
P83,3	1048	1048
P148,1	1049	1049
P165,2	1050	1050
P20,6	1051	1051
P85,3	1052	1052
P71,3	1053	1053
P119,2	1054	1054
P17,5	1055	1055
P131,3	1056	1056
P199,2	1057	1057
P197,2	1058	1058
P166,2	1059	1059
P59,4	1060	1060
P123,2	1061	1061
P108,2	1062	1062
P128,1	1063	1063
P77,3	1064	1064
P68,2	1065	1065
P44,4	1066	1066
P18,5	1067	1067
P4,5	1068	1068
P192,3	1069	1069
P96,2	1070	1070
P92,3	1071	1071
P181,1	1072	1072
P182,1	1073	1073
P70,3	1074	1074
P79,3	1075	1075
P173,2	1076	1076
P63,6	1077	1077
P84,2	1078	1078
P55,3	1079	1079
P56,3	1080	1080
P40,4	1081	1081
P61,3	1082	1082
P24,5	1083	1083
P127,2	1084	1084
P156,1	1085	1085
P153,3	1086	1086
P171,2	1087	1087
P49,3	1088	1088
P142,3	1089	1089
P53,4	1090	1090
P188,1	1091	1091
P1,6	1092	1092
P103,3	1093	1093
P114,2	1094	1094
P57,5	1095	1095
P151,2	1096	1096
P190,1	1097	1097
P72,3	1098	1098
P162,1	1099	1099
P99,2	1100	1100
P90,3	1101	1101
P121,3	1102	1102
P118,2	1103	1103
P147,2	1104	1104
P129,2	1105	1105
P163,1	1106	1106
P193,1	1107	1107
P117,2	1108	1108
P101,3	1109	1109
P195,1	1110	1110
P54,4	1111	1111
P31,4	1112	1112
P30,5	1113	1113
P155,2	1114	1114
P10,6	1115	1115
P25,5	1116	1116
P52,4	1117	1117
P110,3	1118	1118
P39,6	1119	1119
P115,2	1120	1120
P167,1	1121	1121
P81,3	1122	1122
P3,6	1123	1123
P5,8	1124	1124
P21,6	1125	1125
P112,3	1126	1126
P91,2	1127	1127
P157,2	1128	1128
P161,2	1129	1129
P139,2	1130	1130
P19,5	1131	1131
P185,2	1132	1132
P106,2	1133	1133
P47,4	1134	1134
P148,1	1135	1135
P2,6	1136	1136
P158,2	1137	1137
P141,2	1138	1138
P60,3	1139	1139
P136,2	1140	1140
P131,3	1141	1141
P65,4	1142	1142
P113,3	1143	1143
P197,2	1144	1144
P166,2	1145	1145
P107,3	1146	1146
P123,2	1147	1147
P116,3	1148	1148
P77,3	1149	1149
P46,3	1150	1150
P135,3	1151	1151
P11,6	1152	1152
P43,4	1153	1153
P192,3	1154	1154
P96,2	1155	1155
P92,3	1156	1156
P181,1	1157	1157
P174,2	1158	1158
P119,3	1159	1159
P79,3	1160	1160
P76,3	1161	1161
P183,1	1162	1162
P16,7	1163	1163
P198,2	1164	1164
P58,5	1165	1165
P84,2	1166	1166
P55,3	1167	1167
P56,3	1168	1168
P177,2	1169	1169
P61,3	1170	1170
P111,2	1171	1171
P149,2	1172	1172
P120,3	1173	1173
P165,3	1174	1174
P153,3	1175	1175
P171,2	1176	1176
P49,3	1177	1177
P142,3	1178	1178
P152,2	1179	1179
P160,3	1180	1180
P95,2	1181	1181
P94,3	1182	1182
P176,2	1183	1183
P57,5	1184	1184
P85,4	1185	1185
P190,1	1186	1186
P4,6	1187	1187
P179,2	1188	1188
P67,5	1189	1189
P90,3	1190	1190
P118,2	1191	1191
P132,2	1192	1192
P29,4	1193	1193
P154,2	1194	1194
P8,6	1195	1195
P194,1	1196	1196
P14,6	1197	1197
P68,3	1198	1198
P33,4	1199	1199
P128,2	1200	1200
P155,2	1201	1201
P10,6	1202	1202
P51,4	1203	1203
P52,4	1204	1204
P110,3	1205	1205
P39,6	1206	1206
P115,2	1207	1207
P167,1	1208	1208
P66,4	1209	1209
P169,1	1210	1210
P133,2	1211	1211
P93,3	1212	1212
P191,2	1213	1213
P80,3	1214	1214
P156,2	1215	1215
P137,2	1216	1216
P19,5	1217	1217
P74,3	1218	1218
P109,2	1219	1219
P130,2	1220	1220
P83,3	1221	1221
P2,6	1222	1222
P121,4	1223	1223
P45,4	1224	1224
P141,2	1225	1225
P64,4	1226	1226
P71,3	1227	1227
P164,2	1228	1228
P172,2	1229	1229
P113,3	1230	1230
P197,2	1231	1231
P15,7	1232	1232
P59,4	1233	1233
P98,3	1234	1234
P123,2	1235	1235
P31,5	1236	1236
P125,2	1237	1237
P134,3	1238	1238
P44,4	1239	1239
P62,3	1240	1240
P11,6	1241	1241
P43,4	1242	1242
P180,1	1243	1243
P96,2	1244	1244
P92,3	1245	1245
P181,1	1246	1246
P101,4	1247	1247
P145,2	1248	1248
P157,3	1249	1249
P119,3	1250	1250
P79,3	1251	1251
P76,3	1252	1252
P34,4	1253	1253
P198,2	1254	1254
P58,5	1255	1255
P87,3	1256	1256
P97,4	1257	1257
P168,2	1258	1258
P158,3	1259	1259
P61,3	1260	1260
P138,3	1261	1261
P148,2	1262	1262
P149,2	1263	1263
P120,3	1264	1264
P165,3	1265	1265
P86,4	1266	1266
P144,2	1267	1267
P100,3	1268	1268
P53,4	1269	1269
P183,2	1270	1270
P94,3	1271	1271
P174,3	1272	1272
P65,5	1273	1273
P57,5	1274	1274
P85,4	1275	1275
P190,1	1276	1276
P4,6	1277	1277
P179,2	1278	1278
P67,5	1279	1279
P48,4	1280	1280
P147,2	1281	1281
P106,3	1282	1282
P29,4	1283	1283
P154,2	1284	1284
P173,3	1285	1285
P117,2	1286	1286
P54,4	1287	1287
P33,4	1288	1288
P182,2	1289	1289
P26,4	1290	1290
P9,7	1291	1291
P35,4	1292	1292
P25,5	1293	1293
P49,4	1294	1294
P110,3	1295	1295
P39,6	1296	1296
P115,2	1297	1297
P81,3	1298	1298
P3,6	1299	1299
P93,3	1300	1300
P162,2	1301	1301
P176,3	1302	1302
P102,3	1303	1303
P146,3	1304	1304
P189,2	1305	1305
P74,3	1306	1306
P109,2	1307	1307
P130,2	1308	1308
P83,3	1309	1309
P89,4	1310	1310
P105,4	1311	1311
P200,2	1312	1312
P55,4	1313	1313
P64,4	1314	1314
P68,4	1315	1315
P131,3	1316	1316
P171,3	1317	1317
P30,6	1318	1318
P197,2	1319	1319
P15,7	1320	1320
P159,2	1321	1321
P107,3	1322	1322
P23,5	1323	1323
P12,6	1324	1324
P116,3	1325	1325
P77,3	1326	1326
P44,4	1327	1327
P11,6	1328	1328
P18,5	1329	1329
P161,3	1330	1330
P13,6	1331	1331
P27,4	1332	1332
P193,2	1333	1333
P101,4	1334	1334
P145,2	1335	1335
P157,3	1336	1336
P119,3	1337	1337
P82,4	1338	1338
P195,2	1339	1339
P143,2	1340	1340
P34,4	1341	1341
P198,2	1342	1342
P5,9	1343	1343
P20,7	1344	1344
P168,2	1345	1345
P40,4	1346	1346
P138,3	1347	1347
P148,2	1348	1348
P140,3	1349	1349
P127,2	1350	1350
P37,6	1351	1351
P121,5	1352	1352
P86,4	1353	1353
P152,2	1354	1354
P136,3	1355	1355
P53,4	1356	1356
P183,2	1357	1357
P80,4	1358	1358
P166,3	1359	1359
P114,2	1360	1360
P57,5	1361	1361
P139,3	1362	1362
P196,3	1363	1363
P179,2	1364	1364
P113,4	1365	1365
P84,3	1366	1366
P48,4	1367	1367
P126,3	1368	1368
P132,2	1369	1369
P29,4	1370	1370
P17,6	1371	1371
P187,2	1372	1372
P16,8	1373	1373
P54,4	1374	1374
P111,3	1375	1375
P182,2	1376	1376
P61,4	1377	1377
P9,7	1378	1378
P25,5	1379	1379
P49,4	1380	1380
P170,3	1381	1381
P97,5	1382	1382
P75,4	1383	1383
P188,2	1384	1384
P76,4	1385	1385
P192,4	1386	1386
P191,2	1387	1387
P112,3	1388	1388
P156,2	1389	1389
P173,4	1390	1390
P74,3	1391	1391
P109,2	1392	1392
P130,2	1393	1393
P83,3	1394	1394
P14,7	1395	1395
P33,5	1396	1396
P72,4	1397	1397
P45,4	1398	1398
P78,4	1399	1399
P104,3	1400	1400
P90,4	1401	1401
P35,5	1402	1402
P103,4	1403	1403
P171,3	1404	1404
P199,2	1405	1405
P197,2	1406	1406
P15,7	1407	1407
P175,3	1408	1408
P107,3	1409	1409
P98,3	1410	1410
P12,6	1411	1411
P116,3	1412	1412
P125,2	1413	1413
P44,4	1414	1414
P169,2	1415	1415
P163,2	1416	1416
P92,3	1417	1417
P73,4	1418	1418
P99,3	1419	1419
P101,4	1420	1420
P117,3	1421	1421
P186,3	1422	1422
P70,3	1423	1423
P66,5	1424	1424
P195,2	1425	1425
P69,4	1426	1426
P143,2	1427	1427
P63,6	1428	1428
P5,9	1429	1429
P146,4	1430	1430
P19,6	1431	1431
P40,4	1432	1432
P138,3	1433	1433
P46,4	1434	1434
P148,2	1435	1435
P140,3	1436	1436
P133,3	1437	1437
P37,6	1438	1438
P32,4	1439	1439
P86,4	1440	1440
P115,3	1441	1441
P91,4	1442	1442
P95,2	1443	1443
P94,3	1444	1444
P47,5	1445	1445
P114,2	1446	1446
P65,5	1447	1447
P198,3	1448	1448
P139,3	1449	1449
P196,3	1450	1450
P67,5	1451	1451
P88,4	1452	1452
P84,3	1453	1453
P184,2	1454	1454
P126,3	1455	1455
P132,2	1456	1456
P177,3	1457	1457
P154,2	1458	1458
P16,8	1459	1459
P134,4	1460	1460
P60,4	1461	1461
P111,3	1462	1462
P182,2	1463	1463
P61,4	1464	1464
P13,7	1465	1465
P25,5	1466	1466
P49,4	1467	1467
P170,3	1468	1468
P39,6	1469	1469
P178,2	1470	1470
P188,2	1471	1471
P76,4	1472	1472
P192,4	1473	1473
P191,2	1474	1474
P176,3	1475	1475
P156,2	1476	1476
P173,4	1477	1477
P144,3	1478	1478
P1,7	1479	1479
P142,4	1480	1480
P20,8	1481	1481
P105,4	1482	1482
P82,5	1483	1483
P45,4	1484	1484
P78,4	1485	1485
P10,7	1486	1486
P68,4	1487	1487
P147,3	1488	1488
P121,6	1489	1489
P172,2	1490	1490
P155,3	1491	1491
P30,6	1492	1492
P194,2	1493	1493
P159,2	1494	1494
P136,4	1495	1495
P107,3	1496	1496
P166,4	1497	1497
P153,4	1498	1498
P31,5	1499	1499
P125,2	1500	1500
P128,3	1501	1501
P77,3	1502	1502
P185,3	1503	1503
P163,2	1504	1504
P92,3	1505	1505
P73,4	1506	1506
P74,4	1507	1507
P99,3	1508	1508
P101,4	1509	1509
P117,3	1510	1510
P186,3	1511	1511
P157,3	1512	1512
P66,5	1513	1513
P195,2	1514	1514
P69,4	1515	1515
P137,3	1516	1516
P63,6	1517	1517
P33,6	1518	1518
P5,9	1519	1519
P28,5	1520	1520
P158,3	1521	1521
P124,3	1522	1522
P83,4	1523	1523
P46,4	1524	1524
P148,2	1525	1525
P149,2	1526	1526
P96,3	1527	1527
P62,4	1528	1528
P115,3	1529	1529
P100,3	1530	1530
P169,3	1531	1531
P183,2	1532	1532
P8,8	1533	1533
P47,5	1534	1534
P114,2	1535	1535
P65,5	1536	1536
P198,3	1537	1537
P151,2	1538	1538
P196,3	1539	1539
P4,6	1540	1540
P88,4	1541	1541
P84,3	1542	1542
P184,2	1543	1543
P126,3	1544	1544
P59,5	1545	1545
P17,6	1546	1546
P70,4	1547	1547
P16,8	1548	1548
P64,5	1549	1549
P60,4	1550	1550
P27,5	1551	1551
P135,4	1552	1552
P9,7	1553	1553
P25,5	1554	1554
P168,3	1555	1555
P110,3	1556	1556
P98,4	1557	1557
P39,6	1558	1558
P178,2	1559	1559
P75,4	1560	1560
P113,5	1561	1561
P93,3	1562	1562
P162,2	1563	1563
P48,5	1564	1564
P102,3	1565	1565
P173,4	1566	1566
P167,3	1567	1567
P1,7	1568	1568
P142,4	1569	1569
P89,4	1570	1570
P40,5	1571	1571
P82,5	1572	1572
P45,4	1573	1573
P134,5	1574	1574
P78,4	1575	1575
P10,7	1576	1576
P68,4	1577	1577
P147,3	1578	1578
P121,6	1579	1579
P172,2	1580	1580
P155,3	1581	1581
P197,2	1582	1582
P159,2	1583	1583
P86,5	1584	1584
P107,3	1585	1585
P165,4	1586	1586
P53,5	1587	1587
P106,4	1588	1588
P31,5	1589	1589
P179,3	1590	1590
P112,4	1591	1591
P185,3	1592	1592
P20,9	1593	1593
P81,4	1594	1594
P193,2	1595	1595
P156,3	1596	1596
P101,4	1597	1597
P117,3	1598	1598
P2,7	1599	1599
P157,3	1600	1600
P66,5	1601	1601
P195,2	1602	1602
P69,4	1603	1603
P109,3	1604	1604
P143,2	1605	1605
P52,5	1606	1606
P58,5	1607	1607
P28,5	1608	1608
P158,3	1609	1609
P125,3	1610	1610
P194,3	1611	1611
P131,4	1612	1612
P77,4	1613	1613
P148,2	1614	1614
P140,3	1615	1615
P120,3	1616	1616
P32,4	1617	1617
P152,2	1618	1618
P23,6	1619	1619
P91,4	1620	1620
P3,7	1621	1621
P183,2	1622	1622
P80,4	1623	1623
P29,6	1624	1624
P114,2	1625	1625
P85,6	1626	1626
P198,3	1627	1627
P50,6	1628	1628
P164,3	1629	1629
P67,5	1630	1630
P181,2	1631	1631
P145,3	1632	1632
P180,2	1633	1633
P87,4	1634	1634
P177,3	1635	1635
P154,2	1636	1636
P187,2	1637	1637
P199,3	1638	1638
P64,5	1639	1639
P122,3	1640	1640
P182,2	1641	1641
P124,4	1642	1642
P9,7	1643	1643
P141,4	1644	1644
P98,4	1645	1645
P127,3	1646	1646
P92,4	1647	1647
P178,2	1648	1648
P133,4	1649	1649
P113,5	1650	1650
P76,4	1651	1651
P192,4	1652	1652
P191,2	1653	1653
P102,3	1654	1654
P173,4	1655	1655
P167,3	1656	1656
P1,7	1657	1657
P14,7	1658	1658
P40,5	1659	1659
P82,5	1660	1660
P37,7	1661	1661
P55,4	1662	1662
P168,4	1663	1663
P68,4	1664	1664
P147,3	1665	1665
P103,4	1666	1666
P151,3	1667	1667
P94,4	1668	1668
P15,7	1669	1669
P86,5	1670	1670
P107,3	1671	1671
P65,6	1672	1672
P53,5	1673	1673
P106,4	1674	1674
P31,5	1675	1675
P128,3	1676	1676
P44,4	1677	1677
P161,3	1678	1678
P49,5	1679	1679
P81,4	1680	1680
P74,4	1681	1681
P200,3	1682	1682
P110,4	1683	1683
P101,4	1684	1684
P117,3	1685	1685
P2,7	1686	1686
P66,5	1687	1687
P195,2	1688	1688
P51,5	1689	1689
P25,6	1690	1690
P109,3	1691	1691
P143,2	1692	1692
P63,6	1693	1693
P165,5	1694	1694
P58,5	1695	1695
P19,6	1696	1696
P111,4	1697	1697
P56,5	1698	1698
P131,4	1699	1699
P77,4	1700	1700
P71,4	1701	1701
P120,3	1702	1702
P32,4	1703	1703
P142,5	1704	1704
P62,4	1705	1705
P115,3	1706	1706
P100,3	1707	1707
P169,3	1708	1708
P104,4	1709	1709
P183,2	1710	1710
P8,8	1711	1711
P47,5	1712	1712
P114,2	1713	1713
P198,3	1714	1714
P50,6	1715	1715
P196,3	1716	1716
P4,6	1717	1717
P181,2	1718	1718
P145,3	1719	1719
P184,2	1720	1720
P126,3	1721	1721
P59,5	1722	1722
P11,7	1723	1723
P187,2	1724	1724
P199,3	1725	1725
P64,5	1726	1726
P27,5	1727	1727
P135,4	1728	1728
P108,4	1729	1729
P5,10	1730	1730
P26,6	1731	1731
P39,6	1732	1732
P97,5	1733	1733
P99,4	1734	1734
P133,4	1735	1735
P188,2	1736	1736
P57,6	1737	1737
P192,4	1738	1738
P162,2	1739	1739
P48,5	1740	1740
P173,4	1741	1741
P167,3	1742	1742
P1,7	1743	1743
P14,7	1744	1744
P40,5	1745	1745
P72,4	1746	1746
P45,4	1747	1747
P175,5	1748	1748
P83,5	1749	1749
P168,4	1750	1750
P90,4	1751	1751
P121,6	1752	1752
P155,3	1753	1753
P149,3	1754	1754
P15,7	1755	1755
P86,5	1756	1756
P107,3	1757	1757
P65,6	1758	1758
P166,4	1759	1759
P106,4	1760	1760
P31,5	1761	1761
P128,3	1762	1762
P9,8	1763	1763
P161,3	1764	1764
P73,4	1765	1765
P29,7	1766	1766
P67,6	1767	1767
P156,3	1768	1768
P150,3	1769	1769
P122,4	1770	1770
P129,3	1771	1771
P24,7	1772	1772
P10,8	1773	1773
P102,4	1774	1774
P154,3	1775	1775
P51,5	1776	1776
P109,3	1777	1777
P143,2	1778	1778
P54,5	1779	1779
P146,4	1780	1780
P158,3	1781	1781
P125,3	1782	1782
P194,3	1783	1783
P46,4	1784	1784
P105,5	1785	1785
P191,3	1786	1786
P32,4	1787	1787
P55,5	1788	1788
P62,4	1789	1789
P152,2	1790	1790
P185,4	1791	1791
P169,3	1792	1792
P186,4	1793	1793
P153,5	1794	1794
P79,4	1795	1795
P80,4	1796	1796
P132,4	1797	1797
P50,6	1798	1798
P111,5	1799	1799
P4,6	1800	1800
P145,3	1801	1801
P119,4	1802	1802
P126,3	1803	1803
P59,5	1804	1804
P70,4	1805	1805
P16,8	1806	1806
P116,4	1807	1807
P60,4	1808	1808
P182,2	1809	1809
P124,4	1810	1810
P141,4	1811	1811
P98,4	1812	1812
P127,3	1813	1813
P97,5	1814	1814
P99,4	1815	1815
P163,3	1816	1816
P188,2	1817	1817
P23,7	1818	1818
P57,6	1819	1819
P192,4	1820	1820
P148,3	1821	1821
P52,6	1822	1822
P3,8	1823	1823
P144,3	1824	1824
P69,5	1825	1825
P160,4	1826	1826
P177,4	1827	1827
P165,6	1828	1828
P45,4	1829	1829
P37,7	1830	1830
P134,5	1831	1831
P120,4	1832	1832
P168,4	1833	1833
P90,4	1834	1834
P147,3	1835	1835
P151,3	1836	1836
P94,4	1837	1837
P114,3	1838	1838
P15,7	1839	1839
P86,5	1840	1840
P118,3	1841	1841
P65,6	1842	1842
P64,6	1843	1843
P123,4	1844	1844
P53,5	1845	1845
P95,3	1846	1846
P100,4	1847	1847
P112,4	1848	1848
P93,4	1849	1849
P20,9	1850	1850
P72,5	1851	1851
P67,6	1852	1852
P200,3	1853	1853
P110,4	1854	1854
P178,3	1855	1855
P61,5	1856	1856
P24,7	1857	1857
P2,7	1858	1858
P84,4	1859	1859
P184,3	1860	1860
P154,3	1861	1861
P51,5	1862	1862
P171,4	1863	1863
P146,4	1864	1864
P125,3	1865	1865
P194,3	1866	1866
P46,4	1867	1867
P105,5	1868	1868
P71,4	1869	1869
P96,3	1870	1870
P176,4	1871	1871
P39,7	1872	1872
P62,4	1873	1873
P115,3	1874	1874
P91,4	1875	1875
P104,4	1876	1876
P183,2	1877	1877
P117,4	1878	1878
P8,8	1879	1879
P81,5	1880	1880
P18,6	1881	1881
P157,4	1882	1882
P164,3	1883	1883
P181,2	1884	1884
P137,4	1885	1885
P126,3	1886	1886
P40,6	1887	1887
P70,4	1888	1888
P60,4	1889	1889
P124,4	1890	1890
P141,4	1891	1891
P193,3	1892	1892
P26,6	1893	1893
P198,4	1894	1894
P49,6	1895	1895
P33,7	1896	1896
P12,7	1897	1897
P66,6	1898	1898
P113,5	1899	1899
P138,4	1900	1900
P52,6	1901	1901
P58,6	1902	1902
P174,4	1903	1903
P144,3	1904	1904
P167,3	1905	1905
P119,5	1906	1906
P160,4	1907	1907
P177,4	1908	1908
P165,6	1909	1909
P37,7	1910	1910
P134,5	1911	1911
P83,5	1912	1912
P136,6	1913	1913
P168,4	1914	1914
P90,4	1915	1915
P147,3	1916	1916
P151,3	1917	1917
P94,4	1918	1918
P114,3	1919	1919
P188,3	1920	1920
P182,3	1921	1921
P139,4	1922	1922
P142,6	1923	1923
P116,5	1924	1924
P5,11	1925	1925
P166,4	1926	1926
P106,4	1927	1927
P128,3	1928	1928
P173,5	1929	1929
P4,7	1930	1930
P79,5	1931	1931
P20,9	1932	1932
P162,3	1933	1933
P72,5	1934	1934
P195,4	1935	1935
P48,6	1936	1936
P110,4	1937	1937
P178,3	1938	1938
P45,5	1939	1939
P129,3	1940	1940
P172,4	1941	1941
P184,3	1942	1942
P75,5	1943	1943
P118,4	1944	1944
P51,5	1945	1945
P171,4	1946	1946
P146,4	1947	1947
P127,4	1948	1948
P56,5	1949	1949
P77,4	1950	1950
P107,4	1951	1951
P32,4	1952	1952
P55,5	1953	1953
P163,4	1954	1954
P74,5	1955	1955
P185,4	1956	1956
P104,4	1957	1957
P186,4	1958	1958
P117,4	1959	1959
P73,5	1960	1960
P18,6	1961	1961
P157,4	1962	1962
P143,3	1963	1963
P145,3	1964	1964
P82,6	1965	1965
P87,4	1966	1966
P103,5	1967	1967
P60,4	1968	1968
P124,4	1969	1969
P141,4	1970	1970
P193,3	1971	1971
P26,6	1972	1972
P99,4	1973	1973
P86,6	1974	1974
P133,4	1975	1975
P39,8	1976	1976
P66,6	1977	1977
P197,4	1978	1978
P152,3	1979	1979
P52,6	1980	1980
P158,4	1981	1981
P156,4	1982	1982
P174,4	1983	1983
P144,3	1984	1984
P25,7	1985	1985
P119,5	1986	1986
P160,4	1987	1987
P177,4	1988	1988
P165,6	1989	1989
P88,5	1990	1990
P131,5	1991	1991
P83,5	1992	1992
P136,6	1993	1993
P130,4	1994	1994
P168,4	1995	1995
P63,7	1996	1996
P71,5	1997	1997
P62,5	1998	1998
P114,3	1999	1999
P191,4	2000	2000
P8,9	2001	2001
P11,8	2002	2002
P142,6	2003	2003
P81,6	2004	2004
P5,11	2005	2005
P166,4	2006	2006
P126,4	2007	2007
P128,3	2008	2008
P173,5	2009	2009
P112,4	2010	2010
P93,4	2011	2011
P181,3	2012	2012
P57,7	2013	2013
P187,3	2014	2014
P23,8	2015	2015
P29,7	2016	2016
P200,3	2017	2017
P178,3	2018	2018
P45,5	2019	2019
P172,4	2020	2020
P184,3	2021	2021
P75,5	2022	2022
P118,4	2023	2023
P155,4	2024	2024
P171,4	2025	2025
P146,4	2026	2026
P127,4	2027	2027
P105,5	2028	2028
P140,5	2029	2029
P55,5	2030	2030
P163,4	2031	2031
P175,6	2032	2032
P195,5	2033	2033
P186,4	2034	2034
P153,5	2035	2035
P73,5	2036	2036
P18,6	2037	2037
P47,7	2038	2038
P111,5	2039	2039
P167,4	2040	2040
P125,4	2041	2041
P137,4	2042	2042
P30,7	2043	2043
P161,4	2044	2044
P103,5	2045	2045
P199,3	2046	2046
P31,6	2047	2047
P170,5	2048	2048
P151,4	2049	2049
P99,4	2050	2050
P86,6	2051	2051
P24,8	2052	2052
P188,4	2053	2053
P39,8	2054	2054
P9,9	2055	2055
P113,5	2056	2056
P138,4	2057	2057
P158,4	2058	2058
P46,5	2059	2059
P156,4	2060	2060
P3,8	2061	2061
P102,5	2062	2062
P51,6	2063	2063
P119,5	2064	2064
P104,5	2065	2065
P177,4	2066	2066
P165,6	2067	2067
P70,5	2068	2068
P87,5	2069	2069
P77,5	2070	2070
P98,5	2071	2071
P83,5	2072	2072
P136,6	2073	2073
P130,4	2074	2074
P168,4	2075	2075
P183,3	2076	2076
P10,9	2077	2077
P71,5	2078	2078
P149,3	2079	2079
P59,6	2080	2080
P91,5	2081	2081
P182,3	2082	2082
P142,6	2083	2083
P81,6	2084	2084
P5,11	2085	2085
P176,5	2086	2086
P160,5	2087	2087
P100,4	2088	2088
P164,4	2089	2089
P169,4	2090	2090
P79,5	2091	2091
P20,9	2092	2092
P162,3	2093	2093
P72,5	2094	2094
P29,7	2095	2095
P110,4	2096	2096
P14,8	2097	2097
P90,5	2098	2098
P135,5	2099	2099
P184,3	2100	2100
P159,3	2101	2101
P198,5	2102	2102
P144,4	2103	2103
P154,3	2104	2104
P35,6	2105	2105
P60,5	2106	2106
P127,4	2107	2107
P105,5	2108	2108
P140,5	2109	2109
P92,5	2110	2110
P175,6	2111	2111
P195,5	2112	2112
P85,8	2113	2113
P73,5	2114	2114
P132,4	2115	2115
P147,4	2116	2116
P101,5	2117	2117
P128,4	2118	2118
P167,4	2119	2119
P125,4	2120	2120
P82,6	2121	2121
P129,4	2122	2122
P103,5	2123	2123
P199,3	2124	2124
P31,6	2125	2125
P170,5	2126	2126
P151,4	2127	2127
P26,6	2128	2128
P106,5	2129	2129
P49,6	2130	2130
P123,5	2131	2131
P24,8	2132	2132
P33,7	2133	2133
P12,7	2134	2134
P113,5	2135	2135
P158,4	2136	2136
P46,5	2137	2137
P156,4	2138	2138
P53,6	2139	2139
P174,4	2140	2140
P69,5	2141	2141
P200,4	2142	2142
P104,5	2143	2143
P109,4	2144	2144
P122,6	2145	2145
P88,5	2146	2146
P131,5	2147	2147
P98,5	2148	2148
P83,5	2149	2149
P136,6	2150	2150
P96,4	2151	2151
P55,6	2152	2152
P115,4	2153	2153
P63,7	2154	2154
P19,7	2155	2155
P114,3	2156	2156
P191,4	2157	2157
P171,5	2158	2158
P8,9	2159	2159
P194,4	2160	2160
P116,5	2161	2161
P192,5	2162	2162
P40,7	2163	2163
P66,7	2164	2164
P28,7	2165	2165
P173,5	2166	2166
P18,7	2167	2167
P79,5	2168	2168
P181,3	2169	2169
P120,5	2170	2170
P187,3	2171	2171
P117,5	2172	2172
P29,7	2173	2173
P110,4	2174	2174
P14,8	2175	2175
P161,5	2176	2176
P90,5	2177	2177
P135,5	2178	2178
P184,3	2179	2179
P102,6	2180	2180
P190,3	2181	2181
P94,5	2182	2182
P118,4	2183	2183
P108,5	2184	2184
P95,4	2185	2185
P105,5	2186	2186
P107,4	2187	2187
P149,4	2188	2188
P175,6	2189	2189
P73,5	2190	2190
P147,4	2191	2191
P101,5	2192	2192
P111,5	2193	2193
P143,3	2194	2194
P2,8	2195	2195
P137,4	2196	2196
P30,7	2197	2197
P37,8	2198	2198
P199,3	2199	2199
P50,8	2200	2200
P193,3	2201	2201
P126,5	2202	2202
P182,4	2203	2203
P99,4	2204	2204
P23,9	2205	2205
P123,5	2206	2206
P57,8	2207	2207
P33,7	2208	2208
P12,7	2209	2209
P152,3	2210	2210
P64,7	2211	2211
P127,5	2212	2212
P166,5	2213	2213
P3,8	2214	2214
P84,7	2215	2215
P69,5	2216	2216
P185,5	2217	2217
P104,5	2218	2218
P80,5	2219	2219
P132,5	2220	2220
P122,6	2221	2221
P195,6	2222	2222
P88,5	2223	2223
P87,5	2224	2224
P77,5	2225	2225
P83,5	2226	2226
P136,6	2227	2227
P130,4	2228	2228
P153,6	2229	2229
P115,4	2230	2230
P63,7	2231	2231
P19,7	2232	2232
P114,3	2233	2233
P59,6	2234	2234
P91,5	2235	2235
P9,10	2236	2236
P49,7	2237	2237
P194,4	2238	2238
P116,5	2239	2239
P192,5	2240	2240
P40,7	2241	2241
P66,7	2242	2242
P28,7	2243	2243
P164,4	2244	2244
P68,6	2245	2245
P79,5	2246	2246
P120,5	2247	2247
P187,3	2248	2248
P117,5	2249	2249
P29,7	2250	2250
P110,4	2251	2251
P178,3	2252	2252
P145,4	2253	2253
P45,5	2254	2254
P135,5	2255	2255
P134,6	2256	2256
P141,6	2257	2257
P144,4	2258	2258
P168,5	2259	2259
P180,4	2260	2260
P108,5	2261	2261
P197,5	2262	2262
P105,5	2263	2263
P107,4	2264	2264
P148,4	2265	2265
P175,6	2266	2266
P138,5	2267	2267
P47,7	2268	2268
P70,6	2269	2269
P128,4	2270	2270
P183,4	2271	2271
P2,8	2272	2272
P137,4	2273	2273
P53,7	2274	2274
P37,8	2275	2275
P50,8	2276	2276
P126,5	2277	2277
P190,4	2278	2278
P99,4	2279	2279
P23,9	2280	2280
P123,5	2281	2281
P188,4	2282	2282
P39,8	2283	2283
P75,6	2284	2284
P158,4	2285	2285
P46,5	2286	2286
P156,4	2287	2287
P78,6	2288	2288
P184,4	2289	2289
P51,6	2290	2290
P200,4	2291	2291
P186,5	2292	2292
P35,7	2293	2293
P109,4	2294	2294
P165,6	2295	2295
P159,4	2296	2296
P129,5	2297	2297
P61,6	2298	2298
P31,7	2299	2299
P181,4	2300	2300
P77,5	2301	2301
P155,5	2302	2302
P199,4	2303	2303
P130,4	2304	2304
P153,6	2305	2305
P115,4	2306	2306
P57,9	2307	2307
P114,3	2308	2308
P62,7	2309	2309
P59,6	2310	2310
P171,5	2311	2311
P8,9	2312	2312
P194,4	2313	2313
P116,5	2314	2314
P40,7	2315	2315
P66,7	2316	2316
P28,7	2317	2317
P100,4	2318	2318
P18,7	2319	2319
P167,5	2320	2320
P120,5	2321	2321
P187,3	2322	2322
P72,5	2323	2323
P124,5	2324	2324
P63,8	2325	2325
P112,6	2326	2326
P174,5	2327	2327
P45,5	2328	2328
P90,5	2329	2329
P150,5	2330	2330
P102,6	2331	2331
P144,4	2332	2332
P168,5	2333	2333
P108,5	2334	2334
P95,4	2335	2335
P25,8	2336	2336
P119,6	2337	2337
P91,6	2338	2338
P138,5	2339	2339
P47,7	2340	2340
P70,6	2341	2341
P143,3	2342	2342
P173,6	2343	2343
P58,7	2344	2344
P146,6	2345	2345
P81,7	2346	2346
P151,4	2347	2347
P20,10	2348	2348
P154,4	2349	2349
P178,4	2350	2350
P23,9	2351	2351
P24,8	2352	2352
P48,7	2353	2353
P12,7	2354	2354
P46,5	2355	2355
P156,4	2356	2356
P166,5	2357	2357
P94,6	2358	2358
P184,4	2359	2359
P51,6	2360	2360
P185,5	2361	2361
P104,5	2362	2362
P110,5	2363	2363
P80,5	2364	2364
P93,5	2365	2365
P132,5	2366	2366
P159,4	2367	2367
P129,5	2368	2368
P31,7	2369	2369
P181,4	2370	2370
P77,5	2371	2371
P155,5	2372	2372
P96,4	2373	2373
P55,6	2374	2374
P30,8	2375	2375
P99,5	2376	2376
P57,9	2377	2377
P172,5	2378	2378
P113,6	2379	2379
P191,4	2380	2380
P177,6	2381	2381
P8,9	2382	2382
P49,7	2383	2383
P116,5	2384	2384
P192,5	2385	2385
P163,5	2386	2386
P37,9	2387	2387
P66,7	2388	2388
P28,7	2389	2389
P100,4	2390	2390
P68,6	2391	2391
P79,5	2392	2392
P187,3	2393	2393
P72,5	2394	2394
P63,8	2395	2395
P170,6	2396	2396
P145,4	2397	2397
P161,5	2398	2398
P182,5	2399	2399
P135,5	2400	2400
P64,8	2401	2401
P102,6	2402	2402
P198,5	2403	2403
P193,4	2404	2404
P108,5	2405	2405
P95,4	2406	2406
P19,8	2407	2407
P119,6	2408	2408
P148,4	2409	2409
P138,5	2410	2410
P47,7	2411	2411
P70,6	2412	2412
P143,3	2413	2413
P183,4	2414	2414
P58,7	2415	2415
P146,6	2416	2416
P81,7	2417	2417
P59,7	2418	2418
P151,4	2419	2419
P20,10	2420	2420
P190,4	2421	2421
P165,7	2422	2422
P106,5	2423	2423
P123,5	2424	2424
P188,4	2425	2425
P39,8	2426	2426
P127,5	2427	2427
P124,6	2428	2428
P78,6	2429	2429
P184,4	2430	2430
P51,6	2431	2431
P185,5	2432	2432
P104,5	2433	2433
P110,5	2434	2434
P93,5	2435	2435
P117,6	2436	2436
P195,6	2437	2437
P61,6	2438	2438
P181,4	2439	2439
P125,5	2440	2440
P155,5	2441	2441
P130,4	2442	2442
P85,9	2443	2443
P133,7	2444	2444
P45,6	2445	2445
P12,8	2446	2446
P172,5	2447	2447
P113,6	2448	2448
P171,5	2449	2449
P9,10	2450	2450
P49,7	2451	2451
P116,5	2452	2452
P192,5	2453	2453
P163,5	2454	2454
P28,7	2455	2455
P3,9	2456	2456
P167,5	2457	2457
P159,5	2458	2458
P26,7	2459	2459
P63,8	2460	2460
P88,6	2461	2461
P112,6	2462	2462
P175,7	2463	2463
P2,9	2464	2464
P136,7	2465	2465
P135,5	2466	2466
P64,8	2467	2467
P134,6	2468	2468
P75,7	2469	2469
P193,4	2470	2470
P25,8	2471	2471
P152,4	2472	2472
P176,6	2473	2473
P138,5	2474	2474
P47,7	2475	2475
P128,4	2476	2476
P33,8	2477	2477
P142,7	2478	2478
P173,6	2479	2479
P162,4	2480	2480
P72,6	2481	2481
P114,4	2482	2482
P164,5	2483	2483
P126,5	2484	2484
P109,5	2485	2485
P190,4	2486	2486
P150,6	2487	2487
P106,5	2488	2488
P140,7	2489	2489
P188,4	2490	2490
P66,8	2491	2491
P96,5	2492	2492
P78,6	2493	2493
P184,4	2494	2494
P51,6	2495	2495
P186,5	2496	2496
P35,7	2497	2497
P98,7	2498	2498
P117,6	2499	2499
P122,6	2500	2500
P108,6	2501	2501
P129,5	2502	2502
P100,5	2503	2503
P181,4	2504	2504
P77,5	2505	2505
P155,5	2506	2506
P85,9	2507	2507
P115,4	2508	2508
P57,9	2509	2509
P60,6	2510	2510
P62,7	2511	2511
P73,7	2512	2512
P70,7	2513	2513
P86,7	2514	2514
P156,5	2515	2515
P9,10	2516	2516
P69,6	2517	2517
P90,6	2518	2518
P168,6	2519	2519
P24,9	2520	2520
P28,7	2521	2521
P53,8	2522	2522
P154,5	2523	2523
P120,5	2524	2524
P48,8	2525	2525
P63,8	2526	2526
P141,8	2527	2527
P95,5	2528	2528
P170,6	2529	2529
P145,4	2530	2530
P46,6	2531	2531
P127,6	2532	2532
P182,5	2533	2533
P30,9	2534	2534
P105,7	2535	2535
P191,5	2536	2536
P25,8	2537	2537
P152,4	2538	2538
P176,6	2539	2539
P158,5	2540	2540
P33,8	2541	2541
P142,7	2542	2542
P173,6	2543	2543
P58,7	2544	2544
P146,6	2545	2545
P114,4	2546	2546
P14,9	2547	2547
P161,6	2548	2548
P174,6	2549	2549
P150,6	2550	2550
P178,4	2551	2551
P123,5	2552	2552
P8,10	2553	2553
P187,4	2554	2554
P94,6	2555	2555
P84,7	2556	2556
P102,7	2557	2557
P40,8	2558	2558
P93,5	2559	2559
P130,5	2560	2560
P117,6	2561	2561
P108,6	2562	2562
P81,8	2563	2563
P55,7	2564	2564
P100,5	2565	2565
P128,5	2566	2566
P181,4	2567	2567
P147,5	2568	2568
P149,5	2569	2569
P199,4	2570	2570
P133,7	2571	2571
P132,7	2572	2572
P172,5	2573	2573
P73,7	2574	2574
P47,8	2575	2575
P151,5	2576	2576
P171,5	2577	2577
P186,6	2578	2578
P9,10	2579	2579
P69,6	2580	2580
P90,6	2581	2581
P168,6	2582	2582
P163,5	2583	2583
P134,7	2584	2584
P23,10	2585	2585
P3,9	2586	2586
P167,5	2587	2587
P26,7	2588	2588
P61,7	2589	2589
P118,7	2590	2590
P200,5	2591	2591
P88,6	2592	2592
P80,6	2593	2593
P112,6	2594	2594
P164,6	2595	2595
P46,6	2596	2596
P127,6	2597	2597
P182,5	2598	2598
P30,9	2599	2599
P75,7	2600	2600
P25,8	2601	2601
P152,4	2602	2602
P91,6	2603	2603
P131,6	2604	2604
P183,4	2605	2605
P111,7	2606	2606
P124,7	2607	2607
P166,6	2608	2608
P146,6	2609	2609
P114,4	2610	2610
P14,9	2611	2611
P109,5	2612	2612
P57,10	2613	2613
P150,6	2614	2614
P178,4	2615	2615
P140,7	2616	2616
P120,6	2617	2617
P187,4	2618	2618
P96,5	2619	2619
P156,6	2620	2620
P116,6	2621	2621
P102,7	2622	2622
P185,5	2623	2623
P35,7	2624	2624
P98,7	2625	2625
P18,8	2626	2626
P77,6	2627	2627
P81,8	2628	2628
P55,7	2629	2629
P138,6	2630	2630
P159,6	2631	2631
P181,4	2632	2632
P147,5	2633	2633
P149,5	2634	2634
P199,4	2635	2635
P133,7	2636	2636
P132,7	2637	2637
P39,9	2638	2638
P137,6	2639	2639
P37,10	2640	2640
P70,7	2641	2641
P86,7	2642	2642
P68,7	2643	2643
P177,6	2644	2644
P69,6	2645	2645
P101,6	2646	2646
P163,5	2647	2647
P23,10	2648	2648
P3,9	2649	2649
P154,5	2650	2650
P78,7	2651	2651
P48,8	2652	2652
P118,7	2653	2653
P195,7	2654	2654
P95,5	2655	2655
P112,6	2656	2656
P145,4	2657	2657
P46,6	2658	2658
P127,6	2659	2659
P184,5	2660	2660
P117,7	2661	2661
P75,7	2662	2662
P25,8	2663	2663
P152,4	2664	2664
P91,6	2665	2665
P62,8	2666	2666
P142,7	2667	2667
P124,7	2668	2668
P166,6	2669	2669
P66,10	2670	2670
P51,7	2671	2671
P114,4	2672	2672
P14,9	2673	2673
P109,5	2674	2674
P168,7	2675	2675
P150,6	2676	2676
P178,4	2677	2677
P140,7	2678	2678
P8,10	2679	2679
P190,6	2680	2680
P187,4	2681	2681
P172,6	2682	2682
P84,7	2683	2683
P12,9	2684	2684
P182,6	2685	2685
P40,8	2686	2686
P31,8	2687	2687
P98,7	2688	2688
P18,8	2689	2689
P77,6	2690	2690
P81,8	2691	2691
P55,7	2692	2692
P138,6	2693	2693
P159,6	2694	2694
P192,6	2695	2695
P111,8	2696	2696
P85,9	2697	2697
P45,6	2698	2698
P176,7	2699	2699
P49,8	2700	2700
P137,6	2701	2701
P37,10	2702	2702
P70,7	2703	2703
P86,7	2704	2704
P177,6	2705	2705
P69,6	2706	2706
P90,6	2707	2707
P106,6	2708	2708
P23,10	2709	2709
P3,9	2710	2710
P154,5	2711	2711
P116,7	2712	2712
P48,8	2713	2713
P118,7	2714	2714
P200,5	2715	2715
P174,7	2716	2716
P95,5	2717	2717
P148,5	2718	2718
P46,6	2719	2719
P107,5	2720	2720
P136,7	2721	2721
P30,9	2722	2722
P105,7	2723	2723
P19,8	2724	2724
P144,6	2725	2725
P131,6	2726	2726
P183,4	2727	2727
P115,5	2728	2728
P58,7	2729	2729
P123,6	2730	2730
P162,4	2731	2731
P72,6	2732	2732
P59,7	2733	2733
P161,6	2734	2734
P168,7	2735	2735
P150,6	2736	2736
P79,6	2737	2737
P140,7	2738	2738
P8,10	2739	2739
P120,6	2740	2740
P187,4	2741	2741
P172,6	2742	2742
P102,7	2743	2743
P158,6	2744	2744
P31,8	2745	2745
P98,7	2746	2746
P18,8	2747	2747
P77,6	2748	2748
P24,10	2749	2749
P191,6	2750	2750
P100,5	2751	2751
P167,6	2752	2752
P147,5	2753	2753
P45,6	2754	2754
P176,7	2755	2755
P39,9	2756	2756
P137,6	2757	2757
P37,10	2758	2758
P151,5	2759	2759
P68,7	2760	2760
P69,6	2761	2761
P90,6	2762	2762
P109,6	2763	2763
P3,9	2764	2764
P35,8	2765	2765
P154,5	2766	2766
P26,7	2767	2767
P61,7	2768	2768
P146,7	2769	2769
P195,7	2770	2770
P88,6	2771	2771
P80,6	2772	2772
P12,10	2773	2773
P107,5	2774	2774
P185,6	2775	2775
P30,9	2776	2776
P130,6	2777	2777
P19,8	2778	2778
P144,6	2779	2779
P91,6	2780	2780
P62,8	2781	2781
P142,7	2782	2782
P124,7	2783	2783
P177,7	2784	2784
P72,6	2785	2785
P133,8	2786	2786
P59,7	2787	2787
P181,5	2788	2788
P161,6	2789	2789
P168,7	2790	2790
P165,7	2791	2791
P79,6	2792	2792
P140,7	2793	2793
P8,10	2794	2794
P156,7	2795	2795
P190,6	2796	2796
P113,7	2797	2797
P163,6	2798	2798
P102,7	2799	2799
P158,6	2800	2800
P31,8	2801	2801
P199,5	2802	2802
P81,8	2803	2803
P101,7	2804	2804
P193,5	2805	2805
P167,6	2806	2806
P45,6	2807	2807
P132,7	2808	2808
P39,9	2809	2809
P137,6	2810	2810
P47,8	2811	2811
P188,6	2812	2812
P151,5	2813	2813
P68,7	2814	2814
P96,6	2815	2815
P136,8	2816	2816
P23,10	2817	2817
P3,9	2818	2818
P35,8	2819	2819
P64,9	2820	2820
P48,8	2821	2821
P78,8	2822	2822
P200,5	2823	2823
P174,7	2824	2824
P95,5	2825	2825
P12,10	2826	2826
P107,5	2827	2827
P184,5	2828	2828
P25,9	2829	2829
P144,6	2830	2830
P178,5	2831	2831
P62,8	2832	2832
P73,8	2833	2833
P115,5	2834	2834
P166,6	2835	2835
P51,7	2836	2836
P84,8	2837	2837
P93,6	2838	2838
P59,7	2839	2839
P135,7	2840	2840
P100,6	2841	2841
P168,7	2842	2842
P119,8	2843	2843
P128,6	2844	2844
P191,7	2845	2845
P8,10	2846	2846
P116,8	2847	2847
P77,7	2848	2848
P190,6	2849	2849
P187,4	2850	2850
P69,7	2851	2851
P163,6	2852	2852
P28,8	2853	2853
P91,7	2854	2854
P158,6	2855	2855
P98,7	2856	2856
P129,6	2857	2857
P109,7	2858	2858
P101,7	2859	2859
P159,6	2860	2860
P49,8	2861	2861
P147,6	2862	2862
P47,8	2863	2863
P188,6	2864	2864
P68,7	2865	2865
P143,4	2866	2866
P146,8	2867	2867
P136,8	2868	2868
P3,9	2869	2869
P35,8	2870	2870
P154,5	2871	2871
P61,7	2872	2872
P111,10	2873	2873
P200,5	2874	2874
P174,7	2875	2875
P12,10	2876	2876
P30,9	2877	2877
P130,6	2878	2878
P178,5	2879	2879
P62,8	2880	2880
P108,7	2881	2881
P142,7	2882	2882
P51,7	2883	2883
P72,6	2884	2884
P162,5	2885	2885
P161,7	2886	2886
P135,7	2887	2887
P64,10	2888	2888
P100,6	2889	2889
P192,7	2890	2890
P175,9	2891	2891
P145,6	2892	2892
P79,6	2893	2893
P191,7	2894	2894
P103,8	2895	2895
P70,8	2896	2896
P156,7	2897	2897
P171,7	2898	2898
P113,7	2899	2899
P88,7	2900	2900
P163,6	2901	2901
P28,8	2902	2902
P91,7	2903	2903
P193,6	2904	2904
P176,8	2905	2905
P98,7	2906	2906
P101,7	2907	2907
P132,8	2908	2908
P49,8	2909	2909
P137,6	2910	2910
P58,8	2911	2911
P37,10	2912	2912
P148,6	2913	2913
P57,11	2914	2914
P146,8	2915	2915
P136,8	2916	2916
P195,8	2917	2917
P120,7	2918	2918
P78,8	2919	2919
P118,7	2920	2920
P174,7	2921	2921
P30,9	2922	2922
P167,7	2923	2923
P117,8	2924	2924
P185,7	2925	2925
P108,7	2926	2926
P73,8	2927	2927
P51,7	2928	2928
P93,7	2929	2929
P162,5	2930	2930
P161,7	2931	2931
P64,10	2932	2932
P182,7	2933	2933
P192,7	2934	2934
P119,8	2935	2935
P140,8	2936	2936
P128,6	2937	2937
P190,7	2938	2938
P70,8	2939	2939
P116,8	2940	2940
P113,7	2941	2941
P163,6	2942	2942
P68,8	2943	2943
P28,8	2944	2944
P91,7	2945	2945
P193,6	2946	2946
P176,8	2947	2947
P129,7	2948	2948
P199,5	2949	2949
P159,6	2950	2950
P55,8	2951	2951
P49,8	2952	2952
P137,6	2953	2953
P58,8	2954	2954
P95,6	2955	2955
P188,6	2956	2956
P124,8	2957	2957
P96,6	2958	2958
P136,8	2959	2959
P120,7	2960	2960
P69,8	2961	2961
P26,8	2962	2962
P167,7	2963	2963
P35,9	2964	2964
P111,11	2965	2965
P114,5	2966	2966
P178,5	2967	2967
P107,6	2968	2968
P108,7	2969	2969
P184,6	2970	2970
P168,8	2971	2971
P3,10	2972	2972
P84,8	2973	2973
P151,6	2974	2974
P142,8	2975	2975
P166,7	2976	2976
P133,9	2977	2977
P145,6	2978	2978
P158,7	2979	2979
P191,7	2980	2980
P154,6	2981	2981
P70,8	2982	2982
P77,7	2983	2983
P80,8	2984	2984
P68,8	2985	2985
P127,7	2986	2986
P91,7	2987	2987
P98,8	2988	2988
P193,6	2989	2989
P176,8	2990	2990
P200,6	2991	2991
P103,9	2992	2992
P101,7	2993	2993
P187,5	2994	2994
P49,8	2995	2995
P58,8	2996	2996
P95,6	2997	2997
P188,6	2998	2998
P124,8	2999	2999
P146,8	3000	3000
P120,7	3001	3001
P69,8	3002	3002
P149,7	3003	3003
P53,9	3004	3004
P112,8	3005	3005
P163,7	3006	3006
P100,7	3007	3007
P117,8	3008	3008
P185,7	3009	3009
P177,8	3010	3010
P108,7	3011	3011
P72,7	3012	3012
P73,8	3013	3013
P3,10	3014	3014
P84,8	3015	3015
P151,6	3016	3016
P181,6	3017	3017
P37,11	3018	3018
P192,7	3019	3019
P30,10	3020	3020
P51,8	3021	3021
P191,7	3022	3022
P154,6	3023	3023
P90,7	3024	3024
P109,8	3025	3025
P88,7	3026	3026
P47,9	3027	3027
P68,8	3028	3028
P127,7	3029	3029
P8,11	3030	3030
P40,9	3031	3031
P45,7	3032	3032
P200,6	3033	3033
P199,5	3034	3034
P118,8	3035	3035
P132,8	3036	3036
P123,7	3037	3037
P147,6	3038	3038
P95,6	3039	3039
P182,8	3040	3040
P124,8	3041	3041
P57,11	3042	3042
P129,8	3043	3043
P81,9	3044	3044
P78,8	3045	3045
P149,7	3046	3046
P31,9	3047	3047
P112,8	3048	3048
P48,9	3049	3049
P114,5	3050	3050
P178,5	3051	3051
P137,7	3052	3052
P177,8	3053	3053
P152,5	3054	3054
P28,9	3055	3055
P184,6	3056	3056
P130,8	3057	3057
P168,8	3058	3058
P93,7	3059	3059
P151,6	3060	3060
P181,6	3061	3061
P37,11	3062	3062
P166,7	3063	3063
P30,10	3064	3064
P51,8	3065	3065
P191,7	3066	3066
P190,7	3067	3067
P86,9	3068	3068
P109,8	3069	3069
P88,7	3070	3070
P188,7	3071	3071
P47,9	3072	3072
P53,10	3073	3073
P127,7	3074	3074
P8,11	3075	3075
P40,9	3076	3076
P45,7	3077	3077
P200,6	3078	3078
P96,7	3079	3079
P103,9	3080	3080
P132,8	3081	3081
P123,7	3082	3082
P119,9	3083	3083
P143,6	3084	3084
P182,8	3085	3085
P159,7	3086	3086
P55,9	3087	3087
P120,7	3088	3088
P26,8	3089	3089
P112,8	3090	3090
P117,8	3091	3091
P185,7	3092	3092
P107,6	3093	3093
P193,7	3094	3094
P152,5	3095	3095
P28,9	3096	3096
P184,6	3097	3097
P176,9	3098	3098
P163,8	3099	3099
P93,7	3100	3100
P151,6	3101	3101
P14,11	3102	3102
P161,7	3103	3103
P171,9	3104	3104
P145,6	3105	3105
P158,7	3106	3106
P69,9	3107	3107
P154,6	3108	3108
P70,8	3109	3109
P88,7	3110	3110
P175,11	3111	3111
P192,8	3112	3112
P114,6	3113	3113
P53,10	3114	3114
P79,7	3115	3115
P98,8	3116	3116
P91,8	3117	3117
P195,9	3118	3118
P133,10	3119	3119
P172,8	3120	3120
P73,9	3121	3121
P132,8	3122	3122
P123,7	3123	3123
P119,9	3124	3124
P143,6	3125	3125
P182,8	3126	3126
P124,8	3127	3127
P146,8	3128	3128
P81,9	3129	3129
P57,12	3130	3130
P31,9	3131	3131
P48,10	3132	3132
P117,8	3133	3133
P107,6	3134	3134
P193,7	3135	3135
P136,9	3136	3136
P47,10	3137	3137
P184,6	3138	3138
P176,9	3139	3139
P163,8	3140	3140
P93,7	3141	3141
P84,9	3142	3142
P161,7	3143	3143
P103,10	3144	3144
P171,9	3145	3145
P158,7	3146	3146
P77,8	3147	3147
P86,9	3148	3148
P88,7	3149	3149
P175,11	3150	3150
P199,6	3151	3151
P192,8	3152	3152
P167,8	3153	3153
P68,8	3154	3154
P127,7	3155	3155
P49,9	3156	3156
P40,9	3157	3157
P195,9	3158	3158
P133,10	3159	3159
P172,8	3160	3160
P101,8	3161	3161
P132,8	3162	3162
P147,6	3163	3163
P182,8	3164	3164
P108,8	3165	3165
P55,9	3166	3166
P57,12	3167	3167
P48,10	3168	3168
P137,7	3169	3169
P177,8	3170	3170
P28,10	3171	3171
P136,9	3172	3172
P47,10	3173	3173
P184,6	3174	3174
P176,9	3175	3175
P163,8	3176	3176
P93,7	3177	3177
P91,9	3178	3178
P161,7	3179	3179
P103,10	3180	3180
P171,9	3181	3181
P128,7	3182	3182
P154,6	3183	3183
P109,8	3184	3184
P178,6	3185	3185
P116,10	3186	3186
P188,7	3187	3187
P167,8	3188	3188
P53,10	3189	3189
P49,9	3190	3190
P40,9	3191	3191
P195,9	3192	3192
P200,6	3193	3193
P96,7	3194	3194
P162,6	3195	3195
P70,9	3196	3196
P132,8	3197	3197
P123,8	3198	3198
P135,8	3199	3199
P124,8	3200	3200
P55,9	3201	3201
P57,12	3202	3202
P137,7	3203	3203
P193,7	3204	3204
P100,8	3205	3205
P119,10	3206	3206
P47,10	3207	3207
P184,6	3208	3208
P130,8	3209	3209
P185,8	3210	3210
P120,8	3211	3211
P91,9	3212	3212
P181,6	3213	3213
P158,8	3214	3214
P103,10	3215	3215
P128,7	3216	3216
P159,8	3217	3217
P109,8	3218	3218
P127,8	3219	3219
P175,11	3220	3220
P145,7	3221	3221
P188,7	3222	3222
P147,7	3223	3223
P53,10	3224	3224
P49,9	3225	3225
P195,9	3226	3226
P96,7	3227	3227
P162,6	3228	3228
P73,9	3229	3229
P123,8	3230	3230
P182,8	3231	3231
P57,12	3232	3232
P31,10	3233	3233
P88,8	3234	3234
P100,8	3235	3235
P136,9	3236	3236
P93,8	3237	3237
P47,10	3238	3238
P112,9	3239	3239
P176,9	3240	3240
P163,8	3241	3241
P84,9	3242	3242
P149,8	3243	3243
P35,10	3244	3244
P158,8	3245	3245
P190,8	3246	3246
P3,11	3247	3247
P159,8	3248	3248
P152,6	3249	3249
P101,9	3250	3250
P175,11	3251	3251
P145,7	3252	3252
P135,9	3253	3253
P188,7	3254	3254
P147,7	3255	3255
P79,7	3256	3256
P168,9	3257	3257
P96,7	3258	3258
P172,8	3259	3259
P73,9	3260	3260
P123,8	3261	3261
P95,7	3262	3262
P187,6	3263	3263
P57,12	3264	3264
P48,10	3265	3265
P88,8	3266	3266
P28,10	3267	3267
P107,7	3268	3268
P166,9	3269	3269
P93,8	3270	3270
P200,7	3271	3271
P26,10	3272	3272
P176,9	3273	3273
P163,8	3274	3274
P120,8	3275	3275
P149,8	3276	3276
P35,10	3277	3277
P158,8	3278	3278
P190,8	3279	3279
P148,8	3280	3280
P152,6	3281	3281
P101,9	3282	3282
P178,6	3283	3283
P116,10	3284	3284
P146,9	3285	3285
P199,6	3286	3286
P167,8	3287	3287
P154,7	3288	3288
P133,10	3289	3289
P193,8	3290	3290
P55,10	3291	3291
P73,9	3292	3292
P100,9	3293	3293
P123,8	3294	3294
P187,6	3295	3295
P57,12	3296	3296
P48,10	3297	3297
P31,10	3298	3298
P98,9	3299	3299
P137,8	3300	3300
P93,8	3301	3301
P200,7	3302	3302
P26,10	3303	3303
P176,9	3304	3304
P51,10	3305	3305
P109,9	3306	3306
P124,9	3307	3307
P68,9	3308	3308
P190,8	3309	3309
P148,8	3310	3310
P152,6	3311	3311
P132,9	3312	3312
P145,7	3313	3313
P135,9	3314	3314
P167,8	3315	3315
P147,7	3316	3316
P168,9	3317	3317
P95,8	3318	3318
P55,10	3319	3319
P100,9	3320	3320
P123,8	3321	3321
P81,10	3322	3322
P57,12	3323	3323
P48,10	3324	3324
P98,9	3325	3325
P93,8	3326	3326
P200,7	3327	3327
P101,10	3328	3328
P26,10	3329	3329
P51,10	3330	3330
P109,9	3331	3331
P124,9	3332	3332
P68,9	3333	3333
P53,11	3334	3334
P107,8	3335	3335
P128,7	3336	3336
P159,8	3337	3337
P182,9	3338	3338
P127,8	3339	3339
P163,9	3340	3340
P79,8	3341	3341
P167,8	3342	3342
P177,9	3343	3343
P154,7	3344	3344
P95,8	3345	3345
P184,7	3346	3346
P123,8	3347	3347
P81,10	3348	3348
P130,9	3349	3349
P98,9	3350	3350
P200,7	3351	3351
P112,9	3352	3352
P199,7	3353	3353
P51,10	3354	3354
P109,9	3355	3355
P124,9	3356	3356
P68,9	3357	3357
P53,11	3358	3358
P107,8	3359	3359
P96,8	3360	3360
P152,6	3361	3361
P35,11	3362	3362
P163,9	3363	3363
P88,9	3364	3364
P172,9	3365	3365
P108,9	3366	3366
P154,7	3367	3367
P95,8	3368	3368
P184,7	3369	3369
P123,8	3370	3370
P187,6	3371	3371
P200,7	3372	3372
P118,10	3373	3373
P26,10	3374	3374
P51,10	3375	3375
P109,9	3376	3376
P124,9	3377	3377
P100,10	3378	3378
P158,8	3379	3379
P28,11	3380	3380
P53,11	3381	3381
P107,8	3382	3382
P96,8	3383	3383
P152,6	3384	3384
P182,9	3385	3385
P119,11	3386	3386
P163,9	3387	3387
P79,8	3388	3388
P135,9	3389	3389
P108,9	3390	3390
P147,7	3391	3391
P168,9	3392	3392
P193,8	3393	3393
P47,11	3394	3394
P187,6	3395	3395
P118,10	3396	3396
P26,10	3397	3397
P51,10	3398	3398
P124,9	3399	3399
P45,9	3400	3400
P68,9	3401	3401
P107,8	3402	3402
P96,8	3403	3403
P152,6	3404	3404
P35,11	3405	3405
P163,9	3406	3406
P79,8	3407	3407
P135,9	3408	3408
P148,9	3409	3409
P101,11	3410	3410
P154,7	3411	3411
P95,8	3412	3412
P162,7	3413	3413
P118,10	3414	3414
P51,10	3415	3415
P45,9	3416	3416
P84,10	3417	3417
P77,11	3418	3418
P96,8	3419	3419
P93,9	3420	3420
P119,11	3421	3421
P81,11	3422	3422
P158,9	3423	3423
P79,8	3424	3424
P28,12	3425	3425
P148,9	3426	3426
P167,9	3427	3427
P154,7	3428	3428
P177,10	3429	3429
P162,7	3430	3430
P118,10	3431	3431
P182,10	3432	3432
P51,10	3433	3433
P109,9	3434	3434
P128,8	3435	3435
P77,11	3436	3436
P96,8	3437	3437
P73,10	3438	3438
P119,11	3439	3439
P98,10	3440	3440
P120,9	3441	3441
P79,8	3442	3442
P145,9	3443	3443
P148,9	3444	3444
P167,9	3445	3445
P200,8	3446	3446
P47,11	3447	3447
P176,10	3448	3448
P182,10	3449	3449
P135,10	3450	3450
P109,9	3451	3451
P45,9	3452	3452
P26,11	3453	3453
P77,11	3454	3454
P184,8	3455	3455
P98,10	3456	3456
P158,9	3457	3457
P88,10	3458	3458
P108,9	3459	3459
P112,10	3460	3460
P147,8	3461	3461
P172,11	3462	3462
P47,11	3463	3463
P118,10	3464	3464
P199,7	3465	3465
P127,9	3466	3466
P45,9	3467	3467
P26,11	3468	3468
P193,9	3469	3469
P95,9	3470	3470
P98,10	3471	3471
P124,10	3472	3472
P96,9	3473	3473
P88,10	3474	3474
P68,10	3475	3475
P112,10	3476	3476
P81,12	3477	3477
P200,8	3478	3478
P199,7	3479	3479
P127,9	3480	3480
P45,9	3481	3481
P26,11	3482	3482
P193,9	3483	3483
P184,8	3484	3484
P168,10	3485	3485
P119,11	3486	3486
P124,10	3487	3487
P73,11	3488	3488
P96,9	3489	3489
P120,9	3490	3490
P108,9	3491	3491
P148,9	3492	3492
P147,8	3493	3493
P172,11	3494	3494
P47,11	3495	3495
P127,9	3496	3496
P53,12	3497	3497
P31,12	3498	3498
P72,10	3499	3499
P48,12	3500	3500
P168,10	3501	3501
P119,11	3502	3502
P51,11	3503	3503
P128,9	3504	3504
P96,9	3505	3505
P120,9	3506	3506
P68,10	3507	3507
P112,10	3508	3508
P172,11	3509	3509
P200,8	3510	3510
P135,10	3511	3511
P53,12	3512	3512
P31,12	3513	3513
P193,9	3514	3514
P184,8	3515	3515
P107,9	3516	3516
P95,9	3517	3517
P77,12	3518	3518
P162,8	3519	3519
P177,11	3520	3520
P128,9	3521	3521
P96,9	3522	3522
P120,9	3523	3523
P148,9	3524	3524
P172,11	3525	3525
P200,8	3526	3526
P135,10	3527	3527
P127,9	3528	3528
P109,10	3529	3529
P48,12	3530	3530
P168,10	3531	3531
P182,11	3532	3532
P177,11	3533	3533
P176,11	3534	3534
P96,9	3535	3535
P120,9	3536	3536
P147,8	3537	3537
P178,8	3538	3538
P119,12	3539	3539
P135,10	3540	3540
P127,9	3541	3541
P109,10	3542	3542
P167,10	3543	3543
P98,11	3544	3544
P88,11	3545	3545
P51,11	3546	3546
P128,9	3547	3547
P47,12	3548	3548
P96,9	3549	3549
P154,9	3550	3550
P79,9	3551	3551
P147,8	3552	3552
P178,8	3553	3553
P119,12	3554	3554
P135,10	3555	3555
P109,10	3556	3556
P167,10	3557	3557
P98,11	3558	3558
P182,11	3559	3559
P177,11	3560	3560
P176,11	3561	3561
P158,10	3562	3562
P154,9	3563	3563
P107,10	3564	3564
P68,10	3565	3565
P119,12	3566	3566
P109,10	3567	3567
P167,10	3568	3568
P98,11	3569	3569
P182,11	3570	3570
P176,11	3571	3571
P47,12	3572	3572
P84,12	3573	3573
P107,10	3574	3574
P178,8	3575	3575
P109,10	3576	3576
P26,12	3577	3577
P88,11	3578	3578
P177,11	3579	3579
P118,12	3580	3580
P158,10	3581	3581
P193,10	3582	3582
P119,12	3583	3583
P26,12	3584	3584
P182,11	3585	3585
P168,11	3586	3586
P118,12	3587	3587
P158,10	3588	3588
P193,10	3589	3589
P26,12	3590	3590
P182,11	3591	3591
P168,11	3592	3592
P118,12	3593	3593
P158,10	3594	3594
P193,10	3595	3595
P119,12	3596	3596
P162,9	3597	3597
P168,11	3598	3598
P96,10	3599	3599
P95,11	3600	3600
P84,12	3601	3601
P135,11	3602	3602
P73,12	3603	3603
P162,9	3604	3604
P127,10	3605	3605
P199,9	3606	3606
P96,10	3607	3607
P95,11	3608	3608
P84,12	3609	3609
P88,12	3610	3610
P135,11	3611	3611
P26,12	3612	3612
P108,11	3613	3613
P199,9	3614	3614
P128,10	3615	3615
P95,11	3616	3616
P88,12	3617	3617
P73,12	3618	3618
P172,12	3619	3619
P167,11	3620	3620
P96,10	3621	3621
P88,12	3622	3622
P73,12	3623	3623
P172,12	3624	3624
P167,11	3625	3625
P95,11	3626	3626
P176,12	3627	3627
P172,12	3628	3628
P167,11	3629	3629
P95,11	3630	3630
P176,12	3631	3631
P199,9	3632	3632
P128,10	3633	3633
P176,12	3634	3634
P193,11	3649	3649
P193,11	3652	3652
P96,11	3665	3666
P128,11	3667	3670
P199,10	3677	3678
P154,11	3679	3682
P109,12	3683	3685
P158,12	3713	3713
P162,11	3715	3717
