CPU0
P1,1	0	2
P2,1	3	3
P3,1	4	4
P2,1	5	5
P4,1	6	6
P3,1	7	7
P2,1	8	8
P4,1	9	9
P5,1	10	10
P3,1	11	11
P2,1	12	12
P4,1	13	13
P5,1	14	14
P3,1	15	15
P2,1	16	16
P6,1	17	17
P4,1	18	18
P5,1	19	19
P3,1	20	20
P2,1	21	21
P6,1	22	22
P7,1	23	23
P4,1	24	24
P5,1	25	25
P3,1	26	26
P2,1	27	27
P8,1	28	28
P6,1	29	29
P9,1	30	30
P4,1	31	31
P5,1	32	32
P10,1	33	33
P8,1	34	34
P1,2	35	35
P6,1	36	36
P11,1	37	37
P12,1	38	38
P5,1	39	39
P10,1	40	40
P13,1	41	41
P1,2	42	42
P6,1	43	43
P11,1	44	44
P14,1	45	45
P12,1	46	46
P15,1	47	47
P5,1	48	48
P16,1	49	49
P17,1	50	50
P13,1	51	51
P6,1	52	52
P11,1	53	53
P18,1	54	54
P19,1	55	55
P12,1	56	56
P15,1	57	57
P17,1	58	58
P20,1	59	59
P13,1	60	60
P6,1	61	61
P7,2	62	62
P18,1	63	63
P2,2	64	64
P8,2	65	65
P21,1	66	66
P12,1	67	67
P4,2	68	68
P17,1	69	69
P22,1	70	70
P20,1	71	71
P13,1	72	72
P7,2	73	73
P23,1	74	74
P18,1	75	75
P2,2	76	76
P8,2	77	77
P21,1	78	78
P12,1	79	79
P24,1	80	80
P4,2	81	81
P1,3	82	82
P17,1	83	83
P22,1	84	84
P20,1	85	85
P13,1	86	86
P7,2	87	87
P25,1	88	88
P14,2	89	89
P23,1	90	90
P2,2	91	91
P8,2	92	92
P21,1	93	93
P26,1	94	94
P12,1	95	95
P27,1	96	96
P24,1	97	97
P3,2	98	98
P10,2	99	99
P1,3	100	100
P28,1	101	101
P16,2	102	102
P17,1	103	103
P9,2	104	104
P22,1	105	105
P20,1	106	106
P29,1	107	107
P30,1	108	108
P31,1	109	109
P25,1	110	110
P5,2	111	111
P23,1	112	112
P2,2	113	113
P15,2	114	114
P32,1	115	115
P21,1	116	116
P26,1	117	117
P12,1	118	118
P27,1	119	119
P24,1	120	120
P3,2	121	121
P33,1	122	122
P10,2	123	123
P34,1	124	124
P28,1	125	125
P16,2	126	126
P17,1	127	127
P9,2	128	128
P22,1	129	129
P35,1	130	130
P18,2	131	131
P11,2	132	132
P29,1	133	133
P13,2	134	134
P30,1	135	135
P36,1	136	136
P31,1	137	137
P25,1	138	138
P5,2	139	139
P19,2	140	140
P23,1	141	141
P37,1	142	142
P15,2	143	143
P32,1	144	144
P6,2	145	145
P21,1	146	146
P26,1	147	147
P38,1	148	148
P12,1	149	149
P27,1	150	150
P24,1	151	151
P39,1	152	152
P3,2	153	153
P33,1	154	154
P40,1	155	155
P41,1	156	156
P10,2	157	157
P34,1	158	158
P42,1	159	159
P16,2	160	160
P43,1	161	161
P17,1	162	162
P9,2	163	163
P44,1	164	164
P35,1	165	165
P45,1	166	166
P18,2	167	167
P46,1	168	168
P29,1	169	169
P4,3	170	170
P13,2	171	171
P30,1	172	172
P8,3	173	173
P47,1	174	174
P31,1	175	175
P25,1	176	176
P7,3	177	177
P19,2	178	178
P48,1	179	179
P37,1	180	180
P15,2	181	181
P32,1	182	182
P49,1	183	183
P21,1	184	184
P50,1	185	185
P26,1	186	186
P14,3	187	187
P1,4	188	188
P27,1	189	189
P51,1	190	190
P28,2	191	191
P24,1	192	192
P39,1	193	193
P3,2	194	194
P33,1	195	195
P52,1	196	196
P40,1	197	197
P11,3	198	198
P41,1	199	199
P10,2	200	200
P20,2	201	201
P34,1	202	202
P42,1	203	203
P53,1	204	204
P16,2	205	205
P43,1	206	206
P22,2	207	207
P9,2	208	208
P44,1	209	209
P54,1	210	210
P35,1	211	211
P2,3	212	212
P45,1	213	213
P55,1	214	214
P18,2	215	215
P46,1	216	216
P56,1	217	217
P29,1	218	218
P6,3	219	219
P4,3	220	220
P13,2	221	221
P8,3	222	222
P57,1	223	223
P36,2	224	224
P47,1	225	225
P31,1	226	226
P38,2	227	227
P7,3	228	228
P23,2	229	229
P48,1	230	230
P58,1	231	231
P37,1	232	232
P15,2	233	233
P32,1	234	234
P59,1	235	235
P49,1	236	236
P60,1	237	237
P21,1	238	238
P12,2	239	239
P17,2	240	240
P26,1	241	241
P14,3	242	242
P5,3	243	243
P1,4	244	244
P61,1	245	245
P27,1	246	246
P62,1	247	247
P51,1	248	248
P28,2	249	249
P24,1	250	250
P63,1	251	251
P39,1	252	252
P3,2	253	253
P33,1	254	254
P52,1	255	255
P40,1	256	256
P64,1	257	257
P65,1	258	258
P11,3	259	259
P41,1	260	260
P66,1	261	261
P30,2	262	262
P20,2	263	263
P67,1	264	264
P34,1	265	265
P42,1	266	266
P68,1	267	267
P16,2	268	268
P43,1	269	269
P22,2	270	270
P9,2	271	271
P69,1	272	272
P54,1	273	273
P35,1	274	274
P2,3	275	275
P45,1	276	276
P55,1	277	277
P70,1	278	278
P25,2	279	279
P18,2	280	280
P46,1	281	281
P56,1	282	282
P6,3	283	283
P4,3	284	284
P71,1	285	285
P13,2	286	286
P8,3	287	287
P57,1	288	288
P36,2	289	289
P72,1	290	290
P47,1	291	291
P7,3	292	292
P23,2	293	293
P73,1	294	294
P74,1	295	295
P75,1	296	296
P76,1	297	297
P77,1	298	298
P10,3	299	299
P15,2	300	300
P19,3	301	301
P32,1	302	302
P59,1	303	303
P78,1	304	304
P50,2	305	305
P60,1	306	306
P21,1	307	307
P12,2	308	308
P79,1	309	309
P17,2	310	310
P53,2	311	311
P26,1	312	312
P14,3	313	313
P5,3	314	314
P1,4	315	315
P61,1	316	316
P80,1	317	317
P44,2	318	318
P27,1	319	319
P62,1	320	320
P51,1	321	321
P28,2	322	322
P38,3	323	323
P63,1	324	324
P81,1	325	325
P37,2	326	326
P39,1	327	327
P33,1	328	328
P29,2	329	329
P52,1	330	330
P82,1	331	331
P40,1	332	332
P64,1	333	333
P83,1	334	334
P65,1	335	335
P84,1	336	336
P11,3	337	337
P41,1	338	338
P66,1	339	339
P30,2	340	340
P85,1	341	341
P67,1	342	342
P49,2	343	343
P34,1	344	344
P42,1	345	345
P58,2	346	346
P68,1	347	347
P86,1	348	348
P43,1	349	349
P22,2	350	350
P31,2	351	351
P48,2	352	352
P9,2	353	353
P87,1	354	354
P69,1	355	355
P3,3	356	356
P54,1	357	357
P35,1	358	358
P2,3	359	359
P88,1	360	360
P45,1	361	361
P55,1	362	362
P70,1	363	363
P25,2	364	364
P18,2	365	365
P89,1	366	366
P46,1	367	367
P56,1	368	368
P6,3	369	369
P4,3	370	370
P71,1	371	371
P90,1	372	372
P8,3	373	373
P20,3	374	374
P57,1	375	375
P36,2	376	376
P72,1	377	377
P47,1	378	378
P91,1	379	379
P7,3	380	380
P23,2	381	381
P92,1	382	382
P73,1	383	383
P74,1	384	384
P75,1	385	385
P76,1	386	386
P77,1	387	387
P93,1	388	388
P94,1	389	389
P15,2	390	390
P95,1	391	391
P96,1	392	392
P19,3	393	393
P32,1	394	394
P59,1	395	395
P16,3	396	396
P78,1	397	397
P97,1	398	398
P98,1	399	399
P99,1	400	400
P12,2	401	401
P100,1	402	402
P24,2	403	403
P79,1	404	404
P17,2	405	405
P53,2	406	406
P101,1	407	407
P14,3	408	408
P1,4	409	409
P61,1	410	410
P102,1	411	411
P80,1	412	412
P44,2	413	413
P103,1	414	414
P62,1	415	415
P51,1	416	416
P104,1	417	417
P105,1	418	418
P106,1	419	419
P28,2	420	420
P38,3	421	421
P81,1	422	422
P37,2	423	423
P39,1	424	424
P107,1	425	425
P33,1	426	426
P108,1	427	427
P29,2	428	428
P82,1	429	429
P109,1	430	430
P83,1	431	431
P13,3	432	432
P65,1	433	433
P84,1	434	434
P110,1	435	435
P11,3	436	436
P41,1	437	437
P66,1	438	438
P111,1	439	439
P50,3	440	440
P30,2	441	441
P85,1	442	442
P67,1	443	443
P49,2	444	444
P112,1	445	445
P34,1	446	446
P42,1	447	447
P58,2	448	448
P113,1	449	449
P68,1	450	450
P86,1	451	451
P114,1	452	452
P43,1	453	453
P22,2	454	454
P10,4	455	455
P31,2	456	456
P48,2	457	457
P63,2	458	458
P9,2	459	459
P115,1	460	460
P87,1	461	461
P3,3	462	462
P54,1	463	463
P5,4	464	464
P35,1	465	465
P116,1	466	466
P21,2	467	467
P40,2	468	468
P88,1	469	469
P45,1	470	470
P55,1	471	471
P70,1	472	472
P25,2	473	473
P117,1	474	474
P26,2	475	475
P18,2	476	476
P60,2	477	477
P46,1	478	478
P27,2	479	479
P56,1	480	480
P6,3	481	481
P118,1	482	482
P64,2	483	483
P71,1	484	484
P119,1	485	485
P120,1	486	486
P52,2	487	487
P20,3	488	488
P36,2	489	489
P72,1	490	490
P121,1	491	491
P91,1	492	492
P23,2	493	493
P122,1	494	494
P92,1	495	495
P73,1	496	496
P74,1	497	497
P75,1	498	498
P76,1	499	499
P77,1	500	500
P123,1	501	501
P124,1	502	502
P93,1	503	503
P125,1	504	504
P126,1	505	505
P89,2	506	506
P95,1	507	507
P96,1	508	508
P19,3	509	509
P127,1	510	510
P90,2	511	511
P59,1	512	512
P16,3	513	513
P78,1	514	514
P97,1	515	515
P98,1	516	516
P128,1	517	517
P99,1	518	518
P129,1	519	519
P12,2	520	520
P24,2	521	521
P79,1	522	522
P69,2	523	523
P17,2	524	524
P130,1	525	525
P53,2	526	526
P131,1	527	527
P101,1	528	528
P14,3	529	529
P132,1	530	530
P133,1	531	531
P134,1	532	532
P1,4	533	533
P2,4	534	534
P61,1	535	535
P80,1	536	536
P44,2	537	537
P135,1	538	538
P103,1	539	539
P136,1	540	540
P57,2	541	541
P62,1	542	542
P51,1	543	543
P137,1	544	544
P138,1	545	545
P104,1	546	546
P105,1	547	547
P4,4	548	548
P106,1	549	549
P139,1	550	550
P28,2	551	551
P38,3	552	552
P8,4	553	553
P81,1	554	554
P140,1	555	555
P39,1	556	556
P107,1	557	557
P33,1	558	558
P7,4	559	559
P108,1	560	560
P141,1	561	561
P142,1	562	562
P29,2	563	563
P143,1	564	564
P109,1	565	565
P83,1	566	566
P144,1	567	567
P32,2	568	568
P13,3	569	569
P145,1	570	570
P65,1	571	571
P47,2	572	572
P84,1	573	573
P146,1	574	574
P110,1	575	575
P11,3	576	576
P41,1	577	577
P111,1	578	578
P50,3	579	579
P147,1	580	580
P94,2	581	581
P15,3	582	582
P67,1	583	583
P49,2	584	584
P112,1	585	585
P148,1	586	586
P34,1	587	587
P42,1	588	588
P149,1	589	589
P58,2	590	590
P100,2	591	591
P113,1	592	592
P68,1	593	593
P86,1	594	594
P150,1	595	595
P151,1	596	596
P152,1	597	597
P114,1	598	598
P22,2	599	599
P10,4	600	600
P31,2	601	601
P153,1	602	602
P48,2	603	603
P102,2	604	604
P9,2	605	605
P115,1	606	606
P154,1	607	607
P3,3	608	608
P54,1	609	609
P5,4	610	610
P155,1	611	611
P35,1	612	612
P82,2	613	613
P40,2	614	614
P88,1	615	615
P156,1	616	616
P157,1	617	617
P45,1	618	618
P158,1	619	619
P55,1	620	620
P159,1	621	621
P160,1	622	622
P161,1	623	623
P37,3	624	624
P70,1	625	625
P25,2	626	626
P117,1	627	627
P162,1	628	628
P85,2	629	629
P26,2	630	630
P60,2	631	631
P46,1	632	632
P63,3	633	633
P27,2	634	634
P56,1	635	635
P163,1	636	636
P6,3	637	637
P64,2	638	638
P71,1	639	639
P164,1	640	640
P119,1	641	641
P165,1	642	642
P30,3	643	643
P20,3	644	644
P36,2	645	645
P72,1	646	646
P43,2	647	647
P121,1	648	648
P166,1	649	649
P167,1	650	650
P168,1	651	651
P91,1	652	652
P169,1	653	653
P23,2	654	654
P66,2	655	655
P116,2	656	656
P122,1	657	657
P170,1	658	658
P171,1	659	659
P172,1	660	660
P92,1	661	661
P73,1	662	662
P74,1	663	663
P75,1	664	664
P76,1	665	665
P173,1	666	666
P77,1	667	667
P123,1	668	668
P93,1	669	669
P87,2	670	670
P125,1	671	671
P126,1	672	672
P174,1	673	673
P89,2	674	674
P95,1	675	675
P96,1	676	676
P19,3	677	677
P175,1	678	678
P127,1	679	679
P90,2	680	680
P176,1	681	681
P16,3	682	682
P78,1	683	683
P120,2	684	684
P98,1	685	685
P128,1	686	686
P177,1	687	687
P99,1	688	688
P129,1	689	689
P12,2	690	690
P178,1	691	691
P79,1	692	692
P21,3	693	693
P69,2	694	694
P17,2	695	695
P130,1	696	696
P179,1	697	697
P180,1	698	698
P53,2	699	699
P181,1	700	700
P182,1	701	701
P18,3	702	702
P183,1	703	703
P184,1	704	704
P132,1	705	705
P133,1	706	706
P134,1	707	707
P185,1	708	708
P2,4	709	709
P186,1	710	710
P61,1	711	711
P44,2	712	712
P135,1	713	713
P118,2	714	714
P103,1	715	715
P187,1	716	716
P136,1	717	717
P62,1	718	718
P52,3	719	719
P137,1	720	720
P188,1	721	721
P138,1	722	722
P104,1	723	723
P105,1	724	724
P189,1	725	725
P190,1	726	726
P4,4	727	727
P106,1	728	728
P139,1	729	729
P28,2	730	730
P38,3	731	731
P191,1	732	732
P8,4	733	733
P81,1	734	734
P192,1	735	735
P140,1	736	736
P124,2	737	737
P107,1	738	738
P131,2	739	739
P193,1	740	740
P108,1	741	741
P194,1	742	742
P195,1	743	743
P141,1	744	744
P142,1	745	745
P29,2	746	746
P196,1	747	747
P59,2	748	748
P143,1	749	749
P109,1	750	750
P197,1	751	751
P24,3	752	752
P144,1	753	753
P198,1	754	754
P199,1	755	755
P32,2	756	756
P200,1	757	757
P13,3	758	758
P145,1	759	759
P97,2	760	760
P65,1	761	761
P101,2	762	762
P47,2	763	763
P84,1	764	764
P51,2	765	765
P110,1	766	766
P41,1	767	767
P111,1	768	768
P1,5	769	769
P50,3	770	770
P94,2	771	771
P15,3	772	772
P49,2	773	773
P112,1	774	774
P80,2	775	775
P148,1	776	776
P34,1	777	777
P42,1	778	778
P14,4	779	779
P149,1	780	780
P100,2	781	781
P57,3	782	782
P7,5	783	783
P113,1	784	784
P68,1	785	785
P86,1	786	786
P150,1	787	787
P11,4	788	788
P151,1	789	789
P152,1	790	790
P114,1	791	791
P22,2	792	792
P10,4	793	793
P83,2	794	794
P31,2	795	795
P39,2	796	796
P153,1	797	797
P48,2	798	798
P102,2	799	799
P115,1	800	800
P146,2	801	801
P154,1	802	802
P3,3	803	803
P54,1	804	804
P5,4	805	805
P33,2	806	806
P155,1	807	807
P35,1	808	808
P82,2	809	809
P40,2	810	810
P88,1	811	811
P156,1	812	812
P45,1	813	813
P58,3	814	814
P55,1	815	815
P67,2	816	816
P159,1	817	817
P161,1	818	818
P37,3	819	819
P70,1	820	820
P117,1	821	821
P162,1	822	822
P85,2	823	823
P147,2	824	824
P26,2	825	825
P60,2	826	826
P27,2	827	827
P56,1	828	828
P163,1	829	829
P6,3	830	830
P71,1	831	831
P164,1	832	832
P119,1	833	833
P165,1	834	834
P9,3	835	835
P30,3	836	836
P20,3	837	837
P36,2	838	838
P72,1	839	839
P43,2	840	840
P121,1	841	841
P167,1	842	842
P168,1	843	843
P91,1	844	844
P169,1	845	845
P23,2	846	846
P157,2	847	847
P160,2	848	848
P116,2	849	849
P171,1	850	850
P172,1	851	851
P92,1	852	852
P73,1	853	853
P74,1	854	854
P75,1	855	855
P46,2	856	856
P173,1	857	857
P77,1	858	858
P123,1	859	859
P93,1	860	860
P87,2	861	861
P125,1	862	862
P158,2	863	863
P126,1	864	864
P174,1	865	865
P89,2	866	866
P95,1	867	867
P96,1	868	868
P166,2	869	869
P19,3	870	870
P63,4	871	871
P175,1	872	872
P127,1	873	873
P90,2	874	874
P176,1	875	875
P25,3	876	876
P64,3	877	877
P78,1	878	878
P66,3	879	879
P120,2	880	880
P98,1	881	881
P128,1	882	882
P122,2	883	883
P177,1	884	884
P99,1	885	885
P129,1	886	886
P170,2	887	887
P178,1	888	888
P69,2	889	889
P17,2	890	890
P130,1	891	891
P180,1	892	892
P53,2	893	893
P181,1	894	894
P182,1	895	895
P18,3	896	896
P183,1	897	897
P184,1	898	898
P132,1	899	899
P134,1	900	900
P2,4	901	901
P186,1	902	902
P12,3	903	903
P61,1	904	904
P44,2	905	905
P21,4	906	906
P135,1	907	907
P118,2	908	908
P187,1	909	909
P136,1	910	910
P62,1	911	911
P52,3	912	912
P137,1	913	913
P188,1	914	914
P138,1	915	915
P76,2	916	916
P104,1	917	917
P105,1	918	918
P179,2	919	919
P189,1	920	920
P190,1	921	921
P4,4	922	922
P106,1	923	923
P28,2	924	924
P79,2	925	925
P38,3	926	926
P191,1	927	927
P8,4	928	928
P16,4	929	929
P192,1	930	930
P140,1	931	931
P124,2	932	932
P107,1	933	933
P131,2	934	934
P193,1	935	935
P108,1	936	936
P194,1	937	937
P195,1	938	938
P141,1	939	939
P142,1	940	940
P29,2	941	941
P196,1	942	942
P133,2	943	943
P103,2	944	944
P59,2	945	945
P143,1	946	946
P109,1	947	947
P197,1	948	948
P24,3	949	949
P144,1	950	950
P198,1	951	951
P139,2	952	952
P199,1	953	953
P32,2	954	954
P200,1	955	955
P13,3	956	956
P145,1	957	957
P101,2	958	958
P185,2	959	959
P47,2	960	960
P84,1	961	961
P51,2	962	962
P110,1	963	963
P41,1	964	964
P111,1	965	965
P1,5	966	966
P94,2	967	967
P15,3	968	968
P49,2	969	969
P112,1	970	970
P80,2	971	971
P81,2	972	972
P148,1	973	973
P149,1	974	974
P100,2	975	975
P57,3	976	976
P65,2	977	977
P68,1	978	978
P150,1	979	979
P11,4	980	980
P151,1	981	981
P152,1	982	982
P114,1	983	983
P50,4	984	984
P10,4	985	985
P83,2	986	986
P31,2	987	987
P39,2	988	988
P102,2	989	989
P115,1	990	990
P146,2	991	991
P154,1	992	992
P3,3	993	993
P42,2	994	994
P33,2	995	995
P155,1	996	996
P82,2	997	997
P40,2	998	998
P14,5	999	999
P7,6	1000	1000
P156,1	1001	1001
P45,1	1002	1002
P86,2	1003	1003
P67,2	1004	1004
P159,1	1005	1005
P161,1	1006	1006
P97,3	1007	1007
P37,3	1008	1008
P70,1	1009	1009
P162,1	1010	1010
P85,2	1011	1011
P147,2	1012	1012
P26,2	1013	1013
P60,2	1014	1014
P27,2	1015	1015
P56,1	1016	1016
P34,2	1017	1017
P113,2	1018	1018
P163,1	1019	1019
P6,3	1020	1020
P71,1	1021	1021
P164,1	1022	1022
P119,1	1023	1023
P165,1	1024	1024
P9,3	1025	1025
P20,3	1026	1026
P88,2	1027	1027
P48,3	1028	1028
P58,4	1029	1029
P72,1	1030	1030
P121,1	1031	1031
P167,1	1032	1032
P117,2	1033	1033
P168,1	1034	1034
P91,1	1035	1035
P22,3	1036	1036
P169,1	1037	1037
P157,2	1038	1038
P160,2	1039	1039
P116,2	1040	1040
P171,1	1041	1041
P172,1	1042	1042
P92,1	1043	1043
P54,2	1044	1044
P153,2	1045	1045
P75,1	1046	1046
P46,2	1047	1047
P173,1	1048	1048
P123,1	1049	1049
P35,2	1050	1050
P93,1	1051	1051
P87,2	1052	1052
P125,1	1053	1053
P5,5	1054	1054
P158,2	1055	1055
P55,2	1056	1056
P126,1	1057	1057
P174,1	1058	1058
P89,2	1059	1059
P95,1	1060	1060
P96,1	1061	1061
P166,2	1062	1062
P19,3	1063	1063
P63,4	1064	1064
P43,3	1065	1065
P90,2	1066	1066
P176,1	1067	1067
P25,3	1068	1068
P64,3	1069	1069
P78,1	1070	1070
P66,3	1071	1071
P120,2	1072	1072
P98,1	1073	1073
P128,1	1074	1074
P73,2	1075	1075
P122,2	1076	1076
P177,1	1077	1077
P99,1	1078	1078
P129,1	1079	1079
P170,2	1080	1080
P178,1	1081	1081
P69,2	1082	1082
P17,2	1083	1083
P130,1	1084	1084
P180,1	1085	1085
P36,3	1086	1086
P181,1	1087	1087
P30,4	1088	1088
P182,1	1089	1089
P18,3	1090	1090
P74,2	1091	1091
P183,1	1092	1092
P184,1	1093	1093
P132,1	1094	1094
P134,1	1095	1095
P23,3	1096	1096
P2,4	1097	1097
P127,2	1098	1098
P77,2	1099	1099
P12,3	1100	1100
P61,1	1101	1101
P44,2	1102	1102
P135,1	1103	1103
P118,2	1104	1104
P187,1	1105	1105
P136,1	1106	1106
P52,3	1107	1107
P137,1	1108	1108
P188,1	1109	1109
P76,2	1110	1110
P104,1	1111	1111
P175,2	1112	1112
P179,2	1113	1113
P189,1	1114	1114
P190,1	1115	1115
P4,4	1116	1116
P106,1	1117	1117
P28,2	1118	1118
P79,2	1119	1119
P38,3	1120	1120
P191,1	1121	1121
P8,4	1122	1122
P16,4	1123	1123
P140,1	1124	1124
P62,2	1125	1125
P124,2	1126	1126
P107,1	1127	1127
P131,2	1128	1128
P193,1	1129	1129
P186,2	1130	1130
P194,1	1131	1131
P195,1	1132	1132
P141,1	1133	1133
P53,3	1134	1134
P142,1	1135	1135
P29,2	1136	1136
P133,2	1137	1137
P103,2	1138	1138
P143,1	1139	1139
P109,1	1140	1140
P21,5	1141	1141
P197,1	1142	1142
P24,3	1143	1143
P144,1	1144	1144
P198,1	1145	1145
P139,2	1146	1146
P199,1	1147	1147
P32,2	1148	1148
P200,1	1149	1149
P13,3	1150	1150
P138,2	1151	1151
P145,1	1152	1152
P105,2	1153	1153
P101,2	1154	1154
P185,2	1155	1155
P47,2	1156	1156
P51,2	1157	1157
P111,1	1158	1158
P1,5	1159	1159
P94,2	1160	1160
P15,3	1161	1161
P49,2	1162	1162
P192,2	1163	1163
P80,2	1164	1164
P81,2	1165	1165
P148,1	1166	1166
P149,1	1167	1167
P100,2	1168	1168
P57,3	1169	1169
P65,2	1170	1170
P68,1	1171	1171
P108,2	1172	1172
P150,1	1173	1173
P196,2	1174	1174
P11,4	1175	1175
P151,1	1176	1176
P152,1	1177	1177
P114,1	1178	1178
P50,4	1179	1179
P10,4	1180	1180
P83,2	1181	1181
P31,2	1182	1182
P102,2	1183	1183
P59,3	1184	1184
P115,1	1185	1185
P146,2	1186	1186
P154,1	1187	1187
P3,3	1188	1188
P42,2	1189	1189
P110,2	1190	1190
P82,2	1191	1191
P14,5	1192	1192
P41,2	1193	1193
P7,6	1194	1194
P156,1	1195	1195
P112,2	1196	1196
P86,2	1197	1197
P67,2	1198	1198
P84,2	1199	1199
P159,1	1200	1200
P161,1	1201	1201
P37,3	1202	1202
P162,1	1203	1203
P85,2	1204	1204
P147,2	1205	1205
P60,2	1206	1206
P27,2	1207	1207
P34,2	1208	1208
P113,2	1209	1209
P163,1	1210	1210
P6,3	1211	1211
P71,1	1212	1212
P39,3	1213	1213
P164,1	1214	1214
P33,3	1215	1215
P165,1	1216	1216
P9,3	1217	1217
P40,3	1218	1218
P20,3	1219	1219
P48,3	1220	1220
P58,4	1221	1221
P155,2	1222	1222
P72,1	1223	1223
P45,2	1224	1224
P121,1	1225	1225
P167,1	1226	1226
P117,2	1227	1227
P168,1	1228	1228
P91,1	1229	1229
P22,3	1230	1230
P169,1	1231	1231
P157,2	1232	1232
P116,2	1233	1233
P172,1	1234	1234
P92,1	1235	1235
P153,2	1236	1236
P75,1	1237	1237
P46,2	1238	1238
P173,1	1239	1239
P123,1	1240	1240
P35,2	1241	1241
P93,1	1242	1242
P87,2	1243	1243
P125,1	1244	1244
P56,2	1245	1245
P5,5	1246	1246
P158,2	1247	1247
P97,4	1248	1248
P70,2	1249	1249
P126,1	1250	1250
P174,1	1251	1251
P95,1	1252	1252
P96,1	1253	1253
P88,3	1254	1254
P166,2	1255	1255
P19,3	1256	1256
P26,3	1257	1257
P63,4	1258	1258
P43,3	1259	1259
P90,2	1260	1260
P176,1	1261	1261
P25,3	1262	1262
P119,2	1263	1263
P64,3	1264	1264
P78,1	1265	1265
P66,3	1266	1266
P120,2	1267	1267
P128,1	1268	1268
P73,2	1269	1269
P122,2	1270	1270
P55,3	1271	1271
P177,1	1272	1272
P99,1	1273	1273
P129,1	1274	1274
P170,2	1275	1275
P178,1	1276	1276
P69,2	1277	1277
P130,1	1278	1278
P180,1	1279	1279
P36,3	1280	1280
P181,1	1281	1281
P30,4	1282	1282
P54,3	1283	1283
P182,1	1284	1284
P18,3	1285	1285
P74,2	1286	1286
P183,1	1287	1287
P184,1	1288	1288
P132,1	1289	1289
P134,1	1290	1290
P23,3	1291	1291
P2,4	1292	1292
P160,3	1293	1293
P127,2	1294	1294
P77,2	1295	1295
P171,2	1296	1296
P12,3	1297	1297
P44,2	1298	1298
P135,1	1299	1299
P118,2	1300	1300
P187,1	1301	1301
P136,1	1302	1302
P89,3	1303	1303
P52,3	1304	1304
P137,1	1305	1305
P188,1	1306	1306
P76,2	1307	1307
P104,1	1308	1308
P175,2	1309	1309
P179,2	1310	1310
P189,1	1311	1311
P190,1	1312	1312
P4,4	1313	1313
P106,1	1314	1314
P79,2	1315	1315
P38,3	1316	1316
P191,1	1317	1317
P8,4	1318	1318
P16,4	1319	1319
P98,2	1320	1320
P17,3	1321	1321
P62,2	1322	1322
P124,2	1323	1323
P131,2	1324	1324
P193,1	1325	1325
P186,2	1326	1326
P194,1	1327	1327
P195,1	1328	1328
P141,1	1329	1329
P53,3	1330	1330
P142,1	1331	1331
P29,2	1332	1332
P133,2	1333	1333
P103,2	1334	1334
P143,1	1335	1335
P109,1	1336	1336
P21,5	1337	1337
P197,1	1338	1338
P28,3	1339	1339
P24,3	1340	1340
P144,1	1341	1341
P61,2	1342	1342
P198,1	1343	1343
P139,2	1344	1344
P199,1	1345	1345
P32,2	1346	1346
P140,2	1347	1347
P200,1	1348	1348
P107,2	1349	1349
P138,2	1350	1350
P145,1	1351	1351
P105,2	1352	1352
P101,2	1353	1353
P185,2	1354	1354
P111,1	1355	1355
P1,5	1356	1356
P94,2	1357	1357
P49,2	1358	1358
P80,2	1359	1359
P81,2	1360	1360
P148,1	1361	1361
P149,1	1362	1362
P100,2	1363	1363
P68,1	1364	1364
P108,2	1365	1365
P150,1	1366	1366
P196,2	1367	1367
P11,4	1368	1368
P152,1	1369	1369
P114,1	1370	1370
P50,4	1371	1371
P10,4	1372	1372
P83,2	1373	1373
P31,2	1374	1374
P102,2	1375	1375
P59,3	1376	1376
P115,1	1377	1377
P51,3	1378	1378
P154,1	1379	1379
P3,3	1380	1380
P192,3	1381	1381
P110,2	1382	1382
P82,2	1383	1383
P14,5	1384	1384
P47,3	1385	1385
P41,2	1386	1386
P156,1	1387	1387
P112,2	1388	1388
P86,2	1389	1389
P67,2	1390	1390
P84,2	1391	1391
P159,1	1392	1392
P37,3	1393	1393
P162,1	1394	1394
P13,4	1395	1395
P15,4	1396	1396
P147,2	1397	1397
P60,2	1398	1398
P27,2	1399	1399
P57,4	1400	1400
P34,2	1401	1401
P113,2	1402	1402
P163,1	1403	1403
P151,2	1404	1404
P164,1	1405	1405
P33,3	1406	1406
P9,3	1407	1407
P40,3	1408	1408
P20,3	1409	1409
P7,7	1410	1410
P48,3	1411	1411
P58,4	1412	1412
P155,2	1413	1413
P42,3	1414	1414
P45,2	1415	1415
P167,1	1416	1416
P117,2	1417	1417
P65,3	1418	1418
P168,1	1419	1419
P91,1	1420	1420
P22,3	1421	1421
P169,1	1422	1422
P6,4	1423	1423
P157,2	1424	1424
P116,2	1425	1425
P172,1	1426	1426
P153,2	1427	1427
P46,2	1428	1428
P161,2	1429	1429
P123,1	1430	1430
P35,2	1431	1431
P93,1	1432	1432
P146,3	1433	1433
P56,2	1434	1434
P158,2	1435	1435
P97,4	1436	1436
P70,2	1437	1437
P126,1	1438	1438
P165,2	1439	1439
P85,3	1440	1440
P95,1	1441	1441
P71,2	1442	1442
P96,1	1443	1443
P88,3	1444	1444
P166,2	1445	1445
P19,3	1446	1446
P26,3	1447	1447
P63,4	1448	1448
P90,2	1449	1449
P176,1	1450	1450
P121,2	1451	1451
P92,2	1452	1452
P39,4	1453	1453
P119,2	1454	1454
P125,2	1455	1455
P75,2	1456	1456
P66,3	1457	1457
P120,2	1458	1458
P128,1	1459	1459
P73,2	1460	1460
P5,6	1461	1461
P122,2	1462	1462
P55,3	1463	1463
P87,3	1464	1464
P99,1	1465	1465
P170,2	1466	1466
P178,1	1467	1467
P69,2	1468	1468
P130,1	1469	1469
P180,1	1470	1470
P173,2	1471	1471
P36,3	1472	1472
P181,1	1473	1473
P174,2	1474	1474
P30,4	1475	1475
P72,2	1476	1476
P54,3	1477	1477
P182,1	1478	1478
P78,2	1479	1479
P183,1	1480	1480
P184,1	1481	1481
P23,3	1482	1482
P2,4	1483	1483
P160,3	1484	1484
P127,2	1485	1485
P177,2	1486	1486
P77,2	1487	1487
P171,2	1488	1488
P12,3	1489	1489
P44,2	1490	1490
P118,2	1491	1491
P187,1	1492	1492
P136,1	1493	1493
P89,3	1494	1494
P52,3	1495	1495
P137,1	1496	1496
P188,1	1497	1497
P76,2	1498	1498
P25,4	1499	1499
P104,1	1500	1500
P132,2	1501	1501
P175,2	1502	1502
P179,2	1503	1503
P129,2	1504	1504
P189,1	1505	1505
P190,1	1506	1506
P4,4	1507	1507
P79,2	1508	1508
P8,4	1509	1509
P43,4	1510	1510
P64,4	1511	1511
P16,4	1512	1512
P98,2	1513	1513
P17,3	1514	1514
P18,4	1515	1515
P134,2	1516	1516
P62,2	1517	1517
P124,2	1518	1518
P193,1	1519	1519
P186,2	1520	1520
P74,3	1521	1521
P194,1	1522	1522
P195,1	1523	1523
P141,1	1524	1524
P53,3	1525	1525
P29,2	1526	1526
P133,2	1527	1527
P103,2	1528	1528
P143,1	1529	1529
P109,1	1530	1530
P21,5	1531	1531
P135,2	1532	1532
P28,3	1533	1533
P24,3	1534	1534
P144,1	1535	1535
P191,2	1536	1536
P61,2	1537	1537
P198,1	1538	1538
P139,2	1539	1539
P32,2	1540	1540
P140,2	1541	1541
P38,4	1542	1542
P200,1	1543	1543
P107,2	1544	1544
P138,2	1545	1545
P145,1	1546	1546
P105,2	1547	1547
P185,2	1548	1548
P111,1	1549	1549
P1,5	1550	1550
P106,2	1551	1551
P131,3	1552	1552
P94,2	1553	1553
P80,2	1554	1554
P81,2	1555	1555
P148,1	1556	1556
P149,1	1557	1557
P100,2	1558	1558
P108,2	1559	1559
P150,1	1560	1560
P142,2	1561	1561
P11,4	1562	1562
P152,1	1563	1563
P114,1	1564	1564
P50,4	1565	1565
P197,2	1566	1566
P10,4	1567	1567
P83,2	1568	1568
P102,2	1569	1569
P199,2	1570	1570
P59,3	1571	1571
P51,3	1572	1572
P154,1	1573	1573
P3,3	1574	1574
P192,3	1575	1575
P110,2	1576	1576
P82,2	1577	1577
P14,5	1578	1578
P47,3	1579	1579
P41,2	1580	1580
P156,1	1581	1581
P112,2	1582	1582
P84,2	1583	1583
P159,1	1584	1584
P162,1	1585	1585
P13,4	1586	1586
P15,4	1587	1587
P147,2	1588	1588
P60,2	1589	1589
P57,4	1590	1590
P34,2	1591	1591
P113,2	1592	1592
P68,2	1593	1593
P163,1	1594	1594
P49,3	1595	1595
P151,2	1596	1596
P31,3	1597	1597
P33,3	1598	1598
P101,3	1599	1599
P9,3	1600	1600
P196,3	1601	1601
P40,3	1602	1602
P20,3	1603	1603
P67,3	1604	1604
P7,7	1605	1605
P48,3	1606	1606
P58,4	1607	1607
P155,2	1608	1608
P42,3	1609	1609
P45,2	1610	1610
P167,1	1611	1611
P117,2	1612	1612
P65,3	1613	1613
P168,1	1614	1614
P22,3	1615	1615
P169,1	1616	1616
P115,2	1617	1617
P6,4	1618	1618
P157,2	1619	1619
P116,2	1620	1620
P172,1	1621	1621
P46,2	1622	1622
P161,2	1623	1623
P35,2	1624	1624
P146,3	1625	1625
P56,2	1626	1626
P27,3	1627	1627
P158,2	1628	1628
P97,4	1629	1629
P86,3	1630	1630
P126,1	1631	1631
P165,2	1632	1632
P85,3	1633	1633
P95,1	1634	1634
P37,4	1635	1635
P71,2	1636	1636
P88,3	1637	1637
P164,2	1638	1638
P91,2	1639	1639
P166,2	1640	1640
P26,3	1641	1641
P90,2	1642	1642
P123,2	1643	1643
P176,1	1644	1644
P121,2	1645	1645
P92,2	1646	1646
P39,4	1647	1647
P119,2	1648	1648
P125,2	1649	1649
P75,2	1650	1650
P66,3	1651	1651
P120,2	1652	1652
P128,1	1653	1653
P73,2	1654	1654
P122,2	1655	1655
P55,3	1656	1656
P87,3	1657	1657
P70,3	1658	1658
P99,1	1659	1659
P178,1	1660	1660
P69,2	1661	1661
P130,1	1662	1662
P180,1	1663	1663
P93,2	1664	1664
P173,2	1665	1665
P36,3	1666	1666
P181,1	1667	1667
P174,2	1668	1668
P96,2	1669	1669
P72,2	1670	1670
P54,3	1671	1671
P182,1	1672	1672
P183,1	1673	1673
P153,3	1674	1674
P184,1	1675	1675
P2,4	1676	1676
P160,3	1677	1677
P127,2	1678	1678
P177,2	1679	1679
P77,2	1680	1680
P171,2	1681	1681
P12,3	1682	1682
P118,2	1683	1683
P187,1	1684	1684
P63,5	1685	1685
P136,1	1686	1686
P89,3	1687	1687
P52,3	1688	1688
P137,1	1689	1689
P188,1	1690	1690
P76,2	1691	1691
P78,3	1692	1692
P25,4	1693	1693
P104,1	1694	1694
P132,2	1695	1695
P19,4	1696	1696
P175,2	1697	1697
P179,2	1698	1698
P129,2	1699	1699
P189,1	1700	1700
P190,1	1701	1701
P79,2	1702	1702
P5,7	1703	1703
P8,4	1704	1704
P43,4	1705	1705
P64,4	1706	1706
P16,4	1707	1707
P170,3	1708	1708
P98,2	1709	1709
P17,3	1710	1710
P18,4	1711	1711
P134,2	1712	1712
P62,2	1713	1713
P30,5	1714	1714
P124,2	1715	1715
P193,1	1716	1716
P186,2	1717	1717
P74,3	1718	1718
P194,1	1719	1719
P195,1	1720	1720
P141,1	1721	1721
P133,2	1722	1722
P143,1	1723	1723
P109,1	1724	1724
P21,5	1725	1725
P135,2	1726	1726
P28,3	1727	1727
P24,3	1728	1728
P144,1	1729	1729
P191,2	1730	1730
P61,2	1731	1731
P23,4	1732	1732
P139,2	1733	1733
P32,2	1734	1734
P44,3	1735	1735
P140,2	1736	1736
P38,4	1737	1737
P107,2	1738	1738
P138,2	1739	1739
P145,1	1740	1740
P105,2	1741	1741
P185,2	1742	1742
P1,5	1743	1743
P106,2	1744	1744
P131,3	1745	1745
P81,2	1746	1746
P148,1	1747	1747
P100,2	1748	1748
P108,2	1749	1749
P152,1	1750	1750
P4,5	1751	1751
P114,1	1752	1752
P53,4	1753	1753
P200,2	1754	1754
P50,4	1755	1755
P197,2	1756	1756
P83,2	1757	1757
P199,2	1758	1758
P59,3	1759	1759
P51,3	1760	1760
P192,3	1761	1761
P110,2	1762	1762
P14,5	1763	1763
P103,3	1764	1764
P47,3	1765	1765
P41,2	1766	1766
P156,1	1767	1767
P112,2	1768	1768
P29,3	1769	1769
P84,2	1770	1770
P159,1	1771	1771
P162,1	1772	1772
P13,4	1773	1773
P15,4	1774	1774
P198,2	1775	1775
P147,2	1776	1776
P57,4	1777	1777
P149,2	1778	1778
P113,2	1779	1779
P11,5	1780	1780
P68,2	1781	1781
P163,1	1782	1782
P94,3	1783	1783
P142,3	1784	1784
P49,3	1785	1785
P151,2	1786	1786
P111,2	1787	1787
P31,3	1788	1788
P101,3	1789	1789
P154,2	1790	1790
P9,3	1791	1791
P150,2	1792	1792
P3,4	1793	1793
P196,3	1794	1794
P80,3	1795	1795
P40,3	1796	1796
P82,3	1797	1797
P67,3	1798	1798
P7,7	1799	1799
P48,3	1800	1800
P58,4	1801	1801
P155,2	1802	1802
P42,3	1803	1803
P45,2	1804	1804
P167,1	1805	1805
P117,2	1806	1806
P65,3	1807	1807
P168,1	1808	1808
P22,3	1809	1809
P10,5	1810	1810
P169,1	1811	1811
P115,2	1812	1812
P102,3	1813	1813
P6,4	1814	1814
P157,2	1815	1815
P116,2	1816	1816
P34,3	1817	1817
P161,2	1818	1818
P146,3	1819	1819
P56,2	1820	1820
P27,3	1821	1821
P158,2	1822	1822
P60,3	1823	1823
P97,4	1824	1824
P86,3	1825	1825
P126,1	1826	1826
P85,3	1827	1827
P71,2	1828	1828
P88,3	1829	1829
P164,2	1830	1830
P91,2	1831	1831
P166,2	1832	1832
P172,2	1833	1833
P26,3	1834	1834
P90,2	1835	1835
P123,2	1836	1836
P33,4	1837	1837
P20,4	1838	1838
P39,4	1839	1839
P119,2	1840	1840
P125,2	1841	1841
P75,2	1842	1842
P66,3	1843	1843
P120,2	1844	1844
P128,1	1845	1845
P35,3	1846	1846
P73,2	1847	1847
P55,3	1848	1848
P46,3	1849	1849
P87,3	1850	1850
P70,3	1851	1851
P180,1	1852	1852
P93,2	1853	1853
P173,2	1854	1854
P36,3	1855	1855
P181,1	1856	1856
P165,3	1857	1857
P174,2	1858	1858
P37,5	1859	1859
P96,2	1860	1860
P54,3	1861	1861
P92,3	1862	1862
P183,1	1863	1863
P153,3	1864	1864
P184,1	1865	1865
P2,4	1866	1866
P160,3	1867	1867
P127,2	1868	1868
P177,2	1869	1869
P171,2	1870	1870
P12,3	1871	1871
P118,2	1872	1872
P187,1	1873	1873
P176,2	1874	1874
P121,3	1875	1875
P63,5	1876	1876
P89,3	1877	1877
P137,1	1878	1878
P95,2	1879	1879
P76,2	1880	1880
P69,3	1881	1881
P78,3	1882	1882
P25,4	1883	1883
P99,2	1884	1884
P132,2	1885	1885
P19,4	1886	1886
P175,2	1887	1887
P122,3	1888	1888
P179,2	1889	1889
P129,2	1890	1890
P72,3	1891	1891
P189,1	1892	1892
P190,1	1893	1893
P79,2	1894	1894
P5,7	1895	1895
P43,4	1896	1896
P64,4	1897	1897
P16,4	1898	1898
P170,3	1899	1899
P98,2	1900	1900
P17,3	1901	1901
P18,4	1902	1902
P182,2	1903	1903
P62,2	1904	1904
P104,2	1905	1905
P30,5	1906	1906
P178,2	1907	1907
P124,2	1908	1908
P193,1	1909	1909
P74,3	1910	1910
P194,1	1911	1911
P195,1	1912	1912
P130,2	1913	1913
P188,2	1914	1914
P133,2	1915	1915
P28,3	1916	1916
P24,3	1917	1917
P191,2	1918	1918
P61,2	1919	1919
P23,4	1920	1920
P139,2	1921	1921
P32,2	1922	1922
P44,3	1923	1923
P8,5	1924	1924
P77,3	1925	1925
P38,4	1926	1926
P52,4	1927	1927
P107,2	1928	1928
P105,2	1929	1929
P185,2	1930	1930
P136,2	1931	1931
P106,2	1932	1932
P131,3	1933	1933
P109,2	1934	1934
P81,2	1935	1935
P148,1	1936	1936
P100,2	1937	1937
P108,2	1938	1938
P141,2	1939	1939
P4,5	1940	1940
P53,4	1941	1941
P200,2	1942	1942
P134,3	1943	1943
P50,4	1944	1944
P197,2	1945	1945
P186,3	1946	1946
P135,3	1947	1947
P199,2	1948	1948
P51,3	1949	1949
P14,5	1950	1950
P103,3	1951	1951
P47,3	1952	1952
P41,2	1953	1953
P29,3	1954	1954
P84,2	1955	1955
P159,1	1956	1956
P15,4	1957	1957
P143,2	1958	1958
P198,2	1959	1959
P147,2	1960	1960
P138,3	1961	1961
P152,2	1962	1962
P149,2	1963	1963
P21,6	1964	1964
P11,5	1965	1965
P145,2	1966	1966
P68,2	1967	1967
P94,3	1968	1968
P140,3	1969	1969
P114,2	1970	1970
P142,3	1971	1971
P49,3	1972	1972
P151,2	1973	1973
P111,2	1974	1974
P144,2	1975	1975
P31,3	1976	1976
P101,3	1977	1977
P154,2	1978	1978
P1,6	1979	1979
P3,4	1980	1980
P196,3	1981	1981
P80,3	1982	1982
P162,2	1983	1983
P48,3	1984	1984
P58,4	1985	1985
P155,2	1986	1986
P42,3	1987	1987
P45,2	1988	1988
P167,1	1989	1989
P59,4	1990	1990
P117,2	1991	1991
P65,3	1992	1992
P110,3	1993	1993
P10,5	1994	1994
P169,1	1995	1995
P156,2	1996	1996
P112,3	1997	1997
P115,2	1998	1998
P83,3	1999	1999
P102,3	2000	2000
P6,4	2001	2001
P57,5	2002	2002
P34,3	2003	2003
P113,3	2004	2004
P13,5	2005	2005
P146,3	2006	2006
P192,4	2007	2007
P27,3	2008	2008
P60,3	2009	2009
P97,4	2010	2010
P86,3	2011	2011
P85,3	2012	2012
P88,3	2013	2013
P163,2	2014	2014
P164,2	2015	2015
P91,2	2016	2016
P172,2	2017	2017
P26,3	2018	2018
P123,2	2019	2019
P33,4	2020	2020
P20,4	2021	2021
P39,4	2022	2022
P7,8	2023	2023
P125,2	2024	2024
P9,4	2025	2025
P116,3	2026	2026
P66,3	2027	2027
P161,3	2028	2028
P157,3	2029	2029
P35,3	2030	2030
P67,4	2031	2031
P150,3	2032	2032
P71,3	2033	2033
P55,3	2034	2034
P40,4	2035	2035
P46,3	2036	2036
P87,3	2037	2037
P70,3	2038	2038
P180,1	2039	2039
P82,4	2040	2040
P126,2	2041	2041
P93,2	2042	2042
P168,2	2043	2043
P22,4	2044	2044
P158,3	2045	2045
P181,1	2046	2046
P165,3	2047	2047
P37,5	2048	2048
P96,2	2049	2049
P119,3	2050	2050
P92,3	2051	2051
P153,3	2052	2052
P160,3	2053	2053
P127,2	2054	2054
P177,2	2055	2055
P56,3	2056	2056
P166,3	2057	2057
P12,3	2058	2058
P118,2	2059	2059
P120,3	2060	2060
P73,3	2061	2061
P95,2	2062	2062
P76,2	2063	2063
P69,3	2064	2064
P75,3	2065	2065
P54,4	2066	2066
P78,3	2067	2067
P174,3	2068	2068
P183,2	2069	2069
P25,4	2070	2070
P99,2	2071	2071
P132,2	2072	2072
P90,3	2073	2073
P19,4	2074	2074
P173,3	2075	2075
P175,2	2076	2076
P122,3	2077	2077
P184,2	2078	2078
P179,2	2079	2079
P129,2	2080	2080
P72,3	2081	2081
P187,2	2082	2082
P190,1	2083	2083
P5,7	2084	2084
P128,2	2085	2085
P43,4	2086	2086
P64,4	2087	2087
P16,4	2088	2088
P170,3	2089	2089
P98,2	2090	2090
P18,4	2091	2091
P182,2	2092	2092
P62,2	2093	2093
P176,3	2094	2094
P104,2	2095	2095
P30,5	2096	2096
P63,6	2097	2097
P178,2	2098	2098
P121,4	2099	2099
P74,3	2100	2100
P194,1	2101	2101
P36,4	2102	2102
P137,2	2103	2103
P130,2	2104	2104
P188,2	2105	2105
P133,2	2106	2106
P2,5	2107	2107
P24,3	2108	2108
P191,2	2109	2109
P61,2	2110	2110
P23,4	2111	2111
P139,2	2112	2112
P44,3	2113	2113
P171,3	2114	2114
P189,2	2115	2115
P8,5	2116	2116
P89,4	2117	2117
P77,3	2118	2118
P38,4	2119	2119
P52,4	2120	2120
P79,3	2121	2121
P185,2	2122	2122
P136,2	2123	2123
P106,2	2124	2124
P131,3	2125	2125
P109,2	2126	2126
P141,2	2127	2127
P4,5	2128	2128
P53,4	2129	2129
P200,2	2130	2130
P28,4	2131	2131
P134,3	2132	2132
P50,4	2133	2133
P197,2	2134	2134
P186,3	2135	2135
P135,3	2136	2136
P199,2	2137	2137
P51,3	2138	2138
P14,5	2139	2139
P103,3	2140	2140
P17,4	2141	2141
P124,3	2142	2142
P41,2	2143	2143
P84,2	2144	2144
P107,3	2145	2145
P15,4	2146	2146
P143,2	2147	2147
P198,2	2148	2148
P105,3	2149	2149
P147,2	2150	2150
P193,2	2151	2151
P138,3	2152	2152
P152,2	2153	2153
P149,2	2154	2154
P100,3	2155	2155
P108,3	2156	2156
P21,6	2157	2157
P11,5	2158	2158
P145,2	2159	2159
P195,2	2160	2160
P68,2	2161	2161
P32,3	2162	2162
P94,3	2163	2163
P140,3	2164	2164
P114,2	2165	2165
P142,3	2166	2166
P49,3	2167	2167
P148,2	2168	2168
P151,2	2169	2169
P111,2	2170	2170
P144,2	2171	2171
P154,2	2172	2172
P1,6	2173	2173
P3,4	2174	2174
P196,3	2175	2175
P80,3	2176	2176
P162,2	2177	2177
P48,3	2178	2178
P58,4	2179	2179
P155,2	2180	2180
P42,3	2181	2181
P81,3	2182	2182
P47,4	2183	2183
P45,2	2184	2184
P59,4	2185	2185
P117,2	2186	2186
P110,3	2187	2187
P10,5	2188	2188
P156,2	2189	2189
P112,3	2190	2190
P115,2	2191	2191
P29,4	2192	2192
P83,3	2193	2193
P102,3	2194	2194
P57,5	2195	2195
P34,3	2196	2196
P113,3	2197	2197
P13,5	2198	2198
P146,3	2199	2199
P192,4	2200	2200
P27,3	2201	2201
P60,3	2202	2202
P97,4	2203	2203
P159,2	2204	2204
P88,3	2205	2205
P163,2	2206	2206
P164,2	2207	2207
P91,2	2208	2208
P172,2	2209	2209
P123,2	2210	2210
P33,4	2211	2211
P20,4	2212	2212
P31,4	2213	2213
P125,2	2214	2214
P9,4	2215	2215
P101,4	2216	2216
P116,3	2217	2217
P169,2	2218	2218
P66,3	2219	2219
P161,3	2220	2220
P157,3	2221	2221
P35,3	2222	2222
P67,4	2223	2223
P150,3	2224	2224
P71,3	2225	2225
P55,3	2226	2226
P40,4	2227	2227
P46,3	2228	2228
P65,4	2229	2229
P87,3	2230	2230
P70,3	2231	2231
P82,4	2232	2232
P126,2	2233	2233
P168,2	2234	2234
P167,2	2235	2235
P22,4	2236	2236
P158,3	2237	2237
P165,3	2238	2238
P96,2	2239	2239
P119,3	2240	2240
P86,4	2241	2241
P26,4	2242	2242
P92,3	2243	2243
P160,3	2244	2244
P127,2	2245	2245
P56,3	2246	2246
P85,4	2247	2247
P39,5	2248	2248
P166,3	2249	2249
P6,5	2250	2250
P120,3	2251	2251
P73,3	2252	2252
P95,2	2253	2253
P69,3	2254	2254
P54,4	2255	2255
P78,3	2256	2256
P174,3	2257	2257
P183,2	2258	2258
P25,4	2259	2259
P99,2	2260	2260
P132,2	2261	2261
P90,3	2262	2262
P19,4	2263	2263
P180,2	2264	2264
P122,3	2265	2265
P184,2	2266	2266
P179,2	2267	2267
P181,2	2268	2268
P177,3	2269	2269
P129,2	2270	2270
P72,3	2271	2271
P187,2	2272	2272
P5,7	2273	2273
P128,2	2274	2274
P37,6	2275	2275
P43,4	2276	2276
P12,4	2277	2277
P75,4	2278	2278
P64,4	2279	2279
P170,3	2280	2280
P18,4	2281	2281
P182,2	2282	2282
P93,3	2283	2283
P62,2	2284	2284
P176,3	2285	2285
P76,3	2286	2286
P173,4	2287	2287
P30,5	2288	2288
P63,6	2289	2289
P178,2	2290	2290
P74,3	2291	2291
P118,3	2292	2292
P36,4	2293	2293
P130,2	2294	2294
P188,2	2295	2295
P133,2	2296	2296
P2,5	2297	2297
P153,4	2298	2298
P191,2	2299	2299
P23,4	2300	2300
P190,2	2301	2301
P44,3	2302	2302
P171,3	2303	2303
P89,4	2304	2304
P104,3	2305	2305
P77,3	2306	2306
P38,4	2307	2307
P175,3	2308	2308
P52,4	2309	2309
P79,3	2310	2310
P185,2	2311	2311
P131,3	2312	2312
P109,2	2313	2313
P98,3	2314	2314
P4,5	2315	2315
P53,4	2316	2316
P200,2	2317	2317
P28,4	2318	2318
P194,2	2319	2319
P197,2	2320	2320
P186,3	2321	2321
P189,3	2322	2322
P199,2	2323	2323
P51,3	2324	2324
P137,3	2325	2325
P14,5	2326	2326
P16,5	2327	2327
P103,3	2328	2328
P17,4	2329	2329
P121,5	2330	2330
P124,3	2331	2331
P41,2	2332	2332
P84,2	2333	2333
P107,3	2334	2334
P15,4	2335	2335
P143,2	2336	2336
P24,4	2337	2337
P193,2	2338	2338
P138,3	2339	2339
P8,6	2340	2340
P152,2	2341	2341
P149,2	2342	2342
P141,3	2343	2343
P100,3	2344	2344
P21,6	2345	2345
P11,5	2346	2346
P145,2	2347	2347
P195,2	2348	2348
P61,3	2349	2349
P68,2	2350	2350
P32,3	2351	2351
P94,3	2352	2352
P136,3	2353	2353
P140,3	2354	2354
P114,2	2355	2355
P49,3	2356	2356
P198,3	2357	2357
P148,2	2358	2358
P151,2	2359	2359
P111,2	2360	2360
P144,2	2361	2361
P139,3	2362	2362
P50,5	2363	2363
P154,2	2364	2364
P1,6	2365	2365
P3,4	2366	2366
P196,3	2367	2367
P80,3	2368	2368
P162,2	2369	2369
P134,4	2370	2370
P42,3	2371	2371
P81,3	2372	2372
P108,4	2373	2373
P47,4	2374	2374
P106,3	2375	2375
P45,2	2376	2376
P147,3	2377	2377
P59,4	2378	2378
P135,4	2379	2379
P117,2	2380	2380
P110,3	2381	2381
P10,5	2382	2382
P156,2	2383	2383
P112,3	2384	2384
P115,2	2385	2385
P29,4	2386	2386
P83,3	2387	2387
P102,3	2388	2388
P57,5	2389	2389
P34,3	2390	2390
P192,4	2391	2391
P60,3	2392	2392
P105,4	2393	2393
P159,2	2394	2394
P88,3	2395	2395
P163,2	2396	2396
P164,2	2397	2397
P155,3	2398	2398
P142,4	2399	2399
P172,2	2400	2400
P58,5	2401	2401
P123,2	2402	2402
P33,4	2403	2403
P20,4	2404	2404
P31,4	2405	2405
P125,2	2406	2406
P9,4	2407	2407
P101,4	2408	2408
P116,3	2409	2409
P169,2	2410	2410
P161,3	2411	2411
P157,3	2412	2412
P35,3	2413	2413
P150,3	2414	2414
P71,3	2415	2415
P55,3	2416	2416
P40,4	2417	2417
P46,3	2418	2418
P65,4	2419	2419
P27,4	2420	2420
P87,3	2421	2421
P70,3	2422	2422
P82,4	2423	2423
P48,4	2424	2424
P167,2	2425	2425
P22,4	2426	2426
P158,3	2427	2427
P96,2	2428	2428
P146,4	2429	2429
P91,3	2430	2430
P119,3	2431	2431
P86,4	2432	2432
P26,4	2433	2433
P97,5	2434	2434
P92,3	2435	2435
P127,2	2436	2436
P56,3	2437	2437
P113,4	2438	2438
P85,4	2439	2439
P6,5	2440	2440
P120,3	2441	2441
P73,3	2442	2442
P95,2	2443	2443
P69,3	2444	2444
P66,4	2445	2445
P54,4	2446	2446
P78,3	2447	2447
P174,3	2448	2448
P13,6	2449	2449
P183,2	2450	2450
P25,4	2451	2451
P99,2	2452	2452
P126,3	2453	2453
P132,2	2454	2454
P90,3	2455	2455
P67,5	2456	2456
P180,2	2457	2457
P122,3	2458	2458
P184,2	2459	2459
P181,2	2460	2460
P168,3	2461	2461
P177,3	2462	2462
P187,2	2463	2463
P128,2	2464	2464
P37,6	2465	2465
P43,4	2466	2466
P12,4	2467	2467
P75,4	2468	2468
P64,4	2469	2469
P170,3	2470	2470
P160,4	2471	2471
P18,4	2472	2472
P182,2	2473	2473
P93,3	2474	2474
P62,2	2475	2475
P176,3	2476	2476
P76,3	2477	2477
P173,4	2478	2478
P30,5	2479	2479
P39,6	2480	2480
P63,6	2481	2481
P178,2	2482	2482
P74,3	2483	2483
P118,3	2484	2484
P130,2	2485	2485
P188,2	2486	2486
P165,4	2487	2487
P2,5	2488	2488
P153,4	2489	2489
P191,2	2490	2490
P166,4	2491	2491
P190,2	2492	2492
P171,3	2493	2493
P89,4	2494	2494
P104,3	2495	2495
P77,3	2496	2496
P38,4	2497	2497
P175,3	2498	2498
P52,4	2499	2499
P19,5	2500	2500
P72,4	2501	2501
P79,3	2502	2502
P109,2	2503	2503
P5,8	2504	2504
P98,3	2505	2505
P4,5	2506	2506
P53,4	2507	2507
P179,3	2508	2508
P200,2	2509	2509
P28,4	2510	2510
P194,2	2511	2511
P197,2	2512	2512
P186,3	2513	2513
P129,3	2514	2514
P189,3	2515	2515
P44,4	2516	2516
P199,2	2517	2517
P51,3	2518	2518
P137,3	2519	2519
P17,4	2520	2520
P124,3	2521	2521
P84,2	2522	2522
P185,3	2523	2523
P107,3	2524	2524
P143,2	2525	2525
P24,4	2526	2526
P193,2	2527	2527
P138,3	2528	2528
P8,6	2529	2529
P152,2	2530	2530
P149,2	2531	2531
P141,3	2532	2532
P23,5	2533	2533
P131,4	2534	2534
P100,3	2535	2535
P21,6	2536	2536
P133,3	2537	2537
P195,2	2538	2538
P61,3	2539	2539
P32,3	2540	2540
P94,3	2541	2541
P140,3	2542	2542
P114,2	2543	2543
P49,3	2544	2544
P198,3	2545	2545
P148,2	2546	2546
P151,2	2547	2547
P139,3	2548	2548
P16,6	2549	2549
P154,2	2550	2550
P1,6	2551	2551
P14,6	2552	2552
P196,3	2553	2553
P162,2	2554	2554
P134,4	2555	2555
P81,3	2556	2556
P108,4	2557	2557
P103,4	2558	2558
P41,3	2559	2559
P11,6	2560	2560
P47,4	2561	2561
P106,3	2562	2562
P147,3	2563	2563
P15,5	2564	2564
P59,4	2565	2565
P145,3	2566	2566
P135,4	2567	2567
P121,6	2568	2568
P110,3	2569	2569
P10,5	2570	2570
P156,2	2571	2571
P112,3	2572	2572
P29,4	2573	2573
P111,3	2574	2574
P83,3	2575	2575
P102,3	2576	2576
P57,5	2577	2577
P34,3	2578	2578
P192,4	2579	2579
P60,3	2580	2580
P105,4	2581	2581
P42,4	2582	2582
P159,2	2583	2583
P88,3	2584	2584
P163,2	2585	2585
P68,3	2586	2586
P155,3	2587	2587
P142,4	2588	2588
P144,3	2589	2589
P172,2	2590	2590
P50,6	2591	2591
P58,5	2592	2592
P33,4	2593	2593
P31,4	2594	2594
P125,2	2595	2595
P136,4	2596	2596
P9,4	2597	2597
P101,4	2598	2598
P116,3	2599	2599
P161,3	2600	2600
P157,3	2601	2601
P35,3	2602	2602
P150,3	2603	2603
P71,3	2604	2604
P55,3	2605	2605
P40,4	2606	2606
P46,3	2607	2607
P27,4	2608	2608
P87,3	2609	2609
P45,3	2610	2610
P70,3	2611	2611
P82,4	2612	2612
P48,4	2613	2613
P3,5	2614	2614
P80,4	2615	2615
P158,3	2616	2616
P96,2	2617	2617
P117,3	2618	2618
P146,4	2619	2619
P91,3	2620	2620
P119,3	2621	2621
P86,4	2622	2622
P26,4	2623	2623
P20,5	2624	2624
P97,5	2625	2625
P92,3	2626	2626
P56,3	2627	2627
P169,3	2628	2628
P113,4	2629	2629
P123,3	2630	2630
P6,5	2631	2631
P120,3	2632	2632
P115,3	2633	2633
P95,2	2634	2634
P69,3	2635	2635
P164,3	2636	2636
P54,4	2637	2637
P78,3	2638	2638
P174,3	2639	2639
P13,6	2640	2640
P183,2	2641	2641
P22,5	2642	2642
P126,3	2643	2643
P132,2	2644	2644
P67,5	2645	2645
P180,2	2646	2646
P122,3	2647	2647
P184,2	2648	2648
P181,2	2649	2649
P65,5	2650	2650
P168,3	2651	2651
P177,3	2652	2652
P187,2	2653	2653
P37,6	2654	2654
P43,4	2655	2655
P12,4	2656	2656
P167,3	2657	2657
P127,3	2658	2658
P75,4	2659	2659
P64,4	2660	2660
P170,3	2661	2661
P160,4	2662	2662
P18,4	2663	2663
P182,2	2664	2664
P93,3	2665	2665
P176,3	2666	2666
P173,4	2667	2667
P30,5	2668	2668
P39,6	2669	2669
P63,6	2670	2670
P178,2	2671	2671
P74,3	2672	2672
P118,3	2673	2673
P25,5	2674	2674
P130,2	2675	2675
P188,2	2676	2676
P66,5	2677	2677
P165,4	2678	2678
P2,5	2679	2679
P153,4	2680	2680
P90,4	2681	2681
P191,2	2682	2682
P166,4	2683	2683
P190,2	2684	2684
P171,3	2685	2685
P89,4	2686	2686
P104,3	2687	2687
P77,3	2688	2688
P85,5	2689	2689
P73,4	2690	2690
P52,4	2691	2691
P19,5	2692	2692
P72,4	2693	2693
P128,3	2694	2694
P79,3	2695	2695
P109,2	2696	2696
P5,8	2697	2697
P98,3	2698	2698
P4,5	2699	2699
P99,3	2700	2700
P53,4	2701	2701
P179,3	2702	2702
P200,2	2703	2703
P28,4	2704	2704
P197,2	2705	2705
P186,3	2706	2706
P129,3	2707	2707
P189,3	2708	2708
P44,4	2709	2709
P38,5	2710	2710
P137,3	2711	2711
P17,4	2712	2712
P124,3	2713	2713
P62,3	2714	2714
P185,3	2715	2715
P107,3	2716	2716
P76,4	2717	2717
P143,2	2718	2718
P24,4	2719	2719
P193,2	2720	2720
P138,3	2721	2721
P175,4	2722	2722
P8,6	2723	2723
P152,2	2724	2724
P149,2	2725	2725
P23,5	2726	2726
P131,4	2727	2727
P100,3	2728	2728
P21,6	2729	2729
P195,2	2730	2730
P61,3	2731	2731
P32,3	2732	2732
P194,3	2733	2733
P94,3	2734	2734
P140,3	2735	2735
P114,2	2736	2736
P49,3	2737	2737
P198,3	2738	2738
P51,4	2739	2739
P84,3	2740	2740
P148,2	2741	2741
P151,2	2742	2742
P16,6	2743	2743
P154,2	2744	2744
P1,6	2745	2745
P14,6	2746	2746
P196,3	2747	2747
P162,2	2748	2748
P81,3	2749	2749
P108,4	2750	2750
P103,4	2751	2751
P41,3	2752	2752
P11,6	2753	2753
P47,4	2754	2754
P106,3	2755	2755
P147,3	2756	2756
P15,5	2757	2757
P145,3	2758	2758
P135,4	2759	2759
P121,6	2760	2760
P110,3	2761	2761
P141,4	2762	2762
P133,4	2763	2763
P29,4	2764	2764
P199,3	2765	2765
P111,3	2766	2766
P83,3	2767	2767
P102,3	2768	2768
P57,5	2769	2769
P34,3	2770	2770
P192,4	2771	2771
P134,5	2772	2772
P60,3	2773	2773
P105,4	2774	2774
P159,2	2775	2775
P155,3	2776	2776
P142,4	2777	2777
P144,3	2778	2778
P172,2	2779	2779
P50,6	2780	2780
P58,5	2781	2781
P33,4	2782	2782
P31,4	2783	2783
P125,2	2784	2784
P139,4	2785	2785
P136,4	2786	2786
P9,4	2787	2787
P112,4	2788	2788
P101,4	2789	2789
P161,3	2790	2790
P157,3	2791	2791
P35,3	2792	2792
P150,3	2793	2793
P156,3	2794	2794
P40,4	2795	2795
P46,3	2796	2796
P27,4	2797	2797
P87,3	2798	2798
P45,3	2799	2799
P10,6	2800	2800
P70,3	2801	2801
P48,4	2802	2802
P59,5	2803	2803
P3,5	2804	2804
P80,4	2805	2805
P68,4	2806	2806
P158,3	2807	2807
P117,3	2808	2808
P146,4	2809	2809
P119,3	2810	2810
P86,4	2811	2811
P26,4	2812	2812
P42,5	2813	2813
P97,5	2814	2814
P92,3	2815	2815
P56,3	2816	2816
P169,3	2817	2817
P88,4	2818	2818
P123,3	2819	2819
P120,3	2820	2820
P115,3	2821	2821
P95,2	2822	2822
P164,3	2823	2823
P54,4	2824	2824
P96,3	2825	2825
P71,4	2826	2826
P174,3	2827	2827
P91,4	2828	2828
P13,6	2829	2829
P163,3	2830	2830
P183,2	2831	2831
P126,3	2832	2832
P67,5	2833	2833
P180,2	2834	2834
P116,4	2835	2835
P122,3	2836	2836
P184,2	2837	2837
P113,5	2838	2838
P181,2	2839	2839
P65,5	2840	2840
P177,3	2841	2841
P187,2	2842	2842
P37,6	2843	2843
P43,4	2844	2844
P12,4	2845	2845
P167,3	2846	2846
P127,3	2847	2847
P75,4	2848	2848
P160,4	2849	2849
P18,4	2850	2850
P55,4	2851	2851
P182,2	2852	2852
P93,3	2853	2853
P173,4	2854	2854
P30,5	2855	2855
P39,6	2856	2856
P63,6	2857	2857
P178,2	2858	2858
P82,5	2859	2859
P168,4	2860	2860
P74,3	2861	2861
P118,3	2862	2862
P25,5	2863	2863
P130,2	2864	2864
P188,2	2865	2865
P66,5	2866	2866
P78,4	2867	2867
P2,5	2868	2868
P69,4	2869	2869
P153,4	2870	2870
P90,4	2871	2871
P191,2	2872	2872
P166,4	2873	2873
P20,6	2874	2874
P190,2	2875	2875
P89,4	2876	2876
P104,3	2877	2877
P77,3	2878	2878
P85,5	2879	2879
P73,4	2880	2880
P52,4	2881	2881
P19,5	2882	2882
P72,4	2883	2883
P128,3	2884	2884
P79,3	2885	2885
P5,8	2886	2886
P170,4	2887	2887
P165,5	2888	2888
P4,5	2889	2889
P99,3	2890	2890
P53,4	2891	2891
P132,3	2892	2892
P28,4	2893	2893
P129,3	2894	2894
P189,3	2895	2895
P171,4	2896	2896
P44,4	2897	2897
P38,5	2898	2898
P137,3	2899	2899
P185,3	2900	2900
P107,3	2901	2901
P76,4	2902	2902
P143,2	2903	2903
P176,4	2904	2904
P64,5	2905	2905
P193,2	2906	2906
P8,6	2907	2907
P152,2	2908	2908
P149,2	2909	2909
P200,3	2910	2910
P23,5	2911	2911
P131,4	2912	2912
P186,4	2913	2913
P100,3	2914	2914
P21,6	2915	2915
P197,3	2916	2916
P195,2	2917	2917
P109,3	2918	2918
P32,3	2919	2919
P194,3	2920	2920
P94,3	2921	2921
P140,3	2922	2922
P114,2	2923	2923
P198,3	2924	2924
P51,4	2925	2925
P62,4	2926	2926
P84,3	2927	2927
P148,2	2928	2928
P124,4	2929	2929
P154,2	2930	2930
P1,6	2931	2931
P196,3	2932	2932
P162,2	2933	2933
P108,4	2934	2934
P103,4	2935	2935
P11,6	2936	2936
P147,3	2937	2937
P98,4	2938	2938
P145,3	2939	2939
P135,4	2940	2940
P138,4	2941	2941
P121,6	2942	2942
P61,4	2943	2943
P110,3	2944	2944
P179,4	2945	2945
P141,4	2946	2946
P133,4	2947	2947
P29,4	2948	2948
P49,4	2949	2949
P199,3	2950	2950
P102,3	2951	2951
P175,5	2952	2952
P57,5	2953	2953
P34,3	2954	2954
P14,7	2955	2955
P192,4	2956	2956
P17,5	2957	2957
P134,5	2958	2958
P105,4	2959	2959
P159,2	2960	2960
P155,3	2961	2961
P24,5	2962	2962
P144,3	2963	2963
P172,2	2964	2964
P50,6	2965	2965
P58,5	2966	2966
P33,4	2967	2967
P31,4	2968	2968
P81,4	2969	2969
P151,3	2970	2970
P139,4	2971	2971
P112,4	2972	2972
P15,6	2973	2973
P101,4	2974	2974
P161,3	2975	2975
P16,7	2976	2976
P35,3	2977	2977
P150,3	2978	2978
P156,3	2979	2979
P40,4	2980	2980
P46,3	2981	2981
P106,4	2982	2982
P27,4	2983	2983
P10,6	2984	2984
P70,3	2985	2985
P48,4	2986	2986
P59,5	2987	2987
P3,5	2988	2988
P47,5	2989	2989
P80,4	2990	2990
P41,4	2991	2991
P125,3	2992	2992
P68,4	2993	2993
P83,4	2994	2994
P158,3	2995	2995
P117,3	2996	2996
P146,4	2997	2997
P119,3	2998	2998
P26,4	2999	2999
P42,5	3000	3000
P97,5	3001	3001
P92,3	3002	3002
P9,5	3003	3003
P169,3	3004	3004
P88,4	3005	3005
P123,3	3006	3006
P136,5	3007	3007
P157,4	3008	3008
P120,3	3009	3009
P115,3	3010	3010
P95,2	3011	3011
P45,4	3012	3012
P164,3	3013	3013
P87,4	3014	3014
P54,4	3015	3015
P96,3	3016	3016
P111,4	3017	3017
P142,5	3018	3018
P71,4	3019	3019
P174,3	3020	3020
P91,4	3021	3021
P13,6	3022	3022
P163,3	3023	3023
P183,2	3024	3024
P126,3	3025	3025
P60,4	3026	3026
P67,5	3027	3027
P180,2	3028	3028
P116,4	3029	3029
P122,3	3030	3030
P184,2	3031	3031
P113,5	3032	3032
P181,2	3033	3033
P65,5	3034	3034
P177,3	3035	3035
P187,2	3036	3036
P37,6	3037	3037
P56,4	3038	3038
P12,4	3039	3039
P167,3	3040	3040
P127,3	3041	3041
P75,4	3042	3042
P160,4	3043	3043
P55,4	3044	3044
P182,2	3045	3045
P93,3	3046	3046
P173,4	3047	3047
P39,6	3048	3048
P63,6	3049	3049
P178,2	3050	3050
P82,5	3051	3051
P168,4	3052	3052
P118,3	3053	3053
P25,5	3054	3054
P130,2	3055	3055
P188,2	3056	3056
P66,5	3057	3057
P86,5	3058	3058
P78,4	3059	3059
P69,4	3060	3060
P90,4	3061	3061
P166,4	3062	3062
P20,6	3063	3063
P190,2	3064	3064
P89,4	3065	3065
P104,3	3066	3066
P77,3	3067	3067
P73,4	3068	3068
P19,5	3069	3069
P72,4	3070	3070
P128,3	3071	3071
P79,3	3072	3072
P30,6	3073	3073
P170,4	3074	3074
P74,4	3075	3075
P99,3	3076	3076
P53,4	3077	3077
P18,5	3078	3078
P132,3	3079	3079
P28,4	3080	3080
P129,3	3081	3081
P171,4	3082	3082
P44,4	3083	3083
P38,5	3084	3084
P107,3	3085	3085
P76,4	3086	3086
P143,2	3087	3087
P2,6	3088	3088
P176,4	3089	3089
P64,5	3090	3090
P153,5	3091	3091
P8,6	3092	3092
P152,2	3093	3093
P85,6	3094	3094
P200,3	3095	3095
P23,5	3096	3096
P131,4	3097	3097
P186,4	3098	3098
P100,3	3099	3099
P197,3	3100	3100
P189,4	3101	3101
P109,3	3102	3102
P32,3	3103	3103
P4,6	3104	3104
P194,3	3105	3105
P191,3	3106	3106
P140,3	3107	3107
P114,2	3108	3108
P62,4	3109	3109
P137,4	3110	3110
P84,3	3111	3111
P185,4	3112	3112
P124,4	3113	3113
P52,5	3114	3114
P5,9	3115	3115
P162,2	3116	3116
P108,4	3117	3117
P103,4	3118	3118
P11,6	3119	3119
P147,3	3120	3120
P98,4	3121	3121
P145,3	3122	3122
P135,4	3123	3123
P165,6	3124	3124
P138,4	3125	3125
P121,6	3126	3126
P61,4	3127	3127
P198,4	3128	3128
P141,4	3129	3129
P133,4	3130	3130
P29,4	3131	3131
P49,4	3132	3132
P199,3	3133	3133
P102,3	3134	3134
P175,5	3135	3135
P57,5	3136	3136
P195,3	3137	3137
P193,3	3138	3138
P14,7	3139	3139
P192,4	3140	3140
P17,5	3141	3141
P134,5	3142	3142
P196,4	3143	3143
P159,2	3144	3144
P155,3	3145	3145
P149,3	3146	3146
P144,3	3147	3147
P50,6	3148	3148
P58,5	3149	3149
P148,3	3150	3150
P33,4	3151	3151
P81,4	3152	3152
P94,4	3153	3153
P151,3	3154	3154
P139,4	3155	3155
P112,4	3156	3156
P51,5	3157	3157
P1,7	3158	3158
P15,6	3159	3159
P101,4	3160	3160
P161,3	3161	3161
P16,7	3162	3162
P150,3	3163	3163
P156,3	3164	3164
P40,4	3165	3165
P46,3	3166	3166
P106,4	3167	3167
P154,3	3168	3168
P27,4	3169	3169
P10,6	3170	3170
P110,4	3171	3171
P59,5	3172	3172
P3,5	3173	3173
P47,5	3174	3174
P80,4	3175	3175
P34,4	3176	3176
P41,4	3177	3177
P125,3	3178	3178
P68,4	3179	3179
P83,4	3180	3180
P158,3	3181	3181
P117,3	3182	3182
P146,4	3183	3183
P119,3	3184	3184
P26,4	3185	3185
P97,5	3186	3186
P105,5	3187	3187
P31,5	3188	3188
P169,3	3189	3189
P88,4	3190	3190
P48,5	3191	3191
P136,5	3192	3192
P157,4	3193	3193
P120,3	3194	3194
P115,3	3195	3195
P24,6	3196	3196
P95,2	3197	3197
P45,4	3198	3198
P164,3	3199	3199
P87,4	3200	3200
P54,4	3201	3201
P96,3	3202	3202
P111,4	3203	3203
P71,4	3204	3204
P174,3	3205	3205
P70,4	3206	3206
P91,4	3207	3207
P13,6	3208	3208
P163,3	3209	3209
P172,3	3210	3210
P183,2	3211	3211
P126,3	3212	3212
P35,4	3213	3213
P60,4	3214	3214
P67,5	3215	3215
P180,2	3216	3216
P116,4	3217	3217
P113,5	3218	3218
P181,2	3219	3219
P65,5	3220	3220
P37,6	3221	3221
P12,4	3222	3222
P167,3	3223	3223
P127,3	3224	3224
P75,4	3225	3225
P160,4	3226	3226
P55,4	3227	3227
P182,2	3228	3228
P93,3	3229	3229
P39,6	3230	3230
P63,6	3231	3231
P82,5	3232	3232
P168,4	3233	3233
P123,4	3234	3234
P118,3	3235	3235
P25,5	3236	3236
P130,2	3237	3237
P92,4	3238	3238
P9,6	3239	3239
P188,2	3240	3240
P66,5	3241	3241
P177,4	3242	3242
P86,5	3243	3243
P78,4	3244	3244
P69,4	3245	3245
P90,4	3246	3246
P166,4	3247	3247
P20,6	3248	3248
P190,2	3249	3249
P89,4	3250	3250
P73,4	3251	3251
P173,5	3252	3252
P72,4	3253	3253
P128,3	3254	3254
P79,3	3255	3255
P142,6	3256	3256
P30,6	3257	3257
P122,4	3258	3258
P74,4	3259	3259
P187,3	3260	3260
P18,5	3261	3261
P129,3	3262	3262
P171,4	3263	3263
P44,4	3264	3264
P107,3	3265	3265
P184,3	3266	3266
P178,3	3267	3267
P76,4	3268	3268
P143,2	3269	3269
P2,6	3270	3270
P176,4	3271	3271
P77,4	3272	3272
P64,5	3273	3273
P153,5	3274	3274
P8,6	3275	3275
P152,2	3276	3276
P85,6	3277	3277
P200,3	3278	3278
P23,5	3279	3279
P131,4	3280	3280
P56,5	3281	3281
P186,4	3282	3282
P100,3	3283	3283
P189,4	3284	3284
P132,4	3285	3285
P109,3	3286	3286
P32,3	3287	3287
P4,6	3288	3288
P194,3	3289	3289
P191,3	3290	3290
P114,2	3291	3291
P62,4	3292	3292
P19,6	3293	3293
P137,4	3294	3294
P104,4	3295	3295
P84,3	3296	3296
P185,4	3297	3297
P124,4	3298	3298
P52,5	3299	3299
P5,9	3300	3300
P162,2	3301	3301
P108,4	3302	3302
P28,5	3303	3303
P170,5	3304	3304
P11,6	3305	3305
P147,3	3306	3306
P98,4	3307	3307
P145,3	3308	3308
P135,4	3309	3309
P165,6	3310	3310
P138,4	3311	3311
P121,6	3312	3312
P61,4	3313	3313
P198,4	3314	3314
P99,4	3315	3315
P141,4	3316	3316
P133,4	3317	3317
P29,4	3318	3318
P53,5	3319	3319
P49,4	3320	3320
P199,3	3321	3321
P175,5	3322	3322
P57,5	3323	3323
P193,3	3324	3324
P197,4	3325	3325
P14,7	3326	3326
P17,5	3327	3327
P134,5	3328	3328
P196,4	3329	3329
P140,4	3330	3330
P159,2	3331	3331
P155,3	3332	3332
P149,3	3333	3333
P144,3	3334	3334
P50,6	3335	3335
P58,5	3336	3336
P148,3	3337	3337
P81,4	3338	3338
P94,4	3339	3339
P151,3	3340	3340
P139,4	3341	3341
P112,4	3342	3342
P51,5	3343	3343
P1,7	3344	3344
P101,4	3345	3345
P192,5	3346	3346
P156,3	3347	3347
P40,4	3348	3348
P106,4	3349	3349
P102,4	3350	3350
P154,3	3351	3351
P27,4	3352	3352
P10,6	3353	3353
P110,4	3354	3354
P59,5	3355	3355
P33,5	3356	3356
P47,5	3357	3357
P103,5	3358	3358
P80,4	3359	3359
P34,4	3360	3360
P125,3	3361	3361
P68,4	3362	3362
P117,3	3363	3363
P195,4	3364	3364
P146,4	3365	3365
P15,7	3366	3366
P26,4	3367	3367
P97,5	3368	3368
P46,4	3369	3369
P105,5	3370	3370
P31,5	3371	3371
P169,3	3372	3372
P88,4	3373	3373
P48,5	3374	3374
P157,4	3375	3375
P16,8	3376	3376
P115,3	3377	3377
P24,6	3378	3378
P45,4	3379	3379
P164,3	3380	3380
P161,4	3381	3381
P87,4	3382	3382
P54,4	3383	3383
P96,3	3384	3384
P71,4	3385	3385
P70,4	3386	3386
P91,4	3387	3387
P13,6	3388	3388
P183,2	3389	3389
P126,3	3390	3390
P150,4	3391	3391
P60,4	3392	3392
P67,5	3393	3393
P116,4	3394	3394
P3,6	3395	3395
P119,4	3396	3396
P113,5	3397	3397
P181,2	3398	3398
P12,4	3399	3399
P158,4	3400	3400
P111,5	3401	3401
P167,3	3402	3402
P127,3	3403	3403
P160,4	3404	3404
P55,4	3405	3405
P39,6	3406	3406
P83,5	3407	3407
P63,6	3408	3408
P174,4	3409	3409
P82,5	3410	3410
P168,4	3411	3411
P123,4	3412	3412
P118,3	3413	3413
P136,6	3414	3414
P25,5	3415	3415
P35,5	3416	3416
P92,4	3417	3417
P66,5	3418	3418
P120,4	3419	3419
P177,4	3420	3420
P86,5	3421	3421
P78,4	3422	3422
P180,3	3423	3423
P69,4	3424	3424
P90,4	3425	3425
P166,4	3426	3426
P190,2	3427	3427
P89,4	3428	3428
P95,3	3429	3429
P73,4	3430	3430
P173,5	3431	3431
P72,4	3432	3432
P128,3	3433	3433
P93,4	3434	3434
P142,6	3435	3435
P30,6	3436	3436
P122,4	3437	3437
P74,4	3438	3438
P182,3	3439	3439
P187,3	3440	3440
P172,4	3441	3441
P18,5	3442	3442
P188,3	3443	3443
P129,3	3444	3444
P171,4	3445	3445
P44,4	3446	3446
P107,3	3447	3447
P163,4	3448	3448
P184,3	3449	3449
P75,5	3450	3450
P178,3	3451	3451
P37,7	3452	3452
P2,6	3453	3453
P65,6	3454	3454
P176,4	3455	3455
P77,4	3456	3456
P9,7	3457	3457
P64,5	3458	3458
P153,5	3459	3459
P79,4	3460	3460
P200,3	3461	3461
P23,5	3462	3462
P20,7	3463	3463
P131,4	3464	3464
P56,5	3465	3465
P130,3	3466	3466
P186,4	3467	3467
P189,4	3468	3468
P132,4	3469	3469
P109,3	3470	3470
P32,3	3471	3471
P4,6	3472	3472
P143,3	3473	3473
P62,4	3474	3474
P19,6	3475	3475
P137,4	3476	3476
P104,4	3477	3477
P84,3	3478	3478
P185,4	3479	3479
P124,4	3480	3480
P5,9	3481	3481
P8,7	3482	3482
P108,4	3483	3483
P28,5	3484	3484
P170,5	3485	3485
P11,6	3486	3486
P152,3	3487	3487
P147,3	3488	3488
P98,4	3489	3489
P145,3	3490	3490
P135,4	3491	3491
P76,5	3492	3492
P165,6	3493	3493
P138,4	3494	3494
P61,4	3495	3495
P198,4	3496	3496
P99,4	3497	3497
P141,4	3498	3498
P133,4	3499	3499
P29,4	3500	3500
P53,5	3501	3501
P49,4	3502	3502
P199,3	3503	3503
P193,3	3504	3504
P197,4	3505	3505
P14,7	3506	3506
P17,5	3507	3507
P134,5	3508	3508
P196,4	3509	3509
P162,3	3510	3510
P155,3	3511	3511
P85,7	3512	3512
P114,3	3513	3513
P149,3	3514	3514
P144,3	3515	3515
P50,6	3516	3516
P58,5	3517	3517
P148,3	3518	3518
P81,4	3519	3519
P100,4	3520	3520
P94,4	3521	3521
P151,3	3522	3522
P191,4	3523	3523
P139,4	3524	3524
P112,4	3525	3525
P51,5	3526	3526
P1,7	3527	3527
P194,4	3528	3528
P192,5	3529	3529
P52,6	3530	3530
P57,6	3531	3531
P121,7	3532	3532
P106,4	3533	3533
P102,4	3534	3534
P154,3	3535	3535
P159,3	3536	3536
P27,4	3537	3537
P110,4	3538	3538
P59,5	3539	3539
P47,5	3540	3540
P103,5	3541	3541
P80,4	3542	3542
P125,3	3543	3543
P68,4	3544	3544
P146,4	3545	3545
P15,7	3546	3546
P175,6	3547	3547
P26,4	3548	3548
P97,5	3549	3549
P46,4	3550	3550
P105,5	3551	3551
P31,5	3552	3552
P169,3	3553	3553
P101,5	3554	3554
P48,5	3555	3555
P157,4	3556	3556
P10,7	3557	3557
P16,8	3558	3558
P115,3	3559	3559
P24,6	3560	3560
P140,5	3561	3561
P45,4	3562	3562
P161,4	3563	3563
P87,4	3564	3564
P96,3	3565	3565
P71,4	3566	3566
P117,4	3567	3567
P70,4	3568	3568
P195,5	3569	3569
P91,4	3570	3570
P13,6	3571	3571
P33,6	3572	3572
P126,3	3573	3573
P60,4	3574	3574
P3,6	3575	3575
P156,4	3576	3576
P113,5	3577	3577
P40,5	3578	3578
P158,4	3579	3579
P111,5	3580	3580
P88,5	3581	3581
P160,4	3582	3582
P55,4	3583	3583
P39,6	3584	3584
P83,5	3585	3585
P174,4	3586	3586
P82,5	3587	3587
P168,4	3588	3588
P123,4	3589	3589
P136,6	3590	3590
P25,5	3591	3591
P35,5	3592	3592
P92,4	3593	3593
P66,5	3594	3594
P34,5	3595	3595
P12,5	3596	3596
P120,4	3597	3597
P119,5	3598	3598
P177,4	3599	3599
P86,5	3600	3600
P78,4	3601	3601
P180,3	3602	3602
P90,4	3603	3603
P166,4	3604	3604
P164,4	3605	3605
P183,3	3606	3606
P190,2	3607	3607
P95,3	3608	3608
P73,4	3609	3609
P116,5	3610	3610
P173,5	3611	3611
P72,4	3612	3612
P128,3	3613	3613
P118,4	3614	3614
P93,4	3615	3615
P150,5	3616	3616
P142,6	3617	3617
P30,6	3618	3618
P54,5	3619	3619
P182,3	3620	3620
P187,3	3621	3621
P172,4	3622	3622
P18,5	3623	3623
P129,3	3624	3624
P67,6	3625	3625
P171,4	3626	3626
P181,3	3627	3627
P44,4	3628	3628
P163,4	3629	3629
P184,3	3630	3630
P75,5	3631	3631
P178,3	3632	3632
P37,7	3633	3633
P65,6	3634	3634
P127,4	3635	3635
P89,5	3636	3636
P77,4	3637	3637
P9,7	3638	3638
P122,5	3639	3639
P153,5	3640	3640
P79,4	3641	3641
P167,4	3642	3642
P200,3	3643	3643
P23,5	3644	3644
P74,5	3645	3645
P56,5	3646	3646
P63,7	3647	3647
P186,4	3648	3648
P189,4	3649	3649
P132,4	3650	3650
P109,3	3651	3651
P4,6	3652	3652
P143,3	3653	3653
P62,4	3654	3654
P19,6	3655	3655
P107,4	3656	3656
P137,4	3657	3657
P69,5	3658	3658
P2,7	3659	3659
P104,4	3660	3660
P185,4	3661	3661
P124,4	3662	3662
P8,7	3663	3663
P28,5	3664	3664
P170,5	3665	3665
P11,6	3666	3666
P152,3	3667	3667
P98,4	3668	3668
P145,3	3669	3669
P64,6	3670	3670
P135,4	3671	3671
P165,6	3672	3672
P138,4	3673	3673
P99,4	3674	3674
P141,4	3675	3675
P188,4	3676	3676
P133,4	3677	3677
P53,5	3678	3678
P199,3	3679	3679
P193,3	3680	3680
P32,4	3681	3681
P197,4	3682	3682
P14,7	3683	3683
P130,4	3684	3684
P17,5	3685	3685
P134,5	3686	3686
P176,5	3687	3687
P131,5	3688	3688
P196,4	3689	3689
P162,3	3690	3690
P85,7	3691	3691
P114,3	3692	3692
P149,3	3693	3693
P20,8	3694	3694
P144,3	3695	3695
P50,6	3696	3696
P5,10	3697	3697
P100,4	3698	3698
P94,4	3699	3699
P191,4	3700	3700
P112,4	3701	3701
P51,5	3702	3702
P1,7	3703	3703
P194,4	3704	3704
P192,5	3705	3705
P52,6	3706	3706
P57,6	3707	3707
P121,7	3708	3708
P84,4	3709	3709
P106,4	3710	3710
P147,4	3711	3711
P154,3	3712	3712
P159,3	3713	3713
P108,5	3714	3714
P61,5	3715	3715
P110,4	3716	3716
P155,4	3717	3717
P59,5	3718	3718
P29,5	3719	3719
P49,5	3720	3720
P47,5	3721	3721
P103,5	3722	3722
P68,4	3723	3723
P146,4	3724	3724
P198,5	3725	3725
P15,7	3726	3726
P175,6	3727	3727
P81,5	3728	3728
P46,4	3729	3729
P105,5	3730	3730
P31,5	3731	3731
P101,5	3732	3732
P48,5	3733	3733
P10,7	3734	3734
P16,8	3735	3735
P115,3	3736	3736
P24,6	3737	3737
P140,5	3738	3738
P45,4	3739	3739
P58,6	3740	3740
P125,4	3741	3741
P161,4	3742	3742
P87,4	3743	3743
P96,3	3744	3744
P71,4	3745	3745
P117,4	3746	3746
P70,4	3747	3747
P195,5	3748	3748
P148,4	3749	3749
P139,5	3750	3750
P91,4	3751	3751
P13,6	3752	3752
P33,6	3753	3753
P80,5	3754	3754
P60,4	3755	3755
P3,6	3756	3756
P156,4	3757	3757
P151,4	3758	3758
P113,5	3759	3759
P40,5	3760	3760
P102,5	3761	3761
P158,4	3762	3762
P111,5	3763	3763
P27,5	3764	3764
P88,5	3765	3765
P39,6	3766	3766
P83,5	3767	3767
P157,5	3768	3768
P174,4	3769	3769
P168,4	3770	3770
P123,4	3771	3771
P136,6	3772	3772
P25,5	3773	3773
P35,5	3774	3774
P26,5	3775	3775
P34,5	3776	3776
P12,5	3777	3777
P120,4	3778	3778
P119,5	3779	3779
P177,4	3780	3780
P78,4	3781	3781
P160,5	3782	3782
P180,3	3783	3783
P90,4	3784	3784
P164,4	3785	3785
P183,3	3786	3786
P169,4	3787	3787
P95,3	3788	3788
P116,5	3789	3789
P173,5	3790	3790
P128,3	3791	3791
P118,4	3792	3792
P126,4	3793	3793
P93,4	3794	3794
P150,5	3795	3795
P142,6	3796	3796
P30,6	3797	3797
P54,5	3798	3798
P182,3	3799	3799
P187,3	3800	3800
P172,4	3801	3801
P18,5	3802	3802
P67,6	3803	3803
P55,5	3804	3804
P181,3	3805	3805
P44,4	3806	3806
P163,4	3807	3807
P184,3	3808	3808
P75,5	3809	3809
P72,5	3810	3810
P178,3	3811	3811
P37,7	3812	3812
P65,6	3813	3813
P127,4	3814	3814
P77,4	3815	3815
P9,7	3816	3816
P66,6	3817	3817
P122,5	3818	3818
P153,5	3819	3819
P73,5	3820	3820
P167,4	3821	3821
P82,6	3822	3822
P74,5	3823	3823
P190,3	3824	3824
P56,5	3825	3825
P63,7	3826	3826
P186,4	3827	3827
P189,4	3828	3828
P129,4	3829	3829
P132,4	3830	3830
P109,3	3831	3831
P92,5	3832	3832
P4,6	3833	3833
P143,3	3834	3834
P62,4	3835	3835
P19,6	3836	3836
P86,6	3837	3837
P107,4	3838	3838
P137,4	3839	3839
P69,5	3840	3840
P166,5	3841	3841
P2,7	3842	3842
P104,4	3843	3843
P185,4	3844	3844
P28,5	3845	3845
P170,5	3846	3846
P11,6	3847	3847
P152,3	3848	3848
P98,4	3849	3849
P145,3	3850	3850
P64,6	3851	3851
P165,6	3852	3852
P138,4	3853	3853
P99,4	3854	3854
P23,6	3855	3855
P141,4	3856	3856
P188,4	3857	3857
P133,4	3858	3858
P53,5	3859	3859
P199,3	3860	3860
P193,3	3861	3861
P32,4	3862	3862
P197,4	3863	3863
P171,5	3864	3864
P14,7	3865	3865
P130,4	3866	3866
P176,5	3867	3867
P131,5	3868	3868
P196,4	3869	3869
P162,3	3870	3870
P200,4	3871	3871
P114,3	3872	3872
P149,3	3873	3873
P79,5	3874	3874
P5,10	3875	3875
P100,4	3876	3876
P94,4	3877	3877
P191,4	3878	3878
P112,4	3879	3879
P51,5	3880	3880
P1,7	3881	3881
P194,4	3882	3882
P192,5	3883	3883
P52,6	3884	3884
P124,5	3885	3885
P106,4	3886	3886
P147,4	3887	3887
P85,8	3888	3888
P154,3	3889	3889
P159,3	3890	3890
P8,8	3891	3891
P108,5	3892	3892
P61,5	3893	3893
P110,4	3894	3894
P134,6	3895	3895
P20,9	3896	3896
P103,5	3897	3897
P135,5	3898	3898
P68,4	3899	3899
P198,5	3900	3900
P15,7	3901	3901
P175,6	3902	3902
P46,4	3903	3903
P105,5	3904	3904
P31,5	3905	3905
P101,5	3906	3906
P144,4	3907	3907
P10,7	3908	3908
P16,8	3909	3909
P17,6	3910	3910
P140,5	3911	3911
P57,7	3912	3912
P45,4	3913	3913
P58,6	3914	3914
P125,4	3915	3915
P87,4	3916	3916
P71,4	3917	3917
P117,4	3918	3918
P70,4	3919	3919
P148,4	3920	3920
P50,7	3921	3921
P139,5	3922	3922
P84,5	3923	3923
P59,6	3924	3924
P33,6	3925	3925
P80,5	3926	3926
P60,4	3927	3927
P29,6	3928	3928
P3,6	3929	3929
P156,4	3930	3930
P151,4	3931	3931
P113,5	3932	3932
P40,5	3933	3933
P48,6	3934	3934
P102,5	3935	3935
P158,4	3936	3936
P111,5	3937	3937
P27,5	3938	3938
P88,5	3939	3939
P155,5	3940	3940
P83,5	3941	3941
P121,8	3942	3942
P174,4	3943	3943
P24,7	3944	3944
P136,6	3945	3945
P81,6	3946	3946
P47,6	3947	3947
P115,4	3948	3948
P49,6	3949	3949
P12,5	3950	3950
P120,4	3951	3951
P119,5	3952	3952
P146,5	3953	3953
P78,4	3954	3954
P195,6	3955	3955
P160,5	3956	3956
P180,3	3957	3957
P164,4	3958	3958
P183,3	3959	3959
P96,4	3960	3960
P95,3	3961	3961
P116,5	3962	3962
P173,5	3963	3963
P118,4	3964	3964
P93,4	3965	3965
P150,5	3966	3966
P161,5	3967	3967
P142,6	3968	3968
P91,5	3969	3969
P30,6	3970	3970
P35,6	3971	3971
P54,5	3972	3972
P13,7	3973	3973
P168,5	3974	3974
P187,3	3975	3975
P172,4	3976	3976
P55,5	3977	3977
P181,3	3978	3978
P163,4	3979	3979
P184,3	3980	3980
P75,5	3981	3981
P90,5	3982	3982
P72,5	3983	3983
P178,3	3984	3984
P37,7	3985	3985
P65,6	3986	3986
P127,4	3987	3987
P77,4	3988	3988
P9,7	3989	3989
P123,5	3990	3990
P66,6	3991	3991
P73,5	3992	3992
P26,6	3993	3993
P167,4	3994	3994
P82,6	3995	3995
P39,7	3996	3996
P25,6	3997	3997
P128,4	3998	3998
P74,5	3999	3999
P190,3	4000	4000
P56,5	4001	4001
P63,7	4002	4002
P189,4	4003	4003
P129,4	4004	4004
P132,4	4005	4005
P109,3	4006	4006
P92,5	4007	4007
P4,6	4008	4008
P143,3	4009	4009
P18,6	4010	4010
P62,4	4011	4011
P126,5	4012	4012
P19,6	4013	4013
P86,6	4014	4014
P107,4	4015	4015
P177,5	4016	4016
P137,4	4017	4017
P44,5	4018	4018
P69,5	4019	4019
P166,5	4020	4020
P2,7	4021	4021
P28,5	4022	4022
P182,4	4023	4023
P152,3	4024	4024
P122,6	4025	4025
P165,6	4026	4026
P99,4	4027	4027
P23,6	4028	4028
P186,5	4029	4029
P188,4	4030	4030
P153,6	4031	4031
P53,5	4032	4032
P199,3	4033	4033
P193,3	4034	4034
P32,4	4035	4035
P171,5	4036	4036
P14,7	4037	4037
P130,4	4038	4038
P176,5	4039	4039
P131,5	4040	4040
P98,5	4041	4041
P162,3	4042	4042
P200,4	4043	4043
P114,3	4044	4044
P104,5	4045	4045
P79,5	4046	4046
P185,5	4047	4047
P100,4	4048	4048
P191,4	4049	4049
P112,4	4050	4050
P133,5	4051	4051
P51,5	4052	4052
P1,7	4053	4053
P141,5	4054	4054
P194,4	4055	4055
P192,5	4056	4056
P52,6	4057	4057
P124,5	4058	4058
P147,4	4059	4059
P85,8	4060	4060
P11,7	4061	4061
P8,8	4062	4062
P108,5	4063	4063
P61,5	4064	4064
P110,4	4065	4065
P170,6	4066	4066
P134,6	4067	4067
P20,9	4068	4068
P103,5	4069	4069
P135,5	4070	4070
P68,4	4071	4071
P198,5	4072	4072
P15,7	4073	4073
P94,5	4074	4074
P175,6	4075	4075
P46,4	4076	4076
P5,11	4077	4077
P105,5	4078	4078
P149,4	4079	4079
P31,5	4080	4080
P145,4	4081	4081
P101,5	4082	4082
P144,4	4083	4083
P10,7	4084	4084
P64,7	4085	4085
P16,8	4086	4086
P17,6	4087	4087
P138,5	4088	4088
P57,7	4089	4089
P45,4	4090	4090
P197,5	4091	4091
P154,4	4092	4092
P58,6	4093	4093
P125,4	4094	4094
P148,4	4095	4095
P50,7	4096	4096
P59,6	4097	4097
P80,5	4098	4098
P60,4	4099	4099
P3,6	4100	4100
P106,5	4101	4101
P156,4	4102	4102
P151,4	4103	4103
P113,5	4104	4104
P48,6	4105	4105
P159,4	4106	4106
P158,4	4107	4107
P111,5	4108	4108
P27,5	4109	4109
P88,5	4110	4110
P155,5	4111	4111
P87,5	4112	4112
P70,5	4113	4113
P83,5	4114	4114
P121,8	4115	4115
P174,4	4116	4116
P24,7	4117	4117
P136,6	4118	4118
P81,6	4119	4119
P47,6	4120	4120
P115,4	4121	4121
P49,6	4122	4122
P119,5	4123	4123
P146,5	4124	4124
P78,4	4125	4125
P195,6	4126	4126
P140,6	4127	4127
P160,5	4128	4128
P164,4	4129	4129
P96,4	4130	4130
P95,3	4131	4131
P116,5	4132	4132
P118,4	4133	4133
P93,4	4134	4134
P71,5	4135	4135
P150,5	4136	4136
P33,7	4137	4137
P161,5	4138	4138
P142,6	4139	4139
P91,5	4140	4140
P30,6	4141	4141
P120,5	4142	4142
P35,6	4143	4143
P54,5	4144	4144
P168,5	4145	4145
P102,6	4146	4146
P187,3	4147	4147
P117,5	4148	4148
P55,5	4149	4149
P84,6	4150	4150
P163,4	4151	4151
P75,5	4152	4152
P90,5	4153	4153
P72,5	4154	4154
P178,3	4155	4155
P29,7	4156	4156
P37,7	4157	4157
P9,7	4158	4158
P123,5	4159	4159
P180,4	4160	4160
P173,6	4161	4161
P73,5	4162	4162
P40,6	4163	4163
P26,6	4164	4164
P82,6	4165	4165
P25,6	4166	4166
P128,4	4167	4167
P183,4	4168	4168
P56,5	4169	4169
P63,7	4170	4170
P189,4	4171	4171
P129,4	4172	4172
P12,6	4173	4173
P92,5	4174	4174
P4,6	4175	4175
P143,3	4176	4176
P18,6	4177	4177
P126,5	4178	4178
P86,6	4179	4179
P107,4	4180	4180
P184,4	4181	4181
P177,5	4182	4182
P137,4	4183	4183
P127,5	4184	4184
P44,5	4185	4185
P74,6	4186	4186
P69,5	4187	4187
P166,5	4188	4188
P66,7	4189	4189
P39,8	4190	4190
P2,7	4191	4191
P190,4	4192	4192
P152,3	4193	4193
P122,6	4194	4194
P165,6	4195	4195
P99,4	4196	4196
P23,6	4197	4197
P186,5	4198	4198
P77,5	4199	4199
P188,4	4200	4200
P153,6	4201	4201
P172,5	4202	4202
P181,4	4203	4203
P132,5	4204	4204
P32,4	4205	4205
P171,5	4206	4206
P130,4	4207	4207
P176,5	4208	4208
P131,5	4209	4209
P98,5	4210	4210
P162,3	4211	4211
P200,4	4212	4212
P114,3	4213	4213
P167,5	4214	4214
P104,5	4215	4215
P79,5	4216	4216
P185,5	4217	4217
P109,4	4218	4218
P100,4	4219	4219
P191,4	4220	4220
P133,5	4221	4221
P51,5	4222	4222
P1,7	4223	4223
P194,4	4224	4224
P192,5	4225	4225
P62,5	4226	4226
P52,6	4227	4227
P124,5	4228	4228
P147,4	4229	4229
P85,8	4230	4230
P11,7	4231	4231
P199,4	4232	4232
P8,8	4233	4233
P108,5	4234	4234
P110,4	4235	4235
P14,8	4236	4236
P170,6	4237	4237
P134,6	4238	4238
P19,7	4239	4239
P20,9	4240	4240
P103,5	4241	4241
P135,5	4242	4242
P198,5	4243	4243
P15,7	4244	4244
P28,6	4245	4245
P94,5	4246	4246
P182,5	4247	4247
P175,6	4248	4248
P46,4	4249	4249
P5,11	4250	4250
P105,5	4251	4251
P31,5	4252	4252
P145,4	4253	4253
P101,5	4254	4254
P144,4	4255	4255
P141,6	4256	4256
P64,7	4257	4257
P16,8	4258	4258
P112,5	4259	4259
P17,6	4260	4260
P53,6	4261	4261
P138,5	4262	4262
P57,7	4263	4263
P45,4	4264	4264
P193,4	4265	4265
P154,4	4266	4266
P58,6	4267	4267
P125,4	4268	4268
P148,4	4269	4269
P59,6	4270	4270
P80,5	4271	4271
P3,6	4272	4272
P106,5	4273	4273
P156,4	4274	4274
P151,4	4275	4275
P48,6	4276	4276
P159,4	4277	4277
P10,8	4278	4278
P158,4	4279	4279
P111,5	4280	4280
P27,5	4281	4281
P88,5	4282	4282
P155,5	4283	4283
P87,5	4284	4284
P70,5	4285	4285
P61,6	4286	4286
P83,5	4287	4287
P149,5	4288	4288
P24,7	4289	4289
P136,6	4290	4290
P81,6	4291	4291
P115,4	4292	4292
P49,6	4293	4293
P68,5	4294	4294
P113,6	4295	4295
P195,6	4296	4296
P140,6	4297	4297
P50,8	4298	4298
P160,5	4299	4299
P164,4	4300	4300
P96,4	4301	4301
P116,5	4302	4302
P118,4	4303	4303
P93,4	4304	4304
P71,5	4305	4305
P150,5	4306	4306
P33,7	4307	4307
P161,5	4308	4308
P142,6	4309	4309
P91,5	4310	4310
P30,6	4311	4311
P120,5	4312	4312
P35,6	4313	4313
P54,5	4314	4314
P168,5	4315	4315
P102,6	4316	4316
P187,3	4317	4317
P117,5	4318	4318
P55,5	4319	4319
P47,7	4320	4320
P95,4	4321	4321
P75,5	4322	4322
P90,5	4323	4323
P72,5	4324	4324
P174,5	4325	4325
P29,7	4326	4326
P60,5	4327	4327
P9,7	4328	4328
P123,5	4329	4329
P180,4	4330	4330
P146,6	4331	4331
P173,6	4332	4332
P73,5	4333	4333
P40,6	4334	4334
P26,6	4335	4335
P82,6	4336	4336
P128,4	4337	4337
P78,5	4338	4338
P183,4	4339	4339
P119,6	4340	4340
P63,7	4341	4341
P189,4	4342	4342
P12,6	4343	4343
P4,6	4344	4344
P84,7	4345	4345
P143,3	4346	4346
P18,6	4347	4347
P126,5	4348	4348
P86,6	4349	4349
P107,4	4350	4350
P184,4	4351	4351
P178,4	4352	4352
P137,4	4353	4353
P127,5	4354	4354
P44,5	4355	4355
P74,6	4356	4356
P69,5	4357	4357
P166,5	4358	4358
P66,7	4359	4359
P39,8	4360	4360
P2,7	4361	4361
P190,4	4362	4362
P152,3	4363	4363
P122,6	4364	4364
P99,4	4365	4365
P129,5	4366	4366
P186,5	4367	4367
P77,5	4368	4368
P188,4	4369	4369
P163,5	4370	4370
P172,5	4371	4371
P181,4	4372	4372
P132,5	4373	4373
P32,4	4374	4374
P171,5	4375	4375
P130,4	4376	4376
P176,5	4377	4377
P131,5	4378	4378
P98,5	4379	4379
P162,3	4380	4380
P200,4	4381	4381
P114,3	4382	4382
P37,8	4383	4383
P25,7	4384	4384
P167,5	4385	4385
P104,5	4386	4386
P79,5	4387	4387
P185,5	4388	4388
P177,6	4389	4389
P109,4	4390	4390
P100,4	4391	4391
P191,4	4392	4392
P192,5	4393	4393
P62,5	4394	4394
P23,7	4395	4395
P124,5	4396	4396
P147,4	4397	4397
P85,8	4398	4398
P199,4	4399	4399
P8,8	4400	4400
P108,5	4401	4401
P110,4	4402	4402
P14,8	4403	4403
P170,6	4404	4404
P134,6	4405	4405
P19,7	4406	4406
P20,9	4407	4407
P135,5	4408	4408
P198,5	4409	4409
P15,7	4410	4410
P28,6	4411	4411
P94,5	4412	4412
P182,5	4413	4413
P46,4	4414	4414
P165,7	4415	4415
P5,11	4416	4416
P105,5	4417	4417
P145,4	4418	4418
P101,5	4419	4419
P144,4	4420	4420
P64,7	4421	4421
P16,8	4422	4422
P17,6	4423	4423
P53,6	4424	4424
P138,5	4425	4425
P51,6	4426	4426
P11,8	4427	4427
P103,6	4428	4428
P193,4	4429	4429
P154,4	4430	4430
P58,6	4431	4431
P125,4	4432	4432
P148,4	4433	4433
P59,6	4434	4434
P133,6	4435	4435
P80,5	4436	4436
P3,6	4437	4437
P106,5	4438	4438
P156,4	4439	4439
P151,4	4440	4440
P48,6	4441	4441
P159,4	4442	4442
P10,8	4443	4443
P158,4	4444	4444
P111,5	4445	4445
P27,5	4446	4446
P88,5	4447	4447
P155,5	4448	4448
P87,5	4449	4449
P61,6	4450	4450
P83,5	4451	4451
P149,5	4452	4452
P24,7	4453	4453
P45,5	4454	4454
P81,6	4455	4455
P115,4	4456	4456
P49,6	4457	4457
P141,7	4458	4458
P68,5	4459	4459
P113,6	4460	4460
P195,6	4461	4461
P140,6	4462	4462
P50,8	4463	4463
P160,5	4464	4464
P164,4	4465	4465
P96,4	4466	4466
P31,6	4467	4467
P116,5	4468	4468
P57,8	4469	4469
P93,4	4470	4470
P71,5	4471	4471
P150,5	4472	4472
P175,7	4473	4473
P33,7	4474	4474
P161,5	4475	4475
P142,6	4476	4476
P91,5	4477	4477
P112,6	4478	4478
P120,5	4479	4479
P35,6	4480	4480
P54,5	4481	4481
P136,7	4482	4482
P102,6	4483	4483
P187,3	4484	4484
P117,5	4485	4485
P47,7	4486	4486
P95,4	4487	4487
P90,5	4488	4488
P72,5	4489	4489
P29,7	4490	4490
P60,5	4491	4491
P123,5	4492	4492
P180,4	4493	4493
P146,6	4494	4494
P173,6	4495	4495
P73,5	4496	4496
P70,6	4497	4497
P26,6	4498	4498
P82,6	4499	4499
P118,5	4500	4500
P128,4	4501	4501
P183,4	4502	4502
P119,6	4503	4503
P63,7	4504	4504
P12,6	4505	4505
P84,7	4506	4506
P143,3	4507	4507
P174,6	4508	4508
P18,6	4509	4509
P126,5	4510	4510
P86,6	4511	4511
P107,4	4512	4512
P184,4	4513	4513
P178,4	4514	4514
P127,5	4515	4515
P75,6	4516	4516
P30,7	4517	4517
P69,5	4518	4518
P166,5	4519	4519
P66,7	4520	4520
P39,8	4521	4521
P2,7	4522	4522
P78,6	4523	4523
P190,4	4524	4524
P9,8	4525	4525
P55,6	4526	4526
P122,6	4527	4527
P99,4	4528	4528
P168,6	4529	4529
P129,5	4530	4530
P186,5	4531	4531
P77,5	4532	4532
P188,4	4533	4533
P163,5	4534	4534
P172,5	4535	4535
P181,4	4536	4536
P40,7	4537	4537
P132,5	4538	4538
P32,4	4539	4539
P171,5	4540	4540
P130,4	4541	4541
P131,5	4542	4542
P200,4	4543	4543
P114,3	4544	4544
P37,8	4545	4545
P25,7	4546	4546
P167,5	4547	4547
P104,5	4548	4548
P79,5	4549	4549
P185,5	4550	4550
P177,6	4551	4551
P109,4	4552	4552
P100,4	4553	4553
P4,7	4554	4554
P192,5	4555	4555
P137,5	4556	4556
P23,7	4557	4557
P147,4	4558	4558
P176,6	4559	4559
P199,4	4560	4560
P8,8	4561	4561
P108,5	4562	4562
P162,4	4563	4563
P14,8	4564	4564
P170,6	4565	4565
P134,6	4566	4566
P19,7	4567	4567
P20,9	4568	4568
P135,5	4569	4569
P15,7	4570	4570
P28,6	4571	4571
P182,5	4572	4572
P98,6	4573	4573
P165,7	4574	4574
P152,4	4575	4575
P191,5	4576	4576
P5,11	4577	4577
P145,4	4578	4578
P101,5	4579	4579
P144,4	4580	4580
P64,7	4581	4581
P62,6	4582	4582
P17,6	4583	4583
P138,5	4584	4584
P51,6	4585	4585
P11,8	4586	4586
P124,6	4587	4587
P193,4	4588	4588
P154,4	4589	4589
P125,4	4590	4590
P148,4	4591	4591
P59,6	4592	4592
P80,5	4593	4593
P85,9	4594	4594
P106,5	4595	4595
P156,4	4596	4596
P151,4	4597	4597
P48,6	4598	4598
P94,6	4599	4599
P105,6	4600	4600
P10,8	4601	4601
P158,4	4602	4602
P110,5	4603	4603
P46,5	4604	4604
P88,5	4605	4605
P155,5	4606	4606
P87,5	4607	4607
P61,6	4608	4608
P149,5	4609	4609
P103,7	4610	4610
P45,5	4611	4611
P198,6	4612	4612
P115,4	4613	4613
P49,6	4614	4614
P113,6	4615	4615
P133,7	4616	4616
P195,6	4617	4617
P50,8	4618	4618
P96,4	4619	4619
P31,6	4620	4620
P159,5	4621	4621
P116,5	4622	4622
P71,5	4623	4623
P175,7	4624	4624
P33,7	4625	4625
P161,5	4626	4626
P112,6	4627	4627
P120,5	4628	4628
P35,6	4629	4629
P53,7	4630	4630
P136,7	4631	4631
P102,6	4632	4632
P47,7	4633	4633
P95,4	4634	4634
P141,8	4635	4635
P90,5	4636	4636
P72,5	4637	4637
P58,7	4638	4638
P29,7	4639	4639
P111,6	4640	4640
P81,7	4641	4641
P60,5	4642	4642
P24,8	4643	4643
P123,5	4644	4644
P164,5	4645	4645
P180,4	4646	4646
P57,9	4647	4647
P150,6	4648	4648
P146,6	4649	4649
P173,6	4650	4650
P3,7	4651	4651
P70,6	4652	4652
P26,6	4653	4653
P82,6	4654	4654
P128,4	4655	4655
P68,6	4656	4656
P183,4	4657	4657
P119,6	4658	4658
P12,6	4659	4659
P84,7	4660	4660
P142,7	4661	4661
P143,3	4662	4662
P91,6	4663	4663
P174,6	4664	4664
P18,6	4665	4665
P140,7	4666	4666
P126,5	4667	4667
P107,4	4668	4668
P184,4	4669	4669
P178,4	4670	4670
P127,5	4671	4671
P75,6	4672	4672
P30,7	4673	4673
P69,5	4674	4674
P93,5	4675	4675
P187,4	4676	4676
P166,5	4677	4677
P66,7	4678	4678
P39,8	4679	4679
P2,7	4680	4680
P78,6	4681	4681
P63,8	4682	4682
P190,4	4683	4683
P9,8	4684	4684
P55,6	4685	4685
P122,6	4686	4686
P117,6	4687	4687
P168,6	4688	4688
P129,5	4689	4689
P186,5	4690	4690
P77,5	4691	4691
P188,4	4692	4692
P163,5	4693	4693
P172,5	4694	4694
P181,4	4695	4695
P118,6	4696	4696
P40,7	4697	4697
P32,4	4698	4698
P171,5	4699	4699
P86,7	4700	4700
P130,4	4701	4701
P37,8	4702	4702
P25,7	4703	4703
P167,5	4704	4704
P104,5	4705	4705
P79,5	4706	4706
P73,6	4707	4707
P185,5	4708	4708
P177,6	4709	4709
P109,4	4710	4710
P100,4	4711	4711
P4,7	4712	4712
P99,5	4713	4713
P137,5	4714	4714
P147,4	4715	4715
P176,6	4716	4716
P199,4	4717	4717
P108,5	4718	4718
P162,4	4719	4719
P14,8	4720	4720
P170,6	4721	4721
P134,6	4722	4722
P19,7	4723	4723
P20,9	4724	4724
P135,5	4725	4725
P28,6	4726	4726
P200,5	4727	4727
P182,5	4728	4728
P98,6	4729	4729
P165,7	4730	4730
P152,4	4731	4731
P191,5	4732	4732
P5,11	4733	4733
P145,4	4734	4734
P101,5	4735	4735
P131,6	4736	4736
P114,4	4737	4737
P138,5	4738	4738
P51,6	4739	4739
P132,6	4740	4740
P11,8	4741	4741
P193,4	4742	4742
P148,4	4743	4743
P59,6	4744	4744
P80,5	4745	4745
P85,9	4746	4746
P23,8	4747	4747
P106,5	4748	4748
P48,6	4749	4749
P94,6	4750	4750
P8,9	4751	4751
P110,5	4752	4752
P46,5	4753	4753
P155,5	4754	4754
P192,6	4755	4755
P87,5	4756	4756
P61,6	4757	4757
P149,5	4758	4758
P103,7	4759	4759
P45,5	4760	4760
P144,5	4761	4761
P115,4	4762	4762
P113,6	4763	4763
P133,7	4764	4764
P195,6	4765	4765
P125,5	4766	4766
P156,5	4767	4767
P96,4	4768	4768
P31,6	4769	4769
P116,5	4770	4770
P154,5	4771	4771
P175,7	4772	4772
P33,7	4773	4773
P64,8	4774	4774
P151,5	4775	4775
P112,6	4776	4776
P120,5	4777	4777
P35,6	4778	4778
P53,7	4779	4779
P62,7	4780	4780
P136,7	4781	4781
P88,6	4782	4782
P102,6	4783	4783
P47,7	4784	4784
P95,4	4785	4785
P141,8	4786	4786
P90,5	4787	4787
P72,5	4788	4788
P58,7	4789	4789
P124,7	4790	4790
P29,7	4791	4791
P81,7	4792	4792
P24,8	4793	4793
P49,7	4794	4794
P123,5	4795	4795
P105,7	4796	4796
P161,6	4797	4797
P57,9	4798	4798
P150,6	4799	4799
P146,6	4800	4800
P173,6	4801	4801
P158,5	4802	4802
P3,7	4803	4803
P70,6	4804	4804
P26,6	4805	4805
P82,6	4806	4806
P128,4	4807	4807
P10,9	4808	4808
P68,6	4809	4809
P183,4	4810	4810
P12,6	4811	4811
P84,7	4812	4812
P142,7	4813	4813
P91,6	4814	4814
P174,6	4815	4815
P18,6	4816	4816
P140,7	4817	4817
P159,6	4818	4818
P126,5	4819	4819
P111,7	4820	4820
P107,4	4821	4821
P178,4	4822	4822
P30,7	4823	4823
P93,5	4824	4824
P187,4	4825	4825
P180,5	4826	4826
P66,7	4827	4827
P39,8	4828	4828
P78,6	4829	4829
P63,8	4830	4830
P55,6	4831	4831
P122,6	4832	4832
P117,6	4833	4833
P168,6	4834	4834
P60,6	4835	4835
P129,5	4836	4836
P119,7	4837	4837
P77,5	4838	4838
P188,4	4839	4839
P164,6	4840	4840
P163,5	4841	4841
P172,5	4842	4842
P181,4	4843	4843
P69,6	4844	4844
P40,7	4845	4845
P171,5	4846	4846
P143,4	4847	4847
P86,7	4848	4848
P37,8	4849	4849
P2,8	4850	4850
P167,5	4851	4851
P104,5	4852	4852
P79,5	4853	4853
P73,6	4854	4854
P185,5	4855	4855
P184,5	4856	4856
P127,6	4857	4857
P177,6	4858	4858
P186,6	4859	4859
P199,4	4860	4860
P162,4	4861	4861
P75,7	4862	4862
P14,8	4863	4863
P170,6	4864	4864
P19,7	4865	4865
P190,5	4866	4866
P20,9	4867	4867
P135,5	4868	4868
P28,6	4869	4869
P200,5	4870	4870
P182,5	4871	4871
P166,6	4872	4872
P165,7	4873	4873
P152,4	4874	4874
P5,11	4875	4875
P9,9	4876	4876
P145,4	4877	4877
P131,6	4878	4878
P114,4	4879	4879
P51,6	4880	4880
P32,5	4881	4881
P193,4	4882	4882
P148,4	4883	4883
P147,5	4884	4884
P80,5	4885	4885
P85,9	4886	4886
P106,5	4887	4887
P25,8	4888	4888
P94,6	4889	4889
P176,7	4890	4890
P108,6	4891	4891
P8,9	4892	4892
P46,5	4893	4893
P155,5	4894	4894
P192,6	4895	4895
P118,7	4896	4896
P61,6	4897	4897
P130,5	4898	4898
P149,5	4899	4899
P98,7	4900	4900
P103,7	4901	4901
P100,5	4902	4902
P45,5	4903	4903
P191,6	4904	4904
P115,4	4905	4905
P113,6	4906	4906
P133,7	4907	4907
P109,5	4908	4908
P138,6	4909	4909
P31,6	4910	4910
P154,5	4911	4911
P175,7	4912	4912
P132,7	4913	4913
P33,7	4914	4914
P137,6	4915	4915
P64,8	4916	4916
P134,7	4917	4917
P101,6	4918	4918
P151,5	4919	4919
P112,6	4920	4920
P120,5	4921	4921
P62,7	4922	4922
P59,7	4923	4923
P48,7	4924	4924
P136,7	4925	4925
P88,6	4926	4926
P23,9	4927	4927
P47,7	4928	4928
P141,8	4929	4929
P72,5	4930	4930
P58,7	4931	4931
P124,7	4932	4932
P29,7	4933	4933
P24,8	4934	4934
P49,7	4935	4935
P195,7	4936	4936
P123,5	4937	4937
P105,7	4938	4938
P161,6	4939	4939
P57,9	4940	4940
P150,6	4941	4941
P144,6	4942	4942
P146,6	4943	4943
P158,5	4944	4944
P70,6	4945	4945
P26,6	4946	4946
P82,6	4947	4947
P110,6	4948	4948
P156,6	4949	4949
P10,9	4950	4950
P68,6	4951	4951
P102,7	4952	4952
P183,4	4953	4953
P12,6	4954	4954
P84,7	4955	4955
P116,6	4956	4956
P81,8	4957	4957
P142,7	4958	4958
P91,6	4959	4959
P174,6	4960	4960
P18,6	4961	4961
P35,7	4962	4962
P140,7	4963	4963
P159,6	4964	4964
P126,5	4965	4965
P111,7	4966	4966
P178,4	4967	4967
P96,5	4968	4968
P93,5	4969	4969
P53,8	4970	4970
P187,4	4971	4971
P180,5	4972	4972
P39,8	4973	4973
P78,6	4974	4974
P63,8	4975	4975
P55,6	4976	4976
P117,6	4977	4977
P3,8	4978	4978
P128,5	4979	4979
P60,6	4980	4980
P129,5	4981	4981
P119,7	4982	4982
P77,5	4983	4983
P90,6	4984	4984
P95,5	4985	4985
P163,5	4986	4986
P181,4	4987	4987
P69,6	4988	4988
P40,7	4989	4989
P171,5	4990	4990
P143,4	4991	4991
P86,7	4992	4992
P2,8	4993	4993
P167,5	4994	4994
P104,5	4995	4995
P79,5	4996	4996
P185,5	4997	4997
P30,8	4998	4998
P184,5	4999	4999
P127,6	5000	5000
P177,6	5001	5001
P186,6	5002	5002
P199,4	5003	5003
P188,5	5004	5004
P162,4	5005	5005
P75,7	5006	5006
P19,7	5007	5007
P168,7	5008	5008
P66,8	5009	5009
P20,9	5010	5010
P200,5	5011	5011
P166,6	5012	5012
P165,7	5013	5013
P152,4	5014	5014
P9,9	5015	5015
P145,4	5016	5016
P107,5	5017	5017
P131,6	5018	5018
P114,4	5019	5019
P51,6	5020	5020
P193,4	5021	5021
P147,5	5022	5022
P14,9	5023	5023
P85,9	5024	5024
P135,6	5025	5025
P25,8	5026	5026
P172,6	5027	5027
P94,6	5028	5028
P37,9	5029	5029
P28,7	5030	5030
P176,7	5031	5031
P108,6	5032	5032
P8,9	5033	5033
P190,6	5034	5034
P46,5	5035	5035
P155,5	5036	5036
P192,6	5037	5037
P118,7	5038	5038
P182,6	5039	5039
P61,6	5040	5040
P130,5	5041	5041
P149,5	5042	5042
P98,7	5043	5043
P103,7	5044	5044
P100,5	5045	5045
P45,5	5046	5046
P191,6	5047	5047
P133,7	5048	5048
P109,5	5049	5049
P138,6	5050	5050
P154,5	5051	5051
P80,6	5052	5052
P175,7	5053	5053
P73,7	5054	5054
P132,7	5055	5055
P33,7	5056	5056
P137,6	5057	5057
P64,8	5058	5058
P101,6	5059	5059
P106,6	5060	5060
P151,5	5061	5061
P112,6	5062	5062
P62,7	5063	5063
P59,7	5064	5064
P48,7	5065	5065
P136,7	5066	5066
P88,6	5067	5067
P23,9	5068	5068
P47,7	5069	5069
P58,7	5070	5070
P31,7	5071	5071
P124,7	5072	5072
P29,7	5073	5073
P24,8	5074	5074
P49,7	5075	5075
P195,7	5076	5076
P105,7	5077	5077
P148,5	5078	5078
P161,6	5079	5079
P57,9	5080	5080
P115,5	5081	5081
P150,6	5082	5082
P144,6	5083	5083
P26,6	5084	5084
P110,6	5085	5085
P113,7	5086	5086
P10,9	5087	5087
P120,6	5088	5088
P68,6	5089	5089
P102,7	5090	5090
P72,6	5091	5091
P183,4	5092	5092
P12,6	5093	5093
P84,7	5094	5094
P116,6	5095	5095
P81,8	5096	5096
P142,7	5097	5097
P91,6	5098	5098
P35,7	5099	5099
P140,7	5100	5100
P158,6	5101	5101
P159,6	5102	5102
P111,7	5103	5103
P178,4	5104	5104
P96,5	5105	5105
P93,5	5106	5106
P53,8	5107	5107
P187,4	5108	5108
P180,5	5109	5109
P39,8	5110	5110
P78,6	5111	5111
P63,8	5112	5112
P55,6	5113	5113
P3,8	5114	5114
P128,5	5115	5115
P60,6	5116	5116
P129,5	5117	5117
P70,7	5118	5118
P119,7	5119	5119
P77,5	5120	5120
P90,6	5121	5121
P95,5	5122	5122
P163,5	5123	5123
P181,4	5124	5124
P146,7	5125	5125
P69,6	5126	5126
P40,7	5127	5127
P143,4	5128	5128
P86,7	5129	5129
P2,8	5130	5130
P123,6	5131	5131
P185,5	5132	5132
P30,8	5133	5133
P184,5	5134	5134
P127,6	5135	5135
P177,6	5136	5136
P174,7	5137	5137
P188,5	5138	5138
P162,4	5139	5139
P75,7	5140	5140
P168,7	5141	5141
P156,7	5142	5142
P200,5	5143	5143
P166,6	5144	5144
P165,7	5145	5145
P152,4	5146	5146
P18,7	5147	5147
P117,7	5148	5148
P145,4	5149	5149
P107,5	5150	5150
P131,6	5151	5151
P114,4	5152	5152
P51,6	5153	5153
P193,4	5154	5154
P147,5	5155	5155
P14,9	5156	5156
P171,6	5157	5157
P85,9	5158	5158
P135,6	5159	5159
P79,6	5160	5160
P25,8	5161	5161
P172,6	5162	5162
P94,6	5163	5163
P37,9	5164	5164
P28,7	5165	5165
P176,7	5166	5166
P108,6	5167	5167
P8,9	5168	5168
P190,6	5169	5169
P46,5	5170	5170
P19,8	5171	5171
P192,6	5172	5172
P167,6	5173	5173
P118,7	5174	5174
P66,9	5175	5175
P182,6	5176	5176
P61,6	5177	5177
P130,5	5178	5178
P9,10	5179	5179
P98,7	5180	5180
P20,10	5181	5181
P100,5	5182	5182
P45,5	5183	5183
P191,6	5184	5184
P133,7	5185	5185
P109,5	5186	5186
P138,6	5187	5187
P154,5	5188	5188
P80,6	5189	5189
P73,7	5190	5190
P132,7	5191	5191
P199,5	5192	5192
P137,6	5193	5193
P101,6	5194	5194
P106,6	5195	5195
P151,5	5196	5196
P112,6	5197	5197
P62,7	5198	5198
P59,7	5199	5199
P136,7	5200	5200
P149,6	5201	5201
P88,6	5202	5202
P23,9	5203	5203
P47,7	5204	5204
P58,7	5205	5205
P103,8	5206	5206
P31,7	5207	5207
P124,7	5208	5208
P29,7	5209	5209
P175,8	5210	5210
P24,8	5211	5211
P49,7	5212	5212
P195,7	5213	5213
P105,7	5214	5214
P148,5	5215	5215
P161,6	5216	5216
P115,5	5217	5217
P150,6	5218	5218
P144,6	5219	5219
P110,6	5220	5220
P113,7	5221	5221
P120,6	5222	5222
P102,7	5223	5223
P72,6	5224	5224
P183,4	5225	5225
P84,7	5226	5226
P81,8	5227	5227
P142,7	5228	5228
P91,6	5229	5229
P48,8	5230	5230
P35,7	5231	5231
P140,7	5232	5232
P158,6	5233	5233
P159,6	5234	5234
P96,5	5235	5235
P93,5	5236	5236
P53,8	5237	5237
P187,4	5238	5238
P64,9	5239	5239
P39,8	5240	5240
P3,8	5241	5241
P33,8	5242	5242
P60,6	5243	5243
P129,5	5244	5244
P70,7	5245	5245
P119,7	5246	5246
P57,10	5247	5247
P90,6	5248	5248
P95,5	5249	5249
P146,7	5250	5250
P116,7	5251	5251
P69,6	5252	5252
P40,7	5253	5253
P143,4	5254	5254
P86,7	5255	5255
P26,7	5256	5256
P2,8	5257	5257
P111,8	5258	5258
P123,6	5259	5259
P30,8	5260	5260
P184,5	5261	5261
P127,6	5262	5262
P174,7	5263	5263
P162,4	5264	5264
P75,7	5265	5265
P168,7	5266	5266
P156,7	5267	5267
P78,7	5268	5268
P200,5	5269	5269
P166,6	5270	5270
P165,7	5271	5271
P152,4	5272	5272
P18,7	5273	5273
P68,7	5274	5274
P117,7	5275	5275
P107,5	5276	5276
P12,7	5277	5277
P131,6	5278	5278
P114,4	5279	5279
P178,5	5280	5280
P51,6	5281	5281
P147,5	5282	5282
P14,9	5283	5283
P163,6	5284	5284
P85,9	5285	5285
P79,6	5286	5286
P128,6	5287	5287
P25,8	5288	5288
P177,7	5289	5289
P172,6	5290	5290
P181,5	5291	5291
P37,9	5292	5292
P28,7	5293	5293
P176,7	5294	5294
P108,6	5295	5295
P8,9	5296	5296
P185,6	5297	5297
P190,6	5298	5298
P19,8	5299	5299
P55,7	5300	5300
P167,6	5301	5301
P118,7	5302	5302
P182,6	5303	5303
P77,6	5304	5304
P9,10	5305	5305
P98,7	5306	5306
P20,10	5307	5307
P193,5	5308	5308
P100,5	5309	5309
P109,5	5310	5310
P138,6	5311	5311
P154,5	5312	5312
P80,6	5313	5313
P73,7	5314	5314
P132,7	5315	5315
P145,5	5316	5316
P199,5	5317	5317
P137,6	5318	5318
P188,6	5319	5319
P101,6	5320	5320
P106,6	5321	5321
P151,5	5322	5322
P66,10	5323	5323
P59,7	5324	5324
P61,7	5325	5325
P149,6	5326	5326
P88,6	5327	5327
P23,9	5328	5328
P58,7	5329	5329
P103,8	5330	5330
P31,7	5331	5331
P124,7	5332	5332
P192,7	5333	5333
P24,8	5334	5334
P135,7	5335	5335
P130,6	5336	5336
P49,7	5337	5337
P46,6	5338	5338
P195,7	5339	5339
P105,7	5340	5340
P161,6	5341	5341
P171,7	5342	5342
P115,5	5343	5343
P144,6	5344	5344
P133,8	5345	5345
P113,7	5346	5346
P120,6	5347	5347
P102,7	5348	5348
P72,6	5349	5349
P84,7	5350	5350
P81,8	5351	5351
P191,7	5352	5352
P142,7	5353	5353
P62,8	5354	5354
P91,6	5355	5355
P48,8	5356	5356
P35,7	5357	5357
P45,6	5358	5358
P140,7	5359	5359
P158,6	5360	5360
P159,6	5361	5361
P93,5	5362	5362
P53,8	5363	5363
P187,4	5364	5364
P64,9	5365	5365
P3,8	5366	5366
P136,8	5367	5367
P47,8	5368	5368
P33,8	5369	5369
P70,7	5370	5370
P57,10	5371	5371
P90,6	5372	5372
P95,5	5373	5373
P116,7	5374	5374
P112,7	5375	5375
P69,6	5376	5376
P143,4	5377	5377
P86,7	5378	5378
P148,6	5379	5379
P26,7	5380	5380
P175,9	5381	5381
P183,5	5382	5382
P39,9	5383	5383
P184,5	5384	5384
P96,6	5385	5385
P127,6	5386	5386
P174,7	5387	5387
P75,7	5388	5388
P168,7	5389	5389
P156,7	5390	5390
P78,7	5391	5391
P200,5	5392	5392
P150,7	5393	5393
P166,6	5394	5394
P152,4	5395	5395
P18,7	5396	5396
P68,7	5397	5397
P107,5	5398	5398
P12,7	5399	5399
P131,6	5400	5400
P114,4	5401	5401
P178,5	5402	5402
P51,6	5403	5403
P30,9	5404	5404
P14,9	5405	5405
P123,7	5406	5406
P163,6	5407	5407
P85,9	5408	5408
P119,8	5409	5409
P79,6	5410	5410
P128,6	5411	5411
P25,8	5412	5412
P177,7	5413	5413
P172,6	5414	5414
P181,5	5415	5415
P28,7	5416	5416
P108,6	5417	5417
P40,8	5418	5418
P8,9	5419	5419
P146,8	5420	5420
P185,6	5421	5421
P111,9	5422	5422
P190,6	5423	5423
P19,8	5424	5424
P55,7	5425	5425
P129,6	5426	5426
P118,7	5427	5427
P182,6	5428	5428
P77,6	5429	5429
P9,10	5430	5430
P98,7	5431	5431
P20,10	5432	5432
P100,5	5433	5433
P154,5	5434	5434
P2,9	5435	5435
P80,6	5436	5436
P73,7	5437	5437
P132,7	5438	5438
P199,5	5439	5439
P137,6	5440	5440
P188,6	5441	5441
P162,5	5442	5442
P151,5	5443	5443
P66,10	5444	5444
P59,7	5445	5445
P167,7	5446	5446
P61,7	5447	5447
P149,6	5448	5448
P88,6	5449	5449
P23,9	5450	5450
P58,7	5451	5451
P103,8	5452	5452
P31,7	5453	5453
P117,8	5454	5454
P124,7	5455	5455
P192,7	5456	5456
P24,8	5457	5457
P135,7	5458	5458
P130,6	5459	5459
P49,7	5460	5460
P46,6	5461	5461
P147,6	5462	5462
P105,7	5463	5463
P176,8	5464	5464
P171,7	5465	5465
P115,5	5466	5466
P144,6	5467	5467
P109,6	5468	5468
P113,7	5469	5469
P37,10	5470	5470
P120,6	5471	5471
P102,7	5472	5472
P72,6	5473	5473
P81,8	5474	5474
P145,6	5475	5475
P191,7	5476	5476
P142,7	5477	5477
P62,8	5478	5478
P91,6	5479	5479
P48,8	5480	5480
P35,7	5481	5481
P45,6	5482	5482
P193,6	5483	5483
P140,7	5484	5484
P158,6	5485	5485
P159,6	5486	5486
P101,7	5487	5487
P93,5	5488	5488
P53,8	5489	5489
P187,4	5490	5490
P64,9	5491	5491
P3,8	5492	5492
P136,8	5493	5493
P47,8	5494	5494
P33,8	5495	5495
P70,7	5496	5496
P57,10	5497	5497
P90,6	5498	5498
P95,5	5499	5499
P112,7	5500	5500
P69,6	5501	5501
P143,4	5502	5502
P86,7	5503	5503
P106,7	5504	5504
P148,6	5505	5505
P26,7	5506	5506
P39,9	5507	5507
P195,8	5508	5508
P96,6	5509	5509
P174,7	5510	5510
P168,7	5511	5511
P156,7	5512	5512
P78,7	5513	5513
P161,7	5514	5514
P200,5	5515	5515
P150,7	5516	5516
P68,7	5517	5517
P107,5	5518	5518
P12,7	5519	5519
P84,8	5520	5520
P131,6	5521	5521
P133,9	5522	5522
P114,4	5523	5523
P116,8	5524	5524
P178,5	5525	5525
P30,9	5526	5526
P14,9	5527	5527
P123,7	5528	5528
P163,6	5529	5529
P183,6	5530	5530
P85,9	5531	5531
P119,8	5532	5532
P127,7	5533	5533
P79,6	5534	5534
P128,6	5535	5535
P25,8	5536	5536
P177,7	5537	5537
P181,5	5538	5538
P28,7	5539	5539
P175,10	5540	5540
P40,8	5541	5541
P146,8	5542	5542
P19,8	5543	5543
P55,7	5544	5544
P129,6	5545	5545
P118,7	5546	5546
P77,6	5547	5547
P9,10	5548	5548
P98,7	5549	5549
P20,10	5550	5550
P154,5	5551	5551
P2,9	5552	5552
P80,6	5553	5553
P184,6	5554	5554
P199,5	5555	5555
P137,6	5556	5556
P188,6	5557	5557
P162,5	5558	5558
P18,8	5559	5559
P59,7	5560	5560
P167,7	5561	5561
P166,7	5562	5562
P61,7	5563	5563
P152,5	5564	5564
P88,6	5565	5565
P108,7	5566	5566
P58,7	5567	5567
P103,8	5568	5568
P31,7	5569	5569
P111,10	5570	5570
P117,8	5571	5571
P51,7	5572	5572
P192,7	5573	5573
P135,7	5574	5574
P130,6	5575	5575
P46,6	5576	5576
P8,10	5577	5577
P147,6	5578	5578
P182,7	5579	5579
P172,7	5580	5580
P73,8	5581	5581
P176,8	5582	5582
P115,5	5583	5583
P190,7	5584	5584
P151,6	5585	5585
P113,7	5586	5586
P37,10	5587	5587
P100,6	5588	5588
P120,6	5589	5589
P102,7	5590	5590
P72,6	5591	5591
P185,7	5592	5592
P81,8	5593	5593
P145,6	5594	5594
P191,7	5595	5595
P142,7	5596	5596
P62,8	5597	5597
P91,6	5598	5598
P48,8	5599	5599
P35,7	5600	5600
P23,10	5601	5601
P45,6	5602	5602
P193,6	5603	5603
P124,8	5604	5604
P159,6	5605	5605
P24,9	5606	5606
P101,7	5607	5607
P53,8	5608	5608
P187,4	5609	5609
P132,8	5610	5610
P64,9	5611	5611
P3,8	5612	5612
P136,8	5613	5613
P47,8	5614	5614
P149,7	5615	5615
P70,7	5616	5616
P57,10	5617	5617
P90,6	5618	5618
P95,5	5619	5619
P112,7	5620	5620
P69,6	5621	5621
P143,4	5622	5622
P86,7	5623	5623
P148,6	5624	5624
P105,8	5625	5625
P26,7	5626	5626
P39,9	5627	5627
P109,7	5628	5628
P96,6	5629	5629
P174,7	5630	5630
P171,8	5631	5631
P161,7	5632	5632
P68,7	5633	5633
P49,8	5634	5634
P107,5	5635	5635
P12,7	5636	5636
P84,8	5637	5637
P131,6	5638	5638
P133,9	5639	5639
P114,4	5640	5640
P158,7	5641	5641
P116,8	5642	5642
P178,5	5643	5643
P30,9	5644	5644
P14,9	5645	5645
P123,7	5646	5646
P93,6	5647	5647
P163,6	5648	5648
P119,8	5649	5649
P140,8	5650	5650
P127,7	5651	5651
P79,6	5652	5652
P128,6	5653	5653
P25,8	5654	5654
P177,7	5655	5655
P181,5	5656	5656
P195,9	5657	5657
P28,7	5658	5658
P40,8	5659	5659
P146,8	5660	5660
P19,8	5661	5661
P55,7	5662	5662
P118,7	5663	5663
P168,8	5664	5664
P200,6	5665	5665
P9,10	5666	5666
P98,7	5667	5667
P154,5	5668	5668
P80,6	5669	5669
P184,6	5670	5670
P199,5	5671	5671
P137,6	5672	5672
P188,6	5673	5673
P162,5	5674	5674
P18,8	5675	5675
P59,7	5676	5676
P167,7	5677	5677
P166,7	5678	5678
P61,7	5679	5679
P152,5	5680	5680
P85,10	5681	5681
P88,6	5682	5682
P108,7	5683	5683
P103,8	5684	5684
P31,7	5685	5685
P78,8	5686	5686
P117,8	5687	5687
P51,7	5688	5688
P192,7	5689	5689
P46,6	5690	5690
P8,10	5691	5691
P147,6	5692	5692
P182,7	5693	5693
P172,7	5694	5694
P73,8	5695	5695
P176,8	5696	5696
P190,7	5697	5697
P151,6	5698	5698
P113,7	5699	5699
P37,10	5700	5700
P100,6	5701	5701
P72,6	5702	5702
P185,7	5703	5703
P81,8	5704	5704
P145,6	5705	5705
P175,11	5706	5706
P129,7	5707	5707
P77,7	5708	5708
P191,7	5709	5709
P58,8	5710	5710
P62,8	5711	5711
P48,8	5712	5712
P135,8	5713	5713
P35,7	5714	5714
P23,10	5715	5715
P45,6	5716	5716
P193,6	5717	5717
P124,8	5718	5718
P159,6	5719	5719
P24,9	5720	5720
P101,7	5721	5721
P53,8	5722	5722
P132,8	5723	5723
P120,7	5724	5724
P3,8	5725	5725
P136,8	5726	5726
P47,8	5727	5727
P149,7	5728	5728
P91,7	5729	5729
P95,5	5730	5730
P111,11	5731	5731
P148,6	5732	5732
P26,7	5733	5733
P39,9	5734	5734
P96,6	5735	5735
P64,10	5736	5736
P161,7	5737	5737
P68,7	5738	5738
P130,7	5739	5739
P49,8	5740	5740
P107,5	5741	5741
P12,7	5742	5742
P84,8	5743	5743
P133,9	5744	5744
P158,7	5745	5745
P57,11	5746	5746
P116,8	5747	5747
P178,5	5748	5748
P30,9	5749	5749
P14,9	5750	5750
P142,8	5751	5751
P123,7	5752	5752
P90,7	5753	5753
P119,8	5754	5754
P127,7	5755	5755
P70,8	5756	5756
P79,6	5757	5757
P128,6	5758	5758
P25,8	5759	5759
P195,9	5760	5760
P69,7	5761	5761
P143,5	5762	5762
P40,8	5763	5763
P146,8	5764	5764
P19,8	5765	5765
P187,5	5766	5766
P55,7	5767	5767
P171,9	5768	5768
P168,8	5769	5769
P200,6	5770	5770
P9,10	5771	5771
P109,8	5772	5772
P98,7	5773	5773
P184,6	5774	5774
P86,8	5775	5775
P163,7	5776	5776
P199,5	5777	5777
P137,6	5778	5778
P188,6	5779	5779
P112,8	5780	5780
P162,5	5781	5781
P18,8	5782	5782
P140,9	5783	5783
P59,7	5784	5784
P167,7	5785	5785
P166,7	5786	5786
P61,7	5787	5787
P114,5	5788	5788
P152,5	5789	5789
P108,7	5790	5790
P78,8	5791	5791
P117,8	5792	5792
P51,7	5793	5793
P154,6	5794	5794
P192,7	5795	5795
P46,6	5796	5796
P8,10	5797	5797
P147,6	5798	5798
P28,8	5799	5799
P118,8	5800	5800
P93,7	5801	5801
P172,7	5802	5802
P73,8	5803	5803
P177,8	5804	5804
P80,7	5805	5805
P190,7	5806	5806
P181,6	5807	5807
P151,6	5808	5808
P113,7	5809	5809
P37,10	5810	5810
P72,6	5811	5811
P185,7	5812	5812
P145,6	5813	5813
P175,11	5814	5814
P77,7	5815	5815
P88,7	5816	5816
P191,7	5817	5817
P58,8	5818	5818
P62,8	5819	5819
P48,8	5820	5820
P135,8	5821	5821
P35,7	5822	5822
P182,8	5823	5823
P23,10	5824	5824
P45,6	5825	5825
P193,6	5826	5826
P124,8	5827	5827
P176,9	5828	5828
P24,9	5829	5829
P101,7	5830	5830
P132,8	5831	5831
P120,7	5832	5832
P3,8	5833	5833
P47,8	5834	5834
P149,7	5835	5835
P91,7	5836	5836
P148,6	5837	5837
P26,7	5838	5838
P39,9	5839	5839
P96,6	5840	5840
P100,7	5841	5841
P64,10	5842	5842
P161,7	5843	5843
P68,7	5844	5844
P103,9	5845	5845
P49,8	5846	5846
P12,7	5847	5847
P31,8	5848	5848
P84,8	5849	5849
P158,7	5850	5850
P57,11	5851	5851
P178,5	5852	5852
P30,9	5853	5853
P14,9	5854	5854
P123,7	5855	5855
P90,7	5856	5856
P127,7	5857	5857
P70,8	5858	5858
P79,6	5859	5859
P128,6	5860	5860
P129,8	5861	5861
P195,9	5862	5862
P69,7	5863	5863
P143,5	5864	5864
P40,8	5865	5865
P81,9	5866	5866
P146,8	5867	5867
P19,8	5868	5868
P187,5	5869	5869
P95,6	5870	5870
P55,7	5871	5871
P171,9	5872	5872
P159,7	5873	5873
P168,8	5874	5874
P200,6	5875	5875
P9,10	5876	5876
P109,8	5877	5877
P130,8	5878	5878
P119,9	5879	5879
P184,6	5880	5880
P86,8	5881	5881
P199,5	5882	5882
P136,9	5883	5883
P112,8	5884	5884
P162,5	5885	5885
P53,9	5886	5886
P18,8	5887	5887
P140,9	5888	5888
P167,7	5889	5889
P166,7	5890	5890
P61,7	5891	5891
P114,5	5892	5892
P152,5	5893	5893
P107,6	5894	5894
P108,7	5895	5895
P78,8	5896	5896
P117,8	5897	5897
P116,9	5898	5898
P51,7	5899	5899
P154,6	5900	5900
P46,6	5901	5901
P8,10	5902	5902
P147,6	5903	5903
P28,8	5904	5904
P118,8	5905	5905
P133,10	5906	5906
P93,7	5907	5907
P73,8	5908	5908
P177,8	5909	5909
P190,7	5910	5910
P181,6	5911	5911
P188,7	5912	5912
P151,6	5913	5913
P37,10	5914	5914
P72,6	5915	5915
P185,7	5916	5916
P98,8	5917	5917
P145,6	5918	5918
P175,11	5919	5919
P77,7	5920	5920
P88,7	5921	5921
P191,7	5922	5922
P58,8	5923	5923
P25,9	5924	5924
P62,8	5925	5925
P48,8	5926	5926
P135,8	5927	5927
P182,8	5928	5928
P23,10	5929	5929
P45,6	5930	5930
P124,8	5931	5931
P176,9	5932	5932
P163,8	5933	5933
P101,7	5934	5934
P132,8	5935	5935
P120,7	5936	5936
P47,8	5937	5937
P137,7	5938	5938
P149,7	5939	5939
P91,7	5940	5940
P148,6	5941	5941
P26,7	5942	5942
P96,6	5943	5943
P100,7	5944	5944
P161,7	5945	5945
P80,8	5946	5946
P103,9	5947	5947
P35,8	5948	5948
P49,8	5949	5949
P12,7	5950	5950
P192,8	5951	5951
P193,7	5952	5952
P31,8	5953	5953
P84,8	5954	5954
P158,7	5955	5955
P57,11	5956	5956
P178,5	5957	5957
P30,9	5958	5958
P172,8	5959	5959
P123,7	5960	5960
P90,7	5961	5961
P127,7	5962	5962
P70,8	5963	5963
P79,6	5964	5964
P128,6	5965	5965
P195,9	5966	5966
P3,9	5967	5967
P81,9	5968	5968
P146,8	5969	5969
P187,5	5970	5970
P95,6	5971	5971
P171,9	5972	5972
P24,10	5973	5973
P159,7	5974	5974
P168,8	5975	5975
P200,6	5976	5976
P109,8	5977	5977
P130,8	5978	5978
P119,9	5979	5979
P184,6	5980	5980
P68,8	5981	5981
P14,10	5982	5982
P199,5	5983	5983
P69,8	5984	5984
P136,9	5985	5985
P112,8	5986	5986
P162,5	5987	5987
P53,9	5988	5988
P18,8	5989	5989
P166,7	5990	5990
P61,7	5991	5991
P114,5	5992	5992
P152,5	5993	5993
P107,6	5994	5994
P108,7	5995	5995
P78,8	5996	5996
P117,8	5997	5997
P116,9	5998	5998
P51,7	5999	5999
P154,6	6000	6000
P8,10	6001	6001
P147,6	6002	6002
P28,8	6003	6003
P118,8	6004	6004
P133,10	6005	6005
P93,7	6006	6006
P73,8	6007	6007
P177,8	6008	6008
P86,9	6009	6009
P190,7	6010	6010
P181,6	6011	6011
P188,7	6012	6012
P140,10	6013	6013
P167,8	6014	6014
P151,6	6015	6015
P37,10	6016	6016
P185,7	6017	6017
P143,6	6018	6018
P98,8	6019	6019
P145,6	6020	6020
P175,11	6021	6021
P40,9	6022	6022
P55,8	6023	6023
P77,7	6024	6024
P88,7	6025	6025
P191,7	6026	6026
P58,8	6027	6027
P25,9	6028	6028
P19,9	6029	6029
P135,8	6030	6030
P182,8	6031	6031
P23,10	6032	6032
P45,6	6033	6033
P124,8	6034	6034
P176,9	6035	6035
P163,8	6036	6036
P101,7	6037	6037
P132,8	6038	6038
P120,7	6039	6039
P47,8	6040	6040
P137,7	6041	6041
P149,7	6042	6042
P91,7	6043	6043
P26,7	6044	6044
P100,7	6045	6045
P161,7	6046	6046
P80,8	6047	6047
P103,9	6048	6048
P35,8	6049	6049
P49,8	6050	6050
P192,8	6051	6051
P193,7	6052	6052
P31,8	6053	6053
P84,8	6054	6054
P158,7	6055	6055
P57,11	6056	6056
P178,5	6057	6057
P72,7	6058	6058
P30,9	6059	6059
P172,8	6060	6060
P123,7	6061	6061
P90,7	6062	6062
P127,7	6063	6063
P70,8	6064	6064
P128,6	6065	6065
P195,9	6066	6066
P3,9	6067	6067
P81,9	6068	6068
P146,8	6069	6069
P187,5	6070	6070
P95,6	6071	6071
P171,9	6072	6072
P24,10	6073	6073
P12,8	6074	6074
P159,7	6075	6075
P168,8	6076	6076
P200,6	6077	6077
P96,7	6078	6078
P109,8	6079	6079
P48,9	6080	6080
P130,8	6081	6081
P119,9	6082	6082
P184,6	6083	6083
P68,8	6084	6084
P14,10	6085	6085
P69,8	6086	6086
P136,9	6087	6087
P148,7	6088	6088
P112,8	6089	6089
P162,5	6090	6090
P53,9	6091	6091
P18,8	6092	6092
P114,5	6093	6093
P152,5	6094	6094
P107,6	6095	6095
P108,7	6096	6096
P78,8	6097	6097
P117,8	6098	6098
P51,7	6099	6099
P154,6	6100	6100
P8,10	6101	6101
P147,6	6102	6102
P28,8	6103	6103
P118,8	6104	6104
P133,10	6105	6105
P93,7	6106	6106
P73,8	6107	6107
P177,8	6108	6108
P86,9	6109	6109
P181,6	6110	6110
P188,7	6111	6111
P140,10	6112	6112
P167,8	6113	6113
P79,7	6114	6114
P199,6	6115	6115
P151,6	6116	6116
P143,6	6117	6117
P98,8	6118	6118
P145,6	6119	6119
P175,11	6120	6120
P40,9	6121	6121
P77,7	6122	6122
P88,7	6123	6123
P58,8	6124	6124
P19,9	6125	6125
P135,8	6126	6126
P182,8	6127	6127
P23,10	6128	6128
P124,8	6129	6129
P176,9	6130	6130
P116,10	6131	6131
P37,11	6132	6132
P163,8	6133	6133
P132,8	6134	6134
P120,7	6135	6135
P47,8	6136	6136
P137,7	6137	6137
P149,7	6138	6138
P166,8	6139	6139
P161,7	6140	6140
P80,8	6141	6141
P190,8	6142	6142
P35,8	6143	6143
P49,8	6144	6144
P25,10	6145	6145
P193,7	6146	6146
P31,8	6147	6147
P158,7	6148	6148
P57,11	6149	6149
P72,7	6150	6150
P30,9	6151	6151
P172,8	6152	6152
P123,7	6153	6153
P127,7	6154	6154
P70,8	6155	6155
P185,8	6156	6156
P195,9	6157	6157
P3,9	6158	6158
P81,9	6159	6159
P146,8	6160	6160
P187,5	6161	6161
P95,6	6162	6162
P103,10	6163	6163
P55,9	6164	6164
P24,10	6165	6165
P12,8	6166	6166
P200,6	6167	6167
P96,7	6168	6168
P109,8	6169	6169
P48,9	6170	6170
P101,8	6171	6171
P130,8	6172	6172
P45,7	6173	6173
P119,9	6174	6174
P184,6	6175	6175
P68,8	6176	6176
P136,9	6177	6177
P91,8	6178	6178
P112,8	6179	6179
P100,8	6180	6180
P152,5	6181	6181
P159,8	6182	6182
P107,6	6183	6183
P108,7	6184	6184
P78,8	6185	6185
P117,8	6186	6186
P84,9	6187	6187
P154,6	6188	6188
P26,8	6189	6189
P8,10	6190	6190
P147,6	6191	6191
P28,8	6192	6192
P133,10	6193	6193
P128,7	6194	6194
P93,7	6195	6195
P192,9	6196	6196
P69,9	6197	6197
P73,8	6198	6198
P177,8	6199	6199
P86,9	6200	6200
P162,6	6201	6201
P181,6	6202	6202
P188,7	6203	6203
P167,8	6204	6204
P79,7	6205	6205
P178,6	6206	6206
P199,6	6207	6207
P53,10	6208	6208
P114,6	6209	6209
P151,6	6210	6210
P98,8	6211	6211
P145,6	6212	6212
P175,11	6213	6213
P40,9	6214	6214
P77,7	6215	6215
P88,7	6216	6216
P135,8	6217	6217
P168,9	6218	6218
P182,8	6219	6219
P23,10	6220	6220
P124,8	6221	6221
P176,9	6222	6222
P116,10	6223	6223
P37,11	6224	6224
P163,8	6225	6225
P132,8	6226	6226
P120,7	6227	6227
P137,7	6228	6228
P161,7	6229	6229
P190,8	6230	6230
P14,11	6231	6231
P148,8	6232	6232
P49,8	6233	6233
P193,7	6234	6234
P31,8	6235	6235
P72,7	6236	6236
P51,8	6237	6237
P172,8	6238	6238
P127,7	6239	6239
P70,8	6240	6240
P185,8	6241	6241
P195,9	6242	6242
P3,9	6243	6243
P81,9	6244	6244
P187,5	6245	6245
P118,9	6246	6246
P95,6	6247	6247
P103,10	6248	6248
P55,9	6249	6249
P47,9	6250	6250
P200,6	6251	6251
P96,7	6252	6252
P109,8	6253	6253
P48,9	6254	6254
P101,8	6255	6255
P130,8	6256	6256
P45,7	6257	6257
P184,6	6258	6258
P68,8	6259	6259
P136,9	6260	6260
P91,8	6261	6261
P100,8	6262	6262
P158,8	6263	6263
P159,8	6264	6264
P166,9	6265	6265
P107,6	6266	6266
P149,8	6267	6267
P84,9	6268	6268
P154,6	6269	6269
P26,8	6270	6270
P8,10	6271	6271
P28,8	6272	6272
P133,10	6273	6273
P123,8	6274	6274
P128,7	6275	6275
P93,7	6276	6276
P57,12	6277	6277
P35,9	6278	6278
P69,9	6279	6279
P177,8	6280	6280
P86,9	6281	6281
P162,6	6282	6282
P181,6	6283	6283
P188,7	6284	6284
P167,8	6285	6285
P79,7	6286	6286
P178,6	6287	6287
P199,6	6288	6288
P30,10	6289	6289
P53,10	6290	6290
P114,6	6291	6291
P98,8	6292	6292
P175,11	6293	6293
P12,9	6294	6294
P40,9	6295	6295
P146,9	6296	6296
P108,8	6297	6297
P88,7	6298	6298
P147,7	6299	6299
P135,8	6300	6300
P168,9	6301	6301
P182,8	6302	6302
P23,10	6303	6303
P73,9	6304	6304
P124,8	6305	6305
P112,9	6306	6306
P176,9	6307	6307
P119,10	6308	6308
P192,10	6309	6309
P116,10	6310	6310
P37,11	6311	6311
P163,8	6312	6312
P132,8	6313	6313
P137,7	6314	6314
P152,6	6315	6315
P190,8	6316	6316
P14,11	6317	6317
P148,8	6318	6318
P49,8	6319	6319
P31,8	6320	6320
P72,7	6321	6321
P51,8	6322	6322
P172,8	6323	6323
P70,8	6324	6324
P185,8	6325	6325
P3,9	6326	6326
P81,9	6327	6327
P118,9	6328	6328
P103,10	6329	6329
P55,9	6330	6330
P47,9	6331	6331
P77,8	6332	6332
P96,7	6333	6333
P145,7	6334	6334
P109,8	6335	6335
P101,8	6336	6336
P130,8	6337	6337
P45,7	6338	6338
P68,8	6339	6339
P136,9	6340	6340
P100,8	6341	6341
P158,8	6342	6342
P159,8	6343	6343
P107,6	6344	6344
P149,8	6345	6345
P84,9	6346	6346
P127,8	6347	6347
P26,8	6348	6348
P28,8	6349	6349
P133,10	6350	6350
P123,8	6351	6351
P120,8	6352	6352
P195,10	6353	6353
P128,7	6354	6354
P93,7	6355	6355
P57,12	6356	6356
P35,9	6357	6357
P187,6	6358	6358
P177,8	6359	6359
P86,9	6360	6360
P162,6	6361	6361
P181,6	6362	6362
P188,7	6363	6363
P167,8	6364	6364
P95,7	6365	6365
P79,7	6366	6366
P91,9	6367	6367
P178,6	6368	6368
P199,6	6369	6369
P193,8	6370	6370
P30,10	6371	6371
P53,10	6372	6372
P98,8	6373	6373
P12,9	6374	6374
P40,9	6375	6375
P48,10	6376	6376
P146,9	6377	6377
P200,7	6378	6378
P108,8	6379	6379
P88,7	6380	6380
P147,7	6381	6381
P168,9	6382	6382
P182,8	6383	6383
P73,9	6384	6384
P112,9	6385	6385
P176,9	6386	6386
P119,10	6387	6387
P69,10	6388	6388
P154,7	6389	6389
P116,10	6390	6390
P184,7	6391	6391
P37,11	6392	6392
P163,8	6393	6393
P152,6	6394	6394
P190,8	6395	6395
P14,11	6396	6396
P148,8	6397	6397
P8,11	6398	6398
P72,7	6399	6399
P135,9	6400	6400
P172,8	6401	6401
P185,8	6402	6402
P3,9	6403	6403
P81,9	6404	6404
P103,10	6405	6405
P55,9	6406	6406
P96,7	6407	6407
P145,7	6408	6408
P109,8	6409	6409
P130,8	6410	6410
P45,7	6411	6411
P68,8	6412	6412
P136,9	6413	6413
P100,8	6414	6414
P158,8	6415	6415
P159,8	6416	6416
P149,8	6417	6417
P84,9	6418	6418
P137,8	6419	6419
P127,8	6420	6420
P26,8	6421	6421
P124,9	6422	6422
P133,10	6423	6423
P123,8	6424	6424
P120,8	6425	6425
P128,7	6426	6426
P47,10	6427	6427
P57,12	6428	6428
P49,9	6429	6429
P35,9	6430	6430
P187,6	6431	6431
P101,9	6432	6432
P86,9	6433	6433
P51,9	6434	6434
P162,6	6435	6435
P188,7	6436	6436
P167,8	6437	6437
P95,7	6438	6438
P79,7	6439	6439
P132,9	6440	6440
P91,9	6441	6441
P178,6	6442	6442
P199,6	6443	6443
P193,8	6444	6444
P30,10	6445	6445
P53,10	6446	6446
P28,9	6447	6447
P40,9	6448	6448
P48,10	6449	6449
P31,9	6450	6450
P70,9	6451	6451
P200,7	6452	6452
P108,8	6453	6453
P107,7	6454	6454
P88,7	6455	6455
P147,7	6456	6456
P168,9	6457	6457
P77,9	6458	6458
P73,9	6459	6459
P93,8	6460	6460
P112,9	6461	6461
P118,10	6462	6462
P176,9	6463	6463
P119,10	6464	6464
P69,10	6465	6465
P154,7	6466	6466
P116,10	6467	6467
P184,7	6468	6468
P37,11	6469	6469
P152,6	6470	6470
P190,8	6471	6471
P148,8	6472	6472
P8,11	6473	6473
P72,7	6474	6474
P135,9	6475	6475
P185,8	6476	6476
P3,9	6477	6477
P103,10	6478	6478
P55,9	6479	6479
P96,7	6480	6480
P145,7	6481	6481
P12,10	6482	6482
P130,8	6483	6483
P45,7	6484	6484
P68,8	6485	6485
P177,9	6486	6486
P158,8	6487	6487
P159,8	6488	6488
P98,9	6489	6489
P149,8	6490	6490
P84,9	6491	6491
P137,8	6492	6492
P127,8	6493	6493
P26,8	6494	6494
P124,9	6495	6495
P133,10	6496	6496
P146,10	6497	6497
P123,8	6498	6498
P172,9	6499	6499
P120,8	6500	6500
P128,7	6501	6501
P47,10	6502	6502
P57,12	6503	6503
P49,9	6504	6504
P35,9	6505	6505
P187,6	6506	6506
P182,9	6507	6507
P163,9	6508	6508
P101,9	6509	6509
P81,10	6510	6510
P86,9	6511	6511
P51,9	6512	6512
P188,7	6513	6513
P167,8	6514	6514
P95,7	6515	6515
P79,7	6516	6516
P100,9	6517	6517
P132,9	6518	6518
P91,9	6519	6519
P178,6	6520	6520
P193,8	6521	6521
P53,10	6522	6522
P28,9	6523	6523
P40,9	6524	6524
P48,10	6525	6525
P31,9	6526	6526
P70,9	6527	6527
P200,7	6528	6528
P108,8	6529	6529
P107,7	6530	6530
P147,7	6531	6531
P168,9	6532	6532
P77,9	6533	6533
P73,9	6534	6534
P93,8	6535	6535
P112,9	6536	6536
P118,10	6537	6537
P119,10	6538	6538
P69,10	6539	6539
P154,7	6540	6540
P109,9	6541	6541
P184,7	6542	6542
P37,11	6543	6543
P162,7	6544	6544
P152,6	6545	6545
P190,8	6546	6546
P148,8	6547	6547
P8,11	6548	6548
P72,7	6549	6549
P88,8	6550	6550
P135,9	6551	6551
P185,8	6552	6552
P3,9	6553	6553
P96,7	6554	6554
P145,7	6555	6555
P12,10	6556	6556
P45,7	6557	6557
P68,8	6558	6558
P177,9	6559	6559
P199,7	6560	6560
P158,8	6561	6561
P159,8	6562	6562
P98,9	6563	6563
P149,8	6564	6564
P84,9	6565	6565
P127,8	6566	6566
P26,8	6567	6567
P124,9	6568	6568
P146,10	6569	6569
P123,8	6570	6570
P172,9	6571	6571
P120,8	6572	6572
P128,7	6573	6573
P47,10	6574	6574
P57,12	6575	6575
P130,9	6576	6576
P49,9	6577	6577
P35,9	6578	6578
P55,10	6579	6579
P187,6	6580	6580
P182,9	6581	6581
P163,9	6582	6582
P81,10	6583	6583
P176,10	6584	6584
P51,9	6585	6585
P167,8	6586	6586
P79,7	6587	6587
P100,9	6588	6588
P132,9	6589	6589
P178,6	6590	6590
P193,8	6591	6591
P28,9	6592	6592
P40,9	6593	6593
P48,10	6594	6594
P31,9	6595	6595
P200,7	6596	6596
P108,8	6597	6597
P101,10	6598	6598
P147,7	6599	6599
P168,9	6600	6600
P77,9	6601	6601
P73,9	6602	6602
P93,8	6603	6603
P112,9	6604	6604
P118,10	6605	6605
P119,10	6606	6606
P154,7	6607	6607
P109,9	6608	6608
P184,7	6609	6609
P95,8	6610	6610
P162,7	6611	6611
P152,6	6612	6612
P88,8	6613	6613
P135,9	6614	6614
P185,8	6615	6615
P96,7	6616	6616
P86,10	6617	6617
P12,10	6618	6618
P45,7	6619	6619
P177,9	6620	6620
P199,7	6621	6621
P158,8	6622	6622
P98,9	6623	6623
P127,8	6624	6624
P124,9	6625	6625
P123,8	6626	6626
P107,8	6627	6627
P120,8	6628	6628
P128,7	6629	6629
P47,10	6630	6630
P57,12	6631	6631
P53,11	6632	6632
P49,9	6633	6633
P35,9	6634	6634
P55,10	6635	6635
P187,6	6636	6636
P182,9	6637	6637
P163,9	6638	6638
P81,10	6639	6639
P176,10	6640	6640
P72,8	6641	6641
P26,9	6642	6642
P193,8	6643	6643
P48,10	6644	6644
P31,9	6645	6645
P200,7	6646	6646
P84,10	6647	6647
P145,8	6648	6648
P147,7	6649	6649
P168,9	6650	6650
P148,9	6651	6651
P73,9	6652	6652
P93,8	6653	6653
P112,9	6654	6654
P118,10	6655	6655
P146,11	6656	6656
P154,7	6657	6657
P109,9	6658	6658
P95,8	6659	6659
P162,7	6660	6660
P51,10	6661	6661
P152,6	6662	6662
P3,10	6663	6663
P68,9	6664	6664
P178,7	6665	6665
P88,8	6666	6666
P172,10	6667	6667
P135,9	6668	6668
P79,8	6669	6669
P86,10	6670	6670
P12,10	6671	6671
P45,7	6672	6672
P177,9	6673	6673
P199,7	6674	6674
P158,8	6675	6675
P98,9	6676	6676
P127,8	6677	6677
P100,10	6678	6678
P124,9	6679	6679
P123,8	6680	6680
P107,8	6681	6681
P120,8	6682	6682
P47,10	6683	6683
P57,12	6684	6684
P28,10	6685	6685
P53,11	6686	6686
P49,9	6687	6687
P167,9	6688	6688
P55,10	6689	6689
P96,8	6690	6690
P187,6	6691	6691
P101,11	6692	6692
P163,9	6693	6693
P81,10	6694	6694
P176,10	6695	6695
P77,10	6696	6696
P26,9	6697	6697
P119,11	6698	6698
P48,10	6699	6699
P108,9	6700	6700
P84,10	6701	6701
P147,7	6702	6702
P128,8	6703	6703
P168,9	6704	6704
P148,9	6705	6705
P93,8	6706	6706
P112,9	6707	6707
P118,10	6708	6708
P154,7	6709	6709
P109,9	6710	6710
P95,8	6711	6711
P184,8	6712	6712
P162,7	6713	6713
P51,10	6714	6714
P152,6	6715	6715
P3,10	6716	6716
P68,9	6717	6717
P178,7	6718	6718
P182,10	6719	6719
P135,9	6720	6720
P79,8	6721	6721
P86,10	6722	6722
P199,7	6723	6723
P127,8	6724	6724
P100,10	6725	6725
P35,10	6726	6726
P124,9	6727	6727
P31,10	6728	6728
P107,8	6729	6729
P120,8	6730	6730
P47,10	6731	6731
P28,10	6732	6732
P53,11	6733	6733
P193,9	6734	6734
P172,11	6735	6735
P167,9	6736	6736
P96,8	6737	6737
P101,11	6738	6738
P163,9	6739	6739
P176,10	6740	6740
P145,9	6741	6741
P177,10	6742	6742
P77,10	6743	6743
P73,10	6744	6744
P119,11	6745	6745
P48,10	6746	6746
P72,9	6747	6747
P108,9	6748	6748
P84,10	6749	6749
P147,7	6750	6750
P200,8	6751	6751
P158,9	6752	6752
P128,8	6753	6753
P148,9	6754	6754
P93,8	6755	6755
P112,9	6756	6756
P118,10	6757	6757
P88,9	6758	6758
P154,7	6759	6759
P109,9	6760	6760
P95,8	6761	6761
P184,8	6762	6762
P45,8	6763	6763
P162,7	6764	6764
P51,10	6765	6765
P152,6	6766	6766
P146,12	6767	6767
P3,10	6768	6768
P68,9	6769	6769
P178,7	6770	6770
P182,10	6771	6771
P135,9	6772	6772
P79,8	6773	6773
P86,10	6774	6774
P199,7	6775	6775
P35,10	6776	6776
P31,10	6777	6777
P107,8	6778	6778
P47,10	6779	6779
P28,10	6780	6780
P98,10	6781	6781
P53,11	6782	6782
P193,9	6783	6783
P172,11	6784	6784
P167,9	6785	6785
P96,8	6786	6786
P101,11	6787	6787
P163,9	6788	6788
P176,10	6789	6789
P177,10	6790	6790
P73,10	6791	6791
P119,11	6792	6792
P72,9	6793	6793
P108,9	6794	6794
P26,10	6795	6795
P84,10	6796	6796
P200,8	6797	6797
P158,9	6798	6798
P81,11	6799	6799
P127,9	6800	6800
P128,8	6801	6801
P148,9	6802	6802
P118,10	6803	6803
P88,9	6804	6804
P154,7	6805	6805
P109,9	6806	6806
P95,8	6807	6807
P184,8	6808	6808
P168,10	6809	6809
P45,8	6810	6810
P77,11	6811	6811
P162,7	6812	6812
P51,10	6813	6813
P3,10	6814	6814
P124,10	6815	6815
P68,9	6816	6816
P178,7	6817	6817
P182,10	6818	6818
P79,8	6819	6819
P199,7	6820	6820
P31,10	6821	6821
P120,9	6822	6822
P107,8	6823	6823
P28,10	6824	6824
P98,10	6825	6825
P193,9	6826	6826
P48,11	6827	6827
P172,11	6828	6828
P147,8	6829	6829
P167,9	6830	6830
P112,10	6831	6831
P96,8	6832	6832
P101,11	6833	6833
P93,9	6834	6834
P176,10	6835	6835
P73,10	6836	6836
P119,11	6837	6837
P72,9	6838	6838
P108,9	6839	6839
P26,10	6840	6840
P84,10	6841	6841
P200,8	6842	6842
P135,10	6843	6843
P158,9	6844	6844
P127,9	6845	6845
P128,8	6846	6846
P148,9	6847	6847
P118,10	6848	6848
P88,9	6849	6849
P109,9	6850	6850
P95,8	6851	6851
P184,8	6852	6852
P168,10	6853	6853
P45,8	6854	6854
P35,11	6855	6855
P77,11	6856	6856
P162,7	6857	6857
P51,10	6858	6858
P3,10	6859	6859
P86,11	6860	6860
P124,10	6861	6861
P68,9	6862	6862
P79,8	6863	6863
P199,7	6864	6864
P31,10	6865	6865
P120,9	6866	6866
P47,11	6867	6867
P81,12	6868	6868
P107,8	6869	6869
P28,10	6870	6870
P98,10	6871	6871
P193,9	6872	6872
P48,11	6873	6873
P172,11	6874	6874
P147,8	6875	6875
P112,10	6876	6876
P96,8	6877	6877
P73,10	6878	6878
P53,12	6879	6879
P119,11	6880	6880
P72,9	6881	6881
P108,9	6882	6882
P26,10	6883	6883
P200,8	6884	6884
P135,10	6885	6885
P163,10	6886	6886
P158,9	6887	6887
P127,9	6888	6888
P177,11	6889	6889
P148,9	6890	6890
P154,8	6891	6891
P109,9	6892	6892
P184,8	6893	6893
P168,10	6894	6894
P35,11	6895	6895
P182,11	6896	6896
P77,11	6897	6897
P51,10	6898	6898
P3,10	6899	6899
P86,11	6900	6900
P124,10	6901	6901
P79,8	6902	6902
P199,7	6903	6903
P31,10	6904	6904
P120,9	6905	6905
P47,11	6906	6906
P81,12	6907	6907
P167,10	6908	6908
P107,8	6909	6909
P178,8	6910	6910
P98,10	6911	6911
P193,9	6912	6912
P48,11	6913	6913
P172,11	6914	6914
P147,8	6915	6915
P112,10	6916	6916
P96,8	6917	6917
P95,9	6918	6918
P73,10	6919	6919
P53,12	6920	6920
P119,11	6921	6921
P72,9	6922	6922
P108,9	6923	6923
P26,10	6924	6924
P128,9	6925	6925
P88,10	6926	6926
P200,8	6927	6927
P135,10	6928	6928
P163,10	6929	6929
P158,9	6930	6930
P127,9	6931	6931
P177,11	6932	6932
P148,9	6933	6933
P154,8	6934	6934
P176,11	6935	6935
P184,8	6936	6936
P168,10	6937	6937
P35,11	6938	6938
P118,11	6939	6939
P162,8	6940	6940
P182,11	6941	6941
P77,11	6942	6942
P51,10	6943	6943
P84,11	6944	6944
P86,11	6945	6945
P124,10	6946	6946
P79,8	6947	6947
P120,9	6948	6948
P47,11	6949	6949
P81,12	6950	6950
P167,10	6951	6951
P45,9	6952	6952
P178,8	6953	6953
P48,11	6954	6954
P172,11	6955	6955
P147,8	6956	6956
P112,10	6957	6957
P95,9	6958	6958
P53,12	6959	6959
P68,10	6960	6960
P119,11	6961	6961
P108,9	6962	6962
P26,10	6963	6963
P128,9	6964	6964
P88,10	6965	6965
P200,8	6966	6966
P28,11	6967	6967
P135,10	6968	6968
P163,10	6969	6969
P127,9	6970	6970
P177,11	6971	6971
P148,9	6972	6972
P176,11	6973	6973
P168,10	6974	6974
P96,9	6975	6975
P35,11	6976	6976
P3,11	6977	6977
P118,11	6978	6978
P109,10	6979	6979
P162,8	6980	6980
P98,11	6981	6981
P182,11	6982	6982
P51,10	6983	6983
P124,10	6984	6984
P120,9	6985	6985
P193,10	6986	6986
P47,11	6987	6987
P167,10	6988	6988
P45,9	6989	6989
P178,8	6990	6990
P199,8	6991	6991
P73,11	6992	6992
P72,10	6993	6993
P172,11	6994	6994
P107,9	6995	6995
P147,8	6996	6996
P112,10	6997	6997
P95,9	6998	6998
P53,12	6999	6999
P68,10	7000	7000
P119,11	7001	7001
P108,9	7002	7002
P26,10	7003	7003
P31,11	7004	7004
P128,9	7005	7005
P154,9	7006	7006
P135,10	7007	7007
P163,10	7008	7008
P127,9	7009	7009
P177,11	7010	7010
P176,11	7011	7011
P77,12	7012	7012
P96,9	7013	7013
P79,9	7014	7014
P109,10	7015	7015
P98,11	7016	7016
P182,11	7017	7017
P120,9	7018	7018
P193,10	7019	7019
P47,11	7020	7020
P167,10	7021	7021
P45,9	7022	7022
P158,10	7023	7023
P178,8	7024	7024
P73,11	7025	7025
P72,10	7026	7026
P28,12	7027	7027
P147,8	7028	7028
P95,9	7029	7029
P118,12	7030	7030
P53,12	7031	7031
P48,12	7032	7032
P68,10	7033	7033
P84,12	7034	7034
P128,9	7035	7035
P154,9	7036	7036
P51,11	7037	7037
P135,10	7038	7038
P168,11	7039	7039
P127,9	7040	7040
P88,11	7041	7041
P177,11	7042	7042
P176,11	7043	7043
P96,9	7044	7044
P79,9	7045	7045
P107,10	7046	7046
P109,10	7047	7047
P98,11	7048	7048
P182,11	7049	7049
P120,9	7050	7050
P193,10	7051	7051
P47,11	7052	7052
P167,10	7053	7053
P45,9	7054	7054
P158,10	7055	7055
P178,8	7056	7056
P73,11	7057	7057
P119,12	7058	7058
P28,12	7059	7059
P147,8	7060	7060
P118,12	7061	7061
P162,9	7062	7062
P53,12	7063	7063
P112,11	7064	7064
P48,12	7065	7065
P68,10	7066	7066
P84,12	7067	7067
P128,9	7068	7068
P51,11	7069	7069
P135,10	7070	7070
P168,11	7071	7071
P127,9	7072	7072
P88,11	7073	7073
P26,11	7074	7074
P177,11	7075	7075
P176,11	7076	7076
P96,9	7077	7077
P79,9	7078	7078
P172,12	7079	7079
P31,12	7080	7080
P107,10	7081	7081
P199,9	7082	7082
P108,10	7083	7083
P109,10	7084	7084
P98,11	7085	7085
P182,11	7086	7086
P193,10	7087	7087
P47,11	7088	7088
P45,9	7089	7089
P158,10	7090	7090
P178,8	7091	7091
P73,11	7092	7092
P119,12	7093	7093
P28,12	7094	7094
P118,12	7095	7095
P162,9	7096	7096
P53,12	7097	7097
P112,11	7098	7098
P48,12	7099	7099
P68,10	7100	7100
P95,10	7101	7101
P84,12	7102	7102
P128,9	7103	7103
P51,11	7104	7104
P135,10	7105	7105
P168,11	7106	7106
P88,11	7107	7107
P26,11	7108	7108
P154,10	7109	7109
P177,11	7110	7110
P96,9	7111	7111
P79,9	7112	7112
P172,12	7113	7113
P31,12	7114	7114
P107,10	7115	7115
P199,9	7116	7116
P109,10	7117	7117
P98,11	7118	7118
P182,11	7119	7119
P193,10	7120	7120
P45,9	7121	7121
P158,10	7122	7122
P178,8	7123	7123
P167,11	7124	7124
P73,11	7125	7125
P119,12	7126	7126
P118,12	7127	7127
P162,9	7128	7128
P53,12	7129	7129
P112,11	7130	7130
P48,12	7131	7131
P68,10	7132	7132
P84,12	7133	7133
P51,11	7134	7134
P168,11	7135	7135
P88,11	7136	7136
P26,11	7137	7137
P154,10	7138	7138
P96,9	7139	7139
P79,9	7140	7140
P172,12	7141	7141
P31,12	7142	7142
P199,9	7143	7143
P127,10	7144	7144
P109,10	7145	7145
P176,12	7146	7146
P182,11	7147	7147
P193,10	7148	7148
P45,9	7149	7149
P158,10	7150	7150
P167,11	7151	7151
P119,12	7152	7152
P118,12	7153	7153
P47,12	7154	7154
P95,11	7155	7155
P162,9	7156	7156
P68,10	7157	7157
P84,12	7158	7158
P51,11	7159	7159
P128,10	7160	7160
P88,11	7161	7161
P26,11	7162	7162
P108,11	7163	7163
P135,11	7164	7164
P79,9	7165	7165
P172,12	7166	7166
P199,9	7167	7167
P127,10	7168	7168
P109,10	7169	7169
P176,12	7170	7170
P193,10	7171	7171
P167,11	7172	7172
P119,12	7173	7173
P118,12	7174	7174
P47,12	7175	7175
P95,11	7176	7176
P162,9	7177	7177
P84,12	7178	7178
P51,11	7179	7179
P128,10	7180	7180
P26,11	7181	7181
P135,11	7182	7182
P79,9	7183	7183
P172,12	7184	7184
P199,9	7185	7185
P127,10	7186	7186
P96,10	7187	7187
P176,12	7188	7188
P167,11	7189	7189
P73,12	7190	7190
P119,12	7191	7191
P47,12	7192	7192
P95,11	7193	7193
P162,9	7194	7194
P84,12	7195	7195
P45,10	7196	7196
P51,11	7197	7197
P128,10	7198	7198
P135,11	7199	7199
P88,12	7200	7200
P199,9	7201	7201
P108,12	7202	7202
P96,10	7203	7203
P176,12	7204	7204
P167,11	7205	7205
P73,12	7206	7206
P119,12	7207	7207
P47,12	7208	7208
P95,11	7209	7209
P45,10	7210	7210
P154,11	7211	7211
P109,11	7212	7212
P128,10	7213	7213
P135,11	7214	7214
P88,12	7215	7215
P108,12	7216	7216
P96,10	7217	7217
P182,12	7218	7218
P176,12	7219	7219
P79,10	7220	7220
P73,12	7221	7221
P158,11	7222	7222
P119,12	7223	7223
P193,11	7224	7224
P47,12	7225	7225
P95,11	7226	7226
P154,11	7227	7227
P26,12	7228	7228
P109,11	7229	7229
P128,10	7230	7230
P135,11	7231	7231
P88,12	7232	7232
P108,12	7233	7233
P96,10	7234	7234
P73,12	7235	7235
P158,11	7236	7236
P193,11	7237	7237
P47,12	7238	7238
P95,11	7239	7239
P154,11	7240	7240
P26,12	7241	7241
P128,10	7242	7242
P88,12	7243	7243
P108,12	7244	7244
P96,10	7245	7245
P73,12	7246	7246
P193,11	7247	7247
P47,12	7248	7248
P154,11	7249	7249
P26,12	7250	7250
P128,10	7251	7251
P199,10	7252	7252
P88,12	7253	7253
P96,10	7254	7254
P162,10	7255	7255
P193,11	7256	7256
P47,12	7257	7257
P154,11	7258	7258
P26,12	7259	7259
P199,10	7260	7260
P88,12	7261	7261
P162,10	7262	7262
P79,11	7263	7263
P154,11	7264	7264
P26,12	7265	7265
P199,10	7266	7266
P162,10	7267	7267
P79,11	7268	7268
P26,12	7269	7269
P199,10	7270	7270
P162,10	7271	7271
P26,12	7272	7272
P162,10	7273	7273
P26,12	7274	7274
P162,10	7275	7276
P128,11	7283	7283
P109,12	7284	7284
P128,11	7285	7285
P109,12	7286	7286
P128,11	7287	7287
P109,12	7288	7288
P128,11	7289	7289
P109,12	7290	7290
P128,11	7291	7291
P135,12	7292	7292
P109,12	7293	7293
P128,11	7294	7294
P96,11	7295	7295
P135,12	7296	7296
P158,12	7297	7297
P109,12	7298	7298
P96,11	7299	7299
P135,12	7300	7300
P158,12	7301	7301
P109,12	7302	7302
P96,11	7303	7303
P135,12	7304	7304
P158,12	7305	7305
P96,11	7306	7306
P135,12	7307	7307
P96,11	7308	7310
P79,12	7313	7313
P199,11	7314	7314
P79,12	7315	7315
P162,11	7316	7316
P79,12	7317	7317
P162,11	7318	7318
P79,12	7319	7319
P162,11	7320	7320
P154,12	7321	7321
P79,12	7322	7322
P162,11	7323	7324
P199,12	7341	7345
P96,12	7359	7362
