CPU0
P1,1	2	3
P2,1	4	4
P1,1	6	7
P3,1	8	11
P4,1	12	12
P1,1	13	16
P5,1	17	20
P1,1	21	22
P6,1	23	24
P1,1	25	26
P8,1	27	30
P2,2	31	32
P9,1	33	36
P1,1	37	38
P3,1	39	40
P10,1	41	42
P4,2	43	44
P5,2	45	48
P1,1	49	50
P4,2	51	51
P12,1	52	54
P1,1	55	56
P3,1	57	58
P2,3	59	59
P1,1	60	61
P13,1	62	63
P7,3	64	64
P14,1	65	66
P16,1	67	68
P5,3	69	70
P12,2	71	72
P17,1	73	74
P15,1	75	76
P5,3	77	78
P6,3	79	80
P19,1	81	82
P1,1	83	84
P16,1	85	86
P3,1	87	88
P4,3	89	90
P6,3	91	92
P18,1	93	93
P19,1	94	95
P11,2	96	97
P14,2	98	99
P17,2	100	101
P3,1	102	103
P4,3	104	104
P21,1	105	106
P11,2	107	107
P2,4	108	109
P6,3	110	110
P24,1	111	112
P16,2	113	114
P12,3	115	116
P25,1	117	118
P9,3	119	120
P1,1	121	122
P3,1	123	124
P21,1	125	125
P14,2	126	126
P24,1	127	128
P16,2	129	130
P5,4	131	132
P27,1	133	134
P10,3	135	136
P29,1	137	138
P19,2	139	139
P7,5	140	141
P11,3	142	143
P1,1	144	145
P3,1	146	147
P12,3	148	148
P27,1	149	150
P10,3	151	152
P17,3	153	154
P32,1	155	156
P22,2	157	158
P33,1	159	160
P8,4	161	162
P34,1	163	164
P2,5	165	166
P19,3	167	167
P18,3	168	169
P26,2	170	171
P9,3	172	172
P15,1	173	174
P24,1	175	176
P28,1	177	178
P17,3	179	179
P31,1	180	180
P14,3	181	182
P20,2	183	183
P35,1	184	185
P16,3	186	187
P37,1	188	189
P5,5	190	191
P30,2	192	193
P40,1	194	195
P6,4	196	196
P13,3	197	197
P2,5	198	199
P7,5	200	200
P1,1	201	202
P3,1	203	204
P27,1	205	206
P41,1	207	208
P4,5	209	210
P43,1	211	212
P34,2	213	214
P44,1	215	215
P45,1	216	217
P22,2	218	218
P35,1	219	220
P16,3	221	222
P37,1	223	224
P5,5	225	225
P30,2	226	227
P33,1	228	229
P46,1	230	230
P47,1	231	232
P48,1	233	234
P6,5	235	236
P49,1	237	238
P50,1	239	240
P1,1	241	242
P3,1	243	244
P27,1	245	246
P41,1	247	248
P4,5	249	250
P43,1	251	252
P28,2	253	253
P45,1	254	255
P18,4	256	257
P11,4	258	259
P52,1	260	261
P53,1	262	263
P7,6	264	265
P25,3	266	267
P23,2	268	269
P39,1	270	271
P33,1	272	273
P17,4	274	274
P13,4	275	276
P55,1	277	278
P56,1	279	279
P58,1	280	281
P22,3	282	283
P60,1	284	285
P8,5	286	287
P44,2	288	289
P5,6	290	291
P1,1	292	293
P3,1	294	295
P27,1	296	297
P43,1	298	299
P32,1	300	301
P14,4	302	302
P11,4	303	303
P37,2	304	305
P6,6	306	307
P46,2	308	308
P9,5	309	309
P65,1	310	311
P10,5	312	313
P67,1	314	314
P4,6	315	316
P68,1	317	318
P42,2	319	320
P31,3	321	321
P52,1	322	323
P53,1	324	325
P25,3	326	326
P33,1	327	328
P48,1	329	330
P49,1	331	332
P71,1	333	334
P34,3	335	336
P21,5	337	337
P23,3	338	339
P39,2	340	341
P35,2	342	343
P76,1	344	345
P57,1	346	346
P59,1	347	347
P2,6	348	349
P16,4	350	351
P44,2	352	353
P1,1	354	355
P3,1	356	357
P27,1	358	359
P77,1	360	360
P30,3	361	362
P36,3	363	364
P61,2	365	366
P32,1	367	368
P62,1	369	370
P6,6	371	371
P64,1	372	373
P66,1	374	375
P4,6	376	377
P69,1	378	379
P81,1	380	381
P14,5	382	383
P28,4	384	384
P82,1	385	386
P29,3	387	388
P45,2	389	389
P11,5	390	391
P42,2	392	393
P51,1	394	395
P54,1	396	396
P33,1	397	398
P71,1	399	400
P34,3	401	402
P72,1	403	404
P67,2	405	405
P86,1	406	407
P25,4	408	409
P31,4	410	411
P73,1	412	413
P35,2	414	415
P60,1	416	416
P16,4	417	418
P1,1	419	420
P3,1	421	422
P27,1	423	424
P58,2	425	426
P13,5	427	428
P75,2	429	429
P90,1	430	431
P91,1	432	433
P57,2	434	435
P94,1	436	437
P43,1	438	439
P36,3	440	441
P61,2	442	443
P32,1	444	445
P63,1	446	447
P4,6	448	448
P59,2	449	450
P18,5	451	452
P95,1	453	454
P96,1	455	456
P80,1	457	458
P20,5	459	459
P82,1	460	460
P83,1	461	462
P84,1	463	463
P11,5	464	465
P42,2	466	466
P52,1	467	468
P33,1	469	470
P30,4	471	472
P97,1	473	474
P46,4	475	476
P98,1	477	478
P45,3	479	480
P54,2	481	482
P7,7	483	483
P23,3	484	485
P40,3	486	487
P53,2	488	489
P73,1	490	491
P55,2	492	493
P100,1	494	495
P101,1	496	496
P74,2	497	497
P87,2	498	499
P56,3	500	501
P26,5	502	503
P104,1	504	505
P1,1	506	507
P3,1	508	509
P27,1	510	511
P22,4	512	513
P89,1	514	514
P91,1	515	516
P57,2	517	517
P50,2	518	519
P76,2	520	521
P67,3	522	522
P88,2	523	524
P107,1	525	526
P16,5	527	528
P32,1	529	530
P69,1	531	532
P12,6	533	533
P18,5	534	535
P68,2	536	537
P81,1	538	539
P75,3	540	541
P62,2	542	543
P48,3	544	545
P4,7	546	547
P36,4	548	548
P111,1	549	550
P66,2	551	552
P83,1	553	554
P11,5	555	555
P52,1	556	557
P33,1	558	559
P30,4	560	560
P79,2	561	562
P46,4	563	563
P98,1	564	564
P112,1	565	565
P78,2	566	567
P95,2	568	569
P113,1	570	570
P114,1	571	572
P84,2	573	574
P42,3	575	576
P116,1	577	578
P7,8	579	580
P45,3	581	582
P86,1	583	583
P31,4	584	585
P55,2	586	587
P100,1	588	589
P87,2	590	590
P60,2	591	592
P47,3	593	593
P119,1	594	595
P25,5	596	596
P72,2	597	597
P28,6	598	599
P56,3	600	600
P103,1	601	602
P104,1	603	604
P1,1	605	606
P3,1	607	608
P27,1	609	610
P13,5	611	612
P92,1	613	614
P40,4	615	616
P35,3	617	618
P122,1	619	620
P101,2	621	621
P39,4	622	623
P76,2	624	625
P44,3	626	627
P107,1	628	629
P32,1	630	631
P69,1	632	633
P81,1	634	635
P22,5	636	637
P89,2	638	639
P94,2	640	641
P125,1	642	643
P68,3	644	645
P127,1	646	647
P59,3	648	649
P12,7	650	651
P62,2	652	653
P48,3	654	655
P77,3	656	657
P82,2	658	659
P51,1	660	661
P38,1	662	663
P128,1	664	665
P8,7	666	667
P65,3	668	669
P129,1	670	671
P131,1	672	673
P11,6	674	675
P133,1	676	677
P134,1	678	678
P79,2	679	680
P41,3	681	681
P64,2	682	683
P29,4	684	685
P84,2	686	687
P42,3	688	689
P116,1	690	691
P2,9	692	693
P137,1	694	695
P138,1	696	697
P139,1	698	699
P30,5	700	701
P78,3	702	703
P46,5	704	705
P7,8	706	706
P45,3	707	707
P54,2	708	708
P55,2	709	709
P99,1	710	711
P60,2	712	713
P119,1	714	715
P120,1	716	716
P112,2	717	718
P86,2	719	720
P142,1	721	722
P144,1	723	724
P71,2	725	726
P26,5	727	728
P105,1	729	730
P15,1	731	732
P24,1	733	734
P92,1	735	736
P40,4	737	738
P145,1	739	740
P31,5	741	742
P13,6	743	744
P97,3	745	745
P58,3	746	747
P56,4	748	749
P34,6	750	751
P121,2	752	753
P57,3	754	755
P39,4	756	757
P44,3	758	758
P107,1	759	759
P32,1	760	761
P69,1	762	763
P108,1	764	764
P88,3	765	766
P149,1	767	768
P18,6	769	770
P76,3	771	772
P94,2	773	774
P125,1	775	776
P127,1	777	778
P59,3	779	780
P12,7	781	782
P62,2	783	783
P77,3	784	785
P153,1	786	786
P96,2	787	788
P16,6	789	790
P156,1	791	792
P126,2	793	794
P90,3	795	796
P109,2	797	798
P83,1	799	800
P52,1	801	802
P33,1	803	804
P8,7	805	806
P132,1	807	808
P133,1	809	810
P93,3	811	812
P36,6	813	814
P159,1	815	816
P160,1	817	817
P161,1	818	818
P131,2	819	820
P14,6	821	822
P114,1	823	824
P85,2	825	825
P42,3	826	827
P116,1	828	829
P136,1	830	831
P20,7	832	833
P139,1	834	834
P79,3	835	836
P130,2	837	838
P65,4	839	839
P164,1	840	841
P134,2	842	843
P165,1	844	844
P10,8	845	846
P140,1	847	848
P46,5	849	850
P73,1	851	852
P28,6	853	854
P7,9	855	856
P166,1	857	858
P9,8	859	860
P119,2	861	862
P55,3	863	864
P45,4	865	866
P53,3	867	868
P143,1	869	870
P47,4	871	872
P103,1	873	874
P1,1	875	876
P3,1	877	878
P27,1	879	880
P43,1	881	882
P35,3	883	884
P23,5	885	886
P104,2	887	887
P170,1	888	888
P26,6	889	890
P120,2	891	892
P141,2	893	893
P102,2	894	895
P146,1	896	897
P25,6	898	899
P147,1	900	901
P56,4	902	903
P91,2	904	905
P122,1	906	907
P74,3	908	908
P39,4	909	909
P173,1	910	911
P97,4	912	912
P148,2	913	914
P176,1	915	916
P32,1	917	918
P69,1	919	920
P22,5	921	921
P89,2	922	922
P149,1	923	924
P50,3	925	925
P94,2	926	927
P68,3	928	928
P58,4	929	930
P177,1	931	932
P101,4	933	934
P108,2	935	936
P180,1	937	938
P59,3	939	939
P152,1	940	941
P96,2	942	942
P16,6	943	944
P156,1	945	946
P37,4	947	947
P90,3	948	949
P12,8	950	951
P48,4	952	953
P127,2	954	955
P17,7	956	956
P67,5	957	958
P51,1	959	960
P38,1	961	962
P128,1	963	963
P8,7	964	965
P132,1	966	966
P93,3	967	967
P80,3	968	969
P129,2	970	971
P153,2	972	972
P133,2	973	973
P95,3	974	975
P111,3	976	977
P136,1	978	979
P138,1	980	980
P79,3	981	982
P130,2	983	984
P161,2	985	986
P42,4	987	988
P181,1	989	990
P158,2	991	992
P29,5	993	994
P164,1	995	996
P98,3	997	998
P30,5	999	999
P46,5	1000	1000
P73,1	1001	1002
P60,3	1003	1003
P117,2	1004	1005
P165,2	1006	1007
P139,2	1008	1009
P20,8	1010	1010
P84,3	1011	1012
P65,5	1013	1014
P28,7	1015	1016
P78,4	1017	1017
P119,2	1018	1019
P86,2	1020	1020
P53,3	1021	1021
P143,1	1022	1023
P103,1	1024	1025
P1,1	1026	1027
P3,1	1028	1029
P41,5	1030	1031
P70,4	1032	1033
P71,3	1034	1035
P9,9	1036	1037
P27,1	1038	1039
P43,1	1040	1041
P168,1	1042	1043
P120,2	1044	1045
P172,1	1046	1047
P145,1	1048	1048
P118,3	1049	1050
P184,1	1051	1052
P171,2	1053	1053
P141,3	1054	1054
P13,6	1055	1056
P72,3	1057	1058
P34,6	1059	1060
P87,4	1061	1062
P148,2	1063	1064
P176,1	1065	1066
P63,1	1067	1068
P74,4	1069	1070
P170,2	1071	1072
P91,3	1073	1074
P122,2	1075	1076
P69,1	1077	1078
P149,1	1079	1079
P58,4	1080	1081
P177,1	1082	1083
P101,4	1084	1085
P108,2	1086	1086
P180,1	1087	1088
P22,6	1089	1090
P68,4	1091	1091
P49,5	1092	1092
P76,4	1093	1094
P88,4	1095	1096
P154,2	1097	1098
P152,1	1099	1100
P16,6	1101	1102
P75,4	1103	1103
P90,3	1104	1104
P12,8	1105	1105
P77,4	1106	1107
P67,5	1108	1109
P50,4	1110	1111
P156,2	1112	1113
P59,4	1114	1115
P17,8	1116	1117
P52,1	1118	1119
P33,1	1120	1121
P36,6	1122	1123
P82,3	1124	1124
P109,3	1125	1125
P131,2	1126	1126
P111,3	1127	1128
P137,1	1129	1130
P127,3	1131	1132
P66,4	1133	1133
P19,7	1134	1135
P62,4	1136	1137
P132,2	1138	1139
P162,1	1140	1141
P161,2	1142	1143
P110,3	1144	1145
P160,2	1146	1147
P135,2	1148	1149
P98,3	1150	1151
P11,7	1152	1153
P164,2	1154	1155
P186,1	1156	1157
P113,3	1158	1159
P10,9	1160	1160
P73,1	1161	1162
P165,2	1163	1163
P14,7	1164	1165
P6,9	1166	1167
P7,10	1168	1168
P182,1	1169	1170
P64,4	1171	1172
P134,3	1173	1174
P187,1	1175	1176
P30,6	1177	1177
P78,5	1178	1179
P143,1	1180	1181
P105,1	1182	1183
P15,1	1184	1185
P24,1	1186	1187
P183,1	1188	1189
P112,3	1190	1191
P9,9	1192	1193
P27,1	1194	1195
P100,3	1196	1197
P54,4	1198	1199
P142,2	1200	1201
P47,5	1202	1203
P43,1	1204	1205
P26,6	1206	1207
P172,1	1208	1209
P146,1	1210	1211
P55,4	1212	1212
P169,2	1213	1213
P40,5	1214	1214
P171,3	1215	1216
P13,7	1217	1218
P141,4	1219	1220
P72,4	1221	1222
P87,4	1223	1223
P174,1	1224	1225
P175,1	1226	1227
P32,1	1228	1229
P35,4	1230	1231
P91,3	1232	1233
P122,2	1234	1235
P69,1	1236	1237
P34,7	1238	1238
P31,7	1239	1240
P56,5	1241	1242
P58,4	1243	1244
P178,1	1245	1246
P180,1	1247	1248
P97,5	1249	1249
P76,4	1250	1251
P124,2	1252	1253
P149,2	1254	1255
P108,3	1256	1256
P170,3	1257	1258
P44,5	1259	1260
P68,5	1261	1262
P152,1	1263	1264
P151,2	1265	1265
P126,3	1266	1266
P50,4	1267	1267
P185,1	1268	1269
P59,4	1270	1271
P17,8	1272	1273
P52,1	1274	1275
P75,5	1276	1277
P88,5	1278	1278
P190,1	1279	1280
P90,4	1281	1282
P12,9	1283	1284
P33,1	1285	1286
P115,1	1287	1288
P48,5	1289	1290
P128,2	1291	1291
P93,4	1292	1293
P132,2	1294	1295
P82,4	1296	1296
P111,4	1297	1298
P131,3	1299	1300
P161,2	1301	1302
P181,1	1303	1304
P135,2	1305	1306
P133,3	1307	1308
P140,2	1309	1310
P129,3	1311	1311
P98,4	1312	1313
P163,3	1314	1314
P164,3	1315	1316
P8,9	1317	1318
P138,2	1319	1320
P114,2	1321	1322
P6,9	1323	1324
P182,1	1325	1326
P117,3	1327	1328
P65,6	1329	1329
P60,4	1330	1331
P78,5	1332	1333
P110,4	1334	1334
P192,1	1335	1336
P85,4	1337	1337
P113,4	1338	1339
P165,3	1340	1341
P30,7	1342	1343
P166,2	1344	1345
P167,2	1346	1347
P103,1	1348	1349
P1,1	1350	1351
P3,1	1352	1353
P183,1	1354	1355
P144,2	1356	1356
P27,1	1357	1358
P100,3	1359	1359
P2,11	1360	1361
P86,3	1362	1362
P41,6	1363	1364
P20,10	1365	1366
P142,2	1367	1368
P47,5	1369	1370
P43,1	1371	1372
P146,1	1373	1374
P184,1	1375	1376
P13,7	1377	1377
P120,3	1378	1379
P102,3	1380	1380
P172,2	1381	1382
P99,3	1383	1384
P145,2	1385	1385
P175,1	1386	1387
P63,1	1388	1389
P91,3	1390	1390
P122,2	1391	1392
P69,1	1393	1394
P71,5	1395	1396
P148,3	1397	1398
P87,5	1399	1400
P176,2	1401	1402
P141,5	1403	1403
P72,5	1404	1405
P31,7	1406	1407
P125,1	1408	1409
P22,6	1410	1410
P89,3	1411	1411
P94,3	1412	1412
P154,2	1413	1414
P170,3	1415	1416
P179,2	1417	1418
P177,2	1419	1420
P35,5	1421	1422
P178,2	1423	1424
P150,3	1425	1426
P155,1	1427	1428
P185,1	1429	1430
P17,8	1431	1432
P52,1	1433	1434
P149,3	1435	1436
P108,4	1437	1437
P195,1	1438	1439
P77,5	1440	1440
P18,9	1441	1441
P96,4	1442	1443
P107,4	1444	1444
P106,3	1445	1445
P90,4	1446	1447
P12,9	1448	1449
P33,1	1450	1451
P137,1	1452	1453
P136,2	1454	1454
P80,4	1455	1456
P95,4	1457	1458
P50,5	1459	1460
P61,5	1461	1462
P128,3	1463	1464
P19,8	1465	1466
P162,1	1467	1468
P11,7	1469	1469
P133,3	1470	1471
P109,4	1472	1473
P98,4	1474	1475
P29,6	1476	1477
P130,3	1478	1479
P159,3	1480	1481
P82,5	1482	1482
P158,3	1483	1484
P37,7	1485	1486
P138,2	1487	1488
P182,1	1489	1490
P60,4	1491	1492
P191,1	1493	1494
P160,3	1495	1495
P10,10	1496	1497
P196,1	1498	1499
P6,10	1500	1501
P117,4	1502	1503
P197,1	1504	1505
P165,3	1506	1507
P139,3	1508	1509
P103,1	1510	1511
P1,1	1512	1513
P3,1	1514	1515
P183,1	1516	1517
P92,1	1518	1519
P65,7	1520	1521
P14,8	1522	1523
P134,4	1524	1524
P119,4	1525	1526
P9,10	1527	1528
P2,11	1529	1530
P41,6	1531	1532
P70,5	1533	1533
P188,1	1534	1535
P168,1	1536	1537
P184,1	1538	1539
P193,1	1540	1541
P144,3	1542	1543
P53,5	1544	1545
P100,4	1546	1547
P45,7	1548	1548
P40,6	1549	1550
P26,7	1551	1551
P99,3	1552	1552
P175,1	1553	1554
P63,1	1555	1556
P81,1	1557	1558
P148,3	1559	1560
P120,4	1561	1562
P91,4	1563	1563
P122,3	1564	1565
P199,1	1566	1567
P121,4	1568	1568
P169,4	1569	1570
P23,7	1571	1572
P173,2	1573	1574
P174,2	1575	1576
P56,5	1577	1578
P180,1	1579	1580
P189,1	1581	1582
P141,6	1583	1584
P147,3	1585	1585
P57,6	1586	1587
P94,4	1588	1589
P34,9	1590	1591
P58,5	1592	1592
P35,5	1593	1594
P44,5	1595	1596
P155,1	1597	1598
P185,1	1599	1600
P52,1	1601	1602
P97,6	1603	1604
P126,4	1605	1606
P124,3	1607	1608
P76,5	1609	1610
P59,5	1611	1612
P156,3	1613	1614
P68,6	1615	1615
P190,1	1616	1617
P16,7	1618	1619
P38,1	1620	1621
P115,1	1622	1623
P80,4	1624	1624
P95,4	1625	1626
P123,4	1627	1627
P106,4	1628	1629
P77,6	1630	1631
P18,10	1632	1632
P151,4	1633	1634
P48,6	1635	1636
P153,4	1637	1637
P162,1	1638	1639
P186,1	1640	1641
P79,4	1642	1642
P8,9	1643	1643
P130,3	1644	1645
P93,5	1646	1647
P133,4	1648	1649
P82,6	1650	1651
P158,3	1652	1653
P140,3	1654	1655
P182,1	1656	1657
P191,1	1658	1659
P113,4	1660	1660
P129,4	1661	1662
P135,4	1663	1664
P19,9	1665	1666
P62,6	1667	1667
P98,5	1668	1669
P10,11	1670	1670
P28,8	1671	1672
P163,4	1673	1674
P46,7	1675	1676
P30,7	1677	1677
P103,1	1678	1679
P1,1	1680	1681
P3,1	1682	1683
P6,11	1684	1685
P27,1	1686	1687
P166,3	1688	1688
P60,5	1689	1690
P160,4	1691	1692
P114,3	1693	1694
P116,4	1695	1696
P119,4	1697	1698
P9,10	1699	1699
P41,6	1700	1700
P43,1	1701	1702
P146,1	1703	1704
P110,6	1705	1706
P47,6	1707	1708
P134,5	1709	1710
P112,4	1711	1712
P54,5	1713	1714
P86,4	1715	1716
P55,5	1717	1718
P32,1	1719	1720
P69,1	1721	1722
P2,12	1723	1724
P84,5	1725	1726
P45,8	1727	1728
P142,4	1729	1729
P194,1	1730	1731
P118,4	1732	1733
P104,4	1734	1735
P145,3	1736	1736
P169,4	1737	1738
P72,5	1739	1740
P125,1	1741	1742
P100,5	1743	1744
P71,6	1745	1746
P121,5	1747	1748
P189,1	1749	1750
P39,6	1751	1752
P57,6	1753	1754
P34,9	1755	1756
P101,5	1757	1757
P152,1	1758	1759
P83,1	1760	1761
P179,3	1762	1763
P56,6	1764	1765
P94,5	1766	1766
P44,6	1767	1768
P185,1	1769	1770
P52,1	1771	1772
P195,1	1773	1774
P76,5	1775	1776
P150,4	1777	1778
P190,1	1779	1780
P89,5	1781	1782
P126,5	1783	1784
P97,7	1785	1786
P38,1	1787	1788
P115,1	1789	1790
P95,4	1791	1791
P136,3	1792	1792
P151,4	1793	1794
P49,7	1795	1796
P181,1	1797	1798
P96,5	1799	1800
P178,4	1801	1802
P18,11	1803	1804
P153,5	1805	1806
P77,7	1807	1808
P186,1	1809	1810
P131,4	1811	1812
P157,4	1813	1814
P132,3	1815	1815
P158,3	1816	1816
P73,1	1817	1818
P187,1	1819	1820
P191,1	1821	1822
P48,7	1823	1824
P107,6	1825	1826
P8,10	1827	1828
P130,4	1829	1830
P196,1	1831	1832
P159,4	1833	1833
P64,5	1834	1835
P161,4	1836	1837
P28,8	1838	1838
P163,4	1839	1840
P46,7	1841	1842
P103,1	1843	1844
P164,5	1845	1845
P128,5	1846	1847
P105,1	1848	1849
P15,1	1850	1851
P24,1	1852	1853
P183,1	1854	1855
P92,1	1856	1857
P138,3	1858	1859
P114,3	1860	1861
P14,8	1862	1862
P30,8	1863	1863
P166,4	1864	1865
P188,1	1866	1867
P168,1	1868	1869
P184,1	1870	1871
P70,6	1872	1873
P134,5	1874	1875
P144,3	1876	1876
P198,1	1877	1878
P9,11	1879	1880
P78,7	1881	1882
P20,12	1883	1883
P112,5	1884	1885
P32,1	1886	1887
P69,1	1888	1889
P171,4	1890	1890
P84,5	1891	1892
P53,6	1893	1894
P194,1	1895	1896
P122,3	1897	1898
P199,1	1899	1900
P86,5	1901	1901
P55,6	1902	1903
P87,6	1904	1904
P125,1	1905	1906
P100,5	1907	1908
P26,8	1909	1910
P180,1	1911	1912
P141,6	1913	1913
P57,6	1914	1914
P34,9	1915	1916
P152,1	1917	1918
P45,9	1919	1920
P142,5	1921	1922
P176,3	1923	1924
P35,6	1925	1926
P83,1	1927	1928
P102,5	1929	1930
P185,1	1931	1932
P52,1	1933	1934
P150,4	1935	1935
P177,3	1936	1937
P147,5	1938	1939
P173,4	1940	1941
P75,7	1942	1943
P89,5	1944	1945
P126,5	1946	1947
P97,7	1948	1949
P33,1	1950	1951
P137,1	1952	1953
P162,1	1954	1955
P16,8	1956	1957
P94,6	1958	1958
P149,4	1959	1960
P50,6	1961	1961
P68,8	1962	1963
P96,5	1964	1965
P18,11	1966	1966
P123,5	1967	1968
P186,1	1969	1970
P133,4	1971	1972
P182,1	1973	1974
P95,5	1975	1976
P49,8	1977	1978
P93,6	1979	1980
P82,7	1981	1982
P158,4	1983	1984
P109,5	1985	1986
P192,1	1987	1988
P29,7	1989	1990
P8,10	1991	1992
P113,5	1993	1994
P135,4	1995	1995
P19,9	1996	1996
P161,4	1997	1998
P37,8	1999	2000
P159,5	2001	2002
P143,1	2003	2004
P62,7	2005	2006
P129,5	2007	2007
P1,1	2008	2009
P3,1	2010	2011
P6,11	2012	2012
P183,1	2013	2014
P92,1	2015	2016
P139,4	2017	2017
P66,8	2018	2019
P117,5	2020	2020
P65,8	2021	2021
P46,8	2022	2023
P166,4	2024	2024
P188,1	2025	2026
P168,1	2027	2028
P184,1	2029	2030
P70,6	2031	2031
P193,1	2032	2033
P175,1	2034	2035
P116,5	2036	2037
P164,6	2038	2039
P54,6	2040	2041
P47,7	2042	2043
P78,7	2044	2045
P32,1	2046	2047
P69,1	2048	2049
P99,4	2050	2051
P91,5	2052	2052
P194,1	2053	2054
P20,13	2055	2056
P84,6	2057	2058
P172,4	2059	2060
P2,13	2061	2062
P125,1	2063	2064
P100,5	2065	2065
P26,8	2066	2066
P121,5	2067	2067
P189,1	2068	2069
P152,1	2070	2071
P171,5	2072	2073
P122,4	2074	2075
P104,5	2076	2076
P169,5	2077	2078
P86,6	2079	2079
P142,5	2080	2080
P35,6	2081	2082
P83,1	2083	2084
P51,1	2085	2086
P195,1	2087	2088
P147,5	2089	2089
P170,5	2090	2091
P55,7	2092	2093
P120,6	2094	2095
P141,7	2096	2096
P156,5	2097	2098
P56,7	2099	2099
P75,7	2100	2101
P89,5	2102	2102
P90,5	2103	2103
P33,1	2104	2105
P137,1	2106	2107
P181,1	2108	2109
P58,7	2110	2111
P22,9	2112	2112
P154,5	2113	2114
P150,5	2115	2115
P173,5	2116	2117
P149,4	2118	2119
P68,8	2120	2121
P153,5	2122	2123
P186,1	2124	2125
P182,1	2126	2127
P108,6	2128	2129
P178,5	2130	2130
P126,6	2131	2132
P18,12	2133	2134
P12,12	2135	2136
P131,5	2137	2137
P93,6	2138	2139
P158,4	2140	2141
P191,1	2142	2143
P48,7	2144	2145
P8,10	2146	2147
P61,7	2148	2148
P109,6	2149	2150
P82,8	2151	2152
P161,5	2153	2154
P159,5	2155	2156
P143,1	2157	2158
P128,5	2159	2159
P105,1	2160	2161
P15,1	2162	2163
P24,1	2164	2165
P27,1	2166	2167
P66,8	2168	2169
P79,6	2170	2171
P130,5	2172	2173
P132,5	2174	2175
P98,7	2176	2177
P28,9	2178	2179
P46,8	2180	2181
P188,1	2182	2183
P168,1	2184	2185
P184,1	2186	2187
P198,1	2188	2189
P14,9	2190	2191
P164,6	2192	2193
P65,9	2194	2195
P117,6	2196	2196
P166,5	2197	2198
P54,6	2199	2200
P41,7	2201	2201
P85,6	2202	2202
P63,1	2203	2204
P81,1	2205	2206
P165,5	2207	2208
P144,4	2209	2209
P114,5	2210	2210
P119,6	2211	2211
P70,7	2212	2213
P112,6	2214	2215
P167,6	2216	2217
P199,1	2218	2219
P125,1	2220	2221
P189,1	2222	2223
P152,1	2224	2225
P171,5	2226	2227
P34,10	2228	2229
P169,5	2230	2231
P91,6	2232	2233
P148,5	2234	2235
P84,7	2236	2237
P100,6	2238	2239
P121,6	2240	2240
P83,1	2241	2242
P51,1	2243	2244
P195,1	2245	2246
P174,4	2247	2248
P120,6	2249	2250
P39,7	2251	2252
P45,10	2253	2253
P40,8	2254	2255
P101,7	2256	2257
P86,7	2258	2259
P59,7	2260	2260
P75,7	2261	2261
P38,1	2262	2263
P115,1	2264	2265
P162,1	2266	2267
P58,7	2268	2269
P173,5	2270	2271
P141,8	2272	2272
P90,6	2273	2274
P89,6	2275	2275
P56,8	2276	2277
P186,1	2278	2279
P182,1	2280	2281
P108,6	2282	2282
P126,6	2283	2284
P133,5	2285	2285
P94,7	2286	2286
P136,4	2287	2288
P22,10	2289	2290
P124,6	2291	2292
P178,6	2293	2294
P123,6	2295	2296
P187,1	2297	2298
P192,1	2299	2300
P77,9	2301	2301
P82,8	2302	2302
P159,5	2303	2304
P143,1	2305	2306
P153,6	2307	2307
P29,8	2308	2309
P158,5	2310	2311
P131,6	2312	2313
P135,6	2314	2314
P105,1	2315	2316
P15,1	2317	2318
P24,1	2319	2320
P27,1	2321	2322
P66,8	2323	2323
P79,6	2324	2325
P130,5	2326	2327
P62,8	2328	2329
P163,5	2330	2330
P107,7	2331	2332
P46,8	2333	2333
P188,1	2334	2335
P168,1	2336	2337
P184,1	2338	2339
P198,1	2340	2341
P14,9	2342	2342
P138,4	2343	2344
P139,5	2345	2346
P110,7	2347	2348
P160,6	2349	2350
P60,7	2351	2351
P41,8	2352	2353
P47,7	2354	2354
P63,1	2355	2356
P81,1	2357	2358
P165,5	2359	2359
P134,6	2360	2360
P140,6	2361	2362
P99,5	2363	2363
P167,6	2364	2364
P199,1	2365	2366
P30,10	2367	2368
P125,1	2369	2370
P189,1	2371	2372
P152,1	2373	2374
P171,5	2375	2375
P122,4	2376	2377
P91,6	2378	2379
P148,5	2380	2381
P144,5	2382	2383
P20,14	2384	2385
P34,11	2386	2386
P2,14	2387	2388
P185,1	2389	2390
P52,1	2391	2392
P174,4	2393	2393
P57,7	2394	2395
P104,6	2396	2397
P55,8	2398	2399
P84,8	2400	2400
P100,7	2401	2402
P121,7	2403	2403
P40,9	2404	2405
P71,9	2406	2407
P190,1	2408	2409
P33,1	2410	2411
P137,1	2412	2413
P181,1	2414	2415
P90,6	2416	2416
P170,6	2417	2418
P73,1	2419	2420
P101,8	2421	2421
P89,7	2422	2423
P59,8	2424	2425
P182,1	2426	2427
P126,6	2428	2428
P178,6	2429	2430
P123,6	2431	2432
P187,1	2433	2434
P156,7	2435	2435
P12,13	2436	2437
P18,13	2438	2439
P76,7	2440	2441
P58,8	2442	2443
P133,6	2444	2445
P93,7	2446	2447
P49,10	2448	2449
P192,1	2450	2451
P197,1	2452	2453
P103,1	2454	2455
P111,6	2456	2456
P127,7	2457	2457
P131,6	2458	2459
P105,1	2460	2461
P15,1	2462	2463
P136,5	2464	2465
P135,7	2466	2467
P183,1	2468	2469
P92,1	2470	2471
P6,12	2472	2472
P98,7	2473	2474
P37,9	2475	2475
P43,1	2476	2477
P146,1	2478	2479
P193,1	2480	2481
P159,6	2482	2483
P48,9	2484	2485
P198,1	2486	2487
P138,4	2488	2489
P139,5	2490	2491
P129,7	2492	2493
P117,7	2494	2495
P63,1	2496	2497
P81,1	2498	2499
P66,9	2500	2501
P46,9	2502	2502
P62,9	2503	2504
P166,6	2505	2506
P47,8	2507	2508
P140,6	2509	2509
P199,1	2510	2511
P30,10	2512	2512
P125,1	2513	2514
P189,1	2515	2516
P152,1	2517	2518
P164,7	2519	2520
P60,8	2521	2522
P134,7	2523	2524
P53,7	2525	2525
P148,5	2526	2527
P144,5	2528	2528
P2,14	2529	2529
P83,1	2530	2531
P51,1	2532	2533
P195,1	2534	2535
P147,6	2536	2536
P87,8	2537	2537
P119,8	2538	2539
P171,6	2540	2541
P55,9	2542	2543
P176,5	2544	2545
P40,9	2546	2547
P71,9	2548	2548
P190,1	2549	2550
P33,1	2551	2552
P137,1	2553	2554
P181,1	2555	2556
P116,8	2557	2558
P142,8	2559	2560
P179,5	2561	2562
P84,9	2563	2564
P170,7	2565	2566
P45,11	2567	2568
P89,7	2569	2570
P182,1	2571	2572
P150,6	2573	2574
P187,1	2575	2576
P18,13	2577	2578
P126,7	2579	2580
P141,10	2581	2582
P151,6	2583	2584
P58,8	2585	2586
P133,6	2587	2587
P56,9	2588	2588
P49,10	2589	2589
P94,8	2590	2591
P196,1	2592	2593
P143,1	2594	2595
P158,5	2596	2596
P61,8	2597	2597
P59,9	2598	2598
P76,8	2599	2600
P12,14	2601	2601
P108,8	2602	2603
P1,1	2604	2605
P3,1	2606	2607
P153,7	2608	2608
P135,7	2609	2609
P183,1	2610	2611
P92,1	2612	2613
P188,1	2614	2615
P168,1	2616	2617
P77,11	2618	2619
P111,7	2620	2620
P132,6	2621	2622
P193,1	2623	2624
P163,6	2625	2626
P198,1	2627	2628
P129,7	2629	2629
P117,7	2630	2630
P32,1	2631	2632
P69,1	2633	2634
P98,8	2635	2636
P64,8	2637	2638
P65,10	2639	2639
P37,10	2640	2641
P194,1	2642	2643
P62,9	2644	2645
P41,9	2646	2646
P14,10	2647	2648
P125,1	2649	2650
P189,1	2651	2652
P152,1	2653	2654
P138,5	2655	2655
P28,11	2656	2657
P130,7	2658	2659
P165,6	2660	2660
P134,7	2661	2662
P83,1	2663	2664
P51,1	2665	2666
P195,1	2667	2668
P119,8	2669	2670
P53,8	2671	2671
P47,9	2672	2673
P30,11	2674	2675
P2,15	2676	2677
P148,6	2678	2679
P86,8	2680	2681
P91,7	2682	2682
P40,9	2683	2684
P38,1	2685	2686
P115,1	2687	2688
P162,1	2689	2690
P186,1	2691	2692
P34,12	2693	2694
P85,9	2695	2696
P147,7	2697	2698
P104,7	2699	2699
P145,7	2700	2701
P177,5	2702	2703
P39,8	2704	2705
P102,7	2706	2707
P73,1	2708	2709
P89,7	2710	2710
P182,1	2711	2712
P191,1	2713	2714
P57,9	2715	2716
P126,7	2717	2718
P151,6	2719	2720
P58,8	2721	2721
P124,7	2722	2722
P94,8	2723	2724
P196,1	2725	2726
P143,1	2727	2728
P156,8	2729	2729
P178,7	2730	2731
P123,7	2732	2733
P97,11	2734	2735
P59,10	2736	2737
P108,8	2738	2739
P1,1	2740	2741
P3,1	2742	2743
P24,1	2744	2745
P27,1	2746	2747
P188,1	2748	2749
P168,1	2750	2751
P77,11	2752	2753
P61,9	2754	2754
P131,7	2755	2755
P95,8	2756	2756
P158,6	2757	2758
P111,8	2759	2760
P132,6	2761	2762
P193,1	2763	2764
P48,9	2765	2765
P175,1	2766	2767
P63,1	2768	2769
P81,1	2770	2771
P159,7	2772	2773
P79,7	2774	2775
P107,8	2776	2777
P129,8	2778	2778
P110,9	2779	2780
P194,1	2781	2782
P125,1	2783	2784
P189,1	2785	2786
P152,1	2787	2788
P112,7	2789	2789
P28,11	2790	2791
P117,8	2792	2792
P166,7	2793	2794
P83,1	2795	2796
P51,1	2797	2798
P195,1	2799	2800
P119,8	2801	2802
P118,7	2803	2804
P164,8	2805	2806
P165,7	2807	2808
P54,8	2809	2810
P140,8	2811	2812
P167,8	2813	2813
P78,10	2814	2815
P171,7	2816	2817
P86,8	2818	2818
P176,5	2819	2819
P38,1	2820	2821
P115,1	2822	2823
P162,1	2824	2825
P186,1	2826	2827
P85,9	2828	2829
P174,6	2830	2830
P172,7	2831	2832
P53,9	2833	2834
P116,9	2835	2836
P145,7	2837	2838
P177,5	2839	2839
P102,7	2840	2840
P182,1	2841	2842
P191,1	2843	2844
P57,9	2845	2846
P126,7	2847	2847
P55,10	2848	2849
P120,9	2850	2851
P35,9	2852	2853
P89,8	2854	2855
P142,9	2856	2857
P192,1	2858	2859
P197,1	2860	2861
P103,1	2862	2863
P178,7	2864	2864
P68,10	2865	2866
P49,11	2867	2868
P76,8	2869	2869
P108,8	2870	2870
P84,10	2871	2872
P75,9	2873	2874
P123,8	2875	2876
P105,1	2877	2878
P15,1	2879	2880
P24,1	2881	2882
P27,1	2883	2884
P188,1	2885	2886
P168,1	2887	2888
P77,11	2889	2890
P158,6	2891	2892
P61,10	2893	2894
P6,13	2895	2896
P184,1	2897	2898
P198,1	2899	2900
P32,1	2901	2902
P69,1	2903	2904
P159,7	2905	2906
P107,8	2907	2907
P133,8	2908	2909
P163,7	2910	2911
P194,1	2912	2913
P125,1	2914	2915
P189,1	2916	2917
P152,1	2918	2919
P28,11	2920	2920
P160,7	2921	2922
P66,10	2923	2923
P185,1	2924	2925
P52,1	2926	2927
P98,9	2928	2928
P79,8	2929	2929
P112,8	2930	2931
P139,7	2932	2933
P195,1	2934	2935
P165,7	2936	2937
P140,8	2938	2938
P138,6	2939	2939
P78,10	2940	2940
P171,7	2941	2942
P114,8	2943	2943
P30,12	2944	2944
P167,9	2945	2946
P38,1	2947	2948
P115,1	2949	2950
P162,1	2951	2952
P186,1	2953	2954
P85,9	2955	2956
P172,7	2957	2958
P53,9	2959	2960
P116,9	2961	2962
P71,10	2963	2964
P14,12	2965	2966
P86,9	2967	2967
P73,1	2968	2969
P187,1	2970	2971
P179,6	2972	2973
P55,10	2974	2975
P120,9	2976	2976
P45,12	2977	2978
P142,9	2979	2980
P196,1	2981	2982
P58,10	2983	2984
P102,8	2985	2985
P197,1	2986	2987
P103,1	2988	2989
P97,11	2990	2990
P18,14	2991	2992
P124,8	2993	2994
P105,1	2995	2996
P35,10	2997	2998
P149,7	2999	3000
P49,12	3001	3002
P3,1	3003	3004
P183,1	3005	3006
P92,1	3007	3008
P43,1	3009	3010
P146,1	3011	3012
P158,6	3013	3013
P156,9	3014	3014
P193,1	3015	3016
P93,9	3017	3018
P77,12	3019	3020
P108,9	3021	3022
P198,1	3023	3024
P32,1	3025	3026
P69,1	3027	3028
P163,7	3029	3029
P199,1	3030	3031
P180,1	3032	3033
P200,1	3034	3035
P132,7	3036	3037
P131,9	3038	3039
P159,8	3040	3041
P135,9	3042	3043
P83,1	3044	3045
P51,1	3046	3047
P117,9	3048	3049
P129,9	3050	3051
P41,10	3052	3053
P37,11	3054	3054
P64,9	3055	3056
P8,14	3057	3058
P98,10	3059	3060
P165,8	3061	3062
P112,9	3063	3064
P190,1	3065	3066
P33,1	3067	3068
P137,1	3069	3070
P181,1	3071	3072
P172,7	3073	3074
P166,8	3075	3076
P130,9	3077	3078
P134,9	3079	3080
P138,7	3081	3082
P14,12	3083	3084
P182,1	3085	3086
P191,1	3087	3088
P39,9	3089	3090
P89,8	3091	3091
P118,9	3092	3093
P85,10	3094	3095
P147,8	3096	3097
P120,10	3098	3098
P192,1	3099	3100
P126,8	3101	3102
P177,6	3103	3104
P143,1	3105	3106
P75,9	3107	3108
P105,1	3109	3110
P35,10	3111	3111
P179,7	3112	3113
P90,9	3114	3115
P102,9	3116	3117
P94,10	3118	3119
P49,12	3120	3121
P3,1	3122	3123
P183,1	3124	3125
P92,1	3126	3127
P43,1	3128	3129
P146,1	3130	3131
P193,1	3132	3133
P68,11	3134	3135
P149,8	3136	3137
P175,1	3138	3139
P63,1	3140	3141
P81,1	3142	3143
P199,1	3144	3145
P180,1	3146	3147
P200,1	3148	3149
P132,7	3150	3151
P61,11	3152	3153
P178,9	3154	3155
P96,10	3156	3157
P159,8	3158	3158
P135,9	3159	3159
P155,1	3160	3161
P185,1	3162	3163
P52,1	3164	3165
P195,1	3166	3167
P64,9	3168	3169
P8,14	3170	3171
P163,8	3172	3172
P131,10	3173	3174
P160,8	3175	3175
P111,10	3176	3177
P190,1	3178	3179
P33,1	3180	3181
P137,1	3182	3183
P181,1	3184	3185
P166,8	3186	3186
P164,9	3187	3188
P171,8	3189	3190
P41,11	3191	3191
P140,10	3192	3192
P54,10	3193	3193
P134,9	3194	3195
P14,12	3196	3197
P182,1	3198	3199
P191,1	3200	3201
P86,10	3202	3203
P71,11	3204	3205
P172,8	3206	3207
P39,10	3208	3208
P53,11	3209	3210
P192,1	3211	3212
P126,8	3213	3214
P197,1	3215	3216
P103,1	3217	3218
P1,1	3219	3220
P176,7	3221	3221
P57,10	3222	3223
P138,8	3224	3224
P55,11	3225	3225
P142,10	3226	3227
P35,11	3228	3229
P24,1	3230	3231
P27,1	3232	3233
P92,1	3234	3235
P43,1	3236	3237
P146,1	3238	3239
P193,1	3240	3241
P149,8	3242	3243
P175,1	3244	3245
P102,10	3246	3247
P49,13	3248	3249
P68,12	3250	3251
P32,1	3252	3253
P69,1	3254	3255
P194,1	3256	3257
P125,1	3258	3259
P189,1	3260	3261
P152,1	3262	3263
P61,11	3264	3265
P178,9	3266	3267
P59,12	3268	3269
P77,14	3270	3271
P83,1	3272	3273
P51,1	3274	3275
P195,1	3276	3277
P64,9	3278	3278
P110,10	3279	3280
P131,10	3281	3282
P190,1	3283	3284
P160,9	3285	3286
P38,1	3287	3288
P115,1	3289	3290
P162,1	3291	3292
P186,1	3293	3294
P98,11	3295	3296
P139,8	3297	3298
P165,9	3299	3300
P73,1	3301	3302
P112,10	3303	3304
P129,10	3305	3306
P163,9	3307	3307
P166,9	3308	3309
P191,1	3310	3311
P86,10	3312	3312
P71,11	3313	3314
P40,11	3315	3315
P53,11	3316	3317
P196,1	3318	3319
P143,1	3320	3321
P105,1	3322	3323
P54,11	3324	3325
P14,13	3326	3327
P176,8	3328	3329
P179,7	3330	3331
P57,10	3332	3333
P142,10	3334	3335
P35,11	3336	3336
P24,1	3337	3338
P27,1	3339	3340
P92,1	3341	3342
P43,1	3343	3344
P146,1	3345	3346
P147,9	3347	3348
P58,11	3349	3350
P126,9	3351	3351
P138,9	3352	3353
P193,1	3354	3355
P198,1	3356	3357
P76,10	3358	3358
P49,13	3359	3359
P93,10	3360	3360
P94,11	3361	3362
P63,1	3363	3364
P81,1	3365	3366
P199,1	3367	3368
P156,11	3369	3370
P189,1	3371	3372
P152,1	3373	3374
P84,12	3375	3376
P77,14	3377	3378
P83,1	3379	3380
P51,1	3381	3382
P195,1	3383	3384
P150,10	3385	3386
P107,10	3387	3388
P131,10	3389	3390
P190,1	3391	3392
P160,9	3393	3394
P38,1	3395	3396
P115,1	3397	3398
P162,1	3399	3400
P186,1	3401	3402
P135,11	3403	3404
P64,10	3405	3406
P182,1	3407	3408
P129,10	3409	3410
P111,11	3411	3411
P187,1	3412	3413
P172,8	3414	3414
P53,11	3415	3416
P196,1	3417	3418
P171,9	3419	3420
P37,13	3421	3421
P40,12	3422	3423
P86,11	3424	3425
P103,1	3426	3427
P140,11	3428	3429
P91,10	3430	3431
P120,11	3432	3433
P24,1	3434	3435
P163,10	3436	3437
P118,10	3438	3439
P71,12	3440	3441
P27,1	3442	3443
P92,1	3444	3445
P43,1	3446	3447
P146,1	3448	3449
P39,11	3450	3451
P138,9	3452	3453
P193,1	3454	3455
P175,1	3456	3457
P176,9	3458	3459
P126,10	3460	3461
P179,8	3462	3463
P32,1	3464	3465
P69,1	3466	3467
P194,1	3468	3469
P125,1	3470	3471
P180,1	3472	3473
P200,1	3474	3475
P77,14	3476	3476
P124,11	3477	3478
P102,11	3479	3480
P76,11	3481	3482
P83,1	3483	3484
P51,1	3485	3486
P195,1	3487	3488
P61,12	3489	3490
P96,11	3491	3491
P160,9	3492	3493
P33,1	3494	3495
P137,1	3496	3497
P94,12	3498	3499
P131,11	3500	3501
P107,11	3502	3503
P162,1	3504	3505
P186,1	3506	3507
P135,11	3508	3509
P64,10	3510	3511
P182,1	3512	3513
P166,9	3514	3514
P191,1	3515	3516
P196,1	3517	3518
P132,9	3519	3520
P98,12	3521	3522
P171,9	3523	3524
P85,11	3525	3526
P86,11	3527	3528
P103,1	3529	3530
P91,10	3531	3532
P3,1	3533	3534
P183,1	3535	3536
P118,10	3537	3538
P129,11	3539	3540
P111,12	3541	3542
P165,11	3543	3544
P71,12	3545	3546
P27,1	3547	3548
P92,1	3549	3550
P43,1	3551	3552
P146,1	3553	3554
P138,9	3555	3555
P193,1	3556	3557
P175,1	3558	3559
P176,9	3560	3561
P140,12	3562	3562
P58,12	3563	3564
P145,10	3565	3566
P57,11	3567	3568
P63,1	3569	3570
P81,1	3571	3572
P199,1	3573	3574
P180,1	3575	3576
P200,1	3577	3578
P155,1	3579	3580
P126,11	3581	3582
P76,11	3583	3584
P83,1	3585	3586
P51,1	3587	3588
P195,1	3589	3590
P61,12	3591	3591
P190,1	3592	3593
P33,1	3594	3595
P137,1	3596	3597
P94,12	3598	3598
P160,10	3599	3599
P96,12	3600	3601
P84,13	3602	3603
P162,1	3604	3605
P186,1	3606	3607
P64,10	3608	3609
P182,1	3610	3611
P191,1	3612	3613
P196,1	3614	3615
P159,10	3616	3617
P166,10	3618	3619
P158,9	3620	3621
P172,9	3622	3623
P85,11	3624	3625
P143,1	3626	3627
P105,1	3628	3629
P3,1	3630	3631
P183,1	3632	3633
P112,11	3634	3635
P171,10	3636	3636
P53,12	3637	3638
P165,11	3639	3640
P71,12	3641	3642
P27,1	3643	3644
P92,1	3645	3646
P43,1	3647	3648
P146,1	3649	3650
P193,1	3651	3652
P175,1	3653	3654
P129,12	3655	3655
P39,12	3656	3657
P147,10	3658	3658
P55,13	3659	3659
P32,1	3660	3661
P69,1	3662	3663
P194,1	3664	3665
P125,1	3666	3667
P189,1	3668	3669
P152,1	3670	3671
P140,13	3672	3673
P179,9	3674	3675
P58,13	3676	3677
P126,11	3678	3679
P83,1	3680	3681
P51,1	3682	3683
P195,1	3684	3685
P38,1	3686	3687
P115,1	3688	3689
P93,11	3690	3690
P145,11	3691	3692
P102,12	3693	3694
P131,11	3695	3696
P162,1	3697	3698
P186,1	3699	3700
P182,1	3701	3702
P191,1	3703	3704
P196,1	3705	3706
P159,10	3707	3708
P166,10	3709	3710
P160,11	3711	3712
P94,13	3713	3713
P96,13	3714	3715
P132,9	3716	3717
P98,12	3718	3718
P143,1	3719	3720
P105,1	3721	3722
P3,1	3723	3724
P183,1	3725	3726
P53,12	3727	3728
P85,12	3729	3730
P163,11	3731	3731
P139,10	3732	3733
P15,2	3734	3735
P188,1	3736	3737
P168,1	3738	3739
P184,1	3740	3741
P198,1	3742	3743
P40,13	3744	3745
P71,13	3746	3747
P147,11	3748	3748
P63,1	3749	3750
P81,1	3751	3752
P199,1	3753	3754
P180,1	3755	3756
P200,1	3757	3758
P89,13	3759	3760
P179,9	3761	3762
P58,13	3763	3763
P155,1	3764	3765
P129,13	3766	3767
P118,12	3768	3769
P185,1	3770	3771
P52,1	3772	3773
P190,1	3774	3775
P33,1	3776	3777
P137,1	3778	3779
P145,11	3780	3781
P61,13	3782	3783
P181,1	3784	3785
P131,12	3786	3787
P186,1	3788	3789
P182,1	3790	3791
P191,1	3792	3793
P196,1	3794	3795
P166,10	3796	3797
P135,12	3798	3799
P159,11	3800	3801
P132,10	3802	3803
P103,1	3804	3805
P1,1	3806	3807
P24,1	3808	3809
P86,12	3810	3811
P15,2	3812	3813
P188,1	3814	3815
P168,1	3816	3817
P158,10	3818	3819
P98,13	3820	3821
P96,14	3822	3823
P184,1	3824	3825
P198,1	3826	3827
P40,13	3828	3829
P71,13	3830	3831
P63,1	3832	3833
P81,1	3834	3835
P199,1	3836	3837
P180,1	3838	3839
P200,1	3840	3841
P111,13	3842	3843
P53,13	3844	3844
P91,12	3845	3846
P140,13	3847	3847
P155,1	3848	3849
P129,13	3850	3851
P83,1	3852	3853
P51,1	3854	3855
P195,1	3856	3857
P38,1	3858	3859
P115,1	3860	3861
P89,14	3862	3863
P126,12	3864	3865
P145,11	3866	3867
P61,13	3868	3869
P181,1	3870	3871
P186,1	3872	3873
P182,1	3874	3875
P191,1	3876	3877
P196,1	3878	3879
P135,12	3880	3881
P160,12	3882	3883
P133,12	3884	3885
P143,1	3886	3887
P105,1	3888	3889
P3,1	3890	3891
P183,1	3892	3893
P15,2	3894	3895
P188,1	3896	3897
P168,1	3898	3899
P158,10	3900	3901
P86,13	3902	3903
P163,12	3904	3904
P98,13	3905	3906
P112,12	3907	3908
P193,1	3909	3910
P175,1	3911	3912
P63,1	3913	3914
P81,1	3915	3916
P199,1	3917	3918
P180,1	3919	3920
P200,1	3921	3922
P111,13	3923	3924
P147,12	3925	3926
P83,1	3927	3928
P51,1	3929	3930
P195,1	3931	3932
P38,1	3933	3934
P140,14	3935	3936
P33,1	3937	3938
P137,1	3939	3940
P58,14	3941	3942
P162,1	3943	3944
P186,1	3945	3946
P182,1	3947	3948
P191,1	3949	3950
P196,1	3951	3952
P145,12	3953	3954
P197,1	3955	3956
P159,11	3957	3957
P103,1	3958	3959
P1,1	3960	3961
P24,1	3962	3963
P27,1	3964	3965
P92,1	3966	3967
P43,1	3968	3969
P179,11	3970	3971
P76,13	3972	3973
P158,10	3974	3974
P172,11	3975	3976
P112,12	3977	3977
P184,1	3978	3979
P198,1	3980	3981
P32,1	3982	3983
P69,1	3984	3985
P194,1	3986	3987
P125,1	3988	3989
P86,14	3990	3991
P163,13	3992	3993
P189,1	3994	3995
P152,1	3996	3997
P91,12	3998	3998
P83,1	3999	4000
P51,1	4001	4002
P195,1	4003	4004
P38,1	4005	4006
P33,1	4007	4008
P98,14	4009	4010
P147,13	4011	4011
P89,14	4012	4013
P162,1	4014	4015
P186,1	4016	4017
P182,1	4018	4019
P191,1	4020	4021
P196,1	4022	4023
P176,12	4024	4025
P143,1	4026	4027
P53,15	4028	4029
P105,1	4030	4031
P3,1	4032	4033
P183,1	4034	4035
P15,2	4036	4037
P188,1	4038	4039
P168,1	4040	4041
P76,13	4042	4043
P108,13	4044	4044
P184,1	4045	4046
P118,14	4047	4048
P102,14	4049	4050
P175,1	4051	4052
P63,1	4053	4054
P81,1	4055	4056
P199,1	4057	4058
P86,14	4059	4060
P163,13	4061	4062
P189,1	4063	4064
P152,1	4065	4066
P158,11	4067	4068
P96,15	4069	4070
P51,1	4071	4072
P195,1	4073	4074
P38,1	4075	4076
P115,1	4077	4078
P137,1	4079	4080
P181,1	4081	4082
P73,1	4083	4084
P71,15	4085	4086
P187,1	4087	4088
P192,1	4089	4090
P145,12	4091	4092
P197,1	4093	4094
P103,1	4095	4096
P1,1	4097	4098
P24,1	4099	4100
P27,1	4101	4102
P92,1	4103	4104
P43,1	4105	4106
P168,1	4107	4108
P146,1	4109	4110
P193,1	4111	4112
P160,13	4113	4114
P198,1	4115	4116
P32,1	4117	4118
P69,1	4119	4120
P194,1	4121	4122
P125,1	4123	4124
P163,13	4125	4126
P189,1	4127	4128
P152,1	4129	4130
P158,11	4131	4132
P96,15	4133	4134
P52,1	4135	4136
P190,1	4137	4138
P38,1	4139	4140
P76,14	4141	4142
P132,12	4143	4144
P137,1	4145	4146
P181,1	4147	4148
P73,1	4149	4150
P71,15	4151	4151
P187,1	4152	4153
P192,1	4154	4155
P197,1	4156	4157
P103,1	4158	4159
P1,1	4160	4161
P145,13	4162	4163
P183,1	4164	4165
P15,2	4166	4167
P188,1	4168	4169
P147,14	4170	4171
P146,1	4172	4173
P193,1	4174	4175
P198,1	4176	4177
P32,1	4178	4179
P176,13	4180	4181
P81,1	4182	4183
P199,1	4184	4185
P172,12	4186	4186
P180,1	4187	4188
P200,1	4189	4190
P155,1	4191	4192
P96,15	4193	4193
P52,1	4194	4195
P190,1	4196	4197
P179,12	4198	4199
P163,14	4200	4200
P38,1	4201	4202
P86,15	4203	4203
P98,15	4204	4205
P162,1	4206	4207
P186,1	4208	4209
P182,1	4210	4211
P191,1	4212	4213
P196,1	4214	4215
P143,1	4216	4217
P105,1	4218	4219
P145,13	4220	4221
P3,2	4222	4223
P27,1	4224	4225
P92,1	4226	4227
P43,1	4228	4229
P146,1	4230	4231
P193,1	4232	4233
P175,1	4234	4235
P63,1	4236	4237
P69,1	4238	4239
P194,1	4240	4241
P125,1	4242	4243
P189,1	4244	4245
P152,1	4246	4247
P185,1	4248	4249
P195,1	4250	4251
P51,2	4252	4253
P172,13	4254	4254
P158,12	4255	4255
P102,15	4256	4257
P115,1	4258	4259
P162,1	4260	4261
P186,1	4262	4263
P182,1	4264	4265
P191,1	4266	4267
P196,1	4268	4269
P143,1	4270	4271
P105,1	4272	4273
P163,15	4274	4275
P24,1	4276	4277
P183,1	4278	4279
P15,2	4280	4281
P188,1	4282	4283
P168,1	4284	4285
P184,1	4286	4287
P198,1	4288	4289
P32,1	4290	4291
P176,13	4292	4293
P81,1	4294	4295
P199,1	4296	4297
P180,1	4298	4299
P200,1	4300	4301
P155,1	4302	4303
P52,1	4304	4305
P190,1	4306	4307
P179,12	4308	4308
P102,15	4309	4310
P115,1	4311	4312
P158,13	4313	4314
P181,1	4315	4316
P73,1	4317	4318
P187,1	4319	4320
P192,1	4321	4322
P197,1	4323	4324
P103,1	4325	4326
P1,1	4327	4328
P24,1	4329	4330
P183,1	4331	4332
P15,2	4333	4334
P188,1	4335	4336
P168,1	4337	4338
P184,1	4339	4340
P198,1	4341	4342
P32,1	4343	4344
P69,1	4345	4346
P194,1	4347	4348
P125,1	4349	4350
P189,1	4351	4352
P200,1	4353	4354
P155,1	4355	4356
P52,1	4357	4358
P190,1	4359	4360
P38,1	4361	4362
P137,1	4363	4364
P181,1	4365	4366
P73,1	4367	4368
P158,14	4369	4370
P191,1	4371	4372
P196,1	4373	4374
P143,1	4375	4376
P105,1	4377	4378
P24,1	4379	4380
P183,1	4381	4382
P15,2	4383	4384
P188,1	4385	4386
P168,1	4387	4388
P179,13	4389	4389
P193,1	4390	4391
P175,1	4392	4393
P63,1	4394	4395
P81,1	4396	4397
P199,1	4398	4399
P180,1	4400	4401
P176,14	4402	4403
P152,1	4404	4405
P185,1	4406	4407
P195,1	4408	4409
P51,2	4410	4411
P115,1	4412	4413
P162,1	4414	4415
P186,1	4416	4417
P182,1	4418	4419
P187,1	4420	4421
P192,1	4422	4423
P197,1	4424	4425
P103,1	4426	4427
P1,2	4428	4429
P3,2	4430	4431
P27,1	4432	4433
P92,1	4434	4435
P43,1	4436	4437
P146,1	4438	4439
P193,1	4440	4441
P175,1	4442	4443
P63,1	4444	4445
P81,1	4446	4447
P199,1	4448	4449
P125,1	4450	4451
P189,1	4452	4453
P152,1	4454	4455
P185,1	4456	4457
P195,1	4458	4459
P51,2	4460	4461
P115,1	4462	4463
P162,1	4464	4465
P186,1	4466	4467
P182,1	4468	4469
P191,1	4470	4471
P196,1	4472	4473
P143,1	4474	4475
P105,1	4476	4477
P24,1	4478	4479
P183,1	4480	4481
P15,2	4482	4483
P188,1	4484	4485
P168,1	4486	4487
P184,2	4488	4489
P198,1	4490	4491
P32,1	4492	4493
P69,1	4494	4495
P194,1	4496	4497
P179,14	4498	4499
P180,1	4500	4501
P200,1	4502	4503
P155,1	4504	4505
P52,1	4506	4507
P176,15	4508	4509
P51,2	4510	4511
P115,1	4512	4513
P162,1	4514	4515
P186,1	4516	4517
P182,1	4518	4519
P191,1	4520	4521
P196,1	4522	4523
P143,1	4524	4525
P105,1	4526	4527
P24,1	4528	4529
P183,1	4530	4531
P15,2	4532	4533
P188,1	4534	4535
P168,1	4536	4537
P184,2	4538	4539
P198,1	4540	4541
P32,1	4542	4543
P69,1	4544	4545
P194,1	4546	4547
P179,14	4548	4549
P180,1	4550	4551
P200,1	4552	4553
P155,1	4554	4555
P52,1	4556	4557
P176,15	4558	4558
P190,1	4559	4560
P38,1	4561	4562
P137,1	4563	4564
P181,1	4565	4566
P73,1	4567	4568
P187,1	4569	4569
P192,1	4570	4571
P197,1	4572	4573
P103,1	4574	4575
P1,2	4576	4577
P3,2	4578	4579
P27,1	4580	4581
P92,1	4582	4583
P43,1	4584	4585
P146,1	4586	4587
P193,1	4588	4589
P175,1	4590	4591
P63,1	4592	4593
P81,1	4594	4595
P199,1	4596	4597
P180,1	4598	4599
P200,1	4600	4601
P155,1	4602	4603
P52,1	4604	4605
P187,2	4606	4607
P190,1	4608	4609
P38,1	4610	4611
P137,1	4612	4613
P181,1	4614	4615
P73,1	4616	4617
P191,1	4618	4619
P196,1	4620	4621
P103,1	4622	4623
P1,2	4624	4625
P3,2	4626	4627
P179,15	4628	4629
P15,2	4630	4631
P188,1	4632	4633
P168,1	4634	4635
P184,2	4636	4637
P198,1	4638	4639
P32,1	4640	4641
P81,1	4642	4643
P199,1	4644	4645
P180,1	4646	4647
P200,1	4648	4649
P155,1	4650	4651
P52,1	4652	4653
P187,2	4654	4655
P190,1	4656	4657
P38,1	4658	4659
P137,1	4660	4661
P181,1	4662	4663
P73,1	4664	4665
P191,1	4666	4667
P196,1	4668	4669
P103,1	4670	4671
P1,2	4672	4673
P3,2	4674	4675
P179,15	4676	4676
P27,1	4677	4678
P92,1	4679	4680
P43,1	4681	4682
P146,1	4683	4684
P193,1	4685	4686
P175,1	4687	4688
P69,1	4689	4690
P194,1	4691	4692
P125,1	4693	4694
P189,1	4695	4696
P152,1	4697	4698
P185,1	4699	4700
P195,1	4701	4702
P143,2	4703	4704
P51,2	4705	4706
P115,1	4707	4708
P162,1	4709	4710
P186,1	4711	4712
P182,1	4713	4714
P192,1	4715	4716
P197,1	4717	4718
P105,1	4719	4720
P24,1	4721	4722
P183,1	4723	4724
P92,1	4725	4726
P43,1	4727	4728
P146,1	4729	4730
P193,1	4731	4732
P175,1	4733	4734
P69,1	4735	4736
P194,1	4737	4738
P125,1	4739	4740
P189,1	4741	4742
P152,1	4743	4744
P185,1	4745	4746
P195,1	4747	4748
P143,2	4749	4750
P51,2	4751	4752
P115,1	4753	4754
P162,1	4755	4756
P186,1	4757	4758
P182,1	4759	4760
P192,1	4761	4762
P197,1	4763	4764
P105,1	4765	4766
P24,1	4767	4768
P183,1	4769	4770
P92,1	4771	4772
P43,1	4773	4774
P146,1	4775	4776
P193,1	4777	4778
P32,1	4779	4780
P81,1	4781	4782
P175,2	4783	4784
P125,1	4785	4786
P189,1	4787	4788
P152,1	4789	4790
P185,1	4791	4792
P195,1	4793	4794
P143,2	4795	4796
P51,2	4797	4798
P115,1	4799	4800
P162,1	4801	4802
P186,1	4803	4804
P182,1	4805	4806
P192,1	4807	4808
P197,1	4809	4810
P105,1	4811	4812
P24,1	4813	4814
P183,1	4815	4816
P92,1	4817	4818
P43,1	4819	4820
P184,2	4821	4822
P198,1	4823	4824
P81,1	4825	4826
P175,2	4827	4828
P125,1	4829	4830
P189,1	4831	4832
P152,1	4833	4834
P185,1	4835	4836
P195,1	4837	4838
P143,2	4839	4840
P51,2	4841	4842
P115,1	4843	4844
P162,1	4845	4846
P186,1	4847	4848
P182,1	4849	4850
P192,1	4851	4852
P197,1	4853	4854
P105,1	4855	4856
P24,1	4857	4858
P183,1	4859	4860
P92,1	4861	4862
P43,1	4863	4864
P184,2	4865	4866
P198,1	4867	4868
P81,1	4869	4870
P175,2	4871	4872
P125,1	4873	4874
P189,1	4875	4876
P152,1	4877	4878
P52,1	4879	4880
P187,2	4881	4882
P143,2	4883	4884
P51,2	4885	4886
P115,1	4887	4888
P162,1	4889	4890
P186,1	4891	4892
P182,1	4893	4894
P192,1	4895	4896
P103,1	4897	4898
P1,2	4899	4900
P3,2	4901	4902
P183,1	4903	4904
P92,1	4905	4906
P43,1	4907	4908
P184,2	4909	4910
P198,1	4911	4912
P81,1	4913	4914
P175,2	4915	4916
P125,1	4917	4918
P189,1	4919	4920
P152,1	4921	4922
P52,1	4923	4924
P187,2	4925	4926
P143,2	4927	4928
P51,2	4929	4930
P115,1	4931	4932
P162,1	4933	4934
P186,1	4935	4936
P182,1	4937	4938
P192,1	4939	4940
P103,1	4941	4942
P1,2	4943	4944
P3,2	4945	4946
P183,1	4947	4948
P92,1	4949	4949
P43,1	4950	4951
P184,2	4952	4953
P198,1	4954	4955
P81,1	4956	4957
P175,2	4958	4959
P125,1	4960	4961
P189,1	4962	4963
P152,1	4964	4965
P52,1	4966	4967
P187,2	4968	4969
P143,2	4970	4971
P51,2	4972	4973
P115,1	4974	4975
P162,1	4976	4977
P186,1	4978	4979
P182,1	4980	4981
P92,2	4982	4983
P196,1	4984	4985
P105,1	4986	4987
P24,1	4988	4989
P197,2	4990	4991
P15,2	4992	4993
P43,1	4994	4995
P184,2	4996	4997
P198,1	4998	4999
P81,1	5000	5001
P175,2	5002	5003
P125,1	5004	5005
P189,1	5006	5007
P152,1	5008	5009
P52,1	5010	5011
P187,2	5012	5013
P143,2	5014	5015
P51,2	5016	5017
P115,1	5018	5019
P162,1	5020	5021
P186,1	5022	5023
P182,1	5024	5025
P92,2	5026	5027
P196,1	5028	5029
P105,1	5030	5030
P1,2	5031	5032
P3,2	5033	5034
P183,1	5035	5036
P188,1	5037	5038
P146,1	5039	5040
P193,1	5041	5042
P69,1	5043	5044
P194,1	5045	5046
P199,1	5047	5048
P180,1	5049	5050
P200,1	5051	5052
P155,1	5053	5054
P195,1	5055	5056
P185,2	5057	5058
P190,1	5059	5060
P38,1	5061	5062
P137,1	5063	5064
P181,1	5065	5066
P73,1	5067	5068
P191,1	5069	5070
P192,1	5071	5072
P103,1	5073	5074
P24,1	5075	5076
P197,2	5077	5078
P15,2	5079	5080
P43,1	5081	5082
P184,2	5083	5084
P198,2	5085	5086
P81,1	5087	5088
P175,2	5089	5090
P125,1	5091	5092
P189,1	5093	5094
P152,1	5095	5096
P52,1	5097	5098
P187,2	5099	5100
P143,2	5101	5102
P51,2	5103	5104
P115,1	5105	5106
P162,1	5107	5108
P186,1	5109	5110
P182,1	5111	5112
P92,2	5113	5114
P196,1	5115	5116
P1,2	5117	5118
P3,2	5119	5120
P183,1	5121	5122
P188,1	5123	5124
P146,1	5125	5126
P193,1	5127	5128
P69,1	5129	5130
P194,1	5131	5132
P199,1	5133	5134
P180,1	5135	5136
P200,1	5137	5138
P155,1	5139	5140
P195,1	5141	5142
P185,2	5143	5144
P190,1	5145	5146
P38,1	5147	5148
P137,1	5149	5150
P181,1	5151	5152
P73,1	5153	5154
P191,1	5155	5156
P192,1	5157	5158
P103,1	5159	5160
P24,1	5161	5162
P197,2	5163	5164
P15,2	5165	5166
P146,1	5167	5168
P193,1	5169	5170
P43,2	5171	5172
P81,1	5173	5174
P175,2	5175	5176
P125,1	5177	5178
P189,1	5179	5180
P152,1	5181	5182
P52,1	5183	5184
P187,2	5185	5186
P143,2	5187	5188
P51,2	5189	5190
P115,1	5191	5192
P162,1	5193	5194
P186,1	5195	5196
P182,1	5197	5198
P92,2	5199	5200
P196,1	5201	5202
P1,2	5203	5204
P3,2	5205	5206
P183,1	5207	5208
P188,1	5209	5210
P184,2	5211	5212
P198,2	5213	5214
P69,1	5215	5216
P194,1	5217	5218
P199,1	5219	5220
P180,1	5221	5222
P200,1	5223	5224
P155,1	5225	5226
P195,1	5227	5228
P185,2	5229	5230
P190,1	5231	5232
P38,1	5233	5234
P137,1	5235	5236
P186,1	5237	5238
P162,2	5239	5240
P191,1	5241	5242
P192,1	5243	5244
P103,1	5245	5246
P24,1	5247	5248
P197,2	5249	5250
P15,2	5251	5252
P146,1	5253	5254
P193,1	5255	5256
P43,2	5257	5258
P81,1	5259	5260
P175,2	5261	5262
P125,1	5263	5264
P189,1	5265	5266
P152,1	5267	5268
P52,1	5269	5270
P187,2	5271	5272
P143,2	5273	5274
P51,2	5275	5276
P115,1	5277	5278
P181,1	5279	5280
P73,1	5281	5282
P182,1	5283	5284
P92,2	5285	5286
P103,1	5287	5288
P24,1	5289	5290
P197,2	5291	5292
P15,2	5293	5293
P146,1	5294	5295
P193,1	5296	5297
P43,2	5298	5299
P194,1	5300	5301
P199,1	5302	5303
P180,1	5304	5305
P200,1	5306	5307
P155,1	5308	5309
P195,1	5310	5311
P185,2	5312	5313
P190,1	5314	5315
P115,1	5316	5317
P181,1	5318	5319
P73,1	5320	5321
P182,1	5322	5323
P92,2	5324	5325
P103,1	5326	5327
P24,1	5328	5329
P197,2	5330	5331
P188,1	5332	5333
P184,2	5334	5335
P198,2	5336	5337
P69,1	5338	5339
P175,2	5340	5341
P125,1	5342	5343
P189,1	5344	5345
P152,1	5346	5347
P52,1	5348	5349
P187,2	5350	5351
P143,2	5352	5353
P51,2	5354	5355
P137,1	5356	5357
P186,1	5358	5359
P162,2	5360	5361
P191,1	5362	5363
P196,1	5364	5365
P1,2	5366	5367
P3,2	5368	5369
P183,1	5370	5371
P146,1	5372	5373
P193,1	5374	5375
P43,2	5376	5377
P194,1	5378	5379
P199,1	5380	5381
P180,1	5382	5383
P200,1	5384	5385
P155,1	5386	5387
P195,1	5388	5389
P185,2	5390	5391
P190,1	5392	5393
P115,1	5394	5395
P181,1	5396	5397
P73,1	5398	5399
P182,1	5400	5401
P92,2	5402	5403
P103,1	5404	5405
P24,1	5406	5407
P197,2	5408	5409
P188,1	5410	5411
P184,2	5412	5413
P198,2	5414	5415
P69,1	5416	5417
P199,1	5418	5419
P180,1	5420	5421
P200,1	5422	5423
P155,1	5424	5425
P195,1	5426	5427
P185,2	5428	5429
P190,1	5430	5431
P115,1	5432	5433
P181,1	5434	5435
P73,1	5436	5437
P182,1	5438	5439
P92,2	5440	5441
P103,1	5442	5443
P24,1	5444	5445
P197,2	5446	5447
P188,1	5448	5449
P184,2	5450	5451
P198,2	5452	5453
P69,1	5454	5455
P199,1	5456	5457
P180,1	5458	5459
P200,1	5460	5461
P155,1	5462	5463
P195,1	5464	5465
P185,2	5466	5467
P190,1	5468	5469
P115,1	5470	5471
P181,1	5472	5473
P73,1	5474	5475
P182,1	5476	5477
P92,2	5478	5479
P103,1	5480	5481
P24,1	5482	5483
P197,2	5484	5485
P188,1	5486	5487
P184,2	5488	5489
P198,2	5490	5491
P69,1	5492	5493
P199,1	5494	5495
P180,1	5496	5497
P200,1	5498	5499
P155,1	5500	5501
P195,1	5502	5503
P185,2	5504	5505
P190,1	5506	5507
P115,1	5508	5509
P181,1	5510	5511
P73,1	5512	5513
P182,1	5514	5515
P92,2	5516	5517
P103,1	5518	5519
P24,1	5520	5521
P197,2	5522	5523
P188,1	5524	5525
P184,2	5526	5527
P198,2	5528	5529
P69,1	5530	5531
P199,1	5532	5533
P180,1	5534	5535
P200,1	5536	5537
P155,1	5538	5539
P195,1	5540	5541
P185,2	5542	5543
P190,1	5544	5545
P115,1	5546	5547
P181,1	5548	5549
P73,1	5550	5551
P182,1	5552	5553
P92,2	5554	5555
P103,1	5556	5557
P24,1	5558	5559
P197,2	5560	5561
P188,1	5562	5563
P184,2	5564	5565
P198,2	5566	5567
P69,1	5568	5569
P199,1	5570	5571
P180,1	5572	5573
P200,1	5574	5575
P155,1	5576	5577
P195,1	5578	5579
P185,2	5580	5581
P190,1	5582	5583
P115,1	5584	5585
P181,1	5586	5587
P73,1	5588	5589
P182,1	5590	5591
P92,2	5592	5593
P103,1	5594	5595
P24,1	5596	5597
P197,2	5598	5599
P188,1	5600	5601
P184,2	5602	5603
P198,2	5604	5605
P69,1	5606	5607
P199,1	5608	5609
P180,1	5610	5611
P200,1	5612	5613
P155,1	5614	5615
P52,2	5616	5617
P185,2	5618	5619
P190,1	5620	5621
P115,1	5622	5623
P181,1	5624	5625
P73,1	5626	5627
P182,1	5628	5629
P92,2	5630	5631
P103,1	5632	5633
P24,1	5634	5635
P197,2	5636	5637
P188,1	5638	5639
P184,2	5640	5641
P198,2	5642	5643
P69,1	5644	5645
P199,1	5646	5647
P180,1	5648	5649
P200,1	5650	5651
P155,1	5652	5653
P52,2	5654	5655
P185,2	5656	5657
P190,1	5658	5659
P115,1	5660	5661
P181,1	5662	5663
P73,1	5664	5665
P182,1	5666	5667
P92,2	5668	5669
P103,1	5670	5671
P24,1	5672	5673
P197,2	5674	5675
P188,1	5676	5677
P184,2	5678	5679
P198,2	5680	5681
P69,1	5682	5683
P199,1	5684	5685
P180,1	5686	5687
P200,1	5688	5689
P155,1	5690	5691
P52,2	5692	5693
P185,2	5694	5695
P190,1	5696	5697
P115,1	5698	5699
P181,1	5700	5701
P73,1	5702	5703
P182,1	5704	5705
P92,2	5706	5707
P103,1	5708	5709
P24,1	5710	5711
P197,2	5712	5713
P188,1	5714	5715
P184,2	5716	5717
P198,2	5718	5719
P69,1	5720	5721
P199,1	5722	5723
P180,1	5724	5725
P200,1	5726	5727
P155,1	5728	5729
P52,2	5730	5731
P185,2	5732	5733
P190,1	5734	5735
P115,1	5736	5737
P181,1	5738	5739
P73,1	5740	5741
P182,1	5742	5743
P92,2	5744	5745
P103,1	5746	5747
P24,1	5748	5749
P197,2	5750	5751
P188,1	5752	5753
P184,2	5754	5755
P198,2	5756	5757
P69,1	5758	5759
P199,1	5760	5761
P180,1	5762	5763
P200,1	5764	5765
P155,1	5766	5767
P52,2	5768	5769
P185,2	5770	5771
P190,1	5772	5773
P115,1	5774	5775
P181,1	5776	5777
P73,1	5778	5779
P182,1	5780	5781
P92,2	5782	5783
P1,2	5784	5785
P3,2	5786	5787
P183,1	5788	5789
P146,1	5790	5791
P193,1	5792	5793
P43,2	5794	5795
P175,2	5796	5797
P125,1	5798	5799
P189,1	5800	5801
P152,1	5802	5803
P195,1	5804	5805
P187,2	5806	5807
P143,2	5808	5809
P51,2	5810	5811
P137,1	5812	5813
P186,1	5814	5815
P162,2	5816	5817
P191,1	5818	5819
P103,1	5820	5821
P24,1	5822	5823
P197,2	5824	5825
P188,1	5826	5827
P184,2	5828	5829
P198,2	5830	5831
P69,1	5832	5833
P199,1	5834	5835
P180,1	5836	5837
P200,1	5838	5839
P155,1	5840	5841
P52,2	5842	5843
P185,2	5844	5845
P190,1	5846	5847
P115,1	5848	5849
P181,1	5850	5851
P73,1	5852	5853
P182,1	5854	5855
P92,2	5856	5857
P1,2	5858	5859
P3,2	5860	5861
P183,1	5862	5863
P146,1	5864	5865
P193,1	5866	5867
P43,2	5868	5869
P175,2	5870	5871
P125,1	5872	5873
P189,1	5874	5875
P152,1	5876	5877
P195,1	5878	5879
P187,2	5880	5881
P143,2	5882	5883
P51,2	5884	5885
P137,1	5886	5887
P186,1	5888	5889
P162,2	5890	5891
P191,1	5892	5893
P103,1	5894	5895
P24,1	5896	5897
P197,2	5898	5899
P188,1	5900	5901
P184,2	5902	5903
P198,2	5904	5905
P69,1	5906	5907
P199,1	5908	5909
P180,1	5910	5911
P200,1	5912	5913
P155,1	5914	5915
P52,2	5916	5917
P185,2	5918	5919
P190,1	5920	5921
P115,1	5922	5923
P181,1	5924	5925
P73,1	5926	5927
P182,1	5928	5929
P92,2	5930	5931
P1,2	5932	5933
P3,2	5934	5935
P183,1	5936	5937
P146,1	5938	5939
P193,1	5940	5941
P43,2	5942	5943
P175,2	5944	5945
P125,1	5946	5947
P189,1	5948	5949
P152,1	5950	5951
P195,1	5952	5953
P187,2	5954	5955
P143,2	5956	5957
P51,2	5958	5959
P137,1	5960	5961
P186,1	5962	5963
P162,2	5964	5965
P191,1	5966	5967
P103,1	5968	5969
P24,1	5970	5971
P197,2	5972	5973
P188,1	5974	5975
P184,2	5976	5977
P198,2	5978	5979
P69,1	5980	5981
P199,1	5982	5983
P180,1	5984	5985
P200,1	5986	5987
P155,1	5988	5989
P52,2	5990	5991
P185,2	5992	5993
P190,1	5994	5995
P115,1	5996	5997
P181,1	5998	5999
P73,1	6000	6001
P182,1	6002	6003
P92,2	6004	6005
P1,2	6006	6007
P197,2	6008	6009
P24,2	6010	6011
P146,1	6012	6013
P193,1	6014	6015
P43,2	6016	6017
P175,2	6018	6019
P125,1	6020	6021
P189,1	6022	6023
P152,1	6024	6025
P52,2	6026	6027
P185,2	6028	6029
P51,2	6030	6031
P137,1	6032	6033
P181,1	6034	6035
P73,1	6036	6037
P182,1	6038	6039
P92,2	6040	6041
P1,2	6042	6043
P183,1	6044	6045
P188,1	6046	6047
P184,2	6048	6049
P198,2	6050	6051
P69,1	6052	6053
P199,1	6054	6055
P180,1	6056	6056
P200,1	6057	6058
P155,1	6059	6060
P187,2	6061	6062
P143,2	6063	6064
P115,1	6065	6066
P190,2	6067	6068
P186,1	6069	6070
P162,2	6071	6072
P191,1	6073	6074
P103,1	6075	6076
P197,2	6077	6078
P24,2	6079	6080
P146,1	6081	6082
P193,1	6083	6084
P43,2	6085	6086
P175,2	6087	6088
P125,1	6089	6090
P200,1	6091	6092
P180,2	6093	6094
P52,2	6095	6096
P185,2	6097	6098
P51,2	6099	6100
P137,1	6101	6102
P181,1	6103	6104
P73,1	6105	6106
P182,1	6107	6108
P92,2	6109	6110
P1,2	6111	6111
P183,1	6112	6113
P188,1	6114	6115
P184,2	6116	6117
P198,2	6118	6119
P175,2	6120	6121
P125,1	6122	6123
P200,1	6124	6125
P152,1	6126	6127
P155,1	6128	6129
P187,2	6130	6131
P143,2	6132	6133
P137,1	6134	6135
P181,1	6136	6137
P73,1	6138	6139
P182,1	6140	6141
P92,2	6142	6143
P197,2	6144	6145
P24,2	6146	6147
P146,1	6148	6149
P193,1	6150	6151
P43,2	6152	6153
P199,1	6154	6155
P189,1	6156	6157
P69,2	6158	6159
P180,2	6160	6161
P52,2	6162	6163
P185,2	6164	6165
P51,2	6166	6167
P190,2	6168	6169
P186,1	6170	6171
P162,2	6172	6173
P191,1	6174	6175
P103,1	6176	6177
P183,1	6178	6179
P188,1	6180	6181
P184,2	6182	6183
P198,2	6184	6185
P175,2	6186	6187
P125,1	6188	6189
P200,1	6190	6191
P152,1	6192	6193
P155,1	6194	6195
P187,2	6196	6197
P143,2	6198	6199
P137,1	6200	6201
P181,1	6202	6203
P73,1	6204	6205
P182,1	6206	6207
P92,2	6208	6209
P197,2	6210	6211
P24,2	6212	6213
P184,2	6214	6215
P198,2	6216	6217
P175,2	6218	6219
P125,1	6220	6221
P200,1	6222	6223
P152,1	6224	6225
P155,1	6226	6227
P187,2	6228	6229
P143,2	6230	6231
P137,1	6232	6233
P181,1	6234	6235
P73,1	6236	6237
P182,1	6238	6239
P92,2	6240	6241
P197,2	6242	6243
P24,2	6244	6245
P184,2	6246	6247
P198,2	6248	6249
P175,2	6250	6251
P125,1	6252	6253
P69,2	6254	6255
P180,2	6256	6257
P52,2	6258	6259
P185,2	6260	6261
P51,2	6262	6263
P190,2	6264	6265
P73,1	6266	6267
P182,1	6268	6268
P191,1	6269	6270
P103,1	6271	6272
P183,1	6273	6274
P146,1	6275	6276
P193,1	6277	6278
P43,2	6279	6280
P199,1	6281	6282
P200,1	6283	6284
P152,1	6285	6286
P155,1	6287	6288
P182,2	6289	6290
P185,2	6291	6292
P51,2	6293	6294
P190,2	6295	6296
P73,1	6297	6298
P191,1	6299	6300
P103,1	6301	6302
P183,1	6303	6304
P146,1	6305	6306
P198,2	6307	6308
P175,2	6309	6310
P125,1	6311	6312
P69,2	6313	6314
P180,2	6315	6316
P52,2	6317	6318
P187,2	6319	6320
P143,2	6321	6322
P137,1	6323	6324
P181,1	6325	6326
P162,2	6327	6328
P92,2	6329	6330
P197,2	6331	6331
P24,2	6332	6333
P193,1	6334	6335
P43,2	6336	6337
P199,1	6338	6339
P200,1	6340	6341
P152,1	6342	6343
P155,1	6344	6345
P182,2	6346	6347
P185,2	6348	6349
P51,2	6350	6351
P190,2	6352	6353
P73,1	6354	6355
P191,1	6356	6357
P103,1	6358	6359
P24,2	6360	6361
P193,1	6362	6363
P43,2	6364	6365
P199,1	6366	6367
P69,2	6368	6369
P125,2	6370	6371
P155,1	6372	6373
P182,2	6374	6375
P185,2	6376	6377
P51,2	6378	6379
P190,2	6380	6381
P73,1	6382	6383
P191,1	6384	6385
P103,1	6386	6387
P24,2	6388	6389
P193,1	6390	6391
P43,2	6392	6393
P199,1	6394	6395
P69,2	6396	6397
P125,2	6398	6399
P155,1	6400	6401
P182,2	6402	6403
P185,2	6404	6405
P51,2	6406	6407
P190,2	6408	6409
P73,1	6410	6411
P191,1	6412	6413
P103,1	6414	6415
P24,2	6416	6417
P193,1	6418	6419
P43,2	6420	6421
P199,1	6422	6423
P69,2	6424	6425
P125,2	6426	6427
P155,1	6428	6429
P182,2	6430	6431
P185,2	6432	6433
P51,2	6434	6435
P190,2	6436	6437
P162,2	6438	6439
P92,2	6440	6441
P183,1	6442	6443
P146,1	6444	6445
P198,2	6446	6447
P175,2	6448	6449
P200,1	6450	6451
P152,1	6452	6453
P180,2	6454	6455
P52,2	6456	6457
P187,2	6458	6459
P143,2	6460	6461
P137,1	6462	6463
P181,1	6464	6465
P191,1	6466	6467
P103,1	6468	6469
P24,2	6470	6471
P193,1	6472	6473
P43,2	6474	6475
P199,1	6476	6477
P69,2	6478	6479
P125,2	6480	6481
P155,1	6482	6483
P182,2	6484	6485
P185,2	6486	6487
P51,2	6488	6489
P190,2	6490	6491
P162,2	6492	6493
P92,2	6494	6495
P183,1	6496	6497
P146,1	6498	6499
P198,2	6500	6501
P175,2	6502	6503
P200,1	6504	6505
P152,1	6506	6507
P180,2	6508	6509
P52,2	6510	6511
P187,2	6512	6513
P143,2	6514	6515
P137,1	6516	6517
P181,1	6518	6519
P191,1	6520	6521
P103,1	6522	6523
P24,2	6524	6525
P193,1	6526	6527
P43,2	6528	6529
P199,1	6530	6531
P69,2	6532	6533
P125,2	6534	6535
P155,1	6536	6537
P182,2	6538	6539
P185,2	6540	6541
P51,2	6542	6543
P190,2	6544	6545
P162,2	6546	6547
P92,2	6548	6549
P183,1	6550	6551
P146,1	6552	6553
P198,2	6554	6555
P175,2	6556	6557
P200,1	6558	6559
P152,1	6560	6561
P180,2	6562	6563
P52,2	6564	6565
P187,2	6566	6567
P143,2	6568	6569
P137,1	6570	6571
P181,1	6572	6573
P191,1	6574	6575
P103,1	6576	6577
P24,2	6578	6579
P193,1	6580	6581
P43,2	6582	6583
P199,1	6584	6585
P69,2	6586	6587
P125,2	6588	6589
P155,1	6590	6591
P182,2	6592	6593
P185,2	6594	6595
P51,2	6596	6597
P190,2	6598	6599
P162,2	6600	6601
P92,2	6602	6603
P183,1	6604	6605
P193,1	6606	6607
P43,2	6608	6609
P199,1	6610	6611
P69,2	6612	6613
P125,2	6614	6615
P155,1	6616	6617
P182,2	6618	6619
P185,2	6620	6621
P51,2	6622	6623
P190,2	6624	6625
P162,2	6626	6627
P92,2	6628	6629
P183,1	6630	6631
P193,1	6632	6633
P43,2	6634	6635
P199,1	6636	6637
P69,2	6638	6639
P125,2	6640	6641
P155,1	6642	6643
P182,2	6644	6645
P185,2	6646	6647
P51,2	6648	6649
P190,2	6650	6651
P162,2	6652	6652
P92,2	6653	6654
P24,2	6655	6656
P198,2	6657	6658
P43,2	6659	6660
P199,1	6661	6662
P69,2	6663	6664
P125,2	6665	6666
P155,1	6667	6668
P182,2	6669	6670
P185,2	6671	6672
P51,2	6673	6674
P190,2	6675	6676
P92,2	6677	6678
P24,2	6679	6680
P103,2	6681	6682
P43,2	6683	6684
P199,1	6685	6686
P69,2	6687	6688
P125,2	6689	6690
P155,1	6691	6692
P182,2	6693	6694
P185,2	6695	6696
P51,2	6697	6698
P190,2	6699	6700
P92,2	6701	6702
P24,2	6703	6704
P103,2	6705	6706
P43,2	6707	6708
P199,1	6709	6710
P69,2	6711	6712
P125,2	6713	6714
P155,1	6715	6716
P182,2	6717	6718
P185,2	6719	6720
P51,2	6721	6722
P152,2	6723	6724
P191,1	6725	6726
P183,1	6727	6728
P198,2	6729	6730
P193,2	6731	6732
P175,2	6733	6734
P200,1	6735	6736
P125,2	6737	6738
P155,1	6739	6739
P182,2	6740	6741
P185,2	6742	6743
P51,2	6744	6745
P152,2	6746	6747
P191,1	6748	6749
P183,1	6750	6751
P198,2	6752	6753
P193,2	6754	6755
P175,2	6756	6757
P200,1	6758	6758
P69,2	6759	6760
P180,2	6761	6762
P52,2	6763	6764
P187,2	6765	6766
P143,2	6767	6768
P152,2	6769	6770
P190,2	6771	6772
P92,2	6773	6774
P198,2	6775	6776
P193,2	6777	6778
P175,2	6779	6780
P200,2	6781	6782
P125,2	6783	6784
P155,2	6785	6786
P182,2	6787	6788
P185,2	6789	6790
P51,2	6791	6792
P137,2	6793	6794
P191,1	6795	6796
P24,2	6797	6798
P103,2	6799	6800
P43,2	6801	6802
P199,1	6803	6804
P69,2	6805	6806
P180,2	6807	6808
P52,2	6809	6810
P187,2	6811	6812
P143,2	6813	6814
P152,2	6815	6816
P190,2	6817	6818
P24,2	6819	6820
P191,2	6821	6822
P193,2	6823	6824
P175,2	6825	6826
P69,2	6827	6828
P199,2	6829	6830
P155,2	6831	6832
P182,2	6833	6834
P185,2	6835	6836
P51,2	6837	6838
P137,2	6839	6840
P92,2	6841	6842
P198,2	6843	6844
P103,2	6845	6846
P43,2	6847	6848
P200,2	6849	6850
P125,2	6851	6852
P180,2	6853	6854
P52,2	6855	6856
P187,2	6857	6858
P143,2	6859	6860
P152,2	6861	6862
P190,2	6863	6864
P24,2	6865	6866
P191,2	6867	6868
P193,2	6869	6870
P175,2	6871	6872
P69,2	6873	6874
P199,2	6875	6876
P155,2	6877	6878
P182,2	6879	6880
P143,2	6881	6882
P152,2	6883	6884
P190,2	6885	6886
P24,2	6887	6888
P191,2	6889	6890
P193,2	6891	6892
P175,2	6893	6894
P69,2	6895	6896
P199,2	6897	6898
P155,2	6899	6900
P182,2	6901	6902
P143,2	6903	6904
P152,2	6905	6906
P190,2	6907	6907
P24,2	6908	6909
P191,2	6910	6911
P193,2	6912	6913
P175,2	6914	6915
P69,2	6916	6917
P199,2	6918	6919
P155,2	6920	6921
P182,2	6922	6923
P143,2	6924	6925
P152,2	6926	6927
P92,2	6928	6929
P198,2	6930	6931
P103,2	6932	6933
P43,2	6934	6935
P200,2	6936	6937
P125,2	6938	6939
P180,2	6940	6941
P52,2	6942	6943
P185,2	6944	6945
P51,2	6946	6947
P137,2	6948	6949
P24,2	6950	6951
P191,2	6952	6953
P193,2	6954	6955
P175,2	6956	6957
P69,2	6958	6959
P199,2	6960	6961
P155,2	6962	6963
P182,2	6964	6965
P143,2	6966	6967
P152,2	6968	6969
P92,2	6970	6971
P198,2	6972	6973
P103,2	6974	6975
P43,2	6976	6977
P200,2	6978	6979
P125,2	6980	6981
P180,2	6982	6983
P52,2	6984	6985
P185,2	6986	6987
P51,2	6988	6989
P137,2	6990	6991
P24,2	6992	6993
P191,2	6994	6995
P193,2	6996	6997
P175,2	6998	6999
P69,2	7000	7001
P199,2	7002	7003
P155,2	7004	7005
P182,2	7006	7007
P143,2	7008	7009
P152,2	7010	7011
P92,2	7012	7013
P198,2	7014	7015
P103,2	7016	7017
P43,2	7018	7019
P200,2	7020	7021
P125,2	7022	7023
P180,2	7024	7025
P182,2	7026	7027
P143,2	7028	7029
P152,2	7030	7031
P92,2	7032	7033
P198,2	7034	7035
P103,2	7036	7037
P43,2	7038	7039
P200,2	7040	7041
P125,2	7042	7043
P180,2	7044	7045
P182,2	7046	7047
P143,2	7048	7049
P152,2	7050	7051
P92,2	7052	7053
P198,2	7054	7055
P103,2	7056	7057
P43,2	7058	7059
P200,2	7060	7061
P125,2	7062	7063
P180,2	7064	7065
P182,2	7066	7067
P51,2	7068	7069
P137,2	7070	7071
P24,2	7072	7073
P191,2	7074	7075
P193,2	7076	7077
P175,2	7078	7079
P69,2	7080	7081
P199,2	7082	7083
P155,2	7084	7085
P143,2	7086	7087
P152,2	7088	7089
P92,2	7090	7091
P198,2	7092	7093
P103,2	7094	7095
P43,2	7096	7097
P200,2	7098	7099
P125,2	7100	7101
P180,2	7102	7103
P182,2	7104	7105
P51,2	7106	7107
P137,2	7108	7109
P24,2	7110	7111
P191,2	7112	7113
P193,2	7114	7115
P175,2	7116	7117
P69,2	7118	7119
P199,2	7120	7121
P155,2	7122	7123
P143,2	7124	7125
P152,2	7126	7127
P92,2	7128	7129
P198,2	7130	7131
P103,2	7132	7133
P43,2	7134	7135
P200,2	7136	7137
P125,2	7138	7139
P180,2	7140	7141
P182,2	7142	7143
P152,2	7144	7145
P92,2	7146	7147
P198,2	7148	7149
P103,2	7150	7151
P43,2	7152	7153
P200,2	7154	7155
P125,2	7156	7157
P180,2	7158	7159
P182,2	7160	7161
P152,2	7162	7163
P92,2	7164	7165
P198,2	7166	7167
P103,2	7168	7169
P43,2	7170	7171
P200,2	7172	7173
P125,2	7174	7175
P180,2	7176	7177
P182,2	7178	7179
P152,2	7180	7181
P92,2	7182	7183
P198,2	7184	7185
P103,2	7186	7187
P43,2	7188	7189
P200,2	7190	7191
P125,2	7192	7193
P180,2	7194	7195
P182,2	7196	7197
P152,2	7198	7199
P92,2	7200	7201
P198,2	7202	7203
P103,2	7204	7205
P43,2	7206	7207
P200,2	7208	7209
P125,2	7210	7211
P180,2	7212	7213
P182,2	7214	7215
P152,2	7216	7217
P92,2	7218	7219
P198,2	7220	7221
P103,2	7222	7223
P43,2	7224	7225
P200,2	7226	7227
P125,2	7228	7229
P180,2	7230	7231
P182,2	7232	7233
P152,2	7234	7235
P92,2	7236	7237
P198,2	7238	7239
P103,2	7240	7241
P43,2	7242	7243
P200,2	7244	7245
P125,2	7246	7247
P180,2	7248	7249
P182,2	7250	7251
P152,2	7252	7253
P92,2	7254	7255
P198,2	7256	7257
P103,2	7258	7259
P43,2	7260	7261
P200,2	7262	7263
P125,2	7264	7265
P180,2	7266	7267
P182,2	7268	7269
P152,2	7270	7271
P92,2	7272	7273
P198,2	7274	7275
P103,2	7276	7277
P43,2	7278	7279
P200,2	7280	7281
P125,2	7282	7283
P180,2	7284	7285
P182,2	7286	7287
P152,2	7288	7289
P92,2	7290	7291
P198,2	7292	7293
P103,2	7294	7295
P43,2	7296	7297
P200,2	7298	7299
P125,2	7300	7301
P180,2	7302	7303
P182,2	7304	7305
P152,2	7306	7307
P92,2	7308	7309
P198,2	7310	7311
P103,2	7312	7313
P43,2	7314	7315
P69,2	7316	7317
P199,2	7318	7319
P155,2	7320	7321
P143,2	7322	7323
P137,2	7324	7325
P24,2	7326	7327
P191,2	7328	7329
P193,2	7330	7330
P43,2	7331	7332
P69,2	7333	7334
P199,2	7335	7336
P155,2	7337	7338
P143,2	7339	7340
P137,2	7341	7342
P24,2	7343	7344
P191,2	7345	7346
P43,2	7347	7348
P69,2	7349	7350
P199,2	7351	7352
P155,2	7353	7354
P143,2	7355	7356
P137,2	7357	7358
P24,2	7359	7360
P191,2	7361	7362
P43,2	7363	7364
P69,2	7365	7366
P199,2	7367	7368
P155,2	7369	7370
P143,2	7371	7372
P92,2	7373	7374
P198,2	7375	7376
P103,2	7377	7378
P200,2	7379	7380
P125,2	7381	7382
P180,2	7383	7384
P182,2	7385	7386
P137,2	7387	7388
P24,2	7389	7390
P191,2	7391	7392
P43,2	7393	7394
P69,2	7395	7396
P199,2	7397	7398
P155,2	7399	7400
P143,2	7401	7402
P92,2	7403	7404
P198,2	7405	7406
P103,2	7407	7408
P200,2	7409	7410
P125,2	7411	7412
P180,2	7413	7414
P182,2	7415	7416
P137,2	7417	7418
P24,2	7419	7420
P191,2	7421	7422
P43,2	7423	7424
P69,2	7425	7426
P199,2	7427	7428
P155,2	7429	7430
P137,2	7431	7432
P191,2	7433	7434
P43,2	7435	7436
P69,2	7437	7438
P199,2	7439	7440
P155,2	7441	7442
P137,2	7443	7444
P191,2	7445	7446
P43,2	7447	7448
P69,2	7449	7450
P199,2	7451	7452
P155,2	7453	7454
P137,2	7455	7456
P191,2	7457	7458
P43,2	7459	7459
P69,2	7460	7461
P199,2	7462	7463
P155,2	7464	7465
P137,2	7466	7467
P191,2	7468	7469
P200,2	7470	7471
P125,2	7472	7473
P180,2	7474	7475
P182,2	7476	7477
P24,2	7478	7479
P103,2	7480	7481
P69,2	7482	7483
P199,2	7484	7485
P155,2	7486	7487
P137,2	7488	7489
P191,2	7490	7491
P200,2	7492	7493
P125,2	7494	7495
P180,2	7496	7497
P137,2	7498	7499
P191,2	7500	7501
P200,2	7502	7503
P125,2	7504	7505
P180,2	7506	7507
P137,2	7508	7509
P191,2	7510	7511
P200,2	7512	7513
P125,2	7514	7515
P180,2	7516	7517
P137,2	7518	7519
P191,2	7520	7521
P200,2	7522	7523
P125,2	7524	7525
P180,2	7526	7527
P137,2	7528	7529
P191,2	7530	7531
P200,2	7532	7533
P125,2	7534	7535
P180,2	7536	7537
P137,2	7538	7539
P191,2	7540	7541
P200,2	7542	7543
P125,2	7544	7545
P155,2	7546	7547
P24,2	7548	7549
P103,2	7550	7551
P69,2	7552	7553
P199,2	7554	7555
P137,2	7556	7557
P191,2	7558	7559
P200,2	7560	7561
P125,2	7562	7563
P155,2	7564	7565
P24,2	7566	7567
P103,2	7568	7569
P69,2	7570	7571
P199,2	7572	7573
P137,2	7574	7575
P191,2	7576	7577
P200,2	7578	7579
P125,2	7580	7581
P155,2	7582	7583
P24,2	7584	7585
P103,2	7586	7587
P69,2	7588	7589
P199,2	7590	7591
P137,2	7592	7593
P191,2	7594	7595
P200,2	7596	7597
P125,2	7598	7599
P155,2	7600	7601
P191,2	7602	7603
P200,2	7604	7605
P199,2	7606	7607
P191,2	7608	7609
P125,2	7610	7611
P155,2	7612	7613
P200,2	7614	7615
P199,2	7616	7617
P191,2	7618	7619
P125,2	7620	7620
P199,2	7621	7622
P191,2	7623	7624
P155,2	7625	7626
P199,2	7627	7628
P191,2	7629	7630
P155,2	7631	7632
P199,2	7633	7634
P191,2	7635	7636
P155,2	7637	7638
P199,2	7639	7640
P191,2	7641	7642
P155,2	7643	7644
P199,2	7645	7646
P191,2	7647	7648
P155,2	7649	7650
P199,2	7651	7652
P191,2	7653	7654
P155,2	7655	7656
P199,2	7657	7686
P155,2	7688	7705
CPU1
P1,1	4	5
P1,1	8	11
P3,1	12	17
P1,1	18	19
P3,1	20	23
P7,1	24	26
P3,1	27	28
P1,1	29	30
P3,1	31	32
P1,1	33	34
P3,1	35	36
P9,1	37	38
P1,1	39	40
P3,1	41	42
P1,1	43	44
P7,2	45	45
P4,2	46	47
P3,1	48	49
P11,1	50	53
P3,1	54	55
P11,1	56	56
P1,1	57	58
P3,1	59	62
P6,2	63	63
P9,2	64	65
P15,1	66	67
P8,2	68	68
P1,1	69	70
P13,1	71	72
P9,2	73	73
P14,1	74	74
P16,1	75	76
P12,2	77	77
P3,1	78	79
P18,1	80	81
P10,2	82	83
P15,1	84	85
P5,3	86	87
P20,1	88	89
P21,1	90	91
P22,1	92	93
P10,2	94	94
P7,4	95	96
P2,4	97	98
P1,1	99	100
P15,1	101	102
P20,1	103	104
P22,1	105	105
P7,4	106	107
P14,2	108	109
P23,1	110	111
P8,3	112	113
P13,2	114	114
P5,4	115	116
P26,1	117	117
P27,1	118	119
P18,2	120	121
P15,1	122	123
P20,1	124	124
P2,4	125	125
P23,1	126	127
P8,3	128	129
P12,3	130	131
P25,1	132	133
P28,1	134	135
P4,4	136	137
P17,3	138	139
P30,1	140	140
P26,2	141	142
P9,3	143	144
P15,1	145	146
P24,1	147	148
P28,1	149	150
P4,4	151	151
P29,1	152	153
P31,1	154	155
P14,3	156	157
P20,2	158	159
P6,4	160	161
P21,2	162	163
P13,3	164	165
P25,2	166	167
P7,5	168	169
P11,3	170	171
P1,1	172	173
P3,1	174	175
P27,1	176	177
P10,3	178	179
P32,1	180	181
P22,2	182	183
P23,2	184	185
P36,1	186	187
P38,1	188	189
P39,1	190	191
P12,4	192	193
P33,1	194	195
P8,4	196	197
P25,2	198	198
P18,3	199	199
P11,3	200	201
P15,1	202	203
P24,1	204	205
P29,2	206	207
P26,3	208	209
P42,1	210	211
P21,3	212	212
P28,2	213	214
P19,4	215	216
P32,1	217	218
P23,2	219	220
P36,1	221	222
P38,1	223	224
P39,1	225	226
P12,4	227	227
P8,4	228	228
P2,5	229	229
P9,4	230	231
P17,4	232	233
P20,3	234	234
P13,4	235	236
P10,4	237	238
P31,2	239	240
P15,1	241	242
P24,1	243	244
P29,2	245	246
P26,3	247	248
P42,1	249	250
P34,2	251	252
P19,4	253	254
P32,1	255	256
P14,4	257	258
P51,1	259	260
P40,2	261	262
P54,1	263	264
P21,4	265	266
P35,1	267	267
P38,1	268	269
P30,2	270	271
P47,1	272	273
P48,1	274	275
P49,1	276	277
P36,2	278	278
P57,1	279	280
P59,1	281	282
P2,6	283	284
P16,4	285	286
P61,1	287	287
P12,5	288	289
P50,1	290	291
P15,1	292	293
P24,1	294	295
P29,2	296	297
P19,4	298	298
P45,1	299	300
P18,4	301	302
P62,1	303	304
P20,4	305	306
P63,1	307	308
P64,1	309	310
P66,1	311	312
P28,3	313	314
P41,2	315	316
P69,1	317	318
P70,1	319	320
P51,1	321	322
P40,2	323	323
P54,1	324	325
P38,1	326	327
P47,1	328	328
P13,4	329	330
P55,1	331	332
P7,7	333	334
P26,4	335	336
P72,1	337	338
P73,1	339	340
P74,1	341	342
P75,1	343	343
P56,2	344	345
P58,1	346	346
P22,3	347	347
P60,1	348	349
P8,5	350	351
P12,5	352	352
P50,1	353	354
P15,1	355	356
P24,1	357	358
P43,1	359	360
P17,5	361	362
P78,1	363	364
P79,1	365	365
P19,5	366	367
P18,4	368	368
P37,2	369	370
P63,1	371	372
P65,1	373	373
P10,5	374	375
P41,2	376	376
P68,1	377	378
P80,1	379	380
P20,5	381	382
P46,3	383	384
P83,1	385	386
P9,6	387	388
P84,1	389	390
P85,1	391	392
P70,1	393	393
P52,1	394	395
P38,1	396	397
P55,1	398	399
P7,7	400	401
P26,4	402	402
P23,3	403	404
P47,2	405	406
P40,3	407	408
P53,2	409	410
P87,1	411	411
P39,2	412	412
P74,1	413	413
P76,1	414	414
P56,2	415	416
P8,5	417	417
P44,2	418	419
P15,1	420	421
P24,1	422	423
P88,1	424	424
P22,4	425	426
P89,1	427	428
P48,2	429	430
P49,2	431	431
P92,1	432	433
P77,2	434	434
P93,1	435	436
P50,2	437	438
P17,5	439	440
P78,1	441	441
P19,5	442	443
P62,1	444	444
P37,2	445	445
P64,1	446	446
P66,1	447	447
P69,1	448	449
P12,6	450	451
P2,7	452	452
P65,2	453	454
P68,2	455	456
P81,1	457	458
P14,5	459	460
P29,3	461	461
P9,6	462	463
P85,1	464	465
P51,1	466	467
P38,1	468	469
P10,6	470	471
P6,7	472	473
P79,2	474	475
P28,5	476	477
P41,3	478	479
P70,2	480	481
P71,1	482	482
P72,1	483	483
P47,2	484	484
P86,1	485	486
P25,4	487	488
P31,4	489	490
P35,2	491	492
P99,1	493	494
P34,4	495	495
P102,1	496	497
P60,2	498	499
P103,1	500	501
P39,3	502	503
P105,1	504	505
P15,1	506	507
P24,1	508	509
P58,2	510	511
P13,5	512	513
P90,1	514	514
P92,1	515	516
P94,1	517	517
P43,1	518	519
P106,1	520	521
P44,3	522	523
P49,3	524	525
P8,6	526	526
P61,2	527	527
P19,5	528	529
P63,1	530	531
P59,2	532	533
P65,2	534	534
P96,1	535	536
P80,1	537	537
P108,1	538	539
P17,6	540	541
P109,1	542	543
P93,2	544	545
P110,1	546	546
P77,3	547	548
P37,3	549	550
P82,2	551	552
P9,6	553	554
P51,1	555	556
P38,1	557	558
P10,6	559	559
P6,7	560	561
P14,6	562	563
P41,3	564	565
P2,8	566	566
P64,2	567	568
P29,4	569	570
P20,6	571	572
P85,2	573	574
P115,1	575	576
P117,1	577	578
P118,1	579	580
P54,2	581	582
P53,2	583	584
P73,1	585	586
P99,1	587	588
P102,1	589	590
P97,2	591	592
P23,4	593	594
P70,3	595	596
P120,1	597	598
P71,2	599	600
P26,5	601	602
P105,1	603	604
P15,1	605	606
P24,1	607	608
P58,2	609	610
P91,1	611	612
P43,1	613	614
P121,1	615	616
P34,5	617	618
P57,3	619	620
P74,3	621	622
P123,1	623	624
P106,1	625	626
P49,3	627	628
P16,5	629	629
P63,1	630	631
P18,5	632	632
P96,1	633	634
P108,1	635	636
P88,3	637	638
P50,3	639	640
P124,1	641	642
P126,1	643	644
P90,2	645	645
P67,4	646	647
P61,3	648	649
P75,3	650	650
P17,6	651	652
P109,1	653	653
P93,2	654	655
P37,3	656	656
P66,2	657	658
P83,1	659	660
P52,1	661	662
P33,1	663	664
P80,2	665	666
P19,6	667	668
P36,5	669	669
P130,1	670	671
P132,1	672	673
P111,2	674	675
P110,2	676	677
P6,7	678	679
P14,6	680	681
P95,2	682	683
P114,1	684	685
P85,2	686	687
P115,1	688	689
P117,1	690	690
P135,1	691	692
P136,1	693	694
P20,7	695	696
P98,2	697	698
P9,7	699	700
P140,1	701	702
P10,7	703	703
P113,2	704	705
P118,1	706	707
P73,1	708	709
P100,1	710	710
P102,1	711	712
P23,4	713	713
P70,3	714	715
P28,6	716	717
P141,1	718	718
P53,3	719	720
P143,1	721	722
P47,4	723	724
P103,1	725	726
P104,1	727	728
P1,1	729	730
P3,1	731	732
P27,1	733	734
P43,1	735	736
P35,3	737	738
P146,1	739	740
P25,6	741	742
P147,1	743	744
P87,3	745	746
P72,3	747	748
P148,1	749	749
P91,2	750	751
P122,1	752	753
P74,3	754	755
P123,1	756	757
P49,3	758	759
P63,1	760	761
P81,1	762	763
P22,5	764	765
P89,2	766	767
P150,1	768	768
P151,1	769	769
P101,3	770	771
P50,3	772	773
P124,1	774	775
P68,3	776	777
P67,4	778	778
P61,3	779	780
P17,6	781	782
P48,3	783	783
P152,1	784	785
P154,1	786	787
P106,2	788	789
P155,1	790	791
P75,4	792	793
P37,4	794	795
P157,1	796	797
P66,3	798	799
P51,1	800	801
P38,1	802	803
P128,1	804	805
P19,6	806	807
P11,6	808	809
P110,2	810	810
P80,3	811	812
P158,1	813	814
P129,2	815	816
P82,3	817	818
P111,3	819	820
P95,2	821	821
P29,4	822	823
P84,2	824	825
P115,1	826	827
P135,1	828	829
P137,1	830	831
P138,1	832	833
P162,1	834	835
P163,1	836	837
P64,3	838	839
P41,4	840	840
P6,8	841	842
P98,3	843	844
P30,5	845	846
P78,3	847	848
P113,2	849	850
P70,3	851	852
P112,2	853	853
P100,2	854	855
P60,3	856	857
P117,2	858	859
P2,10	860	861
P167,1	862	863
P54,3	864	865
P86,2	866	867
P142,1	868	869
P144,1	870	871
P71,2	872	873
P105,1	874	875
P15,1	876	877
P24,1	878	879
P92,1	880	881
P40,4	882	882
P118,2	883	884
P168,1	885	886
P169,1	887	888
P171,1	889	890
P99,2	891	892
P172,1	893	894
P145,1	895	896
P31,5	897	898
P13,6	899	900
P72,3	901	902
P34,6	903	904
P121,2	905	906
P57,3	907	908
P123,1	909	909
P87,4	910	911
P174,1	912	913
P175,1	914	915
P49,4	916	916
P63,1	917	918
P81,1	919	920
P88,3	921	922
P18,6	923	923
P76,3	924	925
P124,1	926	926
P125,1	927	928
P44,4	929	930
P150,2	931	932
P178,1	933	934
P179,1	935	936
P107,2	937	938
P61,3	939	940
P154,1	941	941
P106,2	942	943
P155,1	944	945
P75,4	946	947
P157,1	948	949
P66,3	950	950
P151,2	951	952
P77,4	953	954
P126,3	955	956
P62,3	957	957
P83,1	958	959
P52,1	960	961
P33,1	962	963
P19,6	964	965
P11,6	966	967
P36,6	968	969
P82,3	970	971
P109,3	972	973
P131,2	974	975
P115,1	976	977
P137,1	978	979
P162,1	980	981
P163,1	982	983
P64,3	984	985
P159,2	986	987
P110,3	988	989
P160,2	990	991
P135,2	992	993
P85,3	994	995
P134,2	996	997
P10,8	998	998
P140,1	999	999
P113,2	1000	1000
P100,2	1001	1002
P166,1	1003	1004
P114,2	1005	1006
P14,7	1007	1008
P6,9	1009	1010
P116,2	1011	1012
P7,10	1013	1014
P182,1	1015	1016
P2,10	1017	1017
P167,1	1018	1018
P54,3	1019	1020
P142,1	1021	1022
P47,4	1023	1023
P105,1	1024	1025
P15,1	1026	1027
P24,1	1028	1029
P183,1	1030	1031
P112,3	1032	1033
P144,2	1034	1035
P45,5	1036	1037
P92,1	1038	1039
P23,5	1040	1041
P26,6	1042	1043
P99,2	1044	1045
P102,2	1046	1047
P146,1	1048	1049
P55,4	1050	1051
P169,2	1052	1053
P40,5	1054	1055
P147,1	1056	1056
P56,4	1057	1058
P173,1	1059	1060
P174,1	1061	1062
P175,1	1063	1064
P32,1	1065	1066
P35,4	1067	1068
P104,3	1069	1070
P57,4	1071	1071
P31,6	1072	1072
P121,3	1073	1074
P39,5	1075	1076
P81,1	1077	1078
P125,1	1079	1080
P44,4	1081	1082
P150,2	1083	1083
P178,1	1084	1085
P179,1	1086	1087
P107,2	1088	1088
P97,5	1089	1090
P123,2	1091	1091
P89,3	1092	1093
P94,3	1094	1095
P124,2	1096	1097
P18,7	1098	1099
P106,2	1100	1101
P155,1	1102	1103
P157,1	1104	1104
P151,2	1105	1106
P126,3	1107	1108
P83,1	1109	1110
P185,1	1111	1112
P96,3	1113	1114
P61,4	1115	1116
P51,1	1117	1118
P38,1	1119	1120
P80,3	1121	1122
P129,2	1123	1124
P95,3	1125	1126
P115,1	1127	1128
P37,5	1129	1129
P48,5	1130	1131
P128,2	1132	1133
P93,4	1134	1135
P136,2	1136	1137
P153,3	1138	1139
P79,3	1140	1140
P130,2	1141	1141
P159,2	1142	1143
P181,1	1144	1145
P158,2	1146	1147
P29,5	1148	1148
P85,3	1149	1149
P8,8	1150	1151
P133,3	1152	1153
P163,2	1154	1154
P42,5	1155	1156
P140,2	1157	1158
P138,2	1159	1160
P166,1	1161	1161
P114,2	1162	1163
P139,2	1164	1165
P84,3	1166	1166
P116,2	1167	1167
P28,7	1168	1169
P119,2	1170	1170
P117,3	1171	1172
P65,6	1173	1174
P60,4	1175	1176
P46,6	1177	1178
P167,2	1179	1180
P103,1	1181	1182
P1,1	1183	1184
P3,1	1185	1186
P41,5	1187	1188
P70,4	1189	1190
P144,2	1191	1192
P45,5	1193	1193
P92,1	1194	1195
P2,11	1196	1197
P86,3	1198	1199
P20,9	1200	1200
P53,4	1201	1202
P188,1	1203	1204
P168,1	1205	1206
P99,2	1207	1207
P102,2	1208	1209
P118,3	1210	1211
P184,1	1212	1213
P71,4	1214	1215
P23,6	1216	1217
P120,3	1218	1219
P145,2	1220	1221
P173,1	1222	1223
P148,2	1224	1225
P176,1	1226	1227
P63,1	1228	1229
P104,3	1230	1231
P121,3	1232	1233
P39,5	1234	1235
P81,1	1236	1237
P74,5	1238	1238
P147,2	1239	1240
P125,1	1241	1242
P177,1	1243	1243
P101,4	1244	1244
P179,1	1245	1246
P22,6	1247	1248
P89,3	1249	1250
P94,3	1251	1252
P154,2	1253	1254
P57,5	1255	1256
P189,1	1257	1258
P150,3	1259	1260
P18,8	1261	1262
P155,1	1263	1264
P77,4	1265	1265
P83,1	1266	1267
P156,2	1268	1268
P96,3	1269	1270
P61,4	1271	1271
P51,1	1272	1273
P123,3	1274	1275
P157,2	1276	1276
P107,3	1277	1277
P49,6	1278	1278
P106,3	1279	1280
P16,7	1281	1282
P38,1	1283	1284
P95,3	1285	1286
P137,1	1287	1288
P127,3	1289	1290
P19,7	1291	1291
P136,2	1292	1293
P153,3	1294	1294
P80,4	1295	1296
P37,6	1297	1297
P66,5	1298	1299
P162,1	1300	1301
P159,2	1302	1302
P158,2	1303	1304
P11,7	1305	1306
P186,1	1307	1308
P109,4	1309	1310
P79,4	1311	1312
P62,5	1313	1314
P29,6	1315	1316
P130,3	1317	1318
P73,1	1319	1320
P14,7	1321	1322
P28,7	1323	1324
P64,4	1325	1326
P134,3	1327	1328
P187,1	1329	1330
P46,6	1331	1332
P191,1	1333	1334
P160,3	1335	1336
P10,10	1337	1338
P116,3	1339	1340
P7,11	1341	1342
P139,3	1343	1344
P119,3	1345	1346
P143,1	1347	1348
P105,1	1349	1350
P15,1	1351	1352
P24,1	1353	1354
P112,3	1355	1355
P9,9	1356	1357
P92,1	1358	1359
P54,4	1360	1361
P84,4	1362	1363
P45,6	1364	1365
P70,5	1366	1367
P53,4	1368	1369
P188,1	1370	1371
P168,1	1372	1373
P118,3	1374	1375
P171,3	1376	1377
P193,1	1378	1379
P40,6	1380	1381
P26,7	1382	1383
P55,5	1384	1385
P32,1	1386	1387
P104,3	1388	1389
P121,3	1390	1391
P39,5	1392	1393
P81,1	1394	1395
P169,3	1396	1397
P194,1	1398	1399
P23,7	1400	1401
P173,2	1402	1403
P174,2	1404	1405
P147,2	1406	1406
P56,5	1407	1408
P180,1	1409	1410
P76,4	1411	1411
P124,2	1412	1413
P57,5	1414	1414
P189,1	1415	1416
P34,8	1417	1418
P58,5	1419	1420
P101,5	1421	1422
P44,5	1423	1424
P152,1	1425	1426
P83,1	1427	1428
P59,4	1429	1430
P51,1	1431	1432
P123,3	1433	1433
P75,5	1434	1435
P97,6	1436	1437
P126,4	1438	1439
P156,3	1440	1441
P68,6	1442	1443
P190,1	1444	1445
P16,7	1446	1447
P38,1	1448	1449
P115,1	1450	1451
P127,3	1452	1452
P93,4	1453	1454
P111,4	1455	1456
P151,3	1457	1457
P157,3	1458	1459
P48,6	1460	1461
P49,7	1462	1463
P153,4	1464	1465
P131,3	1466	1467
P181,1	1468	1469
P186,1	1470	1471
P79,4	1472	1473
P62,5	1474	1474
P164,3	1475	1476
P8,9	1477	1478
P132,3	1479	1480
P66,6	1481	1481
P135,3	1482	1482
P161,3	1483	1484
P140,3	1485	1486
P73,1	1487	1488
P64,4	1489	1489
P187,1	1490	1491
P78,5	1492	1493
P192,1	1494	1495
P113,4	1496	1497
P129,4	1498	1499
P28,8	1500	1501
P163,4	1502	1503
P46,7	1504	1505
P30,7	1506	1507
P166,2	1508	1508
P143,1	1509	1510
P105,1	1511	1512
P15,1	1513	1514
P24,1	1515	1516
P27,1	1517	1518
P114,3	1519	1520
P116,4	1521	1522
P110,5	1523	1524
P85,5	1525	1526
P167,3	1527	1528
P84,4	1529	1530
P20,10	1531	1532
P47,5	1533	1534
P43,1	1535	1536
P146,1	1537	1538
P171,3	1539	1539
P112,4	1540	1541
P54,5	1542	1543
P198,1	1544	1545
P86,4	1546	1547
P142,3	1548	1549
P172,2	1550	1551
P55,5	1552	1553
P32,1	1554	1555
P69,1	1556	1557
P71,5	1558	1559
P194,1	1560	1561
P118,4	1562	1563
P104,4	1564	1565
P145,3	1566	1567
P102,4	1568	1569
P87,5	1570	1571
P176,2	1572	1573
P72,5	1574	1575
P31,7	1576	1577
P125,1	1578	1579
P170,3	1580	1581
P179,2	1582	1582
P39,6	1583	1584
P22,7	1585	1586
P200,1	1587	1588
P154,3	1589	1590
P177,2	1591	1592
P101,5	1593	1594
P152,1	1595	1596
P83,1	1597	1598
P51,1	1599	1600
P75,5	1601	1601
P149,3	1602	1603
P195,1	1604	1605
P89,4	1606	1607
P178,3	1608	1609
P17,9	1610	1611
P150,4	1612	1613
P96,4	1614	1615
P90,4	1616	1617
P12,9	1618	1619
P33,1	1620	1621
P137,1	1622	1623
P111,4	1624	1624
P108,5	1625	1626
P107,5	1627	1628
P136,3	1629	1630
P127,4	1631	1632
P50,5	1633	1634
P61,5	1635	1635
P49,7	1636	1637
P181,1	1638	1639
P109,4	1640	1641
P29,6	1642	1643
P11,8	1644	1645
P131,4	1646	1647
P157,4	1648	1649
P132,3	1650	1651
P37,7	1652	1653
P73,1	1654	1655
P187,1	1656	1657
P192,1	1658	1659
P196,1	1660	1661
P128,4	1662	1662
P159,4	1663	1664
P164,4	1665	1665
P64,5	1666	1667
P161,4	1668	1669
P66,7	1670	1671
P117,4	1672	1673
P197,1	1674	1675
P165,3	1676	1676
P143,1	1677	1678
P105,1	1679	1680
P15,1	1681	1682
P24,1	1683	1684
P183,1	1685	1686
P92,1	1687	1688
P78,6	1689	1689
P138,3	1690	1691
P139,4	1692	1693
P65,7	1694	1695
P14,8	1696	1697
P85,5	1698	1698
P167,3	1699	1699
P188,1	1700	1701
P168,1	1702	1703
P184,1	1704	1705
P70,6	1706	1707
P20,11	1708	1708
P193,1	1709	1710
P144,3	1711	1712
P198,1	1713	1714
P172,2	1715	1716
P175,1	1717	1718
P63,1	1719	1720
P81,1	1721	1722
P171,4	1723	1724
P99,4	1725	1726
P53,6	1727	1728
P91,5	1729	1730
P120,4	1731	1732
P122,3	1733	1734
P199,1	1735	1736
P87,5	1737	1737
P176,2	1738	1738
P174,2	1739	1740
P148,4	1741	1742
P40,7	1743	1744
P23,8	1745	1745
P26,8	1746	1747
P180,1	1748	1749
P141,6	1750	1751
P22,7	1752	1752
P200,1	1753	1754
P177,2	1755	1755
P35,5	1756	1757
P155,1	1758	1759
P170,4	1760	1760
P147,4	1761	1762
P102,5	1763	1764
P173,3	1765	1766
P154,4	1767	1768
P51,1	1769	1770
P149,3	1771	1772
P124,3	1773	1774
P17,9	1775	1776
P156,3	1777	1778
P75,6	1779	1779
P58,6	1780	1780
P59,6	1781	1782
P90,5	1783	1784
P68,7	1785	1786
P33,1	1787	1788
P137,1	1789	1790
P108,5	1791	1791
P127,4	1792	1793
P50,5	1794	1794
P162,1	1795	1796
P16,8	1797	1798
P12,10	1799	1800
P80,5	1801	1802
P106,5	1803	1804
P123,5	1805	1806
P111,5	1807	1808
P11,8	1809	1809
P93,5	1810	1811
P133,4	1812	1813
P82,6	1814	1815
P37,7	1816	1816
P182,1	1817	1818
P109,5	1819	1820
P192,1	1821	1822
P29,7	1823	1824
P61,6	1825	1826
P79,5	1827	1828
P113,5	1829	1830
P135,4	1831	1832
P19,9	1833	1834
P98,5	1835	1836
P66,7	1837	1837
P117,4	1838	1838
P197,1	1839	1840
P143,1	1841	1842
P62,7	1843	1844
P140,4	1845	1845
P129,5	1846	1847
P1,1	1848	1849
P3,1	1850	1851
P6,11	1852	1853
P27,1	1854	1855
P60,5	1856	1857
P139,4	1858	1859
P65,7	1860	1860
P116,4	1861	1861
P119,4	1862	1862
P160,5	1863	1864
P165,4	1865	1865
P43,1	1866	1867
P146,1	1868	1869
P110,6	1870	1871
P47,6	1872	1873
P193,1	1874	1875
P54,5	1876	1877
P175,1	1878	1879
P41,7	1880	1881
P167,4	1882	1882
P172,3	1883	1884
P85,6	1885	1886
P63,1	1887	1888
P81,1	1889	1890
P99,4	1891	1892
P91,5	1893	1894
P118,4	1895	1896
P104,4	1897	1898
P169,4	1899	1900
P2,13	1901	1902
P145,4	1903	1904
P148,4	1905	1906
P40,7	1907	1908
P121,5	1909	1910
P189,1	1911	1912
P39,6	1913	1913
P200,1	1914	1915
P174,3	1916	1916
P155,1	1917	1918
P23,9	1919	1920
P120,5	1921	1922
P71,7	1923	1924
P101,6	1925	1926
P179,3	1927	1928
P56,6	1929	1929
P154,4	1930	1931
P51,1	1932	1933
P195,1	1934	1935
P22,8	1936	1937
P170,5	1938	1939
P156,4	1940	1940
P124,4	1941	1941
P190,1	1942	1943
P59,6	1944	1945
P90,5	1946	1947
P38,1	1948	1949
P115,1	1950	1951
P151,4	1952	1953
P181,1	1954	1955
P58,7	1956	1957
P44,7	1958	1959
P76,6	1960	1961
P127,5	1962	1963
P80,5	1964	1965
P153,5	1966	1967
P111,5	1968	1969
P131,4	1970	1970
P157,4	1971	1971
P73,1	1972	1973
P12,11	1974	1975
P108,6	1976	1977
P178,5	1978	1979
P136,4	1980	1981
P77,8	1982	1982
P187,1	1983	1984
P191,1	1985	1986
P48,7	1987	1988
P107,6	1989	1990
P79,5	1991	1991
P130,4	1992	1993
P196,1	1994	1995
P64,5	1996	1996
P61,7	1997	1998
P132,4	1999	2000
P197,1	2001	2002
P103,1	2003	2004
P128,5	2005	2006
P105,1	2007	2008
P15,1	2009	2010
P24,1	2011	2012
P27,1	2013	2014
P60,5	2015	2015
P138,3	2016	2016
P98,6	2017	2018
P28,9	2019	2020
P163,5	2021	2022
P160,5	2023	2024
P43,1	2025	2026
P146,1	2027	2028
P110,6	2029	2030
P134,5	2031	2031
P198,1	2032	2033
P14,9	2034	2035
P140,5	2036	2036
P30,9	2037	2038
P114,4	2039	2039
P119,5	2040	2041
P41,7	2042	2043
P112,5	2044	2044
P85,6	2045	2046
P63,1	2047	2048
P81,1	2049	2050
P53,6	2051	2052
P165,5	2053	2054
P144,4	2055	2056
P167,5	2057	2058
P199,1	2059	2060
P145,4	2061	2062
P148,4	2063	2064
P40,7	2065	2066
P180,1	2067	2068
P200,1	2069	2070
P155,1	2071	2072
P118,5	2073	2074
P34,10	2075	2076
P87,7	2077	2078
P45,9	2079	2079
P176,3	2080	2081
P101,6	2082	2083
P185,1	2084	2085
P52,1	2086	2087
P177,3	2088	2089
P174,4	2090	2091
P57,7	2092	2093
P179,4	2094	2095
P39,7	2096	2097
P71,8	2098	2099
P190,1	2100	2101
P59,6	2102	2102
P38,1	2103	2104
P115,1	2105	2106
P162,1	2107	2108
P16,8	2109	2110
P44,7	2111	2112
P102,6	2113	2114
P124,5	2115	2116
P97,8	2117	2118
P76,6	2119	2120
P96,5	2121	2121
P123,5	2122	2122
P111,5	2123	2124
P73,1	2125	2126
P95,5	2127	2128
P49,8	2129	2129
P151,5	2130	2131
P127,6	2132	2133
P133,5	2134	2135
P94,7	2136	2137
P136,4	2138	2139
P187,1	2140	2141
P192,1	2142	2143
P29,7	2144	2144
P107,6	2145	2145
P196,1	2146	2147
P77,9	2148	2149
P157,5	2150	2151
P135,5	2152	2153
P37,8	2154	2155
P197,1	2156	2157
P103,1	2158	2159
P1,1	2160	2161
P3,1	2162	2163
P183,1	2164	2165
P92,1	2166	2167
P19,10	2168	2169
P6,12	2170	2171
P64,6	2172	2173
P62,8	2174	2175
P129,6	2176	2177
P163,5	2178	2179
P160,5	2180	2181
P43,1	2182	2183
P146,1	2184	2185
P193,1	2186	2187
P175,1	2188	2189
P30,9	2190	2191
P138,4	2192	2193
P60,6	2194	2194
P139,5	2195	2196
P110,7	2197	2198
P47,7	2199	2200
P78,7	2201	2201
P32,1	2202	2203
P69,1	2204	2205
P194,1	2206	2207
P20,13	2208	2208
P134,6	2209	2210
P116,6	2211	2212
P140,6	2213	2214
P99,5	2215	2216
P172,4	2217	2218
P2,13	2219	2220
P180,1	2221	2222
P200,1	2223	2224
P155,1	2225	2226
P122,4	2227	2228
P145,5	2229	2230
P87,7	2231	2232
P53,7	2233	2234
P26,9	2235	2235
P118,6	2236	2237
P142,6	2238	2239
P176,3	2240	2241
P185,1	2242	2243
P52,1	2244	2245
P177,3	2246	2246
P57,7	2247	2248
P179,4	2249	2250
P71,8	2251	2252
P104,6	2253	2254
P147,6	2255	2256
P55,8	2257	2258
P35,7	2259	2260
P190,1	2261	2262
P33,1	2263	2264
P137,1	2265	2266
P181,1	2267	2268
P102,6	2269	2270
P149,4	2271	2271
P156,6	2272	2273
P170,6	2274	2275
P76,6	2276	2276
P68,8	2277	2277
P73,1	2278	2279
P95,5	2280	2281
P151,5	2282	2283
P18,12	2284	2284
P12,12	2285	2285
P93,6	2286	2287
P16,9	2288	2289
P97,9	2290	2291
P49,9	2292	2292
P150,6	2293	2294
P96,6	2295	2296
P191,1	2297	2298
P196,1	2299	2300
P109,6	2301	2301
P161,5	2302	2303
P197,1	2304	2305
P103,1	2306	2307
P111,6	2308	2309
P8,11	2310	2310
P127,7	2311	2312
P61,8	2313	2314
P1,1	2315	2316
P3,1	2317	2318
P183,1	2319	2320
P92,1	2321	2322
P19,10	2323	2323
P6,12	2324	2325
P64,6	2326	2326
P132,5	2327	2328
P98,7	2329	2330
P48,8	2331	2331
P37,9	2332	2333
P43,1	2334	2335
P146,1	2336	2337
P193,1	2338	2339
P175,1	2340	2341
P164,6	2342	2343
P65,9	2344	2345
P166,5	2346	2346
P129,7	2347	2348
P117,7	2349	2350
P28,10	2351	2352
P54,6	2353	2353
P32,1	2354	2355
P69,1	2356	2357
P194,1	2358	2359
P70,7	2360	2361
P112,6	2362	2363
P172,4	2364	2365
P78,8	2366	2367
P85,7	2368	2369
P180,1	2370	2371
P200,1	2372	2373
P155,1	2374	2375
P169,5	2376	2376
P87,7	2377	2378
P53,7	2379	2380
P118,6	2381	2382
P119,7	2383	2383
P116,7	2384	2384
P114,6	2385	2385
P145,6	2386	2387
P83,1	2388	2389
P51,1	2390	2391
P195,1	2392	2393
P179,4	2394	2394
P39,7	2395	2395
P147,6	2396	2397
P86,7	2398	2399
P142,7	2400	2400
P176,4	2401	2401
P177,4	2402	2403
P120,7	2404	2405
P35,7	2406	2407
P38,1	2408	2409
P115,1	2410	2411
P162,1	2412	2413
P102,6	2414	2414
P173,5	2415	2416
P186,1	2417	2418
P45,11	2419	2420
P75,8	2421	2422
P68,9	2423	2424
P141,9	2425	2425
P151,5	2426	2427
P97,9	2428	2429
P150,6	2430	2431
P96,6	2432	2433
P191,1	2434	2435
P149,5	2436	2437
P16,10	2438	2439
P108,7	2440	2441
P124,7	2442	2443
P56,9	2444	2445
P95,6	2446	2447
P94,8	2448	2449
P196,1	2450	2451
P143,1	2452	2453
P29,8	2454	2455
P158,5	2456	2457
P61,8	2458	2459
P1,1	2460	2461
P3,1	2462	2463
P77,10	2464	2464
P153,7	2465	2466
P24,1	2467	2468
P27,1	2469	2470
P79,6	2471	2471
P132,5	2472	2472
P107,7	2473	2474
P188,1	2475	2476
P168,1	2477	2478
P184,1	2479	2480
P8,12	2481	2482
P163,6	2483	2484
P64,7	2485	2486
P175,1	2487	2488
P65,9	2489	2490
P110,7	2491	2491
P160,6	2492	2493
P28,10	2494	2494
P32,1	2495	2496
P69,1	2497	2498
P194,1	2499	2500
P130,6	2501	2502
P54,7	2503	2504
P41,9	2505	2506
P14,10	2507	2508
P112,6	2509	2510
P78,8	2511	2512
P180,1	2513	2514
P200,1	2515	2516
P155,1	2517	2518
P165,6	2519	2520
P172,5	2521	2521
P85,8	2522	2523
P167,7	2524	2525
P118,6	2526	2527
P145,6	2528	2529
P185,1	2530	2531
P52,1	2532	2533
P104,6	2534	2535
P122,5	2536	2537
P114,7	2538	2539
P174,5	2540	2540
P86,8	2541	2542
P91,7	2543	2544
P177,4	2545	2546
P120,7	2547	2548
P38,1	2549	2550
P115,1	2551	2552
P162,1	2553	2554
P186,1	2555	2556
P34,12	2557	2558
P35,8	2559	2560
P57,8	2561	2561
P39,8	2562	2563
P102,7	2564	2565
P73,1	2566	2567
P75,8	2568	2569
P68,9	2570	2571
P178,6	2572	2573
P123,6	2574	2575
P191,1	2576	2577
P16,10	2578	2578
P173,6	2579	2579
P90,7	2580	2581
P97,10	2582	2583
P149,6	2584	2585
P124,7	2586	2587
P93,7	2588	2589
P192,1	2590	2591
P197,1	2592	2593
P103,1	2594	2595
P131,6	2596	2597
P156,8	2598	2599
P96,7	2600	2600
P95,7	2601	2602
P105,1	2603	2604
P15,1	2605	2606
P136,5	2607	2608
P24,1	2609	2610
P27,1	2611	2612
P107,7	2613	2614
P43,1	2615	2616
P146,1	2617	2618
P127,8	2619	2619
P6,13	2620	2621
P184,1	2622	2623
P8,12	2624	2624
P48,9	2625	2626
P175,1	2627	2628
P160,6	2629	2630
P63,1	2631	2632
P81,1	2633	2634
P159,7	2635	2636
P79,7	2637	2638
P139,6	2639	2640
P110,8	2641	2641
P66,9	2642	2643
P54,7	2644	2644
P166,6	2645	2646
P199,1	2647	2648
P180,1	2649	2650
P200,1	2651	2652
P155,1	2653	2654
P112,7	2655	2656
P46,10	2657	2658
P140,7	2659	2659
P60,8	2660	2661
P167,7	2662	2662
P185,1	2663	2664
P52,1	2665	2666
P122,5	2667	2668
P114,7	2669	2670
P78,9	2671	2672
P118,7	2673	2674
P164,8	2675	2676
P172,6	2677	2678
P171,6	2679	2679
P55,9	2680	2681
P176,5	2682	2683
P190,1	2684	2685
P33,1	2686	2687
P137,1	2688	2689
P181,1	2690	2691
P116,8	2692	2693
P144,6	2694	2695
P120,8	2696	2697
P174,6	2698	2699
P71,10	2700	2701
P142,8	2702	2702
P35,8	2703	2704
P84,9	2705	2706
P170,7	2707	2707
P45,11	2708	2708
P75,8	2709	2710
P187,1	2711	2712
P18,13	2713	2713
P179,6	2714	2715
P173,7	2716	2717
P141,10	2718	2719
P149,6	2720	2721
P93,7	2722	2722
P192,1	2723	2724
P197,1	2725	2726
P103,1	2727	2728
P90,8	2729	2730
P150,7	2731	2732
P68,10	2733	2734
P49,11	2735	2736
P76,8	2737	2738
P105,1	2739	2740
P15,1	2741	2742
P136,5	2743	2743
P183,1	2744	2745
P92,1	2746	2747
P43,1	2748	2749
P146,1	2750	2751
P133,7	2752	2753
P56,10	2754	2754
P153,8	2755	2756
P96,8	2757	2758
P6,13	2759	2760
P184,1	2761	2762
P163,6	2763	2764
P198,1	2765	2766
P32,1	2767	2768
P69,1	2769	2770
P98,8	2771	2771
P64,8	2772	2773
P135,8	2774	2775
P127,9	2776	2776
P8,13	2777	2778
P139,6	2779	2779
P37,10	2780	2781
P199,1	2782	2783
P180,1	2784	2785
P200,1	2786	2787
P155,1	2788	2789
P46,10	2790	2791
P160,7	2792	2793
P66,10	2794	2795
P185,1	2796	2797
P52,1	2798	2799
P122,5	2800	2800
P114,7	2801	2802
P30,11	2803	2804
P2,15	2805	2806
P14,11	2807	2808
P41,10	2809	2810
P138,6	2811	2812
P130,8	2813	2814
P60,9	2815	2816
P134,8	2817	2818
P190,1	2819	2820
P33,1	2821	2822
P137,1	2823	2824
P181,1	2825	2826
P144,6	2827	2828
P147,7	2829	2830
P40,10	2831	2832
P47,10	2833	2833
P91,8	2834	2835
P104,8	2836	2837
P71,10	2838	2839
P73,1	2840	2841
P187,1	2842	2843
P179,6	2844	2845
P173,7	2846	2847
P39,9	2848	2849
P45,12	2850	2851
P170,8	2852	2853
P58,9	2854	2855
P151,6	2856	2856
P149,6	2857	2857
P196,1	2858	2859
P143,1	2860	2861
P90,8	2862	2863
P150,7	2864	2865
P97,11	2866	2867
P59,10	2868	2869
P94,9	2870	2871
P18,14	2872	2873
P124,8	2874	2875
P93,8	2876	2876
P1,1	2877	2878
P3,1	2879	2880
P183,1	2881	2882
P92,1	2883	2884
P43,1	2885	2886
P146,1	2887	2888
P153,8	2889	2890
P96,8	2891	2891
P156,9	2892	2893
P131,8	2894	2894
P132,6	2895	2896
P193,1	2897	2898
P175,1	2899	2900
P63,1	2901	2902
P81,1	2903	2904
P64,8	2905	2905
P135,8	2906	2906
P8,13	2907	2908
P95,9	2909	2909
P110,9	2910	2910
P37,10	2911	2912
P199,1	2913	2914
P180,1	2915	2916
P200,1	2917	2918
P155,1	2919	2920
P166,7	2921	2922
P83,1	2923	2924
P51,1	2925	2926
P111,9	2927	2927
P127,10	2928	2929
P117,9	2930	2931
P129,9	2932	2933
P164,8	2934	2935
P54,8	2936	2936
P41,10	2937	2938
P130,8	2939	2939
P60,9	2940	2941
P134,8	2942	2943
P118,8	2944	2945
P190,1	2946	2947
P33,1	2948	2949
P137,1	2950	2951
P181,1	2952	2953
P144,6	2954	2954
P147,7	2955	2956
P40,10	2957	2958
P91,8	2959	2960
P145,7	2961	2962
P176,6	2963	2964
P174,7	2965	2966
P47,11	2967	2968
P182,1	2969	2970
P191,1	2971	2972
P57,9	2973	2974
P39,9	2975	2976
P170,8	2977	2977
P89,8	2978	2979
P192,1	2980	2981
P126,8	2982	2983
P177,6	2984	2985
P143,1	2986	2987
P90,8	2988	2988
P68,10	2989	2989
P94,9	2990	2991
P75,9	2992	2993
P123,8	2994	2995
P1,1	2996	2997
P76,9	2998	2999
P150,8	3000	3001
P15,1	3002	3003
P24,1	3004	3005
P27,1	3006	3007
P188,1	3008	3009
P168,1	3010	3011
P153,8	3012	3013
P184,1	3014	3015
P59,11	3016	3017
P178,8	3018	3019
P84,11	3020	3021
P96,9	3022	3022
P175,1	3023	3024
P63,1	3025	3026
P81,1	3027	3028
P194,1	3029	3030
P125,1	3031	3032
P189,1	3033	3034
P152,1	3035	3036
P61,11	3037	3038
P133,9	3039	3040
P6,14	3041	3042
P155,1	3043	3044
P185,1	3045	3046
P52,1	3047	3048
P139,7	3049	3050
P195,1	3051	3052
P107,9	3053	3054
P127,11	3055	3056
P110,10	3057	3058
P160,8	3059	3060
P111,10	3061	3062
P171,7	3063	3063
P167,9	3064	3065
P38,1	3066	3067
P115,1	3068	3069
P162,1	3070	3071
P186,1	3072	3073
P40,10	3074	3075
P54,9	3076	3076
P164,9	3077	3078
P140,9	3079	3079
P78,11	3080	3081
P91,8	3082	3082
P73,1	3083	3084
P187,1	3085	3086
P55,10	3087	3088
P53,10	3089	3089
P45,12	3090	3091
P86,10	3092	3093
P71,11	3094	3095
P145,8	3096	3097
P142,9	3098	3099
P196,1	3100	3101
P58,10	3102	3103
P197,1	3104	3105
P103,1	3106	3107
P123,8	3108	3108
P1,1	3109	3110
P76,9	3111	3111
P176,7	3112	3113
P57,10	3114	3115
P124,9	3116	3117
P97,12	3118	3118
P150,8	3119	3119
P15,1	3120	3121
P24,1	3122	3123
P27,1	3124	3125
P188,1	3126	3127
P168,1	3128	3129
P184,1	3130	3131
P93,9	3132	3133
P156,10	3134	3135
P108,9	3136	3136
P198,1	3137	3138
P32,1	3139	3140
P69,1	3141	3142
P194,1	3143	3144
P125,1	3145	3146
P189,1	3147	3148
P152,1	3149	3150
P77,13	3151	3151
P158,7	3152	3153
P84,12	3154	3155
P59,12	3156	3157
P6,14	3158	3159
P83,1	3160	3161
P51,1	3162	3163
P129,9	3164	3165
P107,9	3166	3167
P127,11	3168	3169
P110,10	3170	3171
P117,10	3172	3173
P133,10	3174	3175
P112,9	3176	3176
P167,9	3177	3178
P38,1	3179	3180
P115,1	3181	3182
P162,1	3183	3184
P186,1	3185	3186
P98,11	3187	3188
P139,8	3189	3190
P37,12	3191	3192
P165,9	3193	3194
P78,11	3195	3196
P73,1	3197	3198
P187,1	3199	3200
P118,9	3201	3202
P85,10	3203	3204
P147,8	3205	3205
P40,11	3206	3207
P45,13	3208	3208
P91,9	3209	3209
P89,9	3210	3211
P196,1	3212	3213
P58,10	3214	3214
P143,1	3215	3216
P105,1	3217	3218
P179,7	3219	3220
P90,9	3221	3222
P124,9	3223	3224
P120,11	3225	3226
P145,9	3227	3228
P3,1	3229	3230
P183,1	3231	3232
P15,2	3233	3234
P188,1	3235	3236
P168,1	3237	3238
P184,1	3239	3240
P156,10	3241	3242
P198,1	3243	3244
P76,10	3245	3246
P150,9	3247	3248
P93,10	3249	3250
P94,11	3251	3252
P63,1	3253	3254
P81,1	3255	3256
P199,1	3257	3258
P180,1	3259	3260
P200,1	3261	3262
P132,7	3263	3264
P158,7	3265	3266
P84,12	3267	3268
P108,10	3269	3270
P155,1	3271	3272
P185,1	3273	3274
P52,1	3275	3276
P107,9	3277	3277
P8,14	3278	3278
P117,10	3279	3280
P133,10	3281	3282
P96,11	3283	3284
P135,10	3285	3285
P159,9	3286	3287
P33,1	3288	3289
P137,1	3290	3291
P181,1	3292	3293
P164,9	3294	3294
P171,8	3295	3296
P37,12	3297	3298
P134,9	3299	3300
P182,1	3301	3302
P127,12	3303	3304
P167,10	3305	3306
P111,11	3307	3308
P187,1	3309	3310
P118,9	3311	3311
P85,10	3312	3313
P172,8	3314	3315
P192,1	3316	3317
P197,1	3318	3319
P103,1	3320	3321
P45,14	3322	3322
P78,12	3323	3323
P89,10	3324	3324
P140,11	3325	3326
P91,10	3327	3328
P1,1	3329	3330
P90,9	3331	3331
P120,11	3332	3333
P145,9	3334	3335
P3,1	3336	3337
P183,1	3338	3339
P15,2	3340	3341
P188,1	3342	3343
P168,1	3344	3345
P55,12	3346	3347
P39,11	3348	3349
P124,10	3350	3351
P184,1	3352	3353
P149,8	3354	3355
P175,1	3356	3357
P102,10	3358	3359
P68,12	3360	3361
P32,1	3362	3363
P69,1	3364	3365
P194,1	3366	3367
P125,1	3368	3369
P180,1	3370	3371
P200,1	3372	3373
P178,9	3374	3375
P59,12	3376	3377
P155,1	3378	3379
P185,1	3380	3381
P52,1	3382	3383
P132,8	3384	3384
P158,8	3385	3385
P61,12	3386	3387
P117,10	3388	3389
P133,10	3390	3390
P96,11	3391	3392
P159,9	3393	3394
P33,1	3395	3396
P137,1	3397	3398
P181,1	3399	3400
P98,11	3401	3401
P108,11	3402	3403
P8,15	3404	3405
P73,1	3406	3407
P112,10	3408	3408
P167,10	3409	3410
P166,9	3411	3412
P191,1	3413	3414
P192,1	3415	3416
P197,1	3417	3418
P139,9	3419	3420
P85,11	3421	3422
P165,10	3423	3423
P143,1	3424	3425
P105,1	3426	3427
P14,13	3428	3429
P1,1	3430	3431
P3,1	3432	3433
P183,1	3434	3435
P89,11	3436	3437
P90,10	3438	3438
P54,12	3439	3440
P142,11	3441	3442
P15,2	3443	3444
P188,1	3445	3446
P168,1	3447	3448
P55,12	3449	3449
P58,11	3450	3451
P184,1	3452	3453
P198,1	3454	3455
P35,12	3456	3457
P147,10	3458	3459
P145,10	3460	3461
P57,11	3462	3463
P63,1	3464	3465
P81,1	3466	3467
P199,1	3468	3469
P156,11	3470	3471
P189,1	3472	3473
P152,1	3474	3475
P155,1	3476	3477
P68,13	3478	3479
P59,13	3480	3481
P49,14	3482	3483
P185,1	3484	3485
P52,1	3486	3487
P150,10	3488	3489
P190,1	3490	3491
P159,9	3492	3492
P38,1	3493	3494
P115,1	3495	3496
P93,11	3497	3498
P178,10	3499	3500
P84,13	3501	3502
P133,11	3503	3504
P181,1	3505	3506
P108,11	3507	3508
P8,15	3509	3510
P73,1	3511	3512
P167,10	3513	3513
P187,1	3514	3515
P192,1	3516	3517
P197,1	3518	3519
P158,9	3520	3521
P172,9	3522	3523
P139,9	3524	3525
P40,12	3526	3527
P143,1	3528	3529
P105,1	3530	3531
P1,1	3532	3533
P24,1	3534	3535
P163,10	3536	3537
P112,11	3538	3539
P53,12	3540	3541
P89,12	3542	3542
P54,12	3543	3544
P142,11	3545	3546
P15,2	3547	3548
P188,1	3549	3550
P168,1	3551	3552
P39,11	3553	3554
P184,1	3555	3556
P198,1	3557	3558
P35,12	3559	3559
P147,10	3560	3561
P14,14	3562	3563
P55,13	3564	3565
P179,8	3566	3567
P32,1	3568	3569
P69,1	3570	3571
P194,1	3572	3573
P125,1	3574	3575
P189,1	3576	3577
P152,1	3578	3579
P68,13	3580	3581
P102,11	3582	3583
P49,14	3584	3585
P185,1	3586	3587
P52,1	3588	3589
P150,10	3590	3591
P38,1	3592	3593
P115,1	3594	3595
P93,11	3596	3597
P124,12	3598	3599
P131,11	3600	3601
P133,11	3602	3603
P181,1	3604	3605
P108,11	3606	3606
P135,11	3607	3608
P73,1	3609	3610
P187,1	3611	3612
P192,1	3613	3614
P197,1	3615	3616
P178,11	3617	3618
P132,9	3619	3620
P98,12	3621	3622
P139,9	3623	3624
P86,11	3625	3626
P103,1	3627	3628
P1,1	3629	3630
P24,1	3631	3632
P163,10	3633	3634
P107,12	3635	3636
P111,12	3637	3638
P54,12	3639	3640
P142,11	3641	3642
P15,2	3643	3644
P188,1	3645	3646
P168,1	3647	3648
P184,1	3649	3650
P198,1	3651	3652
P40,13	3653	3654
P91,11	3655	3656
P118,11	3657	3657
P14,14	3658	3658
P57,11	3659	3659
P63,1	3660	3661
P81,1	3662	3663
P199,1	3664	3665
P180,1	3666	3667
P200,1	3668	3669
P89,13	3670	3671
P138,10	3672	3672
P176,10	3673	3673
P35,13	3674	3675
P155,1	3676	3677
P76,11	3678	3679
P185,1	3680	3681
P52,1	3682	3683
P190,1	3684	3685
P33,1	3686	3687
P137,1	3688	3689
P124,12	3690	3691
P150,11	3692	3692
P61,13	3693	3694
P84,13	3695	3695
P133,11	3696	3697
P181,1	3698	3699
P73,1	3700	3701
P187,1	3702	3703
P192,1	3704	3705
P197,1	3706	3707
P178,11	3708	3709
P108,12	3710	3711
P135,12	3712	3713
P64,11	3714	3715
P158,9	3716	3717
P172,9	3718	3719
P103,1	3720	3721
P1,1	3722	3723
P24,1	3724	3725
P112,11	3726	3726
P111,12	3727	3728
P86,12	3729	3730
P107,13	3731	3731
P27,1	3732	3733
P92,1	3734	3735
P43,1	3736	3737
P146,1	3738	3739
P193,1	3740	3741
P175,1	3742	3743
P91,11	3744	3744
P39,12	3745	3746
P171,11	3747	3747
P32,1	3748	3749
P69,1	3750	3751
P194,1	3752	3753
P125,1	3754	3755
P189,1	3756	3757
P152,1	3758	3759
P140,13	3760	3761
P35,13	3762	3763
P126,11	3764	3764
P54,13	3765	3766
P57,12	3767	3768
P83,1	3769	3770
P51,1	3771	3772
P195,1	3773	3774
P38,1	3775	3776
P115,1	3777	3778
P124,12	3779	3779
P102,12	3780	3781
P162,1	3782	3783
P176,11	3784	3785
P76,12	3786	3787
P73,1	3788	3789
P187,1	3790	3791
P192,1	3792	3793
P197,1	3794	3795
P108,12	3796	3796
P160,11	3797	3797
P64,11	3798	3799
P133,12	3800	3801
P172,10	3802	3802
P143,1	3803	3804
P105,1	3805	3806
P3,1	3807	3808
P183,1	3809	3810
P27,1	3811	3812
P92,1	3813	3814
P43,1	3815	3816
P146,1	3817	3818
P163,12	3819	3820
P85,13	3821	3822
P112,12	3823	3824
P193,1	3825	3826
P175,1	3827	3828
P39,12	3829	3830
P32,1	3831	3832
P69,1	3833	3834
P194,1	3835	3836
P125,1	3837	3838
P189,1	3839	3840
P152,1	3841	3842
P107,14	3843	3844
P147,12	3845	3846
P35,13	3847	3848
P54,13	3849	3850
P118,12	3851	3852
P185,1	3853	3854
P52,1	3855	3856
P190,1	3857	3858
P33,1	3859	3860
P137,1	3861	3862
P58,14	3863	3864
P179,10	3865	3865
P102,12	3866	3867
P162,1	3868	3869
P176,11	3870	3870
P76,12	3871	3872
P73,1	3873	3874
P187,1	3875	3876
P192,1	3877	3878
P197,1	3879	3880
P64,11	3881	3882
P159,11	3883	3884
P132,10	3885	3886
P103,1	3887	3888
P1,1	3889	3890
P24,1	3891	3892
P27,1	3893	3894
P92,1	3895	3896
P43,1	3897	3898
P146,1	3899	3900
P108,13	3901	3902
P172,11	3903	3904
P96,14	3905	3906
P184,1	3907	3908
P198,1	3909	3910
P71,13	3911	3911
P32,1	3912	3913
P69,1	3914	3915
P194,1	3916	3917
P125,1	3918	3919
P189,1	3920	3921
P152,1	3922	3923
P91,12	3924	3925
P155,1	3926	3927
P185,1	3928	3929
P52,1	3930	3931
P190,1	3932	3933
P35,14	3934	3934
P53,14	3935	3935
P107,15	3936	3937
P115,1	3938	3939
P89,14	3940	3941
P126,12	3942	3943
P181,1	3944	3945
P73,1	3946	3947
P187,1	3948	3949
P192,1	3950	3951
P118,13	3952	3952
P176,12	3953	3954
P160,12	3955	3956
P143,1	3957	3958
P105,1	3959	3960
P3,1	3961	3962
P183,1	3963	3964
P15,2	3965	3966
P188,1	3967	3968
P168,1	3969	3970
P102,13	3971	3971
P146,1	3972	3973
P108,13	3974	3975
P96,14	3976	3977
P193,1	3978	3979
P175,1	3980	3981
P63,1	3982	3983
P81,1	3984	3985
P199,1	3986	3987
P133,13	3988	3989
P132,11	3990	3991
P180,1	3992	3993
P200,1	3994	3995
P111,13	3996	3997
P155,1	3998	3999
P185,1	4000	4001
P52,1	4002	4003
P190,1	4004	4005
P140,14	4006	4007
P115,1	4008	4009
P71,14	4010	4010
P137,1	4011	4012
P58,14	4013	4014
P181,1	4015	4016
P73,1	4017	4018
P187,1	4019	4020
P192,1	4021	4022
P145,12	4023	4024
P197,1	4025	4026
P103,1	4027	4028
P35,15	4029	4029
P1,1	4030	4031
P24,1	4032	4033
P27,1	4034	4035
P92,1	4036	4037
P43,1	4038	4039
P179,11	4040	4041
P146,1	4042	4043
P172,11	4044	4045
P193,1	4046	4047
P160,13	4048	4049
P198,1	4050	4051
P32,1	4052	4053
P69,1	4054	4055
P194,1	4056	4057
P125,1	4058	4059
P132,11	4060	4061
P180,1	4062	4063
P200,1	4064	4065
P155,1	4066	4067
P112,13	4068	4069
P185,1	4070	4071
P52,1	4072	4073
P190,1	4074	4075
P140,14	4076	4077
P98,14	4078	4079
P162,1	4080	4081
P186,1	4082	4083
P182,1	4084	4085
P91,13	4086	4087
P191,1	4088	4089
P196,1	4090	4091
P176,12	4092	4093
P143,1	4094	4095
P105,1	4096	4097
P3,1	4098	4099
P183,1	4100	4101
P15,2	4102	4103
P188,1	4104	4105
P147,14	4106	4107
P179,11	4108	4109
P184,1	4110	4111
P118,14	4112	4113
P102,14	4114	4115
P175,1	4116	4117
P63,1	4118	4119
P81,1	4120	4121
P199,1	4122	4123
P172,12	4124	4125
P180,1	4126	4127
P200,1	4128	4129
P155,1	4130	4131
P112,13	4132	4133
P185,1	4134	4135
P195,1	4136	4137
P51,2	4138	4139
P115,1	4140	4141
P86,15	4142	4143
P98,15	4144	4145
P162,1	4146	4147
P186,1	4148	4149
P182,1	4150	4151
P191,1	4152	4153
P196,1	4154	4155
P143,1	4156	4157
P105,1	4158	4159
P3,1	4160	4161
P24,1	4162	4163
P27,1	4164	4165
P92,1	4166	4167
P43,1	4168	4169
P168,1	4170	4171
P184,1	4172	4173
P118,14	4174	4174
P160,13	4175	4176
P175,1	4177	4178
P63,1	4179	4180
P69,1	4181	4182
P194,1	4183	4184
P125,1	4185	4186
P189,1	4187	4188
P152,1	4189	4190
P158,11	4191	4192
P185,1	4193	4194
P195,1	4195	4196
P51,2	4197	4198
P102,15	4199	4200
P115,1	4201	4202
P132,12	4203	4203
P137,1	4204	4205
P181,1	4206	4207
P73,1	4208	4209
P187,1	4210	4211
P192,1	4212	4213
P197,1	4214	4215
P103,1	4216	4217
P1,1	4218	4219
P24,1	4220	4221
P183,1	4222	4223
P15,2	4224	4225
P188,1	4226	4227
P168,1	4228	4229
P184,1	4230	4231
P198,1	4232	4233
P32,1	4234	4235
P176,13	4236	4237
P81,1	4238	4239
P199,1	4240	4241
P180,1	4242	4243
P200,1	4244	4245
P155,1	4246	4247
P52,1	4248	4249
P190,1	4250	4251
P179,12	4252	4253
P160,14	4254	4255
P38,1	4256	4257
P137,1	4258	4259
P181,1	4260	4261
P73,1	4262	4263
P187,1	4264	4265
P192,1	4266	4267
P197,1	4268	4269
P103,1	4270	4271
P1,1	4272	4273
P145,13	4274	4275
P3,2	4276	4277
P27,1	4278	4279
P92,1	4280	4281
P43,1	4282	4283
P146,1	4284	4285
P193,1	4286	4287
P175,1	4288	4289
P63,1	4290	4291
P69,1	4292	4293
P194,1	4294	4295
P125,1	4296	4297
P189,1	4298	4299
P152,1	4300	4301
P185,1	4302	4303
P195,1	4304	4305
P51,2	4306	4307
P160,14	4308	4308
P38,1	4309	4310
P137,1	4311	4312
P162,1	4313	4314
P186,1	4315	4316
P182,1	4317	4318
P191,1	4319	4320
P196,1	4321	4322
P143,1	4323	4324
P105,1	4325	4326
P163,15	4327	4328
P3,2	4329	4330
P27,1	4331	4332
P92,1	4333	4334
P43,1	4335	4336
P146,1	4337	4338
P193,1	4339	4340
P175,1	4341	4342
P63,1	4343	4344
P81,1	4345	4346
P199,1	4347	4348
P180,1	4349	4350
P176,14	4351	4352
P152,1	4353	4354
P185,1	4355	4356
P195,1	4357	4358
P51,2	4359	4360
P115,1	4361	4362
P162,1	4363	4364
P186,1	4365	4366
P182,1	4367	4368
P187,1	4369	4370
P192,1	4371	4372
P197,1	4373	4374
P103,1	4375	4376
P1,2	4377	4378
P3,2	4379	4380
P27,1	4381	4382
P92,1	4383	4384
P43,1	4385	4386
P146,1	4387	4388
P184,1	4389	4390
P198,1	4391	4392
P32,1	4393	4394
P69,1	4395	4396
P194,1	4397	4398
P125,1	4399	4400
P189,1	4401	4402
P200,1	4403	4404
P155,1	4405	4406
P52,1	4407	4408
P190,1	4409	4410
P38,1	4411	4412
P137,1	4413	4414
P181,1	4415	4416
P73,1	4417	4418
P158,14	4419	4420
P191,1	4421	4422
P196,1	4423	4424
P143,1	4425	4426
P105,1	4427	4428
P24,1	4429	4430
P183,1	4431	4432
P15,2	4433	4434
P188,1	4435	4436
P168,1	4437	4438
P184,1	4439	4439
P198,1	4440	4441
P32,1	4442	4443
P69,1	4444	4445
P194,1	4446	4447
P179,14	4448	4449
P180,1	4450	4451
P176,14	4452	4452
P200,1	4453	4454
P155,1	4455	4456
P52,1	4457	4458
P190,1	4459	4460
P38,1	4461	4462
P137,1	4463	4464
P181,1	4465	4466
P73,1	4467	4468
P187,1	4469	4470
P192,1	4471	4472
P197,1	4473	4474
P103,1	4475	4476
P1,2	4477	4478
P3,2	4479	4480
P27,1	4481	4482
P92,1	4483	4484
P43,1	4485	4486
P146,1	4487	4488
P193,1	4489	4490
P175,1	4491	4492
P63,1	4493	4494
P81,1	4495	4496
P199,1	4497	4498
P125,1	4499	4500
P189,1	4501	4502
P152,1	4503	4504
P185,1	4505	4506
P195,1	4507	4508
P190,1	4509	4510
P38,1	4511	4512
P137,1	4513	4514
P181,1	4515	4516
P73,1	4517	4518
P187,1	4519	4520
P192,1	4521	4522
P197,1	4523	4524
P103,1	4525	4526
P1,2	4527	4528
P3,2	4529	4530
P27,1	4531	4532
P92,1	4533	4534
P43,1	4535	4536
P146,1	4537	4538
P193,1	4539	4540
P175,1	4541	4542
P63,1	4543	4544
P81,1	4545	4546
P199,1	4547	4548
P125,1	4549	4550
P189,1	4551	4552
P152,1	4553	4554
P185,1	4555	4556
P195,1	4557	4558
P51,2	4559	4560
P115,1	4561	4562
P162,1	4563	4564
P186,1	4565	4566
P182,1	4567	4568
P191,1	4569	4570
P196,1	4571	4572
P143,1	4573	4573
P105,1	4574	4575
P24,1	4576	4577
P183,1	4578	4579
P15,2	4580	4581
P188,1	4582	4583
P168,1	4584	4585
P184,2	4586	4587
P198,1	4588	4589
P32,1	4590	4591
P69,1	4592	4593
P194,1	4594	4595
P125,1	4596	4597
P189,1	4598	4599
P152,1	4600	4601
P185,1	4602	4603
P195,1	4604	4605
P143,2	4606	4607
P51,2	4608	4609
P115,1	4610	4611
P162,1	4612	4613
P186,1	4614	4615
P182,1	4616	4617
P192,1	4618	4619
P197,1	4620	4621
P105,1	4622	4623
P24,1	4624	4625
P183,1	4626	4627
P27,1	4628	4629
P92,1	4630	4631
P43,1	4632	4633
P146,1	4634	4635
P193,1	4636	4637
P175,1	4638	4639
P63,1	4640	4640
P69,1	4641	4642
P194,1	4643	4644
P125,1	4645	4646
P189,1	4647	4648
P152,1	4649	4650
P185,1	4651	4652
P195,1	4653	4654
P143,2	4655	4656
P51,2	4657	4658
P115,1	4659	4660
P162,1	4661	4662
P186,1	4663	4664
P182,1	4665	4666
P192,1	4667	4668
P197,1	4669	4670
P105,1	4671	4672
P24,1	4673	4674
P183,1	4675	4676
P15,2	4677	4678
P188,1	4679	4680
P168,1	4681	4682
P184,2	4683	4684
P198,1	4685	4686
P32,1	4687	4688
P81,1	4689	4690
P199,1	4691	4692
P180,1	4693	4694
P200,1	4695	4696
P155,1	4697	4698
P52,1	4699	4700
P187,2	4701	4702
P190,1	4703	4704
P38,1	4705	4706
P137,1	4707	4708
P181,1	4709	4710
P73,1	4711	4712
P191,1	4713	4714
P196,1	4715	4716
P103,1	4717	4718
P1,2	4719	4720
P3,2	4721	4722
P27,1	4723	4723
P15,2	4724	4725
P188,1	4726	4727
P168,1	4728	4729
P184,2	4730	4731
P198,1	4732	4733
P32,1	4734	4735
P81,1	4736	4737
P199,1	4738	4739
P180,1	4740	4741
P200,1	4742	4743
P155,1	4744	4745
P52,1	4746	4747
P187,2	4748	4749
P190,1	4750	4751
P38,1	4752	4753
P137,1	4754	4755
P181,1	4756	4757
P73,1	4758	4759
P191,1	4760	4761
P196,1	4762	4763
P103,1	4764	4765
P1,2	4766	4767
P3,2	4768	4769
P15,2	4770	4771
P188,1	4772	4773
P168,1	4774	4774
P184,2	4775	4776
P198,1	4777	4778
P69,1	4779	4780
P194,1	4781	4782
P199,1	4783	4784
P180,1	4785	4786
P200,1	4787	4788
P155,1	4789	4790
P52,1	4791	4792
P187,2	4793	4794
P190,1	4795	4796
P38,1	4797	4798
P137,1	4799	4800
P181,1	4801	4802
P73,1	4803	4804
P191,1	4805	4806
P196,1	4807	4808
P103,1	4809	4810
P1,2	4811	4812
P3,2	4813	4814
P15,2	4815	4816
P188,1	4817	4818
P146,1	4819	4820
P193,1	4821	4822
P69,1	4823	4824
P194,1	4825	4826
P199,1	4827	4828
P180,1	4829	4830
P200,1	4831	4832
P155,1	4833	4834
P52,1	4835	4836
P187,2	4837	4838
P190,1	4839	4840
P38,1	4841	4842
P137,1	4843	4844
P181,1	4845	4846
P73,1	4847	4848
P191,1	4849	4850
P196,1	4851	4852
P103,1	4853	4854
P1,2	4855	4856
P3,2	4857	4858
P15,2	4859	4860
P188,1	4861	4862
P146,1	4863	4864
P193,1	4865	4866
P69,1	4867	4868
P194,1	4869	4870
P199,1	4871	4872
P180,1	4873	4874
P200,1	4875	4876
P155,1	4877	4878
P195,1	4879	4880
P185,2	4881	4882
P190,1	4883	4884
P38,1	4885	4886
P137,1	4887	4888
P181,1	4889	4890
P73,1	4891	4892
P191,1	4893	4894
P196,1	4895	4896
P105,1	4897	4898
P24,1	4899	4900
P197,2	4901	4902
P15,2	4903	4904
P188,1	4905	4906
P146,1	4907	4908
P193,1	4909	4910
P69,1	4911	4912
P194,1	4913	4914
P199,1	4915	4916
P180,1	4917	4918
P200,1	4919	4920
P155,1	4921	4922
P195,1	4923	4924
P185,2	4925	4926
P190,1	4927	4928
P38,1	4929	4930
P137,1	4931	4932
P181,1	4933	4934
P73,1	4935	4936
P191,1	4937	4938
P196,1	4939	4940
P105,1	4941	4942
P24,1	4943	4944
P197,2	4945	4946
P15,2	4947	4948
P188,1	4949	4950
P146,1	4951	4952
P193,1	4953	4954
P69,1	4955	4956
P194,1	4957	4958
P199,1	4959	4960
P180,1	4961	4962
P200,1	4963	4964
P155,1	4965	4966
P195,1	4967	4968
P185,2	4969	4970
P190,1	4971	4972
P38,1	4973	4974
P137,1	4975	4976
P181,1	4977	4978
P73,1	4979	4980
P191,1	4981	4982
P192,1	4983	4984
P103,1	4985	4986
P1,2	4987	4988
P3,2	4989	4990
P183,1	4991	4992
P188,1	4993	4994
P146,1	4995	4996
P193,1	4997	4998
P69,1	4999	5000
P194,1	5001	5002
P199,1	5003	5004
P180,1	5005	5006
P200,1	5007	5008
P155,1	5009	5010
P195,1	5011	5012
P185,2	5013	5014
P190,1	5015	5016
P38,1	5017	5018
P137,1	5019	5020
P181,1	5021	5022
P73,1	5023	5024
P191,1	5025	5026
P192,1	5027	5028
P103,1	5029	5030
P24,1	5031	5032
P197,2	5033	5034
P15,2	5035	5036
P43,1	5037	5038
P184,2	5039	5040
P198,2	5041	5042
P81,1	5043	5044
P175,2	5045	5046
P125,1	5047	5048
P189,1	5049	5050
P152,1	5051	5052
P52,1	5053	5054
P187,2	5055	5056
P143,2	5057	5058
P51,2	5059	5060
P115,1	5061	5062
P162,1	5063	5064
P186,1	5065	5066
P182,1	5067	5068
P92,2	5069	5070
P196,1	5071	5072
P1,2	5073	5074
P3,2	5075	5076
P183,1	5077	5078
P188,1	5079	5080
P146,1	5081	5082
P193,1	5083	5084
P69,1	5085	5086
P194,1	5087	5088
P199,1	5089	5090
P180,1	5091	5092
P200,1	5093	5094
P155,1	5095	5096
P195,1	5097	5098
P185,2	5099	5100
P190,1	5101	5102
P38,1	5103	5104
P137,1	5105	5106
P181,1	5107	5108
P73,1	5109	5110
P191,1	5111	5112
P192,1	5113	5114
P103,1	5115	5116
P24,1	5117	5118
P197,2	5119	5120
P15,2	5121	5122
P43,1	5123	5124
P184,2	5125	5126
P198,2	5127	5128
P81,1	5129	5130
P175,2	5131	5132
P125,1	5133	5134
P189,1	5135	5136
P152,1	5137	5138
P52,1	5139	5140
P187,2	5141	5142
P143,2	5143	5144
P51,2	5145	5146
P115,1	5147	5148
P162,1	5149	5150
P186,1	5151	5152
P182,1	5153	5154
P92,2	5155	5156
P196,1	5157	5158
P1,2	5159	5160
P3,2	5161	5162
P183,1	5163	5164
P188,1	5165	5166
P184,2	5167	5168
P198,2	5169	5170
P69,1	5171	5172
P194,1	5173	5174
P199,1	5175	5176
P180,1	5177	5178
P200,1	5179	5180
P155,1	5181	5182
P195,1	5183	5184
P185,2	5185	5186
P190,1	5187	5188
P38,1	5189	5190
P137,1	5191	5192
P181,1	5193	5194
P73,1	5195	5196
P191,1	5197	5198
P192,1	5199	5200
P103,1	5201	5202
P24,1	5203	5204
P197,2	5205	5206
P15,2	5207	5208
P146,1	5209	5210
P193,1	5211	5212
P43,2	5213	5214
P81,1	5215	5216
P175,2	5217	5218
P125,1	5219	5220
P189,1	5221	5222
P152,1	5223	5224
P52,1	5225	5226
P187,2	5227	5228
P143,2	5229	5230
P51,2	5231	5232
P115,1	5233	5234
P181,1	5235	5236
P73,1	5237	5238
P182,1	5239	5240
P92,2	5241	5242
P196,1	5243	5244
P1,2	5245	5246
P3,2	5247	5248
P183,1	5249	5250
P188,1	5251	5252
P184,2	5253	5254
P198,2	5255	5256
P69,1	5257	5258
P194,1	5259	5260
P199,1	5261	5262
P180,1	5263	5264
P200,1	5265	5266
P155,1	5267	5268
P195,1	5269	5270
P185,2	5271	5272
P190,1	5273	5274
P38,1	5275	5276
P137,1	5277	5278
P186,1	5279	5280
P162,2	5281	5282
P191,1	5283	5284
P196,1	5285	5286
P1,2	5287	5288
P3,2	5289	5290
P183,1	5291	5292
P188,1	5293	5294
P184,2	5295	5296
P198,2	5297	5298
P69,1	5299	5300
P175,2	5301	5302
P125,1	5303	5304
P189,1	5305	5306
P152,1	5307	5308
P52,1	5309	5310
P187,2	5311	5312
P143,2	5313	5314
P51,2	5315	5316
P137,1	5317	5318
P186,1	5319	5320
P162,2	5321	5322
P191,1	5323	5324
P196,1	5325	5326
P1,2	5327	5328
P3,2	5329	5330
P183,1	5331	5332
P146,1	5333	5334
P193,1	5335	5336
P43,2	5337	5338
P194,1	5339	5340
P199,1	5341	5342
P180,1	5343	5344
P200,1	5345	5346
P155,1	5347	5348
P195,1	5349	5350
P185,2	5351	5352
P190,1	5353	5354
P115,1	5355	5356
P181,1	5357	5358
P73,1	5359	5360
P182,1	5361	5362
P92,2	5363	5364
P103,1	5365	5366
P24,1	5367	5368
P197,2	5369	5370
P188,1	5371	5372
P184,2	5373	5374
P198,2	5375	5376
P69,1	5377	5378
P175,2	5379	5380
P125,1	5381	5382
P189,1	5383	5384
P152,1	5385	5386
P52,1	5387	5388
P187,2	5389	5390
P143,2	5391	5392
P51,2	5393	5394
P137,1	5395	5396
P186,1	5397	5398
P162,2	5399	5400
P191,1	5401	5402
P196,1	5403	5404
P1,2	5405	5406
P3,2	5407	5408
P183,1	5409	5410
P146,1	5411	5412
P193,1	5413	5414
P43,2	5415	5416
P175,2	5417	5418
P125,1	5419	5420
P189,1	5421	5422
P152,1	5423	5424
P52,1	5425	5426
P187,2	5427	5428
P143,2	5429	5430
P51,2	5431	5432
P137,1	5433	5434
P186,1	5435	5436
P162,2	5437	5438
P191,1	5439	5440
P196,1	5441	5442
P1,2	5443	5444
P3,2	5445	5446
P183,1	5447	5448
P146,1	5449	5450
P193,1	5451	5452
P43,2	5453	5454
P175,2	5455	5456
P125,1	5457	5458
P189,1	5459	5460
P152,1	5461	5462
P52,1	5463	5464
P187,2	5465	5466
P143,2	5467	5468
P51,2	5469	5470
P137,1	5471	5472
P186,1	5473	5474
P162,2	5475	5476
P191,1	5477	5478
P196,1	5479	5480
P1,2	5481	5482
P3,2	5483	5484
P183,1	5485	5486
P146,1	5487	5488
P193,1	5489	5490
P43,2	5491	5492
P175,2	5493	5494
P125,1	5495	5496
P189,1	5497	5498
P152,1	5499	5500
P52,1	5501	5502
P187,2	5503	5504
P143,2	5505	5506
P51,2	5507	5508
P137,1	5509	5510
P186,1	5511	5512
P162,2	5513	5514
P191,1	5515	5516
P196,1	5517	5518
P1,2	5519	5520
P3,2	5521	5522
P183,1	5523	5524
P146,1	5525	5526
P193,1	5527	5528
P43,2	5529	5530
P175,2	5531	5532
P125,1	5533	5534
P189,1	5535	5536
P152,1	5537	5538
P52,1	5539	5540
P187,2	5541	5542
P143,2	5543	5544
P51,2	5545	5546
P137,1	5547	5548
P186,1	5549	5550
P162,2	5551	5552
P191,1	5553	5554
P196,1	5555	5556
P1,2	5557	5558
P3,2	5559	5560
P183,1	5561	5562
P146,1	5563	5564
P193,1	5565	5566
P43,2	5567	5568
P175,2	5569	5570
P125,1	5571	5572
P189,1	5573	5574
P152,1	5575	5576
P52,1	5577	5578
P187,2	5579	5580
P143,2	5581	5582
P51,2	5583	5584
P137,1	5585	5586
P186,1	5587	5588
P162,2	5589	5590
P191,1	5591	5592
P196,1	5593	5594
P1,2	5595	5596
P3,2	5597	5598
P183,1	5599	5600
P146,1	5601	5602
P193,1	5603	5604
P43,2	5605	5606
P175,2	5607	5608
P125,1	5609	5610
P189,1	5611	5612
P152,1	5613	5614
P195,1	5615	5616
P187,2	5617	5618
P143,2	5619	5620
P51,2	5621	5622
P137,1	5623	5624
P186,1	5625	5626
P162,2	5627	5628
P191,1	5629	5630
P196,1	5631	5632
P1,2	5633	5634
P3,2	5635	5636
P183,1	5637	5638
P146,1	5639	5640
P193,1	5641	5642
P43,2	5643	5644
P175,2	5645	5646
P125,1	5647	5648
P189,1	5649	5650
P152,1	5651	5652
P195,1	5653	5654
P187,2	5655	5656
P143,2	5657	5658
P51,2	5659	5660
P137,1	5661	5662
P186,1	5663	5664
P162,2	5665	5666
P191,1	5667	5668
P196,1	5669	5670
P1,2	5671	5672
P3,2	5673	5674
P183,1	5675	5676
P146,1	5677	5678
P193,1	5679	5680
P43,2	5681	5682
P175,2	5683	5684
P125,1	5685	5686
P189,1	5687	5688
P152,1	5689	5690
P195,1	5691	5692
P187,2	5693	5694
P143,2	5695	5696
P51,2	5697	5698
P137,1	5699	5700
P186,1	5701	5702
P162,2	5703	5704
P191,1	5705	5706
P196,1	5707	5708
P1,2	5709	5710
P3,2	5711	5712
P183,1	5713	5714
P146,1	5715	5716
P193,1	5717	5718
P43,2	5719	5720
P175,2	5721	5722
P125,1	5723	5724
P189,1	5725	5726
P152,1	5727	5728
P195,1	5729	5730
P187,2	5731	5732
P143,2	5733	5734
P51,2	5735	5736
P137,1	5737	5738
P186,1	5739	5740
P162,2	5741	5742
P191,1	5743	5744
P196,1	5745	5746
P1,2	5747	5748
P3,2	5749	5750
P183,1	5751	5752
P146,1	5753	5754
P193,1	5755	5756
P43,2	5757	5758
P175,2	5759	5760
P125,1	5761	5762
P189,1	5763	5764
P152,1	5765	5766
P195,1	5767	5768
P187,2	5769	5770
P143,2	5771	5772
P51,2	5773	5774
P137,1	5775	5776
P186,1	5777	5778
P162,2	5779	5780
P191,1	5781	5782
P103,1	5783	5784
P24,1	5785	5786
P197,2	5787	5788
P188,1	5789	5790
P184,2	5791	5792
P198,2	5793	5794
P69,1	5795	5796
P199,1	5797	5798
P180,1	5799	5800
P200,1	5801	5802
P155,1	5803	5804
P52,2	5805	5806
P185,2	5807	5808
P190,1	5809	5810
P115,1	5811	5812
P181,1	5813	5814
P73,1	5815	5816
P182,1	5817	5818
P92,2	5819	5820
P1,2	5821	5822
P3,2	5823	5824
P183,1	5825	5826
P146,1	5827	5828
P193,1	5829	5830
P43,2	5831	5832
P175,2	5833	5834
P125,1	5835	5836
P189,1	5837	5838
P152,1	5839	5840
P195,1	5841	5842
P187,2	5843	5844
P143,2	5845	5846
P51,2	5847	5848
P137,1	5849	5850
P186,1	5851	5852
P162,2	5853	5854
P191,1	5855	5856
P103,1	5857	5858
P24,1	5859	5860
P197,2	5861	5862
P188,1	5863	5864
P184,2	5865	5866
P198,2	5867	5868
P69,1	5869	5870
P199,1	5871	5872
P180,1	5873	5874
P200,1	5875	5876
P155,1	5877	5878
P52,2	5879	5880
P185,2	5881	5882
P190,1	5883	5884
P115,1	5885	5886
P181,1	5887	5888
P73,1	5889	5890
P182,1	5891	5892
P92,2	5893	5894
P1,2	5895	5896
P3,2	5897	5898
P183,1	5899	5900
P146,1	5901	5902
P193,1	5903	5904
P43,2	5905	5906
P175,2	5907	5908
P125,1	5909	5910
P189,1	5911	5912
P152,1	5913	5914
P195,1	5915	5916
P187,2	5917	5918
P143,2	5919	5920
P51,2	5921	5922
P137,1	5923	5924
P186,1	5925	5926
P162,2	5927	5928
P191,1	5929	5930
P103,1	5931	5932
P24,1	5933	5934
P197,2	5935	5936
P188,1	5937	5938
P184,2	5939	5940
P198,2	5941	5942
P69,1	5943	5944
P199,1	5945	5946
P180,1	5947	5948
P200,1	5949	5950
P155,1	5951	5952
P52,2	5953	5954
P185,2	5955	5956
P190,1	5957	5958
P115,1	5959	5960
P181,1	5961	5962
P73,1	5963	5964
P182,1	5965	5966
P92,2	5967	5968
P1,2	5969	5970
P3,2	5971	5972
P183,1	5973	5974
P146,1	5975	5976
P193,1	5977	5978
P43,2	5979	5980
P175,2	5981	5982
P125,1	5983	5984
P189,1	5985	5986
P152,1	5987	5988
P195,1	5989	5989
P187,2	5990	5991
P143,2	5992	5993
P51,2	5994	5995
P137,1	5996	5997
P186,1	5998	5999
P162,2	6000	6001
P191,1	6002	6003
P103,1	6004	6005
P3,2	6006	6007
P183,1	6008	6009
P188,1	6010	6011
P184,2	6012	6013
P198,2	6014	6015
P69,1	6016	6017
P199,1	6018	6019
P180,1	6020	6021
P200,1	6022	6023
P155,1	6024	6025
P187,2	6026	6027
P143,2	6028	6029
P115,1	6030	6031
P190,2	6032	6033
P186,1	6034	6035
P162,2	6036	6037
P191,1	6038	6039
P103,1	6040	6041
P197,2	6042	6043
P24,2	6044	6045
P146,1	6046	6047
P193,1	6048	6049
P43,2	6050	6051
P175,2	6052	6053
P125,1	6054	6055
P189,1	6056	6057
P152,1	6058	6059
P52,2	6060	6061
P185,2	6062	6063
P51,2	6064	6065
P137,1	6066	6067
P181,1	6068	6069
P73,1	6070	6071
P182,1	6072	6073
P92,2	6074	6075
P1,2	6076	6077
P183,1	6078	6079
P188,1	6080	6081
P184,2	6082	6083
P198,2	6084	6085
P69,1	6086	6087
P199,1	6088	6089
P189,1	6090	6091
P152,1	6092	6093
P155,1	6094	6095
P187,2	6096	6097
P143,2	6098	6099
P115,1	6100	6100
P190,2	6101	6102
P186,1	6103	6104
P162,2	6105	6106
P191,1	6107	6108
P103,1	6109	6110
P197,2	6111	6112
P24,2	6113	6114
P146,1	6115	6116
P193,1	6117	6118
P43,2	6119	6120
P199,1	6121	6122
P189,1	6123	6124
P69,2	6125	6126
P180,2	6127	6128
P52,2	6129	6130
P185,2	6131	6132
P51,2	6133	6134
P190,2	6135	6136
P186,1	6137	6138
P162,2	6139	6140
P191,1	6141	6142
P103,1	6143	6144
P183,1	6145	6146
P188,1	6147	6148
P184,2	6149	6150
P198,2	6151	6152
P175,2	6153	6154
P125,1	6155	6156
P200,1	6157	6158
P152,1	6159	6160
P155,1	6161	6162
P187,2	6163	6164
P143,2	6165	6166
P137,1	6167	6168
P181,1	6169	6170
P73,1	6171	6172
P182,1	6173	6174
P92,2	6175	6176
P197,2	6177	6178
P24,2	6179	6180
P146,1	6181	6182
P193,1	6183	6184
P43,2	6185	6186
P199,1	6187	6188
P189,1	6189	6190
P69,2	6191	6192
P180,2	6193	6194
P52,2	6195	6196
P185,2	6197	6198
P51,2	6199	6200
P190,2	6201	6202
P186,1	6203	6204
P162,2	6205	6206
P191,1	6207	6208
P103,1	6209	6210
P183,1	6211	6212
P146,1	6213	6214
P193,1	6215	6216
P43,2	6217	6218
P199,1	6219	6220
P189,1	6221	6222
P69,2	6223	6224
P180,2	6225	6226
P52,2	6227	6228
P185,2	6229	6230
P51,2	6231	6232
P190,2	6233	6234
P186,1	6235	6236
P162,2	6237	6238
P191,1	6239	6240
P103,1	6241	6242
P183,1	6243	6244
P146,1	6245	6246
P193,1	6247	6248
P43,2	6249	6250
P199,1	6251	6252
P200,1	6253	6254
P152,1	6255	6256
P155,1	6257	6258
P187,2	6259	6260
P143,2	6261	6262
P137,1	6263	6264
P181,1	6265	6266
P162,2	6267	6268
P92,2	6269	6270
P197,2	6271	6272
P24,2	6273	6274
P184,2	6275	6276
P198,2	6277	6278
P175,2	6279	6280
P125,1	6281	6282
P69,2	6283	6284
P180,2	6285	6286
P52,2	6287	6288
P187,2	6289	6290
P143,2	6291	6292
P137,1	6293	6294
P181,1	6295	6296
P162,2	6297	6298
P92,2	6299	6300
P197,2	6301	6302
P24,2	6303	6304
P193,1	6305	6306
P43,2	6307	6308
P199,1	6309	6310
P200,1	6311	6312
P152,1	6313	6314
P155,1	6315	6316
P182,2	6317	6318
P185,2	6319	6320
P51,2	6321	6322
P190,2	6323	6324
P73,1	6325	6326
P191,1	6327	6328
P103,1	6329	6330
P183,1	6331	6332
P146,1	6333	6334
P198,2	6335	6336
P175,2	6337	6338
P125,1	6339	6340
P69,2	6341	6342
P180,2	6343	6344
P52,2	6345	6346
P187,2	6347	6348
P143,2	6349	6350
P137,1	6351	6352
P181,1	6353	6354
P162,2	6355	6356
P92,2	6357	6358
P183,1	6359	6360
P146,1	6361	6362
P198,2	6363	6364
P175,2	6365	6366
P200,1	6367	6368
P152,1	6369	6370
P180,2	6371	6372
P52,2	6373	6374
P187,2	6375	6376
P143,2	6377	6378
P137,1	6379	6380
P181,1	6381	6382
P162,2	6383	6384
P92,2	6385	6386
P183,1	6387	6388
P146,1	6389	6390
P198,2	6391	6392
P175,2	6393	6394
P200,1	6395	6396
P152,1	6397	6398
P180,2	6399	6400
P52,2	6401	6402
P187,2	6403	6404
P143,2	6405	6406
P137,1	6407	6408
P181,1	6409	6410
P162,2	6411	6412
P92,2	6413	6414
P183,1	6415	6416
P146,1	6417	6418
P198,2	6419	6420
P175,2	6421	6422
P200,1	6423	6424
P152,1	6425	6426
P180,2	6427	6428
P52,2	6429	6430
P187,2	6431	6432
P143,2	6433	6434
P137,1	6435	6436
P181,1	6437	6438
P191,1	6439	6440
P103,1	6441	6442
P24,2	6443	6444
P193,1	6445	6446
P43,2	6447	6448
P199,1	6449	6450
P69,2	6451	6452
P125,2	6453	6454
P155,1	6455	6456
P182,2	6457	6458
P185,2	6459	6460
P51,2	6461	6462
P190,2	6463	6464
P162,2	6465	6466
P92,2	6467	6468
P183,1	6469	6470
P146,1	6471	6472
P198,2	6473	6474
P175,2	6475	6476
P200,1	6477	6478
P152,1	6479	6480
P180,2	6481	6482
P52,2	6483	6484
P187,2	6485	6486
P143,2	6487	6488
P137,1	6489	6490
P181,1	6491	6492
P191,1	6493	6494
P103,1	6495	6496
P24,2	6497	6498
P193,1	6499	6500
P43,2	6501	6502
P199,1	6503	6504
P69,2	6505	6506
P125,2	6507	6508
P155,1	6509	6510
P182,2	6511	6512
P185,2	6513	6514
P51,2	6515	6516
P190,2	6517	6518
P162,2	6519	6520
P92,2	6521	6522
P183,1	6523	6524
P146,1	6525	6526
P198,2	6527	6528
P175,2	6529	6530
P200,1	6531	6532
P152,1	6533	6534
P180,2	6535	6536
P52,2	6537	6538
P187,2	6539	6540
P143,2	6541	6542
P137,1	6543	6544
P181,1	6545	6546
P191,1	6547	6548
P103,1	6549	6550
P24,2	6551	6552
P193,1	6553	6554
P43,2	6555	6556
P199,1	6557	6558
P69,2	6559	6560
P125,2	6561	6562
P155,1	6563	6564
P182,2	6565	6566
P185,2	6567	6568
P51,2	6569	6570
P190,2	6571	6572
P162,2	6573	6574
P92,2	6575	6576
P183,1	6577	6578
P146,1	6579	6579
P198,2	6580	6581
P175,2	6582	6583
P200,1	6584	6585
P152,1	6586	6587
P180,2	6588	6589
P52,2	6590	6591
P187,2	6592	6593
P143,2	6594	6595
P137,1	6596	6597
P181,1	6598	6599
P191,1	6600	6601
P103,1	6602	6603
P24,2	6604	6605
P198,2	6606	6607
P175,2	6608	6609
P200,1	6610	6611
P152,1	6612	6613
P180,2	6614	6615
P52,2	6616	6617
P187,2	6618	6619
P143,2	6620	6621
P137,1	6622	6623
P181,1	6624	6625
P191,1	6626	6627
P103,1	6628	6629
P24,2	6630	6631
P198,2	6632	6633
P175,2	6634	6635
P200,1	6636	6637
P152,1	6638	6639
P180,2	6640	6641
P52,2	6642	6643
P187,2	6644	6645
P143,2	6646	6647
P137,1	6648	6649
P181,1	6650	6651
P191,1	6652	6653
P183,1	6654	6655
P193,1	6656	6657
P103,2	6658	6659
P175,2	6660	6661
P200,1	6662	6663
P152,1	6664	6665
P180,2	6666	6667
P52,2	6668	6669
P187,2	6670	6671
P143,2	6672	6673
P137,1	6674	6675
P191,1	6676	6677
P183,1	6678	6679
P198,2	6680	6681
P193,2	6682	6683
P175,2	6684	6685
P200,1	6686	6687
P152,1	6688	6689
P180,2	6690	6691
P52,2	6692	6693
P187,2	6694	6695
P143,2	6696	6697
P137,1	6698	6699
P191,1	6700	6701
P183,1	6702	6703
P198,2	6704	6705
P193,2	6706	6707
P175,2	6708	6709
P200,1	6710	6711
P152,1	6712	6712
P180,2	6713	6714
P52,2	6715	6716
P187,2	6717	6718
P143,2	6719	6720
P137,1	6721	6722
P190,2	6723	6724
P92,2	6725	6726
P24,2	6727	6728
P103,2	6729	6730
P43,2	6731	6732
P199,1	6733	6734
P69,2	6735	6736
P180,2	6737	6738
P52,2	6739	6740
P187,2	6741	6742
P143,2	6743	6744
P137,1	6745	6746
P190,2	6747	6748
P92,2	6749	6750
P24,2	6751	6752
P103,2	6753	6754
P43,2	6755	6756
P199,1	6757	6758
P125,2	6759	6760
P155,2	6761	6762
P182,2	6763	6764
P185,2	6765	6766
P51,2	6767	6768
P137,2	6769	6770
P191,1	6771	6772
P24,2	6773	6774
P103,2	6775	6776
P43,2	6777	6778
P199,1	6779	6780
P69,2	6781	6782
P180,2	6783	6784
P52,2	6785	6786
P187,2	6787	6788
P143,2	6789	6790
P152,2	6791	6792
P190,2	6793	6794
P92,2	6795	6796
P198,2	6797	6798
P193,2	6799	6800
P175,2	6801	6802
P200,2	6803	6804
P125,2	6805	6806
P155,2	6807	6808
P182,2	6809	6810
P185,2	6811	6812
P51,2	6813	6814
P137,2	6815	6816
P92,2	6817	6818
P198,2	6819	6820
P103,2	6821	6822
P43,2	6823	6824
P200,2	6825	6826
P125,2	6827	6828
P180,2	6829	6830
P52,2	6831	6832
P187,2	6833	6834
P143,2	6835	6836
P152,2	6837	6838
P190,2	6839	6840
P24,2	6841	6842
P191,2	6843	6844
P193,2	6845	6846
P175,2	6847	6848
P69,2	6849	6850
P199,2	6851	6852
P155,2	6853	6854
P182,2	6855	6856
P185,2	6857	6858
P51,2	6859	6860
P137,2	6861	6862
P92,2	6863	6864
P198,2	6865	6866
P103,2	6867	6868
P43,2	6869	6870
P200,2	6871	6872
P125,2	6873	6874
P180,2	6875	6876
P52,2	6877	6878
P185,2	6879	6880
P51,2	6881	6882
P137,2	6883	6884
P92,2	6885	6886
P198,2	6887	6888
P103,2	6889	6890
P43,2	6891	6892
P200,2	6893	6894
P125,2	6895	6896
P180,2	6897	6898
P52,2	6899	6900
P185,2	6901	6902
P51,2	6903	6904
P137,2	6905	6906
P92,2	6907	6908
P198,2	6909	6910
P103,2	6911	6912
P43,2	6913	6914
P200,2	6915	6916
P125,2	6917	6918
P180,2	6919	6920
P52,2	6921	6922
P185,2	6923	6924
P51,2	6925	6926
P137,2	6927	6928
P24,2	6929	6930
P191,2	6931	6932
P193,2	6933	6934
P175,2	6935	6936
P69,2	6937	6938
P199,2	6939	6940
P155,2	6941	6942
P182,2	6943	6944
P143,2	6945	6946
P152,2	6947	6948
P92,2	6949	6950
P198,2	6951	6952
P103,2	6953	6954
P43,2	6955	6956
P200,2	6957	6958
P125,2	6959	6960
P180,2	6961	6962
P52,2	6963	6964
P185,2	6965	6966
P51,2	6967	6968
P137,2	6969	6970
P24,2	6971	6972
P191,2	6973	6974
P193,2	6975	6976
P175,2	6977	6978
P69,2	6979	6980
P199,2	6981	6982
P155,2	6983	6984
P182,2	6985	6986
P143,2	6987	6988
P152,2	6989	6990
P92,2	6991	6992
P198,2	6993	6994
P103,2	6995	6996
P43,2	6997	6998
P200,2	6999	7000
P125,2	7001	7002
P180,2	7003	7004
P52,2	7005	7005
P185,2	7006	7007
P51,2	7008	7009
P137,2	7010	7011
P24,2	7012	7013
P191,2	7014	7015
P193,2	7016	7017
P175,2	7018	7019
P69,2	7020	7021
P199,2	7022	7023
P155,2	7024	7025
P185,2	7026	7027
P51,2	7028	7029
P137,2	7030	7031
P24,2	7032	7033
P191,2	7034	7035
P193,2	7036	7037
P175,2	7038	7039
P69,2	7040	7041
P199,2	7042	7043
P155,2	7044	7045
P185,2	7046	7047
P51,2	7048	7049
P137,2	7050	7051
P24,2	7052	7053
P191,2	7054	7055
P193,2	7056	7057
P175,2	7058	7059
P69,2	7060	7061
P199,2	7062	7063
P155,2	7064	7065
P143,2	7066	7067
P152,2	7068	7069
P92,2	7070	7071
P198,2	7072	7073
P103,2	7074	7075
P43,2	7076	7077
P200,2	7078	7079
P125,2	7080	7081
P180,2	7082	7083
P182,2	7084	7085
P51,2	7086	7087
P137,2	7088	7089
P24,2	7090	7091
P191,2	7092	7093
P193,2	7094	7095
P175,2	7096	7097
P69,2	7098	7099
P199,2	7100	7101
P155,2	7102	7103
P143,2	7104	7105
P152,2	7106	7107
P92,2	7108	7109
P198,2	7110	7111
P103,2	7112	7113
P43,2	7114	7115
P200,2	7116	7117
P125,2	7118	7119
P180,2	7120	7121
P182,2	7122	7123
P51,2	7124	7125
P137,2	7126	7127
P24,2	7128	7129
P191,2	7130	7131
P193,2	7132	7133
P175,2	7134	7135
P69,2	7136	7137
P199,2	7138	7139
P155,2	7140	7141
P143,2	7142	7143
P137,2	7144	7145
P24,2	7146	7147
P191,2	7148	7149
P193,2	7150	7151
P175,2	7152	7153
P69,2	7154	7155
P199,2	7156	7157
P155,2	7158	7159
P143,2	7160	7161
P137,2	7162	7163
P24,2	7164	7165
P191,2	7166	7167
P193,2	7168	7169
P175,2	7170	7171
P69,2	7172	7173
P199,2	7174	7175
P155,2	7176	7177
P143,2	7178	7179
P137,2	7180	7181
P24,2	7182	7183
P191,2	7184	7185
P193,2	7186	7187
P175,2	7188	7189
P69,2	7190	7191
P199,2	7192	7193
P155,2	7194	7195
P143,2	7196	7197
P137,2	7198	7199
P24,2	7200	7201
P191,2	7202	7203
P193,2	7204	7205
P175,2	7206	7207
P69,2	7208	7209
P199,2	7210	7211
P155,2	7212	7213
P143,2	7214	7215
P137,2	7216	7217
P24,2	7218	7219
P191,2	7220	7221
P193,2	7222	7223
P175,2	7224	7225
P69,2	7226	7227
P199,2	7228	7229
P155,2	7230	7231
P143,2	7232	7233
P137,2	7234	7235
P24,2	7236	7237
P191,2	7238	7239
P193,2	7240	7241
P175,2	7242	7243
P69,2	7244	7245
P199,2	7246	7247
P155,2	7248	7249
P143,2	7250	7251
P137,2	7252	7253
P24,2	7254	7255
P191,2	7256	7257
P193,2	7258	7259
P175,2	7260	7261
P69,2	7262	7263
P199,2	7264	7265
P155,2	7266	7267
P143,2	7268	7269
P137,2	7270	7271
P24,2	7272	7273
P191,2	7274	7275
P193,2	7276	7277
P175,2	7278	7279
P69,2	7280	7281
P199,2	7282	7283
P155,2	7284	7285
P143,2	7286	7287
P137,2	7288	7289
P24,2	7290	7291
P191,2	7292	7293
P193,2	7294	7295
P175,2	7296	7297
P69,2	7298	7299
P199,2	7300	7301
P155,2	7302	7303
P143,2	7304	7305
P137,2	7306	7307
P24,2	7308	7309
P191,2	7310	7311
P193,2	7312	7313
P175,2	7314	7314
P200,2	7315	7316
P125,2	7317	7318
P180,2	7319	7320
P182,2	7321	7322
P152,2	7323	7324
P92,2	7325	7326
P198,2	7327	7328
P103,2	7329	7330
P200,2	7331	7332
P125,2	7333	7334
P180,2	7335	7336
P182,2	7337	7338
P152,2	7339	7340
P92,2	7341	7342
P198,2	7343	7344
P103,2	7345	7346
P200,2	7347	7348
P125,2	7349	7350
P180,2	7351	7352
P182,2	7353	7354
P152,2	7355	7356
P92,2	7357	7358
P198,2	7359	7360
P103,2	7361	7362
P200,2	7363	7364
P125,2	7365	7366
P180,2	7367	7368
P182,2	7369	7370
P152,2	7371	7371
P137,2	7372	7373
P24,2	7374	7375
P191,2	7376	7377
P43,2	7378	7379
P69,2	7380	7381
P199,2	7382	7383
P155,2	7384	7385
P143,2	7386	7387
P92,2	7388	7389
P198,2	7390	7391
P103,2	7392	7393
P200,2	7394	7395
P125,2	7396	7397
P180,2	7398	7399
P182,2	7400	7401
P137,2	7402	7403
P24,2	7404	7405
P191,2	7406	7407
P43,2	7408	7409
P69,2	7410	7411
P199,2	7412	7413
P155,2	7414	7415
P143,2	7416	7417
P92,2	7418	7418
P198,2	7419	7420
P103,2	7421	7422
P200,2	7423	7424
P125,2	7425	7426
P180,2	7427	7428
P182,2	7429	7430
P24,2	7431	7432
P103,2	7433	7434
P200,2	7435	7436
P125,2	7437	7438
P180,2	7439	7440
P182,2	7441	7442
P24,2	7443	7444
P103,2	7445	7446
P200,2	7447	7448
P125,2	7449	7450
P180,2	7451	7452
P182,2	7453	7454
P24,2	7455	7456
P103,2	7457	7458
P200,2	7459	7460
P125,2	7461	7462
P180,2	7463	7464
P182,2	7465	7466
P24,2	7467	7468
P103,2	7469	7470
P69,2	7471	7472
P199,2	7473	7474
P155,2	7475	7476
P137,2	7477	7478
P191,2	7479	7480
P200,2	7481	7482
P125,2	7483	7484
P180,2	7485	7486
P182,2	7487	7488
P24,2	7489	7490
P103,2	7491	7492
P69,2	7493	7494
P199,2	7495	7496
P155,2	7497	7498
P24,2	7499	7500
P103,2	7501	7502
P69,2	7503	7504
P199,2	7505	7506
P155,2	7507	7508
P24,2	7509	7510
P103,2	7511	7512
P69,2	7513	7514
P199,2	7515	7516
P155,2	7517	7518
P24,2	7519	7520
P103,2	7521	7522
P69,2	7523	7524
P199,2	7525	7526
P155,2	7527	7528
P24,2	7529	7530
P103,2	7531	7532
P69,2	7533	7534
P199,2	7535	7536
P155,2	7537	7538
P24,2	7539	7540
P103,2	7541	7542
P69,2	7543	7544
P199,2	7545	7546
P137,2	7547	7548
P191,2	7549	7550
P200,2	7551	7552
P125,2	7553	7554
P155,2	7555	7556
P24,2	7557	7558
P103,2	7559	7560
P69,2	7561	7562
P199,2	7563	7564
P137,2	7565	7566
P191,2	7567	7568
P200,2	7569	7570
P125,2	7571	7572
P155,2	7573	7574
P24,2	7575	7576
P103,2	7577	7578
P69,2	7579	7580
P199,2	7581	7582
P137,2	7583	7584
P191,2	7585	7586
P200,2	7587	7588
P125,2	7589	7590
P155,2	7591	7592
P24,2	7593	7594
P103,2	7595	7596
P69,2	7597	7598
P199,2	7599	7600
P24,2	7601	7602
P103,2	7603	7603
P69,2	7604	7604
P125,2	7605	7606
P155,2	7607	7608
P200,2	7609	7610
P199,2	7611	7612
P191,2	7613	7614
P125,2	7615	7616
P155,2	7617	7618
P200,2	7619	7620
P155,2	7621	7622
P200,2	7623	7623
P199,2	7624	7625
P191,2	7626	7627
P155,2	7628	7629
P199,2	7630	7631
P191,2	7632	7633
P155,2	7634	7635
P199,2	7636	7637
P191,2	7638	7639
P155,2	7640	7641
P199,2	7642	7643
P191,2	7644	7645
P155,2	7646	7647
P199,2	7648	7649
P191,2	7650	7651
P155,2	7652	7653
P199,2	7654	7655
P191,2	7656	7657
P155,2	7658	7687
