CPU0
P1,1	2	3
P2,1	4	4
P1,1	6	7
P3,1	8	11
P4,1	12	12
P1,1	13	16
P5,1	17	18
P3,1	19	20
P1,1	21	22
P6,1	23	24
P1,1	25	26
P7,1	27	27
P8,1	28	29
P3,1	30	31
P1,1	32	33
P9,1	34	35
P1,1	36	37
P3,1	38	39
P9,1	40	41
P1,1	42	43
P4,2	44	45
P1,1	46	47
P7,2	48	48
P3,1	49	50
P5,2	51	52
P4,2	53	53
P3,1	54	55
P1,1	56	57
P3,1	58	59
P11,1	60	60
P2,3	61	61
P1,1	62	63
P6,2	64	64
P3,1	65	66
P1,1	67	68
P15,1	69	70
P16,1	71	72
P14,1	73	73
P8,2	74	74
P15,1	75	76
P9,2	77	77
P5,3	78	79
P12,2	80	81
P1,1	82	83
P18,1	84	85
P6,3	86	87
P16,1	88	89
P20,1	90	91
P1,1	92	93
P4,3	94	95
P18,1	96	96
P19,1	97	98
P5,3	99	100
P20,1	101	102
P1,1	103	104
P15,1	105	106
P21,1	107	108
P7,4	109	110
P23,1	111	112
P22,1	113	113
P17,2	114	115
P1,1	116	117
P14,2	118	119
P15,1	120	121
P21,1	122	122
P25,1	123	124
P11,2	125	125
P23,1	126	127
P24,1	128	129
P9,3	130	131
P18,2	132	133
P16,2	134	135
P15,1	136	137
P12,3	138	139
P2,4	140	140
P4,4	141	142
P10,3	143	144
P24,1	145	146
P9,3	147	148
P30,1	149	149
P20,2	150	151
P15,1	152	153
P5,4	154	155
P32,1	156	157
P4,4	158	158
P6,4	159	160
P33,1	161	162
P27,1	163	164
P26,2	165	166
P3,1	167	168
P14,3	169	170
P34,1	171	172
P20,2	173	173
P28,1	174	175
P13,3	176	177
P31,1	178	178
P11,3	179	180
P17,3	181	182
P6,4	183	183
P10,3	184	185
P27,1	186	187
P36,1	188	189
P24,1	190	191
P3,1	192	193
P7,5	194	195
P16,3	196	197
P38,1	198	199
P1,1	200	201
P15,1	202	203
P13,3	204	204
P8,4	205	206
P32,1	207	208
P35,1	209	210
P33,1	211	212
P25,2	213	213
P27,1	214	215
P36,1	216	217
P42,1	218	219
P28,2	220	221
P2,5	222	223
P21,3	224	224
P4,5	225	226
P16,3	227	228
P45,1	229	230
P18,3	231	231
P9,4	232	233
P1,1	234	235
P20,3	236	236
P39,1	237	238
P12,4	239	240
P8,4	241	241
P11,3	242	243
P35,1	244	244
P41,1	245	246
P33,1	247	248
P29,2	249	250
P27,1	251	252
P50,1	253	254
P24,1	255	256
P13,4	257	258
P28,2	259	259
P19,4	260	261
P2,5	262	262
P51,1	263	264
P4,5	265	266
P54,1	267	268
P38,1	269	270
P36,2	271	271
P1,1	272	273
P14,4	274	275
P39,1	276	277
P17,4	278	279
P56,1	280	280
P57,1	281	282
P32,1	283	284
P59,1	285	286
P21,4	287	288
P30,2	289	290
P29,2	291	292
P61,1	293	293
P27,1	294	295
P50,1	296	297
P16,4	298	299
P13,4	300	301
P6,6	302	303
P19,4	304	305
P3,1	306	307
P37,2	308	309
P11,4	310	311
P63,1	312	313
P52,1	314	315
P9,5	316	316
P53,1	317	318
P45,1	319	320
P35,2	321	322
P66,1	323	324
P1,1	325	326
P41,2	327	328
P67,1	329	329
P55,1	330	331
P69,1	332	333
P70,1	334	335
P71,1	336	337
P47,1	338	338
P32,1	339	340
P59,1	341	341
P72,1	342	343
P60,1	344	345
P4,6	346	347
P74,1	348	349
P18,4	350	351
P27,1	352	353
P5,6	354	355
P10,5	356	357
P50,1	358	359
P16,4	360	361
P13,4	362	363
P34,3	364	365
P12,5	366	367
P19,4	368	368
P78,1	369	370
P21,5	371	371
P37,2	372	373
P11,4	374	374
P51,1	375	376
P52,1	377	378
P64,1	379	380
P54,1	381	381
P30,3	382	383
P80,1	384	385
P35,2	386	387
P66,1	388	389
P29,3	390	391
P41,2	392	392
P15,1	393	394
P83,1	395	396
P68,1	397	398
P2,6	399	400
P20,5	401	402
P9,6	403	404
P42,2	405	406
P46,3	407	408
P53,2	409	410
P60,1	411	411
P73,1	412	413
P86,1	414	415
P18,4	416	416
P45,2	417	417
P40,3	418	419
P27,1	420	421
P87,1	422	422
P10,5	423	424
P47,2	425	426
P67,2	427	427
P17,5	428	429
P43,1	430	431
P57,2	432	433
P62,1	434	434
P78,1	435	435
P3,1	436	437
P8,5	438	438
P59,2	439	440
P91,1	441	442
P77,2	443	443
P63,1	444	445
P94,1	446	447
P25,4	448	449
P7,7	450	451
P48,2	452	453
P50,2	454	455
P38,1	456	457
P61,2	458	459
P35,2	460	461
P81,1	462	463
P23,3	464	465
P15,1	466	467
P96,1	468	469
P83,1	470	471
P69,1	472	473
P71,1	474	474
P54,2	475	476
P9,6	477	478
P85,1	479	480
P32,1	481	482
P33,1	483	484
P73,1	485	486
P86,1	487	488
P79,2	489	490
P40,3	491	492
P27,1	493	494
P58,2	495	496
P30,4	497	498
P101,1	499	499
P60,2	500	501
P46,4	502	503
P41,3	504	505
P18,5	506	507
P57,2	508	508
P103,1	509	510
P3,1	511	512
P105,1	513	514
P28,5	515	516
P87,2	517	518
P92,1	519	520
P51,1	521	522
P63,1	523	524
P76,2	525	526
P25,4	527	528
P36,4	529	529
P7,7	530	530
P34,4	531	531
P31,4	532	533
P88,2	534	535
P22,4	536	537
P80,1	538	538
P61,2	539	539
P108,1	540	541
P81,1	542	543
P16,5	544	545
P67,3	546	546
P15,1	547	548
P13,5	549	550
P44,3	551	552
P6,7	553	554
P78,2	555	556
P8,6	557	557
P54,2	558	559
P9,6	560	561
P112,1	562	562
P77,3	563	564
P49,3	565	566
P53,2	567	568
P26,5	569	570
P114,1	571	572
P82,2	573	574
P64,2	575	576
P29,4	577	578
P48,3	579	580
P79,2	581	582
P35,3	583	584
P27,1	585	586
P116,1	587	588
P100,1	589	590
P117,1	591	592
P118,1	593	594
P60,2	595	596
P20,6	597	598
P85,2	599	600
P4,7	601	602
P119,1	603	604
P14,6	605	606
P71,2	607	608
P3,1	609	610
P104,1	611	612
P120,1	613	614
P47,3	615	615
P92,1	616	617
P51,1	618	619
P106,1	620	621
P57,3	622	623
P17,6	624	625
P40,4	626	627
P10,6	628	628
P62,2	629	630
P31,4	631	632
P59,3	633	634
P123,1	635	636
P89,2	637	638
P74,3	639	640
P81,1	641	642
P36,5	643	643
P16,5	644	644
P1,1	645	646
P96,1	647	648
P125,1	649	650
P126,1	651	652
P88,3	653	654
P83,1	655	656
P127,1	657	658
P69,1	659	660
P54,2	661	661
P128,1	662	663
P93,2	664	665
P80,2	666	667
P77,3	668	669
P22,5	670	671
P32,1	672	673
P33,1	674	675
P130,1	676	677
P131,1	678	679
P114,1	680	681
P73,1	682	683
P95,2	684	685
P29,4	686	687
P67,4	688	689
P110,2	690	691
P115,1	692	693
P79,2	694	695
P136,1	696	697
P66,2	698	699
P65,3	700	701
P99,1	702	703
P138,1	704	705
P100,1	706	706
P84,2	707	708
P53,3	709	710
P98,2	711	712
P68,3	713	714
P102,1	715	716
P9,7	717	718
P113,2	719	720
P85,2	721	722
P24,1	723	724
P18,5	725	725
P14,6	726	727
P58,3	728	729
P103,1	730	731
P142,1	732	733
P104,1	734	735
P20,7	736	737
P92,1	738	739
P51,1	740	741
P145,1	742	743
P57,3	744	745
P30,5	746	747
P40,4	748	749
P52,1	750	751
P122,1	752	753
P59,3	754	755
P46,5	756	757
P47,4	758	759
P91,2	760	761
P108,1	762	762
P74,3	763	764
P7,8	765	765
P72,3	766	767
P1,1	768	769
P150,1	770	770
P125,1	771	772
P87,3	773	774
P88,3	775	776
P83,1	777	778
P36,6	779	780
P94,2	781	782
P69,1	783	784
P28,6	785	786
P12,7	787	788
P13,6	789	790
P155,1	791	792
P109,2	793	794
P10,7	795	795
P77,3	796	797
P37,4	798	799
P49,3	800	801
P32,1	802	803
P33,1	804	805
P26,5	806	807
P34,6	808	809
P16,6	810	811
P90,3	812	813
P11,6	814	815
P73,1	816	817
P95,2	818	818
P158,1	819	820
P29,4	821	822
P6,8	823	824
P75,4	825	826
P110,2	827	827
P160,1	828	828
P115,1	829	830
P161,1	831	831
P35,3	832	833
P137,1	834	835
P131,2	836	837
P27,1	838	839
P163,1	840	841
P139,1	842	842
P64,3	843	844
P8,7	845	846
P53,3	847	848
P140,1	849	850
P111,3	851	852
P82,3	853	854
P165,1	855	855
P112,2	856	856
P66,3	857	858
P55,3	859	860
P86,2	861	862
P24,1	863	864
P43,1	865	866
P166,1	867	868
P60,3	869	870
P3,1	871	872
P143,1	873	874
P105,1	875	876
P144,1	877	878
P92,1	879	880
P70,3	881	882
P99,2	883	884
P145,1	885	886
P169,1	887	888
P57,3	889	890
P171,1	891	892
P9,8	893	894
P17,6	895	896
P40,4	897	897
P147,1	898	899
P172,1	900	901
P122,1	902	903
P102,2	904	905
P46,5	906	907
P89,2	908	908
P173,1	909	910
P121,2	911	912
P58,4	913	914
P97,4	915	915
P72,3	916	917
P174,1	918	919
P15,1	920	921
P45,4	922	923
P124,1	924	924
P176,1	925	926
P88,3	927	928
P83,1	929	930
P36,6	931	932
P177,1	933	934
P69,1	935	936
P28,6	937	938
P150,2	939	940
P12,7	941	942
P178,1	943	944
P13,6	945	946
P107,2	947	948
P155,1	949	950
P50,3	951	951
P31,5	952	953
P37,4	954	954
P19,6	955	956
P61,3	957	958
P151,2	959	960
P157,1	961	962
P127,2	963	964
P10,8	965	966
P90,3	967	968
P11,6	969	970
P73,1	971	972
P25,6	973	974
P26,6	975	976
P75,4	977	978
P109,3	979	980
P129,2	981	982
P136,1	983	984
P131,2	985	986
P27,1	987	988
P138,1	989	989
P6,9	990	991
P133,2	992	992
P8,7	993	994
P181,1	995	996
P53,3	997	997
P164,1	998	999
P111,3	1000	1001
P82,3	1002	1003
P161,2	1004	1005
P79,3	1006	1007
P158,2	1008	1009
P67,5	1010	1011
P160,2	1012	1013
P110,3	1014	1015
P78,4	1016	1016
P43,1	1017	1018
P166,1	1019	1020
P42,4	1021	1022
P103,1	1023	1024
P3,1	1025	1026
P143,1	1027	1028
P116,2	1029	1030
P182,1	1031	1032
P51,1	1033	1034
P84,3	1035	1036
P119,2	1037	1038
P145,1	1039	1039
P71,3	1040	1041
P63,1	1042	1043
P85,3	1044	1045
P117,2	1046	1047
P52,1	1048	1049
P172,1	1050	1051
P38,1	1052	1053
P102,2	1054	1055
P20,8	1056	1056
P118,3	1057	1058
P65,5	1059	1060
P171,2	1061	1061
P58,4	1062	1063
P72,3	1064	1065
P70,4	1066	1067
P1,1	1068	1069
P120,2	1070	1071
P170,2	1072	1073
P176,1	1074	1075
P148,2	1076	1077
P122,2	1078	1079
P83,1	1080	1081
P36,6	1082	1083
P40,5	1084	1085
P177,1	1086	1087
P104,3	1088	1089
P121,3	1090	1091
P59,4	1092	1093
P123,2	1094	1094
P87,4	1095	1096
P13,6	1097	1098
P107,2	1099	1099
P180,1	1100	1101
P45,5	1102	1103
P44,4	1104	1105
P7,10	1106	1107
P19,6	1108	1109
P12,8	1110	1111
P94,3	1112	1113
P151,2	1114	1115
P128,2	1116	1117
P157,1	1118	1118
P185,1	1119	1120
P16,6	1121	1122
P62,4	1123	1124
P11,6	1125	1126
P73,1	1127	1128
P22,6	1129	1130
P26,6	1131	1132
P109,3	1133	1133
P31,6	1134	1134
P129,2	1135	1136
P137,1	1137	1138
P50,4	1139	1140
P27,1	1141	1142
P127,3	1143	1144
P132,2	1145	1146
P181,1	1147	1148
P54,4	1149	1150
P136,2	1151	1152
P130,2	1153	1153
P111,3	1154	1155
P159,2	1156	1157
P135,2	1158	1159
P158,2	1160	1161
P160,2	1162	1163
P110,3	1164	1165
P140,2	1166	1167
P43,1	1168	1169
P163,2	1170	1170
P166,1	1171	1171
P48,5	1172	1173
P103,1	1174	1175
P35,4	1176	1177
P133,3	1178	1179
P3,1	1180	1181
P138,2	1182	1183
P8,8	1184	1185
P182,1	1186	1187
P187,1	1188	1189
P168,1	1190	1191
P84,3	1192	1192
P99,2	1193	1193
P119,2	1194	1194
P183,1	1195	1196
P134,3	1197	1198
P112,3	1199	1200
P167,2	1201	1202
P52,1	1203	1204
P100,3	1205	1206
P172,1	1207	1208
P60,4	1209	1210
P184,1	1211	1212
P188,1	1213	1214
P118,3	1215	1216
P117,3	1217	1218
P81,1	1219	1220
P70,4	1221	1222
P1,1	1223	1224
P71,4	1225	1226
P125,1	1227	1228
P65,6	1229	1230
P148,2	1231	1232
P171,3	1233	1234
P30,6	1235	1235
P149,2	1236	1237
P57,5	1238	1239
P40,5	1240	1240
P89,3	1241	1242
P177,1	1243	1243
P47,5	1244	1245
P69,1	1246	1247
P121,3	1248	1249
P20,9	1250	1250
P141,4	1251	1252
P178,1	1253	1254
P17,8	1255	1256
P120,3	1257	1258
P155,1	1259	1260
P154,2	1261	1262
P189,1	1263	1264
P124,2	1265	1266
P108,3	1267	1267
P32,1	1268	1269
P12,8	1270	1270
P94,3	1271	1272
P13,7	1273	1274
P128,2	1275	1275
P150,3	1276	1277
P123,3	1278	1279
P73,1	1280	1281
P22,6	1282	1283
P19,7	1284	1285
P115,1	1286	1287
P157,2	1288	1288
P126,3	1289	1289
P137,1	1290	1291
P10,9	1292	1292
P27,1	1293	1294
P34,7	1295	1295
P127,3	1296	1297
P132,2	1298	1299
P2,11	1300	1301
P61,4	1302	1302
P75,5	1303	1304
P31,7	1305	1306
P54,4	1307	1308
P136,2	1309	1310
P159,2	1311	1311
P161,2	1312	1313
P62,5	1314	1315
P158,2	1316	1317
P140,2	1318	1319
P186,1	1320	1321
P131,3	1322	1323
P129,3	1324	1324
P48,5	1325	1326
P53,4	1327	1328
P133,3	1329	1330
P191,1	1331	1332
P192,1	1333	1334
P143,1	1335	1336
P105,1	1337	1338
P49,6	1339	1339
P29,6	1340	1341
P163,3	1342	1342
P130,3	1343	1344
P68,5	1345	1346
P168,1	1347	1348
P86,3	1349	1349
P183,1	1350	1351
P134,3	1352	1353
P160,3	1354	1355
P165,3	1356	1357
P139,3	1358	1359
P144,2	1360	1360
P166,2	1361	1362
P116,3	1363	1364
P14,7	1365	1366
P60,4	1367	1368
P38,1	1369	1370
P188,1	1371	1372
P118,3	1373	1374
P99,3	1375	1376
P81,1	1377	1378
P55,5	1379	1380
P1,1	1381	1382
P175,1	1383	1384
P172,2	1385	1386
P84,4	1387	1388
P85,4	1389	1389
P171,3	1390	1391
P83,1	1392	1393
P58,5	1394	1395
P173,2	1396	1397
P169,3	1398	1399
P47,5	1400	1401
P18,8	1402	1403
P46,6	1404	1405
P121,3	1406	1407
P148,3	1408	1409
P30,7	1410	1411
P174,2	1412	1413
P17,8	1414	1415
P180,1	1416	1417
P149,3	1418	1419
P170,3	1420	1421
P56,5	1422	1423
P20,10	1424	1425
P41,6	1426	1427
P106,3	1428	1428
P33,1	1429	1430
P72,5	1431	1432
P179,2	1433	1434
P87,5	1435	1436
P185,1	1437	1438
P123,3	1439	1439
P73,1	1440	1441
P39,5	1442	1443
P19,7	1444	1444
P115,1	1445	1446
P141,5	1447	1447
P7,11	1448	1449
P108,4	1450	1450
P27,1	1451	1452
P127,3	1453	1453
P156,3	1454	1455
P2,11	1456	1457
P80,4	1458	1459
P77,5	1460	1460
P181,1	1461	1462
P107,4	1463	1463
P31,7	1464	1465
P93,4	1466	1467
P136,2	1468	1468
P16,7	1469	1470
P62,5	1471	1471
P10,10	1472	1473
P96,4	1474	1475
P109,4	1476	1477
P34,8	1478	1479
P131,3	1480	1481
P132,3	1482	1483
P50,5	1484	1485
P64,4	1486	1486
P133,3	1487	1488
P54,5	1489	1490
P159,3	1491	1492
P192,1	1493	1494
P143,1	1495	1496
P105,1	1497	1498
P182,1	1499	1500
P48,6	1501	1502
P92,1	1503	1504
P114,3	1505	1506
P158,3	1507	1508
P53,5	1509	1510
P140,3	1511	1512
P168,1	1513	1514
P183,1	1515	1516
P197,1	1517	1518
P37,7	1519	1520
P160,3	1521	1521
P165,3	1522	1523
P52,1	1524	1525
P23,7	1526	1527
P60,4	1528	1529
P49,7	1530	1531
P184,1	1532	1533
P35,5	1534	1535
P99,3	1536	1536
P68,6	1537	1538
P112,4	1539	1540
P86,4	1541	1542
P15,1	1543	1544
P175,1	1545	1546
P144,3	1547	1548
P167,3	1549	1550
P84,4	1551	1552
P134,4	1553	1553
P171,3	1554	1554
P117,4	1555	1556
P100,4	1557	1558
P173,2	1559	1560
P152,1	1561	1562
P118,4	1563	1564
P14,8	1565	1566
P70,5	1567	1567
P66,6	1568	1568
P9,10	1569	1570
P148,3	1571	1572
P57,6	1573	1574
P122,3	1575	1576
P40,6	1577	1578
P17,8	1579	1580
P155,1	1581	1582
P147,3	1583	1583
P149,3	1584	1585
P170,3	1586	1587
P102,4	1588	1589
P177,2	1590	1591
P89,4	1592	1593
P104,4	1594	1595
P32,1	1596	1597
P18,9	1598	1598
P121,4	1599	1599
P59,5	1600	1601
P179,2	1602	1602
P87,5	1603	1604
P185,1	1605	1606
P73,1	1607	1608
P154,3	1609	1610
P115,1	1611	1612
P137,1	1613	1614
P162,1	1615	1616
P124,3	1617	1618
P28,8	1619	1620
P90,4	1621	1622
P101,5	1623	1624
P12,9	1625	1626
P75,5	1627	1627
P76,5	1628	1629
P95,4	1630	1631
P31,7	1632	1633
P45,7	1634	1634
P26,7	1635	1635
P19,8	1636	1637
P16,7	1638	1639
P108,5	1640	1641
P96,4	1642	1643
P24,1	1644	1645
P186,1	1646	1647
P111,4	1648	1648
P136,3	1649	1650
P107,5	1651	1652
P50,5	1653	1654
P128,4	1655	1655
P151,4	1656	1657
P54,5	1658	1659
P192,1	1660	1661
P143,1	1662	1663
P61,5	1664	1664
P34,9	1665	1666
P196,1	1667	1668
P93,5	1669	1670
P29,6	1671	1672
P92,1	1673	1674
P114,3	1675	1676
P62,6	1677	1677
P158,3	1678	1679
P51,1	1680	1681
P140,3	1682	1683
P168,1	1684	1685
P146,1	1686	1687
P63,1	1688	1689
P164,4	1690	1690
P129,4	1691	1692
P113,4	1693	1693
P8,9	1694	1694
P38,1	1695	1696
P188,1	1697	1698
P35,5	1699	1700
P161,4	1701	1702
P193,1	1703	1704
P68,6	1705	1705
P81,1	1706	1707
P55,5	1708	1709
P86,4	1710	1711
P15,1	1712	1713
P175,1	1714	1715
P125,1	1716	1717
P167,3	1718	1718
P98,5	1719	1720
P172,2	1721	1722
P117,4	1723	1724
P160,4	1725	1726
P152,1	1727	1728
P118,4	1729	1730
P14,8	1731	1732
P145,3	1733	1733
P176,2	1734	1734
P110,6	1735	1736
P171,4	1737	1738
P174,2	1739	1740
P142,4	1741	1741
P155,1	1742	1743
P65,7	1744	1745
P84,5	1746	1747
P169,4	1748	1749
P70,6	1750	1751
P177,2	1752	1752
P85,5	1753	1753
P104,4	1754	1755
P100,5	1756	1757
P32,1	1758	1759
P58,6	1760	1760
P46,7	1761	1762
P71,6	1763	1764
P66,7	1765	1766
P87,5	1767	1767
P120,4	1768	1769
P190,1	1770	1771
P195,1	1772	1773
P137,1	1774	1775
P162,1	1776	1777
P27,1	1778	1779
P56,6	1780	1781
P28,8	1782	1783
P179,3	1784	1785
P101,5	1786	1786
P12,9	1787	1788
P102,5	1789	1790
P22,7	1791	1791
P95,4	1792	1792
P44,6	1793	1794
P106,5	1795	1796
P154,4	1797	1798
P90,5	1799	1800
P97,7	1801	1802
P24,1	1803	1804
P186,1	1805	1806
P136,3	1807	1807
P103,1	1808	1809
P50,5	1810	1810
P3,1	1811	1812
P75,6	1813	1813
P151,4	1814	1815
P54,5	1816	1817
P16,8	1818	1819
P178,4	1820	1821
P143,1	1822	1823
P123,5	1824	1825
P34,9	1826	1827
P153,5	1828	1829
P96,5	1830	1831
P64,5	1832	1833
P131,4	1834	1835
P187,1	1836	1837
P114,3	1838	1839
P133,4	1840	1841
P51,1	1842	1843
P159,4	1844	1844
P128,5	1845	1846
P77,7	1847	1848
P146,1	1849	1850
P107,6	1851	1852
P63,1	1853	1854
P48,7	1855	1856
P49,7	1857	1858
P62,7	1859	1860
P184,1	1861	1862
P138,3	1863	1864
P163,4	1865	1866
P82,6	1867	1868
P53,6	1869	1870
P113,5	1871	1872
P1,1	1873	1874
P116,4	1875	1875
P175,1	1876	1877
P125,1	1878	1879
P98,5	1880	1881
P35,6	1882	1883
P117,4	1884	1884
P8,10	1885	1886
P129,5	1887	1888
P112,5	1889	1890
P152,1	1891	1892
P165,4	1893	1893
P166,4	1894	1895
P69,1	1896	1897
P57,6	1898	1898
P86,5	1899	1899
P172,3	1900	1901
P199,1	1902	1903
P180,1	1904	1905
P155,1	1906	1907
P65,7	1908	1908
P91,5	1909	1910
P167,4	1911	1911
P134,5	1912	1913
P189,1	1914	1915
P145,4	1916	1917
P104,4	1918	1919
P9,11	1920	1921
P32,1	1922	1923
P17,9	1924	1925
P30,8	1926	1926
P200,1	1927	1928
P190,1	1929	1930
P73,1	1931	1932
P115,1	1933	1934
P40,7	1935	1936
P149,4	1937	1938
P162,1	1939	1940
P58,7	1941	1942
P41,7	1943	1944
P28,8	1945	1945
P147,5	1946	1947
P59,6	1948	1949
P87,6	1950	1950
P102,5	1951	1952
P141,6	1953	1953
P71,7	1954	1955
P154,4	1956	1957
P20,12	1958	1958
P124,4	1959	1959
P97,7	1960	1961
P80,5	1962	1963
P43,1	1964	1965
P101,6	1966	1967
P18,11	1968	1969
P12,10	1970	1971
P151,4	1972	1973
P16,8	1974	1975
P192,1	1976	1977
P76,6	1978	1979
P143,1	1980	1981
P95,5	1982	1983
P123,5	1984	1985
P44,7	1986	1987
P2,13	1988	1989
P153,5	1990	1991
P196,1	1992	1993
P54,6	1994	1995
P94,6	1996	1996
P131,4	1997	1997
P108,6	1998	1999
P19,9	2000	2001
P133,4	2002	2003
P111,5	2004	2005
P135,4	2006	2006
P128,5	2007	2008
P168,1	2009	2010
P183,1	2011	2012
P93,6	2013	2014
P107,6	2015	2016
P63,1	2017	2018
P52,1	2019	2020
P158,4	2021	2022
P38,1	2023	2024
P188,1	2025	2026
P138,3	2027	2027
P114,4	2028	2028
P193,1	2029	2030
P81,1	2031	2032
P130,4	2033	2034
P77,8	2035	2035
P175,1	2036	2037
P139,4	2038	2038
P61,7	2039	2040
P37,8	2041	2042
P198,1	2043	2044
P82,7	2045	2046
P194,1	2047	2048
P49,8	2049	2050
P60,5	2051	2051
P166,4	2052	2052
P69,1	2053	2054
P199,1	2055	2056
P163,5	2057	2058
P155,1	2059	2060
P91,5	2061	2061
P68,8	2062	2063
P140,5	2064	2064
P70,6	2065	2065
P98,6	2066	2067
P78,7	2068	2069
P148,4	2070	2071
P32,1	2072	2073
P65,8	2074	2074
P57,7	2075	2076
P185,1	2077	2078
P118,5	2079	2080
P190,1	2081	2082
P47,7	2083	2084
P195,1	2085	2086
P122,4	2087	2088
P137,1	2089	2090
P40,7	2091	2092
P86,6	2093	2093
P177,3	2094	2095
P27,1	2096	2097
P89,5	2098	2098
P41,7	2099	2100
P30,9	2101	2102
P167,5	2103	2104
P147,5	2105	2105
P121,5	2106	2106
P85,6	2107	2108
P170,5	2109	2110
P90,5	2111	2111
P24,1	2112	2113
P43,1	2114	2115
P101,6	2116	2117
P18,11	2118	2118
P56,7	2119	2119
P156,5	2120	2121
P16,8	2122	2123
P20,13	2124	2125
P143,1	2126	2127
P173,5	2128	2129
P87,7	2130	2131
P105,1	2132	2133
P44,7	2134	2135
P120,6	2136	2137
P182,1	2138	2139
P12,11	2140	2141
P97,8	2142	2143
P75,7	2144	2145
P196,1	2146	2147
P54,6	2148	2149
P39,7	2150	2151
P92,1	2152	2153
P127,6	2154	2155
P22,9	2156	2156
P151,5	2157	2158
P34,10	2159	2160
P136,4	2161	2162
P168,1	2163	2164
P146,1	2165	2166
P197,1	2167	2168
P29,7	2169	2169
P48,7	2170	2171
P52,1	2172	2173
P133,5	2174	2175
P135,5	2176	2177
P184,1	2178	2179
P159,5	2180	2181
P193,1	2182	2183
P81,1	2184	2185
P157,5	2186	2187
P132,5	2188	2189
P125,1	2190	2191
P198,1	2192	2193
P161,5	2194	2195
P194,1	2196	2197
P49,8	2198	2198
P152,1	2199	2200
P114,5	2201	2201
P69,1	2202	2203
P199,1	2204	2205
P163,5	2206	2207
P53,7	2208	2209
P144,4	2210	2210
P99,5	2211	2212
P68,8	2213	2214
P189,1	2215	2216
P32,1	2217	2218
P129,6	2219	2220
P57,7	2221	2222
P82,8	2223	2224
P185,1	2225	2226
P165,5	2227	2228
P190,1	2229	2230
P176,3	2231	2232
P116,6	2233	2234
P47,7	2235	2236
P195,1	2237	2238
P122,4	2239	2240
P115,1	2241	2242
P60,6	2243	2243
P172,4	2244	2245
P149,4	2246	2246
P162,1	2247	2248
P27,1	2249	2250
P140,6	2251	2252
P41,7	2253	2253
P100,6	2254	2255
P30,9	2256	2257
P70,7	2258	2259
P117,6	2260	2260
P85,6	2261	2261
P84,7	2262	2263
P66,8	2264	2265
P24,1	2266	2267
P43,1	2268	2269
P103,1	2270	2271
P3,1	2272	2273
P192,1	2274	2275
P20,13	2276	2276
P89,6	2277	2277
P143,1	2278	2279
P28,9	2280	2281
P95,5	2282	2283
P40,8	2284	2285
P105,1	2286	2287
P90,6	2288	2289
P120,6	2290	2291
P18,12	2292	2293
P71,8	2294	2295
P75,7	2296	2296
P170,6	2297	2298
P101,7	2299	2300
P39,7	2301	2302
P92,1	2303	2304
P56,8	2305	2306
P12,12	2307	2308
P51,1	2309	2310
P123,6	2311	2312
P168,1	2313	2314
P146,1	2315	2316
P197,1	2317	2318
P150,6	2319	2320
P126,6	2321	2322
P52,1	2323	2324
P38,1	2325	2326
P184,1	2327	2328
P19,10	2329	2330
P159,5	2331	2332
P193,1	2333	2334
P29,8	2335	2336
P1,1	2337	2338
P15,1	2339	2340
P132,5	2341	2342
P125,1	2343	2344
P127,7	2345	2346
P161,5	2347	2348
P62,8	2349	2350
P152,1	2351	2352
P158,5	2353	2354
P69,1	2355	2356
P107,7	2357	2358
P163,5	2359	2359
P180,1	2360	2361
P53,7	2362	2363
P99,5	2364	2364
P68,8	2365	2365
P14,9	2366	2366
P130,5	2367	2368
P32,1	2369	2370
P49,9	2371	2371
P112,6	2372	2373
P139,5	2374	2375
P200,1	2376	2377
P185,1	2378	2379
P165,5	2380	2380
P190,1	2381	2382
P166,5	2383	2383
P160,6	2384	2385
P47,7	2386	2386
P114,6	2387	2387
P195,1	2388	2389
P91,6	2390	2391
P144,5	2392	2393
P172,4	2394	2395
P129,7	2396	2397
P148,5	2398	2399
P140,6	2400	2401
P145,6	2402	2403
P169,5	2404	2404
P176,4	2405	2405
P181,1	2406	2407
P46,8	2408	2408
P24,1	2409	2410
P116,7	2411	2411
P43,1	2412	2413
P41,8	2414	2415
P167,6	2416	2416
P191,1	2417	2418
P55,8	2419	2420
P143,1	2421	2422
P117,7	2423	2424
P173,5	2425	2426
P87,7	2427	2428
P142,7	2429	2429
P105,1	2430	2431
P58,8	2432	2433
P90,6	2434	2434
P119,7	2435	2435
P18,12	2436	2436
P182,1	2437	2438
P170,6	2439	2440
P40,9	2441	2442
P187,1	2443	2444
P12,12	2445	2445
P151,5	2446	2447
P59,8	2448	2449
P20,14	2450	2451
P54,7	2452	2453
P183,1	2454	2455
P95,6	2456	2457
P121,7	2458	2458
P150,6	2459	2460
P97,9	2461	2462
P126,6	2463	2463
P16,10	2464	2465
P2,14	2466	2467
P38,1	2468	2469
P156,7	2470	2470
P188,1	2471	2472
P34,11	2473	2473
P96,6	2474	2475
P178,6	2476	2477
P81,1	2478	2479
P15,1	2480	2481
P132,5	2482	2482
P124,7	2483	2484
P125,1	2485	2486
P127,7	2487	2487
P83,1	2488	2489
P133,6	2490	2491
P136,5	2492	2493
P138,4	2494	2495
P153,7	2496	2497
P79,6	2498	2498
P199,1	2499	2500
P64,7	2501	2502
P53,7	2503	2503
P155,1	2504	2505
P45,11	2506	2507
P61,8	2508	2509
P159,6	2510	2511
P112,6	2512	2513
P200,1	2514	2515
P163,6	2516	2517
P77,10	2518	2518
P110,7	2519	2519
P98,7	2520	2521
P68,9	2522	2523
P78,8	2524	2525
P62,9	2526	2527
P115,1	2528	2529
P137,1	2530	2531
P35,8	2532	2533
P162,1	2534	2535
P27,1	2536	2537
P140,6	2538	2538
P8,12	2539	2540
P65,9	2541	2542
P57,8	2543	2543
P130,6	2544	2545
P114,7	2546	2547
P181,1	2548	2549
P24,1	2550	2551
P177,4	2552	2553
P43,1	2554	2555
P3,1	2556	2557
P192,1	2558	2559
P143,1	2560	2561
P147,6	2562	2562
P117,7	2563	2564
P105,1	2565	2566
P134,7	2567	2568
P104,6	2569	2570
P89,7	2571	2572
P55,9	2573	2574
P46,9	2575	2575
P40,9	2576	2577
P66,9	2578	2579
P187,1	2580	2581
P86,8	2582	2583
P6,13	2584	2585
P123,6	2586	2587
P87,8	2588	2588
P120,7	2589	2590
P85,8	2591	2592
P119,8	2593	2594
P146,1	2595	2596
P18,13	2597	2598
P197,1	2599	2600
P84,9	2601	2602
P12,13	2603	2604
P28,10	2605	2605
P16,10	2606	2606
P90,7	2607	2608
P75,8	2609	2610
P38,1	2611	2612
P188,1	2613	2614
P151,6	2615	2616
P178,6	2617	2618
P81,1	2619	2620
P15,1	2621	2622
P59,9	2623	2623
P95,7	2624	2625
P124,7	2626	2627
P125,1	2628	2629
P83,1	2630	2631
P133,6	2632	2632
P152,1	2633	2634
P156,8	2635	2636
P107,7	2637	2638
P132,6	2639	2640
P180,1	2641	2642
P155,1	2643	2644
P96,7	2645	2645
P45,11	2646	2647
P61,8	2648	2648
P34,12	2649	2650
P127,8	2651	2651
P141,10	2652	2653
P135,7	2654	2654
P64,8	2655	2656
P185,1	2657	2658
P48,9	2659	2660
P160,6	2661	2662
P62,9	2663	2664
P115,1	2665	2666
P79,7	2667	2668
P137,1	2669	2670
P35,8	2671	2672
P112,7	2673	2674
P77,11	2675	2676
P14,10	2677	2678
P165,6	2679	2679
P98,8	2680	2681
P166,6	2682	2683
P24,1	2684	2685
P122,5	2686	2687
P43,1	2688	2689
P118,7	2690	2691
P191,1	2692	2693
P171,6	2694	2694
P65,10	2695	2695
P144,6	2696	2697
P148,6	2698	2699
P91,7	2700	2700
P140,7	2701	2701
P134,7	2702	2703
P164,8	2704	2705
P55,9	2706	2707
P57,9	2708	2709
P40,9	2710	2711
P66,9	2712	2713
P60,8	2714	2715
P47,9	2716	2717
P174,6	2718	2719
P86,8	2720	2721
P6,13	2722	2723
P167,7	2724	2724
P142,8	2725	2725
P168,1	2726	2727
P172,6	2728	2729
P146,1	2730	2731
P102,7	2732	2733
P197,1	2734	2735
P30,11	2736	2737
P170,7	2738	2738
P104,7	2739	2739
P52,1	2740	2741
P75,8	2742	2743
P173,7	2744	2745
P184,1	2746	2747
P39,8	2748	2749
P193,1	2750	2751
P126,7	2752	2753
P1,1	2754	2755
P175,1	2756	2757
P93,7	2758	2758
P2,15	2759	2760
P198,1	2761	2762
P85,9	2763	2764
P194,1	2765	2766
P136,5	2767	2767
P12,14	2768	2768
P150,7	2769	2770
P69,1	2771	2772
P132,6	2773	2774
P59,10	2775	2776
P155,1	2777	2778
P94,8	2779	2780
P178,7	2781	2782
P153,8	2783	2784
P33,1	2785	2786
P95,8	2787	2787
P141,10	2788	2789
P56,10	2790	2790
P64,8	2791	2792
P190,1	2793	2794
P73,1	2795	2796
P131,7	2797	2797
P115,1	2798	2799
P159,7	2800	2801
P107,8	2802	2803
P61,9	2804	2804
P139,6	2805	2805
P162,1	2806	2807
P77,11	2808	2809
P96,8	2810	2811
P127,9	2812	2812
P181,1	2813	2814
P24,1	2815	2816
P135,8	2817	2818
P43,1	2819	2820
P118,7	2821	2822
P35,9	2823	2824
P191,1	2825	2826
P160,7	2827	2828
P143,1	2829	2830
P144,6	2831	2832
P138,6	2833	2834
P105,1	2835	2836
P164,8	2837	2838
P182,1	2839	2840
P196,1	2841	2842
P149,6	2843	2843
P14,11	2844	2845
P92,1	2846	2847
P58,9	2848	2849
P174,6	2850	2850
P177,5	2851	2851
P86,8	2852	2852
P6,13	2853	2854
P147,7	2855	2856
P140,8	2857	2858
P119,8	2859	2860
P146,1	2861	2862
P18,13	2863	2863
P179,6	2864	2865
P63,1	2866	2867
P134,8	2868	2869
P52,1	2870	2871
P41,10	2872	2873
P173,7	2874	2875
P130,8	2876	2877
P184,1	2878	2879
P60,9	2880	2881
P151,6	2882	2882
P193,1	2883	2884
P126,7	2885	2885
P1,1	2886	2887
P175,1	2888	2889
P90,8	2890	2891
P125,1	2892	2893
P15,2	2894	2895
P54,8	2896	2896
P85,9	2897	2898
P120,9	2899	2900
P194,1	2901	2902
P152,1	2903	2904
P69,1	2905	2906
P123,8	2907	2908
P180,1	2909	2910
P59,10	2911	2912
P28,11	2913	2914
P189,1	2915	2916
P32,1	2917	2918
P124,8	2919	2920
P97,11	2921	2922
P64,8	2923	2923
P185,1	2924	2925
P45,12	2926	2927
P73,1	2928	2929
P115,1	2930	2931
P158,6	2932	2933
P137,1	2934	2935
P77,11	2936	2937
P96,8	2938	2938
P131,8	2939	2939
P37,10	2940	2941
P186,1	2942	2943
P61,10	2944	2945
P43,1	2946	2947
P95,9	2948	2948
P3,1	2949	2950
P110,9	2951	2951
P191,1	2952	2953
P114,8	2954	2954
P49,11	2955	2956
P112,8	2957	2958
P68,10	2959	2960
P165,7	2961	2962
P105,1	2963	2964
P164,8	2965	2966
P182,1	2967	2968
P196,1	2969	2970
P57,9	2971	2972
P111,9	2973	2973
P145,7	2974	2975
P89,8	2976	2977
P35,10	2978	2979
P176,6	2980	2981
P118,8	2982	2983
P140,8	2984	2984
P40,10	2985	2986
P146,1	2987	2988
P197,1	2989	2990
P63,1	2991	2992
P134,8	2993	2994
P52,1	2995	2996
P149,7	2997	2998
P66,10	2999	2999
P130,8	3000	3000
P38,1	3001	3002
P188,1	3003	3004
P14,12	3005	3006
P193,1	3007	3008
P117,9	3009	3010
P1,1	3011	3012
P170,8	3013	3013
P175,1	3014	3015
P90,8	3016	3016
P125,1	3017	3018
P18,14	3019	3020
P198,1	3021	3022
P83,1	3023	3024
P102,8	3025	3025
P126,8	3026	3027
P71,10	3028	3029
P152,1	3030	3031
P199,1	3032	3033
P123,8	3034	3035
P155,1	3036	3037
P189,1	3038	3039
P153,8	3040	3041
P33,1	3042	3043
P200,1	3044	3045
P190,1	3046	3047
P94,9	3048	3049
P195,1	3050	3051
P150,8	3052	3053
P158,6	3054	3054
P156,9	3055	3055
P162,1	3056	3057
P181,1	3058	3059
P186,1	3060	3061
P84,11	3062	3063
P103,1	3064	3065
P163,7	3066	3066
P3,1	3067	3068
P77,12	3069	3070
P192,1	3071	3072
P178,8	3073	3074
P64,9	3075	3076
P96,9	3077	3077
P107,9	3078	3079
P135,9	3080	3081
P37,11	3082	3082
P196,1	3083	3084
P131,9	3085	3086
P92,1	3087	3088
P127,11	3089	3090
P51,1	3091	3092
P91,8	3093	3093
P112,9	3094	3095
P49,12	3096	3097
P183,1	3098	3099
P146,1	3100	3101
P197,1	3102	3103
P98,10	3104	3105
P52,1	3106	3107
P138,7	3108	3109
P164,9	3110	3111
P111,10	3112	3113
P184,1	3114	3115
P78,11	3116	3117
P188,1	3118	3119
P57,10	3120	3121
P193,1	3122	3123
P117,9	3124	3125
P1,1	3126	3127
P177,6	3128	3129
P175,1	3130	3131
P140,9	3132	3132
P125,1	3133	3134
P176,7	3135	3136
P134,9	3137	3138
P15,2	3139	3140
P198,1	3141	3142
P39,9	3143	3144
P126,8	3145	3146
P152,1	3147	3148
P199,1	3149	3150
P90,9	3151	3152
P149,8	3153	3154
P75,9	3155	3156
P32,1	3157	3158
P120,10	3159	3159
P200,1	3160	3161
P190,1	3162	3163
P73,1	3164	3165
P102,9	3166	3167
P195,1	3168	3169
P150,8	3170	3170
P137,1	3171	3172
P27,1	3173	3174
P124,9	3175	3176
P186,1	3177	3178
P54,10	3179	3179
P103,1	3180	3181
P3,1	3182	3183
P97,12	3184	3184
P192,1	3185	3186
P143,1	3187	3188
P64,9	3189	3190
P107,9	3191	3192
P135,9	3193	3193
P158,7	3194	3195
P61,11	3196	3197
P77,13	3198	3198
P187,1	3199	3200
P51,1	3201	3202
P168,1	3203	3204
P53,11	3205	3206
P160,8	3207	3207
P146,1	3208	3209
P59,12	3210	3211
P58,10	3212	3212
P163,8	3213	3213
P63,1	3214	3215
P52,1	3216	3217
P35,11	3218	3219
P68,11	3220	3221
P38,1	3222	3223
P184,1	3224	3225
P89,9	3226	3227
P139,8	3228	3229
P188,1	3230	3231
P57,10	3232	3233
P193,1	3234	3235
P40,11	3236	3237
P91,9	3238	3238
P98,11	3239	3240
P165,9	3241	3242
P175,1	3243	3244
P176,7	3245	3245
P134,9	3246	3247
P86,10	3248	3249
P83,1	3250	3251
P55,11	3252	3252
P126,8	3253	3254
P138,8	3255	3255
P140,10	3256	3256
P69,1	3257	3258
P117,10	3259	3260
P167,9	3261	3262
P180,1	3263	3264
P155,1	3265	3266
P189,1	3267	3268
P39,10	3269	3269
P33,1	3270	3271
P200,1	3272	3273
P190,1	3274	3275
P85,10	3276	3277
P195,1	3278	3279
P132,7	3280	3281
P162,1	3282	3283
P181,1	3284	3285
P24,1	3286	3287
P43,1	3288	3289
P103,1	3290	3291
P191,1	3292	3293
P143,1	3294	3295
P64,9	3296	3296
P105,1	3297	3298
P158,7	3299	3300
P61,11	3301	3302
P92,1	3303	3304
P187,1	3305	3306
P93,10	3307	3308
P168,1	3309	3310
P183,1	3311	3312
P146,1	3313	3314
P110,10	3315	3316
P54,11	3317	3318
P171,8	3319	3320
P77,14	3321	3322
P35,11	3323	3323
P164,9	3324	3324
P37,12	3325	3326
P184,1	3327	3328
P112,10	3329	3330
P139,8	3331	3332
P135,10	3333	3333
P188,1	3334	3335
P127,12	3336	3337
P131,10	3338	3339
P40,11	3340	3340
P81,1	3341	3342
P98,11	3343	3344
P179,7	3345	3346
P89,10	3347	3347
P125,1	3348	3349
P118,9	3350	3350
P134,9	3351	3352
P86,10	3353	3353
P198,1	3354	3355
P83,1	3356	3357
P145,9	3358	3359
P129,10	3360	3361
P111,11	3362	3363
P172,8	3364	3365
P199,1	3366	3367
P176,8	3368	3369
P180,1	3370	3371
P155,1	3372	3373
P55,12	3374	3375
P32,1	3376	3377
P33,1	3378	3379
P185,1	3380	3381
P73,1	3382	3383
P71,11	3384	3385
P195,1	3386	3387
P137,1	3388	3389
P27,1	3390	3391
P138,9	3392	3393
P186,1	3394	3395
P120,11	3396	3397
P103,1	3398	3399
P191,1	3400	3401
P192,1	3402	3403
P140,11	3404	3405
P132,8	3406	3406
P196,1	3407	3408
P39,11	3409	3410
P102,10	3411	3412
P187,1	3413	3414
P168,1	3415	3416
P53,11	3417	3418
P107,10	3419	3420
P146,1	3421	3422
P197,1	3423	3424
P63,1	3425	3426
P52,1	3427	3428
P156,11	3429	3430
P159,9	3431	3432
P184,1	3433	3434
P112,10	3435	3435
P133,10	3436	3436
P188,1	3437	3438
P131,10	3439	3440
P81,1	3441	3442
P98,11	3443	3443
P150,10	3444	3445
P68,12	3446	3447
P175,1	3448	3449
P125,1	3450	3451
P15,2	3452	3453
P96,11	3454	3455
P198,1	3456	3457
P166,9	3458	3459
P194,1	3460	3461
P152,1	3462	3463
P69,1	3464	3465
P172,8	3466	3466
P199,1	3467	3468
P89,11	3469	3470
P155,1	3471	3472
P55,12	3473	3473
P189,1	3474	3475
P14,13	3476	3477
P33,1	3478	3479
P185,1	3480	3481
P73,1	3482	3483
P90,10	3484	3484
P118,10	3485	3486
P115,1	3487	3488
P137,1	3489	3490
P27,1	3491	3492
P145,10	3493	3494
P163,10	3495	3496
P186,1	3497	3498
P120,11	3499	3500
P103,1	3501	3502
P176,9	3503	3504
P191,1	3505	3506
P143,1	3507	3508
P105,1	3509	3510
P182,1	3511	3512
P39,11	3513	3514
P187,1	3515	3516
P51,1	3517	3518
P126,10	3519	3520
P71,12	3521	3522
P197,1	3523	3524
P77,14	3525	3525
P38,1	3526	3527
P61,12	3528	3529
P64,10	3530	3531
P160,9	3532	3533
P193,1	3534	3535
P54,12	3536	3537
P1,1	3538	3539
P84,13	3540	3541
P150,10	3542	3543
P102,11	3544	3545
P175,1	3546	3547
P53,12	3548	3549
P125,1	3550	3551
P15,2	3552	3553
P96,11	3554	3554
P40,12	3555	3556
P83,1	3557	3558
P139,9	3559	3560
P194,1	3561	3562
P152,1	3563	3564
P8,15	3565	3566
P199,1	3567	3568
P91,10	3569	3570
P94,12	3571	3572
P57,11	3573	3574
P68,13	3575	3576
P32,1	3577	3578
P86,11	3579	3580
P200,1	3581	3582
P190,1	3583	3584
P179,8	3585	3586
P195,1	3587	3588
P115,1	3589	3590
P137,1	3591	3592
P172,9	3593	3594
P181,1	3595	3596
P145,10	3597	3598
P163,10	3599	3600
P186,1	3601	3602
P167,10	3603	3603
P103,1	3604	3605
P111,12	3606	3607
P85,11	3608	3609
P192,1	3610	3611
P143,1	3612	3613
P147,10	3614	3615
P182,1	3616	3617
P39,11	3618	3619
P187,1	3620	3621
P51,1	3622	3623
P183,1	3624	3625
P146,1	3626	3627
P63,1	3628	3629
P38,1	3630	3631
P184,1	3632	3633
P193,1	3634	3635
P81,1	3636	3637
P132,9	3638	3639
P140,12	3640	3640
P150,10	3641	3642
P175,1	3643	3644
P53,12	3645	3646
P93,11	3647	3648
P135,11	3649	3650
P160,10	3651	3651
P159,10	3652	3653
P131,11	3654	3655
P133,11	3656	3657
P158,9	3658	3659
P69,1	3660	3661
P124,12	3662	3663
P180,1	3664	3665
P155,1	3666	3667
P49,14	3668	3669
P189,1	3670	3671
P32,1	3672	3673
P86,11	3674	3675
P96,12	3676	3677
P166,10	3678	3679
P185,1	3680	3681
P73,1	3682	3683
P115,1	3684	3685
P137,1	3686	3687
P40,13	3688	3689
P27,1	3690	3691
P55,13	3692	3692
P163,10	3693	3694
P58,13	3695	3696
P186,1	3697	3698
P103,1	3699	3700
P111,12	3701	3702
P191,1	3703	3704
P192,1	3705	3706
P143,1	3707	3708
P147,10	3709	3709
P182,1	3710	3711
P92,1	3712	3713
P76,11	3714	3715
P168,1	3716	3717
P138,10	3718	3718
P71,12	3719	3720
P146,1	3721	3722
P176,10	3723	3723
P63,1	3724	3725
P38,1	3726	3727
P145,11	3728	3729
P193,1	3730	3731
P1,1	3732	3733
P132,9	3734	3735
P126,11	3736	3737
P125,1	3738	3739
P15,2	3740	3741
P159,10	3742	3743
P61,13	3744	3745
P150,11	3746	3746
P194,1	3747	3748
P140,13	3749	3750
P64,11	3751	3752
P69,1	3753	3754
P124,12	3755	3756
P180,1	3757	3758
P155,1	3759	3760
P189,1	3761	3762
P160,11	3763	3764
P54,13	3765	3766
P33,1	3767	3768
P200,1	3769	3770
P190,1	3771	3772
P195,1	3773	3774
P137,1	3775	3776
P40,13	3777	3778
P172,9	3779	3780
P107,13	3781	3781
P181,1	3782	3783
P57,12	3784	3785
P179,9	3786	3787
P43,1	3788	3789
P3,1	3790	3791
P111,12	3792	3793
P91,11	3794	3794
P192,1	3795	3796
P105,1	3797	3798
P196,1	3799	3800
P163,11	3801	3801
P187,1	3802	3803
P168,1	3804	3805
P85,12	3806	3807
P146,1	3808	3809
P63,1	3810	3811
P38,1	3812	3813
P147,11	3814	3814
P145,11	3815	3816
P193,1	3817	3818
P1,1	3819	3820
P175,1	3821	3822
P125,1	3823	3824
P198,1	3825	3826
P129,13	3827	3828
P194,1	3829	3830
P140,13	3831	3832
P132,10	3833	3834
P152,1	3835	3836
P118,12	3837	3838
P124,12	3839	3839
P180,1	3840	3841
P155,1	3842	3843
P159,11	3844	3845
P189,1	3846	3847
P160,11	3848	3848
P135,12	3849	3850
P33,1	3851	3852
P200,1	3853	3854
P190,1	3855	3856
P195,1	3857	3858
P115,1	3859	3860
P162,1	3861	3862
P133,12	3863	3864
P181,1	3865	3866
P112,12	3867	3868
P43,1	3869	3870
P3,1	3871	3872
P191,1	3873	3874
P192,1	3875	3876
P98,13	3877	3878
P182,1	3879	3880
P92,1	3881	3882
P51,1	3883	3884
P183,1	3885	3886
P146,1	3887	3888
P63,1	3889	3890
P38,1	3891	3892
P179,10	3893	3893
P145,11	3894	3895
P107,14	3896	3897
P193,1	3898	3899
P1,1	3900	3901
P175,1	3902	3903
P125,1	3904	3905
P198,1	3906	3907
P111,13	3908	3909
P61,13	3910	3911
P194,1	3912	3913
P140,13	3914	3914
P76,12	3915	3916
P132,10	3917	3918
P152,1	3919	3920
P118,12	3921	3922
P96,14	3923	3924
P102,12	3925	3926
P126,12	3927	3928
P189,1	3929	3930
P135,12	3931	3932
P200,1	3933	3934
P190,1	3935	3936
P108,13	3937	3938
P158,10	3939	3940
P115,1	3941	3942
P162,1	3943	3944
P133,12	3945	3946
P181,1	3947	3948
P112,12	3949	3950
P43,1	3951	3952
P191,1	3953	3954
P192,1	3955	3956
P98,13	3957	3958
P182,1	3959	3960
P92,1	3961	3962
P51,1	3963	3964
P183,1	3965	3966
P53,14	3967	3967
P146,1	3968	3969
P63,1	3970	3971
P38,1	3972	3973
P163,12	3974	3974
P188,1	3975	3976
P193,1	3977	3978
P81,1	3979	3980
P175,1	3981	3982
P15,2	3983	3984
P83,1	3985	3986
P194,1	3987	3988
P147,12	3989	3990
P152,1	3991	3992
P199,1	3993	3994
P180,1	3995	3996
P126,12	3997	3998
P107,15	3999	4000
P189,1	4001	4002
P200,1	4003	4004
P140,14	4005	4006
P73,1	4007	4008
P195,1	4009	4010
P137,1	4011	4012
P160,12	4013	4014
P27,1	4015	4016
P24,1	4017	4018
P112,12	4019	4019
P186,1	4020	4021
P103,1	4022	4023
P3,2	4024	4025
P143,1	4026	4027
P118,13	4028	4028
P182,1	4029	4030
P92,1	4031	4032
P102,13	4033	4033
P51,1	4034	4035
P183,1	4036	4037
P146,1	4038	4039
P63,1	4040	4041
P38,1	4042	4043
P35,15	4044	4044
P91,12	4045	4045
P193,1	4046	4047
P81,1	4048	4049
P133,13	4050	4051
P125,1	4052	4053
P198,1	4054	4055
P111,13	4056	4057
P89,14	4058	4059
P98,14	4060	4061
P69,1	4062	4063
P199,1	4064	4065
P180,1	4066	4067
P179,11	4068	4069
P32,1	4070	4071
P185,1	4072	4073
P140,14	4074	4075
P73,1	4076	4077
P115,1	4078	4079
P162,1	4080	4081
P27,1	4082	4083
P147,13	4084	4084
P24,1	4085	4086
P186,1	4087	4088
P103,1	4089	4090
P3,2	4091	4092
P143,1	4093	4094
P105,1	4095	4096
P196,1	4097	4098
P187,1	4099	4100
P158,11	4101	4102
P160,13	4103	4104
P146,1	4105	4106
P63,1	4107	4108
P38,1	4109	4110
P188,1	4111	4112
P172,11	4113	4114
P1,2	4115	4116
P125,1	4117	4118
P112,13	4119	4120
P86,14	4121	4122
P102,14	4123	4124
P145,12	4125	4126
P152,1	4127	4128
P199,1	4129	4130
P155,1	4131	4132
P189,1	4133	4134
P200,1	4135	4136
P163,13	4137	4138
P190,1	4139	4140
P195,1	4141	4142
P137,1	4143	4144
P91,13	4145	4146
P27,1	4147	4148
P24,1	4149	4150
P43,1	4151	4152
P191,1	4153	4154
P192,1	4155	4156
P105,1	4157	4158
P196,1	4159	4160
P187,1	4161	4162
P168,1	4163	4164
P183,1	4165	4166
P71,15	4167	4168
P146,1	4169	4170
P63,1	4171	4172
P38,1	4173	4174
P188,1	4175	4176
P81,1	4177	4178
P175,1	4179	4180
P125,1	4181	4182
P132,12	4183	4184
P198,1	4185	4186
P76,14	4187	4188
P194,1	4189	4190
P69,1	4191	4192
P180,1	4193	4194
P189,1	4195	4196
P200,1	4197	4198
P185,1	4199	4200
P190,1	4201	4202
P195,1	4203	4204
P137,1	4205	4206
P162,1	4207	4208
P145,13	4209	4210
P181,1	4211	4212
P186,1	4213	4214
P103,1	4215	4216
P3,2	4217	4218
P143,1	4219	4220
P182,1	4221	4222
P92,1	4223	4224
P96,15	4225	4226
P158,11	4227	4228
P160,13	4229	4230
P51,2	4231	4232
P197,1	4233	4234
P179,12	4235	4236
P38,1	4237	4238
P188,1	4239	4240
P81,1	4241	4242
P175,1	4243	4244
P125,1	4245	4246
P176,13	4247	4248
P118,14	4249	4249
P194,1	4250	4251
P69,1	4252	4253
P180,1	4254	4255
P189,1	4256	4257
P200,1	4258	4259
P190,1	4260	4261
P195,1	4262	4263
P137,1	4264	4265
P162,1	4266	4267
P145,13	4268	4269
P181,1	4270	4271
P186,1	4272	4273
P103,1	4274	4275
P3,2	4276	4277
P143,1	4278	4279
P182,1	4280	4281
P102,15	4282	4283
P187,1	4284	4285
P183,1	4286	4287
P51,2	4288	4289
P197,1	4290	4291
P179,12	4292	4293
P38,1	4294	4295
P188,1	4296	4297
P81,1	4298	4299
P175,1	4300	4301
P15,2	4302	4303
P198,1	4304	4305
P152,1	4306	4307
P199,1	4308	4309
P155,1	4310	4311
P32,1	4312	4313
P185,1	4314	4315
P73,1	4316	4317
P115,1	4318	4319
P137,1	4320	4321
P145,13	4322	4323
P181,1	4324	4325
P186,1	4326	4327
P103,1	4328	4329
P3,2	4330	4331
P172,13	4332	4332
P143,1	4333	4334
P182,1	4335	4336
P102,15	4337	4338
P187,1	4339	4340
P183,1	4341	4342
P146,1	4343	4344
P63,1	4345	4346
P38,1	4347	4348
P188,1	4349	4350
P81,1	4351	4352
P175,1	4353	4354
P15,2	4355	4356
P198,1	4357	4358
P152,1	4359	4360
P199,1	4361	4362
P155,1	4363	4364
P189,1	4365	4366
P200,1	4367	4368
P190,1	4369	4370
P195,1	4371	4372
P158,13	4373	4374
P137,1	4375	4376
P27,1	4377	4378
P24,1	4379	4380
P43,1	4381	4382
P191,1	4383	4384
P192,1	4385	4386
P105,1	4387	4388
P196,1	4389	4390
P92,1	4391	4392
P168,1	4393	4394
P51,2	4395	4396
P197,1	4397	4398
P52,1	4399	4400
P184,1	4401	4402
P193,1	4403	4404
P1,2	4405	4406
P125,1	4407	4408
P198,1	4409	4410
P152,1	4411	4412
P199,1	4413	4414
P155,1	4415	4416
P189,1	4417	4418
P200,1	4419	4420
P190,1	4421	4422
P195,1	4423	4424
P137,1	4425	4426
P27,1	4427	4428
P24,1	4429	4430
P176,14	4431	4432
P103,1	4433	4434
P3,2	4435	4436
P143,1	4437	4438
P182,1	4439	4440
P92,1	4441	4442
P168,1	4443	4444
P51,2	4445	4446
P158,14	4447	4448
P63,1	4449	4450
P38,1	4451	4452
P188,1	4453	4454
P81,1	4455	4456
P175,1	4457	4458
P15,2	4459	4460
P194,1	4461	4462
P69,1	4463	4464
P180,1	4465	4466
P189,1	4467	4468
P200,1	4469	4470
P190,1	4471	4472
P195,1	4473	4474
P137,1	4475	4476
P27,1	4477	4478
P24,1	4479	4480
P176,14	4481	4482
P103,1	4483	4484
P3,2	4485	4486
P143,1	4487	4488
P182,1	4489	4490
P92,1	4491	4492
P168,1	4493	4494
P51,2	4495	4496
P158,14	4497	4498
P197,1	4499	4500
P52,1	4501	4502
P188,1	4503	4504
P81,1	4505	4506
P184,2	4507	4508
P125,1	4509	4510
P198,1	4511	4512
P152,1	4513	4514
P199,1	4515	4516
P155,1	4517	4518
P32,1	4519	4520
P185,1	4521	4522
P73,1	4523	4524
P115,1	4525	4526
P162,1	4527	4528
P181,1	4529	4530
P186,1	4531	4532
P103,1	4533	4534
P3,2	4535	4536
P143,1	4537	4538
P182,1	4539	4540
P92,1	4541	4542
P168,1	4543	4544
P51,2	4545	4546
P179,14	4547	4548
P63,1	4549	4550
P38,1	4551	4552
P193,1	4553	4554
P1,2	4555	4556
P175,1	4557	4558
P15,2	4559	4560
P194,1	4561	4562
P69,1	4563	4564
P180,1	4565	4566
P189,1	4567	4568
P200,1	4569	4570
P190,1	4571	4572
P195,1	4573	4574
P137,1	4575	4576
P27,1	4577	4578
P24,1	4579	4580
P43,1	4581	4582
P191,1	4583	4584
P192,1	4585	4586
P105,1	4587	4588
P196,1	4589	4590
P187,1	4591	4591
P183,1	4592	4593
P146,1	4594	4595
P197,1	4596	4597
P52,1	4598	4599
P176,15	4600	4601
P193,1	4602	4603
P1,2	4604	4605
P175,1	4606	4607
P15,2	4608	4609
P194,1	4610	4611
P69,1	4612	4613
P180,1	4614	4615
P189,1	4616	4617
P200,1	4618	4619
P190,1	4620	4621
P195,1	4622	4623
P137,1	4624	4625
P27,1	4626	4627
P24,1	4628	4629
P43,1	4630	4631
P191,1	4632	4633
P192,1	4634	4635
P182,1	4636	4637
P196,1	4638	4639
P168,1	4640	4641
P51,2	4642	4643
P187,2	4644	4645
P63,1	4646	4646
P52,1	4647	4648
P176,15	4649	4649
P193,1	4650	4651
P1,2	4652	4653
P175,1	4654	4655
P15,2	4656	4657
P194,1	4658	4659
P69,1	4660	4661
P180,1	4662	4663
P189,1	4664	4665
P200,1	4666	4667
P190,1	4668	4669
P195,1	4670	4671
P137,1	4672	4673
P27,1	4674	4675
P24,1	4676	4677
P186,1	4678	4679
P103,1	4680	4681
P3,2	4682	4683
P105,1	4684	4685
P143,2	4686	4687
P92,1	4688	4689
P183,1	4690	4691
P146,1	4692	4693
P197,1	4694	4695
P38,1	4696	4697
P193,1	4698	4699
P1,2	4700	4701
P175,1	4702	4703
P15,2	4704	4705
P194,1	4706	4707
P69,1	4708	4709
P180,1	4710	4711
P189,1	4712	4713
P200,1	4714	4715
P190,1	4716	4717
P195,1	4718	4719
P137,1	4720	4721
P27,1	4722	4722
P181,1	4723	4724
P179,15	4725	4725
P43,1	4726	4727
P191,1	4728	4729
P192,1	4730	4731
P182,1	4732	4733
P196,1	4734	4735
P168,1	4736	4737
P51,2	4738	4739
P187,2	4740	4741
P52,1	4742	4743
P188,1	4744	4745
P81,1	4746	4747
P184,2	4748	4749
P125,1	4750	4751
P198,1	4752	4753
P152,1	4754	4755
P199,1	4756	4757
P155,1	4758	4759
P32,1	4760	4761
P185,1	4762	4763
P73,1	4764	4765
P115,1	4766	4767
P162,1	4768	4769
P24,1	4770	4771
P43,1	4772	4773
P191,1	4774	4775
P192,1	4776	4777
P182,1	4778	4779
P196,1	4780	4781
P168,1	4782	4782
P183,1	4783	4784
P146,1	4785	4786
P197,1	4787	4788
P38,1	4789	4790
P193,1	4791	4792
P1,2	4793	4794
P125,1	4795	4796
P198,1	4797	4798
P175,2	4799	4800
P69,1	4801	4802
P180,1	4803	4804
P189,1	4805	4806
P185,1	4807	4808
P73,1	4809	4810
P115,1	4811	4812
P162,1	4813	4814
P24,1	4815	4816
P43,1	4817	4818
P191,1	4819	4820
P192,1	4821	4822
P182,1	4823	4824
P196,1	4825	4826
P183,1	4827	4828
P146,1	4829	4830
P197,1	4831	4832
P38,1	4833	4834
P193,1	4835	4836
P1,2	4837	4838
P125,1	4839	4840
P198,1	4841	4842
P175,2	4843	4844
P69,1	4845	4846
P180,1	4847	4848
P189,1	4849	4850
P185,1	4851	4852
P73,1	4853	4854
P115,1	4855	4856
P162,1	4857	4858
P24,1	4859	4860
P43,1	4861	4862
P191,1	4863	4864
P192,1	4865	4866
P182,1	4867	4868
P196,1	4869	4870
P183,1	4871	4872
P146,1	4873	4874
P197,1	4875	4876
P38,1	4877	4878
P193,1	4879	4880
P1,2	4881	4882
P125,1	4883	4884
P198,1	4885	4886
P175,2	4887	4888
P69,1	4889	4890
P180,1	4891	4892
P189,1	4893	4894
P190,1	4895	4896
P195,1	4897	4898
P137,1	4899	4900
P162,1	4901	4902
P24,1	4903	4904
P43,1	4905	4906
P191,1	4907	4908
P192,1	4909	4910
P182,1	4911	4912
P196,1	4913	4914
P183,1	4915	4916
P146,1	4917	4918
P52,1	4919	4920
P188,1	4921	4922
P81,1	4923	4924
P1,2	4925	4926
P125,1	4927	4928
P198,1	4929	4930
P175,2	4931	4932
P69,1	4933	4934
P180,1	4935	4936
P189,1	4937	4938
P190,1	4939	4940
P195,1	4941	4942
P137,1	4943	4944
P162,1	4945	4946
P24,1	4947	4948
P43,1	4949	4950
P191,1	4951	4952
P192,1	4953	4954
P182,1	4955	4956
P196,1	4957	4958
P51,2	4959	4960
P187,2	4961	4962
P38,1	4963	4964
P193,1	4965	4966
P197,2	4967	4968
P184,2	4969	4970
P15,2	4971	4972
P194,1	4973	4974
P152,1	4975	4976
P199,1	4977	4978
P155,1	4979	4980
P200,1	4981	4982
P73,1	4983	4984
P115,1	4985	4986
P185,2	4987	4988
P181,1	4989	4990
P186,1	4991	4992
P103,1	4993	4994
P3,2	4995	4996
P105,1	4997	4998
P143,2	4999	5000
P183,1	5001	5002
P146,1	5003	5004
P92,2	5005	5006
P38,1	5007	5008
P193,1	5009	5010
P197,2	5011	5012
P184,2	5013	5014
P15,2	5015	5016
P194,1	5017	5018
P152,1	5019	5020
P199,1	5021	5022
P155,1	5023	5024
P200,1	5025	5026
P73,1	5027	5028
P115,1	5029	5030
P185,2	5031	5032
P181,1	5033	5034
P186,1	5035	5036
P103,1	5037	5038
P3,2	5039	5040
P105,1	5041	5041
P182,1	5042	5043
P196,1	5044	5045
P51,2	5046	5047
P187,2	5048	5049
P52,1	5050	5051
P188,1	5052	5053
P81,1	5054	5055
P1,2	5056	5057
P125,1	5058	5059
P194,1	5060	5061
P198,2	5062	5063
P69,1	5064	5065
P180,1	5066	5067
P189,1	5068	5069
P190,1	5070	5071
P195,1	5072	5073
P137,1	5074	5075
P162,1	5076	5077
P24,1	5078	5079
P43,1	5080	5081
P191,1	5082	5083
P192,1	5084	5085
P143,2	5086	5087
P183,1	5088	5089
P146,1	5090	5091
P92,2	5092	5093
P38,1	5094	5095
P193,1	5096	5097
P197,2	5098	5099
P184,2	5100	5101
P15,2	5102	5103
P175,2	5104	5105
P152,1	5106	5107
P199,1	5108	5109
P155,1	5110	5111
P200,1	5112	5113
P73,1	5114	5115
P115,1	5116	5117
P185,2	5118	5119
P181,1	5120	5121
P186,1	5122	5123
P103,1	5124	5125
P3,2	5126	5127
P182,1	5128	5129
P196,1	5130	5131
P51,2	5132	5133
P187,2	5134	5135
P52,1	5136	5137
P188,1	5138	5139
P81,1	5140	5141
P1,2	5142	5143
P125,1	5144	5145
P194,1	5146	5147
P198,2	5148	5149
P69,1	5150	5151
P180,1	5152	5153
P189,1	5154	5155
P190,1	5156	5157
P195,1	5158	5159
P137,1	5160	5161
P162,1	5162	5163
P24,1	5164	5165
P103,1	5166	5167
P3,2	5168	5169
P43,2	5170	5171
P143,2	5172	5173
P183,1	5174	5175
P146,1	5176	5177
P92,2	5178	5179
P38,1	5180	5181
P193,1	5182	5183
P197,2	5184	5185
P184,2	5186	5187
P15,2	5188	5188
P175,2	5189	5190
P152,1	5191	5192
P199,1	5193	5194
P155,1	5195	5196
P200,1	5197	5198
P73,1	5199	5200
P115,1	5201	5202
P185,2	5203	5204
P181,1	5205	5206
P186,1	5207	5208
P191,1	5209	5210
P192,1	5211	5212
P182,1	5213	5214
P196,1	5215	5216
P51,2	5217	5218
P187,2	5219	5220
P52,1	5221	5222
P188,1	5223	5224
P81,1	5225	5226
P1,2	5227	5228
P125,1	5229	5230
P175,2	5231	5232
P152,1	5233	5234
P199,1	5235	5236
P155,1	5237	5238
P200,1	5239	5240
P73,1	5241	5242
P115,1	5243	5244
P185,2	5245	5246
P24,1	5247	5248
P186,1	5249	5250
P191,1	5251	5252
P192,1	5253	5254
P182,1	5255	5256
P196,1	5257	5258
P51,2	5259	5260
P187,2	5261	5262
P52,1	5263	5264
P188,1	5265	5266
P81,1	5267	5268
P1,2	5269	5270
P125,1	5271	5272
P175,2	5273	5274
P152,1	5275	5276
P199,1	5277	5278
P155,1	5279	5280
P200,1	5281	5282
P73,1	5283	5284
P115,1	5285	5286
P185,2	5287	5288
P24,1	5289	5290
P186,1	5291	5292
P191,1	5293	5294
P43,2	5295	5296
P143,2	5297	5298
P183,1	5299	5300
P146,1	5301	5302
P92,2	5303	5304
P188,1	5305	5306
P197,2	5307	5308
P184,2	5309	5310
P194,1	5311	5312
P198,2	5313	5314
P69,1	5315	5316
P180,1	5317	5318
P189,1	5319	5320
P190,1	5321	5322
P195,1	5323	5324
P137,1	5325	5326
P181,1	5327	5328
P162,2	5329	5330
P103,1	5331	5332
P3,2	5333	5334
P182,1	5335	5336
P196,1	5337	5338
P51,2	5339	5340
P187,2	5341	5342
P52,1	5343	5344
P193,1	5345	5346
P1,2	5347	5348
P125,1	5349	5350
P175,2	5351	5352
P152,1	5353	5354
P199,1	5355	5356
P155,1	5357	5358
P200,1	5359	5360
P73,1	5361	5362
P115,1	5363	5364
P185,2	5365	5366
P24,1	5367	5368
P186,1	5369	5370
P191,1	5371	5372
P43,2	5373	5374
P143,2	5375	5376
P183,1	5377	5378
P146,1	5379	5380
P92,2	5381	5382
P188,1	5383	5384
P197,2	5385	5386
P184,2	5387	5388
P194,1	5389	5390
P198,2	5391	5392
P69,1	5393	5394
P180,1	5395	5396
P189,1	5397	5398
P190,1	5399	5400
P195,1	5401	5402
P137,1	5403	5404
P181,1	5405	5406
P162,2	5407	5408
P103,1	5409	5410
P3,2	5411	5412
P182,1	5413	5414
P196,1	5415	5416
P51,2	5417	5418
P187,2	5419	5420
P52,1	5421	5422
P193,1	5423	5424
P1,2	5425	5426
P125,1	5427	5428
P198,2	5429	5430
P69,1	5431	5432
P180,1	5433	5434
P189,1	5435	5436
P190,1	5437	5438
P195,1	5439	5440
P137,1	5441	5442
P181,1	5443	5444
P162,2	5445	5446
P103,1	5447	5448
P3,2	5449	5450
P182,1	5451	5452
P196,1	5453	5454
P51,2	5455	5456
P187,2	5457	5458
P52,1	5459	5460
P193,1	5461	5462
P1,2	5463	5464
P125,1	5465	5466
P198,2	5467	5468
P69,1	5469	5470
P180,1	5471	5472
P189,1	5473	5474
P190,1	5475	5476
P195,1	5477	5478
P137,1	5479	5480
P181,1	5481	5482
P162,2	5483	5484
P103,1	5485	5486
P3,2	5487	5488
P182,1	5489	5490
P196,1	5491	5492
P51,2	5493	5494
P187,2	5495	5496
P52,1	5497	5498
P193,1	5499	5500
P1,2	5501	5502
P125,1	5503	5504
P198,2	5505	5506
P69,1	5507	5508
P180,1	5509	5510
P189,1	5511	5512
P190,1	5513	5514
P195,1	5515	5516
P137,1	5517	5518
P181,1	5519	5520
P162,2	5521	5522
P103,1	5523	5524
P3,2	5525	5526
P182,1	5527	5528
P196,1	5529	5530
P51,2	5531	5532
P187,2	5533	5534
P52,1	5535	5536
P193,1	5537	5538
P1,2	5539	5540
P125,1	5541	5542
P198,2	5543	5544
P69,1	5545	5546
P180,1	5547	5548
P189,1	5549	5550
P190,1	5551	5552
P195,1	5553	5554
P137,1	5555	5556
P181,1	5557	5558
P162,2	5559	5560
P103,1	5561	5562
P3,2	5563	5564
P182,1	5565	5566
P196,1	5567	5568
P51,2	5569	5570
P187,2	5571	5572
P52,1	5573	5574
P193,1	5575	5576
P1,2	5577	5578
P125,1	5579	5580
P198,2	5581	5582
P69,1	5583	5584
P180,1	5585	5586
P189,1	5587	5588
P190,1	5589	5590
P195,1	5591	5592
P137,1	5593	5594
P181,1	5595	5596
P162,2	5597	5598
P103,1	5599	5600
P3,2	5601	5602
P182,1	5603	5604
P196,1	5605	5606
P51,2	5607	5608
P187,2	5609	5610
P188,1	5611	5612
P197,2	5613	5614
P1,2	5615	5616
P125,1	5617	5618
P198,2	5619	5620
P69,1	5621	5622
P180,1	5623	5624
P189,1	5625	5626
P190,1	5627	5628
P195,1	5629	5630
P137,1	5631	5632
P181,1	5633	5634
P162,2	5635	5636
P103,1	5637	5638
P3,2	5639	5640
P182,1	5641	5642
P196,1	5643	5644
P51,2	5645	5646
P187,2	5647	5648
P188,1	5649	5650
P197,2	5651	5652
P1,2	5653	5654
P125,1	5655	5656
P198,2	5657	5658
P69,1	5659	5660
P180,1	5661	5662
P189,1	5663	5664
P190,1	5665	5666
P195,1	5667	5668
P137,1	5669	5670
P181,1	5671	5672
P162,2	5673	5674
P103,1	5675	5676
P3,2	5677	5678
P182,1	5679	5680
P196,1	5681	5682
P51,2	5683	5684
P187,2	5685	5686
P188,1	5687	5688
P197,2	5689	5690
P1,2	5691	5692
P125,1	5693	5694
P198,2	5695	5696
P69,1	5697	5698
P180,1	5699	5700
P189,1	5701	5702
P190,1	5703	5704
P195,1	5705	5706
P137,1	5707	5708
P181,1	5709	5710
P162,2	5711	5712
P103,1	5713	5714
P3,2	5715	5716
P182,1	5717	5718
P196,1	5719	5720
P51,2	5721	5722
P187,2	5723	5724
P188,1	5725	5726
P197,2	5727	5728
P1,2	5729	5730
P125,1	5731	5732
P198,2	5733	5734
P69,1	5735	5736
P180,1	5737	5738
P189,1	5739	5740
P190,1	5741	5742
P195,1	5743	5744
P137,1	5745	5746
P181,1	5747	5748
P162,2	5749	5750
P103,1	5751	5752
P3,2	5753	5754
P182,1	5755	5756
P196,1	5757	5758
P51,2	5759	5760
P187,2	5761	5762
P188,1	5763	5764
P197,2	5765	5766
P1,2	5767	5768
P125,1	5769	5770
P198,2	5771	5772
P69,1	5773	5774
P180,1	5775	5776
P189,1	5777	5778
P190,1	5779	5780
P195,1	5781	5782
P137,1	5783	5784
P181,1	5785	5786
P162,2	5787	5788
P103,1	5789	5790
P3,2	5791	5792
P182,1	5793	5794
P183,1	5795	5796
P146,1	5797	5798
P92,2	5799	5800
P193,1	5801	5802
P52,2	5803	5804
P184,2	5805	5806
P175,2	5807	5808
P152,1	5809	5810
P199,1	5811	5812
P155,1	5813	5814
P200,1	5815	5816
P73,1	5817	5818
P115,1	5819	5820
P185,2	5821	5822
P24,1	5823	5824
P186,1	5825	5826
P191,1	5827	5828
P43,2	5829	5830
P143,2	5831	5832
P51,2	5833	5834
P187,2	5835	5836
P188,1	5837	5838
P197,2	5839	5840
P1,2	5841	5842
P125,1	5843	5844
P198,2	5845	5846
P69,1	5847	5848
P180,1	5849	5850
P189,1	5851	5852
P190,1	5853	5854
P195,1	5855	5856
P137,1	5857	5858
P181,1	5859	5860
P162,2	5861	5862
P103,1	5863	5864
P3,2	5865	5866
P182,1	5867	5868
P183,1	5869	5870
P146,1	5871	5872
P92,2	5873	5874
P193,1	5875	5876
P52,2	5877	5878
P184,2	5879	5880
P175,2	5881	5882
P152,1	5883	5884
P199,1	5885	5886
P155,1	5887	5888
P200,1	5889	5890
P73,1	5891	5892
P115,1	5893	5894
P185,2	5895	5896
P24,1	5897	5898
P186,1	5899	5900
P191,1	5901	5902
P182,1	5903	5904
P183,1	5905	5906
P146,1	5907	5908
P92,2	5909	5910
P193,1	5911	5912
P52,2	5913	5914
P184,2	5915	5916
P175,2	5917	5918
P152,1	5919	5920
P199,1	5921	5922
P155,1	5923	5924
P200,1	5925	5926
P73,1	5927	5928
P115,1	5929	5930
P185,2	5931	5932
P24,1	5933	5934
P186,1	5935	5936
P191,1	5937	5938
P182,1	5939	5940
P183,1	5941	5942
P146,1	5943	5944
P92,2	5945	5946
P193,1	5947	5948
P52,2	5949	5950
P184,2	5951	5952
P175,2	5953	5954
P152,1	5955	5956
P199,1	5957	5958
P155,1	5959	5960
P200,1	5961	5962
P73,1	5963	5964
P115,1	5965	5966
P185,2	5967	5968
P162,2	5969	5970
P103,1	5971	5972
P191,1	5973	5974
P182,1	5975	5976
P183,1	5977	5978
P146,1	5979	5980
P92,2	5981	5982
P193,1	5983	5984
P52,2	5985	5986
P125,1	5987	5988
P198,2	5989	5990
P69,1	5991	5992
P180,1	5993	5994
P189,1	5995	5996
P190,1	5997	5998
P195,1	5999	5999
P137,1	6000	6001
P181,1	6002	6003
P186,1	6004	6005
P24,2	6006	6007
P43,2	6008	6009
P143,2	6010	6011
P51,2	6012	6013
P187,2	6014	6015
P188,1	6016	6017
P197,2	6018	6019
P184,2	6020	6021
P175,2	6022	6023
P152,1	6024	6025
P199,1	6026	6027
P155,1	6028	6029
P200,1	6030	6031
P115,1	6032	6033
P137,1	6034	6035
P181,1	6036	6037
P186,1	6038	6039
P24,2	6040	6041
P43,2	6042	6043
P143,2	6044	6045
P51,2	6046	6047
P187,2	6048	6049
P188,1	6050	6051
P197,2	6052	6053
P184,2	6054	6055
P175,2	6056	6057
P152,1	6058	6059
P199,1	6060	6061
P155,1	6062	6063
P200,1	6064	6065
P115,1	6066	6067
P137,1	6068	6069
P181,1	6070	6071
P186,1	6072	6073
P24,2	6074	6075
P43,2	6076	6077
P143,2	6078	6079
P51,2	6080	6081
P187,2	6082	6083
P188,1	6084	6085
P197,2	6086	6087
P184,2	6088	6089
P175,2	6090	6091
P152,1	6092	6093
P199,1	6094	6095
P189,1	6096	6097
P200,1	6098	6099
P115,1	6100	6100
P137,1	6101	6102
P181,1	6103	6104
P186,1	6105	6106
P24,2	6107	6108
P43,2	6109	6110
P143,2	6111	6112
P51,2	6113	6114
P187,2	6115	6116
P188,1	6117	6118
P197,2	6119	6120
P184,2	6121	6122
P175,2	6123	6124
P152,1	6125	6126
P155,1	6127	6128
P180,2	6129	6130
P200,1	6131	6132
P190,2	6133	6134
P185,2	6135	6136
P162,2	6137	6138
P103,1	6139	6140
P191,1	6141	6142
P182,1	6143	6144
P183,1	6145	6146
P146,1	6147	6148
P92,2	6149	6150
P193,1	6151	6152
P52,2	6153	6154
P125,1	6155	6156
P198,2	6157	6158
P199,1	6159	6160
P189,1	6161	6162
P69,2	6163	6164
P73,1	6165	6166
P137,1	6167	6168
P181,1	6169	6170
P186,1	6171	6172
P24,2	6173	6174
P43,2	6175	6176
P143,2	6177	6178
P51,2	6179	6180
P187,2	6181	6182
P188,1	6183	6184
P197,2	6185	6186
P184,2	6187	6188
P175,2	6189	6190
P152,1	6191	6192
P155,1	6193	6194
P180,2	6195	6196
P200,1	6197	6198
P190,2	6199	6200
P185,2	6201	6202
P162,2	6203	6204
P103,1	6205	6206
P191,1	6207	6208
P182,1	6209	6210
P183,1	6211	6212
P146,1	6213	6214
P92,2	6215	6216
P197,2	6217	6218
P184,2	6219	6220
P175,2	6221	6222
P152,1	6223	6224
P155,1	6225	6226
P180,2	6227	6228
P200,1	6229	6230
P190,2	6231	6232
P185,2	6233	6234
P162,2	6235	6236
P103,1	6237	6238
P191,1	6239	6240
P182,1	6241	6242
P183,1	6243	6244
P146,1	6245	6246
P92,2	6247	6248
P197,2	6249	6250
P184,2	6251	6252
P175,2	6253	6254
P152,1	6255	6256
P155,1	6257	6258
P69,2	6259	6260
P73,1	6261	6262
P137,1	6263	6264
P181,1	6265	6266
P103,1	6267	6268
P191,1	6269	6270
P182,1	6271	6271
P143,2	6272	6273
P51,2	6274	6275
P187,2	6276	6277
P193,1	6278	6279
P52,2	6280	6281
P125,1	6282	6283
P198,2	6284	6285
P199,1	6286	6287
P180,2	6288	6289
P200,1	6290	6291
P190,2	6292	6293
P185,2	6294	6295
P162,2	6296	6297
P24,2	6298	6299
P43,2	6300	6301
P183,1	6302	6303
P51,2	6304	6305
P187,2	6306	6307
P193,1	6308	6309
P52,2	6310	6311
P175,2	6312	6313
P152,1	6314	6315
P155,1	6316	6317
P69,2	6318	6319
P73,1	6320	6321
P137,1	6322	6323
P181,1	6324	6325
P103,1	6326	6327
P191,1	6328	6329
P143,2	6330	6331
P182,2	6332	6333
P146,1	6334	6335
P92,2	6336	6337
P197,2	6338	6338
P125,1	6339	6340
P198,2	6341	6342
P199,1	6343	6344
P180,2	6345	6346
P200,1	6347	6348
P190,2	6349	6350
P185,2	6351	6352
P162,2	6353	6354
P24,2	6355	6356
P43,2	6357	6358
P183,1	6359	6360
P51,2	6361	6362
P187,2	6363	6364
P193,1	6365	6366
P175,2	6367	6368
P152,1	6369	6370
P199,1	6371	6372
P180,2	6373	6374
P200,1	6375	6376
P190,2	6377	6378
P185,2	6379	6380
P162,2	6381	6382
P24,2	6383	6384
P43,2	6385	6386
P183,1	6387	6388
P51,2	6389	6390
P187,2	6391	6392
P193,1	6393	6394
P175,2	6395	6396
P152,1	6397	6398
P199,1	6399	6400
P180,2	6401	6402
P200,1	6403	6404
P190,2	6405	6406
P185,2	6407	6408
P162,2	6409	6410
P24,2	6411	6412
P43,2	6413	6414
P183,1	6415	6416
P51,2	6417	6418
P187,2	6419	6420
P193,1	6421	6422
P175,2	6423	6424
P152,1	6425	6426
P199,1	6427	6428
P180,2	6429	6430
P200,1	6431	6432
P137,1	6433	6434
P181,1	6435	6436
P103,1	6437	6438
P191,1	6439	6440
P143,2	6441	6442
P182,2	6443	6444
P146,1	6445	6446
P92,2	6447	6448
P52,2	6449	6450
P198,2	6451	6452
P125,2	6453	6454
P155,1	6455	6456
P69,2	6457	6458
P190,2	6459	6460
P185,2	6461	6462
P162,2	6463	6464
P24,2	6465	6466
P43,2	6467	6468
P183,1	6469	6470
P51,2	6471	6472
P187,2	6473	6474
P193,1	6475	6476
P175,2	6477	6478
P152,1	6479	6480
P199,1	6481	6482
P180,2	6483	6484
P200,1	6485	6486
P137,1	6487	6488
P181,1	6489	6490
P103,1	6491	6492
P191,1	6493	6494
P143,2	6495	6496
P182,2	6497	6498
P146,1	6499	6500
P92,2	6501	6502
P52,2	6503	6504
P198,2	6505	6506
P125,2	6507	6508
P155,1	6509	6510
P69,2	6511	6512
P190,2	6513	6514
P185,2	6515	6516
P162,2	6517	6518
P24,2	6519	6520
P43,2	6521	6522
P183,1	6523	6524
P51,2	6525	6526
P187,2	6527	6528
P193,1	6529	6530
P175,2	6531	6532
P152,1	6533	6534
P199,1	6535	6536
P180,2	6537	6538
P200,1	6539	6540
P137,1	6541	6542
P181,1	6543	6544
P103,1	6545	6546
P191,1	6547	6548
P143,2	6549	6550
P182,2	6551	6552
P146,1	6553	6554
P92,2	6555	6556
P52,2	6557	6558
P198,2	6559	6560
P125,2	6561	6562
P155,1	6563	6564
P69,2	6565	6566
P190,2	6567	6568
P185,2	6569	6570
P162,2	6571	6572
P24,2	6573	6574
P43,2	6575	6576
P183,1	6577	6578
P51,2	6579	6580
P187,2	6581	6582
P193,1	6583	6584
P175,2	6585	6586
P152,1	6587	6588
P199,1	6589	6590
P180,2	6591	6592
P200,1	6593	6594
P137,1	6595	6596
P181,1	6597	6598
P103,1	6599	6600
P191,1	6601	6602
P143,2	6603	6604
P182,2	6605	6606
P187,2	6607	6608
P193,1	6609	6610
P175,2	6611	6612
P152,1	6613	6614
P199,1	6615	6616
P180,2	6617	6618
P200,1	6619	6620
P137,1	6621	6622
P181,1	6623	6624
P103,1	6625	6626
P191,1	6627	6628
P143,2	6629	6630
P182,2	6631	6632
P187,2	6633	6634
P193,1	6635	6636
P175,2	6637	6638
P152,1	6639	6640
P199,1	6641	6642
P180,2	6643	6644
P200,1	6645	6646
P137,1	6647	6648
P181,1	6649	6650
P191,1	6651	6652
P143,2	6653	6654
P103,2	6655	6656
P51,2	6657	6658
P92,2	6659	6660
P52,2	6661	6662
P198,2	6663	6664
P125,2	6665	6666
P155,1	6667	6668
P69,2	6669	6670
P190,2	6671	6672
P185,2	6673	6674
P191,1	6675	6676
P143,2	6677	6678
P103,2	6679	6680
P51,2	6681	6682
P92,2	6683	6684
P175,2	6685	6686
P152,1	6687	6688
P193,2	6689	6690
P155,1	6691	6692
P69,2	6693	6694
P190,2	6695	6696
P185,2	6697	6698
P191,1	6699	6700
P143,2	6701	6702
P103,2	6703	6704
P51,2	6705	6706
P92,2	6707	6708
P175,2	6709	6710
P152,1	6711	6711
P125,2	6712	6713
P199,1	6714	6715
P180,2	6716	6717
P200,1	6718	6719
P137,1	6720	6721
P24,2	6722	6723
P43,2	6724	6725
P183,1	6726	6727
P182,2	6728	6729
P187,2	6730	6731
P52,2	6732	6733
P198,2	6734	6735
P193,2	6736	6737
P199,1	6738	6739
P69,2	6740	6741
P190,2	6742	6743
P185,2	6744	6745
P191,1	6746	6747
P143,2	6748	6749
P103,2	6750	6751
P51,2	6752	6753
P92,2	6754	6755
P175,2	6756	6757
P125,2	6758	6759
P152,2	6760	6761
P180,2	6762	6763
P69,2	6764	6765
P190,2	6766	6767
P137,2	6768	6769
P191,1	6770	6771
P143,2	6772	6773
P182,2	6774	6775
P187,2	6776	6777
P52,2	6778	6779
P198,2	6780	6781
P193,2	6782	6783
P199,1	6784	6785
P155,2	6786	6787
P190,2	6788	6789
P137,2	6790	6791
P200,2	6792	6793
P43,2	6794	6795
P103,2	6796	6797
P51,2	6798	6799
P92,2	6800	6801
P175,2	6802	6803
P125,2	6804	6805
P152,2	6806	6807
P180,2	6808	6809
P69,2	6810	6811
P185,2	6812	6813
P24,2	6814	6815
P43,2	6816	6817
P103,2	6818	6819
P191,2	6820	6821
P187,2	6822	6823
P52,2	6824	6825
P198,2	6826	6827
P193,2	6828	6829
P180,2	6830	6831
P199,2	6832	6833
P190,2	6834	6835
P137,2	6836	6837
P200,2	6838	6839
P143,2	6840	6841
P182,2	6842	6843
P51,2	6844	6845
P92,2	6846	6847
P175,2	6848	6849
P125,2	6850	6851
P152,2	6852	6853
P155,2	6854	6855
P69,2	6856	6857
P185,2	6858	6859
P24,2	6860	6861
P43,2	6862	6863
P103,2	6864	6865
P191,2	6866	6867
P187,2	6868	6869
P52,2	6870	6871
P198,2	6872	6873
P193,2	6874	6875
P180,2	6876	6877
P199,2	6878	6879
P190,2	6880	6881
P137,2	6882	6883
P200,2	6884	6885
P143,2	6886	6887
P182,2	6888	6889
P51,2	6890	6891
P52,2	6892	6893
P198,2	6894	6895
P193,2	6896	6897
P180,2	6898	6899
P199,2	6900	6901
P190,2	6902	6902
P137,2	6903	6904
P200,2	6905	6906
P143,2	6907	6908
P182,2	6909	6910
P51,2	6911	6912
P52,2	6913	6914
P198,2	6915	6916
P193,2	6917	6918
P180,2	6919	6920
P199,2	6921	6922
P185,2	6923	6924
P24,2	6925	6926
P43,2	6927	6928
P103,2	6929	6930
P191,2	6931	6932
P92,2	6933	6934
P175,2	6935	6936
P125,2	6937	6938
P152,2	6939	6940
P155,2	6941	6942
P69,2	6943	6944
P137,2	6945	6946
P200,2	6947	6948
P143,2	6949	6950
P182,2	6951	6952
P51,2	6953	6954
P52,2	6955	6956
P198,2	6957	6958
P193,2	6959	6960
P180,2	6961	6962
P199,2	6963	6964
P185,2	6965	6966
P24,2	6967	6968
P43,2	6969	6970
P103,2	6971	6972
P191,2	6973	6974
P92,2	6975	6976
P175,2	6977	6978
P125,2	6979	6980
P152,2	6981	6982
P155,2	6983	6984
P69,2	6985	6986
P137,2	6987	6988
P200,2	6989	6990
P143,2	6991	6992
P182,2	6993	6994
P51,2	6995	6996
P52,2	6997	6997
P175,2	6998	6999
P125,2	7000	7001
P152,2	7002	7003
P155,2	7004	7005
P69,2	7006	7007
P137,2	7008	7009
P200,2	7010	7011
P143,2	7012	7013
P182,2	7014	7015
P51,2	7016	7017
P175,2	7018	7019
P125,2	7020	7021
P152,2	7022	7023
P155,2	7024	7025
P69,2	7026	7027
P137,2	7028	7029
P200,2	7030	7031
P143,2	7032	7033
P182,2	7034	7035
P51,2	7036	7037
P175,2	7038	7039
P125,2	7040	7041
P152,2	7042	7043
P155,2	7044	7045
P69,2	7046	7047
P137,2	7048	7049
P200,2	7050	7051
P143,2	7052	7053
P182,2	7054	7055
P51,2	7056	7057
P175,2	7058	7059
P125,2	7060	7061
P152,2	7062	7063
P155,2	7064	7065
P69,2	7066	7067
P24,2	7068	7069
P43,2	7070	7071
P103,2	7072	7073
P191,2	7074	7075
P92,2	7076	7077
P198,2	7078	7079
P193,2	7080	7081
P180,2	7082	7083
P199,2	7084	7085
P137,2	7086	7087
P200,2	7088	7089
P143,2	7090	7091
P182,2	7092	7093
P51,2	7094	7095
P175,2	7096	7097
P125,2	7098	7099
P152,2	7100	7101
P155,2	7102	7103
P69,2	7104	7105
P24,2	7106	7107
P43,2	7108	7109
P103,2	7110	7111
P191,2	7112	7113
P92,2	7114	7115
P198,2	7116	7117
P193,2	7118	7119
P180,2	7120	7121
P199,2	7122	7123
P137,2	7124	7125
P200,2	7126	7127
P143,2	7128	7129
P182,2	7130	7131
P92,2	7132	7133
P198,2	7134	7135
P193,2	7136	7137
P180,2	7138	7139
P199,2	7140	7141
P137,2	7142	7143
P200,2	7144	7145
P143,2	7146	7147
P182,2	7148	7149
P92,2	7150	7151
P198,2	7152	7153
P193,2	7154	7155
P180,2	7156	7157
P199,2	7158	7159
P137,2	7160	7161
P200,2	7162	7163
P143,2	7164	7165
P182,2	7166	7167
P92,2	7168	7169
P198,2	7170	7171
P193,2	7172	7173
P180,2	7174	7175
P199,2	7176	7177
P137,2	7178	7179
P200,2	7180	7181
P143,2	7182	7183
P182,2	7184	7185
P92,2	7186	7187
P198,2	7188	7189
P193,2	7190	7191
P180,2	7192	7193
P199,2	7194	7195
P137,2	7196	7197
P200,2	7198	7199
P143,2	7200	7201
P182,2	7202	7203
P92,2	7204	7205
P198,2	7206	7207
P193,2	7208	7209
P180,2	7210	7211
P199,2	7212	7213
P137,2	7214	7215
P200,2	7216	7217
P143,2	7218	7219
P182,2	7220	7221
P92,2	7222	7223
P198,2	7224	7225
P193,2	7226	7227
P180,2	7228	7229
P199,2	7230	7231
P137,2	7232	7233
P200,2	7234	7235
P143,2	7236	7237
P182,2	7238	7239
P92,2	7240	7241
P198,2	7242	7243
P193,2	7244	7245
P180,2	7246	7247
P199,2	7248	7249
P137,2	7250	7251
P200,2	7252	7253
P143,2	7254	7255
P182,2	7256	7257
P92,2	7258	7259
P198,2	7260	7261
P193,2	7262	7263
P180,2	7264	7265
P199,2	7266	7267
P137,2	7268	7269
P200,2	7270	7271
P143,2	7272	7273
P182,2	7274	7275
P92,2	7276	7277
P198,2	7278	7279
P193,2	7280	7281
P180,2	7282	7283
P199,2	7284	7285
P137,2	7286	7287
P200,2	7288	7289
P143,2	7290	7291
P182,2	7292	7293
P92,2	7294	7295
P198,2	7296	7297
P193,2	7298	7299
P180,2	7300	7301
P199,2	7302	7303
P137,2	7304	7305
P200,2	7306	7307
P143,2	7308	7309
P182,2	7310	7311
P92,2	7312	7313
P125,2	7314	7315
P152,2	7316	7317
P155,2	7318	7319
P69,2	7320	7321
P24,2	7322	7323
P43,2	7324	7325
P103,2	7326	7327
P191,2	7328	7329
P198,2	7330	7331
P193,2	7332	7332
P152,2	7333	7334
P155,2	7335	7336
P69,2	7337	7338
P24,2	7339	7340
P43,2	7341	7342
P103,2	7343	7344
P191,2	7345	7346
P198,2	7347	7348
P152,2	7349	7350
P155,2	7351	7352
P69,2	7353	7354
P24,2	7355	7356
P43,2	7357	7358
P103,2	7359	7360
P191,2	7361	7362
P198,2	7363	7364
P152,2	7365	7366
P155,2	7367	7368
P69,2	7369	7370
P24,2	7371	7372
P43,2	7373	7374
P103,2	7375	7376
P191,2	7377	7378
P198,2	7379	7380
P152,2	7381	7381
P155,2	7382	7383
P69,2	7384	7385
P24,2	7386	7387
P43,2	7388	7389
P103,2	7390	7391
P191,2	7392	7393
P198,2	7394	7395
P180,2	7396	7397
P199,2	7398	7399
P137,2	7400	7401
P200,2	7402	7403
P143,2	7404	7405
P182,2	7406	7407
P92,2	7408	7409
P125,2	7410	7411
P155,2	7412	7413
P69,2	7414	7415
P24,2	7416	7417
P43,2	7418	7419
P103,2	7420	7421
P191,2	7422	7423
P198,2	7424	7425
P180,2	7426	7427
P199,2	7428	7429
P137,2	7430	7431
P200,2	7432	7433
P103,2	7434	7435
P191,2	7436	7437
P180,2	7438	7439
P199,2	7440	7441
P137,2	7442	7443
P200,2	7444	7445
P103,2	7446	7447
P191,2	7448	7449
P180,2	7450	7451
P199,2	7452	7453
P137,2	7454	7455
P200,2	7456	7457
P182,2	7458	7459
P125,2	7460	7461
P155,2	7462	7463
P69,2	7464	7465
P24,2	7466	7467
P103,2	7468	7469
P191,2	7470	7471
P180,2	7472	7473
P199,2	7474	7475
P137,2	7476	7477
P200,2	7478	7479
P182,2	7480	7481
P125,2	7482	7483
P155,2	7484	7485
P69,2	7486	7487
P24,2	7488	7489
P103,2	7490	7491
P191,2	7492	7493
P180,2	7494	7495
P199,2	7496	7497
P137,2	7498	7499
P200,2	7500	7501
P191,2	7502	7503
P180,2	7504	7505
P199,2	7506	7507
P137,2	7508	7509
P200,2	7510	7511
P191,2	7512	7513
P180,2	7514	7515
P199,2	7516	7517
P137,2	7518	7519
P200,2	7520	7521
P191,2	7522	7523
P180,2	7524	7525
P199,2	7526	7527
P137,2	7528	7529
P200,2	7530	7531
P191,2	7532	7533
P180,2	7534	7535
P199,2	7536	7537
P137,2	7538	7539
P200,2	7540	7541
P191,2	7542	7543
P155,2	7544	7545
P69,2	7546	7547
P24,2	7548	7549
P103,2	7550	7551
P125,2	7552	7553
P199,2	7554	7555
P137,2	7556	7557
P200,2	7558	7559
P191,2	7560	7561
P155,2	7562	7563
P69,2	7564	7565
P24,2	7566	7567
P103,2	7568	7569
P125,2	7570	7571
P199,2	7572	7573
P137,2	7574	7575
P200,2	7576	7577
P191,2	7578	7579
P155,2	7580	7581
P69,2	7582	7583
P24,2	7584	7585
P103,2	7586	7587
P125,2	7588	7589
P199,2	7590	7591
P137,2	7592	7593
P200,2	7594	7595
P191,2	7596	7597
P155,2	7598	7599
P69,2	7600	7601
P103,2	7602	7602
P191,2	7603	7604
P155,2	7605	7606
P69,2	7607	7607
P191,2	7608	7609
P155,2	7610	7611
P200,2	7612	7613
P125,2	7614	7615
P199,2	7616	7617
P191,2	7618	7619
P155,2	7620	7621
P200,2	7622	7623
P155,2	7624	7625
P200,2	7626	7626
P155,2	7627	7628
P191,2	7629	7630
P199,2	7631	7632
P155,2	7633	7634
P191,2	7635	7636
P199,2	7637	7638
P155,2	7639	7640
P191,2	7641	7642
P199,2	7643	7644
P155,2	7645	7646
P191,2	7647	7648
P199,2	7649	7650
P155,2	7651	7652
P191,2	7653	7654
P199,2	7655	7656
P155,2	7657	7704
CPU1
P1,1	4	5
P1,1	8	11
P3,1	12	17
P1,1	18	19
P5,1	20	21
P3,1	22	23
P7,1	24	25
P3,1	26	27
P1,1	28	29
P8,1	30	31
P2,2	32	33
P3,1	34	35
P9,1	36	37
P1,1	38	39
P3,1	40	41
P10,1	42	43
P3,1	44	45
P5,2	46	47
P4,2	48	49
P1,1	50	51
P11,1	52	53
P12,1	54	55
P11,1	56	57
P12,1	58	58
P1,1	59	60
P3,1	61	62
P13,1	63	64
P14,1	65	66
P7,3	67	67
P13,1	68	69
P9,2	70	71
P3,1	72	73
P1,1	74	75
P17,1	76	77
P16,1	78	79
P3,1	80	81
P15,1	82	83
P19,1	84	85
P5,3	86	87
P10,2	88	89
P12,2	90	90
P3,1	91	92
P15,1	93	94
P21,1	95	96
P6,3	97	98
P10,2	99	99
P22,1	100	101
P3,1	102	103
P14,2	104	105
P4,3	106	106
P2,4	107	108
P6,3	109	109
P11,2	110	111
P24,1	112	113
P20,1	114	114
P3,1	115	116
P13,2	117	117
P16,2	118	119
P8,3	120	121
P2,4	122	123
P7,4	124	125
P26,1	126	126
P27,1	127	128
P3,1	129	130
P1,1	131	132
P14,2	133	133
P28,1	134	135
P8,3	136	137
P5,4	138	139
P25,1	140	141
P29,1	142	143
P27,1	144	145
P3,1	146	147
P1,1	148	149
P19,2	150	150
P28,1	151	152
P12,3	153	154
P31,1	155	156
P17,3	157	158
P29,1	159	160
P10,3	161	162
P21,2	163	164
P24,1	165	166
P9,3	167	167
P7,5	168	169
P1,1	170	171
P22,2	172	173
P15,1	174	175
P12,3	176	176
P8,4	177	178
P32,1	179	180
P35,1	181	182
P33,1	183	184
P25,2	185	186
P23,2	187	188
P26,2	189	190
P19,3	191	191
P2,5	192	193
P37,1	194	195
P14,3	196	197
P18,3	198	199
P22,2	200	201
P39,1	202	203
P40,1	204	205
P11,3	206	207
P17,3	208	208
P41,1	209	210
P30,2	211	212
P29,2	213	214
P23,2	215	216
P24,1	217	218
P43,1	219	220
P3,1	221	222
P5,5	223	224
P7,5	225	225
P37,1	226	227
P44,1	228	228
P38,1	229	230
P6,5	231	232
P34,2	233	234
P22,2	235	235
P15,1	236	237
P46,1	238	238
P26,3	239	240
P47,1	241	242
P32,1	243	244
P48,1	245	246
P30,2	247	248
P49,1	249	250
P23,2	251	252
P31,2	253	254
P42,1	255	256
P43,1	257	258
P10,4	259	260
P3,1	261	262
P5,5	263	263
P52,1	264	265
P53,1	266	267
P45,1	268	269
P34,2	270	271
P40,2	272	273
P15,1	274	275
P55,1	276	277
P12,4	278	278
P26,3	279	280
P47,1	281	282
P58,1	283	284
P48,1	285	286
P33,1	287	288
P60,1	289	290
P49,1	291	292
P18,4	293	294
P25,3	295	296
P7,6	297	298
P24,1	299	300
P43,1	301	302
P62,1	303	304
P22,3	305	306
P8,5	307	308
P44,2	309	310
P51,1	311	312
P20,4	313	314
P64,1	315	316
P54,1	317	318
P38,1	319	320
P65,1	321	322
P46,2	323	323
P23,3	324	325
P40,2	326	326
P14,4	327	327
P15,1	328	329
P68,1	330	331
P2,6	332	333
P17,4	334	334
P28,3	335	336
P57,1	337	337
P42,2	338	339
P58,1	340	340
P48,1	341	342
P33,1	343	344
P73,1	345	346
P49,1	347	348
P31,3	349	349
P36,3	350	351
P75,1	352	352
P76,1	353	354
P25,3	355	355
P56,2	356	357
P39,2	358	359
P77,1	360	360
P24,1	361	362
P43,1	363	364
P6,6	365	365
P62,1	366	367
P22,3	368	368
P3,1	369	370
P8,5	371	372
P44,2	373	374
P63,1	375	376
P7,7	377	378
P79,1	379	379
P26,4	380	381
P38,1	382	383
P61,2	384	385
P65,1	386	386
P81,1	387	388
P23,3	389	390
P1,1	391	392
P82,1	393	394
P55,1	395	396
P69,1	397	398
P84,1	399	400
P70,1	401	401
P71,1	402	403
P85,1	404	405
P32,1	406	407
P72,1	408	409
P33,1	410	411
P4,6	412	413
P74,1	414	414
P28,4	415	415
P36,3	416	417
P14,5	418	419
P76,1	420	420
P58,2	421	422
P56,2	423	424
P39,2	425	425
P88,1	426	426
P16,4	427	428
P24,1	429	430
P34,3	431	432
P12,5	433	433
P89,1	434	435
P90,1	436	437
P37,2	438	438
P44,2	439	440
P92,1	441	442
P51,1	443	444
P93,1	445	446
P75,2	447	447
P52,1	448	449
P64,1	450	450
P26,4	451	451
P31,4	452	453
P22,4	454	455
P80,1	456	457
P95,1	458	459
P49,2	460	460
P19,5	461	462
P66,1	463	463
P29,3	464	464
P1,1	465	466
P82,1	467	467
P13,5	468	469
P6,7	470	471
P84,1	472	472
P20,5	473	473
P97,1	474	475
P65,2	476	477
P11,5	478	479
P42,2	480	480
P72,1	481	481
P53,2	482	483
P98,1	484	485
P4,6	486	486
P68,2	487	488
P55,2	489	490
P14,5	491	492
P99,1	493	494
P100,1	495	496
P70,2	497	498
P47,2	499	499
P102,1	500	501
P74,2	502	502
P17,5	503	504
P24,1	505	506
P43,1	507	508
P2,7	509	509
P89,1	510	510
P90,1	511	511
P104,1	512	513
P59,2	514	515
P56,3	516	517
P91,1	518	519
P45,3	520	521
P106,1	522	523
P94,1	524	524
P39,3	525	526
P52,1	527	528
P10,6	529	530
P62,2	531	532
P107,1	533	534
P50,2	535	536
P38,1	537	538
P12,6	539	540
P19,5	541	542
P109,1	543	544
P1,1	545	546
P96,1	547	548
P110,1	549	549
P37,3	550	551
P83,1	552	553
P69,1	554	555
P111,1	556	557
P65,2	558	558
P93,2	559	560
P11,5	561	562
P75,3	563	564
P32,1	565	566
P33,1	567	568
P98,1	569	569
P113,1	570	570
P23,4	571	572
P73,1	573	574
P95,2	575	576
P86,1	577	577
P68,2	578	579
P115,1	580	581
P55,2	582	583
P66,2	584	585
P99,1	586	587
P58,2	588	589
P84,2	590	591
P30,4	592	592
P97,2	593	594
P102,1	595	596
P42,3	597	598
P46,4	599	599
P41,3	600	601
P24,1	602	603
P18,5	604	605
P43,1	606	607
P103,1	608	609
P72,2	610	610
P105,1	611	612
P56,3	613	613
P87,2	614	614
P91,1	615	616
P45,3	617	618
P121,1	619	620
P70,3	621	622
P63,1	623	624
P76,2	625	626
P52,1	627	628
P122,1	629	630
P107,1	631	632
P38,1	633	634
P101,2	635	635
P2,8	636	636
P12,6	637	637
P108,1	638	639
P19,5	640	641
P109,1	642	642
P7,8	643	644
P15,1	645	646
P124,1	647	648
P13,5	649	650
P90,2	651	651
P37,3	652	652
P44,3	653	654
P25,5	655	655
P6,7	656	657
P94,2	658	659
P28,6	660	661
P34,5	662	663
P39,4	664	665
P11,5	666	666
P50,3	667	668
P75,3	669	669
P49,3	670	671
P61,3	672	673
P129,1	674	675
P26,5	676	677
P132,1	678	679
P23,4	680	680
P82,2	681	682
P64,2	683	684
P133,1	685	686
P134,1	687	687
P48,3	688	689
P111,2	690	691
P135,1	692	693
P55,2	694	694
P35,3	695	696
P137,1	697	698
P78,3	699	700
P27,1	701	702
P116,1	703	704
P139,1	705	706
P8,7	707	708
P117,1	709	709
P140,1	710	711
P118,1	712	713
P60,2	714	715
P42,3	716	717
P112,2	718	719
P86,2	720	721
P41,3	722	722
P141,1	723	723
P119,1	724	725
P43,1	726	727
P71,2	728	729
P3,1	730	731
P143,1	732	733
P105,1	734	735
P120,1	736	736
P144,1	737	738
P45,3	739	739
P70,3	740	741
P146,1	742	743
P63,1	744	745
P17,6	746	747
P147,1	748	749
P97,3	750	750
P62,2	751	751
P107,1	752	752
P148,1	753	753
P38,1	754	755
P123,1	756	757
P89,2	758	759
P121,2	760	761
P149,1	762	763
P81,1	764	765
P56,4	766	767
P15,1	768	769
P124,1	770	771
P151,1	772	772
P2,9	773	774
P44,3	775	775
P76,3	776	777
P106,2	778	779
P127,1	780	781
P152,1	782	783
P153,1	784	784
P154,1	785	786
P128,1	787	788
P39,4	789	790
P101,3	791	792
P156,1	793	794
P50,3	795	796
P31,5	797	798
P22,5	799	800
P19,6	801	802
P61,3	803	804
P96,2	805	806
P157,1	807	808
P132,1	809	810
P114,1	811	812
P126,2	813	814
P80,3	815	816
P25,6	817	818
P133,1	819	820
P67,4	821	821
P48,3	822	822
P54,3	823	824
P93,3	825	826
P159,1	827	828
P135,1	829	830
P129,2	831	832
P136,1	833	834
P78,3	835	836
P162,1	837	838
P116,1	839	840
P138,1	841	842
P84,2	843	844
P23,5	845	846
P164,1	847	848
P130,2	849	850
P68,3	851	852
P42,3	853	854
P79,3	855	856
P113,2	857	858
P100,2	859	860
P85,2	861	861
P134,2	862	863
P14,6	864	865
P98,3	866	867
P71,2	868	869
P103,1	870	871
P142,1	872	873
P167,1	874	875
P20,7	876	877
P65,4	878	878
P51,1	879	880
P168,1	881	882
P119,2	883	884
P146,1	885	886
P170,1	887	887
P18,6	888	889
P63,1	890	891
P118,2	892	893
P30,5	894	895
P117,2	896	897
P104,2	898	898
P52,1	899	900
P41,4	901	901
P59,3	902	902
P38,1	903	904
P141,2	905	905
P123,1	906	906
P47,4	907	908
P91,2	909	910
P149,1	911	912
P74,3	913	913
P81,1	914	915
P56,4	916	917
P1,1	918	919
P120,2	920	921
P175,1	922	923
P125,1	924	925
P148,2	926	927
P76,3	928	929
P106,2	930	931
P94,2	932	933
P152,1	934	935
P62,3	936	936
P154,1	937	937
P7,9	938	939
P108,2	940	941
P128,1	942	942
P87,4	943	944
P39,4	945	945
P179,1	946	947
P180,1	948	949
P156,1	950	951
P44,4	952	953
P22,5	954	954
P32,1	955	956
P33,1	957	958
P96,2	959	959
P101,4	960	961
P34,6	962	963
P132,1	964	964
P16,6	965	966
P2,10	967	968
P80,3	969	970
P77,4	971	972
P49,4	973	973
P153,2	974	974
P54,3	975	976
P93,3	977	977
P115,1	978	979
P126,3	980	981
P95,3	982	983
P137,1	984	985
P162,1	986	987
P163,1	988	989
P64,3	990	991
P48,4	992	993
P23,5	994	995
P114,2	996	997
P140,1	998	998
P130,2	999	1000
P68,3	1001	1001
P159,2	1002	1003
P135,2	1004	1005
P29,5	1006	1007
P66,3	1008	1008
P113,2	1009	1009
P100,2	1010	1011
P86,2	1012	1012
P134,2	1013	1014
P24,1	1015	1016
P98,3	1017	1018
P139,2	1019	1020
P60,3	1021	1021
P165,2	1022	1023
P35,4	1024	1025
P142,1	1026	1027
P167,1	1028	1028
P105,1	1029	1030
P92,1	1031	1032
P168,1	1033	1034
P99,2	1035	1036
P183,1	1037	1038
P146,1	1039	1040
P18,6	1041	1041
P112,3	1042	1043
P30,5	1044	1044
P55,4	1045	1046
P147,1	1047	1047
P144,2	1048	1049
P14,7	1050	1051
P184,1	1052	1053
P57,4	1054	1054
P46,5	1055	1055
P169,2	1056	1057
P47,4	1058	1058
P173,1	1059	1060
P149,1	1061	1061
P81,1	1062	1063
P56,4	1064	1065
P174,1	1066	1067
P15,1	1068	1069
P175,1	1070	1071
P141,3	1072	1072
P125,1	1073	1074
P17,7	1075	1075
P9,9	1076	1077
P74,4	1078	1079
P106,2	1080	1081
P91,3	1082	1083
P89,3	1084	1085
P152,1	1086	1087
P69,1	1088	1089
P150,2	1090	1090
P41,5	1091	1092
P108,2	1093	1093
P178,1	1094	1095
P97,5	1096	1097
P179,1	1098	1099
P155,1	1100	1101
P154,2	1102	1103
P124,2	1104	1105
P76,4	1106	1107
P32,1	1108	1109
P33,1	1110	1111
P28,7	1112	1113
P88,4	1114	1115
P101,4	1116	1117
P34,6	1118	1119
P10,8	1120	1120
P90,3	1121	1121
P2,10	1122	1122
P156,2	1123	1124
P80,3	1125	1126
P77,4	1127	1128
P39,5	1129	1130
P75,4	1131	1131
P115,1	1132	1133
P126,3	1134	1135
P95,3	1136	1137
P131,2	1138	1138
P37,5	1139	1139
P162,1	1140	1141
P96,3	1142	1143
P6,9	1144	1145
P61,4	1146	1147
P114,2	1148	1149
P93,4	1150	1151
P153,3	1152	1153
P49,5	1154	1154
P82,3	1155	1155
P161,2	1156	1157
P79,3	1158	1158
P29,5	1159	1159
P67,5	1160	1161
P164,2	1162	1163
P24,1	1164	1165
P68,4	1166	1166
P186,1	1167	1168
P98,3	1169	1170
P139,2	1171	1172
P165,2	1173	1173
P53,4	1174	1175
P64,4	1176	1177
P23,6	1178	1179
P113,3	1180	1181
P143,1	1182	1183
P116,2	1184	1184
P105,1	1185	1186
P92,1	1187	1188
P51,1	1189	1190
P78,5	1191	1192
P86,3	1193	1194
P146,1	1195	1196
P63,1	1197	1198
P85,3	1199	1199
P66,4	1200	1200
P55,4	1201	1201
P42,5	1202	1203
P144,2	1204	1205
P142,2	1206	1207
P14,7	1208	1209
P38,1	1210	1211
P102,2	1212	1213
P169,2	1214	1214
P173,1	1215	1216
P58,4	1217	1218
P145,2	1219	1220
P174,1	1221	1222
P15,1	1223	1224
P175,1	1225	1226
P176,1	1227	1228
P18,7	1229	1230
P9,9	1231	1232
P122,2	1233	1234
P83,1	1235	1236
P91,3	1237	1238
P72,4	1239	1240
P147,2	1241	1242
P152,1	1243	1244
P104,3	1245	1246
P46,6	1247	1248
P41,5	1249	1250
P59,4	1251	1252
P74,5	1253	1253
P87,4	1254	1254
P97,5	1255	1255
P179,1	1256	1257
P180,1	1258	1259
P45,5	1260	1260
P170,3	1261	1262
P56,5	1263	1264
P7,10	1265	1265
P76,4	1266	1267
P106,3	1268	1269
P33,1	1270	1271
P28,7	1272	1273
P151,2	1274	1274
P101,4	1275	1275
P185,1	1276	1277
P156,2	1278	1278
P190,1	1279	1280
P77,4	1281	1281
P39,5	1282	1283
P26,6	1284	1285
P44,5	1286	1287
P107,3	1288	1288
P95,3	1289	1290
P50,4	1291	1291
P162,1	1292	1293
P88,5	1294	1294
P96,3	1295	1296
P6,9	1297	1298
P90,4	1299	1300
P80,4	1301	1302
P181,1	1303	1304
P114,2	1305	1306
P93,4	1307	1308
P153,3	1309	1309
P16,7	1310	1311
P135,2	1312	1313
P11,7	1314	1315
P37,6	1316	1316
P24,1	1317	1318
P109,4	1319	1320
P43,1	1321	1322
P111,4	1323	1324
P82,4	1325	1325
P103,1	1326	1327
P64,4	1328	1329
P3,1	1330	1331
P164,3	1332	1333
P138,2	1334	1335
P79,4	1336	1337
P182,1	1338	1339
P92,1	1340	1341
P187,1	1342	1343
P51,1	1344	1345
P98,4	1346	1347
P78,5	1348	1349
P146,1	1350	1351
P63,1	1352	1353
P112,3	1354	1354
P110,4	1355	1355
P167,2	1356	1357
P52,1	1358	1359
P100,3	1360	1360
P142,2	1361	1362
P23,7	1363	1364
P113,4	1365	1366
P8,9	1367	1368
P184,1	1369	1370
P35,5	1371	1372
P117,3	1373	1374
P193,1	1375	1376
P145,2	1377	1377
P119,3	1378	1379
P66,5	1380	1381
P15,1	1382	1383
P125,1	1384	1385
P102,3	1386	1386
P65,6	1387	1387
P9,9	1388	1389
P122,2	1390	1391
P91,3	1392	1392
P57,5	1393	1393
P89,3	1394	1394
P147,2	1395	1395
P194,1	1396	1397
P152,1	1398	1399
P104,3	1400	1401
P69,1	1402	1403
P70,5	1404	1405
P176,2	1406	1407
P71,5	1408	1409
P59,4	1410	1411
P40,6	1412	1413
P120,3	1414	1415
P155,1	1416	1417
P154,2	1418	1419
P189,1	1420	1421
P177,2	1422	1423
P124,2	1424	1425
P76,4	1426	1426
P32,1	1427	1428
P94,3	1429	1429
P28,7	1430	1431
P13,7	1432	1432
P45,6	1433	1434
P150,3	1435	1436
P178,2	1437	1438
P190,1	1439	1440
P22,6	1441	1441
P195,1	1442	1443
P97,6	1444	1445
P44,5	1446	1447
P137,1	1448	1449
P162,1	1450	1451
P128,3	1452	1453
P90,4	1454	1455
P101,5	1456	1457
P12,9	1458	1459
P75,5	1460	1461
P95,4	1462	1463
P126,4	1464	1465
P26,7	1466	1467
P151,3	1468	1468
P157,3	1469	1470
P11,7	1471	1472
P6,10	1473	1474
P24,1	1475	1476
P186,1	1477	1478
P43,1	1479	1480
P111,4	1481	1482
P103,1	1483	1484
P153,4	1485	1486
P3,1	1487	1488
P191,1	1489	1490
P164,3	1491	1492
P138,2	1493	1494
P135,3	1495	1495
P79,4	1496	1497
P61,5	1498	1499
P196,1	1500	1501
P29,6	1502	1503
P187,1	1504	1505
P161,3	1506	1507
P130,3	1508	1509
P51,1	1510	1511
P98,4	1512	1513
P78,5	1514	1515
P146,1	1516	1517
P63,1	1518	1519
P129,4	1520	1521
P82,5	1522	1522
P139,3	1523	1524
P166,2	1525	1525
P113,4	1526	1527
P8,9	1528	1529
P38,1	1530	1531
P188,1	1532	1533
P163,4	1534	1535
P193,1	1536	1537
P81,1	1538	1539
P55,5	1540	1541
P1,1	1542	1543
P116,4	1544	1545
P110,5	1546	1547
P125,1	1548	1549
P172,2	1550	1551
P198,1	1552	1553
P142,3	1554	1555
P83,1	1556	1557
P58,5	1558	1558
P194,1	1559	1560
P47,5	1561	1562
P69,1	1563	1564
P119,4	1565	1566
P145,3	1567	1568
P91,4	1569	1569
P176,2	1570	1571
P71,5	1572	1573
P30,7	1574	1575
P174,2	1576	1577
P199,1	1578	1579
P180,1	1580	1581
P65,7	1582	1583
P169,4	1584	1585
P189,1	1586	1587
P56,5	1588	1589
P85,5	1590	1591
P20,10	1592	1593
P41,6	1594	1595
P33,1	1596	1597
P46,7	1598	1599
P72,5	1600	1601
P200,1	1602	1603
P120,4	1604	1605
P190,1	1606	1607
P195,1	1608	1609
P97,6	1610	1611
P44,5	1612	1613
P106,4	1614	1615
P27,1	1616	1617
P94,4	1618	1619
P156,3	1620	1621
P2,11	1622	1623
P80,4	1624	1624
P178,3	1625	1626
P181,1	1627	1628
P22,7	1629	1630
P141,6	1631	1632
P126,4	1633	1634
P123,4	1635	1635
P150,4	1636	1637
P11,7	1638	1638
P39,6	1639	1640
P10,10	1641	1642
P127,4	1643	1644
P109,4	1645	1646
P43,1	1647	1648
P132,3	1649	1650
P103,1	1651	1652
P153,4	1653	1653
P3,1	1654	1655
P6,11	1656	1657
P191,1	1658	1659
P77,6	1660	1661
P79,4	1662	1662
P105,1	1663	1664
P182,1	1665	1666
P48,6	1667	1668
P64,5	1669	1670
P131,4	1671	1672
P187,1	1673	1674
P157,4	1675	1676
P133,4	1677	1678
P130,3	1679	1680
P159,4	1681	1682
P135,4	1683	1684
P183,1	1685	1686
P197,1	1687	1688
P37,7	1689	1690
P165,3	1691	1691
P52,1	1692	1693
P49,7	1694	1695
P184,1	1696	1697
P138,3	1698	1699
P163,4	1700	1701
P82,6	1702	1703
P53,6	1704	1705
P112,4	1706	1707
P166,3	1708	1708
P23,8	1709	1709
P1,1	1710	1711
P116,4	1712	1713
P78,6	1714	1714
P144,3	1715	1716
P139,4	1717	1718
P99,4	1719	1720
P198,1	1721	1722
P83,1	1723	1724
P194,1	1725	1726
P60,5	1727	1728
P69,1	1729	1730
P119,4	1731	1732
P9,10	1733	1733
P57,6	1734	1735
P30,7	1736	1736
P122,3	1737	1738
P199,1	1739	1740
P180,1	1741	1742
P47,6	1743	1744
P91,5	1745	1746
P149,3	1747	1748
P134,5	1749	1750
P189,1	1751	1752
P148,4	1753	1754
P41,6	1755	1755
P173,3	1756	1757
P33,1	1758	1759
P17,9	1760	1761
P147,4	1762	1763
P72,5	1764	1765
P200,1	1766	1767
P185,1	1768	1769
P170,4	1770	1770
P73,1	1771	1772
P115,1	1773	1774
P40,7	1775	1776
P20,11	1777	1777
P124,3	1778	1779
P89,5	1780	1781
P156,3	1782	1783
P59,6	1784	1785
P121,5	1786	1787
P181,1	1788	1789
P76,5	1790	1791
P141,6	1792	1793
P18,10	1794	1794
P150,4	1795	1796
P39,6	1797	1798
P108,5	1799	1799
P94,5	1800	1800
P127,4	1801	1802
P80,5	1803	1804
P43,1	1805	1806
P132,3	1807	1807
P2,12	1808	1809
P11,8	1810	1811
P45,8	1812	1813
P6,11	1814	1815
P191,1	1816	1817
P10,11	1818	1818
P192,1	1819	1820
P109,5	1821	1822
P126,5	1823	1824
P105,1	1825	1826
P182,1	1827	1828
P196,1	1829	1830
P93,5	1831	1832
P26,8	1833	1834
P92,1	1835	1836
P19,9	1837	1838
P157,4	1839	1840
P158,3	1841	1841
P111,5	1842	1843
P135,4	1844	1845
P168,1	1846	1847
P183,1	1848	1849
P197,1	1850	1851
P29,7	1852	1853
P37,7	1854	1854
P52,1	1855	1856
P79,5	1857	1858
P38,1	1859	1860
P188,1	1861	1862
P61,6	1863	1864
P161,4	1865	1866
P193,1	1867	1868
P81,1	1869	1870
P130,4	1871	1872
P164,5	1873	1873
P15,1	1874	1875
P144,3	1876	1876
P140,4	1877	1877
P139,4	1878	1879
P99,4	1880	1881
P198,1	1882	1883
P83,1	1884	1885
P194,1	1886	1887
P68,7	1888	1889
P23,9	1890	1891
P60,5	1892	1893
P118,4	1894	1895
P14,8	1896	1896
P119,4	1897	1897
P110,6	1898	1899
P171,4	1900	1900
P122,3	1901	1902
P160,5	1903	1904
P55,6	1905	1906
P47,6	1907	1908
P84,5	1909	1910
P169,4	1911	1912
P70,6	1913	1914
P78,7	1915	1916
P148,4	1917	1918
P100,5	1919	1920
P174,3	1921	1921
P33,1	1922	1923
P46,7	1924	1925
P66,7	1926	1926
P185,1	1927	1928
P176,3	1929	1930
P195,1	1931	1932
P137,1	1933	1934
P142,5	1935	1936
P177,3	1937	1938
P27,1	1939	1940
P56,6	1941	1941
P89,5	1942	1943
P173,4	1944	1945
P179,3	1946	1947
P121,5	1948	1949
P181,1	1950	1951
P85,6	1952	1953
P150,4	1954	1954
P170,5	1955	1956
P39,6	1957	1957
P156,4	1958	1958
P90,5	1959	1960
P24,1	1961	1962
P186,1	1963	1964
P120,5	1965	1966
P103,1	1967	1968
P11,8	1969	1969
P3,1	1970	1971
P6,11	1972	1972
P191,1	1973	1974
P127,5	1975	1976
P22,8	1977	1978
P109,5	1979	1980
P126,5	1981	1982
P50,6	1983	1983
P105,1	1984	1985
P34,9	1986	1987
P182,1	1988	1989
P75,7	1990	1991
P96,5	1992	1993
P64,5	1994	1994
P26,8	1995	1996
P92,1	1997	1998
P187,1	1999	2000
P157,4	2001	2001
P51,1	2002	2003
P132,4	2004	2005
P136,4	2006	2007
P45,9	2008	2009
P178,5	2010	2011
P146,1	2012	2013
P197,1	2014	2015
P29,7	2016	2017
P48,7	2018	2019
P79,5	2020	2020
P62,7	2021	2022
P184,1	2023	2024
P159,5	2025	2026
P161,4	2027	2028
P53,6	2029	2030
P113,5	2031	2032
P1,1	2033	2034
P15,1	2035	2036
P125,1	2037	2038
P99,4	2039	2040
P35,6	2041	2042
P83,1	2043	2044
P8,10	2045	2046
P129,5	2047	2047
P112,5	2048	2048
P152,1	2049	2050
P116,5	2051	2052
P110,6	2053	2054
P160,5	2055	2056
P180,1	2057	2058
P144,4	2059	2060
P164,6	2061	2062
P134,5	2063	2063
P14,9	2064	2065
P189,1	2066	2067
P145,4	2068	2069
P100,5	2070	2070
P117,5	2071	2071
P33,1	2072	2073
P84,6	2074	2075
P200,1	2076	2077
P165,5	2078	2079
P119,5	2080	2081
P176,3	2082	2083
P73,1	2084	2085
P171,5	2086	2087
P115,1	2088	2089
P172,4	2090	2091
P142,5	2092	2092
P149,4	2093	2094
P162,1	2095	2096
P58,7	2097	2098
P174,4	2099	2100
P55,7	2101	2102
P169,5	2103	2104
P59,6	2105	2105
P181,1	2106	2107
P104,5	2108	2108
P66,8	2109	2110
P46,8	2111	2112
P186,1	2113	2114
P179,4	2115	2116
P103,1	2117	2118
P3,1	2119	2120
P191,1	2121	2122
P192,1	2123	2124
P76,6	2125	2126
P28,9	2127	2128
P95,5	2129	2130
P123,5	2131	2131
P6,12	2132	2133
P150,5	2134	2134
P154,5	2135	2136
P2,13	2137	2138
P71,8	2139	2140
P102,6	2141	2142
P153,5	2143	2144
P141,7	2145	2145
P96,5	2146	2146
P124,5	2147	2148
P26,8	2149	2149
P109,6	2150	2151
P108,6	2152	2153
P187,1	2154	2155
P19,9	2156	2156
P51,1	2157	2158
P111,5	2159	2160
P128,5	2161	2161
P45,9	2162	2162
P178,5	2163	2163
P183,1	2164	2165
P93,6	2166	2167
P107,6	2168	2168
P63,1	2169	2170
P126,6	2171	2172
P131,5	2173	2173
P158,4	2174	2175
P38,1	2176	2177
P188,1	2178	2179
P64,6	2180	2181
P94,7	2182	2183
P1,1	2184	2185
P15,1	2186	2187
P175,1	2188	2189
P61,7	2190	2190
P37,8	2191	2192
P83,1	2193	2194
P8,10	2195	2196
P62,8	2197	2198
P138,4	2199	2200
P77,9	2201	2202
P79,6	2203	2204
P160,5	2205	2206
P180,1	2207	2208
P155,1	2209	2210
P164,6	2211	2212
P14,9	2213	2214
P78,7	2215	2215
P130,5	2216	2217
P33,1	2218	2219
P112,6	2220	2221
P139,5	2222	2223
P200,1	2224	2225
P35,7	2226	2227
P110,7	2228	2229
P98,7	2230	2231
P166,5	2232	2233
P145,5	2234	2235
P73,1	2236	2237
P171,5	2238	2239
P91,6	2240	2241
P137,1	2242	2243
P134,6	2244	2245
P177,3	2246	2246
P148,5	2247	2248
P58,7	2249	2250
P118,6	2251	2252
P174,4	2253	2254
P65,9	2255	2256
P169,5	2257	2258
P119,6	2259	2259
P181,1	2260	2261
P142,6	2262	2263
P46,8	2264	2265
P186,1	2266	2267
P179,4	2268	2269
P167,6	2270	2271
P59,7	2272	2272
P191,1	2273	2274
P55,8	2275	2276
P76,6	2277	2277
P147,6	2278	2279
P173,5	2280	2281
P87,7	2282	2283
P86,7	2284	2285
P6,12	2286	2287
P104,6	2288	2289
P121,6	2290	2290
P2,13	2291	2292
P182,1	2293	2294
P102,6	2295	2296
P196,1	2297	2298
P54,6	2299	2299
P156,6	2300	2301
P109,6	2302	2302
P108,6	2303	2303
P187,1	2304	2305
P16,9	2306	2307
P151,5	2308	2309
P34,10	2310	2311
P136,4	2312	2313
P183,1	2314	2315
P93,6	2316	2317
P63,1	2318	2319
P97,9	2320	2321
P26,9	2322	2322
P133,5	2323	2323
P141,8	2324	2324
P124,6	2325	2326
P188,1	2327	2328
P153,6	2329	2329
P96,6	2330	2331
P64,6	2332	2332
P94,7	2333	2333
P178,6	2334	2335
P81,1	2336	2337
P45,10	2338	2338
P22,10	2339	2340
P175,1	2341	2342
P198,1	2343	2344
P83,1	2345	2346
P194,1	2347	2348
P111,6	2349	2350
P138,4	2351	2352
P135,6	2353	2353
P77,9	2354	2354
P79,6	2355	2356
P199,1	2357	2358
P131,6	2359	2360
P48,8	2361	2361
P155,1	2362	2363
P164,6	2364	2365
P189,1	2366	2367
P61,8	2368	2369
P8,11	2370	2370
P33,1	2371	2372
P57,7	2373	2374
P82,8	2375	2375
P37,9	2376	2377
P35,7	2378	2379
P110,7	2380	2381
P98,7	2382	2383
P78,8	2384	2385
P73,1	2386	2387
P171,5	2388	2388
P122,4	2389	2390
P115,1	2391	2392
P137,1	2393	2394
P134,6	2395	2395
P162,1	2396	2397
P27,1	2398	2399
P118,6	2400	2401
P174,4	2402	2402
P65,9	2403	2404
P70,7	2405	2406
P66,8	2407	2407
P60,7	2408	2408
P186,1	2409	2410
P177,4	2411	2412
P179,4	2413	2413
P103,1	2414	2415
P3,1	2416	2417
P192,1	2418	2419
P149,5	2420	2421
P147,6	2422	2423
P85,7	2424	2425
P100,7	2426	2427
P86,7	2428	2429
P6,12	2430	2430
P30,10	2431	2432
P84,8	2433	2433
P104,6	2434	2435
P89,7	2436	2437
P102,6	2438	2438
P196,1	2439	2440
P39,7	2441	2441
P92,1	2442	2443
P76,7	2444	2445
P51,1	2446	2447
P123,6	2448	2449
P120,7	2450	2451
P168,1	2452	2453
P146,1	2454	2455
P197,1	2456	2457
P63,1	2458	2459
P28,10	2460	2461
P71,9	2462	2463
P52,1	2464	2465
P75,8	2466	2467
P108,7	2468	2469
P184,1	2470	2471
P101,8	2472	2472
P19,10	2473	2473
P193,1	2474	2475
P29,8	2476	2477
P1,1	2478	2479
P56,9	2480	2481
P175,1	2482	2483
P93,7	2484	2485
P198,1	2486	2487
P194,1	2488	2489
P111,6	2490	2490
P141,9	2491	2491
P152,1	2492	2493
P158,5	2494	2495
P69,1	2496	2497
P107,7	2498	2499
P131,6	2500	2501
P180,1	2502	2503
P94,8	2504	2505
P189,1	2506	2507
P32,1	2508	2509
P33,1	2510	2511
P139,5	2512	2513
P37,9	2514	2514
P135,7	2515	2516
P185,1	2517	2518
P190,1	2519	2520
P48,9	2521	2522
P160,6	2523	2524
P73,1	2525	2526
P195,1	2527	2528
P144,5	2529	2529
P49,10	2530	2531
P129,7	2532	2533
P148,5	2534	2535
P14,10	2536	2537
P118,6	2538	2539
P145,6	2540	2541
P164,7	2542	2543
P165,6	2544	2545
P47,8	2546	2547
P166,6	2548	2549
P186,1	2550	2551
P122,5	2552	2553
P103,1	2554	2555
P174,5	2556	2556
P191,1	2557	2558
P171,6	2559	2560
P176,5	2561	2562
P172,5	2563	2563
P91,7	2564	2565
P30,10	2566	2566
P58,8	2567	2568
P41,9	2569	2570
P182,1	2571	2572
P196,1	2573	2574
P149,6	2575	2576
P92,1	2577	2578
P60,8	2579	2580
P179,5	2581	2582
P51,1	2583	2584
P116,8	2585	2586
P167,7	2587	2588
P142,8	2589	2590
P54,7	2591	2591
P168,1	2592	2593
P183,1	2594	2595
P173,6	2596	2596
P102,7	2597	2598
P63,1	2599	2600
P170,7	2601	2602
P150,6	2603	2604
P71,9	2605	2605
P52,1	2606	2607
P2,14	2608	2608
P76,8	2609	2610
P184,1	2611	2612
P39,8	2613	2614
P193,1	2615	2616
P126,7	2617	2618
P1,1	2619	2620
P56,9	2621	2621
P175,1	2622	2623
P97,10	2624	2625
P93,7	2626	2627
P198,1	2628	2629
P194,1	2630	2631
P136,5	2632	2633
P158,5	2634	2634
P153,7	2635	2635
P69,1	2636	2637
P199,1	2638	2639
P131,6	2640	2641
P108,8	2642	2643
P94,8	2644	2645
P189,1	2646	2647
P32,1	2648	2649
P33,1	2650	2651
P200,1	2652	2653
P163,6	2654	2655
P53,8	2656	2656
P111,7	2657	2657
P190,1	2658	2659
P68,9	2660	2661
P73,1	2662	2663
P195,1	2664	2665
P138,5	2666	2666
P159,7	2667	2668
P49,10	2669	2669
P139,6	2670	2671
P129,7	2672	2672
P162,1	2673	2674
P27,1	2675	2676
P8,12	2677	2677
P110,8	2678	2678
P114,7	2679	2680
P181,1	2681	2682
P37,10	2683	2684
P186,1	2685	2686
P78,9	2687	2688
P103,1	2689	2690
P3,1	2691	2692
P192,1	2693	2694
P143,1	2695	2696
P176,5	2697	2698
P117,7	2699	2699
P105,1	2700	2701
P58,8	2702	2702
P41,9	2703	2703
P89,7	2704	2704
P182,1	2705	2706
P196,1	2707	2708
P149,6	2709	2710
P92,1	2711	2712
P130,7	2713	2714
P145,7	2715	2716
P187,1	2717	2718
P177,5	2719	2720
P51,1	2721	2722
P116,8	2723	2724
P147,7	2725	2726
P119,8	2727	2728
P183,1	2729	2730
P18,13	2731	2732
P179,6	2733	2734
P63,1	2735	2736
P84,9	2737	2738
P120,8	2739	2740
P46,10	2741	2742
P76,8	2743	2744
P38,1	2745	2746
P188,1	2747	2748
P151,6	2749	2750
P123,7	2751	2752
P81,1	2753	2754
P15,1	2755	2756
P124,7	2757	2757
P90,8	2758	2759
P125,1	2760	2761
P54,8	2762	2763
P83,1	2764	2765
P71,10	2766	2767
P152,1	2768	2769
P156,8	2770	2770
P199,1	2771	2772
P180,1	2773	2774
P108,8	2775	2776
P28,11	2777	2778
P45,11	2779	2779
P189,1	2780	2781
P32,1	2782	2783
P34,12	2784	2785
P97,11	2786	2787
P200,1	2788	2789
P163,6	2790	2791
P185,1	2792	2793
P48,9	2794	2794
P133,7	2795	2796
P195,1	2797	2798
P79,7	2799	2800
P158,6	2801	2802
P137,1	2803	2804
P112,7	2805	2805
P111,8	2806	2807
P27,1	2808	2809
P114,7	2810	2811
P98,8	2812	2812
P37,10	2813	2814
P186,1	2815	2816
P122,5	2817	2817
P53,9	2818	2819
P103,1	2820	2821
P3,1	2822	2823
P110,9	2824	2825
P192,1	2826	2827
P49,11	2828	2829
P68,10	2830	2831
P176,5	2832	2832
P129,8	2833	2833
P165,7	2834	2835
P166,7	2836	2837
P8,13	2838	2839
P78,10	2840	2841
P57,9	2842	2843
P171,7	2844	2845
P145,7	2846	2847
P187,1	2848	2849
P89,8	2850	2851
P51,1	2852	2853
P91,8	2854	2855
P168,1	2856	2857
P40,10	2858	2859
P183,1	2860	2861
P117,8	2862	2862
P102,7	2863	2863
P197,1	2864	2865
P30,11	2866	2867
P116,9	2868	2869
P46,10	2870	2871
P76,8	2872	2872
P66,10	2873	2874
P55,10	2875	2876
P38,1	2877	2878
P188,1	2879	2880
P167,8	2881	2881
P47,10	2882	2882
P172,7	2883	2884
P81,1	2885	2886
P170,8	2887	2888
P104,8	2889	2890
P2,15	2891	2892
P142,9	2893	2894
P198,1	2895	2896
P83,1	2897	2898
P39,9	2899	2900
P71,10	2901	2902
P150,7	2903	2904
P199,1	2905	2906
P132,6	2907	2908
P84,10	2909	2910
P108,8	2911	2911
P155,1	2912	2913
P75,9	2914	2915
P178,7	2916	2916
P153,8	2917	2918
P33,1	2919	2920
P200,1	2921	2922
P93,8	2923	2923
P190,1	2924	2925
P94,9	2926	2927
P195,1	2928	2929
P159,7	2930	2931
P107,8	2932	2932
P156,9	2933	2934
P162,1	2935	2936
P27,1	2937	2938
P181,1	2939	2940
P24,1	2941	2942
P135,8	2943	2943
P53,9	2944	2945
P103,1	2946	2947
P163,7	2948	2949
P133,8	2950	2951
P192,1	2952	2953
P160,7	2954	2955
P79,8	2956	2956
P143,1	2957	2958
P144,6	2959	2959
P138,6	2960	2960
P127,10	2961	2962
P166,7	2963	2964
P8,13	2965	2966
P98,9	2967	2967
P78,10	2968	2968
P139,7	2969	2970
P171,7	2971	2972
P92,1	2973	2974
P187,1	2975	2976
P51,1	2977	2978
P91,8	2979	2980
P147,7	2981	2982
P168,1	2983	2984
P183,1	2985	2986
P179,6	2987	2988
P58,10	2989	2990
P174,7	2991	2992
P116,9	2993	2994
P129,9	2995	2996
P41,10	2997	2998
P55,10	2999	3000
P184,1	3001	3002
P60,9	3003	3004
P86,9	3005	3005
P30,12	3006	3006
P172,7	3007	3008
P81,1	3009	3010
P76,9	3011	3012
P177,6	3013	3014
P6,14	3015	3016
P142,9	3017	3018
P15,2	3019	3020
P85,9	3021	3022
P120,9	3023	3023
P39,9	3024	3025
P194,1	3026	3027
P47,11	3028	3029
P69,1	3030	3031
P167,9	3032	3033
P180,1	3034	3035
P28,11	3036	3036
P75,9	3037	3038
P32,1	3039	3040
P124,8	3041	3042
P97,11	3043	3043
P54,9	3044	3044
P185,1	3045	3046
P45,12	3047	3048
P73,1	3049	3050
P115,1	3051	3052
P132,7	3053	3054
P137,1	3055	3056
P27,1	3057	3058
P24,1	3059	3060
P59,11	3061	3062
P43,1	3063	3064
P93,9	3065	3066
P108,9	3067	3068
P191,1	3069	3070
P159,8	3071	3072
P143,1	3073	3074
P68,10	3075	3075
P53,10	3076	3076
P105,1	3077	3078
P182,1	3079	3080
P133,9	3081	3082
P139,7	3083	3084
P171,7	3085	3085
P61,11	3086	3087
P187,1	3088	3089
P89,8	3090	3090
P35,10	3091	3091
P165,8	3092	3093
P168,1	3094	3095
P40,10	3096	3097
P160,8	3098	3099
P110,10	3100	3101
P58,10	3102	3103
P63,1	3104	3105
P129,9	3106	3107
P41,10	3108	3109
P55,10	3110	3111
P38,1	3112	3113
P166,8	3114	3115
P145,8	3116	3117
P8,14	3118	3119
P14,12	3120	3121
P172,7	3122	3123
P81,1	3124	3125
P76,9	3126	3126
P147,8	3127	3128
P179,7	3129	3130
P6,14	3131	3132
P142,9	3133	3134
P118,9	3135	3136
P18,14	3137	3138
P86,10	3139	3140
P83,1	3141	3142
P130,9	3143	3144
P194,1	3145	3146
P69,1	3147	3148
P167,9	3149	3150
P123,8	3151	3151
P180,1	3152	3153
P155,1	3154	3155
P189,1	3156	3157
P33,1	3158	3159
P185,1	3160	3161
P45,12	3162	3163
P85,10	3164	3165
P71,11	3166	3167
P115,1	3168	3169
P132,7	3170	3171
P162,1	3172	3173
P181,1	3174	3175
P24,1	3176	3177
P43,1	3178	3179
P93,9	3180	3181
P108,9	3182	3182
P191,1	3183	3184
P159,8	3185	3185
P94,10	3186	3187
P156,10	3188	3189
P105,1	3190	3191
P182,1	3192	3193
P196,1	3194	3195
P84,12	3196	3197
P92,1	3198	3199
P127,11	3200	3201
P112,9	3202	3202
P49,12	3203	3204
P183,1	3205	3206
P178,9	3207	3208
P110,10	3209	3210
P197,1	3211	3212
P171,8	3213	3214
P96,10	3215	3216
P129,9	3217	3218
P164,9	3219	3220
P111,10	3221	3222
P37,12	3223	3224
P166,8	3225	3225
P78,11	3226	3227
P133,10	3228	3229
P8,14	3230	3231
P14,12	3232	3233
P131,10	3234	3235
P81,1	3236	3237
P1,1	3238	3239
P147,8	3240	3240
P179,7	3241	3242
P125,1	3243	3244
P118,9	3245	3246
P15,2	3247	3248
P198,1	3249	3250
P41,11	3251	3251
P145,9	3252	3253
P194,1	3254	3255
P152,1	3256	3257
P172,8	3258	3259
P199,1	3260	3261
P90,9	3262	3263
P149,8	3264	3265
P142,10	3266	3267
P32,1	3268	3269
P76,10	3270	3271
P185,1	3272	3273
P73,1	3274	3275
P71,11	3276	3277
P115,1	3278	3279
P137,1	3280	3281
P27,1	3282	3283
P124,9	3284	3285
P186,1	3286	3287
P120,11	3288	3289
P45,13	3290	3290
P3,1	3291	3292
P192,1	3293	3294
P156,10	3295	3296
P107,9	3297	3297
P182,1	3298	3299
P196,1	3300	3301
P84,12	3302	3303
P102,10	3304	3305
P150,9	3306	3307
P51,1	3308	3309
P53,11	3310	3311
P178,9	3312	3313
P108,10	3314	3315
P59,12	3316	3317
P197,1	3318	3319
P63,1	3320	3321
P52,1	3322	3323
P38,1	3324	3325
P159,9	3326	3327
P94,11	3328	3329
P160,9	3330	3331
P133,10	3332	3333
P8,14	3334	3334
P57,10	3335	3336
P193,1	3337	3338
P49,13	3339	3340
P1,1	3341	3342
P165,9	3343	3344
P68,12	3345	3346
P175,1	3347	3348
P58,11	3349	3350
P15,2	3351	3352
P96,11	3353	3354
P163,9	3355	3355
P166,9	3356	3357
P194,1	3358	3359
P78,12	3360	3360
P152,1	3361	3362
P69,1	3363	3364
P117,10	3365	3366
P91,10	3367	3368
P90,9	3369	3369
P149,8	3370	3371
P142,10	3372	3373
P189,1	3374	3375
P14,13	3376	3377
P76,10	3378	3378
P200,1	3379	3380
P190,1	3381	3382
P85,10	3383	3384
P147,9	3385	3386
P115,1	3387	3388
P162,1	3389	3390
P181,1	3391	3392
P24,1	3393	3394
P43,1	3395	3396
P167,10	3397	3398
P3,1	3399	3400
P126,9	3401	3401
P143,1	3402	3403
P105,1	3404	3405
P182,1	3406	3407
P84,12	3408	3409
P92,1	3410	3411
P45,14	3412	3412
P93,10	3413	3413
P51,1	3414	3415
P124,10	3416	3417
P183,1	3418	3419
P178,9	3420	3421
P59,12	3422	3423
P158,8	3424	3424
P77,14	3425	3426
P38,1	3427	3428
P61,12	3429	3430
P64,10	3431	3432
P94,11	3433	3434
P160,9	3435	3436
P193,1	3437	3438
P49,13	3439	3439
P54,12	3440	3441
P1,1	3442	3443
P171,9	3444	3445
P35,12	3446	3447
P108,11	3448	3449
P58,11	3450	3451
P135,11	3452	3453
P37,13	3454	3454
P40,12	3455	3456
P83,1	3457	3458
P139,9	3459	3460
P129,10	3461	3462
P111,11	3463	3463
P8,15	3464	3465
P117,10	3466	3467
P91,10	3468	3469
P180,1	3470	3471
P57,11	3472	3473
P32,1	3474	3475
P165,10	3476	3476
P86,11	3477	3478
P200,1	3479	3480
P190,1	3481	3482
P179,8	3483	3484
P195,1	3485	3486
P142,11	3487	3488
P162,1	3489	3490
P181,1	3491	3492
P138,9	3493	3494
P24,1	3495	3496
P43,1	3497	3498
P167,10	3499	3500
P3,1	3501	3502
P85,11	3503	3504
P192,1	3505	3506
P140,11	3507	3508
P147,10	3509	3510
P196,1	3511	3512
P92,1	3513	3514
P76,11	3515	3516
P168,1	3517	3518
P183,1	3519	3520
P146,1	3521	3522
P63,1	3523	3524
P52,1	3525	3526
P156,11	3527	3528
P159,9	3529	3529
P184,1	3530	3531
P188,1	3532	3533
P59,13	3534	3535
P81,1	3536	3537
P132,9	3538	3539
P107,11	3540	3541
P171,9	3542	3543
P35,12	3544	3544
P124,11	3545	3546
P108,11	3547	3548
P178,10	3549	3550
P93,11	3551	3552
P135,11	3553	3554
P198,1	3555	3556
P166,9	3557	3557
P131,11	3558	3559
P133,11	3560	3561
P158,9	3562	3563
P69,1	3564	3565
P58,12	3566	3567
P112,11	3568	3569
P180,1	3570	3571
P155,1	3572	3573
P49,14	3574	3575
P189,1	3576	3577
P98,12	3578	3579
P33,1	3580	3581
P185,1	3582	3583
P73,1	3584	3585
P118,10	3586	3587
P89,12	3588	3588
P142,11	3589	3590
P162,1	3591	3592
P27,1	3593	3594
P129,11	3595	3596
P138,9	3597	3597
P55,13	3598	3599
P24,1	3600	3601
P43,1	3602	3603
P3,1	3604	3605
P176,9	3606	3607
P191,1	3608	3609
P165,11	3610	3611
P105,1	3612	3613
P14,14	3614	3615
P196,1	3616	3617
P92,1	3618	3619
P76,11	3620	3621
P168,1	3622	3623
P71,12	3624	3625
P197,1	3626	3627
P52,1	3628	3629
P61,12	3630	3630
P64,10	3631	3632
P188,1	3633	3634
P54,12	3635	3636
P1,1	3637	3638
P84,13	3639	3640
P102,11	3641	3642
P108,11	3643	3643
P126,11	3644	3645
P125,1	3646	3647
P15,2	3648	3649
P198,1	3650	3651
P83,1	3652	3653
P139,9	3654	3655
P194,1	3656	3657
P171,10	3658	3658
P152,1	3659	3660
P199,1	3661	3662
P112,11	3663	3664
P94,12	3665	3665
P57,11	3666	3666
P35,13	3667	3668
P68,13	3669	3670
P107,12	3671	3672
P98,12	3673	3674
P178,11	3675	3676
P33,1	3677	3678
P200,1	3679	3680
P190,1	3681	3682
P195,1	3683	3684
P142,11	3685	3686
P162,1	3687	3688
P172,9	3689	3690
P181,1	3691	3692
P24,1	3693	3694
P179,9	3695	3696
P43,1	3697	3698
P3,1	3699	3700
P85,11	3701	3702
P91,11	3703	3704
P165,11	3705	3706
P105,1	3707	3708
P14,14	3709	3709
P196,1	3710	3711
P187,1	3712	3713
P51,1	3714	3715
P129,12	3716	3716
P118,11	3717	3717
P183,1	3718	3719
P89,13	3720	3721
P197,1	3722	3723
P52,1	3724	3725
P184,1	3726	3727
P188,1	3728	3729
P81,1	3730	3731
P39,12	3732	3733
P84,13	3734	3734
P175,1	3735	3736
P53,12	3737	3738
P93,11	3739	3739
P198,1	3740	3741
P83,1	3742	3743
P131,11	3744	3745
P133,11	3746	3747
P108,12	3748	3749
P158,9	3750	3751
P152,1	3752	3753
P199,1	3754	3755
P112,11	3756	3756
P102,12	3757	3758
P35,13	3759	3760
P32,1	3761	3762
P98,12	3763	3763
P135,12	3764	3765
P178,11	3766	3767
P166,10	3768	3769
P185,1	3770	3771
P73,1	3772	3773
P115,1	3774	3775
P162,1	3776	3777
P139,10	3778	3779
P171,11	3780	3780
P27,1	3781	3782
P24,1	3783	3784
P58,13	3785	3785
P186,1	3786	3787
P103,1	3788	3789
P94,13	3790	3790
P86,12	3791	3792
P191,1	3793	3794
P143,1	3795	3796
P182,1	3797	3798
P96,13	3799	3800
P92,1	3801	3802
P51,1	3803	3804
P183,1	3805	3806
P89,13	3807	3808
P197,1	3809	3810
P52,1	3811	3812
P184,1	3813	3814
P188,1	3815	3816
P81,1	3817	3818
P39,12	3819	3820
P126,11	3821	3821
P71,13	3822	3823
P15,2	3824	3825
P83,1	3826	3827
P61,13	3828	3829
P108,12	3830	3830
P76,12	3831	3832
P64,11	3833	3834
P69,1	3835	3836
P199,1	3837	3838
P176,11	3839	3840
P102,12	3841	3842
P35,13	3843	3844
P131,12	3845	3846
P32,1	3847	3848
P54,13	3849	3850
P166,10	3851	3852
P185,1	3853	3854
P73,1	3855	3856
P158,10	3857	3858
P137,1	3859	3860
P53,13	3861	3861
P40,13	3862	3863
P27,1	3864	3865
P24,1	3866	3867
P186,1	3868	3869
P103,1	3870	3871
P86,12	3872	3873
P172,10	3874	3874
P143,1	3875	3876
P105,1	3877	3878
P196,1	3879	3880
P187,1	3881	3882
P168,1	3883	3884
P58,14	3885	3886
P197,1	3887	3888
P52,1	3889	3890
P184,1	3891	3892
P163,12	3893	3894
P188,1	3895	3896
P91,12	3897	3898
P81,1	3899	3900
P39,12	3901	3902
P71,13	3903	3904
P15,2	3905	3906
P83,1	3907	3908
P129,13	3909	3910
P85,13	3911	3912
P89,14	3913	3914
P147,12	3915	3916
P64,11	3917	3918
P69,1	3919	3920
P199,1	3921	3922
P176,11	3923	3923
P180,1	3924	3925
P155,1	3926	3927
P159,11	3928	3929
P32,1	3930	3931
P33,1	3932	3933
P185,1	3934	3935
P73,1	3936	3937
P195,1	3938	3939
P35,14	3940	3940
P137,1	3941	3942
P160,12	3943	3944
P27,1	3945	3946
P24,1	3947	3948
P186,1	3949	3950
P103,1	3951	3952
P3,2	3953	3954
P143,1	3955	3956
P105,1	3957	3958
P196,1	3959	3960
P187,1	3961	3962
P168,1	3963	3964
P58,14	3965	3966
P86,13	3967	3968
P197,1	3969	3970
P52,1	3971	3972
P184,1	3973	3974
P91,12	3975	3976
P172,11	3977	3978
P1,1	3979	3980
P71,13	3981	3981
P125,1	3982	3983
P198,1	3984	3985
P111,13	3986	3987
P89,14	3988	3989
P145,12	3990	3991
P69,1	3992	3993
P96,14	3994	3995
P155,1	3996	3997
P179,11	3998	3999
P159,11	4000	4000
P32,1	4001	4002
P185,1	4003	4004
P190,1	4005	4006
P108,13	4007	4008
P158,10	4009	4009
P115,1	4010	4011
P162,1	4012	4013
P176,12	4014	4015
P181,1	4016	4017
P76,13	4018	4019
P43,1	4020	4021
P191,1	4022	4023
P192,1	4024	4025
P132,11	4026	4027
P105,1	4028	4029
P196,1	4030	4031
P187,1	4032	4033
P168,1	4034	4035
P58,14	4036	4037
P197,1	4038	4039
P52,1	4040	4041
P184,1	4042	4043
P188,1	4044	4045
P172,11	4046	4047
P1,1	4048	4049
P175,1	4050	4051
P15,2	4052	4053
P86,14	4054	4055
P194,1	4056	4057
P145,12	4058	4059
P152,1	4060	4061
P53,15	4062	4063
P96,14	4064	4065
P155,1	4066	4067
P189,1	4068	4069
P200,1	4070	4071
P163,13	4072	4073
P190,1	4074	4075
P108,13	4076	4076
P195,1	4077	4078
P137,1	4079	4080
P176,12	4081	4082
P181,1	4083	4084
P71,14	4085	4085
P76,13	4086	4087
P43,1	4088	4089
P191,1	4090	4091
P192,1	4092	4093
P132,11	4094	4095
P182,1	4096	4097
P92,1	4098	4099
P168,1	4100	4101
P183,1	4102	4103
P51,2	4104	4105
P197,1	4106	4107
P52,1	4108	4109
P184,1	4110	4111
P193,1	4112	4113
P81,1	4114	4115
P175,1	4116	4117
P15,2	4118	4119
P198,1	4120	4121
P118,14	4122	4123
P194,1	4124	4125
P98,14	4126	4127
P69,1	4128	4129
P180,1	4130	4131
P179,11	4132	4133
P32,1	4134	4135
P185,1	4136	4137
P140,14	4138	4139
P73,1	4140	4141
P115,1	4142	4143
P162,1	4144	4145
P176,12	4146	4147
P181,1	4148	4149
P186,1	4150	4151
P103,1	4152	4153
P3,2	4154	4155
P143,1	4156	4157
P182,1	4158	4159
P92,1	4160	4161
P96,15	4162	4163
P158,11	4164	4165
P160,13	4166	4167
P51,2	4168	4169
P197,1	4170	4171
P52,1	4172	4173
P184,1	4174	4175
P193,1	4176	4177
P1,2	4178	4179
P147,14	4180	4181
P15,2	4182	4183
P112,13	4184	4185
P118,14	4186	4187
P102,14	4188	4189
P152,1	4190	4191
P199,1	4192	4193
P155,1	4194	4195
P32,1	4196	4197
P172,12	4198	4199
P163,13	4200	4201
P73,1	4202	4203
P115,1	4204	4205
P86,15	4206	4207
P98,15	4208	4209
P27,1	4210	4211
P24,1	4212	4213
P43,1	4214	4215
P191,1	4216	4217
P192,1	4218	4219
P105,1	4220	4221
P196,1	4222	4223
P187,1	4224	4225
P168,1	4226	4227
P183,1	4228	4229
P71,15	4230	4230
P146,1	4231	4232
P63,1	4233	4234
P52,1	4235	4236
P184,1	4237	4238
P193,1	4239	4240
P1,2	4241	4242
P147,14	4243	4244
P15,2	4245	4246
P132,12	4247	4247
P198,1	4248	4249
P152,1	4250	4251
P199,1	4252	4253
P155,1	4254	4255
P32,1	4256	4257
P172,12	4258	4258
P185,1	4259	4260
P73,1	4261	4262
P115,1	4263	4264
P86,15	4265	4265
P98,15	4266	4267
P27,1	4268	4269
P24,1	4270	4271
P43,1	4272	4273
P191,1	4274	4275
P192,1	4276	4277
P105,1	4278	4279
P196,1	4280	4281
P92,1	4282	4283
P96,15	4284	4284
P168,1	4285	4286
P163,14	4287	4287
P146,1	4288	4289
P63,1	4290	4291
P52,1	4292	4293
P184,1	4294	4295
P193,1	4296	4297
P1,2	4298	4299
P125,1	4300	4301
P176,13	4302	4303
P158,12	4304	4304
P194,1	4305	4306
P69,1	4307	4308
P180,1	4309	4310
P189,1	4311	4312
P200,1	4313	4314
P190,1	4315	4316
P195,1	4317	4318
P160,14	4319	4320
P162,1	4321	4322
P27,1	4323	4324
P24,1	4325	4326
P43,1	4327	4328
P191,1	4329	4330
P192,1	4331	4332
P105,1	4333	4334
P196,1	4335	4336
P92,1	4337	4338
P168,1	4339	4340
P51,2	4341	4342
P197,1	4343	4344
P179,12	4345	4345
P52,1	4346	4347
P184,1	4348	4349
P193,1	4350	4351
P1,2	4352	4353
P125,1	4354	4355
P176,13	4356	4357
P194,1	4358	4359
P69,1	4360	4361
P180,1	4362	4363
P163,15	4364	4365
P32,1	4366	4367
P185,1	4368	4369
P73,1	4370	4371
P115,1	4372	4373
P160,14	4374	4374
P162,1	4375	4376
P181,1	4377	4378
P186,1	4379	4380
P103,1	4381	4382
P3,2	4383	4384
P143,1	4385	4386
P182,1	4387	4388
P102,15	4389	4390
P187,1	4391	4392
P183,1	4393	4394
P146,1	4395	4396
P63,1	4397	4398
P38,1	4399	4400
P188,1	4401	4402
P81,1	4403	4404
P175,1	4405	4406
P15,2	4407	4408
P194,1	4409	4410
P69,1	4411	4412
P180,1	4413	4414
P163,15	4415	4416
P32,1	4417	4418
P185,1	4419	4420
P73,1	4421	4422
P115,1	4423	4424
P162,1	4425	4426
P181,1	4427	4428
P186,1	4429	4430
P43,1	4431	4432
P179,13	4433	4433
P191,1	4434	4435
P192,1	4436	4437
P105,1	4438	4439
P196,1	4440	4441
P187,1	4442	4443
P183,1	4444	4445
P146,1	4446	4447
P197,1	4448	4449
P52,1	4450	4451
P184,1	4452	4452
P193,1	4453	4454
P1,2	4455	4456
P125,1	4457	4458
P198,1	4459	4460
P152,1	4461	4462
P199,1	4463	4464
P155,1	4465	4466
P32,1	4467	4468
P185,1	4469	4470
P73,1	4471	4472
P115,1	4473	4474
P162,1	4475	4476
P181,1	4477	4478
P186,1	4479	4480
P43,1	4481	4482
P191,1	4483	4484
P192,1	4485	4486
P105,1	4487	4488
P196,1	4489	4490
P187,1	4491	4492
P183,1	4493	4494
P146,1	4495	4496
P179,14	4497	4498
P63,1	4499	4500
P38,1	4501	4502
P193,1	4503	4504
P1,2	4505	4506
P175,1	4507	4508
P15,2	4509	4510
P194,1	4511	4512
P69,1	4513	4514
P180,1	4515	4516
P189,1	4517	4518
P200,1	4519	4520
P190,1	4521	4522
P195,1	4523	4524
P137,1	4525	4526
P27,1	4527	4528
P24,1	4529	4530
P176,14	4531	4531
P43,1	4532	4533
P191,1	4534	4535
P192,1	4536	4537
P105,1	4538	4539
P196,1	4540	4541
P187,1	4542	4543
P183,1	4544	4545
P146,1	4546	4547
P197,1	4548	4549
P52,1	4550	4551
P188,1	4552	4553
P81,1	4554	4555
P184,2	4556	4557
P125,1	4558	4559
P198,1	4560	4561
P152,1	4562	4563
P199,1	4564	4565
P155,1	4566	4567
P32,1	4568	4569
P185,1	4570	4571
P73,1	4572	4573
P115,1	4574	4575
P162,1	4576	4577
P181,1	4578	4579
P186,1	4580	4581
P103,1	4582	4583
P3,2	4584	4585
P143,1	4586	4586
P182,1	4587	4588
P92,1	4589	4590
P168,1	4591	4592
P51,2	4593	4594
P179,14	4595	4596
P63,1	4597	4598
P38,1	4599	4600
P188,1	4601	4602
P81,1	4603	4604
P184,2	4605	4606
P125,1	4607	4608
P198,1	4609	4610
P152,1	4611	4612
P199,1	4613	4614
P155,1	4615	4616
P32,1	4617	4618
P185,1	4619	4620
P73,1	4621	4622
P115,1	4623	4624
P162,1	4625	4626
P181,1	4627	4628
P186,1	4629	4630
P103,1	4631	4632
P3,2	4633	4634
P105,1	4635	4636
P143,2	4637	4638
P92,1	4639	4640
P183,1	4641	4642
P146,1	4643	4644
P197,1	4645	4646
P38,1	4647	4648
P188,1	4649	4650
P81,1	4651	4652
P184,2	4653	4654
P125,1	4655	4656
P198,1	4657	4658
P152,1	4659	4660
P199,1	4661	4662
P155,1	4663	4664
P32,1	4665	4666
P185,1	4667	4668
P73,1	4669	4670
P115,1	4671	4672
P162,1	4673	4674
P181,1	4675	4676
P179,15	4677	4678
P43,1	4679	4680
P191,1	4681	4682
P192,1	4683	4684
P182,1	4685	4686
P196,1	4687	4688
P168,1	4689	4690
P51,2	4691	4692
P187,2	4693	4694
P52,1	4695	4696
P188,1	4697	4698
P81,1	4699	4700
P184,2	4701	4702
P125,1	4703	4704
P198,1	4705	4706
P152,1	4707	4708
P199,1	4709	4710
P155,1	4711	4712
P32,1	4713	4714
P185,1	4715	4716
P73,1	4717	4718
P115,1	4719	4720
P162,1	4721	4722
P24,1	4723	4724
P186,1	4725	4726
P103,1	4727	4728
P3,2	4729	4730
P105,1	4731	4732
P143,2	4733	4734
P92,1	4735	4736
P183,1	4737	4738
P146,1	4739	4740
P197,1	4741	4742
P38,1	4743	4744
P193,1	4745	4746
P1,2	4747	4748
P175,1	4749	4750
P15,2	4751	4752
P194,1	4753	4754
P69,1	4755	4756
P180,1	4757	4758
P189,1	4759	4760
P200,1	4761	4762
P190,1	4763	4764
P195,1	4765	4766
P137,1	4767	4768
P181,1	4769	4770
P186,1	4771	4772
P103,1	4773	4774
P3,2	4775	4776
P105,1	4777	4778
P143,2	4779	4780
P92,1	4781	4782
P51,2	4783	4784
P187,2	4785	4786
P52,1	4787	4788
P188,1	4789	4790
P81,1	4791	4792
P184,2	4793	4794
P15,2	4795	4796
P194,1	4797	4798
P152,1	4799	4800
P199,1	4801	4802
P155,1	4803	4804
P200,1	4805	4806
P190,1	4807	4808
P195,1	4809	4810
P137,1	4811	4812
P181,1	4813	4814
P186,1	4815	4816
P103,1	4817	4818
P3,2	4819	4820
P105,1	4821	4822
P143,2	4823	4824
P92,1	4825	4826
P51,2	4827	4828
P187,2	4829	4830
P52,1	4831	4832
P188,1	4833	4834
P81,1	4835	4836
P184,2	4837	4838
P15,2	4839	4840
P194,1	4841	4842
P152,1	4843	4844
P199,1	4845	4846
P155,1	4847	4848
P200,1	4849	4850
P190,1	4851	4852
P195,1	4853	4854
P137,1	4855	4856
P181,1	4857	4858
P186,1	4859	4860
P103,1	4861	4862
P3,2	4863	4864
P105,1	4865	4866
P143,2	4867	4868
P92,1	4869	4870
P51,2	4871	4872
P187,2	4873	4874
P52,1	4875	4876
P188,1	4877	4878
P81,1	4879	4880
P184,2	4881	4882
P15,2	4883	4884
P194,1	4885	4886
P152,1	4887	4888
P199,1	4889	4890
P155,1	4891	4892
P200,1	4893	4894
P73,1	4895	4896
P115,1	4897	4898
P185,2	4899	4900
P181,1	4901	4902
P186,1	4903	4904
P103,1	4905	4906
P3,2	4907	4908
P105,1	4909	4910
P143,2	4911	4912
P92,1	4913	4914
P51,2	4915	4916
P187,2	4917	4918
P38,1	4919	4920
P193,1	4921	4922
P197,2	4923	4924
P184,2	4925	4926
P15,2	4927	4928
P194,1	4929	4930
P152,1	4931	4932
P199,1	4933	4934
P155,1	4935	4936
P200,1	4937	4938
P73,1	4939	4940
P115,1	4941	4942
P185,2	4943	4944
P181,1	4945	4946
P186,1	4947	4948
P103,1	4949	4950
P3,2	4951	4952
P105,1	4953	4954
P143,2	4955	4956
P92,1	4957	4957
P183,1	4958	4959
P146,1	4960	4961
P52,1	4962	4963
P188,1	4964	4965
P81,1	4966	4967
P1,2	4968	4969
P125,1	4970	4971
P198,1	4972	4973
P175,2	4974	4975
P69,1	4976	4977
P180,1	4978	4979
P189,1	4980	4981
P190,1	4982	4983
P195,1	4984	4985
P137,1	4986	4987
P162,1	4988	4989
P24,1	4990	4991
P43,1	4992	4993
P191,1	4994	4995
P192,1	4996	4997
P182,1	4998	4999
P196,1	5000	5001
P51,2	5002	5003
P187,2	5004	5005
P52,1	5006	5007
P188,1	5008	5009
P81,1	5010	5011
P1,2	5012	5013
P125,1	5014	5015
P198,1	5016	5017
P175,2	5018	5019
P69,1	5020	5021
P180,1	5022	5023
P189,1	5024	5025
P190,1	5026	5027
P195,1	5028	5029
P137,1	5030	5031
P162,1	5032	5033
P24,1	5034	5035
P43,1	5036	5037
P191,1	5038	5039
P192,1	5040	5041
P143,2	5042	5043
P183,1	5044	5045
P146,1	5046	5047
P92,2	5048	5049
P38,1	5050	5051
P193,1	5052	5053
P197,2	5054	5055
P184,2	5056	5057
P15,2	5058	5059
P175,2	5060	5061
P152,1	5062	5063
P199,1	5064	5065
P155,1	5066	5067
P200,1	5068	5069
P73,1	5070	5071
P115,1	5072	5073
P185,2	5074	5075
P181,1	5076	5077
P186,1	5078	5079
P103,1	5080	5081
P3,2	5082	5083
P182,1	5084	5085
P196,1	5086	5087
P51,2	5088	5089
P187,2	5090	5091
P52,1	5092	5093
P188,1	5094	5095
P81,1	5096	5097
P1,2	5098	5099
P125,1	5100	5101
P194,1	5102	5103
P198,2	5104	5105
P69,1	5106	5107
P180,1	5108	5109
P189,1	5110	5111
P190,1	5112	5113
P195,1	5114	5115
P137,1	5116	5117
P162,1	5118	5119
P24,1	5120	5121
P43,1	5122	5123
P191,1	5124	5125
P192,1	5126	5127
P143,2	5128	5129
P183,1	5130	5131
P146,1	5132	5133
P92,2	5134	5135
P38,1	5136	5137
P193,1	5138	5139
P197,2	5140	5141
P184,2	5142	5143
P15,2	5144	5145
P175,2	5146	5147
P152,1	5148	5149
P199,1	5150	5151
P155,1	5152	5153
P200,1	5154	5155
P73,1	5156	5157
P115,1	5158	5159
P185,2	5160	5161
P181,1	5162	5163
P186,1	5164	5165
P191,1	5166	5167
P192,1	5168	5169
P182,1	5170	5171
P196,1	5172	5173
P51,2	5174	5175
P187,2	5176	5177
P52,1	5178	5179
P188,1	5180	5181
P81,1	5182	5183
P1,2	5184	5185
P125,1	5186	5187
P194,1	5188	5189
P198,2	5190	5191
P69,1	5192	5193
P180,1	5194	5195
P189,1	5196	5197
P190,1	5198	5199
P195,1	5200	5201
P137,1	5202	5203
P162,1	5204	5205
P24,1	5206	5207
P103,1	5208	5209
P3,2	5210	5211
P43,2	5212	5213
P143,2	5214	5215
P183,1	5216	5217
P146,1	5218	5219
P92,2	5220	5221
P38,1	5222	5223
P193,1	5224	5225
P197,2	5226	5227
P184,2	5228	5229
P194,1	5230	5231
P198,2	5232	5233
P69,1	5234	5235
P180,1	5236	5237
P189,1	5238	5239
P190,1	5240	5241
P195,1	5242	5243
P137,1	5244	5245
P181,1	5246	5247
P162,2	5248	5249
P103,1	5250	5251
P3,2	5252	5253
P43,2	5254	5255
P143,2	5256	5257
P183,1	5258	5259
P146,1	5260	5261
P92,2	5262	5263
P38,1	5264	5265
P193,1	5266	5267
P197,2	5268	5269
P184,2	5270	5271
P194,1	5272	5273
P198,2	5274	5275
P69,1	5276	5277
P180,1	5278	5279
P189,1	5280	5281
P190,1	5282	5283
P195,1	5284	5285
P137,1	5286	5287
P181,1	5288	5289
P162,2	5290	5291
P103,1	5292	5293
P3,2	5294	5295
P182,1	5296	5297
P196,1	5298	5299
P51,2	5300	5301
P187,2	5302	5303
P52,1	5304	5305
P193,1	5306	5307
P1,2	5308	5309
P125,1	5310	5311
P175,2	5312	5313
P152,1	5314	5315
P199,1	5316	5317
P155,1	5318	5319
P200,1	5320	5321
P73,1	5322	5323
P115,1	5324	5325
P185,2	5326	5327
P24,1	5328	5329
P186,1	5330	5331
P191,1	5332	5333
P43,2	5334	5335
P143,2	5336	5337
P183,1	5338	5339
P146,1	5340	5341
P92,2	5342	5343
P188,1	5344	5345
P197,2	5346	5347
P184,2	5348	5349
P194,1	5350	5351
P198,2	5352	5353
P69,1	5354	5355
P180,1	5356	5357
P189,1	5358	5359
P190,1	5360	5361
P195,1	5362	5363
P137,1	5364	5365
P181,1	5366	5367
P162,2	5368	5369
P103,1	5370	5371
P3,2	5372	5373
P182,1	5374	5375
P196,1	5376	5377
P51,2	5378	5379
P187,2	5380	5381
P52,1	5382	5383
P193,1	5384	5385
P1,2	5386	5387
P125,1	5388	5389
P175,2	5390	5391
P152,1	5392	5393
P199,1	5394	5395
P155,1	5396	5397
P200,1	5398	5399
P73,1	5400	5401
P115,1	5402	5403
P185,2	5404	5405
P24,1	5406	5407
P186,1	5408	5409
P191,1	5410	5411
P43,2	5412	5413
P143,2	5414	5415
P183,1	5416	5417
P146,1	5418	5419
P92,2	5420	5421
P188,1	5422	5423
P197,2	5424	5425
P184,2	5426	5427
P175,2	5428	5429
P152,1	5430	5431
P199,1	5432	5433
P155,1	5434	5435
P200,1	5436	5437
P73,1	5438	5439
P115,1	5440	5441
P185,2	5442	5443
P24,1	5444	5445
P186,1	5446	5447
P191,1	5448	5449
P43,2	5450	5451
P143,2	5452	5453
P183,1	5454	5455
P146,1	5456	5457
P92,2	5458	5459
P188,1	5460	5461
P197,2	5462	5463
P184,2	5464	5465
P175,2	5466	5467
P152,1	5468	5469
P199,1	5470	5471
P155,1	5472	5473
P200,1	5474	5475
P73,1	5476	5477
P115,1	5478	5479
P185,2	5480	5481
P24,1	5482	5483
P186,1	5484	5485
P191,1	5486	5487
P43,2	5488	5489
P143,2	5490	5491
P183,1	5492	5493
P146,1	5494	5495
P92,2	5496	5497
P188,1	5498	5499
P197,2	5500	5501
P184,2	5502	5503
P175,2	5504	5505
P152,1	5506	5507
P199,1	5508	5509
P155,1	5510	5511
P200,1	5512	5513
P73,1	5514	5515
P115,1	5516	5517
P185,2	5518	5519
P24,1	5520	5521
P186,1	5522	5523
P191,1	5524	5525
P43,2	5526	5527
P143,2	5528	5529
P183,1	5530	5531
P146,1	5532	5533
P92,2	5534	5535
P188,1	5536	5537
P197,2	5538	5539
P184,2	5540	5541
P175,2	5542	5543
P152,1	5544	5545
P199,1	5546	5547
P155,1	5548	5549
P200,1	5550	5551
P73,1	5552	5553
P115,1	5554	5555
P185,2	5556	5557
P24,1	5558	5559
P186,1	5560	5561
P191,1	5562	5563
P43,2	5564	5565
P143,2	5566	5567
P183,1	5568	5569
P146,1	5570	5571
P92,2	5572	5573
P188,1	5574	5575
P197,2	5576	5577
P184,2	5578	5579
P175,2	5580	5581
P152,1	5582	5583
P199,1	5584	5585
P155,1	5586	5587
P200,1	5588	5589
P73,1	5590	5591
P115,1	5592	5593
P185,2	5594	5595
P24,1	5596	5597
P186,1	5598	5599
P191,1	5600	5601
P43,2	5602	5603
P143,2	5604	5605
P183,1	5606	5607
P146,1	5608	5609
P92,2	5610	5611
P193,1	5612	5613
P52,2	5614	5615
P184,2	5616	5617
P175,2	5618	5619
P152,1	5620	5621
P199,1	5622	5623
P155,1	5624	5625
P200,1	5626	5627
P73,1	5628	5629
P115,1	5630	5631
P185,2	5632	5633
P24,1	5634	5635
P186,1	5636	5637
P191,1	5638	5639
P43,2	5640	5641
P143,2	5642	5643
P183,1	5644	5645
P146,1	5646	5647
P92,2	5648	5649
P193,1	5650	5651
P52,2	5652	5653
P184,2	5654	5655
P175,2	5656	5657
P152,1	5658	5659
P199,1	5660	5661
P155,1	5662	5663
P200,1	5664	5665
P73,1	5666	5667
P115,1	5668	5669
P185,2	5670	5671
P24,1	5672	5673
P186,1	5674	5675
P191,1	5676	5677
P43,2	5678	5679
P143,2	5680	5681
P183,1	5682	5683
P146,1	5684	5685
P92,2	5686	5687
P193,1	5688	5689
P52,2	5690	5691
P184,2	5692	5693
P175,2	5694	5695
P152,1	5696	5697
P199,1	5698	5699
P155,1	5700	5701
P200,1	5702	5703
P73,1	5704	5705
P115,1	5706	5707
P185,2	5708	5709
P24,1	5710	5711
P186,1	5712	5713
P191,1	5714	5715
P43,2	5716	5717
P143,2	5718	5719
P183,1	5720	5721
P146,1	5722	5723
P92,2	5724	5725
P193,1	5726	5727
P52,2	5728	5729
P184,2	5730	5731
P175,2	5732	5733
P152,1	5734	5735
P199,1	5736	5737
P155,1	5738	5739
P200,1	5740	5741
P73,1	5742	5743
P115,1	5744	5745
P185,2	5746	5747
P24,1	5748	5749
P186,1	5750	5751
P191,1	5752	5753
P43,2	5754	5755
P143,2	5756	5757
P183,1	5758	5759
P146,1	5760	5761
P92,2	5762	5763
P193,1	5764	5765
P52,2	5766	5767
P184,2	5768	5769
P175,2	5770	5771
P152,1	5772	5773
P199,1	5774	5775
P155,1	5776	5777
P200,1	5778	5779
P73,1	5780	5781
P115,1	5782	5783
P185,2	5784	5785
P24,1	5786	5787
P186,1	5788	5789
P191,1	5790	5791
P43,2	5792	5793
P143,2	5794	5795
P51,2	5796	5797
P187,2	5798	5799
P188,1	5800	5801
P197,2	5802	5803
P1,2	5804	5805
P125,1	5806	5807
P198,2	5808	5809
P69,1	5810	5811
P180,1	5812	5813
P189,1	5814	5815
P190,1	5816	5817
P195,1	5818	5819
P137,1	5820	5821
P181,1	5822	5823
P162,2	5824	5825
P103,1	5826	5827
P3,2	5828	5829
P182,1	5830	5831
P183,1	5832	5833
P146,1	5834	5835
P92,2	5836	5837
P193,1	5838	5839
P52,2	5840	5841
P184,2	5842	5843
P175,2	5844	5845
P152,1	5846	5847
P199,1	5848	5849
P155,1	5850	5851
P200,1	5852	5853
P73,1	5854	5855
P115,1	5856	5857
P185,2	5858	5859
P24,1	5860	5861
P186,1	5862	5863
P191,1	5864	5865
P43,2	5866	5867
P143,2	5868	5869
P51,2	5870	5871
P187,2	5872	5873
P188,1	5874	5875
P197,2	5876	5877
P1,2	5878	5879
P125,1	5880	5881
P198,2	5882	5883
P69,1	5884	5885
P180,1	5886	5887
P189,1	5888	5889
P190,1	5890	5891
P195,1	5892	5893
P137,1	5894	5895
P181,1	5896	5897
P162,2	5898	5899
P103,1	5900	5901
P43,2	5902	5903
P143,2	5904	5905
P51,2	5906	5907
P187,2	5908	5909
P188,1	5910	5911
P197,2	5912	5913
P1,2	5914	5915
P125,1	5916	5917
P198,2	5918	5919
P69,1	5920	5921
P180,1	5922	5923
P189,1	5924	5925
P190,1	5926	5927
P195,1	5928	5929
P137,1	5930	5931
P181,1	5932	5933
P162,2	5934	5935
P103,1	5936	5937
P43,2	5938	5939
P143,2	5940	5941
P51,2	5942	5943
P187,2	5944	5945
P188,1	5946	5947
P197,2	5948	5949
P1,2	5950	5950
P125,1	5951	5952
P198,2	5953	5954
P69,1	5955	5956
P180,1	5957	5958
P189,1	5959	5960
P190,1	5961	5962
P195,1	5963	5964
P137,1	5965	5966
P181,1	5967	5968
P186,1	5969	5970
P24,2	5971	5972
P43,2	5973	5974
P143,2	5975	5976
P51,2	5977	5978
P187,2	5979	5980
P188,1	5981	5982
P197,2	5983	5984
P184,2	5985	5986
P175,2	5987	5988
P152,1	5989	5990
P199,1	5991	5992
P155,1	5993	5994
P200,1	5995	5996
P73,1	5997	5998
P115,1	5999	6000
P185,2	6001	6002
P162,2	6003	6004
P103,1	6005	6006
P191,1	6007	6008
P182,1	6009	6010
P183,1	6011	6012
P146,1	6013	6014
P92,2	6015	6016
P193,1	6017	6018
P52,2	6019	6020
P125,1	6021	6022
P198,2	6023	6024
P69,1	6025	6026
P180,1	6027	6028
P189,1	6029	6030
P73,1	6031	6032
P190,2	6033	6034
P185,2	6035	6036
P162,2	6037	6038
P103,1	6039	6040
P191,1	6041	6042
P182,1	6043	6044
P183,1	6045	6046
P146,1	6047	6048
P92,2	6049	6050
P193,1	6051	6052
P52,2	6053	6054
P125,1	6055	6056
P198,2	6057	6058
P69,1	6059	6060
P180,1	6061	6061
P189,1	6062	6063
P73,1	6064	6065
P190,2	6066	6067
P185,2	6068	6069
P162,2	6070	6071
P103,1	6072	6073
P191,1	6074	6075
P182,1	6076	6077
P183,1	6078	6079
P146,1	6080	6081
P92,2	6082	6083
P193,1	6084	6085
P52,2	6086	6087
P125,1	6088	6089
P198,2	6090	6091
P69,1	6092	6093
P155,1	6094	6095
P180,2	6096	6097
P73,1	6098	6099
P190,2	6100	6101
P185,2	6102	6103
P162,2	6104	6105
P103,1	6106	6107
P191,1	6108	6109
P182,1	6110	6111
P183,1	6112	6113
P146,1	6114	6115
P92,2	6116	6117
P193,1	6118	6119
P52,2	6120	6121
P125,1	6122	6123
P198,2	6124	6125
P199,1	6126	6127
P189,1	6128	6129
P69,2	6130	6131
P73,1	6132	6133
P137,1	6134	6135
P181,1	6136	6137
P186,1	6138	6139
P24,2	6140	6141
P43,2	6142	6143
P143,2	6144	6145
P51,2	6146	6147
P187,2	6148	6149
P188,1	6150	6151
P197,2	6152	6153
P184,2	6154	6155
P175,2	6156	6157
P152,1	6158	6159
P155,1	6160	6161
P180,2	6162	6163
P200,1	6164	6165
P190,2	6166	6167
P185,2	6168	6169
P162,2	6170	6171
P103,1	6172	6173
P191,1	6174	6175
P182,1	6176	6177
P183,1	6178	6179
P146,1	6180	6181
P92,2	6182	6183
P193,1	6184	6185
P52,2	6186	6187
P125,1	6188	6189
P198,2	6190	6191
P199,1	6192	6193
P189,1	6194	6195
P69,2	6196	6197
P73,1	6198	6199
P137,1	6200	6201
P181,1	6202	6203
P186,1	6204	6205
P24,2	6206	6207
P43,2	6208	6209
P143,2	6210	6211
P51,2	6212	6213
P187,2	6214	6215
P193,1	6216	6217
P52,2	6218	6219
P125,1	6220	6221
P198,2	6222	6223
P199,1	6224	6225
P189,1	6226	6227
P69,2	6228	6229
P73,1	6230	6231
P137,1	6232	6233
P181,1	6234	6235
P186,1	6236	6237
P24,2	6238	6239
P43,2	6240	6241
P143,2	6242	6243
P51,2	6244	6245
P187,2	6246	6247
P193,1	6248	6249
P52,2	6250	6251
P125,1	6252	6253
P198,2	6254	6255
P199,1	6256	6257
P180,2	6258	6259
P200,1	6260	6261
P190,2	6262	6263
P185,2	6264	6265
P162,2	6266	6267
P24,2	6268	6269
P43,2	6270	6271
P183,1	6272	6273
P146,1	6274	6275
P92,2	6276	6277
P197,2	6278	6279
P184,2	6280	6281
P175,2	6282	6283
P152,1	6284	6285
P155,1	6286	6287
P69,2	6288	6289
P73,1	6290	6291
P137,1	6292	6293
P181,1	6294	6295
P103,1	6296	6297
P191,1	6298	6299
P143,2	6300	6301
P182,2	6302	6303
P146,1	6304	6305
P92,2	6306	6307
P197,2	6308	6309
P125,1	6310	6311
P198,2	6312	6313
P199,1	6314	6315
P180,2	6316	6317
P200,1	6318	6319
P190,2	6320	6321
P185,2	6322	6323
P162,2	6324	6325
P24,2	6326	6327
P43,2	6328	6329
P183,1	6330	6331
P51,2	6332	6333
P187,2	6334	6335
P193,1	6336	6337
P52,2	6338	6339
P175,2	6340	6341
P152,1	6342	6343
P155,1	6344	6345
P69,2	6346	6347
P73,1	6348	6349
P137,1	6350	6351
P181,1	6352	6353
P103,1	6354	6355
P191,1	6356	6357
P143,2	6358	6359
P182,2	6360	6361
P146,1	6362	6363
P92,2	6364	6365
P52,2	6366	6367
P198,2	6368	6369
P125,2	6370	6371
P155,1	6372	6373
P69,2	6374	6375
P73,1	6376	6377
P137,1	6378	6379
P181,1	6380	6381
P103,1	6382	6383
P191,1	6384	6385
P143,2	6386	6387
P182,2	6388	6389
P146,1	6390	6391
P92,2	6392	6393
P52,2	6394	6395
P198,2	6396	6397
P125,2	6398	6399
P155,1	6400	6401
P69,2	6402	6403
P73,1	6404	6405
P137,1	6406	6407
P181,1	6408	6409
P103,1	6410	6411
P191,1	6412	6413
P143,2	6414	6415
P182,2	6416	6417
P146,1	6418	6419
P92,2	6420	6421
P52,2	6422	6423
P198,2	6424	6425
P125,2	6426	6427
P155,1	6428	6429
P69,2	6430	6431
P190,2	6432	6433
P185,2	6434	6435
P162,2	6436	6437
P24,2	6438	6439
P43,2	6440	6441
P183,1	6442	6443
P51,2	6444	6445
P187,2	6446	6447
P193,1	6448	6449
P175,2	6450	6451
P152,1	6452	6453
P199,1	6454	6455
P180,2	6456	6457
P200,1	6458	6459
P137,1	6460	6461
P181,1	6462	6463
P103,1	6464	6465
P191,1	6466	6467
P143,2	6468	6469
P182,2	6470	6471
P146,1	6472	6473
P92,2	6474	6475
P52,2	6476	6477
P198,2	6478	6479
P125,2	6480	6481
P155,1	6482	6483
P69,2	6484	6485
P190,2	6486	6487
P185,2	6488	6489
P162,2	6490	6491
P24,2	6492	6493
P43,2	6494	6495
P183,1	6496	6497
P51,2	6498	6499
P187,2	6500	6501
P193,1	6502	6503
P175,2	6504	6505
P152,1	6506	6507
P199,1	6508	6509
P180,2	6510	6511
P200,1	6512	6513
P137,1	6514	6515
P181,1	6516	6517
P103,1	6518	6519
P191,1	6520	6521
P143,2	6522	6523
P182,2	6524	6525
P146,1	6526	6527
P92,2	6528	6529
P52,2	6530	6531
P198,2	6532	6533
P125,2	6534	6535
P155,1	6536	6537
P69,2	6538	6539
P190,2	6540	6541
P185,2	6542	6543
P162,2	6544	6545
P24,2	6546	6547
P43,2	6548	6549
P183,1	6550	6551
P51,2	6552	6553
P187,2	6554	6555
P193,1	6556	6557
P175,2	6558	6559
P152,1	6560	6561
P199,1	6562	6563
P180,2	6564	6565
P200,1	6566	6567
P137,1	6568	6569
P181,1	6570	6571
P103,1	6572	6573
P191,1	6574	6575
P143,2	6576	6577
P182,2	6578	6579
P146,1	6580	6580
P92,2	6581	6582
P52,2	6583	6584
P198,2	6585	6586
P125,2	6587	6588
P155,1	6589	6590
P69,2	6591	6592
P190,2	6593	6594
P185,2	6595	6596
P162,2	6597	6598
P24,2	6599	6600
P43,2	6601	6602
P183,1	6603	6604
P51,2	6605	6606
P92,2	6607	6608
P52,2	6609	6610
P198,2	6611	6612
P125,2	6613	6614
P155,1	6615	6616
P69,2	6617	6618
P190,2	6619	6620
P185,2	6621	6622
P162,2	6623	6624
P24,2	6625	6626
P43,2	6627	6628
P183,1	6629	6630
P51,2	6631	6632
P92,2	6633	6634
P52,2	6635	6636
P198,2	6637	6638
P125,2	6639	6640
P155,1	6641	6642
P69,2	6643	6644
P190,2	6645	6646
P185,2	6647	6648
P162,2	6649	6649
P24,2	6650	6651
P43,2	6652	6653
P183,1	6654	6655
P182,2	6656	6657
P187,2	6658	6659
P193,1	6660	6661
P175,2	6662	6663
P152,1	6664	6665
P199,1	6666	6667
P180,2	6668	6669
P200,1	6670	6671
P137,1	6672	6673
P24,2	6674	6675
P43,2	6676	6677
P183,1	6678	6679
P182,2	6680	6681
P187,2	6682	6683
P52,2	6684	6685
P198,2	6686	6687
P125,2	6688	6689
P199,1	6690	6691
P180,2	6692	6693
P200,1	6694	6695
P137,1	6696	6697
P24,2	6698	6699
P43,2	6700	6701
P183,1	6702	6703
P182,2	6704	6705
P187,2	6706	6707
P52,2	6708	6709
P198,2	6710	6711
P193,2	6712	6713
P155,1	6714	6715
P69,2	6716	6717
P190,2	6718	6719
P185,2	6720	6721
P191,1	6722	6723
P143,2	6724	6725
P103,2	6726	6727
P51,2	6728	6729
P92,2	6730	6731
P175,2	6732	6733
P125,2	6734	6735
P152,2	6736	6737
P155,1	6738	6738
P180,2	6739	6740
P200,1	6741	6742
P137,1	6743	6744
P24,2	6745	6746
P43,2	6747	6748
P183,1	6749	6750
P182,2	6751	6752
P187,2	6753	6754
P52,2	6755	6756
P198,2	6757	6758
P193,2	6759	6760
P199,1	6761	6762
P155,2	6763	6764
P200,1	6765	6765
P185,2	6766	6767
P24,2	6768	6769
P43,2	6770	6771
P103,2	6772	6773
P51,2	6774	6775
P92,2	6776	6777
P175,2	6778	6779
P125,2	6780	6781
P152,2	6782	6783
P180,2	6784	6785
P69,2	6786	6787
P185,2	6788	6789
P24,2	6790	6791
P191,1	6792	6793
P143,2	6794	6795
P182,2	6796	6797
P187,2	6798	6799
P52,2	6800	6801
P198,2	6802	6803
P193,2	6804	6805
P199,1	6806	6807
P155,2	6808	6809
P190,2	6810	6811
P137,2	6812	6813
P200,2	6814	6815
P143,2	6816	6817
P182,2	6818	6819
P51,2	6820	6821
P92,2	6822	6823
P175,2	6824	6825
P125,2	6826	6827
P152,2	6828	6829
P155,2	6830	6831
P69,2	6832	6833
P185,2	6834	6835
P24,2	6836	6837
P43,2	6838	6839
P103,2	6840	6841
P191,2	6842	6843
P187,2	6844	6845
P52,2	6846	6847
P198,2	6848	6849
P193,2	6850	6851
P180,2	6852	6853
P199,2	6854	6855
P190,2	6856	6857
P137,2	6858	6859
P200,2	6860	6861
P143,2	6862	6863
P182,2	6864	6865
P51,2	6866	6867
P92,2	6868	6869
P175,2	6870	6871
P125,2	6872	6873
P152,2	6874	6875
P155,2	6876	6877
P69,2	6878	6879
P185,2	6880	6881
P24,2	6882	6883
P43,2	6884	6885
P103,2	6886	6887
P191,2	6888	6889
P92,2	6890	6891
P175,2	6892	6893
P125,2	6894	6895
P152,2	6896	6897
P155,2	6898	6899
P69,2	6900	6901
P185,2	6902	6903
P24,2	6904	6905
P43,2	6906	6907
P103,2	6908	6909
P191,2	6910	6911
P92,2	6912	6913
P175,2	6914	6915
P125,2	6916	6917
P152,2	6918	6919
P155,2	6920	6921
P69,2	6922	6923
P137,2	6924	6925
P200,2	6926	6927
P143,2	6928	6929
P182,2	6930	6931
P51,2	6932	6933
P52,2	6934	6935
P198,2	6936	6937
P193,2	6938	6939
P180,2	6940	6941
P199,2	6942	6943
P185,2	6944	6945
P24,2	6946	6947
P43,2	6948	6949
P103,2	6950	6951
P191,2	6952	6953
P92,2	6954	6955
P175,2	6956	6957
P125,2	6958	6959
P152,2	6960	6961
P155,2	6962	6963
P69,2	6964	6965
P137,2	6966	6967
P200,2	6968	6969
P143,2	6970	6971
P182,2	6972	6973
P51,2	6974	6975
P52,2	6976	6977
P198,2	6978	6979
P193,2	6980	6981
P180,2	6982	6983
P199,2	6984	6985
P185,2	6986	6987
P24,2	6988	6989
P43,2	6990	6991
P103,2	6992	6993
P191,2	6994	6995
P92,2	6996	6997
P198,2	6998	6999
P193,2	7000	7001
P180,2	7002	7003
P199,2	7004	7005
P185,2	7006	7007
P24,2	7008	7009
P43,2	7010	7011
P103,2	7012	7013
P191,2	7014	7015
P92,2	7016	7017
P198,2	7018	7019
P193,2	7020	7021
P180,2	7022	7023
P199,2	7024	7025
P185,2	7026	7027
P24,2	7028	7029
P43,2	7030	7031
P103,2	7032	7033
P191,2	7034	7035
P92,2	7036	7037
P198,2	7038	7039
P193,2	7040	7041
P180,2	7042	7043
P199,2	7044	7045
P185,2	7046	7047
P24,2	7048	7049
P43,2	7050	7051
P103,2	7052	7053
P191,2	7054	7055
P92,2	7056	7057
P198,2	7058	7059
P193,2	7060	7061
P180,2	7062	7063
P199,2	7064	7065
P137,2	7066	7067
P200,2	7068	7069
P143,2	7070	7071
P182,2	7072	7073
P51,2	7074	7075
P175,2	7076	7077
P125,2	7078	7079
P152,2	7080	7081
P155,2	7082	7083
P69,2	7084	7085
P24,2	7086	7087
P43,2	7088	7089
P103,2	7090	7091
P191,2	7092	7093
P92,2	7094	7095
P198,2	7096	7097
P193,2	7098	7099
P180,2	7100	7101
P199,2	7102	7103
P137,2	7104	7105
P200,2	7106	7107
P143,2	7108	7109
P182,2	7110	7111
P51,2	7112	7113
P175,2	7114	7115
P125,2	7116	7117
P152,2	7118	7119
P155,2	7120	7121
P69,2	7122	7123
P24,2	7124	7125
P43,2	7126	7127
P103,2	7128	7129
P191,2	7130	7131
P175,2	7132	7133
P125,2	7134	7135
P152,2	7136	7137
P155,2	7138	7139
P69,2	7140	7141
P24,2	7142	7143
P43,2	7144	7145
P103,2	7146	7147
P191,2	7148	7149
P175,2	7150	7151
P125,2	7152	7153
P152,2	7154	7155
P155,2	7156	7157
P69,2	7158	7159
P24,2	7160	7161
P43,2	7162	7163
P103,2	7164	7165
P191,2	7166	7167
P175,2	7168	7169
P125,2	7170	7171
P152,2	7172	7173
P155,2	7174	7175
P69,2	7176	7177
P24,2	7178	7179
P43,2	7180	7181
P103,2	7182	7183
P191,2	7184	7185
P175,2	7186	7187
P125,2	7188	7189
P152,2	7190	7191
P155,2	7192	7193
P69,2	7194	7195
P24,2	7196	7197
P43,2	7198	7199
P103,2	7200	7201
P191,2	7202	7203
P175,2	7204	7205
P125,2	7206	7207
P152,2	7208	7209
P155,2	7210	7211
P69,2	7212	7213
P24,2	7214	7215
P43,2	7216	7217
P103,2	7218	7219
P191,2	7220	7221
P175,2	7222	7223
P125,2	7224	7225
P152,2	7226	7227
P155,2	7228	7229
P69,2	7230	7231
P24,2	7232	7233
P43,2	7234	7235
P103,2	7236	7237
P191,2	7238	7239
P175,2	7240	7241
P125,2	7242	7243
P152,2	7244	7245
P155,2	7246	7247
P69,2	7248	7249
P24,2	7250	7251
P43,2	7252	7253
P103,2	7254	7255
P191,2	7256	7257
P175,2	7258	7259
P125,2	7260	7261
P152,2	7262	7263
P155,2	7264	7265
P69,2	7266	7267
P24,2	7268	7269
P43,2	7270	7271
P103,2	7272	7273
P191,2	7274	7275
P175,2	7276	7277
P125,2	7278	7279
P152,2	7280	7281
P155,2	7282	7283
P69,2	7284	7285
P24,2	7286	7287
P43,2	7288	7289
P103,2	7290	7291
P191,2	7292	7293
P175,2	7294	7295
P125,2	7296	7297
P152,2	7298	7299
P155,2	7300	7301
P69,2	7302	7303
P24,2	7304	7305
P43,2	7306	7307
P103,2	7308	7309
P191,2	7310	7311
P175,2	7312	7312
P198,2	7313	7314
P193,2	7315	7316
P180,2	7317	7318
P199,2	7319	7320
P137,2	7321	7322
P200,2	7323	7324
P143,2	7325	7326
P182,2	7327	7328
P92,2	7329	7330
P125,2	7331	7332
P180,2	7333	7334
P199,2	7335	7336
P137,2	7337	7338
P200,2	7339	7340
P143,2	7341	7342
P182,2	7343	7344
P92,2	7345	7346
P125,2	7347	7348
P180,2	7349	7350
P199,2	7351	7352
P137,2	7353	7354
P200,2	7355	7356
P143,2	7357	7358
P182,2	7359	7360
P92,2	7361	7362
P125,2	7363	7364
P180,2	7365	7366
P199,2	7367	7368
P137,2	7369	7370
P200,2	7371	7372
P143,2	7373	7374
P182,2	7375	7376
P92,2	7377	7378
P125,2	7379	7380
P180,2	7381	7382
P199,2	7383	7384
P137,2	7385	7386
P200,2	7387	7388
P143,2	7389	7390
P182,2	7391	7392
P92,2	7393	7394
P125,2	7395	7396
P155,2	7397	7398
P69,2	7399	7400
P24,2	7401	7402
P43,2	7403	7404
P103,2	7405	7406
P191,2	7407	7408
P198,2	7409	7410
P180,2	7411	7412
P199,2	7413	7414
P137,2	7415	7416
P200,2	7417	7418
P143,2	7419	7420
P182,2	7421	7422
P92,2	7423	7423
P125,2	7424	7425
P155,2	7426	7427
P69,2	7428	7429
P24,2	7430	7431
P43,2	7432	7433
P182,2	7434	7435
P125,2	7436	7437
P155,2	7438	7439
P69,2	7440	7441
P24,2	7442	7443
P43,2	7444	7445
P182,2	7446	7447
P125,2	7448	7449
P155,2	7450	7451
P69,2	7452	7453
P24,2	7454	7455
P43,2	7456	7456
P103,2	7457	7458
P191,2	7459	7460
P180,2	7461	7462
P199,2	7463	7464
P137,2	7465	7466
P200,2	7467	7468
P182,2	7469	7470
P125,2	7471	7472
P155,2	7473	7474
P69,2	7475	7476
P24,2	7477	7478
P103,2	7479	7480
P191,2	7481	7482
P180,2	7483	7484
P199,2	7485	7486
P137,2	7487	7488
P200,2	7489	7490
P182,2	7491	7492
P125,2	7493	7494
P155,2	7495	7496
P69,2	7497	7498
P24,2	7499	7500
P103,2	7501	7502
P125,2	7503	7504
P155,2	7505	7506
P69,2	7507	7508
P24,2	7509	7510
P103,2	7511	7512
P125,2	7513	7514
P155,2	7515	7516
P69,2	7517	7518
P24,2	7519	7520
P103,2	7521	7522
P125,2	7523	7524
P155,2	7525	7526
P69,2	7527	7528
P24,2	7529	7530
P103,2	7531	7532
P125,2	7533	7534
P155,2	7535	7536
P69,2	7537	7538
P24,2	7539	7540
P103,2	7541	7542
P125,2	7543	7544
P199,2	7545	7546
P137,2	7547	7548
P200,2	7549	7550
P191,2	7551	7552
P155,2	7553	7554
P69,2	7555	7556
P24,2	7557	7558
P103,2	7559	7560
P125,2	7561	7562
P199,2	7563	7564
P137,2	7565	7566
P200,2	7567	7568
P191,2	7569	7570
P155,2	7571	7572
P69,2	7573	7574
P24,2	7575	7576
P103,2	7577	7578
P125,2	7579	7580
P199,2	7581	7582
P137,2	7583	7584
P200,2	7585	7586
P191,2	7587	7588
P155,2	7589	7590
P69,2	7591	7592
P24,2	7593	7594
P103,2	7595	7596
P125,2	7597	7598
P199,2	7599	7600
P200,2	7601	7602
P125,2	7603	7604
P199,2	7605	7606
P200,2	7607	7608
P125,2	7609	7610
P199,2	7611	7612
P191,2	7613	7614
P155,2	7615	7616
P200,2	7617	7618
P125,2	7619	7619
P199,2	7620	7621
P191,2	7622	7623
P199,2	7624	7625
P191,2	7626	7627
P199,2	7628	7629
P155,2	7630	7631
P191,2	7632	7633
P199,2	7634	7635
P155,2	7636	7637
P191,2	7638	7639
P199,2	7640	7641
P155,2	7642	7643
P191,2	7644	7645
P199,2	7646	7647
P155,2	7648	7649
P191,2	7650	7651
P199,2	7652	7653
P155,2	7654	7655
P191,2	7656	7657
P199,2	7658	7687
