CPU0
P1,1	2	3
P2,1	4	4
P1,1	5	7
P3,1	8	11
P4,1	12	12
P1,1	13	16
P5,1	17	17
P3,1	18	18
P1,1	19	19
P5,1	20	20
P3,1	21	21
P1,1	22	22
P6,1	23	23
P1,1	24	24
P6,1	25	25
P1,1	26	26
P7,1	27	27
P1,1	28	28
P8,1	29	29
P3,1	30	30
P1,1	31	31
P3,1	32	32
P9,1	33	33
P2,2	34	34
P9,1	35	35
P3,1	36	36
P1,1	37	37
P9,1	38	38
P3,1	39	39
P1,1	40	40
P9,1	41	41
P1,1	42	42
P4,2	43	43
P1,1	44	44
P4,2	45	45
P1,1	46	46
P7,2	47	47
P5,2	48	48
P3,1	49	49
P5,2	50	50
P11,1	51	51
P4,2	52	52
P1,1	53	53
P11,1	54	54
P1,1	55	55
P11,1	56	56
P1,1	57	57
P11,1	58	58
P1,1	59	59
P3,1	60	60
P2,3	61	61
P1,1	62	62
P3,1	63	63
P1,1	64	64
P14,1	65	65
P3,1	66	66
P13,1	67	67
P9,2	68	68
P16,1	69	69
P1,1	70	70
P15,1	71	71
P14,1	72	72
P16,1	73	73
P1,1	74	74
P15,1	75	75
P5,3	76	76
P16,1	77	77
P1,1	78	78
P15,1	79	79
P12,2	80	80
P3,1	81	81
P1,1	82	82
P19,1	83	83
P5,3	84	84
P12,2	85	85
P20,1	86	86
P6,3	87	87
P18,1	88	88
P19,1	89	89
P5,3	90	90
P21,1	91	91
P20,1	92	92
P6,3	93	93
P18,1	94	94
P19,1	95	95
P5,3	96	96
P22,1	97	97
P20,1	98	98
P14,2	99	99
P1,1	100	100
P7,4	101	101
P15,1	102	102
P2,4	103	103
P21,1	104	104
P20,1	105	105
P14,2	106	106
P23,1	107	107
P1,1	108	108
P15,1	109	109
P2,4	110	110
P21,1	111	111
P8,3	112	112
P3,1	113	113
P14,2	114	114
P24,1	115	115
P1,1	116	116
P15,1	117	117
P25,1	118	118
P21,1	119	119
P8,3	120	120
P27,1	121	121
P14,2	122	122
P9,3	123	123
P16,2	124	124
P7,4	125	125
P18,2	126	126
P25,1	127	127
P28,1	128	128
P8,3	129	129
P3,1	130	130
P23,1	131	131
P24,1	132	132
P5,4	133	133
P1,1	134	134
P18,2	135	135
P29,1	136	136
P2,4	137	137
P4,4	138	138
P27,1	139	139
P20,2	140	140
P24,1	141	141
P30,1	142	142
P16,2	143	143
P12,3	144	144
P29,1	145	145
P19,2	146	146
P4,4	147	147
P3,1	148	148
P26,2	149	149
P9,3	150	150
P10,3	151	151
P32,1	152	152
P21,2	153	153
P33,1	154	154
P12,3	155	155
P29,1	156	156
P28,1	157	157
P22,2	158	158
P6,4	159	159
P26,2	160	160
P34,1	161	161
P9,3	162	162
P11,3	163	163
P31,1	164	164
P5,4	165	165
P1,1	166	166
P17,3	167	167
P15,1	168	168
P29,1	169	169
P28,1	170	170
P22,2	171	171
P6,4	172	172
P35,1	173	173
P34,1	174	174
P24,1	175	175
P11,3	176	176
P31,1	177	177
P36,1	178	178
P1,1	179	179
P25,2	180	180
P15,1	181	181
P23,2	182	182
P37,1	183	183
P27,1	184	184
P22,2	185	185
P7,5	186	186
P35,1	187	187
P13,3	188	188
P39,1	189	189
P10,3	190	190
P40,1	191	191
P16,3	192	192
P2,5	193	193
P33,1	194	194
P17,3	195	195
P8,4	196	196
P14,3	197	197
P41,1	198	198
P27,1	199	199
P22,2	200	200
P7,5	201	201
P35,1	202	202
P6,5	203	203
P11,3	204	204
P32,1	205	205
P30,2	206	206
P16,3	207	207
P43,1	208	208
P1,1	209	209
P25,2	210	210
P17,3	211	211
P9,4	212	212
P29,2	213	213
P23,2	214	214
P44,1	215	215
P4,5	216	216
P27,1	217	217
P22,2	218	218
P28,2	219	219
P18,3	220	220
P35,1	221	221
P34,2	222	222
P39,1	223	223
P5,5	224	224
P11,3	225	225
P19,4	226	226
P42,1	227	227
P16,3	228	228
P43,1	229	229
P1,1	230	230
P15,1	231	231
P9,4	232	232
P29,2	233	233
P23,2	234	234
P49,1	235	235
P31,2	236	236
P45,1	237	237
P27,1	238	238
P3,1	239	239
P26,3	240	240
P24,1	241	241
P39,1	242	242
P5,5	243	243
P11,3	244	244
P52,1	245	245
P30,2	246	246
P10,4	247	247
P47,1	248	248
P43,1	249	249
P54,1	250	250
P33,1	251	251
P48,1	252	252
P20,4	253	253
P21,4	254	254
P49,1	255	255
P40,2	256	256
P4,5	257	257
P45,1	258	258
P27,1	259	259
P3,1	260	260
P55,1	261	261
P56,1	262	262
P18,4	263	263
P34,2	264	264
P51,1	265	265
P5,5	266	266
P32,1	267	267
P59,1	268	268
P52,1	269	269
P36,2	270	270
P53,1	271	271
P42,1	272	272
P6,6	273	273
P60,1	274	274
P7,6	275	275
P1,1	276	276
P44,2	277	277
P15,1	278	278
P20,4	279	279
P21,4	280	280
P8,5	281	281
P40,2	282	282
P46,2	283	283
P50,1	284	284
P38,1	285	285
P3,1	286	286
P26,3	287	287
P18,4	288	288
P34,2	289	289
P63,1	290	290
P2,6	291	291
P17,4	292	292
P13,4	293	293
P35,2	294	294
P58,1	295	295
P22,3	296	296
P19,4	297	297
P37,2	298	298
P65,1	299	299
P66,1	300	300
P43,1	301	301
P25,3	302	302
P54,1	303	303
P16,4	304	304
P44,2	305	305
P68,1	306	306
P12,5	307	307
P48,1	308	308
P56,2	309	309
P8,5	310	310
P71,1	311	311
P40,2	312	312
P4,6	313	313
P41,2	314	314
P27,1	315	315
P62,1	316	316
P55,1	317	317
P72,1	318	318
P24,1	319	319
P11,4	320	320
P51,1	321	321
P17,4	322	322
P13,4	323	323
P36,3	324	324
P32,1	325	325
P58,1	326	326
P75,1	327	327
P22,3	328	328
P19,4	329	329
P53,1	330	330
P20,5	331	331
P47,1	332	332
P42,2	333	333
P66,1	334	334
P23,3	335	335
P60,1	336	336
P46,3	337	337
P16,4	338	338
P61,2	339	339
P33,1	340	340
P69,1	341	341
P12,5	342	342
P10,5	343	343
P70,1	344	344
P29,2	345	345
P8,5	346	346
P71,1	347	347
P4,6	348	348
P9,6	349	349
P50,1	350	350
P38,1	351	351
P3,1	352	352
P55,1	353	353
P18,4	354	354
P63,1	355	355
P11,4	356	356
P80,1	357	357
P51,1	358	358
P74,1	359	359
P64,1	360	360
P26,4	361	361
P35,2	362	362
P30,3	363	363
P52,1	364	364
P82,1	365	365
P83,1	366	366
P65,1	367	367
P84,1	368	368
P66,1	369	369
P43,1	370	370
P46,3	371	371
P40,3	372	372
P16,4	373	373
P85,1	374	374
P44,2	375	375
P68,1	376	376
P69,1	377	377
P12,5	378	378
P22,4	379	379
P48,1	380	380
P56,2	381	381
P8,5	382	382
P57,2	383	383
P77,2	384	384
P86,1	385	385
P9,6	386	386
P17,5	387	387
P27,1	388	388
P62,1	389	389
P3,1	390	390
P55,1	391	391
P18,4	392	392
P63,1	393	393
P87,1	394	394
P2,6	395	395
P34,3	396	396
P73,1	397	397
P59,2	398	398
P74,1	399	399
P64,1	400	400
P26,4	401	401
P28,4	402	402
P32,1	403	403
P76,1	404	404
P37,2	405	405
P6,7	406	406
P20,5	407	407
P89,1	408	408
P66,1	409	409
P43,1	410	410
P90,1	411	411
P14,5	412	412
P1,1	413	413
P61,2	414	414
P92,1	415	415
P33,1	416	416
P58,2	417	417
P78,1	418	418
P94,1	419	419
P29,3	420	420
P10,5	421	421
P56,2	422	422
P8,5	423	423
P71,1	424	424
P65,2	425	425
P19,5	426	426
P9,6	427	427
P17,5	428	428
P38,1	429	429
P47,2	430	430
P79,2	431	431
P72,1	432	432
P46,4	433	433
P63,1	434	434
P54,2	435	435
P96,1	436	436
P34,3	437	437
P73,1	438	438
P59,2	439	439
P64,1	440	440
P26,4	441	441
P70,2	442	442
P32,1	443	443
P52,1	444	444
P82,1	445	445
P6,7	446	446
P18,5	447	447
P67,3	448	448
P84,1	449	449
P23,3	450	450
P50,2	451	451
P40,3	452	452
P16,4	453	453
P1,1	454	454
P87,2	455	455
P61,2	456	456
P92,1	457	457
P33,1	458	458
P69,1	459	459
P94,1	460	460
P48,2	461	461
P22,4	462	462
P10,5	463	463
P49,2	464	464
P75,3	465	465
P41,3	466	466
P4,6	467	467
P86,1	468	468
P60,2	469	469
P95,1	470	470
P9,6	471	471
P102,1	472	472
P17,5	473	473
P38,1	474	474
P47,2	475	475
P79,2	476	476
P72,1	477	477
P46,4	478	478
P103,1	479	479
P63,1	480	480
P54,2	481	481
P20,6	482	482
P80,1	483	483
P51,1	484	484
P105,1	485	485
P31,4	486	486
P59,2	487	487
P81,1	488	488
P35,2	489	489
P32,1	490	490
P52,1	491	491
P12,6	492	492
P6,7	493	493
P45,3	494	494
P42,2	495	495
P89,1	496	496
P43,1	497	497
P90,1	498	498
P14,5	499	499
P16,4	500	500
P107,1	501	501
P85,1	502	502
P61,2	503	503
P78,2	504	504
P33,1	505	505
P69,1	506	506
P15,1	507	507
P48,2	508	508
P108,1	509	509
P77,3	510	510
P109,1	511	511
P100,1	512	512
P41,3	513	513
P86,1	514	514
P19,5	515	515
P110,1	516	516
P11,5	517	517
P28,5	518	518
P27,1	519	519
P84,2	520	520
P26,5	521	521
P111,1	522	522
P76,2	523	523
P37,3	524	524
P46,4	525	525
P103,1	526	526
P112,1	527	527
P63,1	528	528
P67,4	529	529
P54,2	530	530
P20,6	531	531
P80,1	532	532
P104,1	533	533
P73,1	534	534
P114,1	535	535
P31,4	536	536
P4,7	537	537
P25,4	538	538
P81,1	539	539
P30,4	540	540
P32,1	541	541
P52,1	542	542
P12,6	543	543
P6,7	544	544
P45,3	545	545
P116,1	546	546
P47,3	547	547
P23,3	548	548
P50,2	549	549
P118,1	550	550
P55,2	551	551
P71,2	552	552
P1,1	553	553
P91,1	554	554
P34,4	555	555
P92,1	556	556
P58,2	557	557
P119,1	558	558
P101,2	559	559
P108,1	560	560
P99,1	561	561
P82,2	562	562
P75,3	563	563
P70,3	564	564
P60,2	565	565
P19,5	566	566
P9,6	567	567
P42,3	568	568
P102,1	569	569
P35,3	570	570
P38,1	571	571
P3,1	572	572
P79,2	573	573
P76,2	574	574
P37,3	575	575
P85,2	576	576
P89,2	577	577
P68,2	578	578
P63,1	579	579
P57,3	580	580
P53,2	581	581
P61,3	582	582
P88,3	583	583
P122,1	584	584
P104,1	585	585
P73,1	586	586
P114,1	587	587
P31,4	588	588
P16,5	589	589
P22,5	590	590
P90,2	591	591
P123,1	592	592
P10,6	593	593
P30,4	594	594
P65,3	595	595
P93,2	596	596
P52,1	597	597
P7,8	598	598
P6,7	599	599
P45,3	600	600
P116,1	601	601
P20,7	602	602
P110,2	603	603
P124,1	604	604
P117,1	605	605
P118,1	606	606
P126,1	607	607
P71,2	608	608
P1,1	609	609
P127,1	610	610
P92,1	611	611
P58,2	612	612
P28,6	613	613
P15,1	614	614
P128,1	615	615
P77,3	616	616
P99,1	617	617
P82,2	618	618
P113,2	619	619
P112,2	620	620
P70,3	621	621
P14,6	622	622
P97,2	623	623
P12,7	624	624
P11,5	625	625
P130,1	626	626
P102,1	627	627
P47,4	628	628
P84,2	629	629
P132,1	630	630
P26,5	631	631
P3,1	632	632
P121,1	633	633
P64,2	634	634
P13,5	635	635
P85,2	636	636
P89,2	637	637
P133,1	638	638
P68,2	639	639
P134,1	640	640
P67,4	641	641
P54,2	642	642
P96,1	643	643
P61,3	644	644
P88,3	645	645
P34,5	646	646
P122,1	647	647
P136,1	648	648
P78,3	649	649
P105,1	650	650
P73,1	651	651
P49,3	652	652
P138,1	653	653
P94,2	654	654
P22,5	655	655
P44,3	656	656
P123,1	657	657
P10,6	658	658
P140,1	659	659
P72,3	660	660
P32,1	661	661
P93,2	662	662
P52,1	663	663
P7,8	664	664
P6,7	665	665
P45,3	666	666
P36,6	667	667
P74,3	668	668
P62,2	669	669
P43,1	670	670
P124,1	671	671
P117,1	672	672
P118,1	673	673
P126,1	674	674
P71,2	675	675
P1,1	676	676
P127,1	677	677
P142,1	678	678
P92,1	679	679
P69,1	680	680
P119,1	681	681
P59,3	682	682
P108,1	683	683
P77,3	684	684
P99,1	685	685
P100,1	686	686
P41,3	687	687
P56,4	688	688
P60,2	689	689
P14,6	690	690
P146,1	691	691
P12,7	692	692
P129,1	693	693
P23,4	694	694
P102,1	695	695
P147,1	696	696
P35,3	697	697
P131,1	698	698
P38,1	699	699
P58,3	700	700
P2,9	701	701
P79,2	702	702
P64,2	703	703
P98,2	704	704
P24,1	705	705
P103,1	706	706
P39,4	707	707
P149,1	708	708
P57,3	709	709
P11,6	710	710
P135,1	711	711
P29,4	712	712
P51,1	713	713
P75,4	714	714
P40,4	715	715
P136,1	716	716
P25,6	717	717
P104,1	718	718
P86,2	719	719
P114,1	720	720
P49,3	721	721
P37,4	722	722
P16,5	723	723
P94,2	724	724
P68,3	725	725
P101,3	726	726
P87,3	727	727
P81,1	728	728
P97,3	729	729
P115,1	730	730
P72,3	731	731
P32,1	732	732
P154,1	733	733
P93,2	734	734
P52,1	735	735
P48,3	736	736
P53,3	737	737
P155,1	738	738
P116,1	739	739
P74,3	740	740
P62,2	741	741
P43,1	742	742
P124,1	743	743
P125,1	744	744
P95,2	745	745
P71,2	746	746
P134,2	747	747
P127,1	748	748
P142,1	749	749
P67,5	750	750
P33,1	751	751
P28,6	752	752
P15,1	753	753
P128,1	754	754
P144,1	755	755
P46,5	756	756
P158,1	757	757
P113,2	758	758
P56,4	759	759
P60,2	760	760
P31,5	761	761
P145,1	762	762
P159,1	763	763
P42,3	764	764
P80,3	765	765
P30,5	766	766
P102,1	767	767
P147,1	768	768
P35,3	769	769
P10,7	770	770
P6,8	771	771
P91,2	772	772
P50,3	773	773
P58,3	774	774
P100,2	775	775
P162,1	776	776
P85,2	777	777
P126,2	778	778
P89,2	779	779
P133,1	780	780
P149,1	781	781
P57,3	782	782
P11,6	783	783
P117,2	784	784
P61,3	785	785
P88,3	786	786
P129,2	787	787
P122,1	788	788
P136,1	789	789
P41,4	790	790
P78,3	791	791
P104,1	792	792
P165,1	793	793
P86,2	794	794
P131,2	795	795
P114,1	796	796
P49,3	797	797
P138,1	798	798
P19,6	799	799
P139,1	800	800
P68,3	801	801
P79,3	802	802
P44,3	803	803
P130,2	804	804
P81,1	805	805
P166,1	806	806
P140,1	807	807
P152,1	808	808
P150,2	809	809
P154,1	810	810
P8,7	811	811
P52,1	812	812
P83,1	813	813
P96,2	814	814
P36,6	815	815
P156,1	816	816
P20,7	817	817
P101,4	818	818
P43,1	819	819
P168,1	820	820
P169,1	821	821
P125,1	822	822
P97,4	823	823
P171,1	824	824
P1,1	825	825
P157,1	826	826
P143,1	827	827
P92,1	828	828
P69,1	829	829
P28,6	830	830
P15,1	831	831
P128,1	832	832
P144,1	833	833
P7,9	834	834
P18,6	835	835
P16,6	836	836
P70,3	837	837
P90,3	838	838
P31,5	839	839
P145,1	840	840
P159,1	841	841
P42,3	842	842
P30,5	843	843
P27,1	844	844
P45,4	845	845
P47,4	846	846
P84,2	847	847
P175,1	848	848
P132,1	849	849
P55,3	850	850
P38,1	851	851
P50,3	852	852
P26,5	853	853
P100,2	854	854
P62,3	855	855
P162,1	856	856
P163,1	857	857
P118,2	858	858
P24,1	859	859
P103,1	860	860
P133,1	861	861
P149,1	862	862
P57,3	863	863
P11,6	864	864
P117,2	865	865
P107,2	866	866
P29,4	867	867
P88,3	868	868
P129,2	869	869
P122,1	870	870
P178,1	871	871
P137,1	872	872
P25,6	873	873
P78,3	874	874
P180,1	875	875
P82,3	876	876
P23,5	877	877
P73,1	878	878
P131,2	879	879
P99,2	880	880
P121,2	881	881
P49,3	882	882
P138,1	883	883
P19,6	884	884
P120,2	885	885
P68,3	886	886
P79,3	887	887
P123,1	888	888
P66,3	889	889
P17,6	890	890
P34,6	891	891
P104,2	892	892
P115,1	893	893
P72,3	894	894
P165,2	895	895
P32,1	896	896
P76,3	897	897
P167,1	898	898
P48,3	899	899
P53,3	900	900
P155,1	901	901
P116,1	902	902
P2,10	903	903
P87,4	904	904
P43,1	905	905
P168,1	906	906
P169,1	907	907
P71,2	908	908
P134,2	909	909
P157,1	910	910
P139,2	911	911
P143,1	912	912
P92,1	913	913
P69,1	914	914
P41,5	915	915
P111,3	916	916
P59,3	917	917
P128,1	918	918
P144,1	919	919
P7,9	920	920
P113,2	921	921
P56,4	922	922
P93,3	923	923
P90,3	924	924
P31,5	925	925
P145,1	926	926
P42,3	927	927
P30,5	928	928
P174,1	929	929
P147,1	930	930
P35,3	931	931
P181,1	932	932
P175,1	933	933
P9,8	934	934
P91,2	935	935
P176,1	936	936
P106,2	937	937
P97,5	938	938
P100,2	939	939
P77,4	940	940
P12,8	941	941
P110,3	942	942
P118,2	943	943
P103,1	944	944
P39,4	945	945
P63,1	946	946
P11,6	947	947
P117,2	948	948
P61,3	949	949
P10,8	950	950
P6,9	951	951
P51,1	952	952
P129,2	953	953
P26,6	954	954
P178,1	955	955
P158,2	956	956
P161,2	957	957
P179,1	958	958
P180,1	959	959
P126,3	960	960
P112,3	961	961
P86,2	962	962
P73,1	963	963
P98,3	964	964
P99,2	965	965
P160,2	966	966
P148,2	967	967
P94,2	968	968
P120,2	969	969
P183,1	970	970
P68,3	971	971
P79,3	972	972
P130,2	973	973
P66,3	974	974
P85,3	975	975
P166,1	976	976
P34,6	977	977
P140,1	978	978
P152,1	979	979
P58,4	980	980
P150,2	981	981
P76,3	982	982
P167,1	983	983
P141,4	984	984
P49,4	985	985
P96,2	986	986
P36,6	987	987
P2,10	988	988
P78,4	989	989
P109,3	990	990
P43,1	991	991
P22,6	992	992
P40,5	993	993
P134,2	994	994
P157,1	995	995
P154,2	996	996
P44,4	997	997
P67,5	998	998
P33,1	999	999
P172,1	1000	1000
P41,5	1001	1001
P114,2	1002	1002
P15,1	1003	1003
P151,2	1004	1004
P48,4	1005	1005
P93,3	1006	1006
P123,2	1007	1007
P173,1	1008	1008
P145,1	1009	1009
P169,2	1010	1010
P71,3	1011	1011
P30,5	1012	1012
P174,1	1013	1013
P147,1	1014	1014
P181,1	1015	1015
P7,10	1016	1016
P38,1	1017	1017
P176,1	1018	1018
P128,2	1019	1019
P60,3	1020	1020
P97,5	1021	1021
P113,3	1022	1022
P3,1	1023	1023
P162,1	1024	1024
P163,1	1025	1025
P110,3	1026	1026
P42,4	1027	1027
P103,1	1028	1028
P149,1	1029	1029
P177,1	1030	1030
P164,1	1031	1031
P107,2	1032	1032
P159,2	1033	1033
P51,1	1034	1034
P129,2	1035	1035
P46,6	1036	1036
P136,1	1037	1037
P18,7	1038	1038
P137,1	1039	1039
P70,4	1040	1040
P118,3	1041	1041
P13,6	1042	1042
P105,1	1043	1043
P126,3	1044	1044
P112,3	1045	1045
P132,2	1046	1046
P73,1	1047	1047
P14,7	1048	1048
P185,1	1049	1049
P160,2	1050	1050
P19,6	1051	1051
P20,9	1052	1052
P120,2	1053	1053
P55,4	1054	1054
P183,1	1055	1055
P84,3	1056	1056
P64,3	1057	1057
P62,4	1058	1058
P39,5	1059	1059
P166,1	1060	1060
P34,6	1061	1061
P115,1	1062	1062
P72,3	1063	1063
P58,4	1064	1064
P32,1	1065	1065
P29,5	1066	1066
P141,4	1067	1067
P65,6	1068	1068
P155,1	1069	1069
P36,6	1070	1070
P101,4	1071	1071
P109,3	1072	1072
P121,3	1073	1073
P22,6	1074	1074
P40,5	1075	1075
P57,5	1076	1076
P1,1	1077	1077
P142,1	1078	1078
P139,2	1079	1079
P44,4	1080	1080
P92,1	1081	1081
P69,1	1082	1082
P167,2	1083	1083
P114,2	1084	1084
P15,1	1085	1085
P151,2	1086	1086
P138,2	1087	1087
P56,4	1088	1088
P156,2	1089	1089
P78,5	1090	1090
P76,4	1091	1091
P150,3	1092	1092
P80,3	1093	1093
P66,4	1094	1094
P2,11	1095	1095
P174,1	1096	1096
P119,2	1097	1097
P181,1	1098	1098
P7,10	1099	1099
P124,2	1100	1100
P8,8	1101	1101
P176,1	1102	1102
P106,2	1103	1103
P116,2	1104	1104
P134,3	1105	1105
P113,3	1106	1106
P77,4	1107	1107
P12,8	1108	1108
P37,6	1109	1109
P93,4	1110	1110
P24,1	1111	1111
P171,3	1112	1112
P177,1	1113	1113
P90,4	1114	1114
P6,9	1115	1115
P51,1	1116	1116
P129,2	1117	1117
P123,3	1118	1118
P46,6	1119	1119
P145,2	1120	1120
P18,7	1121	1121
P91,3	1122	1122
P161,2	1123	1123
P45,5	1124	1124
P179,1	1125	1125
P180,1	1126	1126
P105,1	1127	1127
P126,3	1128	1128
P112,3	1129	1129
P164,2	1130	1130
P182,1	1131	1131
P73,1	1132	1132
P127,3	1133	1133
P98,3	1134	1134
P185,1	1135	1135
P149,2	1136	1136
P148,2	1137	1137
P19,6	1138	1138
P136,2	1139	1139
P10,9	1140	1140
P147,2	1141	1141
P55,4	1142	1142
P183,1	1143	1143
P84,3	1144	1144
P188,1	1145	1145
P130,2	1146	1146
P39,5	1147	1147
P166,1	1148	1148
P34,6	1149	1149
P100,3	1150	1150
P152,1	1151	1151
P58,4	1152	1152
P52,1	1153	1153
P88,4	1154	1154
P107,3	1155	1155
P65,6	1156	1156
P61,4	1157	1157
P68,4	1158	1158
P87,4	1159	1159
P121,3	1160	1160
P22,6	1161	1161
P40,5	1162	1162
P57,5	1163	1163
P1,1	1164	1164
P139,2	1165	1165
P44,4	1166	1166
P92,1	1167	1167
P120,3	1168	1168
P69,1	1169	1169
P167,2	1170	1170
P114,2	1171	1171
P15,1	1172	1172
P151,2	1173	1173
P138,2	1174	1174
P95,3	1175	1175
P173,1	1176	1176
P146,1	1177	1177
P150,3	1178	1178
P165,3	1179	1179
P80,3	1180	1180
P27,1	1181	1181
P54,4	1182	1182
P174,1	1183	1183
P119,2	1184	1184
P175,1	1185	1185
P38,1	1186	1186
P186,1	1187	1187
P96,3	1188	1188
P176,1	1189	1189
P141,5	1190	1190
P116,2	1191	1191
P134,3	1192	1192
P3,1	1193	1193
P77,4	1194	1194
P144,2	1195	1195
P93,4	1196	1196
P103,1	1197	1197
P63,1	1198	1198
P90,4	1199	1199
P6,9	1200	1200
P48,5	1201	1201
P129,2	1202	1202
P66,5	1203	1203
P46,6	1204	1204
P145,2	1205	1205
P158,2	1206	1206
P137,1	1207	1207
P161,2	1208	1208
P45,5	1209	1209
P179,1	1210	1210
P180,1	1211	1211
P105,1	1212	1212
P56,5	1213	1213
P112,3	1214	1214
P132,2	1215	1215
P182,1	1216	1216
P73,1	1217	1217
P127,3	1218	1218
P98,3	1219	1219
P185,1	1220	1220
P97,6	1221	1221
P153,4	1222	1222
P148,2	1223	1223
P18,8	1224	1224
P136,2	1225	1225
P35,4	1226	1226
P50,4	1227	1227
P55,4	1228	1228
P183,1	1229	1229
P170,3	1230	1230
P81,1	1231	1231
P82,4	1232	1232
P11,7	1233	1233
P34,6	1234	1234
P100,3	1235	1235
P30,7	1236	1236
P122,2	1237	1237
P58,4	1238	1238
P52,1	1239	1239
P83,1	1240	1240
P65,6	1241	1241
P61,4	1242	1242
P184,1	1243	1243
P121,3	1244	1244
P19,7	1245	1245
P168,1	1246	1246
P125,1	1247	1247
P94,3	1248	1248
P1,1	1249	1249
P10,10	1250	1250
P143,1	1251	1251
P33,1	1252	1252
P72,4	1253	1253
P172,1	1254	1254
P167,2	1255	1255
P111,3	1256	1256
P133,3	1257	1257
P107,4	1258	1258
P138,2	1259	1259
P95,3	1260	1260
P173,1	1261	1261
P40,6	1262	1262
P64,4	1263	1263
P165,3	1264	1264
P87,5	1265	1265
P2,11	1266	1266
P84,4	1267	1267
P88,5	1268	1268
P53,4	1269	1269
P130,3	1270	1270
P174,1	1271	1271
P166,2	1272	1272
P101,5	1273	1273
P38,1	1274	1274
P41,6	1275	1275
P96,3	1276	1276
P176,1	1277	1277
P134,3	1278	1278
P3,1	1279	1279
P162,1	1280	1280
P144,2	1281	1281
P139,3	1282	1282
P24,1	1283	1283
P171,3	1284	1284
P90,4	1285	1285
P6,9	1286	1286
P80,4	1287	1287
P51,1	1288	1288
P66,5	1289	1289
P46,6	1290	1290
P145,2	1291	1291
P157,3	1292	1292
P91,3	1293	1293
P71,4	1294	1294
P141,6	1295	1295
P70,4	1296	1296
P118,3	1297	1297
P128,3	1298	1298
P180,1	1299	1299
P105,1	1300	1300
P119,3	1301	1301
P56,5	1302	1302
P116,3	1303	1303
P182,1	1304	1304
P77,5	1305	1305
P31,7	1306	1306
P14,7	1307	1307
P113,4	1308	1308
P185,1	1309	1309
P97,6	1310	1310
P153,4	1311	1311
P45,6	1312	1312
P89,3	1313	1313
P9,9	1314	1314
P35,4	1315	1315
P50,4	1316	1316
P75,5	1317	1317
P188,1	1318	1318
P81,1	1319	1319
P39,5	1320	1320
P11,7	1321	1321
P102,2	1322	1322
P115,1	1323	1323
P152,1	1324	1324
P58,4	1325	1325
P129,3	1326	1326
P52,1	1327	1327
P83,1	1328	1328
P148,3	1329	1329
P184,1	1330	1330
P194,1	1331	1331
P43,1	1332	1332
P22,6	1333	1333
P99,3	1334	1334
P149,3	1335	1335
P94,3	1336	1336
P1,1	1337	1337
P55,5	1338	1338
P140,2	1339	1339
P92,1	1340	1340
P120,3	1341	1341
P79,4	1342	1342
P114,2	1343	1343
P133,3	1344	1344
P34,7	1345	1345
P110,5	1346	1346
P95,3	1347	1347
P76,4	1348	1348
P146,1	1349	1349
P150,3	1350	1350
P62,5	1351	1351
P57,6	1352	1352
P27,1	1353	1353
P191,1	1354	1354
P29,6	1355	1355
P53,4	1356	1356
P130,3	1357	1357
P111,4	1358	1358
P65,7	1359	1359
P181,1	1360	1360
P175,1	1361	1361
P38,1	1362	1362
P172,2	1363	1363
P186,1	1364	1364
P142,2	1365	1365
P134,3	1366	1366
P61,5	1367	1367
P156,3	1368	1368
P109,4	1369	1369
P162,1	1370	1370
P144,2	1371	1371
P139,3	1372	1372
P24,1	1373	1373
P195,1	1374	1374
P63,1	1375	1375
P6,9	1376	1376
P72,5	1377	1377
P48,5	1378	1378
P51,1	1379	1379
P59,4	1380	1380
P157,3	1381	1381
P91,3	1382	1382
P169,3	1383	1383
P7,11	1384	1384
P128,3	1385	1385
P180,1	1386	1386
P105,1	1387	1387
P119,3	1388	1388
P174,2	1389	1389
P85,5	1390	1390
P182,1	1391	1391
P73,1	1392	1392
P127,3	1393	1393
P14,7	1394	1394
P113,4	1395	1395
P185,1	1396	1396
P97,6	1397	1397
P60,4	1398	1398
P136,2	1399	1399
P13,7	1400	1400
P178,2	1401	1401
P179,2	1402	1402
P75,5	1403	1403
P123,4	1404	1404
P170,3	1405	1405
P151,4	1406	1406
P37,7	1407	1407
P164,3	1408	1408
P126,4	1409	1409
P135,2	1410	1410
P115,1	1411	1411
P152,1	1412	1412
P32,1	1413	1413
P112,4	1414	1414
P98,4	1415	1415
P20,10	1416	1416
P155,1	1417	1417
P132,3	1418	1418
P121,3	1419	1419
P19,7	1420	1420
P99,3	1421	1421
P149,3	1422	1422
P94,3	1423	1423
P1,1	1424	1424
P147,3	1425	1425
P55,5	1426	1426
P143,1	1427	1427
P77,6	1428	1428
P92,1	1429	1429
P120,3	1430	1430
P79,4	1431	1431
P15,1	1432	1432
P133,3	1433	1433
P138,2	1434	1434
P108,5	1435	1435
P58,5	1436	1436
P40,6	1437	1437
P64,4	1438	1438
P57,6	1439	1439
P197,1	1440	1440
P2,11	1441	1441
P50,5	1442	1442
P84,4	1443	1443
P29,6	1444	1444
P53,4	1445	1445
P129,4	1446	1446
P111,4	1447	1447
P65,7	1448	1448
P23,7	1449	1449
P101,5	1450	1450
P86,4	1451	1451
P38,1	1452	1452
P172,2	1453	1453
P186,1	1454	1454
P189,1	1455	1455
P28,7	1456	1456
P61,5	1457	1457
P156,3	1458	1458
P109,4	1459	1459
P162,1	1460	1460
P167,3	1461	1461
P34,8	1462	1462
P93,4	1463	1463
P103,1	1464	1464
P171,3	1465	1465
P90,4	1466	1466
P72,5	1467	1467
P48,5	1468	1468
P54,5	1469	1469
P59,4	1470	1470
P91,3	1471	1471
P150,4	1472	1472
P118,3	1473	1473
P96,4	1474	1474
P190,1	1475	1475
P47,5	1476	1476
P8,9	1477	1477
P68,6	1478	1478
P56,5	1479	1479
P182,1	1480	1480
P31,7	1481	1481
P159,3	1482	1482
P106,3	1483	1483
P113,4	1484	1484
P144,3	1485	1485
P177,2	1486	1486
P60,4	1487	1487
P9,9	1488	1488
P178,2	1489	1489
P179,2	1490	1490
P183,1	1491	1491
P26,7	1492	1492
P169,4	1493	1493
P71,5	1494	1494
P81,1	1495	1495
P39,5	1496	1496
P164,3	1497	1497
P126,4	1498	1498
P116,4	1499	1499
P70,5	1500	1500
P30,7	1501	1501
P152,1	1502	1502
P32,1	1503	1503
P119,4	1504	1504
P52,1	1505	1505
P98,4	1506	1506
P148,3	1507	1507
P184,1	1508	1508
P194,1	1509	1509
P121,3	1510	1510
P49,7	1511	1511
P99,3	1512	1512
P149,3	1513	1513
P131,3	1514	1514
P55,5	1515	1515
P143,1	1516	1516
P77,6	1517	1517
P33,1	1518	1518
P45,7	1519	1519
P15,1	1520	1520
P75,6	1521	1521
P133,3	1522	1522
P138,2	1523	1523
P108,5	1524	1524
P200,1	1525	1525
P40,6	1526	1526
P64,4	1527	1527
P57,6	1528	1528
P20,11	1529	1529
P27,1	1530	1530
P35,5	1531	1531
P50,5	1532	1532
P84,4	1533	1533
P19,8	1534	1534
P100,4	1535	1535
P129,4	1536	1536
P111,4	1537	1537
P65,7	1538	1538
P23,7	1539	1539
P101,5	1540	1540
P86,4	1541	1541
P120,4	1542	1542
P172,2	1543	1543
P186,1	1544	1544
P82,6	1545	1545
P140,3	1546	1546
P156,3	1547	1547
P109,4	1548	1548
P162,1	1549	1549
P167,3	1550	1550
P102,4	1551	1551
P53,5	1552	1552
P139,3	1553	1553
P24,1	1554	1554
P195,1	1555	1555
P63,1	1556	1556
P90,4	1557	1557
P72,5	1558	1558
P173,2	1559	1559
P54,5	1560	1560
P16,7	1561	1561
P160,4	1562	1562
P150,4	1563	1563
P76,5	1564	1564
P96,4	1565	1565
P190,1	1566	1566
P8,9	1567	1567
P68,6	1568	1568
P56,5	1569	1569
P182,1	1570	1570
P124,3	1571	1571
P48,6	1572	1572
P142,3	1573	1573
P193,1	1574	1574
P185,1	1575	1575
P177,2	1576	1576
P60,4	1577	1577
P179,2	1578	1578
P59,5	1579	1579
P26,7	1580	1580
P169,4	1581	1581
P107,6	1582	1582
P151,4	1583	1583
P81,1	1584	1584
P158,3	1585	1585
P164,3	1586	1586
P126,4	1587	1587
P116,4	1588	1588
P70,5	1589	1589
P118,4	1590	1590
P153,5	1591	1591
P136,3	1592	1592
P32,1	1593	1593
P119,4	1594	1594
P106,4	1595	1595
P199,1	1596	1596
P98,4	1597	1597
P148,3	1598	1598
P184,1	1599	1599
P194,1	1600	1600
P43,1	1601	1601
P49,7	1602	1602
P149,3	1603	1603
P1,1	1604	1604
P143,1	1605	1605
P92,1	1606	1606
P69,1	1607	1607
P79,4	1608	1608
P14,8	1609	1609
P122,3	1610	1610
P134,5	1611	1611
P58,5	1612	1612
P146,1	1613	1613
P57,6	1614	1614
P197,1	1615	1615
P35,5	1616	1616
P50,5	1617	1617
P161,4	1618	1618
P22,7	1619	1619
P19,8	1620	1620
P192,1	1621	1621
P130,3	1622	1622
P111,4	1623	1623
P75,7	1624	1624
P154,3	1625	1625
P181,1	1626	1626
P101,5	1627	1627
P128,5	1628	1628
P86,4	1629	1629
P77,7	1630	1630
P120,4	1631	1631
P172,2	1632	1632
P64,5	1633	1633
P189,1	1634	1634
P140,3	1635	1635
P156,3	1636	1636
P109,4	1637	1637
P162,1	1638	1638
P167,3	1639	1639
P20,12	1640	1640
P110,6	1641	1641
P24,1	1642	1642
P195,1	1643	1643
P78,6	1644	1644
P72,5	1645	1645
P173,2	1646	1646
P2,12	1647	1647
P51,1	1648	1648
P137,1	1649	1649
P160,4	1650	1650
P138,3	1651	1651
P150,4	1652	1652
P76,5	1653	1653
P165,4	1654	1654
P180,1	1655	1655
P190,1	1656	1656
P8,9	1657	1657
P28,8	1658	1658
P174,2	1659	1659
P182,1	1660	1660
P124,3	1661	1661
P18,11	1662	1662
P100,5	1663	1663
P142,3	1664	1664
P144,3	1665	1665
P166,4	1666	1666
P177,2	1667	1667
P46,7	1668	1668
P139,4	1669	1669
P183,1	1670	1670
P188,1	1671	1671
P107,6	1672	1672
P61,6	1673	1673
P62,7	1674	1674
P158,3	1675	1675
P126,4	1676	1676
P116,4	1677	1677
P93,5	1678	1678
P113,5	1679	1679
P118,4	1680	1680
P159,4	1681	1681
P152,1	1682	1682
P127,4	1683	1683
P106,4	1684	1684
P199,1	1685	1685
P83,1	1686	1686
P179,3	1687	1687
P132,3	1688	1688
P157,4	1689	1689
P178,3	1690	1690
P49,7	1691	1691
P149,3	1692	1692
P11,8	1693	1693
P55,5	1694	1694
P196,1	1695	1695
P92,1	1696	1696
P69,1	1697	1697
P70,6	1698	1698
P85,6	1699	1699
P123,5	1700	1700
P66,7	1701	1701
P134,5	1702	1702
P39,6	1703	1703
P146,1	1704	1704
P57,6	1705	1705
P112,5	1706	1706
P27,1	1707	1707
P50,5	1708	1708
P30,8	1709	1709
P161,4	1710	1710
P192,1	1711	1711
P130,3	1712	1712
P111,4	1713	1713
P65,7	1714	1714
P181,1	1715	1715
P175,1	1716	1716
P45,8	1717	1717
P77,7	1718	1718
P120,4	1719	1719
P172,2	1720	1720
P186,1	1721	1721
P82,6	1722	1722
P140,3	1723	1723
P87,6	1724	1724
P3,1	1725	1725
P147,5	1726	1726
P44,5	1727	1727
P79,5	1728	1728
P103,1	1729	1729
P63,1	1730	1730
P121,5	1731	1731
P94,5	1732	1732
P2,12	1733	1733
P51,1	1734	1734
P22,8	1735	1735
P137,1	1736	1736
P104,4	1737	1737
P40,7	1738	1738
P150,4	1739	1739
P176,2	1740	1740
P109,5	1741	1741
P180,1	1742	1742
P86,5	1743	1743
P105,1	1744	1744
P198,1	1745	1745
P19,9	1746	1746
P174,2	1747	1747
P182,1	1748	1748
P124,3	1749	1749
P48,6	1750	1750
P34,9	1751	1751
P160,5	1752	1752
P185,1	1753	1753
P90,5	1754	1754
P171,4	1755	1755
P53,6	1756	1756
P167,4	1757	1757
P188,1	1758	1758
P107,6	1759	1759
P151,4	1760	1760
P81,1	1761	1761
P47,6	1762	1762
P116,4	1763	1763
P93,5	1764	1764
P113,5	1765	1765
P102,5	1766	1766
P118,4	1767	1767
P159,4	1768	1768
P152,1	1769	1769
P78,7	1770	1770
P127,4	1771	1771
P52,1	1772	1772
P9,10	1773	1773
P155,1	1774	1774
P184,1	1775	1775
P194,1	1776	1776
P142,4	1777	1777
P43,1	1778	1778
P56,6	1779	1779
P49,7	1780	1780
P177,3	1781	1781
P59,6	1782	1782
P125,1	1783	1783
P1,1	1784	1784
P143,1	1785	1785
P145,4	1786	1786
P33,1	1787	1787
P97,7	1788	1788
P15,1	1789	1789
P14,8	1790	1790
P123,5	1791	1791
P60,5	1792	1792
P200,1	1793	1793
P37,8	1794	1794
P99,4	1795	1795
P126,5	1796	1796
P197,1	1797	1797
P27,1	1798	1798
P50,5	1799	1799
P148,4	1800	1800
P29,6	1801	1801
P131,4	1802	1802
P181,1	1803	1803
P175,1	1804	1804
P95,4	1805	1805
P133,4	1806	1806
P38,1	1807	1807
P64,5	1808	1808
P189,1	1809	1809
P89,5	1810	1810
P3,1	1811	1811
P178,4	1812	1812
P162,1	1813	1813
P164,5	1814	1814
P79,5	1815	1815
P23,8	1816	1816
P195,1	1817	1817
P187,1	1818	1818
P121,5	1819	1819
P114,3	1820	1820
P51,1	1821	1821
P66,8	1822	1822
P22,8	1823	1823
P137,1	1824	1824
P104,4	1825	1825
P40,7	1826	1826
P76,5	1827	1827
P154,4	1828	1828
P180,1	1829	1829
P130,4	1830	1830
P105,1	1831	1831
P77,8	1832	1832
P28,8	1833	1833
P19,9	1834	1834
P111,5	1835	1835
P20,13	1836	1836
P73,1	1837	1837
P124,3	1838	1838
P48,6	1839	1839
P45,9	1840	1840
P193,1	1841	1841
P160,5	1842	1842
P185,1	1843	1843
P90,5	1844	1844
P46,7	1845	1845
P139,4	1846	1846
P183,1	1847	1847
P58,7	1848	1848
P169,4	1849	1849
P151,4	1850	1850
P81,1	1851	1851
P47,6	1852	1852
P116,4	1853	1853
P93,5	1854	1854
P113,5	1855	1855
P102,5	1856	1856
P94,6	1857	1857
P118,4	1858	1858
P152,1	1859	1859
P78,7	1860	1860
P127,4	1861	1861
P52,1	1862	1862
P83,1	1863	1863
P179,3	1864	1864
P184,1	1865	1865
P8,10	1866	1866
P176,3	1867	1867
P165,5	1868	1868
P168,1	1869	1869
P177,3	1870	1870
P59,6	1871	1871
P11,8	1872	1872
P143,1	1873	1873
P145,4	1874	1874
P159,5	1875	1875
P69,1	1876	1876
P97,7	1877	1877
P15,1	1878	1878
P14,8	1879	1879
P123,5	1880	1880
P167,5	1881	1881
P134,5	1882	1882
P39,6	1883	1883
P146,1	1884	1884
P106,5	1885	1885
P112,5	1886	1886
P26,8	1887	1887
P27,1	1888	1888
P191,1	1889	1889
P161,4	1890	1890
P131,4	1891	1891
P181,1	1892	1892
P175,1	1893	1893
P170,5	1894	1894
P136,4	1895	1895
P64,5	1896	1896
P189,1	1897	1897
P141,8	1898	1898
P149,4	1899	1899
P132,4	1900	1900
P147,5	1901	1901
P162,1	1902	1902
P49,8	1903	1903
P30,9	1904	1904
P24,1	1905	1905
P195,1	1906	1906
P55,6	1907	1907
P187,1	1908	1908
P114,3	1909	1909
P51,1	1910	1910
P57,7	1911	1911
P101,6	1912	1912
P108,6	1913	1913
P138,3	1914	1914
P40,7	1915	1915
P154,4	1916	1916
P180,1	1917	1917
P130,4	1918	1918
P105,1	1919	1919
P198,1	1920	1920
P129,5	1921	1921
P41,7	1922	1922
P111,5	1923	1923
P182,1	1924	1924
P44,6	1925	1925
P100,5	1926	1926
P34,9	1927	1927
P2,13	1928	1928
P160,5	1929	1929
P120,5	1930	1930
P80,5	1931	1931
P65,9	1932	1932
P139,4	1933	1933
P87,7	1934	1934
P188,1	1935	1935
P107,6	1936	1936
P77,9	1937	1937
P6,11	1938	1938
P174,3	1939	1939
P115,1	1940	1940
P91,5	1941	1941
P96,5	1942	1942
P118,4	1943	1943
P124,4	1944	1944
P152,1	1945	1945
P150,5	1946	1946
P52,1	1947	1947
P48,7	1948	1948
P155,1	1949	1949
P61,7	1950	1950
P194,1	1951	1951
P176,3	1952	1952
P165,5	1953	1953
P168,1	1954	1954
P177,3	1955	1955
P125,1	1956	1956
P116,5	1957	1957
P196,1	1958	1958
P92,1	1959	1959
P166,5	1960	1960
P159,5	1961	1961
P69,1	1962	1962
P70,6	1963	1963
P15,1	1964	1964
P151,5	1965	1965
P14,8	1966	1966
P122,3	1967	1967
P60,5	1968	1968
P134,5	1969	1969
P140,5	1970	1970
P37,8	1971	1971
P99,4	1972	1972
P173,4	1973	1973
P26,8	1974	1974
P27,1	1975	1975
P191,1	1976	1976
P117,5	1977	1977
P192,1	1978	1978
P75,7	1979	1979
P181,1	1980	1980
P175,1	1981	1981
P119,5	1982	1982
P133,4	1983	1983
P38,1	1984	1984
P186,1	1985	1985
P98,5	1986	1986
P149,4	1987	1987
P132,4	1988	1988
P142,5	1989	1989
P110,6	1990	1990
P30,9	1991	1991
P103,1	1992	1992
P63,1	1993	1993
P55,6	1994	1994
P187,1	1995	1995
P86,7	1996	1996
P35,6	1997	1997
P51,1	1998	1998
P123,6	1999	1999
P172,3	2000	2000
P137,1	2001	2001
P108,6	2002	2002
P138,3	2003	2003
P154,4	2004	2004
P180,1	2005	2005
P190,1	2006	2006
P17,9	2007	2007
P28,8	2008	2008
P19,9	2009	2009
P23,9	2010	2010
P147,6	2011	2011
P73,1	2012	2012
P54,6	2013	2013
P100,5	2014	2014
P34,9	2015	2015
P178,5	2016	2016
P16,8	2017	2017
P160,5	2018	2018
P120,5	2019	2019
P80,5	2020	2020
P65,9	2021	2021
P183,1	2022	2022
P87,7	2023	2023
P188,1	2024	2024
P77,9	2025	2025
P6,11	2026	2026
P79,6	2027	2027
P91,5	2028	2028
P96,5	2029	2029
P118,4	2030	2030
P152,1	2031	2031
P82,8	2032	2032
P52,1	2033	2033
P48,7	2034	2034
P155,1	2035	2035
P184,1	2036	2036
P8,10	2037	2037
P43,1	2038	2038
P168,1	2039	2039
P177,3	2040	2040
P125,1	2041	2041
P116,5	2042	2042
P44,7	2043	2043
P196,1	2044	2044
P144,4	2045	2045
P47,7	2046	2046
P159,5	2047	2047
P69,1	2048	2048
P174,4	2049	2049
P62,8	2050	2050
P15,1	2051	2051
P151,5	2052	2052
P68,8	2053	2053
P179,4	2054	2054
P46,8	2055	2055
P169,5	2056	2056
P99,4	2057	2057
P107,7	2058	2058
P173,4	2059	2059
P26,8	2060	2060
P12,11	2061	2061
P148,4	2062	2062
P192,1	2063	2063
P94,7	2064	2064
P181,1	2065	2065
P167,6	2066	2066
P170,5	2067	2067
P56,7	2068	2068
P136,4	2069	2069
P38,1	2070	2070
P189,1	2071	2071
P3,1	2072	2072
P142,5	2073	2073
P49,8	2074	2074
P24,1	2075	2075
P195,1	2076	2076
P97,8	2077	2077
P187,1	2078	2078
P86,7	2079	2079
P35,6	2080	2080
P135,5	2081	2081
P66,8	2082	2082
P57,7	2083	2083
P112,6	2084	2084
P40,7	2085	2085
P37,9	2086	2086
P130,4	2087	2087
P105,1	2088	2088
P75,8	2089	2089
P41,7	2090	2090
P111,5	2091	2091
P182,1	2092	2092
P117,6	2093	2093
P95,5	2094	2094
P34,9	2095	2095
P178,5	2096	2096
P110,7	2097	2097
P156,5	2098	2098
P185,1	2099	2099
P98,6	2100	2100
P53,6	2101	2101
P65,9	2102	2102
P84,6	2103	2103
P58,7	2104	2104
P163,5	2105	2105
P77,9	2106	2106
P108,7	2107	2107
P138,4	2108	2108
P115,1	2109	2109
P76,6	2110	2110
P101,7	2111	2111
P32,1	2112	2112
P78,7	2113	2113
P199,1	2114	2114
P48,7	2115	2115
P172,4	2116	2116
P141,10	2117	2117
P129,6	2118	2118
P194,1	2119	2119
P176,3	2120	2120
P43,1	2121	2121
P104,5	2122	2122
P158,4	2123	2123
P59,6	2124	2124
P125,1	2125	2125
P120,6	2126	2126
P90,6	2127	2127
P93,6	2128	2128
P92,1	2129	2129
P144,4	2130	2130
P100,6	2131	2131
P20,14	2132	2132
P33,1	2133	2133
P171,5	2134	2134
P62,8	2135	2135
P15,1	2136	2136
P68,8	2137	2137
P46,8	2138	2138
P91,6	2139	2139
P146,1	2140	2140
P145,5	2141	2141
P139,5	2142	2142
P27,1	2143	2143
P148,4	2144	2144
P192,1	2145	2145
P118,5	2146	2146
P181,1	2147	2147
P167,6	2148	2148
P150,6	2149	2149
P14,9	2150	2150
P186,1	2151	2151
P189,1	2152	2152
P3,1	2153	2153
P116,6	2154	2154
P103,1	2155	2155
P195,1	2156	2156
P29,7	2157	2157
P187,1	2158	2158
P161,5	2159	2159
P35,6	2160	2160
P135,5	2161	2161
P66,8	2162	2162
P57,7	2163	2163
P112,6	2164	2164
P140,6	2165	2165
P180,1	2166	2166
P190,1	2167	2167
P198,1	2168	2168
P75,8	2169	2169
P119,6	2170	2170
P39,7	2171	2171
P147,6	2172	2172
P73,1	2173	2173
P60,6	2174	2174
P126,6	2175	2175
P193,1	2176	2176
P2,13	2177	2177
P110,7	2178	2178
P160,5	2179	2179
P64,6	2180	2180
P132,5	2181	2181
P109,6	2182	2182
P183,1	2183	2183
P170,6	2184	2184
P188,1	2185	2185
P30,10	2186	2186
P163,5	2187	2187
P108,7	2188	2188
P41,8	2189	2189
P79,6	2190	2190
P96,5	2191	2191
P76,6	2192	2192
P101,7	2193	2193
P32,1	2194	2194
P19,10	2195	2195
P34,10	2196	2196
P71,8	2197	2197
P55,7	2198	2198
P83,1	2199	2199
P154,5	2200	2200
P155,1	2201	2201
P184,1	2202	2202
P194,1	2203	2203
P176,3	2204	2204
P168,1	2205	2205
P6,12	2206	2206
P130,5	2207	2207
P1,1	2208	2208
P143,1	2209	2209
P90,6	2210	2210
P93,6	2211	2211
P114,5	2212	2212
P28,9	2213	2213
P100,6	2214	2214
P78,8	2215	2215
P77,10	2216	2216
P69,1	2217	2217
P174,4	2218	2218
P15,1	2219	2219
P84,7	2220	2220
P179,4	2221	2221
P200,1	2222	2222
P169,5	2223	2223
P107,7	2224	2224
P197,1	2225	2225
P27,1	2226	2226
P61,8	2227	2227
P192,1	2228	2228
P165,6	2229	2229
P175,1	2230	2230
P102,6	2231	2231
P150,6	2232	2232
P14,9	2233	2233
P104,6	2234	2234
P85,7	2235	2235
P149,4	2236	2236
P162,1	2237	2237
P24,1	2238	2238
P127,6	2239	2239
P63,1	2240	2240
P29,7	2241	2241
P187,1	2242	2242
P145,6	2243	2243
P86,7	2244	2244
P134,6	2245	2245
P123,6	2246	2246
P57,7	2247	2247
P112,6	2248	2248
P140,6	2249	2249
P26,9	2250	2250
P133,5	2251	2251
P105,1	2252	2252
P70,7	2253	2253
P153,7	2254	2254
P142,6	2255	2255
P111,5	2256	2256
P182,1	2257	2257
P54,6	2258	2258
P126,6	2259	2259
P193,1	2260	2260
P173,5	2261	2261
P110,7	2262	2262
P185,1	2263	2263
P132,5	2264	2264
P65,9	2265	2265
P87,7	2266	2266
P58,7	2267	2267
P188,1	2268	2268
P30,10	2269	2269
P163,5	2270	2270
P164,6	2271	2271
P138,4	2272	2272
P115,1	2273	2273
P89,7	2274	2274
P32,1	2275	2275
P117,7	2276	2276
P34,10	2277	2277
P60,7	2278	2278
P71,8	2279	2279
P48,7	2280	2280
P49,10	2281	2281
P172,4	2282	2282
P155,1	2283	2283
P131,6	2284	2284
P119,7	2285	2285
P43,1	2286	2286
P6,12	2287	2287
P160,6	2288	2288
P125,1	2289	2289
P120,6	2290	2290
P156,6	2291	2291
P90,6	2292	2292
P93,6	2293	2293
P92,1	2294	2294
P18,13	2295	2295
P78,8	2296	2296
P33,1	2297	2297
P174,4	2298	2298
P151,5	2299	2299
P84,7	2300	2300
P55,8	2301	2301
P46,8	2302	2302
P91,6	2303	2303
P169,5	2304	2304
P108,8	2305	2305
P197,1	2306	2306
P96,6	2307	2307
P27,1	2308	2308
P61,8	2309	2309
P129,7	2310	2310
P165,6	2311	2311
P175,1	2312	2312
P102,6	2313	2313
P150,6	2314	2314
P14,9	2315	2315
P104,6	2316	2316
P77,11	2317	2317
P3,1	2318	2318
P24,1	2319	2319
P195,1	2320	2320
P166,6	2321	2321
P12,12	2322	2322
P99,5	2323	2323
P161,5	2324	2324
P123,6	2325	2325
P137,1	2326	2326
P112,6	2327	2327
P114,6	2328	2328
P171,6	2329	2329
P133,5	2330	2330
P105,1	2331	2331
P70,7	2332	2332
P153,7	2333	2333
P39,7	2334	2334
P147,6	2335	2335
P182,1	2336	2336
P54,6	2337	2337
P126,6	2338	2338
P193,1	2339	2339
P173,5	2340	2340
P110,7	2341	2341
P59,8	2342	2342
P185,1	2343	2343
P132,5	2344	2344
P183,1	2345	2345
P188,1	2346	2346
P30,10	2347	2347
P81,1	2348	2348
P164,6	2349	2349
P79,6	2350	2350
P89,7	2351	2351
P32,1	2352	2352
P117,7	2353	2353
P34,10	2354	2354
P127,7	2355	2355
P178,6	2356	2356
P71,8	2357	2357
P48,7	2358	2358
P35,7	2359	2359
P83,1	2360	2360
P141,10	2361	2361
P155,1	2362	2362
P131,6	2363	2363
P37,10	2364	2364
P168,1	2365	2365
P87,8	2366	2366
P130,5	2367	2367
P125,1	2368	2368
P120,6	2369	2369
P53,7	2370	2370
P135,7	2371	2371
P93,6	2372	2372
P2,14	2373	2373
P28,9	2374	2374
P18,13	2375	2375
P33,1	2376	2376
P174,4	2377	2377
P151,5	2378	2378
P179,4	2379	2379
P200,1	2380	2380
P91,6	2381	2381
P169,5	2382	2382
P119,8	2383	2383
P107,7	2384	2384
P197,1	2385	2385
P96,6	2386	2386
P191,1	2387	2387
P177,4	2388	2388
P192,1	2389	2389
P181,1	2390	2390
P175,1	2391	2391
P102,6	2392	2392
P60,8	2393	2393
P14,9	2394	2394
P47,8	2395	2395
P186,1	2396	2396
P189,1	2397	2397
P3,1	2398	2398
P24,1	2399	2399
P68,9	2400	2400
P63,1	2401	2401
P100,7	2402	2402
P145,6	2403	2403
P161,5	2404	2404
P123,6	2405	2405
P84,8	2406	2406
P118,6	2407	2407
P122,4	2408	2408
P171,6	2409	2409
P190,1	2410	2410
P198,1	2411	2411
P75,8	2412	2412
P39,7	2413	2413
P159,6	2414	2414
P29,8	2415	2415
P73,1	2416	2416
P126,6	2417	2417
P193,1	2418	2418
P173,5	2419	2419
P110,7	2420	2420
P85,8	2421	2421
P167,7	2422	2422
P183,1	2423	2423
P188,1	2424	2424
P114,7	2425	2425
P153,8	2426	2426
P138,4	2427	2427
P89,7	2428	2428
P54,7	2429	2429
P136,5	2430	2430
P98,7	2431	2431
P52,1	2432	2432
P127,7	2433	2433
P133,6	2434	2434
P199,1	2435	2435
P35,7	2436	2436
P83,1	2437	2437
P134,7	2438	2438
P184,1	2439	2439
P131,6	2440	2440
P147,7	2441	2441
P43,1	2442	2442
P6,12	2443	2443
P130,5	2444	2444
P125,1	2445	2445
P143,1	2446	2446
P64,7	2447	2447
P135,7	2448	2448
P93,6	2449	2449
P2,14	2450	2450
P111,6	2451	2451
P18,13	2452	2452
P33,1	2453	2453
P15,1	2454	2454
P142,8	2455	2455
P200,1	2456	2456
P56,9	2457	2457
P146,1	2458	2458
P119,8	2459	2459
P107,7	2460	2460
P197,1	2461	2461
P116,8	2462	2462
P27,1	2463	2463
P61,8	2464	2464
P177,4	2465	2465
P164,7	2466	2466
P181,1	2467	2467
P158,5	2468	2468
P102,6	2469	2469
P174,5	2470	2470
P150,6	2471	2471
P47,8	2472	2472
P48,8	2473	2473
P77,11	2474	2474
P3,1	2475	2475
P24,1	2476	2476
P68,9	2477	2477
P63,1	2478	2478
P187,1	2479	2479
P90,7	2480	2480
P151,6	2481	2481
P118,6	2482	2482
P122,4	2483	2483
P180,1	2484	2484
P190,1	2485	2485
P179,5	2486	2486
P75,8	2487	2487
P62,9	2488	2488
P159,6	2489	2489
P182,1	2490	2490
P12,13	2491	2491
P8,12	2492	2492
P86,8	2493	2493
P94,8	2494	2494
P185,1	2495	2495
P183,1	2496	2496
P188,1	2497	2497
P153,8	2498	2498
P138,4	2499	2499
P112,7	2500	2500
P152,1	2501	2501
P54,7	2502	2502
P136,5	2503	2503
P98,7	2504	2504
P124,7	2505	2505
P127,7	2506	2506
P133,6	2507	2507
P66,9	2508	2508
P35,7	2509	2509
P83,1	2510	2510
P144,6	2511	2511
P155,1	2512	2512
P131,6	2513	2513
P132,6	2514	2514
P37,10	2515	2515
P168,1	2516	2516
P160,6	2517	2517
P163,6	2518	2518
P149,6	2519	2519
P1,1	2520	2520
P53,7	2521	2521
P95,6	2522	2522
P135,7	2523	2523
P196,1	2524	2524
P2,14	2525	2525
P111,6	2526	2526
P18,13	2527	2527
P69,1	2528	2528
P55,8	2529	2529
P142,8	2530	2530
P200,1	2531	2531
P79,7	2532	2532
P30,11	2533	2533
P108,8	2534	2534
P58,8	2535	2535
P6,13	2536	2536
P139,5	2537	2537
P116,8	2538	2538
P64,8	2539	2539
P191,1	2540	2540
P129,7	2541	2541
P192,1	2542	2542
P175,1	2543	2543
P120,7	2544	2544
P60,8	2545	2545
P104,6	2546	2546
P77,11	2547	2547
P3,1	2548	2548
P93,7	2549	2549
P103,1	2550	2550
P195,1	2551	2551
P76,8	2552	2552
P51,1	2553	2553
P151,6	2554	2554
P130,6	2555	2555
P176,5	2556	2556
P180,1	2557	2557
P190,1	2558	2558
P179,5	2559	2559
P61,9	2560	2560
P102,7	2561	2561
P28,10	2562	2562
P182,1	2563	2563
P107,8	2564	2564
P193,1	2565	2565
P173,5	2566	2566
P91,7	2567	2567
P185,1	2568	2568
P48,9	2569	2569
P156,8	2570	2570
P114,7	2571	2571
P153,8	2572	2572
P115,1	2573	2573
P90,8	2574	2574
P152,1	2575	2575
P54,7	2576	2576
P150,7	2577	2577
P98,7	2578	2578
P124,7	2579	2579
P47,9	2580	2580
P126,7	2581	2581
P199,1	2582	2582
P123,7	2583	2583
P83,1	2584	2584
P134,7	2585	2585
P184,1	2586	2586
P194,1	2587	2587
P147,7	2588	2588
P43,1	2589	2589
P168,1	2590	2590
P160,6	2591	2591
P39,8	2592	2592
P149,6	2593	2593
P1,1	2594	2594
P12,14	2595	2595
P53,7	2596	2596
P46,10	2597	2597
P75,9	2598	2598
P33,1	2599	2599
P15,1	2600	2600
P40,9	2601	2601
P110,9	2602	2602
P146,1	2603	2603
P30,11	2604	2604
P138,5	2605	2605
P85,9	2606	2606
P71,9	2607	2607
P140,8	2608	2608
P197,1	2609	2609
P116,8	2610	2610
P27,1	2611	2611
P172,5	2612	2612
P57,9	2613	2613
P16,10	2614	2614
P181,1	2615	2615
P158,5	2616	2616
P60,8	2617	2617
P2,15	2618	2618
P186,1	2619	2619
P189,1	2620	2620
P3,1	2621	2621
P95,7	2622	2622
P93,7	2623	2623
P103,1	2624	2624
P195,1	2625	2625
P76,8	2626	2626
P51,1	2627	2627
P151,6	2628	2628
P111,7	2629	2629
P118,6	2630	2630
P176,5	2631	2631
P180,1	2632	2632
P190,1	2633	2633
P18,14	2634	2634
P45,12	2635	2635
P34,12	2636	2636
P28,10	2637	2637
P182,1	2638	2638
P56,10	2639	2639
P193,1	2640	2640
P94,8	2641	2641
P177,5	2642	2642
P174,6	2643	2643
P48,9	2644	2644
P96,7	2645	2645
P188,1	2646	2646
P166,7	2647	2647
P81,1	2648	2648
P112,7	2649	2649
P171,7	2650	2650
P152,1	2651	2651
P179,6	2652	2652
P150,7	2653	2653
P98,7	2654	2654
P122,5	2655	2655
P84,9	2656	2656
P178,6	2657	2657
P199,1	2658	2658
P83,1	2659	2659
P155,1	2660	2660
P194,1	2661	2661
P147,7	2662	2662
P43,1	2663	2663
P168,1	2664	2664
P160,6	2665	2665
P39,8	2666	2666
P8,13	2667	2667
P125,1	2668	2668
P143,1	2669	2669
P46,10	2670	2670
P75,9	2671	2671
P35,8	2672	2672
P69,1	2673	2673
P40,9	2674	2674
P110,9	2675	2675
P146,1	2676	2676
P119,8	2677	2677
P85,9	2678	2678
P71,9	2679	2679
P6,13	2680	2680
P49,11	2681	2681
P116,8	2682	2682
P53,8	2683	2683
P66,10	2684	2684
P57,9	2685	2685
P16,10	2686	2686
P54,8	2687	2687
P175,1	2688	2688
P38,1	2689	2689
P186,1	2690	2690
P189,1	2691	2691
P134,8	2692	2692
P3,1	2693	2693
P95,7	2694	2694
P97,11	2695	2695
P24,1	2696	2696
P195,1	2697	2697
P76,8	2698	2698
P51,1	2699	2699
P137,1	2700	2700
P135,8	2701	2701
P176,5	2702	2702
P180,1	2703	2703
P127,9	2704	2704
P105,1	2705	2705
P198,1	2706	2706
P34,12	2707	2707
P142,9	2708	2708
P138,6	2709	2709
P73,1	2710	2710
P129,8	2711	2711
P177,5	2712	2712
P174,6	2713	2713
P172,6	2714	2714
P183,1	2715	2715
P78,10	2716	2716
P114,7	2717	2717
P153,8	2718	2718
P81,1	2719	2719
P90,8	2720	2720
P61,10	2721	2721
P60,9	2722	2722
P152,1	2723	2723
P179,6	2724	2724
P150,7	2725	2725
P52,1	2726	2726
P124,7	2727	2727
P94,9	2728	2728
P199,1	2729	2729
P83,1	2730	2730
P68,10	2731	2731
P184,1	2732	2732
P132,6	2733	2733
P37,10	2734	2734
P89,8	2735	2735
P148,6	2736	2736
P163,6	2737	2737
P39,8	2738	2738
P8,13	2739	2739
P125,1	2740	2740
P143,1	2741	2741
P196,1	2742	2742
P75,9	2743	2743
P35,8	2744	2744
P69,1	2745	2745
P112,8	2746	2746
P200,1	2747	2747
P146,1	2748	2748
P119,8	2749	2749
P96,8	2750	2750
P156,9	2751	2751
P6,13	2752	2752
P98,8	2753	2753
P64,8	2754	2754
P27,1	2755	2755
P191,1	2756	2756
P57,9	2757	2757
P16,10	2758	2758
P178,7	2759	2759
P181,1	2760	2760
P38,1	2761	2761
P47,10	2762	2762
P189,1	2763	2763
P30,12	2764	2764
P167,9	2765	2765
P162,1	2766	2766
P59,10	2767	2767
P93,7	2768	2768
P103,1	2769	2769
P195,1	2770	2770
P160,7	2771	2771
P76,8	2772	2772
P51,1	2773	2773
P137,1	2774	2774
P117,9	2775	2775
P139,6	2776	2776
P120,8	2777	2777
P79,8	2778	2778
P18,14	2779	2779
P77,12	2780	2780
P45,12	2781	2781
P102,7	2782	2782
P41,10	2783	2783
P182,1	2784	2784
P193,1	2785	2785
P164,8	2786	2786
P48,9	2787	2787
P183,1	2788	2788
P78,10	2789	2789
P118,7	2790	2790
P166,7	2791	2791
P111,8	2792	2792
P115,1	2793	2793
P171,7	2794	2794
P158,6	2795	2795
P60,9	2796	2796
P179,6	2797	2797
P150,7	2798	2798
P122,5	2799	2799
P94,9	2800	2800
P199,1	2801	2801
P83,1	2802	2802
P174,7	2803	2803
P155,1	2804	2804
P194,1	2805	2805
P147,7	2806	2806
P89,8	2807	2807
P148,6	2808	2808
P91,8	2809	2809
P8,13	2810	2810
P125,1	2811	2811
P143,1	2812	2812
P196,1	2813	2813
P92,1	2814	2814
P35,8	2815	2815
P69,1	2816	2816
P112,8	2817	2817
P146,1	2818	2818
P123,8	2819	2819
P61,11	2820	2820
P85,9	2821	2821
P156,9	2822	2822
P197,1	2823	2823
P64,8	2824	2824
P124,8	2825	2825
P27,1	2826	2826
P173,7	2827	2827
P57,9	2828	2828
P192,1	2829	2829
P54,8	2830	2830
P175,1	2831	2831
P2,15	2832	2832
P37,11	2833	2833
P189,1	2834	2834
P84,10	2835	2835
P167,9	2836	2836
P162,1	2837	2837
P59,10	2838	2838
P163,7	2839	2839
P24,1	2840	2840
P195,1	2841	2841
P160,7	2842	2842
P76,8	2843	2843
P51,1	2844	2844
P117,9	2845	2845
P120,8	2846	2846
P105,1	2847	2847
P71,10	2848	2848
P198,1	2849	2849
P34,12	2850	2850
P142,9	2851	2851
P41,10	2852	2852
P140,9	2853	2853
P182,1	2854	2854
P193,1	2855	2855
P110,10	2856	2856
P164,8	2857	2857
P53,9	2858	2858
P108,9	2859	2859
P188,1	2860	2860
P81,1	2861	2861
P90,8	2862	2862
P165,8	2863	2863
P60,9	2864	2864
P179,6	2865	2865
P52,1	2866	2866
P122,5	2867	2867
P135,9	2868	2868
P126,7	2869	2869
P159,7	2870	2870
P83,1	2871	2871
P68,10	2872	2872
P184,1	2873	2873
P132,6	2874	2874
P114,8	2875	2875
P168,1	2876	2876
P91,8	2877	2877
P8,13	2878	2878
P1,1	2879	2879
P104,8	2880	2880
P75,9	2881	2881
P92,1	2882	2882
P35,8	2883	2883
P69,1	2884	2884
P200,1	2885	2885
P28,11	2886	2886
P177,6	2887	2887
P96,8	2888	2888
P129,9	2889	2889
P6,13	2890	2890
P98,8	2891	2891
P124,8	2892	2892
P27,1	2893	2893
P150,8	2894	2894
P14,11	2895	2895
P192,1	2896	2896
P166,8	2897	2897
P181,1	2898	2898
P38,1	2899	2899
P186,1	2900	2900
P189,1	2901	2901
P134,8	2902	2902
P3,1	2903	2903
P162,1	2904	2904
P130,8	2905	2905
P149,7	2906	2906
P103,1	2907	2907
P63,1	2908	2908
P116,9	2909	2909
P187,1	2910	2910
P137,1	2911	2911
P180,1	2912	2912
P105,1	2913	2913
P198,1	2914	2914
P142,9	2915	2915
P41,10	2916	2916
P182,1	2917	2917
P58,10	2918	2918
P185,1	2919	2919
P133,8	2920	2920
P54,9	2921	2921
P183,1	2922	2922
P188,1	2923	2923
P64,9	2924	2924
P115,1	2925	2925
P158,6	2926	2926
P152,1	2927	2927
P32,1	2928	2928
P77,13	2929	2929
P176,6	2930	2930
P140,10	2931	2931
P94,9	2932	2932
P159,7	2933	2933
P59,11	2934	2934
P120,9	2935	2935
P155,1	2936	2936
P184,1	2937	2937
P93,8	2938	2938
P168,1	2939	2939
P91,8	2940	2940
P125,1	2941	2941
P143,1	2942	2942
P90,9	2943	2943
P139,7	2944	2944
P127,11	2945	2945
P107,9	2946	2946
P69,1	2947	2947
P200,1	2948	2948
P126,8	2949	2949
P123,8	2950	2950
P177,6	2951	2951
P102,8	2952	2952
P129,9	2953	2953
P124,8	2954	2954
P27,1	2955	2955
P78,11	2956	2956
P173,7	2957	2957
P192,1	2958	2958
P181,1	2959	2959
P132,7	2960	2960
P165,9	2961	2961
P40,10	2962	2962
P89,9	2963	2963
P3,1	2964	2964
P35,9	2965	2965
P97,11	2966	2966
P163,7	2967	2967
P24,1	2968	2968
P195,1	2969	2969
P160,7	2970	2970
P116,9	2971	2971
P187,1	2972	2972
P137,1	2973	2973
P190,1	2974	2974
P105,1	2975	2975
P198,1	2976	2976
P142,9	2977	2977
P41,10	2978	2978
P182,1	2979	2979
P8,14	2980	2980
P193,1	2981	2981
P110,10	2982	2982
P164,8	2983	2983
P183,1	2984	2984
P188,1	2985	2985
P64,9	2986	2986
P115,1	2987	2987
P6,14	2988	2988
P152,1	2989	2989
P111,10	2990	2990
P32,1	2991	2991
P52,1	2992	2992
P14,12	2993	2993
P59,11	2994	2994
P120,9	2995	2995
P178,8	2996	2996
P155,1	2997	2997
P84,11	2998	2998
P194,1	2999	2999
P43,1	3000	3000
P172,7	3001	3001
P125,1	3002	3002
P54,10	3003	3003
P196,1	3004	3004
P139,7	3005	3005
P127,11	3006	3006
P107,9	3007	3007
P69,1	3008	3008
P77,14	3009	3009
P146,1	3010	3010
P28,11	3011	3011
P177,6	3012	3012
P138,7	3013	3013
P197,1	3014	3014
P39,9	3015	3015
P191,1	3016	3016
P159,8	3017	3017
P150,8	3018	3018
P192,1	3019	3019
P181,1	3020	3020
P132,7	3021	3021
P165,9	3022	3022
P40,10	3023	3023
P89,9	3024	3024
P93,9	3025	3025
P147,8	3026	3026
P162,1	3027	3027
P176,7	3028	3028
P24,1	3029	3029
P195,1	3030	3030
P156,10	3031	3031
P131,10	3032	3032
P187,1	3033	3033
P137,1	3034	3034
P190,1	3035	3035
P71,10	3036	3036
P142,9	3037	3037
P102,9	3038	3038
P182,1	3039	3039
P8,14	3040	3040
P193,1	3041	3041
P110,10	3042	3042
P76,9	3043	3043
P64,9	3044	3044
P115,1	3045	3045
P6,14	3046	3046
P111,10	3047	3047
P32,1	3048	3048
P52,1	3049	3049
P199,1	3050	3050
P97,12	3051	3051
P45,13	3052	3052
P117,10	3053	3053
P55,10	3054	3054
P184,1	3055	3055
P133,9	3056	3056
P43,1	3057	3057
P172,7	3058	3058
P125,1	3059	3059
P143,1	3060	3060
P196,1	3061	3061
P139,7	3062	3062
P163,8	3063	3063
P127,11	3064	3064
P98,10	3065	3065
P33,1	3066	3066
P15,1	3067	3067
P200,1	3068	3068
P126,8	3069	3069
P61,11	3070	3070
P197,1	3071	3071
P27,1	3072	3072
P179,7	3073	3073
P94,10	3074	3074
P159,8	3075	3075
P86,10	3076	3076
P118,8	3077	3077
P175,1	3078	3078
P38,1	3079	3079
P186,1	3080	3080
P189,1	3081	3081
P3,1	3082	3082
P176,7	3083	3083
P135,10	3084	3084
P103,1	3085	3085
P63,1	3086	3086
P140,11	3087	3087
P131,10	3088	3088
P187,1	3089	3089
P59,12	3090	3090
P180,1	3091	3091
P190,1	3092	3092
P54,11	3093	3093
P198,1	3094	3094
P85,10	3095	3095
P73,1	3096	3096
P8,14	3097	3097
P193,1	3098	3098
P110,10	3099	3099
P188,1	3100	3100
P81,1	3101	3101
P115,1	3102	3102
P6,14	3103	3103
P166,9	3104	3104
P134,9	3105	3105
P37,12	3106	3106
P52,1	3107	3107
P199,1	3108	3108
P138,8	3109	3109
P117,10	3110	3110
P130,9	3111	3111
P184,1	3112	3112
P35,10	3113	3113
P43,1	3114	3114
P172,7	3115	3115
P142,10	3116	3116
P1,1	3117	3117
P96,10	3118	3118
P90,9	3119	3119
P149,8	3120	3120
P127,11	3121	3121
P98,10	3122	3122
P69,1	3123	3123
P77,14	3124	3124
P200,1	3125	3125
P49,13	3126	3126
P61,11	3127	3127
P197,1	3128	3128
P27,1	3129	3129
P120,10	3130	3130
P191,1	3131	3131
P159,8	3132	3132
P192,1	3133	3133
P118,8	3134	3134
P178,9	3135	3135
P132,7	3136	3136
P53,11	3137	3137
P165,9	3138	3138
P40,10	3139	3139
P189,1	3140	3140
P3,1	3141	3141
P176,7	3142	3142
P103,1	3143	3143
P63,1	3144	3144
P140,11	3145	3145
P131,10	3146	3146
P187,1	3147	3147
P59,12	3148	3148
P180,1	3149	3149
P105,1	3150	3150
P54,11	3151	3151
P85,10	3152	3152
P139,8	3153	3153
P8,14	3154	3154
P193,1	3155	3155
P110,10	3156	3156
P188,1	3157	3157
P163,9	3158	3158
P108,11	3159	3159
P115,1	3160	3160
P6,14	3161	3161
P135,11	3162	3162
P111,10	3163	3163
P32,1	3164	3164
P52,1	3165	3165
P199,1	3166	3166
P167,10	3167	3167
P155,1	3168	3168
P55,10	3169	3169
P184,1	3170	3170
P35,10	3171	3171
P94,11	3172	3172
P168,1	3173	3173
P172,7	3174	3174
P91,10	3175	3175
P125,1	3176	3176
P143,1	3177	3177
P196,1	3178	3178
P149,8	3179	3179
P92,1	3180	3180
P69,1	3181	3181
P77,14	3182	3182
P146,1	3183	3183
P126,8	3184	3184
P197,1	3185	3185
P158,7	3186	3186
P191,1	3187	3187
P192,1	3188	3188
P181,1	3189	3189
P178,9	3190	3190
P132,7	3191	3191
P53,11	3192	3192
P186,1	3193	3193
P189,1	3194	3194
P138,9	3195	3195
P162,1	3196	3196
P39,10	3197	3197
P195,1	3198	3198
P171,9	3199	3199
P140,11	3200	3200
P131,10	3201	3201
P51,1	3202	3202
P137,1	3203	3203
P190,1	3204	3204
P133,10	3205	3205
P198,1	3206	3206
P120,11	3207	3207
P182,1	3208	3208
P73,1	3209	3209
P8,14	3210	3210
P185,1	3211	3211
P188,1	3212	3212
P108,11	3213	3213
P176,8	3214	3214
P57,10	3215	3215
P152,1	3216	3216
P166,9	3217	3217
P32,1	3218	3218
P52,1	3219	3219
P40,11	3220	3220
P83,1	3221	3221
P117,10	3222	3222
P155,1	3223	3223
P145,9	3224	3224
P184,1	3225	3225
P35,10	3226	3226
P159,9	3227	3227
P43,1	3228	3228
P168,1	3229	3229
P156,11	3230	3230
P91,10	3231	3231
P125,1	3232	3232
P143,1	3233	3233
P196,1	3234	3234
P92,1	3235	3235
P69,1	3236	3236
P200,1	3237	3237
P49,13	3238	3238
P102,10	3239	3239
P27,1	3240	3240
P179,7	3241	3241
P15,2	3242	3242
P164,9	3243	3243
P76,10	3244	3244
P181,1	3245	3245
P175,1	3246	3246
P84,12	3247	3247
P38,1	3248	3248
P160,9	3249	3249
P90,10	3250	3250
P3,1	3251	3251
P24,1	3252	3252
P103,1	3253	3253
P63,1	3254	3254
P147,10	3255	3255
P98,11	3256	3256
P124,9	3257	3257
P187,1	3258	3258
P51,1	3259	3259
P137,1	3260	3260
P190,1	3261	3261
P133,10	3262	3262
P198,1	3263	3263
P120,11	3264	3264
P182,1	3265	3265
P73,1	3266	3266
P193,1	3267	3267
P183,1	3268	3268
P81,1	3269	3269
P86,11	3270	3270
P115,1	3271	3271
P152,1	3272	3272
P166,9	3273	3273
P107,11	3274	3274
P129,10	3275	3275
P14,12	3276	3276
P199,1	3277	3277
P167,10	3278	3278
P68,12	3279	3279
P145,9	3280	3280
P184,1	3281	3281
P159,9	3282	3282
P43,1	3283	3283
P71,11	3284	3284
P54,12	3285	3285
P142,10	3286	3286
P125,1	3287	3287
P143,1	3288	3288
P149,8	3289	3289
P92,1	3290	3290
P69,1	3291	3291
P146,1	3292	3292
P197,1	3293	3293
P8,15	3294	3294
P58,11	3295	3295
P191,1	3296	3296
P192,1	3297	3297
P181,1	3298	3298
P35,11	3299	3299
P84,12	3300	3300
P38,1	3301	3301
P160,9	3302	3302
P89,12	3303	3303
P3,1	3304	3304
P24,1	3305	3305
P57,11	3306	3306
P195,1	3307	3307
P111,11	3308	3308
P147,10	3309	3309
P98,11	3310	3310
P131,10	3311	3311
P150,10	3312	3312
P59,12	3313	3313
P165,11	3314	3314
P137,1	3315	3315
P190,1	3316	3316
P133,10	3317	3317
P198,1	3318	3318
P132,8	3319	3319
P182,1	3320	3320
P73,1	3321	3321
P185,1	3322	3322
P188,1	3323	3323
P108,11	3324	3324
P115,1	3325	3325
P152,1	3326	3326
P166,9	3327	3327
P107,11	3328	3328
P129,10	3329	3329
P40,11	3330	3330
P83,1	3331	3331
P167,10	3332	3332
P155,1	3333	3333
P118,9	3334	3334
P85,11	3335	3335
P194,1	3336	3336
P94,11	3337	3337
P43,1	3338	3338
P71,11	3339	3339
P54,12	3340	3340
P39,11	3341	3341
P1,1	3342	3342
P196,1	3343	3343
P92,1	3344	3344
P69,1	3345	3345
P146,1	3346	3346
P197,1	3347	3347
P8,15	3348	3348
P58,11	3349	3349
P191,1	3350	3350
P64,10	3351	3351
P178,9	3352	3352
P175,1	3353	3353
P53,11	3354	3354
P186,1	3355	3355
P142,11	3356	3356
P189,1	3357	3357
P3,1	3358	3358
P24,1	3359	3359
P57,11	3360	3360
P195,1	3361	3361
P140,13	3362	3362
P147,10	3363	3363
P98,11	3364	3364
P187,1	3365	3365
P51,1	3366	3366
P59,12	3367	3367
P165,11	3368	3368
P180,1	3369	3369
P105,1	3370	3370
P61,12	3371	3371
P96,11	3372	3372
P182,1	3373	3373
P193,1	3374	3374
P183,1	3375	3375
P81,1	3376	3376
P86,11	3377	3377
P93,10	3378	3378
P135,11	3379	3379
P32,1	3380	3380
P52,1	3381	3381
P131,11	3382	3382
P68,12	3383	3383
P118,9	3384	3384
P85,11	3385	3385
P194,1	3386	3386
P124,10	3387	3387
P168,1	3388	3388
P71,11	3389	3389
P54,12	3390	3390
P89,13	3391	3391
P125,1	3392	3392
P143,1	3393	3393
P92,1	3394	3394
P40,12	3395	3395
P200,1	3396	3396
P146,1	3397	3397
P27,1	3398	3398
P8,15	3399	3399
P15,2	3400	3400
P192,1	3401	3401
P181,1	3402	3402
P166,10	3403	3403
P35,11	3404	3404
P84,12	3405	3405
P38,1	3406	3406
P176,9	3407	3407
P160,9	3408	3408
P189,1	3409	3409
P3,1	3410	3410
P24,1	3411	3411
P57,11	3412	3412
P195,1	3413	3413
P140,13	3414	3414
P98,11	3415	3415
P107,12	3416	3416
P150,10	3417	3417
P14,13	3418	3418
P112,11	3419	3419
P137,1	3420	3420
P190,1	3421	3421
P61,12	3422	3422
P96,11	3423	3423
P182,1	3424	3424
P193,1	3425	3425
P94,12	3426	3426
P188,1	3427	3427
P55,12	3428	3428
P115,1	3429	3429
P135,11	3430	3430
P102,11	3431	3431
P52,1	3432	3432
P131,11	3433	3433
P155,1	3434	3434
P59,13	3435	3435
P76,11	3436	3436
P184,1	3437	3437
P159,9	3438	3438
P179,8	3439	3439
P108,12	3440	3440
P54,12	3441	3441
P89,13	3442	3442
P125,1	3443	3443
P143,1	3444	3444
P92,1	3445	3445
P133,11	3446	3446
P69,1	3447	3447
P139,9	3448	3448
P197,1	3449	3449
P126,10	3450	3450
P15,2	3451	3451
P192,1	3452	3452
P111,12	3453	3453
P158,9	3454	3454
P175,1	3455	3455
P186,1	3456	3456
P142,11	3457	3457
P132,9	3458	3458
P3,1	3459	3459
P68,13	3460	3460
P163,10	3461	3461
P57,11	3462	3462
P195,1	3463	3463
P140,13	3464	3464
P58,12	3465	3465
P107,12	3466	3466
P150,10	3467	3467
P93,11	3468	3468
P145,10	3469	3469
P112,11	3470	3470
P137,1	3471	3471
P190,1	3472	3472
P198,1	3473	3473
P182,1	3474	3474
P193,1	3475	3475
P94,12	3476	3476
P188,1	3477	3477
P35,12	3478	3478
P115,1	3479	3479
P49,14	3480	3480
P32,1	3481	3481
P199,1	3482	3482
P131,11	3483	3483
P155,1	3484	3484
P76,11	3485	3485
P138,10	3486	3486
P194,1	3487	3487
P43,1	3488	3488
P168,1	3489	3489
P84,13	3490	3490
P89,13	3491	3491
P125,1	3492	3492
P143,1	3493	3493
P92,1	3494	3494
P61,13	3495	3495
P40,12	3496	3496
P200,1	3497	3497
P146,1	3498	3498
P197,1	3499	3499
P96,12	3500	3500
P191,1	3501	3501
P64,10	3502	3502
P181,1	3503	3503
P166,10	3504	3504
P135,12	3505	3505
P38,1	3506	3506
P176,9	3507	3507
P160,9	3508	3508
P189,1	3509	3509
P162,1	3510	3510
P24,1	3511	3511
P129,11	3512	3512
P103,1	3513	3513
P63,1	3514	3514
P58,12	3515	3515
P171,11	3516	3516
P150,10	3517	3517
P93,11	3518	3518
P145,10	3519	3519
P112,11	3520	3520
P180,1	3521	3521
P190,1	3522	3522
P198,1	3523	3523
P73,1	3524	3524
P185,1	3525	3525
P94,12	3526	3526
P188,1	3527	3527
P35,12	3528	3528
P115,1	3529	3529
P102,11	3530	3530
P32,1	3531	3531
P199,1	3532	3532
P147,11	3533	3533
P83,1	3534	3534
P107,13	3535	3535
P85,11	3536	3536
P194,1	3537	3537
P43,1	3538	3538
P168,1	3539	3539
P84,13	3540	3540
P39,11	3541	3541
P1,1	3542	3542
P196,1	3543	3543
P33,1	3544	3544
P133,11	3545	3545
P69,1	3546	3546
P139,9	3547	3547
P98,12	3548	3548
P27,1	3549	3549
P15,2	3550	3550
P191,1	3551	3551
P111,12	3552	3552
P158,9	3553	3553
P86,12	3554	3554
P175,1	3555	3555
P186,1	3556	3556
P132,9	3557	3557
P3,1	3558	3558
P68,13	3559	3559
P103,1	3560	3560
P63,1	3561	3561
P187,1	3562	3562
P108,13	3563	3563
P93,11	3564	3564
P137,1	3565	3565
P118,10	3566	3566
P105,1	3567	3567
P182,1	3568	3568
P193,1	3569	3569
P71,12	3570	3570
P188,1	3571	3571
P35,12	3572	3572
P176,10	3573	3573
P152,1	3574	3574
P64,11	3575	3575
P102,11	3576	3576
P32,1	3577	3577
P160,10	3578	3578
P199,1	3579	3579
P83,1	3580	3580
P76,11	3581	3581
P184,1	3582	3582
P53,12	3583	3583
P179,8	3584	3584
P172,9	3585	3585
P84,13	3586	3586
P125,1	3587	3587
P1,1	3588	3588
P196,1	3589	3589
P33,1	3590	3590
P133,11	3591	3591
P200,1	3592	3592
P146,1	3593	3593
P197,1	3594	3594
P27,1	3595	3595
P15,2	3596	3596
P191,1	3597	3597
P111,12	3598	3598
P14,14	3599	3599
P158,9	3600	3600
P86,12	3601	3601
P175,1	3602	3602
P186,1	3603	3603
P132,9	3604	3604
P3,1	3605	3605
P68,13	3606	3606
P103,1	3607	3607
P39,12	3608	3608
P187,1	3609	3609
P94,13	3610	3610
P108,13	3611	3611
P89,14	3612	3612
P137,1	3613	3613
P118,10	3614	3614
P105,1	3615	3615
P182,1	3616	3616
P193,1	3617	3617
P71,12	3618	3618
P107,14	3619	3619
P81,1	3620	3620
P115,1	3621	3621
P54,13	3622	3622
P91,11	3623	3623
P52,1	3624	3624
P131,11	3625	3625
P155,1	3626	3626
P184,1	3627	3627
P140,14	3628	3628
P43,1	3629	3629
P96,13	3630	3630
P84,13	3631	3631
P125,1	3632	3632
P1,1	3633	3633
P196,1	3634	3634
P163,12	3635	3635
P61,13	3636	3636
P69,1	3637	3637
P139,9	3638	3638
P98,12	3639	3639
P112,12	3640	3640
P58,13	3641	3641
P55,13	3642	3642
P192,1	3643	3643
P181,1	3644	3644
P147,12	3645	3645
P85,12	3646	3646
P158,9	3647	3647
P102,12	3648	3648
P86,12	3649	3649
P175,1	3650	3650
P35,13	3651	3651
P132,9	3652	3652
P3,1	3653	3653
P24,1	3654	3654
P195,1	3655	3655
P39,12	3656	3656
P187,1	3657	3657
P178,11	3658	3658
P51,1	3659	3659
P93,11	3660	3660
P137,1	3661	3661
P118,10	3662	3662
P105,1	3663	3663
P182,1	3664	3664
P76,12	3665	3665
P185,1	3666	3666
P183,1	3667	3667
P188,1	3668	3668
P126,11	3669	3669
P152,1	3670	3670
P64,11	3671	3671
P52,1	3672	3672
P83,1	3673	3673
P40,13	3674	3674
P194,1	3675	3675
P53,12	3676	3676
P168,1	3677	3677
P172,9	3678	3678
P125,1	3679	3679
P1,1	3680	3680
P196,1	3681	3681
P163,12	3682	3682
P61,13	3683	3683
P69,1	3684	3684
P146,1	3685	3685
P197,1	3686	3686
P27,1	3687	3687
P15,2	3688	3688
P191,1	3689	3689
P111,12	3690	3690
P14,14	3691	3691
P145,11	3692	3692
P179,9	3693	3693
P102,12	3694	3694
P135,12	3695	3695
P38,1	3696	3696
P186,1	3697	3697
P3,1	3698	3698
P24,1	3699	3699
P195,1	3700	3700
P39,12	3701	3701
P187,1	3702	3702
P108,13	3703	3703
P89,14	3704	3704
P137,1	3705	3705
P190,1	3706	3706
P198,1	3707	3707
P182,1	3708	3708
P76,12	3709	3709
P185,1	3710	3710
P183,1	3711	3711
P188,1	3712	3712
P126,11	3713	3713
P152,1	3714	3714
P158,10	3715	3715
P32,1	3716	3716
P199,1	3717	3717
P83,1	3718	3718
P40,13	3719	3719
P194,1	3720	3720
P159,11	3721	3721
P43,1	3722	3722
P172,9	3723	3723
P124,12	3724	3724
P143,1	3725	3725
P92,1	3726	3726
P33,1	3727	3727
P69,1	3728	3728
P146,1	3729	3729
P112,12	3730	3730
P15,2	3731	3731
P191,1	3732	3732
P181,1	3733	3733
P145,11	3734	3734
P91,12	3735	3735
P160,11	3736	3736
P175,1	3737	3737
P35,13	3738	3738
P189,1	3739	3739
P162,1	3740	3740
P24,1	3741	3741
P118,11	3742	3742
P176,11	3743	3743
P63,1	3744	3744
P178,11	3745	3745
P51,1	3746	3746
P129,13	3747	3747
P180,1	3748	3748
P105,1	3749	3749
P86,13	3750	3750
P73,1	3751	3751
P193,1	3752	3752
P185,1	3753	3753
P183,1	3754	3754
P188,1	3755	3755
P115,1	3756	3756
P85,13	3757	3757
P64,11	3758	3758
P32,1	3759	3759
P96,14	3760	3760
P139,10	3761	3761
P155,1	3762	3762
P184,1	3763	3763
P194,1	3764	3764
P159,11	3765	3765
P168,1	3766	3766
P125,1	3767	3767
P1,1	3768	3768
P143,1	3769	3769
P92,1	3770	3770
P69,1	3771	3771
P146,1	3772	3772
P112,12	3773	3773
P15,2	3774	3774
P192,1	3775	3775
P145,11	3776	3776
P91,12	3777	3777
P126,12	3778	3778
P38,1	3779	3779
P186,1	3780	3780
P3,1	3781	3781
P107,15	3782	3782
P103,1	3783	3783
P39,12	3784	3784
P187,1	3785	3785
P89,14	3786	3786
P137,1	3787	3787
P190,1	3788	3788
P198,1	3789	3789
P73,1	3790	3790
P160,12	3791	3791
P58,14	3792	3792
P183,1	3793	3793
P188,1	3794	3794
P115,1	3795	3795
P85,13	3796	3796
P163,13	3797	3797
P133,12	3798	3798
P52,1	3799	3799
P199,1	3800	3800
P147,13	3801	3801
P155,1	3802	3802
P184,1	3803	3803
P194,1	3804	3804
P176,12	3805	3805
P43,1	3806	3806
P125,1	3807	3807
P1,1	3808	3808
P143,1	3809	3809
P92,1	3810	3810
P71,13	3811	3811
P200,1	3812	3812
P197,1	3813	3813
P15,2	3814	3814
P192,1	3815	3815
P145,11	3816	3816
P102,12	3817	3817
P175,1	3818	3818
P35,13	3819	3819
P186,1	3820	3820
P3,1	3821	3821
P172,10	3822	3822
P103,1	3823	3823
P39,12	3824	3824
P187,1	3825	3825
P89,14	3826	3826
P180,1	3827	3827
P105,1	3828	3828
P182,1	3829	3829
P160,12	3830	3830
P58,14	3831	3831
P183,1	3832	3832
P188,1	3833	3833
P115,1	3834	3834
P158,10	3835	3835
P133,12	3836	3836
P52,1	3837	3837
P199,1	3838	3838
P155,1	3839	3839
P184,1	3840	3840
P194,1	3841	3841
P179,10	3842	3842
P159,11	3843	3843
P168,1	3844	3844
P86,14	3845	3845
P111,13	3846	3846
P143,1	3847	3847
P92,1	3848	3848
P71,13	3849	3849
P200,1	3850	3850
P197,1	3851	3851
P15,2	3852	3852
P192,1	3853	3853
P145,11	3854	3854
P102,12	3855	3855
P175,1	3856	3856
P35,13	3857	3857
P186,1	3858	3858
P3,1	3859	3859
P24,1	3860	3860
P103,1	3861	3861
P63,1	3862	3862
P51,1	3863	3863
P137,1	3864	3864
P190,1	3865	3865
P198,1	3866	3866
P73,1	3867	3867
P193,1	3868	3868
P185,1	3869	3869
P188,1	3870	3870
P115,1	3871	3871
P147,14	3872	3872
P163,13	3873	3873
P32,1	3874	3874
P96,14	3875	3875
P83,1	3876	3876
P184,1	3877	3877
P194,1	3878	3878
P159,11	3879	3879
P168,1	3880	3880
P86,14	3881	3881
P111,13	3882	3882
P143,1	3883	3883
P172,11	3884	3884
P33,1	3885	3885
P69,1	3886	3886
P146,1	3887	3887
P27,1	3888	3888
P191,1	3889	3889
P181,1	3890	3890
P175,1	3891	3891
P118,12	3892	3892
P189,1	3893	3893
P162,1	3894	3894
P76,13	3895	3895
P195,1	3896	3896
P187,1	3897	3897
P137,1	3898	3898
P190,1	3899	3899
P198,1	3900	3900
P73,1	3901	3901
P193,1	3902	3902
P185,1	3903	3903
P188,1	3904	3904
P115,1	3905	3905
P132,11	3906	3906
P147,14	3907	3907
P32,1	3908	3908
P96,14	3909	3909
P83,1	3910	3910
P184,1	3911	3911
P145,12	3912	3912
P176,12	3913	3913
P168,1	3914	3914
P86,14	3915	3915
P111,13	3916	3916
P143,1	3917	3917
P172,11	3918	3918
P33,1	3919	3919
P69,1	3920	3920
P146,1	3921	3921
P27,1	3922	3922
P191,1	3923	3923
P53,15	3924	3924
P91,13	3925	3925
P38,1	3926	3926
P118,12	3927	3927
P189,1	3928	3928
P162,1	3929	3929
P76,13	3930	3930
P195,1	3931	3931
P187,1	3932	3932
P137,1	3933	3933
P158,11	3934	3934
P105,1	3935	3935
P182,1	3936	3936
P193,1	3937	3937
P185,1	3938	3938
P188,1	3939	3939
P115,1	3940	3940
P132,11	3941	3941
P163,13	3942	3942
P52,1	3943	3943
P96,14	3944	3944
P83,1	3945	3945
P98,14	3946	3946
P179,11	3947	3947
P194,1	3948	3948
P43,1	3949	3949
P125,1	3950	3950
P111,13	3951	3951
P143,1	3952	3952
P172,11	3953	3953
P33,1	3954	3954
P69,1	3955	3955
P146,1	3956	3956
P27,1	3957	3957
P191,1	3958	3958
P53,15	3959	3959
P91,13	3960	3960
P160,13	3961	3961
P186,1	3962	3962
P3,1	3963	3963
P24,1	3964	3964
P103,1	3965	3965
P63,1	3966	3966
P51,1	3967	3967
P180,1	3968	3968
P190,1	3969	3969
P198,1	3970	3970
P73,1	3971	3971
P86,15	3972	3972
P183,1	3973	3973
P81,1	3974	3974
P152,1	3975	3975
P132,11	3976	3976
P163,13	3977	3977
P52,1	3978	3978
P199,1	3979	3979
P155,1	3980	3980
P184,1	3981	3981
P145,12	3982	3982
P176,12	3983	3983
P43,1	3984	3984
P125,1	3985	3985
P143,1	3986	3986
P172,11	3987	3987
P33,1	3988	3988
P200,1	3989	3989
P197,1	3990	3990
P15,2	3991	3991
P192,1	3992	3992
P175,1	3993	3993
P38,1	3994	3994
P189,1	3995	3995
P3,1	3996	3996
P24,1	3997	3997
P195,1	3998	3998
P187,1	3999	3999
P137,1	4000	4000
P158,11	4001	4001
P105,1	4002	4002
P182,1	4003	4003
P193,1	4004	4004
P185,1	4005	4005
P188,1	4006	4006
P115,1	4007	4007
P132,11	4008	4008
P52,1	4009	4009
P83,1	4010	4010
P155,1	4011	4011
P184,1	4012	4012
P145,12	4013	4013
P102,14	4014	4014
P168,1	4015	4015
P1,1	4016	4016
P196,1	4017	4017
P92,1	4018	4018
P69,1	4019	4019
P146,1	4020	4020
P27,1	4021	4021
P191,1	4022	4022
P192,1	4023	4023
P175,1	4024	4024
P38,1	4025	4025
P189,1	4026	4026
P162,1	4027	4027
P103,1	4028	4028
P63,1	4029	4029
P51,1	4030	4030
P180,1	4031	4031
P158,11	4032	4032
P105,1	4033	4033
P182,1	4034	4034
P193,1	4035	4035
P185,1	4036	4036
P188,1	4037	4037
P115,1	4038	4038
P163,14	4039	4039
P52,1	4040	4040
P83,1	4041	4041
P155,1	4042	4042
P184,1	4043	4043
P145,12	4044	4044
P102,14	4045	4045
P168,1	4046	4046
P1,1	4047	4047
P196,1	4048	4048
P92,1	4049	4049
P69,1	4050	4050
P176,13	4051	4051
P197,1	4052	4052
P15,2	4053	4053
P118,14	4054	4054
P181,1	4055	4055
P160,13	4056	4056
P186,1	4057	4057
P3,1	4058	4058
P24,1	4059	4059
P195,1	4060	4060
P187,1	4061	4061
P137,1	4062	4062
P76,14	4063	4063
P190,1	4064	4064
P105,1	4065	4065
P182,1	4066	4066
P193,1	4067	4067
P183,1	4068	4068
P81,1	4069	4069
P152,1	4070	4070
P52,1	4071	4071
P83,1	4072	4072
P71,15	4073	4073
P184,1	4074	4074
P145,12	4075	4075
P102,14	4076	4076
P168,1	4077	4077
P1,1	4078	4078
P196,1	4079	4079
P33,1	4080	4080
P200,1	4081	4081
P146,1	4082	4082
P27,1	4083	4083
P191,1	4084	4084
P192,1	4085	4085
P175,1	4086	4086
P38,1	4087	4087
P189,1	4088	4088
P162,1	4089	4089
P103,1	4090	4090
P63,1	4091	4091
P187,1	4092	4092
P137,1	4093	4093
P158,11	4094	4094
P190,1	4095	4095
P105,1	4096	4096
P182,1	4097	4097
P193,1	4098	4098
P183,1	4099	4099
P81,1	4100	4100
P152,1	4101	4101
P172,12	4102	4102
P199,1	4103	4103
P71,15	4104	4104
P184,1	4105	4105
P43,1	4106	4106
P125,1	4107	4107
P143,1	4108	4108
P92,1	4109	4109
P200,1	4110	4110
P146,1	4111	4111
P27,1	4112	4112
P191,1	4113	4113
P192,1	4114	4114
P175,1	4115	4115
P38,1	4116	4116
P189,1	4117	4117
P24,1	4118	4118
P195,1	4119	4119
P98,15	4120	4120
P187,1	4121	4121
P137,1	4122	4122
P163,15	4123	4123
P132,12	4124	4124
P105,1	4125	4125
P182,1	4126	4126
P193,1	4127	4127
P183,1	4128	4128
P81,1	4129	4129
P152,1	4130	4130
P172,12	4131	4131
P199,1	4132	4132
P71,15	4133	4133
P184,1	4134	4134
P43,1	4135	4135
P125,1	4136	4136
P143,1	4137	4137
P92,1	4138	4138
P200,1	4139	4139
P102,15	4140	4140
P197,1	4141	4141
P15,2	4142	4142
P118,14	4143	4143
P192,1	4144	4144
P175,1	4145	4145
P186,1	4146	4146
P189,1	4147	4147
P24,1	4148	4148
P195,1	4149	4149
P98,15	4150	4150
P187,1	4151	4151
P180,1	4152	4152
P190,1	4153	4153
P51,2	4154	4154
P198,1	4155	4155
P73,1	4156	4156
P185,1	4157	4157
P188,1	4158	4158
P115,1	4159	4159
P32,1	4160	4160
P52,1	4161	4161
P155,1	4162	4162
P194,1	4163	4163
P168,1	4164	4164
P1,1	4165	4165
P196,1	4166	4166
P69,1	4167	4167
P176,13	4168	4168
P146,1	4169	4169
P27,1	4170	4170
P191,1	4171	4171
P179,12	4172	4172
P181,1	4173	4173
P38,1	4174	4174
P189,1	4175	4175
P24,1	4176	4176
P195,1	4177	4177
P160,14	4178	4178
P3,2	4179	4179
P137,1	4180	4180
P163,15	4181	4181
P145,13	4182	4182
P105,1	4183	4183
P182,1	4184	4184
P193,1	4185	4185
P183,1	4186	4186
P81,1	4187	4187
P152,1	4188	4188
P52,1	4189	4189
P158,13	4190	4190
P184,1	4191	4191
P43,1	4192	4192
P125,1	4193	4193
P143,1	4194	4194
P92,1	4195	4195
P200,1	4196	4196
P102,15	4197	4197
P197,1	4198	4198
P15,2	4199	4199
P179,12	4200	4200
P181,1	4201	4201
P38,1	4202	4202
P189,1	4203	4203
P24,1	4204	4204
P195,1	4205	4205
P160,14	4206	4206
P187,1	4207	4207
P180,1	4208	4208
P190,1	4209	4209
P51,2	4210	4210
P198,1	4211	4211
P73,1	4212	4212
P185,1	4213	4213
P188,1	4214	4214
P115,1	4215	4215
P32,1	4216	4216
P199,1	4217	4217
P155,1	4218	4218
P194,1	4219	4219
P168,1	4220	4220
P1,1	4221	4221
P196,1	4222	4222
P69,1	4223	4223
P102,15	4224	4224
P197,1	4225	4225
P15,2	4226	4226
P179,12	4227	4227
P181,1	4228	4228
P38,1	4229	4229
P189,1	4230	4230
P24,1	4231	4231
P195,1	4232	4232
P160,14	4233	4233
P187,1	4234	4234
P180,1	4235	4235
P145,13	4236	4236
P105,1	4237	4237
P182,1	4238	4238
P193,1	4239	4239
P183,1	4240	4240
P81,1	4241	4241
P152,1	4242	4242
P52,1	4243	4243
P155,1	4244	4244
P194,1	4245	4245
P168,1	4246	4246
P176,14	4247	4247
P196,1	4248	4248
P1,2	4249	4249
P200,1	4250	4250
P146,1	4251	4251
P27,1	4252	4252
P191,1	4253	4253
P192,1	4254	4254
P175,1	4255	4255
P186,1	4256	4256
P162,1	4257	4257
P103,1	4258	4258
P63,1	4259	4259
P187,1	4260	4260
P180,1	4261	4261
P145,13	4262	4262
P105,1	4263	4263
P182,1	4264	4264
P193,1	4265	4265
P183,1	4266	4266
P158,14	4267	4267
P115,1	4268	4268
P32,1	4269	4269
P199,1	4270	4270
P184,1	4271	4271
P43,1	4272	4272
P125,1	4273	4273
P143,1	4274	4274
P92,1	4275	4275
P69,1	4276	4276
P102,15	4277	4277
P197,1	4278	4278
P15,2	4279	4279
P192,1	4280	4280
P175,1	4281	4281
P186,1	4282	4282
P162,1	4283	4283
P103,1	4284	4284
P63,1	4285	4285
P187,1	4286	4286
P180,1	4287	4287
P51,2	4288	4288
P198,1	4289	4289
P73,1	4290	4290
P185,1	4291	4291
P188,1	4292	4292
P81,1	4293	4293
P152,1	4294	4294
P52,1	4295	4295
P155,1	4296	4296
P194,1	4297	4297
P168,1	4298	4298
P176,14	4299	4299
P196,1	4300	4300
P1,2	4301	4301
P200,1	4302	4302
P197,1	4303	4303
P15,2	4304	4304
P192,1	4305	4305
P175,1	4306	4306
P186,1	4307	4307
P162,1	4308	4308
P103,1	4309	4309
P63,1	4310	4310
P187,1	4311	4311
P180,1	4312	4312
P51,2	4313	4313
P198,1	4314	4314
P73,1	4315	4315
P179,13	4316	4316
P183,1	4317	4317
P158,14	4318	4318
P115,1	4319	4319
P32,1	4320	4320
P199,1	4321	4321
P184,1	4322	4322
P43,1	4323	4323
P125,1	4324	4324
P143,1	4325	4325
P92,1	4326	4326
P69,1	4327	4327
P146,1	4328	4328
P27,1	4329	4329
P191,1	4330	4330
P181,1	4331	4331
P38,1	4332	4332
P189,1	4333	4333
P24,1	4334	4334
P195,1	4335	4335
P3,2	4336	4336
P137,1	4337	4337
P190,1	4338	4338
P105,1	4339	4339
P182,1	4340	4340
P193,1	4341	4341
P183,1	4342	4342
P158,14	4343	4343
P115,1	4344	4344
P32,1	4345	4345
P199,1	4346	4346
P184,1	4347	4347
P43,1	4348	4348
P125,1	4349	4349
P143,1	4350	4350
P92,1	4351	4351
P69,1	4352	4352
P146,1	4353	4353
P27,1	4354	4354
P191,1	4355	4355
P181,1	4356	4356
P179,14	4357	4357
P186,1	4358	4358
P162,1	4359	4359
P103,1	4360	4360
P63,1	4361	4361
P187,1	4362	4362
P180,1	4363	4363
P51,2	4364	4364
P198,1	4365	4365
P73,1	4366	4366
P185,1	4367	4367
P188,1	4368	4368
P115,1	4369	4369
P32,1	4370	4370
P199,1	4371	4371
P184,1	4372	4372
P43,1	4373	4373
P125,1	4374	4374
P196,1	4375	4375
P1,2	4376	4376
P200,1	4377	4377
P197,1	4378	4378
P15,2	4379	4379
P192,1	4380	4380
P175,1	4381	4381
P38,1	4382	4382
P189,1	4383	4383
P24,1	4384	4384
P195,1	4385	4385
P3,2	4386	4386
P137,1	4387	4387
P190,1	4388	4388
P105,1	4389	4389
P182,1	4390	4390
P193,1	4391	4391
P183,1	4392	4392
P81,1	4393	4393
P152,1	4394	4394
P52,1	4395	4395
P199,1	4396	4396
P184,1	4397	4397
P43,1	4398	4398
P125,1	4399	4399
P196,1	4400	4400
P1,2	4401	4401
P200,1	4402	4402
P197,1	4403	4403
P15,2	4404	4404
P192,1	4405	4405
P175,1	4406	4406
P38,1	4407	4407
P189,1	4408	4408
P24,1	4409	4409
P195,1	4410	4410
P3,2	4411	4411
P137,1	4412	4412
P190,1	4413	4413
P105,1	4414	4414
P182,1	4415	4415
P193,1	4416	4416
P183,1	4417	4417
P81,1	4418	4418
P152,1	4419	4419
P52,1	4420	4420
P199,1	4421	4421
P184,1	4422	4422
P43,1	4423	4423
P125,1	4424	4424
P196,1	4425	4425
P1,2	4426	4426
P200,1	4427	4427
P197,1	4428	4428
P15,2	4429	4429
P192,1	4430	4430
P175,1	4431	4431
P38,1	4432	4432
P189,1	4433	4433
P24,1	4434	4434
P195,1	4435	4435
P3,2	4436	4436
P137,1	4437	4437
P190,1	4438	4438
P105,1	4439	4439
P182,1	4440	4440
P193,1	4441	4441
P183,1	4442	4442
P81,1	4443	4443
P152,1	4444	4444
P52,1	4445	4445
P199,1	4446	4446
P194,1	4447	4447
P168,1	4448	4448
P143,1	4449	4449
P92,1	4450	4450
P69,1	4451	4451
P146,1	4452	4452
P197,1	4453	4453
P15,2	4454	4454
P192,1	4455	4455
P175,1	4456	4456
P38,1	4457	4457
P189,1	4458	4458
P24,1	4459	4459
P195,1	4460	4460
P3,2	4461	4461
P137,1	4462	4462
P190,1	4463	4463
P105,1	4464	4464
P182,1	4465	4465
P193,1	4466	4466
P183,1	4467	4467
P81,1	4468	4468
P152,1	4469	4469
P52,1	4470	4470
P155,1	4471	4471
P43,1	4472	4472
P125,1	4473	4473
P196,1	4474	4474
P1,2	4475	4475
P200,1	4476	4476
P184,2	4477	4477
P27,1	4478	4478
P191,1	4479	4479
P181,1	4480	4480
P179,14	4481	4481
P186,1	4482	4482
P162,1	4483	4483
P103,1	4484	4484
P63,1	4485	4485
P187,1	4486	4486
P180,1	4487	4487
P51,2	4488	4488
P198,1	4489	4489
P73,1	4490	4490
P185,1	4491	4491
P188,1	4492	4492
P115,1	4493	4493
P32,1	4494	4494
P199,1	4495	4495
P194,1	4496	4496
P168,1	4497	4497
P143,1	4498	4498
P92,1	4499	4499
P69,1	4500	4500
P146,1	4501	4501
P197,1	4502	4502
P15,2	4503	4503
P192,1	4504	4504
P175,1	4505	4505
P186,1	4506	4506
P162,1	4507	4507
P103,1	4508	4508
P63,1	4509	4509
P187,1	4510	4510
P180,1	4511	4511
P51,2	4512	4512
P198,1	4513	4513
P73,1	4514	4514
P185,1	4515	4515
P188,1	4516	4516
P115,1	4517	4517
P32,1	4518	4518
P199,1	4519	4519
P194,1	4520	4520
P168,1	4521	4521
P143,1	4522	4522
P92,1	4523	4523
P69,1	4524	4524
P146,1	4525	4525
P197,1	4526	4526
P15,2	4527	4527
P192,1	4528	4528
P175,1	4529	4529
P186,1	4530	4530
P162,1	4531	4531
P103,1	4532	4532
P63,1	4533	4533
P187,1	4534	4534
P180,1	4535	4535
P51,2	4536	4536
P198,1	4537	4537
P73,1	4538	4538
P179,15	4539	4539
P183,1	4540	4540
P81,1	4541	4541
P152,1	4542	4542
P52,1	4543	4543
P155,1	4544	4544
P43,1	4545	4545
P125,1	4546	4546
P196,1	4547	4547
P1,2	4548	4548
P200,1	4549	4549
P184,2	4550	4550
P27,1	4551	4551
P191,1	4552	4552
P181,1	4553	4553
P38,1	4554	4554
P189,1	4555	4555
P24,1	4556	4556
P195,1	4557	4557
P3,2	4558	4558
P137,1	4559	4559
P190,1	4560	4560
P105,1	4561	4561
P182,1	4562	4562
P193,1	4563	4563
P185,1	4564	4564
P188,1	4565	4565
P115,1	4566	4566
P32,1	4567	4567
P199,1	4568	4568
P194,1	4569	4569
P168,1	4570	4570
P143,1	4571	4571
P92,1	4572	4572
P69,1	4573	4573
P146,1	4574	4574
P197,1	4575	4575
P15,2	4576	4576
P192,1	4577	4577
P175,1	4578	4578
P186,1	4579	4579
P162,1	4580	4580
P103,1	4581	4581
P63,1	4582	4582
P137,1	4583	4583
P190,1	4584	4584
P105,1	4585	4585
P182,1	4586	4586
P193,1	4587	4587
P187,2	4588	4588
P183,1	4589	4589
P81,1	4590	4590
P152,1	4591	4591
P52,1	4592	4592
P155,1	4593	4593
P43,1	4594	4594
P125,1	4595	4595
P92,1	4596	4596
P69,1	4597	4597
P143,2	4598	4598
P184,2	4599	4599
P27,1	4600	4600
P191,1	4601	4601
P181,1	4602	4602
P38,1	4603	4603
P189,1	4604	4604
P24,1	4605	4605
P195,1	4606	4606
P3,2	4607	4607
P180,1	4608	4608
P51,2	4609	4609
P198,1	4610	4610
P73,1	4611	4611
P187,2	4612	4612
P183,1	4613	4613
P81,1	4614	4614
P152,1	4615	4615
P52,1	4616	4616
P155,1	4617	4617
P43,1	4618	4618
P125,1	4619	4619
P92,1	4620	4620
P69,1	4621	4621
P143,2	4622	4622
P184,2	4623	4623
P27,1	4624	4624
P191,1	4625	4625
P181,1	4626	4626
P38,1	4627	4627
P189,1	4628	4628
P24,1	4629	4629
P195,1	4630	4630
P3,2	4631	4631
P180,1	4632	4632
P51,2	4633	4633
P198,1	4634	4634
P73,1	4635	4635
P187,2	4636	4636
P183,1	4637	4637
P81,1	4638	4638
P152,1	4639	4639
P52,1	4640	4640
P155,1	4641	4641
P43,1	4642	4642
P125,1	4643	4643
P92,1	4644	4644
P69,1	4645	4645
P143,2	4646	4646
P184,2	4647	4647
P27,1	4648	4648
P191,1	4649	4649
P181,1	4650	4650
P38,1	4651	4651
P189,1	4652	4652
P24,1	4653	4653
P195,1	4654	4654
P3,2	4655	4655
P180,1	4656	4656
P51,2	4657	4657
P198,1	4658	4658
P73,1	4659	4659
P187,2	4660	4660
P183,1	4661	4661
P81,1	4662	4662
P152,1	4663	4663
P52,1	4664	4664
P155,1	4665	4665
P43,1	4666	4666
P125,1	4667	4667
P92,1	4668	4668
P69,1	4669	4669
P143,2	4670	4670
P184,2	4671	4671
P27,1	4672	4672
P191,1	4673	4673
P181,1	4674	4674
P38,1	4675	4675
P189,1	4676	4676
P24,1	4677	4677
P195,1	4678	4678
P137,1	4679	4679
P190,1	4680	4680
P105,1	4681	4681
P182,1	4682	4682
P193,1	4683	4683
P185,1	4684	4684
P188,1	4685	4685
P115,1	4686	4686
P32,1	4687	4687
P199,1	4688	4688
P194,1	4689	4689
P168,1	4690	4690
P196,1	4691	4691
P1,2	4692	4692
P200,1	4693	4693
P146,1	4694	4694
P197,1	4695	4695
P15,2	4696	4696
P192,1	4697	4697
P175,1	4698	4698
P186,1	4699	4699
P162,1	4700	4700
P103,1	4701	4701
P3,2	4702	4702
P180,1	4703	4703
P51,2	4704	4704
P198,1	4705	4705
P73,1	4706	4706
P187,2	4707	4707
P183,1	4708	4708
P81,1	4709	4709
P152,1	4710	4710
P52,1	4711	4711
P155,1	4712	4712
P43,1	4713	4713
P125,1	4714	4714
P92,1	4715	4715
P69,1	4716	4716
P143,2	4717	4717
P184,2	4718	4718
P27,1	4719	4719
P191,1	4720	4720
P181,1	4721	4721
P38,1	4722	4722
P189,1	4723	4723
P24,1	4724	4724
P195,1	4725	4725
P137,1	4726	4726
P190,1	4727	4727
P105,1	4728	4728
P182,1	4729	4729
P193,1	4730	4730
P185,1	4731	4731
P188,1	4732	4732
P115,1	4733	4733
P32,1	4734	4734
P199,1	4735	4735
P194,1	4736	4736
P168,1	4737	4737
P196,1	4738	4738
P1,2	4739	4739
P200,1	4740	4740
P146,1	4741	4741
P197,1	4742	4742
P15,2	4743	4743
P192,1	4744	4744
P175,1	4745	4745
P186,1	4746	4746
P162,1	4747	4747
P103,1	4748	4748
P3,2	4749	4749
P180,1	4750	4750
P51,2	4751	4751
P198,1	4752	4752
P73,1	4753	4753
P187,2	4754	4754
P183,1	4755	4755
P81,1	4756	4756
P152,1	4757	4757
P52,1	4758	4758
P155,1	4759	4759
P43,1	4760	4760
P125,1	4761	4761
P92,1	4762	4762
P69,1	4763	4763
P143,2	4764	4764
P184,2	4765	4765
P27,1	4766	4766
P191,1	4767	4767
P181,1	4768	4768
P186,1	4769	4769
P162,1	4770	4770
P103,1	4771	4771
P3,2	4772	4772
P175,2	4773	4773
P190,1	4774	4774
P105,1	4775	4775
P182,1	4776	4776
P193,1	4777	4777
P185,1	4778	4778
P188,1	4779	4779
P115,1	4780	4780
P32,1	4781	4781
P199,1	4782	4782
P194,1	4783	4783
P125,1	4784	4784
P92,1	4785	4785
P69,1	4786	4786
P143,2	4787	4787
P184,2	4788	4788
P15,2	4789	4789
P192,1	4790	4790
P38,1	4791	4791
P189,1	4792	4792
P24,1	4793	4793
P195,1	4794	4794
P137,1	4795	4795
P180,1	4796	4796
P51,2	4797	4797
P198,1	4798	4798
P73,1	4799	4799
P187,2	4800	4800
P183,1	4801	4801
P81,1	4802	4802
P152,1	4803	4803
P52,1	4804	4804
P155,1	4805	4805
P43,1	4806	4806
P196,1	4807	4807
P1,2	4808	4808
P200,1	4809	4809
P146,1	4810	4810
P197,1	4811	4811
P191,1	4812	4812
P181,1	4813	4813
P186,1	4814	4814
P162,1	4815	4815
P103,1	4816	4816
P3,2	4817	4817
P175,2	4818	4818
P190,1	4819	4819
P105,1	4820	4820
P182,1	4821	4821
P193,1	4822	4822
P185,1	4823	4823
P188,1	4824	4824
P115,1	4825	4825
P32,1	4826	4826
P199,1	4827	4827
P194,1	4828	4828
P125,1	4829	4829
P92,1	4830	4830
P69,1	4831	4831
P143,2	4832	4832
P184,2	4833	4833
P15,2	4834	4834
P192,1	4835	4835
P38,1	4836	4836
P189,1	4837	4837
P24,1	4838	4838
P195,1	4839	4839
P137,1	4840	4840
P180,1	4841	4841
P51,2	4842	4842
P198,1	4843	4843
P73,1	4844	4844
P187,2	4845	4845
P183,1	4846	4846
P81,1	4847	4847
P152,1	4848	4848
P199,1	4849	4849
P194,1	4850	4850
P125,1	4851	4851
P92,1	4852	4852
P69,1	4853	4853
P143,2	4854	4854
P184,2	4855	4855
P15,2	4856	4856
P192,1	4857	4857
P38,1	4858	4858
P189,1	4859	4859
P24,1	4860	4860
P195,1	4861	4861
P137,1	4862	4862
P180,1	4863	4863
P51,2	4864	4864
P198,1	4865	4865
P73,1	4866	4866
P187,2	4867	4867
P188,1	4868	4868
P115,1	4869	4869
P52,1	4870	4870
P155,1	4871	4871
P194,1	4872	4872
P125,1	4873	4873
P92,1	4874	4874
P69,1	4875	4875
P143,2	4876	4876
P184,2	4877	4877
P191,1	4878	4878
P181,1	4879	4879
P186,1	4880	4880
P162,1	4881	4881
P103,1	4882	4882
P195,1	4883	4883
P137,1	4884	4884
P180,1	4885	4885
P51,2	4886	4886
P198,1	4887	4887
P73,1	4888	4888
P187,2	4889	4889
P188,1	4890	4890
P115,1	4891	4891
P52,1	4892	4892
P155,1	4893	4893
P194,1	4894	4894
P125,1	4895	4895
P92,1	4896	4896
P69,1	4897	4897
P143,2	4898	4898
P184,2	4899	4899
P191,1	4900	4900
P181,1	4901	4901
P186,1	4902	4902
P162,1	4903	4903
P103,1	4904	4904
P195,1	4905	4905
P137,1	4906	4906
P180,1	4907	4907
P51,2	4908	4908
P198,1	4909	4909
P73,1	4910	4910
P187,2	4911	4911
P188,1	4912	4912
P115,1	4913	4913
P52,1	4914	4914
P155,1	4915	4915
P194,1	4916	4916
P125,1	4917	4917
P92,1	4918	4918
P69,1	4919	4919
P143,2	4920	4920
P184,2	4921	4921
P191,1	4922	4922
P181,1	4923	4923
P186,1	4924	4924
P162,1	4925	4925
P103,1	4926	4926
P195,1	4927	4927
P137,1	4928	4928
P180,1	4929	4929
P51,2	4930	4930
P198,1	4931	4931
P73,1	4932	4932
P187,2	4933	4933
P188,1	4934	4934
P115,1	4935	4935
P52,1	4936	4936
P155,1	4937	4937
P194,1	4938	4938
P125,1	4939	4939
P92,1	4940	4940
P69,1	4941	4941
P143,2	4942	4942
P184,2	4943	4943
P191,1	4944	4944
P181,1	4945	4945
P186,1	4946	4946
P162,1	4947	4947
P103,1	4948	4948
P195,1	4949	4949
P137,1	4950	4950
P180,1	4951	4951
P51,2	4952	4952
P198,1	4953	4953
P73,1	4954	4954
P187,2	4955	4955
P188,1	4956	4956
P115,1	4957	4957
P52,1	4958	4958
P155,1	4959	4959
P194,1	4960	4960
P125,1	4961	4961
P92,1	4962	4962
P69,1	4963	4963
P143,2	4964	4964
P184,2	4965	4965
P191,1	4966	4966
P181,1	4967	4967
P186,1	4968	4968
P162,1	4969	4969
P103,1	4970	4970
P195,1	4971	4971
P137,1	4972	4972
P180,1	4973	4973
P51,2	4974	4974
P198,1	4975	4975
P73,1	4976	4976
P187,2	4977	4977
P188,1	4978	4978
P115,1	4979	4979
P52,1	4980	4980
P155,1	4981	4981
P194,1	4982	4982
P125,1	4983	4983
P1,2	4984	4984
P200,1	4985	4985
P146,1	4986	4986
P15,2	4987	4987
P192,1	4988	4988
P38,1	4989	4989
P186,1	4990	4990
P162,1	4991	4991
P103,1	4992	4992
P195,1	4993	4993
P137,1	4994	4994
P180,1	4995	4995
P51,2	4996	4996
P198,1	4997	4997
P73,1	4998	4998
P187,2	4999	4999
P188,1	5000	5000
P115,1	5001	5001
P52,1	5002	5002
P155,1	5003	5003
P194,1	5004	5004
P125,1	5005	5005
P1,2	5006	5006
P200,1	5007	5007
P146,1	5008	5008
P15,2	5009	5009
P192,1	5010	5010
P38,1	5011	5011
P186,1	5012	5012
P162,1	5013	5013
P103,1	5014	5014
P195,1	5015	5015
P137,1	5016	5016
P180,1	5017	5017
P51,2	5018	5018
P182,1	5019	5019
P193,1	5020	5020
P183,1	5021	5021
P188,1	5022	5022
P115,1	5023	5023
P52,1	5024	5024
P155,1	5025	5025
P194,1	5026	5026
P125,1	5027	5027
P1,2	5028	5028
P200,1	5029	5029
P146,1	5030	5030
P15,2	5031	5031
P192,1	5032	5032
P38,1	5033	5033
P186,1	5034	5034
P162,1	5035	5035
P103,1	5036	5036
P195,1	5037	5037
P137,1	5038	5038
P180,1	5039	5039
P51,2	5040	5040
P182,1	5041	5041
P193,1	5042	5042
P183,1	5043	5043
P188,1	5044	5044
P115,1	5045	5045
P52,1	5046	5046
P155,1	5047	5047
P194,1	5048	5048
P125,1	5049	5049
P1,2	5050	5050
P200,1	5051	5051
P146,1	5052	5052
P15,2	5053	5053
P192,1	5054	5054
P38,1	5055	5055
P186,1	5056	5056
P162,1	5057	5057
P103,1	5058	5058
P195,1	5059	5059
P137,1	5060	5060
P180,1	5061	5061
P51,2	5062	5062
P73,1	5063	5063
P187,2	5064	5064
P198,2	5065	5065
P81,1	5066	5066
P152,1	5067	5067
P199,1	5068	5068
P185,2	5069	5069
P43,1	5070	5070
P196,1	5071	5071
P69,1	5072	5072
P143,2	5073	5073
P184,2	5074	5074
P191,1	5075	5075
P181,1	5076	5076
P92,2	5077	5077
P189,1	5078	5078
P24,1	5079	5079
P197,2	5080	5080
P3,2	5081	5081
P175,2	5082	5082
P190,1	5083	5083
P182,1	5084	5084
P193,1	5085	5085
P183,1	5086	5086
P188,1	5087	5087
P115,1	5088	5088
P52,1	5089	5089
P155,1	5090	5090
P194,1	5091	5091
P125,1	5092	5092
P1,2	5093	5093
P200,1	5094	5094
P146,1	5095	5095
P15,2	5096	5096
P192,1	5097	5097
P38,1	5098	5098
P186,1	5099	5099
P162,1	5100	5100
P103,1	5101	5101
P195,1	5102	5102
P137,1	5103	5103
P180,1	5104	5104
P51,2	5105	5105
P73,1	5106	5106
P187,2	5107	5107
P198,2	5108	5108
P81,1	5109	5109
P152,1	5110	5110
P199,1	5111	5111
P185,2	5112	5112
P43,1	5113	5113
P196,1	5114	5114
P69,1	5115	5115
P143,2	5116	5116
P184,2	5117	5117
P191,1	5118	5118
P181,1	5119	5119
P92,2	5120	5120
P189,1	5121	5121
P24,1	5122	5122
P197,2	5123	5123
P3,2	5124	5124
P175,2	5125	5125
P190,1	5126	5126
P182,1	5127	5127
P193,1	5128	5128
P183,1	5129	5129
P188,1	5130	5130
P115,1	5131	5131
P52,1	5132	5132
P155,1	5133	5133
P194,1	5134	5134
P125,1	5135	5135
P1,2	5136	5136
P200,1	5137	5137
P146,1	5138	5138
P15,2	5139	5139
P192,1	5140	5140
P38,1	5141	5141
P186,1	5142	5142
P162,1	5143	5143
P103,1	5144	5144
P195,1	5145	5145
P137,1	5146	5146
P180,1	5147	5147
P51,2	5148	5148
P73,1	5149	5149
P187,2	5150	5150
P198,2	5151	5151
P81,1	5152	5152
P152,1	5153	5153
P199,1	5154	5154
P185,2	5155	5155
P43,1	5156	5156
P196,1	5157	5157
P69,1	5158	5158
P143,2	5159	5159
P184,2	5160	5160
P191,1	5161	5161
P181,1	5162	5162
P92,2	5163	5163
P189,1	5164	5164
P24,1	5165	5165
P197,2	5166	5166
P3,2	5167	5167
P175,2	5168	5168
P190,1	5169	5169
P182,1	5170	5170
P193,1	5171	5171
P183,1	5172	5172
P188,1	5173	5173
P115,1	5174	5174
P52,1	5175	5175
P155,1	5176	5176
P194,1	5177	5177
P125,1	5178	5178
P1,2	5179	5179
P200,1	5180	5180
P146,1	5181	5181
P15,2	5182	5182
P192,1	5183	5183
P38,1	5184	5184
P186,1	5185	5185
P162,1	5186	5186
P103,1	5187	5187
P195,1	5188	5188
P137,1	5189	5189
P180,1	5190	5190
P51,2	5191	5191
P73,1	5192	5192
P187,2	5193	5193
P198,2	5194	5194
P81,1	5195	5195
P152,1	5196	5196
P199,1	5197	5197
P185,2	5198	5198
P125,1	5199	5199
P1,2	5200	5200
P200,1	5201	5201
P146,1	5202	5202
P43,2	5203	5203
P191,1	5204	5204
P181,1	5205	5205
P92,2	5206	5206
P189,1	5207	5207
P24,1	5208	5208
P197,2	5209	5209
P3,2	5210	5210
P175,2	5211	5211
P190,1	5212	5212
P182,1	5213	5213
P193,1	5214	5214
P183,1	5215	5215
P188,1	5216	5216
P115,1	5217	5217
P52,1	5218	5218
P155,1	5219	5219
P194,1	5220	5220
P196,1	5221	5221
P69,1	5222	5222
P143,2	5223	5223
P184,2	5224	5224
P15,2	5225	5225
P192,1	5226	5226
P38,1	5227	5227
P186,1	5228	5228
P24,1	5229	5229
P197,2	5230	5230
P162,2	5231	5231
P137,1	5232	5232
P180,1	5233	5233
P51,2	5234	5234
P73,1	5235	5235
P187,2	5236	5236
P198,2	5237	5237
P81,1	5238	5238
P152,1	5239	5239
P199,1	5240	5240
P185,2	5241	5241
P125,1	5242	5242
P1,2	5243	5243
P200,1	5244	5244
P146,1	5245	5245
P43,2	5246	5246
P191,1	5247	5247
P181,1	5248	5248
P92,2	5249	5249
P189,1	5250	5250
P103,1	5251	5251
P195,1	5252	5252
P3,2	5253	5253
P175,2	5254	5254
P190,1	5255	5255
P182,1	5256	5256
P193,1	5257	5257
P183,1	5258	5258
P188,1	5259	5259
P115,1	5260	5260
P52,1	5261	5261
P155,1	5262	5262
P194,1	5263	5263
P196,1	5264	5264
P69,1	5265	5265
P143,2	5266	5266
P184,2	5267	5267
P15,2	5268	5268
P181,1	5269	5269
P92,2	5270	5270
P189,1	5271	5271
P103,1	5272	5272
P195,1	5273	5273
P3,2	5274	5274
P175,2	5275	5275
P190,1	5276	5276
P182,1	5277	5277
P193,1	5278	5278
P183,1	5279	5279
P188,1	5280	5280
P115,1	5281	5281
P52,1	5282	5282
P155,1	5283	5283
P194,1	5284	5284
P196,1	5285	5285
P69,1	5286	5286
P143,2	5287	5287
P184,2	5288	5288
P191,1	5289	5289
P38,1	5290	5290
P186,1	5291	5291
P24,1	5292	5292
P197,2	5293	5293
P162,2	5294	5294
P137,1	5295	5295
P180,1	5296	5296
P51,2	5297	5297
P73,1	5298	5298
P187,2	5299	5299
P198,2	5300	5300
P81,1	5301	5301
P152,1	5302	5302
P199,1	5303	5303
P185,2	5304	5304
P125,1	5305	5305
P1,2	5306	5306
P200,1	5307	5307
P146,1	5308	5308
P43,2	5309	5309
P181,1	5310	5310
P92,2	5311	5311
P189,1	5312	5312
P103,1	5313	5313
P195,1	5314	5314
P3,2	5315	5315
P175,2	5316	5316
P190,1	5317	5317
P182,1	5318	5318
P193,1	5319	5319
P183,1	5320	5320
P188,1	5321	5321
P152,1	5322	5322
P199,1	5323	5323
P185,2	5324	5324
P125,1	5325	5325
P1,2	5326	5326
P200,1	5327	5327
P146,1	5328	5328
P43,2	5329	5329
P181,1	5330	5330
P186,1	5331	5331
P24,1	5332	5332
P197,2	5333	5333
P162,2	5334	5334
P137,1	5335	5335
P180,1	5336	5336
P51,2	5337	5337
P73,1	5338	5338
P187,2	5339	5339
P198,2	5340	5340
P115,1	5341	5341
P52,1	5342	5342
P155,1	5343	5343
P194,1	5344	5344
P196,1	5345	5345
P69,1	5346	5346
P143,2	5347	5347
P184,2	5348	5348
P191,1	5349	5349
P92,2	5350	5350
P189,1	5351	5351
P103,1	5352	5352
P195,1	5353	5353
P3,2	5354	5354
P175,2	5355	5355
P190,1	5356	5356
P182,1	5357	5357
P193,1	5358	5358
P183,1	5359	5359
P188,1	5360	5360
P152,1	5361	5361
P199,1	5362	5362
P185,2	5363	5363
P125,1	5364	5364
P1,2	5365	5365
P200,1	5366	5366
P146,1	5367	5367
P43,2	5368	5368
P181,1	5369	5369
P186,1	5370	5370
P24,1	5371	5371
P197,2	5372	5372
P162,2	5373	5373
P137,1	5374	5374
P180,1	5375	5375
P51,2	5376	5376
P73,1	5377	5377
P187,2	5378	5378
P198,2	5379	5379
P115,1	5380	5380
P52,1	5381	5381
P155,1	5382	5382
P194,1	5383	5383
P196,1	5384	5384
P69,1	5385	5385
P143,2	5386	5386
P184,2	5387	5387
P191,1	5388	5388
P92,2	5389	5389
P189,1	5390	5390
P103,1	5391	5391
P195,1	5392	5392
P3,2	5393	5393
P175,2	5394	5394
P190,1	5395	5395
P182,1	5396	5396
P193,1	5397	5397
P183,1	5398	5398
P188,1	5399	5399
P152,1	5400	5400
P199,1	5401	5401
P185,2	5402	5402
P196,1	5403	5403
P69,1	5404	5404
P143,2	5405	5405
P184,2	5406	5406
P191,1	5407	5407
P92,2	5408	5408
P189,1	5409	5409
P103,1	5410	5410
P195,1	5411	5411
P3,2	5412	5412
P175,2	5413	5413
P190,1	5414	5414
P182,1	5415	5415
P193,1	5416	5416
P183,1	5417	5417
P188,1	5418	5418
P152,1	5419	5419
P199,1	5420	5420
P185,2	5421	5421
P196,1	5422	5422
P69,1	5423	5423
P143,2	5424	5424
P184,2	5425	5425
P191,1	5426	5426
P92,2	5427	5427
P189,1	5428	5428
P103,1	5429	5429
P195,1	5430	5430
P3,2	5431	5431
P175,2	5432	5432
P190,1	5433	5433
P182,1	5434	5434
P193,1	5435	5435
P183,1	5436	5436
P188,1	5437	5437
P152,1	5438	5438
P199,1	5439	5439
P185,2	5440	5440
P196,1	5441	5441
P69,1	5442	5442
P143,2	5443	5443
P184,2	5444	5444
P191,1	5445	5445
P92,2	5446	5446
P189,1	5447	5447
P103,1	5448	5448
P195,1	5449	5449
P3,2	5450	5450
P175,2	5451	5451
P190,1	5452	5452
P182,1	5453	5453
P193,1	5454	5454
P183,1	5455	5455
P188,1	5456	5456
P152,1	5457	5457
P199,1	5458	5458
P185,2	5459	5459
P196,1	5460	5460
P69,1	5461	5461
P143,2	5462	5462
P184,2	5463	5463
P191,1	5464	5464
P92,2	5465	5465
P189,1	5466	5466
P103,1	5467	5467
P195,1	5468	5468
P3,2	5469	5469
P175,2	5470	5470
P190,1	5471	5471
P182,1	5472	5472
P193,1	5473	5473
P183,1	5474	5474
P188,1	5475	5475
P152,1	5476	5476
P199,1	5477	5477
P185,2	5478	5478
P196,1	5479	5479
P69,1	5480	5480
P143,2	5481	5481
P184,2	5482	5482
P191,1	5483	5483
P92,2	5484	5484
P189,1	5485	5485
P103,1	5486	5486
P195,1	5487	5487
P3,2	5488	5488
P175,2	5489	5489
P190,1	5490	5490
P182,1	5491	5491
P193,1	5492	5492
P183,1	5493	5493
P188,1	5494	5494
P152,1	5495	5495
P199,1	5496	5496
P185,2	5497	5497
P196,1	5498	5498
P69,1	5499	5499
P143,2	5500	5500
P184,2	5501	5501
P191,1	5502	5502
P92,2	5503	5503
P189,1	5504	5504
P103,1	5505	5505
P195,1	5506	5506
P3,2	5507	5507
P175,2	5508	5508
P190,1	5509	5509
P182,1	5510	5510
P193,1	5511	5511
P183,1	5512	5512
P188,1	5513	5513
P152,1	5514	5514
P199,1	5515	5515
P185,2	5516	5516
P196,1	5517	5517
P69,1	5518	5518
P143,2	5519	5519
P184,2	5520	5520
P191,1	5521	5521
P92,2	5522	5522
P189,1	5523	5523
P103,1	5524	5524
P195,1	5525	5525
P3,2	5526	5526
P175,2	5527	5527
P190,1	5528	5528
P182,1	5529	5529
P193,1	5530	5530
P183,1	5531	5531
P188,1	5532	5532
P152,1	5533	5533
P199,1	5534	5534
P185,2	5535	5535
P196,1	5536	5536
P69,1	5537	5537
P143,2	5538	5538
P184,2	5539	5539
P191,1	5540	5540
P92,2	5541	5541
P189,1	5542	5542
P103,1	5543	5543
P195,1	5544	5544
P3,2	5545	5545
P175,2	5546	5546
P190,1	5547	5547
P182,1	5548	5548
P193,1	5549	5549
P183,1	5550	5550
P188,1	5551	5551
P152,1	5552	5552
P199,1	5553	5553
P185,2	5554	5554
P196,1	5555	5555
P69,1	5556	5556
P143,2	5557	5557
P184,2	5558	5558
P191,1	5559	5559
P92,2	5560	5560
P189,1	5561	5561
P103,1	5562	5562
P195,1	5563	5563
P3,2	5564	5564
P175,2	5565	5565
P190,1	5566	5566
P182,1	5567	5567
P193,1	5568	5568
P183,1	5569	5569
P188,1	5570	5570
P152,1	5571	5571
P199,1	5572	5572
P185,2	5573	5573
P196,1	5574	5574
P69,1	5575	5575
P143,2	5576	5576
P184,2	5577	5577
P191,1	5578	5578
P92,2	5579	5579
P189,1	5580	5580
P103,1	5581	5581
P195,1	5582	5582
P3,2	5583	5583
P175,2	5584	5584
P190,1	5585	5585
P182,1	5586	5586
P193,1	5587	5587
P183,1	5588	5588
P188,1	5589	5589
P152,1	5590	5590
P199,1	5591	5591
P185,2	5592	5592
P196,1	5593	5593
P69,1	5594	5594
P143,2	5595	5595
P184,2	5596	5596
P191,1	5597	5597
P92,2	5598	5598
P189,1	5599	5599
P103,1	5600	5600
P195,1	5601	5601
P3,2	5602	5602
P175,2	5603	5603
P190,1	5604	5604
P182,1	5605	5605
P193,1	5606	5606
P183,1	5607	5607
P188,1	5608	5608
P152,1	5609	5609
P199,1	5610	5610
P185,2	5611	5611
P196,1	5612	5612
P69,1	5613	5613
P143,2	5614	5614
P184,2	5615	5615
P191,1	5616	5616
P92,2	5617	5617
P189,1	5618	5618
P103,1	5619	5619
P195,1	5620	5620
P3,2	5621	5621
P175,2	5622	5622
P190,1	5623	5623
P182,1	5624	5624
P193,1	5625	5625
P183,1	5626	5626
P188,1	5627	5627
P152,1	5628	5628
P155,1	5629	5629
P125,1	5630	5630
P1,2	5631	5631
P69,1	5632	5632
P143,2	5633	5633
P184,2	5634	5634
P191,1	5635	5635
P92,2	5636	5636
P189,1	5637	5637
P103,1	5638	5638
P195,1	5639	5639
P3,2	5640	5640
P175,2	5641	5641
P190,1	5642	5642
P182,1	5643	5643
P193,1	5644	5644
P183,1	5645	5645
P188,1	5646	5646
P152,1	5647	5647
P155,1	5648	5648
P125,1	5649	5649
P1,2	5650	5650
P69,1	5651	5651
P143,2	5652	5652
P184,2	5653	5653
P191,1	5654	5654
P92,2	5655	5655
P189,1	5656	5656
P103,1	5657	5657
P195,1	5658	5658
P3,2	5659	5659
P175,2	5660	5660
P190,1	5661	5661
P182,1	5662	5662
P193,1	5663	5663
P183,1	5664	5664
P188,1	5665	5665
P152,1	5666	5666
P155,1	5667	5667
P125,1	5668	5668
P1,2	5669	5669
P69,1	5670	5670
P143,2	5671	5671
P184,2	5672	5672
P191,1	5673	5673
P92,2	5674	5674
P189,1	5675	5675
P103,1	5676	5676
P195,1	5677	5677
P3,2	5678	5678
P175,2	5679	5679
P190,1	5680	5680
P182,1	5681	5681
P193,1	5682	5682
P183,1	5683	5683
P188,1	5684	5684
P152,1	5685	5685
P155,1	5686	5686
P125,1	5687	5687
P1,2	5688	5688
P69,1	5689	5689
P143,2	5690	5690
P184,2	5691	5691
P191,1	5692	5692
P92,2	5693	5693
P189,1	5694	5694
P103,1	5695	5695
P195,1	5696	5696
P3,2	5697	5697
P175,2	5698	5698
P190,1	5699	5699
P182,1	5700	5700
P193,1	5701	5701
P183,1	5702	5702
P188,1	5703	5703
P152,1	5704	5704
P155,1	5705	5705
P125,1	5706	5706
P1,2	5707	5707
P69,1	5708	5708
P143,2	5709	5709
P184,2	5710	5710
P191,1	5711	5711
P92,2	5712	5712
P189,1	5713	5713
P103,1	5714	5714
P195,1	5715	5715
P3,2	5716	5716
P175,2	5717	5717
P190,1	5718	5718
P182,1	5719	5719
P193,1	5720	5720
P183,1	5721	5721
P188,1	5722	5722
P152,1	5723	5723
P155,1	5724	5724
P125,1	5725	5725
P1,2	5726	5726
P69,1	5727	5727
P143,2	5728	5728
P184,2	5729	5729
P191,1	5730	5730
P92,2	5731	5731
P189,1	5732	5732
P103,1	5733	5733
P195,1	5734	5734
P3,2	5735	5735
P175,2	5736	5736
P190,1	5737	5737
P182,1	5738	5738
P193,1	5739	5739
P183,1	5740	5740
P188,1	5741	5741
P152,1	5742	5742
P155,1	5743	5743
P125,1	5744	5744
P1,2	5745	5745
P69,1	5746	5746
P143,2	5747	5747
P184,2	5748	5748
P191,1	5749	5749
P92,2	5750	5750
P189,1	5751	5751
P103,1	5752	5752
P195,1	5753	5753
P3,2	5754	5754
P175,2	5755	5755
P190,1	5756	5756
P182,1	5757	5757
P193,1	5758	5758
P183,1	5759	5759
P188,1	5760	5760
P152,1	5761	5761
P155,1	5762	5762
P125,1	5763	5763
P52,2	5764	5764
P200,1	5765	5765
P146,1	5766	5766
P43,2	5767	5767
P181,1	5768	5768
P186,1	5769	5769
P24,1	5770	5770
P197,2	5771	5771
P162,2	5772	5772
P137,1	5773	5773
P180,1	5774	5774
P51,2	5775	5775
P73,1	5776	5776
P187,2	5777	5777
P198,2	5778	5778
P115,1	5779	5779
P199,1	5780	5780
P185,2	5781	5781
P1,2	5782	5782
P69,1	5783	5783
P143,2	5784	5784
P184,2	5785	5785
P191,1	5786	5786
P92,2	5787	5787
P189,1	5788	5788
P103,1	5789	5789
P195,1	5790	5790
P3,2	5791	5791
P175,2	5792	5792
P190,1	5793	5793
P182,1	5794	5794
P193,1	5795	5795
P183,1	5796	5796
P188,1	5797	5797
P152,1	5798	5798
P155,1	5799	5799
P125,1	5800	5800
P52,2	5801	5801
P200,1	5802	5802
P146,1	5803	5803
P43,2	5804	5804
P181,1	5805	5805
P186,1	5806	5806
P24,1	5807	5807
P197,2	5808	5808
P162,2	5809	5809
P137,1	5810	5810
P180,1	5811	5811
P51,2	5812	5812
P73,1	5813	5813
P187,2	5814	5814
P198,2	5815	5815
P115,1	5816	5816
P199,1	5817	5817
P185,2	5818	5818
P1,2	5819	5819
P69,1	5820	5820
P143,2	5821	5821
P184,2	5822	5822
P191,1	5823	5823
P92,2	5824	5824
P189,1	5825	5825
P103,1	5826	5826
P195,1	5827	5827
P3,2	5828	5828
P175,2	5829	5829
P190,1	5830	5830
P182,1	5831	5831
P193,1	5832	5832
P183,1	5833	5833
P188,1	5834	5834
P152,1	5835	5835
P155,1	5836	5836
P125,1	5837	5837
P52,2	5838	5838
P200,1	5839	5839
P146,1	5840	5840
P43,2	5841	5841
P181,1	5842	5842
P186,1	5843	5843
P24,1	5844	5844
P197,2	5845	5845
P162,2	5846	5846
P137,1	5847	5847
P180,1	5848	5848
P51,2	5849	5849
P73,1	5850	5850
P187,2	5851	5851
P198,2	5852	5852
P115,1	5853	5853
P199,1	5854	5854
P185,2	5855	5855
P1,2	5856	5856
P69,1	5857	5857
P143,2	5858	5858
P184,2	5859	5859
P191,1	5860	5860
P92,2	5861	5861
P189,1	5862	5862
P103,1	5863	5863
P195,1	5864	5864
P3,2	5865	5865
P175,2	5866	5866
P190,1	5867	5867
P182,1	5868	5868
P193,1	5869	5869
P183,1	5870	5870
P188,1	5871	5871
P152,1	5872	5872
P155,1	5873	5873
P125,1	5874	5874
P52,2	5875	5875
P200,1	5876	5876
P146,1	5877	5877
P43,2	5878	5878
P181,1	5879	5879
P186,1	5880	5880
P24,1	5881	5881
P197,2	5882	5882
P162,2	5883	5883
P137,1	5884	5884
P180,1	5885	5885
P51,2	5886	5886
P73,1	5887	5887
P187,2	5888	5888
P198,2	5889	5889
P115,1	5890	5890
P199,1	5891	5891
P185,2	5892	5892
P1,2	5893	5893
P69,1	5894	5894
P143,2	5895	5895
P184,2	5896	5896
P191,1	5897	5897
P92,2	5898	5898
P189,1	5899	5899
P103,1	5900	5900
P195,1	5901	5901
P3,2	5902	5902
P175,2	5903	5903
P190,1	5904	5904
P182,1	5905	5905
P193,1	5906	5906
P183,1	5907	5907
P188,1	5908	5908
P152,1	5909	5909
P155,1	5910	5910
P125,1	5911	5911
P52,2	5912	5912
P200,1	5913	5913
P146,1	5914	5914
P43,2	5915	5915
P181,1	5916	5916
P186,1	5917	5917
P24,1	5918	5918
P197,2	5919	5919
P162,2	5920	5920
P137,1	5921	5921
P180,1	5922	5922
P51,2	5923	5923
P73,1	5924	5924
P187,2	5925	5925
P198,2	5926	5926
P115,1	5927	5927
P199,1	5928	5928
P185,2	5929	5929
P1,2	5930	5930
P69,1	5931	5931
P143,2	5932	5932
P184,2	5933	5933
P191,1	5934	5934
P92,2	5935	5935
P189,1	5936	5936
P103,1	5937	5937
P195,1	5938	5938
P3,2	5939	5939
P175,2	5940	5940
P190,1	5941	5941
P182,1	5942	5942
P193,1	5943	5943
P183,1	5944	5944
P188,1	5945	5945
P152,1	5946	5946
P155,1	5947	5947
P125,1	5948	5948
P52,2	5949	5949
P200,1	5950	5950
P146,1	5951	5951
P43,2	5952	5952
P181,1	5953	5953
P186,1	5954	5954
P24,1	5955	5955
P197,2	5956	5956
P162,2	5957	5957
P137,1	5958	5958
P180,1	5959	5959
P51,2	5960	5960
P73,1	5961	5961
P187,2	5962	5962
P198,2	5963	5963
P115,1	5964	5964
P199,1	5965	5965
P185,2	5966	5966
P1,2	5967	5967
P69,1	5968	5968
P143,2	5969	5969
P184,2	5970	5970
P191,1	5971	5971
P92,2	5972	5972
P189,1	5973	5973
P103,1	5974	5974
P195,1	5975	5975
P137,1	5976	5976
P180,1	5977	5977
P51,2	5978	5978
P73,1	5979	5979
P187,2	5980	5980
P198,2	5981	5981
P115,1	5982	5982
P199,1	5983	5983
P185,2	5984	5984
P1,2	5985	5985
P69,1	5986	5986
P143,2	5987	5987
P184,2	5988	5988
P191,1	5989	5989
P92,2	5990	5990
P189,1	5991	5991
P103,1	5992	5992
P162,2	5993	5993
P175,2	5994	5994
P190,1	5995	5995
P182,1	5996	5996
P193,1	5997	5997
P183,1	5998	5998
P188,1	5999	5999
P152,1	6000	6000
P155,1	6001	6001
P125,1	6002	6002
P52,2	6003	6003
P200,1	6004	6004
P146,1	6005	6005
P43,2	6006	6006
P181,1	6007	6007
P186,1	6008	6008
P103,1	6009	6009
P162,2	6010	6010
P175,2	6011	6011
P24,2	6012	6012
P182,1	6013	6013
P193,1	6014	6014
P190,2	6015	6015
P198,2	6016	6016
P115,1	6017	6017
P199,1	6018	6018
P185,2	6019	6019
P1,2	6020	6020
P69,1	6021	6021
P143,2	6022	6022
P184,2	6023	6023
P191,1	6024	6024
P92,2	6025	6025
P189,1	6026	6026
P197,2	6027	6027
P137,1	6028	6028
P180,1	6029	6029
P51,2	6030	6030
P73,1	6031	6031
P187,2	6032	6032
P183,1	6033	6033
P188,1	6034	6034
P152,1	6035	6035
P155,1	6036	6036
P125,1	6037	6037
P69,1	6038	6038
P143,2	6039	6039
P184,2	6040	6040
P191,1	6041	6041
P92,2	6042	6042
P189,1	6043	6043
P197,2	6044	6044
P137,1	6045	6045
P180,1	6046	6046
P51,2	6047	6047
P73,1	6048	6048
P187,2	6049	6049
P183,1	6050	6050
P188,1	6051	6051
P152,1	6052	6052
P155,1	6053	6053
P125,1	6054	6054
P69,1	6055	6055
P143,2	6056	6056
P184,2	6057	6057
P191,1	6058	6058
P92,2	6059	6059
P189,1	6060	6060
P197,2	6061	6061
P137,1	6062	6062
P24,2	6063	6063
P182,1	6064	6064
P193,1	6065	6065
P190,2	6066	6066
P183,1	6067	6067
P188,1	6068	6068
P152,1	6069	6069
P155,1	6070	6070
P125,1	6071	6071
P69,1	6072	6072
P143,2	6073	6073
P184,2	6074	6074
P191,1	6075	6075
P92,2	6076	6076
P189,1	6077	6077
P197,2	6078	6078
P137,1	6079	6079
P24,2	6080	6080
P182,1	6081	6081
P193,1	6082	6082
P190,2	6083	6083
P183,1	6084	6084
P188,1	6085	6085
P152,1	6086	6086
P155,1	6087	6087
P125,1	6088	6088
P69,1	6089	6089
P143,2	6090	6090
P184,2	6091	6091
P191,1	6092	6092
P92,2	6093	6093
P189,1	6094	6094
P197,2	6095	6095
P137,1	6096	6096
P24,2	6097	6097
P182,1	6098	6098
P193,1	6099	6099
P190,2	6100	6100
P183,1	6101	6101
P188,1	6102	6102
P152,1	6103	6103
P155,1	6104	6104
P125,1	6105	6105
P69,1	6106	6106
P143,2	6107	6107
P184,2	6108	6108
P191,1	6109	6109
P92,2	6110	6110
P189,1	6111	6111
P197,2	6112	6112
P137,1	6113	6113
P24,2	6114	6114
P182,1	6115	6115
P193,1	6116	6116
P190,2	6117	6117
P183,1	6118	6118
P188,1	6119	6119
P199,1	6120	6120
P185,2	6121	6121
P52,2	6122	6122
P200,1	6123	6123
P146,1	6124	6124
P43,2	6125	6125
P181,1	6126	6126
P186,1	6127	6127
P103,1	6128	6128
P162,2	6129	6129
P175,2	6130	6130
P51,2	6131	6131
P73,1	6132	6132
P187,2	6133	6133
P180,2	6134	6134
P198,2	6135	6135
P152,1	6136	6136
P155,1	6137	6137
P125,1	6138	6138
P200,1	6139	6139
P146,1	6140	6140
P43,2	6141	6141
P181,1	6142	6142
P186,1	6143	6143
P69,2	6144	6144
P197,2	6145	6145
P137,1	6146	6146
P24,2	6147	6147
P182,1	6148	6148
P193,1	6149	6149
P190,2	6150	6150
P183,1	6151	6151
P188,1	6152	6152
P199,1	6153	6153
P185,2	6154	6154
P52,2	6155	6155
P143,2	6156	6156
P184,2	6157	6157
P191,1	6158	6158
P92,2	6159	6159
P189,1	6160	6160
P103,1	6161	6161
P162,2	6162	6162
P175,2	6163	6163
P51,2	6164	6164
P73,1	6165	6165
P187,2	6166	6166
P180,2	6167	6167
P198,2	6168	6168
P152,1	6169	6169
P155,1	6170	6170
P125,1	6171	6171
P200,1	6172	6172
P146,1	6173	6173
P43,2	6174	6174
P181,1	6175	6175
P186,1	6176	6176
P69,2	6177	6177
P197,2	6178	6178
P137,1	6179	6179
P24,2	6180	6180
P182,1	6181	6181
P193,1	6182	6182
P190,2	6183	6183
P183,1	6184	6184
P188,1	6185	6185
P199,1	6186	6186
P185,2	6187	6187
P52,2	6188	6188
P143,2	6189	6189
P184,2	6190	6190
P191,1	6191	6191
P92,2	6192	6192
P189,1	6193	6193
P103,1	6194	6194
P162,2	6195	6195
P175,2	6196	6196
P51,2	6197	6197
P73,1	6198	6198
P187,2	6199	6199
P180,2	6200	6200
P198,2	6201	6201
P199,1	6202	6202
P185,2	6203	6203
P52,2	6204	6204
P143,2	6205	6205
P184,2	6206	6206
P191,1	6207	6207
P92,2	6208	6208
P189,1	6209	6209
P103,1	6210	6210
P162,2	6211	6211
P175,2	6212	6212
P51,2	6213	6213
P73,1	6214	6214
P187,2	6215	6215
P180,2	6216	6216
P198,2	6217	6217
P199,1	6218	6218
P185,2	6219	6219
P52,2	6220	6220
P143,2	6221	6221
P184,2	6222	6222
P191,1	6223	6223
P92,2	6224	6224
P189,1	6225	6225
P103,1	6226	6226
P162,2	6227	6227
P175,2	6228	6228
P51,2	6229	6229
P73,1	6230	6230
P187,2	6231	6231
P180,2	6232	6232
P198,2	6233	6233
P199,1	6234	6234
P185,2	6235	6235
P52,2	6236	6236
P143,2	6237	6237
P184,2	6238	6238
P191,1	6239	6239
P92,2	6240	6240
P69,2	6241	6241
P197,2	6242	6242
P137,1	6243	6243
P24,2	6244	6244
P182,1	6245	6245
P193,1	6246	6246
P190,2	6247	6247
P183,1	6248	6248
P152,1	6249	6249
P155,1	6250	6250
P125,1	6251	6251
P200,1	6252	6252
P146,1	6253	6253
P43,2	6254	6254
P181,1	6255	6255
P69,2	6256	6256
P197,2	6257	6257
P137,1	6258	6258
P24,2	6259	6259
P182,1	6260	6260
P193,1	6261	6261
P190,2	6262	6262
P183,1	6263	6263
P152,1	6264	6264
P155,1	6265	6265
P125,1	6266	6266
P200,1	6267	6267
P146,1	6268	6268
P43,2	6269	6269
P181,1	6270	6270
P69,2	6271	6271
P197,2	6272	6272
P137,1	6273	6273
P24,2	6274	6274
P73,1	6275	6275
P187,2	6276	6276
P180,2	6277	6277
P183,1	6278	6278
P152,1	6279	6279
P155,1	6280	6280
P125,1	6281	6281
P200,1	6282	6282
P146,1	6283	6283
P191,1	6284	6284
P92,2	6285	6285
P103,1	6286	6286
P162,2	6287	6287
P175,2	6288	6288
P51,2	6289	6289
P193,1	6290	6290
P190,2	6291	6291
P182,2	6292	6292
P198,2	6293	6293
P199,1	6294	6294
P185,2	6295	6295
P52,2	6296	6296
P143,2	6297	6297
P43,2	6298	6298
P181,1	6299	6299
P69,2	6300	6300
P197,2	6301	6301
P137,1	6302	6302
P24,2	6303	6303
P73,1	6304	6304
P187,2	6305	6305
P180,2	6306	6306
P183,1	6307	6307
P152,1	6308	6308
P155,1	6309	6309
P125,1	6310	6310
P200,1	6311	6311
P146,1	6312	6312
P191,1	6313	6313
P92,2	6314	6314
P103,1	6315	6315
P162,2	6316	6316
P175,2	6317	6317
P51,2	6318	6318
P193,1	6319	6319
P190,2	6320	6320
P182,2	6321	6321
P198,2	6322	6322
P199,1	6323	6323
P185,2	6324	6324
P52,2	6325	6325
P143,2	6326	6326
P43,2	6327	6327
P181,1	6328	6328
P69,2	6329	6329
P162,2	6330	6330
P175,2	6331	6331
P51,2	6332	6332
P193,1	6333	6333
P190,2	6334	6334
P182,2	6335	6335
P198,2	6336	6336
P199,1	6337	6337
P185,2	6338	6338
P52,2	6339	6339
P143,2	6340	6340
P43,2	6341	6341
P181,1	6342	6342
P69,2	6343	6343
P162,2	6344	6344
P175,2	6345	6345
P51,2	6346	6346
P193,1	6347	6347
P190,2	6348	6348
P182,2	6349	6349
P198,2	6350	6350
P199,1	6351	6351
P185,2	6352	6352
P52,2	6353	6353
P143,2	6354	6354
P43,2	6355	6355
P181,1	6356	6356
P69,2	6357	6357
P162,2	6358	6358
P175,2	6359	6359
P51,2	6360	6360
P193,1	6361	6361
P190,2	6362	6362
P182,2	6363	6363
P198,2	6364	6364
P199,1	6365	6365
P185,2	6366	6366
P200,1	6367	6367
P146,1	6368	6368
P191,1	6369	6369
P181,1	6370	6370
P69,2	6371	6371
P162,2	6372	6372
P175,2	6373	6373
P51,2	6374	6374
P193,1	6375	6375
P190,2	6376	6376
P182,2	6377	6377
P198,2	6378	6378
P199,1	6379	6379
P185,2	6380	6380
P200,1	6381	6381
P146,1	6382	6382
P191,1	6383	6383
P181,1	6384	6384
P69,2	6385	6385
P162,2	6386	6386
P175,2	6387	6387
P51,2	6388	6388
P193,1	6389	6389
P190,2	6390	6390
P182,2	6391	6391
P198,2	6392	6392
P199,1	6393	6393
P185,2	6394	6394
P200,1	6395	6395
P146,1	6396	6396
P191,1	6397	6397
P181,1	6398	6398
P69,2	6399	6399
P162,2	6400	6400
P175,2	6401	6401
P51,2	6402	6402
P193,1	6403	6403
P190,2	6404	6404
P182,2	6405	6405
P198,2	6406	6406
P199,1	6407	6407
P185,2	6408	6408
P200,1	6409	6409
P146,1	6410	6410
P191,1	6411	6411
P181,1	6412	6412
P69,2	6413	6413
P162,2	6414	6414
P175,2	6415	6415
P51,2	6416	6416
P193,1	6417	6417
P190,2	6418	6418
P182,2	6419	6419
P198,2	6420	6420
P199,1	6421	6421
P185,2	6422	6422
P200,1	6423	6423
P146,1	6424	6424
P191,1	6425	6425
P181,1	6426	6426
P69,2	6427	6427
P162,2	6428	6428
P175,2	6429	6429
P51,2	6430	6430
P193,1	6431	6431
P190,2	6432	6432
P182,2	6433	6433
P198,2	6434	6434
P199,1	6435	6435
P185,2	6436	6436
P200,1	6437	6437
P146,1	6438	6438
P191,1	6439	6439
P181,1	6440	6440
P69,2	6441	6441
P162,2	6442	6442
P175,2	6443	6443
P51,2	6444	6444
P187,2	6445	6445
P180,2	6446	6446
P183,1	6447	6447
P152,1	6448	6448
P155,1	6449	6449
P52,2	6450	6450
P143,2	6451	6451
P43,2	6452	6452
P125,2	6453	6453
P92,2	6454	6454
P103,1	6455	6455
P137,1	6456	6456
P24,2	6457	6457
P193,1	6458	6458
P190,2	6459	6459
P182,2	6460	6460
P198,2	6461	6461
P199,1	6462	6462
P185,2	6463	6463
P200,1	6464	6464
P146,1	6465	6465
P191,1	6466	6466
P181,1	6467	6467
P69,2	6468	6468
P162,2	6469	6469
P175,2	6470	6470
P51,2	6471	6471
P187,2	6472	6472
P180,2	6473	6473
P183,1	6474	6474
P152,1	6475	6475
P155,1	6476	6476
P52,2	6477	6477
P143,2	6478	6478
P43,2	6479	6479
P125,2	6480	6480
P92,2	6481	6481
P103,1	6482	6482
P137,1	6483	6483
P24,2	6484	6484
P193,1	6485	6485
P190,2	6486	6486
P182,2	6487	6487
P198,2	6488	6488
P199,1	6489	6489
P185,2	6490	6490
P200,1	6491	6491
P146,1	6492	6492
P191,1	6493	6493
P181,1	6494	6494
P69,2	6495	6495
P162,2	6496	6496
P175,2	6497	6497
P51,2	6498	6498
P187,2	6499	6499
P180,2	6500	6500
P183,1	6501	6501
P152,1	6502	6502
P155,1	6503	6503
P52,2	6504	6504
P143,2	6505	6505
P43,2	6506	6506
P125,2	6507	6507
P92,2	6508	6508
P103,1	6509	6509
P137,1	6510	6510
P24,2	6511	6511
P193,1	6512	6512
P190,2	6513	6513
P182,2	6514	6514
P198,2	6515	6515
P199,1	6516	6516
P185,2	6517	6517
P200,1	6518	6518
P146,1	6519	6519
P191,1	6520	6520
P181,1	6521	6521
P69,2	6522	6522
P162,2	6523	6523
P175,2	6524	6524
P51,2	6525	6525
P187,2	6526	6526
P180,2	6527	6527
P183,1	6528	6528
P152,1	6529	6529
P155,1	6530	6530
P52,2	6531	6531
P143,2	6532	6532
P43,2	6533	6533
P125,2	6534	6534
P92,2	6535	6535
P103,1	6536	6536
P137,1	6537	6537
P24,2	6538	6538
P193,1	6539	6539
P190,2	6540	6540
P182,2	6541	6541
P198,2	6542	6542
P199,1	6543	6543
P185,2	6544	6544
P200,1	6545	6545
P146,1	6546	6546
P191,1	6547	6547
P181,1	6548	6548
P69,2	6549	6549
P162,2	6550	6550
P175,2	6551	6551
P51,2	6552	6552
P187,2	6553	6553
P180,2	6554	6554
P183,1	6555	6555
P152,1	6556	6556
P155,1	6557	6557
P52,2	6558	6558
P143,2	6559	6559
P43,2	6560	6560
P125,2	6561	6561
P92,2	6562	6562
P103,1	6563	6563
P137,1	6564	6564
P24,2	6565	6565
P193,1	6566	6566
P190,2	6567	6567
P182,2	6568	6568
P198,2	6569	6569
P199,1	6570	6570
P185,2	6571	6571
P200,1	6572	6572
P146,1	6573	6573
P191,1	6574	6574
P181,1	6575	6575
P69,2	6576	6576
P162,2	6577	6577
P175,2	6578	6578
P51,2	6579	6579
P187,2	6580	6580
P180,2	6581	6581
P183,1	6582	6582
P152,1	6583	6583
P155,1	6584	6584
P52,2	6585	6585
P143,2	6586	6586
P191,1	6587	6587
P181,1	6588	6588
P69,2	6589	6589
P162,2	6590	6590
P175,2	6591	6591
P51,2	6592	6592
P187,2	6593	6593
P180,2	6594	6594
P183,1	6595	6595
P152,1	6596	6596
P155,1	6597	6597
P52,2	6598	6598
P143,2	6599	6599
P191,1	6600	6600
P181,1	6601	6601
P69,2	6602	6602
P162,2	6603	6603
P175,2	6604	6604
P51,2	6605	6605
P187,2	6606	6606
P180,2	6607	6607
P183,1	6608	6608
P152,1	6609	6609
P155,1	6610	6610
P52,2	6611	6611
P143,2	6612	6612
P191,1	6613	6613
P181,1	6614	6614
P69,2	6615	6615
P162,2	6616	6616
P175,2	6617	6617
P51,2	6618	6618
P187,2	6619	6619
P180,2	6620	6620
P183,1	6621	6621
P152,1	6622	6622
P155,1	6623	6623
P52,2	6624	6624
P143,2	6625	6625
P191,1	6626	6626
P181,1	6627	6627
P69,2	6628	6628
P162,2	6629	6629
P175,2	6630	6630
P51,2	6631	6631
P187,2	6632	6632
P180,2	6633	6633
P183,1	6634	6634
P152,1	6635	6635
P155,1	6636	6636
P52,2	6637	6637
P143,2	6638	6638
P191,1	6639	6639
P181,1	6640	6640
P69,2	6641	6641
P162,2	6642	6642
P175,2	6643	6643
P51,2	6644	6644
P187,2	6645	6645
P180,2	6646	6646
P183,1	6647	6647
P152,1	6648	6648
P155,1	6649	6649
P52,2	6650	6650
P143,2	6651	6651
P191,1	6652	6652
P181,1	6653	6653
P69,2	6654	6654
P175,2	6655	6655
P51,2	6656	6656
P187,2	6657	6657
P180,2	6658	6658
P103,2	6659	6659
P198,2	6660	6660
P199,1	6661	6661
P185,2	6662	6662
P200,1	6663	6663
P43,2	6664	6664
P125,2	6665	6665
P69,2	6666	6666
P175,2	6667	6667
P51,2	6668	6668
P190,2	6669	6669
P182,2	6670	6670
P183,1	6671	6671
P152,1	6672	6672
P155,1	6673	6673
P185,2	6674	6674
P200,1	6675	6675
P43,2	6676	6676
P125,2	6677	6677
P69,2	6678	6678
P175,2	6679	6679
P51,2	6680	6680
P190,2	6681	6681
P182,2	6682	6682
P183,1	6683	6683
P152,1	6684	6684
P155,1	6685	6685
P185,2	6686	6686
P200,1	6687	6687
P43,2	6688	6688
P125,2	6689	6689
P69,2	6690	6690
P175,2	6691	6691
P51,2	6692	6692
P190,2	6693	6693
P182,2	6694	6694
P183,1	6695	6695
P152,1	6696	6696
P155,1	6697	6697
P185,2	6698	6698
P200,1	6699	6699
P43,2	6700	6700
P125,2	6701	6701
P69,2	6702	6702
P175,2	6703	6703
P51,2	6704	6704
P190,2	6705	6705
P182,2	6706	6706
P183,1	6707	6707
P152,1	6708	6708
P155,1	6709	6709
P185,2	6710	6710
P200,1	6711	6711
P43,2	6712	6712
P125,2	6713	6713
P69,2	6714	6714
P175,2	6715	6715
P51,2	6716	6716
P190,2	6717	6717
P182,2	6718	6718
P183,1	6719	6719
P199,1	6720	6720
P193,2	6721	6721
P52,2	6722	6722
P143,2	6723	6723
P43,2	6724	6724
P125,2	6725	6725
P69,2	6726	6726
P175,2	6727	6727
P51,2	6728	6728
P190,2	6729	6729
P182,2	6730	6730
P183,1	6731	6731
P199,1	6732	6732
P193,2	6733	6733
P52,2	6734	6734
P143,2	6735	6735
P43,2	6736	6736
P125,2	6737	6737
P69,2	6738	6738
P175,2	6739	6739
P51,2	6740	6740
P190,2	6741	6741
P182,2	6742	6742
P183,1	6743	6743
P199,1	6744	6744
P185,2	6745	6745
P200,1	6746	6746
P143,2	6747	6747
P43,2	6748	6748
P125,2	6749	6749
P69,2	6750	6750
P175,2	6751	6751
P51,2	6752	6752
P190,2	6753	6753
P182,2	6754	6754
P183,1	6755	6755
P199,1	6756	6756
P185,2	6757	6757
P155,2	6758	6758
P152,2	6759	6759
P191,1	6760	6760
P92,2	6761	6761
P175,2	6762	6762
P200,2	6763	6763
P51,2	6764	6764
P190,2	6765	6765
P182,2	6766	6766
P198,2	6767	6767
P193,2	6768	6768
P52,2	6769	6769
P143,2	6770	6770
P43,2	6771	6771
P125,2	6772	6772
P69,2	6773	6773
P24,2	6774	6774
P137,2	6775	6775
P187,2	6776	6776
P180,2	6777	6777
P103,2	6778	6778
P199,1	6779	6779
P185,2	6780	6780
P155,2	6781	6781
P152,2	6782	6782
P191,1	6783	6783
P92,2	6784	6784
P175,2	6785	6785
P200,2	6786	6786
P51,2	6787	6787
P190,2	6788	6788
P182,2	6789	6789
P198,2	6790	6790
P193,2	6791	6791
P52,2	6792	6792
P143,2	6793	6793
P43,2	6794	6794
P125,2	6795	6795
P69,2	6796	6796
P24,2	6797	6797
P137,2	6798	6798
P187,2	6799	6799
P180,2	6800	6800
P103,2	6801	6801
P199,1	6802	6802
P185,2	6803	6803
P155,2	6804	6804
P152,2	6805	6805
P125,2	6806	6806
P69,2	6807	6807
P24,2	6808	6808
P137,2	6809	6809
P191,2	6810	6810
P190,2	6811	6811
P182,2	6812	6812
P198,2	6813	6813
P185,2	6814	6814
P155,2	6815	6815
P152,2	6816	6816
P199,2	6817	6817
P92,2	6818	6818
P175,2	6819	6819
P200,2	6820	6820
P51,2	6821	6821
P187,2	6822	6822
P180,2	6823	6823
P103,2	6824	6824
P193,2	6825	6825
P52,2	6826	6826
P143,2	6827	6827
P43,2	6828	6828
P125,2	6829	6829
P69,2	6830	6830
P24,2	6831	6831
P137,2	6832	6832
P191,2	6833	6833
P190,2	6834	6834
P182,2	6835	6835
P198,2	6836	6836
P185,2	6837	6837
P155,2	6838	6838
P152,2	6839	6839
P199,2	6840	6840
P92,2	6841	6841
P175,2	6842	6842
P200,2	6843	6843
P51,2	6844	6844
P187,2	6845	6845
P180,2	6846	6846
P103,2	6847	6847
P193,2	6848	6848
P52,2	6849	6849
P143,2	6850	6850
P43,2	6851	6851
P125,2	6852	6852
P69,2	6853	6853
P24,2	6854	6854
P137,2	6855	6855
P191,2	6856	6856
P190,2	6857	6857
P182,2	6858	6858
P198,2	6859	6859
P185,2	6860	6860
P155,2	6861	6861
P152,2	6862	6862
P199,2	6863	6863
P92,2	6864	6864
P175,2	6865	6865
P200,2	6866	6866
P51,2	6867	6867
P190,2	6868	6868
P182,2	6869	6869
P198,2	6870	6870
P185,2	6871	6871
P155,2	6872	6872
P152,2	6873	6873
P199,2	6874	6874
P92,2	6875	6875
P175,2	6876	6876
P200,2	6877	6877
P51,2	6878	6878
P190,2	6879	6879
P182,2	6880	6880
P198,2	6881	6881
P185,2	6882	6882
P155,2	6883	6883
P152,2	6884	6884
P199,2	6885	6885
P92,2	6886	6886
P175,2	6887	6887
P200,2	6888	6888
P51,2	6889	6889
P190,2	6890	6890
P182,2	6891	6891
P198,2	6892	6892
P185,2	6893	6893
P155,2	6894	6894
P152,2	6895	6895
P199,2	6896	6896
P92,2	6897	6897
P175,2	6898	6898
P200,2	6899	6899
P51,2	6900	6900
P180,2	6901	6901
P103,2	6902	6902
P193,2	6903	6903
P52,2	6904	6904
P143,2	6905	6905
P43,2	6906	6906
P125,2	6907	6907
P69,2	6908	6908
P24,2	6909	6909
P137,2	6910	6910
P191,2	6911	6911
P182,2	6912	6912
P198,2	6913	6913
P185,2	6914	6914
P155,2	6915	6915
P152,2	6916	6916
P199,2	6917	6917
P92,2	6918	6918
P175,2	6919	6919
P200,2	6920	6920
P51,2	6921	6921
P180,2	6922	6922
P103,2	6923	6923
P193,2	6924	6924
P52,2	6925	6925
P143,2	6926	6926
P43,2	6927	6927
P125,2	6928	6928
P69,2	6929	6929
P24,2	6930	6930
P137,2	6931	6931
P191,2	6932	6932
P182,2	6933	6933
P198,2	6934	6934
P185,2	6935	6935
P155,2	6936	6936
P152,2	6937	6937
P199,2	6938	6938
P92,2	6939	6939
P175,2	6940	6940
P200,2	6941	6941
P51,2	6942	6942
P180,2	6943	6943
P103,2	6944	6944
P193,2	6945	6945
P52,2	6946	6946
P143,2	6947	6947
P43,2	6948	6948
P125,2	6949	6949
P69,2	6950	6950
P24,2	6951	6951
P137,2	6952	6952
P191,2	6953	6953
P182,2	6954	6954
P198,2	6955	6955
P185,2	6956	6956
P155,2	6957	6957
P152,2	6958	6958
P199,2	6959	6959
P92,2	6960	6960
P175,2	6961	6961
P200,2	6962	6962
P51,2	6963	6963
P180,2	6964	6964
P103,2	6965	6965
P193,2	6966	6966
P52,2	6967	6967
P143,2	6968	6968
P43,2	6969	6969
P125,2	6970	6970
P69,2	6971	6971
P24,2	6972	6972
P137,2	6973	6973
P191,2	6974	6974
P182,2	6975	6975
P198,2	6976	6976
P185,2	6977	6977
P155,2	6978	6978
P152,2	6979	6979
P199,2	6980	6980
P92,2	6981	6981
P175,2	6982	6982
P200,2	6983	6983
P51,2	6984	6984
P180,2	6985	6985
P103,2	6986	6986
P193,2	6987	6987
P52,2	6988	6988
P143,2	6989	6989
P43,2	6990	6990
P125,2	6991	6991
P69,2	6992	6992
P24,2	6993	6993
P137,2	6994	6994
P191,2	6995	6995
P182,2	6996	6996
P198,2	6997	6997
P185,2	6998	6998
P155,2	6999	6999
P152,2	7000	7000
P199,2	7001	7001
P92,2	7002	7002
P175,2	7003	7003
P200,2	7004	7004
P51,2	7005	7005
P180,2	7006	7006
P103,2	7007	7007
P193,2	7008	7008
P52,2	7009	7009
P143,2	7010	7010
P43,2	7011	7011
P125,2	7012	7012
P69,2	7013	7013
P24,2	7014	7014
P137,2	7015	7015
P191,2	7016	7016
P182,2	7017	7017
P198,2	7018	7018
P185,2	7019	7019
P143,2	7020	7020
P43,2	7021	7021
P125,2	7022	7022
P69,2	7023	7023
P24,2	7024	7024
P137,2	7025	7025
P191,2	7026	7026
P182,2	7027	7027
P198,2	7028	7028
P185,2	7029	7029
P143,2	7030	7030
P43,2	7031	7031
P125,2	7032	7032
P69,2	7033	7033
P24,2	7034	7034
P137,2	7035	7035
P191,2	7036	7036
P182,2	7037	7037
P198,2	7038	7038
P185,2	7039	7039
P143,2	7040	7040
P43,2	7041	7041
P125,2	7042	7042
P69,2	7043	7043
P24,2	7044	7044
P137,2	7045	7045
P191,2	7046	7046
P182,2	7047	7047
P198,2	7048	7048
P185,2	7049	7049
P143,2	7050	7050
P43,2	7051	7051
P125,2	7052	7052
P69,2	7053	7053
P24,2	7054	7054
P137,2	7055	7055
P191,2	7056	7056
P182,2	7057	7057
P198,2	7058	7058
P155,2	7059	7059
P152,2	7060	7060
P199,2	7061	7061
P92,2	7062	7062
P175,2	7063	7063
P200,2	7064	7064
P51,2	7065	7065
P180,2	7066	7066
P103,2	7067	7067
P193,2	7068	7068
P143,2	7069	7069
P43,2	7070	7070
P125,2	7071	7071
P69,2	7072	7072
P24,2	7073	7073
P137,2	7074	7074
P191,2	7075	7075
P182,2	7076	7076
P198,2	7077	7077
P155,2	7078	7078
P152,2	7079	7079
P199,2	7080	7080
P92,2	7081	7081
P175,2	7082	7082
P200,2	7083	7083
P51,2	7084	7084
P180,2	7085	7085
P103,2	7086	7086
P193,2	7087	7087
P143,2	7088	7088
P43,2	7089	7089
P125,2	7090	7090
P69,2	7091	7091
P24,2	7092	7092
P137,2	7093	7093
P191,2	7094	7094
P182,2	7095	7095
P198,2	7096	7096
P155,2	7097	7097
P152,2	7098	7098
P199,2	7099	7099
P92,2	7100	7100
P175,2	7101	7101
P200,2	7102	7102
P51,2	7103	7103
P180,2	7104	7104
P103,2	7105	7105
P193,2	7106	7106
P143,2	7107	7107
P43,2	7108	7108
P125,2	7109	7109
P69,2	7110	7110
P24,2	7111	7111
P137,2	7112	7112
P191,2	7113	7113
P182,2	7114	7114
P198,2	7115	7115
P155,2	7116	7116
P152,2	7117	7117
P199,2	7118	7118
P92,2	7119	7119
P175,2	7120	7120
P200,2	7121	7121
P51,2	7122	7122
P180,2	7123	7123
P103,2	7124	7124
P193,2	7125	7125
P143,2	7126	7126
P43,2	7127	7127
P125,2	7128	7128
P69,2	7129	7129
P24,2	7130	7130
P137,2	7131	7131
P191,2	7132	7132
P182,2	7133	7133
P198,2	7134	7134
P155,2	7135	7135
P152,2	7136	7136
P199,2	7137	7137
P92,2	7138	7138
P175,2	7139	7139
P200,2	7140	7140
P191,2	7141	7141
P182,2	7142	7142
P198,2	7143	7143
P155,2	7144	7144
P152,2	7145	7145
P199,2	7146	7146
P92,2	7147	7147
P175,2	7148	7148
P200,2	7149	7149
P191,2	7150	7150
P182,2	7151	7151
P198,2	7152	7152
P155,2	7153	7153
P152,2	7154	7154
P199,2	7155	7155
P92,2	7156	7156
P175,2	7157	7157
P200,2	7158	7158
P191,2	7159	7159
P182,2	7160	7160
P198,2	7161	7161
P155,2	7162	7162
P152,2	7163	7163
P199,2	7164	7164
P92,2	7165	7165
P175,2	7166	7166
P200,2	7167	7167
P191,2	7168	7168
P182,2	7169	7169
P198,2	7170	7170
P155,2	7171	7171
P152,2	7172	7172
P199,2	7173	7173
P92,2	7174	7174
P175,2	7175	7175
P200,2	7176	7176
P191,2	7177	7177
P182,2	7178	7178
P198,2	7179	7179
P155,2	7180	7180
P152,2	7181	7181
P199,2	7182	7182
P92,2	7183	7183
P175,2	7184	7184
P200,2	7185	7185
P191,2	7186	7186
P182,2	7187	7187
P198,2	7188	7188
P155,2	7189	7189
P152,2	7190	7190
P199,2	7191	7191
P92,2	7192	7192
P175,2	7193	7193
P200,2	7194	7194
P191,2	7195	7195
P182,2	7196	7196
P198,2	7197	7197
P155,2	7198	7198
P152,2	7199	7199
P199,2	7200	7200
P92,2	7201	7201
P175,2	7202	7202
P200,2	7203	7203
P191,2	7204	7204
P182,2	7205	7205
P198,2	7206	7206
P155,2	7207	7207
P152,2	7208	7208
P199,2	7209	7209
P92,2	7210	7210
P175,2	7211	7211
P200,2	7212	7212
P191,2	7213	7213
P182,2	7214	7214
P198,2	7215	7215
P155,2	7216	7216
P152,2	7217	7217
P199,2	7218	7218
P92,2	7219	7219
P175,2	7220	7220
P200,2	7221	7221
P191,2	7222	7222
P182,2	7223	7223
P198,2	7224	7224
P155,2	7225	7225
P152,2	7226	7226
P199,2	7227	7227
P92,2	7228	7228
P175,2	7229	7229
P200,2	7230	7230
P191,2	7231	7231
P182,2	7232	7232
P198,2	7233	7233
P155,2	7234	7234
P152,2	7235	7235
P199,2	7236	7236
P92,2	7237	7237
P175,2	7238	7238
P200,2	7239	7239
P191,2	7240	7240
P182,2	7241	7241
P198,2	7242	7242
P155,2	7243	7243
P152,2	7244	7244
P199,2	7245	7245
P92,2	7246	7246
P175,2	7247	7247
P200,2	7248	7248
P191,2	7249	7249
P182,2	7250	7250
P198,2	7251	7251
P155,2	7252	7252
P152,2	7253	7253
P199,2	7254	7254
P92,2	7255	7255
P175,2	7256	7256
P200,2	7257	7257
P191,2	7258	7258
P182,2	7259	7259
P198,2	7260	7260
P155,2	7261	7261
P152,2	7262	7262
P199,2	7263	7263
P92,2	7264	7264
P175,2	7265	7265
P200,2	7266	7266
P191,2	7267	7267
P182,2	7268	7268
P198,2	7269	7269
P155,2	7270	7270
P152,2	7271	7271
P199,2	7272	7272
P92,2	7273	7273
P175,2	7274	7274
P200,2	7275	7275
P191,2	7276	7276
P182,2	7277	7277
P198,2	7278	7278
P155,2	7279	7279
P152,2	7280	7280
P199,2	7281	7281
P92,2	7282	7282
P175,2	7283	7283
P200,2	7284	7284
P191,2	7285	7285
P182,2	7286	7286
P198,2	7287	7287
P155,2	7288	7288
P152,2	7289	7289
P199,2	7290	7290
P92,2	7291	7291
P175,2	7292	7292
P200,2	7293	7293
P191,2	7294	7294
P182,2	7295	7295
P198,2	7296	7296
P155,2	7297	7297
P152,2	7298	7298
P199,2	7299	7299
P92,2	7300	7300
P175,2	7301	7301
P200,2	7302	7302
P191,2	7303	7303
P182,2	7304	7304
P198,2	7305	7305
P155,2	7306	7306
P152,2	7307	7307
P199,2	7308	7308
P92,2	7309	7309
P175,2	7310	7310
P200,2	7311	7311
P191,2	7312	7312
P182,2	7313	7313
P198,2	7314	7314
P155,2	7315	7315
P152,2	7316	7316
P199,2	7317	7317
P92,2	7318	7318
P24,2	7319	7319
P137,2	7320	7320
P180,2	7321	7321
P103,2	7322	7322
P193,2	7323	7323
P143,2	7324	7324
P43,2	7325	7325
P125,2	7326	7326
P69,2	7327	7327
P200,2	7328	7328
P191,2	7329	7329
P182,2	7330	7330
P198,2	7331	7331
P143,2	7332	7332
P43,2	7333	7333
P125,2	7334	7334
P69,2	7335	7335
P200,2	7336	7336
P191,2	7337	7337
P182,2	7338	7338
P198,2	7339	7339
P143,2	7340	7340
P43,2	7341	7341
P125,2	7342	7342
P69,2	7343	7343
P200,2	7344	7344
P191,2	7345	7345
P182,2	7346	7346
P198,2	7347	7347
P143,2	7348	7348
P43,2	7349	7349
P125,2	7350	7350
P69,2	7351	7351
P200,2	7352	7352
P191,2	7353	7353
P182,2	7354	7354
P198,2	7355	7355
P143,2	7356	7356
P43,2	7357	7357
P125,2	7358	7358
P69,2	7359	7359
P200,2	7360	7360
P191,2	7361	7361
P182,2	7362	7362
P198,2	7363	7363
P143,2	7364	7364
P43,2	7365	7365
P125,2	7366	7366
P69,2	7367	7367
P200,2	7368	7368
P191,2	7369	7369
P182,2	7370	7370
P198,2	7371	7371
P143,2	7372	7372
P43,2	7373	7373
P125,2	7374	7374
P69,2	7375	7375
P200,2	7376	7376
P191,2	7377	7377
P182,2	7378	7378
P198,2	7379	7379
P143,2	7380	7380
P199,2	7381	7381
P92,2	7382	7382
P24,2	7383	7383
P137,2	7384	7384
P180,2	7385	7385
P103,2	7386	7386
P155,2	7387	7387
P43,2	7388	7388
P125,2	7389	7389
P69,2	7390	7390
P200,2	7391	7391
P191,2	7392	7392
P182,2	7393	7393
P198,2	7394	7394
P143,2	7395	7395
P199,2	7396	7396
P92,2	7397	7397
P24,2	7398	7398
P137,2	7399	7399
P180,2	7400	7400
P103,2	7401	7401
P155,2	7402	7402
P43,2	7403	7403
P125,2	7404	7404
P69,2	7405	7405
P200,2	7406	7406
P191,2	7407	7407
P182,2	7408	7408
P198,2	7409	7409
P143,2	7410	7410
P199,2	7411	7411
P92,2	7412	7412
P24,2	7413	7413
P137,2	7414	7414
P180,2	7415	7415
P103,2	7416	7416
P155,2	7417	7417
P43,2	7418	7418
P125,2	7419	7419
P69,2	7420	7420
P200,2	7421	7421
P191,2	7422	7422
P182,2	7423	7423
P198,2	7424	7424
P43,2	7425	7425
P125,2	7426	7426
P24,2	7427	7427
P137,2	7428	7428
P180,2	7429	7429
P103,2	7430	7430
P43,2	7431	7431
P125,2	7432	7432
P24,2	7433	7433
P137,2	7434	7434
P180,2	7435	7435
P103,2	7436	7436
P43,2	7437	7437
P125,2	7438	7438
P24,2	7439	7439
P137,2	7440	7440
P180,2	7441	7441
P103,2	7442	7442
P43,2	7443	7443
P125,2	7444	7444
P24,2	7445	7445
P137,2	7446	7446
P180,2	7447	7447
P103,2	7448	7448
P43,2	7449	7449
P125,2	7450	7450
P24,2	7451	7451
P137,2	7452	7452
P180,2	7453	7453
P103,2	7454	7454
P43,2	7455	7455
P125,2	7456	7456
P24,2	7457	7457
P137,2	7458	7458
P180,2	7459	7459
P103,2	7460	7460
P43,2	7461	7461
P125,2	7462	7462
P24,2	7463	7463
P137,2	7464	7464
P180,2	7465	7465
P103,2	7466	7466
P43,2	7467	7467
P125,2	7468	7468
P24,2	7469	7469
P137,2	7470	7470
P180,2	7471	7471
P103,2	7472	7472
P199,2	7473	7473
P69,2	7474	7474
P200,2	7475	7475
P191,2	7476	7476
P182,2	7477	7477
P155,2	7478	7478
P125,2	7479	7479
P24,2	7480	7480
P137,2	7481	7481
P180,2	7482	7482
P103,2	7483	7483
P199,2	7484	7484
P69,2	7485	7485
P200,2	7486	7486
P191,2	7487	7487
P182,2	7488	7488
P155,2	7489	7489
P125,2	7490	7490
P24,2	7491	7491
P137,2	7492	7492
P180,2	7493	7493
P155,2	7494	7494
P125,2	7495	7495
P24,2	7496	7496
P137,2	7497	7497
P180,2	7498	7498
P155,2	7499	7499
P125,2	7500	7500
P24,2	7501	7501
P137,2	7502	7502
P180,2	7503	7503
P155,2	7504	7504
P125,2	7505	7505
P24,2	7506	7506
P137,2	7507	7507
P180,2	7508	7508
P155,2	7509	7509
P125,2	7510	7510
P24,2	7511	7511
P137,2	7512	7512
P180,2	7513	7513
P155,2	7514	7514
P125,2	7515	7515
P24,2	7516	7516
P137,2	7517	7517
P180,2	7518	7518
P155,2	7519	7519
P125,2	7520	7520
P24,2	7521	7521
P137,2	7522	7522
P180,2	7523	7523
P155,2	7524	7524
P125,2	7525	7525
P24,2	7526	7526
P137,2	7527	7527
P180,2	7528	7528
P155,2	7529	7529
P125,2	7530	7530
P24,2	7531	7531
P137,2	7532	7532
P180,2	7533	7533
P155,2	7534	7534
P125,2	7535	7535
P24,2	7536	7536
P137,2	7537	7537
P103,2	7538	7538
P199,2	7539	7539
P69,2	7540	7540
P200,2	7541	7541
P191,2	7542	7542
P155,2	7543	7543
P125,2	7544	7544
P24,2	7545	7545
P137,2	7546	7546
P103,2	7547	7547
P199,2	7548	7548
P69,2	7549	7549
P200,2	7550	7550
P191,2	7551	7551
P155,2	7552	7552
P125,2	7553	7553
P24,2	7554	7554
P137,2	7555	7555
P103,2	7556	7556
P199,2	7557	7557
P69,2	7558	7558
P200,2	7559	7559
P191,2	7560	7560
P155,2	7561	7561
P125,2	7562	7562
P24,2	7563	7563
P137,2	7564	7564
P103,2	7565	7565
P199,2	7566	7566
P69,2	7567	7567
P200,2	7568	7568
P191,2	7569	7569
P155,2	7570	7570
P125,2	7571	7571
P24,2	7572	7572
P137,2	7573	7573
P103,2	7574	7574
P199,2	7575	7575
P69,2	7576	7576
P200,2	7577	7577
P191,2	7578	7578
P155,2	7579	7579
P125,2	7580	7580
P24,2	7581	7581
P137,2	7582	7582
P103,2	7583	7583
P199,2	7584	7584
P69,2	7585	7585
P200,2	7586	7586
P191,2	7587	7587
P155,2	7588	7588
P125,2	7589	7589
P24,2	7590	7590
P137,2	7591	7591
P103,2	7592	7592
P199,2	7593	7593
P69,2	7594	7594
P200,2	7595	7595
P191,2	7596	7596
P155,2	7597	7597
P125,2	7598	7598
P24,2	7599	7599
P191,2	7600	7600
P155,2	7601	7601
P125,2	7602	7602
P24,2	7603	7603
P191,2	7604	7604
P155,2	7605	7605
P125,2	7606	7606
P24,2	7607	7607
P191,2	7608	7608
P199,2	7609	7609
P69,2	7610	7610
P191,2	7611	7611
P199,2	7612	7612
P200,2	7613	7613
P155,2	7614	7614
P125,2	7615	7615
P191,2	7616	7616
P199,2	7617	7617
P200,2	7618	7618
P155,2	7619	7619
P125,2	7620	7620
P191,2	7621	7621
P199,2	7622	7622
P200,2	7623	7623
P155,2	7624	7624
P191,2	7625	7625
P199,2	7626	7626
P155,2	7627	7627
P191,2	7628	7628
P199,2	7629	7629
P155,2	7630	7630
P191,2	7631	7631
P199,2	7632	7632
P155,2	7633	7633
P191,2	7634	7634
P199,2	7635	7635
P155,2	7636	7636
P191,2	7637	7637
P199,2	7638	7638
P155,2	7639	7639
P191,2	7640	7640
P199,2	7641	7641
P155,2	7642	7642
P191,2	7643	7643
P199,2	7644	7644
P155,2	7645	7645
P191,2	7646	7646
P199,2	7647	7647
P155,2	7648	7648
P191,2	7649	7649
P199,2	7650	7650
P155,2	7651	7651
P191,2	7652	7652
P199,2	7653	7653
P155,2	7654	7654
P191,2	7655	7655
P199,2	7656	7656
P155,2	7657	7657
P191,2	7658	7658
P199,2	7659	7687
P155,2	7688	7704
CPU1
P1,1	4	4
P1,1	8	11
P3,1	12	16
P1,1	17	17
P5,1	18	18
P3,1	19	19
P1,1	20	20
P5,1	21	21
P3,1	22	22
P7,1	23	23
P3,1	24	24
P7,1	25	25
P3,1	26	26
P8,1	27	27
P3,1	28	28
P1,1	29	29
P8,1	30	30
P2,2	31	31
P8,1	32	32
P1,1	33	33
P3,1	34	34
P1,1	35	35
P9,1	36	36
P3,1	37	37
P1,1	38	38
P9,1	39	39
P3,1	40	40
P10,1	41	41
P3,1	42	42
P10,1	43	43
P3,1	44	44
P5,2	45	45
P3,1	46	46
P4,2	47	47
P1,1	48	48
P4,2	49	49
P1,1	50	50
P3,1	51	51
P5,2	52	52
P12,1	53	53
P3,1	54	54
P12,1	55	55
P3,1	56	56
P12,1	57	57
P3,1	58	58
P11,1	59	59
P1,1	60	60
P3,1	61	61
P13,1	62	62
P6,2	63	63
P13,1	64	64
P7,3	65	65
P1,1	66	66
P15,1	67	67
P14,1	68	68
P3,1	69	69
P13,1	70	70
P9,2	71	71
P8,2	72	72
P3,1	73	73
P17,1	74	74
P9,2	75	75
P12,2	76	76
P3,1	77	77
P17,1	78	78
P5,3	79	79
P16,1	80	80
P6,3	81	81
P18,1	82	82
P15,1	83	83
P10,2	84	84
P16,1	85	85
P3,1	86	86
P1,1	87	87
P4,3	88	88
P15,1	89	89
P10,2	90	90
P16,1	91	91
P3,1	92	92
P1,1	93	93
P4,3	94	94
P15,1	95	95
P10,2	96	96
P21,1	97	97
P3,1	98	98
P6,3	99	99
P4,3	100	100
P19,1	101	101
P5,3	102	102
P22,1	103	103
P11,2	104	104
P3,1	105	105
P6,3	106	106
P24,1	107	107
P7,4	108	108
P17,2	109	109
P22,1	110	110
P11,2	111	111
P20,1	112	112
P13,2	113	113
P23,1	114	114
P16,2	115	115
P7,4	116	116
P17,2	117	117
P2,4	118	118
P11,2	119	119
P26,1	120	120
P3,1	121	121
P23,1	122	122
P24,1	123	123
P1,1	124	124
P12,3	125	125
P15,1	126	126
P2,4	127	127
P4,4	128	128
P27,1	129	129
P14,2	130	130
P9,3	131	131
P10,3	132	132
P16,2	133	133
P12,3	134	134
P15,1	135	135
P25,1	136	136
P28,1	137	137
P8,3	138	138
P3,1	139	139
P9,3	140	140
P10,3	141	141
P5,4	142	142
P1,1	143	143
P15,1	144	144
P25,1	145	145
P28,1	146	146
P27,1	147	147
P6,4	148	148
P20,2	149	149
P24,1	150	150
P31,1	151	151
P5,4	152	152
P1,1	153	153
P17,3	154	154
P15,1	155	155
P14,3	156	156
P27,1	157	157
P3,1	158	158
P7,5	159	159
P20,2	160	160
P13,3	161	161
P24,1	162	162
P10,3	163	163
P32,1	164	164
P21,2	165	165
P33,1	166	166
P12,3	167	167
P8,4	168	168
P14,3	169	169
P27,1	170	170
P3,1	171	171
P7,5	172	172
P26,2	173	173
P13,3	174	174
P19,3	175	175
P10,3	176	176
P32,1	177	177
P2,5	178	178
P33,1	179	179
P17,3	180	180
P8,4	181	181
P14,3	182	182
P28,1	183	183
P38,1	184	184
P3,1	185	185
P18,3	186	186
P26,2	187	187
P24,1	188	188
P11,3	189	189
P32,1	190	190
P30,2	191	191
P36,1	192	192
P1,1	193	193
P25,2	194	194
P15,1	195	195
P23,2	196	196
P37,1	197	197
P4,5	198	198
P38,1	199	199
P3,1	200	200
P18,3	201	201
P24,1	202	202
P39,1	203	203
P20,3	204	204
P40,1	205	205
P42,1	206	206
P36,1	207	207
P2,5	208	208
P33,1	209	209
P21,3	210	210
P15,1	211	211
P12,4	212	212
P8,4	213	213
P37,1	214	214
P41,1	215	215
P45,1	216	216
P38,1	217	217
P3,1	218	218
P7,5	219	219
P26,3	220	220
P24,1	221	221
P6,5	222	222
P46,1	223	223
P13,4	224	224
P32,1	225	225
P30,2	226	226
P47,1	227	227
P36,1	228	228
P2,5	229	229
P33,1	230	230
P48,1	231	231
P12,4	232	232
P8,4	233	233
P37,1	234	234
P41,1	235	235
P4,5	236	236
P50,1	237	237
P38,1	238	238
P28,2	239	239
P35,1	240	240
P34,2	241	241
P51,1	242	242
P13,4	243	243
P32,1	244	244
P19,4	245	245
P53,1	246	246
P42,1	247	247
P16,3	248	248
P2,5	249	249
P1,1	250	250
P15,1	251	251
P12,4	252	252
P29,2	253	253
P23,2	254	254
P41,1	255	255
P31,2	256	256
P14,4	257	257
P50,1	258	258
P38,1	259	259
P28,2	260	260
P26,3	261	261
P57,1	262	262
P24,1	263	263
P39,1	264	264
P17,4	265	265
P13,4	266	266
P58,1	267	267
P22,3	268	268
P19,4	269	269
P30,2	270	270
P10,4	271	271
P47,1	272	272
P43,1	273	273
P25,3	274	274
P54,1	275	275
P61,1	276	276
P33,1	277	277
P48,1	278	278
P29,2	279	279
P23,2	280	280
P49,1	281	281
P14,4	282	282
P45,1	283	283
P27,1	284	284
P62,1	285	285
P55,1	286	286
P57,1	287	287
P24,1	288	288
P39,1	289	289
P11,4	290	290
P51,1	291	291
P9,5	292	292
P64,1	293	293
P32,1	294	294
P59,1	295	295
P52,1	296	296
P30,2	297	297
P53,1	298	298
P47,1	299	299
P6,6	300	300
P60,1	301	301
P7,6	302	302
P67,1	303	303
P1,1	304	304
P33,1	305	305
P69,1	306	306
P15,1	307	307
P70,1	308	308
P29,2	309	309
P49,1	310	310
P28,3	311	311
P14,4	312	312
P45,1	313	313
P50,1	314	314
P38,1	315	315
P3,1	316	316
P57,1	317	317
P18,4	318	318
P63,1	319	319
P2,6	320	320
P73,1	321	321
P74,1	322	322
P64,1	323	323
P35,2	324	324
P31,3	325	325
P59,1	326	326
P76,1	327	327
P52,1	328	328
P37,2	329	329
P5,6	330	330
P65,1	331	331
P77,1	332	332
P21,5	333	333
P6,6	334	334
P43,1	335	335
P25,3	336	336
P54,1	337	337
P1,1	338	338
P44,2	339	339
P68,1	340	340
P78,1	341	341
P15,1	342	342
P48,1	343	343
P56,2	344	344
P39,2	345	345
P49,1	346	346
P28,3	347	347
P45,1	348	348
P41,2	349	349
P27,1	350	350
P62,1	351	351
P79,1	352	352
P72,1	353	353
P24,1	354	354
P7,7	355	355
P2,6	356	356
P34,3	357	357
P73,1	358	358
P13,4	359	359
P81,1	360	360
P36,3	361	361
P32,1	362	362
P76,1	363	363
P37,2	364	364
P5,6	365	365
P20,5	366	366
P42,2	367	367
P67,2	368	368
P23,3	369	369
P60,1	370	370
P54,1	371	371
P14,5	372	372
P1,1	373	373
P61,2	374	374
P33,1	375	375
P58,2	376	376
P78,1	377	377
P15,1	378	378
P10,5	379	379
P70,1	380	380
P39,2	381	381
P49,1	382	382
P71,1	383	383
P4,6	384	384
P19,5	385	385
P41,2	386	386
P50,1	387	387
P38,1	388	388
P47,2	389	389
P75,2	390	390
P72,1	391	391
P24,1	392	392
P7,7	393	393
P53,2	394	394
P80,1	395	395
P51,1	396	396
P31,4	397	397
P25,4	398	398
P88,1	399	399
P81,1	400	400
P36,3	401	401
P35,2	402	402
P30,3	403	403
P52,1	404	404
P82,1	405	405
P83,1	406	406
P42,2	407	407
P84,1	408	408
P23,3	409	409
P60,1	410	410
P40,3	411	411
P16,4	412	412
P85,1	413	413
P91,1	414	414
P44,2	415	415
P68,1	416	416
P69,1	417	417
P93,1	418	418
P15,1	419	419
P22,4	420	420
P45,2	421	421
P39,2	422	422
P57,2	423	423
P4,6	424	424
P86,1	425	425
P95,1	426	426
P11,5	427	427
P27,1	428	428
P62,1	429	429
P3,1	430	430
P55,1	431	431
P13,5	432	432
P24,1	433	433
P7,7	434	434
P53,2	435	435
P80,1	436	436
P51,1	437	437
P31,4	438	438
P25,4	439	439
P81,1	440	440
P36,3	441	441
P35,2	442	442
P97,1	443	443
P37,2	444	444
P12,6	445	445
P83,1	446	446
P42,2	447	447
P89,1	448	448
P66,1	449	449
P43,1	450	450
P90,1	451	451
P14,5	452	452
P98,1	453	453
P85,1	454	454
P74,2	455	455
P91,1	456	456
P44,2	457	457
P58,2	458	458
P93,1	459	459
P15,1	460	460
P29,3	461	461
P77,3	462	462
P99,1	463	463
P100,1	464	464
P57,2	465	465
P71,1	466	466
P65,2	467	467
P101,1	468	468
P19,5	469	469
P88,2	470	470
P11,5	471	471
P28,5	472	472
P27,1	473	473
P2,7	474	474
P3,1	475	475
P76,2	476	476
P13,5	477	477
P24,1	478	478
P68,2	479	479
P7,7	480	480
P53,2	481	481
P96,1	482	482
P34,3	483	483
P104,1	484	484
P73,1	485	485
P56,3	486	486
P25,4	487	487
P70,2	488	488
P30,4	489	489
P97,1	490	490
P106,1	491	491
P39,3	492	492
P83,1	493	493
P18,5	494	494
P62,2	495	495
P23,3	496	496
P50,2	497	497
P40,3	498	498
P55,2	499	499
P98,1	500	500
P1,1	501	501
P87,2	502	502
P91,1	503	503
P92,1	504	504
P58,2	505	505
P94,1	506	506
P8,6	507	507
P29,3	508	508
P22,4	509	509
P99,1	510	510
P82,2	511	511
P75,3	512	512
P65,2	513	513
P60,2	514	514
P88,2	515	515
P9,6	516	516
P102,1	517	517
P17,5	518	518
P36,4	519	519
P38,1	520	520
P3,1	521	521
P79,2	522	522
P64,2	523	523
P13,5	524	524
P24,1	525	525
P68,2	526	526
P66,2	527	527
P7,7	528	528
P57,3	529	529
P53,2	530	530
P96,1	531	531
P51,1	532	532
P105,1	533	533
P113,1	534	534
P49,3	535	535
P56,3	536	536
P59,2	537	537
P44,3	538	538
P10,6	539	539
P115,1	540	540
P93,2	541	541
P106,1	542	542
P39,3	543	543
P83,1	544	544
P18,5	545	545
P74,3	546	546
P62,2	547	547
P43,1	548	548
P117,1	549	549
P95,2	550	550
P98,1	551	551
P107,1	552	552
P87,2	553	553
P2,8	554	554
P78,2	555	555
P33,1	556	556
P69,1	557	557
P15,1	558	558
P72,2	559	559
P77,3	560	560
P109,1	561	561
P100,1	562	562
P41,3	563	563
P86,1	564	564
P14,6	565	565
P97,2	566	566
P120,1	567	567
P11,5	568	568
P27,1	569	569
P84,2	570	570
P26,5	571	571
P111,1	572	572
P121,1	573	573
P64,2	574	574
P13,5	575	575
P24,1	576	576
P103,1	577	577
P66,2	578	578
P67,4	579	579
P54,2	580	580
P96,1	581	581
P29,4	582	582
P51,1	583	583
P40,4	584	584
P105,1	585	585
P36,5	586	586
P49,3	587	587
P56,3	588	588
P94,2	589	589
P4,7	590	590
P44,3	591	591
P81,1	592	592
P17,6	593	593
P115,1	594	594
P32,1	595	595
P8,7	596	596
P106,1	597	597
P48,3	598	598
P83,1	599	599
P18,5	600	600
P74,3	601	601
P62,2	602	602
P43,1	603	603
P50,2	604	604
P125,1	605	605
P95,2	606	606
P55,2	607	607
P107,1	608	608
P91,1	609	609
P80,2	610	610
P33,1	611	611
P69,1	612	612
P119,1	613	613
P59,3	614	614
P108,1	615	615
P46,5	616	616
P109,1	617	617
P100,1	618	618
P41,3	619	619
P25,5	620	620
P60,2	621	621
P19,5	622	622
P120,1	623	623
P42,3	624	624
P129,1	625	625
P23,4	626	626
P27,1	627	627
P35,3	628	628
P131,1	629	629
P38,1	630	630
P2,9	631	631
P79,2	632	632
P76,2	633	633
P37,3	634	634
P98,2	635	635
P24,1	636	636
P103,1	637	637
P39,4	638	638
P66,2	639	639
P63,1	640	640
P57,3	641	641
P53,2	642	642
P135,1	643	643
P29,4	644	644
P51,1	645	645
P75,4	646	646
P40,4	647	647
P137,1	648	648
P104,1	649	649
P86,2	650	650
P114,1	651	651
P31,4	652	652
P16,5	653	653
P139,1	654	654
P101,3	655	655
P87,3	656	656
P81,1	657	657
P17,6	658	658
P115,1	659	659
P65,3	660	660
P111,2	661	661
P8,7	662	662
P106,1	663	663
P48,3	664	664
P83,1	665	665
P18,5	666	666
P116,1	667	667
P20,7	668	668
P110,2	669	669
P141,1	670	670
P9,7	671	671
P125,1	672	672
P95,2	673	673
P55,2	674	674
P107,1	675	675
P91,1	676	676
P80,2	677	677
P143,1	678	678
P33,1	679	679
P28,6	680	680
P15,1	681	681
P128,1	682	682
P144,1	683	683
P46,5	684	684
P82,2	685	685
P113,2	686	686
P112,2	687	687
P70,3	688	688
P90,3	689	689
P145,1	690	690
P120,1	691	691
P42,3	692	692
P130,1	693	693
P30,5	694	694
P27,1	695	695
P47,4	696	696
P84,2	697	697
P132,1	698	698
P50,3	699	699
P26,5	700	700
P3,1	701	701
P148,1	702	702
P13,5	703	703
P85,2	704	704
P89,2	705	705
P133,1	706	706
P66,2	707	707
P63,1	708	708
P109,2	709	709
P96,1	710	710
P61,3	711	711
P88,3	712	712
P34,5	713	713
P122,1	714	714
P150,1	715	715
P137,1	716	716
P78,3	717	717
P105,1	718	718
P73,1	719	719
P121,2	720	720
P151,1	721	721
P138,1	722	722
P19,6	723	723
P139,1	724	724
P22,5	725	725
P44,3	726	726
P123,1	727	727
P17,6	728	728
P140,1	729	729
P152,1	730	730
P153,1	731	731
P111,2	732	732
P76,3	733	733
P8,7	734	734
P7,8	735	735
P83,1	736	736
P45,3	737	737
P36,6	738	738
P156,1	739	739
P20,7	740	740
P110,2	741	741
P54,3	742	742
P9,7	743	743
P118,1	744	744
P55,2	745	745
P107,1	746	746
P1,1	747	747
P157,1	748	748
P143,1	749	749
P92,1	750	750
P69,1	751	751
P119,1	752	752
P59,3	753	753
P108,1	754	754
P77,3	755	755
P99,1	756	756
P18,6	757	757
P112,2	758	758
P70,3	759	759
P90,3	760	760
P14,6	761	761
P146,1	762	762
P12,7	763	763
P160,1	764	764
P23,4	765	765
P161,1	766	766
P27,1	767	767
P47,4	768	768
P84,2	769	769
P65,4	770	770
P132,1	771	771
P38,1	772	772
P106,2	773	773
P26,5	774	774
P3,1	775	775
P141,2	776	776
P163,1	777	777
P24,1	778	778
P103,1	779	779
P39,4	780	780
P63,1	781	781
P109,2	782	782
P164,1	783	783
P135,1	784	784
P29,4	785	785
P51,1	786	786
P75,4	787	787
P40,4	788	788
P137,1	789	789
P25,6	790	790
P13,6	791	791
P105,1	792	792
P82,3	793	793
P73,1	794	794
P98,3	795	795
P121,2	796	796
P37,4	797	797
P148,2	798	798
P94,2	799	799
P120,2	800	800
P22,5	801	801
P64,3	802	802
P123,1	803	803
P66,3	804	804
P17,6	805	805
P34,6	806	806
P115,1	807	807
P72,3	808	808
P32,1	809	809
P76,3	810	810
P167,1	811	811
P48,3	812	812
P53,3	813	813
P155,1	814	814
P116,1	815	815
P74,3	816	816
P2,10	817	817
P87,4	818	818
P54,3	819	819
P124,1	820	820
P170,1	821	821
P95,2	822	822
P71,2	823	823
P134,2	824	824
P127,1	825	825
P142,1	826	826
P67,5	827	827
P33,1	828	828
P172,1	829	829
P111,3	830	830
P59,3	831	831
P151,2	832	832
P46,5	833	833
P158,1	834	834
P113,2	835	835
P56,4	836	836
P93,3	837	837
P173,1	838	838
P14,6	839	839
P146,1	840	840
P12,7	841	841
P80,3	842	842
P153,2	843	843
P174,1	844	844
P147,1	845	845
P35,3	846	846
P119,2	847	847
P6,8	848	848
P9,8	849	849
P91,2	850	850
P176,1	851	851
P106,2	852	852
P60,3	853	853
P3,1	854	854
P77,4	855	855
P85,2	856	856
P110,3	857	857
P126,2	858	858
P89,2	859	859
P108,2	860	860
P39,4	861	861
P63,1	862	862
P177,1	863	863
P164,1	864	864
P135,1	865	865
P61,3	866	866
P10,8	867	867
P51,1	868	868
P75,4	869	869
P40,4	870	870
P136,1	871	871
P161,2	872	872
P179,1	873	873
P13,6	874	874
P105,1	875	875
P112,3	876	876
P86,2	877	877
P141,3	878	878
P98,3	879	879
P114,1	880	880
P160,2	881	881
P37,4	882	882
P148,2	883	883
P94,2	884	884
P65,5	885	885
P22,5	886	886
P64,3	887	887
P130,2	888	888
P81,1	889	889
P166,1	890	890
P102,2	891	891
P140,1	892	892
P152,1	893	893
P58,4	894	894
P150,2	895	895
P154,1	896	896
P8,7	897	897
P52,1	898	898
P83,1	899	899
P96,2	900	900
P36,6	901	901
P156,1	902	902
P101,4	903	903
P109,3	904	904
P54,3	905	905
P124,1	906	906
P125,1	907	907
P171,1	908	908
P1,1	909	909
P142,1	910	910
P44,4	911	911
P67,5	912	912
P33,1	913	913
P172,1	914	914
P28,6	915	915
P15,1	916	916
P74,4	917	917
P151,2	918	918
P46,5	919	919
P18,6	920	920
P16,6	921	921
P70,3	922	922
P95,3	923	923
P173,1	924	924
P14,6	925	925
P146,1	926	926
P80,3	927	927
P27,1	928	928
P45,4	929	929
P47,4	930	930
P119,2	931	931
P20,8	932	932
P132,1	933	933
P55,3	934	934
P38,1	935	935
P50,3	936	936
P60,3	937	937
P127,2	938	938
P3,1	939	939
P162,1	940	940
P163,1	941	941
P170,2	942	942
P24,1	943	943
P108,2	944	944
P149,1	945	945
P177,1	946	946
P164,1	947	947
P107,2	948	948
P29,4	949	949
P159,2	950	950
P88,3	951	951
P153,3	952	952
P75,4	953	953
P122,1	954	954
P136,1	955	955
P137,1	956	956
P25,6	957	957
P13,6	958	958
P105,1	959	959
P82,3	960	960
P23,5	961	961
P182,1	962	962
P131,2	963	963
P57,4	964	964
P121,2	965	965
P138,1	966	966
P19,6	967	967
P89,3	968	968
P65,5	969	969
P133,2	970	970
P84,3	971	971
P64,3	972	972
P62,4	973	973
P81,1	974	974
P17,6	975	975
P135,2	976	976
P102,2	977	977
P115,1	978	978
P72,3	979	979
P165,2	980	980
P32,1	981	981
P8,7	982	982
P52,1	983	983
P83,1	984	984
P53,3	985	985
P155,1	986	986
P156,1	987	987
P101,4	988	988
P87,4	989	989
P184,1	990	990
P54,3	991	991
P168,1	992	992
P125,1	993	993
P1,1	994	994
P142,1	995	995
P139,2	996	996
P143,1	997	997
P92,1	998	998
P69,1	999	999
P37,5	1000	1000
P28,6	1001	1001
P111,3	1002	1002
P74,4	1003	1003
P16,6	1004	1004
P56,4	1005	1005
P95,3	1006	1006
P90,3	1007	1007
P31,5	1008	1008
P146,1	1009	1009
P80,3	1010	1010
P171,2	1011	1011
P27,1	1012	1012
P104,3	1013	1013
P119,2	1014	1014
P175,1	1015	1015
P91,2	1016	1016
P124,2	1017	1017
P50,3	1018	1018
P106,2	1019	1019
P116,2	1020	1020
P127,2	1021	1021
P100,2	1022	1022
P77,4	1023	1023
P12,8	1024	1024
P144,2	1025	1025
P170,2	1026	1026
P24,1	1027	1027
P108,2	1028	1028
P63,1	1029	1029
P11,6	1030	1030
P117,2	1031	1031
P10,8	1032	1032
P6,9	1033	1033
P153,3	1034	1034
P26,6	1035	1035
P178,1	1036	1036
P59,4	1037	1037
P158,2	1038	1038
P161,2	1039	1039
P45,5	1040	1040
P179,1	1041	1041
P180,1	1042	1042
P47,5	1043	1043
P82,3	1044	1044
P23,5	1045	1045
P182,1	1046	1046
P131,2	1047	1047
P98,3	1048	1048
P99,2	1049	1049
P148,2	1050	1050
P89,3	1051	1051
P9,9	1052	1052
P35,4	1053	1053
P75,5	1054	1054
P68,3	1055	1055
P79,3	1056	1056
P130,2	1057	1057
P81,1	1058	1058
P85,3	1059	1059
P135,2	1060	1060
P102,2	1061	1061
P152,1	1062	1062
P122,2	1063	1063
P165,2	1064	1064
P52,1	1065	1065
P88,4	1066	1066
P83,1	1067	1067
P53,3	1068	1068
P61,4	1069	1069
P86,3	1070	1070
P87,4	1071	1071
P184,1	1072	1072
P43,1	1073	1073
P168,1	1074	1074
P125,1	1075	1075
P94,3	1076	1076
P157,1	1077	1077
P154,2	1078	1078
P140,2	1079	1079
P143,1	1080	1080
P33,1	1081	1081
P172,1	1082	1082
P41,5	1083	1083
P111,3	1084	1084
P133,3	1085	1085
P16,6	1086	1086
P48,4	1087	1087
P17,7	1088	1088
P95,3	1089	1089
P173,1	1090	1090
P146,1	1091	1091
P169,2	1092	1092
P71,3	1093	1093
P27,1	1094	1094
P54,4	1095	1095
P104,3	1096	1096
P49,5	1097	1097
P175,1	1098	1098
P38,1	1099	1099
P186,1	1100	1100
P96,3	1101	1101
P128,2	1102	1102
P74,5	1103	1103
P97,5	1104	1104
P28,7	1105	1105
P3,1	1106	1106
P162,1	1107	1107
P144,2	1108	1108
P110,3	1109	1109
P42,4	1110	1110
P103,1	1111	1111
P63,1	1112	1112
P11,6	1113	1113
P159,2	1114	1114
P187,1	1115	1115
P153,3	1116	1116
P26,6	1117	1117
P31,6	1118	1118
P178,1	1119	1119
P59,4	1120	1120
P158,2	1121	1121
P137,1	1122	1122
P70,4	1123	1123
P118,3	1124	1124
P13,6	1125	1125
P108,3	1126	1126
P47,5	1127	1127
P82,3	1128	1128
P23,5	1129	1129
P132,2	1130	1130
P117,3	1131	1131
P131,2	1132	1132
P14,7	1133	1133
P30,6	1134	1134
P99,2	1135	1135
P160,2	1136	1136
P60,4	1137	1137
P89,3	1138	1138
P9,9	1139	1139
P35,4	1140	1140
P50,4	1141	1141
P75,5	1142	1142
P163,2	1143	1143
P79,3	1144	1144
P170,3	1145	1145
P81,1	1146	1146
P85,3	1147	1147
P135,2	1148	1148
P102,2	1149	1149
P115,1	1150	1150
P122,2	1151	1151
P32,1	1152	1152
P29,5	1153	1153
P83,1	1154	1154
P20,10	1155	1155
P155,1	1156	1156
P86,3	1157	1157
P101,4	1158	1158
P184,1	1159	1159
P43,1	1160	1160
P168,1	1161	1161
P125,1	1162	1162
P94,3	1163	1163
P154,2	1164	1164
P140,2	1165	1165
P143,1	1166	1166
P33,1	1167	1167
P72,4	1168	1168
P172,1	1169	1169
P41,5	1170	1170
P111,3	1171	1171
P133,3	1172	1172
P16,6	1173	1173
P156,2	1174	1174
P78,5	1175	1175
P76,4	1176	1176
P64,4	1177	1177
P169,2	1178	1178
P157,2	1179	1179
P62,5	1180	1180
P2,11	1181	1181
P53,4	1182	1182
P104,3	1183	1183
P181,1	1184	1184
P7,10	1185	1185
P124,2	1186	1186
P8,8	1187	1187
P142,2	1188	1188
P128,2	1189	1189
P106,2	1190	1190
P189,1	1191	1191
P28,7	1192	1192
P109,4	1193	1193
P162,1	1194	1194
P17,8	1195	1195
P24,1	1196	1196
P171,3	1197	1197
P177,1	1198	1198
P159,2	1199	1199
P187,1	1200	1200
P51,1	1201	1201
P26,6	1202	1202
P123,3	1203	1203
P178,1	1204	1204
P59,4	1205	1205
P91,3	1206	1206
P71,4	1207	1207
P70,4	1208	1208
P118,3	1209	1209
P13,6	1210	1210
P190,1	1211	1211
P47,5	1212	1212
P126,3	1213	1213
P164,2	1214	1214
P49,6	1215	1215
P117,3	1216	1216
P31,7	1217	1217
P14,7	1218	1218
P113,4	1219	1219
P99,2	1220	1220
P42,5	1221	1221
P149,2	1222	1222
P60,4	1223	1223
P89,3	1224	1224
P9,9	1225	1225
P147,2	1226	1226
P12,9	1227	1227
P75,5	1228	1228
P188,1	1229	1229
P110,4	1230	1230
P37,7	1231	1231
P39,5	1232	1232
P135,2	1233	1233
P102,2	1234	1234
P115,1	1235	1235
P152,1	1236	1236
P108,4	1237	1237
P32,1	1238	1238
P29,5	1239	1239
P20,10	1240	1240
P155,1	1241	1241
P86,3	1242	1242
P23,6	1243	1243
P43,1	1244	1244
P22,6	1245	1245
P163,3	1246	1246
P57,5	1247	1247
P131,3	1248	1248
P154,2	1249	1249
P140,2	1250	1250
P92,1	1251	1251
P120,3	1252	1252
P69,1	1253	1253
P79,4	1254	1254
P114,2	1255	1255
P15,1	1256	1256
P160,3	1257	1257
P16,6	1258	1258
P156,2	1259	1259
P78,5	1260	1260
P76,4	1261	1261
P146,1	1262	1262
P150,3	1263	1263
P62,5	1264	1264
P27,1	1265	1265
P191,1	1266	1266
P85,4	1267	1267
P54,4	1268	1268
P192,1	1269	1269
P68,5	1270	1270
P104,3	1271	1271
P181,1	1272	1272
P175,1	1273	1273
P124,2	1274	1274
P186,1	1275	1275
P142,2	1276	1276
P189,1	1277	1277
P28,7	1278	1278
P109,4	1279	1279
P44,5	1280	1280
P17,8	1281	1281
P93,4	1282	1282
P103,1	1283	1283
P63,1	1284	1284
P159,2	1285	1285
P187,1	1286	1286
P48,5	1287	1287
P26,6	1288	1288
P123,3	1289	1289
P178,1	1290	1290
P59,4	1291	1291
P158,2	1292	1292
P137,1	1293	1293
P169,3	1294	1294
P161,2	1295	1295
P7,11	1296	1296
P151,3	1297	1297
P179,1	1298	1298
P190,1	1299	1299
P47,5	1300	1300
P8,9	1301	1301
P126,3	1302	1302
P132,2	1303	1303
P117,3	1304	1304
P73,1	1305	1305
P127,3	1306	1306
P106,3	1307	1307
P193,1	1308	1308
P177,2	1309	1309
P42,5	1310	1310
P60,4	1311	1311
P18,8	1312	1312
P136,2	1313	1313
P13,7	1314	1314
P147,2	1315	1315
P12,9	1316	1316
P183,1	1317	1317
P170,3	1318	1318
P37,7	1319	1319
P164,3	1320	1320
P135,2	1321	1321
P100,3	1322	1322
P30,7	1323	1323
P122,2	1324	1324
P32,1	1325	1325
P112,4	1326	1326
P98,4	1327	1327
P20,10	1328	1328
P155,1	1329	1329
P23,6	1330	1330
P121,3	1331	1331
P19,7	1332	1332
P49,7	1333	1333
P168,1	1334	1334
P125,1	1335	1335
P131,3	1336	1336
P154,2	1337	1337
P10,10	1338	1338
P143,1	1339	1339
P33,1	1340	1340
P69,1	1341	1341
P167,2	1342	1342
P15,1	1343	1343
P160,3	1344	1344
P138,2	1345	1345
P108,5	1346	1346
P78,5	1347	1347
P40,6	1348	1348
P64,4	1349	1349
P165,3	1350	1350
P82,5	1351	1351
P87,5	1352	1352
P2,11	1353	1353
P84,4	1354	1354
P54,4	1355	1355
P192,1	1356	1356
P68,5	1357	1357
P104,3	1358	1358
P166,2	1359	1359
P101,5	1360	1360
P86,4	1361	1361
P124,2	1362	1362
P41,6	1363	1363
P96,3	1364	1364
P189,1	1365	1365
P28,7	1366	1366
P107,5	1367	1367
P3,1	1368	1368
P163,4	1369	1369
P44,5	1370	1370
P17,8	1371	1371
P93,4	1372	1372
P103,1	1373	1373
P171,3	1374	1374
P90,4	1375	1375
P187,1	1376	1376
P80,4	1377	1377
P173,2	1378	1378
P26,6	1379	1379
P16,7	1380	1380
P158,2	1381	1381
P137,1	1382	1382
P141,6	1383	1383
P118,3	1384	1384
P176,2	1385	1385
P190,1	1386	1386
P47,5	1387	1387
P8,9	1388	1388
P56,5	1389	1389
P116,3	1390	1390
P117,3	1391	1391
P31,7	1392	1392
P159,3	1393	1393
P106,3	1394	1394
P193,1	1395	1395
P177,2	1396	1396
P153,4	1397	1397
P45,6	1398	1398
P9,9	1399	1399
P66,6	1400	1400
P46,7	1401	1401
P12,9	1402	1402
P183,1	1403	1403
P188,1	1404	1404
P71,5	1405	1405
P81,1	1406	1406
P39,5	1407	1407
P145,3	1408	1408
P11,7	1409	1409
P70,5	1410	1410
P30,7	1411	1411
P122,2	1412	1412
P161,3	1413	1413
P52,1	1414	1414
P83,1	1415	1415
P148,3	1416	1416
P184,1	1417	1417
P194,1	1418	1418
P43,1	1419	1419
P49,7	1420	1420
P168,1	1421	1421
P125,1	1422	1422
P131,3	1423	1423
P154,2	1424	1424
P102,3	1425	1425
P10,10	1426	1426
P196,1	1427	1427
P18,9	1428	1428
P33,1	1429	1429
P69,1	1430	1430
P114,2	1431	1431
P89,4	1432	1432
P160,3	1433	1433
P110,5	1434	1434
P78,5	1435	1435
P76,4	1436	1436
P146,1	1437	1437
P165,3	1438	1438
P87,5	1439	1439
P27,1	1440	1440
P35,5	1441	1441
P191,1	1442	1442
P22,7	1443	1443
P100,4	1444	1444
P192,1	1445	1445
P130,3	1446	1446
P104,3	1447	1447
P166,2	1448	1448
P181,1	1449	1449
P175,1	1450	1450
P95,4	1451	1451
P124,2	1452	1452
P41,6	1453	1453
P142,2	1454	1454
P82,6	1455	1455
P140,3	1456	1456
P107,5	1457	1457
P3,1	1458	1458
P163,4	1459	1459
P44,5	1460	1460
P17,8	1461	1461
P139,3	1462	1462
P24,1	1463	1463
P195,1	1464	1464
P63,1	1465	1465
P187,1	1466	1466
P80,4	1467	1467
P173,2	1468	1468
P51,1	1469	1469
P16,7	1470	1470
P137,1	1471	1471
P141,6	1472	1472
P176,2	1473	1473
P180,1	1474	1474
P105,1	1475	1475
P62,6	1476	1476
P198,1	1477	1477
P174,2	1478	1478
P85,5	1479	1479
P73,1	1480	1480
P127,3	1481	1481
P14,7	1482	1482
P6,10	1483	1483
P193,1	1484	1484
P185,1	1485	1485
P97,6	1486	1486
P136,2	1487	1487
P13,7	1488	1488
P46,7	1489	1489
P12,9	1490	1490
P134,4	1491	1491
P188,1	1492	1492
P170,3	1493	1493
P151,4	1494	1494
P37,7	1495	1495
P158,3	1496	1496
P145,3	1497	1497
P11,7	1498	1498
P117,4	1499	1499
P115,1	1500	1500
P153,5	1501	1501
P122,2	1502	1502
P161,3	1503	1503
P112,4	1504	1504
P199,1	1505	1505
P83,1	1506	1506
P155,1	1507	1507
P132,3	1508	1508
P157,4	1509	1509
P43,1	1510	1510
P128,4	1511	1511
P168,1	1512	1512
P125,1	1513	1513
P1,1	1514	1514
P10,10	1515	1515
P196,1	1516	1516
P92,1	1517	1517
P69,1	1518	1518
P79,4	1519	1519
P89,4	1520	1520
P123,5	1521	1521
P135,3	1522	1522
P66,7	1523	1523
P78,5	1524	1524
P58,5	1525	1525
P146,1	1526	1526
P165,3	1527	1527
P87,5	1528	1528
P197,1	1529	1529
P2,11	1530	1530
P147,4	1531	1531
P191,1	1532	1532
P22,7	1533	1533
P29,6	1534	1534
P192,1	1535	1535
P130,3	1536	1536
P94,4	1537	1537
P154,3	1538	1538
P181,1	1539	1539
P175,1	1540	1540
P95,4	1541	1541
P38,1	1542	1542
P41,6	1543	1543
P189,1	1544	1544
P28,7	1545	1545
P61,5	1546	1546
P3,1	1547	1547
P163,4	1548	1548
P44,5	1549	1549
P17,8	1550	1550
P110,6	1551	1551
P34,8	1552	1552
P93,4	1553	1553
P103,1	1554	1554
P166,3	1555	1555
P18,10	1556	1556
P187,1	1557	1557
P80,4	1558	1558
P114,3	1559	1559
P51,1	1560	1560
P137,1	1561	1561
P104,4	1562	1562
P141,6	1563	1563
P176,2	1564	1564
P180,1	1565	1565
P105,1	1566	1566
P198,1	1567	1567
P174,2	1568	1568
P85,5	1569	1569
P73,1	1570	1570
P31,7	1571	1571
P6,10	1572	1572
P113,4	1573	1573
P144,3	1574	1574
P91,4	1575	1575
P171,4	1576	1576
P46,7	1577	1577
P12,9	1578	1578
P183,1	1579	1579
P188,1	1580	1580
P170,3	1581	1581
P71,5	1582	1582
P62,7	1583	1583
P37,7	1584	1584
P47,6	1585	1585
P145,3	1586	1586
P11,7	1587	1587
P117,4	1588	1588
P115,1	1589	1589
P30,7	1590	1590
P159,4	1591	1591
P152,1	1592	1592
P127,4	1593	1593
P112,4	1594	1594
P52,1	1595	1595
P9,10	1596	1596
P83,1	1597	1597
P155,1	1598	1598
P132,3	1599	1599
P157,4	1600	1600
P178,3	1601	1601
P168,1	1602	1602
P125,1	1603	1603
P55,5	1604	1604
P196,1	1605	1605
P33,1	1606	1606
P97,7	1607	1607
P15,1	1608	1608
P123,5	1609	1609
P66,7	1610	1610
P200,1	1611	1611
P39,6	1612	1612
P99,4	1613	1613
P87,5	1614	1614
P27,1	1615	1615
P147,4	1616	1616
P191,1	1617	1617
P10,11	1618	1618
P121,4	1619	1619
P29,6	1620	1620
P129,4	1621	1621
P131,4	1622	1622
P94,4	1623	1623
P65,7	1624	1624
P23,7	1625	1625
P135,4	1626	1626
P175,1	1627	1627
P45,8	1628	1628
P95,4	1629	1629
P133,4	1630	1630
P38,1	1631	1631
P41,6	1632	1632
P186,1	1633	1633
P82,6	1634	1634
P89,5	1635	1635
P3,1	1636	1636
P163,4	1637	1637
P44,5	1638	1638
P17,8	1639	1639
P102,4	1640	1640
P53,5	1641	1641
P103,1	1642	1642
P63,1	1643	1643
P187,1	1644	1644
P80,4	1645	1645
P114,3	1646	1646
P54,5	1647	1647
P16,7	1648	1648
P108,6	1649	1649
P104,4	1650	1650
P40,7	1651	1651
P141,6	1652	1652
P176,2	1653	1653
P96,4	1654	1654
P84,5	1655	1655
P105,1	1656	1656
P198,1	1657	1657
P68,6	1658	1658
P56,5	1659	1659
P73,1	1660	1660
P31,7	1661	1661
P48,6	1662	1662
P34,9	1663	1663
P193,1	1664	1664
P185,1	1665	1665
P90,5	1666	1666
P171,4	1667	1667
P12,9	1668	1668
P59,5	1669	1669
P26,7	1670	1670
P169,4	1671	1671
P71,5	1672	1672
P151,4	1673	1673
P81,1	1674	1674
P47,6	1675	1675
P6,11	1676	1676
P117,4	1677	1677
P115,1	1678	1678
P91,5	1679	1679
P153,5	1680	1680
P136,3	1681	1681
P32,1	1682	1682
P119,4	1683	1683
P52,1	1684	1684
P9,10	1685	1685
P155,1	1686	1686
P184,1	1687	1687
P194,1	1688	1688
P43,1	1689	1689
P170,4	1690	1690
P168,1	1691	1691
P125,1	1692	1692
P1,1	1693	1693
P143,1	1694	1694
P145,4	1695	1695
P33,1	1696	1696
P97,7	1697	1697
P15,1	1698	1698
P14,8	1699	1699
P122,3	1700	1700
P60,5	1701	1701
P200,1	1702	1702
P37,8	1703	1703
P99,4	1704	1704
P164,4	1705	1705
P197,1	1706	1706
P35,5	1707	1707
P191,1	1708	1708
P148,4	1709	1709
P29,6	1710	1710
P129,4	1711	1711
P131,4	1712	1712
P75,7	1713	1713
P23,7	1714	1714
P135,4	1715	1715
P128,5	1716	1716
P95,4	1717	1717
P133,4	1718	1718
P38,1	1719	1719
P64,5	1720	1720
P189,1	1721	1721
P98,5	1722	1722
P89,5	1723	1723
P156,3	1724	1724
P163,4	1725	1725
P162,1	1726	1726
P110,6	1727	1727
P24,1	1728	1728
P195,1	1729	1729
P187,1	1730	1730
P72,5	1731	1731
P114,3	1732	1732
P54,5	1733	1733
P16,7	1734	1734
P101,6	1735	1735
P108,6	1736	1736
P138,3	1737	1737
P58,6	1738	1738
P76,5	1739	1739
P154,4	1740	1740
P96,4	1741	1741
P84,5	1742	1742
P190,1	1743	1743
P17,9	1744	1744
P28,8	1745	1745
P41,7	1746	1746
P20,13	1747	1747
P73,1	1748	1748
P18,11	1749	1749
P100,5	1750	1750
P193,1	1751	1751
P144,3	1752	1752
P166,4	1753	1753
P80,5	1754	1754
P46,7	1755	1755
P139,4	1756	1756
P183,1	1757	1757
P169,4	1758	1758
P61,6	1759	1759
P62,7	1760	1760
P158,3	1761	1761
P6,11	1762	1762
P117,4	1763	1763
P115,1	1764	1764
P91,5	1765	1765
P68,7	1766	1766
P153,5	1767	1767
P136,3	1768	1768
P32,1	1769	1769
P173,3	1770	1770
P119,4	1771	1771
P199,1	1772	1772
P83,1	1773	1773
P179,3	1774	1774
P132,3	1775	1775
P8,10	1776	1776
P157,4	1777	1777
P165,5	1778	1778
P141,7	1779	1779
P168,1	1780	1780
P12,10	1781	1781
P149,3	1782	1782
P11,8	1783	1783
P55,5	1784	1784
P196,1	1785	1785
P92,1	1786	1786
P69,1	1787	1787
P70,6	1788	1788
P85,6	1789	1789
P71,6	1790	1790
P122,3	1791	1791
P134,5	1792	1792
P39,6	1793	1793
P146,1	1794	1794
P106,5	1795	1795
P112,5	1796	1796
P26,8	1797	1797
P35,5	1798	1798
P191,1	1799	1799
P161,4	1800	1800
P192,1	1801	1801
P75,7	1802	1802
P135,4	1803	1803
P128,5	1804	1804
P170,5	1805	1805
P120,4	1806	1806
P172,2	1807	1807
P186,1	1808	1808
P98,5	1809	1809
P156,3	1810	1810
P163,4	1811	1811
P147,5	1812	1812
P110,6	1813	1813
P30,9	1814	1814
P24,1	1815	1815
P103,1	1816	1816
P63,1	1817	1817
P65,8	1818	1818
P72,5	1819	1819
P54,5	1820	1820
P16,7	1821	1821
P57,7	1822	1822
P101,6	1823	1823
P108,6	1824	1824
P138,3	1825	1825
P150,4	1826	1826
P82,7	1827	1827
P109,5	1828	1828
P84,5	1829	1829
P190,1	1830	1830
P17,9	1831	1831
P198,1	1832	1832
P129,5	1833	1833
P41,7	1834	1834
P174,2	1835	1835
P182,1	1836	1836
P44,6	1837	1837
P18,11	1838	1838
P100,5	1839	1839
P34,9	1840	1840
P2,13	1841	1841
P144,3	1842	1842
P166,4	1843	1843
P80,5	1844	1844
P53,6	1845	1845
P140,4	1846	1846
P87,7	1847	1847
P188,1	1848	1848
P107,6	1849	1849
P62,7	1850	1850
P158,3	1851	1851
P6,11	1852	1852
P117,4	1853	1853
P115,1	1854	1854
P91,5	1855	1855
P68,7	1856	1856
P96,5	1857	1857
P153,5	1858	1858
P32,1	1859	1859
P173,3	1860	1860
P119,4	1861	1861
P199,1	1862	1862
P155,1	1863	1863
P61,7	1864	1864
P194,1	1865	1865
P157,4	1866	1866
P43,1	1867	1867
P56,6	1868	1868
P86,6	1869	1869
P12,10	1870	1870
P125,1	1871	1871
P1,1	1872	1872
P196,1	1873	1873
P92,1	1874	1874
P33,1	1875	1875
P171,5	1876	1876
P70,6	1877	1877
P85,6	1878	1878
P71,6	1879	1879
P122,3	1880	1880
P60,5	1881	1881
P200,1	1882	1882
P37,8	1883	1883
P99,4	1884	1884
P126,5	1885	1885
P197,1	1886	1886
P9,11	1887	1887
P35,5	1888	1888
P148,4	1889	1889
P192,1	1890	1890
P75,7	1891	1891
P135,4	1892	1892
P128,5	1893	1893
P133,4	1894	1894
P38,1	1895	1895
P186,1	1896	1896
P98,5	1897	1897
P89,5	1898	1898
P3,1	1899	1899
P178,4	1900	1900
P142,5	1901	1901
P110,6	1902	1902
P50,6	1903	1903
P79,5	1904	1904
P103,1	1905	1905
P63,1	1906	1906
P29,7	1907	1907
P121,5	1908	1908
P54,5	1909	1909
P66,8	1910	1910
P172,3	1911	1911
P137,1	1912	1912
P104,4	1913	1913
P156,4	1914	1914
P82,7	1915	1915
P109,5	1916	1916
P84,5	1917	1917
P190,1	1918	1918
P17,9	1919	1919
P28,8	1920	1920
P19,9	1921	1921
P23,9	1922	1922
P20,13	1923	1923
P73,1	1924	1924
P95,5	1925	1925
P45,9	1926	1926
P193,1	1927	1927
P16,8	1928	1928
P185,1	1929	1929
P90,5	1930	1930
P53,6	1931	1931
P22,9	1932	1932
P183,1	1933	1933
P58,7	1934	1934
P169,4	1935	1935
P163,5	1936	1936
P81,1	1937	1937
P164,6	1938	1938
P93,5	1939	1939
P113,5	1940	1940
P102,5	1941	1941
P76,6	1942	1942
P153,5	1943	1943
P18,12	1944	1944
P32,1	1945	1945
P78,7	1946	1946
P199,1	1947	1947
P83,1	1948	1948
P179,3	1949	1949
P184,1	1950	1950
P8,10	1951	1951
P43,1	1952	1952
P56,6	1953	1953
P158,4	1954	1954
P59,6	1955	1955
P1,1	1956	1956
P143,1	1957	1957
P145,4	1958	1958
P144,4	1959	1959
P47,7	1960	1960
P33,1	1961	1961
P171,5	1962	1962
P62,8	1963	1963
P85,6	1964	1964
P127,5	1965	1965
P68,8	1966	1966
P167,5	1967	1967
P46,8	1968	1968
P200,1	1969	1969
P39,6	1970	1970
P146,1	1971	1971
P126,5	1972	1972
P197,1	1973	1973
P9,11	1974	1974
P12,11	1975	1975
P148,4	1976	1976
P161,4	1977	1977
P131,4	1978	1978
P94,7	1979	1979
P135,4	1980	1980
P128,5	1981	1981
P170,5	1982	1982
P136,4	1983	1983
P64,5	1984	1984
P189,1	1985	1985
P89,5	1986	1986
P3,1	1987	1987
P157,5	1988	1988
P162,1	1989	1989
P49,8	1990	1990
P24,1	1991	1991
P195,1	1992	1992
P97,8	1993	1993
P29,7	1994	1994
P121,5	1995	1995
P71,7	1996	1996
P114,3	1997	1997
P66,8	1998	1998
P57,7	1999	1999
P101,6	2000	2000
P112,6	2001	2001
P104,4	2002	2002
P40,7	2003	2003
P109,5	2004	2004
P130,4	2005	2005
P105,1	2006	2006
P198,1	2007	2007
P129,5	2008	2008
P41,7	2009	2009
P111,5	2010	2010
P182,1	2011	2011
P141,9	2012	2012
P95,5	2013	2013
P45,9	2014	2014
P193,1	2015	2015
P2,13	2016	2016
P156,5	2017	2017
P185,1	2018	2018
P90,5	2019	2019
P53,6	2020	2020
P139,4	2021	2021
P84,6	2022	2022
P58,7	2023	2023
P163,5	2024	2024
P81,1	2025	2025
P164,6	2026	2026
P115,1	2027	2027
P102,5	2028	2028
P76,6	2029	2029
P18,12	2030	2030
P32,1	2031	2031
P78,7	2032	2032
P199,1	2033	2033
P83,1	2034	2034
P61,7	2035	2035
P194,1	2036	2036
P176,3	2037	2037
P165,5	2038	2038
P158,4	2039	2039
P59,6	2040	2040
P1,1	2041	2041
P143,1	2042	2042
P93,6	2043	2043
P92,1	2044	2044
P166,5	2045	2045
P20,14	2046	2046
P33,1	2047	2047
P171,5	2048	2048
P70,6	2049	2049
P22,10	2050	2050
P85,6	2051	2051
P127,5	2052	2052
P122,3	2053	2053
P60,5	2054	2054
P200,1	2055	2055
P146,1	2056	2056
P126,5	2057	2057
P145,5	2058	2058
P197,1	2059	2059
P27,1	2060	2060
P191,1	2061	2061
P161,4	2062	2062
P124,5	2063	2063
P153,6	2064	2064
P175,1	2065	2065
P119,5	2066	2066
P150,6	2067	2067
P133,4	2068	2068
P14,9	2069	2069
P186,1	2070	2070
P149,4	2071	2071
P157,5	2072	2072
P162,1	2073	2073
P30,9	2074	2074
P103,1	2075	2075
P63,1	2076	2076
P29,7	2077	2077
P121,5	2078	2078
P71,7	2079	2079
P134,6	2080	2080
P51,1	2081	2081
P123,6	2082	2082
P137,1	2083	2083
P131,5	2084	2084
P140,6	2085	2085
P180,1	2086	2086
P190,1	2087	2087
P198,1	2088	2088
P19,9	2089	2089
P39,7	2090	2090
P147,6	2091	2091
P73,1	2092	2092
P54,6	2093	2093
P89,6	2094	2094
P193,1	2095	2095
P2,13	2096	2096
P16,8	2097	2097
P160,5	2098	2098
P64,6	2099	2099
P132,5	2100	2100
P109,6	2101	2101
P183,1	2102	2102
P87,7	2103	2103
P188,1	2104	2104
P114,4	2105	2105
P81,1	2106	2106
P164,6	2107	2107
P79,6	2108	2108
P96,5	2109	2109
P18,12	2110	2110
P152,1	2111	2111
P82,8	2112	2112
P52,1	2113	2113
P55,7	2114	2114
P83,1	2115	2115
P154,5	2116	2116
P155,1	2117	2117
P184,1	2118	2118
P8,10	2119	2119
P45,10	2120	2120
P165,5	2121	2121
P168,1	2122	2122
P177,3	2123	2123
P6,12	2124	2124
P1,1	2125	2125
P143,1	2126	2126
P44,7	2127	2127
P196,1	2128	2128
P28,9	2129	2129
P166,5	2130	2130
P47,7	2131	2131
P159,5	2132	2132
P69,1	2133	2133
P174,4	2134	2134
P22,10	2135	2135
P151,5	2136	2136
P179,4	2137	2137
P200,1	2138	2138
P169,5	2139	2139
P107,7	2140	2140
P197,1	2141	2141
P26,8	2142	2142
P191,1	2143	2143
P61,8	2144	2144
P124,5	2145	2145
P94,7	2146	2146
P175,1	2147	2147
P102,6	2148	2148
P136,4	2149	2149
P38,1	2150	2150
P85,7	2151	2151
P149,4	2152	2152
P162,1	2153	2153
P24,1	2154	2154
P127,6	2155	2155
P63,1	2156	2156
P12,12	2157	2157
P99,5	2158	2158
P86,7	2159	2159
P134,6	2160	2160
P51,1	2161	2161
P123,6	2162	2162
P137,1	2163	2163
P122,4	2164	2164
P37,9	2165	2165
P133,5	2166	2166
P105,1	2167	2167
P70,7	2168	2168
P153,7	2169	2169
P142,6	2170	2170
P111,5	2171	2171
P182,1	2172	2172
P54,6	2173	2173
P95,5	2174	2174
P49,9	2175	2175
P178,5	2176	2176
P173,5	2177	2177
P16,8	2178	2178
P185,1	2179	2179
P98,6	2180	2180
P53,6	2181	2181
P65,9	2182	2182
P87,7	2183	2183
P58,7	2184	2184
P56,8	2185	2185
P97,9	2186	2186
P81,1	2187	2187
P164,6	2188	2188
P138,4	2189	2189
P115,1	2190	2190
P121,6	2191	2191
P89,7	2192	2192
P152,1	2193	2193
P82,8	2194	2194
P117,7	2195	2195
P52,1	2196	2196
P199,1	2197	2197
P48,7	2198	2198
P172,4	2199	2199
P141,10	2200	2200
P129,6	2201	2201
P131,6	2202	2202
P8,10	2203	2203
P43,1	2204	2204
P158,4	2205	2205
P40,8	2206	2206
P125,1	2207	2207
P120,6	2208	2208
P156,6	2209	2209
P44,7	2210	2210
P196,1	2211	2211
P92,1	2212	2212
P18,13	2213	2213
P47,7	2214	2214
P159,5	2215	2215
P33,1	2216	2216
P171,5	2217	2217
P62,8	2218	2218
P151,5	2219	2219
P68,8	2220	2220
P46,8	2221	2221
P91,6	2222	2222
P146,1	2223	2223
P59,7	2224	2224
P139,5	2225	2225
P191,1	2226	2226
P177,4	2227	2227
P118,5	2228	2228
P181,1	2229	2229
P167,6	2230	2230
P45,11	2231	2231
P136,4	2232	2232
P38,1	2233	2233
P186,1	2234	2234
P189,1	2235	2235
P3,1	2236	2236
P116,6	2237	2237
P103,1	2238	2238
P195,1	2239	2239
P166,6	2240	2240
P12,12	2241	2241
P99,5	2242	2242
P161,5	2243	2243
P35,6	2244	2244
P51,1	2245	2245
P144,5	2246	2246
P137,1	2247	2247
P122,4	2248	2248
P37,9	2249	2249
P180,1	2250	2250
P190,1	2251	2251
P198,1	2252	2252
P75,8	2253	2253
P148,5	2254	2254
P39,7	2255	2255
P147,6	2256	2256
P73,1	2257	2257
P95,5	2258	2258
P124,6	2259	2259
P2,13	2260	2260
P94,8	2261	2261
P16,8	2262	2262
P64,6	2263	2263
P109,6	2264	2264
P183,1	2265	2265
P170,6	2266	2266
P135,6	2267	2267
P56,8	2268	2268
P97,9	2269	2269
P81,1	2270	2270
P41,8	2271	2271
P79,6	2272	2272
P76,6	2273	2273
P152,1	2274	2274
P19,10	2275	2275
P98,7	2276	2276
P52,1	2277	2277
P178,6	2278	2278
P199,1	2279	2279
P66,9	2280	2280
P83,1	2281	2281
P141,10	2282	2282
P184,1	2283	2283
P194,1	2284	2284
P176,3	2285	2285
P168,1	2286	2286
P40,8	2287	2287
P130,5	2288	2288
P1,1	2289	2289
P143,1	2290	2290
P53,7	2291	2291
P44,7	2292	2292
P196,1	2293	2293
P28,9	2294	2294
P47,7	2295	2295
P159,5	2296	2296
P69,1	2297	2297
P15,1	2298	2298
P121,7	2299	2299
P68,8	2300	2300
P179,4	2301	2301
P200,1	2302	2302
P101,8	2303	2303
P146,1	2304	2304
P107,7	2305	2305
P139,5	2306	2306
P8,11	2307	2307
P191,1	2308	2308
P177,4	2309	2309
P192,1	2310	2310
P181,1	2311	2311
P158,5	2312	2312
P45,11	2313	2313
P136,4	2314	2314
P38,1	2315	2315
P186,1	2316	2316
P189,1	2317	2317
P162,1	2318	2318
P103,1	2319	2319
P63,1	2320	2320
P100,7	2321	2321
P187,1	2322	2322
P145,6	2323	2323
P51,1	2324	2324
P144,5	2325	2325
P118,6	2326	2326
P122,4	2327	2327
P140,6	2328	2328
P180,1	2329	2329
P190,1	2330	2330
P198,1	2331	2331
P75,8	2332	2332
P148,5	2333	2333
P62,9	2334	2334
P29,8	2335	2335
P73,1	2336	2336
P95,5	2337	2337
P124,6	2338	2338
P86,8	2339	2339
P94,8	2340	2340
P16,8	2341	2341
P85,8	2342	2342
P167,7	2343	2343
P65,9	2344	2344
P170,6	2345	2345
P149,5	2346	2346
P97,9	2347	2347
P116,7	2348	2348
P138,4	2349	2349
P115,1	2350	2350
P152,1	2351	2351
P19,10	2352	2352
P98,7	2353	2353
P52,1	2354	2354
P57,8	2355	2355
P142,7	2356	2356
P199,1	2357	2357
P66,9	2358	2358
P49,10	2359	2359
P172,4	2360	2360
P134,7	2361	2361
P184,1	2362	2362
P194,1	2363	2363
P43,1	2364	2364
P6,12	2365	2365
P160,6	2366	2366
P163,6	2367	2367
P1,1	2368	2368
P143,1	2369	2369
P64,7	2370	2370
P41,9	2371	2371
P196,1	2372	2372
P92,1	2373	2373
P111,6	2374	2374
P78,8	2375	2375
P69,1	2376	2376
P15,1	2377	2377
P55,8	2378	2378
P40,9	2379	2379
P76,7	2380	2380
P56,9	2381	2381
P146,1	2382	2382
P108,8	2383	2383
P58,8	2384	2384
P139,5	2385	2385
P27,1	2386	2386
P61,8	2387	2387
P129,7	2388	2388
P165,6	2389	2389
P176,4	2390	2390
P158,5	2391	2391
P45,11	2392	2392
P150,6	2393	2393
P38,1	2394	2394
P104,6	2395	2395
P77,11	2396	2396
P156,7	2397	2397
P162,1	2398	2398
P103,1	2399	2399
P195,1	2400	2400
P166,6	2401	2401
P187,1	2402	2402
P90,7	2403	2403
P51,1	2404	2404
P144,5	2405	2405
P137,1	2406	2406
P112,6	2407	2407
P140,6	2408	2408
P180,1	2409	2409
P105,1	2410	2410
P70,7	2411	2411
P148,5	2412	2412
P62,9	2413	2413
P46,9	2414	2414
P182,1	2415	2415
P12,13	2416	2416
P8,12	2417	2417
P86,8	2418	2418
P94,8	2419	2419
P59,8	2420	2420
P185,1	2421	2421
P132,5	2422	2422
P170,6	2423	2423
P149,5	2424	2424
P97,9	2425	2425
P81,1	2426	2426
P115,1	2427	2427
P152,1	2428	2428
P32,1	2429	2429
P117,7	2430	2430
P34,10	2431	2431
P124,7	2432	2432
P178,6	2433	2433
P71,8	2434	2434
P66,9	2435	2435
P49,10	2436	2436
P172,4	2437	2437
P155,1	2438	2438
P65,10	2439	2439
P194,1	2440	2440
P37,10	2441	2441
P168,1	2442	2442
P160,6	2443	2443
P163,6	2444	2444
P1,1	2445	2445
P53,7	2446	2446
P95,6	2447	2447
P41,9	2448	2448
P196,1	2449	2449
P92,1	2450	2450
P16,9	2451	2451
P78,8	2452	2452
P69,1	2453	2453
P55,8	2454	2454
P40,9	2455	2455
P76,7	2456	2456
P79,7	2457	2457
P30,11	2458	2458
P108,8	2459	2459
P58,8	2460	2460
P139,5	2461	2461
P96,6	2462	2462
P191,1	2463	2463
P57,9	2464	2464
P129,7	2465	2465
P192,1	2466	2466
P175,1	2467	2467
P120,7	2468	2468
P45,11	2469	2469
P60,8	2470	2470
P38,1	2471	2471
P104,6	2472	2472
P186,1	2473	2473
P189,1	2474	2474
P162,1	2475	2475
P103,1	2476	2476
P195,1	2477	2477
P166,6	2478	2478
P145,6	2479	2479
P51,1	2480	2480
P137,1	2481	2481
P176,5	2482	2482
P171,6	2483	2483
P165,7	2484	2484
P105,1	2485	2485
P198,1	2486	2486
P148,5	2487	2487
P28,10	2488	2488
P29,8	2489	2489
P73,1	2490	2490
P126,6	2491	2491
P193,1	2492	2492
P173,5	2493	2493
P91,7	2494	2494
P167,7	2495	2495
P156,8	2496	2496
P114,7	2497	2497
P81,1	2498	2498
P115,1	2499	2499
P89,7	2500	2500
P14,10	2501	2501
P32,1	2502	2502
P117,7	2503	2503
P52,1	2504	2504
P84,9	2505	2505
P178,6	2506	2506
P199,1	2507	2507
P123,7	2508	2508
P140,7	2509	2509
P172,4	2510	2510
P134,7	2511	2511
P184,1	2512	2512
P194,1	2513	2513
P147,7	2514	2514
P43,1	2515	2515
P170,7	2516	2516
P110,8	2517	2517
P39,8	2518	2518
P125,1	2519	2519
P143,1	2520	2520
P97,10	2521	2521
P46,10	2522	2522
P41,9	2523	2523
P34,11	2524	2524
P92,1	2525	2525
P16,9	2526	2526
P33,1	2527	2527
P15,1	2528	2528
P59,9	2529	2529
P40,9	2530	2530
P56,9	2531	2531
P146,1	2532	2532
P119,8	2533	2533
P85,9	2534	2534
P71,9	2535	2535
P197,1	2536	2536
P49,11	2537	2537
P96,6	2538	2538
P27,1	2539	2539
P57,9	2540	2540
P164,7	2541	2541
P181,1	2542	2542
P158,5	2543	2543
P45,11	2544	2544
P38,1	2545	2545
P186,1	2546	2546
P189,1	2547	2547
P162,1	2548	2548
P24,1	2549	2549
P68,9	2550	2550
P63,1	2551	2551
P187,1	2552	2552
P78,9	2553	2553
P137,1	2554	2554
P118,6	2555	2555
P122,4	2556	2556
P165,7	2557	2557
P105,1	2558	2558
P198,1	2559	2559
P148,5	2560	2560
P62,9	2561	2561
P29,8	2562	2562
P73,1	2563	2563
P8,12	2564	2564
P86,8	2565	2565
P94,8	2566	2566
P177,5	2567	2567
P174,6	2568	2568
P183,1	2569	2569
P188,1	2570	2570
P166,7	2571	2571
P81,1	2572	2572
P112,7	2573	2573
P171,7	2574	2574
P14,10	2575	2575
P32,1	2576	2576
P136,5	2577	2577
P52,1	2578	2578
P84,9	2579	2579
P178,6	2580	2580
P133,6	2581	2581
P159,7	2582	2582
P35,7	2583	2583
P144,6	2584	2584
P155,1	2585	2585
P131,6	2586	2586
P132,6	2587	2587
P37,10	2588	2588
P89,8	2589	2589
P170,7	2590	2590
P163,6	2591	2591
P145,7	2592	2592
P125,1	2593	2593
P143,1	2594	2594
P167,8	2595	2595
P97,10	2596	2596
P196,1	2597	2597
P92,1	2598	2598
P69,1	2599	2599
P142,8	2600	2600
P200,1	2601	2601
P79,7	2602	2602
P127,8	2603	2603
P119,8	2604	2604
P108,8	2605	2605
P58,8	2606	2606
P117,8	2607	2607
P6,13	2608	2608
P49,11	2609	2609
P64,8	2610	2610
P66,10	2611	2611
P191,1	2612	2612
P129,7	2613	2613
P192,1	2614	2614
P175,1	2615	2615
P120,7	2616	2616
P38,1	2617	2617
P104,6	2618	2618
P77,11	2619	2619
P55,9	2620	2620
P162,1	2621	2621
P59,10	2622	2622
P24,1	2623	2623
P68,9	2624	2624
P63,1	2625	2625
P187,1	2626	2626
P78,9	2627	2627
P137,1	2628	2628
P130,6	2629	2629
P135,8	2630	2630
P139,6	2631	2631
P165,7	2632	2632
P105,1	2633	2633
P198,1	2634	2634
P148,5	2635	2635
P102,7	2636	2636
P41,10	2637	2637
P73,1	2638	2638
P107,8	2639	2639
P86,8	2640	2640
P91,7	2641	2641
P185,1	2642	2642
P164,8	2643	2643
P183,1	2644	2644
P156,8	2645	2645
P114,7	2646	2646
P153,8	2647	2647
P115,1	2648	2648
P90,8	2649	2649
P61,10	2650	2650
P14,10	2651	2651
P32,1	2652	2652
P136,5	2653	2653
P52,1	2654	2654
P124,7	2655	2655
P47,9	2656	2656
P126,7	2657	2657
P159,7	2658	2658
P144,6	2659	2659
P184,1	2660	2660
P132,6	2661	2661
P37,10	2662	2662
P89,8	2663	2663
P170,7	2664	2664
P163,6	2665	2665
P145,7	2666	2666
P149,6	2667	2667
P1,1	2668	2668
P173,6	2669	2669
P196,1	2670	2670
P92,1	2671	2671
P33,1	2672	2672
P15,1	2673	2673
P200,1	2674	2674
P79,7	2675	2675
P30,11	2676	2676
P123,8	2677	2677
P58,8	2678	2678
P140,8	2679	2679
P197,1	2680	2680
P131,7	2681	2681
P64,8	2682	2682
P27,1	2683	2683
P191,1	2684	2684
P133,7	2685	2685
P192,1	2686	2686
P181,1	2687	2687
P120,7	2688	2688
P2,15	2689	2689
P77,11	2690	2690
P55,9	2691	2691
P167,9	2692	2692
P162,1	2693	2693
P59,10	2694	2694
P93,7	2695	2695
P103,1	2696	2696
P63,1	2697	2697
P187,1	2698	2698
P151,6	2699	2699
P118,6	2700	2700
P117,9	2701	2701
P139,6	2702	2702
P165,7	2703	2703
P190,1	2704	2704
P18,14	2705	2705
P45,12	2706	2706
P102,7	2707	2707
P41,10	2708	2708
P182,1	2709	2709
P107,8	2710	2710
P193,1	2711	2711
P185,1	2712	2712
P164,8	2713	2713
P48,9	2714	2714
P108,9	2715	2715
P188,1	2716	2716
P166,7	2717	2717
P111,8	2718	2718
P115,1	2719	2719
P171,7	2720	2720
P158,6	2721	2721
P104,7	2722	2722
P14,10	2723	2723
P32,1	2724	2724
P136,5	2725	2725
P122,5	2726	2726
P84,9	2727	2727
P126,7	2728	2728
P159,7	2729	2729
P144,6	2730	2730
P155,1	2731	2731
P194,1	2732	2732
P147,7	2733	2733
P43,1	2734	2734
P130,7	2735	2735
P168,1	2736	2736
P91,8	2737	2737
P145,7	2738	2738
P149,6	2739	2739
P1,1	2740	2740
P46,10	2741	2741
P86,9	2742	2742
P92,1	2743	2743
P33,1	2744	2744
P15,1	2745	2745
P40,9	2746	2746
P110,9	2747	2747
P28,11	2748	2748
P123,8	2749	2749
P85,9	2750	2750
P140,8	2751	2751
P197,1	2752	2752
P49,11	2753	2753
P170,8	2754	2754
P66,10	2755	2755
P173,7	2756	2756
P133,7	2757	2757
P192,1	2758	2758
P54,8	2759	2759
P175,1	2760	2760
P2,15	2761	2761
P186,1	2762	2762
P55,9	2763	2763
P134,8	2764	2764
P3,1	2765	2765
P58,9	2766	2766
P97,11	2767	2767
P24,1	2768	2768
P131,8	2769	2769
P63,1	2770	2770
P116,9	2771	2771
P187,1	2772	2772
P151,6	2773	2773
P135,8	2774	2774
P176,5	2775	2775
P180,1	2776	2776
P190,1	2777	2777
P105,1	2778	2778
P71,10	2779	2779
P198,1	2780	2780
P34,12	2781	2781
P142,9	2782	2782
P138,6	2783	2783
P73,1	2784	2784
P185,1	2785	2785
P172,6	2786	2786
P53,9	2787	2787
P108,9	2788	2788
P188,1	2789	2789
P114,7	2790	2790
P153,8	2791	2791
P81,1	2792	2792
P90,8	2793	2793
P165,8	2794	2794
P95,8	2795	2795
P152,1	2796	2796
P32,1	2797	2797
P52,1	2798	2798
P127,10	2799	2799
P126,7	2800	2800
P159,7	2801	2801
P144,6	2802	2802
P68,10	2803	2803
P184,1	2804	2804
P132,6	2805	2805
P43,1	2806	2806
P130,7	2807	2807
P168,1	2808	2808
P145,7	2809	2809
P149,6	2810	2810
P1,1	2811	2811
P104,8	2812	2812
P75,9	2813	2813
P107,9	2814	2814
P33,1	2815	2815
P15,1	2816	2816
P200,1	2817	2817
P28,11	2818	2818
P177,6	2819	2819
P96,8	2820	2820
P129,9	2821	2821
P6,13	2822	2822
P98,8	2823	2823
P170,8	2824	2824
P39,9	2825	2825
P191,1	2826	2826
P14,11	2827	2827
P86,10	2828	2828
P178,7	2829	2829
P181,1	2830	2830
P38,1	2831	2831
P186,1	2832	2832
P40,10	2833	2833
P55,9	2834	2834
P134,8	2835	2835
P3,1	2836	2836
P58,9	2837	2837
P97,11	2838	2838
P93,7	2839	2839
P103,1	2840	2840
P63,1	2841	2841
P116,9	2842	2842
P187,1	2843	2843
P137,1	2844	2844
P180,1	2845	2845
P190,1	2846	2846
P18,14	2847	2847
P77,12	2848	2848
P45,12	2849	2849
P102,7	2850	2850
P49,12	2851	2851
P138,6	2852	2852
P47,11	2853	2853
P73,1	2854	2854
P185,1	2855	2855
P133,8	2856	2856
P48,9	2857	2857
P183,1	2858	2858
P78,10	2859	2859
P118,7	2860	2860
P115,1	2861	2861
P171,7	2862	2862
P158,6	2863	2863
P152,1	2864	2864
P32,1	2865	2865
P176,6	2866	2866
P127,10	2867	2867
P94,9	2868	2868
P199,1	2869	2869
P131,9	2870	2870
P174,7	2871	2871
P155,1	2872	2872
P194,1	2873	2873
P43,1	2874	2874
P89,8	2875	2875
P172,7	2876	2876
P145,7	2877	2877
P125,1	2878	2878
P143,1	2879	2879
P196,1	2880	2880
P139,7	2881	2881
P107,9	2882	2882
P33,1	2883	2883
P15,1	2884	2884
P146,1	2885	2885
P123,8	2886	2886
P61,11	2887	2887
P85,9	2888	2888
P156,9	2889	2889
P197,1	2890	2890
P170,8	2891	2891
P39,9	2892	2892
P191,1	2893	2893
P173,7	2894	2894
P86,10	2895	2895
P178,7	2896	2896
P95,9	2897	2897
P175,1	2898	2898
P111,9	2899	2899
P40,10	2900	2900
P84,10	2901	2901
P167,9	2902	2902
P147,8	2903	2903
P97,11	2904	2904
P163,7	2905	2905
P24,1	2906	2906
P195,1	2907	2907
P160,7	2908	2908
P112,9	2909	2909
P51,1	2910	2910
P117,9	2911	2911
P190,1	2912	2912
P71,10	2913	2913
P45,12	2914	2914
P49,12	2915	2915
P47,11	2916	2916
P73,1	2917	2917
P193,1	2918	2918
P110,10	2919	2919
P164,8	2920	2920
P53,9	2921	2921
P76,9	2922	2922
P118,7	2923	2923
P81,1	2924	2924
P57,10	2925	2925
P60,9	2926	2926
P179,6	2927	2927
P37,12	2928	2928
P52,1	2929	2929
P122,5	2930	2930
P135,9	2931	2931
P199,1	2932	2932
P131,9	2933	2933
P83,1	2934	2934
P68,10	2935	2935
P55,10	2936	2936
P194,1	2937	2937
P43,1	2938	2938
P172,7	2939	2939
P145,7	2940	2940
P1,1	2941	2941
P196,1	2942	2942
P75,9	2943	2943
P171,8	2944	2944
P92,1	2945	2945
P33,1	2946	2946
P15,1	2947	2947
P146,1	2948	2948
P28,11	2949	2949
P108,10	2950	2950
P61,11	2951	2951
P138,7	2952	2952
P197,1	2953	2953
P39,9	2954	2954
P191,1	2955	2955
P150,8	2956	2956
P86,10	2957	2957
P166,8	2958	2958
P175,1	2959	2959
P38,1	2960	2960
P186,1	2961	2961
P189,1	2962	2962
P167,9	2963	2963
P147,8	2964	2964
P162,1	2965	2965
P130,8	2966	2966
P149,7	2967	2967
P103,1	2968	2968
P63,1	2969	2969
P156,10	2970	2970
P112,9	2971	2971
P51,1	2972	2972
P180,1	2973	2973
P96,9	2974	2974
P71,10	2975	2975
P45,12	2976	2976
P49,12	2977	2977
P85,10	2978	2978
P73,1	2979	2979
P58,10	2980	2980
P185,1	2981	2981
P98,9	2982	2982
P53,9	2983	2983
P76,9	2984	2984
P118,7	2985	2985
P81,1	2986	2986
P57,10	2987	2987
P158,6	2988	2988
P179,6	2989	2989
P134,9	2990	2990
P37,12	2991	2991
P135,9	2992	2992
P199,1	2993	2993
P83,1	2994	2994
P68,10	2995	2995
P117,10	2996	2996
P55,10	2997	2997
P184,1	2998	2998
P133,9	2999	2999
P168,1	3000	3000
P91,8	3001	3001
P1,1	3002	3002
P143,1	3003	3003
P90,9	3004	3004
P171,8	3005	3005
P92,1	3006	3006
P33,1	3007	3007
P15,1	3008	3008
P200,1	3009	3009
P126,8	3010	3010
P108,10	3011	3011
P61,11	3012	3012
P129,9	3013	3013
P124,8	3014	3014
P27,1	3015	3015
P94,10	3016	3016
P78,11	3017	3017
P86,10	3018	3018
P166,8	3019	3019
P175,1	3020	3020
P38,1	3021	3021
P186,1	3022	3022
P189,1	3023	3023
P167,9	3024	3024
P3,1	3025	3025
P35,9	3026	3026
P130,8	3027	3027
P145,8	3028	3028
P103,1	3029	3029
P63,1	3030	3030
P140,11	3031	3031
P112,9	3032	3032
P51,1	3033	3033
P180,1	3034	3034
P105,1	3035	3035
P198,1	3036	3036
P49,12	3037	3037
P85,10	3038	3038
P73,1	3039	3039
P58,10	3040	3040
P185,1	3041	3041
P183,1	3042	3042
P188,1	3043	3043
P81,1	3044	3044
P57,10	3045	3045
P152,1	3046	3046
P134,9	3047	3047
P37,12	3048	3048
P14,12	3049	3049
P83,1	3050	3050
P120,9	3051	3051
P178,8	3052	3052
P155,1	3053	3053
P84,11	3054	3054
P194,1	3055	3055
P53,10	3056	3056
P168,1	3057	3057
P160,8	3058	3058
P1,1	3059	3059
P96,10	3060	3060
P90,9	3061	3061
P171,8	3062	3062
P149,8	3063	3063
P92,1	3064	3064
P107,9	3065	3065
P69,1	3066	3066
P77,14	3067	3067
P146,1	3068	3068
P41,11	3069	3069
P129,9	3070	3070
P39,9	3071	3071
P158,7	3072	3072
P191,1	3073	3073
P164,9	3074	3074
P78,11	3075	3075
P192,1	3076	3076
P181,1	3077	3077
P132,7	3078	3078
P165,9	3079	3079
P40,10	3080	3080
P93,9	3081	3081
P162,1	3082	3082
P145,8	3083	3083
P24,1	3084	3084
P195,1	3085	3085
P156,10	3086	3086
P124,9	3087	3087
P68,11	3088	3088
P51,1	3089	3089
P137,1	3090	3090
P91,9	3091	3091
P105,1	3092	3092
P71,10	3093	3093
P102,9	3094	3094
P182,1	3095	3095
P89,10	3096	3096
P58,10	3097	3097
P185,1	3098	3098
P183,1	3099	3099
P64,9	3100	3100
P108,11	3101	3101
P57,10	3102	3102
P152,1	3103	3103
P111,10	3104	3104
P32,1	3105	3105
P150,9	3106	3106
P14,12	3107	3107
P83,1	3108	3108
P167,10	3109	3109
P155,1	3110	3110
P55,10	3111	3111
P194,1	3112	3112
P112,10	3113	3113
P168,1	3114	3114
P160,8	3115	3115
P125,1	3116	3116
P143,1	3117	3117
P196,1	3118	3118
P171,8	3119	3119
P147,9	3120	3120
P92,1	3121	3121
P33,1	3122	3122
P15,1	3123	3123
P45,14	3124	3124
P146,1	3125	3125
P126,8	3126	3126
P129,9	3127	3127
P39,9	3128	3128
P158,7	3129	3129
P179,7	3130	3130
P164,9	3131	3131
P78,11	3132	3132
P76,10	3133	3133
P181,1	3134	3134
P175,1	3135	3135
P84,12	3136	3136
P38,1	3137	3137
P186,1	3138	3138
P107,10	3139	3139
P93,9	3140	3140
P162,1	3141	3141
P24,1	3142	3142
P195,1	3143	3143
P156,10	3144	3144
P124,9	3145	3145
P68,11	3146	3146
P51,1	3147	3147
P137,1	3148	3148
P190,1	3149	3149
P133,10	3150	3150
P198,1	3151	3151
P182,1	3152	3152
P73,1	3153	3153
P58,10	3154	3154
P185,1	3155	3155
P183,1	3156	3156
P64,9	3157	3157
P81,1	3158	3158
P86,11	3159	3159
P57,10	3160	3160
P152,1	3161	3161
P166,9	3162	3162
P134,9	3163	3163
P150,9	3164	3164
P14,12	3165	3165
P83,1	3166	3166
P117,10	3167	3167
P130,9	3168	3168
P145,9	3169	3169
P194,1	3170	3170
P112,10	3171	3171
P43,1	3172	3172
P71,11	3173	3173
P160,8	3174	3174
P142,10	3175	3175
P1,1	3176	3176
P89,11	3177	3177
P90,9	3178	3178
P147,9	3179	3179
P33,1	3180	3180
P15,1	3181	3181
P200,1	3182	3182
P49,13	3183	3183
P102,10	3184	3184
P27,1	3185	3185
P179,7	3186	3186
P164,9	3187	3187
P76,10	3188	3188
P37,13	3189	3189
P175,1	3190	3190
P84,12	3191	3191
P38,1	3192	3192
P107,10	3193	3193
P93,9	3194	3194
P3,1	3195	3195
P24,1	3196	3196
P103,1	3197	3197
P63,1	3198	3198
P98,11	3199	3199
P124,9	3200	3200
P187,1	3201	3201
P59,12	3202	3202
P180,1	3203	3203
P105,1	3204	3204
P61,12	3205	3205
P96,11	3206	3206
P85,10	3207	3207
P139,8	3208	3208
P127,12	3209	3209
P193,1	3210	3210
P183,1	3211	3211
P81,1	3212	3212
P86,11	3213	3213
P115,1	3214	3214
P78,12	3215	3215
P135,11	3216	3216
P134,9	3217	3217
P129,10	3218	3218
P14,12	3219	3219
P199,1	3220	3220
P167,10	3221	3221
P68,12	3222	3222
P55,10	3223	3223
P118,9	3224	3224
P194,1	3225	3225
P112,10	3226	3226
P94,11	3227	3227
P165,10	3228	3228
P71,11	3229	3229
P54,12	3230	3230
P142,10	3231	3231
P1,1	3232	3232
P89,11	3233	3233
P149,8	3234	3234
P33,1	3235	3235
P77,14	3236	3236
P146,1	3237	3237
P126,8	3238	3238
P197,1	3239	3239
P158,7	3240	3240
P58,11	3241	3241
P191,1	3242	3242
P192,1	3243	3243
P64,10	3244	3244
P178,9	3245	3245
P132,7	3246	3246
P53,11	3247	3247
P186,1	3248	3248
P189,1	3249	3249
P138,9	3250	3250
P162,1	3251	3251
P163,10	3252	3252
P195,1	3253	3253
P111,11	3254	3254
P171,9	3255	3255
P172,8	3256	3256
P131,10	3257	3257
P150,10	3258	3258
P59,12	3259	3259
P180,1	3260	3260
P105,1	3261	3261
P61,12	3262	3262
P96,11	3263	3263
P85,10	3264	3264
P139,8	3265	3265
P127,12	3266	3266
P185,1	3267	3267
P188,1	3268	3268
P108,11	3269	3269
P176,8	3270	3270
P93,10	3271	3271
P135,11	3272	3272
P134,9	3273	3273
P32,1	3274	3274
P52,1	3275	3275
P40,11	3276	3276
P83,1	3277	3277
P117,10	3278	3278
P155,1	3279	3279
P118,9	3280	3280
P194,1	3281	3281
P94,11	3282	3282
P168,1	3283	3283
P156,11	3284	3284
P91,10	3285	3285
P39,11	3286	3286
P1,1	3287	3287
P196,1	3288	3288
P140,12	3289	3289
P33,1	3290	3290
P200,1	3291	3291
P102,10	3292	3292
P27,1	3293	3293
P179,7	3294	3294
P15,2	3295	3295
P164,9	3296	3296
P64,10	3297	3297
P178,9	3298	3298
P175,1	3299	3299
P53,11	3300	3300
P186,1	3301	3301
P189,1	3302	3302
P138,9	3303	3303
P162,1	3304	3304
P163,10	3305	3305
P103,1	3306	3306
P63,1	3307	3307
P55,11	3308	3308
P171,9	3309	3309
P172,8	3310	3310
P187,1	3311	3311
P51,1	3312	3312
P112,11	3313	3313
P158,8	3314	3314
P180,1	3315	3315
P105,1	3316	3316
P61,12	3317	3317
P96,11	3318	3318
P120,11	3319	3319
P139,8	3320	3320
P193,1	3321	3321
P183,1	3322	3322
P81,1	3323	3323
P86,11	3324	3324
P93,10	3325	3325
P135,11	3326	3326
P49,14	3327	3327
P32,1	3328	3328
P52,1	3329	3329
P199,1	3330	3330
P126,9	3331	3331
P68,12	3332	3332
P145,9	3333	3333
P76,11	3334	3334
P184,1	3335	3335
P159,9	3336	3336
P124,10	3337	3337
P168,1	3338	3338
P156,11	3339	3339
P91,10	3340	3340
P125,1	3341	3341
P143,1	3342	3342
P149,8	3343	3343
P33,1	3344	3344
P200,1	3345	3345
P102,10	3346	3346
P27,1	3347	3347
P179,7	3348	3348
P15,2	3349	3349
P192,1	3350	3350
P181,1	3351	3351
P35,11	3352	3352
P84,12	3353	3353
P38,1	3354	3354
P176,9	3355	3355
P160,9	3356	3356
P138,9	3357	3357
P162,1	3358	3358
P163,10	3359	3359
P103,1	3360	3360
P63,1	3361	3361
P111,11	3362	3362
P171,9	3363	3363
P172,8	3364	3364
P150,10	3365	3365
P14,13	3366	3366
P112,11	3367	3367
P137,1	3368	3368
P190,1	3369	3369
P133,10	3370	3370
P198,1	3371	3371
P120,11	3372	3372
P73,1	3373	3373
P185,1	3374	3374
P188,1	3375	3375
P55,12	3376	3376
P115,1	3377	3377
P152,1	3378	3378
P49,14	3379	3379
P129,10	3380	3380
P199,1	3381	3381
P83,1	3382	3382
P155,1	3383	3383
P76,11	3384	3384
P184,1	3385	3385
P159,9	3386	3386
P43,1	3387	3387
P108,12	3388	3388
P156,11	3389	3389
P91,10	3390	3390
P39,11	3391	3391
P1,1	3392	3392
P196,1	3393	3393
P33,1	3394	3394
P69,1	3395	3395
P139,9	3396	3396
P197,1	3397	3397
P126,10	3398	3398
P58,11	3399	3399
P191,1	3400	3400
P64,10	3401	3401
P158,9	3402	3402
P178,9	3403	3403
P175,1	3404	3404
P53,11	3405	3405
P186,1	3406	3406
P142,11	3407	3407
P132,9	3408	3408
P138,9	3409	3409
P162,1	3410	3410
P163,10	3411	3411
P103,1	3412	3412
P63,1	3413	3413
P147,10	3414	3414
P172,8	3415	3415
P187,1	3416	3416
P51,1	3417	3417
P145,10	3418	3418
P165,11	3419	3419
P180,1	3420	3420
P105,1	3421	3421
P198,1	3422	3422
P120,11	3423	3423
P73,1	3424	3424
P185,1	3425	3425
P183,1	3426	3426
P81,1	3427	3427
P86,11	3428	3428
P152,1	3429	3429
P49,14	3430	3430
P32,1	3431	3431
P199,1	3432	3432
P83,1	3433	3433
P171,10	3434	3434
P118,9	3435	3435
P85,11	3436	3436
P194,1	3437	3437
P43,1	3438	3438
P168,1	3439	3439
P71,11	3440	3440
P91,10	3441	3441
P39,11	3442	3442
P1,1	3443	3443
P196,1	3444	3444
P33,1	3445	3445
P40,12	3446	3446
P200,1	3447	3447
P146,1	3448	3448
P27,1	3449	3449
P8,15	3450	3450
P191,1	3451	3451
P64,10	3452	3452
P181,1	3453	3453
P166,10	3454	3454
P38,1	3455	3455
P176,9	3456	3456
P160,9	3457	3457
P189,1	3458	3458
P162,1	3459	3459
P24,1	3460	3460
P129,11	3461	3461
P103,1	3462	3462
P63,1	3463	3463
P147,10	3464	3464
P172,8	3465	3465
P187,1	3466	3466
P51,1	3467	3467
P14,13	3468	3468
P124,11	3469	3469
P165,11	3470	3470
P180,1	3471	3471
P105,1	3472	3472
P120,11	3473	3473
P73,1	3474	3474
P185,1	3475	3475
P183,1	3476	3476
P81,1	3477	3477
P55,12	3478	3478
P152,1	3479	3479
P102,11	3480	3480
P52,1	3481	3481
P178,10	3482	3482
P83,1	3483	3483
P59,13	3484	3484
P85,11	3485	3485
P184,1	3486	3486
P53,12	3487	3487
P179,8	3488	3488
P108,12	3489	3489
P54,12	3490	3490
P39,11	3491	3491
P1,1	3492	3492
P196,1	3493	3493
P33,1	3494	3494
P133,11	3495	3495
P69,1	3496	3496
P139,9	3497	3497
P98,12	3498	3498
P27,1	3499	3499
P15,2	3500	3500
P192,1	3501	3501
P111,12	3502	3502
P158,9	3503	3503
P86,12	3504	3504
P175,1	3505	3505
P186,1	3506	3506
P142,11	3507	3507
P132,9	3508	3508
P3,1	3509	3509
P68,13	3510	3510
P163,10	3511	3511
P57,11	3512	3512
P195,1	3513	3513
P140,13	3514	3514
P187,1	3515	3515
P159,10	3516	3516
P51,1	3517	3517
P14,13	3518	3518
P124,11	3519	3519
P137,1	3520	3520
P118,10	3521	3521
P105,1	3522	3522
P182,1	3523	3523
P193,1	3524	3524
P71,12	3525	3525
P183,1	3526	3526
P81,1	3527	3527
P126,11	3528	3528
P152,1	3529	3529
P91,11	3530	3530
P52,1	3531	3531
P178,10	3532	3532
P131,11	3533	3533
P155,1	3534	3534
P76,11	3535	3535
P184,1	3536	3536
P53,12	3537	3537
P179,8	3538	3538
P172,9	3539	3539
P89,13	3540	3540
P125,1	3541	3541
P143,1	3542	3542
P92,1	3543	3543
P61,13	3544	3544
P40,12	3545	3545
P200,1	3546	3546
P146,1	3547	3547
P197,1	3548	3548
P96,12	3549	3549
P55,13	3550	3550
P192,1	3551	3551
P181,1	3552	3552
P166,10	3553	3553
P135,12	3554	3554
P38,1	3555	3555
P142,11	3556	3556
P189,1	3557	3557
P162,1	3558	3558
P24,1	3559	3559
P195,1	3560	3560
P140,13	3561	3561
P159,10	3562	3562
P51,1	3563	3563
P145,10	3564	3564
P180,1	3565	3565
P190,1	3566	3566
P198,1	3567	3567
P73,1	3568	3568
P185,1	3569	3569
P183,1	3570	3570
P81,1	3571	3571
P126,11	3572	3572
P115,1	3573	3573
P54,13	3574	3574
P163,11	3575	3575
P91,11	3576	3576
P52,1	3577	3577
P150,11	3578	3578
P131,11	3579	3579
P155,1	3580	3580
P85,11	3581	3581
P194,1	3582	3582
P43,1	3583	3583
P168,1	3584	3584
P129,12	3585	3585
P57,12	3586	3586
P124,12	3587	3587
P143,1	3588	3588
P92,1	3589	3589
P61,13	3590	3590
P69,1	3591	3591
P139,9	3592	3592
P98,12	3593	3593
P112,12	3594	3594
P58,13	3595	3595
P55,13	3596	3596
P192,1	3597	3597
P181,1	3598	3598
P147,12	3599	3599
P166,10	3600	3600
P135,12	3601	3601
P38,1	3602	3602
P142,11	3603	3603
P189,1	3604	3604
P162,1	3605	3605
P24,1	3606	3606
P195,1	3607	3607
P63,1	3608	3608
P159,10	3609	3609
P178,11	3610	3610
P51,1	3611	3611
P93,11	3612	3612
P180,1	3613	3613
P190,1	3614	3614
P198,1	3615	3615
P73,1	3616	3616
P185,1	3617	3617
P183,1	3618	3618
P188,1	3619	3619
P126,11	3620	3620
P152,1	3621	3621
P64,11	3622	3622
P32,1	3623	3623
P199,1	3624	3624
P83,1	3625	3625
P40,13	3626	3626
P194,1	3627	3627
P53,12	3628	3628
P168,1	3629	3629
P172,9	3630	3630
P57,12	3631	3631
P124,12	3632	3632
P143,1	3633	3633
P92,1	3634	3634
P33,1	3635	3635
P133,11	3636	3636
P200,1	3637	3637
P146,1	3638	3638
P197,1	3639	3639
P27,1	3640	3640
P15,2	3641	3641
P191,1	3642	3642
P111,12	3643	3643
P14,14	3644	3644
P145,11	3645	3645
P179,9	3646	3646
P166,10	3647	3647
P160,11	3648	3648
P135,12	3649	3649
P38,1	3650	3650
P186,1	3651	3651
P189,1	3652	3652
P162,1	3653	3653
P103,1	3654	3654
P176,11	3655	3655
P63,1	3656	3656
P159,10	3657	3657
P108,13	3658	3658
P89,14	3659	3659
P129,13	3660	3660
P180,1	3661	3661
P190,1	3662	3662
P198,1	3663	3663
P73,1	3664	3664
P193,1	3665	3665
P71,12	3666	3666
P107,14	3667	3667
P81,1	3668	3668
P115,1	3669	3669
P54,13	3670	3670
P32,1	3671	3671
P199,1	3672	3672
P155,1	3673	3673
P184,1	3674	3674
P140,14	3675	3675
P43,1	3676	3676
P96,13	3677	3677
P84,13	3678	3678
P124,12	3679	3679
P143,1	3680	3680
P92,1	3681	3681
P33,1	3682	3682
P133,11	3683	3683
P200,1	3684	3684
P98,12	3685	3685
P112,12	3686	3686
P58,13	3687	3687
P131,12	3688	3688
P192,1	3689	3689
P181,1	3690	3690
P147,12	3691	3691
P85,12	3692	3692
P91,12	3693	3693
P160,11	3694	3694
P175,1	3695	3695
P35,13	3696	3696
P189,1	3697	3697
P162,1	3698	3698
P103,1	3699	3699
P176,11	3700	3700
P63,1	3701	3701
P178,11	3702	3702
P51,1	3703	3703
P129,13	3704	3704
P180,1	3705	3705
P105,1	3706	3706
P86,13	3707	3707
P73,1	3708	3708
P193,1	3709	3709
P71,12	3710	3710
P132,10	3711	3711
P81,1	3712	3712
P115,1	3713	3713
P54,13	3714	3714
P64,11	3715	3715
P52,1	3716	3716
P139,10	3717	3717
P155,1	3718	3718
P184,1	3719	3719
P140,14	3720	3720
P53,12	3721	3721
P168,1	3722	3722
P125,1	3723	3723
P1,1	3724	3724
P196,1	3725	3725
P163,12	3726	3726
P61,13	3727	3727
P200,1	3728	3728
P197,1	3729	3729
P27,1	3730	3730
P131,12	3731	3731
P192,1	3732	3732
P147,12	3733	3733
P179,9	3734	3734
P102,12	3735	3735
P135,12	3736	3736
P38,1	3737	3737
P186,1	3738	3738
P3,1	3739	3739
P107,15	3740	3740
P103,1	3741	3741
P195,1	3742	3742
P39,12	3743	3743
P187,1	3744	3744
P108,13	3745	3745
P89,14	3746	3746
P137,1	3747	3747
P190,1	3748	3748
P198,1	3749	3749
P182,1	3750	3750
P76,12	3751	3751
P58,14	3752	3752
P71,12	3753	3753
P132,10	3754	3754
P81,1	3755	3755
P152,1	3756	3756
P158,10	3757	3757
P133,12	3758	3758
P52,1	3759	3759
P199,1	3760	3760
P83,1	3761	3761
P40,13	3762	3762
P98,13	3763	3763
P140,14	3764	3764
P43,1	3765	3765
P172,9	3766	3766
P124,12	3767	3767
P111,13	3768	3768
P196,1	3769	3769
P33,1	3770	3770
P200,1	3771	3771
P197,1	3772	3772
P27,1	3773	3773
P191,1	3774	3774
P181,1	3775	3775
P179,9	3776	3776
P102,12	3777	3777
P175,1	3778	3778
P35,13	3779	3779
P189,1	3780	3780
P162,1	3781	3781
P24,1	3782	3782
P195,1	3783	3783
P63,1	3784	3784
P51,1	3785	3785
P129,13	3786	3786
P180,1	3787	3787
P105,1	3788	3788
P182,1	3789	3789
P76,12	3790	3790
P193,1	3791	3791
P185,1	3792	3792
P132,10	3793	3793
P81,1	3794	3794
P152,1	3795	3795
P158,10	3796	3796
P64,11	3797	3797
P32,1	3798	3798
P96,14	3799	3799
P53,13	3800	3800
P83,1	3801	3801
P40,13	3802	3802
P98,13	3803	3803
P140,14	3804	3804
P159,11	3805	3805
P168,1	3806	3806
P86,14	3807	3807
P111,13	3808	3808
P196,1	3809	3809
P33,1	3810	3810
P69,1	3811	3811
P146,1	3812	3812
P27,1	3813	3813
P191,1	3814	3814
P181,1	3815	3815
P91,12	3816	3816
P126,12	3817	3817
P38,1	3818	3818
P118,12	3819	3819
P189,1	3820	3820
P162,1	3821	3821
P24,1	3822	3822
P195,1	3823	3823
P63,1	3824	3824
P51,1	3825	3825
P137,1	3826	3826
P190,1	3827	3827
P198,1	3828	3828
P73,1	3829	3829
P193,1	3830	3830
P185,1	3831	3831
P132,10	3832	3832
P81,1	3833	3833
P152,1	3834	3834
P163,13	3835	3835
P32,1	3836	3836
P96,14	3837	3837
P83,1	3838	3838
P40,13	3839	3839
P98,13	3840	3840
P140,14	3841	3841
P176,12	3842	3842
P43,1	3843	3843
P125,1	3844	3844
P1,1	3845	3845
P112,13	3846	3846
P196,1	3847	3847
P33,1	3848	3848
P69,1	3849	3849
P146,1	3850	3850
P27,1	3851	3851
P191,1	3852	3852
P181,1	3853	3853
P91,12	3854	3854
P126,12	3855	3855
P38,1	3856	3856
P118,12	3857	3857
P189,1	3858	3858
P162,1	3859	3859
P76,13	3860	3860
P195,1	3861	3861
P187,1	3862	3862
P53,14	3863	3863
P180,1	3864	3864
P105,1	3865	3865
P182,1	3866	3866
P160,12	3867	3867
P58,14	3868	3868
P183,1	3869	3869
P81,1	3870	3870
P152,1	3871	3871
P158,10	3872	3872
P133,12	3873	3873
P52,1	3874	3874
P199,1	3875	3875
P155,1	3876	3876
P98,13	3877	3877
P176,12	3878	3878
P43,1	3879	3879
P125,1	3880	3880
P1,1	3881	3881
P112,13	3882	3882
P196,1	3883	3883
P92,1	3884	3884
P71,13	3885	3885
P200,1	3886	3886
P197,1	3887	3887
P15,2	3888	3888
P192,1	3889	3889
P126,12	3890	3890
P38,1	3891	3891
P186,1	3892	3892
P3,1	3893	3893
P24,1	3894	3894
P103,1	3895	3895
P63,1	3896	3896
P51,1	3897	3897
P180,1	3898	3898
P105,1	3899	3899
P182,1	3900	3900
P160,12	3901	3901
P58,14	3902	3902
P183,1	3903	3903
P81,1	3904	3904
P152,1	3905	3905
P35,14	3906	3906
P163,13	3907	3907
P52,1	3908	3908
P199,1	3909	3909
P155,1	3910	3910
P179,11	3911	3911
P194,1	3912	3912
P43,1	3913	3913
P125,1	3914	3914
P1,1	3915	3915
P112,13	3916	3916
P196,1	3917	3917
P92,1	3918	3918
P71,13	3919	3919
P200,1	3920	3920
P197,1	3921	3921
P15,2	3922	3922
P192,1	3923	3923
P181,1	3924	3924
P175,1	3925	3925
P102,13	3926	3926
P186,1	3927	3927
P3,1	3928	3928
P24,1	3929	3929
P103,1	3930	3930
P63,1	3931	3931
P51,1	3932	3932
P180,1	3933	3933
P190,1	3934	3934
P198,1	3935	3935
P73,1	3936	3936
P58,14	3937	3937
P183,1	3938	3938
P81,1	3939	3939
P152,1	3940	3940
P147,14	3941	3941
P32,1	3942	3942
P133,13	3943	3943
P199,1	3944	3944
P155,1	3945	3945
P184,1	3946	3946
P145,12	3947	3947
P176,12	3948	3948
P168,1	3949	3949
P1,1	3950	3950
P112,13	3951	3951
P196,1	3952	3952
P92,1	3953	3953
P71,13	3954	3954
P200,1	3955	3955
P197,1	3956	3956
P15,2	3957	3957
P192,1	3958	3958
P181,1	3959	3959
P175,1	3960	3960
P38,1	3961	3961
P189,1	3962	3962
P162,1	3963	3963
P76,13	3964	3964
P195,1	3965	3965
P187,1	3966	3966
P137,1	3967	3967
P158,11	3968	3968
P105,1	3969	3969
P182,1	3970	3970
P193,1	3971	3971
P185,1	3972	3972
P188,1	3973	3973
P115,1	3974	3974
P35,15	3975	3975
P147,14	3976	3976
P32,1	3977	3977
P133,13	3978	3978
P83,1	3979	3979
P98,14	3980	3980
P179,11	3981	3981
P194,1	3982	3982
P102,14	3983	3983
P168,1	3984	3984
P1,1	3985	3985
P196,1	3986	3986
P92,1	3987	3987
P69,1	3988	3988
P146,1	3989	3989
P27,1	3990	3990
P191,1	3991	3991
P181,1	3992	3992
P160,13	3993	3993
P186,1	3994	3994
P118,13	3995	3995
P162,1	3996	3996
P103,1	3997	3997
P63,1	3998	3998
P51,1	3999	3999
P180,1	4000	4000
P190,1	4001	4001
P198,1	4002	4002
P73,1	4003	4003
P86,15	4004	4004
P183,1	4005	4005
P81,1	4006	4006
P152,1	4007	4007
P32,1	4008	4008
P199,1	4009	4009
P96,15	4010	4010
P98,14	4011	4011
P179,11	4012	4012
P194,1	4013	4013
P43,1	4014	4014
P125,1	4015	4015
P143,1	4016	4016
P172,11	4017	4017
P33,1	4018	4018
P200,1	4019	4019
P197,1	4020	4020
P15,2	4021	4021
P71,14	4022	4022
P181,1	4023	4023
P160,13	4024	4024
P186,1	4025	4025
P3,1	4026	4026
P24,1	4027	4027
P195,1	4028	4028
P187,1	4029	4029
P137,1	4030	4030
P76,14	4031	4031
P190,1	4032	4032
P198,1	4033	4033
P73,1	4034	4034
P86,15	4035	4035
P183,1	4036	4036
P81,1	4037	4037
P152,1	4038	4038
P32,1	4039	4039
P199,1	4040	4040
P96,15	4041	4041
P98,14	4042	4042
P179,11	4043	4043
P194,1	4044	4044
P43,1	4045	4045
P125,1	4046	4046
P143,1	4047	4047
P172,11	4048	4048
P33,1	4049	4049
P200,1	4050	4050
P146,1	4051	4051
P27,1	4052	4052
P191,1	4053	4053
P192,1	4054	4054
P175,1	4055	4055
P38,1	4056	4056
P189,1	4057	4057
P162,1	4058	4058
P103,1	4059	4059
P63,1	4060	4060
P51,1	4061	4061
P180,1	4062	4062
P158,11	4063	4063
P132,12	4064	4064
P198,1	4065	4065
P73,1	4066	4066
P185,1	4067	4067
P188,1	4068	4068
P115,1	4069	4069
P32,1	4070	4070
P199,1	4071	4071
P96,15	4072	4072
P155,1	4073	4073
P179,11	4074	4074
P194,1	4075	4075
P43,1	4076	4076
P125,1	4077	4077
P143,1	4078	4078
P92,1	4079	4079
P69,1	4080	4080
P176,13	4081	4081
P197,1	4082	4082
P15,2	4083	4083
P118,14	4084	4084
P181,1	4085	4085
P160,13	4086	4086
P186,1	4087	4087
P3,1	4088	4088
P24,1	4089	4089
P195,1	4090	4090
P98,15	4091	4091
P51,1	4092	4092
P180,1	4093	4093
P163,15	4094	4094
P132,12	4095	4095
P198,1	4096	4096
P73,1	4097	4097
P185,1	4098	4098
P188,1	4099	4099
P115,1	4100	4100
P32,1	4101	4101
P52,1	4102	4102
P96,15	4103	4103
P155,1	4104	4104
P194,1	4105	4105
P168,1	4106	4106
P1,1	4107	4107
P196,1	4108	4108
P69,1	4109	4109
P176,13	4110	4110
P197,1	4111	4111
P15,2	4112	4112
P118,14	4113	4113
P181,1	4114	4114
P160,13	4115	4115
P186,1	4116	4116
P162,1	4117	4117
P103,1	4118	4118
P63,1	4119	4119
P3,2	4120	4120
P51,1	4121	4121
P180,1	4122	4122
P190,1	4123	4123
P145,13	4124	4124
P198,1	4125	4125
P73,1	4126	4126
P185,1	4127	4127
P188,1	4128	4128
P115,1	4129	4129
P32,1	4130	4130
P52,1	4131	4131
P96,15	4132	4132
P155,1	4133	4133
P194,1	4134	4134
P168,1	4135	4135
P1,1	4136	4136
P196,1	4137	4137
P69,1	4138	4138
P176,13	4139	4139
P146,1	4140	4140
P27,1	4141	4141
P191,1	4142	4142
P179,12	4143	4143
P181,1	4144	4144
P38,1	4145	4145
P158,12	4146	4146
P162,1	4147	4147
P103,1	4148	4148
P63,1	4149	4149
P3,2	4150	4150
P137,1	4151	4151
P163,15	4152	4152
P145,13	4153	4153
P105,1	4154	4154
P182,1	4155	4155
P193,1	4156	4156
P183,1	4157	4157
P81,1	4158	4158
P152,1	4159	4159
P172,12	4160	4160
P199,1	4161	4161
P184,1	4162	4162
P43,1	4163	4163
P125,1	4164	4164
P143,1	4165	4165
P92,1	4166	4166
P200,1	4167	4167
P102,15	4168	4168
P197,1	4169	4169
P15,2	4170	4170
P118,14	4171	4171
P192,1	4172	4172
P175,1	4173	4173
P186,1	4174	4174
P162,1	4175	4175
P103,1	4176	4176
P63,1	4177	4177
P98,15	4178	4178
P187,1	4179	4179
P180,1	4180	4180
P190,1	4181	4181
P51,2	4182	4182
P198,1	4183	4183
P73,1	4184	4184
P185,1	4185	4185
P188,1	4186	4186
P115,1	4187	4187
P32,1	4188	4188
P199,1	4189	4189
P155,1	4190	4190
P194,1	4191	4191
P168,1	4192	4192
P1,1	4193	4193
P196,1	4194	4194
P69,1	4195	4195
P176,13	4196	4196
P146,1	4197	4197
P27,1	4198	4198
P191,1	4199	4199
P192,1	4200	4200
P175,1	4201	4201
P186,1	4202	4202
P162,1	4203	4203
P103,1	4204	4204
P63,1	4205	4205
P3,2	4206	4206
P137,1	4207	4207
P172,13	4208	4208
P145,13	4209	4209
P105,1	4210	4210
P182,1	4211	4211
P193,1	4212	4212
P183,1	4213	4213
P81,1	4214	4214
P152,1	4215	4215
P52,1	4216	4216
P158,13	4217	4217
P184,1	4218	4218
P43,1	4219	4219
P125,1	4220	4220
P143,1	4221	4221
P92,1	4222	4222
P200,1	4223	4223
P146,1	4224	4224
P27,1	4225	4225
P191,1	4226	4226
P192,1	4227	4227
P175,1	4228	4228
P186,1	4229	4229
P162,1	4230	4230
P103,1	4231	4231
P63,1	4232	4232
P3,2	4233	4233
P137,1	4234	4234
P190,1	4235	4235
P51,2	4236	4236
P198,1	4237	4237
P73,1	4238	4238
P185,1	4239	4239
P188,1	4240	4240
P115,1	4241	4241
P32,1	4242	4242
P199,1	4243	4243
P184,1	4244	4244
P43,1	4245	4245
P125,1	4246	4246
P143,1	4247	4247
P92,1	4248	4248
P69,1	4249	4249
P102,15	4250	4250
P197,1	4251	4251
P15,2	4252	4252
P179,12	4253	4253
P181,1	4254	4254
P38,1	4255	4255
P189,1	4256	4256
P24,1	4257	4257
P195,1	4258	4258
P3,2	4259	4259
P137,1	4260	4260
P190,1	4261	4261
P51,2	4262	4262
P198,1	4263	4263
P73,1	4264	4264
P185,1	4265	4265
P188,1	4266	4266
P81,1	4267	4267
P152,1	4268	4268
P52,1	4269	4269
P155,1	4270	4270
P194,1	4271	4271
P168,1	4272	4272
P176,14	4273	4273
P196,1	4274	4274
P1,2	4275	4275
P200,1	4276	4276
P146,1	4277	4277
P27,1	4278	4278
P191,1	4279	4279
P181,1	4280	4280
P38,1	4281	4281
P189,1	4282	4282
P24,1	4283	4283
P195,1	4284	4284
P3,2	4285	4285
P137,1	4286	4286
P190,1	4287	4287
P105,1	4288	4288
P182,1	4289	4289
P193,1	4290	4290
P183,1	4291	4291
P158,14	4292	4292
P115,1	4293	4293
P32,1	4294	4294
P199,1	4295	4295
P184,1	4296	4296
P43,1	4297	4297
P125,1	4298	4298
P143,1	4299	4299
P92,1	4300	4300
P69,1	4301	4301
P146,1	4302	4302
P27,1	4303	4303
P191,1	4304	4304
P181,1	4305	4305
P38,1	4306	4306
P189,1	4307	4307
P24,1	4308	4308
P195,1	4309	4309
P3,2	4310	4310
P137,1	4311	4311
P190,1	4312	4312
P105,1	4313	4313
P182,1	4314	4314
P193,1	4315	4315
P185,1	4316	4316
P188,1	4317	4317
P81,1	4318	4318
P152,1	4319	4319
P52,1	4320	4320
P155,1	4321	4321
P194,1	4322	4322
P168,1	4323	4323
P176,14	4324	4324
P196,1	4325	4325
P1,2	4326	4326
P200,1	4327	4327
P197,1	4328	4328
P15,2	4329	4329
P192,1	4330	4330
P175,1	4331	4331
P186,1	4332	4332
P162,1	4333	4333
P103,1	4334	4334
P63,1	4335	4335
P187,1	4336	4336
P180,1	4337	4337
P51,2	4338	4338
P198,1	4339	4339
P73,1	4340	4340
P185,1	4341	4341
P188,1	4342	4342
P81,1	4343	4343
P152,1	4344	4344
P52,1	4345	4345
P155,1	4346	4346
P194,1	4347	4347
P168,1	4348	4348
P176,14	4349	4349
P196,1	4350	4350
P1,2	4351	4351
P200,1	4352	4352
P197,1	4353	4353
P15,2	4354	4354
P192,1	4355	4355
P175,1	4356	4356
P38,1	4357	4357
P189,1	4358	4358
P24,1	4359	4359
P195,1	4360	4360
P3,2	4361	4361
P137,1	4362	4362
P190,1	4363	4363
P105,1	4364	4364
P182,1	4365	4365
P193,1	4366	4366
P183,1	4367	4367
P81,1	4368	4368
P152,1	4369	4369
P52,1	4370	4370
P155,1	4371	4371
P194,1	4372	4372
P168,1	4373	4373
P143,1	4374	4374
P92,1	4375	4375
P69,1	4376	4376
P146,1	4377	4377
P27,1	4378	4378
P191,1	4379	4379
P181,1	4380	4380
P179,14	4381	4381
P186,1	4382	4382
P162,1	4383	4383
P103,1	4384	4384
P63,1	4385	4385
P187,1	4386	4386
P180,1	4387	4387
P51,2	4388	4388
P198,1	4389	4389
P73,1	4390	4390
P185,1	4391	4391
P188,1	4392	4392
P115,1	4393	4393
P32,1	4394	4394
P176,15	4395	4395
P155,1	4396	4396
P194,1	4397	4397
P168,1	4398	4398
P143,1	4399	4399
P92,1	4400	4400
P69,1	4401	4401
P146,1	4402	4402
P27,1	4403	4403
P191,1	4404	4404
P181,1	4405	4405
P179,14	4406	4406
P186,1	4407	4407
P162,1	4408	4408
P103,1	4409	4409
P63,1	4410	4410
P187,1	4411	4411
P180,1	4412	4412
P51,2	4413	4413
P198,1	4414	4414
P73,1	4415	4415
P185,1	4416	4416
P188,1	4417	4417
P115,1	4418	4418
P32,1	4419	4419
P176,15	4420	4420
P155,1	4421	4421
P194,1	4422	4422
P168,1	4423	4423
P143,1	4424	4424
P92,1	4425	4425
P69,1	4426	4426
P146,1	4427	4427
P27,1	4428	4428
P191,1	4429	4429
P181,1	4430	4430
P179,14	4431	4431
P186,1	4432	4432
P162,1	4433	4433
P103,1	4434	4434
P63,1	4435	4435
P187,1	4436	4436
P180,1	4437	4437
P51,2	4438	4438
P198,1	4439	4439
P73,1	4440	4440
P185,1	4441	4441
P188,1	4442	4442
P115,1	4443	4443
P32,1	4444	4444
P176,15	4445	4445
P155,1	4446	4446
P43,1	4447	4447
P125,1	4448	4448
P196,1	4449	4449
P1,2	4450	4450
P200,1	4451	4451
P184,2	4452	4452
P27,1	4453	4453
P191,1	4454	4454
P181,1	4455	4455
P179,14	4456	4456
P186,1	4457	4457
P162,1	4458	4458
P103,1	4459	4459
P63,1	4460	4460
P187,1	4461	4461
P180,1	4462	4462
P51,2	4463	4463
P198,1	4464	4464
P73,1	4465	4465
P185,1	4466	4466
P188,1	4467	4467
P115,1	4468	4468
P32,1	4469	4469
P199,1	4470	4470
P194,1	4471	4471
P168,1	4472	4472
P143,1	4473	4473
P92,1	4474	4474
P69,1	4475	4475
P146,1	4476	4476
P197,1	4477	4477
P15,2	4478	4478
P192,1	4479	4479
P175,1	4480	4480
P38,1	4481	4481
P189,1	4482	4482
P24,1	4483	4483
P195,1	4484	4484
P3,2	4485	4485
P137,1	4486	4486
P190,1	4487	4487
P105,1	4488	4488
P182,1	4489	4489
P193,1	4490	4490
P183,1	4491	4491
P81,1	4492	4492
P152,1	4493	4493
P52,1	4494	4494
P155,1	4495	4495
P43,1	4496	4496
P125,1	4497	4497
P196,1	4498	4498
P1,2	4499	4499
P200,1	4500	4500
P184,2	4501	4501
P27,1	4502	4502
P191,1	4503	4503
P181,1	4504	4504
P38,1	4505	4505
P189,1	4506	4506
P24,1	4507	4507
P195,1	4508	4508
P3,2	4509	4509
P137,1	4510	4510
P190,1	4511	4511
P105,1	4512	4512
P182,1	4513	4513
P193,1	4514	4514
P183,1	4515	4515
P81,1	4516	4516
P152,1	4517	4517
P52,1	4518	4518
P155,1	4519	4519
P43,1	4520	4520
P125,1	4521	4521
P196,1	4522	4522
P1,2	4523	4523
P200,1	4524	4524
P184,2	4525	4525
P27,1	4526	4526
P191,1	4527	4527
P181,1	4528	4528
P38,1	4529	4529
P189,1	4530	4530
P24,1	4531	4531
P195,1	4532	4532
P3,2	4533	4533
P137,1	4534	4534
P190,1	4535	4535
P105,1	4536	4536
P182,1	4537	4537
P193,1	4538	4538
P185,1	4539	4539
P188,1	4540	4540
P115,1	4541	4541
P32,1	4542	4542
P199,1	4543	4543
P194,1	4544	4544
P168,1	4545	4545
P143,1	4546	4546
P92,1	4547	4547
P69,1	4548	4548
P146,1	4549	4549
P197,1	4550	4550
P15,2	4551	4551
P192,1	4552	4552
P175,1	4553	4553
P186,1	4554	4554
P162,1	4555	4555
P103,1	4556	4556
P63,1	4557	4557
P187,1	4558	4558
P180,1	4559	4559
P51,2	4560	4560
P198,1	4561	4561
P73,1	4562	4562
P179,15	4563	4563
P183,1	4564	4564
P81,1	4565	4565
P152,1	4566	4566
P52,1	4567	4567
P155,1	4568	4568
P43,1	4569	4569
P125,1	4570	4570
P196,1	4571	4571
P1,2	4572	4572
P200,1	4573	4573
P184,2	4574	4574
P27,1	4575	4575
P191,1	4576	4576
P181,1	4577	4577
P38,1	4578	4578
P189,1	4579	4579
P24,1	4580	4580
P195,1	4581	4581
P3,2	4582	4582
P180,1	4583	4583
P51,2	4584	4584
P198,1	4585	4585
P73,1	4586	4586
P179,15	4587	4587
P185,1	4588	4588
P188,1	4589	4589
P115,1	4590	4590
P32,1	4591	4591
P199,1	4592	4592
P194,1	4593	4593
P168,1	4594	4594
P196,1	4595	4595
P1,2	4596	4596
P200,1	4597	4597
P146,1	4598	4598
P197,1	4599	4599
P15,2	4600	4600
P192,1	4601	4601
P175,1	4602	4602
P186,1	4603	4603
P162,1	4604	4604
P103,1	4605	4605
P63,1	4606	4606
P137,1	4607	4607
P190,1	4608	4608
P105,1	4609	4609
P182,1	4610	4610
P193,1	4611	4611
P185,1	4612	4612
P188,1	4613	4613
P115,1	4614	4614
P32,1	4615	4615
P199,1	4616	4616
P194,1	4617	4617
P168,1	4618	4618
P196,1	4619	4619
P1,2	4620	4620
P200,1	4621	4621
P146,1	4622	4622
P197,1	4623	4623
P15,2	4624	4624
P192,1	4625	4625
P175,1	4626	4626
P186,1	4627	4627
P162,1	4628	4628
P103,1	4629	4629
P63,1	4630	4630
P137,1	4631	4631
P190,1	4632	4632
P105,1	4633	4633
P182,1	4634	4634
P193,1	4635	4635
P185,1	4636	4636
P188,1	4637	4637
P115,1	4638	4638
P32,1	4639	4639
P199,1	4640	4640
P194,1	4641	4641
P168,1	4642	4642
P196,1	4643	4643
P1,2	4644	4644
P200,1	4645	4645
P146,1	4646	4646
P197,1	4647	4647
P15,2	4648	4648
P192,1	4649	4649
P175,1	4650	4650
P186,1	4651	4651
P162,1	4652	4652
P103,1	4653	4653
P63,1	4654	4654
P137,1	4655	4655
P190,1	4656	4656
P105,1	4657	4657
P182,1	4658	4658
P193,1	4659	4659
P185,1	4660	4660
P188,1	4661	4661
P115,1	4662	4662
P32,1	4663	4663
P199,1	4664	4664
P194,1	4665	4665
P168,1	4666	4666
P196,1	4667	4667
P1,2	4668	4668
P200,1	4669	4669
P146,1	4670	4670
P197,1	4671	4671
P15,2	4672	4672
P192,1	4673	4673
P175,1	4674	4674
P186,1	4675	4675
P162,1	4676	4676
P103,1	4677	4677
P3,2	4678	4678
P180,1	4679	4679
P51,2	4680	4680
P198,1	4681	4681
P73,1	4682	4682
P187,2	4683	4683
P183,1	4684	4684
P81,1	4685	4685
P152,1	4686	4686
P52,1	4687	4687
P155,1	4688	4688
P43,1	4689	4689
P125,1	4690	4690
P92,1	4691	4691
P69,1	4692	4692
P143,2	4693	4693
P184,2	4694	4694
P27,1	4695	4695
P191,1	4696	4696
P181,1	4697	4697
P38,1	4698	4698
P189,1	4699	4699
P24,1	4700	4700
P195,1	4701	4701
P137,1	4702	4702
P190,1	4703	4703
P105,1	4704	4704
P182,1	4705	4705
P193,1	4706	4706
P185,1	4707	4707
P188,1	4708	4708
P115,1	4709	4709
P32,1	4710	4710
P199,1	4711	4711
P194,1	4712	4712
P168,1	4713	4713
P196,1	4714	4714
P1,2	4715	4715
P200,1	4716	4716
P146,1	4717	4717
P197,1	4718	4718
P15,2	4719	4719
P192,1	4720	4720
P175,1	4721	4721
P186,1	4722	4722
P162,1	4723	4723
P103,1	4724	4724
P3,2	4725	4725
P180,1	4726	4726
P51,2	4727	4727
P198,1	4728	4728
P73,1	4729	4729
P187,2	4730	4730
P183,1	4731	4731
P81,1	4732	4732
P152,1	4733	4733
P52,1	4734	4734
P155,1	4735	4735
P43,1	4736	4736
P125,1	4737	4737
P92,1	4738	4738
P69,1	4739	4739
P143,2	4740	4740
P184,2	4741	4741
P27,1	4742	4742
P191,1	4743	4743
P181,1	4744	4744
P38,1	4745	4745
P189,1	4746	4746
P24,1	4747	4747
P195,1	4748	4748
P137,1	4749	4749
P190,1	4750	4750
P105,1	4751	4751
P182,1	4752	4752
P193,1	4753	4753
P185,1	4754	4754
P188,1	4755	4755
P115,1	4756	4756
P32,1	4757	4757
P199,1	4758	4758
P194,1	4759	4759
P168,1	4760	4760
P196,1	4761	4761
P1,2	4762	4762
P200,1	4763	4763
P146,1	4764	4764
P197,1	4765	4765
P15,2	4766	4766
P192,1	4767	4767
P38,1	4768	4768
P189,1	4769	4769
P24,1	4770	4770
P195,1	4771	4771
P137,1	4772	4772
P180,1	4773	4773
P51,2	4774	4774
P198,1	4775	4775
P73,1	4776	4776
P187,2	4777	4777
P183,1	4778	4778
P81,1	4779	4779
P152,1	4780	4780
P52,1	4781	4781
P155,1	4782	4782
P43,1	4783	4783
P196,1	4784	4784
P1,2	4785	4785
P200,1	4786	4786
P146,1	4787	4787
P197,1	4788	4788
P191,1	4789	4789
P181,1	4790	4790
P186,1	4791	4791
P162,1	4792	4792
P103,1	4793	4793
P3,2	4794	4794
P175,2	4795	4795
P190,1	4796	4796
P105,1	4797	4797
P182,1	4798	4798
P193,1	4799	4799
P185,1	4800	4800
P188,1	4801	4801
P115,1	4802	4802
P32,1	4803	4803
P199,1	4804	4804
P194,1	4805	4805
P125,1	4806	4806
P92,1	4807	4807
P69,1	4808	4808
P143,2	4809	4809
P184,2	4810	4810
P15,2	4811	4811
P192,1	4812	4812
P38,1	4813	4813
P189,1	4814	4814
P24,1	4815	4815
P195,1	4816	4816
P137,1	4817	4817
P180,1	4818	4818
P51,2	4819	4819
P198,1	4820	4820
P73,1	4821	4821
P187,2	4822	4822
P183,1	4823	4823
P81,1	4824	4824
P152,1	4825	4825
P52,1	4826	4826
P155,1	4827	4827
P43,1	4828	4828
P196,1	4829	4829
P1,2	4830	4830
P200,1	4831	4831
P146,1	4832	4832
P197,1	4833	4833
P191,1	4834	4834
P181,1	4835	4835
P186,1	4836	4836
P162,1	4837	4837
P103,1	4838	4838
P3,2	4839	4839
P175,2	4840	4840
P190,1	4841	4841
P105,1	4842	4842
P182,1	4843	4843
P193,1	4844	4844
P185,1	4845	4845
P188,1	4846	4846
P115,1	4847	4847
P52,1	4848	4848
P155,1	4849	4849
P43,1	4850	4850
P196,1	4851	4851
P1,2	4852	4852
P200,1	4853	4853
P146,1	4854	4854
P197,1	4855	4855
P191,1	4856	4856
P181,1	4857	4857
P186,1	4858	4858
P162,1	4859	4859
P103,1	4860	4860
P3,2	4861	4861
P175,2	4862	4862
P190,1	4863	4863
P105,1	4864	4864
P182,1	4865	4865
P193,1	4866	4866
P183,1	4867	4867
P81,1	4868	4868
P152,1	4869	4869
P199,1	4870	4870
P185,2	4871	4871
P43,1	4872	4872
P196,1	4873	4873
P1,2	4874	4874
P200,1	4875	4875
P146,1	4876	4876
P15,2	4877	4877
P192,1	4878	4878
P38,1	4879	4879
P189,1	4880	4880
P24,1	4881	4881
P197,2	4882	4882
P3,2	4883	4883
P175,2	4884	4884
P190,1	4885	4885
P105,1	4886	4886
P182,1	4887	4887
P193,1	4888	4888
P183,1	4889	4889
P81,1	4890	4890
P152,1	4891	4891
P199,1	4892	4892
P185,2	4893	4893
P43,1	4894	4894
P196,1	4895	4895
P1,2	4896	4896
P200,1	4897	4897
P146,1	4898	4898
P15,2	4899	4899
P192,1	4900	4900
P38,1	4901	4901
P189,1	4902	4902
P24,1	4903	4903
P197,2	4904	4904
P3,2	4905	4905
P175,2	4906	4906
P190,1	4907	4907
P105,1	4908	4908
P182,1	4909	4909
P193,1	4910	4910
P183,1	4911	4911
P81,1	4912	4912
P152,1	4913	4913
P199,1	4914	4914
P185,2	4915	4915
P43,1	4916	4916
P196,1	4917	4917
P1,2	4918	4918
P200,1	4919	4919
P146,1	4920	4920
P15,2	4921	4921
P192,1	4922	4922
P38,1	4923	4923
P189,1	4924	4924
P24,1	4925	4925
P197,2	4926	4926
P3,2	4927	4927
P175,2	4928	4928
P190,1	4929	4929
P105,1	4930	4930
P182,1	4931	4931
P193,1	4932	4932
P183,1	4933	4933
P81,1	4934	4934
P152,1	4935	4935
P199,1	4936	4936
P185,2	4937	4937
P43,1	4938	4938
P196,1	4939	4939
P1,2	4940	4940
P200,1	4941	4941
P146,1	4942	4942
P15,2	4943	4943
P192,1	4944	4944
P38,1	4945	4945
P189,1	4946	4946
P24,1	4947	4947
P197,2	4948	4948
P3,2	4949	4949
P175,2	4950	4950
P190,1	4951	4951
P105,1	4952	4952
P182,1	4953	4953
P193,1	4954	4954
P183,1	4955	4955
P81,1	4956	4956
P152,1	4957	4957
P199,1	4958	4958
P185,2	4959	4959
P43,1	4960	4960
P196,1	4961	4961
P1,2	4962	4962
P200,1	4963	4963
P146,1	4964	4964
P15,2	4965	4965
P192,1	4966	4966
P38,1	4967	4967
P189,1	4968	4968
P24,1	4969	4969
P197,2	4970	4970
P3,2	4971	4971
P175,2	4972	4972
P190,1	4973	4973
P105,1	4974	4974
P182,1	4975	4975
P193,1	4976	4976
P183,1	4977	4977
P81,1	4978	4978
P152,1	4979	4979
P199,1	4980	4980
P185,2	4981	4981
P43,1	4982	4982
P196,1	4983	4983
P69,1	4984	4984
P143,2	4985	4985
P184,2	4986	4986
P191,1	4987	4987
P181,1	4988	4988
P92,2	4989	4989
P189,1	4990	4990
P24,1	4991	4991
P197,2	4992	4992
P3,2	4993	4993
P175,2	4994	4994
P190,1	4995	4995
P105,1	4996	4996
P182,1	4997	4997
P193,1	4998	4998
P183,1	4999	4999
P81,1	5000	5000
P152,1	5001	5001
P199,1	5002	5002
P185,2	5003	5003
P43,1	5004	5004
P196,1	5005	5005
P69,1	5006	5006
P143,2	5007	5007
P184,2	5008	5008
P191,1	5009	5009
P181,1	5010	5010
P92,2	5011	5011
P189,1	5012	5012
P24,1	5013	5013
P197,2	5014	5014
P3,2	5015	5015
P175,2	5016	5016
P190,1	5017	5017
P105,1	5018	5018
P73,1	5019	5019
P187,2	5020	5020
P198,2	5021	5021
P81,1	5022	5022
P152,1	5023	5023
P199,1	5024	5024
P185,2	5025	5025
P43,1	5026	5026
P196,1	5027	5027
P69,1	5028	5028
P143,2	5029	5029
P184,2	5030	5030
P191,1	5031	5031
P181,1	5032	5032
P92,2	5033	5033
P189,1	5034	5034
P24,1	5035	5035
P197,2	5036	5036
P3,2	5037	5037
P175,2	5038	5038
P190,1	5039	5039
P105,1	5040	5040
P73,1	5041	5041
P187,2	5042	5042
P198,2	5043	5043
P81,1	5044	5044
P152,1	5045	5045
P199,1	5046	5046
P185,2	5047	5047
P43,1	5048	5048
P196,1	5049	5049
P69,1	5050	5050
P143,2	5051	5051
P184,2	5052	5052
P191,1	5053	5053
P181,1	5054	5054
P92,2	5055	5055
P189,1	5056	5056
P24,1	5057	5057
P197,2	5058	5058
P3,2	5059	5059
P175,2	5060	5060
P190,1	5061	5061
P182,1	5062	5062
P193,1	5063	5063
P183,1	5064	5064
P188,1	5065	5065
P115,1	5066	5066
P52,1	5067	5067
P155,1	5068	5068
P194,1	5069	5069
P125,1	5070	5070
P1,2	5071	5071
P200,1	5072	5072
P146,1	5073	5073
P15,2	5074	5074
P192,1	5075	5075
P38,1	5076	5076
P186,1	5077	5077
P162,1	5078	5078
P103,1	5079	5079
P195,1	5080	5080
P137,1	5081	5081
P180,1	5082	5082
P51,2	5083	5083
P73,1	5084	5084
P187,2	5085	5085
P198,2	5086	5086
P81,1	5087	5087
P152,1	5088	5088
P199,1	5089	5089
P185,2	5090	5090
P43,1	5091	5091
P196,1	5092	5092
P69,1	5093	5093
P143,2	5094	5094
P184,2	5095	5095
P191,1	5096	5096
P181,1	5097	5097
P92,2	5098	5098
P189,1	5099	5099
P24,1	5100	5100
P197,2	5101	5101
P3,2	5102	5102
P175,2	5103	5103
P190,1	5104	5104
P182,1	5105	5105
P193,1	5106	5106
P183,1	5107	5107
P188,1	5108	5108
P115,1	5109	5109
P52,1	5110	5110
P155,1	5111	5111
P194,1	5112	5112
P125,1	5113	5113
P1,2	5114	5114
P200,1	5115	5115
P146,1	5116	5116
P15,2	5117	5117
P192,1	5118	5118
P38,1	5119	5119
P186,1	5120	5120
P162,1	5121	5121
P103,1	5122	5122
P195,1	5123	5123
P137,1	5124	5124
P180,1	5125	5125
P51,2	5126	5126
P73,1	5127	5127
P187,2	5128	5128
P198,2	5129	5129
P81,1	5130	5130
P152,1	5131	5131
P199,1	5132	5132
P185,2	5133	5133
P43,1	5134	5134
P196,1	5135	5135
P69,1	5136	5136
P143,2	5137	5137
P184,2	5138	5138
P191,1	5139	5139
P181,1	5140	5140
P92,2	5141	5141
P189,1	5142	5142
P24,1	5143	5143
P197,2	5144	5144
P3,2	5145	5145
P175,2	5146	5146
P190,1	5147	5147
P182,1	5148	5148
P193,1	5149	5149
P183,1	5150	5150
P188,1	5151	5151
P115,1	5152	5152
P52,1	5153	5153
P155,1	5154	5154
P194,1	5155	5155
P125,1	5156	5156
P1,2	5157	5157
P200,1	5158	5158
P146,1	5159	5159
P15,2	5160	5160
P192,1	5161	5161
P38,1	5162	5162
P186,1	5163	5163
P162,1	5164	5164
P103,1	5165	5165
P195,1	5166	5166
P137,1	5167	5167
P180,1	5168	5168
P51,2	5169	5169
P73,1	5170	5170
P187,2	5171	5171
P198,2	5172	5172
P81,1	5173	5173
P152,1	5174	5174
P199,1	5175	5175
P185,2	5176	5176
P43,1	5177	5177
P196,1	5178	5178
P69,1	5179	5179
P143,2	5180	5180
P184,2	5181	5181
P191,1	5182	5182
P181,1	5183	5183
P92,2	5184	5184
P189,1	5185	5185
P24,1	5186	5186
P197,2	5187	5187
P3,2	5188	5188
P175,2	5189	5189
P190,1	5190	5190
P182,1	5191	5191
P193,1	5192	5192
P183,1	5193	5193
P188,1	5194	5194
P115,1	5195	5195
P52,1	5196	5196
P155,1	5197	5197
P194,1	5198	5198
P196,1	5199	5199
P69,1	5200	5200
P143,2	5201	5201
P184,2	5202	5202
P15,2	5203	5203
P192,1	5204	5204
P38,1	5205	5205
P186,1	5206	5206
P162,1	5207	5207
P103,1	5208	5208
P195,1	5209	5209
P137,1	5210	5210
P180,1	5211	5211
P51,2	5212	5212
P73,1	5213	5213
P187,2	5214	5214
P198,2	5215	5215
P81,1	5216	5216
P152,1	5217	5217
P199,1	5218	5218
P185,2	5219	5219
P125,1	5220	5220
P1,2	5221	5221
P200,1	5222	5222
P146,1	5223	5223
P43,2	5224	5224
P191,1	5225	5225
P181,1	5226	5226
P92,2	5227	5227
P189,1	5228	5228
P103,1	5229	5229
P195,1	5230	5230
P3,2	5231	5231
P175,2	5232	5232
P190,1	5233	5233
P182,1	5234	5234
P193,1	5235	5235
P183,1	5236	5236
P188,1	5237	5237
P115,1	5238	5238
P52,1	5239	5239
P155,1	5240	5240
P194,1	5241	5241
P196,1	5242	5242
P69,1	5243	5243
P143,2	5244	5244
P184,2	5245	5245
P15,2	5246	5246
P192,1	5247	5247
P38,1	5248	5248
P186,1	5249	5249
P24,1	5250	5250
P197,2	5251	5251
P162,2	5252	5252
P137,1	5253	5253
P180,1	5254	5254
P51,2	5255	5255
P73,1	5256	5256
P187,2	5257	5257
P198,2	5258	5258
P81,1	5259	5259
P152,1	5260	5260
P199,1	5261	5261
P185,2	5262	5262
P125,1	5263	5263
P1,2	5264	5264
P200,1	5265	5265
P146,1	5266	5266
P43,2	5267	5267
P191,1	5268	5268
P38,1	5269	5269
P186,1	5270	5270
P24,1	5271	5271
P197,2	5272	5272
P162,2	5273	5273
P137,1	5274	5274
P180,1	5275	5275
P51,2	5276	5276
P73,1	5277	5277
P187,2	5278	5278
P198,2	5279	5279
P81,1	5280	5280
P152,1	5281	5281
P199,1	5282	5282
P185,2	5283	5283
P125,1	5284	5284
P1,2	5285	5285
P200,1	5286	5286
P146,1	5287	5287
P43,2	5288	5288
P181,1	5289	5289
P92,2	5290	5290
P189,1	5291	5291
P103,1	5292	5292
P195,1	5293	5293
P3,2	5294	5294
P175,2	5295	5295
P190,1	5296	5296
P182,1	5297	5297
P193,1	5298	5298
P183,1	5299	5299
P188,1	5300	5300
P115,1	5301	5301
P52,1	5302	5302
P155,1	5303	5303
P194,1	5304	5304
P196,1	5305	5305
P69,1	5306	5306
P143,2	5307	5307
P184,2	5308	5308
P191,1	5309	5309
P38,1	5310	5310
P186,1	5311	5311
P24,1	5312	5312
P197,2	5313	5313
P162,2	5314	5314
P137,1	5315	5315
P180,1	5316	5316
P51,2	5317	5317
P73,1	5318	5318
P187,2	5319	5319
P198,2	5320	5320
P115,1	5321	5321
P52,1	5322	5322
P155,1	5323	5323
P194,1	5324	5324
P196,1	5325	5325
P69,1	5326	5326
P143,2	5327	5327
P184,2	5328	5328
P191,1	5329	5329
P92,2	5330	5330
P189,1	5331	5331
P103,1	5332	5332
P195,1	5333	5333
P3,2	5334	5334
P175,2	5335	5335
P190,1	5336	5336
P182,1	5337	5337
P193,1	5338	5338
P183,1	5339	5339
P188,1	5340	5340
P152,1	5341	5341
P199,1	5342	5342
P185,2	5343	5343
P125,1	5344	5344
P1,2	5345	5345
P200,1	5346	5346
P146,1	5347	5347
P43,2	5348	5348
P181,1	5349	5349
P186,1	5350	5350
P24,1	5351	5351
P197,2	5352	5352
P162,2	5353	5353
P137,1	5354	5354
P180,1	5355	5355
P51,2	5356	5356
P73,1	5357	5357
P187,2	5358	5358
P198,2	5359	5359
P115,1	5360	5360
P52,1	5361	5361
P155,1	5362	5362
P194,1	5363	5363
P196,1	5364	5364
P69,1	5365	5365
P143,2	5366	5366
P184,2	5367	5367
P191,1	5368	5368
P92,2	5369	5369
P189,1	5370	5370
P103,1	5371	5371
P195,1	5372	5372
P3,2	5373	5373
P175,2	5374	5374
P190,1	5375	5375
P182,1	5376	5376
P193,1	5377	5377
P183,1	5378	5378
P188,1	5379	5379
P152,1	5380	5380
P199,1	5381	5381
P185,2	5382	5382
P125,1	5383	5383
P1,2	5384	5384
P200,1	5385	5385
P146,1	5386	5386
P43,2	5387	5387
P181,1	5388	5388
P186,1	5389	5389
P24,1	5390	5390
P197,2	5391	5391
P162,2	5392	5392
P137,1	5393	5393
P180,1	5394	5394
P51,2	5395	5395
P73,1	5396	5396
P187,2	5397	5397
P198,2	5398	5398
P115,1	5399	5399
P52,1	5400	5400
P155,1	5401	5401
P125,1	5402	5402
P1,2	5403	5403
P200,1	5404	5404
P146,1	5405	5405
P43,2	5406	5406
P181,1	5407	5407
P186,1	5408	5408
P24,1	5409	5409
P197,2	5410	5410
P162,2	5411	5411
P137,1	5412	5412
P180,1	5413	5413
P51,2	5414	5414
P73,1	5415	5415
P187,2	5416	5416
P198,2	5417	5417
P115,1	5418	5418
P52,1	5419	5419
P155,1	5420	5420
P125,1	5421	5421
P1,2	5422	5422
P200,1	5423	5423
P146,1	5424	5424
P43,2	5425	5425
P181,1	5426	5426
P186,1	5427	5427
P24,1	5428	5428
P197,2	5429	5429
P162,2	5430	5430
P137,1	5431	5431
P180,1	5432	5432
P51,2	5433	5433
P73,1	5434	5434
P187,2	5435	5435
P198,2	5436	5436
P115,1	5437	5437
P52,1	5438	5438
P155,1	5439	5439
P125,1	5440	5440
P1,2	5441	5441
P200,1	5442	5442
P146,1	5443	5443
P43,2	5444	5444
P181,1	5445	5445
P186,1	5446	5446
P24,1	5447	5447
P197,2	5448	5448
P162,2	5449	5449
P137,1	5450	5450
P180,1	5451	5451
P51,2	5452	5452
P73,1	5453	5453
P187,2	5454	5454
P198,2	5455	5455
P115,1	5456	5456
P52,1	5457	5457
P155,1	5458	5458
P125,1	5459	5459
P1,2	5460	5460
P200,1	5461	5461
P146,1	5462	5462
P43,2	5463	5463
P181,1	5464	5464
P186,1	5465	5465
P24,1	5466	5466
P197,2	5467	5467
P162,2	5468	5468
P137,1	5469	5469
P180,1	5470	5470
P51,2	5471	5471
P73,1	5472	5472
P187,2	5473	5473
P198,2	5474	5474
P115,1	5475	5475
P52,1	5476	5476
P155,1	5477	5477
P125,1	5478	5478
P1,2	5479	5479
P200,1	5480	5480
P146,1	5481	5481
P43,2	5482	5482
P181,1	5483	5483
P186,1	5484	5484
P24,1	5485	5485
P197,2	5486	5486
P162,2	5487	5487
P137,1	5488	5488
P180,1	5489	5489
P51,2	5490	5490
P73,1	5491	5491
P187,2	5492	5492
P198,2	5493	5493
P115,1	5494	5494
P52,1	5495	5495
P155,1	5496	5496
P125,1	5497	5497
P1,2	5498	5498
P200,1	5499	5499
P146,1	5500	5500
P43,2	5501	5501
P181,1	5502	5502
P186,1	5503	5503
P24,1	5504	5504
P197,2	5505	5505
P162,2	5506	5506
P137,1	5507	5507
P180,1	5508	5508
P51,2	5509	5509
P73,1	5510	5510
P187,2	5511	5511
P198,2	5512	5512
P115,1	5513	5513
P52,1	5514	5514
P155,1	5515	5515
P125,1	5516	5516
P1,2	5517	5517
P200,1	5518	5518
P146,1	5519	5519
P43,2	5520	5520
P181,1	5521	5521
P186,1	5522	5522
P24,1	5523	5523
P197,2	5524	5524
P162,2	5525	5525
P137,1	5526	5526
P180,1	5527	5527
P51,2	5528	5528
P73,1	5529	5529
P187,2	5530	5530
P198,2	5531	5531
P115,1	5532	5532
P52,1	5533	5533
P155,1	5534	5534
P125,1	5535	5535
P1,2	5536	5536
P200,1	5537	5537
P146,1	5538	5538
P43,2	5539	5539
P181,1	5540	5540
P186,1	5541	5541
P24,1	5542	5542
P197,2	5543	5543
P162,2	5544	5544
P137,1	5545	5545
P180,1	5546	5546
P51,2	5547	5547
P73,1	5548	5548
P187,2	5549	5549
P198,2	5550	5550
P115,1	5551	5551
P52,1	5552	5552
P155,1	5553	5553
P125,1	5554	5554
P1,2	5555	5555
P200,1	5556	5556
P146,1	5557	5557
P43,2	5558	5558
P181,1	5559	5559
P186,1	5560	5560
P24,1	5561	5561
P197,2	5562	5562
P162,2	5563	5563
P137,1	5564	5564
P180,1	5565	5565
P51,2	5566	5566
P73,1	5567	5567
P187,2	5568	5568
P198,2	5569	5569
P115,1	5570	5570
P52,1	5571	5571
P155,1	5572	5572
P125,1	5573	5573
P1,2	5574	5574
P200,1	5575	5575
P146,1	5576	5576
P43,2	5577	5577
P181,1	5578	5578
P186,1	5579	5579
P24,1	5580	5580
P197,2	5581	5581
P162,2	5582	5582
P137,1	5583	5583
P180,1	5584	5584
P51,2	5585	5585
P73,1	5586	5586
P187,2	5587	5587
P198,2	5588	5588
P115,1	5589	5589
P52,1	5590	5590
P155,1	5591	5591
P125,1	5592	5592
P1,2	5593	5593
P200,1	5594	5594
P146,1	5595	5595
P43,2	5596	5596
P181,1	5597	5597
P186,1	5598	5598
P24,1	5599	5599
P197,2	5600	5600
P162,2	5601	5601
P137,1	5602	5602
P180,1	5603	5603
P51,2	5604	5604
P73,1	5605	5605
P187,2	5606	5606
P198,2	5607	5607
P115,1	5608	5608
P52,1	5609	5609
P155,1	5610	5610
P125,1	5611	5611
P1,2	5612	5612
P200,1	5613	5613
P146,1	5614	5614
P43,2	5615	5615
P181,1	5616	5616
P186,1	5617	5617
P24,1	5618	5618
P197,2	5619	5619
P162,2	5620	5620
P137,1	5621	5621
P180,1	5622	5622
P51,2	5623	5623
P73,1	5624	5624
P187,2	5625	5625
P198,2	5626	5626
P115,1	5627	5627
P199,1	5628	5628
P185,2	5629	5629
P196,1	5630	5630
P52,2	5631	5631
P200,1	5632	5632
P146,1	5633	5633
P43,2	5634	5634
P181,1	5635	5635
P186,1	5636	5636
P24,1	5637	5637
P197,2	5638	5638
P162,2	5639	5639
P137,1	5640	5640
P180,1	5641	5641
P51,2	5642	5642
P73,1	5643	5643
P187,2	5644	5644
P198,2	5645	5645
P115,1	5646	5646
P199,1	5647	5647
P185,2	5648	5648
P196,1	5649	5649
P52,2	5650	5650
P200,1	5651	5651
P146,1	5652	5652
P43,2	5653	5653
P181,1	5654	5654
P186,1	5655	5655
P24,1	5656	5656
P197,2	5657	5657
P162,2	5658	5658
P137,1	5659	5659
P180,1	5660	5660
P51,2	5661	5661
P73,1	5662	5662
P187,2	5663	5663
P198,2	5664	5664
P115,1	5665	5665
P199,1	5666	5666
P185,2	5667	5667
P196,1	5668	5668
P52,2	5669	5669
P200,1	5670	5670
P146,1	5671	5671
P43,2	5672	5672
P181,1	5673	5673
P186,1	5674	5674
P24,1	5675	5675
P197,2	5676	5676
P162,2	5677	5677
P137,1	5678	5678
P180,1	5679	5679
P51,2	5680	5680
P73,1	5681	5681
P187,2	5682	5682
P198,2	5683	5683
P115,1	5684	5684
P199,1	5685	5685
P185,2	5686	5686
P196,1	5687	5687
P52,2	5688	5688
P200,1	5689	5689
P146,1	5690	5690
P43,2	5691	5691
P181,1	5692	5692
P186,1	5693	5693
P24,1	5694	5694
P197,2	5695	5695
P162,2	5696	5696
P137,1	5697	5697
P180,1	5698	5698
P51,2	5699	5699
P73,1	5700	5700
P187,2	5701	5701
P198,2	5702	5702
P115,1	5703	5703
P199,1	5704	5704
P185,2	5705	5705
P196,1	5706	5706
P52,2	5707	5707
P200,1	5708	5708
P146,1	5709	5709
P43,2	5710	5710
P181,1	5711	5711
P186,1	5712	5712
P24,1	5713	5713
P197,2	5714	5714
P162,2	5715	5715
P137,1	5716	5716
P180,1	5717	5717
P51,2	5718	5718
P73,1	5719	5719
P187,2	5720	5720
P198,2	5721	5721
P115,1	5722	5722
P199,1	5723	5723
P185,2	5724	5724
P196,1	5725	5725
P52,2	5726	5726
P200,1	5727	5727
P146,1	5728	5728
P43,2	5729	5729
P181,1	5730	5730
P186,1	5731	5731
P24,1	5732	5732
P197,2	5733	5733
P162,2	5734	5734
P137,1	5735	5735
P180,1	5736	5736
P51,2	5737	5737
P73,1	5738	5738
P187,2	5739	5739
P198,2	5740	5740
P115,1	5741	5741
P199,1	5742	5742
P185,2	5743	5743
P196,1	5744	5744
P52,2	5745	5745
P200,1	5746	5746
P146,1	5747	5747
P43,2	5748	5748
P181,1	5749	5749
P186,1	5750	5750
P24,1	5751	5751
P197,2	5752	5752
P162,2	5753	5753
P137,1	5754	5754
P180,1	5755	5755
P51,2	5756	5756
P73,1	5757	5757
P187,2	5758	5758
P198,2	5759	5759
P115,1	5760	5760
P199,1	5761	5761
P185,2	5762	5762
P1,2	5763	5763
P69,1	5764	5764
P143,2	5765	5765
P184,2	5766	5766
P191,1	5767	5767
P92,2	5768	5768
P189,1	5769	5769
P103,1	5770	5770
P195,1	5771	5771
P3,2	5772	5772
P175,2	5773	5773
P190,1	5774	5774
P182,1	5775	5775
P193,1	5776	5776
P183,1	5777	5777
P188,1	5778	5778
P152,1	5779	5779
P155,1	5780	5780
P125,1	5781	5781
P52,2	5782	5782
P200,1	5783	5783
P146,1	5784	5784
P43,2	5785	5785
P181,1	5786	5786
P186,1	5787	5787
P24,1	5788	5788
P197,2	5789	5789
P162,2	5790	5790
P137,1	5791	5791
P180,1	5792	5792
P51,2	5793	5793
P73,1	5794	5794
P187,2	5795	5795
P198,2	5796	5796
P115,1	5797	5797
P199,1	5798	5798
P185,2	5799	5799
P1,2	5800	5800
P69,1	5801	5801
P143,2	5802	5802
P184,2	5803	5803
P191,1	5804	5804
P92,2	5805	5805
P189,1	5806	5806
P103,1	5807	5807
P195,1	5808	5808
P3,2	5809	5809
P175,2	5810	5810
P190,1	5811	5811
P182,1	5812	5812
P193,1	5813	5813
P183,1	5814	5814
P188,1	5815	5815
P152,1	5816	5816
P155,1	5817	5817
P125,1	5818	5818
P52,2	5819	5819
P200,1	5820	5820
P146,1	5821	5821
P43,2	5822	5822
P181,1	5823	5823
P186,1	5824	5824
P24,1	5825	5825
P197,2	5826	5826
P162,2	5827	5827
P137,1	5828	5828
P180,1	5829	5829
P51,2	5830	5830
P73,1	5831	5831
P187,2	5832	5832
P198,2	5833	5833
P115,1	5834	5834
P199,1	5835	5835
P185,2	5836	5836
P1,2	5837	5837
P69,1	5838	5838
P143,2	5839	5839
P184,2	5840	5840
P191,1	5841	5841
P92,2	5842	5842
P189,1	5843	5843
P103,1	5844	5844
P195,1	5845	5845
P3,2	5846	5846
P175,2	5847	5847
P190,1	5848	5848
P182,1	5849	5849
P193,1	5850	5850
P183,1	5851	5851
P188,1	5852	5852
P152,1	5853	5853
P155,1	5854	5854
P125,1	5855	5855
P52,2	5856	5856
P200,1	5857	5857
P146,1	5858	5858
P43,2	5859	5859
P181,1	5860	5860
P186,1	5861	5861
P24,1	5862	5862
P197,2	5863	5863
P162,2	5864	5864
P137,1	5865	5865
P180,1	5866	5866
P51,2	5867	5867
P73,1	5868	5868
P187,2	5869	5869
P198,2	5870	5870
P115,1	5871	5871
P199,1	5872	5872
P185,2	5873	5873
P1,2	5874	5874
P69,1	5875	5875
P143,2	5876	5876
P184,2	5877	5877
P191,1	5878	5878
P92,2	5879	5879
P189,1	5880	5880
P103,1	5881	5881
P195,1	5882	5882
P3,2	5883	5883
P175,2	5884	5884
P190,1	5885	5885
P182,1	5886	5886
P193,1	5887	5887
P183,1	5888	5888
P188,1	5889	5889
P152,1	5890	5890
P155,1	5891	5891
P125,1	5892	5892
P52,2	5893	5893
P200,1	5894	5894
P146,1	5895	5895
P43,2	5896	5896
P181,1	5897	5897
P186,1	5898	5898
P24,1	5899	5899
P197,2	5900	5900
P162,2	5901	5901
P137,1	5902	5902
P180,1	5903	5903
P51,2	5904	5904
P73,1	5905	5905
P187,2	5906	5906
P198,2	5907	5907
P115,1	5908	5908
P199,1	5909	5909
P185,2	5910	5910
P1,2	5911	5911
P69,1	5912	5912
P143,2	5913	5913
P184,2	5914	5914
P191,1	5915	5915
P92,2	5916	5916
P189,1	5917	5917
P103,1	5918	5918
P195,1	5919	5919
P3,2	5920	5920
P175,2	5921	5921
P190,1	5922	5922
P182,1	5923	5923
P193,1	5924	5924
P183,1	5925	5925
P188,1	5926	5926
P152,1	5927	5927
P155,1	5928	5928
P125,1	5929	5929
P52,2	5930	5930
P200,1	5931	5931
P146,1	5932	5932
P43,2	5933	5933
P181,1	5934	5934
P186,1	5935	5935
P24,1	5936	5936
P197,2	5937	5937
P162,2	5938	5938
P137,1	5939	5939
P180,1	5940	5940
P51,2	5941	5941
P73,1	5942	5942
P187,2	5943	5943
P198,2	5944	5944
P115,1	5945	5945
P199,1	5946	5946
P185,2	5947	5947
P1,2	5948	5948
P69,1	5949	5949
P143,2	5950	5950
P184,2	5951	5951
P191,1	5952	5952
P92,2	5953	5953
P189,1	5954	5954
P103,1	5955	5955
P195,1	5956	5956
P3,2	5957	5957
P175,2	5958	5958
P190,1	5959	5959
P182,1	5960	5960
P193,1	5961	5961
P183,1	5962	5962
P188,1	5963	5963
P152,1	5964	5964
P155,1	5965	5965
P125,1	5966	5966
P52,2	5967	5967
P200,1	5968	5968
P146,1	5969	5969
P43,2	5970	5970
P181,1	5971	5971
P186,1	5972	5972
P24,1	5973	5973
P197,2	5974	5974
P162,2	5975	5975
P175,2	5976	5976
P190,1	5977	5977
P182,1	5978	5978
P193,1	5979	5979
P183,1	5980	5980
P188,1	5981	5981
P152,1	5982	5982
P155,1	5983	5983
P125,1	5984	5984
P52,2	5985	5985
P200,1	5986	5986
P146,1	5987	5987
P43,2	5988	5988
P181,1	5989	5989
P186,1	5990	5990
P24,1	5991	5991
P197,2	5992	5992
P137,1	5993	5993
P180,1	5994	5994
P51,2	5995	5995
P73,1	5996	5996
P187,2	5997	5997
P198,2	5998	5998
P115,1	5999	5999
P199,1	6000	6000
P185,2	6001	6001
P1,2	6002	6002
P69,1	6003	6003
P143,2	6004	6004
P184,2	6005	6005
P191,1	6006	6006
P92,2	6007	6007
P189,1	6008	6008
P197,2	6009	6009
P137,1	6010	6010
P180,1	6011	6011
P51,2	6012	6012
P73,1	6013	6013
P187,2	6014	6014
P183,1	6015	6015
P188,1	6016	6016
P152,1	6017	6017
P155,1	6018	6018
P125,1	6019	6019
P52,2	6020	6020
P200,1	6021	6021
P146,1	6022	6022
P43,2	6023	6023
P181,1	6024	6024
P186,1	6025	6025
P103,1	6026	6026
P162,2	6027	6027
P175,2	6028	6028
P24,2	6029	6029
P182,1	6030	6030
P193,1	6031	6031
P190,2	6032	6032
P198,2	6033	6033
P115,1	6034	6034
P199,1	6035	6035
P185,2	6036	6036
P52,2	6037	6037
P200,1	6038	6038
P146,1	6039	6039
P43,2	6040	6040
P181,1	6041	6041
P186,1	6042	6042
P103,1	6043	6043
P162,2	6044	6044
P175,2	6045	6045
P24,2	6046	6046
P182,1	6047	6047
P193,1	6048	6048
P190,2	6049	6049
P198,2	6050	6050
P115,1	6051	6051
P199,1	6052	6052
P185,2	6053	6053
P52,2	6054	6054
P200,1	6055	6055
P146,1	6056	6056
P43,2	6057	6057
P181,1	6058	6058
P186,1	6059	6059
P103,1	6060	6060
P162,2	6061	6061
P175,2	6062	6062
P51,2	6063	6063
P73,1	6064	6064
P187,2	6065	6065
P180,2	6066	6066
P198,2	6067	6067
P115,1	6068	6068
P199,1	6069	6069
P185,2	6070	6070
P52,2	6071	6071
P200,1	6072	6072
P146,1	6073	6073
P43,2	6074	6074
P181,1	6075	6075
P186,1	6076	6076
P103,1	6077	6077
P162,2	6078	6078
P175,2	6079	6079
P51,2	6080	6080
P73,1	6081	6081
P187,2	6082	6082
P180,2	6083	6083
P198,2	6084	6084
P115,1	6085	6085
P199,1	6086	6086
P185,2	6087	6087
P52,2	6088	6088
P200,1	6089	6089
P146,1	6090	6090
P43,2	6091	6091
P181,1	6092	6092
P186,1	6093	6093
P103,1	6094	6094
P162,2	6095	6095
P175,2	6096	6096
P51,2	6097	6097
P73,1	6098	6098
P187,2	6099	6099
P180,2	6100	6100
P198,2	6101	6101
P115,1	6102	6102
P199,1	6103	6103
P185,2	6104	6104
P52,2	6105	6105
P200,1	6106	6106
P146,1	6107	6107
P43,2	6108	6108
P181,1	6109	6109
P186,1	6110	6110
P103,1	6111	6111
P162,2	6112	6112
P175,2	6113	6113
P51,2	6114	6114
P73,1	6115	6115
P187,2	6116	6116
P180,2	6117	6117
P198,2	6118	6118
P152,1	6119	6119
P155,1	6120	6120
P125,1	6121	6121
P69,1	6122	6122
P143,2	6123	6123
P184,2	6124	6124
P191,1	6125	6125
P92,2	6126	6126
P189,1	6127	6127
P197,2	6128	6128
P137,1	6129	6129
P24,2	6130	6130
P182,1	6131	6131
P193,1	6132	6132
P190,2	6133	6133
P183,1	6134	6134
P188,1	6135	6135
P199,1	6136	6136
P185,2	6137	6137
P52,2	6138	6138
P143,2	6139	6139
P184,2	6140	6140
P191,1	6141	6141
P92,2	6142	6142
P189,1	6143	6143
P103,1	6144	6144
P162,2	6145	6145
P175,2	6146	6146
P51,2	6147	6147
P73,1	6148	6148
P187,2	6149	6149
P180,2	6150	6150
P198,2	6151	6151
P152,1	6152	6152
P155,1	6153	6153
P125,1	6154	6154
P200,1	6155	6155
P146,1	6156	6156
P43,2	6157	6157
P181,1	6158	6158
P186,1	6159	6159
P69,2	6160	6160
P197,2	6161	6161
P137,1	6162	6162
P24,2	6163	6163
P182,1	6164	6164
P193,1	6165	6165
P190,2	6166	6166
P183,1	6167	6167
P188,1	6168	6168
P199,1	6169	6169
P185,2	6170	6170
P52,2	6171	6171
P143,2	6172	6172
P184,2	6173	6173
P191,1	6174	6174
P92,2	6175	6175
P189,1	6176	6176
P103,1	6177	6177
P162,2	6178	6178
P175,2	6179	6179
P51,2	6180	6180
P73,1	6181	6181
P187,2	6182	6182
P180,2	6183	6183
P198,2	6184	6184
P152,1	6185	6185
P155,1	6186	6186
P125,1	6187	6187
P200,1	6188	6188
P146,1	6189	6189
P43,2	6190	6190
P181,1	6191	6191
P186,1	6192	6192
P69,2	6193	6193
P197,2	6194	6194
P137,1	6195	6195
P24,2	6196	6196
P182,1	6197	6197
P193,1	6198	6198
P190,2	6199	6199
P183,1	6200	6200
P152,1	6201	6201
P155,1	6202	6202
P125,1	6203	6203
P200,1	6204	6204
P146,1	6205	6205
P43,2	6206	6206
P181,1	6207	6207
P186,1	6208	6208
P69,2	6209	6209
P197,2	6210	6210
P137,1	6211	6211
P24,2	6212	6212
P182,1	6213	6213
P193,1	6214	6214
P190,2	6215	6215
P183,1	6216	6216
P152,1	6217	6217
P155,1	6218	6218
P125,1	6219	6219
P200,1	6220	6220
P146,1	6221	6221
P43,2	6222	6222
P181,1	6223	6223
P186,1	6224	6224
P69,2	6225	6225
P197,2	6226	6226
P137,1	6227	6227
P24,2	6228	6228
P182,1	6229	6229
P193,1	6230	6230
P190,2	6231	6231
P183,1	6232	6232
P152,1	6233	6233
P155,1	6234	6234
P125,1	6235	6235
P200,1	6236	6236
P146,1	6237	6237
P43,2	6238	6238
P181,1	6239	6239
P186,1	6240	6240
P103,1	6241	6241
P162,2	6242	6242
P175,2	6243	6243
P51,2	6244	6244
P73,1	6245	6245
P187,2	6246	6246
P180,2	6247	6247
P198,2	6248	6248
P199,1	6249	6249
P185,2	6250	6250
P52,2	6251	6251
P143,2	6252	6252
P184,2	6253	6253
P191,1	6254	6254
P92,2	6255	6255
P103,1	6256	6256
P162,2	6257	6257
P175,2	6258	6258
P51,2	6259	6259
P73,1	6260	6260
P187,2	6261	6261
P180,2	6262	6262
P198,2	6263	6263
P199,1	6264	6264
P185,2	6265	6265
P52,2	6266	6266
P143,2	6267	6267
P184,2	6268	6268
P191,1	6269	6269
P92,2	6270	6270
P103,1	6271	6271
P162,2	6272	6272
P175,2	6273	6273
P51,2	6274	6274
P193,1	6275	6275
P190,2	6276	6276
P182,2	6277	6277
P198,2	6278	6278
P199,1	6279	6279
P185,2	6280	6280
P52,2	6281	6281
P143,2	6282	6282
P43,2	6283	6283
P181,1	6284	6284
P69,2	6285	6285
P197,2	6286	6286
P137,1	6287	6287
P24,2	6288	6288
P73,1	6289	6289
P187,2	6290	6290
P180,2	6291	6291
P183,1	6292	6292
P152,1	6293	6293
P155,1	6294	6294
P125,1	6295	6295
P200,1	6296	6296
P146,1	6297	6297
P191,1	6298	6298
P92,2	6299	6299
P103,1	6300	6300
P162,2	6301	6301
P175,2	6302	6302
P51,2	6303	6303
P193,1	6304	6304
P190,2	6305	6305
P182,2	6306	6306
P198,2	6307	6307
P199,1	6308	6308
P185,2	6309	6309
P52,2	6310	6310
P143,2	6311	6311
P43,2	6312	6312
P181,1	6313	6313
P69,2	6314	6314
P197,2	6315	6315
P137,1	6316	6316
P24,2	6317	6317
P73,1	6318	6318
P187,2	6319	6319
P180,2	6320	6320
P183,1	6321	6321
P152,1	6322	6322
P155,1	6323	6323
P125,1	6324	6324
P200,1	6325	6325
P146,1	6326	6326
P191,1	6327	6327
P92,2	6328	6328
P103,1	6329	6329
P137,1	6330	6330
P24,2	6331	6331
P73,1	6332	6332
P187,2	6333	6333
P180,2	6334	6334
P183,1	6335	6335
P152,1	6336	6336
P155,1	6337	6337
P125,1	6338	6338
P200,1	6339	6339
P146,1	6340	6340
P191,1	6341	6341
P92,2	6342	6342
P103,1	6343	6343
P137,1	6344	6344
P24,2	6345	6345
P73,1	6346	6346
P187,2	6347	6347
P180,2	6348	6348
P183,1	6349	6349
P152,1	6350	6350
P155,1	6351	6351
P125,1	6352	6352
P200,1	6353	6353
P146,1	6354	6354
P191,1	6355	6355
P92,2	6356	6356
P103,1	6357	6357
P137,1	6358	6358
P24,2	6359	6359
P73,1	6360	6360
P187,2	6361	6361
P180,2	6362	6362
P183,1	6363	6363
P152,1	6364	6364
P155,1	6365	6365
P52,2	6366	6366
P143,2	6367	6367
P43,2	6368	6368
P125,2	6369	6369
P92,2	6370	6370
P103,1	6371	6371
P137,1	6372	6372
P24,2	6373	6373
P73,1	6374	6374
P187,2	6375	6375
P180,2	6376	6376
P183,1	6377	6377
P152,1	6378	6378
P155,1	6379	6379
P52,2	6380	6380
P143,2	6381	6381
P43,2	6382	6382
P125,2	6383	6383
P92,2	6384	6384
P103,1	6385	6385
P137,1	6386	6386
P24,2	6387	6387
P73,1	6388	6388
P187,2	6389	6389
P180,2	6390	6390
P183,1	6391	6391
P152,1	6392	6392
P155,1	6393	6393
P52,2	6394	6394
P143,2	6395	6395
P43,2	6396	6396
P125,2	6397	6397
P92,2	6398	6398
P103,1	6399	6399
P137,1	6400	6400
P24,2	6401	6401
P73,1	6402	6402
P187,2	6403	6403
P180,2	6404	6404
P183,1	6405	6405
P152,1	6406	6406
P155,1	6407	6407
P52,2	6408	6408
P143,2	6409	6409
P43,2	6410	6410
P125,2	6411	6411
P92,2	6412	6412
P103,1	6413	6413
P137,1	6414	6414
P24,2	6415	6415
P73,1	6416	6416
P187,2	6417	6417
P180,2	6418	6418
P183,1	6419	6419
P152,1	6420	6420
P155,1	6421	6421
P52,2	6422	6422
P143,2	6423	6423
P43,2	6424	6424
P125,2	6425	6425
P92,2	6426	6426
P103,1	6427	6427
P137,1	6428	6428
P24,2	6429	6429
P73,1	6430	6430
P187,2	6431	6431
P180,2	6432	6432
P183,1	6433	6433
P152,1	6434	6434
P155,1	6435	6435
P52,2	6436	6436
P143,2	6437	6437
P43,2	6438	6438
P125,2	6439	6439
P92,2	6440	6440
P103,1	6441	6441
P137,1	6442	6442
P24,2	6443	6443
P193,1	6444	6444
P190,2	6445	6445
P182,2	6446	6446
P198,2	6447	6447
P199,1	6448	6448
P185,2	6449	6449
P200,1	6450	6450
P146,1	6451	6451
P191,1	6452	6452
P181,1	6453	6453
P69,2	6454	6454
P162,2	6455	6455
P175,2	6456	6456
P51,2	6457	6457
P187,2	6458	6458
P180,2	6459	6459
P183,1	6460	6460
P152,1	6461	6461
P155,1	6462	6462
P52,2	6463	6463
P143,2	6464	6464
P43,2	6465	6465
P125,2	6466	6466
P92,2	6467	6467
P103,1	6468	6468
P137,1	6469	6469
P24,2	6470	6470
P193,1	6471	6471
P190,2	6472	6472
P182,2	6473	6473
P198,2	6474	6474
P199,1	6475	6475
P185,2	6476	6476
P200,1	6477	6477
P146,1	6478	6478
P191,1	6479	6479
P181,1	6480	6480
P69,2	6481	6481
P162,2	6482	6482
P175,2	6483	6483
P51,2	6484	6484
P187,2	6485	6485
P180,2	6486	6486
P183,1	6487	6487
P152,1	6488	6488
P155,1	6489	6489
P52,2	6490	6490
P143,2	6491	6491
P43,2	6492	6492
P125,2	6493	6493
P92,2	6494	6494
P103,1	6495	6495
P137,1	6496	6496
P24,2	6497	6497
P193,1	6498	6498
P190,2	6499	6499
P182,2	6500	6500
P198,2	6501	6501
P199,1	6502	6502
P185,2	6503	6503
P200,1	6504	6504
P146,1	6505	6505
P191,1	6506	6506
P181,1	6507	6507
P69,2	6508	6508
P162,2	6509	6509
P175,2	6510	6510
P51,2	6511	6511
P187,2	6512	6512
P180,2	6513	6513
P183,1	6514	6514
P152,1	6515	6515
P155,1	6516	6516
P52,2	6517	6517
P143,2	6518	6518
P43,2	6519	6519
P125,2	6520	6520
P92,2	6521	6521
P103,1	6522	6522
P137,1	6523	6523
P24,2	6524	6524
P193,1	6525	6525
P190,2	6526	6526
P182,2	6527	6527
P198,2	6528	6528
P199,1	6529	6529
P185,2	6530	6530
P200,1	6531	6531
P146,1	6532	6532
P191,1	6533	6533
P181,1	6534	6534
P69,2	6535	6535
P162,2	6536	6536
P175,2	6537	6537
P51,2	6538	6538
P187,2	6539	6539
P180,2	6540	6540
P183,1	6541	6541
P152,1	6542	6542
P155,1	6543	6543
P52,2	6544	6544
P143,2	6545	6545
P43,2	6546	6546
P125,2	6547	6547
P92,2	6548	6548
P103,1	6549	6549
P137,1	6550	6550
P24,2	6551	6551
P193,1	6552	6552
P190,2	6553	6553
P182,2	6554	6554
P198,2	6555	6555
P199,1	6556	6556
P185,2	6557	6557
P200,1	6558	6558
P146,1	6559	6559
P191,1	6560	6560
P181,1	6561	6561
P69,2	6562	6562
P162,2	6563	6563
P175,2	6564	6564
P51,2	6565	6565
P187,2	6566	6566
P180,2	6567	6567
P183,1	6568	6568
P152,1	6569	6569
P155,1	6570	6570
P52,2	6571	6571
P143,2	6572	6572
P43,2	6573	6573
P125,2	6574	6574
P92,2	6575	6575
P103,1	6576	6576
P137,1	6577	6577
P24,2	6578	6578
P193,1	6579	6579
P190,2	6580	6580
P182,2	6581	6581
P198,2	6582	6582
P199,1	6583	6583
P185,2	6584	6584
P200,1	6585	6585
P43,2	6586	6586
P125,2	6587	6587
P92,2	6588	6588
P103,1	6589	6589
P137,1	6590	6590
P24,2	6591	6591
P193,1	6592	6592
P190,2	6593	6593
P182,2	6594	6594
P198,2	6595	6595
P199,1	6596	6596
P185,2	6597	6597
P200,1	6598	6598
P43,2	6599	6599
P125,2	6600	6600
P92,2	6601	6601
P103,1	6602	6602
P137,1	6603	6603
P24,2	6604	6604
P193,1	6605	6605
P190,2	6606	6606
P182,2	6607	6607
P198,2	6608	6608
P199,1	6609	6609
P185,2	6610	6610
P200,1	6611	6611
P43,2	6612	6612
P125,2	6613	6613
P92,2	6614	6614
P103,1	6615	6615
P137,1	6616	6616
P24,2	6617	6617
P193,1	6618	6618
P190,2	6619	6619
P182,2	6620	6620
P198,2	6621	6621
P199,1	6622	6622
P185,2	6623	6623
P200,1	6624	6624
P43,2	6625	6625
P125,2	6626	6626
P92,2	6627	6627
P103,1	6628	6628
P137,1	6629	6629
P24,2	6630	6630
P193,1	6631	6631
P190,2	6632	6632
P182,2	6633	6633
P198,2	6634	6634
P199,1	6635	6635
P185,2	6636	6636
P200,1	6637	6637
P43,2	6638	6638
P125,2	6639	6639
P92,2	6640	6640
P103,1	6641	6641
P137,1	6642	6642
P24,2	6643	6643
P193,1	6644	6644
P190,2	6645	6645
P182,2	6646	6646
P198,2	6647	6647
P199,1	6648	6648
P185,2	6649	6649
P200,1	6650	6650
P43,2	6651	6651
P125,2	6652	6652
P92,2	6653	6653
P137,1	6654	6654
P24,2	6655	6655
P193,1	6656	6656
P190,2	6657	6657
P182,2	6658	6658
P183,1	6659	6659
P152,1	6660	6660
P155,1	6661	6661
P52,2	6662	6662
P143,2	6663	6663
P191,1	6664	6664
P92,2	6665	6665
P137,1	6666	6666
P24,2	6667	6667
P187,2	6668	6668
P180,2	6669	6669
P103,2	6670	6670
P198,2	6671	6671
P199,1	6672	6672
P193,2	6673	6673
P52,2	6674	6674
P143,2	6675	6675
P191,1	6676	6676
P92,2	6677	6677
P137,1	6678	6678
P24,2	6679	6679
P187,2	6680	6680
P180,2	6681	6681
P103,2	6682	6682
P198,2	6683	6683
P199,1	6684	6684
P193,2	6685	6685
P52,2	6686	6686
P143,2	6687	6687
P191,1	6688	6688
P92,2	6689	6689
P137,1	6690	6690
P24,2	6691	6691
P187,2	6692	6692
P180,2	6693	6693
P103,2	6694	6694
P198,2	6695	6695
P199,1	6696	6696
P193,2	6697	6697
P52,2	6698	6698
P143,2	6699	6699
P191,1	6700	6700
P92,2	6701	6701
P137,1	6702	6702
P24,2	6703	6703
P187,2	6704	6704
P180,2	6705	6705
P103,2	6706	6706
P198,2	6707	6707
P199,1	6708	6708
P193,2	6709	6709
P52,2	6710	6710
P143,2	6711	6711
P191,1	6712	6712
P92,2	6713	6713
P137,1	6714	6714
P24,2	6715	6715
P187,2	6716	6716
P180,2	6717	6717
P103,2	6718	6718
P198,2	6719	6719
P155,1	6720	6720
P185,2	6721	6721
P200,1	6722	6722
P152,2	6723	6723
P191,1	6724	6724
P92,2	6725	6725
P137,1	6726	6726
P24,2	6727	6727
P187,2	6728	6728
P180,2	6729	6729
P103,2	6730	6730
P198,2	6731	6731
P155,1	6732	6732
P185,2	6733	6733
P200,1	6734	6734
P152,2	6735	6735
P191,1	6736	6736
P92,2	6737	6737
P137,1	6738	6738
P24,2	6739	6739
P187,2	6740	6740
P180,2	6741	6741
P103,2	6742	6742
P198,2	6743	6743
P193,2	6744	6744
P52,2	6745	6745
P155,2	6746	6746
P152,2	6747	6747
P191,1	6748	6748
P92,2	6749	6749
P137,1	6750	6750
P24,2	6751	6751
P187,2	6752	6752
P180,2	6753	6753
P103,2	6754	6754
P198,2	6755	6755
P193,2	6756	6756
P52,2	6757	6757
P143,2	6758	6758
P43,2	6759	6759
P125,2	6760	6760
P69,2	6761	6761
P24,2	6762	6762
P137,2	6763	6763
P187,2	6764	6764
P180,2	6765	6765
P103,2	6766	6766
P199,1	6767	6767
P185,2	6768	6768
P155,2	6769	6769
P152,2	6770	6770
P191,1	6771	6771
P92,2	6772	6772
P175,2	6773	6773
P200,2	6774	6774
P51,2	6775	6775
P190,2	6776	6776
P182,2	6777	6777
P198,2	6778	6778
P193,2	6779	6779
P52,2	6780	6780
P143,2	6781	6781
P43,2	6782	6782
P125,2	6783	6783
P69,2	6784	6784
P24,2	6785	6785
P137,2	6786	6786
P187,2	6787	6787
P180,2	6788	6788
P103,2	6789	6789
P199,1	6790	6790
P185,2	6791	6791
P155,2	6792	6792
P152,2	6793	6793
P191,1	6794	6794
P92,2	6795	6795
P175,2	6796	6796
P200,2	6797	6797
P51,2	6798	6798
P190,2	6799	6799
P182,2	6800	6800
P198,2	6801	6801
P193,2	6802	6802
P52,2	6803	6803
P143,2	6804	6804
P43,2	6805	6805
P92,2	6806	6806
P175,2	6807	6807
P200,2	6808	6808
P51,2	6809	6809
P187,2	6810	6810
P180,2	6811	6811
P103,2	6812	6812
P193,2	6813	6813
P52,2	6814	6814
P143,2	6815	6815
P43,2	6816	6816
P125,2	6817	6817
P69,2	6818	6818
P24,2	6819	6819
P137,2	6820	6820
P191,2	6821	6821
P190,2	6822	6822
P182,2	6823	6823
P198,2	6824	6824
P185,2	6825	6825
P155,2	6826	6826
P152,2	6827	6827
P199,2	6828	6828
P92,2	6829	6829
P175,2	6830	6830
P200,2	6831	6831
P51,2	6832	6832
P187,2	6833	6833
P180,2	6834	6834
P103,2	6835	6835
P193,2	6836	6836
P52,2	6837	6837
P143,2	6838	6838
P43,2	6839	6839
P125,2	6840	6840
P69,2	6841	6841
P24,2	6842	6842
P137,2	6843	6843
P191,2	6844	6844
P190,2	6845	6845
P182,2	6846	6846
P198,2	6847	6847
P185,2	6848	6848
P155,2	6849	6849
P152,2	6850	6850
P199,2	6851	6851
P92,2	6852	6852
P175,2	6853	6853
P200,2	6854	6854
P51,2	6855	6855
P187,2	6856	6856
P180,2	6857	6857
P103,2	6858	6858
P193,2	6859	6859
P52,2	6860	6860
P143,2	6861	6861
P43,2	6862	6862
P125,2	6863	6863
P69,2	6864	6864
P24,2	6865	6865
P137,2	6866	6866
P191,2	6867	6867
P180,2	6868	6868
P103,2	6869	6869
P193,2	6870	6870
P52,2	6871	6871
P143,2	6872	6872
P43,2	6873	6873
P125,2	6874	6874
P69,2	6875	6875
P24,2	6876	6876
P137,2	6877	6877
P191,2	6878	6878
P180,2	6879	6879
P103,2	6880	6880
P193,2	6881	6881
P52,2	6882	6882
P143,2	6883	6883
P43,2	6884	6884
P125,2	6885	6885
P69,2	6886	6886
P24,2	6887	6887
P137,2	6888	6888
P191,2	6889	6889
P180,2	6890	6890
P103,2	6891	6891
P193,2	6892	6892
P52,2	6893	6893
P143,2	6894	6894
P43,2	6895	6895
P125,2	6896	6896
P69,2	6897	6897
P24,2	6898	6898
P137,2	6899	6899
P191,2	6900	6900
P182,2	6901	6901
P198,2	6902	6902
P185,2	6903	6903
P155,2	6904	6904
P152,2	6905	6905
P199,2	6906	6906
P92,2	6907	6907
P175,2	6908	6908
P200,2	6909	6909
P51,2	6910	6910
P180,2	6911	6911
P103,2	6912	6912
P193,2	6913	6913
P52,2	6914	6914
P143,2	6915	6915
P43,2	6916	6916
P125,2	6917	6917
P69,2	6918	6918
P24,2	6919	6919
P137,2	6920	6920
P191,2	6921	6921
P182,2	6922	6922
P198,2	6923	6923
P185,2	6924	6924
P155,2	6925	6925
P152,2	6926	6926
P199,2	6927	6927
P92,2	6928	6928
P175,2	6929	6929
P200,2	6930	6930
P51,2	6931	6931
P180,2	6932	6932
P103,2	6933	6933
P193,2	6934	6934
P52,2	6935	6935
P143,2	6936	6936
P43,2	6937	6937
P125,2	6938	6938
P69,2	6939	6939
P24,2	6940	6940
P137,2	6941	6941
P191,2	6942	6942
P182,2	6943	6943
P198,2	6944	6944
P185,2	6945	6945
P155,2	6946	6946
P152,2	6947	6947
P199,2	6948	6948
P92,2	6949	6949
P175,2	6950	6950
P200,2	6951	6951
P51,2	6952	6952
P180,2	6953	6953
P103,2	6954	6954
P193,2	6955	6955
P52,2	6956	6956
P143,2	6957	6957
P43,2	6958	6958
P125,2	6959	6959
P69,2	6960	6960
P24,2	6961	6961
P137,2	6962	6962
P191,2	6963	6963
P182,2	6964	6964
P198,2	6965	6965
P185,2	6966	6966
P155,2	6967	6967
P152,2	6968	6968
P199,2	6969	6969
P92,2	6970	6970
P175,2	6971	6971
P200,2	6972	6972
P51,2	6973	6973
P180,2	6974	6974
P103,2	6975	6975
P193,2	6976	6976
P52,2	6977	6977
P143,2	6978	6978
P43,2	6979	6979
P125,2	6980	6980
P69,2	6981	6981
P24,2	6982	6982
P137,2	6983	6983
P191,2	6984	6984
P182,2	6985	6985
P198,2	6986	6986
P185,2	6987	6987
P155,2	6988	6988
P152,2	6989	6989
P199,2	6990	6990
P92,2	6991	6991
P175,2	6992	6992
P200,2	6993	6993
P51,2	6994	6994
P180,2	6995	6995
P103,2	6996	6996
P193,2	6997	6997
P52,2	6998	6998
P143,2	6999	6999
P43,2	7000	7000
P125,2	7001	7001
P69,2	7002	7002
P24,2	7003	7003
P137,2	7004	7004
P191,2	7005	7005
P182,2	7006	7006
P198,2	7007	7007
P185,2	7008	7008
P155,2	7009	7009
P152,2	7010	7010
P199,2	7011	7011
P92,2	7012	7012
P175,2	7013	7013
P200,2	7014	7014
P51,2	7015	7015
P180,2	7016	7016
P103,2	7017	7017
P193,2	7018	7018
P155,2	7019	7019
P152,2	7020	7020
P199,2	7021	7021
P92,2	7022	7022
P175,2	7023	7023
P200,2	7024	7024
P51,2	7025	7025
P180,2	7026	7026
P103,2	7027	7027
P193,2	7028	7028
P155,2	7029	7029
P152,2	7030	7030
P199,2	7031	7031
P92,2	7032	7032
P175,2	7033	7033
P200,2	7034	7034
P51,2	7035	7035
P180,2	7036	7036
P103,2	7037	7037
P193,2	7038	7038
P155,2	7039	7039
P152,2	7040	7040
P199,2	7041	7041
P92,2	7042	7042
P175,2	7043	7043
P200,2	7044	7044
P51,2	7045	7045
P180,2	7046	7046
P103,2	7047	7047
P193,2	7048	7048
P155,2	7049	7049
P152,2	7050	7050
P199,2	7051	7051
P92,2	7052	7052
P175,2	7053	7053
P200,2	7054	7054
P51,2	7055	7055
P180,2	7056	7056
P103,2	7057	7057
P193,2	7058	7058
P143,2	7059	7059
P43,2	7060	7060
P125,2	7061	7061
P69,2	7062	7062
P24,2	7063	7063
P137,2	7064	7064
P191,2	7065	7065
P182,2	7066	7066
P198,2	7067	7067
P155,2	7068	7068
P152,2	7069	7069
P199,2	7070	7070
P92,2	7071	7071
P175,2	7072	7072
P200,2	7073	7073
P51,2	7074	7074
P180,2	7075	7075
P103,2	7076	7076
P193,2	7077	7077
P143,2	7078	7078
P43,2	7079	7079
P125,2	7080	7080
P69,2	7081	7081
P24,2	7082	7082
P137,2	7083	7083
P191,2	7084	7084
P182,2	7085	7085
P198,2	7086	7086
P155,2	7087	7087
P152,2	7088	7088
P199,2	7089	7089
P92,2	7090	7090
P175,2	7091	7091
P200,2	7092	7092
P51,2	7093	7093
P180,2	7094	7094
P103,2	7095	7095
P193,2	7096	7096
P143,2	7097	7097
P43,2	7098	7098
P125,2	7099	7099
P69,2	7100	7100
P24,2	7101	7101
P137,2	7102	7102
P191,2	7103	7103
P182,2	7104	7104
P198,2	7105	7105
P155,2	7106	7106
P152,2	7107	7107
P199,2	7108	7108
P92,2	7109	7109
P175,2	7110	7110
P200,2	7111	7111
P51,2	7112	7112
P180,2	7113	7113
P103,2	7114	7114
P193,2	7115	7115
P143,2	7116	7116
P43,2	7117	7117
P125,2	7118	7118
P69,2	7119	7119
P24,2	7120	7120
P137,2	7121	7121
P191,2	7122	7122
P182,2	7123	7123
P198,2	7124	7124
P155,2	7125	7125
P152,2	7126	7126
P199,2	7127	7127
P92,2	7128	7128
P175,2	7129	7129
P200,2	7130	7130
P51,2	7131	7131
P180,2	7132	7132
P103,2	7133	7133
P193,2	7134	7134
P143,2	7135	7135
P43,2	7136	7136
P125,2	7137	7137
P69,2	7138	7138
P24,2	7139	7139
P137,2	7140	7140
P180,2	7141	7141
P103,2	7142	7142
P193,2	7143	7143
P143,2	7144	7144
P43,2	7145	7145
P125,2	7146	7146
P69,2	7147	7147
P24,2	7148	7148
P137,2	7149	7149
P180,2	7150	7150
P103,2	7151	7151
P193,2	7152	7152
P143,2	7153	7153
P43,2	7154	7154
P125,2	7155	7155
P69,2	7156	7156
P24,2	7157	7157
P137,2	7158	7158
P180,2	7159	7159
P103,2	7160	7160
P193,2	7161	7161
P143,2	7162	7162
P43,2	7163	7163
P125,2	7164	7164
P69,2	7165	7165
P24,2	7166	7166
P137,2	7167	7167
P180,2	7168	7168
P103,2	7169	7169
P193,2	7170	7170
P143,2	7171	7171
P43,2	7172	7172
P125,2	7173	7173
P69,2	7174	7174
P24,2	7175	7175
P137,2	7176	7176
P180,2	7177	7177
P103,2	7178	7178
P193,2	7179	7179
P143,2	7180	7180
P43,2	7181	7181
P125,2	7182	7182
P69,2	7183	7183
P24,2	7184	7184
P137,2	7185	7185
P180,2	7186	7186
P103,2	7187	7187
P193,2	7188	7188
P143,2	7189	7189
P43,2	7190	7190
P125,2	7191	7191
P69,2	7192	7192
P24,2	7193	7193
P137,2	7194	7194
P180,2	7195	7195
P103,2	7196	7196
P193,2	7197	7197
P143,2	7198	7198
P43,2	7199	7199
P125,2	7200	7200
P69,2	7201	7201
P24,2	7202	7202
P137,2	7203	7203
P180,2	7204	7204
P103,2	7205	7205
P193,2	7206	7206
P143,2	7207	7207
P43,2	7208	7208
P125,2	7209	7209
P69,2	7210	7210
P24,2	7211	7211
P137,2	7212	7212
P180,2	7213	7213
P103,2	7214	7214
P193,2	7215	7215
P143,2	7216	7216
P43,2	7217	7217
P125,2	7218	7218
P69,2	7219	7219
P24,2	7220	7220
P137,2	7221	7221
P180,2	7222	7222
P103,2	7223	7223
P193,2	7224	7224
P143,2	7225	7225
P43,2	7226	7226
P125,2	7227	7227
P69,2	7228	7228
P24,2	7229	7229
P137,2	7230	7230
P180,2	7231	7231
P103,2	7232	7232
P193,2	7233	7233
P143,2	7234	7234
P43,2	7235	7235
P125,2	7236	7236
P69,2	7237	7237
P24,2	7238	7238
P137,2	7239	7239
P180,2	7240	7240
P103,2	7241	7241
P193,2	7242	7242
P143,2	7243	7243
P43,2	7244	7244
P125,2	7245	7245
P69,2	7246	7246
P24,2	7247	7247
P137,2	7248	7248
P180,2	7249	7249
P103,2	7250	7250
P193,2	7251	7251
P143,2	7252	7252
P43,2	7253	7253
P125,2	7254	7254
P69,2	7255	7255
P24,2	7256	7256
P137,2	7257	7257
P180,2	7258	7258
P103,2	7259	7259
P193,2	7260	7260
P143,2	7261	7261
P43,2	7262	7262
P125,2	7263	7263
P69,2	7264	7264
P24,2	7265	7265
P137,2	7266	7266
P180,2	7267	7267
P103,2	7268	7268
P193,2	7269	7269
P143,2	7270	7270
P43,2	7271	7271
P125,2	7272	7272
P69,2	7273	7273
P24,2	7274	7274
P137,2	7275	7275
P180,2	7276	7276
P103,2	7277	7277
P193,2	7278	7278
P143,2	7279	7279
P43,2	7280	7280
P125,2	7281	7281
P69,2	7282	7282
P24,2	7283	7283
P137,2	7284	7284
P180,2	7285	7285
P103,2	7286	7286
P193,2	7287	7287
P143,2	7288	7288
P43,2	7289	7289
P125,2	7290	7290
P69,2	7291	7291
P24,2	7292	7292
P137,2	7293	7293
P180,2	7294	7294
P103,2	7295	7295
P193,2	7296	7296
P143,2	7297	7297
P43,2	7298	7298
P125,2	7299	7299
P69,2	7300	7300
P24,2	7301	7301
P137,2	7302	7302
P180,2	7303	7303
P103,2	7304	7304
P193,2	7305	7305
P143,2	7306	7306
P43,2	7307	7307
P125,2	7308	7308
P69,2	7309	7309
P24,2	7310	7310
P137,2	7311	7311
P180,2	7312	7312
P103,2	7313	7313
P193,2	7314	7314
P143,2	7315	7315
P43,2	7316	7316
P125,2	7317	7317
P69,2	7318	7318
P200,2	7319	7319
P191,2	7320	7320
P182,2	7321	7321
P198,2	7322	7322
P155,2	7323	7323
P152,2	7324	7324
P199,2	7325	7325
P92,2	7326	7326
P24,2	7327	7327
P137,2	7328	7328
P180,2	7329	7329
P103,2	7330	7330
P155,2	7331	7331
P152,2	7332	7332
P199,2	7333	7333
P92,2	7334	7334
P24,2	7335	7335
P137,2	7336	7336
P180,2	7337	7337
P103,2	7338	7338
P155,2	7339	7339
P152,2	7340	7340
P199,2	7341	7341
P92,2	7342	7342
P24,2	7343	7343
P137,2	7344	7344
P180,2	7345	7345
P103,2	7346	7346
P155,2	7347	7347
P152,2	7348	7348
P199,2	7349	7349
P92,2	7350	7350
P24,2	7351	7351
P137,2	7352	7352
P180,2	7353	7353
P103,2	7354	7354
P155,2	7355	7355
P152,2	7356	7356
P199,2	7357	7357
P92,2	7358	7358
P24,2	7359	7359
P137,2	7360	7360
P180,2	7361	7361
P103,2	7362	7362
P155,2	7363	7363
P152,2	7364	7364
P199,2	7365	7365
P92,2	7366	7366
P24,2	7367	7367
P137,2	7368	7368
P180,2	7369	7369
P103,2	7370	7370
P155,2	7371	7371
P152,2	7372	7372
P199,2	7373	7373
P92,2	7374	7374
P24,2	7375	7375
P137,2	7376	7376
P180,2	7377	7377
P103,2	7378	7378
P155,2	7379	7379
P43,2	7380	7380
P125,2	7381	7381
P69,2	7382	7382
P200,2	7383	7383
P191,2	7384	7384
P182,2	7385	7385
P198,2	7386	7386
P143,2	7387	7387
P199,2	7388	7388
P92,2	7389	7389
P24,2	7390	7390
P137,2	7391	7391
P180,2	7392	7392
P103,2	7393	7393
P155,2	7394	7394
P43,2	7395	7395
P125,2	7396	7396
P69,2	7397	7397
P200,2	7398	7398
P191,2	7399	7399
P182,2	7400	7400
P198,2	7401	7401
P143,2	7402	7402
P199,2	7403	7403
P92,2	7404	7404
P24,2	7405	7405
P137,2	7406	7406
P180,2	7407	7407
P103,2	7408	7408
P155,2	7409	7409
P43,2	7410	7410
P125,2	7411	7411
P69,2	7412	7412
P200,2	7413	7413
P191,2	7414	7414
P182,2	7415	7415
P198,2	7416	7416
P143,2	7417	7417
P199,2	7418	7418
P92,2	7419	7419
P24,2	7420	7420
P137,2	7421	7421
P180,2	7422	7422
P103,2	7423	7423
P155,2	7424	7424
P199,2	7425	7425
P69,2	7426	7426
P200,2	7427	7427
P191,2	7428	7428
P182,2	7429	7429
P155,2	7430	7430
P199,2	7431	7431
P69,2	7432	7432
P200,2	7433	7433
P191,2	7434	7434
P182,2	7435	7435
P155,2	7436	7436
P199,2	7437	7437
P69,2	7438	7438
P200,2	7439	7439
P191,2	7440	7440
P182,2	7441	7441
P155,2	7442	7442
P199,2	7443	7443
P69,2	7444	7444
P200,2	7445	7445
P191,2	7446	7446
P182,2	7447	7447
P155,2	7448	7448
P199,2	7449	7449
P69,2	7450	7450
P200,2	7451	7451
P191,2	7452	7452
P182,2	7453	7453
P155,2	7454	7454
P199,2	7455	7455
P69,2	7456	7456
P200,2	7457	7457
P191,2	7458	7458
P182,2	7459	7459
P155,2	7460	7460
P199,2	7461	7461
P69,2	7462	7462
P200,2	7463	7463
P191,2	7464	7464
P182,2	7465	7465
P155,2	7466	7466
P199,2	7467	7467
P69,2	7468	7468
P200,2	7469	7469
P191,2	7470	7470
P182,2	7471	7471
P155,2	7472	7472
P125,2	7473	7473
P24,2	7474	7474
P137,2	7475	7475
P180,2	7476	7476
P103,2	7477	7477
P199,2	7478	7478
P69,2	7479	7479
P200,2	7480	7480
P191,2	7481	7481
P182,2	7482	7482
P155,2	7483	7483
P125,2	7484	7484
P24,2	7485	7485
P137,2	7486	7486
P180,2	7487	7487
P103,2	7488	7488
P199,2	7489	7489
P69,2	7490	7490
P200,2	7491	7491
P191,2	7492	7492
P103,2	7493	7493
P199,2	7494	7494
P69,2	7495	7495
P200,2	7496	7496
P191,2	7497	7497
P103,2	7498	7498
P199,2	7499	7499
P69,2	7500	7500
P200,2	7501	7501
P191,2	7502	7502
P103,2	7503	7503
P199,2	7504	7504
P69,2	7505	7505
P200,2	7506	7506
P191,2	7507	7507
P103,2	7508	7508
P199,2	7509	7509
P69,2	7510	7510
P200,2	7511	7511
P191,2	7512	7512
P103,2	7513	7513
P199,2	7514	7514
P69,2	7515	7515
P200,2	7516	7516
P191,2	7517	7517
P103,2	7518	7518
P199,2	7519	7519
P69,2	7520	7520
P200,2	7521	7521
P191,2	7522	7522
P103,2	7523	7523
P199,2	7524	7524
P69,2	7525	7525
P200,2	7526	7526
P191,2	7527	7527
P103,2	7528	7528
P199,2	7529	7529
P69,2	7530	7530
P200,2	7531	7531
P191,2	7532	7532
P103,2	7533	7533
P199,2	7534	7534
P69,2	7535	7535
P200,2	7536	7536
P191,2	7537	7537
P155,2	7538	7538
P125,2	7539	7539
P24,2	7540	7540
P137,2	7541	7541
P103,2	7542	7542
P199,2	7543	7543
P69,2	7544	7544
P200,2	7545	7545
P191,2	7546	7546
P155,2	7547	7547
P125,2	7548	7548
P24,2	7549	7549
P137,2	7550	7550
P103,2	7551	7551
P199,2	7552	7552
P69,2	7553	7553
P200,2	7554	7554
P191,2	7555	7555
P155,2	7556	7556
P125,2	7557	7557
P24,2	7558	7558
P137,2	7559	7559
P103,2	7560	7560
P199,2	7561	7561
P69,2	7562	7562
P200,2	7563	7563
P191,2	7564	7564
P155,2	7565	7565
P125,2	7566	7566
P24,2	7567	7567
P137,2	7568	7568
P103,2	7569	7569
P199,2	7570	7570
P69,2	7571	7571
P200,2	7572	7572
P191,2	7573	7573
P155,2	7574	7574
P125,2	7575	7575
P24,2	7576	7576
P137,2	7577	7577
P103,2	7578	7578
P199,2	7579	7579
P69,2	7580	7580
P200,2	7581	7581
P191,2	7582	7582
P155,2	7583	7583
P125,2	7584	7584
P24,2	7585	7585
P137,2	7586	7586
P103,2	7587	7587
P199,2	7588	7588
P69,2	7589	7589
P200,2	7590	7590
P191,2	7591	7591
P155,2	7592	7592
P125,2	7593	7593
P24,2	7594	7594
P137,2	7595	7595
P103,2	7596	7596
P199,2	7597	7597
P69,2	7598	7598
P200,2	7599	7599
P103,2	7600	7600
P199,2	7601	7601
P69,2	7602	7602
P200,2	7603	7603
P103,2	7604	7604
P199,2	7605	7605
P69,2	7606	7606
P200,2	7607	7607
P155,2	7608	7608
P125,2	7609	7609
P200,2	7610	7610
P155,2	7611	7611
P125,2	7612	7612
P191,2	7613	7613
P199,2	7614	7614
P200,2	7615	7615
P155,2	7616	7616
P125,2	7617	7617
P191,2	7618	7618
P199,2	7619	7619
P200,2	7620	7620
P155,2	7621	7621
P125,2	7622	7622
P191,2	7623	7623
P199,2	7624	7624
P155,2	7625	7625
P191,2	7626	7626
P199,2	7627	7627
P155,2	7628	7628
P191,2	7629	7629
P199,2	7630	7630
P155,2	7631	7631
P191,2	7632	7632
P199,2	7633	7633
P155,2	7634	7634
P191,2	7635	7635
P199,2	7636	7636
P155,2	7637	7637
P191,2	7638	7638
P199,2	7639	7639
P155,2	7640	7640
P191,2	7641	7641
P199,2	7642	7642
P155,2	7643	7643
P191,2	7644	7644
P199,2	7645	7645
P155,2	7646	7646
P191,2	7647	7647
P199,2	7648	7648
P155,2	7649	7649
P191,2	7650	7650
P199,2	7651	7651
P155,2	7652	7652
P191,2	7653	7653
P199,2	7654	7654
P155,2	7655	7655
P191,2	7656	7656
P199,2	7657	7657
P155,2	7658	7687
