CPU0
P1,1	2	3
P2,1	4	4
P1,1	5	8
P3,1	9	12
P4,1	13	13
P1,1	14	15
P3,1	16	17
P5,1	18	21
P1,1	22	23
P3,1	24	25
P6,1	26	27
P7,1	28	29
P8,1	30	31
P2,2	32	33
P9,1	34	35
P1,1	36	37
P3,1	38	39
P7,1	40	40
P8,1	41	42
P9,1	43	44
P1,1	45	46
P3,1	47	48
P10,1	49	50
P4,2	51	52
P5,2	53	54
P11,1	55	56
P12,1	57	58
P7,2	59	59
P2,3	60	60
P9,1	61	62
P1,1	63	64
P3,1	65	66
P4,2	67	68
P5,2	69	70
P11,1	71	72
P12,1	73	73
P13,1	74	75
P14,1	76	77
P6,2	78	78
P15,1	79	80
P16,1	81	82
P17,1	83	84
P7,3	85	85
P18,1	86	87
P19,1	88	89
P8,2	90	90
P1,1	91	92
P3,1	93	94
P4,2	95	95
P11,1	96	96
P13,1	97	98
P14,1	99	99
P20,1	100	101
P21,1	102	103
P9,2	104	105
P10,2	106	107
P12,2	108	109
P5,3	110	111
P22,1	112	113
P6,3	114	115
P2,4	116	117
P15,1	118	119
P16,1	120	121
P18,1	122	122
P19,1	123	124
P1,1	125	126
P3,1	127	128
P23,1	129	130
P24,1	131	132
P17,2	133	134
P25,1	135	136
P26,1	137	137
P27,1	138	139
P7,4	140	141
P20,1	142	143
P21,1	144	145
P9,2	146	146
P10,2	147	147
P12,2	148	148
P5,3	149	150
P22,1	151	151
P6,3	152	153
P2,4	154	155
P15,1	156	157
P28,1	158	159
P14,2	160	161
P8,3	162	163
P4,3	164	165
P29,1	166	167
P30,1	168	168
P13,2	169	169
P11,2	170	171
P16,1	172	173
P1,1	174	175
P3,1	176	177
P23,1	178	179
P24,1	180	181
P25,1	182	183
P27,1	184	185
P31,1	186	187
P32,1	188	189
P33,1	190	191
P18,2	192	193
P34,1	194	195
P26,2	196	197
P7,4	198	199
P20,1	200	200
P21,1	201	201
P5,3	202	203
P6,3	204	204
P2,4	205	205
P15,1	206	207
P28,1	208	209
P35,1	210	211
P19,2	212	212
P17,3	213	214
P36,1	215	216
P37,1	217	218
P38,1	219	220
P10,3	221	222
P39,1	223	224
P40,1	225	226
P14,2	227	228
P8,3	229	230
P4,3	231	231
P29,1	232	233
P11,2	234	234
P1,1	235	236
P3,1	237	238
P12,3	239	240
P41,1	241	242
P9,3	243	244
P22,2	245	246
P16,2	247	248
P42,1	249	250
P43,1	251	252
P44,1	253	253
P45,1	254	255
P24,1	256	257
P27,1	258	259
P31,1	260	260
P32,1	261	262
P33,1	263	264
P26,2	265	266
P46,1	267	267
P30,2	268	269
P25,2	270	271
P13,3	272	273
P47,1	274	275
P48,1	276	277
P49,1	278	279
P50,1	280	281
P23,2	282	283
P20,2	284	285
P15,1	286	287
P28,1	288	289
P35,1	290	291
P17,3	292	293
P36,1	294	295
P37,1	296	297
P7,5	298	299
P51,1	300	301
P34,2	302	303
P21,2	304	305
P5,4	306	307
P52,1	308	309
P53,1	310	311
P19,3	312	312
P54,1	313	314
P18,3	315	316
P2,5	317	318
P6,4	319	320
P38,1	321	322
P10,3	323	324
P39,1	325	326
P14,2	327	327
P1,1	328	329
P3,1	330	331
P55,1	332	333
P56,1	334	334
P57,1	335	336
P58,1	337	338
P59,1	339	340
P8,4	341	342
P60,1	343	344
P61,1	345	345
P4,4	346	347
P40,2	348	349
P12,3	350	351
P41,1	352	353
P9,3	354	355
P22,2	356	357
P16,2	358	359
P42,1	360	361
P43,1	362	363
P45,1	364	365
P24,1	366	367
P27,1	368	369
P62,1	370	371
P29,2	372	373
P63,1	374	375
P11,3	376	377
P64,1	378	379
P65,1	380	381
P66,1	382	383
P67,1	384	384
P68,1	385	386
P69,1	387	388
P70,1	389	390
P32,1	391	392
P33,1	393	394
P30,2	395	396
P25,2	397	397
P13,3	398	398
P47,1	399	400
P48,1	401	402
P49,1	403	404
P26,3	405	406
P71,1	407	408
P72,1	409	410
P44,2	411	412
P73,1	413	414
P74,1	415	416
P75,1	417	417
P76,1	418	419
P31,2	420	421
P50,1	422	423
P23,2	424	425
P20,2	426	426
P15,1	427	428
P35,1	429	429
P17,3	430	430
P7,5	431	432
P77,1	433	433
P46,2	434	434
P78,1	435	436
P28,2	437	438
P36,2	439	439
P79,1	440	440
P51,1	441	442
P34,2	443	444
P5,4	445	446
P52,1	447	448
P53,1	449	450
P54,1	451	452
P18,3	453	453
P2,5	454	455
P80,1	456	457
P81,1	458	459
P82,1	460	461
P83,1	462	463
P84,1	464	465
P37,2	466	467
P21,3	468	468
P85,1	469	470
P6,4	471	471
P38,1	472	473
P10,3	474	475
P39,1	476	477
P1,1	478	479
P3,1	480	481
P55,1	482	483
P57,1	484	484
P58,1	485	485
P19,4	486	487
P14,3	488	489
P86,1	490	491
P56,2	492	493
P87,1	494	494
P59,1	495	495
P8,4	496	497
P60,1	498	499
P4,4	500	500
P40,2	501	501
P12,3	502	502
P9,3	503	503
P22,2	504	504
P88,1	505	505
P89,1	506	507
P90,1	508	509
P61,2	510	511
P91,1	512	513
P92,1	514	515
P93,1	516	517
P94,1	518	519
P43,1	520	521
P45,1	522	523
P24,1	524	525
P27,1	526	527
P62,1	528	529
P29,2	530	531
P63,1	532	533
P11,3	534	535
P64,1	536	537
P41,2	538	539
P95,1	540	541
P42,2	542	543
P16,3	544	545
P96,1	546	547
P65,1	548	548
P66,1	549	550
P68,1	551	552
P69,1	553	554
P70,1	555	555
P32,1	556	557
P33,1	558	559
P30,2	560	561
P97,1	562	563
P98,1	564	565
P13,4	566	567
P67,2	568	568
P47,1	569	569
P48,1	570	571
P49,1	572	573
P26,3	574	575
P71,1	576	577
P72,1	578	579
P44,2	580	581
P73,1	582	583
P74,1	584	584
P76,1	585	585
P99,1	586	587
P100,1	588	589
P101,1	590	590
P102,1	591	592
P103,1	593	594
P25,3	595	596
P104,1	597	598
P105,1	599	600
P50,1	601	602
P23,2	603	604
P15,1	605	606
P7,5	607	607
P78,1	608	608
P28,2	609	609
P75,2	610	610
P106,1	611	612
P77,2	613	613
P107,1	614	615
P46,3	616	617
P20,3	618	618
P35,2	619	620
P51,1	621	622
P52,1	623	624
P54,1	625	625
P2,5	626	626
P80,1	627	628
P81,1	629	630
P31,3	631	631
P108,1	632	633
P17,4	634	635
P36,3	636	637
P109,1	638	639
P110,1	640	640
P18,4	641	642
P111,1	643	644
P34,3	645	646
P53,2	647	648
P79,2	649	650
P82,1	651	651
P83,1	652	653
P84,1	654	654
P37,2	655	656
P85,1	657	658
P38,1	659	660
P1,1	661	662
P112,1	663	663
P5,5	664	665
P113,1	666	666
P114,1	667	668
P6,5	669	670
P115,1	671	672
P21,4	673	674
P116,1	675	676
P117,1	677	678
P39,2	679	680
P118,1	681	682
P3,1	683	684
P55,1	685	686
P19,4	687	688
P14,3	689	690
P86,1	691	692
P56,2	693	694
P8,4	695	695
P60,1	696	696
P58,2	697	698
P119,1	699	700
P10,4	701	702
P57,2	703	704
P87,2	705	706
P120,1	707	708
P89,1	709	709
P90,1	710	710
P61,2	711	712
P91,1	713	714
P92,1	715	716
P94,1	717	717
P121,1	718	719
P40,3	720	721
P59,2	722	723
P12,4	724	725
P22,3	726	727
P122,1	728	729
P88,2	730	731
P4,5	732	733
P9,4	734	735
P123,1	736	737
P43,1	738	739
P24,1	740	741
P27,1	742	743
P62,1	744	744
P29,2	745	746
P63,1	747	748
P11,3	749	750
P64,1	751	751
P41,2	752	752
P124,1	753	754
P93,2	755	756
P125,1	757	758
P126,1	759	760
P127,1	761	762
P45,2	763	763
P42,2	764	765
P16,3	766	767
P96,1	768	769
P66,1	770	770
P69,1	771	772
P32,1	773	774
P33,1	775	776
P128,1	777	778
P65,2	779	780
P129,1	781	782
P130,1	783	784
P95,2	785	786
P68,2	787	788
P131,1	789	790
P132,1	791	792
P70,2	793	794
P133,1	795	796
P134,1	797	797
P98,1	798	798
P13,4	799	800
P71,1	801	801
P72,1	802	802
P135,1	803	804
P136,1	805	806
P137,1	807	808
P138,1	809	810
P97,2	811	812
P47,2	813	814
P139,1	815	816
P30,3	817	818
P140,1	819	820
P74,2	821	821
P44,2	822	823
P73,1	824	825
P99,1	826	827
P100,1	828	829
P102,1	830	831
P103,1	832	833
P25,3	834	834
P104,1	835	836
P141,1	837	837
P67,3	838	838
P142,1	839	840
P143,1	841	842
P48,2	843	844
P26,4	845	846
P49,2	847	847
P76,2	848	849
P144,1	850	851
P105,1	852	853
P15,1	854	855
P106,1	856	857
P107,1	858	859
P145,1	860	861
P146,1	862	863
P23,3	864	865
P50,2	866	867
P147,1	868	869
P101,2	870	870
P28,3	871	872
P148,1	873	873
P7,6	874	875
P46,4	876	877
P35,2	878	879
P51,1	880	881
P52,1	882	883
P80,1	884	884
P81,1	885	886
P108,1	887	888
P17,4	889	889
P36,3	890	891
P109,1	892	892
P149,1	893	894
P2,6	895	896
P75,3	897	898
P78,2	899	900
P20,4	901	902
P150,1	903	903
P54,2	904	905
P77,3	906	907
P151,1	908	908
P18,4	909	910
P34,3	911	912
P53,2	913	914
P79,2	915	916
P83,1	917	918
P37,2	919	919
P152,1	920	921
P153,1	922	922
P154,1	923	924
P31,4	925	926
P155,1	927	928
P156,1	929	930
P111,2	931	932
P82,2	933	934
P110,2	935	936
P157,1	937	938
P84,2	939	940
P38,1	941	942
P1,1	943	944
P5,5	945	945
P114,1	946	947
P115,1	948	949
P116,1	950	951
P117,1	952	952
P85,2	953	954
P158,1	955	956
P159,1	957	958
P160,1	959	959
P21,5	960	960
P161,1	961	961
P113,2	962	963
P6,6	964	965
P39,2	966	966
P118,1	967	968
P3,1	969	970
P19,4	971	971
P86,1	972	972
P58,2	973	974
P112,2	975	976
P162,1	977	978
P163,1	979	980
P55,2	981	982
P164,1	983	984
P56,3	985	986
P60,2	987	988
P8,5	989	990
P165,1	991	991
P119,1	992	993
P57,2	994	994
P87,2	995	995
P120,1	996	996
P61,2	997	997
P91,1	998	999
P92,1	1000	1001
P166,1	1002	1003
P14,4	1004	1005
P167,1	1006	1007
P121,2	1008	1009
P10,5	1010	1011
P89,2	1012	1013
P40,3	1014	1015
P59,2	1016	1017
P12,4	1018	1018
P22,3	1019	1019
P122,1	1020	1021
P4,5	1022	1023
P123,1	1024	1025
P43,1	1026	1027
P168,1	1028	1029
P169,1	1030	1031
P170,1	1032	1032
P171,1	1033	1034
P94,2	1035	1036
P88,3	1037	1038
P90,2	1039	1039
P172,1	1040	1041
P24,1	1042	1043
P27,1	1044	1045
P63,1	1046	1047
P124,1	1048	1049
P93,2	1050	1051
P125,1	1052	1053
P173,1	1054	1055
P62,2	1056	1057
P174,1	1058	1059
P9,5	1060	1060
P175,1	1061	1062
P11,4	1063	1064
P176,1	1065	1066
P127,1	1067	1068
P42,2	1069	1069
P96,1	1070	1071
P69,1	1072	1073
P32,1	1074	1075
P33,1	1076	1077
P128,1	1078	1079
P29,3	1080	1081
P177,1	1082	1083
P64,2	1084	1085
P178,1	1086	1087
P45,3	1088	1089
P41,3	1090	1091
P179,1	1092	1093
P126,2	1094	1095
P180,1	1096	1097
P16,4	1098	1099
P65,2	1100	1100
P95,2	1101	1102
P68,2	1103	1104
P132,1	1105	1106
P133,1	1107	1108
P66,2	1109	1110
P129,2	1111	1112
P131,2	1113	1114
P130,2	1115	1116
P13,4	1117	1118
P135,1	1119	1120
P136,1	1121	1122
P137,1	1123	1124
P138,1	1125	1126
P47,2	1127	1127
P139,1	1128	1128
P70,3	1129	1130
P98,2	1131	1132
P134,2	1133	1134
P72,2	1135	1135
P71,2	1136	1137
P140,1	1138	1139
P73,1	1140	1141
P99,1	1142	1143
P100,1	1144	1144
P102,1	1145	1146
P103,1	1147	1148
P104,1	1149	1150
P181,1	1151	1152
P97,3	1153	1153
P44,3	1154	1155
P25,4	1156	1157
P30,4	1158	1159
P142,1	1160	1161
P143,1	1162	1163
P26,4	1164	1164
P76,2	1165	1166
P144,1	1167	1168
P105,1	1169	1170
P15,1	1171	1172
P107,1	1173	1173
P74,3	1174	1175
P49,3	1176	1177
P141,2	1178	1178
P67,4	1179	1180
P182,1	1181	1182
P145,1	1183	1184
P146,1	1185	1186
P23,3	1187	1188
P50,2	1189	1190
P147,1	1191	1192
P46,4	1193	1193
P35,2	1194	1195
P48,3	1196	1197
P183,1	1198	1199
P28,4	1200	1200
P7,7	1201	1202
P106,2	1203	1204
P148,2	1205	1206
P51,1	1207	1208
P52,1	1209	1210
P81,1	1211	1212
P108,1	1213	1213
P149,1	1214	1215
P2,6	1216	1217
P75,3	1218	1218
P101,3	1219	1220
P184,1	1221	1222
P80,2	1223	1224
P17,5	1225	1226
P109,2	1227	1228
P54,2	1229	1230
P77,3	1231	1232
P18,4	1233	1233
P53,2	1234	1235
P79,2	1236	1237
P83,1	1238	1239
P150,2	1240	1241
P20,5	1242	1243
P36,4	1244	1244
P78,3	1245	1246
P34,4	1247	1247
P152,1	1248	1249
P154,1	1250	1250
P31,4	1251	1252
P155,1	1253	1254
P156,1	1255	1256
P82,2	1257	1258
P110,2	1259	1259
P157,1	1260	1261
P151,2	1262	1263
P37,3	1264	1265
P111,3	1266	1267
P153,2	1268	1268
P84,2	1269	1270
P38,1	1271	1272
P1,1	1273	1274
P114,1	1275	1276
P115,1	1277	1278
P116,1	1279	1280
P85,2	1281	1282
P185,1	1283	1284
P5,6	1285	1286
P113,2	1287	1288
P6,6	1289	1289
P3,1	1290	1291
P58,2	1292	1293
P112,2	1294	1294
P162,1	1295	1296
P159,2	1297	1298
P161,2	1299	1300
P39,3	1301	1302
P117,2	1303	1304
P19,5	1305	1306
P160,2	1307	1308
P158,2	1309	1310
P86,2	1311	1312
P163,1	1313	1314
P55,2	1315	1316
P164,1	1317	1318
P56,3	1319	1319
P60,2	1320	1321
P8,5	1322	1323
P118,2	1324	1325
P165,2	1326	1327
P57,3	1328	1329
P119,2	1330	1331
P186,1	1332	1333
P92,1	1334	1335
P166,1	1336	1337
P14,4	1338	1338
P167,1	1339	1339
P121,2	1340	1341
P10,5	1342	1343
P89,2	1344	1345
P91,2	1346	1347
P61,3	1348	1349
P120,2	1350	1351
P187,1	1352	1353
P87,3	1354	1355
P22,4	1356	1357
P59,3	1358	1359
P122,1	1360	1361
P123,1	1362	1362
P43,1	1363	1364
P168,1	1365	1366
P94,2	1367	1368
P88,3	1369	1370
P12,5	1371	1372
P4,6	1373	1374
P40,4	1375	1376
P169,2	1377	1378
P171,2	1379	1379
P188,1	1380	1381
P172,1	1382	1383
P24,1	1384	1385
P27,1	1386	1387
P63,1	1388	1389
P124,1	1390	1390
P125,1	1391	1392
P173,1	1393	1394
P62,2	1395	1396
P174,1	1397	1398
P170,2	1399	1400
P90,3	1401	1402
P93,3	1403	1404
P175,1	1405	1406
P11,4	1407	1407
P176,1	1408	1409
P69,1	1410	1411
P32,1	1412	1413
P33,1	1414	1415
P128,1	1416	1416
P9,6	1417	1418
P42,3	1419	1420
P127,2	1421	1422
P96,2	1423	1424
P29,3	1425	1425
P177,1	1426	1427
P64,2	1428	1429
P178,1	1430	1431
P45,3	1432	1433
P41,3	1434	1435
P179,1	1436	1437
P180,1	1438	1439
P16,4	1440	1441
P189,1	1442	1443
P126,3	1444	1445
P95,2	1446	1446
P132,1	1447	1447
P66,2	1448	1449
P129,2	1450	1451
P131,2	1452	1453
P130,2	1454	1455
P68,3	1456	1457
P190,1	1458	1459
P65,3	1460	1461
P133,2	1462	1462
P136,1	1463	1464
P137,1	1465	1466
P138,1	1467	1467
P70,3	1468	1469
P134,2	1470	1471
P71,2	1472	1473
P140,1	1474	1474
P135,2	1475	1476
P47,3	1477	1477
P98,3	1478	1479
P13,5	1480	1481
P139,2	1482	1483
P100,2	1484	1485
P73,1	1486	1487
P103,1	1488	1489
P181,1	1490	1491
P44,3	1492	1493
P25,4	1494	1495
P30,4	1496	1496
P104,2	1497	1497
P97,4	1498	1498
P72,3	1499	1500
P142,1	1501	1502
P143,1	1503	1504
P105,1	1505	1506
P15,1	1507	1508
P74,3	1509	1510
P49,3	1511	1512
P191,1	1513	1514
P192,1	1515	1516
P99,2	1517	1518
P102,2	1519	1520
P144,2	1521	1522
P76,3	1523	1524
P141,3	1525	1525
P26,5	1526	1527
P67,4	1528	1528
P182,1	1529	1530
P145,1	1531	1531
P146,1	1532	1533
P23,3	1534	1535
P147,1	1536	1536
P48,3	1537	1538
P183,1	1539	1540
P107,2	1541	1542
P50,3	1543	1544
P7,7	1545	1546
P106,2	1547	1548
P148,2	1549	1550
P51,1	1551	1552
P52,1	1553	1554
P81,1	1555	1556
P149,1	1557	1557
P193,1	1558	1559
P35,3	1560	1561
P28,5	1562	1563
P46,5	1564	1565
P108,2	1566	1567
P75,4	1568	1569
P184,1	1570	1571
P17,5	1572	1573
P54,2	1574	1574
P77,3	1575	1576
P101,4	1577	1578
P83,1	1579	1580
P80,3	1581	1582
P194,1	1583	1584
P18,5	1585	1586
P2,7	1587	1587
P53,3	1588	1589
P150,2	1590	1590
P20,5	1591	1591
P78,3	1592	1593
P152,1	1594	1595
P31,4	1596	1597
P155,1	1598	1599
P36,5	1600	1600
P79,3	1601	1602
P109,3	1603	1604
P154,2	1605	1606
P156,2	1607	1608
P34,5	1609	1610
P157,1	1611	1611
P151,2	1612	1613
P37,3	1614	1614
P111,3	1615	1616
P84,2	1617	1618
P38,1	1619	1620
P1,1	1621	1622
P115,1	1623	1624
P195,1	1625	1626
P82,3	1627	1628
P153,3	1629	1630
P110,3	1631	1632
P85,2	1633	1633
P185,1	1634	1635
P113,2	1636	1636
P3,1	1637	1638
P162,1	1639	1640
P159,2	1641	1642
P114,2	1643	1644
P58,3	1645	1646
P116,2	1647	1648
P161,2	1649	1650
P117,2	1651	1652
P19,5	1653	1654
P160,2	1655	1656
P158,2	1657	1658
P86,2	1659	1660
P55,2	1661	1661
P6,7	1662	1663
P112,3	1664	1665
P164,2	1666	1667
P39,4	1668	1669
P60,2	1670	1671
P8,5	1672	1672
P165,2	1673	1673
P57,3	1674	1675
P119,2	1676	1677
P186,1	1678	1679
P92,1	1680	1681
P166,1	1682	1682
P196,1	1683	1684
P118,3	1685	1686
P163,2	1687	1687
P56,4	1688	1689
P197,1	1690	1691
P167,2	1692	1693
P89,2	1694	1694
P91,2	1695	1696
P61,3	1697	1698
P120,2	1699	1700
P187,1	1701	1702
P22,4	1703	1704
P59,3	1705	1706
P14,5	1707	1708
P121,3	1709	1710
P10,6	1711	1712
P87,4	1713	1714
P43,1	1715	1716
P168,1	1717	1718
P94,2	1719	1720
P88,3	1721	1722
P12,5	1723	1723
P4,6	1724	1725
P40,4	1726	1727
P169,2	1728	1728
P122,2	1729	1730
P198,1	1731	1732
P171,3	1733	1734
P123,2	1735	1735
P188,1	1736	1737
P172,1	1738	1739
P24,1	1740	1741
P27,1	1742	1743
P63,1	1744	1745
P125,1	1746	1747
P173,1	1748	1749
P62,2	1750	1750
P174,1	1751	1752
P199,1	1753	1754
P90,3	1755	1756
P93,3	1757	1757
P175,1	1758	1759
P176,1	1760	1761
P69,1	1762	1763
P32,1	1764	1765
P33,1	1766	1767
P9,6	1768	1769
P124,2	1770	1771
P170,3	1772	1773
P128,2	1774	1775
P200,1	1776	1777
P11,5	1778	1779
P42,3	1780	1781
P96,2	1782	1782
P177,1	1783	1783
P178,1	1784	1785
P45,3	1786	1786
P41,3	1787	1787
P179,1	1788	1789
P180,1	1790	1791
P127,3	1792	1793
P29,4	1794	1795
P64,3	1796	1797
P16,4	1798	1799
P189,1	1800	1801
P126,3	1802	1803
P129,2	1804	1805
P131,2	1806	1806
P130,2	1807	1807
P68,3	1808	1809
P190,1	1810	1811
P95,3	1812	1813
P66,3	1814	1815
P132,2	1816	1817
P137,1	1818	1819
P70,3	1820	1821
P71,2	1822	1823
P135,2	1824	1825
P136,2	1826	1827
P98,3	1828	1829
P140,2	1830	1831
P133,3	1832	1833
P65,4	1834	1834
P134,3	1835	1836
P13,5	1837	1838
P139,2	1839	1840
P100,2	1841	1842
P73,1	1843	1844
P103,1	1845	1846
P181,1	1847	1848
P44,3	1849	1849
P47,4	1850	1851
P138,2	1852	1853
P72,3	1854	1855
P143,1	1856	1857
P105,1	1858	1859
P15,1	1860	1861
P74,3	1862	1862
P49,3	1863	1864
P191,1	1865	1866
P192,1	1867	1868
P99,2	1869	1870
P25,5	1871	1871
P142,2	1872	1873
P30,5	1874	1875
P97,5	1876	1877
P104,3	1878	1879
P102,2	1880	1881
P144,2	1882	1883
P76,3	1884	1885
P26,5	1886	1887
P182,1	1888	1889
P146,1	1890	1891
P48,3	1892	1892
P141,4	1893	1894
P23,4	1895	1896
P145,2	1897	1898
P183,1	1899	1900
P107,2	1901	1901
P50,3	1902	1903
P7,7	1904	1904
P106,2	1905	1906
P148,2	1907	1908
P51,1	1909	1910
P52,1	1911	1912
P81,1	1913	1914
P193,1	1915	1916
P67,5	1917	1918
P147,2	1919	1920
P149,2	1921	1922
P35,3	1923	1924
P46,5	1925	1926
P108,2	1927	1927
P75,4	1928	1929
P184,1	1930	1931
P101,4	1932	1933
P17,6	1934	1935
P77,4	1936	1937
P83,1	1938	1939
P80,3	1940	1941
P194,1	1942	1943
P18,5	1944	1945
P53,3	1946	1947
P152,1	1948	1949
P155,1	1950	1951
P28,6	1952	1953
P54,3	1954	1955
P36,6	1956	1957
P2,8	1958	1958
P150,3	1959	1960
P79,3	1961	1962
P109,3	1963	1963
P154,2	1964	1965
P156,2	1966	1966
P151,2	1967	1967
P111,3	1968	1969
P20,6	1970	1971
P78,4	1972	1972
P34,6	1973	1974
P157,2	1975	1975
P37,4	1976	1977
P31,5	1978	1979
P38,1	1980	1981
P1,1	1982	1983
P115,1	1984	1985
P195,1	1986	1987
P82,3	1988	1989
P153,3	1990	1990
P110,3	1991	1992
P185,1	1993	1994
P3,1	1995	1996
P113,3	1997	1998
P84,3	1999	2000
P162,1	2001	2002
P159,2	2003	2003
P114,2	2004	2005
P116,2	2006	2006
P161,2	2007	2008
P19,5	2009	2010
P158,2	2011	2012
P85,3	2013	2014
P117,3	2015	2016
P86,2	2017	2017
P6,7	2018	2019
P112,3	2020	2021
P39,4	2022	2023
P57,3	2024	2025
P119,2	2026	2026
P186,1	2027	2028
P58,4	2029	2030
P164,3	2031	2032
P60,3	2033	2034
P55,3	2035	2036
P160,3	2037	2038
P92,1	2039	2040
P196,1	2041	2042
P118,3	2043	2044
P56,4	2045	2046
P197,1	2047	2048
P167,2	2049	2050
P61,3	2051	2052
P165,3	2053	2054
P163,3	2055	2055
P8,6	2056	2056
P166,2	2057	2058
P91,3	2059	2060
P187,1	2061	2062
P59,3	2063	2063
P14,5	2064	2065
P121,3	2066	2067
P10,6	2068	2068
P87,4	2069	2070
P43,1	2071	2072
P168,1	2073	2074
P89,3	2075	2076
P120,3	2077	2078
P22,5	2079	2080
P4,6	2081	2081
P40,4	2082	2082
P122,2	2083	2084
P198,1	2085	2086
P171,3	2087	2088
P188,1	2089	2090
P94,3	2091	2092
P12,6	2093	2094
P88,4	2095	2096
P169,3	2097	2098
P24,1	2099	2100
P27,1	2101	2102
P63,1	2103	2104
P125,1	2105	2106
P199,1	2107	2108
P90,3	2109	2109
P175,1	2110	2111
P172,2	2112	2113
P123,3	2114	2115
P173,2	2116	2117
P93,4	2118	2119
P69,1	2120	2121
P32,1	2122	2123
P33,1	2124	2125
P9,6	2126	2127
P124,2	2128	2129
P170,3	2130	2131
P128,2	2132	2132
P200,1	2133	2134
P11,5	2135	2136
P174,2	2137	2138
P176,2	2139	2140
P62,3	2141	2141
P42,3	2142	2143
P180,1	2144	2145
P127,3	2146	2147
P29,4	2148	2149
P64,3	2150	2151
P177,2	2152	2153
P179,2	2154	2155
P178,2	2156	2157
P96,3	2158	2159
P45,4	2160	2161
P41,4	2162	2162
P189,1	2163	2164
P126,3	2165	2165
P68,3	2166	2166
P190,1	2167	2168
P95,3	2169	2170
P66,3	2171	2171
P132,2	2172	2173
P137,1	2174	2175
P16,5	2176	2177
P131,3	2178	2179
P135,2	2180	2181
P136,2	2182	2183
P98,3	2184	2185
P140,2	2186	2187
P133,3	2188	2189
P134,3	2190	2191
P13,5	2192	2193
P129,3	2194	2194
P71,3	2195	2196
P130,3	2197	2198
P70,4	2199	2200
P73,1	2201	2202
P103,1	2203	2204
P181,1	2205	2206
P47,4	2207	2208
P138,2	2209	2210
P72,3	2211	2212
P143,1	2213	2214
P105,1	2215	2216
P65,5	2217	2218
P139,3	2219	2220
P44,4	2221	2222
P74,4	2223	2224
P15,1	2225	2226
P191,1	2227	2228
P192,1	2229	2230
P99,2	2231	2231
P142,2	2232	2233
P30,5	2234	2235
P97,5	2236	2236
P104,3	2237	2238
P100,3	2239	2240
P49,4	2241	2241
P102,2	2242	2243
P144,2	2244	2244
P26,5	2245	2246
P182,1	2247	2248
P146,1	2249	2250
P23,4	2251	2251
P145,2	2252	2252
P25,6	2253	2254
P76,4	2255	2256
P48,4	2257	2258
P7,8	2259	2260
P183,1	2261	2262
P50,3	2263	2263
P51,1	2264	2265
P52,1	2266	2267
P81,1	2268	2269
P193,1	2270	2271
P67,5	2272	2273
P148,3	2274	2275
P141,5	2276	2276
P106,3	2277	2278
P107,3	2279	2279
P147,2	2280	2280
P35,3	2281	2282
P46,5	2283	2283
P75,4	2284	2284
P184,1	2285	2286
P101,4	2287	2287
P17,6	2288	2289
P77,4	2290	2291
P83,1	2292	2293
P108,3	2294	2294
P149,3	2295	2296
P80,3	2297	2298
P194,1	2299	2300
P18,5	2301	2301
P53,3	2302	2302
P152,1	2303	2304
P155,1	2305	2306
P28,6	2307	2308
P54,3	2309	2310
P36,6	2311	2312
P2,9	2313	2314
P150,3	2315	2316
P79,3	2317	2317
P154,2	2318	2319
P34,6	2320	2321
P37,4	2322	2322
P31,5	2323	2324
P111,4	2325	2326
P156,3	2327	2328
P20,7	2329	2330
P78,5	2331	2332
P109,4	2333	2334
P38,1	2335	2336
P1,1	2337	2338
P115,1	2339	2340
P195,1	2341	2342
P82,3	2343	2343
P185,1	2344	2345
P3,1	2346	2347
P157,3	2348	2349
P151,3	2350	2350
P153,4	2351	2352
P84,3	2353	2353
P162,1	2354	2355
P114,2	2356	2357
P85,3	2358	2358
P117,3	2359	2360
P6,7	2361	2362
P159,3	2363	2364
P113,4	2365	2366
P110,4	2367	2367
P116,3	2368	2369
P161,3	2370	2371
P158,3	2372	2373
P112,3	2374	2374
P39,4	2375	2375
P186,1	2376	2377
P58,4	2378	2379
P164,3	2380	2381
P60,3	2382	2382
P160,3	2383	2383
P19,6	2384	2385
P57,4	2386	2386
P86,3	2387	2388
P119,3	2389	2390
P92,1	2391	2392
P196,1	2393	2394
P118,3	2395	2396
P56,4	2397	2398
P197,1	2399	2400
P165,3	2401	2402
P166,2	2403	2403
P55,4	2404	2405
P167,3	2406	2407
P91,3	2408	2409
P187,1	2410	2411
P121,3	2412	2413
P87,4	2414	2414
P43,1	2415	2416
P168,1	2417	2418
P89,3	2419	2420
P120,3	2421	2422
P14,6	2423	2424
P163,4	2425	2426
P61,4	2427	2428
P8,7	2429	2430
P22,5	2431	2432
P122,2	2433	2434
P198,1	2435	2436
P171,3	2437	2437
P188,1	2438	2439
P94,3	2440	2441
P12,6	2442	2442
P4,7	2443	2444
P59,4	2445	2446
P10,7	2447	2447
P40,5	2448	2449
P24,1	2450	2451
P27,1	2452	2453
P63,1	2454	2455
P125,1	2456	2457
P199,1	2458	2459
P175,1	2460	2461
P172,2	2462	2463
P123,3	2464	2464
P173,2	2465	2466
P93,4	2467	2468
P169,4	2469	2470
P88,5	2471	2471
P90,4	2472	2473
P69,1	2474	2475
P32,1	2476	2477
P33,1	2478	2479
P124,2	2480	2481
P170,3	2482	2483
P200,1	2484	2485
P11,5	2486	2486
P174,2	2487	2488
P128,3	2489	2490
P176,2	2491	2492
P180,1	2493	2494
P127,3	2495	2495
P29,4	2496	2497
P177,2	2498	2499
P179,2	2500	2500
P42,4	2501	2502
P96,3	2503	2504
P9,7	2505	2506
P62,4	2507	2508
P178,3	2509	2510
P189,1	2511	2512
P190,1	2513	2514
P95,3	2515	2516
P137,1	2517	2518
P16,5	2519	2519
P131,3	2520	2521
P68,4	2522	2522
P126,4	2523	2524
P64,4	2525	2526
P45,5	2527	2528
P136,2	2529	2529
P133,3	2530	2531
P130,3	2532	2533
P132,3	2534	2535
P41,5	2536	2537
P135,3	2538	2538
P98,4	2539	2540
P13,6	2541	2542
P66,4	2543	2543
P140,3	2544	2545
P70,4	2546	2547
P73,1	2548	2549
P103,1	2550	2551
P181,1	2552	2553
P47,4	2554	2554
P138,2	2555	2556
P143,1	2557	2558
P105,1	2559	2560
P129,4	2561	2562
P71,4	2563	2564
P134,4	2565	2565
P72,4	2566	2567
P65,6	2568	2569
P139,3	2570	2571
P44,4	2572	2573
P15,1	2574	2575
P191,1	2576	2577
P192,1	2578	2579
P30,5	2580	2580
P104,3	2581	2582
P74,5	2583	2583
P99,3	2584	2585
P100,3	2586	2586
P182,1	2587	2588
P146,1	2589	2590
P25,6	2591	2592
P76,4	2593	2594
P102,3	2595	2595
P142,3	2596	2597
P26,6	2598	2599
P97,6	2600	2601
P144,3	2602	2603
P49,5	2604	2604
P7,8	2605	2605
P183,1	2606	2607
P51,1	2608	2609
P52,1	2610	2611
P81,1	2612	2613
P193,1	2614	2615
P148,3	2616	2617
P106,3	2618	2618
P23,5	2619	2620
P145,3	2621	2622
P48,5	2623	2624
P141,6	2625	2626
P107,4	2627	2627
P50,4	2628	2629
P184,1	2630	2631
P17,6	2632	2633
P77,4	2634	2634
P83,1	2635	2636
P149,3	2637	2638
P75,5	2639	2640
P147,3	2641	2641
P101,5	2642	2643
P46,6	2644	2645
P80,4	2646	2647
P194,1	2648	2649
P152,1	2650	2651
P155,1	2652	2653
P28,6	2654	2655
P36,6	2656	2657
P108,4	2658	2658
P35,4	2659	2660
P18,6	2661	2662
P53,4	2663	2664
P54,4	2665	2666
P34,6	2667	2668
P111,4	2669	2670
P156,3	2671	2672
P20,7	2673	2674
P78,5	2675	2676
P109,4	2677	2678
P38,1	2679	2680
P1,1	2681	2682
P79,4	2683	2684
P154,3	2685	2686
P150,4	2687	2688
P31,6	2689	2689
P2,10	2690	2691
P37,5	2692	2692
P115,1	2693	2694
P195,1	2695	2696
P185,1	2697	2698
P3,1	2699	2700
P153,4	2701	2701
P162,1	2702	2703
P82,4	2704	2704
P151,4	2705	2706
P113,4	2707	2708
P158,3	2709	2710
P186,1	2711	2712
P117,4	2713	2714
P58,4	2715	2716
P159,4	2717	2718
P157,4	2719	2720
P116,4	2721	2722
P84,4	2723	2724
P85,4	2725	2725
P114,3	2726	2727
P6,8	2728	2729
P110,5	2730	2731
P112,4	2732	2733
P19,6	2734	2735
P86,3	2736	2736
P92,1	2737	2738
P196,1	2739	2740
P161,4	2741	2742
P39,5	2743	2744
P164,4	2745	2745
P60,4	2746	2747
P57,5	2748	2749
P119,4	2750	2751
P197,1	2752	2753
P165,3	2754	2754
P55,4	2755	2755
P167,3	2756	2756
P91,3	2757	2757
P187,1	2758	2759
P43,1	2760	2761
P168,1	2762	2763
P166,3	2764	2764
P160,4	2765	2766
P118,4	2767	2768
P87,5	2769	2770
P121,4	2771	2771
P56,5	2772	2773
P89,3	2774	2774
P14,6	2775	2776
P163,4	2777	2778
P61,4	2779	2779
P8,7	2780	2781
P22,5	2782	2782
P198,1	2783	2784
P188,1	2785	2786
P120,4	2787	2788
P122,3	2789	2790
P171,4	2791	2792
P94,3	2793	2793
P59,4	2794	2795
P40,5	2796	2796
P24,1	2797	2798
P27,1	2799	2800
P63,1	2801	2802
P125,1	2803	2804
P199,1	2805	2806
P10,8	2807	2808
P12,7	2809	2810
P175,1	2811	2812
P172,2	2813	2814
P93,4	2815	2816
P169,4	2817	2818
P90,4	2819	2820
P69,1	2821	2822
P32,1	2823	2824
P33,1	2825	2826
P123,4	2827	2827
P200,1	2828	2829
P174,2	2830	2831
P176,2	2832	2832
P180,1	2833	2834
P177,2	2835	2835
P173,3	2836	2837
P11,6	2838	2839
P170,4	2840	2840
P124,3	2841	2842
P127,4	2843	2844
P189,1	2845	2846
P190,1	2847	2848
P137,1	2849	2850
P179,3	2851	2852
P128,4	2853	2853
P96,4	2854	2855
P42,5	2856	2857
P95,4	2858	2859
P29,5	2860	2861
P9,8	2862	2863
P126,4	2864	2865
P64,4	2866	2867
P45,5	2868	2868
P130,3	2869	2870
P132,3	2871	2872
P41,5	2873	2874
P62,5	2875	2876
P131,4	2877	2878
P136,3	2879	2880
P178,4	2881	2882
P68,5	2883	2884
P133,4	2885	2886
P16,6	2887	2888
P135,4	2889	2890
P98,4	2891	2892
P13,6	2893	2894
P140,3	2895	2896
P73,1	2897	2898
P103,1	2899	2900
P181,1	2901	2902
P143,1	2903	2904
P66,5	2905	2906
P70,5	2907	2908
P105,1	2909	2910
P129,4	2911	2912
P65,6	2913	2913
P15,1	2914	2915
P191,1	2916	2917
P192,1	2918	2919
P47,5	2920	2921
P71,5	2922	2923
P138,3	2924	2925
P139,4	2926	2927
P134,5	2928	2929
P99,3	2930	2930
P182,1	2931	2932
P146,1	2933	2934
P76,4	2935	2935
P26,6	2936	2937
P72,5	2938	2939
P44,5	2940	2941
P104,4	2942	2943
P30,6	2944	2944
P97,6	2945	2946
P144,3	2947	2948
P183,1	2949	2950
P51,1	2951	2952
P52,1	2953	2954
P81,1	2955	2956
P193,1	2957	2958
P100,4	2959	2960
P142,4	2961	2961
P7,9	2962	2963
P102,4	2964	2965
P148,4	2966	2967
P49,6	2968	2968
P23,5	2969	2970
P145,3	2971	2971
P48,5	2972	2973
P141,6	2974	2975
P50,4	2976	2976
P184,1	2977	2978
P83,1	2979	2980
P149,3	2981	2982
P106,4	2983	2984
P107,5	2985	2986
P77,5	2987	2987
P147,4	2988	2989
P75,5	2990	2991
P101,5	2992	2993
P46,6	2994	2995
P80,4	2996	2997
P194,1	2998	2999
P152,1	3000	3001
P155,1	3002	3003
P17,7	3004	3004
P28,7	3005	3006
P35,4	3007	3008
P18,6	3009	3009
P53,4	3010	3011
P54,4	3012	3013
P111,4	3014	3014
P156,3	3015	3016
P78,5	3017	3018
P109,4	3019	3020
P108,5	3021	3022
P34,7	3023	3023
P38,1	3024	3025
P1,1	3026	3027
P79,4	3028	3029
P150,4	3030	3031
P2,10	3032	3032
P115,1	3033	3034
P195,1	3035	3036
P185,1	3037	3038
P31,7	3039	3040
P20,8	3041	3041
P154,4	3042	3043
P153,5	3044	3045
P37,6	3046	3046
P3,1	3047	3048
P162,1	3049	3050
P151,4	3051	3052
P113,4	3053	3053
P158,3	3054	3054
P186,1	3055	3056
P117,4	3057	3058
P159,4	3059	3059
P82,5	3060	3060
P58,5	3061	3062
P157,4	3063	3064
P116,4	3065	3066
P84,4	3067	3068
P114,3	3069	3070
P112,4	3071	3072
P19,6	3073	3074
P92,1	3075	3076
P6,9	3077	3078
P110,6	3079	3080
P196,1	3081	3082
P161,4	3083	3084
P39,5	3085	3086
P60,4	3087	3088
P57,5	3089	3089
P119,4	3090	3091
P197,1	3092	3093
P187,1	3094	3095
P85,5	3096	3097
P86,4	3098	3099
P164,5	3100	3100
P91,4	3101	3101
P55,5	3102	3103
P43,1	3104	3105
P168,1	3106	3107
P118,4	3108	3109
P87,5	3110	3111
P56,5	3112	3113
P14,6	3114	3115
P163,4	3116	3117
P160,5	3118	3119
P166,4	3120	3121
P167,4	3122	3122
P165,4	3123	3123
P121,5	3124	3125
P8,7	3126	3127
P198,1	3128	3129
P188,1	3130	3131
P120,4	3132	3133
P122,3	3134	3135
P171,4	3136	3136
P59,4	3137	3138
P24,1	3139	3140
P22,6	3141	3142
P89,4	3143	3144
P40,6	3145	3146
P61,5	3147	3148
P94,4	3149	3150
P27,1	3151	3152
P63,1	3153	3154
P125,1	3155	3156
P199,1	3157	3158
P10,8	3159	3159
P12,7	3160	3161
P175,1	3162	3163
P169,4	3164	3165
P172,3	3166	3167
P90,4	3168	3169
P69,1	3170	3171
P32,1	3172	3173
P33,1	3174	3175
P200,1	3176	3177
P180,1	3178	3179
P11,6	3180	3181
P174,3	3182	3182
P93,5	3183	3184
P123,5	3185	3186
P124,3	3187	3188
P127,4	3189	3190
P189,1	3191	3192
P190,1	3193	3194
P137,1	3195	3196
P179,3	3197	3198
P96,4	3199	3200
P95,4	3201	3202
P177,3	3203	3204
P173,4	3205	3206
P170,5	3207	3208
P176,3	3209	3210
P29,5	3211	3211
P64,4	3212	3212
P132,3	3213	3213
P62,5	3214	3214
P131,4	3215	3216
P128,5	3217	3218
P45,6	3219	3220
P41,6	3221	3222
P126,5	3223	3224
P9,9	3225	3226
P136,3	3227	3227
P133,4	3228	3229
P16,6	3230	3231
P135,4	3232	3233
P13,6	3234	3235
P73,1	3236	3237
P130,4	3238	3239
P178,5	3240	3241
P68,6	3242	3243
P103,1	3244	3245
P181,1	3246	3247
P143,1	3248	3249
P70,5	3250	3250
P105,1	3251	3252
P15,1	3253	3254
P191,1	3255	3256
P192,1	3257	3258
P98,5	3259	3260
P140,4	3261	3261
P66,6	3262	3262
P47,5	3263	3264
P71,5	3265	3266
P138,3	3267	3268
P139,4	3269	3270
P134,5	3271	3272
P182,1	3273	3274
P146,1	3275	3276
P26,6	3277	3278
P72,5	3279	3280
P65,7	3281	3282
P99,4	3283	3284
P129,5	3285	3286
P44,5	3287	3288
P104,4	3289	3290
P144,3	3291	3291
P183,1	3292	3293
P51,1	3294	3295
P52,1	3296	3297
P81,1	3298	3299
P193,1	3300	3301
P30,7	3302	3303
P76,5	3304	3305
P97,7	3306	3307
P148,4	3308	3309
P141,6	3310	3310
P7,10	3311	3312
P184,1	3313	3314
P48,6	3315	3316
P145,4	3317	3318
P142,5	3319	3320
P100,5	3321	3322
P49,7	3323	3324
P83,1	3325	3326
P75,5	3327	3327
P101,5	3328	3328
P80,4	3329	3329
P194,1	3330	3331
P23,6	3332	3333
P102,5	3334	3335
P106,5	3336	3337
P149,4	3338	3339
P147,5	3340	3341
P50,5	3342	3343
P152,1	3344	3345
P155,1	3346	3347
P28,7	3348	3349
P46,7	3350	3351
P77,6	3352	3353
P107,6	3354	3355
P17,8	3356	3357
P53,5	3358	3359
P156,4	3360	3360
P54,5	3361	3362
P108,5	3363	3363
P38,1	3364	3365
P1,1	3366	3367
P79,4	3368	3368
P150,4	3369	3369
P115,1	3370	3371
P195,1	3372	3373
P109,5	3374	3375
P185,1	3376	3377
P18,7	3378	3379
P35,5	3380	3381
P111,5	3382	3383
P34,8	3384	3385
P78,6	3386	3386
P2,11	3387	3388
P31,7	3389	3390
P154,4	3391	3392
P153,5	3393	3394
P3,1	3395	3396
P162,1	3397	3398
P151,4	3399	3400
P186,1	3401	3402
P117,4	3403	3403
P113,5	3404	3405
P158,4	3406	3407
P82,6	3408	3409
P20,9	3410	3410
P159,5	3411	3412
P58,5	3413	3413
P157,4	3414	3414
P116,4	3415	3415
P114,3	3416	3417
P92,1	3418	3419
P6,9	3420	3421
P37,7	3422	3423
P112,5	3424	3425
P19,7	3426	3427
P110,6	3428	3429
P196,1	3430	3431
P161,4	3432	3433
P39,5	3434	3435
P60,4	3436	3437
P119,4	3438	3438
P197,1	3439	3440
P187,1	3441	3442
P85,5	3443	3443
P86,4	3444	3445
P84,5	3446	3447
P57,6	3448	3449
P91,5	3450	3451
P55,5	3452	3453
P43,1	3454	3455
P168,1	3456	3457
P118,4	3458	3459
P87,5	3460	3460
P56,5	3461	3462
P160,5	3463	3464
P164,6	3465	3466
P166,4	3467	3467
P121,5	3468	3469
P198,1	3470	3471
P188,1	3472	3473
P122,3	3474	3475
P14,7	3476	3477
P163,5	3478	3479
P167,5	3480	3481
P165,5	3482	3483
P59,5	3484	3485
P24,1	3486	3487
P22,6	3488	3489
P40,6	3490	3491
P61,5	3492	3492
P27,1	3493	3494
P63,1	3495	3496
P125,1	3497	3498
P199,1	3499	3500
P8,8	3501	3502
P171,5	3503	3504
P120,5	3505	3506
P89,5	3507	3508
P94,5	3509	3509
P175,1	3510	3511
P69,1	3512	3513
P32,1	3514	3515
P33,1	3516	3517
P12,8	3518	3519
P200,1	3520	3521
P180,1	3522	3523
P10,9	3524	3524
P90,5	3525	3526
P11,6	3527	3528
P93,5	3529	3530
P123,5	3531	3532
P189,1	3533	3534
P190,1	3535	3536
P137,1	3537	3538
P169,5	3539	3540
P172,4	3541	3542
P174,4	3543	3544
P127,5	3545	3546
P124,4	3547	3547
P179,4	3548	3549
P95,4	3550	3550
P177,3	3551	3552
P170,5	3553	3554
P176,3	3555	3556
P131,4	3557	3557
P128,5	3558	3559
P96,5	3560	3561
P64,5	3562	3563
P41,6	3564	3565
P126,5	3566	3567
P9,9	3568	3569
P133,4	3570	3571
P16,6	3572	3573
P135,4	3574	3574
P73,1	3575	3576
P130,4	3577	3578
P29,6	3579	3580
P173,5	3581	3582
P132,4	3583	3584
P62,6	3585	3585
P13,7	3586	3587
P45,7	3588	3588
P178,5	3589	3589
P68,6	3590	3590
P103,1	3591	3592
P181,1	3593	3594
P143,1	3595	3596
P105,1	3597	3598
P15,1	3599	3600
P191,1	3601	3602
P192,1	3603	3604
P136,4	3605	3606
P70,6	3607	3608
P98,5	3609	3610
P47,5	3611	3612
P138,3	3613	3613
P139,4	3614	3614
P134,5	3615	3615
P182,1	3616	3617
P146,1	3618	3619
P71,6	3620	3621
P66,7	3622	3623
P140,5	3624	3624
P72,5	3625	3626
P65,7	3627	3628
P99,4	3629	3630
P129,5	3631	3631
P44,5	3632	3633
P104,4	3634	3635
P183,1	3636	3637
P51,1	3638	3639
P52,1	3640	3641
P81,1	3642	3643
P26,7	3644	3645
P193,1	3646	3647
P30,7	3648	3649
P76,5	3650	3651
P97,7	3652	3653
P148,4	3654	3655
P7,10	3656	3656
P184,1	3657	3658
P48,6	3659	3660
P145,4	3661	3662
P144,4	3663	3664
P142,5	3665	3665
P100,5	3666	3667
P49,7	3668	3669
P83,1	3670	3671
P194,1	3672	3673
P102,5	3674	3675
P149,4	3676	3677
P141,7	3678	3678
P101,6	3679	3680
P80,5	3681	3682
P75,6	3683	3683
P147,5	3684	3684
P50,5	3685	3686
P152,1	3687	3688
P155,1	3689	3690
P28,7	3691	3692
P46,7	3693	3694
P107,6	3695	3696
P17,8	3697	3698
P23,7	3699	3700
P156,5	3701	3702
P77,7	3703	3704
P54,5	3705	3706
P38,1	3707	3708
P1,1	3709	3710
P115,1	3711	3712
P195,1	3713	3714
P109,5	3715	3716
P185,1	3717	3718
P53,6	3719	3720
P18,8	3721	3722
P35,5	3723	3724
P111,5	3725	3726
P2,11	3727	3728
P31,7	3729	3730
P153,5	3731	3732
P3,1	3733	3734
P162,1	3735	3736
P108,6	3737	3738
P79,5	3739	3740
P150,5	3741	3741
P34,9	3742	3743
P186,1	3744	3745
P113,5	3746	3747
P158,4	3748	3749
P82,6	3750	3751
P159,5	3752	3753
P92,1	3754	3755
P154,5	3756	3757
P78,7	3758	3759
P20,10	3760	3761
P151,5	3762	3763
P116,5	3764	3765
P6,9	3766	3767
P37,7	3768	3769
P112,5	3770	3770
P19,7	3771	3771
P110,6	3772	3773
P196,1	3774	3775
P117,5	3776	3776
P114,4	3777	3777
P157,5	3778	3779
P161,5	3780	3781
P58,6	3782	3782
P197,1	3783	3784
P187,1	3785	3786
P84,5	3787	3788
P57,6	3789	3790
P91,5	3791	3792
P55,5	3793	3794
P43,1	3795	3796
P168,1	3797	3798
P39,6	3799	3800
P60,5	3801	3802
P119,5	3803	3804
P86,5	3805	3805
P160,5	3806	3807
P164,6	3808	3809
P121,5	3810	3810
P198,1	3811	3812
P188,1	3813	3814
P14,7	3815	3816
P163,5	3817	3818
P87,6	3819	3819
P85,6	3820	3821
P118,5	3822	3823
P56,6	3824	3825
P166,5	3826	3827
P165,5	3828	3829
P24,1	3830	3831
P22,6	3832	3832
P27,1	3833	3834
P167,6	3835	3836
P63,1	3837	3838
P125,1	3839	3840
P122,4	3841	3842
P59,6	3843	3844
P199,1	3845	3846
P171,5	3847	3848
P89,5	3849	3850
P175,1	3851	3852
P69,1	3853	3854
P32,1	3855	3856
P33,1	3857	3858
P12,8	3859	3859
P40,7	3860	3861
P8,9	3862	3863
P61,6	3864	3865
P120,6	3866	3867
P200,1	3868	3869
P180,1	3870	3871
P90,5	3872	3873
P123,5	3874	3874
P189,1	3875	3876
P190,1	3877	3878
P137,1	3879	3880
P94,6	3881	3881
P10,10	3882	3883
P93,6	3884	3885
P169,5	3886	3887
P172,4	3888	3889
P174,4	3890	3891
P179,4	3892	3893
P177,3	3894	3894
P176,3	3895	3896
P128,5	3897	3897
P11,7	3898	3899
P127,6	3900	3901
P96,5	3902	3903
P64,5	3904	3905
P41,6	3906	3906
P9,9	3907	3908
P73,1	3909	3910
P124,5	3911	3912
P131,5	3913	3913
P95,5	3914	3915
P133,5	3916	3917
P170,6	3918	3919
P135,5	3920	3921
P29,6	3922	3923
P173,5	3924	3925
P13,7	3926	3926
P103,1	3927	3928
P181,1	3929	3930
P143,1	3931	3932
P105,1	3933	3934
P62,7	3935	3936
P126,6	3937	3938
P16,7	3939	3940
P45,8	3941	3942
P178,6	3943	3944
P68,7	3945	3946
P130,5	3947	3948
P132,5	3949	3950
P15,1	3951	3952
P191,1	3953	3954
P192,1	3955	3956
P136,4	3957	3958
P70,6	3959	3960
P182,1	3961	3962
P146,1	3963	3964
P47,6	3965	3966
P138,4	3967	3968
P66,7	3969	3969
P65,7	3970	3970
P99,4	3971	3972
P183,1	3973	3974
P51,1	3975	3976
P98,6	3977	3978
P134,6	3979	3980
P71,7	3981	3982
P139,5	3983	3984
P44,6	3985	3986
P140,6	3987	3988
P129,6	3989	3990
P52,1	3991	3992
P81,1	3993	3994
P26,7	3995	3995
P193,1	3996	3997
P30,7	3998	3998
P184,1	3999	4000
P104,5	4001	4001
P144,4	4002	4002
P100,5	4003	4003
P49,7	4004	4005
P83,1	4006	4007
P194,1	4008	4009
P145,5	4010	4011
P149,4	4012	4012
P7,11	4013	4014
P148,5	4015	4016
P76,6	4017	4018
P142,6	4019	4020
P97,8	4021	4022
P48,7	4023	4024
P101,6	4025	4026
P80,5	4027	4028
P50,5	4029	4029
P152,1	4030	4031
P155,1	4032	4033
P46,7	4034	4035
P107,6	4036	4036
P17,8	4037	4038
P75,7	4039	4040
P147,6	4041	4042
P141,8	4043	4043
P102,6	4044	4045
P28,8	4046	4047
P23,7	4048	4049
P54,5	4050	4051
P38,1	4052	4053
P1,1	4054	4055
P115,1	4056	4057
P195,1	4058	4059
P185,1	4060	4061
P156,6	4062	4063
P77,8	4064	4064
P109,6	4065	4066
P53,6	4067	4068
P35,5	4069	4070
P111,5	4071	4072
P2,11	4073	4074
P3,1	4075	4076
P162,1	4077	4078
P108,6	4079	4080
P18,9	4081	4081
P79,5	4082	4082
P34,9	4083	4084
P186,1	4085	4086
P159,5	4087	4088
P92,1	4089	4090
P78,7	4091	4092
P153,6	4093	4093
P82,7	4094	4095
P158,5	4096	4097
P150,6	4098	4099
P20,10	4100	4101
P151,5	4102	4103
P37,7	4104	4104
P196,1	4105	4106
P6,10	4107	4108
P19,8	4109	4110
P116,6	4111	4112
P112,6	4113	4114
P161,5	4115	4116
P197,1	4117	4118
P187,1	4119	4120
P57,6	4121	4121
P91,5	4122	4122
P43,1	4123	4124
P168,1	4125	4126
P110,7	4127	4128
P114,5	4129	4129
P58,7	4130	4131
P84,6	4132	4133
P117,6	4134	4134
P39,6	4135	4136
P60,5	4137	4138
P164,6	4139	4140
P198,1	4141	4142
P188,1	4143	4144
P14,7	4145	4146
P163,5	4147	4147
P55,6	4148	4149
P119,6	4150	4150
P160,6	4151	4152
P85,6	4153	4154
P56,6	4155	4155
P166,5	4156	4156
P165,5	4157	4157
P24,1	4158	4159
P27,1	4160	4161
P167,6	4162	4162
P63,1	4163	4164
P121,6	4165	4165
P86,6	4166	4166
P118,6	4167	4168
P87,7	4169	4170
P22,7	4171	4172
P125,1	4173	4174
P122,4	4175	4176
P59,6	4177	4178
P199,1	4179	4180
P171,5	4181	4181
P89,5	4182	4182
P175,1	4183	4184
P69,1	4185	4186
P32,1	4187	4188
P33,1	4189	4190
P40,7	4191	4192
P8,9	4193	4194
P120,6	4195	4196
P200,1	4197	4198
P180,1	4199	4200
P90,5	4201	4201
P189,1	4202	4203
P190,1	4204	4205
P61,7	4206	4207
P12,9	4208	4209
P137,1	4210	4211
P10,10	4212	4213
P93,6	4214	4215
P169,5	4216	4216
P172,4	4217	4218
P174,4	4219	4219
P179,4	4220	4220
P11,7	4221	4222
P123,6	4223	4224
P94,7	4225	4226
P177,4	4227	4228
P96,5	4229	4229
P64,5	4230	4230
P73,1	4231	4232
P95,5	4233	4234
P133,5	4235	4235
P170,6	4236	4237
P176,4	4238	4238
P9,10	4239	4240
P41,7	4241	4242
P29,6	4243	4244
P173,5	4245	4246
P103,1	4247	4248
P181,1	4249	4250
P143,1	4251	4252
P105,1	4253	4254
P62,7	4255	4256
P126,6	4257	4258
P127,7	4259	4260
P124,6	4261	4262
P135,6	4263	4263
P131,6	4264	4265
P16,7	4266	4267
P178,6	4268	4269
P130,5	4270	4271
P132,5	4272	4273
P15,1	4274	4275
P191,1	4276	4277
P192,1	4278	4279
P136,4	4280	4281
P68,8	4282	4283
P45,9	4284	4285
P70,6	4286	4286
P182,1	4287	4288
P146,1	4289	4290
P47,6	4291	4292
P138,4	4293	4294
P183,1	4295	4296
P51,1	4297	4298
P65,8	4299	4299
P99,5	4300	4301
P98,7	4302	4303
P134,6	4304	4304
P139,5	4305	4306
P140,6	4307	4308
P52,1	4309	4310
P81,1	4311	4312
P193,1	4313	4314
P66,8	4315	4316
P71,8	4317	4318
P129,7	4319	4320
P44,7	4321	4322
P184,1	4323	4324
P83,1	4325	4326
P194,1	4327	4328
P148,5	4329	4330
P76,6	4331	4332
P30,8	4333	4333
P145,6	4334	4335
P104,6	4336	4337
P26,8	4338	4339
P144,5	4340	4341
P100,6	4342	4343
P49,8	4344	4345
P48,7	4346	4347
P152,1	4348	4349
P155,1	4350	4351
P142,7	4352	4352
P50,6	4353	4353
P149,5	4354	4355
P97,9	4356	4357
P17,9	4358	4359
P101,7	4360	4361
P75,7	4362	4363
P147,6	4364	4365
P102,6	4366	4367
P28,8	4368	4369
P38,1	4370	4371
P1,1	4372	4373
P115,1	4374	4375
P195,1	4376	4377
P23,8	4378	4378
P54,6	4379	4380
P141,9	4381	4381
P46,8	4382	4383
P107,7	4384	4385
P185,1	4386	4387
P109,6	4388	4388
P53,6	4389	4390
P3,1	4391	4392
P162,1	4393	4394
P77,9	4395	4396
P156,7	4397	4397
P35,6	4398	4399
P108,6	4400	4400
P34,9	4401	4402
P186,1	4403	4404
P92,1	4405	4406
P78,7	4407	4407
P158,5	4408	4409
P150,6	4410	4411
P2,12	4412	4413
P111,6	4414	4415
P79,6	4416	4417
P18,10	4418	4418
P153,7	4419	4420
P151,5	4421	4422
P196,1	4423	4424
P112,6	4425	4426
P197,1	4427	4428
P6,11	4429	4430
P20,11	4431	4431
P82,8	4432	4433
P159,6	4434	4435
P37,8	4436	4437
P187,1	4438	4439
P43,1	4440	4441
P168,1	4442	4443
P110,7	4444	4445
P58,7	4446	4447
P39,6	4448	4448
P60,5	4449	4449
P116,7	4450	4450
P19,9	4451	4452
P91,6	4453	4454
P57,7	4455	4456
P117,7	4457	4458
P198,1	4459	4460
P188,1	4461	4462
P160,6	4463	4464
P85,6	4465	4465
P24,1	4466	4467
P114,6	4468	4468
P163,6	4469	4470
P84,7	4471	4472
P27,1	4473	4474
P63,1	4475	4476
P118,6	4477	4478
P87,7	4479	4480
P22,7	4481	4481
P125,1	4482	4483
P122,4	4484	4485
P59,6	4486	4486
P164,7	4487	4488
P166,6	4489	4490
P165,6	4491	4492
P119,7	4493	4493
P14,8	4494	4495
P56,7	4496	4496
P55,7	4497	4498
P121,7	4499	4499
P167,7	4500	4501
P199,1	4502	4503
P175,1	4504	4505
P69,1	4506	4507
P32,1	4508	4509
P33,1	4510	4511
P40,7	4512	4513
P8,9	4514	4514
P200,1	4515	4516
P86,7	4517	4518
P89,6	4519	4519
P171,6	4520	4521
P120,7	4522	4523
P180,1	4524	4525
P189,1	4526	4527
P190,1	4528	4529
P61,7	4530	4530
P12,9	4531	4532
P137,1	4533	4534
P93,6	4535	4536
P90,6	4537	4538
P10,11	4539	4539
P174,5	4540	4540
P11,7	4541	4541
P123,6	4542	4543
P94,7	4544	4544
P177,4	4545	4546
P73,1	4547	4548
P95,5	4549	4550
P172,5	4551	4551
P179,5	4552	4553
P176,5	4554	4555
P170,7	4556	4557
P9,10	4558	4558
P41,7	4559	4560
P103,1	4561	4562
P181,1	4563	4564
P143,1	4565	4566
P105,1	4567	4568
P126,6	4569	4569
P29,7	4570	4571
P133,6	4572	4573
P96,6	4574	4575
P64,6	4576	4577
P173,6	4578	4578
P127,7	4579	4579
P131,6	4580	4581
P16,7	4582	4583
P178,6	4584	4585
P132,5	4586	4586
P15,1	4587	4588
P191,1	4589	4590
P124,7	4591	4592
P192,1	4593	4594
P62,8	4595	4596
P135,7	4597	4598
P68,8	4599	4600
P45,9	4601	4601
P182,1	4602	4603
P146,1	4604	4605
P138,4	4606	4607
P183,1	4608	4609
P51,1	4610	4611
P130,6	4612	4613
P47,7	4614	4615
P99,5	4616	4616
P98,7	4617	4618
P139,5	4619	4620
P140,6	4621	4621
P52,1	4622	4623
P81,1	4624	4625
P193,1	4626	4627
P66,8	4628	4629
P71,8	4630	4631
P136,5	4632	4633
P70,7	4634	4635
P65,9	4636	4637
P129,7	4638	4639
P44,7	4640	4641
P184,1	4642	4643
P83,1	4644	4645
P194,1	4646	4647
P148,5	4648	4649
P76,6	4650	4650
P145,6	4651	4652
P104,6	4653	4654
P26,8	4655	4656
P134,7	4657	4658
P30,9	4659	4660
P144,5	4661	4661
P49,8	4662	4662
P48,7	4663	4664
P152,1	4665	4666
P155,1	4667	4668
P97,9	4669	4670
P17,9	4671	4672
P100,7	4673	4674
P142,8	4675	4676
P149,6	4677	4678
P75,7	4679	4679
P147,6	4680	4680
P102,6	4681	4681
P28,8	4682	4682
P38,1	4683	4684
P1,1	4685	4686
P115,1	4687	4688
P195,1	4689	4690
P101,8	4691	4691
P23,9	4692	4693
P54,6	4694	4695
P46,8	4696	4697
P107,7	4698	4699
P185,1	4700	4701
P3,1	4702	4703
P162,1	4704	4705
P77,9	4706	4706
P35,6	4707	4708
P141,10	4709	4710
P53,7	4711	4712
P186,1	4713	4714
P92,1	4715	4716
P158,5	4717	4717
P150,6	4718	4719
P111,6	4720	4720
P79,6	4721	4722
P34,10	4723	4724
P156,8	4725	4726
P108,7	4727	4728
P78,8	4729	4730
P2,13	4731	4732
P18,11	4733	4734
P153,7	4735	4735
P196,1	4736	4737
P112,6	4738	4739
P197,1	4740	4741
P6,11	4742	4743
P82,8	4744	4744
P37,8	4745	4746
P187,1	4747	4748
P151,6	4749	4750
P20,12	4751	4751
P159,7	4752	4753
P43,1	4754	4755
P168,1	4756	4757
P110,7	4758	4758
P58,7	4759	4760
P19,9	4761	4762
P91,6	4763	4764
P57,7	4765	4766
P117,7	4767	4768
P198,1	4769	4770
P188,1	4771	4772
P160,6	4773	4774
P24,1	4775	4776
P163,6	4777	4778
P27,1	4779	4780
P63,1	4781	4782
P118,6	4783	4784
P85,7	4785	4786
P114,7	4787	4788
P39,7	4789	4790
P116,8	4791	4792
P60,6	4793	4793
P84,8	4794	4794
P87,7	4795	4796
P125,1	4797	4798
P166,6	4799	4800
P165,6	4801	4801
P14,8	4802	4803
P59,7	4804	4804
P122,5	4805	4806
P22,8	4807	4808
P119,8	4809	4810
P164,8	4811	4812
P167,7	4813	4813
P199,1	4814	4815
P175,1	4816	4817
P69,1	4818	4819
P32,1	4820	4821
P33,1	4822	4823
P200,1	4824	4825
P86,7	4826	4827
P55,8	4828	4829
P56,8	4830	4831
P89,7	4832	4833
P171,6	4834	4834
P120,7	4835	4836
P180,1	4837	4838
P189,1	4839	4840
P190,1	4841	4842
P12,9	4843	4844
P137,1	4845	4846
P90,6	4847	4847
P8,10	4848	4849
P40,8	4850	4851
P61,8	4852	4853
P11,8	4854	4855
P123,6	4856	4857
P73,1	4858	4859
P176,5	4860	4861
P170,7	4862	4862
P93,7	4863	4864
P174,6	4865	4866
P179,6	4867	4868
P94,8	4869	4870
P177,5	4871	4872
P41,7	4873	4873
P103,1	4874	4875
P181,1	4876	4877
P143,1	4878	4879
P105,1	4880	4881
P29,7	4882	4883
P133,6	4884	4884
P96,6	4885	4886
P64,6	4887	4887
P172,6	4888	4889
P9,11	4890	4891
P95,6	4892	4893
P126,7	4894	4895
P173,7	4896	4897
P131,6	4898	4899
P15,1	4900	4901
P191,1	4902	4903
P124,7	4904	4905
P192,1	4906	4907
P62,8	4908	4909
P135,7	4910	4910
P16,8	4911	4912
P132,6	4913	4914
P127,8	4915	4915
P178,7	4916	4917
P68,8	4918	4918
P182,1	4919	4920
P146,1	4921	4922
P183,1	4923	4924
P51,1	4925	4926
P47,7	4927	4928
P98,7	4929	4930
P45,10	4931	4931
P52,1	4932	4933
P81,1	4934	4935
P193,1	4936	4937
P66,8	4938	4938
P136,5	4939	4940
P70,7	4941	4942
P65,9	4943	4944
P129,7	4945	4945
P139,6	4946	4947
P138,5	4948	4948
P130,7	4949	4950
P140,7	4951	4951
P71,9	4952	4953
P184,1	4954	4955
P83,1	4956	4957
P194,1	4958	4959
P104,6	4960	4961
P26,8	4962	4962
P134,7	4963	4964
P148,6	4965	4966
P30,9	4967	4968
P152,1	4969	4970
P155,1	4971	4972
P142,8	4973	4973
P149,6	4974	4975
P76,7	4976	4977
P49,9	4978	4978
P145,7	4979	4980
P97,10	4981	4982
P144,6	4983	4984
P38,1	4985	4986
P1,1	4987	4988
P115,1	4989	4990
P195,1	4991	4992
P54,6	4993	4993
P46,8	4994	4994
P107,7	4995	4996
P102,7	4997	4998
P48,8	4999	4999
P75,8	5000	5001
P147,7	5002	5003
P28,9	5004	5005
P185,1	5006	5007
P3,1	5008	5009
P162,1	5010	5011
P141,10	5012	5013
P53,7	5014	5015
P186,1	5016	5017
P92,1	5018	5019
P77,10	5020	5020
P79,6	5021	5021
P34,10	5022	5023
P156,8	5024	5024
P78,8	5025	5026
P2,13	5027	5028
P18,11	5029	5029
P196,1	5030	5031
P35,7	5032	5033
P111,7	5034	5034
P153,8	5035	5036
P150,7	5037	5038
P158,6	5039	5040
P197,1	5041	5042
P6,11	5043	5043
P187,1	5044	5045
P151,6	5046	5047
P159,7	5048	5049
P43,1	5050	5051
P168,1	5052	5053
P112,7	5054	5055
P108,8	5056	5057
P20,13	5058	5059
P19,9	5060	5060
P57,7	5061	5062
P117,7	5063	5063
P198,1	5064	5065
P188,1	5066	5067
P24,1	5068	5069
P163,6	5070	5071
P37,9	5072	5073
P110,8	5074	5074
P58,8	5075	5076
P27,1	5077	5078
P63,1	5079	5080
P114,7	5081	5082
P39,7	5083	5084
P116,8	5085	5086
P125,1	5087	5088
P118,7	5089	5090
P91,7	5091	5092
P160,7	5093	5094
P85,8	5095	5096
P60,7	5097	5097
P87,8	5098	5098
P14,8	5099	5099
P122,5	5100	5101
P119,8	5102	5103
P164,8	5104	5105
P199,1	5106	5107
P175,1	5108	5109
P69,1	5110	5111
P166,7	5112	5113
P84,9	5114	5115
P165,7	5116	5117
P22,9	5118	5118
P167,8	5119	5119
P32,1	5120	5121
P33,1	5122	5123
P200,1	5124	5125
P55,8	5126	5127
P89,7	5128	5129
P180,1	5130	5131
P59,8	5132	5133
P86,8	5134	5135
P171,7	5136	5137
P120,8	5138	5139
P189,1	5140	5141
P190,1	5142	5143
P137,1	5144	5145
P8,10	5146	5147
P61,8	5148	5149
P11,8	5150	5150
P73,1	5151	5152
P40,9	5153	5154
P56,9	5155	5156
P12,10	5157	5158
P90,7	5159	5160
P176,5	5161	5161
P93,7	5162	5163
P174,6	5164	5164
P179,6	5165	5166
P94,8	5167	5168
P177,5	5169	5169
P103,1	5170	5171
P181,1	5172	5173
P143,1	5174	5175
P170,8	5176	5177
P123,7	5178	5179
P41,8	5180	5181
P105,1	5182	5183
P29,7	5184	5184
P126,7	5185	5186
P173,7	5187	5188
P172,7	5189	5190
P64,7	5191	5192
P133,7	5193	5194
P96,7	5195	5195
P15,1	5196	5197
P191,1	5198	5199
P124,7	5200	5200
P192,1	5201	5202
P16,8	5203	5204
P132,6	5205	5206
P178,7	5207	5207
P95,7	5208	5209
P131,7	5210	5210
P68,9	5211	5212
P182,1	5213	5214
P146,1	5215	5216
P183,1	5217	5218
P51,1	5219	5220
P47,7	5221	5221
P52,1	5222	5223
P81,1	5224	5225
P193,1	5226	5227
P135,8	5228	5229
P127,9	5230	5230
P62,9	5231	5232
P98,8	5233	5234
P136,5	5235	5235
P65,9	5236	5237
P139,6	5238	5238
P71,9	5239	5239
P184,1	5240	5241
P83,1	5242	5243
P194,1	5244	5245
P45,11	5246	5247
P129,8	5248	5248
P66,9	5249	5250
P140,8	5251	5252
P152,1	5253	5254
P155,1	5255	5256
P149,6	5257	5257
P138,6	5258	5259
P130,8	5260	5261
P26,9	5262	5262
P104,7	5263	5263
P30,10	5264	5265
P145,7	5266	5267
P144,6	5268	5269
P38,1	5270	5271
P1,1	5272	5273
P115,1	5274	5275
P195,1	5276	5277
P102,7	5278	5279
P134,8	5280	5281
P76,8	5282	5283
P49,10	5284	5285
P54,7	5286	5287
P97,11	5288	5289
P142,9	5290	5291
P75,8	5292	5293
P147,7	5294	5295
P28,9	5296	5297
P185,1	5298	5299
P3,1	5300	5301
P162,1	5302	5303
P53,7	5304	5304
P186,1	5305	5306
P92,1	5307	5308
P48,9	5309	5310
P46,9	5311	5311
P107,8	5312	5313
P77,11	5314	5315
P2,13	5316	5317
P196,1	5318	5319
P35,7	5320	5321
P153,8	5322	5323
P150,7	5324	5325
P34,11	5326	5326
P18,12	5327	5328
P79,7	5329	5330
P111,8	5331	5332
P78,9	5333	5334
P156,9	5335	5336
P6,12	5337	5338
P158,6	5339	5340
P197,1	5341	5342
P187,1	5343	5344
P151,6	5345	5345
P159,7	5346	5347
P43,1	5348	5349
P168,1	5350	5351
P112,7	5352	5352
P108,8	5353	5354
P20,13	5355	5355
P198,1	5356	5357
P188,1	5358	5359
P24,1	5360	5361
P37,9	5362	5362
P58,8	5363	5364
P27,1	5365	5366
P19,10	5367	5368
P110,9	5369	5370
P57,8	5371	5371
P117,8	5372	5372
P63,1	5373	5374
P114,7	5375	5376
P39,7	5377	5377
P125,1	5378	5379
P118,7	5380	5381
P91,7	5382	5382
P160,7	5383	5384
P163,7	5385	5386
P116,9	5387	5388
P14,9	5389	5390
P122,5	5391	5391
P119,8	5392	5393
P164,8	5394	5395
P199,1	5396	5397
P175,1	5398	5399
P69,1	5400	5401
P166,7	5402	5403
P84,9	5404	5405
P165,7	5406	5407
P60,8	5408	5409
P85,9	5410	5411
P32,1	5412	5413
P33,1	5414	5415
P200,1	5416	5417
P89,7	5418	5418
P180,1	5419	5420
P86,8	5421	5422
P171,7	5423	5424
P167,9	5425	5426
P55,9	5427	5428
P22,10	5429	5430
P189,1	5431	5432
P190,1	5433	5434
P137,1	5435	5436
P8,10	5437	5438
P61,8	5439	5439
P73,1	5440	5441
P40,9	5442	5443
P56,9	5444	5444
P120,9	5445	5446
P59,9	5447	5447
P12,11	5448	5449
P93,7	5450	5450
P179,6	5451	5452
P94,8	5453	5454
P103,1	5455	5456
P181,1	5457	5458
P143,1	5459	5460
P170,8	5461	5461
P90,8	5462	5463
P174,7	5464	5465
P176,6	5466	5467
P105,1	5468	5469
P126,7	5470	5470
P172,7	5471	5472
P15,1	5473	5474
P191,1	5475	5476
P29,8	5477	5478
P123,8	5479	5480
P41,9	5481	5482
P177,6	5483	5484
P64,8	5485	5486
P192,1	5487	5488
P16,8	5489	5490
P132,6	5491	5492
P68,9	5493	5494
P182,1	5495	5496
P146,1	5497	5498
P183,1	5499	5500
P133,8	5501	5502
P131,8	5503	5503
P96,8	5504	5505
P124,8	5506	5507
P95,8	5508	5508
P51,1	5509	5510
P52,1	5511	5512
P81,1	5513	5514
P193,1	5515	5516
P135,8	5517	5517
P62,9	5518	5519
P98,8	5520	5520
P47,8	5521	5522
P178,8	5523	5524
P127,10	5525	5526
P65,10	5527	5527
P184,1	5528	5529
P83,1	5530	5531
P194,1	5532	5533
P45,11	5534	5535
P66,9	5536	5537
P140,8	5538	5538
P152,1	5539	5540
P155,1	5541	5542
P138,6	5543	5543
P71,10	5544	5545
P139,7	5546	5547
P130,8	5548	5548
P30,10	5549	5549
P145,7	5550	5551
P144,6	5552	5552
P38,1	5553	5554
P1,1	5555	5556
P115,1	5557	5558
P195,1	5559	5560
P102,7	5561	5561
P104,8	5562	5563
P149,7	5564	5565
P129,9	5566	5567
P134,8	5568	5569
P76,8	5570	5571
P49,10	5572	5572
P54,7	5573	5573
P97,11	5574	5575
P142,9	5576	5577
P75,8	5578	5579
P147,7	5580	5581
P185,1	5582	5583
P53,8	5584	5584
P3,1	5585	5586
P162,1	5587	5588
P186,1	5589	5590
P92,1	5591	5592
P48,9	5593	5594
P107,8	5595	5595
P77,11	5596	5597
P196,1	5598	5599
P28,10	5600	5601
P153,8	5602	5603
P18,12	5604	5604
P79,7	5605	5606
P156,9	5607	5607
P35,8	5608	5609
P6,12	5610	5611
P46,10	5612	5613
P2,14	5614	5615
P78,10	5616	5617
P150,8	5618	5619
P158,6	5620	5620
P197,1	5621	5622
P187,1	5623	5624
P43,1	5625	5626
P168,1	5627	5628
P108,8	5629	5629
P198,1	5630	5631
P188,1	5632	5633
P34,12	5634	5635
P159,8	5636	5637
P111,9	5638	5638
P112,8	5639	5640
P24,1	5641	5642
P58,8	5643	5643
P27,1	5644	5645
P19,10	5646	5646
P110,9	5647	5647
P63,1	5648	5649
P125,1	5650	5651
P20,14	5652	5653
P114,8	5654	5654
P117,9	5655	5656
P37,10	5657	5658
P163,7	5659	5659
P116,9	5660	5661
P14,9	5662	5663
P199,1	5664	5665
P175,1	5666	5667
P57,9	5668	5669
P91,8	5670	5671
P39,8	5672	5673
P118,8	5674	5675
P160,8	5676	5677
P69,1	5678	5679
P60,8	5680	5681
P85,9	5682	5683
P32,1	5684	5685
P33,1	5686	5687
P200,1	5688	5689
P165,8	5690	5691
P164,9	5692	5693
P89,8	5694	5695
P180,1	5696	5697
P86,8	5698	5698
P171,7	5699	5699
P167,9	5700	5701
P55,9	5702	5703
P189,1	5704	5705
P190,1	5706	5707
P137,1	5708	5709
P166,8	5710	5711
P84,10	5712	5713
P73,1	5714	5715
P40,9	5716	5717
P120,9	5718	5718
P103,1	5719	5720
P181,1	5721	5722
P8,11	5723	5723
P61,9	5724	5724
P12,12	5725	5726
P59,10	5727	5728
P94,9	5729	5730
P56,10	5731	5731
P179,7	5732	5733
P143,1	5734	5735
P90,8	5736	5737
P105,1	5738	5739
P172,7	5740	5741
P15,1	5742	5743
P191,1	5744	5745
P29,8	5746	5747
P93,8	5748	5748
P126,8	5749	5750
P123,8	5751	5752
P41,9	5753	5753
P177,6	5754	5755
P64,8	5756	5757
P192,1	5758	5759
P182,1	5760	5761
P146,1	5762	5763
P176,7	5764	5765
P132,7	5766	5767
P183,1	5768	5769
P96,8	5770	5770
P124,8	5771	5772
P51,1	5773	5774
P52,1	5775	5776
P81,1	5777	5778
P193,1	5779	5780
P133,9	5781	5782
P16,9	5783	5784
P68,10	5785	5786
P131,9	5787	5788
P184,1	5789	5790
P83,1	5791	5792
P194,1	5793	5794
P45,11	5795	5795
P127,11	5796	5797
P95,9	5798	5798
P135,9	5799	5800
P98,9	5801	5801
P178,9	5802	5803
P47,9	5804	5805
P152,1	5806	5807
P155,1	5808	5809
P71,10	5810	5811
P139,7	5812	5813
P38,1	5814	5815
P1,1	5816	5817
P115,1	5818	5819
P66,10	5820	5821
P140,9	5822	5822
P130,9	5823	5824
P145,8	5825	5826
P195,1	5827	5828
P129,9	5829	5830
P76,8	5831	5831
P97,11	5832	5832
P142,9	5833	5834
P138,7	5835	5836
P30,11	5837	5838
P134,9	5839	5840
P49,11	5841	5842
P185,1	5843	5844
P3,1	5845	5846
P162,1	5847	5848
P186,1	5849	5850
P92,1	5851	5852
P48,9	5853	5853
P77,11	5854	5855
P196,1	5856	5857
P102,8	5858	5858
P149,8	5859	5860
P54,8	5861	5862
P147,8	5863	5864
P53,9	5865	5866
P75,9	5867	5868
P28,10	5869	5869
P35,8	5870	5871
P6,12	5872	5872
P46,10	5873	5874
P2,14	5875	5875
P78,10	5876	5876
P150,8	5877	5877
P18,13	5878	5879
P156,10	5880	5881
P107,9	5882	5883
P79,8	5884	5884
P197,1	5885	5886
P187,1	5887	5888
P43,1	5889	5890
P168,1	5891	5892
P198,1	5893	5894
P188,1	5895	5896
P34,12	5897	5898
P159,8	5899	5899
P158,7	5900	5901
P58,9	5902	5903
P24,1	5904	5905
P27,1	5906	5907
P63,1	5908	5909
P125,1	5910	5911
P117,9	5912	5913
P37,10	5914	5915
P112,9	5916	5917
P111,10	5918	5919
P108,9	5920	5921
P14,9	5922	5922
P199,1	5923	5924
P175,1	5925	5926
P57,9	5927	5928
P91,8	5929	5930
P39,8	5931	5932
P160,8	5933	5933
P69,1	5934	5935
P110,10	5936	5937
P163,8	5938	5938
P85,9	5939	5940
P32,1	5941	5942
P33,1	5943	5944
P200,1	5945	5946
P164,9	5947	5948
P89,8	5949	5950
P180,1	5951	5952
P118,9	5953	5954
P60,9	5955	5956
P171,8	5957	5958
P167,9	5959	5960
P189,1	5961	5962
P190,1	5963	5964
P137,1	5965	5966
P166,8	5967	5967
P73,1	5968	5969
P165,9	5970	5971
P86,9	5972	5972
P40,10	5973	5974
P61,10	5975	5976
P103,1	5977	5978
P181,1	5979	5980
P12,12	5981	5981
P59,10	5982	5983
P94,9	5984	5985
P179,7	5986	5987
P143,1	5988	5989
P90,8	5990	5990
P105,1	5991	5992
P120,10	5993	5993
P55,10	5994	5995
P84,11	5996	5997
P8,12	5998	5999
P15,1	6000	6001
P191,1	6002	6003
P126,8	6004	6005
P123,8	6006	6006
P64,8	6007	6007
P192,1	6008	6009
P172,8	6010	6011
P93,9	6012	6013
P182,1	6014	6015
P146,1	6016	6017
P176,7	6018	6018
P132,7	6019	6020
P183,1	6021	6022
P51,1	6023	6024
P52,1	6025	6026
P81,1	6027	6028
P124,9	6029	6030
P41,10	6031	6032
P96,9	6033	6033
P193,1	6034	6035
P68,10	6036	6037
P184,1	6038	6039
P83,1	6040	6041
P194,1	6042	6043
P127,11	6044	6045
P16,10	6046	6047
P45,12	6048	6049
P133,10	6050	6051
P135,9	6052	6052
P178,9	6053	6054
P152,1	6055	6056
P155,1	6057	6058
P71,10	6059	6060
P38,1	6061	6062
P1,1	6063	6064
P115,1	6065	6066
P131,10	6067	6068
P98,10	6069	6070
P140,10	6071	6071
P47,10	6072	6072
P66,10	6073	6073
P195,1	6074	6075
P129,9	6076	6077
P30,11	6078	6079
P139,8	6080	6081
P76,9	6082	6083
P145,9	6084	6085
P142,10	6086	6087
P134,9	6088	6089
P49,11	6090	6091
P185,1	6092	6093
P3,1	6094	6095
P162,1	6096	6097
P186,1	6098	6099
P92,1	6100	6101
P196,1	6102	6103
P97,12	6104	6104
P77,12	6105	6106
P138,8	6107	6107
P149,8	6108	6109
P54,8	6110	6110
P147,8	6111	6111
P53,9	6112	6113
P75,9	6114	6115
P18,13	6116	6117
P102,9	6118	6119
P6,13	6120	6121
P35,9	6122	6123
P2,15	6124	6125
P156,10	6126	6127
P107,9	6128	6129
P197,1	6130	6131
P187,1	6132	6133
P43,1	6134	6135
P168,1	6136	6137
P198,1	6138	6139
P188,1	6140	6141
P150,9	6142	6143
P28,11	6144	6145
P78,11	6146	6147
P158,7	6148	6149
P24,1	6150	6151
P27,1	6152	6153
P63,1	6154	6155
P125,1	6156	6157
P37,10	6158	6159
P112,9	6160	6160
P111,10	6161	6162
P58,10	6163	6164
P117,10	6165	6166
P159,9	6167	6168
P108,9	6169	6169
P199,1	6170	6171
P175,1	6172	6173
P57,9	6174	6175
P91,8	6176	6176
P69,1	6177	6178
P110,10	6179	6180
P39,9	6181	6182
P160,9	6183	6184
P14,10	6185	6186
P32,1	6187	6188
P33,1	6189	6190
P200,1	6191	6192
P164,9	6193	6193
P89,8	6194	6194
P180,1	6195	6196
P118,9	6197	6198
P60,9	6199	6200
P171,8	6201	6202
P85,10	6203	6204
P163,9	6205	6205
P189,1	6206	6207
P190,1	6208	6209
P137,1	6210	6211
P73,1	6212	6213
P165,9	6214	6215
P40,10	6216	6217
P103,1	6218	6219
P86,10	6220	6221
P167,10	6222	6223
P166,9	6224	6225
P12,13	6226	6227
P181,1	6228	6229
P179,7	6230	6231
P143,1	6232	6233
P105,1	6234	6235
P55,10	6236	6237
P8,12	6238	6238
P61,11	6239	6240
P94,10	6241	6242
P90,9	6243	6244
P120,11	6245	6246
P59,11	6247	6248
P15,1	6249	6250
P191,1	6251	6252
P126,8	6253	6254
P192,1	6255	6256
P172,8	6257	6258
P93,9	6259	6260
P182,1	6261	6262
P146,1	6263	6264
P84,12	6265	6266
P176,8	6267	6268
P132,7	6269	6270
P183,1	6271	6272
P51,1	6273	6274
P52,1	6275	6276
P81,1	6277	6278
P124,9	6279	6280
P41,10	6281	6282
P193,1	6283	6284
P68,10	6285	6285
P184,1	6286	6287
P64,9	6288	6289
P83,1	6290	6291
P194,1	6292	6293
P16,10	6294	6294
P45,12	6295	6296
P133,10	6297	6298
P178,9	6299	6300
P152,1	6301	6302
P155,1	6303	6304
P96,10	6305	6306
P127,12	6307	6308
P38,1	6309	6310
P1,1	6311	6312
P115,1	6313	6314
P131,10	6315	6316
P195,1	6317	6318
P71,11	6319	6320
P135,10	6321	6321
P98,11	6322	6323
P47,11	6324	6325
P30,12	6326	6326
P139,8	6327	6328
P76,9	6329	6329
P145,9	6330	6331
P142,10	6332	6333
P134,9	6334	6335
P185,1	6336	6337
P3,1	6338	6339
P162,1	6340	6341
P186,1	6342	6343
P140,11	6344	6345
P129,10	6346	6347
P92,1	6348	6349
P196,1	6350	6351
P149,8	6352	6353
P75,9	6354	6355
P18,13	6356	6356
P49,12	6357	6358
P77,13	6359	6359
P53,10	6360	6360
P54,9	6361	6361
P138,9	6362	6363
P6,13	6364	6365
P2,15	6366	6367
P107,9	6368	6368
P197,1	6369	6370
P187,1	6371	6372
P43,1	6373	6374
P168,1	6375	6376
P198,1	6377	6378
P147,9	6379	6380
P102,10	6381	6382
P35,10	6383	6384
P156,11	6385	6386
P188,1	6387	6388
P28,11	6389	6390
P78,11	6391	6392
P24,1	6393	6394
P27,1	6395	6396
P63,1	6397	6398
P125,1	6399	6400
P158,8	6401	6401
P58,10	6402	6403
P117,10	6404	6405
P159,9	6406	6407
P199,1	6408	6409
P175,1	6410	6411
P69,1	6412	6413
P150,10	6414	6415
P112,10	6416	6417
P37,11	6418	6418
P108,10	6419	6420
P111,11	6421	6422
P110,10	6423	6424
P39,9	6425	6426
P160,9	6427	6428
P14,10	6429	6430
P32,1	6431	6432
P33,1	6433	6434
P200,1	6435	6436
P180,1	6437	6438
P118,9	6439	6439
P57,10	6440	6441
P91,9	6442	6442
P85,10	6443	6444
P189,1	6445	6446
P190,1	6447	6448
P137,1	6449	6450
P73,1	6451	6452
P40,10	6453	6454
P103,1	6455	6456
P89,9	6457	6458
P171,9	6459	6460
P86,10	6461	6462
P167,10	6463	6464
P166,9	6465	6466
P181,1	6467	6468
P143,1	6469	6470
P105,1	6471	6472
P55,10	6473	6474
P163,10	6475	6476
P165,10	6477	6477
P12,14	6478	6478
P61,11	6479	6480
P90,9	6481	6482
P120,11	6483	6484
P15,1	6485	6486
P191,1	6487	6488
P192,1	6489	6490
P172,8	6491	6491
P8,13	6492	6493
P179,8	6494	6495
P182,1	6496	6497
P146,1	6498	6499
P84,12	6500	6501
P183,1	6502	6503
P51,1	6504	6505
P52,1	6506	6507
P81,1	6508	6509
P93,10	6510	6511
P94,11	6512	6513
P59,12	6514	6515
P132,8	6516	6516
P126,9	6517	6517
P41,10	6518	6519
P193,1	6520	6521
P184,1	6522	6523
P64,9	6524	6525
P83,1	6526	6527
P194,1	6528	6529
P45,12	6530	6531
P133,10	6532	6532
P176,9	6533	6534
P124,10	6535	6536
P152,1	6537	6538
P155,1	6539	6540
P38,1	6541	6542
P1,1	6543	6544
P115,1	6545	6546
P131,10	6547	6548
P195,1	6549	6550
P68,11	6551	6552
P178,10	6553	6554
P71,11	6555	6556
P98,11	6557	6558
P185,1	6559	6560
P3,1	6561	6562
P96,11	6563	6564
P135,11	6565	6566
P142,11	6567	6568
P139,9	6569	6570
P162,1	6571	6572
P186,1	6573	6574
P140,11	6575	6576
P129,10	6577	6578
P92,1	6579	6580
P196,1	6581	6582
P49,12	6583	6584
P76,10	6585	6586
P145,10	6587	6588
P77,14	6589	6590
P138,9	6591	6592
P6,13	6593	6594
P197,1	6595	6596
P187,1	6597	6598
P43,1	6599	6600
P168,1	6601	6602
P198,1	6603	6604
P54,10	6605	6605
P53,11	6606	6607
P107,10	6608	6609
P18,14	6610	6611
P102,10	6612	6613
P35,10	6614	6614
P156,11	6615	6616
P188,1	6617	6618
P28,11	6619	6619
P24,1	6620	6621
P27,1	6622	6623
P63,1	6624	6625
P147,10	6626	6627
P125,1	6628	6629
P58,10	6630	6630
P117,10	6631	6632
P159,9	6633	6633
P199,1	6634	6635
P175,1	6636	6637
P69,1	6638	6639
P150,10	6640	6641
P112,10	6642	6642
P78,12	6643	6643
P158,9	6644	6645
P111,11	6646	6646
P39,9	6647	6648
P160,9	6649	6650
P32,1	6651	6652
P33,1	6653	6654
P200,1	6655	6656
P180,1	6657	6658
P37,12	6659	6660
P108,11	6661	6662
P57,10	6663	6664
P85,10	6665	6666
P189,1	6667	6668
P190,1	6669	6670
P137,1	6671	6672
P73,1	6673	6674
P103,1	6675	6676
P14,11	6677	6678
P91,10	6679	6680
P89,10	6681	6681
P118,10	6682	6683
P171,9	6684	6685
P86,10	6686	6686
P167,10	6687	6687
P166,9	6688	6688
P181,1	6689	6690
P143,1	6691	6692
P105,1	6693	6694
P163,10	6695	6696
P40,11	6697	6698
P61,11	6699	6700
P90,9	6701	6701
P120,11	6702	6703
P15,1	6704	6705
P191,1	6706	6707
P192,1	6708	6709
P8,13	6710	6711
P179,8	6712	6713
P182,1	6714	6715
P146,1	6716	6717
P55,11	6718	6718
P165,11	6719	6720
P172,9	6721	6722
P84,12	6723	6724
P183,1	6725	6726
P51,1	6727	6728
P52,1	6729	6730
P81,1	6731	6732
P93,10	6733	6733
P94,11	6734	6735
P59,12	6736	6737
P126,10	6738	6739
P193,1	6740	6741
P184,1	6742	6743
P64,9	6744	6744
P83,1	6745	6746
P194,1	6747	6748
P176,9	6749	6750
P152,1	6751	6752
P45,13	6753	6753
P41,11	6754	6754
P132,9	6755	6756
P133,11	6757	6758
P155,1	6759	6760
P38,1	6761	6762
P1,1	6763	6764
P115,1	6765	6766
P195,1	6767	6768
P71,11	6769	6770
P98,11	6771	6771
P124,11	6772	6773
P131,11	6774	6775
P68,12	6776	6777
P185,1	6778	6779
P3,1	6780	6781
P96,11	6782	6783
P135,11	6784	6785
P142,11	6786	6787
P139,9	6788	6789
P162,1	6790	6791
P186,1	6792	6793
P178,11	6794	6795
P92,1	6796	6797
P196,1	6798	6799
P76,10	6800	6800
P145,10	6801	6802
P77,14	6803	6804
P138,9	6805	6805
P197,1	6806	6807
P187,1	6808	6809
P129,11	6810	6811
P140,12	6812	6812
P49,13	6813	6814
P43,1	6815	6816
P168,1	6817	6818
P198,1	6819	6820
P53,11	6821	6822
P18,14	6823	6824
P188,1	6825	6826
P6,14	6827	6828
P107,11	6829	6830
P35,11	6831	6832
P54,11	6833	6834
P24,1	6835	6836
P27,1	6837	6838
P63,1	6839	6840
P147,10	6841	6842
P125,1	6843	6844
P199,1	6845	6846
P175,1	6847	6848
P69,1	6849	6850
P102,11	6851	6852
P150,10	6853	6854
P158,9	6855	6856
P32,1	6857	6858
P33,1	6859	6860
P200,1	6861	6862
P180,1	6863	6864
P159,10	6865	6866
P58,11	6867	6868
P39,10	6869	6869
P160,10	6870	6870
P112,11	6871	6872
P37,12	6873	6874
P108,11	6875	6876
P57,10	6877	6878
P189,1	6879	6880
P190,1	6881	6882
P137,1	6883	6884
P73,1	6885	6886
P103,1	6887	6888
P85,11	6889	6890
P111,12	6891	6892
P91,10	6893	6894
P118,10	6895	6896
P181,1	6897	6898
P143,1	6899	6900
P105,1	6901	6902
P163,10	6903	6904
P40,11	6905	6905
P89,11	6906	6907
P171,10	6908	6908
P86,11	6909	6910
P166,10	6911	6912
P14,12	6913	6914
P90,10	6915	6915
P15,1	6916	6917
P191,1	6918	6919
P192,1	6920	6921
P182,1	6922	6923
P146,1	6924	6925
P61,12	6926	6927
P179,9	6928	6929
P55,12	6930	6931
P165,11	6932	6933
P172,9	6934	6935
P183,1	6936	6937
P51,1	6938	6939
P52,1	6940	6941
P81,1	6942	6943
P59,12	6944	6945
P8,14	6946	6947
P193,1	6948	6949
P184,1	6950	6951
P83,1	6952	6953
P194,1	6954	6955
P152,1	6956	6957
P132,9	6958	6959
P133,11	6960	6961
P84,13	6962	6963
P126,11	6964	6965
P45,14	6966	6966
P176,10	6967	6967
P93,11	6968	6969
P94,12	6970	6971
P64,10	6972	6973
P155,1	6974	6975
P38,1	6976	6977
P1,1	6978	6979
P115,1	6980	6981
P195,1	6982	6983
P131,11	6984	6985
P68,12	6986	6987
P185,1	6988	6989
P124,12	6990	6991
P3,1	6992	6993
P96,11	6994	6994
P135,11	6995	6996
P142,11	6997	6998
P139,9	6999	7000
P162,1	7001	7002
P186,1	7003	7004
P178,11	7005	7006
P92,1	7007	7008
P196,1	7009	7010
P98,12	7011	7012
P71,12	7013	7014
P77,14	7015	7015
P197,1	7016	7017
P187,1	7018	7019
P49,13	7020	7020
P43,1	7021	7022
P168,1	7023	7024
P140,13	7025	7026
P138,10	7027	7027
P76,11	7028	7029
P145,11	7030	7031
P129,12	7032	7032
P198,1	7033	7034
P53,11	7035	7036
P188,1	7037	7038
P6,14	7039	7040
P35,11	7041	7041
P24,1	7042	7043
P27,1	7044	7045
P54,12	7046	7047
P63,1	7048	7049
P147,10	7050	7050
P125,1	7051	7052
P199,1	7053	7054
P175,1	7055	7056
P69,1	7057	7058
P102,11	7059	7060
P158,9	7061	7062
P32,1	7063	7064
P107,12	7065	7066
P150,11	7067	7067
P33,1	7068	7069
P200,1	7070	7071
P180,1	7072	7073
P159,10	7074	7075
P58,11	7076	7077
P112,11	7078	7079
P108,11	7080	7080
P160,11	7081	7082
P189,1	7083	7084
P190,1	7085	7086
P137,1	7087	7088
P73,1	7089	7090
P103,1	7091	7092
P85,11	7093	7094
P111,12	7095	7096
P91,10	7097	7098
P181,1	7099	7100
P37,13	7101	7101
P39,11	7102	7103
P57,11	7104	7105
P143,1	7106	7107
P105,1	7108	7109
P86,11	7110	7111
P166,10	7112	7113
P14,12	7114	7115
P15,1	7116	7117
P191,1	7118	7119
P40,12	7120	7121
P163,11	7122	7122
P89,12	7123	7123
P118,11	7124	7124
P192,1	7125	7126
P182,1	7127	7128
P146,1	7129	7130
P61,12	7131	7132
P179,9	7133	7134
P55,12	7135	7135
P172,9	7136	7137
P183,1	7138	7139
P51,1	7140	7141
P171,11	7142	7142
P52,1	7143	7144
P81,1	7145	7146
P8,14	7147	7148
P193,1	7149	7150
P184,1	7151	7152
P83,1	7153	7154
P194,1	7155	7156
P152,1	7157	7158
P132,9	7159	7160
P59,13	7161	7162
P133,11	7163	7164
P84,13	7165	7166
P126,11	7167	7168
P93,11	7169	7170
P94,12	7171	7171
P64,10	7172	7173
P155,1	7174	7175
P38,1	7176	7177
P1,1	7178	7179
P115,1	7180	7181
P195,1	7182	7183
P131,11	7184	7185
P185,1	7186	7187
P124,12	7188	7189
P3,1	7190	7191
P176,11	7192	7193
P68,13	7194	7195
P162,1	7196	7197
P186,1	7198	7199
P92,1	7200	7201
P196,1	7202	7203
P98,12	7204	7205
P71,12	7206	7207
P197,1	7208	7209
P187,1	7210	7211
P96,12	7212	7213
P135,12	7214	7215
P139,10	7216	7217
P43,1	7218	7219
P168,1	7220	7221
P140,13	7222	7223
P76,11	7224	7225
P145,11	7226	7227
P198,1	7228	7229
P188,1	7230	7231
P49,14	7232	7233
P24,1	7234	7235
P27,1	7236	7237
P54,12	7238	7239
P63,1	7240	7241
P125,1	7242	7243
P199,1	7244	7245
P175,1	7246	7247
P69,1	7248	7249
P129,13	7250	7251
P35,12	7252	7253
P53,12	7254	7255
P147,11	7256	7256
P32,1	7257	7258
P33,1	7259	7260
P200,1	7261	7262
P180,1	7263	7264
P112,11	7265	7265
P102,12	7266	7267
P107,13	7268	7268
P158,10	7269	7270
P58,12	7271	7272
P159,11	7273	7274
P108,12	7275	7276
P160,11	7277	7277
P189,1	7278	7279
P190,1	7280	7281
P137,1	7282	7283
P73,1	7284	7285
P103,1	7286	7287
P85,11	7288	7289
P111,12	7290	7291
P181,1	7292	7293
P39,11	7294	7295
P57,11	7296	7297
P143,1	7298	7299
P105,1	7300	7301
P86,11	7302	7303
P166,10	7304	7305
P14,12	7306	7307
P15,1	7308	7309
P191,1	7310	7311
P163,12	7312	7313
P91,11	7314	7315
P40,12	7316	7317
P192,1	7318	7319
P182,1	7320	7321
P146,1	7322	7323
P61,12	7324	7324
P183,1	7325	7326
P172,10	7327	7327
P55,13	7328	7329
P51,1	7330	7331
P52,1	7332	7333
P81,1	7334	7335
P8,14	7336	7336
P193,1	7337	7338
P184,1	7339	7340
P83,1	7341	7342
P194,1	7343	7344
P152,1	7345	7346
P89,13	7347	7348
P118,12	7349	7350
P179,10	7351	7351
P84,13	7352	7352
P126,11	7353	7353
P93,11	7354	7354
P64,10	7355	7356
P155,1	7357	7358
P132,10	7359	7360
P38,1	7361	7362
P1,1	7363	7364
P133,12	7365	7366
P115,1	7367	7368
P195,1	7369	7370
P185,1	7371	7372
P124,12	7373	7373
P3,1	7374	7375
P176,11	7376	7376
P68,13	7377	7378
P162,1	7379	7380
P186,1	7381	7382
P131,12	7383	7384
P94,13	7385	7385
P92,1	7386	7387
P196,1	7388	7389
P98,12	7390	7390
P71,12	7391	7392
P197,1	7393	7394
P187,1	7395	7396
P135,12	7397	7398
P43,1	7399	7400
P168,1	7401	7402
P140,13	7403	7403
P76,11	7404	7405
P145,11	7406	7407
P198,1	7408	7409
P188,1	7410	7411
P49,14	7412	7413
P24,1	7414	7415
P27,1	7416	7417
P54,12	7418	7419
P96,13	7420	7421
P63,1	7422	7423
P125,1	7424	7425
P199,1	7426	7427
P175,1	7428	7429
P69,1	7430	7431
P129,13	7432	7433
P35,12	7434	7434
P53,12	7435	7436
P32,1	7437	7438
P147,12	7439	7440
P33,1	7441	7442
P200,1	7443	7444
P180,1	7445	7446
P102,12	7447	7448
P158,10	7449	7450
P159,11	7451	7452
P108,12	7453	7453
P189,1	7454	7455
P160,12	7456	7457
P112,12	7458	7459
P190,1	7460	7461
P137,1	7462	7463
P73,1	7464	7465
P103,1	7466	7467
P181,1	7468	7469
P39,11	7470	7471
P57,11	7472	7472
P143,1	7473	7474
P107,14	7475	7476
P58,13	7477	7478
P85,12	7479	7480
P105,1	7481	7482
P15,1	7483	7484
P191,1	7485	7486
P163,12	7487	7487
P91,11	7488	7488
P192,1	7489	7490
P111,13	7491	7492
P86,12	7493	7494
P182,1	7495	7496
P146,1	7497	7498
P183,1	7499	7500
P55,13	7501	7501
P51,1	7502	7503
P52,1	7504	7505
P81,1	7506	7507
P193,1	7508	7509
P14,13	7510	7511
P61,13	7512	7513
P172,11	7514	7515
P40,13	7516	7517
P184,1	7518	7519
P83,1	7520	7521
P194,1	7522	7523
P152,1	7524	7525
P89,13	7526	7527
P118,12	7528	7529
P155,1	7530	7531
P8,15	7532	7533
P126,12	7534	7535
P132,10	7536	7537
P38,1	7538	7539
P1,1	7540	7541
P133,12	7542	7543
P115,1	7544	7545
P195,1	7546	7547
P185,1	7548	7549
P3,1	7550	7551
P64,11	7552	7553
P179,11	7554	7555
P176,12	7556	7557
P162,1	7558	7559
P186,1	7560	7561
P92,1	7562	7563
P196,1	7564	7565
P197,1	7566	7567
P187,1	7568	7569
P135,12	7570	7571
P71,13	7572	7573
P43,1	7574	7575
P168,1	7576	7577
P198,1	7578	7579
P188,1	7580	7581
P24,1	7582	7583
P27,1	7584	7585
P98,13	7586	7587
P140,14	7588	7589
P145,12	7590	7591
P63,1	7592	7593
P125,1	7594	7595
P199,1	7596	7597
P175,1	7598	7599
P69,1	7600	7601
P53,12	7602	7603
P32,1	7604	7605
P76,12	7606	7607
P54,13	7608	7609
P147,12	7610	7611
P33,1	7612	7613
P200,1	7614	7615
P180,1	7616	7617
P102,12	7618	7619
P158,10	7620	7620
P159,11	7621	7621
P189,1	7622	7623
P160,12	7624	7625
P112,12	7626	7627
P96,14	7628	7629
P35,13	7630	7631
P190,1	7632	7633
P137,1	7634	7635
P73,1	7636	7637
P103,1	7638	7639
P181,1	7640	7641
P143,1	7642	7643
P58,13	7644	7644
P108,13	7645	7646
P39,12	7647	7648
P105,1	7649	7650
P191,1	7651	7652
P15,2	7653	7654
P192,1	7655	7656
P111,13	7657	7658
P86,12	7659	7660
P182,1	7661	7662
P146,1	7663	7664
P57,12	7665	7666
P85,13	7667	7668
P107,15	7669	7670
P91,12	7671	7672
P163,13	7673	7674
P183,1	7675	7676
P51,1	7677	7678
P52,1	7679	7680
P81,1	7681	7682
P193,1	7683	7684
P14,13	7685	7686
P61,13	7687	7688
P172,11	7689	7690
P40,13	7691	7692
P184,1	7693	7694
P83,1	7695	7696
P194,1	7697	7698
P152,1	7699	7700
P155,1	7701	7702
P8,15	7703	7704
P126,12	7705	7706
P38,1	7707	7708
P89,14	7709	7710
P1,1	7711	7712
P115,1	7713	7714
P195,1	7715	7716
P185,1	7717	7718
P3,1	7719	7720
P64,11	7721	7722
P179,11	7723	7724
P176,12	7725	7726
P162,1	7727	7728
P118,13	7729	7729
P132,11	7730	7731
P133,13	7732	7733
P186,1	7734	7735
P92,1	7736	7737
P196,1	7738	7739
P197,1	7740	7741
P187,1	7742	7743
P71,13	7744	7745
P43,1	7746	7747
P168,1	7748	7749
P198,1	7750	7751
P188,1	7752	7753
P24,1	7754	7755
P27,1	7756	7757
P98,13	7758	7759
P140,14	7760	7761
P145,12	7762	7763
P63,1	7764	7765
P125,1	7766	7767
P199,1	7768	7769
P175,1	7770	7771
P69,1	7772	7773
P32,1	7774	7775
P76,12	7776	7777
P54,13	7778	7779
P33,1	7780	7781
P200,1	7782	7783
P180,1	7784	7785
P147,13	7786	7786
P189,1	7787	7788
P112,12	7789	7789
P96,14	7790	7791
P35,13	7792	7793
P190,1	7794	7795
P137,1	7796	7797
P73,1	7798	7799
P103,1	7800	7801
P53,13	7802	7802
P158,11	7803	7804
P160,13	7805	7806
P102,13	7807	7807
P181,1	7808	7809
P143,1	7810	7811
P108,13	7812	7813
P39,12	7814	7815
P105,1	7816	7817
P191,1	7818	7819
P15,2	7820	7821
P192,1	7822	7823
P111,13	7824	7825
P58,14	7826	7827
P182,1	7828	7829
P146,1	7830	7831
P91,12	7832	7833
P163,13	7834	7835
P86,13	7836	7837
P183,1	7838	7839
P51,1	7840	7841
P52,1	7842	7843
P81,1	7844	7845
P193,1	7846	7847
P61,13	7848	7849
P172,11	7850	7851
P40,13	7852	7853
P184,1	7854	7855
P83,1	7856	7857
P194,1	7858	7859
P152,1	7860	7861
P155,1	7862	7863
P38,1	7864	7865
P89,14	7866	7867
P1,1	7868	7869
P115,1	7870	7871
P195,1	7872	7873
P185,1	7874	7875
P14,14	7876	7877
P3,1	7878	7879
P64,11	7880	7881
P179,11	7882	7883
P176,12	7884	7885
P162,1	7886	7887
P132,11	7888	7889
P186,1	7890	7891
P92,1	7892	7893
P196,1	7894	7895
P118,14	7896	7897
P197,1	7898	7899
P187,1	7900	7901
P71,13	7902	7902
P43,1	7903	7904
P168,1	7905	7906
P198,1	7907	7908
P188,1	7909	7910
P24,1	7911	7912
P27,1	7913	7914
P140,14	7915	7916
P145,12	7917	7918
P63,1	7919	7920
P125,1	7921	7922
P199,1	7923	7924
P175,1	7925	7926
P69,1	7927	7928
P32,1	7929	7930
P98,14	7931	7932
P33,1	7933	7934
P200,1	7935	7936
P180,1	7937	7938
P189,1	7939	7940
P96,14	7941	7942
P35,13	7943	7944
P190,1	7945	7946
P137,1	7947	7948
P73,1	7949	7950
P76,13	7951	7952
P103,1	7953	7954
P158,11	7955	7956
P160,13	7957	7958
P181,1	7959	7960
P143,1	7961	7962
P108,13	7963	7963
P39,12	7964	7965
P105,1	7966	7967
P191,1	7968	7969
P147,14	7970	7971
P112,13	7972	7973
P53,14	7974	7974
P102,14	7975	7976
P15,2	7977	7978
P192,1	7979	7980
P58,14	7981	7982
P182,1	7983	7984
P146,1	7985	7986
P91,12	7987	7987
P163,13	7988	7989
P183,1	7990	7991
P86,14	7992	7993
P51,1	7994	7995
P52,1	7996	7997
P81,1	7998	7999
P193,1	8000	8001
P184,1	8002	8003
P83,1	8004	8005
P194,1	8006	8007
P172,12	8008	8009
P152,1	8010	8011
P155,1	8012	8013
P38,1	8014	8015
P89,14	8016	8017
P1,1	8018	8019
P115,1	8020	8021
P195,1	8022	8023
P185,1	8024	8025
P14,14	8026	8026
P3,1	8027	8028
P162,1	8029	8030
P186,1	8031	8032
P92,1	8033	8034
P196,1	8035	8036
P118,14	8037	8038
P197,1	8039	8040
P132,12	8041	8042
P187,1	8043	8044
P43,1	8045	8046
P168,1	8047	8048
P198,1	8049	8050
P188,1	8051	8052
P24,1	8053	8054
P27,1	8055	8056
P176,13	8057	8058
P179,12	8059	8060
P145,13	8061	8062
P63,1	8063	8064
P125,1	8065	8066
P199,1	8067	8068
P175,1	8069	8070
P69,1	8071	8072
P32,1	8073	8074
P98,14	8075	8076
P33,1	8077	8078
P200,1	8079	8080
P180,1	8081	8082
P71,14	8083	8083
P189,1	8084	8085
P190,1	8086	8087
P137,1	8088	8089
P73,1	8090	8091
P76,13	8092	8093
P103,1	8094	8095
P158,11	8096	8097
P160,13	8098	8099
P35,14	8100	8100
P96,15	8101	8102
P181,1	8103	8104
P143,1	8105	8106
P105,1	8107	8108
P191,1	8109	8110
P147,14	8111	8112
P112,13	8113	8114
P102,14	8115	8116
P15,2	8117	8118
P192,1	8119	8120
P58,14	8121	8122
P182,1	8123	8124
P146,1	8125	8126
P183,1	8127	8128
P86,14	8129	8130
P51,1	8131	8132
P52,1	8133	8134
P81,1	8135	8136
P53,15	8137	8138
P193,1	8139	8140
P184,1	8141	8142
P83,1	8143	8144
P194,1	8145	8146
P172,12	8147	8147
P152,1	8148	8149
P155,1	8150	8151
P38,1	8152	8153
P1,1	8154	8155
P163,14	8156	8156
P91,13	8157	8158
P115,1	8159	8160
P195,1	8161	8162
P185,1	8163	8164
P3,1	8165	8166
P162,1	8167	8168
P186,1	8169	8170
P92,1	8171	8172
P196,1	8173	8174
P118,14	8175	8175
P197,1	8176	8177
P132,12	8178	8178
P187,1	8179	8180
P43,1	8181	8182
P168,1	8183	8184
P198,1	8185	8186
P188,1	8187	8188
P24,1	8189	8190
P27,1	8191	8192
P176,13	8193	8194
P179,12	8195	8196
P145,13	8197	8198
P63,1	8199	8200
P125,1	8201	8202
P199,1	8203	8204
P175,1	8205	8206
P69,1	8207	8208
P32,1	8209	8210
P33,1	8211	8212
P98,15	8213	8214
P200,1	8215	8216
P180,1	8217	8218
P189,1	8219	8220
P190,1	8221	8222
P137,1	8223	8224
P73,1	8225	8226
P103,1	8227	8228
P71,15	8229	8230
P96,15	8231	8232
P181,1	8233	8234
P143,1	8235	8236
P105,1	8237	8238
P191,1	8239	8240
P15,2	8241	8242
P158,12	8243	8243
P76,14	8244	8245
P160,14	8246	8247
P35,15	8248	8248
P192,1	8249	8250
P182,1	8251	8252
P146,1	8253	8254
P183,1	8255	8256
P51,1	8257	8258
P52,1	8259	8260
P81,1	8261	8262
P102,15	8263	8264
P86,15	8265	8266
P193,1	8267	8268
P184,1	8269	8270
P194,1	8271	8272
P152,1	8273	8274
P155,1	8275	8276
P38,1	8277	8278
P1,1	8279	8280
P172,13	8281	8281
P115,1	8282	8283
P195,1	8284	8285
P185,1	8286	8287
P3,1	8288	8289
P162,1	8290	8291
P186,1	8292	8293
P92,1	8294	8295
P196,1	8296	8297
P197,1	8298	8299
P163,15	8300	8301
P187,1	8302	8303
P43,1	8304	8305
P168,1	8306	8307
P198,1	8308	8309
P188,1	8310	8311
P24,1	8312	8313
P27,1	8314	8315
P176,13	8316	8317
P179,12	8318	8318
P145,13	8319	8320
P63,1	8321	8322
P125,1	8323	8324
P199,1	8325	8326
P175,1	8327	8328
P69,1	8329	8330
P32,1	8331	8332
P33,1	8333	8334
P98,15	8335	8336
P200,1	8337	8338
P180,1	8339	8340
P189,1	8341	8342
P190,1	8343	8344
P137,1	8345	8346
P73,1	8347	8348
P103,1	8349	8350
P71,15	8351	8351
P96,15	8352	8352
P181,1	8353	8354
P143,1	8355	8356
P105,1	8357	8358
P158,13	8359	8360
P191,1	8361	8362
P15,2	8363	8364
P160,14	8365	8365
P192,1	8366	8367
P182,1	8368	8369
P146,1	8370	8371
P183,1	8372	8373
P51,1	8374	8375
P52,1	8376	8377
P81,1	8378	8379
P102,15	8380	8381
P86,15	8382	8382
P193,1	8383	8384
P184,1	8385	8386
P194,1	8387	8388
P152,1	8389	8390
P155,1	8391	8392
P38,1	8393	8394
P1,1	8395	8396
P115,1	8397	8398
P195,1	8399	8400
P185,1	8401	8402
P3,1	8403	8404
P162,1	8405	8406
P186,1	8407	8408
P92,1	8409	8410
P196,1	8411	8412
P197,1	8413	8414
P163,15	8415	8416
P187,1	8417	8418
P43,1	8419	8420
P168,1	8421	8422
P198,1	8423	8424
P188,1	8425	8426
P24,1	8427	8428
P27,1	8429	8430
P63,1	8431	8432
P125,1	8433	8434
P199,1	8435	8436
P175,1	8437	8438
P69,1	8439	8440
P32,1	8441	8442
P33,1	8443	8444
P200,1	8445	8446
P176,14	8447	8448
P179,13	8449	8449
P180,1	8450	8451
P189,1	8452	8453
P190,1	8454	8455
P137,1	8456	8457
P73,1	8458	8459
P103,1	8460	8461
P181,1	8462	8463
P143,1	8464	8465
P105,1	8466	8467
P191,1	8468	8469
P15,2	8470	8471
P192,1	8472	8473
P182,1	8474	8475
P146,1	8476	8477
P183,1	8478	8479
P52,1	8480	8481
P51,2	8482	8483
P81,1	8484	8485
P158,14	8486	8487
P102,15	8488	8489
P193,1	8490	8491
P184,1	8492	8493
P194,1	8494	8495
P152,1	8496	8497
P155,1	8498	8499
P38,1	8500	8501
P1,1	8502	8503
P115,1	8504	8505
P195,1	8506	8507
P185,1	8508	8509
P3,1	8510	8511
P162,1	8512	8513
P186,1	8514	8515
P92,1	8516	8517
P196,1	8518	8519
P197,1	8520	8521
P187,1	8522	8523
P43,1	8524	8525
P168,1	8526	8527
P198,1	8528	8529
P188,1	8530	8531
P24,1	8532	8533
P27,1	8534	8535
P63,1	8536	8537
P125,1	8538	8539
P199,1	8540	8541
P175,1	8542	8543
P69,1	8544	8545
P32,1	8546	8547
P200,1	8548	8549
P176,14	8550	8551
P180,1	8552	8553
P189,1	8554	8555
P190,1	8556	8557
P137,1	8558	8559
P73,1	8560	8561
P179,14	8562	8563
P103,1	8564	8565
P181,1	8566	8567
P143,1	8568	8569
P105,1	8570	8571
P191,1	8572	8573
P15,2	8574	8575
P192,1	8576	8577
P182,1	8578	8579
P146,1	8580	8581
P183,1	8582	8583
P52,1	8584	8585
P51,2	8586	8587
P81,1	8588	8589
P158,14	8590	8591
P193,1	8592	8593
P184,1	8594	8595
P194,1	8596	8597
P152,1	8598	8599
P155,1	8600	8601
P38,1	8602	8603
P1,1	8604	8605
P115,1	8606	8607
P195,1	8608	8609
P185,1	8610	8611
P3,1	8612	8613
P162,1	8614	8615
P186,1	8616	8617
P92,1	8618	8619
P196,1	8620	8621
P197,1	8622	8623
P187,1	8624	8625
P43,1	8626	8627
P168,1	8628	8629
P198,1	8630	8631
P188,1	8632	8633
P24,1	8634	8635
P27,1	8636	8637
P63,1	8638	8639
P125,1	8640	8641
P199,1	8642	8643
P175,1	8644	8645
P69,1	8646	8647
P32,1	8648	8649
P200,1	8650	8651
P176,14	8652	8652
P180,1	8653	8654
P189,1	8655	8656
P190,1	8657	8658
P137,1	8659	8660
P73,1	8661	8662
P179,14	8663	8664
P103,1	8665	8666
P181,1	8667	8668
P143,1	8669	8670
P105,1	8671	8672
P191,1	8673	8674
P15,2	8675	8676
P192,1	8677	8678
P182,1	8679	8680
P146,1	8681	8682
P183,1	8683	8684
P52,1	8685	8686
P51,2	8687	8688
P81,1	8689	8690
P193,1	8691	8692
P184,1	8693	8693
P194,1	8694	8695
P152,1	8696	8697
P155,1	8698	8699
P38,1	8700	8701
P1,1	8702	8703
P115,1	8704	8705
P195,1	8706	8707
P185,1	8708	8709
P3,1	8710	8711
P162,1	8712	8713
P186,1	8714	8715
P92,1	8716	8717
P196,1	8718	8719
P197,1	8720	8721
P187,1	8722	8723
P43,1	8724	8725
P168,1	8726	8727
P198,1	8728	8729
P188,1	8730	8731
P24,1	8732	8733
P27,1	8734	8735
P63,1	8736	8737
P125,1	8738	8739
P199,1	8740	8741
P175,1	8742	8743
P69,1	8744	8745
P32,1	8746	8747
P200,1	8748	8749
P180,1	8750	8751
P189,1	8752	8753
P190,1	8754	8755
P176,15	8756	8757
P137,1	8758	8759
P73,1	8760	8761
P179,14	8762	8763
P103,1	8764	8765
P181,1	8766	8767
P143,1	8768	8769
P105,1	8770	8771
P191,1	8772	8773
P15,2	8774	8775
P192,1	8776	8777
P184,2	8778	8779
P182,1	8780	8781
P146,1	8782	8783
P183,1	8784	8785
P52,1	8786	8787
P51,2	8788	8789
P81,1	8790	8791
P193,1	8792	8793
P194,1	8794	8795
P152,1	8796	8797
P155,1	8798	8799
P38,1	8800	8801
P1,1	8802	8803
P115,1	8804	8805
P195,1	8806	8807
P185,1	8808	8809
P3,1	8810	8811
P162,1	8812	8813
P186,1	8814	8815
P92,1	8816	8817
P196,1	8818	8819
P197,1	8820	8821
P187,1	8822	8823
P43,1	8824	8825
P168,1	8826	8827
P198,1	8828	8829
P188,1	8830	8831
P24,1	8832	8833
P27,1	8834	8835
P63,1	8836	8837
P125,1	8838	8839
P199,1	8840	8841
P175,1	8842	8843
P69,1	8844	8845
P32,1	8846	8847
P200,1	8848	8849
P180,1	8850	8851
P189,1	8852	8853
P190,1	8854	8855
P176,15	8856	8856
P137,1	8857	8858
P73,1	8859	8860
P103,1	8861	8862
P181,1	8863	8864
P143,1	8865	8866
P105,1	8867	8868
P191,1	8869	8870
P15,2	8871	8872
P192,1	8873	8874
P184,2	8875	8876
P179,15	8877	8878
P182,1	8879	8880
P146,1	8881	8882
P183,1	8883	8884
P52,1	8885	8886
P51,2	8887	8888
P81,1	8889	8890
P193,1	8891	8892
P194,1	8893	8894
P152,1	8895	8896
P155,1	8897	8898
P38,1	8899	8900
P1,1	8901	8902
P115,1	8903	8904
P195,1	8905	8906
P185,1	8907	8908
P3,1	8909	8910
P162,1	8911	8912
P186,1	8913	8914
P92,1	8915	8916
P196,1	8917	8918
P197,1	8919	8920
P187,1	8921	8921
P43,1	8922	8923
P168,1	8924	8925
P198,1	8926	8927
P188,1	8928	8929
P24,1	8930	8931
P27,1	8932	8933
P63,1	8934	8935
P125,1	8936	8937
P199,1	8938	8939
P175,1	8940	8941
P69,1	8942	8943
P32,1	8944	8945
P200,1	8946	8947
P180,1	8948	8949
P189,1	8950	8951
P190,1	8952	8953
P137,1	8954	8955
P73,1	8956	8957
P103,1	8958	8959
P181,1	8960	8961
P143,1	8962	8963
P105,1	8964	8965
P191,1	8966	8967
P15,2	8968	8969
P192,1	8970	8971
P184,2	8972	8973
P179,15	8974	8974
P182,1	8975	8976
P146,1	8977	8978
P183,1	8979	8980
P52,1	8981	8982
P51,2	8983	8984
P81,1	8985	8986
P193,1	8987	8988
P194,1	8989	8990
P152,1	8991	8992
P155,1	8993	8994
P38,1	8995	8996
P1,1	8997	8998
P115,1	8999	9000
P195,1	9001	9002
P185,1	9003	9004
P3,1	9005	9006
P162,1	9007	9008
P186,1	9009	9010
P92,1	9011	9012
P196,1	9013	9014
P187,2	9015	9016
P197,1	9017	9018
P43,1	9019	9020
P168,1	9021	9022
P198,1	9023	9024
P188,1	9025	9026
P24,1	9027	9028
P27,1	9029	9030
P63,1	9031	9032
P125,1	9033	9034
P199,1	9035	9036
P175,1	9037	9038
P69,1	9039	9040
P32,1	9041	9042
P200,1	9043	9044
P180,1	9045	9046
P189,1	9047	9048
P190,1	9049	9050
P137,1	9051	9052
P73,1	9053	9054
P103,1	9055	9056
P181,1	9057	9058
P143,1	9059	9059
P105,1	9060	9061
P191,1	9062	9063
P15,2	9064	9065
P192,1	9066	9067
P184,2	9068	9069
P182,1	9070	9071
P146,1	9072	9073
P183,1	9074	9075
P52,1	9076	9077
P51,2	9078	9079
P81,1	9080	9081
P193,1	9082	9083
P194,1	9084	9085
P152,1	9086	9087
P155,1	9088	9089
P38,1	9090	9091
P1,1	9092	9093
P115,1	9094	9095
P195,1	9096	9097
P185,1	9098	9099
P3,1	9100	9101
P162,1	9102	9103
P186,1	9104	9105
P92,1	9106	9107
P196,1	9108	9109
P187,2	9110	9111
P197,1	9112	9113
P43,1	9114	9115
P168,1	9116	9117
P198,1	9118	9119
P188,1	9120	9121
P24,1	9122	9123
P27,1	9124	9125
P63,1	9126	9127
P125,1	9128	9129
P199,1	9130	9131
P175,1	9132	9133
P69,1	9134	9135
P32,1	9136	9137
P200,1	9138	9139
P180,1	9140	9141
P189,1	9142	9143
P190,1	9144	9145
P137,1	9146	9147
P73,1	9148	9149
P103,1	9150	9151
P181,1	9152	9153
P143,2	9154	9155
P105,1	9156	9157
P191,1	9158	9159
P15,2	9160	9161
P192,1	9162	9163
P184,2	9164	9165
P182,1	9166	9167
P146,1	9168	9169
P183,1	9170	9171
P52,1	9172	9173
P51,2	9174	9175
P81,1	9176	9177
P193,1	9178	9179
P194,1	9180	9181
P152,1	9182	9183
P155,1	9184	9185
P38,1	9186	9187
P1,1	9188	9189
P115,1	9190	9191
P195,1	9192	9193
P185,1	9194	9195
P3,1	9196	9197
P162,1	9198	9199
P186,1	9200	9201
P92,1	9202	9203
P196,1	9204	9205
P187,2	9206	9207
P197,1	9208	9209
P43,1	9210	9211
P168,1	9212	9213
P198,1	9214	9215
P188,1	9216	9217
P24,1	9218	9219
P27,1	9220	9221
P63,1	9222	9223
P125,1	9224	9225
P199,1	9226	9227
P175,1	9228	9229
P69,1	9230	9231
P32,1	9232	9233
P200,1	9234	9235
P180,1	9236	9237
P189,1	9238	9239
P190,1	9240	9241
P137,1	9242	9243
P73,1	9244	9245
P103,1	9246	9247
P181,1	9248	9249
P143,2	9250	9251
P105,1	9252	9253
P191,1	9254	9255
P15,2	9256	9257
P192,1	9258	9259
P184,2	9260	9261
P182,1	9262	9263
P146,1	9264	9265
P183,1	9266	9267
P52,1	9268	9269
P51,2	9270	9271
P81,1	9272	9273
P193,1	9274	9275
P194,1	9276	9277
P152,1	9278	9279
P155,1	9280	9281
P38,1	9282	9283
P1,1	9284	9285
P115,1	9286	9287
P195,1	9288	9289
P185,1	9290	9291
P3,1	9292	9293
P162,1	9294	9295
P186,1	9296	9297
P92,1	9298	9299
P196,1	9300	9301
P187,2	9302	9303
P197,1	9304	9305
P43,1	9306	9307
P168,1	9308	9309
P198,1	9310	9311
P188,1	9312	9313
P24,1	9314	9315
P27,1	9316	9317
P63,1	9318	9319
P125,1	9320	9321
P199,1	9322	9323
P175,1	9324	9325
P69,1	9326	9327
P32,1	9328	9329
P200,1	9330	9331
P180,1	9332	9333
P189,1	9334	9335
P190,1	9336	9337
P137,1	9338	9339
P73,1	9340	9341
P103,1	9342	9343
P181,1	9344	9345
P143,2	9346	9347
P105,1	9348	9349
P191,1	9350	9351
P15,2	9352	9353
P192,1	9354	9355
P184,2	9356	9357
P182,1	9358	9359
P146,1	9360	9361
P183,1	9362	9363
P52,1	9364	9365
P51,2	9366	9367
P81,1	9368	9369
P193,1	9370	9371
P194,1	9372	9373
P152,1	9374	9375
P155,1	9376	9377
P38,1	9378	9379
P1,1	9380	9381
P115,1	9382	9383
P195,1	9384	9385
P185,1	9386	9387
P3,1	9388	9389
P162,1	9390	9391
P186,1	9392	9393
P92,1	9394	9395
P196,1	9396	9397
P187,2	9398	9399
P197,1	9400	9401
P43,1	9402	9403
P168,1	9404	9404
P198,1	9405	9406
P188,1	9407	9408
P24,1	9409	9410
P27,1	9411	9412
P63,1	9413	9413
P125,1	9414	9415
P199,1	9416	9417
P69,1	9418	9419
P32,1	9420	9421
P175,2	9422	9423
P200,1	9424	9425
P180,1	9426	9427
P189,1	9428	9429
P190,1	9430	9431
P137,1	9432	9433
P73,1	9434	9435
P103,1	9436	9437
P181,1	9438	9439
P143,2	9440	9441
P105,1	9442	9443
P191,1	9444	9445
P15,2	9446	9447
P192,1	9448	9449
P184,2	9450	9451
P182,1	9452	9453
P146,1	9454	9455
P183,1	9456	9457
P52,1	9458	9459
P51,2	9460	9461
P81,1	9462	9463
P193,1	9464	9465
P194,1	9466	9467
P152,1	9468	9469
P155,1	9470	9471
P38,1	9472	9473
P1,1	9474	9475
P115,1	9476	9477
P195,1	9478	9479
P185,1	9480	9481
P3,1	9482	9483
P162,1	9484	9485
P186,1	9486	9487
P92,1	9488	9489
P196,1	9490	9491
P187,2	9492	9493
P43,1	9494	9495
P198,1	9496	9497
P197,2	9498	9499
P188,1	9500	9501
P24,1	9502	9503
P27,1	9504	9505
P125,1	9506	9507
P199,1	9508	9509
P69,1	9510	9511
P32,1	9512	9513
P175,2	9514	9515
P200,1	9516	9517
P180,1	9518	9519
P189,1	9520	9521
P190,1	9522	9523
P137,1	9524	9525
P73,1	9526	9527
P103,1	9528	9529
P181,1	9530	9531
P143,2	9532	9533
P105,1	9534	9535
P191,1	9536	9537
P15,2	9538	9539
P192,1	9540	9541
P184,2	9542	9543
P182,1	9544	9545
P146,1	9546	9547
P183,1	9548	9549
P52,1	9550	9551
P51,2	9552	9553
P81,1	9554	9555
P193,1	9556	9557
P194,1	9558	9559
P152,1	9560	9561
P155,1	9562	9563
P38,1	9564	9565
P1,1	9566	9567
P115,1	9568	9569
P195,1	9570	9571
P3,1	9572	9573
P162,1	9574	9575
P185,2	9576	9577
P186,1	9578	9579
P92,1	9580	9581
P196,1	9582	9583
P187,2	9584	9585
P43,1	9586	9587
P198,1	9588	9589
P197,2	9590	9591
P188,1	9592	9593
P24,1	9594	9595
P27,1	9596	9597
P125,1	9598	9599
P199,1	9600	9601
P69,1	9602	9603
P32,1	9604	9605
P175,2	9606	9607
P200,1	9608	9609
P180,1	9610	9611
P189,1	9612	9613
P190,1	9614	9615
P137,1	9616	9617
P73,1	9618	9619
P103,1	9620	9621
P181,1	9622	9623
P143,2	9624	9625
P105,1	9626	9627
P191,1	9628	9629
P15,2	9630	9631
P192,1	9632	9633
P184,2	9634	9635
P182,1	9636	9637
P146,1	9638	9639
P183,1	9640	9641
P52,1	9642	9643
P51,2	9644	9645
P81,1	9646	9647
P193,1	9648	9649
P194,1	9650	9651
P152,1	9652	9653
P155,1	9654	9655
P38,1	9656	9657
P1,1	9658	9659
P115,1	9660	9661
P195,1	9662	9663
P3,1	9664	9665
P162,1	9666	9667
P185,2	9668	9669
P186,1	9670	9671
P92,1	9672	9673
P196,1	9674	9675
P187,2	9676	9677
P43,1	9678	9679
P198,1	9680	9681
P197,2	9682	9683
P188,1	9684	9685
P24,1	9686	9687
P27,1	9688	9689
P125,1	9690	9691
P199,1	9692	9693
P69,1	9694	9695
P32,1	9696	9697
P175,2	9698	9699
P200,1	9700	9701
P180,1	9702	9703
P189,1	9704	9705
P190,1	9706	9707
P137,1	9708	9709
P73,1	9710	9711
P103,1	9712	9713
P181,1	9714	9715
P143,2	9716	9717
P105,1	9718	9719
P191,1	9720	9721
P15,2	9722	9723
P192,1	9724	9725
P184,2	9726	9727
P182,1	9728	9729
P146,1	9730	9731
P183,1	9732	9733
P52,1	9734	9735
P51,2	9736	9737
P81,1	9738	9739
P193,1	9740	9741
P194,1	9742	9743
P152,1	9744	9745
P155,1	9746	9747
P38,1	9748	9749
P1,1	9750	9751
P115,1	9752	9753
P195,1	9754	9755
P3,1	9756	9757
P162,1	9758	9759
P185,2	9760	9761
P186,1	9762	9763
P92,1	9764	9765
P196,1	9766	9767
P187,2	9768	9769
P43,1	9770	9771
P197,2	9772	9773
P198,2	9774	9775
P188,1	9776	9777
P24,1	9778	9779
P27,1	9780	9781
P125,1	9782	9783
P199,1	9784	9785
P69,1	9786	9787
P32,1	9788	9789
P175,2	9790	9791
P200,1	9792	9793
P180,1	9794	9795
P189,1	9796	9797
P190,1	9798	9799
P137,1	9800	9801
P73,1	9802	9803
P103,1	9804	9805
P181,1	9806	9807
P143,2	9808	9809
P105,1	9810	9811
P191,1	9812	9813
P15,2	9814	9815
P192,1	9816	9817
P184,2	9818	9819
P182,1	9820	9821
P146,1	9822	9823
P183,1	9824	9825
P52,1	9826	9827
P51,2	9828	9829
P81,1	9830	9831
P193,1	9832	9833
P194,1	9834	9835
P152,1	9836	9837
P155,1	9838	9839
P38,1	9840	9841
P1,1	9842	9843
P115,1	9844	9845
P195,1	9846	9847
P3,1	9848	9849
P162,1	9850	9851
P185,2	9852	9853
P186,1	9854	9855
P92,1	9856	9857
P196,1	9858	9859
P187,2	9860	9861
P43,1	9862	9863
P197,2	9864	9865
P198,2	9866	9867
P188,1	9868	9869
P24,1	9870	9871
P27,1	9872	9872
P125,1	9873	9874
P199,1	9875	9876
P69,1	9877	9878
P32,1	9879	9880
P175,2	9881	9882
P200,1	9883	9884
P180,1	9885	9886
P189,1	9887	9888
P190,1	9889	9890
P137,1	9891	9892
P73,1	9893	9894
P103,1	9895	9896
P181,1	9897	9898
P143,2	9899	9900
P105,1	9901	9902
P191,1	9903	9904
P15,2	9905	9906
P192,1	9907	9908
P184,2	9909	9910
P182,1	9911	9912
P146,1	9913	9914
P183,1	9915	9916
P52,1	9917	9918
P51,2	9919	9920
P81,1	9921	9922
P193,1	9923	9924
P194,1	9925	9926
P152,1	9927	9928
P155,1	9929	9930
P38,1	9931	9932
P1,1	9933	9934
P115,1	9935	9936
P195,1	9937	9938
P162,1	9939	9940
P3,2	9941	9942
P185,2	9943	9944
P186,1	9945	9946
P92,1	9947	9947
P196,1	9948	9949
P187,2	9950	9951
P43,1	9952	9953
P197,2	9954	9955
P198,2	9956	9957
P188,1	9958	9959
P24,1	9960	9961
P125,1	9962	9963
P199,1	9964	9965
P69,1	9966	9967
P175,2	9968	9969
P200,1	9970	9971
P180,1	9972	9973
P189,1	9974	9975
P190,1	9976	9977
P137,1	9978	9979
P73,1	9980	9981
P103,1	9982	9983
P181,1	9984	9985
P143,2	9986	9987
P105,1	9988	9989
P191,1	9990	9991
P15,2	9992	9993
P192,1	9994	9995
P184,2	9996	9997
P182,1	9998	9999
P146,1	10000	10001
P183,1	10002	10003
P52,1	10004	10005
P51,2	10006	10007
P81,1	10008	10009
P193,1	10010	10011
P194,1	10012	10013
P152,1	10014	10015
P155,1	10016	10017
P38,1	10018	10019
P1,1	10020	10021
P115,1	10022	10023
P195,1	10024	10025
P92,2	10026	10027
P162,1	10028	10029
P3,2	10030	10031
P185,2	10032	10033
P186,1	10034	10035
P196,1	10036	10037
P187,2	10038	10039
P43,1	10040	10041
P197,2	10042	10043
P198,2	10044	10045
P188,1	10046	10047
P24,1	10048	10049
P125,1	10050	10051
P199,1	10052	10053
P69,1	10054	10055
P175,2	10056	10057
P200,1	10058	10059
P180,1	10060	10061
P189,1	10062	10063
P190,1	10064	10065
P137,1	10066	10067
P73,1	10068	10069
P103,1	10070	10071
P181,1	10072	10073
P143,2	10074	10075
P105,1	10076	10076
P191,1	10077	10078
P15,2	10079	10080
P192,1	10081	10082
P184,2	10083	10084
P182,1	10085	10086
P146,1	10087	10088
P183,1	10089	10090
P52,1	10091	10092
P51,2	10093	10094
P81,1	10095	10096
P193,1	10097	10098
P194,1	10099	10100
P152,1	10101	10102
P155,1	10103	10104
P38,1	10105	10106
P1,1	10107	10108
P115,1	10109	10110
P195,1	10111	10112
P92,2	10113	10114
P162,1	10115	10116
P3,2	10117	10118
P185,2	10119	10120
P186,1	10121	10122
P196,1	10123	10124
P187,2	10125	10126
P43,1	10127	10128
P197,2	10129	10130
P198,2	10131	10132
P188,1	10133	10134
P24,1	10135	10136
P125,1	10137	10138
P199,1	10139	10140
P69,1	10141	10142
P175,2	10143	10144
P200,1	10145	10146
P180,1	10147	10148
P189,1	10149	10150
P190,1	10151	10152
P137,1	10153	10154
P73,1	10155	10156
P103,1	10157	10158
P181,1	10159	10160
P143,2	10161	10162
P191,1	10163	10164
P15,2	10165	10166
P192,1	10167	10168
P184,2	10169	10170
P182,1	10171	10172
P146,1	10173	10174
P183,1	10175	10176
P52,1	10177	10178
P51,2	10179	10180
P81,1	10181	10182
P193,1	10183	10184
P194,1	10185	10186
P152,1	10187	10188
P155,1	10189	10190
P38,1	10191	10192
P1,1	10193	10194
P115,1	10195	10196
P195,1	10197	10198
P92,2	10199	10200
P162,1	10201	10202
P3,2	10203	10204
P185,2	10205	10206
P186,1	10207	10208
P196,1	10209	10210
P187,2	10211	10212
P43,1	10213	10214
P197,2	10215	10216
P198,2	10217	10218
P188,1	10219	10220
P24,1	10221	10222
P125,1	10223	10224
P199,1	10225	10226
P69,1	10227	10228
P175,2	10229	10230
P200,1	10231	10232
P180,1	10233	10234
P189,1	10235	10236
P190,1	10237	10238
P137,1	10239	10240
P73,1	10241	10242
P103,1	10243	10244
P181,1	10245	10246
P143,2	10247	10248
P191,1	10249	10250
P15,2	10251	10252
P192,1	10253	10254
P184,2	10255	10256
P182,1	10257	10258
P146,1	10259	10260
P183,1	10261	10262
P52,1	10263	10264
P51,2	10265	10266
P81,1	10267	10268
P193,1	10269	10270
P194,1	10271	10272
P152,1	10273	10274
P155,1	10275	10276
P38,1	10277	10278
P1,2	10279	10280
P115,1	10281	10282
P195,1	10283	10284
P92,2	10285	10286
P162,1	10287	10288
P3,2	10289	10290
P185,2	10291	10292
P186,1	10293	10294
P196,1	10295	10296
P187,2	10297	10298
P43,1	10299	10300
P197,2	10301	10302
P198,2	10303	10304
P188,1	10305	10306
P24,1	10307	10308
P125,1	10309	10310
P199,1	10311	10312
P69,1	10313	10314
P175,2	10315	10316
P200,1	10317	10318
P180,1	10319	10320
P189,1	10321	10322
P190,1	10323	10324
P137,1	10325	10326
P73,1	10327	10328
P103,1	10329	10330
P181,1	10331	10332
P143,2	10333	10334
P191,1	10335	10336
P15,2	10337	10338
P184,2	10339	10340
P182,1	10341	10342
P146,1	10343	10344
P183,1	10345	10346
P52,1	10347	10348
P51,2	10349	10350
P81,1	10351	10352
P193,1	10353	10354
P194,1	10355	10356
P152,1	10357	10358
P155,1	10359	10360
P38,1	10361	10362
P1,2	10363	10364
P115,1	10365	10366
P195,1	10367	10368
P92,2	10369	10370
P3,2	10371	10372
P162,2	10373	10374
P185,2	10375	10376
P186,1	10377	10378
P196,1	10379	10380
P187,2	10381	10382
P43,1	10383	10384
P197,2	10385	10386
P198,2	10387	10388
P188,1	10389	10390
P24,1	10391	10392
P125,1	10393	10394
P199,1	10395	10396
P69,1	10397	10398
P175,2	10399	10400
P200,1	10401	10402
P180,1	10403	10404
P189,1	10405	10406
P190,1	10407	10408
P137,1	10409	10410
P73,1	10411	10412
P103,1	10413	10414
P181,1	10415	10416
P143,2	10417	10418
P191,1	10419	10420
P15,2	10421	10422
P184,2	10423	10424
P182,1	10425	10426
P146,1	10427	10428
P183,1	10429	10430
P52,1	10431	10432
P51,2	10433	10434
P81,1	10435	10436
P193,1	10437	10438
P194,1	10439	10440
P152,1	10441	10442
P155,1	10443	10444
P38,1	10445	10446
P1,2	10447	10448
P115,1	10449	10450
P195,1	10451	10452
P92,2	10453	10454
P3,2	10455	10456
P162,2	10457	10458
P185,2	10459	10460
P186,1	10461	10462
P196,1	10463	10464
P187,2	10465	10466
P43,1	10467	10468
P197,2	10469	10470
P198,2	10471	10472
P188,1	10473	10474
P24,1	10475	10476
P125,1	10477	10478
P199,1	10479	10480
P69,1	10481	10482
P175,2	10483	10484
P200,1	10485	10486
P180,1	10487	10488
P189,1	10489	10490
P190,1	10491	10492
P137,1	10493	10494
P73,1	10495	10496
P103,1	10497	10498
P181,1	10499	10500
P143,2	10501	10502
P191,1	10503	10504
P15,2	10505	10506
P184,2	10507	10508
P182,1	10509	10510
P146,1	10511	10512
P183,1	10513	10514
P52,1	10515	10516
P51,2	10517	10518
P81,1	10519	10520
P193,1	10521	10522
P194,1	10523	10524
P152,1	10525	10526
P155,1	10527	10528
P38,1	10529	10530
P1,2	10531	10532
P115,1	10533	10534
P195,1	10535	10536
P92,2	10537	10538
P3,2	10539	10540
P162,2	10541	10542
P185,2	10543	10544
P186,1	10545	10546
P196,1	10547	10548
P187,2	10549	10550
P197,2	10551	10552
P198,2	10553	10554
P43,2	10555	10556
P188,1	10557	10558
P24,1	10559	10560
P125,1	10561	10562
P199,1	10563	10564
P69,1	10565	10566
P175,2	10567	10568
P200,1	10569	10570
P180,1	10571	10572
P189,1	10573	10574
P190,1	10575	10576
P137,1	10577	10578
P73,1	10579	10580
P103,1	10581	10582
P181,1	10583	10584
P143,2	10585	10586
P191,1	10587	10588
P15,2	10589	10590
P184,2	10591	10592
P182,1	10593	10594
P146,1	10595	10596
P183,1	10597	10598
P52,1	10599	10600
P51,2	10601	10602
P81,1	10603	10604
P193,1	10605	10606
P152,1	10607	10608
P155,1	10609	10610
P38,1	10611	10612
P1,2	10613	10614
P115,1	10615	10616
P195,1	10617	10618
P92,2	10619	10620
P3,2	10621	10622
P162,2	10623	10624
P185,2	10625	10626
P186,1	10627	10628
P196,1	10629	10630
P187,2	10631	10632
P197,2	10633	10634
P198,2	10635	10636
P43,2	10637	10638
P188,1	10639	10640
P24,1	10641	10642
P125,1	10643	10644
P199,1	10645	10646
P69,1	10647	10648
P175,2	10649	10650
P200,1	10651	10652
P180,1	10653	10654
P189,1	10655	10656
P190,1	10657	10658
P137,1	10659	10660
P73,1	10661	10662
P103,1	10663	10664
P181,1	10665	10666
P143,2	10667	10668
P191,1	10669	10670
P15,2	10671	10672
P184,2	10673	10674
P182,1	10675	10676
P146,1	10677	10678
P183,1	10679	10680
P52,1	10681	10682
P51,2	10683	10684
P193,1	10685	10686
P152,1	10687	10688
P155,1	10689	10690
P38,1	10691	10692
P1,2	10693	10694
P115,1	10695	10696
P195,1	10697	10698
P92,2	10699	10700
P3,2	10701	10702
P162,2	10703	10704
P185,2	10705	10706
P186,1	10707	10708
P196,1	10709	10710
P187,2	10711	10712
P197,2	10713	10714
P198,2	10715	10716
P43,2	10717	10718
P188,1	10719	10720
P24,1	10721	10722
P125,1	10723	10724
P199,1	10725	10726
P69,1	10727	10728
P175,2	10729	10730
P200,1	10731	10732
P180,1	10733	10734
P189,1	10735	10736
P190,1	10737	10738
P137,1	10739	10740
P73,1	10741	10742
P103,1	10743	10744
P181,1	10745	10746
P143,2	10747	10748
P191,1	10749	10750
P15,2	10751	10752
P184,2	10753	10754
P182,1	10755	10756
P146,1	10757	10758
P183,1	10759	10760
P52,1	10761	10762
P51,2	10763	10764
P193,1	10765	10766
P152,1	10767	10768
P155,1	10769	10770
P38,1	10771	10772
P1,2	10773	10774
P115,1	10775	10776
P195,1	10777	10778
P92,2	10779	10780
P3,2	10781	10782
P162,2	10783	10784
P185,2	10785	10786
P186,1	10787	10788
P196,1	10789	10790
P187,2	10791	10792
P197,2	10793	10794
P198,2	10795	10796
P43,2	10797	10798
P188,1	10799	10800
P24,1	10801	10802
P125,1	10803	10804
P199,1	10805	10806
P69,1	10807	10808
P175,2	10809	10810
P200,1	10811	10812
P180,1	10813	10814
P189,1	10815	10816
P190,1	10817	10818
P137,1	10819	10820
P73,1	10821	10822
P103,1	10823	10824
P181,1	10825	10826
P143,2	10827	10828
P191,1	10829	10830
P15,2	10831	10832
P184,2	10833	10834
P182,1	10835	10836
P146,1	10837	10838
P183,1	10839	10840
P52,1	10841	10842
P51,2	10843	10844
P193,1	10845	10846
P152,1	10847	10848
P155,1	10849	10850
P1,2	10851	10852
P115,1	10853	10854
P195,1	10855	10856
P92,2	10857	10858
P3,2	10859	10860
P162,2	10861	10862
P185,2	10863	10864
P186,1	10865	10866
P196,1	10867	10868
P187,2	10869	10870
P197,2	10871	10872
P198,2	10873	10874
P43,2	10875	10876
P188,1	10877	10878
P24,1	10879	10880
P125,1	10881	10882
P199,1	10883	10884
P69,1	10885	10886
P175,2	10887	10888
P200,1	10889	10890
P180,1	10891	10892
P189,1	10893	10894
P190,1	10895	10896
P137,1	10897	10898
P73,1	10899	10900
P103,1	10901	10902
P181,1	10903	10904
P143,2	10905	10906
P191,1	10907	10908
P15,2	10909	10910
P184,2	10911	10912
P182,1	10913	10914
P146,1	10915	10916
P183,1	10917	10918
P52,1	10919	10920
P51,2	10921	10922
P193,1	10923	10924
P152,1	10925	10926
P155,1	10927	10928
P1,2	10929	10930
P115,1	10931	10932
P195,1	10933	10934
P92,2	10935	10936
P3,2	10937	10938
P162,2	10939	10940
P185,2	10941	10942
P186,1	10943	10944
P196,1	10945	10946
P187,2	10947	10948
P197,2	10949	10950
P198,2	10951	10952
P43,2	10953	10954
P188,1	10955	10956
P24,1	10957	10958
P125,1	10959	10960
P199,1	10961	10962
P69,1	10963	10964
P175,2	10965	10966
P200,1	10967	10968
P180,1	10969	10970
P189,1	10971	10972
P190,1	10973	10974
P137,1	10975	10976
P73,1	10977	10978
P103,1	10979	10980
P181,1	10981	10982
P143,2	10983	10984
P191,1	10985	10986
P15,2	10987	10988
P184,2	10989	10990
P182,1	10991	10992
P146,1	10993	10994
P183,1	10995	10996
P52,1	10997	10998
P51,2	10999	11000
P193,1	11001	11002
P152,1	11003	11004
P155,1	11005	11006
P1,2	11007	11008
P115,1	11009	11010
P195,1	11011	11012
P92,2	11013	11014
P3,2	11015	11016
P162,2	11017	11018
P185,2	11019	11020
P186,1	11021	11022
P196,1	11023	11024
P187,2	11025	11026
P197,2	11027	11028
P198,2	11029	11030
P43,2	11031	11032
P188,1	11033	11034
P24,1	11035	11036
P125,1	11037	11038
P199,1	11039	11040
P69,1	11041	11042
P175,2	11043	11044
P200,1	11045	11046
P180,1	11047	11048
P189,1	11049	11050
P190,1	11051	11052
P137,1	11053	11054
P73,1	11055	11056
P103,1	11057	11058
P181,1	11059	11060
P143,2	11061	11062
P191,1	11063	11064
P15,2	11065	11065
P184,2	11066	11067
P182,1	11068	11069
P146,1	11070	11071
P183,1	11072	11073
P52,1	11074	11075
P51,2	11076	11077
P193,1	11078	11079
P152,1	11080	11081
P155,1	11082	11083
P1,2	11084	11085
P115,1	11086	11087
P195,1	11088	11089
P92,2	11090	11091
P3,2	11092	11093
P162,2	11094	11095
P185,2	11096	11097
P186,1	11098	11099
P196,1	11100	11101
P187,2	11102	11103
P197,2	11104	11105
P198,2	11106	11107
P43,2	11108	11109
P188,1	11110	11111
P24,1	11112	11113
P125,1	11114	11115
P199,1	11116	11117
P69,1	11118	11119
P175,2	11120	11121
P200,1	11122	11123
P180,1	11124	11125
P189,1	11126	11127
P190,1	11128	11129
P137,1	11130	11131
P73,1	11132	11133
P103,1	11134	11135
P181,1	11136	11137
P143,2	11138	11139
P191,1	11140	11141
P184,2	11142	11143
P182,1	11144	11145
P146,1	11146	11147
P183,1	11148	11149
P52,1	11150	11151
P51,2	11152	11153
P193,1	11154	11155
P152,1	11156	11157
P155,1	11158	11159
P1,2	11160	11161
P115,1	11162	11163
P195,1	11164	11165
P92,2	11166	11167
P3,2	11168	11169
P162,2	11170	11171
P185,2	11172	11173
P186,1	11174	11175
P196,1	11176	11177
P187,2	11178	11179
P197,2	11180	11181
P198,2	11182	11183
P43,2	11184	11185
P188,1	11186	11187
P24,1	11188	11189
P125,1	11190	11191
P199,1	11192	11193
P69,1	11194	11195
P175,2	11196	11197
P200,1	11198	11199
P180,1	11200	11201
P189,1	11202	11203
P190,1	11204	11205
P137,1	11206	11207
P73,1	11208	11209
P103,1	11210	11211
P181,1	11212	11213
P143,2	11214	11215
P191,1	11216	11217
P184,2	11218	11219
P182,1	11220	11221
P146,1	11222	11223
P183,1	11224	11225
P52,1	11226	11227
P51,2	11228	11229
P193,1	11230	11231
P152,1	11232	11233
P155,1	11234	11235
P1,2	11236	11237
P115,1	11238	11239
P195,1	11240	11241
P92,2	11242	11243
P3,2	11244	11245
P162,2	11246	11247
P185,2	11248	11249
P186,1	11250	11251
P196,1	11252	11253
P187,2	11254	11255
P197,2	11256	11257
P198,2	11258	11259
P43,2	11260	11261
P188,1	11262	11263
P24,1	11264	11265
P125,1	11266	11267
P199,1	11268	11269
P69,1	11270	11271
P175,2	11272	11273
P200,1	11274	11275
P180,1	11276	11277
P189,1	11278	11279
P190,1	11280	11281
P137,1	11282	11283
P73,1	11284	11285
P103,1	11286	11287
P181,1	11288	11289
P143,2	11290	11291
P191,1	11292	11293
P184,2	11294	11295
P182,1	11296	11297
P146,1	11298	11299
P183,1	11300	11301
P52,1	11302	11303
P51,2	11304	11305
P193,1	11306	11307
P152,1	11308	11309
P155,1	11310	11311
P1,2	11312	11313
P115,1	11314	11315
P195,1	11316	11317
P92,2	11318	11319
P3,2	11320	11321
P162,2	11322	11323
P185,2	11324	11325
P186,1	11326	11327
P187,2	11328	11329
P197,2	11330	11331
P198,2	11332	11333
P43,2	11334	11335
P188,1	11336	11337
P24,1	11338	11339
P125,1	11340	11341
P199,1	11342	11343
P69,1	11344	11345
P175,2	11346	11347
P200,1	11348	11349
P180,1	11350	11351
P189,1	11352	11353
P190,1	11354	11355
P137,1	11356	11357
P73,1	11358	11359
P103,1	11360	11361
P181,1	11362	11363
P143,2	11364	11365
P191,1	11366	11367
P184,2	11368	11369
P182,1	11370	11371
P146,1	11372	11373
P183,1	11374	11375
P51,2	11376	11377
P52,2	11378	11379
P193,1	11380	11381
P152,1	11382	11383
P155,1	11384	11385
P1,2	11386	11387
P115,1	11388	11389
P195,1	11390	11391
P92,2	11392	11393
P3,2	11394	11395
P162,2	11396	11397
P185,2	11398	11399
P186,1	11400	11401
P187,2	11402	11403
P197,2	11404	11405
P198,2	11406	11407
P43,2	11408	11409
P188,1	11410	11411
P24,1	11412	11413
P125,1	11414	11415
P199,1	11416	11417
P69,1	11418	11419
P175,2	11420	11421
P200,1	11422	11423
P180,1	11424	11425
P189,1	11426	11427
P190,1	11428	11429
P137,1	11430	11431
P73,1	11432	11433
P103,1	11434	11435
P181,1	11436	11437
P143,2	11438	11439
P191,1	11440	11441
P184,2	11442	11443
P182,1	11444	11445
P146,1	11446	11447
P183,1	11448	11449
P51,2	11450	11451
P52,2	11452	11453
P193,1	11454	11455
P152,1	11456	11457
P155,1	11458	11459
P1,2	11460	11461
P115,1	11462	11463
P195,1	11464	11465
P92,2	11466	11467
P3,2	11468	11469
P162,2	11470	11471
P185,2	11472	11473
P186,1	11474	11475
P187,2	11476	11477
P197,2	11478	11479
P198,2	11480	11481
P43,2	11482	11483
P188,1	11484	11485
P24,1	11486	11487
P125,1	11488	11489
P199,1	11490	11491
P69,1	11492	11493
P175,2	11494	11495
P200,1	11496	11497
P180,1	11498	11499
P189,1	11500	11501
P190,1	11502	11503
P137,1	11504	11505
P73,1	11506	11507
P103,1	11508	11509
P181,1	11510	11511
P143,2	11512	11513
P191,1	11514	11515
P184,2	11516	11517
P182,1	11518	11519
P146,1	11520	11521
P183,1	11522	11523
P51,2	11524	11525
P52,2	11526	11527
P193,1	11528	11529
P152,1	11530	11531
P155,1	11532	11533
P1,2	11534	11535
P115,1	11536	11537
P195,1	11538	11539
P92,2	11540	11541
P3,2	11542	11543
P162,2	11544	11545
P185,2	11546	11547
P186,1	11548	11549
P187,2	11550	11551
P197,2	11552	11553
P198,2	11554	11555
P43,2	11556	11557
P188,1	11558	11559
P24,1	11560	11561
P125,1	11562	11563
P199,1	11564	11565
P69,1	11566	11567
P175,2	11568	11569
P200,1	11570	11571
P180,1	11572	11573
P189,1	11574	11575
P190,1	11576	11577
P137,1	11578	11579
P73,1	11580	11581
P103,1	11582	11583
P181,1	11584	11585
P143,2	11586	11587
P191,1	11588	11589
P184,2	11590	11591
P182,1	11592	11593
P146,1	11594	11595
P183,1	11596	11597
P51,2	11598	11599
P52,2	11600	11601
P193,1	11602	11603
P152,1	11604	11605
P155,1	11606	11607
P1,2	11608	11609
P115,1	11610	11611
P195,1	11612	11613
P92,2	11614	11615
P3,2	11616	11617
P162,2	11618	11619
P185,2	11620	11621
P186,1	11622	11623
P187,2	11624	11625
P197,2	11626	11627
P198,2	11628	11629
P43,2	11630	11631
P188,1	11632	11633
P24,1	11634	11635
P125,1	11636	11637
P199,1	11638	11639
P69,1	11640	11641
P175,2	11642	11643
P200,1	11644	11645
P180,1	11646	11647
P189,1	11648	11649
P190,1	11650	11651
P137,1	11652	11653
P73,1	11654	11655
P103,1	11656	11657
P181,1	11658	11659
P143,2	11660	11661
P191,1	11662	11663
P184,2	11664	11665
P182,1	11666	11667
P146,1	11668	11669
P183,1	11670	11671
P51,2	11672	11673
P52,2	11674	11675
P193,1	11676	11677
P152,1	11678	11679
P155,1	11680	11681
P1,2	11682	11683
P115,1	11684	11685
P195,1	11686	11687
P92,2	11688	11689
P3,2	11690	11691
P162,2	11692	11693
P185,2	11694	11695
P186,1	11696	11697
P187,2	11698	11699
P197,2	11700	11701
P198,2	11702	11703
P43,2	11704	11705
P188,1	11706	11707
P24,1	11708	11709
P125,1	11710	11711
P199,1	11712	11713
P69,1	11714	11715
P175,2	11716	11717
P200,1	11718	11719
P180,1	11720	11721
P189,1	11722	11723
P190,1	11724	11725
P137,1	11726	11727
P73,1	11728	11729
P103,1	11730	11731
P181,1	11732	11733
P143,2	11734	11735
P191,1	11736	11737
P184,2	11738	11739
P182,1	11740	11741
P146,1	11742	11743
P183,1	11744	11745
P51,2	11746	11747
P52,2	11748	11749
P193,1	11750	11751
P152,1	11752	11753
P155,1	11754	11755
P1,2	11756	11757
P115,1	11758	11759
P195,1	11760	11760
P92,2	11761	11762
P3,2	11763	11764
P162,2	11765	11766
P185,2	11767	11768
P186,1	11769	11770
P187,2	11771	11772
P197,2	11773	11774
P198,2	11775	11776
P43,2	11777	11778
P188,1	11779	11780
P24,1	11781	11782
P125,1	11783	11784
P199,1	11785	11786
P69,1	11787	11788
P175,2	11789	11790
P200,1	11791	11792
P180,1	11793	11794
P189,1	11795	11796
P190,1	11797	11798
P137,1	11799	11800
P73,1	11801	11802
P103,1	11803	11804
P181,1	11805	11806
P143,2	11807	11808
P191,1	11809	11810
P184,2	11811	11812
P182,1	11813	11814
P146,1	11815	11816
P183,1	11817	11818
P51,2	11819	11820
P52,2	11821	11822
P193,1	11823	11824
P152,1	11825	11826
P155,1	11827	11828
P1,2	11829	11830
P115,1	11831	11832
P92,2	11833	11834
P3,2	11835	11836
P162,2	11837	11838
P185,2	11839	11840
P186,1	11841	11842
P187,2	11843	11844
P197,2	11845	11846
P198,2	11847	11848
P43,2	11849	11850
P188,1	11851	11852
P24,1	11853	11854
P125,1	11855	11856
P199,1	11857	11858
P69,1	11859	11860
P175,2	11861	11862
P200,1	11863	11864
P180,1	11865	11866
P189,1	11867	11868
P190,2	11869	11870
P137,1	11871	11872
P73,1	11873	11874
P103,1	11875	11876
P181,1	11877	11878
P143,2	11879	11880
P191,1	11881	11882
P184,2	11883	11884
P182,1	11885	11886
P146,1	11887	11888
P183,1	11889	11890
P51,2	11891	11892
P52,2	11893	11894
P193,1	11895	11896
P152,1	11897	11898
P155,1	11899	11900
P1,2	11901	11902
P115,1	11903	11904
P92,2	11905	11906
P3,2	11907	11908
P162,2	11909	11910
P185,2	11911	11912
P186,1	11913	11914
P187,2	11915	11916
P197,2	11917	11918
P198,2	11919	11920
P43,2	11921	11922
P188,1	11923	11924
P24,1	11925	11926
P125,1	11927	11928
P199,1	11929	11930
P69,1	11931	11932
P175,2	11933	11934
P200,1	11935	11936
P180,1	11937	11938
P189,1	11939	11940
P190,2	11941	11942
P137,1	11943	11944
P73,1	11945	11946
P103,1	11947	11948
P181,1	11949	11950
P143,2	11951	11952
P191,1	11953	11954
P184,2	11955	11956
P182,1	11957	11958
P146,1	11959	11960
P183,1	11961	11962
P51,2	11963	11964
P52,2	11965	11966
P193,1	11967	11968
P152,1	11969	11970
P155,1	11971	11972
P1,2	11973	11974
P115,1	11975	11976
P92,2	11977	11978
P3,2	11979	11980
P162,2	11981	11982
P185,2	11983	11984
P186,1	11985	11986
P187,2	11987	11988
P197,2	11989	11990
P198,2	11991	11992
P43,2	11993	11994
P188,1	11995	11996
P24,1	11997	11998
P125,1	11999	12000
P199,1	12001	12002
P69,1	12003	12004
P175,2	12005	12006
P200,1	12007	12008
P180,1	12009	12009
P189,1	12010	12011
P190,2	12012	12013
P137,1	12014	12015
P73,1	12016	12017
P103,1	12018	12019
P181,1	12020	12021
P143,2	12022	12023
P191,1	12024	12025
P184,2	12026	12027
P182,1	12028	12029
P146,1	12030	12031
P183,1	12032	12033
P51,2	12034	12035
P52,2	12036	12037
P193,1	12038	12039
P152,1	12040	12041
P155,1	12042	12043
P1,2	12044	12045
P115,1	12046	12047
P92,2	12048	12049
P3,2	12050	12051
P162,2	12052	12053
P185,2	12054	12055
P186,1	12056	12057
P187,2	12058	12059
P197,2	12060	12061
P198,2	12062	12063
P43,2	12064	12065
P188,1	12066	12067
P24,1	12068	12069
P180,2	12070	12071
P125,1	12072	12073
P199,1	12074	12075
P69,1	12076	12077
P175,2	12078	12079
P200,1	12080	12081
P189,1	12082	12083
P190,2	12084	12085
P137,1	12086	12087
P73,1	12088	12089
P103,1	12090	12091
P181,1	12092	12093
P143,2	12094	12095
P191,1	12096	12097
P184,2	12098	12099
P182,1	12100	12101
P146,1	12102	12103
P183,1	12104	12105
P51,2	12106	12107
P52,2	12108	12109
P193,1	12110	12111
P152,1	12112	12113
P155,1	12114	12115
P1,2	12116	12117
P115,1	12118	12119
P92,2	12120	12121
P3,2	12122	12123
P162,2	12124	12125
P185,2	12126	12127
P186,1	12128	12129
P187,2	12130	12131
P197,2	12132	12133
P198,2	12134	12135
P43,2	12136	12137
P188,1	12138	12139
P24,1	12140	12141
P180,2	12142	12143
P125,1	12144	12145
P199,1	12146	12147
P69,1	12148	12149
P175,2	12150	12151
P200,1	12152	12153
P189,1	12154	12155
P190,2	12156	12157
P137,1	12158	12159
P73,1	12160	12161
P103,1	12162	12163
P181,1	12164	12165
P143,2	12166	12167
P191,1	12168	12169
P184,2	12170	12171
P182,1	12172	12173
P146,1	12174	12175
P183,1	12176	12177
P51,2	12178	12179
P52,2	12180	12181
P193,1	12182	12183
P152,1	12184	12185
P155,1	12186	12187
P1,2	12188	12189
P115,1	12190	12190
P92,2	12191	12192
P3,2	12193	12194
P162,2	12195	12196
P185,2	12197	12198
P186,1	12199	12200
P187,2	12201	12202
P197,2	12203	12204
P198,2	12205	12206
P43,2	12207	12208
P188,1	12209	12210
P24,1	12211	12212
P180,2	12213	12214
P125,1	12215	12216
P199,1	12217	12218
P69,1	12219	12220
P175,2	12221	12222
P200,1	12223	12224
P189,1	12225	12226
P190,2	12227	12228
P137,1	12229	12230
P73,1	12231	12232
P103,1	12233	12234
P181,1	12235	12236
P143,2	12237	12238
P191,1	12239	12240
P184,2	12241	12242
P182,1	12243	12244
P146,1	12245	12246
P183,1	12247	12248
P51,2	12249	12250
P52,2	12251	12252
P193,1	12253	12254
P152,1	12255	12256
P155,1	12257	12258
P1,2	12259	12260
P92,2	12261	12262
P3,2	12263	12264
P162,2	12265	12266
P185,2	12267	12268
P186,1	12269	12270
P187,2	12271	12272
P197,2	12273	12274
P198,2	12275	12276
P43,2	12277	12278
P24,1	12279	12280
P180,2	12281	12282
P125,1	12283	12284
P199,1	12285	12286
P69,1	12287	12288
P175,2	12289	12290
P200,1	12291	12292
P189,1	12293	12294
P190,2	12295	12296
P137,1	12297	12298
P73,1	12299	12300
P103,1	12301	12302
P181,1	12303	12304
P143,2	12305	12306
P191,1	12307	12308
P184,2	12309	12310
P182,1	12311	12312
P146,1	12313	12314
P183,1	12315	12316
P51,2	12317	12318
P52,2	12319	12320
P193,1	12321	12322
P152,1	12323	12324
P155,1	12325	12326
P1,2	12327	12328
P92,2	12329	12330
P3,2	12331	12332
P162,2	12333	12334
P185,2	12335	12336
P186,1	12337	12338
P187,2	12339	12340
P197,2	12341	12342
P198,2	12343	12344
P43,2	12345	12346
P180,2	12347	12348
P24,2	12349	12350
P125,1	12351	12352
P199,1	12353	12354
P175,2	12355	12356
P200,1	12357	12358
P69,2	12359	12360
P190,2	12361	12362
P137,1	12363	12364
P73,1	12365	12366
P103,1	12367	12368
P181,1	12369	12370
P143,2	12371	12372
P191,1	12373	12374
P184,2	12375	12376
P182,1	12377	12378
P146,1	12379	12380
P183,1	12381	12382
P51,2	12383	12384
P52,2	12385	12386
P193,1	12387	12388
P152,1	12389	12390
P155,1	12391	12392
P1,2	12393	12394
P92,2	12395	12396
P3,2	12397	12398
P162,2	12399	12400
P185,2	12401	12402
P187,2	12403	12404
P197,2	12405	12406
P198,2	12407	12408
P43,2	12409	12410
P180,2	12411	12412
P24,2	12413	12414
P125,1	12415	12416
P199,1	12417	12418
P175,2	12419	12420
P200,1	12421	12422
P69,2	12423	12424
P190,2	12425	12426
P137,1	12427	12428
P73,1	12429	12430
P103,1	12431	12432
P181,1	12433	12434
P143,2	12435	12436
P191,1	12437	12438
P184,2	12439	12440
P182,1	12441	12441
P146,1	12442	12443
P183,1	12444	12445
P51,2	12446	12447
P52,2	12448	12449
P193,1	12450	12451
P152,1	12452	12453
P155,1	12454	12455
P1,2	12456	12457
P92,2	12458	12459
P3,2	12460	12461
P162,2	12462	12463
P185,2	12464	12465
P187,2	12466	12467
P197,2	12468	12468
P198,2	12469	12470
P43,2	12471	12472
P180,2	12473	12474
P24,2	12475	12476
P125,1	12477	12478
P199,1	12479	12480
P175,2	12481	12482
P200,1	12483	12484
P69,2	12485	12486
P190,2	12487	12488
P137,1	12489	12490
P73,1	12491	12492
P103,1	12493	12494
P181,1	12495	12496
P143,2	12497	12498
P191,1	12499	12500
P182,2	12501	12502
P146,1	12503	12504
P183,1	12505	12506
P51,2	12507	12508
P52,2	12509	12510
P193,1	12511	12512
P152,1	12513	12514
P155,1	12515	12516
P1,2	12517	12518
P92,2	12519	12520
P3,2	12521	12522
P162,2	12523	12524
P185,2	12525	12526
P187,2	12527	12528
P198,2	12529	12530
P43,2	12531	12532
P180,2	12533	12534
P24,2	12535	12536
P125,1	12537	12538
P199,1	12539	12540
P175,2	12541	12542
P200,1	12543	12544
P69,2	12545	12546
P190,2	12547	12548
P137,1	12549	12550
P73,1	12551	12552
P103,1	12553	12554
P181,1	12555	12556
P143,2	12557	12558
P191,1	12559	12560
P182,2	12561	12562
P146,1	12563	12564
P183,1	12565	12566
P51,2	12567	12568
P52,2	12569	12570
P193,1	12571	12572
P152,1	12573	12574
P155,1	12575	12576
P1,2	12577	12578
P92,2	12579	12580
P3,2	12581	12582
P162,2	12583	12584
P185,2	12585	12586
P187,2	12587	12588
P198,2	12589	12590
P43,2	12591	12592
P180,2	12593	12594
P24,2	12595	12596
P125,1	12597	12598
P199,1	12599	12600
P175,2	12601	12602
P200,1	12603	12604
P69,2	12605	12606
P190,2	12607	12608
P137,1	12609	12610
P73,1	12611	12612
P103,1	12613	12614
P181,1	12615	12616
P143,2	12617	12618
P191,1	12619	12620
P182,2	12621	12622
P146,1	12623	12624
P183,1	12625	12626
P51,2	12627	12628
P52,2	12629	12630
P193,1	12631	12632
P152,1	12633	12634
P155,1	12635	12636
P1,2	12637	12638
P92,2	12639	12640
P3,2	12641	12642
P162,2	12643	12644
P185,2	12645	12646
P187,2	12647	12648
P198,2	12649	12650
P43,2	12651	12652
P180,2	12653	12654
P24,2	12655	12656
P125,1	12657	12658
P199,1	12659	12660
P175,2	12661	12662
P200,1	12663	12664
P69,2	12665	12666
P190,2	12667	12668
P137,1	12669	12670
P73,1	12671	12672
P103,1	12673	12674
P181,1	12675	12676
P143,2	12677	12678
P191,1	12679	12680
P182,2	12681	12682
P146,1	12683	12684
P183,1	12685	12686
P51,2	12687	12688
P52,2	12689	12690
P193,1	12691	12692
P152,1	12693	12694
P155,1	12695	12696
P1,2	12697	12698
P92,2	12699	12700
P3,2	12701	12702
P162,2	12703	12704
P185,2	12705	12706
P187,2	12707	12708
P198,2	12709	12710
P43,2	12711	12712
P180,2	12713	12714
P24,2	12715	12716
P125,2	12717	12718
P199,1	12719	12720
P175,2	12721	12722
P200,1	12723	12724
P69,2	12725	12726
P190,2	12727	12728
P137,1	12729	12730
P73,1	12731	12732
P103,1	12733	12734
P181,1	12735	12736
P143,2	12737	12738
P191,1	12739	12740
P182,2	12741	12742
P146,1	12743	12744
P183,1	12745	12746
P51,2	12747	12748
P52,2	12749	12750
P193,1	12751	12752
P152,1	12753	12754
P155,1	12755	12756
P1,2	12757	12758
P92,2	12759	12760
P3,2	12761	12762
P162,2	12763	12764
P185,2	12765	12766
P187,2	12767	12768
P198,2	12769	12770
P43,2	12771	12772
P180,2	12773	12774
P24,2	12775	12776
P125,2	12777	12778
P199,1	12779	12780
P175,2	12781	12782
P200,1	12783	12784
P69,2	12785	12786
P190,2	12787	12788
P137,1	12789	12790
P73,1	12791	12792
P103,1	12793	12794
P181,1	12795	12796
P143,2	12797	12798
P191,1	12799	12800
P182,2	12801	12802
P146,1	12803	12804
P183,1	12805	12806
P51,2	12807	12808
P52,2	12809	12810
P193,1	12811	12812
P152,1	12813	12814
P155,1	12815	12816
P1,2	12817	12818
P92,2	12819	12820
P3,2	12821	12822
P162,2	12823	12824
P185,2	12825	12826
P187,2	12827	12828
P198,2	12829	12830
P43,2	12831	12832
P180,2	12833	12834
P24,2	12835	12836
P125,2	12837	12838
P199,1	12839	12840
P175,2	12841	12842
P200,1	12843	12844
P69,2	12845	12846
P190,2	12847	12848
P137,1	12849	12850
P73,1	12851	12852
P103,1	12853	12854
P181,1	12855	12856
P143,2	12857	12858
P191,1	12859	12860
P182,2	12861	12862
P146,1	12863	12864
P183,1	12865	12866
P51,2	12867	12868
P52,2	12869	12870
P193,1	12871	12872
P152,1	12873	12874
P155,1	12875	12876
P1,2	12877	12878
P92,2	12879	12880
P3,2	12881	12882
P162,2	12883	12884
P185,2	12885	12886
P187,2	12887	12888
P198,2	12889	12890
P43,2	12891	12892
P180,2	12893	12894
P24,2	12895	12896
P125,2	12897	12898
P199,1	12899	12900
P175,2	12901	12902
P200,1	12903	12904
P69,2	12905	12906
P190,2	12907	12908
P137,1	12909	12910
P73,1	12911	12912
P103,1	12913	12914
P181,1	12915	12916
P143,2	12917	12918
P191,1	12919	12920
P182,2	12921	12922
P146,1	12923	12924
P183,1	12925	12926
P51,2	12927	12928
P52,2	12929	12930
P193,1	12931	12932
P152,1	12933	12934
P155,1	12935	12936
P1,2	12937	12938
P92,2	12939	12940
P3,2	12941	12942
P162,2	12943	12944
P185,2	12945	12946
P187,2	12947	12948
P198,2	12949	12950
P43,2	12951	12952
P180,2	12953	12954
P24,2	12955	12956
P125,2	12957	12958
P199,1	12959	12960
P175,2	12961	12962
P200,1	12963	12964
P69,2	12965	12966
P190,2	12967	12968
P137,1	12969	12970
P103,1	12971	12972
P181,1	12973	12974
P143,2	12975	12976
P191,1	12977	12978
P182,2	12979	12980
P146,1	12981	12982
P183,1	12983	12984
P51,2	12985	12986
P52,2	12987	12988
P193,1	12989	12990
P152,1	12991	12992
P155,1	12993	12994
P1,2	12995	12996
P92,2	12997	12998
P3,2	12999	13000
P162,2	13001	13002
P185,2	13003	13004
P187,2	13005	13006
P198,2	13007	13008
P43,2	13009	13010
P180,2	13011	13012
P24,2	13013	13014
P125,2	13015	13016
P199,1	13017	13018
P175,2	13019	13020
P200,1	13021	13022
P69,2	13023	13024
P190,2	13025	13026
P137,1	13027	13028
P103,1	13029	13030
P181,1	13031	13032
P143,2	13033	13034
P191,1	13035	13036
P182,2	13037	13038
P146,1	13039	13040
P183,1	13041	13042
P51,2	13043	13044
P52,2	13045	13046
P193,1	13047	13048
P152,1	13049	13050
P155,1	13051	13052
P1,2	13053	13054
P92,2	13055	13056
P162,2	13057	13058
P185,2	13059	13060
P187,2	13061	13062
P198,2	13063	13064
P43,2	13065	13066
P180,2	13067	13068
P24,2	13069	13070
P125,2	13071	13072
P199,1	13073	13074
P175,2	13075	13076
P200,1	13077	13078
P69,2	13079	13080
P190,2	13081	13082
P137,1	13083	13084
P103,1	13085	13086
P181,1	13087	13088
P143,2	13089	13090
P191,1	13091	13092
P182,2	13093	13094
P146,1	13095	13096
P183,1	13097	13098
P51,2	13099	13100
P52,2	13101	13102
P193,1	13103	13104
P152,1	13105	13106
P155,1	13107	13108
P1,2	13109	13110
P92,2	13111	13112
P162,2	13113	13114
P185,2	13115	13116
P187,2	13117	13118
P198,2	13119	13120
P43,2	13121	13122
P180,2	13123	13124
P24,2	13125	13126
P125,2	13127	13128
P199,1	13129	13130
P175,2	13131	13132
P200,1	13133	13134
P69,2	13135	13136
P190,2	13137	13138
P137,1	13139	13140
P103,1	13141	13142
P181,1	13143	13144
P143,2	13145	13146
P191,1	13147	13148
P182,2	13149	13150
P146,1	13151	13151
P183,1	13152	13153
P51,2	13154	13155
P52,2	13156	13157
P193,1	13158	13159
P152,1	13160	13161
P155,1	13162	13163
P1,2	13164	13165
P92,2	13166	13167
P162,2	13168	13169
P185,2	13170	13171
P187,2	13172	13173
P198,2	13174	13175
P43,2	13176	13177
P180,2	13178	13179
P24,2	13180	13181
P125,2	13182	13183
P199,1	13184	13185
P175,2	13186	13187
P200,1	13188	13189
P69,2	13190	13191
P190,2	13192	13193
P137,1	13194	13195
P103,1	13196	13197
P181,1	13198	13199
P143,2	13200	13201
P191,1	13202	13203
P182,2	13204	13205
P183,1	13206	13207
P51,2	13208	13209
P52,2	13210	13211
P193,1	13212	13213
P152,1	13214	13215
P155,1	13216	13217
P1,2	13218	13218
P92,2	13219	13220
P162,2	13221	13222
P185,2	13223	13224
P187,2	13225	13226
P198,2	13227	13228
P43,2	13229	13230
P180,2	13231	13232
P24,2	13233	13234
P125,2	13235	13236
P199,1	13237	13238
P175,2	13239	13240
P200,1	13241	13242
P69,2	13243	13244
P190,2	13245	13246
P137,1	13247	13248
P103,1	13249	13250
P181,1	13251	13252
P143,2	13253	13254
P191,1	13255	13256
P182,2	13257	13258
P183,1	13259	13260
P51,2	13261	13262
P52,2	13263	13264
P152,1	13265	13266
P155,1	13267	13268
P193,2	13269	13270
P92,2	13271	13272
P162,2	13273	13273
P185,2	13274	13275
P187,2	13276	13277
P198,2	13278	13279
P43,2	13280	13281
P180,2	13282	13283
P24,2	13284	13285
P125,2	13286	13287
P199,1	13288	13289
P175,2	13290	13291
P200,1	13292	13293
P69,2	13294	13295
P190,2	13296	13297
P137,1	13298	13299
P103,1	13300	13301
P143,2	13302	13303
P191,1	13304	13305
P182,2	13306	13307
P183,1	13308	13309
P51,2	13310	13311
P52,2	13312	13313
P152,1	13314	13315
P155,1	13316	13317
P193,2	13318	13319
P92,2	13320	13321
P185,2	13322	13323
P187,2	13324	13325
P198,2	13326	13327
P43,2	13328	13329
P180,2	13330	13331
P24,2	13332	13333
P125,2	13334	13335
P199,1	13336	13337
P175,2	13338	13339
P200,1	13340	13341
P69,2	13342	13343
P190,2	13344	13345
P137,1	13346	13347
P143,2	13348	13349
P191,1	13350	13351
P103,2	13352	13353
P182,2	13354	13355
P183,1	13356	13357
P51,2	13358	13359
P52,2	13360	13361
P152,1	13362	13363
P155,1	13364	13365
P193,2	13366	13367
P92,2	13368	13369
P185,2	13370	13371
P187,2	13372	13373
P198,2	13374	13375
P43,2	13376	13377
P180,2	13378	13379
P24,2	13380	13381
P125,2	13382	13383
P199,1	13384	13385
P175,2	13386	13387
P200,1	13388	13388
P69,2	13389	13390
P190,2	13391	13392
P137,1	13393	13394
P143,2	13395	13396
P191,1	13397	13398
P103,2	13399	13400
P182,2	13401	13402
P183,1	13403	13404
P51,2	13405	13406
P52,2	13407	13408
P152,1	13409	13409
P155,1	13410	13411
P193,2	13412	13413
P92,2	13414	13415
P185,2	13416	13417
P187,2	13418	13419
P198,2	13420	13421
P43,2	13422	13423
P180,2	13424	13425
P200,2	13426	13427
P24,2	13428	13429
P125,2	13430	13431
P199,1	13432	13433
P175,2	13434	13435
P69,2	13436	13437
P190,2	13438	13439
P137,1	13440	13441
P143,2	13442	13443
P191,1	13444	13445
P152,2	13446	13447
P103,2	13448	13449
P182,2	13450	13451
P183,1	13452	13453
P51,2	13454	13455
P52,2	13456	13457
P155,1	13458	13458
P193,2	13459	13460
P92,2	13461	13462
P185,2	13463	13464
P187,2	13465	13466
P198,2	13467	13468
P43,2	13469	13470
P180,2	13471	13472
P200,2	13473	13474
P24,2	13475	13476
P125,2	13477	13478
P199,1	13479	13480
P175,2	13481	13482
P69,2	13483	13484
P190,2	13485	13486
P137,1	13487	13488
P143,2	13489	13490
P191,1	13491	13492
P152,2	13493	13494
P103,2	13495	13496
P182,2	13497	13498
P51,2	13499	13500
P52,2	13501	13502
P155,2	13503	13504
P193,2	13505	13506
P92,2	13507	13508
P185,2	13509	13510
P187,2	13511	13512
P198,2	13513	13514
P43,2	13515	13516
P180,2	13517	13518
P200,2	13519	13520
P24,2	13521	13522
P125,2	13523	13524
P175,2	13525	13526
P199,2	13527	13528
P69,2	13529	13530
P190,2	13531	13532
P137,2	13533	13534
P143,2	13535	13536
P152,2	13537	13538
P103,2	13539	13540
P191,2	13541	13542
P182,2	13543	13544
P51,2	13545	13546
P52,2	13547	13548
P155,2	13549	13550
P193,2	13551	13552
P92,2	13553	13554
P185,2	13555	13556
P187,2	13557	13558
P198,2	13559	13560
P43,2	13561	13562
P180,2	13563	13564
P200,2	13565	13566
P24,2	13567	13568
P125,2	13569	13570
P175,2	13571	13572
P199,2	13573	13574
P69,2	13575	13576
P190,2	13577	13578
P137,2	13579	13580
P143,2	13581	13582
P152,2	13583	13584
P103,2	13585	13586
P191,2	13587	13588
P182,2	13589	13590
P51,2	13591	13592
P52,2	13593	13594
P155,2	13595	13596
P193,2	13597	13598
P92,2	13599	13600
P185,2	13601	13602
P187,2	13603	13604
P198,2	13605	13606
P43,2	13607	13608
P180,2	13609	13610
P200,2	13611	13612
P24,2	13613	13614
P125,2	13615	13616
P175,2	13617	13618
P199,2	13619	13620
P69,2	13621	13622
P190,2	13623	13624
P137,2	13625	13626
P143,2	13627	13628
P152,2	13629	13630
P103,2	13631	13632
P191,2	13633	13634
P182,2	13635	13636
P51,2	13637	13638
P52,2	13639	13640
P155,2	13641	13642
P193,2	13643	13644
P92,2	13645	13646
P185,2	13647	13648
P187,2	13649	13650
P198,2	13651	13652
P43,2	13653	13654
P180,2	13655	13656
P200,2	13657	13658
P24,2	13659	13660
P125,2	13661	13662
P175,2	13663	13664
P199,2	13665	13666
P69,2	13667	13668
P190,2	13669	13670
P137,2	13671	13672
P143,2	13673	13674
P152,2	13675	13676
P103,2	13677	13678
P191,2	13679	13680
P182,2	13681	13682
P51,2	13683	13684
P52,2	13685	13686
P155,2	13687	13688
P193,2	13689	13690
P92,2	13691	13692
P185,2	13693	13694
P198,2	13695	13696
P43,2	13697	13698
P180,2	13699	13700
P200,2	13701	13702
P24,2	13703	13704
P125,2	13705	13706
P175,2	13707	13708
P199,2	13709	13710
P69,2	13711	13712
P190,2	13713	13713
P137,2	13714	13715
P143,2	13716	13717
P152,2	13718	13719
P103,2	13720	13721
P191,2	13722	13723
P182,2	13724	13725
P51,2	13726	13727
P52,2	13728	13729
P155,2	13730	13731
P193,2	13732	13733
P92,2	13734	13735
P185,2	13736	13737
P198,2	13738	13739
P43,2	13740	13741
P180,2	13742	13743
P200,2	13744	13745
P24,2	13746	13747
P125,2	13748	13749
P175,2	13750	13751
P199,2	13752	13753
P69,2	13754	13755
P137,2	13756	13757
P143,2	13758	13759
P152,2	13760	13761
P103,2	13762	13763
P191,2	13764	13765
P182,2	13766	13767
P51,2	13768	13769
P52,2	13770	13771
P155,2	13772	13773
P193,2	13774	13775
P92,2	13776	13777
P185,2	13778	13779
P198,2	13780	13781
P43,2	13782	13783
P180,2	13784	13785
P200,2	13786	13787
P24,2	13788	13789
P125,2	13790	13791
P175,2	13792	13793
P199,2	13794	13795
P69,2	13796	13797
P137,2	13798	13799
P143,2	13800	13801
P152,2	13802	13803
P103,2	13804	13805
P191,2	13806	13807
P182,2	13808	13809
P51,2	13810	13811
P52,2	13812	13813
P155,2	13814	13815
P193,2	13816	13817
P92,2	13818	13819
P185,2	13820	13821
P198,2	13822	13823
P43,2	13824	13825
P180,2	13826	13827
P200,2	13828	13829
P24,2	13830	13831
P125,2	13832	13833
P175,2	13834	13835
P199,2	13836	13837
P69,2	13838	13839
P137,2	13840	13841
P143,2	13842	13843
P152,2	13844	13845
P103,2	13846	13847
P191,2	13848	13849
P182,2	13850	13851
P51,2	13852	13853
P52,2	13854	13855
P155,2	13856	13857
P193,2	13858	13859
P92,2	13860	13861
P185,2	13862	13863
P198,2	13864	13865
P43,2	13866	13867
P180,2	13868	13869
P200,2	13870	13871
P24,2	13872	13873
P125,2	13874	13875
P175,2	13876	13877
P199,2	13878	13879
P69,2	13880	13881
P137,2	13882	13883
P143,2	13884	13885
P152,2	13886	13887
P103,2	13888	13889
P191,2	13890	13891
P182,2	13892	13893
P51,2	13894	13895
P52,2	13896	13897
P155,2	13898	13899
P193,2	13900	13901
P92,2	13902	13903
P185,2	13904	13905
P198,2	13906	13907
P43,2	13908	13909
P180,2	13910	13911
P200,2	13912	13913
P24,2	13914	13915
P125,2	13916	13917
P175,2	13918	13919
P199,2	13920	13921
P69,2	13922	13923
P137,2	13924	13925
P143,2	13926	13927
P152,2	13928	13929
P103,2	13930	13931
P191,2	13932	13933
P182,2	13934	13935
P51,2	13936	13937
P52,2	13938	13939
P155,2	13940	13941
P193,2	13942	13943
P92,2	13944	13945
P185,2	13946	13947
P198,2	13948	13949
P43,2	13950	13951
P180,2	13952	13953
P200,2	13954	13955
P24,2	13956	13957
P125,2	13958	13959
P175,2	13960	13961
P199,2	13962	13963
P69,2	13964	13965
P137,2	13966	13967
P143,2	13968	13969
P152,2	13970	13971
P103,2	13972	13973
P191,2	13974	13975
P182,2	13976	13977
P51,2	13978	13979
P52,2	13980	13981
P155,2	13982	13983
P193,2	13984	13985
P92,2	13986	13987
P185,2	13988	13989
P198,2	13990	13991
P43,2	13992	13993
P180,2	13994	13995
P200,2	13996	13997
P24,2	13998	13999
P125,2	14000	14001
P175,2	14002	14003
P199,2	14004	14005
P69,2	14006	14007
P137,2	14008	14009
P143,2	14010	14011
P152,2	14012	14013
P103,2	14014	14015
P191,2	14016	14017
P182,2	14018	14019
P51,2	14020	14021
P52,2	14022	14023
P155,2	14024	14025
P193,2	14026	14027
P92,2	14028	14029
P185,2	14030	14031
P198,2	14032	14033
P43,2	14034	14035
P180,2	14036	14037
P200,2	14038	14039
P24,2	14040	14041
P125,2	14042	14043
P175,2	14044	14045
P199,2	14046	14047
P69,2	14048	14049
P137,2	14050	14051
P143,2	14052	14053
P152,2	14054	14055
P103,2	14056	14057
P191,2	14058	14059
P182,2	14060	14061
P51,2	14062	14063
P52,2	14064	14065
P155,2	14066	14067
P193,2	14068	14069
P92,2	14070	14071
P198,2	14072	14073
P43,2	14074	14075
P180,2	14076	14077
P200,2	14078	14079
P24,2	14080	14081
P125,2	14082	14083
P175,2	14084	14085
P199,2	14086	14087
P69,2	14088	14089
P137,2	14090	14091
P143,2	14092	14093
P152,2	14094	14095
P103,2	14096	14097
P191,2	14098	14099
P182,2	14100	14101
P51,2	14102	14103
P52,2	14104	14104
P155,2	14105	14106
P193,2	14107	14108
P92,2	14109	14110
P198,2	14111	14112
P43,2	14113	14114
P180,2	14115	14116
P200,2	14117	14118
P24,2	14119	14120
P125,2	14121	14122
P175,2	14123	14124
P199,2	14125	14126
P69,2	14127	14128
P137,2	14129	14130
P143,2	14131	14132
P152,2	14133	14134
P103,2	14135	14136
P191,2	14137	14138
P182,2	14139	14140
P51,2	14141	14142
P155,2	14143	14144
P193,2	14145	14146
P92,2	14147	14148
P198,2	14149	14150
P43,2	14151	14152
P180,2	14153	14154
P200,2	14155	14156
P24,2	14157	14158
P125,2	14159	14160
P175,2	14161	14162
P199,2	14163	14164
P69,2	14165	14166
P137,2	14167	14168
P143,2	14169	14170
P152,2	14171	14172
P103,2	14173	14174
P191,2	14175	14176
P182,2	14177	14178
P51,2	14179	14180
P155,2	14181	14182
P193,2	14183	14184
P92,2	14185	14186
P198,2	14187	14188
P43,2	14189	14190
P180,2	14191	14192
P200,2	14193	14194
P24,2	14195	14196
P125,2	14197	14198
P175,2	14199	14200
P199,2	14201	14202
P69,2	14203	14204
P137,2	14205	14206
P143,2	14207	14208
P152,2	14209	14210
P103,2	14211	14212
P191,2	14213	14214
P182,2	14215	14216
P51,2	14217	14218
P155,2	14219	14220
P193,2	14221	14222
P92,2	14223	14224
P198,2	14225	14226
P43,2	14227	14228
P180,2	14229	14230
P200,2	14231	14232
P24,2	14233	14234
P125,2	14235	14236
P175,2	14237	14238
P199,2	14239	14240
P69,2	14241	14242
P137,2	14243	14244
P143,2	14245	14246
P152,2	14247	14248
P103,2	14249	14250
P191,2	14251	14252
P182,2	14253	14254
P51,2	14255	14256
P155,2	14257	14258
P193,2	14259	14260
P92,2	14261	14262
P198,2	14263	14264
P43,2	14265	14266
P180,2	14267	14268
P200,2	14269	14270
P24,2	14271	14272
P125,2	14273	14274
P175,2	14275	14276
P199,2	14277	14278
P69,2	14279	14280
P137,2	14281	14282
P143,2	14283	14284
P152,2	14285	14286
P103,2	14287	14288
P191,2	14289	14290
P182,2	14291	14292
P51,2	14293	14294
P155,2	14295	14296
P193,2	14297	14298
P92,2	14299	14300
P198,2	14301	14302
P43,2	14303	14304
P180,2	14305	14306
P200,2	14307	14308
P24,2	14309	14310
P125,2	14311	14312
P175,2	14313	14314
P199,2	14315	14316
P69,2	14317	14318
P137,2	14319	14320
P143,2	14321	14322
P152,2	14323	14324
P103,2	14325	14326
P191,2	14327	14328
P182,2	14329	14330
P51,2	14331	14332
P155,2	14333	14334
P193,2	14335	14336
P92,2	14337	14338
P198,2	14339	14340
P43,2	14341	14342
P180,2	14343	14344
P200,2	14345	14346
P24,2	14347	14348
P125,2	14349	14350
P175,2	14351	14352
P199,2	14353	14354
P69,2	14355	14356
P137,2	14357	14358
P143,2	14359	14360
P152,2	14361	14362
P103,2	14363	14364
P191,2	14365	14366
P182,2	14367	14368
P155,2	14369	14370
P193,2	14371	14372
P92,2	14373	14374
P198,2	14375	14376
P43,2	14377	14378
P180,2	14379	14380
P200,2	14381	14382
P24,2	14383	14384
P125,2	14385	14386
P175,2	14387	14388
P199,2	14389	14390
P69,2	14391	14392
P137,2	14393	14394
P143,2	14395	14396
P152,2	14397	14398
P103,2	14399	14400
P191,2	14401	14402
P182,2	14403	14404
P155,2	14405	14406
P193,2	14407	14408
P92,2	14409	14410
P198,2	14411	14412
P43,2	14413	14414
P180,2	14415	14416
P200,2	14417	14418
P24,2	14419	14420
P125,2	14421	14422
P175,2	14423	14424
P199,2	14425	14426
P69,2	14427	14428
P137,2	14429	14430
P143,2	14431	14432
P152,2	14433	14434
P103,2	14435	14436
P191,2	14437	14438
P182,2	14439	14440
P155,2	14441	14442
P193,2	14443	14444
P92,2	14445	14446
P198,2	14447	14448
P43,2	14449	14450
P180,2	14451	14452
P200,2	14453	14454
P24,2	14455	14456
P125,2	14457	14458
P175,2	14459	14460
P199,2	14461	14462
P69,2	14463	14464
P137,2	14465	14466
P143,2	14467	14468
P152,2	14469	14470
P103,2	14471	14472
P191,2	14473	14474
P182,2	14475	14476
P155,2	14477	14478
P193,2	14479	14480
P92,2	14481	14482
P198,2	14483	14484
P43,2	14485	14486
P180,2	14487	14488
P200,2	14489	14490
P24,2	14491	14492
P125,2	14493	14494
P175,2	14495	14496
P199,2	14497	14498
P69,2	14499	14500
P137,2	14501	14502
P143,2	14503	14504
P152,2	14505	14506
P103,2	14507	14508
P191,2	14509	14510
P182,2	14511	14512
P155,2	14513	14514
P193,2	14515	14516
P92,2	14517	14518
P198,2	14519	14520
P43,2	14521	14522
P180,2	14523	14524
P200,2	14525	14526
P24,2	14527	14528
P125,2	14529	14530
P175,2	14531	14532
P199,2	14533	14534
P69,2	14535	14536
P137,2	14537	14538
P143,2	14539	14540
P152,2	14541	14542
P103,2	14543	14544
P191,2	14545	14546
P182,2	14547	14548
P155,2	14549	14550
P193,2	14551	14552
P92,2	14553	14554
P198,2	14555	14556
P43,2	14557	14558
P180,2	14559	14560
P200,2	14561	14562
P24,2	14563	14564
P125,2	14565	14566
P175,2	14567	14568
P199,2	14569	14570
P69,2	14571	14572
P137,2	14573	14574
P143,2	14575	14576
P152,2	14577	14578
P103,2	14579	14580
P191,2	14581	14582
P182,2	14583	14584
P155,2	14585	14586
P193,2	14587	14587
P92,2	14588	14589
P198,2	14590	14591
P43,2	14592	14593
P180,2	14594	14595
P200,2	14596	14597
P24,2	14598	14599
P125,2	14600	14601
P175,2	14602	14602
P199,2	14603	14604
P69,2	14605	14606
P137,2	14607	14608
P143,2	14609	14610
P152,2	14611	14612
P103,2	14613	14614
P191,2	14615	14616
P182,2	14617	14618
P155,2	14619	14620
P92,2	14621	14622
P198,2	14623	14624
P43,2	14625	14626
P180,2	14627	14628
P200,2	14629	14630
P24,2	14631	14632
P125,2	14633	14634
P199,2	14635	14636
P69,2	14637	14638
P137,2	14639	14640
P143,2	14641	14642
P152,2	14643	14644
P103,2	14645	14646
P191,2	14647	14648
P182,2	14649	14650
P155,2	14651	14652
P92,2	14653	14654
P198,2	14655	14656
P43,2	14657	14658
P180,2	14659	14660
P200,2	14661	14662
P24,2	14663	14664
P125,2	14665	14666
P199,2	14667	14668
P69,2	14669	14670
P137,2	14671	14672
P143,2	14673	14674
P152,2	14675	14676
P103,2	14677	14678
P191,2	14679	14680
P182,2	14681	14682
P155,2	14683	14684
P92,2	14685	14686
P198,2	14687	14688
P43,2	14689	14690
P180,2	14691	14692
P200,2	14693	14694
P24,2	14695	14696
P125,2	14697	14698
P199,2	14699	14700
P69,2	14701	14702
P137,2	14703	14704
P143,2	14705	14706
P152,2	14707	14708
P103,2	14709	14710
P191,2	14711	14712
P182,2	14713	14714
P155,2	14715	14716
P92,2	14717	14718
P198,2	14719	14720
P43,2	14721	14722
P180,2	14723	14724
P200,2	14725	14726
P24,2	14727	14728
P125,2	14729	14730
P199,2	14731	14732
P69,2	14733	14734
P137,2	14735	14736
P143,2	14737	14738
P152,2	14739	14739
P103,2	14740	14741
P191,2	14742	14743
P182,2	14744	14745
P155,2	14746	14747
P92,2	14748	14749
P198,2	14750	14751
P43,2	14752	14753
P180,2	14754	14755
P200,2	14756	14757
P24,2	14758	14759
P125,2	14760	14761
P199,2	14762	14763
P69,2	14764	14765
P137,2	14766	14767
P143,2	14768	14769
P103,2	14770	14771
P191,2	14772	14773
P182,2	14774	14775
P155,2	14776	14777
P92,2	14778	14779
P43,2	14780	14781
P180,2	14782	14783
P200,2	14784	14785
P24,2	14786	14787
P125,2	14788	14789
P199,2	14790	14791
P69,2	14792	14793
P137,2	14794	14795
P143,2	14796	14797
P103,2	14798	14799
P191,2	14800	14801
P182,2	14802	14803
P155,2	14804	14805
P92,2	14806	14807
P43,2	14808	14809
P180,2	14810	14811
P200,2	14812	14813
P24,2	14814	14815
P125,2	14816	14817
P199,2	14818	14819
P69,2	14820	14821
P137,2	14822	14823
P143,2	14824	14825
P103,2	14826	14827
P191,2	14828	14829
P182,2	14830	14831
P155,2	14832	14833
P92,2	14834	14835
P43,2	14836	14837
P180,2	14838	14839
P200,2	14840	14841
P24,2	14842	14843
P125,2	14844	14845
P199,2	14846	14847
P69,2	14848	14849
P137,2	14850	14851
P103,2	14852	14853
P191,2	14854	14855
P182,2	14856	14857
P155,2	14858	14859
P92,2	14860	14860
P43,2	14861	14862
P180,2	14863	14864
P200,2	14865	14866
P24,2	14867	14868
P125,2	14869	14870
P199,2	14871	14872
P69,2	14873	14874
P137,2	14875	14876
P103,2	14877	14878
P191,2	14879	14880
P182,2	14881	14882
P155,2	14883	14884
P43,2	14885	14886
P180,2	14887	14888
P200,2	14889	14890
P24,2	14891	14892
P125,2	14893	14894
P199,2	14895	14896
P69,2	14897	14898
P137,2	14899	14900
P103,2	14901	14902
P191,2	14903	14904
P182,2	14905	14906
P155,2	14907	14908
P43,2	14909	14910
P180,2	14911	14912
P200,2	14913	14914
P24,2	14915	14916
P125,2	14917	14918
P199,2	14919	14920
P69,2	14921	14922
P137,2	14923	14924
P103,2	14925	14926
P191,2	14927	14928
P182,2	14929	14930
P155,2	14931	14932
P43,2	14933	14934
P180,2	14935	14936
P200,2	14937	14938
P24,2	14939	14940
P125,2	14941	14942
P199,2	14943	14944
P69,2	14945	14946
P137,2	14947	14948
P103,2	14949	14950
P191,2	14951	14952
P182,2	14953	14954
P155,2	14955	14956
P43,2	14957	14958
P180,2	14959	14960
P200,2	14961	14962
P24,2	14963	14964
P125,2	14965	14966
P199,2	14967	14968
P69,2	14969	14970
P137,2	14971	14972
P103,2	14973	14974
P191,2	14975	14976
P155,2	14977	14978
P43,2	14979	14979
P180,2	14980	14981
P200,2	14982	14983
P24,2	14984	14985
P125,2	14986	14987
P199,2	14988	14989
P69,2	14990	14991
P137,2	14992	14993
P103,2	14994	14995
P191,2	14996	14997
P155,2	14998	14999
P180,2	15000	15001
P200,2	15002	15003
P24,2	15004	15005
P125,2	15006	15007
P199,2	15008	15009
P69,2	15010	15011
P137,2	15012	15013
P103,2	15014	15015
P191,2	15016	15017
P155,2	15018	15019
P180,2	15020	15021
P200,2	15022	15023
P24,2	15024	15025
P125,2	15026	15027
P199,2	15028	15029
P69,2	15030	15031
P137,2	15032	15033
P103,2	15034	15035
P191,2	15036	15037
P155,2	15038	15039
P180,2	15040	15041
P200,2	15042	15043
P24,2	15044	15045
P125,2	15046	15047
P199,2	15048	15049
P69,2	15050	15051
P137,2	15052	15053
P103,2	15054	15055
P191,2	15056	15057
P155,2	15058	15059
P200,2	15060	15061
P24,2	15062	15063
P125,2	15064	15065
P199,2	15066	15067
P69,2	15068	15069
P137,2	15070	15071
P103,2	15072	15073
P191,2	15074	15075
P155,2	15076	15077
P200,2	15078	15079
P24,2	15080	15081
P125,2	15082	15083
P199,2	15084	15085
P69,2	15086	15087
P137,2	15088	15089
P103,2	15090	15091
P191,2	15092	15093
P155,2	15094	15095
P200,2	15096	15097
P24,2	15098	15099
P125,2	15100	15101
P199,2	15102	15103
P69,2	15104	15105
P137,2	15106	15107
P103,2	15108	15109
P191,2	15110	15111
P155,2	15112	15113
P200,2	15114	15115
P24,2	15116	15117
P125,2	15118	15119
P199,2	15120	15121
P69,2	15122	15123
P137,2	15124	15125
P103,2	15126	15127
P191,2	15128	15129
P155,2	15130	15131
P200,2	15132	15133
P24,2	15134	15135
P125,2	15136	15137
P199,2	15138	15139
P69,2	15140	15141
P137,2	15142	15143
P103,2	15144	15145
P191,2	15146	15147
P155,2	15148	15149
P200,2	15150	15151
P24,2	15152	15153
P125,2	15154	15155
P199,2	15156	15157
P69,2	15158	15159
P137,2	15160	15161
P103,2	15162	15163
P191,2	15164	15165
P155,2	15166	15167
P200,2	15168	15169
P24,2	15170	15171
P125,2	15172	15173
P199,2	15174	15175
P69,2	15176	15177
P137,2	15178	15179
P103,2	15180	15181
P191,2	15182	15183
P155,2	15184	15185
P200,2	15186	15187
P24,2	15188	15189
P125,2	15190	15191
P199,2	15192	15193
P69,2	15194	15195
P103,2	15196	15197
P191,2	15198	15199
P155,2	15200	15201
P200,2	15202	15203
P24,2	15204	15205
P125,2	15206	15207
P199,2	15208	15209
P69,2	15210	15211
P103,2	15212	15212
P191,2	15213	15214
P155,2	15215	15216
P200,2	15217	15217
P24,2	15218	15219
P125,2	15220	15221
P199,2	15222	15223
P69,2	15224	15225
P191,2	15226	15227
P155,2	15228	15229
P24,2	15230	15231
P125,2	15232	15233
P199,2	15234	15235
P69,2	15236	15236
P191,2	15237	15238
P155,2	15239	15240
P24,2	15241	15242
P125,2	15243	15243
P199,2	15244	15245
P191,2	15246	15247
P155,2	15248	15249
P24,2	15250	15251
P199,2	15252	15253
P191,2	15254	15255
P155,2	15256	15257
P24,2	15258	15259
P199,2	15260	15261
P191,2	15262	15263
P155,2	15264	15265
P199,2	15266	15267
P191,2	15268	15269
P155,2	15270	15271
P199,2	15272	15273
P191,2	15274	15275
P155,2	15276	15277
P199,2	15278	15279
P191,2	15280	15281
P155,2	15282	15283
P199,2	15284	15285
P191,2	15286	15287
P155,2	15288	15289
P199,2	15290	15291
P191,2	15292	15293
P155,2	15294	15295
P199,2	15296	15297
P191,2	15298	15299
P155,2	15300	15301
P199,2	15302	15303
P191,2	15304	15305
P155,2	15306	15307
P199,2	15308	15309
P155,2	15310	15311
P199,2	15312	15313
P155,2	15314	15315
P199,2	15316	15317
P155,2	15318	15319
P199,2	15320	15321
P155,2	15322	15323
P199,2	15324	15325
P155,2	15326	15327
P199,2	15328	15329
P155,2	15330	15331
P199,2	15332	15333
P155,2	15334	15335
P199,2	15336	15337
P155,2	15338	15339
P199,2	15340	15341
P155,2	15342	15343
P199,2	15344	15345
P155,2	15346	15347
P199,2	15348	15349
P155,2	15350	15351
P199,2	15352	15353
P155,2	15354	15355
P199,2	15356	15357
P155,2	15358	15359
P199,2	15360	15361
P155,2	15362	15385
