CPU0
P1,1	2	3
P2,1	4	4
P1,1	5	8
P3,1	9	12
P4,1	13	13
P1,1	14	15
P3,1	16	17
P5,1	18	21
P1,1	22	23
P6,1	24	25
P7,1	26	27
P8,1	28	29
P7,1	30	30
P2,2	31	32
P9,1	33	34
P8,1	35	36
P9,1	37	38
P3,1	39	40
P10,1	41	42
P4,2	43	46
P1,1	47	48
P7,2	49	49
P11,1	50	51
P12,1	52	53
P11,1	54	55
P12,1	56	56
P9,1	57	58
P2,3	59	59
P3,1	60	61
P13,1	62	63
P14,1	64	65
P15,1	66	67
P16,1	68	69
P6,2	70	70
P13,1	71	72
P17,1	73	74
P7,3	75	75
P14,1	76	76
P15,1	77	78
P16,1	79	80
P18,1	81	82
P19,1	83	84
P20,1	85	86
P21,1	87	88
P12,2	89	90
P10,2	91	92
P22,1	93	94
P18,1	95	95
P19,1	96	97
P6,3	98	99
P20,1	100	101
P23,1	102	103
P24,1	104	105
P21,1	106	107
P22,1	108	108
P2,4	109	110
P25,1	111	112
P14,2	113	114
P26,1	115	115
P27,1	116	117
P17,2	118	119
P23,1	120	121
P28,1	122	123
P7,4	124	125
P24,1	126	127
P29,1	128	129
P25,1	130	131
P27,1	132	133
P30,1	134	134
P18,2	135	136
P26,2	137	138
P28,1	139	140
P29,1	141	142
P31,1	143	144
P32,1	145	146
P33,1	147	148
P26,2	149	150
P34,1	151	152
P31,1	153	153
P22,2	154	155
P32,1	156	157
P33,1	158	159
P5,2	160	161
P35,1	162	165
P4,2	166	166
P36,1	167	170
P37,1	171	172
P30,2	173	174
P38,1	175	176
P39,1	177	178
P40,1	179	180
P37,1	181	182
P30,2	183	184
P41,1	185	186
P38,1	187	188
P39,1	189	190
P34,2	191	192
P42,1	193	194
P43,1	195	196
P41,1	197	198
P44,1	199	199
P45,1	200	201
P31,2	202	203
P42,1	204	205
P46,1	206	206
P43,1	207	208
P47,1	209	210
P45,1	211	212
P48,1	213	214
P47,1	215	216
P49,1	217	218
P50,1	219	220
P40,2	221	222
P48,1	223	224
P51,1	225	226
P52,1	227	228
P53,1	229	230
P54,1	231	232
P49,1	233	234
P50,1	235	236
P44,2	237	238
P51,1	239	240
P55,1	241	242
P56,1	243	243
P57,1	244	245
P46,2	246	246
P58,1	247	248
P59,1	249	250
P60,1	251	252
P61,1	253	253
P52,1	254	255
P53,1	256	257
P54,1	258	259
P44,2	260	261
P62,1	262	263
P56,2	264	265
P63,1	266	267
P46,3	268	269
P64,1	270	271
P55,1	272	273
P65,1	274	275
P66,1	276	277
P67,1	278	278
P68,1	279	280
P69,1	281	282
P70,1	283	284
P71,1	285	286
P61,2	287	288
P72,1	289	290
P57,1	291	291
P58,1	292	292
P73,1	293	294
P74,1	295	296
P75,1	297	297
P76,1	298	299
P59,1	300	300
P77,1	301	301
P60,1	302	303
P62,1	304	305
P56,2	306	307
P78,1	308	309
P67,2	310	310
P63,1	311	312
P64,1	313	314
P65,1	315	315
P66,1	316	317
P79,1	318	318
P77,2	319	319
P68,1	320	321
P80,1	322	323
P75,2	324	324
P81,1	325	326
P69,1	327	328
P70,1	329	329
P71,1	330	331
P82,1	332	333
P83,1	334	335
P84,1	336	337
P61,2	338	339
P85,1	340	341
P46,4	342	343
P72,1	344	345
P73,1	346	347
P74,1	348	348
P76,1	349	349
P86,1	350	351
P67,3	352	352
P58,2	353	354
P78,1	355	355
P57,2	356	357
P87,1	358	358
P77,3	359	360
P79,2	361	362
P75,3	363	364
P88,1	365	365
P80,1	366	367
P81,1	368	369
P89,1	370	371
P59,2	372	373
P90,1	374	375
P91,1	376	377
P92,1	378	379
P93,1	380	381
P94,1	382	383
P87,2	384	385
P67,4	386	387
P95,1	388	389
P65,2	390	391
P82,1	392	392
P83,1	393	394
P88,2	395	396
P96,1	397	398
P84,1	399	399
P85,1	400	401
P70,2	402	403
P86,1	404	405
P97,1	406	407
P77,3	408	409
P79,2	410	411
P74,2	412	412
P75,3	413	413
P98,1	414	415
P89,1	416	416
P90,1	417	417
P76,2	418	419
P91,1	420	421
P92,1	422	423
P99,1	424	425
P100,1	426	427
P101,1	428	428
P102,1	429	430
P94,1	431	431
P87,2	432	432
P67,4	433	433
P78,2	434	435
P103,1	436	437
P96,1	438	439
P104,1	440	441
P105,1	442	443
P82,2	444	445
P106,1	446	447
P93,2	448	449
P88,3	450	451
P98,1	452	452
P95,2	453	454
P107,1	455	456
P84,2	457	458
P99,1	459	460
P100,1	461	462
P108,1	463	464
P109,1	465	466
P102,1	467	468
P101,2	469	469
P97,2	470	471
P110,1	472	472
P75,4	473	474
P103,1	475	476
P111,1	477	478
P104,1	479	480
P112,1	481	481
P105,1	482	483
P89,2	484	485
P106,1	486	487
P113,1	488	488
P114,1	489	490
P115,1	491	492
P74,3	493	494
P107,1	495	496
P116,1	497	498
P117,1	499	500
P118,1	501	502
P101,3	503	504
P110,2	505	506
P90,2	507	507
P119,1	508	509
P94,2	510	511
P108,1	512	513
P109,1	514	514
P87,3	515	516
P67,5	517	518
P120,1	519	520
P113,2	521	522
P112,2	523	524
P121,1	525	526
P98,2	527	528
P114,1	529	530
P115,1	531	532
P116,1	533	534
P122,1	535	536
P117,1	537	537
P111,2	538	539
P123,1	540	541
P118,1	542	543
P110,2	544	544
P119,1	545	546
P101,4	547	548
P120,1	549	549
P124,1	550	551
P125,1	552	553
P126,1	554	555
P127,1	556	557
P113,2	558	559
P112,2	560	560
P128,1	561	562
P122,1	563	564
P90,3	565	566
P109,2	567	568
P123,1	569	570
P129,1	571	572
P130,1	573	574
P131,1	575	576
P132,1	577	578
P133,1	579	580
P134,1	581	581
P121,2	582	583
P135,1	584	585
P136,1	586	587
P137,1	588	589
P138,1	590	591
P139,1	592	593
P124,1	594	595
P140,1	596	597
P125,1	598	599
P127,1	600	601
P128,1	602	603
P117,2	604	605
P141,1	606	606
P132,1	607	608
P133,1	609	610
P110,3	611	612
P142,1	613	614
P143,1	615	616
P144,1	617	618
P134,2	619	620
P120,2	621	622
P135,1	623	624
P145,1	625	626
P146,1	627	628
P147,1	629	630
P126,2	631	632
P136,1	633	634
P148,1	635	635
P137,1	636	637
P138,1	638	639
P141,2	640	640
P149,1	641	642
P129,2	643	644
P139,1	645	645
P112,3	646	647
P140,1	648	649
P150,1	650	650
P131,2	651	652
P130,2	653	654
P151,1	655	655
P142,1	656	657
P148,2	658	659
P141,3	660	660
P152,1	661	662
P153,1	663	663
P154,1	664	665
P143,1	666	667
P155,1	668	669
P150,2	670	671
P156,1	672	673
P144,1	674	675
P134,2	676	677
P145,1	678	679
P157,1	680	681
P141,4	682	683
P146,1	684	685
P147,1	686	687
P158,1	688	689
P151,2	690	691
P149,1	692	693
P159,1	694	695
P160,1	696	696
P161,1	697	697
P148,2	698	699
P153,2	700	700
P152,1	701	702
P162,1	703	704
P154,1	705	705
P163,1	706	707
P155,1	708	709
P150,2	710	710
P139,2	711	712
P164,1	713	714
P156,1	715	716
P157,1	717	718
P151,2	719	720
P165,1	721	721
P161,2	722	723
P162,1	724	725
P163,1	726	727
P153,3	728	729
P166,1	730	731
P160,2	732	733
P164,1	734	735
P167,1	736	737
P165,2	738	739
P141,5	740	740
P154,2	741	742
P159,2	743	744
P168,1	745	746
P169,1	747	748
P170,1	749	749
P171,1	750	751
P161,2	752	753
P172,1	754	755
P158,2	756	757
P153,3	758	758
P166,1	759	760
P160,2	761	762
P173,1	763	764
P167,1	765	765
P150,3	766	767
P165,2	768	768
P174,1	769	770
P168,1	771	772
P175,1	773	774
P176,1	775	776
P172,1	777	778
P141,6	779	780
P173,1	781	782
P169,2	783	784
P177,1	785	786
P170,2	787	788
P174,1	789	790
P178,1	791	792
P179,1	793	794
P180,1	795	796
P171,2	797	797
P175,1	798	799
P176,1	800	801
P153,4	802	803
P167,2	804	805
P177,1	806	807
P178,1	808	809
P179,1	810	811
P180,1	812	813
P165,3	814	815
P171,3	816	817
P1,1	818	819
P170,3	820	821
P11,1	822	822
P3,1	823	824
P8,2	825	825
P15,1	826	827
P16,1	828	829
P9,2	830	831
P12,2	832	832
P10,2	833	833
P6,3	834	835
P20,1	836	836
P21,1	837	837
P13,2	838	838
P2,4	839	840
P14,2	841	842
P7,4	843	844
P24,1	845	846
P19,2	847	847
P27,1	848	849
P181,1	850	853
P28,1	854	855
P17,3	856	857
P25,2	858	859
P22,2	860	861
P32,1	862	863
P23,2	864	865
P33,1	866	867
P5,2	868	869
P26,3	870	871
P35,1	872	872
P29,2	873	874
P18,3	875	876
P30,2	877	878
P182,1	879	882
P36,2	883	883
P38,1	884	885
P39,1	886	887
P183,1	888	891
P34,2	892	893
P4,3	894	895
P43,1	896	897
P45,1	898	899
P47,1	900	900
P37,2	901	902
P40,2	903	903
P48,1	904	905
P184,1	906	909
P41,2	910	911
P42,2	912	913
P49,1	914	915
P50,1	916	917
P51,1	918	919
P31,3	920	920
P52,1	921	922
P54,1	923	923
P44,2	924	925
P55,1	926	927
P53,2	928	929
P60,1	930	930
P62,1	931	931
P63,1	932	933
P64,1	934	934
P66,1	935	935
P56,3	936	937
P69,1	938	939
P71,1	940	940
P68,2	941	942
P61,2	943	943
P46,4	944	944
P72,1	945	945
P73,1	946	947
P58,2	948	949
P57,2	950	950
P80,1	951	951
P81,1	952	953
P59,2	954	955
P65,2	956	956
P83,1	957	958
P86,1	959	959
P77,3	960	961
P79,2	962	963
P76,2	964	965
P185,1	966	969
P91,1	970	971
P92,1	972	973
P85,2	974	975
P70,3	976	977
P96,1	978	979
P82,2	980	981
P93,2	982	983
P88,3	984	985
P95,2	986	987
P84,2	988	989
P99,1	990	991
P100,1	992	992
P78,3	993	994
P102,1	995	996
P75,4	997	998
P103,1	999	1000
P104,1	1001	1002
P105,1	1003	1004
P89,2	1005	1006
P74,3	1007	1008
P107,1	1009	1009
P97,3	1010	1010
P94,2	1011	1012
P108,1	1013	1013
P67,5	1014	1015
P106,2	1016	1017
P114,1	1018	1019
P186,1	1020	1023
P87,4	1024	1025
P115,1	1026	1027
P116,1	1028	1029
P98,3	1030	1031
P101,4	1032	1033
P113,2	1034	1034
P187,1	1035	1038
P111,3	1039	1040
P119,2	1041	1042
P122,1	1043	1044
P90,3	1045	1046
P123,1	1047	1047
P118,2	1048	1049
P121,2	1050	1051
P124,1	1052	1052
P125,1	1053	1054
P128,1	1055	1055
P109,3	1056	1057
P188,1	1058	1061
P117,2	1062	1063
P132,1	1064	1064
P110,3	1065	1066
P120,2	1067	1068
P127,2	1069	1070
P136,1	1071	1072
P133,2	1073	1073
P137,1	1074	1075
P138,1	1076	1076
P129,2	1077	1078
P112,3	1079	1080
P140,1	1081	1081
P135,2	1082	1083
P126,3	1084	1085
P131,2	1086	1087
P130,2	1088	1089
P142,1	1090	1091
P143,1	1092	1093
P145,1	1094	1094
P146,1	1095	1096
P147,1	1097	1097
P149,1	1098	1098
P144,2	1099	1100
P148,2	1101	1102
P152,1	1103	1104
P134,3	1105	1106
P189,1	1107	1110
P155,1	1111	1112
P139,2	1113	1114
P157,1	1115	1115
P151,2	1116	1116
P162,1	1117	1118
P156,2	1119	1120
P154,2	1121	1122
P159,2	1123	1124
P164,2	1125	1126
P161,2	1127	1128
P190,1	1129	1132
P158,2	1133	1134
P163,2	1135	1135
P166,1	1136	1136
P150,3	1137	1138
P168,1	1139	1140
P172,1	1141	1142
P141,6	1143	1144
P173,1	1145	1146
P169,2	1147	1147
P174,1	1148	1149
P160,3	1150	1151
P175,1	1152	1153
P176,1	1154	1155
P153,4	1156	1156
P167,2	1157	1158
P177,1	1159	1159
P178,1	1160	1161
P179,1	1162	1163
P180,1	1164	1165
P165,3	1166	1167
P171,3	1168	1169
P1,1	1170	1171
P170,3	1172	1173
P3,1	1174	1175
P15,1	1176	1177
P9,2	1178	1178
P6,3	1179	1179
P2,4	1180	1180
P14,2	1181	1181
P16,2	1182	1183
P191,1	1184	1185
P192,1	1186	1187
P191,1	1188	1189
P192,1	1190	1191
P24,1	1192	1193
P27,1	1194	1195
P181,1	1196	1197
P20,2	1198	1199
P17,3	1200	1201
P8,3	1202	1203
P25,2	1204	1204
P11,2	1205	1206
P10,3	1207	1208
P21,2	1209	1210
P22,2	1211	1211
P32,1	1212	1213
P12,3	1214	1215
P19,3	1216	1216
P23,2	1217	1218
P33,1	1219	1220
P193,1	1221	1224
P7,5	1225	1226
P26,3	1227	1228
P28,2	1229	1230
P29,2	1231	1232
P13,3	1233	1234
P18,3	1235	1235
P182,1	1236	1237
P38,1	1238	1239
P5,3	1240	1241
P183,1	1242	1243
P4,3	1244	1244
P194,1	1245	1248
P43,1	1249	1250
P35,2	1251	1252
P37,2	1253	1254
P36,3	1255	1256
P30,3	1257	1258
P39,2	1259	1260
P184,1	1261	1262
P41,2	1263	1263
P42,2	1264	1265
P51,1	1266	1267
P47,2	1268	1269
P52,1	1270	1271
P34,3	1272	1273
P40,3	1274	1275
P53,2	1276	1277
P45,2	1278	1278
P63,1	1279	1280
P56,3	1281	1281
P69,1	1282	1283
P50,2	1284	1285
P195,1	1286	1289
P68,2	1290	1291
P48,2	1292	1293
P54,2	1294	1295
P60,2	1296	1297
P73,1	1298	1299
P55,2	1300	1301
P58,2	1302	1303
P62,2	1304	1305
P81,1	1306	1307
P31,4	1308	1309
P49,2	1310	1310
P44,3	1311	1312
P83,1	1313	1314
P66,2	1315	1316
P57,3	1317	1318
P185,1	1319	1320
P64,2	1321	1322
P61,3	1323	1324
P92,1	1325	1326
P80,2	1327	1328
P71,2	1329	1330
P85,2	1331	1332
P72,2	1333	1333
P59,3	1334	1335
P70,3	1336	1337
P46,5	1338	1339
P86,2	1340	1341
P196,1	1342	1345
P77,4	1346	1347
P65,3	1348	1349
P88,3	1350	1351
P79,3	1352	1353
P197,1	1354	1357
P95,2	1358	1358
P84,2	1359	1360
P76,3	1361	1362
P91,2	1363	1364
P78,3	1365	1366
P75,4	1367	1367
P103,1	1368	1369
P105,1	1370	1371
P89,2	1372	1372
P96,2	1373	1374
P100,2	1375	1376
P74,3	1377	1377
P93,3	1378	1379
P94,2	1380	1381
P82,3	1382	1383
P104,2	1384	1384
P106,2	1385	1386
P186,1	1387	1388
P87,4	1389	1390
P198,1	1391	1394
P97,4	1395	1395
P115,1	1396	1397
P99,2	1398	1399
P98,3	1400	1401
P101,4	1402	1402
P102,2	1403	1404
P187,1	1405	1406
P108,2	1407	1408
P111,3	1409	1410
P119,2	1411	1412
P90,3	1413	1413
P107,2	1414	1415
P199,1	1416	1419
P113,3	1420	1421
P125,1	1422	1423
P114,2	1424	1425
P109,3	1426	1426
P188,1	1427	1428
P118,3	1429	1430
P116,2	1431	1432
P122,2	1433	1434
P128,2	1435	1436
P200,1	1437	1440
P137,1	1441	1442
P121,3	1443	1444
P129,2	1445	1446
P117,3	1447	1448
P112,3	1449	1449
P124,2	1450	1451
P123,2	1452	1452
P135,2	1453	1454
P126,3	1455	1456
P136,2	1457	1458
P131,2	1459	1459
P130,2	1460	1460
P132,2	1461	1462
P143,1	1463	1464
P146,1	1465	1466
P120,3	1467	1468
P127,3	1469	1470
P140,2	1471	1472
P144,2	1473	1474
P110,4	1475	1475
P152,1	1476	1477
P134,3	1478	1479
P133,3	1480	1481
P189,1	1482	1483
P155,1	1484	1485
P138,2	1486	1487
P142,2	1488	1489
P162,1	1490	1491
P149,2	1492	1493
P148,3	1494	1495
P156,2	1496	1496
P145,2	1497	1498
P154,2	1499	1500
P159,2	1501	1501
P157,2	1502	1502
P190,1	1503	1504
P158,2	1505	1506
P147,2	1507	1508
P168,1	1509	1510
P141,6	1511	1511
P139,3	1512	1513
P164,3	1514	1515
P160,3	1516	1516
P151,3	1517	1517
P175,1	1518	1519
P163,3	1520	1520
P161,3	1521	1522
P172,2	1523	1524
P180,1	1525	1526
P165,3	1527	1527
P171,3	1528	1528
P150,4	1529	1530
P153,5	1531	1532
P1,1	1533	1534
P166,2	1535	1536
P173,2	1537	1538
P170,3	1539	1540
P3,1	1541	1542
P169,3	1543	1544
P176,2	1545	1546
P15,1	1547	1548
P174,2	1549	1550
P179,2	1551	1552
P177,2	1553	1554
P16,2	1555	1556
P178,2	1557	1558
P167,3	1559	1560
P191,1	1561	1562
P192,1	1563	1564
P24,1	1565	1566
P27,1	1567	1568
P14,3	1569	1570
P181,1	1571	1572
P20,2	1573	1573
P17,3	1574	1574
P8,3	1575	1576
P11,2	1577	1577
P10,3	1578	1579
P2,5	1580	1581
P6,4	1582	1583
P32,1	1584	1585
P12,3	1586	1587
P9,3	1588	1589
P23,2	1590	1591
P33,1	1592	1593
P193,1	1594	1595
P7,5	1596	1597
P28,2	1598	1598
P29,2	1599	1600
P13,3	1601	1601
P182,1	1602	1603
P22,3	1604	1605
P38,1	1606	1607
P21,3	1608	1608
P5,3	1609	1610
P183,1	1611	1612
P25,3	1613	1614
P19,4	1615	1616
P194,1	1617	1618
P43,1	1619	1620
P35,2	1621	1622
P37,2	1623	1623
P18,4	1624	1625
P36,3	1626	1627
P39,2	1628	1628
P184,1	1629	1630
P4,4	1631	1632
P26,4	1633	1634
P42,2	1635	1635
P51,1	1636	1637
P47,2	1638	1638
P52,1	1639	1640
P34,3	1641	1642
P40,3	1643	1644
P53,2	1645	1646
P63,1	1647	1648
P69,1	1649	1650
P50,2	1651	1652
P195,1	1653	1654
P54,2	1655	1656
P60,2	1657	1658
P30,4	1659	1660
P73,1	1661	1662
P41,3	1663	1664
P55,2	1665	1666
P45,3	1667	1668
P62,2	1669	1670
P68,3	1671	1672
P81,1	1673	1674
P31,4	1675	1676
P44,3	1677	1678
P56,4	1679	1680
P83,1	1681	1682
P66,2	1683	1684
P57,3	1685	1686
P185,1	1687	1688
P58,3	1689	1690
P64,2	1691	1692
P61,3	1693	1694
P92,1	1695	1696
P48,3	1697	1698
P71,2	1699	1700
P49,3	1701	1702
P85,2	1703	1703
P59,3	1704	1705
P70,3	1706	1707
P46,5	1708	1709
P86,2	1710	1711
P80,3	1712	1713
P196,1	1714	1715
P77,4	1716	1717
P79,3	1718	1719
P197,1	1720	1721
P76,3	1722	1723
P91,2	1724	1725
P72,3	1726	1727
P103,1	1728	1729
P105,1	1730	1731
P95,3	1732	1733
P96,2	1734	1734
P100,2	1735	1736
P93,3	1737	1737
P82,3	1738	1739
P88,4	1740	1741
P75,5	1742	1743
P106,2	1744	1745
P65,4	1746	1746
P186,1	1747	1748
P87,4	1749	1749
P74,4	1750	1751
P198,1	1752	1753
P78,4	1754	1754
P115,1	1755	1756
P89,3	1757	1758
P99,2	1759	1760
P84,3	1761	1762
P98,3	1763	1764
P102,2	1765	1766
P187,1	1767	1768
P94,3	1769	1770
P108,2	1771	1771
P111,3	1772	1773
P119,2	1774	1774
P107,2	1775	1775
P199,1	1776	1777
P104,3	1778	1779
P125,1	1780	1781
P114,2	1782	1783
P97,5	1784	1785
P188,1	1786	1787
P101,5	1788	1789
P118,3	1790	1791
P116,2	1792	1792
P122,2	1793	1794
P128,2	1795	1795
P90,4	1796	1797
P200,1	1798	1799
P137,1	1800	1801
P121,3	1802	1803
P117,3	1804	1805
P113,4	1806	1807
P124,2	1808	1809
P135,2	1810	1811
P126,3	1812	1812
P136,2	1813	1814
P109,4	1815	1816
P132,2	1817	1818
P143,1	1819	1820
P146,1	1821	1822
P120,3	1823	1824
P127,3	1825	1826
P140,2	1827	1828
P112,4	1829	1830
P144,2	1831	1831
P152,1	1832	1833
P123,3	1834	1835
P133,3	1836	1837
P129,3	1838	1838
P189,1	1839	1840
P155,1	1841	1842
P138,2	1843	1844
P142,2	1845	1846
P131,3	1847	1848
P162,1	1849	1850
P148,3	1851	1852
P130,3	1853	1854
P145,2	1855	1855
P190,1	1856	1857
P110,5	1858	1859
P147,2	1860	1860
P168,1	1861	1862
P139,3	1863	1864
P164,3	1865	1866
P156,3	1867	1868
P134,4	1869	1869
P149,3	1870	1871
P175,1	1872	1873
P159,3	1874	1875
P172,2	1876	1877
P154,3	1878	1879
P180,1	1880	1881
P157,3	1882	1883
P150,4	1884	1885
P153,5	1886	1887
P158,3	1888	1889
P1,1	1890	1891
P166,2	1892	1892
P173,2	1893	1894
P151,4	1895	1896
P3,1	1897	1898
P176,2	1899	1900
P15,1	1901	1902
P141,7	1903	1903
P171,4	1904	1905
P174,2	1906	1907
P161,4	1908	1909
P179,2	1910	1910
P163,4	1911	1912
P177,2	1913	1914
P160,4	1915	1916
P167,3	1917	1917
P170,4	1918	1918
P191,1	1919	1920
P192,1	1921	1922
P165,4	1923	1923
P169,4	1924	1925
P24,1	1926	1927
P27,1	1928	1929
P14,3	1930	1931
P181,1	1932	1933
P10,3	1934	1935
P178,3	1936	1937
P2,5	1938	1939
P6,4	1940	1940
P32,1	1941	1942
P12,3	1943	1943
P9,3	1944	1945
P16,3	1946	1947
P33,1	1948	1949
P8,4	1950	1951
P193,1	1952	1953
P7,5	1954	1954
P20,3	1955	1955
P182,1	1956	1957
P22,3	1958	1958
P17,4	1959	1960
P38,1	1961	1962
P11,3	1963	1964
P5,3	1965	1966
P23,3	1967	1968
P183,1	1969	1970
P25,3	1971	1971
P19,4	1972	1973
P13,4	1974	1975
P194,1	1976	1977
P28,3	1978	1979
P43,1	1980	1981
P35,2	1982	1983
P18,4	1984	1985
P184,1	1986	1987
P21,4	1988	1989
P4,4	1990	1990
P29,3	1991	1992
P26,4	1993	1993
P51,1	1994	1995
P52,1	1996	1997
P63,1	1998	1999
P69,1	2000	2001
P39,3	2002	2003
P195,1	2004	2005
P37,3	2006	2007
P54,2	2008	2008
P42,3	2009	2010
P47,3	2011	2011
P60,2	2012	2013
P36,4	2014	2014
P30,4	2015	2015
P73,1	2016	2017
P34,4	2018	2018
P41,3	2019	2020
P55,2	2021	2021
P45,3	2022	2023
P53,3	2024	2025
P62,2	2026	2026
P68,3	2027	2028
P81,1	2029	2030
P31,4	2031	2032
P44,3	2033	2033
P40,4	2034	2035
P50,3	2036	2037
P56,4	2038	2039
P83,1	2040	2041
P57,3	2042	2043
P185,1	2044	2045
P61,3	2046	2047
P92,1	2048	2049
P48,3	2050	2051
P71,2	2052	2053
P49,3	2054	2055
P66,3	2056	2057
P59,3	2058	2058
P46,5	2059	2059
P86,2	2060	2060
P80,3	2061	2062
P64,3	2063	2064
P196,1	2065	2066
P77,4	2067	2067
P79,3	2068	2068
P197,1	2069	2070
P58,4	2071	2072
P72,3	2073	2074
P103,1	2075	2076
P105,1	2077	2078
P95,3	2079	2080
P85,3	2081	2082
P82,3	2083	2083
P70,4	2084	2085
P75,5	2086	2087
P91,3	2088	2089
P186,1	2090	2091
P76,4	2092	2093
P198,1	2094	2095
P115,1	2096	2097
P93,4	2098	2099
P89,3	2100	2101
P99,2	2102	2102
P84,3	2103	2103
P96,3	2104	2105
P102,2	2106	2107
P74,5	2108	2108
P187,1	2109	2110
P88,5	2111	2111
P94,3	2112	2113
P87,5	2114	2115
P78,5	2116	2117
P106,3	2118	2119
P100,3	2120	2121
P65,5	2122	2123
P199,1	2124	2125
P104,3	2126	2127
P125,1	2128	2129
P114,2	2130	2131
P98,4	2132	2133
P97,5	2134	2134
P108,3	2135	2135
P188,1	2136	2137
P111,4	2138	2139
P101,5	2140	2141
P118,3	2142	2143
P122,2	2144	2145
P90,4	2146	2147
P200,1	2148	2149
P137,1	2150	2151
P119,3	2152	2153
P121,3	2154	2155
P113,4	2156	2157
P124,2	2158	2159
P107,3	2160	2160
P136,2	2161	2161
P116,3	2162	2163
P128,3	2164	2165
P109,4	2166	2167
P143,1	2168	2169
P146,1	2170	2171
P117,4	2172	2173
P127,3	2174	2174
P112,4	2175	2176
P126,4	2177	2178
P152,1	2179	2180
P135,3	2181	2181
P123,3	2182	2182
P133,3	2183	2184
P189,1	2185	2186
P155,1	2187	2188
P138,2	2189	2190
P132,3	2191	2192
P120,4	2193	2194
P131,3	2195	2196
P162,1	2197	2198
P130,3	2199	2200
P140,3	2201	2202
P144,3	2203	2204
P190,1	2205	2206
P168,1	2207	2208
P156,3	2209	2210
P129,4	2211	2212
P149,3	2213	2214
P148,4	2215	2216
P175,1	2217	2218
P142,3	2219	2220
P172,2	2221	2222
P180,1	2223	2224
P147,3	2225	2225
P145,3	2226	2227
P150,4	2228	2228
P110,6	2229	2230
P153,5	2231	2232
P158,3	2233	2234
P139,4	2235	2236
P1,1	2237	2238
P164,4	2239	2239
P159,4	2240	2241
P151,4	2242	2243
P3,1	2244	2245
P176,2	2246	2246
P134,5	2247	2248
P15,1	2249	2250
P171,4	2251	2251
P174,2	2252	2253
P154,4	2254	2255
P166,3	2256	2256
P161,4	2257	2258
P163,4	2259	2260
P177,2	2261	2261
P191,1	2262	2263
P157,4	2264	2265
P192,1	2266	2267
P169,4	2268	2269
P24,1	2270	2271
P27,1	2272	2273
P173,3	2274	2275
P179,3	2276	2277
P160,5	2278	2279
P181,1	2280	2281
P141,8	2282	2282
P2,5	2283	2283
P32,1	2284	2285
P9,3	2286	2286
P170,5	2287	2288
P16,3	2289	2290
P167,4	2291	2291
P33,1	2292	2293
P8,4	2294	2295
P193,1	2296	2297
P6,5	2298	2299
P182,1	2300	2301
P165,5	2302	2303
P17,4	2304	2304
P38,1	2305	2306
P11,3	2307	2308
P23,3	2309	2310
P183,1	2311	2312
P14,4	2313	2314
P10,4	2315	2316
P12,4	2317	2318
P178,4	2319	2320
P22,4	2321	2322
P19,4	2323	2323
P13,4	2324	2325
P194,1	2326	2327
P43,1	2328	2329
P20,4	2330	2331
P7,6	2332	2333
P18,4	2334	2334
P184,1	2335	2336
P5,4	2337	2338
P29,3	2339	2339
P25,4	2340	2341
P28,4	2342	2342
P51,1	2343	2344
P52,1	2345	2346
P63,1	2347	2348
P69,1	2349	2350
P195,1	2351	2352
P37,3	2353	2353
P21,5	2354	2354
P42,3	2355	2356
P35,3	2357	2358
P73,1	2359	2360
P41,3	2361	2361
P45,3	2362	2362
P53,3	2363	2364
P4,5	2365	2366
P26,5	2367	2368
P60,3	2369	2370
P68,3	2371	2371
P36,5	2372	2372
P81,1	2373	2374
P47,4	2375	2376
P40,4	2377	2378
P54,3	2379	2380
P50,3	2381	2382
P39,4	2383	2384
P56,4	2385	2386
P83,1	2387	2388
P185,1	2389	2390
P34,5	2391	2392
P30,5	2393	2394
P55,3	2395	2396
P92,1	2397	2398
P48,3	2399	2399
P49,3	2400	2401
P44,4	2402	2403
P66,3	2404	2404
P57,4	2405	2405
P62,3	2406	2406
P80,3	2407	2408
P64,3	2409	2410
P196,1	2411	2412
P31,5	2413	2414
P197,1	2415	2416
P58,4	2417	2418
P71,3	2419	2420
P72,3	2421	2422
P103,1	2423	2424
P105,1	2425	2426
P95,3	2427	2428
P85,3	2429	2429
P61,4	2430	2431
P70,4	2432	2433
P86,3	2434	2435
P75,5	2436	2436
P91,3	2437	2438
P77,5	2439	2439
P186,1	2440	2441
P76,4	2442	2443
P79,4	2444	2445
P46,6	2446	2447
P198,1	2448	2449
P59,4	2450	2451
P115,1	2452	2453
P93,4	2454	2455
P89,3	2456	2456
P82,4	2457	2457
P96,3	2458	2459
P187,1	2460	2461
P94,3	2462	2462
P87,5	2463	2464
P78,5	2465	2466
P106,3	2467	2467
P100,3	2468	2468
P102,3	2469	2469
P199,1	2470	2471
P104,3	2472	2473
P99,3	2474	2475
P125,1	2476	2477
P98,4	2478	2479
P188,1	2480	2481
P65,6	2482	2483
P111,4	2484	2485
P84,4	2486	2487
P101,5	2488	2488
P90,4	2489	2490
P200,1	2491	2492
P137,1	2493	2494
P113,4	2495	2495
P108,4	2496	2496
P97,6	2497	2498
P122,3	2499	2500
P109,4	2501	2502
P114,3	2503	2504
P143,1	2505	2506
P118,4	2507	2508
P146,1	2509	2510
P117,4	2511	2512
P136,3	2513	2514
P107,4	2515	2515
P126,4	2516	2517
P119,4	2518	2519
P121,4	2520	2520
P152,1	2521	2522
P116,4	2523	2524
P189,1	2525	2526
P124,3	2527	2528
P155,1	2529	2530
P132,3	2531	2532
P120,4	2533	2534
P127,4	2535	2536
P112,5	2537	2538
P162,1	2539	2540
P135,4	2541	2542
P130,3	2543	2544
P128,4	2545	2545
P140,3	2546	2547
P133,4	2548	2549
P144,3	2550	2551
P190,1	2552	2553
P168,1	2554	2555
P156,3	2556	2557
P123,4	2558	2558
P129,4	2559	2560
P149,3	2561	2562
P148,4	2563	2564
P175,1	2565	2566
P131,4	2567	2568
P180,1	2569	2570
P145,3	2571	2571
P138,3	2572	2573
P110,6	2574	2575
P158,3	2576	2576
P139,4	2577	2578
P172,3	2579	2580
P1,1	2581	2582
P159,4	2583	2583
P147,4	2584	2585
P151,4	2586	2587
P142,4	2588	2588
P3,1	2589	2590
P134,5	2591	2592
P15,1	2593	2594
P154,4	2595	2596
P161,4	2597	2598
P163,4	2599	2600
P150,5	2601	2601
P164,5	2602	2602
P191,1	2603	2604
P157,4	2605	2606
P192,1	2607	2608
P153,6	2609	2609
P169,4	2610	2611
P24,1	2612	2613
P174,3	2614	2614
P27,1	2615	2616
P166,4	2617	2618
P179,3	2619	2620
P160,5	2621	2622
P181,1	2623	2624
P176,3	2625	2626
P171,5	2627	2628
P32,1	2629	2630
P177,3	2631	2632
P170,5	2633	2634
P33,1	2635	2636
P8,4	2637	2637
P193,1	2638	2639
P2,6	2640	2641
P173,4	2642	2643
P182,1	2644	2645
P165,5	2646	2647
P38,1	2648	2649
P11,3	2650	2651
P141,9	2652	2652
P23,3	2653	2654
P183,1	2655	2656
P14,4	2657	2657
P16,4	2658	2659
P12,4	2660	2660
P9,4	2661	2662
P22,4	2663	2664
P13,4	2665	2666
P167,5	2667	2668
P6,6	2669	2670
P194,1	2671	2672
P43,1	2673	2674
P17,5	2675	2676
P184,1	2677	2678
P5,4	2679	2680
P25,4	2681	2682
P19,5	2683	2684
P51,1	2685	2686
P52,1	2687	2688
P178,5	2689	2690
P63,1	2691	2692
P18,5	2693	2694
P69,1	2695	2696
P20,5	2697	2698
P7,7	2699	2700
P195,1	2701	2702
P10,5	2703	2704
P42,3	2705	2706
P35,3	2707	2708
P73,1	2709	2710
P29,4	2711	2712
P53,3	2713	2713
P4,5	2714	2715
P28,5	2716	2717
P26,5	2718	2719
P60,3	2720	2720
P37,4	2721	2722
P81,1	2723	2724
P47,4	2725	2726
P40,4	2727	2727
P54,3	2728	2729
P50,3	2730	2730
P39,4	2731	2732
P68,4	2733	2733
P36,6	2734	2735
P83,1	2736	2737
P185,1	2738	2739
P41,4	2740	2740
P45,4	2741	2742
P30,5	2743	2744
P92,1	2745	2746
P44,4	2747	2748
P34,6	2749	2750
P196,1	2751	2752
P31,5	2753	2754
P197,1	2755	2756
P58,4	2757	2758
P49,4	2759	2759
P48,4	2760	2761
P103,1	2762	2763
P56,5	2764	2765
P105,1	2766	2767
P80,4	2768	2769
P61,4	2770	2770
P55,4	2771	2772
P57,5	2773	2774
P86,3	2775	2775
P91,3	2776	2776
P62,4	2777	2778
P72,4	2779	2780
P186,1	2781	2782
P66,4	2783	2783
P95,4	2784	2785
P76,4	2786	2786
P64,4	2787	2788
P79,4	2789	2790
P46,6	2791	2792
P198,1	2793	2794
P71,4	2795	2796
P59,4	2797	2798
P115,1	2799	2800
P93,4	2801	2802
P70,5	2803	2804
P187,1	2805	2806
P85,4	2807	2807
P87,5	2808	2808
P75,6	2809	2809
P78,5	2810	2811
P199,1	2812	2813
P77,6	2814	2815
P99,3	2816	2816
P125,1	2817	2818
P96,4	2819	2820
P188,1	2821	2822
P65,6	2823	2823
P111,4	2824	2824
P89,4	2825	2826
P94,4	2827	2828
P84,4	2829	2830
P106,4	2831	2832
P82,5	2833	2833
P200,1	2834	2835
P137,1	2836	2837
P104,4	2838	2839
P97,6	2840	2841
P122,3	2842	2843
P100,4	2844	2845
P114,3	2846	2847
P102,4	2848	2849
P143,1	2850	2851
P118,4	2852	2853
P90,5	2854	2855
P101,6	2856	2857
P146,1	2858	2859
P113,5	2860	2861
P117,4	2862	2862
P136,3	2863	2863
P98,5	2864	2865
P108,5	2866	2867
P109,5	2868	2869
P119,4	2870	2871
P152,1	2872	2873
P116,4	2874	2875
P189,1	2876	2877
P124,3	2878	2879
P155,1	2880	2881
P132,3	2882	2882
P107,5	2883	2884
P127,4	2885	2886
P112,5	2887	2887
P162,1	2888	2889
P135,4	2890	2891
P121,5	2892	2893
P126,5	2894	2895
P133,4	2896	2897
P144,3	2898	2898
P190,1	2899	2900
P168,1	2901	2902
P148,4	2903	2904
P175,1	2905	2906
P131,4	2907	2908
P180,1	2909	2910
P120,5	2911	2912
P156,4	2913	2913
P138,3	2914	2915
P130,4	2916	2917
P128,5	2918	2919
P110,6	2920	2921
P139,4	2922	2922
P140,4	2923	2923
P1,1	2924	2925
P123,5	2926	2927
P3,1	2928	2929
P149,4	2930	2931
P145,4	2932	2933
P134,5	2934	2934
P15,1	2935	2936
P129,5	2937	2938
P158,4	2939	2940
P159,5	2941	2942
P191,1	2943	2944
P157,4	2945	2945
P147,5	2946	2947
P192,1	2948	2949
P24,1	2950	2951
P172,4	2952	2953
P161,5	2954	2955
P151,5	2956	2957
P27,1	2958	2959
P166,4	2960	2960
P160,5	2961	2962
P142,5	2963	2964
P181,1	2965	2966
P176,3	2967	2968
P154,5	2969	2970
P171,5	2971	2972
P32,1	2973	2974
P177,3	2975	2976
P153,7	2977	2978
P33,1	2979	2980
P150,6	2981	2982
P174,4	2983	2984
P163,5	2985	2986
P179,4	2987	2988
P193,1	2989	2990
P164,6	2991	2992
P2,6	2993	2994
P182,1	2995	2996
P169,5	2997	2998
P165,5	2999	2999
P38,1	3000	3001
P183,1	3002	3003
P8,5	3004	3005
P16,4	3006	3007
P6,6	3008	3008
P170,6	3009	3010
P11,4	3011	3012
P194,1	3013	3014
P43,1	3015	3016
P141,10	3017	3018
P23,4	3019	3020
P17,5	3021	3022
P184,1	3023	3024
P173,5	3025	3026
P14,5	3027	3028
P167,6	3029	3030
P19,5	3031	3032
P12,5	3033	3034
P51,1	3035	3036
P52,1	3037	3038
P178,5	3039	3039
P22,5	3040	3041
P63,1	3042	3043
P18,5	3044	3045
P9,5	3046	3046
P69,1	3047	3048
P20,5	3049	3049
P13,5	3050	3051
P7,7	3052	3053
P195,1	3054	3055
P10,5	3056	3057
P25,5	3058	3058
P35,3	3059	3060
P73,1	3061	3062
P29,4	3063	3064
P5,5	3065	3066
P26,5	3067	3068
P42,4	3069	3070
P37,4	3071	3071
P81,1	3072	3073
P47,4	3074	3074
P39,4	3075	3075
P36,6	3076	3077
P83,1	3078	3079
P185,1	3080	3081
P53,4	3082	3083
P4,6	3084	3085
P30,5	3086	3086
P92,1	3087	3088
P34,6	3089	3090
P60,4	3091	3092
P54,4	3093	3094
P196,1	3095	3096
P197,1	3097	3098
P28,6	3099	3100
P68,5	3101	3102
P103,1	3103	3104
P40,5	3105	3106
P56,5	3107	3108
P50,4	3109	3110
P105,1	3111	3112
P80,4	3113	3114
P45,5	3115	3116
P55,4	3117	3117
P57,5	3118	3118
P44,5	3119	3120
P41,5	3121	3122
P58,5	3123	3124
P31,6	3125	3125
P186,1	3126	3127
P95,4	3128	3129
P64,4	3130	3131
P49,5	3132	3132
P48,5	3133	3134
P79,4	3135	3135
P91,4	3136	3136
P198,1	3137	3138
P59,4	3139	3140
P115,1	3141	3142
P70,5	3143	3143
P187,1	3144	3145
P61,5	3146	3147
P86,4	3148	3149
P66,5	3150	3151
P199,1	3152	3153
P62,5	3154	3155
P72,5	3156	3157
P46,7	3158	3159
P125,1	3160	3161
P96,4	3162	3163
P71,5	3164	3165
P188,1	3166	3167
P76,5	3168	3169
P75,7	3170	3171
P87,6	3172	3172
P99,4	3173	3174
P200,1	3175	3176
P137,1	3177	3178
P93,5	3179	3180
P104,4	3181	3182
P77,7	3183	3184
P85,5	3185	3186
P122,3	3187	3188
P78,6	3189	3189
P114,3	3190	3191
P82,6	3192	3193
P94,5	3194	3194
P143,1	3195	3196
P89,5	3197	3198
P106,5	3199	3200
P118,4	3201	3202
P65,7	3203	3204
P90,5	3205	3206
P101,6	3207	3208
P111,5	3209	3210
P146,1	3211	3212
P113,5	3213	3214
P84,5	3215	3216
P98,5	3217	3218
P108,5	3219	3219
P109,5	3220	3221
P119,4	3222	3222
P152,1	3223	3224
P97,7	3225	3226
P116,4	3227	3227
P189,1	3228	3229
P155,1	3230	3231
P100,5	3232	3233
P102,5	3234	3235
P162,1	3236	3237
P135,4	3238	3238
P121,5	3239	3240
P126,5	3241	3242
P133,4	3243	3244
P117,5	3245	3245
P124,4	3246	3246
P190,1	3247	3248
P136,4	3249	3250
P168,1	3251	3252
P127,5	3253	3254
P175,1	3255	3256
P131,4	3257	3257
P180,1	3258	3259
P112,6	3260	3261
P138,3	3262	3262
P130,4	3263	3264
P132,4	3265	3266
P128,5	3267	3268
P107,6	3269	3270
P1,1	3271	3272
P123,5	3273	3274
P156,5	3275	3276
P3,1	3277	3278
P148,5	3279	3280
P144,4	3281	3282
P149,4	3283	3284
P145,4	3285	3286
P120,6	3287	3288
P15,1	3289	3290
P129,5	3291	3291
P158,4	3292	3293
P159,5	3294	3295
P191,1	3296	3297
P147,5	3298	3298
P110,7	3299	3300
P192,1	3301	3302
P24,1	3303	3304
P172,4	3305	3306
P161,5	3307	3308
P151,5	3309	3310
P27,1	3311	3312
P140,5	3313	3313
P139,5	3314	3315
P134,6	3316	3317
P142,5	3318	3318
P181,1	3319	3320
P176,3	3321	3322
P171,5	3323	3323
P32,1	3324	3325
P177,3	3326	3326
P153,7	3327	3327
P157,5	3328	3329
P33,1	3330	3331
P150,6	3332	3333
P174,4	3334	3335
P163,5	3336	3337
P179,4	3338	3339
P160,6	3340	3341
P193,1	3342	3343
P166,5	3344	3345
P164,6	3346	3347
P182,1	3348	3349
P169,5	3350	3351
P38,1	3352	3353
P183,1	3354	3355
P8,5	3356	3357
P16,4	3358	3359
P170,6	3360	3361
P11,4	3362	3362
P194,1	3363	3364
P43,1	3365	3366
P141,10	3367	3368
P23,4	3369	3369
P184,1	3370	3371
P165,6	3372	3373
P173,5	3374	3375
P14,5	3376	3377
P2,7	3378	3378
P167,6	3379	3379
P19,5	3380	3381
P12,5	3382	3382
P51,1	3383	3384
P52,1	3385	3386
P6,7	3387	3388
P22,5	3389	3390
P63,1	3391	3392
P17,6	3393	3394
P18,5	3395	3395
P69,1	3396	3397
P13,5	3398	3399
P7,7	3400	3400
P195,1	3401	3402
P178,6	3403	3404
P73,1	3405	3406
P29,4	3407	3408
P5,5	3409	3409
P9,6	3410	3411
P81,1	3412	3413
P36,6	3414	3415
P20,6	3416	3417
P83,1	3418	3419
P185,1	3420	3421
P10,6	3422	3423
P53,4	3424	3425
P26,6	3426	3427
P4,6	3428	3429
P25,6	3430	3431
P92,1	3432	3433
P34,6	3434	3435
P60,4	3436	3437
P54,4	3438	3439
P42,5	3440	3441
P196,1	3442	3443
P197,1	3444	3445
P35,4	3446	3447
P28,6	3448	3449
P37,5	3450	3450
P47,5	3451	3452
P103,1	3453	3454
P39,5	3455	3456
P40,5	3457	3457
P56,5	3458	3459
P50,4	3460	3460
P105,1	3461	3462
P80,4	3463	3463
P45,5	3464	3464
P44,5	3465	3466
P41,5	3467	3468
P30,6	3469	3469
P58,5	3470	3470
P186,1	3471	3472
P95,4	3473	3473
P64,4	3474	3474
P68,6	3475	3476
P48,5	3477	3478
P57,6	3479	3480
P198,1	3481	3482
P55,5	3483	3484
P31,7	3485	3486
P115,1	3487	3488
P187,1	3489	3490
P61,5	3491	3491
P86,4	3492	3493
P91,5	3494	3495
P199,1	3496	3497
P62,5	3498	3498
P72,5	3499	3500
P46,7	3501	3502
P59,5	3503	3504
P125,1	3505	3506
P70,6	3507	3508
P71,5	3509	3510
P49,6	3511	3511
P188,1	3512	3513
P79,5	3514	3515
P76,5	3516	3517
P75,7	3518	3519
P99,4	3520	3521
P200,1	3522	3523
P66,6	3524	3524
P137,1	3525	3526
P93,5	3527	3528
P104,4	3529	3530
P85,5	3531	3531
P96,5	3532	3533
P82,6	3534	3535
P143,1	3536	3537
P89,5	3538	3539
P65,7	3540	3541
P87,7	3542	3543
P90,5	3544	3544
P111,5	3545	3546
P77,8	3547	3547
P146,1	3548	3549
P84,5	3550	3551
P114,4	3552	3552
P122,4	3553	3554
P152,1	3555	3556
P97,7	3557	3558
P78,7	3559	3560
P94,6	3561	3561
P189,1	3562	3563
P155,1	3564	3565
P100,5	3566	3567
P102,5	3568	3569
P118,5	3570	3571
P162,1	3572	3573
P109,6	3574	3575
P101,7	3576	3577
P121,5	3578	3578
P116,5	3579	3580
P190,1	3581	3582
P136,4	3583	3584
P98,6	3585	3586
P168,1	3587	3588
P119,5	3589	3590
P135,5	3591	3592
P175,1	3593	3594
P108,6	3595	3596
P180,1	3597	3598
P112,6	3599	3600
P133,5	3601	3602
P128,5	3603	3603
P107,6	3604	3605
P1,1	3606	3607
P123,5	3608	3608
P127,6	3609	3610
P3,1	3611	3612
P126,6	3613	3614
P148,5	3615	3616
P117,6	3617	3617
P124,5	3618	3619
P131,5	3620	3620
P144,4	3621	3621
P149,4	3622	3622
P138,4	3623	3624
P120,6	3625	3626
P15,1	3627	3628
P159,5	3629	3630
P191,1	3631	3632
P132,5	3633	3634
P110,7	3635	3636
P145,5	3637	3638
P130,5	3639	3640
P192,1	3641	3642
P24,1	3643	3644
P156,6	3645	3646
P172,4	3647	3648
P151,5	3649	3650
P27,1	3651	3652
P139,5	3653	3654
P134,6	3655	3655
P129,6	3656	3657
P158,5	3658	3659
P181,1	3660	3661
P147,6	3662	3663
P32,1	3664	3665
P33,1	3666	3667
P150,6	3668	3669
P142,6	3670	3671
P174,4	3672	3672
P163,5	3673	3673
P179,4	3674	3674
P160,6	3675	3676
P153,8	3677	3678
P193,1	3679	3680
P166,5	3681	3681
P164,6	3682	3683
P140,6	3684	3685
P177,4	3686	3687
P176,4	3688	3688
P182,1	3689	3690
P169,5	3691	3691
P38,1	3692	3693
P183,1	3694	3695
P171,6	3696	3697
P8,5	3698	3698
P194,1	3699	3700
P43,1	3701	3702
P184,1	3703	3704
P165,6	3705	3705
P173,5	3706	3707
P170,7	3708	3709
P51,1	3710	3711
P52,1	3712	3713
P6,7	3714	3715
P22,5	3716	3716
P63,1	3717	3718
P11,5	3719	3720
P14,6	3721	3722
P17,6	3723	3724
P16,5	3725	3726
P69,1	3727	3728
P23,5	3729	3730
P13,5	3731	3732
P195,1	3733	3734
P178,6	3735	3736
P73,1	3737	3738
P2,8	3739	3739
P12,6	3740	3741
P9,6	3742	3743
P167,7	3744	3745
P19,6	3746	3747
P81,1	3748	3749
P18,6	3750	3751
P7,8	3752	3753
P83,1	3754	3755
P185,1	3756	3757
P10,6	3758	3758
P26,6	3759	3760
P4,6	3761	3761
P25,6	3762	3763
P20,7	3764	3765
P92,1	3766	3767
P60,4	3768	3769
P5,6	3770	3771
P53,5	3772	3773
P29,5	3774	3775
P196,1	3776	3777
P197,1	3778	3779
P35,4	3780	3781
P28,6	3782	3783
P47,5	3784	3785
P103,1	3786	3787
P39,5	3788	3789
P34,7	3790	3790
P105,1	3791	3792
P54,5	3793	3794
P44,5	3795	3796
P40,6	3797	3798
P186,1	3799	3800
P37,6	3801	3801
P68,6	3802	3802
P45,6	3803	3804
P57,6	3805	3806
P198,1	3807	3808
P55,5	3809	3810
P80,5	3811	3812
P41,6	3813	3814
P30,7	3815	3816
P31,7	3817	3818
P115,1	3819	3820
P56,6	3821	3822
P187,1	3823	3824
P64,5	3825	3826
P48,6	3827	3828
P91,5	3829	3830
P199,1	3831	3832
P50,5	3833	3834
P72,5	3835	3836
P46,7	3837	3838
P95,5	3839	3840
P125,1	3841	3842
P70,6	3843	3844
P58,6	3845	3845
P188,1	3846	3847
P79,5	3848	3848
P75,7	3849	3849
P86,5	3850	3850
P99,4	3851	3852
P200,1	3853	3854
P137,1	3855	3856
P59,6	3857	3858
P61,6	3859	3860
P96,5	3861	3862
P62,6	3863	3863
P143,1	3864	3865
P71,6	3866	3867
P89,5	3868	3868
P65,7	3869	3869
P49,7	3870	3871
P87,7	3872	3873
P111,5	3874	3875
P93,6	3876	3877
P76,6	3878	3879
P146,1	3880	3881
P82,7	3882	3883
P122,4	3884	3885
P152,1	3886	3887
P66,7	3888	3889
P78,7	3890	3891
P189,1	3892	3893
P77,9	3894	3895
P155,1	3896	3897
P104,5	3898	3898
P100,5	3899	3899
P90,6	3900	3901
P84,6	3902	3903
P85,6	3904	3905
P162,1	3906	3907
P109,6	3908	3908
P114,5	3909	3909
P190,1	3910	3911
P136,4	3912	3913
P97,8	3914	3915
P168,1	3916	3917
P118,6	3918	3919
P175,1	3920	3921
P94,7	3922	3923
P108,6	3924	3925
P180,1	3926	3927
P112,6	3928	3929
P98,7	3930	3931
P133,5	3932	3932
P107,6	3933	3933
P101,8	3934	3934
P1,1	3935	3936
P102,6	3937	3938
P121,6	3939	3939
P116,6	3940	3941
P3,1	3942	3943
P119,6	3944	3944
P126,6	3945	3946
P135,6	3947	3947
P148,5	3948	3949
P138,4	3950	3951
P15,1	3952	3953
P191,1	3954	3955
P132,5	3956	3957
P110,7	3958	3958
P117,7	3959	3960
P123,6	3961	3962
P130,5	3963	3964
P192,1	3965	3966
P24,1	3967	3968
P127,7	3969	3970
P120,7	3971	3972
P124,6	3973	3974
P27,1	3975	3976
P144,5	3977	3978
P139,5	3979	3980
P131,6	3981	3982
P149,5	3983	3984
P145,6	3985	3986
P158,5	3987	3988
P181,1	3989	3990
P147,6	3991	3992
P32,1	3993	3994
P33,1	3995	3996
P159,6	3997	3998
P156,7	3999	3999
P160,6	4000	4001
P151,6	4002	4003
P172,5	4004	4004
P153,8	4005	4006
P193,1	4007	4008
P129,7	4009	4010
P140,6	4011	4012
P177,4	4013	4014
P174,5	4015	4015
P182,1	4016	4017
P163,6	4018	4019
P134,7	4020	4021
P38,1	4022	4023
P142,7	4024	4024
P183,1	4025	4026
P171,6	4027	4027
P194,1	4028	4029
P150,7	4030	4031
P43,1	4032	4033
P184,1	4034	4035
P179,5	4036	4037
P176,5	4038	4039
P166,6	4040	4041
P170,7	4042	4042
P51,1	4043	4044
P52,1	4045	4046
P6,7	4047	4048
P63,1	4049	4050
P11,5	4051	4052
P14,6	4053	4054
P164,7	4055	4056
P17,6	4057	4058
P165,7	4059	4060
P16,5	4061	4061
P69,1	4062	4063
P23,5	4064	4065
P195,1	4066	4067
P8,6	4068	4068
P22,6	4069	4070
P178,6	4071	4072
P173,6	4073	4073
P73,1	4074	4075
P12,6	4076	4076
P9,6	4077	4078
P167,7	4079	4079
P13,6	4080	4081
P19,6	4082	4083
P81,1	4084	4085
P18,6	4086	4086
P7,8	4087	4087
P83,1	4088	4089
P2,9	4090	4091
P185,1	4092	4093
P26,6	4094	4095
P20,7	4096	4097
P92,1	4098	4099
P29,5	4100	4100
P196,1	4101	4102
P197,1	4103	4104
P4,7	4105	4106
P47,5	4107	4108
P103,1	4109	4110
P39,5	4111	4112
P105,1	4113	4114
P54,5	4115	4116
P10,7	4117	4117
P40,6	4118	4119
P186,1	4120	4121
P53,6	4122	4123
P60,5	4124	4125
P28,7	4126	4127
P57,6	4128	4128
P198,1	4129	4130
P55,5	4131	4132
P80,5	4133	4134
P41,6	4135	4136
P30,7	4137	4138
P34,8	4139	4140
P44,6	4141	4142
P31,7	4143	4144
P35,5	4145	4146
P115,1	4147	4148
P56,6	4149	4149
P68,7	4150	4151
P187,1	4152	4153
P64,5	4154	4155
P48,6	4156	4157
P91,5	4158	4158
P199,1	4159	4160
P50,5	4161	4162
P45,7	4163	4163
P37,7	4164	4165
P95,5	4166	4167
P125,1	4168	4169
P70,6	4170	4170
P188,1	4171	4172
P200,1	4173	4174
P137,1	4175	4176
P59,6	4177	4178
P96,5	4179	4179
P58,7	4180	4181
P143,1	4182	4183
P49,7	4184	4185
P87,7	4186	4187
P99,5	4188	4189
P46,8	4190	4191
P61,7	4192	4193
P93,6	4194	4195
P75,8	4196	4197
P76,6	4198	4199
P146,1	4200	4201
P62,7	4202	4203
P79,6	4204	4205
P122,4	4206	4207
P65,8	4208	4208
P152,1	4209	4210
P86,6	4211	4211
P66,7	4212	4212
P78,7	4213	4213
P189,1	4214	4215
P77,9	4216	4216
P89,6	4217	4217
P71,7	4218	4219
P155,1	4220	4221
P90,6	4222	4222
P85,6	4223	4224
P162,1	4225	4226
P190,1	4227	4228
P111,6	4229	4230
P82,8	4231	4232
P168,1	4233	4234
P118,6	4235	4236
P175,1	4237	4238
P94,7	4239	4239
P108,6	4240	4240
P104,6	4241	4242
P180,1	4243	4244
P100,6	4245	4246
P98,7	4247	4248
P1,1	4249	4250
P84,7	4251	4252
P102,6	4253	4254
P97,9	4255	4256
P3,1	4257	4258
P114,6	4259	4259
P126,6	4260	4260
P112,7	4261	4262
P138,4	4263	4264
P136,5	4265	4266
P15,1	4267	4268
P191,1	4269	4270
P132,5	4271	4271
P133,6	4272	4273
P117,7	4274	4275
P123,6	4276	4277
P192,1	4278	4279
P121,7	4280	4280
P24,1	4281	4282
P107,7	4283	4284
P127,7	4285	4285
P135,7	4286	4287
P120,7	4288	4289
P116,7	4290	4290
P27,1	4291	4292
P119,7	4293	4293
P148,6	4294	4295
P144,5	4296	4296
P110,8	4297	4297
P131,6	4298	4299
P145,6	4300	4301
P158,5	4302	4302
P181,1	4303	4304
P124,7	4305	4306
P147,6	4307	4307
P32,1	4308	4309
P33,1	4310	4311
P139,6	4312	4313
P130,6	4314	4315
P151,6	4316	4317
P149,6	4318	4319
P153,8	4320	4321
P193,1	4322	4323
P129,7	4324	4325
P140,6	4326	4326
P159,7	4327	4328
P182,1	4329	4330
P163,6	4331	4332
P134,7	4333	4334
P38,1	4335	4336
P156,8	4337	4338
P183,1	4339	4340
P194,1	4341	4342
P150,7	4343	4344
P43,1	4345	4346
P160,7	4347	4348
P184,1	4349	4350
P172,6	4351	4352
P176,5	4353	4354
P174,6	4355	4356
P166,6	4357	4358
P177,5	4359	4360
P51,1	4361	4362
P171,7	4363	4364
P52,1	4365	4366
P142,8	4367	4368
P63,1	4369	4370
P11,5	4371	4371
P179,6	4372	4373
P14,6	4374	4375
P165,7	4376	4377
P170,8	4378	4379
P69,1	4380	4381
P195,1	4382	4383
P22,6	4384	4385
P73,1	4386	4387
P6,8	4388	4389
P13,6	4390	4391
P19,6	4392	4393
P164,8	4394	4395
P81,1	4396	4397
P17,7	4398	4398
P173,7	4399	4400
P83,1	4401	4402
P185,1	4403	4404
P23,6	4405	4406
P16,6	4407	4408
P92,1	4409	4410
P12,7	4411	4412
P178,7	4413	4414
P196,1	4415	4416
P8,7	4417	4418
P197,1	4419	4420
P167,8	4421	4421
P7,9	4422	4423
P103,1	4424	4425
P105,1	4426	4427
P9,7	4428	4429
P54,5	4430	4431
P26,7	4432	4433
P186,1	4434	4435
P18,7	4436	4437
P53,6	4438	4439
P60,5	4440	4441
P28,7	4442	4443
P20,8	4444	4444
P29,6	4445	4446
P47,6	4447	4448
P198,1	4449	4450
P2,10	4451	4452
P10,8	4453	4454
P41,6	4455	4455
P30,7	4456	4456
P39,6	4457	4458
P35,5	4459	4460
P115,1	4461	4462
P187,1	4463	4464
P64,5	4465	4465
P40,7	4466	4467
P57,7	4468	4469
P199,1	4470	4471
P34,9	4472	4473
P50,5	4474	4474
P37,7	4475	4476
P55,6	4477	4478
P95,5	4479	4480
P125,1	4481	4482
P188,1	4483	4484
P200,1	4485	4486
P44,7	4487	4488
P68,8	4489	4490
P137,1	4491	4492
P59,6	4493	4493
P56,7	4494	4494
P48,7	4495	4496
P58,7	4497	4498
P143,1	4499	4500
P45,8	4501	4502
P49,7	4503	4504
P91,6	4505	4506
P99,5	4507	4507
P46,8	4508	4509
P61,7	4510	4510
P93,6	4511	4512
P75,8	4513	4514
P76,6	4515	4515
P146,1	4516	4517
P62,7	4518	4519
P79,6	4520	4521
P87,8	4522	4522
P70,7	4523	4524
P152,1	4525	4526
P96,6	4527	4528
P189,1	4529	4530
P155,1	4531	4532
P85,6	4533	4533
P162,1	4534	4535
P190,1	4536	4537
P122,5	4538	4539
P111,6	4540	4540
P78,8	4541	4542
P82,8	4543	4543
P89,7	4544	4545
P168,1	4546	4547
P65,9	4548	4549
P118,6	4550	4551
P175,1	4552	4553
P104,6	4554	4555
P77,10	4556	4556
P180,1	4557	4558
P66,8	4559	4560
P98,7	4561	4562
P1,1	4563	4564
P86,7	4565	4566
P71,8	4567	4568
P90,7	4569	4570
P102,6	4571	4571
P97,9	4572	4573
P3,1	4574	4575
P112,7	4576	4576
P108,7	4577	4578
P136,5	4579	4580
P15,1	4581	4582
P191,1	4583	4584
P94,8	4585	4586
P100,7	4587	4588
P133,6	4589	4589
P117,7	4590	4590
P126,7	4591	4592
P123,6	4593	4594
P84,8	4595	4595
P114,7	4596	4597
P192,1	4598	4599
P24,1	4600	4601
P107,7	4602	4603
P135,7	4604	4604
P132,6	4605	4606
P27,1	4607	4608
P138,5	4609	4609
P131,6	4610	4611
P181,1	4612	4613
P120,8	4614	4615
P124,7	4616	4617
P32,1	4618	4619
P33,1	4620	4621
P127,8	4622	4622
P110,9	4623	4624
P119,8	4625	4626
P139,6	4627	4627
P151,6	4628	4628
P149,6	4629	4630
P193,1	4631	4632
P129,7	4633	4633
P116,8	4634	4635
P159,7	4636	4637
P144,6	4638	4639
P182,1	4640	4641
P163,6	4642	4643
P147,7	4644	4645
P38,1	4646	4647
P158,6	4648	4649
P156,8	4650	4650
P183,1	4651	4652
P145,7	4653	4654
P194,1	4655	4656
P43,1	4657	4658
P160,7	4659	4660
P130,7	4661	4662
P184,1	4663	4664
P176,5	4665	4665
P140,7	4666	4666
P174,6	4667	4667
P177,5	4668	4668
P51,1	4669	4670
P171,7	4671	4672
P52,1	4673	4674
P142,8	4675	4675
P134,8	4676	4677
P63,1	4678	4679
P150,8	4680	4681
P179,6	4682	4683
P172,7	4684	4685
P166,7	4686	4687
P170,8	4688	4688
P69,1	4689	4690
P195,1	4691	4692
P22,6	4693	4693
P73,1	4694	4695
P11,6	4696	4697
P13,6	4698	4699
P165,8	4700	4701
P164,8	4702	4703
P81,1	4704	4705
P173,7	4706	4707
P83,1	4708	4709
P185,1	4710	4711
P16,6	4712	4713
P6,9	4714	4715
P92,1	4716	4717
P12,7	4718	4719
P14,7	4720	4721
P178,7	4722	4722
P19,7	4723	4724
P196,1	4725	4726
P8,7	4727	4728
P17,8	4729	4730
P197,1	4731	4732
P103,1	4733	4734
P105,1	4735	4736
P26,7	4737	4737
P186,1	4738	4739
P23,7	4740	4741
P7,10	4742	4743
P53,6	4744	4745
P60,5	4746	4746
P28,7	4747	4748
P29,6	4749	4750
P167,9	4751	4752
P54,6	4753	4754
P47,6	4755	4756
P198,1	4757	4758
P2,10	4759	4759
P18,8	4760	4761
P10,8	4762	4762
P9,8	4763	4764
P39,6	4765	4766
P35,5	4767	4768
P115,1	4769	4770
P187,1	4771	4772
P40,7	4773	4774
P57,7	4775	4776
P199,1	4777	4778
P34,9	4779	4780
P37,7	4781	4781
P20,9	4782	4782
P41,7	4783	4784
P125,1	4785	4786
P30,8	4787	4787
P188,1	4788	4789
P200,1	4790	4791
P44,7	4792	4793
P50,6	4794	4794
P68,8	4795	4796
P137,1	4797	4798
P48,7	4799	4800
P58,7	4801	4802
P64,6	4803	4804
P143,1	4805	4806
P91,6	4807	4808
P46,8	4809	4809
P59,7	4810	4810
P95,6	4811	4812
P75,8	4813	4814
P146,1	4815	4816
P55,7	4817	4818
P79,6	4819	4819
P70,7	4820	4821
P152,1	4822	4823
P96,6	4824	4825
P189,1	4826	4827
P56,8	4828	4829
P155,1	4830	4831
P162,1	4832	4833
P45,9	4834	4835
P190,1	4836	4837
P49,8	4838	4839
P61,8	4840	4841
P93,7	4842	4843
P122,5	4844	4845
P78,8	4846	4847
P76,7	4848	4849
P89,7	4850	4851
P62,8	4852	4853
P168,1	4854	4855
P65,9	4856	4857
P85,7	4858	4859
P175,1	4860	4861
P104,6	4862	4863
P180,1	4864	4865
P66,8	4866	4867
P1,1	4868	4869
P86,7	4870	4871
P118,7	4872	4873
P71,8	4874	4875
P111,7	4876	4876
P77,11	4877	4878
P3,1	4879	4880
P136,5	4881	4881
P15,1	4882	4883
P191,1	4884	4885
P94,8	4886	4887
P98,8	4888	4889
P102,7	4890	4891
P90,8	4892	4893
P126,7	4894	4895
P97,10	4896	4897
P114,7	4898	4899
P192,1	4900	4901
P112,8	4902	4903
P24,1	4904	4905
P107,7	4906	4907
P132,6	4908	4909
P27,1	4910	4911
P181,1	4912	4913
P108,8	4914	4915
P124,7	4916	4916
P32,1	4917	4918
P33,1	4919	4920
P133,7	4921	4922
P84,9	4923	4924
P117,8	4925	4925
P110,9	4926	4926
P123,7	4927	4928
P119,8	4929	4930
P149,6	4931	4931
P193,1	4932	4933
P131,7	4934	4934
P116,8	4935	4936
P135,8	4937	4938
P159,7	4939	4940
P144,6	4941	4942
P120,9	4943	4944
P182,1	4945	4946
P138,6	4947	4948
P147,7	4949	4950
P38,1	4951	4952
P158,6	4953	4954
P127,9	4955	4955
P183,1	4956	4957
P145,7	4958	4959
P194,1	4960	4961
P43,1	4962	4963
P129,8	4964	4964
P184,1	4965	4966
P139,7	4967	4968
P51,1	4969	4970
P171,7	4971	4971
P163,7	4972	4973
P52,1	4974	4975
P134,8	4976	4977
P63,1	4978	4979
P150,8	4980	4980
P179,6	4981	4982
P156,9	4983	4984
P174,7	4985	4986
P172,7	4987	4988
P166,7	4989	4990
P176,6	4991	4992
P69,1	4993	4994
P160,8	4995	4996
P195,1	4997	4998
P140,8	4999	5000
P130,8	5001	5002
P73,1	5003	5004
P11,6	5005	5006
P164,8	5007	5008
P81,1	5009	5010
P177,6	5011	5012
P83,1	5013	5014
P185,1	5015	5016
P142,9	5017	5018
P16,6	5019	5020
P22,7	5021	5022
P13,7	5023	5024
P6,9	5025	5026
P92,1	5027	5028
P14,7	5029	5030
P19,7	5031	5031
P196,1	5032	5033
P8,7	5034	5035
P17,8	5036	5037
P197,1	5038	5039
P103,1	5040	5041
P12,8	5042	5043
P105,1	5044	5045
P165,9	5046	5047
P186,1	5048	5049
P23,7	5050	5051
P7,10	5052	5052
P29,6	5053	5054
P167,9	5055	5056
P54,6	5057	5058
P198,1	5059	5060
P178,8	5061	5062
P39,6	5063	5063
P115,1	5064	5065
P28,8	5066	5067
P187,1	5068	5069
P26,8	5070	5071
P53,7	5072	5073
P40,7	5074	5075
P57,7	5076	5077
P199,1	5078	5079
P47,7	5080	5081
P34,9	5082	5083
P10,9	5084	5084
P2,11	5085	5086
P41,7	5087	5088
P60,6	5089	5089
P125,1	5090	5091
P18,9	5092	5092
P35,6	5093	5094
P188,1	5095	5096
P200,1	5097	5098
P68,8	5099	5099
P20,10	5100	5101
P137,1	5102	5103
P9,9	5104	5105
P48,7	5106	5107
P64,6	5108	5108
P30,9	5109	5110
P143,1	5111	5112
P37,8	5113	5114
P146,1	5115	5116
P152,1	5117	5118
P189,1	5119	5120
P155,1	5121	5122
P162,1	5123	5124
P45,9	5125	5125
P190,1	5126	5127
P95,7	5128	5129
P49,8	5130	5130
P58,8	5131	5132
P55,8	5133	5134
P61,8	5135	5136
P46,9	5137	5137
P93,7	5138	5139
P122,5	5140	5140
P91,7	5141	5142
P59,8	5143	5144
P79,7	5145	5146
P89,7	5147	5147
P75,9	5148	5149
P62,8	5150	5151
P168,1	5152	5153
P96,7	5154	5154
P65,9	5155	5156
P175,1	5157	5158
P56,9	5159	5160
P180,1	5161	5162
P66,8	5163	5163
P1,1	5164	5165
P76,8	5166	5167
P118,7	5168	5169
P78,9	5170	5171
P77,11	5172	5173
P3,1	5174	5175
P15,1	5176	5177
P191,1	5178	5179
P85,8	5180	5181
P94,8	5182	5183
P86,8	5184	5185
P98,8	5186	5186
P102,7	5187	5188
P90,8	5189	5190
P111,8	5191	5192
P126,7	5193	5193
P104,7	5194	5194
P114,7	5195	5196
P192,1	5197	5198
P71,9	5199	5200
P24,1	5201	5202
P132,6	5203	5204
P27,1	5205	5206
P181,1	5207	5208
P108,8	5209	5210
P32,1	5211	5212
P33,1	5213	5214
P97,11	5215	5216
P84,9	5217	5218
P112,9	5219	5220
P119,8	5221	5222
P193,1	5223	5224
P107,8	5225	5226
P135,8	5227	5227
P144,6	5228	5228
P124,8	5229	5230
P120,9	5231	5231
P182,1	5232	5233
P138,6	5234	5234
P117,9	5235	5236
P123,8	5237	5238
P131,8	5239	5239
P147,7	5240	5241
P133,8	5242	5243
P116,9	5244	5245
P38,1	5246	5247
P158,6	5248	5248
P183,1	5249	5250
P145,7	5251	5252
P149,7	5253	5254
P194,1	5255	5256
P159,8	5257	5258
P43,1	5259	5260
P110,10	5261	5262
P184,1	5263	5264
P139,7	5265	5266
P51,1	5267	5268
P163,7	5269	5269
P52,1	5270	5271
P127,10	5272	5273
P63,1	5274	5275
P156,9	5276	5276
P172,7	5277	5278
P171,8	5279	5280
P69,1	5281	5282
P160,8	5283	5283
P195,1	5284	5285
P140,8	5286	5286
P130,8	5287	5287
P134,9	5288	5289
P129,9	5290	5291
P73,1	5292	5293
P11,6	5294	5295
P179,7	5296	5297
P81,1	5298	5299
P150,9	5300	5301
P177,6	5302	5303
P83,1	5304	5305
P185,1	5306	5307
P142,9	5308	5309
P22,7	5310	5310
P13,7	5311	5311
P6,9	5312	5313
P92,1	5314	5315
P166,8	5316	5317
P176,7	5318	5319
P14,7	5320	5321
P196,1	5322	5323
P17,8	5324	5325
P197,1	5326	5327
P103,1	5328	5329
P164,9	5330	5331
P12,8	5332	5332
P105,1	5333	5334
P165,9	5335	5336
P186,1	5337	5338
P16,7	5339	5340
P19,8	5341	5342
P167,9	5343	5344
P54,6	5345	5345
P198,1	5346	5347
P115,1	5348	5349
P23,8	5350	5350
P28,8	5351	5352
P187,1	5353	5354
P8,8	5355	5356
P29,7	5357	5358
P26,8	5359	5360
P53,7	5361	5362
P7,11	5363	5364
P199,1	5365	5366
P47,7	5367	5368
P2,11	5369	5370
P178,9	5371	5372
P41,7	5373	5373
P125,1	5374	5375
P35,6	5376	5377
P188,1	5378	5379
P200,1	5380	5381
P34,10	5382	5383
P20,10	5384	5385
P39,7	5386	5387
P137,1	5388	5389
P9,9	5390	5391
P57,8	5392	5392
P10,10	5393	5394
P30,9	5395	5396
P60,7	5397	5397
P143,1	5398	5399
P37,8	5400	5401
P40,8	5402	5403
P146,1	5404	5405
P152,1	5406	5407
P68,9	5408	5409
P189,1	5410	5411
P155,1	5412	5413
P162,1	5414	5415
P190,1	5416	5417
P18,10	5418	5418
P58,8	5419	5420
P55,8	5421	5422
P61,8	5423	5423
P64,7	5424	5425
P93,7	5426	5426
P91,7	5427	5427
P48,8	5428	5428
P79,7	5429	5430
P45,10	5431	5431
P75,9	5432	5433
P49,9	5434	5434
P168,1	5435	5436
P95,8	5437	5437
P175,1	5438	5439
P56,9	5440	5440
P180,1	5441	5442
P89,8	5443	5444
P1,1	5445	5446
P76,8	5447	5448
P46,10	5449	5450
P77,11	5451	5452
P65,10	5453	5453
P3,1	5454	5455
P15,1	5456	5457
P59,9	5458	5458
P191,1	5459	5460
P86,8	5461	5462
P96,8	5463	5464
P102,7	5465	5465
P62,9	5466	5467
P78,10	5468	5469
P90,8	5470	5470
P192,1	5471	5472
P94,9	5473	5474
P66,9	5475	5476
P71,9	5477	5477
P24,1	5478	5479
P118,8	5480	5481
P27,1	5482	5483
P181,1	5484	5485
P126,8	5486	5487
P108,8	5488	5488
P32,1	5489	5490
P114,8	5491	5491
P104,8	5492	5493
P33,1	5494	5495
P98,9	5496	5496
P97,11	5497	5498
P85,9	5499	5500
P112,9	5501	5501
P193,1	5502	5503
P107,8	5504	5504
P132,7	5505	5506
P124,8	5507	5508
P111,9	5509	5509
P182,1	5510	5511
P117,9	5512	5513
P123,8	5514	5515
P116,9	5516	5517
P38,1	5518	5519
P183,1	5520	5521
P135,9	5522	5523
P120,10	5524	5524
P84,10	5525	5526
P194,1	5527	5528
P159,8	5529	5529
P43,1	5530	5531
P133,9	5532	5533
P110,10	5534	5535
P184,1	5536	5537
P51,1	5538	5539
P138,7	5540	5541
P52,1	5542	5543
P131,9	5544	5545
P147,8	5546	5547
P63,1	5548	5549
P158,7	5550	5551
P145,8	5552	5553
P171,8	5554	5555
P69,1	5556	5557
P195,1	5558	5559
P127,11	5560	5561
P134,9	5562	5563
P129,9	5564	5565
P149,8	5566	5567
P73,1	5568	5569
P156,10	5570	5571
P179,7	5572	5573
P81,1	5574	5575
P139,8	5576	5577
P160,9	5578	5579
P172,8	5580	5581
P83,1	5582	5583
P185,1	5584	5585
P163,8	5586	5586
P142,9	5587	5588
P130,9	5589	5590
P92,1	5591	5592
P166,8	5593	5593
P140,9	5594	5594
P176,7	5595	5595
P196,1	5596	5597
P197,1	5598	5599
P103,1	5600	5601
P11,7	5602	5603
P164,9	5604	5605
P6,10	5606	5607
P105,1	5608	5609
P186,1	5610	5611
P150,10	5612	5613
P22,8	5614	5615
P16,7	5616	5617
P17,9	5618	5619
P198,1	5620	5621
P115,1	5622	5623
P28,8	5624	5624
P187,1	5625	5626
P29,7	5627	5628
P14,8	5629	5630
P54,7	5631	5632
P26,8	5633	5633
P53,7	5634	5634
P12,9	5635	5636
P199,1	5637	5638
P47,7	5639	5639
P23,9	5640	5641
P2,11	5642	5643
P165,10	5644	5644
P178,9	5645	5646
P167,10	5647	5648
P125,1	5649	5650
P188,1	5651	5652
P19,9	5653	5654
P200,1	5655	5656
P8,9	5657	5658
P34,10	5659	5660
P39,7	5661	5662
P137,1	5663	5664
P41,8	5665	5666
P9,9	5667	5668
P10,10	5669	5670
P143,1	5671	5672
P146,1	5673	5674
P152,1	5675	5676
P20,11	5677	5677
P68,9	5678	5679
P189,1	5680	5681
P155,1	5682	5683
P35,7	5684	5685
P162,1	5686	5687
P190,1	5688	5689
P40,9	5690	5691
P58,8	5692	5692
P57,9	5693	5694
P30,10	5695	5696
P60,8	5697	5698
P75,9	5699	5700
P18,11	5701	5702
P37,9	5703	5704
P168,1	5705	5706
P175,1	5707	5708
P55,9	5709	5710
P64,8	5711	5712
P180,1	5713	5714
P89,8	5715	5716
P61,9	5717	5717
P1,1	5718	5719
P76,8	5720	5720
P46,10	5721	5722
P48,9	5723	5724
P91,8	5725	5726
P3,1	5727	5728
P15,1	5729	5730
P49,10	5731	5732
P79,8	5733	5733
P45,11	5734	5735
P191,1	5736	5737
P93,8	5738	5738
P86,8	5739	5739
P96,8	5740	5740
P62,9	5741	5742
P77,12	5743	5744
P78,10	5745	5745
P95,9	5746	5746
P192,1	5747	5748
P56,10	5749	5749
P94,9	5750	5751
P66,9	5752	5753
P59,10	5754	5755
P24,1	5756	5757
P27,1	5758	5759
P181,1	5760	5761
P126,8	5762	5763
P90,9	5764	5765
P32,1	5766	5767
P33,1	5768	5769
P97,11	5770	5770
P85,9	5771	5772
P193,1	5773	5774
P102,8	5775	5775
P71,10	5776	5777
P132,7	5778	5779
P182,1	5780	5781
P123,8	5782	5782
P118,9	5783	5784
P38,1	5785	5786
P98,10	5787	5788
P183,1	5789	5790
P135,9	5791	5791
P112,10	5792	5793
P124,9	5794	5795
P108,9	5796	5797
P194,1	5798	5799
P43,1	5800	5801
P110,10	5802	5803
P184,1	5804	5805
P107,9	5806	5807
P111,10	5808	5809
P117,10	5810	5811
P51,1	5812	5813
P52,1	5814	5815
P120,11	5816	5817
P147,8	5818	5818
P63,1	5819	5820
P158,7	5821	5822
P69,1	5823	5824
P195,1	5825	5826
P127,11	5827	5828
P84,11	5829	5830
P134,9	5831	5832
P129,9	5833	5834
P149,8	5835	5836
P159,9	5837	5838
P73,1	5839	5840
P133,10	5841	5842
P156,10	5843	5844
P179,7	5845	5846
P81,1	5847	5848
P139,8	5849	5850
P138,8	5851	5851
P160,9	5852	5853
P171,9	5854	5855
P172,8	5856	5857
P145,9	5858	5859
P131,10	5860	5861
P83,1	5862	5863
P185,1	5864	5865
P92,1	5866	5867
P196,1	5868	5869
P197,1	5870	5871
P103,1	5872	5873
P11,7	5874	5875
P164,9	5876	5876
P140,10	5877	5877
P105,1	5878	5879
P142,10	5880	5881
P186,1	5882	5883
P176,8	5884	5885
P150,10	5886	5887
P16,7	5888	5889
P17,9	5890	5891
P166,9	5892	5893
P198,1	5894	5895
P6,11	5896	5897
P115,1	5898	5899
P163,9	5900	5900
P187,1	5901	5902
P29,7	5903	5903
P14,8	5904	5905
P54,7	5906	5906
P12,9	5907	5908
P22,9	5909	5909
P199,1	5910	5911
P178,9	5912	5913
P167,10	5914	5915
P53,8	5916	5916
P125,1	5917	5918
P188,1	5919	5920
P19,9	5921	5922
P200,1	5923	5924
P26,9	5925	5925
P8,9	5926	5927
P47,8	5928	5929
P28,9	5930	5931
P39,7	5932	5932
P137,1	5933	5934
P143,1	5935	5936
P2,12	5937	5938
P146,1	5939	5940
P165,11	5941	5942
P152,1	5943	5944
P34,11	5945	5945
P189,1	5946	5947
P155,1	5948	5949
P35,7	5950	5951
P9,10	5952	5953
P162,1	5954	5955
P41,9	5956	5957
P10,11	5958	5958
P190,1	5959	5960
P40,9	5961	5962
P57,9	5963	5964
P30,10	5965	5965
P60,8	5966	5967
P20,12	5968	5968
P18,11	5969	5969
P37,9	5970	5970
P168,1	5971	5972
P58,9	5973	5974
P175,1	5975	5976
P55,9	5977	5978
P64,8	5979	5980
P180,1	5981	5982
P68,10	5983	5984
P89,8	5985	5985
P1,1	5986	5987
P48,9	5988	5989
P91,8	5990	5991
P3,1	5992	5993
P15,1	5994	5995
P61,10	5996	5997
P49,10	5998	5998
P45,11	5999	6000
P76,9	6001	6002
P191,1	6003	6004
P192,1	6005	6006
P59,10	6007	6008
P24,1	6009	6010
P27,1	6011	6012
P181,1	6013	6014
P77,13	6015	6015
P126,8	6016	6017
P93,9	6018	6019
P96,9	6020	6020
P90,9	6021	6022
P32,1	6023	6024
P33,1	6025	6026
P86,9	6027	6027
P85,9	6028	6029
P193,1	6030	6031
P94,10	6032	6033
P71,10	6034	6035
P132,7	6036	6037
P78,11	6038	6039
P182,1	6040	6041
P118,9	6042	6043
P66,10	6044	6045
P38,1	6046	6047
P183,1	6048	6049
P112,10	6050	6050
P124,9	6051	6052
P108,9	6053	6053
P97,12	6054	6054
P194,1	6055	6056
P102,9	6057	6058
P43,1	6059	6060
P184,1	6061	6062
P107,9	6063	6064
P111,10	6065	6066
P98,11	6067	6068
P117,10	6069	6070
P51,1	6071	6072
P52,1	6073	6074
P120,11	6075	6076
P63,1	6077	6078
P69,1	6079	6080
P195,1	6081	6082
P135,10	6083	6083
P149,8	6084	6085
P159,9	6086	6087
P73,1	6088	6089
P158,8	6090	6090
P133,10	6091	6092
P81,1	6093	6094
P160,9	6095	6096
P84,12	6097	6098
P171,9	6099	6100
P147,9	6101	6102
P172,8	6103	6103
P145,9	6104	6105
P127,12	6106	6107
P131,10	6108	6109
P83,1	6110	6111
P185,1	6112	6113
P92,1	6114	6115
P196,1	6116	6117
P197,1	6118	6119
P129,10	6120	6121
P103,1	6122	6123
P156,11	6124	6125
P11,7	6126	6126
P139,9	6127	6128
P105,1	6129	6130
P142,10	6131	6132
P138,9	6133	6134
P186,1	6135	6136
P179,8	6137	6138
P150,10	6139	6140
P166,9	6141	6142
P198,1	6143	6144
P6,11	6145	6146
P115,1	6147	6148
P187,1	6149	6150
P14,8	6151	6151
P12,9	6152	6153
P16,8	6154	6155
P199,1	6156	6157
P167,10	6158	6158
P140,11	6159	6160
P176,9	6161	6162
P125,1	6163	6164
P29,8	6165	6166
P188,1	6167	6168
P19,9	6169	6169
P200,1	6170	6171
P8,9	6172	6172
P28,9	6173	6174
P137,1	6175	6176
P143,1	6177	6178
P163,10	6179	6180
P146,1	6181	6182
P22,10	6183	6184
P165,11	6185	6186
P178,10	6187	6188
P152,1	6189	6190
P54,8	6191	6192
P189,1	6193	6194
P53,9	6195	6196
P155,1	6197	6198
P9,10	6199	6199
P162,1	6200	6201
P2,13	6202	6203
P41,9	6204	6204
P190,1	6205	6206
P40,9	6207	6208
P47,9	6209	6210
P39,8	6211	6212
P57,9	6213	6214
P35,8	6215	6216
P168,1	6217	6218
P175,1	6219	6220
P64,8	6221	6221
P34,12	6222	6223
P180,1	6224	6225
P68,10	6226	6227
P1,1	6228	6229
P20,13	6230	6231
P48,9	6232	6232
P18,12	6233	6234
P91,8	6235	6235
P58,10	6236	6237
P3,1	6238	6239
P15,1	6240	6241
P45,11	6242	6242
P30,11	6243	6244
P60,9	6245	6246
P76,9	6247	6247
P191,1	6248	6249
P192,1	6250	6251
P37,10	6252	6253
P24,1	6254	6255
P89,9	6256	6257
P27,1	6258	6259
P181,1	6260	6261
P55,10	6262	6263
P93,9	6264	6265
P90,9	6266	6266
P49,11	6267	6268
P32,1	6269	6270
P61,11	6271	6272
P33,1	6273	6274
P193,1	6275	6276
P77,14	6277	6278
P71,10	6279	6280
P78,11	6281	6282
P59,11	6283	6284
P182,1	6285	6286
P86,10	6287	6288
P118,9	6289	6289
P66,10	6290	6290
P38,1	6291	6292
P183,1	6293	6294
P96,10	6295	6296
P132,8	6297	6297
P194,1	6298	6299
P126,9	6300	6300
P85,10	6301	6302
P43,1	6303	6304
P184,1	6305	6306
P107,9	6307	6307
P98,11	6308	6309
P117,10	6310	6311
P51,1	6312	6313
P94,11	6314	6315
P52,1	6316	6317
P120,11	6318	6319
P124,10	6320	6321
P63,1	6322	6323
P69,1	6324	6325
P108,10	6326	6327
P195,1	6328	6329
P112,11	6330	6331
P159,9	6332	6332
P73,1	6333	6334
P102,10	6335	6336
P133,10	6337	6337
P81,1	6338	6339
P84,12	6340	6341
P111,11	6342	6343
P135,11	6344	6345
P131,10	6346	6347
P83,1	6348	6349
P185,1	6350	6351
P92,1	6352	6353
P196,1	6354	6355
P197,1	6356	6357
P160,10	6358	6358
P171,10	6359	6359
P129,10	6360	6361
P147,10	6362	6363
P103,1	6364	6365
P156,11	6366	6367
P158,9	6368	6369
P172,9	6370	6371
P139,9	6372	6373
P105,1	6374	6375
P138,9	6376	6377
P186,1	6378	6379
P179,8	6380	6381
P145,10	6382	6383
P166,9	6384	6384
P11,8	6385	6386
P198,1	6387	6388
P6,11	6389	6389
P142,11	6390	6391
P115,1	6392	6393
P187,1	6394	6395
P150,11	6396	6396
P16,8	6397	6398
P199,1	6399	6400
P140,11	6401	6402
P176,9	6403	6404
P125,1	6405	6406
P29,8	6407	6408
P188,1	6409	6410
P14,9	6411	6412
P200,1	6413	6414
P137,1	6415	6416
P12,10	6417	6418
P143,1	6419	6420
P163,10	6421	6422
P146,1	6423	6424
P152,1	6425	6426
P54,8	6427	6427
P19,10	6428	6429
P189,1	6430	6431
P53,9	6432	6433
P155,1	6434	6435
P162,1	6436	6437
P2,13	6438	6439
P8,10	6440	6441
P190,1	6442	6443
P39,8	6444	6445
P28,10	6446	6447
P35,8	6448	6449
P168,1	6450	6451
P178,11	6452	6453
P175,1	6454	6455
P34,12	6456	6457
P9,11	6458	6459
P40,10	6460	6461
P180,1	6462	6463
P68,10	6464	6464
P1,1	6465	6466
P20,13	6467	6467
P18,12	6468	6468
P58,10	6469	6470
P3,1	6471	6472
P15,1	6473	6474
P41,10	6475	6476
P47,10	6477	6477
P30,11	6478	6479
P60,9	6480	6481
P57,10	6482	6483
P191,1	6484	6485
P192,1	6486	6487
P37,10	6488	6489
P24,1	6490	6491
P64,9	6492	6493
P45,12	6494	6495
P27,1	6496	6497
P181,1	6498	6499
P55,10	6500	6501
P49,11	6502	6503
P91,9	6504	6504
P32,1	6505	6506
P61,11	6507	6508
P89,10	6509	6509
P33,1	6510	6511
P193,1	6512	6513
P77,14	6514	6515
P76,10	6516	6517
P90,10	6518	6518
P93,10	6519	6520
P182,1	6521	6522
P86,10	6523	6524
P38,1	6525	6526
P183,1	6527	6528
P194,1	6529	6530
P71,11	6531	6532
P85,10	6533	6534
P43,1	6535	6536
P184,1	6537	6538
P98,11	6539	6539
P78,12	6540	6540
P51,1	6541	6542
P94,11	6543	6544
P126,10	6545	6546
P52,1	6547	6548
P107,10	6549	6550
P63,1	6551	6552
P59,12	6553	6554
P69,1	6555	6556
P118,10	6557	6558
P195,1	6559	6560
P96,11	6561	6562
P112,11	6563	6564
P73,1	6565	6566
P132,9	6567	6568
P102,10	6569	6570
P81,1	6571	6572
P84,12	6573	6574
P111,11	6575	6575
P135,11	6576	6577
P83,1	6578	6579
P185,1	6580	6581
P124,11	6582	6583
P92,1	6584	6585
P196,1	6586	6587
P197,1	6588	6589
P108,11	6590	6591
P159,10	6592	6593
P133,11	6594	6595
P147,10	6596	6597
P103,1	6598	6599
P131,11	6600	6601
P158,9	6602	6603
P172,9	6604	6605
P139,9	6606	6607
P105,1	6608	6609
P138,9	6610	6610
P186,1	6611	6612
P160,11	6613	6614
P145,10	6615	6616
P11,8	6617	6617
P198,1	6618	6619
P142,11	6620	6621
P171,11	6622	6622
P129,11	6623	6624
P115,1	6625	6626
P187,1	6627	6628
P179,9	6629	6630
P16,8	6631	6632
P199,1	6633	6634
P6,12	6635	6636
P125,1	6637	6638
P166,10	6639	6640
P188,1	6641	6642
P14,9	6643	6644
P200,1	6645	6646
P137,1	6647	6648
P143,1	6649	6650
P163,10	6651	6652
P146,1	6653	6654
P176,10	6655	6655
P152,1	6656	6657
P19,10	6658	6658
P189,1	6659	6660
P155,1	6661	6662
P140,12	6663	6663
P12,11	6664	6665
P162,1	6666	6667
P2,13	6668	6669
P8,10	6670	6671
P190,1	6672	6673
P28,10	6674	6674
P53,10	6675	6675
P168,1	6676	6677
P178,11	6678	6679
P54,9	6680	6680
P175,1	6681	6682
P40,10	6683	6684
P39,9	6685	6686
P180,1	6687	6688
P1,1	6689	6690
P35,9	6691	6692
P58,10	6693	6693
P3,1	6694	6695
P15,1	6696	6697
P41,10	6698	6699
P57,10	6700	6701
P191,1	6702	6703
P192,1	6704	6705
P18,13	6706	6707
P37,10	6708	6709
P24,1	6710	6711
P64,9	6712	6713
P30,12	6714	6714
P45,12	6715	6716
P27,1	6717	6718
P47,11	6719	6720
P181,1	6721	6722
P55,10	6723	6724
P68,11	6725	6726
P20,14	6727	6728
P32,1	6729	6730
P61,11	6731	6732
P33,1	6733	6734
P193,1	6735	6736
P77,14	6737	6737
P76,10	6738	6738
P93,10	6739	6739
P182,1	6740	6741
P86,10	6742	6742
P38,1	6743	6744
P183,1	6745	6746
P91,10	6747	6748
P194,1	6749	6750
P89,11	6751	6752
P71,11	6753	6754
P49,12	6755	6756
P85,10	6757	6758
P43,1	6759	6760
P184,1	6761	6762
P51,1	6763	6764
P52,1	6765	6766
P63,1	6767	6768
P59,12	6769	6770
P69,1	6771	6772
P118,10	6773	6774
P195,1	6775	6776
P96,11	6777	6778
P112,11	6779	6779
P73,1	6780	6781
P132,9	6782	6783
P81,1	6784	6785
P98,12	6786	6787
P126,11	6788	6789
P107,11	6790	6791
P135,11	6792	6793
P83,1	6794	6795
P185,1	6796	6797
P94,12	6798	6799
P92,1	6800	6801
P196,1	6802	6803
P197,1	6804	6805
P108,11	6806	6807
P159,10	6808	6809
P133,11	6810	6811
P147,10	6812	6812
P103,1	6813	6814
P131,11	6815	6816
P158,9	6817	6818
P102,11	6819	6820
P172,9	6821	6822
P124,12	6823	6824
P105,1	6825	6826
P84,13	6827	6828
P186,1	6829	6830
P160,11	6831	6831
P111,12	6832	6833
P198,1	6834	6835
P142,11	6836	6837
P115,1	6838	6839
P187,1	6840	6841
P179,9	6842	6843
P199,1	6844	6845
P6,12	6846	6847
P138,10	6848	6848
P125,1	6849	6850
P166,10	6851	6852
P139,10	6853	6854
P188,1	6855	6856
P14,9	6857	6857
P200,1	6858	6859
P137,1	6860	6861
P143,1	6862	6863
P145,11	6864	6865
P129,12	6866	6866
P146,1	6867	6868
P152,1	6869	6870
P189,1	6871	6872
P155,1	6873	6874
P16,9	6875	6876
P162,1	6877	6878
P163,11	6879	6879
P8,10	6880	6881
P190,1	6882	6883
P168,1	6884	6885
P140,13	6886	6887
P12,12	6888	6889
P175,1	6890	6891
P40,10	6892	6893
P39,9	6894	6895
P180,1	6896	6897
P176,11	6898	6899
P1,1	6900	6901
P3,1	6902	6903
P15,1	6904	6905
P53,11	6906	6907
P41,10	6908	6909
P54,10	6910	6910
P57,10	6911	6912
P2,14	6913	6914
P191,1	6915	6916
P192,1	6917	6918
P18,13	6919	6920
P24,1	6921	6922
P64,9	6923	6923
P28,11	6924	6925
P45,12	6926	6927
P27,1	6928	6929
P181,1	6930	6931
P35,10	6932	6933
P58,11	6934	6935
P32,1	6936	6937
P33,1	6938	6939
P193,1	6940	6941
P37,11	6942	6942
P182,1	6943	6944
P38,1	6945	6946
P183,1	6947	6948
P68,12	6949	6950
P91,10	6951	6952
P194,1	6953	6954
P71,11	6955	6956
P55,11	6957	6957
P61,12	6958	6959
P49,12	6960	6961
P43,1	6962	6963
P184,1	6964	6965
P51,1	6966	6967
P52,1	6968	6969
P86,11	6970	6971
P63,1	6972	6973
P89,12	6974	6974
P59,12	6975	6976
P69,1	6977	6978
P76,11	6979	6980
P85,11	6981	6982
P195,1	6983	6984
P96,11	6985	6985
P93,11	6986	6987
P73,1	6988	6989
P132,9	6990	6991
P81,1	6992	6993
P98,12	6994	6995
P126,11	6996	6997
P83,1	6998	6999
P185,1	7000	7001
P94,12	7002	7002
P92,1	7003	7004
P196,1	7005	7006
P197,1	7007	7008
P108,11	7009	7009
P112,12	7010	7011
P133,11	7012	7013
P118,11	7014	7014
P103,1	7015	7016
P131,11	7017	7018
P135,12	7019	7020
P102,11	7021	7022
P124,12	7023	7024
P105,1	7025	7026
P107,12	7027	7028
P159,11	7029	7030
P84,13	7031	7032
P186,1	7033	7034
P147,11	7035	7035
P111,12	7036	7037
P198,1	7038	7039
P172,10	7040	7040
P115,1	7041	7042
P187,1	7043	7044
P158,10	7045	7046
P199,1	7047	7048
P160,12	7049	7050
P6,12	7051	7051
P125,1	7052	7053
P166,10	7054	7055
P188,1	7056	7057
P200,1	7058	7059
P137,1	7060	7061
P143,1	7062	7063
P145,11	7064	7065
P146,1	7066	7067
P152,1	7068	7069
P179,10	7070	7070
P189,1	7071	7072
P155,1	7073	7074
P162,1	7075	7076
P190,1	7077	7078
P168,1	7079	7080
P140,13	7081	7082
P12,12	7083	7083
P175,1	7084	7085
P14,10	7086	7087
P16,10	7088	7089
P129,13	7090	7091
P163,12	7092	7093
P39,9	7094	7095
P180,1	7096	7097
P176,11	7098	7098
P1,1	7099	7100
P3,1	7101	7102
P8,11	7103	7103
P15,1	7104	7105
P53,11	7106	7107
P2,14	7108	7108
P191,1	7109	7110
P192,1	7111	7112
P40,11	7113	7114
P18,13	7115	7115
P24,1	7116	7117
P28,11	7118	7119
P27,1	7120	7121
P181,1	7122	7123
P35,10	7124	7124
P58,11	7125	7126
P32,1	7127	7128
P33,1	7129	7130
P193,1	7131	7132
P41,11	7133	7133
P54,11	7134	7135
P182,1	7136	7137
P38,1	7138	7139
P45,13	7140	7140
P183,1	7141	7142
P57,11	7143	7144
P68,12	7145	7146
P91,10	7147	7148
P194,1	7149	7150
P64,10	7151	7152
P61,12	7153	7154
P43,1	7155	7156
P184,1	7157	7158
P51,1	7159	7160
P52,1	7161	7162
P86,11	7163	7164
P55,12	7165	7166
P63,1	7167	7168
P37,12	7169	7170
P69,1	7171	7172
P76,11	7173	7174
P85,11	7175	7176
P195,1	7177	7178
P93,11	7179	7180
P73,1	7181	7182
P71,12	7183	7184
P49,13	7185	7186
P59,13	7187	7188
P81,1	7189	7190
P98,12	7191	7191
P126,11	7192	7192
P83,1	7193	7194
P185,1	7195	7196
P92,1	7197	7198
P196,1	7199	7200
P132,10	7201	7202
P197,1	7203	7204
P112,12	7205	7206
P89,13	7207	7208
P96,12	7209	7210
P103,1	7211	7212
P135,12	7213	7214
P108,12	7215	7216
P124,12	7217	7217
P105,1	7218	7219
P159,11	7220	7221
P84,13	7222	7222
P186,1	7223	7224
P131,12	7225	7226
P111,12	7227	7228
P94,13	7229	7229
P198,1	7230	7231
P115,1	7232	7233
P187,1	7234	7235
P133,12	7236	7237
P158,10	7238	7239
P102,12	7240	7241
P107,13	7242	7242
P199,1	7243	7244
P160,12	7245	7246
P118,12	7247	7248
P125,1	7249	7250
P147,12	7251	7252
P188,1	7253	7254
P200,1	7255	7256
P137,1	7257	7258
P143,1	7259	7260
P145,11	7261	7262
P172,11	7263	7264
P146,1	7265	7266
P6,13	7267	7268
P152,1	7269	7270
P189,1	7271	7272
P155,1	7273	7274
P162,1	7275	7276
P190,1	7277	7278
P168,1	7279	7280
P140,13	7281	7281
P175,1	7282	7283
P14,10	7284	7285
P16,10	7286	7286
P129,13	7287	7288
P163,12	7289	7289
P180,1	7290	7291
P12,13	7292	7293
P1,1	7294	7295
P3,1	7296	7297
P15,1	7298	7299
P179,11	7300	7301
P53,11	7302	7303
P39,10	7304	7304
P191,1	7305	7306
P192,1	7307	7308
P40,11	7309	7309
P24,1	7310	7311
P28,11	7312	7312
P176,12	7313	7314
P27,1	7315	7316
P181,1	7317	7318
P32,1	7319	7320
P2,15	7321	7322
P33,1	7323	7324
P193,1	7325	7326
P8,12	7327	7328
P182,1	7329	7330
P38,1	7331	7332
P58,12	7333	7334
P183,1	7335	7336
P35,11	7337	7338
P57,11	7339	7340
P18,14	7341	7342
P194,1	7343	7344
P64,10	7345	7346
P61,12	7347	7347
P45,14	7348	7348
P43,1	7349	7350
P184,1	7351	7352
P54,12	7353	7354
P51,1	7355	7356
P52,1	7357	7358
P86,11	7359	7360
P55,12	7361	7361
P63,1	7362	7363
P37,12	7364	7365
P69,1	7366	7367
P68,13	7368	7369
P76,11	7370	7371
P85,11	7372	7373
P195,1	7374	7375
P93,11	7376	7376
P73,1	7377	7378
P71,12	7379	7380
P49,13	7381	7381
P91,11	7382	7383
P81,1	7384	7385
P83,1	7386	7387
P185,1	7388	7389
P92,1	7390	7391
P196,1	7392	7393
P132,10	7394	7395
P197,1	7396	7397
P112,12	7398	7398
P89,13	7399	7400
P103,1	7401	7402
P135,12	7403	7404
P126,12	7405	7406
P108,12	7407	7407
P105,1	7408	7409
P159,11	7410	7410
P186,1	7411	7412
P98,13	7413	7414
P198,1	7415	7416
P115,1	7417	7418
P187,1	7419	7420
P133,12	7421	7422
P158,10	7423	7423
P102,12	7424	7425
P199,1	7426	7427
P96,13	7428	7429
P118,12	7430	7431
P125,1	7432	7433
P147,12	7434	7435
P188,1	7436	7437
P200,1	7438	7439
P137,1	7440	7441
P143,1	7442	7443
P111,13	7444	7445
P172,11	7446	7447
P146,1	7448	7449
P6,13	7450	7451
P152,1	7452	7453
P160,13	7454	7455
P189,1	7456	7457
P155,1	7458	7459
P162,1	7460	7461
P107,14	7462	7463
P190,1	7464	7465
P168,1	7466	7467
P175,1	7468	7469
P145,12	7470	7471
P180,1	7472	7473
P1,1	7474	7475
P3,1	7476	7477
P15,1	7478	7479
P179,11	7480	7481
P140,14	7482	7483
P191,1	7484	7485
P192,1	7486	7487
P24,1	7488	7489
P176,12	7490	7491
P27,1	7492	7493
P181,1	7494	7495
P14,11	7496	7497
P32,1	7498	7499
P163,13	7500	7501
P2,15	7502	7503
P12,14	7504	7504
P40,12	7505	7506
P33,1	7507	7508
P193,1	7509	7510
P8,12	7511	7511
P182,1	7512	7513
P38,1	7514	7515
P53,12	7516	7517
P183,1	7518	7519
P35,11	7520	7520
P39,11	7521	7522
P57,11	7523	7523
P18,14	7524	7525
P194,1	7526	7527
P64,10	7528	7529
P43,1	7530	7531
P184,1	7532	7533
P54,12	7534	7535
P51,1	7536	7537
P52,1	7538	7539
P63,1	7540	7541
P69,1	7542	7543
P58,13	7544	7545
P68,13	7546	7547
P61,13	7548	7549
P195,1	7550	7551
P73,1	7552	7553
P71,12	7554	7555
P91,11	7556	7556
P55,13	7557	7558
P81,1	7559	7560
P86,12	7561	7562
P83,1	7563	7564
P185,1	7565	7566
P92,1	7567	7568
P85,12	7569	7570
P196,1	7571	7572
P37,13	7573	7573
P197,1	7574	7575
P103,1	7576	7577
P126,12	7578	7579
P76,12	7580	7581
P105,1	7582	7583
P186,1	7584	7585
P98,13	7586	7587
P198,1	7588	7589
P49,14	7590	7591
P115,1	7592	7593
P187,1	7594	7595
P89,14	7596	7597
P102,12	7598	7599
P199,1	7600	7601
P125,1	7602	7603
P112,13	7604	7605
P132,11	7606	7607
P108,13	7608	7609
P188,1	7610	7611
P200,1	7612	7613
P137,1	7614	7615
P143,1	7616	7617
P111,13	7618	7619
P172,11	7620	7621
P146,1	7622	7623
P158,11	7624	7625
P6,13	7626	7627
P152,1	7628	7629
P160,13	7630	7631
P189,1	7632	7633
P133,13	7634	7635
P155,1	7636	7637
P162,1	7638	7639
P147,13	7640	7640
P190,1	7641	7642
P118,13	7643	7643
P168,1	7644	7645
P96,14	7646	7647
P175,1	7648	7649
P145,12	7650	7651
P180,1	7652	7653
P1,1	7654	7655
P3,1	7656	7657
P15,1	7658	7659
P179,11	7660	7661
P140,14	7662	7663
P191,1	7664	7665
P192,1	7666	7667
P24,1	7668	7669
P176,12	7670	7671
P27,1	7672	7673
P107,15	7674	7675
P181,1	7676	7677
P32,1	7678	7679
P163,13	7680	7681
P40,12	7682	7683
P33,1	7684	7685
P193,1	7686	7687
P182,1	7688	7689
P38,1	7690	7691
P53,12	7692	7693
P183,1	7694	7695
P39,11	7696	7697
P194,1	7698	7699
P43,1	7700	7701
P184,1	7702	7703
P14,12	7704	7705
P54,12	7706	7707
P51,1	7708	7709
P52,1	7710	7711
P8,13	7712	7713
P63,1	7714	7715
P69,1	7716	7717
P35,12	7718	7719
P58,13	7720	7720
P61,13	7721	7722
P195,1	7723	7724
P57,12	7725	7726
P73,1	7727	7728
P64,11	7729	7730
P55,13	7731	7731
P81,1	7732	7733
P86,12	7734	7735
P83,1	7736	7737
P185,1	7738	7739
P92,1	7740	7741
P196,1	7742	7743
P71,13	7744	7745
P197,1	7746	7747
P103,1	7748	7749
P91,12	7750	7751
P76,12	7752	7753
P105,1	7754	7755
P186,1	7756	7757
P198,1	7758	7759
P49,14	7760	7761
P85,13	7762	7763
P115,1	7764	7765
P187,1	7766	7767
P89,14	7768	7769
P199,1	7770	7771
P125,1	7772	7773
P112,13	7774	7775
P132,11	7776	7777
P108,13	7778	7779
P188,1	7780	7781
P200,1	7782	7783
P137,1	7784	7785
P143,1	7786	7787
P111,13	7788	7789
P98,14	7790	7791
P146,1	7792	7793
P158,11	7794	7795
P152,1	7796	7797
P160,13	7798	7799
P189,1	7800	7801
P102,13	7802	7802
P155,1	7803	7804
P162,1	7805	7806
P190,1	7807	7808
P172,12	7809	7810
P168,1	7811	7812
P96,14	7813	7814
P175,1	7815	7816
P145,12	7817	7818
P180,1	7819	7820
P1,1	7821	7822
P3,1	7823	7824
P15,1	7825	7826
P6,14	7827	7828
P140,14	7829	7830
P191,1	7831	7832
P192,1	7833	7834
P24,1	7835	7836
P118,14	7837	7838
P27,1	7839	7840
P147,14	7841	7842
P181,1	7843	7844
P32,1	7845	7846
P163,13	7847	7848
P33,1	7849	7850
P193,1	7851	7852
P182,1	7853	7854
P38,1	7855	7856
P53,12	7857	7858
P183,1	7859	7860
P39,11	7861	7862
P194,1	7863	7864
P179,12	7865	7866
P43,1	7867	7868
P184,1	7869	7870
P14,12	7871	7872
P176,13	7873	7874
P51,1	7875	7876
P52,1	7877	7878
P8,13	7879	7880
P63,1	7881	7882
P69,1	7883	7884
P35,12	7885	7885
P40,13	7886	7887
P61,13	7888	7889
P195,1	7890	7891
P73,1	7892	7893
P64,11	7894	7895
P81,1	7896	7897
P83,1	7898	7899
P185,1	7900	7901
P92,1	7902	7903
P58,14	7904	7905
P196,1	7906	7907
P71,13	7908	7909
P54,13	7910	7911
P197,1	7912	7913
P103,1	7914	7915
P86,13	7916	7917
P91,12	7918	7919
P105,1	7920	7921
P186,1	7922	7923
P198,1	7924	7925
P115,1	7926	7927
P187,1	7928	7929
P89,14	7930	7931
P199,1	7932	7933
P125,1	7934	7935
P108,13	7936	7936
P188,1	7937	7938
P200,1	7939	7940
P137,1	7941	7942
P76,13	7943	7944
P143,1	7945	7946
P98,14	7947	7948
P146,1	7949	7950
P158,11	7951	7952
P152,1	7953	7954
P189,1	7955	7956
P132,12	7957	7958
P155,1	7959	7960
P162,1	7961	7962
P190,1	7963	7964
P172,12	7965	7965
P168,1	7966	7967
P96,14	7968	7969
P175,1	7970	7971
P180,1	7972	7973
P1,1	7974	7975
P3,1	7976	7977
P102,14	7978	7979
P15,1	7980	7981
P6,14	7982	7983
P191,1	7984	7985
P160,14	7986	7987
P192,1	7988	7989
P24,1	7990	7991
P118,14	7992	7993
P145,13	7994	7995
P27,1	7996	7997
P147,14	7998	7999
P181,1	8000	8001
P32,1	8002	8003
P33,1	8004	8005
P193,1	8006	8007
P182,1	8008	8009
P38,1	8010	8011
P183,1	8012	8013
P194,1	8014	8015
P179,12	8016	8017
P43,1	8018	8019
P184,1	8020	8021
P14,12	8022	8023
P176,13	8024	8025
P51,1	8026	8027
P52,1	8028	8029
P163,14	8030	8030
P39,12	8031	8032
P63,1	8033	8034
P69,1	8035	8036
P40,13	8037	8038
P195,1	8039	8040
P73,1	8041	8042
P64,11	8043	8044
P81,1	8045	8046
P53,13	8047	8047
P83,1	8048	8049
P185,1	8050	8051
P92,1	8052	8053
P58,14	8054	8055
P196,1	8056	8057
P71,13	8058	8058
P54,13	8059	8060
P197,1	8061	8062
P103,1	8063	8064
P35,13	8065	8066
P91,12	8067	8067
P8,14	8068	8069
P105,1	8070	8071
P186,1	8072	8073
P198,1	8074	8075
P115,1	8076	8077
P187,1	8078	8079
P199,1	8080	8081
P86,14	8082	8083
P125,1	8084	8085
P188,1	8086	8087
P200,1	8088	8089
P137,1	8090	8091
P76,13	8092	8093
P143,1	8094	8095
P146,1	8096	8097
P152,1	8098	8099
P189,1	8100	8101
P132,12	8102	8102
P155,1	8103	8104
P162,1	8105	8106
P190,1	8107	8108
P98,15	8109	8110
P168,1	8111	8112
P175,1	8113	8114
P180,1	8115	8116
P158,12	8117	8117
P1,1	8118	8119
P3,1	8120	8121
P102,14	8122	8123
P15,1	8124	8125
P191,1	8126	8127
P172,13	8128	8128
P160,14	8129	8129
P192,1	8130	8131
P24,1	8132	8133
P118,14	8134	8134
P145,13	8135	8136
P27,1	8137	8138
P181,1	8139	8140
P32,1	8141	8142
P96,15	8143	8144
P33,1	8145	8146
P193,1	8147	8148
P182,1	8149	8150
P38,1	8151	8152
P183,1	8153	8154
P194,1	8155	8156
P179,12	8157	8157
P43,1	8158	8159
P184,1	8160	8161
P176,13	8162	8163
P51,1	8164	8165
P52,1	8166	8167
P39,12	8168	8169
P63,1	8170	8171
P69,1	8172	8173
P40,13	8174	8175
P195,1	8176	8177
P73,1	8178	8179
P81,1	8180	8181
P83,1	8182	8183
P185,1	8184	8185
P92,1	8186	8187
P163,15	8188	8189
P58,14	8190	8191
P196,1	8192	8193
P14,13	8194	8195
P197,1	8196	8197
P103,1	8198	8199
P35,13	8200	8201
P8,14	8202	8203
P105,1	8204	8205
P53,14	8206	8206
P186,1	8207	8208
P198,1	8209	8210
P115,1	8211	8212
P187,1	8213	8214
P199,1	8215	8216
P86,14	8217	8218
P125,1	8219	8220
P188,1	8221	8222
P200,1	8223	8224
P137,1	8225	8226
P143,1	8227	8228
P71,14	8229	8229
P146,1	8230	8231
P152,1	8232	8233
P189,1	8234	8235
P91,13	8236	8237
P155,1	8238	8239
P162,1	8240	8241
P190,1	8242	8243
P98,15	8244	8245
P168,1	8246	8247
P175,1	8248	8249
P180,1	8250	8251
P1,1	8252	8253
P3,1	8254	8255
P15,1	8256	8257
P191,1	8258	8259
P76,14	8260	8261
P192,1	8262	8263
P158,13	8264	8265
P24,1	8266	8267
P145,13	8268	8269
P27,1	8270	8271
P181,1	8272	8273
P32,1	8274	8275
P96,15	8276	8277
P33,1	8278	8279
P193,1	8280	8281
P182,1	8282	8283
P38,1	8284	8285
P183,1	8286	8287
P194,1	8288	8289
P102,15	8290	8291
P43,1	8292	8293
P184,1	8294	8295
P51,1	8296	8297
P52,1	8298	8299
P39,12	8300	8301
P63,1	8302	8303
P69,1	8304	8305
P195,1	8306	8307
P73,1	8308	8309
P81,1	8310	8311
P185,1	8312	8313
P92,1	8314	8315
P176,14	8316	8317
P163,15	8318	8319
P196,1	8320	8321
P179,13	8322	8322
P14,13	8323	8324
P197,1	8325	8326
P103,1	8327	8328
P35,13	8329	8330
P8,14	8331	8331
P105,1	8332	8333
P186,1	8334	8335
P198,1	8336	8337
P115,1	8338	8339
P187,1	8340	8341
P199,1	8342	8343
P125,1	8344	8345
P188,1	8346	8347
P200,1	8348	8349
P137,1	8350	8351
P143,1	8352	8353
P146,1	8354	8355
P53,15	8356	8357
P152,1	8358	8359
P189,1	8360	8361
P155,1	8362	8363
P86,15	8364	8365
P162,1	8366	8367
P190,1	8368	8369
P168,1	8370	8371
P71,15	8372	8373
P175,1	8374	8375
P180,1	8376	8377
P1,1	8378	8379
P3,1	8380	8381
P191,1	8382	8383
P15,2	8384	8385
P192,1	8386	8387
P24,1	8388	8389
P27,1	8390	8391
P181,1	8392	8393
P32,1	8394	8395
P96,15	8396	8396
P33,1	8397	8398
P193,1	8399	8400
P182,1	8401	8402
P38,1	8403	8404
P183,1	8405	8406
P158,14	8407	8408
P194,1	8409	8410
P102,15	8411	8412
P43,1	8413	8414
P184,1	8415	8416
P51,1	8417	8418
P52,1	8419	8420
P63,1	8421	8422
P69,1	8423	8424
P195,1	8425	8426
P73,1	8427	8428
P81,1	8429	8430
P185,1	8431	8432
P92,1	8433	8434
P176,14	8435	8436
P196,1	8437	8438
P197,1	8439	8440
P103,1	8441	8442
P105,1	8443	8444
P186,1	8445	8446
P198,1	8447	8448
P179,14	8449	8450
P115,1	8451	8452
P187,1	8453	8454
P199,1	8455	8456
P35,14	8457	8457
P125,1	8458	8459
P188,1	8460	8461
P200,1	8462	8463
P137,1	8464	8465
P143,1	8466	8467
P146,1	8468	8469
P14,14	8470	8471
P152,1	8472	8473
P189,1	8474	8475
P8,15	8476	8477
P155,1	8478	8479
P86,15	8480	8480
P162,1	8481	8482
P190,1	8483	8484
P168,1	8485	8486
P71,15	8487	8487
P175,1	8488	8489
P180,1	8490	8491
P1,1	8492	8493
P3,1	8494	8495
P191,1	8496	8497
P15,2	8498	8499
P192,1	8500	8501
P24,1	8502	8503
P27,1	8504	8505
P181,1	8506	8507
P32,1	8508	8509
P33,1	8510	8511
P193,1	8512	8513
P182,1	8514	8515
P38,1	8516	8517
P183,1	8518	8519
P158,14	8520	8521
P194,1	8522	8523
P102,15	8524	8525
P43,1	8526	8527
P184,1	8528	8528
P51,1	8529	8530
P52,1	8531	8532
P63,1	8533	8534
P69,1	8535	8536
P195,1	8537	8538
P73,1	8539	8540
P81,1	8541	8542
P185,1	8543	8544
P92,1	8545	8546
P176,14	8547	8547
P196,1	8548	8549
P197,1	8550	8551
P103,1	8552	8553
P105,1	8554	8555
P186,1	8556	8557
P198,1	8558	8559
P179,14	8560	8561
P115,1	8562	8563
P187,1	8564	8565
P199,1	8566	8567
P125,1	8568	8569
P188,1	8570	8571
P200,1	8572	8573
P137,1	8574	8575
P143,1	8576	8577
P146,1	8578	8579
P14,14	8580	8580
P152,1	8581	8582
P189,1	8583	8584
P8,15	8585	8586
P155,1	8587	8588
P162,1	8589	8590
P190,1	8591	8592
P168,1	8593	8594
P175,1	8595	8596
P180,1	8597	8598
P35,15	8599	8599
P1,1	8600	8601
P3,1	8602	8603
P191,1	8604	8605
P15,2	8606	8607
P192,1	8608	8609
P24,1	8610	8611
P27,1	8612	8613
P181,1	8614	8615
P32,1	8616	8617
P33,1	8618	8619
P193,1	8620	8621
P182,1	8622	8623
P38,1	8624	8625
P183,1	8626	8627
P194,1	8628	8629
P43,1	8630	8631
P52,1	8632	8633
P184,2	8634	8635
P51,2	8636	8637
P63,1	8638	8639
P69,1	8640	8641
P195,1	8642	8643
P73,1	8644	8645
P81,1	8646	8647
P185,1	8648	8649
P92,1	8650	8651
P196,1	8652	8653
P197,1	8654	8655
P103,1	8656	8657
P105,1	8658	8659
P186,1	8660	8661
P198,1	8662	8663
P179,14	8664	8665
P115,1	8666	8667
P187,1	8668	8669
P199,1	8670	8671
P176,15	8672	8673
P125,1	8674	8675
P188,1	8676	8677
P200,1	8678	8679
P137,1	8680	8681
P143,1	8682	8683
P146,1	8684	8685
P152,1	8686	8687
P189,1	8688	8689
P155,1	8690	8691
P162,1	8692	8693
P190,1	8694	8695
P168,1	8696	8697
P175,1	8698	8699
P180,1	8700	8701
P1,1	8702	8703
P3,1	8704	8705
P191,1	8706	8707
P15,2	8708	8709
P192,1	8710	8711
P24,1	8712	8713
P27,1	8714	8715
P181,1	8716	8717
P32,1	8718	8719
P33,1	8720	8721
P193,1	8722	8723
P182,1	8724	8725
P38,1	8726	8727
P183,1	8728	8729
P194,1	8730	8731
P43,1	8732	8733
P52,1	8734	8735
P184,2	8736	8737
P51,2	8738	8739
P63,1	8740	8741
P69,1	8742	8743
P195,1	8744	8745
P73,1	8746	8747
P81,1	8748	8749
P185,1	8750	8751
P92,1	8752	8753
P196,1	8754	8755
P197,1	8756	8757
P103,1	8758	8759
P105,1	8760	8761
P186,1	8762	8763
P198,1	8764	8765
P115,1	8766	8767
P187,1	8768	8768
P199,1	8769	8770
P176,15	8771	8771
P125,1	8772	8773
P188,1	8774	8775
P200,1	8776	8777
P137,1	8778	8779
P143,1	8780	8781
P146,1	8782	8783
P152,1	8784	8785
P189,1	8786	8787
P155,1	8788	8789
P162,1	8790	8791
P190,1	8792	8793
P168,1	8794	8795
P179,15	8796	8797
P175,1	8798	8799
P180,1	8800	8801
P1,1	8802	8803
P3,1	8804	8805
P191,1	8806	8807
P15,2	8808	8809
P192,1	8810	8811
P24,1	8812	8813
P27,1	8814	8815
P181,1	8816	8817
P32,1	8818	8819
P193,1	8820	8821
P182,1	8822	8823
P38,1	8824	8825
P183,1	8826	8827
P194,1	8828	8829
P43,1	8830	8831
P52,1	8832	8833
P184,2	8834	8835
P51,2	8836	8837
P63,1	8838	8839
P69,1	8840	8841
P195,1	8842	8843
P73,1	8844	8845
P81,1	8846	8847
P185,1	8848	8849
P92,1	8850	8851
P196,1	8852	8853
P197,1	8854	8855
P103,1	8856	8857
P105,1	8858	8859
P186,1	8860	8861
P198,1	8862	8863
P115,1	8864	8865
P199,1	8866	8867
P125,1	8868	8869
P187,2	8870	8871
P188,1	8872	8873
P200,1	8874	8875
P137,1	8876	8877
P143,1	8878	8879
P146,1	8880	8881
P152,1	8882	8883
P189,1	8884	8885
P155,1	8886	8887
P162,1	8888	8889
P190,1	8890	8891
P168,1	8892	8893
P179,15	8894	8894
P175,1	8895	8896
P180,1	8897	8898
P1,1	8899	8900
P3,1	8901	8902
P191,1	8903	8904
P15,2	8905	8906
P192,1	8907	8908
P24,1	8909	8910
P27,1	8911	8912
P181,1	8913	8914
P32,1	8915	8916
P193,1	8917	8918
P182,1	8919	8920
P38,1	8921	8922
P183,1	8923	8924
P194,1	8925	8926
P43,1	8927	8928
P52,1	8929	8930
P184,2	8931	8932
P51,2	8933	8934
P63,1	8935	8936
P69,1	8937	8938
P195,1	8939	8940
P73,1	8941	8942
P81,1	8943	8944
P185,1	8945	8946
P92,1	8947	8948
P196,1	8949	8950
P197,1	8951	8952
P103,1	8953	8954
P105,1	8955	8956
P186,1	8957	8958
P198,1	8959	8960
P115,1	8961	8962
P199,1	8963	8964
P125,1	8965	8966
P187,2	8967	8968
P188,1	8969	8970
P200,1	8971	8972
P137,1	8973	8974
P143,1	8975	8975
P146,1	8976	8977
P152,1	8978	8979
P189,1	8980	8981
P155,1	8982	8983
P162,1	8984	8985
P190,1	8986	8987
P168,1	8988	8989
P175,1	8990	8991
P180,1	8992	8993
P1,1	8994	8995
P3,1	8996	8997
P191,1	8998	8999
P15,2	9000	9001
P192,1	9002	9003
P24,1	9004	9005
P27,1	9006	9007
P181,1	9008	9009
P32,1	9010	9011
P193,1	9012	9013
P182,1	9014	9015
P38,1	9016	9017
P183,1	9018	9019
P194,1	9020	9021
P43,1	9022	9023
P52,1	9024	9025
P184,2	9026	9027
P51,2	9028	9029
P63,1	9030	9031
P69,1	9032	9033
P195,1	9034	9035
P73,1	9036	9037
P81,1	9038	9039
P185,1	9040	9041
P92,1	9042	9043
P196,1	9044	9045
P197,1	9046	9047
P103,1	9048	9049
P105,1	9050	9051
P186,1	9052	9053
P198,1	9054	9055
P115,1	9056	9057
P199,1	9058	9059
P125,1	9060	9061
P187,2	9062	9063
P188,1	9064	9065
P200,1	9066	9067
P137,1	9068	9069
P146,1	9070	9071
P143,2	9072	9073
P152,1	9074	9075
P189,1	9076	9077
P155,1	9078	9079
P162,1	9080	9081
P190,1	9082	9083
P168,1	9084	9085
P175,1	9086	9087
P180,1	9088	9089
P1,1	9090	9091
P3,1	9092	9093
P191,1	9094	9095
P15,2	9096	9097
P192,1	9098	9099
P24,1	9100	9101
P27,1	9102	9103
P181,1	9104	9105
P32,1	9106	9107
P193,1	9108	9109
P182,1	9110	9111
P38,1	9112	9113
P183,1	9114	9115
P194,1	9116	9117
P43,1	9118	9119
P52,1	9120	9121
P184,2	9122	9123
P51,2	9124	9125
P63,1	9126	9127
P69,1	9128	9129
P195,1	9130	9131
P73,1	9132	9133
P81,1	9134	9135
P185,1	9136	9137
P92,1	9138	9139
P196,1	9140	9141
P197,1	9142	9143
P103,1	9144	9145
P105,1	9146	9147
P186,1	9148	9149
P198,1	9150	9151
P115,1	9152	9153
P199,1	9154	9155
P125,1	9156	9157
P187,2	9158	9159
P188,1	9160	9161
P200,1	9162	9163
P137,1	9164	9165
P146,1	9166	9167
P143,2	9168	9169
P152,1	9170	9171
P189,1	9172	9173
P155,1	9174	9175
P162,1	9176	9177
P190,1	9178	9179
P168,1	9180	9181
P175,1	9182	9183
P180,1	9184	9185
P1,1	9186	9187
P3,1	9188	9189
P191,1	9190	9191
P15,2	9192	9193
P192,1	9194	9195
P24,1	9196	9197
P27,1	9198	9199
P181,1	9200	9201
P32,1	9202	9203
P193,1	9204	9205
P182,1	9206	9207
P38,1	9208	9209
P183,1	9210	9211
P194,1	9212	9213
P43,1	9214	9215
P52,1	9216	9217
P184,2	9218	9219
P51,2	9220	9221
P63,1	9222	9223
P69,1	9224	9225
P195,1	9226	9227
P73,1	9228	9229
P81,1	9230	9231
P185,1	9232	9233
P92,1	9234	9235
P196,1	9236	9237
P197,1	9238	9239
P103,1	9240	9241
P105,1	9242	9243
P186,1	9244	9245
P198,1	9246	9247
P115,1	9248	9249
P199,1	9250	9251
P125,1	9252	9253
P187,2	9254	9255
P188,1	9256	9257
P200,1	9258	9259
P137,1	9260	9261
P146,1	9262	9263
P143,2	9264	9265
P152,1	9266	9267
P189,1	9268	9269
P155,1	9270	9271
P162,1	9272	9273
P190,1	9274	9275
P168,1	9276	9276
P180,1	9277	9278
P1,1	9279	9280
P175,2	9281	9282
P3,1	9283	9284
P191,1	9285	9286
P15,2	9287	9288
P192,1	9289	9290
P24,1	9291	9292
P27,1	9293	9294
P181,1	9295	9296
P32,1	9297	9298
P193,1	9299	9300
P182,1	9301	9302
P38,1	9303	9304
P183,1	9305	9306
P194,1	9307	9308
P43,1	9309	9310
P52,1	9311	9312
P184,2	9313	9314
P51,2	9315	9316
P63,1	9317	9318
P69,1	9319	9320
P195,1	9321	9322
P73,1	9323	9324
P81,1	9325	9326
P185,1	9327	9328
P92,1	9329	9330
P196,1	9331	9332
P103,1	9333	9334
P105,1	9335	9336
P197,2	9337	9338
P186,1	9339	9340
P198,1	9341	9342
P115,1	9343	9344
P199,1	9345	9346
P125,1	9347	9348
P187,2	9349	9350
P188,1	9351	9352
P200,1	9353	9354
P137,1	9355	9356
P146,1	9357	9358
P143,2	9359	9360
P152,1	9361	9362
P189,1	9363	9364
P155,1	9365	9366
P162,1	9367	9368
P190,1	9369	9370
P180,1	9371	9372
P1,1	9373	9374
P175,2	9375	9376
P3,1	9377	9378
P191,1	9379	9380
P15,2	9381	9382
P192,1	9383	9384
P24,1	9385	9386
P27,1	9387	9388
P181,1	9389	9390
P32,1	9391	9392
P193,1	9393	9394
P182,1	9395	9396
P38,1	9397	9398
P183,1	9399	9400
P194,1	9401	9402
P43,1	9403	9404
P52,1	9405	9406
P184,2	9407	9408
P51,2	9409	9410
P63,1	9411	9412
P69,1	9413	9414
P195,1	9415	9416
P73,1	9417	9418
P81,1	9419	9420
P92,1	9421	9422
P196,1	9423	9424
P185,2	9425	9426
P103,1	9427	9428
P105,1	9429	9430
P197,2	9431	9432
P186,1	9433	9434
P198,1	9435	9436
P115,1	9437	9438
P199,1	9439	9440
P125,1	9441	9442
P187,2	9443	9444
P188,1	9445	9446
P200,1	9447	9448
P137,1	9449	9450
P146,1	9451	9452
P143,2	9453	9454
P152,1	9455	9456
P189,1	9457	9458
P155,1	9459	9460
P162,1	9461	9462
P190,1	9463	9464
P180,1	9465	9466
P1,1	9467	9468
P175,2	9469	9470
P3,1	9471	9472
P191,1	9473	9474
P15,2	9475	9476
P192,1	9477	9478
P24,1	9479	9480
P27,1	9481	9482
P181,1	9483	9484
P32,1	9485	9486
P193,1	9487	9488
P182,1	9489	9490
P38,1	9491	9492
P183,1	9493	9494
P194,1	9495	9496
P43,1	9497	9498
P52,1	9499	9500
P184,2	9501	9502
P51,2	9503	9504
P63,1	9505	9505
P69,1	9506	9507
P195,1	9508	9509
P73,1	9510	9511
P81,1	9512	9513
P92,1	9514	9515
P196,1	9516	9517
P185,2	9518	9519
P103,1	9520	9521
P105,1	9522	9523
P197,2	9524	9525
P186,1	9526	9527
P198,1	9528	9529
P115,1	9530	9531
P199,1	9532	9533
P125,1	9534	9535
P187,2	9536	9537
P188,1	9538	9539
P200,1	9540	9541
P137,1	9542	9543
P146,1	9544	9545
P143,2	9546	9547
P152,1	9548	9549
P189,1	9550	9551
P155,1	9552	9553
P162,1	9554	9555
P190,1	9556	9557
P180,1	9558	9559
P1,1	9560	9561
P175,2	9562	9563
P3,1	9564	9565
P191,1	9566	9567
P15,2	9568	9569
P192,1	9570	9571
P24,1	9572	9573
P27,1	9574	9575
P181,1	9576	9577
P32,1	9578	9579
P193,1	9580	9581
P182,1	9582	9583
P38,1	9584	9585
P183,1	9586	9587
P194,1	9588	9589
P43,1	9590	9591
P52,1	9592	9593
P184,2	9594	9595
P51,2	9596	9597
P69,1	9598	9599
P195,1	9600	9601
P73,1	9602	9603
P81,1	9604	9605
P92,1	9606	9607
P196,1	9608	9609
P185,2	9610	9611
P103,1	9612	9613
P105,1	9614	9615
P197,2	9616	9617
P186,1	9618	9619
P115,1	9620	9621
P198,2	9622	9623
P199,1	9624	9625
P125,1	9626	9627
P187,2	9628	9629
P188,1	9630	9631
P200,1	9632	9633
P137,1	9634	9635
P146,1	9636	9637
P143,2	9638	9639
P152,1	9640	9641
P189,1	9642	9643
P155,1	9644	9645
P162,1	9646	9647
P190,1	9648	9649
P180,1	9650	9651
P1,1	9652	9653
P175,2	9654	9655
P3,1	9656	9657
P191,1	9658	9659
P15,2	9660	9661
P192,1	9662	9663
P24,1	9664	9665
P27,1	9666	9667
P181,1	9668	9669
P32,1	9670	9671
P193,1	9672	9673
P182,1	9674	9675
P38,1	9676	9677
P183,1	9678	9679
P194,1	9680	9681
P43,1	9682	9683
P52,1	9684	9685
P184,2	9686	9687
P51,2	9688	9689
P69,1	9690	9691
P195,1	9692	9693
P73,1	9694	9695
P81,1	9696	9697
P92,1	9698	9699
P196,1	9700	9701
P185,2	9702	9703
P103,1	9704	9705
P105,1	9706	9707
P197,2	9708	9709
P186,1	9710	9711
P115,1	9712	9713
P198,2	9714	9715
P199,1	9716	9717
P125,1	9718	9719
P187,2	9720	9721
P188,1	9722	9723
P200,1	9724	9725
P137,1	9726	9727
P146,1	9728	9729
P143,2	9730	9731
P152,1	9732	9733
P189,1	9734	9735
P155,1	9736	9737
P162,1	9738	9739
P190,1	9740	9741
P180,1	9742	9743
P1,1	9744	9745
P175,2	9746	9747
P3,1	9748	9749
P191,1	9750	9751
P15,2	9752	9753
P192,1	9754	9755
P24,1	9756	9757
P27,1	9758	9759
P181,1	9760	9761
P32,1	9762	9763
P193,1	9764	9765
P182,1	9766	9767
P38,1	9768	9769
P183,1	9770	9771
P194,1	9772	9773
P43,1	9774	9775
P52,1	9776	9777
P184,2	9778	9779
P51,2	9780	9781
P69,1	9782	9783
P195,1	9784	9785
P73,1	9786	9787
P81,1	9788	9789
P92,1	9790	9791
P196,1	9792	9793
P185,2	9794	9795
P103,1	9796	9797
P105,1	9798	9799
P197,2	9800	9801
P186,1	9802	9803
P115,1	9804	9805
P198,2	9806	9807
P199,1	9808	9809
P125,1	9810	9811
P187,2	9812	9813
P188,1	9814	9815
P200,1	9816	9817
P137,1	9818	9819
P146,1	9820	9821
P143,2	9822	9823
P152,1	9824	9825
P189,1	9826	9827
P155,1	9828	9829
P162,1	9830	9831
P190,1	9832	9833
P180,1	9834	9835
P1,1	9836	9837
P175,2	9838	9839
P3,1	9840	9841
P191,1	9842	9843
P15,2	9844	9845
P192,1	9846	9847
P24,1	9848	9849
P27,1	9850	9851
P181,1	9852	9853
P32,1	9854	9855
P193,1	9856	9857
P182,1	9858	9859
P38,1	9860	9861
P183,1	9862	9863
P194,1	9864	9865
P43,1	9866	9867
P52,1	9868	9869
P184,2	9870	9871
P51,2	9872	9873
P69,1	9874	9875
P195,1	9876	9877
P73,1	9878	9879
P81,1	9880	9881
P92,1	9882	9883
P196,1	9884	9885
P185,2	9886	9887
P103,1	9888	9889
P105,1	9890	9891
P197,2	9892	9893
P186,1	9894	9895
P115,1	9896	9897
P198,2	9898	9899
P199,1	9900	9901
P125,1	9902	9903
P187,2	9904	9905
P188,1	9906	9907
P200,1	9908	9909
P137,1	9910	9911
P146,1	9912	9913
P143,2	9914	9915
P152,1	9916	9917
P189,1	9918	9919
P155,1	9920	9921
P162,1	9922	9923
P190,1	9924	9925
P180,1	9926	9927
P1,1	9928	9929
P175,2	9930	9931
P3,1	9932	9933
P191,1	9934	9935
P15,2	9936	9937
P192,1	9938	9939
P24,1	9940	9941
P27,1	9942	9943
P181,1	9944	9945
P32,1	9946	9947
P193,1	9948	9949
P182,1	9950	9951
P38,1	9952	9953
P183,1	9954	9955
P194,1	9956	9957
P43,1	9958	9959
P52,1	9960	9961
P184,2	9962	9963
P51,2	9964	9965
P69,1	9966	9967
P195,1	9968	9969
P73,1	9970	9971
P81,1	9972	9973
P92,1	9974	9974
P196,1	9975	9976
P185,2	9977	9978
P103,1	9979	9980
P105,1	9981	9982
P197,2	9983	9984
P186,1	9985	9986
P115,1	9987	9988
P198,2	9989	9990
P199,1	9991	9992
P125,1	9993	9994
P187,2	9995	9996
P188,1	9997	9998
P200,1	9999	10000
P137,1	10001	10002
P146,1	10003	10004
P143,2	10005	10006
P152,1	10007	10008
P189,1	10009	10010
P155,1	10011	10012
P162,1	10013	10014
P190,1	10015	10016
P180,1	10017	10018
P1,1	10019	10020
P175,2	10021	10022
P3,1	10023	10024
P191,1	10025	10026
P15,2	10027	10028
P192,1	10029	10030
P24,1	10031	10032
P27,1	10033	10034
P181,1	10035	10036
P32,1	10037	10038
P193,1	10039	10040
P182,1	10041	10042
P38,1	10043	10044
P183,1	10045	10046
P194,1	10047	10048
P43,1	10049	10050
P52,1	10051	10052
P184,2	10053	10054
P51,2	10055	10056
P69,1	10057	10058
P195,1	10059	10060
P73,1	10061	10062
P81,1	10063	10064
P196,1	10065	10066
P185,2	10067	10068
P92,2	10069	10070
P103,1	10071	10072
P105,1	10073	10073
P197,2	10074	10075
P186,1	10076	10077
P115,1	10078	10079
P198,2	10080	10081
P199,1	10082	10083
P125,1	10084	10085
P187,2	10086	10087
P188,1	10088	10089
P200,1	10090	10091
P137,1	10092	10093
P146,1	10094	10095
P143,2	10096	10097
P152,1	10098	10099
P189,1	10100	10101
P155,1	10102	10103
P162,1	10104	10105
P190,1	10106	10107
P180,1	10108	10109
P1,1	10110	10111
P175,2	10112	10113
P3,1	10114	10115
P191,1	10116	10117
P15,2	10118	10119
P192,1	10120	10121
P24,1	10122	10123
P27,1	10124	10125
P181,1	10126	10127
P32,1	10128	10129
P193,1	10130	10131
P182,1	10132	10133
P38,1	10134	10135
P183,1	10136	10137
P194,1	10138	10139
P43,1	10140	10141
P52,1	10142	10143
P184,2	10144	10145
P51,2	10146	10147
P69,1	10148	10149
P195,1	10150	10151
P73,1	10152	10153
P81,1	10154	10155
P196,1	10156	10157
P185,2	10158	10159
P92,2	10160	10161
P103,1	10162	10163
P197,2	10164	10165
P186,1	10166	10167
P115,1	10168	10169
P198,2	10170	10171
P199,1	10172	10173
P125,1	10174	10175
P187,2	10176	10177
P188,1	10178	10179
P200,1	10180	10181
P137,1	10182	10183
P146,1	10184	10185
P143,2	10186	10187
P152,1	10188	10189
P189,1	10190	10191
P155,1	10192	10193
P162,1	10194	10195
P190,1	10196	10197
P180,1	10198	10199
P1,1	10200	10201
P175,2	10202	10203
P3,1	10204	10205
P191,1	10206	10207
P15,2	10208	10209
P24,1	10210	10211
P27,1	10212	10212
P181,1	10213	10214
P193,1	10215	10216
P182,1	10217	10218
P38,1	10219	10220
P183,1	10221	10222
P194,1	10223	10224
P43,1	10225	10226
P52,1	10227	10228
P184,2	10229	10230
P51,2	10231	10232
P69,1	10233	10234
P195,1	10235	10236
P73,1	10237	10238
P81,1	10239	10240
P196,1	10241	10242
P185,2	10243	10244
P92,2	10245	10246
P103,1	10247	10248
P197,2	10249	10250
P186,1	10251	10252
P115,1	10253	10254
P198,2	10255	10256
P199,1	10257	10258
P125,1	10259	10260
P187,2	10261	10262
P188,1	10263	10264
P200,1	10265	10266
P137,1	10267	10268
P146,1	10269	10270
P143,2	10271	10272
P152,1	10273	10274
P189,1	10275	10276
P155,1	10277	10278
P190,1	10279	10280
P162,2	10281	10282
P180,1	10283	10284
P1,1	10285	10286
P175,2	10287	10288
P3,1	10289	10290
P191,1	10291	10292
P15,2	10293	10294
P24,1	10295	10296
P181,1	10297	10298
P193,1	10299	10300
P182,1	10301	10302
P38,1	10303	10304
P183,1	10305	10306
P194,1	10307	10308
P43,1	10309	10310
P52,1	10311	10312
P184,2	10313	10314
P51,2	10315	10316
P69,1	10317	10318
P195,1	10319	10320
P73,1	10321	10322
P81,1	10323	10324
P196,1	10325	10326
P185,2	10327	10328
P92,2	10329	10330
P103,1	10331	10332
P197,2	10333	10334
P186,1	10335	10336
P115,1	10337	10338
P198,2	10339	10340
P199,1	10341	10342
P125,1	10343	10344
P187,2	10345	10346
P188,1	10347	10348
P200,1	10349	10350
P137,1	10351	10352
P146,1	10353	10354
P143,2	10355	10356
P152,1	10357	10358
P189,1	10359	10360
P155,1	10361	10362
P190,1	10363	10364
P162,2	10365	10366
P180,1	10367	10368
P1,1	10369	10370
P175,2	10371	10372
P3,1	10373	10374
P191,1	10375	10376
P15,2	10377	10378
P24,1	10379	10380
P181,1	10381	10382
P193,1	10383	10384
P182,1	10385	10386
P38,1	10387	10388
P183,1	10389	10390
P194,1	10391	10392
P43,1	10393	10394
P52,1	10395	10396
P184,2	10397	10398
P51,2	10399	10400
P69,1	10401	10402
P195,1	10403	10404
P73,1	10405	10406
P81,1	10407	10408
P196,1	10409	10410
P185,2	10411	10412
P92,2	10413	10414
P103,1	10415	10416
P197,2	10417	10418
P186,1	10419	10420
P115,1	10421	10422
P198,2	10423	10424
P199,1	10425	10426
P125,1	10427	10428
P187,2	10429	10430
P188,1	10431	10432
P200,1	10433	10434
P137,1	10435	10436
P146,1	10437	10438
P143,2	10439	10440
P152,1	10441	10442
P189,1	10443	10444
P155,1	10445	10446
P190,1	10447	10448
P162,2	10449	10450
P180,1	10451	10452
P1,1	10453	10454
P175,2	10455	10456
P3,1	10457	10458
P191,1	10459	10460
P15,2	10461	10462
P24,1	10463	10464
P181,1	10465	10466
P193,1	10467	10468
P182,1	10469	10470
P38,1	10471	10472
P183,1	10473	10474
P43,1	10475	10476
P52,1	10477	10478
P184,2	10479	10480
P51,2	10481	10482
P69,1	10483	10484
P195,1	10485	10486
P73,1	10487	10488
P81,1	10489	10490
P196,1	10491	10492
P185,2	10493	10494
P92,2	10495	10496
P103,1	10497	10498
P197,2	10499	10500
P186,1	10501	10502
P115,1	10503	10504
P198,2	10505	10506
P199,1	10507	10508
P125,1	10509	10510
P187,2	10511	10512
P188,1	10513	10514
P200,1	10515	10516
P137,1	10517	10518
P146,1	10519	10520
P143,2	10521	10522
P152,1	10523	10524
P189,1	10525	10526
P155,1	10527	10528
P190,1	10529	10530
P162,2	10531	10532
P180,1	10533	10534
P1,1	10535	10536
P175,2	10537	10538
P3,1	10539	10540
P191,1	10541	10542
P15,2	10543	10544
P24,1	10545	10546
P181,1	10547	10548
P193,1	10549	10550
P182,1	10551	10552
P38,1	10553	10554
P183,1	10555	10556
P43,1	10557	10558
P52,1	10559	10560
P184,2	10561	10562
P51,2	10563	10564
P69,1	10565	10566
P195,1	10567	10568
P73,1	10569	10570
P81,1	10571	10572
P196,1	10573	10574
P185,2	10575	10576
P92,2	10577	10578
P103,1	10579	10580
P197,2	10581	10582
P186,1	10583	10584
P115,1	10585	10586
P198,2	10587	10588
P199,1	10589	10590
P125,1	10591	10592
P187,2	10593	10594
P188,1	10595	10596
P200,1	10597	10598
P137,1	10599	10600
P146,1	10601	10602
P143,2	10603	10604
P152,1	10605	10606
P189,1	10607	10608
P155,1	10609	10610
P190,1	10611	10612
P162,2	10613	10614
P180,1	10615	10616
P1,1	10617	10618
P175,2	10619	10620
P3,1	10621	10622
P191,1	10623	10624
P15,2	10625	10626
P24,1	10627	10628
P181,1	10629	10630
P193,1	10631	10632
P182,1	10633	10634
P38,1	10635	10636
P183,1	10637	10638
P43,1	10639	10640
P52,1	10641	10642
P184,2	10643	10644
P51,2	10645	10646
P69,1	10647	10648
P195,1	10649	10650
P73,1	10651	10652
P81,1	10653	10654
P196,1	10655	10656
P185,2	10657	10658
P92,2	10659	10660
P103,1	10661	10662
P197,2	10663	10664
P186,1	10665	10666
P115,1	10667	10668
P198,2	10669	10670
P199,1	10671	10672
P125,1	10673	10674
P187,2	10675	10676
P188,1	10677	10678
P200,1	10679	10680
P137,1	10681	10682
P146,1	10683	10684
P143,2	10685	10686
P152,1	10687	10688
P189,1	10689	10690
P155,1	10691	10692
P190,1	10693	10694
P162,2	10695	10696
P180,1	10697	10698
P1,1	10699	10700
P175,2	10701	10702
P191,1	10703	10704
P3,2	10705	10706
P15,2	10707	10708
P24,1	10709	10710
P181,1	10711	10712
P193,1	10713	10714
P182,1	10715	10716
P38,1	10717	10718
P183,1	10719	10720
P52,1	10721	10722
P184,2	10723	10724
P43,2	10725	10726
P51,2	10727	10728
P69,1	10729	10730
P195,1	10731	10732
P73,1	10733	10734
P196,1	10735	10736
P185,2	10737	10738
P92,2	10739	10740
P103,1	10741	10742
P197,2	10743	10744
P186,1	10745	10746
P115,1	10747	10748
P198,2	10749	10750
P199,1	10751	10752
P125,1	10753	10754
P187,2	10755	10756
P188,1	10757	10758
P200,1	10759	10760
P137,1	10761	10762
P146,1	10763	10764
P143,2	10765	10766
P152,1	10767	10768
P189,1	10769	10770
P155,1	10771	10772
P190,1	10773	10774
P162,2	10775	10776
P180,1	10777	10778
P1,1	10779	10780
P175,2	10781	10782
P191,1	10783	10784
P3,2	10785	10786
P15,2	10787	10788
P24,1	10789	10790
P181,1	10791	10792
P193,1	10793	10794
P182,1	10795	10796
P38,1	10797	10798
P183,1	10799	10800
P52,1	10801	10802
P184,2	10803	10804
P43,2	10805	10806
P51,2	10807	10808
P69,1	10809	10810
P195,1	10811	10812
P73,1	10813	10814
P196,1	10815	10816
P185,2	10817	10818
P92,2	10819	10820
P103,1	10821	10822
P197,2	10823	10824
P186,1	10825	10826
P115,1	10827	10828
P198,2	10829	10830
P199,1	10831	10832
P125,1	10833	10834
P187,2	10835	10836
P188,1	10837	10838
P200,1	10839	10840
P137,1	10841	10842
P146,1	10843	10844
P143,2	10845	10846
P152,1	10847	10848
P189,1	10849	10850
P155,1	10851	10852
P190,1	10853	10854
P162,2	10855	10856
P180,1	10857	10858
P1,1	10859	10860
P175,2	10861	10862
P191,1	10863	10864
P3,2	10865	10866
P15,2	10867	10868
P24,1	10869	10870
P181,1	10871	10872
P193,1	10873	10874
P182,1	10875	10876
P38,1	10877	10878
P183,1	10879	10880
P52,1	10881	10882
P184,2	10883	10884
P43,2	10885	10886
P51,2	10887	10888
P69,1	10889	10890
P195,1	10891	10892
P73,1	10893	10894
P196,1	10895	10896
P185,2	10897	10898
P92,2	10899	10900
P103,1	10901	10902
P197,2	10903	10904
P186,1	10905	10906
P115,1	10907	10908
P198,2	10909	10910
P199,1	10911	10912
P125,1	10913	10914
P187,2	10915	10916
P188,1	10917	10918
P200,1	10919	10920
P137,1	10921	10922
P146,1	10923	10924
P143,2	10925	10926
P152,1	10927	10928
P189,1	10929	10930
P155,1	10931	10932
P190,1	10933	10934
P162,2	10935	10936
P180,1	10937	10938
P1,1	10939	10940
P175,2	10941	10942
P191,1	10943	10944
P3,2	10945	10946
P15,2	10947	10948
P24,1	10949	10950
P181,1	10951	10952
P193,1	10953	10954
P182,1	10955	10956
P38,1	10957	10958
P183,1	10959	10960
P52,1	10961	10962
P184,2	10963	10964
P43,2	10965	10966
P51,2	10967	10968
P69,1	10969	10970
P195,1	10971	10972
P73,1	10973	10974
P196,1	10975	10976
P185,2	10977	10978
P92,2	10979	10980
P103,1	10981	10982
P197,2	10983	10984
P186,1	10985	10986
P115,1	10987	10988
P198,2	10989	10990
P199,1	10991	10992
P125,1	10993	10994
P187,2	10995	10996
P188,1	10997	10998
P200,1	10999	11000
P137,1	11001	11002
P146,1	11003	11004
P143,2	11005	11006
P152,1	11007	11008
P189,1	11009	11010
P155,1	11011	11012
P190,1	11013	11014
P162,2	11015	11016
P180,1	11017	11018
P1,2	11019	11020
P175,2	11021	11022
P191,1	11023	11024
P3,2	11025	11026
P15,2	11027	11028
P24,1	11029	11030
P181,1	11031	11032
P193,1	11033	11034
P182,1	11035	11036
P183,1	11037	11038
P52,1	11039	11040
P184,2	11041	11042
P43,2	11043	11044
P51,2	11045	11046
P69,1	11047	11048
P195,1	11049	11050
P73,1	11051	11052
P196,1	11053	11054
P185,2	11055	11056
P92,2	11057	11058
P103,1	11059	11060
P197,2	11061	11062
P186,1	11063	11064
P115,1	11065	11066
P198,2	11067	11068
P199,1	11069	11070
P125,1	11071	11072
P187,2	11073	11074
P188,1	11075	11076
P200,1	11077	11078
P137,1	11079	11080
P146,1	11081	11082
P143,2	11083	11084
P152,1	11085	11086
P189,1	11087	11088
P155,1	11089	11090
P190,1	11091	11092
P162,2	11093	11094
P180,1	11095	11096
P1,2	11097	11098
P175,2	11099	11100
P191,1	11101	11102
P3,2	11103	11104
P15,2	11105	11106
P24,1	11107	11108
P181,1	11109	11110
P193,1	11111	11112
P182,1	11113	11114
P183,1	11115	11116
P52,1	11117	11118
P184,2	11119	11120
P43,2	11121	11122
P51,2	11123	11124
P69,1	11125	11126
P195,1	11127	11128
P73,1	11129	11130
P196,1	11131	11132
P185,2	11133	11134
P92,2	11135	11136
P103,1	11137	11138
P197,2	11139	11140
P186,1	11141	11142
P115,1	11143	11144
P198,2	11145	11146
P199,1	11147	11148
P125,1	11149	11150
P187,2	11151	11152
P188,1	11153	11154
P200,1	11155	11156
P137,1	11157	11158
P146,1	11159	11160
P143,2	11161	11162
P152,1	11163	11164
P189,1	11165	11166
P155,1	11167	11168
P190,1	11169	11170
P162,2	11171	11172
P180,1	11173	11174
P1,2	11175	11176
P175,2	11177	11178
P191,1	11179	11180
P3,2	11181	11182
P15,2	11183	11184
P24,1	11185	11186
P181,1	11187	11188
P193,1	11189	11190
P182,1	11191	11192
P183,1	11193	11194
P52,1	11195	11196
P184,2	11197	11198
P43,2	11199	11200
P51,2	11201	11202
P69,1	11203	11204
P195,1	11205	11206
P73,1	11207	11208
P185,2	11209	11210
P92,2	11211	11212
P103,1	11213	11214
P197,2	11215	11216
P186,1	11217	11218
P115,1	11219	11220
P198,2	11221	11222
P199,1	11223	11224
P125,1	11225	11226
P187,2	11227	11228
P188,1	11229	11230
P200,1	11231	11232
P137,1	11233	11234
P146,1	11235	11236
P143,2	11237	11238
P152,1	11239	11240
P189,1	11241	11242
P155,1	11243	11244
P190,1	11245	11246
P162,2	11247	11248
P180,1	11249	11250
P1,2	11251	11252
P175,2	11253	11254
P191,1	11255	11256
P3,2	11257	11258
P15,2	11259	11260
P24,1	11261	11262
P181,1	11263	11264
P193,1	11265	11266
P182,1	11267	11268
P183,1	11269	11270
P52,1	11271	11272
P184,2	11273	11274
P43,2	11275	11276
P51,2	11277	11278
P69,1	11279	11280
P195,1	11281	11282
P73,1	11283	11284
P185,2	11285	11286
P92,2	11287	11288
P103,1	11289	11290
P197,2	11291	11292
P186,1	11293	11294
P115,1	11295	11296
P198,2	11297	11298
P199,1	11299	11300
P125,1	11301	11302
P187,2	11303	11304
P188,1	11305	11306
P200,1	11307	11308
P137,1	11309	11310
P146,1	11311	11312
P143,2	11313	11314
P152,1	11315	11316
P189,1	11317	11318
P155,1	11319	11320
P190,1	11321	11322
P162,2	11323	11324
P180,1	11325	11326
P1,2	11327	11328
P175,2	11329	11330
P191,1	11331	11332
P3,2	11333	11334
P15,2	11335	11336
P24,1	11337	11338
P181,1	11339	11340
P193,1	11341	11342
P182,1	11343	11344
P183,1	11345	11346
P52,1	11347	11348
P184,2	11349	11350
P43,2	11351	11352
P51,2	11353	11354
P69,1	11355	11356
P195,1	11357	11358
P73,1	11359	11360
P185,2	11361	11362
P92,2	11363	11364
P103,1	11365	11366
P197,2	11367	11368
P186,1	11369	11370
P115,1	11371	11372
P198,2	11373	11374
P199,1	11375	11376
P125,1	11377	11378
P187,2	11379	11380
P188,1	11381	11382
P200,1	11383	11384
P137,1	11385	11386
P146,1	11387	11388
P143,2	11389	11390
P152,1	11391	11392
P189,1	11393	11394
P155,1	11395	11396
P190,1	11397	11398
P162,2	11399	11400
P180,1	11401	11402
P1,2	11403	11404
P175,2	11405	11406
P191,1	11407	11408
P3,2	11409	11410
P15,2	11411	11412
P24,1	11413	11414
P181,1	11415	11416
P193,1	11417	11418
P182,1	11419	11420
P183,1	11421	11422
P52,1	11423	11424
P184,2	11425	11426
P43,2	11427	11428
P51,2	11429	11430
P69,1	11431	11432
P195,1	11433	11434
P73,1	11435	11436
P185,2	11437	11438
P92,2	11439	11440
P103,1	11441	11442
P197,2	11443	11444
P186,1	11445	11446
P115,1	11447	11448
P198,2	11449	11450
P199,1	11451	11452
P125,1	11453	11454
P187,2	11455	11456
P188,1	11457	11458
P200,1	11459	11460
P137,1	11461	11462
P146,1	11463	11464
P143,2	11465	11466
P152,1	11467	11468
P189,1	11469	11470
P155,1	11471	11472
P190,1	11473	11474
P162,2	11475	11476
P180,1	11477	11478
P1,2	11479	11480
P175,2	11481	11482
P191,1	11483	11484
P3,2	11485	11486
P15,2	11487	11487
P24,1	11488	11489
P181,1	11490	11491
P193,1	11492	11493
P182,1	11494	11495
P183,1	11496	11497
P184,2	11498	11499
P52,2	11500	11501
P43,2	11502	11503
P51,2	11504	11505
P69,1	11506	11507
P195,1	11508	11509
P73,1	11510	11511
P185,2	11512	11513
P92,2	11514	11515
P103,1	11516	11517
P197,2	11518	11519
P186,1	11520	11521
P115,1	11522	11523
P198,2	11524	11525
P199,1	11526	11527
P125,1	11528	11529
P187,2	11530	11531
P188,1	11532	11533
P200,1	11534	11535
P137,1	11536	11537
P146,1	11538	11539
P143,2	11540	11541
P152,1	11542	11543
P189,1	11544	11545
P155,1	11546	11547
P190,1	11548	11549
P162,2	11550	11551
P180,1	11552	11553
P1,2	11554	11555
P175,2	11556	11557
P191,1	11558	11559
P3,2	11560	11561
P24,1	11562	11563
P181,1	11564	11565
P193,1	11566	11567
P182,1	11568	11569
P183,1	11570	11571
P184,2	11572	11573
P52,2	11574	11575
P43,2	11576	11577
P51,2	11578	11579
P69,1	11580	11581
P195,1	11582	11583
P73,1	11584	11585
P185,2	11586	11587
P92,2	11588	11589
P103,1	11590	11591
P197,2	11592	11593
P186,1	11594	11595
P115,1	11596	11597
P198,2	11598	11599
P199,1	11600	11601
P125,1	11602	11603
P187,2	11604	11605
P188,1	11606	11607
P200,1	11608	11609
P137,1	11610	11611
P146,1	11612	11613
P143,2	11614	11615
P152,1	11616	11617
P189,1	11618	11619
P155,1	11620	11621
P190,1	11622	11623
P162,2	11624	11625
P180,1	11626	11627
P1,2	11628	11629
P175,2	11630	11631
P191,1	11632	11633
P3,2	11634	11635
P24,1	11636	11637
P181,1	11638	11639
P193,1	11640	11641
P182,1	11642	11643
P183,1	11644	11645
P184,2	11646	11647
P52,2	11648	11649
P43,2	11650	11651
P51,2	11652	11653
P69,1	11654	11655
P195,1	11656	11656
P73,1	11657	11658
P185,2	11659	11660
P92,2	11661	11662
P103,1	11663	11664
P197,2	11665	11666
P186,1	11667	11668
P115,1	11669	11670
P198,2	11671	11672
P199,1	11673	11674
P125,1	11675	11676
P187,2	11677	11678
P188,1	11679	11680
P200,1	11681	11682
P137,1	11683	11684
P146,1	11685	11686
P143,2	11687	11688
P152,1	11689	11690
P189,1	11691	11692
P155,1	11693	11694
P190,1	11695	11696
P162,2	11697	11698
P180,1	11699	11700
P1,2	11701	11702
P175,2	11703	11704
P191,1	11705	11706
P3,2	11707	11708
P24,1	11709	11710
P181,1	11711	11712
P193,1	11713	11714
P182,1	11715	11716
P183,1	11717	11718
P184,2	11719	11720
P52,2	11721	11722
P43,2	11723	11724
P51,2	11725	11726
P69,1	11727	11728
P73,1	11729	11730
P185,2	11731	11732
P92,2	11733	11734
P103,1	11735	11736
P197,2	11737	11738
P186,1	11739	11740
P115,1	11741	11742
P198,2	11743	11744
P199,1	11745	11746
P125,1	11747	11748
P187,2	11749	11750
P188,1	11751	11752
P200,1	11753	11754
P137,1	11755	11756
P146,1	11757	11758
P143,2	11759	11760
P152,1	11761	11762
P189,1	11763	11764
P155,1	11765	11766
P162,2	11767	11768
P190,2	11769	11770
P180,1	11771	11772
P1,2	11773	11774
P175,2	11775	11776
P191,1	11777	11778
P3,2	11779	11780
P24,1	11781	11782
P181,1	11783	11784
P193,1	11785	11786
P182,1	11787	11788
P183,1	11789	11790
P184,2	11791	11792
P52,2	11793	11794
P43,2	11795	11796
P51,2	11797	11798
P69,1	11799	11800
P73,1	11801	11802
P185,2	11803	11804
P92,2	11805	11806
P103,1	11807	11808
P197,2	11809	11810
P186,1	11811	11812
P115,1	11813	11814
P198,2	11815	11816
P199,1	11817	11818
P125,1	11819	11820
P187,2	11821	11822
P188,1	11823	11824
P200,1	11825	11826
P137,1	11827	11828
P146,1	11829	11830
P143,2	11831	11832
P152,1	11833	11834
P189,1	11835	11836
P155,1	11837	11838
P162,2	11839	11840
P190,2	11841	11842
P180,1	11843	11844
P1,2	11845	11846
P175,2	11847	11848
P191,1	11849	11850
P3,2	11851	11852
P24,1	11853	11854
P181,1	11855	11856
P193,1	11857	11858
P182,1	11859	11860
P183,1	11861	11862
P184,2	11863	11864
P52,2	11865	11866
P43,2	11867	11868
P51,2	11869	11870
P69,1	11871	11872
P73,1	11873	11874
P185,2	11875	11876
P92,2	11877	11878
P103,1	11879	11880
P197,2	11881	11882
P186,1	11883	11884
P115,1	11885	11886
P198,2	11887	11888
P199,1	11889	11890
P125,1	11891	11892
P187,2	11893	11894
P188,1	11895	11896
P200,1	11897	11898
P137,1	11899	11900
P146,1	11901	11902
P143,2	11903	11904
P152,1	11905	11906
P189,1	11907	11908
P155,1	11909	11910
P162,2	11911	11912
P190,2	11913	11914
P180,1	11915	11915
P1,2	11916	11917
P175,2	11918	11919
P191,1	11920	11921
P3,2	11922	11923
P24,1	11924	11925
P181,1	11926	11927
P193,1	11928	11929
P182,1	11930	11931
P183,1	11932	11933
P184,2	11934	11935
P52,2	11936	11937
P43,2	11938	11939
P51,2	11940	11941
P69,1	11942	11943
P73,1	11944	11945
P185,2	11946	11947
P92,2	11948	11949
P103,1	11950	11951
P197,2	11952	11953
P186,1	11954	11955
P115,1	11956	11957
P198,2	11958	11959
P199,1	11960	11961
P125,1	11962	11963
P187,2	11964	11965
P188,1	11966	11967
P200,1	11968	11969
P137,1	11970	11971
P146,1	11972	11973
P143,2	11974	11975
P152,1	11976	11977
P189,1	11978	11979
P155,1	11980	11981
P162,2	11982	11983
P190,2	11984	11985
P1,2	11986	11987
P180,2	11988	11989
P175,2	11990	11991
P191,1	11992	11993
P3,2	11994	11995
P24,1	11996	11997
P181,1	11998	11999
P193,1	12000	12001
P182,1	12002	12003
P183,1	12004	12005
P184,2	12006	12007
P52,2	12008	12009
P43,2	12010	12011
P51,2	12012	12013
P69,1	12014	12015
P73,1	12016	12017
P185,2	12018	12019
P92,2	12020	12021
P103,1	12022	12023
P197,2	12024	12025
P186,1	12026	12027
P115,1	12028	12029
P198,2	12030	12031
P199,1	12032	12033
P125,1	12034	12035
P187,2	12036	12037
P188,1	12038	12039
P200,1	12040	12041
P137,1	12042	12043
P146,1	12044	12045
P143,2	12046	12047
P152,1	12048	12049
P189,1	12050	12051
P155,1	12052	12053
P162,2	12054	12055
P190,2	12056	12057
P1,2	12058	12059
P180,2	12060	12061
P175,2	12062	12063
P191,1	12064	12065
P3,2	12066	12067
P24,1	12068	12069
P181,1	12070	12071
P193,1	12072	12073
P182,1	12074	12075
P183,1	12076	12077
P184,2	12078	12079
P52,2	12080	12081
P43,2	12082	12083
P51,2	12084	12085
P69,1	12086	12087
P73,1	12088	12089
P185,2	12090	12091
P92,2	12092	12093
P103,1	12094	12095
P197,2	12096	12097
P186,1	12098	12099
P115,1	12100	12101
P198,2	12102	12103
P199,1	12104	12105
P125,1	12106	12107
P187,2	12108	12109
P188,1	12110	12111
P200,1	12112	12113
P137,1	12114	12115
P146,1	12116	12117
P143,2	12118	12119
P152,1	12120	12121
P189,1	12122	12123
P155,1	12124	12125
P162,2	12126	12127
P190,2	12128	12129
P1,2	12130	12131
P180,2	12132	12133
P175,2	12134	12135
P191,1	12136	12137
P3,2	12138	12139
P24,1	12140	12141
P181,1	12142	12143
P193,1	12144	12145
P182,1	12146	12147
P183,1	12148	12149
P184,2	12150	12151
P52,2	12152	12153
P43,2	12154	12155
P51,2	12156	12157
P69,1	12158	12159
P73,1	12160	12161
P185,2	12162	12163
P92,2	12164	12165
P103,1	12166	12167
P197,2	12168	12169
P186,1	12170	12171
P115,1	12172	12172
P198,2	12173	12174
P199,1	12175	12176
P125,1	12177	12178
P187,2	12179	12180
P200,1	12181	12182
P137,1	12183	12184
P146,1	12185	12186
P143,2	12187	12188
P152,1	12189	12190
P189,1	12191	12192
P155,1	12193	12194
P162,2	12195	12196
P190,2	12197	12198
P1,2	12199	12200
P180,2	12201	12202
P175,2	12203	12204
P191,1	12205	12206
P3,2	12207	12208
P24,1	12209	12210
P181,1	12211	12212
P193,1	12213	12214
P182,1	12215	12216
P183,1	12217	12218
P184,2	12219	12220
P52,2	12221	12222
P43,2	12223	12224
P51,2	12225	12226
P69,1	12227	12228
P73,1	12229	12230
P185,2	12231	12232
P92,2	12233	12234
P103,1	12235	12236
P197,2	12237	12238
P186,1	12239	12240
P198,2	12241	12242
P199,1	12243	12244
P125,1	12245	12246
P187,2	12247	12248
P200,1	12249	12250
P137,1	12251	12252
P146,1	12253	12254
P143,2	12255	12256
P152,1	12257	12258
P155,1	12259	12260
P162,2	12261	12262
P190,2	12263	12264
P1,2	12265	12266
P180,2	12267	12268
P175,2	12269	12270
P191,1	12271	12272
P3,2	12273	12274
P24,1	12275	12276
P181,1	12277	12278
P193,1	12279	12280
P182,1	12281	12282
P183,1	12283	12284
P184,2	12285	12286
P52,2	12287	12288
P43,2	12289	12290
P51,2	12291	12292
P69,1	12293	12294
P73,1	12295	12296
P185,2	12297	12298
P92,2	12299	12300
P103,1	12301	12302
P197,2	12303	12304
P198,2	12305	12306
P199,1	12307	12308
P125,1	12309	12310
P187,2	12311	12312
P200,1	12313	12314
P137,1	12315	12316
P146,1	12317	12318
P143,2	12319	12320
P152,1	12321	12322
P155,1	12323	12324
P162,2	12325	12326
P190,2	12327	12328
P1,2	12329	12330
P180,2	12331	12332
P175,2	12333	12334
P191,1	12335	12336
P3,2	12337	12338
P24,1	12339	12340
P181,1	12341	12342
P193,1	12343	12344
P182,1	12345	12345
P183,1	12346	12347
P184,2	12348	12349
P52,2	12350	12351
P43,2	12352	12353
P51,2	12354	12355
P69,1	12356	12357
P73,1	12358	12359
P185,2	12360	12361
P92,2	12362	12363
P103,1	12364	12365
P197,2	12366	12366
P198,2	12367	12368
P199,1	12369	12370
P125,1	12371	12372
P187,2	12373	12374
P200,1	12375	12376
P137,1	12377	12378
P146,1	12379	12380
P143,2	12381	12382
P152,1	12383	12384
P155,1	12385	12386
P162,2	12387	12388
P190,2	12389	12390
P1,2	12391	12392
P180,2	12393	12394
P175,2	12395	12396
P191,1	12397	12398
P3,2	12399	12400
P24,1	12401	12402
P181,1	12403	12404
P193,1	12405	12406
P183,1	12407	12408
P182,2	12409	12410
P52,2	12411	12412
P43,2	12413	12414
P51,2	12415	12416
P73,1	12417	12418
P185,2	12419	12420
P69,2	12421	12422
P92,2	12423	12424
P103,1	12425	12426
P198,2	12427	12428
P199,1	12429	12430
P125,1	12431	12432
P187,2	12433	12434
P200,1	12435	12436
P137,1	12437	12438
P146,1	12439	12440
P143,2	12441	12442
P152,1	12443	12444
P155,1	12445	12446
P162,2	12447	12448
P190,2	12449	12450
P1,2	12451	12452
P180,2	12453	12454
P175,2	12455	12456
P191,1	12457	12458
P3,2	12459	12460
P24,1	12461	12462
P181,1	12463	12464
P193,1	12465	12466
P183,1	12467	12468
P182,2	12469	12470
P52,2	12471	12472
P43,2	12473	12474
P51,2	12475	12476
P73,1	12477	12478
P185,2	12479	12480
P69,2	12481	12482
P92,2	12483	12484
P103,1	12485	12486
P198,2	12487	12488
P199,1	12489	12490
P125,1	12491	12492
P187,2	12493	12494
P200,1	12495	12496
P137,1	12497	12498
P146,1	12499	12500
P143,2	12501	12502
P152,1	12503	12504
P155,1	12505	12506
P162,2	12507	12508
P190,2	12509	12510
P1,2	12511	12512
P180,2	12513	12514
P175,2	12515	12516
P191,1	12517	12518
P3,2	12519	12520
P24,1	12521	12522
P181,1	12523	12524
P193,1	12525	12526
P183,1	12527	12528
P182,2	12529	12530
P52,2	12531	12532
P43,2	12533	12534
P51,2	12535	12536
P73,1	12537	12538
P185,2	12539	12540
P69,2	12541	12542
P92,2	12543	12544
P103,1	12545	12546
P198,2	12547	12548
P199,1	12549	12550
P125,1	12551	12552
P187,2	12553	12554
P200,1	12555	12556
P137,1	12557	12558
P146,1	12559	12560
P143,2	12561	12562
P152,1	12563	12564
P155,1	12565	12566
P162,2	12567	12568
P190,2	12569	12570
P1,2	12571	12572
P180,2	12573	12574
P175,2	12575	12576
P191,1	12577	12578
P3,2	12579	12580
P181,1	12581	12582
P24,2	12583	12584
P193,1	12585	12586
P183,1	12587	12588
P182,2	12589	12590
P52,2	12591	12592
P43,2	12593	12594
P51,2	12595	12596
P73,1	12597	12598
P185,2	12599	12600
P69,2	12601	12602
P92,2	12603	12604
P103,1	12605	12606
P198,2	12607	12608
P199,1	12609	12610
P125,1	12611	12612
P187,2	12613	12614
P200,1	12615	12616
P137,1	12617	12618
P146,1	12619	12620
P143,2	12621	12622
P152,1	12623	12624
P155,1	12625	12626
P162,2	12627	12628
P190,2	12629	12630
P1,2	12631	12632
P180,2	12633	12634
P175,2	12635	12636
P191,1	12637	12638
P3,2	12639	12640
P181,1	12641	12642
P24,2	12643	12644
P193,1	12645	12646
P183,1	12647	12648
P182,2	12649	12650
P52,2	12651	12652
P43,2	12653	12654
P51,2	12655	12656
P73,1	12657	12658
P185,2	12659	12660
P69,2	12661	12662
P92,2	12663	12664
P103,1	12665	12666
P198,2	12667	12668
P199,1	12669	12670
P187,2	12671	12672
P125,2	12673	12674
P200,1	12675	12676
P137,1	12677	12678
P146,1	12679	12680
P143,2	12681	12682
P152,1	12683	12684
P155,1	12685	12686
P162,2	12687	12688
P190,2	12689	12690
P1,2	12691	12692
P180,2	12693	12694
P175,2	12695	12696
P191,1	12697	12698
P3,2	12699	12700
P181,1	12701	12702
P24,2	12703	12704
P193,1	12705	12706
P183,1	12707	12708
P182,2	12709	12710
P52,2	12711	12712
P43,2	12713	12714
P51,2	12715	12716
P73,1	12717	12718
P185,2	12719	12720
P69,2	12721	12722
P92,2	12723	12724
P103,1	12725	12726
P198,2	12727	12728
P199,1	12729	12730
P187,2	12731	12732
P125,2	12733	12734
P200,1	12735	12736
P137,1	12737	12738
P146,1	12739	12740
P143,2	12741	12742
P152,1	12743	12744
P155,1	12745	12746
P162,2	12747	12748
P190,2	12749	12750
P1,2	12751	12752
P180,2	12753	12754
P175,2	12755	12756
P191,1	12757	12758
P3,2	12759	12760
P181,1	12761	12762
P24,2	12763	12764
P193,1	12765	12766
P183,1	12767	12768
P182,2	12769	12770
P52,2	12771	12772
P43,2	12773	12774
P51,2	12775	12776
P73,1	12777	12778
P185,2	12779	12780
P69,2	12781	12782
P92,2	12783	12784
P103,1	12785	12786
P198,2	12787	12788
P199,1	12789	12790
P187,2	12791	12792
P125,2	12793	12794
P200,1	12795	12796
P137,1	12797	12798
P146,1	12799	12800
P143,2	12801	12802
P152,1	12803	12804
P155,1	12805	12806
P162,2	12807	12808
P190,2	12809	12810
P1,2	12811	12812
P180,2	12813	12814
P175,2	12815	12816
P191,1	12817	12818
P3,2	12819	12820
P181,1	12821	12822
P24,2	12823	12824
P193,1	12825	12826
P183,1	12827	12828
P182,2	12829	12830
P52,2	12831	12832
P43,2	12833	12834
P51,2	12835	12836
P73,1	12837	12838
P185,2	12839	12840
P69,2	12841	12842
P92,2	12843	12844
P103,1	12845	12846
P198,2	12847	12848
P199,1	12849	12850
P187,2	12851	12852
P125,2	12853	12854
P200,1	12855	12856
P137,1	12857	12858
P146,1	12859	12860
P143,2	12861	12862
P152,1	12863	12864
P155,1	12865	12866
P162,2	12867	12868
P190,2	12869	12870
P1,2	12871	12872
P180,2	12873	12874
P175,2	12875	12876
P191,1	12877	12878
P3,2	12879	12880
P181,1	12881	12882
P24,2	12883	12884
P193,1	12885	12886
P183,1	12887	12888
P182,2	12889	12890
P52,2	12891	12892
P43,2	12893	12894
P51,2	12895	12896
P73,1	12897	12898
P185,2	12899	12900
P69,2	12901	12902
P92,2	12903	12904
P103,1	12905	12906
P198,2	12907	12908
P199,1	12909	12910
P187,2	12911	12912
P125,2	12913	12914
P200,1	12915	12916
P137,1	12917	12918
P146,1	12919	12920
P143,2	12921	12922
P152,1	12923	12924
P155,1	12925	12926
P162,2	12927	12928
P190,2	12929	12930
P1,2	12931	12932
P180,2	12933	12934
P175,2	12935	12936
P191,1	12937	12938
P3,2	12939	12940
P181,1	12941	12942
P24,2	12943	12944
P193,1	12945	12946
P183,1	12947	12948
P182,2	12949	12950
P52,2	12951	12952
P43,2	12953	12954
P51,2	12955	12956
P73,1	12957	12958
P185,2	12959	12960
P69,2	12961	12962
P92,2	12963	12964
P103,1	12965	12966
P198,2	12967	12968
P199,1	12969	12970
P187,2	12971	12972
P125,2	12973	12974
P200,1	12975	12976
P137,1	12977	12978
P146,1	12979	12980
P143,2	12981	12982
P152,1	12983	12984
P155,1	12985	12986
P162,2	12987	12988
P190,2	12989	12990
P1,2	12991	12992
P180,2	12993	12994
P175,2	12995	12996
P191,1	12997	12998
P3,2	12999	13000
P181,1	13001	13002
P24,2	13003	13004
P193,1	13005	13006
P183,1	13007	13008
P182,2	13009	13010
P52,2	13011	13012
P43,2	13013	13014
P51,2	13015	13016
P185,2	13017	13018
P69,2	13019	13020
P92,2	13021	13022
P103,1	13023	13024
P198,2	13025	13026
P199,1	13027	13028
P187,2	13029	13030
P125,2	13031	13032
P200,1	13033	13034
P137,1	13035	13036
P146,1	13037	13038
P143,2	13039	13040
P152,1	13041	13042
P155,1	13043	13044
P162,2	13045	13046
P190,2	13047	13048
P1,2	13049	13050
P180,2	13051	13052
P175,2	13053	13054
P191,1	13055	13056
P3,2	13057	13058
P181,1	13059	13060
P24,2	13061	13062
P193,1	13063	13064
P183,1	13065	13066
P182,2	13067	13068
P52,2	13069	13070
P43,2	13071	13072
P51,2	13073	13074
P185,2	13075	13076
P69,2	13077	13078
P92,2	13079	13080
P103,1	13081	13082
P198,2	13083	13084
P199,1	13085	13086
P187,2	13087	13088
P125,2	13089	13090
P200,1	13091	13092
P137,1	13093	13094
P146,1	13095	13095
P143,2	13096	13097
P152,1	13098	13099
P155,1	13100	13101
P162,2	13102	13103
P190,2	13104	13105
P1,2	13106	13107
P180,2	13108	13109
P175,2	13110	13111
P191,1	13112	13113
P3,2	13114	13115
P181,1	13116	13117
P24,2	13118	13119
P193,1	13120	13121
P183,1	13122	13123
P182,2	13124	13125
P52,2	13126	13127
P43,2	13128	13129
P51,2	13130	13131
P185,2	13132	13133
P69,2	13134	13135
P92,2	13136	13137
P103,1	13138	13139
P198,2	13140	13141
P199,1	13142	13143
P187,2	13144	13145
P125,2	13146	13147
P200,1	13148	13149
P137,1	13150	13151
P143,2	13152	13153
P152,1	13154	13155
P155,1	13156	13157
P162,2	13158	13159
P190,2	13160	13161
P1,2	13162	13163
P180,2	13164	13165
P175,2	13166	13167
P191,1	13168	13169
P3,2	13170	13171
P181,1	13172	13173
P24,2	13174	13175
P183,1	13176	13177
P182,2	13178	13179
P193,2	13180	13181
P52,2	13182	13183
P43,2	13184	13185
P51,2	13186	13187
P185,2	13188	13189
P69,2	13190	13191
P92,2	13192	13193
P103,1	13194	13195
P198,2	13196	13197
P199,1	13198	13199
P187,2	13200	13201
P125,2	13202	13203
P200,1	13204	13205
P137,1	13206	13207
P143,2	13208	13209
P152,1	13210	13211
P155,1	13212	13213
P162,2	13214	13214
P190,2	13215	13216
P1,2	13217	13218
P180,2	13219	13220
P175,2	13221	13222
P191,1	13223	13224
P3,2	13225	13226
P24,2	13227	13228
P183,1	13229	13230
P182,2	13231	13232
P193,2	13233	13234
P52,2	13235	13236
P43,2	13237	13238
P51,2	13239	13240
P185,2	13241	13242
P69,2	13243	13244
P92,2	13245	13246
P103,1	13247	13248
P198,2	13249	13250
P199,1	13251	13252
P187,2	13253	13254
P125,2	13255	13256
P200,1	13257	13258
P137,1	13259	13260
P143,2	13261	13262
P152,1	13263	13264
P155,1	13265	13266
P190,2	13267	13268
P1,2	13269	13270
P180,2	13271	13272
P175,2	13273	13274
P191,1	13275	13276
P3,2	13277	13278
P24,2	13279	13280
P183,1	13281	13282
P182,2	13283	13284
P193,2	13285	13286
P52,2	13287	13288
P43,2	13289	13290
P51,2	13291	13292
P185,2	13293	13294
P69,2	13295	13296
P92,2	13297	13298
P103,1	13299	13300
P198,2	13301	13302
P199,1	13303	13304
P187,2	13305	13306
P125,2	13307	13308
P200,1	13309	13309
P137,1	13310	13311
P143,2	13312	13313
P152,1	13314	13315
P155,1	13316	13317
P190,2	13318	13319
P1,2	13320	13321
P180,2	13322	13323
P175,2	13324	13325
P191,1	13326	13327
P3,2	13328	13329
P24,2	13330	13331
P183,1	13332	13333
P182,2	13334	13335
P193,2	13336	13337
P52,2	13338	13339
P43,2	13340	13341
P51,2	13342	13343
P185,2	13344	13345
P69,2	13346	13347
P92,2	13348	13349
P198,2	13350	13351
P199,1	13352	13353
P103,2	13354	13355
P187,2	13356	13357
P125,2	13358	13359
P137,1	13360	13361
P143,2	13362	13363
P200,2	13364	13365
P152,1	13366	13366
P155,1	13367	13368
P190,2	13369	13370
P1,2	13371	13372
P180,2	13373	13374
P175,2	13375	13376
P191,1	13377	13378
P3,2	13379	13380
P24,2	13381	13382
P183,1	13383	13384
P182,2	13385	13386
P193,2	13387	13388
P52,2	13389	13390
P43,2	13391	13392
P51,2	13393	13394
P185,2	13395	13396
P69,2	13397	13398
P92,2	13399	13400
P198,2	13401	13402
P199,1	13403	13404
P103,2	13405	13406
P187,2	13407	13408
P125,2	13409	13410
P137,1	13411	13412
P143,2	13413	13414
P200,2	13415	13416
P155,1	13417	13417
P152,2	13418	13419
P190,2	13420	13421
P1,2	13422	13423
P180,2	13424	13425
P175,2	13426	13427
P191,1	13428	13429
P3,2	13430	13431
P24,2	13432	13433
P182,2	13434	13435
P193,2	13436	13437
P52,2	13438	13439
P43,2	13440	13441
P51,2	13442	13443
P185,2	13444	13445
P69,2	13446	13447
P92,2	13448	13449
P198,2	13450	13451
P103,2	13452	13453
P199,2	13454	13455
P187,2	13456	13457
P125,2	13458	13459
P137,1	13460	13461
P143,2	13462	13463
P200,2	13464	13465
P152,2	13466	13467
P155,2	13468	13469
P190,2	13470	13471
P1,2	13472	13473
P180,2	13474	13475
P175,2	13476	13477
P3,2	13478	13479
P24,2	13480	13481
P191,2	13482	13483
P182,2	13484	13485
P193,2	13486	13487
P52,2	13488	13489
P43,2	13490	13491
P51,2	13492	13493
P185,2	13494	13495
P69,2	13496	13497
P92,2	13498	13499
P198,2	13500	13501
P103,2	13502	13503
P199,2	13504	13505
P187,2	13506	13507
P125,2	13508	13509
P137,2	13510	13511
P143,2	13512	13513
P200,2	13514	13515
P152,2	13516	13517
P155,2	13518	13519
P190,2	13520	13521
P1,2	13522	13523
P180,2	13524	13525
P175,2	13526	13527
P24,2	13528	13529
P191,2	13530	13531
P182,2	13532	13533
P193,2	13534	13535
P52,2	13536	13537
P43,2	13538	13539
P51,2	13540	13541
P185,2	13542	13543
P69,2	13544	13545
P92,2	13546	13547
P198,2	13548	13549
P103,2	13550	13551
P199,2	13552	13553
P187,2	13554	13555
P125,2	13556	13557
P137,2	13558	13559
P143,2	13560	13561
P200,2	13562	13563
P152,2	13564	13565
P155,2	13566	13567
P190,2	13568	13569
P1,2	13570	13571
P180,2	13572	13573
P175,2	13574	13575
P24,2	13576	13577
P191,2	13578	13579
P182,2	13580	13581
P193,2	13582	13583
P52,2	13584	13585
P43,2	13586	13587
P51,2	13588	13589
P185,2	13590	13591
P69,2	13592	13593
P92,2	13594	13595
P198,2	13596	13597
P103,2	13598	13599
P199,2	13600	13601
P187,2	13602	13603
P125,2	13604	13605
P137,2	13606	13607
P143,2	13608	13609
P200,2	13610	13611
P152,2	13612	13613
P155,2	13614	13615
P190,2	13616	13617
P1,2	13618	13619
P180,2	13620	13621
P175,2	13622	13623
P24,2	13624	13625
P191,2	13626	13627
P182,2	13628	13629
P193,2	13630	13631
P52,2	13632	13633
P43,2	13634	13635
P51,2	13636	13637
P185,2	13638	13639
P69,2	13640	13641
P92,2	13642	13643
P198,2	13644	13645
P103,2	13646	13647
P199,2	13648	13649
P125,2	13650	13651
P137,2	13652	13653
P143,2	13654	13655
P200,2	13656	13657
P152,2	13658	13659
P155,2	13660	13661
P190,2	13662	13662
P1,2	13663	13663
P180,2	13664	13665
P175,2	13666	13667
P24,2	13668	13669
P191,2	13670	13671
P182,2	13672	13673
P193,2	13674	13675
P52,2	13676	13677
P43,2	13678	13679
P51,2	13680	13681
P185,2	13682	13683
P69,2	13684	13685
P92,2	13686	13687
P198,2	13688	13689
P103,2	13690	13691
P199,2	13692	13693
P125,2	13694	13695
P137,2	13696	13697
P143,2	13698	13699
P200,2	13700	13701
P152,2	13702	13703
P155,2	13704	13705
P180,2	13706	13707
P175,2	13708	13709
P24,2	13710	13711
P191,2	13712	13713
P182,2	13714	13715
P193,2	13716	13717
P52,2	13718	13719
P43,2	13720	13721
P51,2	13722	13723
P185,2	13724	13725
P69,2	13726	13727
P92,2	13728	13729
P198,2	13730	13731
P103,2	13732	13733
P199,2	13734	13735
P125,2	13736	13737
P137,2	13738	13739
P143,2	13740	13741
P200,2	13742	13743
P152,2	13744	13745
P155,2	13746	13747
P180,2	13748	13749
P175,2	13750	13751
P24,2	13752	13753
P191,2	13754	13755
P182,2	13756	13757
P193,2	13758	13759
P52,2	13760	13761
P43,2	13762	13763
P51,2	13764	13765
P185,2	13766	13767
P69,2	13768	13769
P92,2	13770	13771
P198,2	13772	13773
P103,2	13774	13775
P199,2	13776	13777
P125,2	13778	13779
P137,2	13780	13781
P143,2	13782	13783
P200,2	13784	13785
P152,2	13786	13787
P155,2	13788	13789
P180,2	13790	13791
P175,2	13792	13793
P24,2	13794	13795
P191,2	13796	13797
P182,2	13798	13799
P193,2	13800	13801
P52,2	13802	13803
P43,2	13804	13805
P51,2	13806	13807
P185,2	13808	13809
P69,2	13810	13811
P92,2	13812	13813
P198,2	13814	13815
P103,2	13816	13817
P199,2	13818	13819
P125,2	13820	13821
P137,2	13822	13823
P143,2	13824	13825
P200,2	13826	13827
P152,2	13828	13829
P155,2	13830	13831
P180,2	13832	13833
P175,2	13834	13835
P24,2	13836	13837
P191,2	13838	13839
P182,2	13840	13841
P193,2	13842	13843
P52,2	13844	13845
P43,2	13846	13847
P51,2	13848	13849
P185,2	13850	13851
P69,2	13852	13853
P92,2	13854	13855
P198,2	13856	13857
P103,2	13858	13859
P199,2	13860	13861
P125,2	13862	13863
P137,2	13864	13865
P143,2	13866	13867
P200,2	13868	13869
P152,2	13870	13871
P155,2	13872	13873
P180,2	13874	13875
P175,2	13876	13877
P24,2	13878	13879
P191,2	13880	13881
P182,2	13882	13883
P193,2	13884	13885
P52,2	13886	13887
P43,2	13888	13889
P51,2	13890	13891
P185,2	13892	13893
P69,2	13894	13895
P92,2	13896	13897
P198,2	13898	13899
P103,2	13900	13901
P199,2	13902	13903
P125,2	13904	13905
P137,2	13906	13907
P143,2	13908	13909
P200,2	13910	13911
P152,2	13912	13913
P155,2	13914	13915
P180,2	13916	13917
P175,2	13918	13919
P24,2	13920	13921
P191,2	13922	13923
P182,2	13924	13925
P193,2	13926	13927
P52,2	13928	13929
P43,2	13930	13931
P51,2	13932	13933
P185,2	13934	13935
P69,2	13936	13937
P92,2	13938	13939
P198,2	13940	13941
P103,2	13942	13943
P199,2	13944	13945
P125,2	13946	13947
P137,2	13948	13949
P143,2	13950	13951
P200,2	13952	13953
P152,2	13954	13955
P155,2	13956	13957
P180,2	13958	13959
P175,2	13960	13961
P24,2	13962	13963
P191,2	13964	13965
P182,2	13966	13967
P193,2	13968	13969
P52,2	13970	13971
P43,2	13972	13973
P51,2	13974	13975
P185,2	13976	13977
P69,2	13978	13979
P92,2	13980	13981
P198,2	13982	13983
P103,2	13984	13985
P199,2	13986	13987
P125,2	13988	13989
P137,2	13990	13991
P143,2	13992	13993
P200,2	13994	13995
P152,2	13996	13997
P155,2	13998	13999
P180,2	14000	14001
P175,2	14002	14003
P24,2	14004	14005
P191,2	14006	14007
P182,2	14008	14009
P193,2	14010	14011
P52,2	14012	14013
P43,2	14014	14015
P51,2	14016	14017
P69,2	14018	14019
P92,2	14020	14021
P198,2	14022	14023
P103,2	14024	14025
P199,2	14026	14027
P125,2	14028	14029
P137,2	14030	14031
P143,2	14032	14033
P200,2	14034	14035
P152,2	14036	14037
P155,2	14038	14039
P180,2	14040	14041
P175,2	14042	14043
P24,2	14044	14045
P191,2	14046	14047
P182,2	14048	14049
P193,2	14050	14051
P52,2	14052	14053
P43,2	14054	14055
P51,2	14056	14057
P69,2	14058	14059
P92,2	14060	14061
P198,2	14062	14063
P103,2	14064	14065
P199,2	14066	14067
P125,2	14068	14069
P137,2	14070	14071
P143,2	14072	14073
P200,2	14074	14075
P152,2	14076	14077
P155,2	14078	14079
P180,2	14080	14081
P175,2	14082	14083
P24,2	14084	14085
P191,2	14086	14087
P182,2	14088	14089
P193,2	14090	14091
P52,2	14092	14093
P43,2	14094	14095
P51,2	14096	14097
P69,2	14098	14099
P92,2	14100	14101
P198,2	14102	14103
P103,2	14104	14105
P199,2	14106	14107
P125,2	14108	14109
P137,2	14110	14111
P143,2	14112	14113
P200,2	14114	14115
P152,2	14116	14117
P155,2	14118	14119
P180,2	14120	14121
P175,2	14122	14123
P24,2	14124	14125
P191,2	14126	14127
P182,2	14128	14129
P193,2	14130	14131
P52,2	14132	14133
P43,2	14134	14135
P51,2	14136	14137
P69,2	14138	14139
P92,2	14140	14141
P198,2	14142	14143
P103,2	14144	14145
P199,2	14146	14147
P125,2	14148	14149
P137,2	14150	14151
P143,2	14152	14153
P200,2	14154	14155
P152,2	14156	14157
P155,2	14158	14159
P180,2	14160	14161
P175,2	14162	14163
P24,2	14164	14165
P191,2	14166	14167
P182,2	14168	14169
P193,2	14170	14171
P52,2	14172	14172
P43,2	14173	14174
P51,2	14175	14176
P69,2	14177	14178
P92,2	14179	14180
P198,2	14181	14182
P103,2	14183	14184
P199,2	14185	14186
P125,2	14187	14188
P137,2	14189	14190
P143,2	14191	14192
P200,2	14193	14194
P152,2	14195	14196
P155,2	14197	14198
P180,2	14199	14200
P175,2	14201	14202
P24,2	14203	14204
P191,2	14205	14206
P182,2	14207	14208
P193,2	14209	14210
P43,2	14211	14212
P51,2	14213	14214
P69,2	14215	14216
P92,2	14217	14218
P198,2	14219	14220
P103,2	14221	14222
P199,2	14223	14224
P125,2	14225	14226
P137,2	14227	14228
P143,2	14229	14230
P200,2	14231	14232
P152,2	14233	14234
P155,2	14235	14236
P180,2	14237	14238
P175,2	14239	14240
P24,2	14241	14242
P191,2	14243	14244
P182,2	14245	14246
P193,2	14247	14248
P43,2	14249	14250
P51,2	14251	14252
P69,2	14253	14254
P92,2	14255	14256
P198,2	14257	14258
P103,2	14259	14260
P199,2	14261	14262
P125,2	14263	14264
P137,2	14265	14266
P143,2	14267	14268
P200,2	14269	14270
P152,2	14271	14272
P155,2	14273	14274
P180,2	14275	14276
P175,2	14277	14278
P24,2	14279	14280
P191,2	14281	14282
P182,2	14283	14284
P193,2	14285	14286
P43,2	14287	14288
P51,2	14289	14290
P69,2	14291	14292
P92,2	14293	14294
P198,2	14295	14296
P103,2	14297	14298
P199,2	14299	14300
P125,2	14301	14302
P137,2	14303	14304
P143,2	14305	14306
P200,2	14307	14308
P152,2	14309	14310
P155,2	14311	14312
P180,2	14313	14314
P175,2	14315	14316
P24,2	14317	14318
P191,2	14319	14320
P182,2	14321	14322
P193,2	14323	14324
P43,2	14325	14326
P51,2	14327	14328
P69,2	14329	14330
P92,2	14331	14332
P198,2	14333	14334
P103,2	14335	14336
P199,2	14337	14338
P125,2	14339	14340
P137,2	14341	14342
P143,2	14343	14344
P200,2	14345	14346
P152,2	14347	14348
P155,2	14349	14350
P180,2	14351	14352
P175,2	14353	14354
P24,2	14355	14356
P191,2	14357	14358
P182,2	14359	14360
P193,2	14361	14362
P43,2	14363	14364
P51,2	14365	14366
P69,2	14367	14368
P92,2	14369	14370
P198,2	14371	14372
P103,2	14373	14374
P199,2	14375	14376
P125,2	14377	14378
P137,2	14379	14380
P143,2	14381	14382
P200,2	14383	14384
P152,2	14385	14386
P155,2	14387	14388
P180,2	14389	14390
P175,2	14391	14392
P24,2	14393	14394
P191,2	14395	14396
P182,2	14397	14398
P193,2	14399	14400
P43,2	14401	14402
P51,2	14403	14404
P69,2	14405	14406
P92,2	14407	14408
P198,2	14409	14410
P103,2	14411	14412
P199,2	14413	14414
P125,2	14415	14416
P137,2	14417	14418
P143,2	14419	14420
P200,2	14421	14422
P152,2	14423	14424
P155,2	14425	14426
P180,2	14427	14428
P175,2	14429	14430
P24,2	14431	14432
P191,2	14433	14434
P182,2	14435	14436
P193,2	14437	14438
P43,2	14439	14440
P69,2	14441	14442
P92,2	14443	14444
P198,2	14445	14446
P103,2	14447	14448
P199,2	14449	14450
P125,2	14451	14452
P137,2	14453	14454
P143,2	14455	14456
P200,2	14457	14458
P152,2	14459	14460
P155,2	14461	14462
P180,2	14463	14464
P175,2	14465	14466
P24,2	14467	14468
P191,2	14469	14470
P182,2	14471	14472
P193,2	14473	14474
P43,2	14475	14476
P69,2	14477	14478
P92,2	14479	14480
P198,2	14481	14482
P103,2	14483	14484
P199,2	14485	14486
P125,2	14487	14488
P137,2	14489	14490
P143,2	14491	14492
P200,2	14493	14494
P152,2	14495	14496
P155,2	14497	14498
P180,2	14499	14500
P175,2	14501	14502
P24,2	14503	14504
P191,2	14505	14506
P182,2	14507	14508
P193,2	14509	14510
P43,2	14511	14512
P69,2	14513	14514
P92,2	14515	14516
P198,2	14517	14518
P103,2	14519	14520
P199,2	14521	14522
P125,2	14523	14524
P137,2	14525	14526
P143,2	14527	14528
P200,2	14529	14530
P152,2	14531	14532
P155,2	14533	14534
P180,2	14535	14536
P175,2	14537	14538
P24,2	14539	14540
P191,2	14541	14542
P182,2	14543	14544
P193,2	14545	14545
P43,2	14546	14547
P69,2	14548	14549
P92,2	14550	14551
P198,2	14552	14553
P103,2	14554	14555
P199,2	14556	14557
P125,2	14558	14559
P137,2	14560	14561
P143,2	14562	14563
P200,2	14564	14565
P152,2	14566	14567
P155,2	14568	14569
P180,2	14570	14571
P175,2	14572	14572
P24,2	14573	14574
P191,2	14575	14576
P182,2	14577	14578
P43,2	14579	14580
P69,2	14581	14582
P92,2	14583	14584
P198,2	14585	14586
P103,2	14587	14588
P199,2	14589	14590
P125,2	14591	14592
P137,2	14593	14594
P143,2	14595	14596
P200,2	14597	14598
P152,2	14599	14600
P155,2	14601	14602
P180,2	14603	14604
P24,2	14605	14606
P191,2	14607	14608
P182,2	14609	14610
P43,2	14611	14612
P69,2	14613	14614
P92,2	14615	14616
P198,2	14617	14618
P103,2	14619	14620
P199,2	14621	14622
P125,2	14623	14624
P137,2	14625	14626
P143,2	14627	14628
P200,2	14629	14630
P152,2	14631	14632
P155,2	14633	14634
P180,2	14635	14636
P24,2	14637	14638
P191,2	14639	14640
P182,2	14641	14642
P43,2	14643	14644
P69,2	14645	14646
P92,2	14647	14648
P198,2	14649	14650
P103,2	14651	14652
P199,2	14653	14654
P125,2	14655	14656
P137,2	14657	14658
P143,2	14659	14660
P200,2	14661	14662
P152,2	14663	14664
P155,2	14665	14666
P180,2	14667	14668
P24,2	14669	14670
P191,2	14671	14672
P182,2	14673	14674
P43,2	14675	14676
P69,2	14677	14678
P92,2	14679	14680
P198,2	14681	14682
P103,2	14683	14684
P199,2	14685	14686
P125,2	14687	14688
P137,2	14689	14690
P143,2	14691	14692
P200,2	14693	14694
P152,2	14695	14696
P155,2	14697	14698
P180,2	14699	14700
P24,2	14701	14702
P191,2	14703	14704
P182,2	14705	14706
P43,2	14707	14708
P69,2	14709	14710
P92,2	14711	14712
P198,2	14713	14714
P103,2	14715	14716
P199,2	14717	14718
P125,2	14719	14720
P137,2	14721	14722
P143,2	14723	14724
P200,2	14725	14726
P152,2	14727	14727
P155,2	14728	14729
P180,2	14730	14731
P24,2	14732	14733
P191,2	14734	14735
P182,2	14736	14737
P43,2	14738	14739
P69,2	14740	14741
P92,2	14742	14743
P103,2	14744	14745
P199,2	14746	14747
P125,2	14748	14749
P137,2	14750	14751
P143,2	14752	14753
P200,2	14754	14755
P155,2	14756	14757
P180,2	14758	14759
P24,2	14760	14761
P191,2	14762	14763
P182,2	14764	14765
P43,2	14766	14767
P69,2	14768	14769
P92,2	14770	14771
P103,2	14772	14773
P199,2	14774	14775
P125,2	14776	14777
P137,2	14778	14779
P143,2	14780	14781
P200,2	14782	14783
P155,2	14784	14785
P180,2	14786	14787
P24,2	14788	14789
P191,2	14790	14791
P182,2	14792	14793
P43,2	14794	14795
P69,2	14796	14797
P92,2	14798	14799
P103,2	14800	14801
P199,2	14802	14803
P125,2	14804	14805
P137,2	14806	14807
P143,2	14808	14809
P200,2	14810	14811
P155,2	14812	14813
P180,2	14814	14815
P24,2	14816	14817
P191,2	14818	14819
P182,2	14820	14821
P43,2	14822	14823
P69,2	14824	14825
P92,2	14826	14827
P103,2	14828	14829
P199,2	14830	14831
P125,2	14832	14833
P137,2	14834	14835
P200,2	14836	14837
P155,2	14838	14839
P180,2	14840	14841
P24,2	14842	14843
P191,2	14844	14845
P182,2	14846	14847
P43,2	14848	14849
P69,2	14850	14851
P92,2	14852	14853
P103,2	14854	14855
P199,2	14856	14857
P125,2	14858	14859
P137,2	14860	14861
P200,2	14862	14863
P155,2	14864	14865
P180,2	14866	14867
P24,2	14868	14869
P191,2	14870	14871
P182,2	14872	14873
P43,2	14874	14875
P69,2	14876	14877
P92,2	14878	14878
P103,2	14879	14880
P199,2	14881	14882
P125,2	14883	14884
P137,2	14885	14886
P200,2	14887	14888
P155,2	14889	14890
P180,2	14891	14892
P24,2	14893	14894
P191,2	14895	14896
P182,2	14897	14898
P43,2	14899	14900
P69,2	14901	14902
P103,2	14903	14904
P199,2	14905	14906
P125,2	14907	14908
P137,2	14909	14910
P200,2	14911	14912
P155,2	14913	14914
P180,2	14915	14916
P24,2	14917	14918
P191,2	14919	14920
P182,2	14921	14922
P43,2	14923	14924
P69,2	14925	14926
P103,2	14927	14928
P199,2	14929	14930
P125,2	14931	14932
P137,2	14933	14934
P200,2	14935	14936
P155,2	14937	14938
P180,2	14939	14940
P24,2	14941	14942
P191,2	14943	14944
P43,2	14945	14946
P69,2	14947	14948
P103,2	14949	14950
P199,2	14951	14952
P125,2	14953	14954
P137,2	14955	14956
P200,2	14957	14958
P155,2	14959	14960
P180,2	14961	14962
P24,2	14963	14964
P191,2	14965	14966
P43,2	14967	14968
P69,2	14969	14970
P103,2	14971	14972
P199,2	14973	14974
P125,2	14975	14976
P137,2	14977	14978
P200,2	14979	14980
P155,2	14981	14982
P180,2	14983	14984
P24,2	14985	14986
P191,2	14987	14988
P43,2	14989	14990
P69,2	14991	14992
P103,2	14993	14994
P199,2	14995	14996
P125,2	14997	14998
P137,2	14999	15000
P200,2	15001	15002
P155,2	15003	15004
P180,2	15005	15006
P24,2	15007	15008
P191,2	15009	15010
P43,2	15011	15012
P69,2	15013	15014
P103,2	15015	15016
P199,2	15017	15018
P125,2	15019	15020
P137,2	15021	15022
P200,2	15023	15024
P155,2	15025	15026
P180,2	15027	15028
P24,2	15029	15030
P191,2	15031	15032
P43,2	15033	15033
P69,2	15034	15035
P103,2	15036	15037
P199,2	15038	15039
P125,2	15040	15041
P137,2	15042	15043
P200,2	15044	15045
P155,2	15046	15047
P24,2	15048	15049
P191,2	15050	15051
P69,2	15052	15053
P103,2	15054	15055
P199,2	15056	15057
P125,2	15058	15059
P137,2	15060	15061
P200,2	15062	15063
P155,2	15064	15065
P24,2	15066	15067
P191,2	15068	15069
P69,2	15070	15071
P103,2	15072	15073
P199,2	15074	15075
P125,2	15076	15077
P137,2	15078	15079
P200,2	15080	15081
P155,2	15082	15083
P24,2	15084	15085
P191,2	15086	15087
P69,2	15088	15089
P103,2	15090	15091
P199,2	15092	15093
P125,2	15094	15095
P137,2	15096	15097
P200,2	15098	15099
P155,2	15100	15101
P24,2	15102	15103
P191,2	15104	15105
P69,2	15106	15107
P103,2	15108	15109
P199,2	15110	15111
P125,2	15112	15113
P137,2	15114	15115
P200,2	15116	15117
P155,2	15118	15119
P24,2	15120	15121
P191,2	15122	15123
P69,2	15124	15125
P103,2	15126	15127
P199,2	15128	15129
P125,2	15130	15131
P137,2	15132	15133
P200,2	15134	15135
P155,2	15136	15137
P24,2	15138	15139
P191,2	15140	15141
P69,2	15142	15143
P103,2	15144	15145
P199,2	15146	15147
P125,2	15148	15149
P137,2	15150	15151
P200,2	15152	15153
P155,2	15154	15155
P24,2	15156	15157
P191,2	15158	15159
P69,2	15160	15161
P103,2	15162	15163
P199,2	15164	15165
P125,2	15166	15167
P137,2	15168	15169
P200,2	15170	15171
P155,2	15172	15173
P24,2	15174	15175
P191,2	15176	15177
P69,2	15178	15179
P103,2	15180	15181
P199,2	15182	15183
P125,2	15184	15185
P200,2	15186	15187
P155,2	15188	15189
P24,2	15190	15191
P191,2	15192	15193
P69,2	15194	15195
P103,2	15196	15197
P199,2	15198	15199
P125,2	15200	15201
P200,2	15202	15202
P155,2	15203	15204
P24,2	15205	15206
P191,2	15207	15208
P69,2	15209	15210
P103,2	15211	15211
P199,2	15212	15213
P125,2	15214	15215
P155,2	15216	15217
P24,2	15218	15219
P191,2	15220	15221
P69,2	15222	15223
P199,2	15224	15225
P125,2	15226	15227
P155,2	15228	15229
P24,2	15230	15231
P191,2	15232	15233
P69,2	15234	15235
P199,2	15236	15237
P125,2	15238	15238
P155,2	15239	15240
P24,2	15241	15242
P191,2	15243	15244
P69,2	15245	15245
P199,2	15246	15247
P155,2	15248	15249
P24,2	15250	15251
P191,2	15252	15253
P199,2	15254	15255
P155,2	15256	15257
P24,2	15258	15259
P191,2	15260	15261
P199,2	15262	15263
P155,2	15264	15265
P24,2	15266	15267
P191,2	15268	15269
P199,2	15270	15271
P155,2	15272	15273
P24,2	15274	15275
P191,2	15276	15277
P199,2	15278	15279
P155,2	15280	15281
P24,2	15282	15283
P191,2	15284	15285
P199,2	15286	15287
P155,2	15288	15289
P24,2	15290	15291
P191,2	15292	15293
P199,2	15294	15295
P155,2	15296	15297
P191,2	15298	15299
P199,2	15300	15301
P155,2	15302	15303
P191,2	15304	15305
P199,2	15306	15307
P155,2	15308	15309
P199,2	15310	15311
P155,2	15312	15313
P199,2	15314	15315
P155,2	15316	15317
P199,2	15318	15319
P155,2	15320	15321
P199,2	15322	15323
P155,2	15324	15325
P199,2	15326	15327
P155,2	15328	15329
P199,2	15330	15331
P155,2	15332	15333
P199,2	15334	15335
P155,2	15336	15337
P199,2	15338	15339
P155,2	15340	15341
P199,2	15342	15343
P155,2	15344	15345
P199,2	15346	15347
P155,2	15348	15349
P199,2	15350	15351
P155,2	15352	15353
P199,2	15354	15355
P155,2	15356	15357
P199,2	15358	15359
P155,2	15360	15385
