CPU0
P1,1	2	3
P2,1	4	4
P1,1	6	7
P3,1	8	11
P4,1	12	12
P1,1	13	16
P5,1	17	20
P1,1	21	22
P6,1	23	24
P1,1	25	26
P8,1	27	30
P2,2	31	32
P9,1	33	36
P1,1	37	38
P3,1	39	40
P10,1	41	42
P4,2	43	44
P7,2	45	45
P3,1	46	47
P1,1	48	49
P11,1	50	51
P12,1	52	54
P1,1	55	56
P11,1	57	57
P1,1	58	59
P2,3	60	60
P3,1	61	62
P6,2	63	63
P14,1	64	65
P15,1	66	67
P14,1	68	68
P15,1	69	70
P12,2	71	72
P17,1	73	74
P3,1	75	76
P16,1	77	78
P6,3	79	80
P18,1	81	82
P20,1	83	84
P18,1	85	85
P21,1	86	89
P14,2	90	91
P22,1	92	94
P7,4	95	96
P2,4	97	98
P1,1	99	100
P23,1	101	104
P10,2	105	105
P20,1	106	106
P14,2	107	108
P18,2	109	110
P25,1	111	114
P26,1	115	115
P11,2	116	117
P7,4	118	119
P2,4	120	121
P1,1	122	123
P13,2	124	124
P24,1	125	126
P14,2	127	127
P29,1	128	131
P16,2	132	133
P30,1	134	134
P15,1	135	136
P27,1	137	138
P2,4	139	139
P19,2	140	140
P28,1	141	142
P31,1	143	144
P33,1	145	146
P32,1	147	148
P24,1	149	150
P34,1	151	152
P9,3	153	154
P12,3	155	156
P10,3	157	158
P25,2	159	160
P35,1	161	164
P1,1	165	166
P36,1	167	170
P37,1	171	172
P38,1	173	174
P30,2	175	176
P39,1	177	178
P40,1	179	180
P32,1	181	182
P33,1	183	184
P41,1	185	188
P17,3	189	190
P26,3	191	192
P42,1	193	196
P12,3	197	197
P3,1	198	199
P45,1	200	203
P22,2	204	204
P46,1	205	205
P25,2	206	206
P13,3	207	208
P27,1	209	210
P35,1	211	211
P40,2	212	213
P1,1	214	215
P49,1	216	217
P50,1	218	221
P16,3	222	223
P8,4	224	225
P7,5	226	227
P53,1	228	229
P52,1	230	231
P53,1	232	233
P14,3	234	235
P44,2	236	239
P39,1	240	241
P55,1	242	243
P57,1	244	245
P58,1	246	247
P57,1	248	248
P59,1	249	249
P21,3	250	250
P60,1	251	252
P61,1	253	253
P5,4	254	255
P24,1	256	257
P26,3	258	259
P3,1	260	261
P56,2	262	263
P62,1	264	265
P63,1	266	267
P64,1	268	271
P45,1	272	273
P66,1	274	277
P67,1	278	278
P68,1	279	280
P70,1	281	282
P71,1	283	284
P68,1	285	286
P59,2	287	288
P72,1	289	290
P46,4	291	292
P73,1	293	294
P65,2	295	296
P75,1	297	297
P76,1	298	300
P77,1	301	301
P13,3	302	302
P37,2	303	304
P40,2	305	305
P48,1	306	307
P78,1	308	309
P67,2	310	310
P70,2	311	312
P50,1	313	314
P11,3	315	316
P42,2	317	318
P79,1	319	319
P8,4	320	321
P80,1	322	323
P75,2	324	324
P81,1	325	328
P76,2	329	330
P82,1	331	333
P83,1	334	335
P84,1	336	338
P38,1	339	340
P85,1	341	344
P25,3	345	346
P33,1	347	348
P53,2	349	350
P67,3	351	351
P78,2	352	353
P82,2	354	355
P74,3	356	357
P87,1	358	358
P75,3	359	360
P88,1	361	361
P77,3	362	363
P84,2	364	365
P39,2	366	367
P30,3	368	369
P89,1	370	372
P90,1	373	375
P91,1	376	379
P94,1	380	381
P92,1	382	383
P87,2	384	384
P67,4	385	386
P95,1	387	388
P14,4	389	390
P36,3	391	392
P57,2	393	393
P56,3	394	395
P96,1	396	399
P71,1	400	400
P9,4	401	402
P89,2	403	404
P97,1	405	406
P65,2	407	407
P28,3	408	409
P15,1	410	411
P68,2	412	413
P98,1	414	415
P90,2	416	416
P98,1	417	417
P95,2	418	419
P1,1	420	421
P11,3	422	423
P100,1	424	425
P99,1	426	427
P100,1	428	429
P102,1	430	433
P97,2	434	435
P8,4	436	436
P103,1	437	438
P104,1	439	442
P98,2	443	444
P19,4	445	446
P106,1	447	448
P90,3	449	450
P51,1	451	452
P40,3	453	454
P107,1	455	458
P70,3	459	460
P35,2	461	462
P108,1	463	464
P109,1	465	467
P101,2	468	468
P25,3	469	469
P4,5	470	471
P110,1	472	472
P24,1	473	474
P49,2	475	475
P86,1	476	476
P111,1	477	478
P82,2	479	480
P112,1	481	481
P74,3	482	483
P54,2	484	485
P77,3	486	487
P113,1	488	488
P84,2	489	490
P115,1	491	492
P109,2	493	494
P3,1	495	496
P85,2	497	498
P117,1	499	500
P101,3	501	502
P118,1	503	504
P110,2	505	507
P119,1	508	511
P91,1	512	513
P92,1	514	515
P62,2	516	517
P120,1	518	519
P112,2	520	521
P120,1	522	522
P113,2	523	524
P34,3	525	526
P69,1	527	528
P96,1	529	530
P5,5	531	531
P29,3	532	533
P122,1	534	537
P57,3	538	539
P123,1	540	541
P117,2	542	543
P27,1	544	545
P110,3	546	547
P6,6	548	549
P124,1	550	551
P125,1	552	553
P124,1	554	555
P127,1	556	559
P112,3	560	561
P66,2	562	563
P59,3	564	565
P28,4	566	566
P99,1	567	568
P100,1	569	569
P129,1	570	571
P131,1	572	573
P13,4	574	575
P102,1	576	577
P72,2	578	578
P133,1	579	582
P135,1	583	584
P126,2	585	586
P137,1	587	588
P136,1	589	590
P139,1	591	592
P138,1	593	594
P140,1	595	596
P131,2	597	598
P103,1	599	600
P104,1	601	602
P11,4	603	604
P141,1	605	605
P19,4	606	606
P2,6	607	608
P90,3	609	610
P40,3	611	612
P143,1	613	616
P144,1	617	620
P83,1	621	622
P8,5	623	624
P146,1	625	626
P145,1	627	628
P147,1	629	632
P52,1	633	634
P148,1	635	635
P50,2	636	637
P12,5	638	639
P38,1	640	641
P149,1	642	645
P108,1	646	646
P22,4	647	648
P150,1	649	649
P24,1	650	651
P31,4	652	653
P151,1	654	654
P18,4	655	655
P43,1	656	657
P148,2	658	659
P141,3	660	660
P152,1	661	662
P154,1	663	665
P84,2	666	667
P155,1	668	669
P150,2	670	670
P155,1	671	672
P114,1	673	674
P55,2	675	676
P3,1	677	678
P157,1	679	680
P154,2	681	682
P141,4	683	684
P86,2	685	686
P158,1	687	688
P151,2	689	692
P159,1	693	694
P160,1	695	695
P161,1	696	696
P63,1	697	698
P153,2	699	699
P150,3	700	701
P75,4	702	702
P162,1	703	706
P163,1	707	710
P69,1	711	712
P39,3	713	714
P119,2	715	716
P109,3	717	718
P30,4	719	719
P165,1	720	720
P161,2	721	722
P159,2	723	724
P122,1	725	726
P153,3	727	728
P160,2	729	732
P118,2	733	734
P88,3	735	736
P165,2	737	739
P14,5	740	741
P117,2	742	743
P168,1	744	745
P169,1	746	747
P171,1	748	749
P153,4	750	751
P121,2	752	753
P36,4	754	754
P172,1	755	756
P167,2	757	758
P17,5	759	760
P120,2	761	762
P56,4	763	764
P95,2	765	765
P68,3	766	767
P169,2	768	769
P174,1	770	771
P175,1	772	773
P176,1	774	777
P128,1	778	778
P26,5	779	780
P1,1	781	782
P93,3	783	784
P177,1	785	788
P100,2	789	790
P171,3	791	792
P180,1	793	794
P179,1	795	796
P46,5	797	798
P37,3	799	800
P28,5	801	802
P138,1	803	803
P129,2	804	805
P140,1	806	806
P103,1	807	808
P105,1	809	810
P11,4	811	811
P9,6	812	813
P133,2	814	814
P99,2	815	816
P130,2	817	818
P90,3	819	819
P51,1	820	821
P135,2	822	823
P143,1	824	825
P104,2	826	826
P47,3	827	827
P65,4	828	828
P41,3	829	830
P19,5	831	832
P145,1	833	833
P146,1	834	835
P52,1	836	837
P70,3	838	839
P38,1	840	841
P144,2	842	843
P40,4	844	845
P22,4	846	847
P33,1	848	849
P181,1	850	853
P43,1	854	855
P80,3	856	857
P50,3	858	859
P97,4	860	860
P106,2	861	862
P35,3	863	864
P74,4	865	866
P155,1	867	868
P53,3	869	870
P3,1	871	872
P49,3	873	874
P157,1	875	875
P7,7	876	877
P85,2	878	878
P182,1	879	882
P77,4	883	884
P63,1	885	886
P183,1	887	890
P62,2	891	891
P162,1	892	893
P111,3	894	895
P69,1	896	897
P109,3	898	898
P75,5	899	900
P91,2	901	902
P159,2	903	904
P113,3	905	906
P158,2	907	908
P164,2	909	910
P57,3	911	912
P163,2	913	913
P14,5	914	915
P141,6	916	917
P58,4	918	919
P39,4	920	921
P118,3	922	923
P30,5	924	925
P172,1	926	927
P117,3	928	929
P17,5	930	931
P173,1	932	933
P112,3	934	934
P160,3	935	936
P169,2	937	937
P165,3	938	939
P175,1	940	941
P34,5	942	943
P26,5	944	945
P95,3	946	947
P1,1	948	949
P6,7	950	951
P110,4	952	952
P177,1	953	953
P66,3	954	955
P120,3	956	957
P178,1	958	959
P128,2	960	961
P46,5	962	962
P37,3	963	963
P129,2	964	965
P185,1	966	969
P87,4	970	970
P126,3	971	972
P45,3	973	973
P81,1	974	975
P136,2	976	977
P13,5	978	979
P51,1	980	981
P135,2	982	983
P143,1	984	985
P127,3	986	987
P41,3	988	988
P8,5	989	989
P146,1	990	991
P98,3	992	993
P32,1	994	995
P138,2	996	997
P144,2	998	999
P40,4	1000	1001
P134,3	1002	1003
P23,4	1004	1005
P24,1	1006	1007
P2,7	1008	1008
P181,1	1009	1010
P80,3	1011	1012
P50,3	1013	1014
P145,2	1015	1016
P106,2	1017	1018
P186,1	1019	1022
P35,3	1023	1024
P108,2	1025	1025
P12,6	1026	1027
P53,3	1028	1029
P60,3	1030	1031
P3,1	1032	1033
P49,3	1034	1035
P70,4	1036	1037
P22,5	1038	1039
P148,3	1040	1041
P86,2	1042	1042
P76,4	1043	1044
P182,1	1045	1046
P74,5	1047	1047
P77,4	1048	1048
P63,1	1049	1050
P183,1	1051	1052
P157,2	1053	1053
P92,1	1054	1055
P25,5	1056	1056
P111,3	1057	1058
P188,1	1059	1062
P119,2	1063	1063
P73,1	1064	1065
P159,2	1066	1066
P158,2	1067	1068
P85,3	1069	1070
P29,4	1071	1072
P141,6	1073	1073
P27,1	1074	1075
P58,4	1076	1077
P39,4	1078	1079
P64,3	1080	1081
P78,5	1082	1083
P30,5	1084	1085
P62,3	1086	1086
P164,3	1087	1088
P125,1	1089	1090
P163,3	1091	1091
P56,4	1092	1093
P68,3	1094	1094
P113,4	1095	1096
P153,5	1097	1098
P121,3	1099	1100
P166,2	1101	1102
P94,3	1103	1104
P1,1	1105	1106
P6,7	1107	1108
P36,6	1109	1110
P17,6	1111	1112
P167,3	1113	1114
P171,3	1115	1115
P34,6	1116	1117
P128,2	1118	1118
P96,3	1119	1120
P176,2	1121	1122
P169,3	1123	1124
P185,1	1125	1126
P174,2	1127	1128
P123,3	1129	1130
P93,4	1131	1132
P126,3	1133	1133
P9,6	1134	1135
P81,1	1136	1137
P177,2	1138	1139
P99,2	1140	1140
P13,5	1141	1142
P51,1	1143	1144
P37,4	1145	1146
P135,2	1147	1148
P178,2	1149	1150
P143,1	1151	1152
P61,4	1153	1154
P83,1	1155	1156
P146,1	1157	1158
P52,1	1159	1160
P32,1	1161	1162
P28,6	1163	1164
P138,2	1165	1166
P11,5	1167	1168
P90,4	1169	1170
P142,2	1171	1172
P133,3	1173	1174
P24,1	1175	1176
P181,1	1177	1178
P80,3	1179	1180
P50,3	1181	1181
P152,1	1182	1183
P191,1	1184	1187
P145,2	1188	1188
P41,4	1189	1189
P139,3	1190	1191
P35,3	1192	1193
P8,6	1194	1194
P155,1	1195	1196
P53,3	1197	1197
P115,1	1198	1199
P147,2	1200	1200
P2,8	1201	1201
P187,1	1202	1203
P108,3	1204	1204
P148,3	1205	1206
P20,7	1207	1208
P106,3	1209	1210
P149,3	1211	1212
P31,5	1213	1214
P183,1	1215	1216
P49,4	1217	1217
P92,1	1218	1219
P7,8	1220	1221
P193,1	1222	1225
P156,3	1226	1227
P48,4	1228	1229
P44,4	1230	1231
P82,4	1232	1232
P184,1	1233	1234
P15,1	1235	1236
P111,4	1237	1238
P27,1	1239	1240
P58,4	1241	1242
P39,4	1243	1243
P157,3	1244	1245
P194,1	1246	1249
P91,3	1250	1251
P30,5	1252	1252
P159,3	1253	1254
P116,3	1255	1256
P14,6	1257	1258
P109,4	1259	1260
P55,4	1261	1262
P151,4	1263	1264
P153,5	1265	1266
P121,3	1267	1268
P95,3	1269	1270
P1,1	1271	1272
P6,7	1273	1274
P68,4	1275	1275
P36,6	1276	1277
P141,7	1278	1278
P167,3	1279	1279
P64,4	1280	1281
P57,5	1282	1283
P26,6	1284	1285
P195,1	1286	1289
P180,1	1290	1291
P137,1	1292	1293
P161,4	1294	1295
P103,1	1296	1297
P123,3	1298	1298
P93,4	1299	1300
P105,1	1301	1302
P165,4	1303	1303
P120,4	1304	1305
P81,1	1306	1307
P177,2	1308	1309
P179,2	1310	1310
P13,5	1311	1312
P169,4	1313	1314
P66,4	1315	1315
P126,4	1316	1317
P61,4	1318	1318
P83,1	1319	1320
P87,5	1321	1322
P38,1	1323	1324
P100,3	1325	1325
P28,6	1326	1327
P132,3	1328	1329
P99,3	1330	1331
P138,2	1332	1333
P11,5	1334	1334
P90,4	1335	1336
P9,7	1337	1338
P133,3	1339	1340
P196,1	1341	1344
P181,1	1345	1346
P43,1	1347	1348
P152,1	1349	1350
P191,1	1351	1352
P19,6	1353	1354
P197,1	1355	1358
P155,1	1359	1360
P3,1	1361	1362
P45,5	1363	1364
P142,3	1365	1366
P187,1	1367	1368
P40,5	1369	1370
P182,1	1371	1372
P149,3	1373	1374
P63,1	1375	1376
P50,4	1377	1378
P145,3	1379	1380
P2,9	1381	1382
P162,1	1383	1384
P188,1	1385	1386
P193,1	1387	1388
P148,4	1389	1390
P198,1	1391	1394
P41,5	1395	1396
P108,4	1397	1397
P73,1	1398	1399
P86,3	1400	1400
P107,4	1401	1401
P184,1	1402	1403
P134,5	1404	1405
P79,4	1406	1407
P101,5	1408	1408
P16,6	1409	1410
P150,4	1411	1411
P97,6	1412	1413
P78,5	1414	1415
P199,1	1416	1419
P125,1	1420	1421
P14,6	1422	1423
P44,5	1424	1425
P84,4	1426	1427
P151,4	1428	1429
P58,5	1430	1431
P175,1	1432	1433
P89,4	1434	1435
P29,5	1436	1437
P200,1	1438	1441
P117,4	1442	1443
P159,4	1444	1445
P189,1	1446	1447
P36,6	1448	1449
P64,4	1450	1451
P57,5	1452	1452
P164,4	1453	1453
P119,4	1454	1455
P26,6	1456	1457
P195,1	1458	1459
P176,2	1460	1460
P137,1	1461	1462
P94,4	1463	1464
P185,1	1465	1466
P174,2	1467	1468
P68,5	1469	1470
P56,5	1471	1472
P105,1	1473	1474
P171,4	1475	1475
P6,8	1476	1477
P141,8	1478	1478
P177,2	1479	1479
P96,4	1480	1481
P169,4	1482	1483
P126,4	1484	1485
P160,5	1486	1487
P146,1	1488	1489
P87,5	1490	1490
P62,5	1491	1492
P38,1	1493	1494
P123,4	1495	1495
P13,6	1496	1497
P179,3	1498	1499
P165,5	1500	1501
P110,6	1502	1503
P33,1	1504	1505
P24,1	1506	1507
P37,5	1508	1508
P140,3	1509	1510
P43,1	1511	1512
P130,3	1513	1514
P71,5	1515	1516
P191,1	1517	1518
P170,5	1519	1520
P19,6	1521	1522
P90,5	1523	1524
P197,1	1525	1526
P100,4	1527	1528
P133,4	1529	1530
P115,1	1531	1532
P129,4	1533	1534
P72,5	1535	1536
P9,8	1537	1538
P187,1	1539	1540
P182,1	1541	1542
P178,4	1543	1544
P149,3	1545	1546
P63,1	1547	1548
P50,4	1549	1549
P104,4	1550	1551
P12,7	1552	1553
P162,1	1554	1555
P188,1	1556	1557
P22,6	1558	1559
P69,1	1560	1561
P148,4	1562	1563
P142,4	1564	1564
P106,4	1565	1566
P70,5	1567	1567
P41,5	1568	1569
P73,1	1570	1571
P147,4	1572	1573
P20,8	1574	1574
P15,1	1575	1576
P134,5	1577	1578
P76,5	1579	1580
P79,4	1581	1581
P16,6	1582	1583
P97,6	1584	1585
P199,1	1586	1587
P108,5	1588	1589
P48,5	1590	1591
P107,5	1592	1593
P114,3	1594	1595
P158,3	1596	1596
P91,4	1597	1597
P101,6	1598	1599
P86,4	1600	1601
P75,7	1602	1603
P200,1	1604	1605
P109,5	1606	1607
P122,3	1608	1609
P150,5	1610	1610
P159,4	1611	1611
P113,5	1612	1613
P116,4	1614	1615
P55,5	1616	1617
P172,3	1618	1619
P95,4	1620	1621
P195,1	1622	1623
P84,5	1624	1625
P14,7	1626	1627
P137,1	1628	1629
P161,4	1630	1631
P103,1	1632	1633
P153,6	1634	1634
P85,5	1635	1636
P56,5	1637	1638
P105,1	1639	1640
P164,5	1641	1641
P124,3	1642	1643
P17,7	1644	1644
P96,4	1645	1646
P169,4	1647	1648
P121,5	1649	1650
P160,5	1651	1652
P146,1	1653	1654
P62,5	1655	1655
P38,1	1656	1657
P6,9	1658	1659
P132,3	1660	1660
P179,3	1661	1662
P68,6	1663	1664
P177,3	1665	1666
P127,4	1667	1668
P33,1	1669	1670
P24,1	1671	1672
P171,5	1673	1674
P28,7	1675	1676
P87,6	1677	1677
P99,4	1678	1679
P167,5	1680	1681
P173,4	1682	1683
P71,5	1684	1685
P191,1	1686	1687
P170,5	1688	1689
P19,6	1690	1691
P123,5	1692	1693
P186,1	1694	1695
P144,3	1696	1696
P46,7	1697	1698
P155,1	1699	1700
P3,1	1701	1702
P72,5	1703	1704
P187,1	1705	1706
P138,3	1707	1708
P47,5	1709	1710
P183,1	1711	1712
P139,4	1713	1713
P104,4	1714	1715
P40,6	1716	1717
P98,5	1718	1719
P22,6	1720	1721
P69,1	1722	1723
P148,4	1724	1725
P100,5	1726	1727
P129,5	1728	1729
P12,8	1730	1731
P145,4	1732	1733
P178,5	1734	1735
P53,5	1736	1737
P184,1	1738	1739
P134,5	1740	1740
P76,5	1741	1742
P18,7	1743	1744
P16,6	1745	1746
P70,6	1747	1748
P194,1	1749	1750
P106,5	1751	1752
P108,5	1753	1753
P125,1	1754	1755
P2,10	1756	1756
P147,5	1757	1758
P44,5	1759	1760
P101,6	1761	1762
P86,4	1763	1764
P75,7	1765	1766
P200,1	1767	1768
P39,5	1769	1770
P122,3	1771	1772
P35,5	1773	1774
P111,5	1775	1776
P118,4	1777	1778
P189,1	1779	1780
P158,4	1781	1782
P97,7	1783	1784
P154,5	1785	1786
P195,1	1787	1788
P84,5	1789	1790
P14,7	1791	1792
P137,1	1793	1794
P159,5	1795	1796
P185,1	1797	1798
P103,1	1799	1800
P85,5	1801	1801
P58,6	1802	1802
P30,7	1803	1804
P49,7	1805	1806
P81,1	1807	1808
P150,6	1809	1810
P161,5	1811	1812
P121,5	1813	1814
P83,1	1815	1816
P172,4	1817	1818
P52,1	1819	1820
P32,1	1821	1822
P13,6	1823	1824
P176,3	1825	1826
P112,6	1827	1828
P17,8	1829	1830
P163,5	1831	1832
P34,8	1833	1834
P93,5	1835	1836
P24,1	1837	1838
P174,4	1839	1840
P181,1	1841	1842
P43,1	1843	1844
P164,6	1845	1846
P179,4	1847	1848
P169,5	1849	1850
P127,5	1851	1852
P191,1	1853	1854
P59,6	1855	1856
P62,6	1857	1857
P110,7	1858	1859
P90,5	1860	1860
P186,1	1861	1862
P167,6	1863	1864
P46,7	1865	1866
P120,6	1867	1868
P115,1	1869	1870
P128,5	1871	1872
P187,1	1873	1874
P138,3	1875	1875
P130,4	1876	1877
P87,7	1878	1879
P183,1	1880	1881
P19,7	1882	1883
P92,1	1884	1885
P162,1	1886	1887
P173,5	1888	1889
P69,1	1890	1891
P170,6	1892	1893
P100,5	1894	1895
P61,6	1896	1897
P129,5	1898	1898
P12,8	1899	1899
P145,4	1900	1901
P178,5	1902	1902
P149,4	1903	1904
P184,1	1905	1906
P102,5	1907	1908
P27,1	1909	1910
P70,6	1911	1912
P194,1	1913	1914
P50,5	1915	1916
P98,6	1917	1918
P156,5	1919	1920
P7,10	1921	1921
P31,7	1922	1923
P23,7	1924	1925
P54,5	1926	1927
P142,5	1928	1928
P175,1	1929	1930
P8,8	1931	1932
P200,1	1933	1934
P48,6	1935	1936
P35,5	1937	1938
P91,5	1939	1940
P189,1	1941	1942
P44,6	1943	1944
P55,5	1945	1946
P114,4	1947	1947
P109,6	1948	1949
P180,1	1950	1951
P151,5	1952	1953
P86,5	1954	1954
P14,7	1955	1956
P101,7	1957	1958
P107,6	1959	1960
P29,6	1961	1962
P64,5	1963	1964
P103,1	1965	1966
P116,5	1967	1968
P30,7	1969	1969
P105,1	1970	1971
P84,6	1972	1973
P51,1	1974	1975
P26,7	1976	1976
P161,5	1977	1978
P121,5	1979	1979
P83,1	1980	1981
P119,5	1982	1983
P157,5	1984	1985
P146,1	1986	1987
P38,1	1988	1989
P32,1	1990	1991
P153,7	1992	1992
P112,6	1993	1994
P177,3	1995	1995
P163,5	1996	1997
P33,1	1998	1999
P166,5	2000	2001
P196,1	2002	2003
P174,4	2004	2005
P85,6	2006	2007
P181,1	2008	2009
P99,4	2010	2011
P152,1	2012	2013
P68,7	2014	2015
P165,6	2016	2017
P192,1	2018	2019
P93,6	2020	2021
P141,10	2022	2023
P123,5	2024	2024
P136,4	2025	2026
P186,1	2027	2028
P167,6	2029	2029
P120,6	2030	2031
P115,1	2032	2033
P128,5	2034	2034
P135,5	2035	2036
P182,1	2037	2038
P62,7	2039	2040
P63,1	2041	2042
P19,7	2043	2043
P94,7	2044	2045
P92,1	2046	2047
P11,7	2048	2049
P162,1	2050	2051
P173,5	2052	2053
P69,1	2054	2055
P80,5	2056	2057
P132,5	2058	2059
P47,6	2060	2061
P66,7	2062	2062
P46,8	2063	2064
P149,4	2065	2065
P37,7	2066	2067
P15,1	2068	2069
P27,1	2070	2071
P168,1	2072	2073
P61,7	2074	2075
P130,5	2076	2077
P145,5	2078	2079
P139,5	2080	2081
P104,5	2082	2082
P40,7	2083	2084
P60,5	2085	2086
P129,6	2087	2088
P53,6	2089	2090
P45,8	2091	2092
P12,9	2093	2094
P200,1	2095	2096
P76,6	2097	2098
P111,5	2099	2100
P189,1	2101	2102
P2,11	2103	2104
P147,6	2105	2106
P102,6	2107	2108
P109,6	2109	2109
P195,1	2110	2111
P20,10	2112	2113
P151,5	2114	2115
P18,9	2116	2116
P137,1	2117	2118
P48,7	2119	2120
P159,5	2121	2122
P185,1	2123	2124
P103,1	2125	2126
P122,4	2127	2128
P114,5	2129	2129
P105,1	2130	2131
P81,1	2132	2133
P150,6	2134	2135
P44,7	2136	2137
P143,1	2138	2139
P83,1	2140	2141
P89,6	2142	2142
P95,5	2143	2144
P146,1	2145	2146
P101,8	2147	2147
P58,7	2148	2149
P86,6	2150	2150
P112,6	2151	2152
P17,8	2153	2154
P30,8	2155	2155
P163,5	2156	2156
P77,9	2157	2157
P116,6	2158	2159
P166,5	2160	2160
P196,1	2161	2162
P174,4	2163	2163
P119,6	2164	2164
P153,8	2165	2166
P160,6	2167	2168
P6,10	2169	2170
P121,6	2171	2171
P26,8	2172	2173
P179,4	2174	2174
P169,5	2175	2175
P165,6	2176	2176
P191,1	2177	2178
P176,4	2179	2179
P93,6	2180	2181
P110,7	2182	2182
P117,7	2183	2184
P186,1	2185	2186
P28,8	2187	2188
P99,5	2189	2190
P3,1	2191	2192
P171,6	2193	2194
P68,8	2195	2196
P87,7	2197	2198
P183,1	2199	2200
P92,1	2201	2202
P11,7	2203	2204
P188,1	2205	2206
P193,1	2207	2208
P123,6	2209	2210
P124,6	2211	2212
P132,5	2213	2214
P47,6	2215	2216
P167,7	2217	2218
P46,8	2219	2220
P37,7	2221	2221
P15,1	2222	2223
P27,1	2224	2225
P131,6	2226	2227
P61,7	2228	2228
P127,7	2229	2230
P148,5	2231	2232
P199,1	2233	2234
P125,1	2235	2236
P178,6	2237	2238
P100,6	2239	2240
P175,1	2241	2242
P1,1	2243	2244
P98,7	2245	2246
P65,9	2247	2248
P145,6	2249	2250
P76,6	2251	2251
P41,7	2252	2253
P23,8	2254	2254
P140,6	2255	2256
P54,6	2257	2258
P71,8	2259	2260
P104,6	2261	2262
P180,1	2263	2264
P10,10	2265	2266
P108,6	2267	2267
P8,9	2268	2269
P35,6	2270	2271
P48,7	2272	2273
P39,6	2274	2274
P103,1	2275	2276
P190,1	2277	2278
P158,5	2279	2280
P105,1	2281	2282
P51,1	2283	2284
P79,6	2285	2286
P44,7	2287	2288
P29,7	2289	2290
P83,1	2291	2292
P95,5	2293	2294
P52,1	2295	2296
P58,7	2297	2298
P14,8	2299	2300
P57,7	2301	2302
P107,7	2303	2304
P33,1	2305	2306
P89,7	2307	2308
P24,1	2309	2310
P49,8	2311	2312
P114,6	2313	2313
P85,6	2314	2314
P150,7	2315	2316
P181,1	2317	2318
P172,5	2319	2319
P112,7	2320	2321
P30,9	2322	2323
P163,6	2324	2325
P191,1	2326	2327
P55,7	2328	2329
P34,9	2330	2331
P77,10	2332	2332
P6,11	2333	2334
P197,1	2335	2336
P28,8	2337	2337
P155,1	2338	2339
P84,8	2340	2340
P115,1	2341	2342
P187,1	2343	2344
P171,6	2345	2345
P182,1	2346	2347
P165,7	2348	2349
P119,7	2350	2350
P63,1	2351	2352
P92,1	2353	2354
P11,7	2355	2355
P179,5	2356	2357
P188,1	2358	2359
P120,7	2360	2361
P69,1	2362	2363
P198,1	2364	2365
P167,7	2366	2366
P73,1	2367	2368
P87,8	2369	2369
P184,1	2370	2371
P15,1	2372	2373
P27,1	2374	2375
P131,6	2376	2377
P194,1	2378	2379
P127,7	2380	2380
P94,8	2381	2382
P199,1	2383	2384
P173,6	2385	2385
P40,7	2386	2387
P135,7	2388	2389
P175,1	2390	2391
P12,9	2392	2393
P66,8	2394	2395
P200,1	2396	2397
P145,6	2398	2399
P139,6	2400	2401
P189,1	2402	2403
P140,6	2404	2404
P54,6	2405	2406
P147,6	2407	2407
P148,6	2408	2409
P104,6	2410	2411
P180,1	2412	2413
P100,7	2414	2415
P130,6	2416	2417
P8,9	2418	2418
P35,6	2419	2420
P149,6	2421	2422
P48,7	2423	2424
P16,8	2425	2426
P103,1	2427	2428
P60,6	2429	2429
P158,5	2430	2430
P76,7	2431	2432
P81,1	2433	2434
P134,7	2435	2436
P2,12	2437	2438
P143,1	2439	2440
P83,1	2441	2442
P146,1	2443	2444
P38,1	2445	2446
P14,8	2447	2447
P122,5	2448	2449
P118,6	2450	2451
P107,7	2452	2453
P78,8	2454	2455
P89,7	2456	2457
P196,1	2458	2459
P49,8	2460	2460
P39,7	2461	2462
P18,11	2463	2464
P181,1	2465	2466
P17,9	2467	2468
P26,8	2469	2469
P152,1	2470	2471
P159,7	2472	2473
P95,6	2474	2475
P114,7	2476	2477
P85,7	2478	2479
P186,1	2480	2481
P58,8	2482	2483
P155,1	2484	2485
P115,1	2486	2487
P187,1	2488	2489
P182,1	2490	2491
P34,10	2492	2493
P176,5	2494	2495
P77,11	2496	2497
P63,1	2498	2499
P92,1	2500	2501
P177,5	2502	2503
P93,7	2504	2505
P193,1	2506	2507
P171,7	2508	2509
P198,1	2510	2511
P73,1	2512	2513
P126,7	2514	2515
P136,5	2516	2517
P110,9	2518	2519
P62,8	2520	2521
P179,6	2522	2523
P168,1	2524	2525
P131,6	2526	2527
P194,1	2528	2529
P116,8	2530	2531
P132,6	2532	2533
P125,1	2534	2535
P135,7	2536	2536
P164,8	2537	2538
P167,8	2539	2539
P1,1	2540	2541
P66,8	2542	2542
P200,1	2543	2544
P138,5	2545	2545
P173,7	2546	2547
P41,7	2548	2548
P189,1	2549	2550
P61,8	2551	2552
P19,9	2553	2554
P104,6	2555	2556
P180,1	2557	2558
P178,7	2559	2560
P53,7	2561	2562
P98,8	2563	2564
P144,6	2565	2566
P16,8	2567	2568
P102,7	2569	2570
P190,1	2571	2572
P140,7	2573	2573
P81,1	2574	2575
P51,1	2576	2577
P145,7	2578	2579
P83,1	2580	2581
P146,1	2582	2583
P38,1	2584	2585
P122,5	2586	2587
P45,10	2588	2588
P130,7	2589	2590
P33,1	2591	2592
P35,7	2593	2594
P89,7	2595	2595
P24,1	2596	2597
P196,1	2598	2599
P39,7	2600	2601
P14,9	2602	2603
P181,1	2604	2605
P91,7	2606	2607
P118,7	2608	2609
P134,8	2610	2611
P159,7	2612	2613
P20,13	2614	2615
P108,8	2616	2617
P6,11	2618	2618
P64,7	2619	2620
P197,1	2621	2622
P58,8	2623	2624
P155,1	2625	2626
P3,1	2627	2628
P182,1	2629	2630
P112,8	2631	2632
P34,10	2633	2634
P176,5	2635	2635
P55,8	2636	2637
P183,1	2638	2639
P92,1	2640	2641
P86,8	2642	2643
P166,7	2644	2645
P93,7	2646	2647
P85,8	2648	2649
P171,7	2650	2651
P68,9	2652	2653
P198,1	2654	2655
P84,9	2656	2657
P119,8	2658	2659
P184,1	2660	2661
P172,7	2662	2663
P96,7	2664	2664
P28,9	2665	2666
P27,1	2667	2668
P124,7	2669	2669
P116,8	2670	2671
P132,6	2672	2673
P125,1	2674	2675
P164,8	2676	2677
P175,1	2678	2679
P170,8	2680	2680
P173,7	2681	2682
P189,1	2683	2684
P56,9	2685	2685
P61,8	2686	2686
P19,9	2687	2687
P180,1	2688	2689
P178,7	2690	2690
P133,7	2691	2692
P137,1	2693	2694
P167,9	2695	2696
P144,6	2697	2698
P185,1	2699	2700
P135,8	2701	2702
P103,1	2703	2704
P105,1	2705	2706
P71,9	2707	2707
P51,1	2708	2709
P138,6	2710	2711
P37,9	2712	2713
P145,7	2714	2715
P46,10	2716	2717
P127,9	2718	2718
P52,1	2719	2720
P40,9	2721	2722
P38,1	2723	2724
P122,5	2725	2725
P104,7	2726	2726
P33,1	2727	2728
P29,8	2729	2730
P2,13	2731	2732
P24,1	2733	2734
P196,1	2735	2736
P39,7	2737	2737
P14,9	2738	2739
P43,1	2740	2741
P79,7	2742	2743
P152,1	2744	2745
P134,8	2746	2747
P191,1	2748	2749
P45,11	2750	2751
P114,7	2752	2753
P186,1	2754	2755
P107,8	2756	2757
P111,8	2758	2759
P58,8	2760	2760
P142,9	2761	2762
P155,1	2763	2764
P3,1	2765	2766
P182,1	2767	2768
P6,12	2769	2770
P77,11	2771	2772
P183,1	2773	2774
P92,1	2775	2776
P49,10	2777	2778
P78,10	2779	2780
P162,1	2781	2782
P97,11	2783	2784
P57,9	2785	2786
P34,11	2787	2787
P69,1	2788	2789
P55,9	2790	2791
P112,9	2792	2793
P119,8	2794	2795
P174,7	2796	2797
P160,8	2798	2799
P15,1	2800	2801
P27,1	2802	2803
P95,8	2804	2804
P132,6	2805	2806
P117,9	2807	2808
P164,8	2809	2810
P1,1	2811	2812
P177,6	2813	2814
P189,1	2815	2816
P85,9	2817	2818
P195,1	2819	2820
P62,9	2821	2822
P84,10	2823	2824
P47,8	2825	2826
P96,8	2827	2828
P144,6	2829	2829
P54,7	2830	2830
P131,8	2831	2831
P185,1	2832	2833
P135,8	2834	2834
P103,1	2835	2836
P28,10	2837	2838
P53,8	2839	2839
P61,9	2840	2840
P51,1	2841	2842
P19,10	2843	2844
P37,9	2845	2845
P145,7	2846	2847
P46,10	2848	2849
P56,10	2850	2850
P146,1	2851	2852
P133,8	2853	2854
P139,7	2855	2856
P40,9	2857	2858
P38,1	2859	2860
P8,10	2861	2862
P76,8	2863	2863
P12,12	2864	2865
P2,13	2866	2867
P71,10	2868	2869
P75,9	2870	2871
P140,8	2872	2872
P158,6	2873	2873
P181,1	2874	2875
P127,10	2876	2877
P89,8	2878	2879
P35,8	2880	2881
P192,1	2882	2883
P108,8	2884	2884
P186,1	2885	2886
P48,9	2887	2888
P129,9	2889	2890
P60,8	2891	2892
P115,1	2893	2894
P3,1	2895	2896
P182,1	2897	2898
P159,8	2899	2900
P6,12	2901	2902
P79,8	2903	2903
P63,1	2904	2905
P58,9	2906	2907
P163,7	2908	2908
P118,8	2909	2910
P78,10	2911	2911
P188,1	2912	2913
P193,1	2914	2915
P57,9	2916	2917
P69,1	2918	2919
P55,9	2920	2921
P112,9	2922	2922
P184,1	2923	2924
P172,7	2925	2926
P15,1	2927	2928
P168,1	2929	2930
P171,8	2931	2932
P117,9	2933	2934
P30,11	2935	2936
P126,8	2937	2938
P200,1	2939	2940
P93,8	2941	2941
P116,9	2942	2943
P166,8	2944	2945
P195,1	2946	2947
P165,9	2948	2949
P68,10	2950	2951
P167,9	2952	2953
P96,8	2954	2954
P124,8	2955	2956
P123,8	2957	2958
P90,9	2959	2960
P110,10	2961	2962
P190,1	2963	2964
P105,1	2965	2966
P51,1	2967	2968
P19,10	2969	2969
P143,1	2970	2971
P41,9	2972	2972
P52,1	2973	2974
P59,10	2975	2976
P84,11	2977	2978
P135,9	2979	2980
P32,1	2981	2982
P131,9	2983	2984
P54,8	2985	2986
P24,1	2987	2988
P133,9	2989	2990
P102,8	2991	2991
P145,8	2992	2993
P43,1	2994	2995
P152,1	2996	2997
P89,8	2998	2998
P138,7	2999	3000
P35,8	3001	3002
P37,10	3003	3004
P45,11	3005	3005
P8,11	3006	3006
P186,1	3007	3008
P139,8	3009	3010
P129,9	3011	3012
P127,11	3013	3014
P115,1	3015	3016
P3,1	3017	3018
P149,8	3019	3020
P39,8	3021	3022
P2,14	3023	3024
P6,12	3025	3025
P18,13	3026	3027
P140,9	3028	3028
P183,1	3029	3030
P92,1	3031	3032
P162,1	3033	3034
P97,11	3035	3035
P193,1	3036	3037
P57,9	3038	3039
P107,9	3040	3041
P73,1	3042	3043
P184,1	3044	3045
P60,9	3046	3047
P27,1	3048	3049
P194,1	3050	3051
P199,1	3052	3053
P49,11	3054	3055
P175,1	3056	3057
P1,1	3058	3059
P86,9	3060	3060
P189,1	3061	3062
P85,9	3063	3064
P78,11	3065	3066
P112,10	3067	3068
P180,1	3069	3070
P68,10	3071	3072
P172,8	3073	3074
P179,7	3075	3076
P123,8	3077	3077
P117,10	3078	3079
P90,9	3080	3081
P110,10	3082	3083
P150,10	3084	3085
P105,1	3086	3087
P81,1	3088	3089
P164,9	3090	3091
P143,1	3092	3093
P146,1	3094	3095
P52,1	3096	3097
P38,1	3098	3099
P32,1	3100	3101
P165,10	3102	3102
P54,8	3103	3103
P71,10	3104	3105
P53,9	3106	3107
P147,8	3108	3108
P181,1	3109	3110
P66,10	3111	3111
P152,1	3112	3113
P191,1	3114	3115
P28,11	3116	3117
P37,10	3118	3119
P16,10	3120	3120
P186,1	3121	3122
P197,1	3123	3124
P178,9	3125	3126
P129,9	3127	3128
P155,1	3129	3130
P102,9	3131	3132
P3,1	3133	3134
P149,8	3135	3136
P182,1	3137	3138
P145,9	3139	3140
P35,9	3141	3142
P89,9	3143	3144
P18,13	3145	3146
P63,1	3147	3148
P14,10	3149	3150
P162,1	3151	3152
P188,1	3153	3154
P156,10	3155	3156
P8,12	3157	3158
P69,1	3159	3160
P198,1	3161	3162
P140,10	3163	3163
P108,9	3164	3164
P184,1	3165	3166
P60,9	3167	3168
P27,1	3169	3170
P194,1	3171	3172
P125,1	3173	3174
P175,1	3175	3176
P1,1	3177	3178
P159,9	3179	3180
P189,1	3181	3182
P97,12	3183	3183
P78,11	3184	3185
P195,1	3186	3187
P30,12	3188	3188
P111,10	3189	3190
P77,14	3191	3192
P137,1	3193	3194
P179,7	3195	3196
P171,9	3197	3198
P55,10	3199	3200
P103,1	3201	3202
P190,1	3203	3204
P93,9	3205	3206
P51,1	3207	3208
P164,9	3209	3209
P85,10	3210	3211
P83,1	3212	3213
P146,1	3214	3215
P52,1	3216	3217
P167,10	3218	3219
P33,1	3220	3221
P163,9	3222	3222
P196,1	3223	3224
P181,1	3225	3226
P152,1	3227	3228
P84,12	3229	3230
P61,11	3231	3232
P192,1	3233	3234
P53,10	3235	3235
P197,1	3236	3237
P178,9	3238	3239
P71,11	3240	3241
P94,11	3242	3243
P135,10	3244	3244
P165,11	3245	3246
P187,1	3247	3248
P45,12	3249	3250
P131,10	3251	3252
P98,11	3253	3254
P147,9	3255	3256
P18,13	3257	3257
P63,1	3258	3259
P183,1	3260	3261
P92,1	3262	3263
P142,10	3264	3265
P193,1	3266	3267
P89,10	3268	3268
P69,1	3269	3270
P127,12	3271	3272
P198,1	3273	3274
P158,8	3275	3275
P73,1	3276	3277
P129,10	3278	3279
P58,10	3280	3280
P15,1	3281	3282
P168,1	3283	3284
P199,1	3285	3286
P125,1	3287	3288
P1,1	3289	3290
P159,9	3291	3292
P189,1	3293	3294
P14,11	3295	3296
P195,1	3297	3298
P138,9	3299	3300
P108,10	3301	3302
P172,8	3303	3303
P137,1	3304	3305
P171,9	3306	3307
P55,10	3308	3309
P103,1	3310	3311
P150,10	3312	3313
P190,1	3314	3315
P81,1	3316	3317
P166,9	3318	3319
P143,1	3320	3321
P78,12	3322	3322
P146,1	3323	3324
P52,1	3325	3326
P112,11	3327	3328
P33,1	3329	3330
P24,1	3331	3332
P40,10	3333	3334
P111,11	3335	3336
P93,10	3337	3338
P152,1	3339	3340
P84,12	3341	3342
P61,11	3343	3344
P186,1	3345	3346
P197,1	3347	3348
P124,10	3349	3350
P155,1	3351	3352
P115,1	3353	3354
P165,11	3355	3356
P187,1	3357	3358
P182,1	3359	3360
P98,11	3361	3361
P76,10	3362	3362
P63,1	3363	3364
P183,1	3365	3366
P37,11	3367	3367
P54,10	3368	3368
P162,1	3369	3370
P188,1	3371	3372
P39,9	3373	3374
P69,1	3375	3376
P59,12	3377	3378
P198,1	3379	3380
P147,10	3381	3382
P102,10	3383	3384
P184,1	3385	3386
P15,1	3387	3388
P168,1	3389	3390
P107,10	3391	3392
P199,1	3393	3394
P125,1	3395	3396
P18,14	3397	3398
P1,1	3399	3400
P159,9	3401	3401
P189,1	3402	3403
P156,11	3404	3405
P180,1	3406	3407
P57,10	3408	3409
P77,14	3410	3410
P86,10	3411	3411
P185,1	3412	3413
P140,11	3414	3415
P58,11	3416	3417
P190,1	3418	3419
P81,1	3420	3421
P160,10	3422	3422
P85,10	3423	3424
P83,1	3425	3426
P52,1	3427	3428
P172,9	3429	3430
P112,11	3431	3432
P33,1	3433	3434
P24,1	3435	3436
P196,1	3437	3438
P111,11	3439	3439
P93,10	3440	3440
P43,1	3441	3442
P152,1	3443	3444
P192,1	3445	3446
P179,8	3447	3448
P71,11	3449	3450
P115,1	3451	3452
P3,1	3453	3454
P187,1	3455	3456
P182,1	3457	3458
P53,11	3459	3460
P163,10	3461	3462
P139,9	3463	3464
P92,1	3465	3466
P135,11	3467	3468
P193,1	3469	3470
P96,11	3471	3472
P45,13	3473	3473
P59,12	3474	3475
P198,1	3476	3477
P147,10	3478	3479
P133,11	3480	3481
P142,11	3482	3483
P39,10	3484	3484
P27,1	3485	3486
P168,1	3487	3488
P145,10	3489	3490
P98,12	3491	3492
P175,1	3493	3494
P76,11	3495	3496
P1,1	3497	3498
P54,11	3499	3500
P8,13	3501	3502
P178,11	3503	3504
P138,9	3505	3505
P137,1	3506	3507
P103,1	3508	3509
P89,12	3510	3510
P158,9	3511	3512
P129,11	3513	3514
P58,11	3515	3516
P190,1	3517	3518
P81,1	3519	3520
P143,1	3521	3522
P146,1	3523	3524
P38,1	3525	3526
P172,9	3527	3528
P64,10	3529	3530
P118,10	3531	3532
P14,12	3533	3534
P196,1	3535	3536
P181,1	3537	3538
P43,1	3539	3540
P160,11	3541	3542
P192,1	3543	3544
P166,10	3545	3546
P49,13	3547	3548
P140,12	3549	3549
P155,1	3550	3551
P3,1	3552	3553
P187,1	3554	3555
P182,1	3556	3557
P40,11	3558	3558
P63,1	3559	3560
P163,10	3561	3562
P179,9	3563	3564
P92,1	3565	3566
P135,11	3567	3568
P193,1	3569	3570
P69,1	3571	3572
P176,10	3573	3573
P131,11	3574	3575
P111,12	3576	3577
P73,1	3578	3579
P184,1	3580	3581
P71,12	3582	3583
P94,12	3584	3584
P168,1	3585	3586
P45,14	3587	3587
P199,1	3588	3589
P98,12	3590	3591
P175,1	3592	3593
P37,12	3594	3595
P200,1	3596	3597
P189,1	3598	3599
P195,1	3600	3601
P180,1	3602	3603
P137,1	3604	3605
P103,1	3606	3607
P158,9	3608	3609
P102,11	3610	3611
P105,1	3612	3613
P81,1	3614	3615
P143,1	3616	3617
P54,12	3618	3619
P52,1	3620	3621
P38,1	3622	3623
P172,9	3624	3625
P64,10	3626	3627
P58,12	3628	3629
P14,12	3630	3631
P196,1	3632	3633
P181,1	3634	3635
P43,1	3636	3637
P8,14	3638	3639
P191,1	3640	3641
P57,11	3642	3643
P186,1	3644	3645
P49,13	3646	3646
P107,12	3647	3648
P115,1	3649	3650
P187,1	3651	3652
P112,12	3653	3654
P55,12	3655	3655
P63,1	3656	3657
P179,9	3658	3659
P162,1	3660	3661
P188,1	3662	3663
P193,1	3664	3665
P69,1	3666	3667
P84,13	3668	3668
P198,1	3669	3670
P93,11	3671	3672
P133,11	3673	3674
P163,11	3675	3675
P184,1	3676	3677
P27,1	3678	3679
P194,1	3680	3681
P199,1	3682	3683
P125,1	3684	3685
P175,1	3686	3687
P147,11	3688	3688
P1,1	3689	3690
P96,12	3691	3692
P124,12	3693	3694
P180,1	3695	3696
P185,1	3697	3698
P176,11	3699	3700
P105,1	3701	3702
P81,1	3703	3704
P143,1	3705	3706
P54,12	3707	3708
P94,13	3709	3709
P145,11	3710	3711
P37,13	3712	3712
P32,1	3713	3714
P33,1	3715	3716
P35,12	3717	3718
P158,10	3719	3720
P181,1	3721	3722
P102,12	3723	3724
P152,1	3725	3726
P172,10	3727	3727
P192,1	3728	3729
P57,11	3730	3730
P166,10	3731	3732
P186,1	3733	3734
P197,1	3735	3736
P155,1	3737	3738
P3,1	3739	3740
P112,12	3741	3742
P182,1	3743	3744
P183,1	3745	3746
P162,1	3747	3748
P188,1	3749	3750
P193,1	3751	3752
P107,13	3753	3753
P69,1	3754	3755
P14,13	3756	3757
P198,1	3758	3759
P93,11	3760	3760
P68,13	3761	3762
P71,12	3763	3764
P27,1	3765	3766
P194,1	3767	3768
P49,14	3769	3770
P199,1	3771	3772
P125,1	3773	3774
P135,12	3775	3776
P179,10	3777	3777
P163,12	3778	3779
P200,1	3780	3781
P124,12	3782	3782
P180,1	3783	3784
P185,1	3785	3786
P176,11	3787	3787
P190,1	3788	3789
P105,1	3790	3791
P81,1	3792	3793
P143,1	3794	3795
P133,12	3796	3797
P54,12	3798	3799
P52,1	3800	3801
P38,1	3802	3803
P33,1	3804	3805
P98,13	3806	3807
P196,1	3808	3809
P76,12	3810	3811
P43,1	3812	3813
P8,14	3814	3814
P96,13	3815	3816
P192,1	3817	3818
P91,11	3819	3819
P197,1	3820	3821
P155,1	3822	3823
P3,1	3824	3825
P85,12	3826	3827
P112,12	3828	3828
P182,1	3829	3830
P86,12	3831	3832
P92,1	3833	3834
P140,13	3835	3835
P188,1	3836	3837
P172,11	3838	3839
P69,1	3840	3841
P132,10	3842	3843
P57,12	3844	3845
P73,1	3846	3847
P55,13	3848	3848
P27,1	3849	3850
P194,1	3851	3852
P49,14	3853	3854
P199,1	3855	3856
P126,12	3857	3858
P135,12	3859	3860
P163,12	3861	3861
P200,1	3862	3863
P71,13	3864	3865
P180,1	3866	3867
P185,1	3868	3869
P107,14	3870	3871
P118,12	3872	3873
P40,13	3874	3875
P51,1	3876	3877
P143,1	3878	3879
P133,12	3880	3881
P146,1	3882	3883
P38,1	3884	3885
P33,1	3886	3887
P98,13	3888	3889
P176,12	3890	3891
P181,1	3892	3893
P76,12	3894	3895
P179,11	3896	3897
P152,1	3898	3899
P192,1	3900	3901
P197,1	3902	3903
P115,1	3904	3905
P3,1	3906	3907
P64,11	3908	3909
P63,1	3910	3911
P183,1	3912	3913
P162,1	3914	3915
P188,1	3916	3917
P54,13	3918	3919
P69,1	3920	3921
P89,14	3922	3923
P198,1	3924	3925
P184,1	3926	3927
P85,13	3928	3929
P168,1	3930	3931
P15,2	3932	3933
P61,13	3934	3935
P199,1	3936	3937
P126,12	3938	3939
P58,14	3940	3941
P1,1	3942	3943
P112,13	3944	3945
P71,13	3946	3947
P180,1	3948	3949
P185,1	3950	3951
P190,1	3952	3953
P40,13	3954	3955
P14,14	3956	3957
P111,13	3958	3959
P83,1	3960	3961
P146,1	3962	3963
P38,1	3964	3965
P33,1	3966	3967
P176,12	3968	3969
P163,13	3970	3971
P39,12	3972	3973
P179,11	3974	3975
P152,1	3976	3977
P192,1	3978	3979
P107,15	3980	3981
P155,1	3982	3983
P145,12	3984	3985
P187,1	3986	3987
P147,13	3988	3988
P182,1	3989	3990
P183,1	3991	3992
P162,1	3993	3994
P35,13	3995	3996
P188,1	3997	3998
P54,13	3999	4000
P69,1	4001	4002
P98,14	4003	4004
P8,15	4005	4006
P73,1	4007	4008
P184,1	4009	4010
P108,13	4011	4012
P168,1	4013	4014
P15,2	4015	4016
P96,14	4017	4018
P140,14	4019	4020
P58,14	4021	4022
P1,1	4023	4024
P112,13	4025	4026
P71,13	4027	4027
P195,1	4028	4029
P137,1	4030	4031
P103,1	4032	4033
P105,1	4034	4035
P81,1	4036	4037
P111,13	4038	4039
P83,1	4040	4041
P146,1	4042	4043
P38,1	4044	4045
P33,1	4046	4047
P176,12	4048	4049
P163,13	4050	4051
P39,12	4052	4053
P43,1	4054	4055
P191,1	4056	4057
P186,1	4058	4059
P155,1	4060	4061
P145,12	4062	4063
P187,1	4064	4065
P63,1	4066	4067
P92,1	4068	4069
P158,11	4070	4071
P188,1	4072	4073
P53,14	4074	4074
P69,1	4075	4076
P198,1	4077	4078
P184,1	4079	4080
P108,13	4081	4081
P27,1	4082	4083
P168,1	4084	4085
P15,2	4086	4087
P96,14	4088	4089
P140,14	4090	4091
P147,14	4092	4093
P172,12	4094	4095
P1,1	4096	4097
P86,14	4098	4099
P195,1	4100	4101
P137,1	4102	4103
P103,1	4104	4105
P105,1	4106	4107
P81,1	4108	4109
P143,1	4110	4111
P52,1	4112	4113
P32,1	4114	4115
P24,1	4116	4117
P163,13	4118	4119
P43,1	4120	4121
P191,1	4122	4123
P186,1	4124	4125
P155,1	4126	4127
P3,1	4128	4129
P182,1	4130	4131
P63,1	4132	4133
P92,1	4134	4135
P158,11	4136	4137
P193,1	4138	4139
P198,1	4140	4141
P184,1	4142	4143
P118,14	4144	4145
P168,1	4146	4147
P176,13	4148	4149
P15,2	4150	4151
P125,1	4152	4153
P179,12	4154	4155
P98,15	4156	4157
P200,1	4158	4159
P189,1	4160	4161
P195,1	4162	4163
P137,1	4164	4165
P103,1	4166	4167
P105,1	4168	4169
P81,1	4170	4171
P143,1	4172	4173
P91,13	4174	4175
P38,1	4176	4177
P33,1	4178	4179
P196,1	4180	4181
P181,1	4182	4183
P152,1	4184	4185
P191,1	4186	4187
P96,15	4188	4189
P197,1	4190	4191
P115,1	4192	4193
P187,1	4194	4195
P132,12	4196	4196
P63,1	4197	4198
P92,1	4199	4200
P188,1	4201	4202
P69,1	4203	4204
P73,1	4205	4206
P27,1	4207	4208
P168,1	4209	4210
P194,1	4211	4212
P163,14	4213	4213
P15,2	4214	4215
P125,1	4216	4217
P175,1	4218	4219
P1,1	4220	4221
P158,12	4222	4222
P195,1	4223	4224
P137,1	4225	4226
P103,1	4227	4228
P105,1	4229	4230
P143,1	4231	4232
P172,13	4233	4233
P51,2	4234	4235
P38,1	4236	4237
P24,1	4238	4239
P86,15	4240	4241
P35,15	4242	4242
P152,1	4243	4244
P191,1	4245	4246
P96,15	4247	4248
P197,1	4249	4250
P115,1	4251	4252
P187,1	4253	4254
P63,1	4255	4256
P92,1	4257	4258
P188,1	4259	4260
P69,1	4261	4262
P102,15	4263	4264
P184,1	4265	4266
P145,13	4267	4268
P71,15	4269	4269
P176,13	4270	4271
P199,1	4272	4273
P179,12	4274	4274
P175,1	4275	4276
P200,1	4277	4278
P195,1	4279	4280
P137,1	4281	4282
P103,1	4283	4284
P105,1	4285	4286
P143,1	4287	4288
P51,2	4289	4290
P38,1	4291	4292
P163,15	4293	4294
P24,1	4295	4296
P86,15	4297	4297
P43,1	4298	4299
P191,1	4300	4301
P96,15	4302	4302
P186,1	4303	4304
P155,1	4305	4306
P3,1	4307	4308
P182,1	4309	4310
P183,1	4311	4312
P162,1	4313	4314
P193,1	4315	4316
P198,1	4317	4318
P73,1	4319	4320
P27,1	4321	4322
P194,1	4323	4324
P199,1	4325	4326
P175,1	4327	4328
P200,1	4329	4330
P195,1	4331	4332
P137,1	4333	4334
P103,1	4335	4336
P105,1	4337	4338
P143,1	4339	4340
P51,2	4341	4342
P38,1	4343	4344
P163,15	4345	4346
P24,1	4347	4348
P181,1	4349	4350
P152,1	4351	4352
P192,1	4353	4354
P197,1	4355	4356
P115,1	4357	4358
P187,1	4359	4360
P63,1	4361	4362
P92,1	4363	4364
P188,1	4365	4366
P69,1	4367	4368
P198,1	4369	4370
P73,1	4371	4372
P27,1	4373	4374
P194,1	4375	4376
P199,1	4377	4378
P175,1	4379	4380
P200,1	4381	4382
P195,1	4383	4384
P137,1	4385	4386
P103,1	4387	4388
P105,1	4389	4390
P143,1	4391	4392
P51,2	4393	4394
P38,1	4395	4396
P176,14	4397	4398
P196,1	4399	4400
P43,1	4401	4402
P191,1	4403	4404
P186,1	4405	4406
P155,1	4407	4408
P3,1	4409	4410
P182,1	4411	4412
P183,1	4413	4414
P162,1	4415	4416
P193,1	4417	4418
P158,14	4419	4420
P73,1	4421	4422
P168,1	4423	4424
P15,2	4425	4426
P184,2	4427	4428
P125,1	4429	4430
P1,1	4431	4432
P189,1	4433	4434
P180,1	4435	4436
P185,1	4437	4438
P190,1	4439	4440
P81,1	4441	4442
P146,1	4443	4444
P52,1	4445	4446
P32,1	4447	4448
P196,1	4449	4450
P43,1	4451	4452
P191,1	4453	4454
P186,1	4455	4456
P155,1	4457	4458
P187,1	4459	4460
P63,1	4461	4462
P183,1	4463	4464
P162,1	4465	4466
P193,1	4467	4468
P198,1	4469	4470
P27,1	4471	4472
P194,1	4473	4474
P179,14	4475	4476
P199,1	4477	4478
P175,1	4479	4480
P200,1	4481	4482
P195,1	4483	4484
P137,1	4485	4486
P103,1	4487	4488
P105,1	4489	4490
P143,1	4491	4492
P51,2	4493	4494
P38,1	4495	4496
P24,1	4497	4498
P181,1	4499	4500
P152,1	4501	4502
P192,1	4503	4504
P197,1	4505	4506
P115,1	4507	4508
P182,1	4509	4510
P3,2	4511	4512
P92,1	4513	4514
P188,1	4515	4516
P176,15	4517	4518
P198,1	4519	4520
P27,1	4521	4522
P194,1	4523	4524
P179,14	4525	4526
P199,1	4527	4528
P175,1	4529	4530
P200,1	4531	4532
P195,1	4533	4534
P137,1	4535	4536
P103,1	4537	4538
P105,1	4539	4540
P143,1	4541	4541
P51,2	4542	4543
P38,1	4544	4545
P24,1	4546	4547
P181,1	4548	4549
P152,1	4550	4551
P192,1	4552	4553
P197,1	4554	4555
P115,1	4556	4557
P63,1	4558	4559
P183,1	4560	4561
P92,1	4562	4563
P188,1	4564	4565
P176,15	4566	4566
P69,1	4567	4568
P73,1	4569	4570
P168,1	4571	4572
P15,2	4573	4574
P199,1	4575	4576
P175,1	4577	4578
P200,1	4579	4580
P195,1	4581	4582
P137,1	4583	4584
P103,1	4585	4586
P105,1	4587	4588
P146,1	4589	4590
P143,2	4591	4592
P38,1	4593	4594
P24,1	4595	4596
P181,1	4597	4598
P152,1	4599	4600
P192,1	4601	4602
P197,1	4603	4604
P115,1	4605	4606
P63,1	4607	4608
P3,2	4609	4610
P187,2	4611	4612
P162,1	4613	4614
P193,1	4615	4616
P198,1	4617	4618
P27,1	4619	4620
P194,1	4621	4622
P184,2	4623	4624
P125,1	4625	4626
P1,2	4627	4628
P189,1	4629	4630
P180,1	4631	4632
P185,1	4633	4634
P190,1	4635	4636
P81,1	4637	4638
P51,2	4639	4640
P52,1	4641	4642
P32,1	4643	4644
P196,1	4645	4646
P43,1	4647	4648
P191,1	4649	4650
P186,1	4651	4652
P155,1	4653	4654
P182,1	4655	4656
P179,15	4657	4657
P183,1	4658	4659
P92,1	4660	4661
P188,1	4662	4663
P69,1	4664	4665
P73,1	4666	4667
P168,1	4668	4669
P15,2	4670	4671
P199,1	4672	4673
P175,1	4674	4675
P200,1	4676	4677
P195,1	4678	4679
P137,1	4680	4681
P103,1	4682	4683
P105,1	4684	4685
P146,1	4686	4687
P143,2	4688	4689
P38,1	4690	4691
P24,1	4692	4693
P181,1	4694	4695
P152,1	4696	4697
P192,1	4698	4699
P197,1	4700	4701
P115,1	4702	4703
P63,1	4704	4704
P3,2	4705	4706
P187,2	4707	4708
P162,1	4709	4710
P193,1	4711	4712
P198,1	4713	4714
P27,1	4715	4716
P15,2	4717	4718
P199,1	4719	4720
P1,2	4721	4722
P189,1	4723	4724
P175,2	4725	4726
P137,1	4727	4728
P103,1	4729	4730
P105,1	4731	4732
P146,1	4733	4734
P143,2	4735	4736
P38,1	4737	4738
P24,1	4739	4740
P181,1	4741	4742
P152,1	4743	4744
P192,1	4745	4746
P197,1	4747	4748
P115,1	4749	4750
P3,2	4751	4752
P187,2	4753	4754
P162,1	4755	4756
P193,1	4757	4758
P198,1	4759	4760
P27,1	4761	4762
P15,2	4763	4764
P199,1	4765	4766
P1,2	4767	4768
P189,1	4769	4770
P175,2	4771	4772
P137,1	4773	4774
P103,1	4775	4776
P105,1	4777	4778
P146,1	4779	4780
P143,2	4781	4782
P38,1	4783	4784
P24,1	4785	4786
P181,1	4787	4788
P152,1	4789	4790
P192,1	4791	4792
P197,1	4793	4794
P115,1	4795	4796
P3,2	4797	4798
P187,2	4799	4800
P162,1	4801	4802
P193,1	4803	4804
P198,1	4805	4806
P27,1	4807	4808
P15,2	4809	4810
P199,1	4811	4812
P1,2	4813	4814
P189,1	4815	4816
P175,2	4817	4818
P137,1	4819	4820
P190,1	4821	4822
P81,1	4823	4824
P146,1	4825	4826
P143,2	4827	4828
P38,1	4829	4830
P24,1	4831	4832
P181,1	4833	4834
P152,1	4835	4836
P192,1	4837	4838
P155,1	4839	4840
P182,1	4841	4842
P183,1	4843	4844
P187,2	4845	4846
P162,1	4847	4848
P193,1	4849	4850
P198,1	4851	4852
P27,1	4853	4854
P15,2	4855	4856
P199,1	4857	4858
P1,2	4859	4860
P189,1	4861	4862
P175,2	4863	4864
P137,1	4865	4866
P190,1	4867	4868
P81,1	4869	4870
P146,1	4871	4872
P143,2	4873	4874
P38,1	4875	4876
P24,1	4877	4878
P181,1	4879	4880
P152,1	4881	4882
P192,1	4883	4884
P155,1	4885	4886
P182,1	4887	4888
P183,1	4889	4890
P187,2	4891	4892
P162,1	4893	4894
P193,1	4895	4896
P198,1	4897	4898
P27,1	4899	4899
P194,1	4900	4901
P184,2	4902	4903
P125,1	4904	4905
P200,1	4906	4907
P195,1	4908	4909
P180,1	4910	4911
P103,1	4912	4913
P105,1	4914	4915
P185,2	4916	4917
P51,2	4918	4919
P52,1	4920	4921
P32,1	4922	4923
P196,1	4924	4925
P43,1	4926	4927
P191,1	4928	4929
P186,1	4930	4931
P115,1	4932	4933
P3,2	4934	4935
P197,2	4936	4937
P92,1	4938	4939
P188,1	4940	4941
P69,1	4942	4943
P73,1	4944	4945
P15,2	4946	4947
P199,1	4948	4949
P1,2	4950	4951
P189,1	4952	4953
P175,2	4954	4955
P137,1	4956	4957
P190,1	4958	4959
P81,1	4960	4961
P146,1	4962	4963
P143,2	4964	4965
P38,1	4966	4967
P196,1	4968	4969
P43,1	4970	4971
P191,1	4972	4973
P186,1	4974	4975
P115,1	4976	4977
P3,2	4978	4979
P197,2	4980	4981
P92,1	4982	4982
P188,1	4983	4984
P69,1	4985	4986
P194,1	4987	4988
P15,2	4989	4990
P199,1	4991	4992
P1,2	4993	4994
P189,1	4995	4996
P175,2	4997	4998
P137,1	4999	5000
P190,1	5001	5002
P81,1	5003	5004
P146,1	5005	5006
P143,2	5007	5008
P38,1	5009	5010
P196,1	5011	5012
P43,1	5013	5014
P191,1	5015	5016
P186,1	5017	5018
P115,1	5019	5020
P3,2	5021	5022
P197,2	5023	5024
P162,1	5025	5026
P193,1	5027	5028
P73,1	5029	5030
P194,1	5031	5032
P15,2	5033	5034
P199,1	5035	5036
P1,2	5037	5038
P189,1	5039	5040
P175,2	5041	5042
P137,1	5043	5044
P190,1	5045	5046
P81,1	5047	5048
P146,1	5049	5050
P143,2	5051	5052
P38,1	5053	5054
P196,1	5055	5056
P43,1	5057	5058
P191,1	5059	5060
P186,1	5061	5062
P115,1	5063	5064
P3,2	5065	5066
P197,2	5067	5068
P162,1	5069	5070
P193,1	5071	5072
P73,1	5073	5074
P194,1	5075	5076
P15,2	5077	5078
P199,1	5079	5080
P1,2	5081	5082
P189,1	5083	5084
P175,2	5085	5086
P137,1	5087	5088
P190,1	5089	5090
P185,2	5091	5092
P51,2	5093	5094
P52,1	5095	5096
P24,1	5097	5098
P181,1	5099	5100
P152,1	5101	5102
P192,1	5103	5104
P155,1	5105	5106
P182,1	5107	5108
P183,1	5109	5110
P187,2	5111	5112
P188,1	5113	5114
P69,1	5115	5116
P92,2	5117	5118
P198,2	5119	5120
P184,2	5121	5122
P125,1	5123	5124
P200,1	5125	5126
P195,1	5127	5128
P180,1	5129	5130
P103,1	5131	5132
P81,1	5133	5134
P146,1	5135	5136
P143,2	5137	5138
P38,1	5139	5140
P196,1	5141	5142
P43,1	5143	5144
P191,1	5145	5146
P186,1	5147	5148
P115,1	5149	5150
P3,2	5151	5152
P197,2	5153	5154
P162,1	5155	5156
P193,1	5157	5158
P73,1	5159	5160
P194,1	5161	5162
P15,2	5163	5164
P199,1	5165	5166
P1,2	5167	5168
P189,1	5169	5170
P175,2	5171	5172
P137,1	5173	5174
P190,1	5175	5176
P185,2	5177	5178
P51,2	5179	5180
P52,1	5181	5182
P24,1	5183	5184
P181,1	5185	5186
P152,1	5187	5188
P192,1	5189	5190
P155,1	5191	5192
P182,1	5193	5194
P183,1	5195	5196
P187,2	5197	5198
P193,1	5199	5200
P162,2	5201	5202
P92,2	5203	5204
P198,2	5205	5206
P184,2	5207	5208
P125,1	5209	5210
P200,1	5211	5212
P195,1	5213	5214
P180,1	5215	5216
P103,1	5217	5218
P81,1	5219	5220
P146,1	5221	5222
P143,2	5223	5224
P38,1	5225	5226
P196,1	5227	5228
P43,1	5229	5230
P191,1	5231	5232
P155,1	5233	5234
P182,1	5235	5236
P183,1	5237	5238
P187,2	5239	5240
P193,1	5241	5242
P162,2	5243	5244
P92,2	5245	5246
P198,2	5247	5248
P184,2	5249	5250
P125,1	5251	5252
P200,1	5253	5254
P195,1	5255	5256
P180,1	5257	5258
P103,1	5259	5260
P81,1	5261	5262
P146,1	5263	5264
P143,2	5265	5266
P38,1	5267	5268
P196,1	5269	5270
P152,1	5271	5272
P186,1	5273	5274
P115,1	5275	5276
P182,1	5277	5278
P183,1	5279	5280
P187,2	5281	5282
P193,1	5283	5284
P162,2	5285	5286
P92,2	5287	5288
P198,2	5289	5290
P184,2	5291	5292
P125,1	5293	5294
P200,1	5295	5296
P195,1	5297	5298
P180,1	5299	5300
P103,1	5301	5302
P81,1	5303	5304
P146,1	5305	5306
P143,2	5307	5308
P38,1	5309	5310
P196,1	5311	5312
P152,1	5313	5314
P186,1	5315	5316
P115,1	5317	5318
P182,1	5319	5320
P183,1	5321	5322
P187,2	5323	5324
P193,1	5325	5326
P162,2	5327	5328
P92,2	5329	5330
P198,2	5331	5332
P184,2	5333	5334
P125,1	5335	5336
P200,1	5337	5338
P195,1	5339	5340
P180,1	5341	5342
P103,1	5343	5344
P185,2	5345	5346
P51,2	5347	5348
P52,1	5349	5350
P24,1	5351	5352
P181,1	5353	5354
P191,1	5355	5356
P155,1	5357	5358
P43,2	5359	5360
P3,2	5361	5362
P197,2	5363	5364
P188,1	5365	5366
P69,1	5367	5368
P73,1	5369	5370
P198,2	5371	5372
P184,2	5373	5374
P125,1	5375	5376
P200,1	5377	5378
P195,1	5379	5380
P180,1	5381	5382
P103,1	5383	5384
P185,2	5385	5386
P51,2	5387	5388
P52,1	5389	5390
P24,1	5391	5392
P181,1	5393	5394
P191,1	5395	5396
P155,1	5397	5398
P43,2	5399	5400
P3,2	5401	5402
P197,2	5403	5404
P188,1	5405	5406
P69,1	5407	5408
P73,1	5409	5410
P198,2	5411	5412
P184,2	5413	5414
P125,1	5415	5416
P200,1	5417	5418
P195,1	5419	5420
P180,1	5421	5422
P103,1	5423	5424
P185,2	5425	5426
P51,2	5427	5428
P52,1	5429	5430
P196,1	5431	5432
P152,1	5433	5434
P186,1	5435	5436
P115,1	5437	5438
P182,1	5439	5440
P183,1	5441	5442
P187,2	5443	5444
P193,1	5445	5446
P162,2	5447	5448
P92,2	5449	5450
P15,2	5451	5451
P199,1	5452	5453
P1,2	5454	5455
P189,1	5456	5457
P175,2	5458	5459
P137,1	5460	5461
P190,1	5462	5463
P146,1	5464	5465
P143,2	5466	5467
P24,1	5468	5469
P181,1	5470	5471
P191,1	5472	5473
P155,1	5474	5475
P43,2	5476	5477
P3,2	5478	5479
P197,2	5480	5481
P188,1	5482	5483
P69,1	5484	5485
P73,1	5486	5487
P198,2	5488	5489
P199,1	5490	5491
P1,2	5492	5493
P189,1	5494	5495
P175,2	5496	5497
P137,1	5498	5499
P190,1	5500	5501
P146,1	5502	5503
P143,2	5504	5505
P24,1	5506	5507
P181,1	5508	5509
P191,1	5510	5511
P155,1	5512	5513
P43,2	5514	5515
P3,2	5516	5517
P197,2	5518	5519
P188,1	5520	5521
P69,1	5522	5523
P73,1	5524	5525
P198,2	5526	5527
P199,1	5528	5529
P1,2	5530	5531
P189,1	5532	5533
P175,2	5534	5535
P137,1	5536	5537
P190,1	5538	5539
P146,1	5540	5541
P143,2	5542	5543
P24,1	5544	5545
P181,1	5546	5547
P191,1	5548	5549
P155,1	5550	5551
P43,2	5552	5553
P3,2	5554	5555
P197,2	5556	5557
P188,1	5558	5559
P69,1	5560	5561
P73,1	5562	5563
P198,2	5564	5565
P199,1	5566	5567
P1,2	5568	5569
P189,1	5570	5571
P175,2	5572	5573
P137,1	5574	5575
P190,1	5576	5577
P146,1	5578	5579
P143,2	5580	5581
P24,1	5582	5583
P181,1	5584	5585
P191,1	5586	5587
P155,1	5588	5589
P43,2	5590	5591
P3,2	5592	5593
P197,2	5594	5595
P188,1	5596	5597
P69,1	5598	5599
P73,1	5600	5601
P198,2	5602	5603
P199,1	5604	5605
P1,2	5606	5607
P189,1	5608	5609
P175,2	5610	5611
P137,1	5612	5613
P190,1	5614	5615
P146,1	5616	5617
P143,2	5618	5619
P24,1	5620	5621
P181,1	5622	5623
P191,1	5624	5625
P155,1	5626	5627
P43,2	5628	5629
P3,2	5630	5631
P197,2	5632	5633
P188,1	5634	5635
P69,1	5636	5637
P73,1	5638	5639
P198,2	5640	5641
P199,1	5642	5643
P1,2	5644	5645
P189,1	5646	5647
P175,2	5648	5649
P137,1	5650	5651
P190,1	5652	5653
P146,1	5654	5655
P143,2	5656	5657
P24,1	5658	5659
P181,1	5660	5661
P191,1	5662	5663
P155,1	5664	5665
P43,2	5666	5667
P3,2	5668	5669
P197,2	5670	5671
P188,1	5672	5673
P69,1	5674	5675
P73,1	5676	5677
P198,2	5678	5679
P199,1	5680	5681
P1,2	5682	5683
P189,1	5684	5685
P175,2	5686	5687
P137,1	5688	5689
P190,1	5690	5691
P146,1	5692	5693
P143,2	5694	5695
P196,1	5696	5697
P52,2	5698	5699
P191,1	5700	5701
P155,1	5702	5703
P43,2	5704	5705
P3,2	5706	5707
P197,2	5708	5709
P188,1	5710	5711
P69,1	5712	5713
P73,1	5714	5715
P198,2	5716	5717
P199,1	5718	5719
P1,2	5720	5721
P189,1	5722	5723
P175,2	5724	5725
P137,1	5726	5727
P190,1	5728	5729
P146,1	5730	5731
P143,2	5732	5733
P181,1	5734	5735
P152,1	5736	5737
P186,1	5738	5739
P115,1	5740	5741
P182,1	5742	5743
P183,1	5744	5745
P187,2	5746	5747
P193,1	5748	5749
P162,2	5750	5751
P92,2	5752	5753
P184,2	5754	5755
P125,1	5756	5757
P200,1	5758	5759
P195,1	5760	5761
P180,1	5762	5763
P103,1	5764	5765
P185,2	5766	5767
P51,2	5768	5769
P24,1	5770	5771
P52,2	5772	5773
P191,1	5774	5775
P155,1	5776	5777
P43,2	5778	5779
P3,2	5780	5781
P197,2	5782	5783
P188,1	5784	5785
P69,1	5786	5787
P73,1	5788	5789
P198,2	5790	5791
P199,1	5792	5793
P1,2	5794	5795
P189,1	5796	5797
P175,2	5798	5799
P137,1	5800	5801
P190,1	5802	5803
P146,1	5804	5805
P143,2	5806	5807
P181,1	5808	5809
P152,1	5810	5811
P186,1	5812	5813
P115,1	5814	5815
P182,1	5816	5817
P183,1	5818	5819
P187,2	5820	5821
P193,1	5822	5823
P162,2	5824	5825
P92,2	5826	5827
P184,2	5828	5829
P125,1	5830	5831
P200,1	5832	5833
P195,1	5834	5835
P180,1	5836	5837
P103,1	5838	5839
P185,2	5840	5841
P51,2	5842	5843
P24,1	5844	5845
P52,2	5846	5847
P191,1	5848	5849
P155,1	5850	5851
P43,2	5852	5853
P3,2	5854	5855
P197,2	5856	5857
P188,1	5858	5859
P69,1	5860	5861
P73,1	5862	5863
P198,2	5864	5865
P199,1	5866	5867
P1,2	5868	5869
P189,1	5870	5871
P175,2	5872	5873
P137,1	5874	5875
P190,1	5876	5877
P146,1	5878	5879
P143,2	5880	5881
P181,1	5882	5883
P152,1	5884	5885
P186,1	5886	5887
P115,1	5888	5889
P182,1	5890	5891
P183,1	5892	5893
P187,2	5894	5895
P193,1	5896	5897
P162,2	5898	5899
P92,2	5900	5901
P184,2	5902	5903
P125,1	5904	5905
P200,1	5906	5907
P195,1	5908	5909
P180,1	5910	5911
P103,1	5912	5913
P185,2	5914	5915
P51,2	5916	5917
P24,1	5918	5919
P52,2	5920	5921
P191,1	5922	5923
P155,1	5924	5925
P43,2	5926	5927
P3,2	5928	5929
P197,2	5930	5931
P188,1	5932	5933
P69,1	5934	5935
P73,1	5936	5937
P198,2	5938	5939
P199,1	5940	5941
P1,2	5942	5943
P189,1	5944	5945
P175,2	5946	5947
P137,1	5948	5949
P190,1	5950	5951
P146,1	5952	5953
P143,2	5954	5955
P181,1	5956	5957
P152,1	5958	5959
P186,1	5960	5961
P115,1	5962	5963
P182,1	5964	5965
P183,1	5966	5967
P187,2	5968	5969
P193,1	5970	5971
P162,2	5972	5973
P92,2	5974	5975
P184,2	5976	5977
P125,1	5978	5979
P200,1	5980	5981
P175,2	5982	5983
P137,1	5984	5985
P185,2	5986	5987
P51,2	5988	5989
P143,2	5990	5991
P181,1	5992	5993
P152,1	5994	5995
P186,1	5996	5997
P115,1	5998	5999
P182,1	6000	6001
P183,1	6002	6003
P187,2	6004	6005
P193,1	6006	6007
P162,2	6008	6009
P92,2	6010	6011
P184,2	6012	6013
P125,1	6014	6015
P200,1	6016	6017
P175,2	6018	6019
P103,1	6020	6021
P146,1	6022	6023
P190,2	6024	6025
P24,1	6026	6027
P52,2	6028	6029
P191,1	6030	6031
P155,1	6032	6033
P43,2	6034	6035
P3,2	6036	6037
P197,2	6038	6039
P188,1	6040	6041
P69,1	6042	6043
P73,1	6044	6045
P198,2	6046	6047
P199,1	6048	6049
P1,2	6050	6051
P189,1	6052	6053
P137,1	6054	6055
P180,2	6056	6057
P146,1	6058	6059
P190,2	6060	6061
P24,1	6062	6063
P52,2	6064	6065
P191,1	6066	6067
P155,1	6068	6069
P43,2	6070	6071
P3,2	6072	6073
P197,2	6074	6075
P188,1	6076	6077
P69,1	6078	6079
P73,1	6080	6081
P198,2	6082	6083
P199,1	6084	6085
P1,2	6086	6087
P189,1	6088	6089
P137,1	6090	6091
P180,2	6092	6093
P146,1	6094	6095
P190,2	6096	6097
P24,1	6098	6099
P52,2	6100	6101
P191,1	6102	6103
P155,1	6104	6105
P43,2	6106	6107
P3,2	6108	6109
P197,2	6110	6111
P188,1	6112	6113
P69,1	6114	6115
P73,1	6116	6117
P198,2	6118	6119
P199,1	6120	6121
P1,2	6122	6123
P189,1	6124	6125
P137,1	6126	6127
P180,2	6128	6129
P146,1	6130	6131
P190,2	6132	6133
P181,1	6134	6135
P152,1	6136	6137
P191,1	6138	6139
P155,1	6140	6141
P182,1	6142	6143
P183,1	6144	6145
P187,2	6146	6147
P193,1	6148	6149
P162,2	6150	6151
P92,2	6152	6153
P184,2	6154	6155
P125,1	6156	6157
P200,1	6158	6159
P175,2	6160	6161
P103,1	6162	6163
P185,2	6164	6165
P51,2	6166	6167
P143,2	6168	6169
P52,2	6170	6171
P24,2	6172	6173
P186,1	6174	6175
P43,2	6176	6177
P3,2	6178	6179
P197,2	6180	6181
P193,1	6182	6183
P73,1	6184	6185
P198,2	6186	6187
P184,2	6188	6189
P125,1	6190	6191
P200,1	6192	6193
P175,2	6194	6195
P103,1	6196	6197
P185,2	6198	6199
P51,2	6200	6201
P143,2	6202	6203
P52,2	6204	6205
P24,2	6206	6207
P186,1	6208	6209
P43,2	6210	6211
P183,1	6212	6213
P187,2	6214	6215
P162,2	6216	6217
P92,2	6218	6219
P69,2	6220	6221
P199,1	6222	6223
P1,2	6224	6225
P175,2	6226	6227
P103,1	6228	6229
P185,2	6230	6231
P51,2	6232	6233
P143,2	6234	6235
P52,2	6236	6237
P24,2	6238	6239
P155,1	6240	6241
P182,1	6242	6242
P197,2	6243	6244
P193,1	6245	6246
P73,1	6247	6248
P198,2	6249	6250
P184,2	6251	6252
P125,1	6253	6254
P200,1	6255	6256
P137,1	6257	6258
P180,2	6259	6260
P146,1	6261	6262
P190,2	6263	6264
P181,1	6265	6266
P152,1	6267	6268
P191,1	6269	6270
P43,2	6271	6272
P197,2	6273	6274
P187,2	6275	6276
P162,2	6277	6278
P92,2	6279	6280
P69,2	6281	6282
P125,1	6283	6284
P175,2	6285	6286
P103,1	6287	6288
P185,2	6289	6290
P51,2	6291	6292
P143,2	6293	6294
P52,2	6295	6296
P24,2	6297	6298
P155,1	6299	6300
P183,1	6301	6302
P187,2	6303	6304
P162,2	6305	6306
P92,2	6307	6308
P69,2	6309	6310
P125,1	6311	6312
P175,2	6313	6314
P103,1	6315	6316
P185,2	6317	6318
P51,2	6319	6320
P143,2	6321	6322
P52,2	6323	6324
P24,2	6325	6326
P155,1	6327	6328
P183,1	6329	6330
P187,2	6331	6332
P162,2	6333	6334
P92,2	6335	6336
P69,2	6337	6338
P125,1	6339	6340
P175,2	6341	6342
P103,1	6343	6344
P185,2	6345	6346
P51,2	6347	6348
P143,2	6349	6350
P52,2	6351	6352
P24,2	6353	6354
P155,1	6355	6356
P183,1	6357	6358
P187,2	6359	6360
P162,2	6361	6362
P92,2	6363	6364
P69,2	6365	6366
P200,1	6367	6368
P137,1	6369	6370
P103,1	6371	6372
P185,2	6373	6374
P51,2	6375	6376
P143,2	6377	6378
P52,2	6379	6380
P24,2	6381	6382
P155,1	6383	6384
P183,1	6385	6386
P187,2	6387	6388
P162,2	6389	6390
P92,2	6391	6392
P69,2	6393	6394
P200,1	6395	6396
P137,1	6397	6398
P103,1	6399	6400
P185,2	6401	6402
P51,2	6403	6404
P143,2	6405	6406
P52,2	6407	6408
P24,2	6409	6410
P155,1	6411	6412
P183,1	6413	6414
P187,2	6415	6416
P162,2	6417	6418
P92,2	6419	6420
P69,2	6421	6422
P200,1	6423	6424
P137,1	6425	6426
P103,1	6427	6428
P185,2	6429	6430
P51,2	6431	6432
P143,2	6433	6434
P52,2	6435	6436
P24,2	6437	6438
P155,1	6439	6440
P183,1	6441	6442
P187,2	6443	6444
P162,2	6445	6446
P92,2	6447	6448
P69,2	6449	6450
P200,1	6451	6452
P137,1	6453	6454
P103,1	6455	6456
P185,2	6457	6458
P51,2	6459	6460
P143,2	6461	6462
P52,2	6463	6464
P24,2	6465	6466
P155,1	6467	6468
P183,1	6469	6470
P187,2	6471	6472
P162,2	6473	6474
P198,2	6475	6476
P199,1	6477	6478
P175,2	6479	6480
P125,2	6481	6482
P180,2	6483	6484
P146,1	6485	6486
P190,2	6487	6488
P181,1	6489	6490
P152,1	6491	6492
P191,1	6493	6494
P43,2	6495	6496
P182,2	6497	6498
P193,1	6499	6500
P92,2	6501	6502
P69,2	6503	6504
P200,1	6505	6506
P137,1	6507	6508
P103,1	6509	6510
P185,2	6511	6512
P51,2	6513	6514
P143,2	6515	6516
P52,2	6517	6518
P24,2	6519	6520
P155,1	6521	6522
P183,1	6523	6524
P187,2	6525	6526
P162,2	6527	6528
P198,2	6529	6530
P199,1	6531	6532
P175,2	6533	6534
P125,2	6535	6536
P180,2	6537	6538
P146,1	6539	6540
P190,2	6541	6542
P181,1	6543	6544
P152,1	6545	6546
P191,1	6547	6548
P43,2	6549	6550
P182,2	6551	6552
P193,1	6553	6554
P92,2	6555	6556
P69,2	6557	6558
P200,1	6559	6560
P137,1	6561	6562
P103,1	6563	6564
P185,2	6565	6566
P51,2	6567	6568
P143,2	6569	6570
P52,2	6571	6572
P24,2	6573	6574
P155,1	6575	6576
P183,1	6577	6578
P187,2	6579	6580
P162,2	6581	6582
P198,2	6583	6584
P199,1	6585	6586
P175,2	6587	6588
P125,2	6589	6590
P180,2	6591	6592
P51,2	6593	6594
P143,2	6595	6596
P52,2	6597	6598
P24,2	6599	6600
P155,1	6601	6602
P183,1	6603	6604
P187,2	6605	6606
P162,2	6607	6608
P198,2	6609	6610
P199,1	6611	6612
P175,2	6613	6614
P125,2	6615	6616
P180,2	6617	6618
P51,2	6619	6620
P143,2	6621	6622
P52,2	6623	6624
P24,2	6625	6626
P155,1	6627	6628
P183,1	6629	6630
P187,2	6631	6632
P162,2	6633	6633
P198,2	6634	6635
P199,1	6636	6637
P175,2	6638	6639
P125,2	6640	6641
P180,2	6642	6643
P51,2	6644	6645
P143,2	6646	6647
P152,1	6648	6649
P191,1	6650	6651
P43,2	6652	6653
P182,2	6654	6655
P92,2	6656	6657
P69,2	6658	6659
P193,2	6660	6661
P175,2	6662	6663
P125,2	6664	6665
P185,2	6666	6667
P190,2	6668	6669
P103,2	6670	6671
P152,1	6672	6673
P191,1	6674	6675
P43,2	6676	6677
P182,2	6678	6679
P92,2	6680	6681
P69,2	6682	6683
P193,2	6684	6685
P175,2	6686	6687
P125,2	6688	6689
P185,2	6690	6691
P190,2	6692	6693
P103,2	6694	6695
P152,1	6696	6696
P24,2	6697	6698
P155,1	6699	6700
P183,1	6701	6702
P187,2	6703	6704
P198,2	6705	6706
P199,1	6707	6708
P200,1	6709	6710
P137,1	6711	6712
P180,2	6713	6714
P51,2	6715	6716
P143,2	6717	6718
P52,2	6719	6720
P191,1	6721	6722
P155,1	6723	6723
P183,1	6724	6725
P187,2	6726	6727
P198,2	6728	6729
P199,1	6730	6731
P200,1	6732	6732
P175,2	6733	6734
P125,2	6735	6736
P185,2	6737	6738
P190,2	6739	6740
P103,2	6741	6742
P24,2	6743	6744
P152,2	6745	6746
P155,2	6747	6748
P187,2	6749	6750
P198,2	6751	6752
P199,1	6753	6754
P175,2	6755	6756
P125,2	6757	6758
P200,2	6759	6760
P51,2	6761	6762
P143,2	6763	6764
P52,2	6765	6766
P191,1	6767	6768
P43,2	6769	6770
P182,2	6771	6772
P92,2	6773	6774
P69,2	6775	6776
P193,2	6777	6778
P137,2	6779	6780
P180,2	6781	6782
P185,2	6783	6784
P190,2	6785	6786
P103,2	6787	6788
P24,2	6789	6790
P43,2	6791	6792
P182,2	6793	6794
P191,2	6795	6796
P198,2	6797	6798
P193,2	6799	6800
P199,2	6801	6802
P125,2	6803	6804
P200,2	6805	6806
P51,2	6807	6808
P143,2	6809	6810
P52,2	6811	6812
P152,2	6813	6814
P155,2	6815	6816
P187,2	6817	6818
P92,2	6819	6820
P69,2	6821	6822
P175,2	6823	6824
P137,2	6825	6826
P180,2	6827	6828
P185,2	6829	6830
P190,2	6831	6832
P103,2	6833	6834
P24,2	6835	6836
P43,2	6837	6838
P182,2	6839	6840
P191,2	6841	6842
P198,2	6843	6844
P193,2	6845	6846
P199,2	6847	6848
P125,2	6849	6850
P200,2	6851	6852
P51,2	6853	6854
P143,2	6855	6856
P52,2	6857	6858
P152,2	6859	6860
P155,2	6861	6862
P191,2	6863	6864
P198,2	6865	6866
P193,2	6867	6868
P199,2	6869	6870
P125,2	6871	6872
P200,2	6873	6874
P51,2	6875	6876
P103,2	6877	6878
P24,2	6879	6880
P43,2	6881	6882
P182,2	6883	6884
P92,2	6885	6886
P69,2	6887	6888
P175,2	6889	6890
P137,2	6891	6892
P180,2	6893	6894
P185,2	6895	6896
P143,2	6897	6898
P52,2	6899	6900
P152,2	6901	6902
P155,2	6903	6904
P191,2	6905	6906
P198,2	6907	6908
P193,2	6909	6910
P199,2	6911	6912
P125,2	6913	6914
P200,2	6915	6916
P51,2	6917	6918
P103,2	6919	6920
P24,2	6921	6922
P43,2	6923	6924
P182,2	6925	6926
P92,2	6927	6928
P69,2	6929	6930
P175,2	6931	6932
P137,2	6933	6934
P180,2	6935	6936
P185,2	6937	6938
P143,2	6939	6940
P52,2	6941	6942
P152,2	6943	6944
P155,2	6945	6946
P191,2	6947	6948
P198,2	6949	6950
P193,2	6951	6952
P199,2	6953	6954
P125,2	6955	6956
P200,2	6957	6958
P51,2	6959	6960
P103,2	6961	6962
P24,2	6963	6964
P43,2	6965	6966
P182,2	6967	6968
P92,2	6969	6970
P69,2	6971	6972
P175,2	6973	6974
P137,2	6975	6976
P180,2	6977	6978
P185,2	6979	6980
P143,2	6981	6982
P52,2	6983	6984
P152,2	6985	6986
P155,2	6987	6988
P191,2	6989	6990
P198,2	6991	6992
P193,2	6993	6994
P199,2	6995	6996
P125,2	6997	6998
P200,2	6999	7000
P51,2	7001	7002
P103,2	7003	7004
P24,2	7005	7006
P43,2	7007	7008
P182,2	7009	7010
P92,2	7011	7012
P69,2	7013	7014
P175,2	7015	7016
P137,2	7017	7018
P180,2	7019	7020
P185,2	7021	7022
P143,2	7023	7024
P52,2	7025	7026
P152,2	7027	7028
P155,2	7029	7030
P191,2	7031	7032
P198,2	7033	7034
P193,2	7035	7036
P199,2	7037	7038
P125,2	7039	7040
P200,2	7041	7042
P143,2	7043	7044
P52,2	7045	7045
P24,2	7046	7047
P43,2	7048	7049
P182,2	7050	7051
P92,2	7052	7053
P69,2	7054	7055
P175,2	7056	7057
P137,2	7058	7059
P180,2	7060	7061
P51,2	7062	7063
P103,2	7064	7065
P152,2	7066	7067
P155,2	7068	7069
P191,2	7070	7071
P198,2	7072	7073
P193,2	7074	7075
P199,2	7076	7077
P125,2	7078	7079
P200,2	7080	7081
P143,2	7082	7083
P24,2	7084	7085
P43,2	7086	7087
P182,2	7088	7089
P92,2	7090	7091
P69,2	7092	7093
P175,2	7094	7095
P137,2	7096	7097
P180,2	7098	7099
P51,2	7100	7101
P103,2	7102	7103
P152,2	7104	7105
P155,2	7106	7107
P191,2	7108	7109
P198,2	7110	7111
P193,2	7112	7113
P199,2	7114	7115
P125,2	7116	7117
P200,2	7118	7119
P143,2	7120	7121
P24,2	7122	7123
P43,2	7124	7125
P182,2	7126	7127
P92,2	7128	7129
P69,2	7130	7131
P175,2	7132	7133
P137,2	7134	7135
P180,2	7136	7137
P51,2	7138	7139
P103,2	7140	7141
P152,2	7142	7143
P155,2	7144	7145
P191,2	7146	7147
P198,2	7148	7149
P193,2	7150	7151
P199,2	7152	7153
P125,2	7154	7155
P200,2	7156	7157
P143,2	7158	7159
P24,2	7160	7161
P43,2	7162	7163
P182,2	7164	7165
P92,2	7166	7167
P69,2	7168	7169
P175,2	7170	7171
P137,2	7172	7173
P180,2	7174	7175
P143,2	7176	7177
P24,2	7178	7179
P43,2	7180	7181
P182,2	7182	7183
P92,2	7184	7185
P69,2	7186	7187
P175,2	7188	7189
P137,2	7190	7191
P180,2	7192	7193
P143,2	7194	7195
P24,2	7196	7197
P43,2	7198	7199
P182,2	7200	7201
P92,2	7202	7203
P69,2	7204	7205
P175,2	7206	7207
P137,2	7208	7209
P180,2	7210	7211
P143,2	7212	7213
P24,2	7214	7215
P43,2	7216	7217
P182,2	7218	7219
P92,2	7220	7221
P69,2	7222	7223
P175,2	7224	7225
P137,2	7226	7227
P180,2	7228	7229
P143,2	7230	7231
P24,2	7232	7233
P43,2	7234	7235
P182,2	7236	7237
P92,2	7238	7239
P69,2	7240	7241
P175,2	7242	7243
P137,2	7244	7245
P180,2	7246	7247
P143,2	7248	7249
P24,2	7250	7251
P43,2	7252	7253
P182,2	7254	7255
P92,2	7256	7257
P69,2	7258	7259
P175,2	7260	7261
P137,2	7262	7263
P180,2	7264	7265
P143,2	7266	7267
P24,2	7268	7269
P43,2	7270	7271
P182,2	7272	7273
P92,2	7274	7275
P69,2	7276	7277
P175,2	7278	7279
P137,2	7280	7281
P180,2	7282	7283
P143,2	7284	7285
P24,2	7286	7287
P43,2	7288	7289
P182,2	7290	7291
P92,2	7292	7293
P69,2	7294	7295
P175,2	7296	7296
P137,2	7297	7298
P180,2	7299	7300
P143,2	7301	7302
P24,2	7303	7304
P43,2	7305	7306
P182,2	7307	7308
P92,2	7309	7310
P69,2	7311	7312
P199,2	7313	7314
P125,2	7315	7316
P200,2	7317	7318
P103,2	7319	7320
P152,2	7321	7322
P155,2	7323	7324
P191,2	7325	7326
P198,2	7327	7328
P199,2	7329	7330
P125,2	7331	7332
P200,2	7333	7334
P103,2	7335	7336
P152,2	7337	7338
P155,2	7339	7340
P191,2	7341	7342
P198,2	7343	7344
P199,2	7345	7346
P125,2	7347	7348
P200,2	7349	7350
P103,2	7351	7352
P152,2	7353	7354
P155,2	7355	7356
P191,2	7357	7358
P198,2	7359	7360
P199,2	7361	7362
P125,2	7363	7364
P200,2	7365	7366
P103,2	7367	7368
P152,2	7369	7369
P155,2	7370	7371
P191,2	7372	7373
P198,2	7374	7375
P199,2	7376	7377
P125,2	7378	7379
P200,2	7380	7381
P103,2	7382	7383
P43,2	7384	7385
P182,2	7386	7387
P92,2	7388	7389
P69,2	7390	7391
P137,2	7392	7393
P180,2	7394	7395
P143,2	7396	7397
P24,2	7398	7399
P155,2	7400	7401
P191,2	7402	7403
P198,2	7404	7405
P199,2	7406	7407
P125,2	7408	7409
P200,2	7410	7411
P103,2	7412	7413
P43,2	7414	7415
P182,2	7416	7417
P92,2	7418	7419
P199,2	7420	7421
P125,2	7422	7423
P200,2	7424	7425
P24,2	7426	7427
P155,2	7428	7429
P191,2	7430	7431
P69,2	7432	7433
P137,2	7434	7435
P180,2	7436	7437
P103,2	7438	7439
P43,2	7440	7441
P182,2	7442	7443
P69,2	7444	7445
P137,2	7446	7447
P180,2	7448	7449
P103,2	7450	7451
P43,2	7452	7453
P182,2	7454	7455
P69,2	7456	7457
P137,2	7458	7459
P180,2	7460	7461
P103,2	7462	7463
P43,2	7464	7465
P182,2	7466	7467
P69,2	7468	7469
P137,2	7470	7471
P180,2	7472	7473
P103,2	7474	7475
P43,2	7476	7477
P182,2	7478	7479
P69,2	7480	7481
P137,2	7482	7483
P180,2	7484	7485
P103,2	7486	7487
P43,2	7488	7488
P191,2	7489	7490
P199,2	7491	7492
P125,2	7493	7494
P200,2	7495	7496
P24,2	7497	7498
P191,2	7499	7500
P199,2	7501	7502
P125,2	7503	7504
P200,2	7505	7506
P24,2	7507	7508
P191,2	7509	7510
P199,2	7511	7512
P125,2	7513	7514
P200,2	7515	7516
P24,2	7517	7518
P191,2	7519	7520
P199,2	7521	7522
P125,2	7523	7524
P200,2	7525	7526
P24,2	7527	7528
P191,2	7529	7530
P199,2	7531	7532
P125,2	7533	7534
P103,2	7535	7536
P155,2	7537	7538
P69,2	7539	7540
P137,2	7541	7542
P200,2	7543	7544
P24,2	7545	7546
P191,2	7547	7548
P199,2	7549	7550
P125,2	7551	7552
P103,2	7553	7554
P155,2	7555	7556
P69,2	7557	7558
P137,2	7559	7560
P200,2	7561	7562
P24,2	7563	7564
P191,2	7565	7566
P199,2	7567	7568
P125,2	7569	7570
P103,2	7571	7572
P155,2	7573	7574
P69,2	7575	7576
P137,2	7577	7578
P200,2	7579	7580
P24,2	7581	7582
P191,2	7583	7584
P199,2	7585	7586
P125,2	7587	7588
P103,2	7589	7590
P155,2	7591	7592
P69,2	7593	7594
P125,2	7595	7596
P103,2	7597	7598
P155,2	7599	7600
P69,2	7601	7602
P125,2	7603	7604
P103,2	7605	7605
P24,2	7606	7607
P191,2	7608	7609
P199,2	7610	7611
P200,2	7612	7613
P155,2	7614	7615
P69,2	7616	7616
P125,2	7617	7618
P24,2	7619	7620
P191,2	7621	7622
P125,2	7623	7623
P200,2	7624	7624
P155,2	7625	7626
P199,2	7627	7628
P191,2	7629	7630
P155,2	7631	7632
P199,2	7633	7634
P191,2	7635	7636
P155,2	7637	7638
P199,2	7639	7640
P191,2	7641	7642
P155,2	7643	7644
P199,2	7645	7646
P191,2	7647	7648
P155,2	7649	7650
P199,2	7651	7652
P191,2	7653	7654
P155,2	7655	7656
P199,2	7657	7686
P155,2	7688	7705
CPU1
P1,1	4	5
P1,1	8	11
P3,1	12	17
P1,1	18	19
P3,1	20	23
P7,1	24	26
P3,1	27	28
P1,1	29	30
P3,1	31	32
P1,1	33	34
P3,1	35	36
P9,1	37	38
P1,1	39	40
P3,1	41	42
P1,1	43	44
P4,2	45	46
P5,2	47	48
P4,2	49	49
P3,1	50	51
P11,1	52	53
P5,2	54	55
P3,1	56	59
P1,1	60	61
P13,1	62	63
P7,3	64	64
P13,1	65	66
P16,1	67	70
P1,1	71	72
P9,2	73	74
P8,2	75	75
P15,1	76	77
P12,2	78	78
P1,1	79	80
P19,1	81	82
P10,2	83	84
P19,1	85	86
P20,1	87	88
P9,2	89	89
P5,3	90	91
P3,1	92	93
P15,1	94	95
P4,3	96	97
P6,3	98	99
P17,2	100	101
P24,1	102	105
P21,1	106	106
P5,3	107	108
P3,1	109	110
P16,2	111	112
P15,1	113	114
P27,1	115	118
P4,3	119	119
P6,3	120	120
P28,1	121	124
P8,3	125	126
P5,3	127	128
P12,3	129	130
P3,1	131	132
P22,2	133	134
P11,2	135	135
P26,2	136	139
P1,1	140	141
P20,2	142	143
P32,1	144	145
P31,1	146	146
P33,1	147	148
P8,3	149	150
P17,3	151	152
P21,2	153	154
P3,1	155	156
P22,2	157	158
P15,1	159	160
P27,1	161	162
P4,4	163	164
P23,2	165	166
P7,5	167	168
P14,3	169	170
P30,2	171	172
P37,1	173	174
P38,1	175	176
P20,2	177	177
P18,3	178	179
P39,1	180	181
P34,2	182	183
P5,4	184	185
P31,2	186	187
P24,1	188	189
P6,4	190	191
P9,3	192	193
P43,1	194	197
P19,3	198	198
P44,1	199	199
P29,2	200	201
P10,3	202	203
P28,2	204	205
P15,1	206	207
P47,1	208	211
P4,4	212	212
P48,1	213	216
P23,2	217	218
P49,1	219	220
P11,3	221	222
P2,5	223	224
P51,1	225	226
P52,1	227	228
P51,1	229	230
P54,1	231	234
P30,2	235	236
P38,1	237	238
P18,3	239	239
P32,1	240	241
P46,2	242	242
P56,1	243	243
P55,1	244	245
P59,1	246	247
P58,1	248	248
P34,2	249	250
P33,1	251	252
P60,1	253	254
P36,2	255	255
P17,3	256	256
P6,4	257	257
P9,3	258	258
P43,1	259	260
P62,1	261	262
P46,3	263	264
P58,2	265	266
P56,2	267	268
P63,1	269	270
P29,2	271	272
P65,1	273	275
P10,3	276	277
P28,2	278	278
P69,1	279	280
P57,2	281	282
P61,2	283	284
P69,1	285	286
P70,1	287	287
P71,1	288	289
P61,2	290	291
P72,1	292	293
P74,1	294	295
P73,1	296	297
P74,1	298	298
P20,3	299	299
P15,1	300	301
P27,1	302	303
P47,1	304	304
P1,1	305	306
P41,2	307	308
P23,2	309	310
P78,1	311	311
P49,1	312	313
P74,2	314	314
P16,3	315	316
P2,5	317	318
P77,2	319	319
P31,3	320	320
P12,4	321	322
P7,5	323	323
P80,1	324	325
P19,4	326	327
P51,1	328	329
P22,3	330	331
P83,1	332	333
P52,1	334	335
P54,1	336	336
P35,2	337	338
P44,2	339	340
P32,1	341	342
P55,1	343	344
P4,5	345	346
P60,1	347	347
P24,1	348	349
P86,1	350	353
P18,4	354	355
P43,1	356	357
P77,3	358	359
P79,2	360	361
P75,3	362	362
P79,2	363	364
P3,1	365	366
P62,1	367	367
P58,2	368	369
P63,1	370	371
P64,1	372	372
P29,2	373	374
P21,4	375	376
P92,1	377	378
P93,1	379	380
P87,2	381	382
P94,1	383	383
P75,4	384	385
P6,5	386	387
P67,4	388	388
P66,1	389	389
P88,2	390	391
P34,3	392	393
P69,1	394	395
P17,4	396	397
P59,2	398	399
P61,2	400	400
P46,4	401	401
P72,1	402	402
P5,5	403	404
P26,4	405	406
P73,1	407	408
P88,3	409	410
P27,1	411	412
P93,2	413	414
P94,2	415	416
P37,2	417	418
P45,2	419	419
P41,2	420	420
P10,4	421	422
P99,1	423	424
P87,3	425	426
P101,1	427	427
P67,5	428	429
P13,4	430	431
P42,2	432	433
P2,5	434	434
P103,1	435	436
P12,4	437	437
P47,2	438	439
P105,1	440	443
P80,1	444	444
P20,4	445	446
P81,1	447	448
P106,1	449	450
P76,2	451	452
P23,3	453	454
P22,3	455	455
P83,1	456	457
P52,1	458	459
P50,2	460	461
P38,1	462	463
P32,1	464	465
P108,1	466	467
P16,4	468	469
P48,2	470	471
P33,1	472	473
P53,2	474	475
P31,4	476	477
P7,6	478	479
P18,4	480	481
P43,1	482	483
P60,2	484	485
P79,2	486	487
P114,1	488	491
P55,2	492	493
P115,1	494	495
P116,1	496	499
P118,1	500	501
P117,1	502	502
P111,2	503	504
P39,2	505	505
P58,2	506	507
P44,3	508	509
P63,1	510	511
P78,3	512	513
P75,4	514	515
P14,4	516	516
P36,3	517	518
P113,2	519	520
P101,4	521	522
P112,2	523	523
P121,1	524	525
P56,3	526	526
P21,5	527	527
P17,4	528	528
P89,2	529	530
P26,4	531	531
P73,1	532	533
P30,4	534	535
P64,2	536	537
P88,3	538	539
P15,1	540	541
P123,1	542	543
P68,2	544	545
P121,2	546	547
P93,2	548	549
P94,2	550	551
P126,1	552	553
P125,1	554	555
P37,2	556	556
P120,2	557	558
P95,2	559	560
P128,1	561	564
P1,1	565	566
P61,3	567	568
P67,5	569	570
P130,1	571	572
P132,1	573	576
P42,2	577	577
P71,2	578	579
P134,1	580	580
P65,3	581	582
P9,5	583	583
P46,5	584	585
P136,1	586	587
P135,1	588	589
P138,1	590	591
P137,1	592	593
P129,2	594	595
P139,1	596	596
P140,1	597	598
P47,2	599	599
P87,4	600	601
P105,1	602	603
P45,3	604	605
P81,1	606	607
P130,2	608	609
P51,1	610	611
P142,1	612	615
P23,3	616	617
P134,2	618	621
P41,3	622	623
P145,1	624	625
P139,2	626	627
P146,1	628	629
P107,1	630	630
P10,5	631	632
P98,3	633	634
P70,3	635	636
P35,2	637	638
P141,2	639	639
P32,1	640	641
P20,5	642	643
P80,2	644	645
P16,4	646	647
P97,3	648	648
P33,1	649	650
P53,2	651	652
P76,3	653	654
P74,3	655	655
P54,2	656	657
P60,2	658	659
P148,2	660	661
P153,1	662	662
P152,1	663	664
P106,2	665	666
P150,2	667	668
P156,1	669	672
P25,4	673	674
P115,1	675	676
P4,6	677	678
P49,3	679	680
P157,1	681	682
P7,7	683	684
P85,2	685	686
P116,1	687	688
P48,3	689	690
P77,4	691	692
P44,3	693	694
P79,3	695	696
P78,3	697	698
P82,3	699	700
P92,1	701	702
P62,2	703	704
P101,4	705	706
P113,2	707	707
P111,3	708	709
P58,3	710	711
P164,1	712	715
P89,2	716	716
P29,3	717	717
P73,1	718	719
P91,2	720	721
P141,5	722	722
P161,2	723	724
P64,2	725	726
P158,2	727	728
P153,3	729	729
P166,1	730	733
P57,3	734	735
P167,1	736	738
P15,1	739	740
P141,6	741	742
P123,1	743	743
P27,1	744	745
P170,1	746	746
P168,1	747	748
P34,4	749	749
P110,3	750	751
P6,6	752	752
P172,1	753	754
P94,2	755	756
P124,1	757	757
P125,1	758	759
P96,2	760	761
P173,1	762	765
P112,3	766	767
P66,2	768	769
P165,3	770	771
P171,2	772	772
P174,1	773	774
P175,1	775	776
P5,6	777	778
P59,3	779	780
P61,3	781	782
P13,4	783	784
P170,2	785	786
P132,1	787	787
P71,2	788	789
P178,1	790	791
P179,1	792	793
P178,1	794	795
P180,1	796	797
P127,2	798	799
P136,1	800	801
P137,1	802	803
P131,2	804	805
P42,3	806	807
P87,4	808	809
P126,3	810	811
P45,3	812	813
P81,1	814	815
P2,6	816	817
P170,3	818	819
P72,3	820	821
P142,1	822	823
P102,2	824	825
P23,3	826	827
P83,1	828	829
P8,5	830	831
P139,2	832	833
P147,1	834	834
P10,5	835	836
P98,3	837	838
P12,5	839	839
P32,1	840	841
P20,5	842	842
P149,1	843	843
P16,4	844	845
P134,3	846	847
P24,1	848	849
P31,4	850	851
P76,3	852	853
P54,2	854	854
P60,2	855	856
P148,2	857	858
P152,1	859	860
P107,2	861	862
P18,5	863	864
P108,2	865	866
P25,4	867	868
P55,2	869	869
P115,1	870	871
P4,6	872	873
P154,2	874	875
P86,2	876	877
P48,3	878	879
P156,2	880	881
P151,2	882	882
P44,3	883	883
P79,3	884	885
P82,3	886	887
P150,3	888	889
P92,1	890	891
P101,4	892	892
P84,3	893	894
P114,2	895	896
P119,2	897	898
P73,1	899	900
P116,2	901	902
P161,2	903	904
P78,4	905	905
P184,1	906	909
P166,1	910	910
P15,1	911	912
P29,4	913	914
P89,3	915	916
P27,1	917	918
P168,1	919	920
P64,3	921	922
P153,4	923	923
P122,2	924	925
P167,2	926	927
P125,1	928	929
P96,2	930	930
P56,4	931	932
P68,3	933	934
P88,4	935	936
P36,5	937	937
P174,1	938	939
P176,1	940	941
P123,2	942	942
P121,3	943	944
P59,3	945	945
P94,3	946	947
P61,3	948	949
P93,3	950	950
P124,2	951	952
P71,2	953	954
P100,2	955	956
P171,3	957	958
P179,1	959	960
P180,1	961	962
P137,1	963	964
P131,2	965	965
P42,3	966	967
P103,1	968	969
P105,1	970	971
P9,6	972	973
P132,2	974	975
P99,2	976	977
P130,2	978	978
P170,3	979	980
P72,3	981	982
P140,2	983	984
P102,2	985	986
P83,1	987	988
P19,5	989	990
P52,1	991	992
P38,1	993	994
P28,6	995	996
P11,5	997	998
P90,4	999	1000
P142,2	1001	1002
P133,3	1003	1004
P33,1	1005	1006
P47,4	1007	1008
P43,1	1009	1010
P65,5	1011	1012
P152,1	1013	1014
P10,6	1015	1016
P107,2	1017	1017
P104,3	1018	1019
P139,3	1020	1021
P149,2	1022	1023
P18,5	1024	1025
P155,1	1026	1027
P20,6	1028	1029
P115,1	1030	1031
P4,6	1032	1032
P147,2	1033	1034
P187,1	1035	1038
P154,2	1039	1040
P7,7	1041	1041
P48,3	1042	1042
P156,2	1043	1043
P16,5	1044	1045
P54,3	1046	1047
P79,3	1048	1048
P82,3	1049	1049
P31,5	1050	1051
P97,5	1052	1053
P162,1	1054	1055
P84,3	1056	1056
P55,3	1057	1058
P114,2	1059	1060
P69,1	1061	1062
P75,5	1063	1064
P116,2	1065	1065
P44,4	1066	1067
P184,1	1068	1069
P15,1	1070	1071
P89,3	1072	1073
P151,3	1074	1074
P101,5	1075	1076
P168,1	1077	1078
P150,4	1079	1080
P118,3	1081	1082
P91,3	1083	1084
P122,2	1085	1086
P57,4	1087	1087
P117,3	1088	1089
P14,6	1090	1091
P109,4	1092	1093
P161,3	1094	1095
P160,3	1096	1096
P165,3	1097	1097
P175,1	1098	1099
P26,5	1100	1101
P95,3	1102	1103
P172,2	1104	1105
P189,1	1106	1109
P124,2	1110	1111
P66,3	1112	1112
P120,3	1113	1114
P112,4	1115	1116
P173,2	1117	1118
P180,1	1119	1120
P88,5	1121	1121
P137,1	1122	1123
P42,3	1124	1125
P103,1	1126	1127
P190,1	1128	1131
P105,1	1132	1133
P71,3	1134	1135
P132,2	1136	1137
P136,2	1138	1139
P179,2	1140	1141
P170,3	1142	1143
P110,5	1144	1145
P72,3	1146	1147
P59,4	1148	1149
P140,2	1150	1151
P102,2	1152	1153
P127,3	1154	1155
P19,5	1156	1157
P87,5	1158	1159
P38,1	1160	1161
P100,3	1162	1163
P131,3	1164	1165
P46,6	1166	1167
P144,2	1168	1168
P40,4	1169	1169
P129,3	1170	1170
P45,4	1171	1172
P23,4	1173	1173
P33,1	1174	1175
P47,4	1176	1177
P43,1	1178	1179
P98,4	1180	1181
P130,3	1182	1183
P192,1	1184	1187
P10,6	1188	1188
P104,3	1189	1190
P186,1	1191	1192
P18,5	1193	1193
P12,6	1194	1194
P65,6	1195	1196
P60,3	1197	1197
P3,1	1198	1199
P70,4	1200	1201
P22,5	1202	1203
P134,4	1204	1204
P76,4	1205	1206
P16,5	1207	1207
P182,1	1208	1209
P54,3	1210	1211
P63,1	1212	1213
P4,7	1214	1215
P107,3	1216	1216
P97,5	1217	1217
P162,1	1218	1219
P114,2	1220	1221
P188,1	1222	1223
P69,1	1224	1225
P75,5	1226	1226
P154,3	1227	1228
P73,1	1229	1230
P86,3	1231	1232
P85,3	1233	1233
P77,5	1234	1234
P29,4	1235	1236
P89,3	1237	1237
P79,4	1238	1239
P101,5	1240	1241
P168,1	1242	1243
P150,4	1244	1245
P118,3	1246	1247
P78,5	1248	1249
P25,6	1250	1251
P122,2	1252	1253
P164,3	1254	1255
P125,1	1256	1257
P119,3	1258	1259
P84,4	1260	1261
P158,3	1262	1263
P113,4	1264	1265
P175,1	1266	1267
P166,2	1268	1268
P94,3	1269	1269
P172,2	1270	1271
P117,4	1272	1273
P189,1	1274	1275
P124,2	1276	1277
P17,6	1278	1279
P112,4	1280	1281
P34,6	1282	1283
P173,2	1284	1285
P62,4	1286	1287
P96,3	1288	1289
P176,2	1290	1291
P163,4	1292	1293
P185,1	1294	1295
P174,2	1296	1297
P190,1	1298	1299
P56,5	1300	1301
P160,4	1302	1303
P171,4	1304	1305
P128,3	1306	1307
P136,2	1308	1308
P42,4	1309	1310
P51,1	1311	1312
P37,4	1313	1313
P59,4	1314	1315
P143,1	1316	1317
P127,3	1318	1318
P146,1	1319	1320
P52,1	1321	1322
P32,1	1323	1324
P170,4	1325	1325
P71,4	1326	1327
P131,3	1328	1329
P72,4	1330	1331
P46,6	1332	1333
P102,3	1334	1334
P135,3	1335	1335
P178,3	1336	1337
P110,6	1338	1339
P33,1	1340	1341
P24,1	1342	1343
P47,4	1344	1344
P140,3	1345	1346
P98,4	1347	1348
P130,3	1349	1350
P192,1	1351	1352
P104,3	1353	1354
P186,1	1355	1356
P144,3	1357	1358
P65,6	1359	1359
P115,1	1360	1361
P129,4	1362	1363
P80,4	1364	1365
P23,5	1366	1367
P22,5	1368	1368
P76,4	1369	1369
P20,7	1370	1371
P106,3	1372	1372
P18,6	1373	1374
P183,1	1375	1376
P139,4	1377	1378
P12,7	1379	1380
P92,1	1381	1382
P7,8	1383	1383
P147,3	1384	1384
P53,4	1385	1386
P69,1	1387	1388
P156,3	1389	1390
P10,7	1391	1391
P60,4	1392	1393
P70,5	1394	1395
P8,7	1396	1397
P35,4	1398	1399
P54,4	1400	1401
P15,1	1402	1403
P111,4	1404	1405
P27,1	1406	1407
P31,6	1408	1408
P168,1	1409	1410
P49,5	1411	1411
P194,1	1412	1413
P91,3	1414	1414
P25,6	1415	1416
P75,6	1417	1417
P154,4	1418	1419
P48,5	1420	1421
P114,3	1422	1423
P109,4	1424	1425
P55,4	1426	1426
P158,3	1427	1428
P82,5	1429	1429
P113,4	1430	1430
P153,5	1431	1432
P85,4	1433	1433
P77,6	1434	1435
P172,2	1436	1437
P1,1	1438	1439
P39,5	1440	1441
P122,3	1442	1443
P118,4	1444	1445
P116,4	1446	1447
P17,6	1448	1449
P157,4	1450	1451
P34,6	1452	1453
P166,3	1454	1454
P95,4	1455	1456
P30,6	1457	1457
P180,1	1458	1459
P121,4	1460	1460
P163,4	1461	1462
P161,4	1463	1464
P103,1	1465	1466
P190,1	1467	1468
P93,4	1469	1470
P112,5	1471	1472
P120,4	1473	1474
P124,3	1475	1476
P81,1	1477	1478
P167,4	1479	1479
P51,1	1480	1481
P59,4	1482	1483
P143,1	1484	1485
P83,1	1486	1487
P173,3	1488	1489
P52,1	1490	1491
P136,3	1492	1493
P32,1	1494	1495
P132,3	1496	1497
P99,3	1498	1498
P42,5	1499	1500
P66,5	1501	1502
P127,4	1503	1504
P128,4	1505	1505
P196,1	1506	1507
P181,1	1508	1509
P28,7	1510	1511
P152,1	1512	1513
P11,6	1514	1515
P131,4	1516	1517
P192,1	1518	1519
P135,4	1520	1521
P61,5	1522	1523
P186,1	1524	1525
P144,3	1526	1527
P46,7	1528	1529
P155,1	1530	1531
P3,1	1532	1533
P45,5	1534	1534
P80,4	1535	1536
P23,5	1537	1538
P40,5	1539	1539
P102,4	1540	1541
P138,3	1542	1543
P47,5	1544	1545
P18,6	1546	1546
P183,1	1547	1548
P139,4	1549	1550
P145,3	1551	1551
P92,1	1552	1553
P98,5	1554	1555
P53,4	1556	1557
P193,1	1558	1559
P65,7	1560	1561
P156,3	1562	1563
P60,4	1564	1565
P198,1	1566	1567
P8,7	1568	1569
P35,4	1570	1571
P54,4	1572	1573
P184,1	1574	1575
P7,9	1576	1577
P111,4	1578	1578
P10,8	1579	1580
P27,1	1581	1582
P168,1	1583	1584
P194,1	1585	1586
P154,4	1587	1588
P125,1	1589	1590
P2,10	1591	1592
P31,7	1593	1594
P44,5	1595	1596
P151,4	1597	1598
P58,5	1599	1599
P175,1	1600	1601
P29,5	1602	1602
P1,1	1603	1604
P39,5	1605	1606
P117,4	1607	1607
P82,6	1608	1609
P49,6	1610	1610
P118,4	1611	1612
P189,1	1613	1614
P78,6	1615	1615
P64,4	1616	1616
P157,4	1617	1618
P119,4	1619	1620
P26,6	1621	1622
P180,1	1623	1624
P77,7	1625	1626
P89,5	1627	1628
P163,4	1629	1630
P185,1	1631	1632
P190,1	1633	1634
P57,6	1635	1636
P112,5	1637	1637
P30,7	1638	1639
P166,4	1640	1641
P34,7	1642	1642
P81,1	1643	1644
P51,1	1645	1646
P143,1	1647	1648
P94,5	1649	1649
P174,3	1650	1650
P83,1	1651	1652
P52,1	1653	1654
P136,3	1655	1655
P32,1	1656	1657
P13,6	1658	1659
P176,3	1660	1661
P165,5	1662	1663
P110,6	1664	1665
P59,5	1666	1667
P141,9	1668	1668
P93,5	1669	1670
P196,1	1671	1672
P181,1	1673	1674
P120,5	1675	1676
P43,1	1677	1678
P152,1	1679	1680
P126,5	1681	1682
P11,6	1683	1684
P131,4	1685	1686
P192,1	1687	1688
P135,4	1689	1690
P61,5	1691	1691
P90,5	1692	1693
P197,1	1694	1695
P66,6	1696	1696
P133,4	1697	1698
P115,1	1699	1700
P37,6	1701	1701
P128,5	1702	1703
P80,4	1704	1704
P182,1	1705	1706
P140,4	1707	1707
P130,4	1708	1709
P63,1	1710	1711
P45,6	1712	1713
P92,1	1714	1715
P162,1	1716	1717
P188,1	1718	1719
P193,1	1720	1721
P65,7	1722	1723
P60,4	1724	1725
P198,1	1726	1727
P23,6	1728	1729
P8,7	1730	1731
P73,1	1732	1733
P9,9	1734	1735
P149,4	1736	1737
P15,1	1738	1739
P156,4	1740	1740
P10,8	1741	1741
P102,5	1742	1743
P27,1	1744	1745
P168,1	1746	1747
P41,6	1748	1749
P50,5	1750	1751
P199,1	1752	1753
P7,10	1754	1755
P31,7	1756	1757
P114,3	1758	1759
P54,5	1760	1761
P142,5	1762	1763
P175,1	1764	1765
P1,1	1766	1767
P48,6	1768	1769
P109,5	1770	1771
P82,6	1772	1773
P20,9	1774	1774
P91,5	1775	1776
P113,5	1777	1778
P79,5	1779	1780
P116,4	1781	1781
P55,5	1782	1783
P157,4	1784	1784
P119,4	1785	1785
P95,4	1786	1786
P180,1	1787	1788
P151,5	1789	1790
P89,5	1791	1792
P107,6	1793	1794
P29,6	1795	1796
P64,5	1797	1798
P190,1	1799	1800
P57,6	1801	1802
P105,1	1803	1804
P166,4	1805	1805
P117,5	1806	1806
P51,1	1807	1808
P26,7	1809	1810
P143,1	1811	1812
P160,5	1813	1814
P77,8	1815	1815
P78,7	1816	1817
P146,1	1818	1819
P38,1	1820	1821
P6,9	1822	1823
P153,7	1824	1825
P165,5	1826	1826
P124,4	1827	1827
P68,6	1828	1828
P177,3	1829	1830
P56,6	1831	1832
P33,1	1833	1834
P96,5	1835	1836
P196,1	1837	1838
P171,5	1839	1840
P28,7	1841	1842
P99,4	1843	1844
P152,1	1845	1846
P126,5	1847	1848
P94,6	1849	1849
P11,6	1850	1851
P131,4	1852	1852
P192,1	1853	1854
P135,4	1855	1855
P141,10	1856	1857
P123,5	1858	1859
P136,4	1860	1861
P197,1	1862	1863
P132,4	1864	1865
P133,4	1866	1867
P155,1	1868	1869
P3,1	1870	1871
P72,5	1872	1873
P182,1	1874	1875
P47,5	1876	1877
P63,1	1878	1879
P71,6	1880	1881
P104,4	1882	1883
P40,6	1884	1885
P188,1	1886	1887
P22,6	1888	1888
P193,1	1889	1890
P65,7	1891	1891
P80,5	1892	1893
P198,1	1894	1895
P144,4	1896	1897
P66,7	1898	1899
P73,1	1900	1901
P9,9	1902	1903
P37,7	1904	1905
P15,1	1906	1907
P140,5	1908	1908
P45,7	1909	1909
P168,1	1910	1911
P41,6	1912	1913
P148,5	1914	1915
P139,5	1916	1917
P199,1	1918	1919
P125,1	1920	1921
P147,5	1922	1922
P60,5	1923	1924
P18,8	1925	1926
P10,9	1927	1927
P53,6	1928	1929
P75,7	1930	1930
P1,1	1931	1932
P134,6	1933	1934
P76,6	1935	1936
P111,5	1937	1938
P16,7	1939	1940
P79,5	1941	1941
P2,11	1942	1943
P158,4	1944	1945
P97,7	1946	1947
P195,1	1948	1949
P20,10	1950	1951
P108,6	1952	1953
P82,7	1954	1955
P89,5	1956	1956
P137,1	1957	1958
P159,5	1959	1960
P185,1	1961	1962
P39,6	1963	1964
P190,1	1965	1966
P57,6	1967	1967
P122,4	1968	1969
P49,7	1970	1971
P81,1	1972	1973
P150,6	1974	1975
P118,5	1976	1977
P143,1	1978	1979
P78,7	1980	1981
P172,4	1982	1983
P95,5	1984	1985
P52,1	1986	1987
P58,7	1988	1989
P6,9	1990	1991
P176,3	1992	1993
P17,8	1994	1995
P56,6	1996	1996
P77,9	1997	1998
P96,5	1999	2000
P24,1	2001	2002
P13,7	2003	2004
P171,5	2005	2005
P117,6	2006	2006
P160,6	2007	2008
P43,1	2009	2010
P164,6	2011	2012
P179,4	2013	2014
P169,5	2015	2016
P191,1	2017	2018
P34,9	2019	2020
P59,6	2021	2022
P110,7	2023	2024
P124,5	2025	2026
P197,1	2027	2028
P28,8	2029	2030
P155,1	2031	2032
P3,1	2033	2034
P187,1	2035	2036
P127,6	2037	2038
P131,5	2039	2039
P87,7	2040	2041
P183,1	2042	2043
P90,6	2044	2045
P126,6	2046	2047
P133,5	2048	2049
P188,1	2050	2051
P193,1	2052	2053
P170,6	2054	2055
P100,5	2056	2056
P198,1	2057	2058
P144,4	2059	2059
P138,4	2060	2061
P73,1	2062	2063
P9,9	2064	2065
P184,1	2066	2067
P65,8	2068	2068
P22,7	2069	2070
P71,7	2071	2072
P70,6	2073	2073
P41,6	2074	2074
P194,1	2075	2076
P148,5	2077	2078
P50,5	2079	2079
P199,1	2080	2081
P125,1	2082	2083
P178,6	2084	2085
P23,7	2086	2087
P54,5	2088	2089
P175,1	2090	2091
P1,1	2092	2093
P98,7	2094	2095
P134,6	2096	2096
P35,5	2097	2098
P91,5	2099	2099
P16,7	2100	2101
P140,6	2102	2103
P7,11	2104	2105
P142,6	2106	2107
P156,6	2108	2109
P180,1	2110	2111
P10,10	2112	2113
P108,6	2114	2115
P8,9	2116	2117
P75,8	2118	2119
P107,6	2120	2120
P29,6	2121	2122
P64,5	2123	2123
P39,6	2124	2125
P190,1	2126	2127
P158,5	2128	2129
P49,7	2130	2131
P51,1	2132	2133
P79,6	2134	2135
P97,8	2136	2137
P55,6	2138	2139
P78,7	2140	2140
P172,4	2141	2142
P82,8	2143	2144
P52,1	2145	2146
P38,1	2147	2148
P32,1	2149	2150
P14,8	2151	2152
P57,7	2153	2154
P118,6	2155	2156
P33,1	2157	2158
P96,5	2159	2159
P24,1	2160	2161
P13,7	2162	2162
P84,7	2163	2164
P85,6	2165	2166
P181,1	2167	2168
P43,1	2169	2170
P164,6	2171	2172
P152,1	2173	2174
P177,4	2175	2176
P192,1	2177	2178
P34,9	2179	2180
P59,6	2181	2181
P56,7	2182	2182
P136,4	2183	2184
P197,1	2185	2186
P155,1	2187	2188
P115,1	2189	2190
P187,1	2191	2192
P182,1	2193	2194
P62,7	2195	2196
P63,1	2197	2198
P94,7	2199	2199
P90,6	2200	2200
P126,6	2201	2202
P133,5	2203	2203
P162,1	2204	2205
P173,5	2206	2207
P120,7	2208	2209
P69,1	2210	2211
P198,1	2212	2213
P135,6	2214	2214
P138,4	2215	2216
P73,1	2217	2218
P19,8	2219	2220
P184,1	2221	2222
P22,7	2223	2223
P168,1	2224	2225
P170,7	2226	2227
P194,1	2228	2229
P130,5	2230	2231
P139,5	2232	2233
P9,10	2234	2235
P40,7	2236	2237
P60,5	2238	2238
P53,6	2239	2240
P144,5	2241	2242
P50,6	2243	2243
P12,9	2244	2245
P66,8	2246	2247
P200,1	2248	2249
P149,5	2250	2251
P16,7	2252	2253
P189,1	2254	2255
P2,11	2256	2257
P147,6	2258	2259
P102,6	2260	2261
P195,1	2262	2263
P70,7	2264	2265
P129,7	2266	2267
P137,1	2268	2269
P75,8	2270	2271
P185,1	2272	2273
P45,9	2274	2275
P91,6	2276	2277
P122,4	2278	2279
P142,7	2280	2280
P81,1	2281	2282
P134,7	2283	2284
P156,7	2285	2285
P20,11	2286	2286
P111,6	2287	2288
P143,1	2289	2290
P151,6	2291	2292
P82,8	2293	2293
P146,1	2294	2295
P38,1	2296	2297
P32,1	2298	2299
P18,10	2300	2300
P118,6	2301	2302
P64,6	2303	2304
P78,8	2305	2306
P159,6	2307	2308
P196,1	2309	2310
P97,9	2311	2312
P153,8	2313	2314
P160,6	2315	2316
P43,1	2317	2318
P17,9	2319	2320
P26,8	2321	2322
P152,1	2323	2324
P177,4	2325	2326
P192,1	2327	2328
P174,5	2329	2329
P93,6	2330	2331
P117,7	2332	2333
P186,1	2334	2335
P166,6	2336	2337
P86,7	2338	2339
P99,5	2340	2340
P3,1	2341	2342
P116,7	2343	2343
P96,6	2344	2345
P68,8	2346	2347
P176,5	2348	2349
P59,7	2350	2350
P121,7	2351	2351
P183,1	2352	2353
P126,6	2354	2354
P162,1	2355	2356
P110,8	2357	2357
P193,1	2358	2359
P123,6	2360	2361
P164,7	2362	2363
P132,5	2364	2364
P138,4	2365	2366
P56,8	2367	2368
P46,8	2369	2369
P136,5	2370	2371
P62,8	2372	2373
P168,1	2374	2375
P170,7	2376	2376
P124,7	2377	2378
P133,6	2379	2380
P90,7	2381	2382
P9,10	2383	2383
P125,1	2384	2385
P178,6	2386	2387
P47,7	2388	2389
P144,5	2390	2390
P1,1	2391	2392
P98,7	2393	2394
P65,9	2395	2396
P37,8	2397	2398
P22,8	2399	2400
P41,7	2401	2402
P61,8	2403	2404
P19,9	2405	2406
P71,8	2407	2408
P102,6	2409	2409
P195,1	2410	2411
P70,7	2412	2413
P129,7	2414	2415
P53,7	2416	2417
P137,1	2418	2419
P75,8	2420	2421
P23,9	2422	2423
P185,1	2424	2425
P45,9	2426	2426
P91,6	2427	2428
P190,1	2429	2430
P105,1	2431	2432
P10,11	2433	2433
P51,1	2434	2435
P79,6	2436	2436
P111,6	2437	2437
P29,7	2438	2439
P108,7	2440	2441
P151,6	2442	2443
P52,1	2444	2445
P32,1	2446	2447
P57,7	2448	2449
P142,8	2450	2451
P64,6	2452	2452
P33,1	2453	2454
P20,12	2455	2455
P24,1	2456	2457
P156,8	2458	2459
P97,9	2460	2461
P153,8	2462	2463
P150,7	2464	2465
P43,1	2466	2467
P112,7	2468	2468
P30,9	2469	2470
P163,6	2471	2472
P191,1	2473	2474
P192,1	2475	2476
P117,7	2477	2477
P6,11	2478	2479
P197,1	2480	2481
P166,6	2482	2483
P86,7	2484	2485
P3,1	2486	2487
P96,6	2488	2489
P68,8	2490	2490
P160,7	2491	2492
P165,7	2493	2494
P172,6	2495	2496
P55,8	2497	2498
P183,1	2499	2500
P174,6	2501	2502
P162,1	2503	2504
P188,1	2505	2506
P123,6	2507	2508
P69,1	2509	2510
P84,9	2511	2512
P119,8	2513	2514
P184,1	2515	2516
P11,8	2517	2518
P15,1	2519	2520
P28,9	2521	2522
P27,1	2523	2524
P120,8	2525	2526
P124,7	2527	2528
P133,6	2529	2529
P94,8	2530	2531
P199,1	2532	2533
P59,8	2534	2535
P47,7	2536	2537
P175,1	2538	2539
P170,8	2540	2541
P65,9	2542	2543
P37,8	2544	2545
P139,6	2546	2546
P46,9	2547	2547
P90,8	2548	2549
P56,9	2550	2551
P54,6	2552	2552
P127,8	2553	2553
P9,11	2554	2555
P195,1	2556	2557
P129,7	2558	2558
P12,10	2559	2560
P137,1	2561	2562
P149,6	2563	2564
P22,9	2565	2565
P185,1	2566	2567
P40,8	2568	2569
P103,1	2570	2571
P105,1	2572	2573
P71,9	2574	2575
P147,7	2576	2577
P29,7	2578	2578
P143,1	2579	2580
P151,6	2581	2581
P52,1	2582	2583
P32,1	2584	2585
P8,10	2586	2587
P142,8	2588	2588
P60,7	2589	2589
P107,7	2590	2591
P76,8	2592	2593
P2,13	2594	2595
P75,9	2596	2597
P156,8	2598	2598
P48,8	2599	2599
P18,11	2600	2600
P158,6	2601	2602
P111,7	2603	2603
P43,1	2604	2605
P79,7	2606	2607
P152,1	2608	2609
P163,6	2610	2611
P191,1	2612	2613
P192,1	2614	2615
P114,7	2616	2617
P57,8	2618	2618
P49,9	2619	2619
P186,1	2620	2621
P97,10	2622	2623
P78,9	2624	2625
P115,1	2626	2627
P187,1	2628	2629
P160,7	2630	2631
P26,9	2632	2632
P150,8	2633	2634
P77,11	2635	2636
P63,1	2637	2638
P30,10	2639	2640
P95,7	2641	2642
P174,6	2643	2643
P177,5	2644	2644
P162,1	2645	2646
P188,1	2647	2648
P193,1	2649	2650
P117,8	2651	2651
P69,1	2652	2653
P165,8	2654	2655
P73,1	2656	2657
P126,7	2658	2659
P136,5	2660	2660
P11,8	2661	2661
P110,9	2662	2662
P15,1	2663	2664
P179,6	2665	2666
P168,1	2667	2668
P194,1	2669	2670
P94,8	2671	2672
P199,1	2673	2674
P47,7	2675	2675
P123,7	2676	2677
P1,1	2678	2679
P200,1	2680	2681
P90,8	2682	2683
P131,7	2684	2684
P120,9	2685	2686
P195,1	2687	2688
P62,9	2689	2690
P65,10	2691	2691
P53,7	2692	2692
P98,8	2693	2693
P149,6	2694	2694
P41,8	2695	2696
P54,7	2697	2698
P16,8	2699	2700
P59,9	2701	2701
P102,7	2702	2703
P190,1	2704	2705
P81,1	2706	2707
P147,7	2708	2709
P66,9	2710	2711
P12,11	2712	2713
P143,1	2714	2715
P83,1	2716	2717
P146,1	2718	2719
P139,7	2720	2721
P129,8	2722	2722
P32,1	2723	2724
P8,10	2725	2726
P76,8	2727	2728
P35,7	2729	2730
P22,10	2731	2732
P75,9	2733	2734
P140,8	2735	2736
P158,6	2737	2738
P181,1	2739	2740
P91,7	2741	2741
P118,7	2742	2743
P89,8	2744	2745
P159,7	2746	2747
P20,13	2748	2748
P192,1	2749	2750
P108,8	2751	2752
P18,12	2753	2754
P130,8	2755	2756
P48,9	2757	2758
P197,1	2759	2760
P60,8	2761	2762
P115,1	2763	2764
P187,1	2765	2766
P156,9	2767	2768
P150,8	2769	2769
P64,8	2770	2771
P63,1	2772	2773
P30,10	2774	2774
P163,7	2775	2776
P86,8	2777	2778
P166,7	2779	2780
P93,7	2781	2781
P188,1	2782	2783
P193,1	2784	2785
P171,7	2786	2786
P68,9	2787	2788
P198,1	2789	2790
P73,1	2791	2792
P176,6	2793	2794
P126,7	2795	2795
P184,1	2796	2797
P172,7	2798	2799
P179,6	2800	2801
P168,1	2802	2803
P194,1	2804	2805
P199,1	2806	2807
P125,1	2808	2809
P175,1	2810	2811
P200,1	2812	2813
P90,8	2814	2814
P120,9	2815	2815
P116,9	2816	2817
P94,9	2818	2819
P180,1	2820	2821
P165,9	2822	2823
P137,1	2824	2825
P167,9	2826	2827
P124,8	2828	2829
P123,8	2830	2831
P110,10	2832	2833
P102,7	2834	2834
P190,1	2835	2836
P105,1	2837	2838
P81,1	2839	2840
P147,7	2841	2842
P138,6	2843	2843
P66,9	2844	2845
P143,1	2846	2847
P83,1	2848	2849
P41,9	2850	2851
P52,1	2852	2853
P59,10	2854	2855
P98,9	2856	2856
P149,7	2857	2858
P32,1	2859	2860
P33,1	2861	2862
P178,8	2863	2864
P29,8	2865	2866
P16,9	2867	2868
P24,1	2869	2870
P196,1	2871	2872
P14,9	2873	2873
P43,1	2874	2875
P152,1	2876	2877
P104,8	2878	2879
P191,1	2880	2881
P45,11	2882	2883
P18,12	2884	2884
P130,8	2885	2885
P107,8	2886	2886
P197,1	2887	2888
P142,9	2889	2890
P155,1	2891	2892
P91,8	2893	2894
P187,1	2895	2896
P156,9	2897	2897
P39,8	2898	2899
P114,8	2900	2900
P64,8	2901	2902
P134,9	2903	2904
P183,1	2905	2906
P92,1	2907	2908
P49,10	2909	2909
P86,8	2910	2910
P162,1	2911	2912
P97,11	2913	2914
P20,14	2915	2916
P77,12	2917	2918
P198,1	2919	2920
P73,1	2921	2922
P111,9	2923	2923
P160,8	2924	2924
P150,9	2925	2926
P27,1	2927	2928
P194,1	2929	2930
P199,1	2931	2932
P125,1	2933	2934
P175,1	2935	2936
P1,1	2937	2938
P177,6	2939	2940
P189,1	2941	2942
P85,9	2943	2944
P94,9	2945	2946
P180,1	2947	2948
P34,12	2949	2950
P137,1	2951	2952
P179,7	2953	2954
P132,7	2955	2956
P176,7	2957	2958
P185,1	2959	2960
P103,1	2961	2962
P120,10	2963	2963
P28,10	2964	2964
P95,9	2965	2965
P81,1	2966	2967
P164,9	2968	2969
P83,1	2970	2971
P146,1	2972	2973
P61,10	2974	2975
P40,9	2976	2977
P47,9	2978	2979
P38,1	2980	2981
P33,1	2982	2983
P12,12	2984	2984
P71,10	2985	2986
P53,9	2987	2988
P196,1	2989	2990
P147,8	2991	2992
P181,1	2993	2994
P66,10	2995	2996
P76,9	2997	2998
P98,10	2999	3000
P191,1	3001	3002
P192,1	3003	3004
P16,10	3005	3006
P48,9	3007	3007
P197,1	3008	3009
P178,9	3010	3011
P142,9	3012	3013
P155,1	3014	3015
P91,8	3016	3017
P187,1	3018	3019
P182,1	3020	3021
P159,8	3022	3022
P158,7	3023	3024
P64,8	3025	3025
P134,9	3026	3027
P63,1	3028	3029
P14,10	3030	3031
P130,9	3032	3033
P188,1	3034	3035
P156,10	3036	3037
P69,1	3038	3039
P198,1	3040	3041
P108,9	3042	3043
P58,10	3044	3045
P15,1	3046	3047
P168,1	3048	3049
P171,8	3050	3051
P125,1	3052	3053
P77,13	3054	3054
P30,11	3055	3056
P126,8	3057	3058
P200,1	3059	3060
P160,9	3061	3062
P166,8	3063	3063
P118,9	3064	3065
P163,8	3066	3066
P195,1	3067	3068
P34,12	3069	3070
P111,10	3071	3072
P137,1	3073	3074
P132,7	3075	3076
P176,7	3077	3077
P55,10	3078	3079
P185,1	3080	3081
P103,1	3082	3083
P190,1	3084	3085
P93,9	3086	3087
P51,1	3088	3089
P94,10	3090	3091
P83,1	3092	3093
P124,9	3094	3095
P96,9	3096	3096
P135,9	3097	3097
P167,10	3098	3099
P33,1	3100	3101
P120,11	3102	3103
P24,1	3104	3105
P196,1	3106	3107
P40,10	3108	3109
P43,1	3110	3111
P76,9	3112	3112
P12,13	3113	3114
P84,12	3115	3116
P61,11	3117	3118
P192,1	3119	3120
P59,11	3121	3122
P139,8	3123	3124
P41,10	3125	3126
P47,10	3127	3127
P127,11	3128	3129
P115,1	3130	3131
P91,8	3132	3132
P187,1	3133	3134
P45,12	3135	3136
P131,10	3137	3138
P98,11	3139	3140
P2,14	3141	3141
P158,7	3142	3143
P133,10	3144	3145
P134,9	3146	3147
P183,1	3148	3149
P92,1	3150	3151
P142,10	3152	3153
P193,1	3154	3155
P138,8	3156	3156
P39,9	3157	3158
P107,9	3159	3160
P6,13	3161	3162
P73,1	3163	3164
P58,10	3165	3166
P15,1	3167	3168
P168,1	3169	3170
P199,1	3171	3172
P49,11	3173	3174
P126,8	3175	3176
P200,1	3177	3178
P64,9	3179	3180
P160,9	3181	3182
P118,9	3183	3184
P112,10	3185	3185
P180,1	3186	3187
P68,10	3188	3188
P57,10	3189	3190
P172,8	3191	3192
P86,10	3193	3194
P132,7	3195	3196
P117,10	3197	3198
P90,9	3199	3199
P185,1	3200	3201
P150,10	3202	3203
P105,1	3204	3205
P81,1	3206	3207
P166,9	3208	3209
P143,1	3210	3211
P176,8	3212	3213
P124,9	3214	3215
P38,1	3216	3217
P32,1	3218	3219
P120,11	3220	3221
P24,1	3222	3223
P40,10	3224	3225
P43,1	3226	3227
P191,1	3228	3229
P28,11	3230	3231
P37,10	3232	3233
P186,1	3234	3235
P96,10	3236	3237
P41,10	3238	3239
P155,1	3240	3241
P54,9	3242	3242
P115,1	3243	3244
P3,1	3245	3246
P149,8	3247	3248
P182,1	3249	3250
P145,9	3251	3252
P12,14	3253	3253
P133,10	3254	3255
P76,10	3256	3257
P47,11	3258	3259
P139,9	3260	3261
P162,1	3262	3263
P188,1	3264	3265
P8,12	3266	3266
P39,9	3267	3268
P107,9	3269	3269
P59,12	3270	3271
P2,15	3272	3273
P6,13	3274	3275
P102,10	3276	3277
P91,9	3278	3278
P184,1	3279	3280
P27,1	3281	3282
P194,1	3283	3284
P35,10	3285	3286
P175,1	3287	3288
P200,1	3289	3290
P64,9	3291	3292
P160,9	3293	3294
P118,9	3295	3295
P156,11	3296	3297
P180,1	3298	3299
P57,10	3300	3301
P77,14	3302	3303
P86,10	3304	3305
P117,10	3306	3307
P185,1	3308	3309
P140,11	3310	3311
P49,12	3312	3313
P105,1	3314	3315
P51,1	3316	3317
P85,10	3318	3319
P83,1	3320	3321
P132,8	3322	3322
P126,9	3323	3323
P90,10	3324	3324
P38,1	3325	3326
P167,10	3327	3327
P32,1	3328	3329
P120,11	3330	3331
P196,1	3332	3333
P68,11	3334	3335
P181,1	3336	3337
P43,1	3338	3339
P191,1	3340	3341
P28,11	3342	3342
P192,1	3343	3344
P179,8	3345	3346
P41,10	3347	3348
P71,11	3349	3350
P94,11	3351	3352
P176,9	3353	3354
P3,1	3355	3356
P45,12	3357	3358
P131,10	3359	3360
P133,10	3361	3361
P53,11	3362	3363
P163,10	3364	3365
P139,9	3366	3367
P92,1	3368	3369
P135,11	3370	3371
P193,1	3372	3373
P178,10	3374	3375
P96,11	3376	3377
P2,15	3378	3379
P6,13	3380	3381
P73,1	3382	3383
P129,10	3384	3385
P142,11	3386	3387
P27,1	3388	3389
P194,1	3390	3391
P145,10	3392	3393
P35,10	3394	3394
P175,1	3395	3396
P89,11	3397	3398
P200,1	3399	3400
P64,9	3401	3401
P8,13	3402	3403
P195,1	3404	3405
P138,9	3406	3407
P91,10	3408	3409
P137,1	3410	3411
P103,1	3412	3413
P158,9	3414	3415
P49,12	3416	3417
P105,1	3418	3419
P51,1	3420	3421
P166,9	3422	3422
P143,1	3423	3424
P146,1	3425	3426
P38,1	3427	3428
P171,10	3429	3429
P150,11	3430	3430
P32,1	3431	3432
P118,10	3433	3434
P14,12	3435	3436
P108,11	3437	3438
P181,1	3439	3440
P126,10	3441	3442
P55,11	3443	3443
P191,1	3444	3445
P186,1	3446	3447
P197,1	3448	3449
P155,1	3450	3451
P176,9	3452	3453
P68,12	3454	3455
P132,9	3456	3457
P40,11	3458	3459
P63,1	3460	3461
P183,1	3462	3463
P61,12	3464	3465
P162,1	3466	3467
P188,1	3468	3469
P69,1	3470	3471
P84,13	3472	3473
P131,11	3474	3475
P41,11	3476	3476
P124,11	3477	3478
P73,1	3479	3480
P184,1	3481	3482
P15,1	3483	3484
P94,12	3485	3486
P194,1	3487	3488
P199,1	3489	3490
P125,1	3491	3492
P18,14	3493	3494
P37,12	3495	3496
P200,1	3497	3498
P189,1	3499	3500
P195,1	3501	3502
P180,1	3503	3504
P91,10	3505	3506
P185,1	3507	3508
P35,11	3509	3510
P6,14	3511	3512
P107,11	3513	3514
P102,11	3515	3516
P105,1	3517	3518
P51,1	3519	3520
P83,1	3521	3522
P52,1	3523	3524
P159,10	3525	3526
P112,11	3527	3527
P32,1	3528	3529
P33,1	3530	3531
P24,1	3532	3533
P86,11	3534	3535
P108,11	3536	3537
P85,11	3538	3539
P152,1	3540	3541
P191,1	3542	3543
P57,11	3544	3545
P186,1	3546	3547
P197,1	3548	3549
P115,1	3550	3551
P68,12	3552	3553
P132,9	3554	3555
P55,12	3556	3557
P53,11	3558	3559
P171,11	3560	3560
P183,1	3561	3562
P61,12	3563	3564
P162,1	3565	3566
P188,1	3567	3568
P126,11	3569	3570
P96,11	3571	3571
P84,13	3572	3573
P198,1	3574	3575
P147,10	3576	3576
P93,11	3577	3578
P133,11	3579	3580
P142,11	3581	3582
P27,1	3583	3584
P194,1	3585	3586
P15,2	3587	3588
P59,13	3589	3590
P125,1	3591	3592
P76,11	3593	3594
P1,1	3595	3596
P139,10	3597	3598
P124,12	3599	3600
P178,11	3601	3602
P91,10	3603	3604
P185,1	3605	3606
P35,11	3607	3607
P6,14	3608	3609
P190,1	3610	3611
P39,11	3612	3613
P51,1	3614	3615
P83,1	3616	3617
P146,1	3618	3619
P145,11	3620	3621
P159,10	3622	3623
P32,1	3624	3625
P33,1	3626	3627
P138,10	3628	3628
P24,1	3629	3630
P86,11	3631	3632
P108,11	3633	3633
P85,11	3634	3635
P152,1	3636	3637
P129,12	3638	3638
P160,11	3639	3639
P192,1	3640	3641
P166,10	3642	3643
P89,13	3644	3645
P197,1	3646	3647
P155,1	3648	3649
P3,1	3650	3651
P132,9	3652	3653
P182,1	3654	3655
P183,1	3656	3657
P61,12	3658	3658
P92,1	3659	3660
P140,13	3661	3662
P118,11	3663	3663
P126,11	3664	3665
P40,12	3666	3667
P131,11	3668	3669
P111,12	3670	3671
P73,1	3672	3673
P68,13	3674	3675
P71,12	3676	3677
P168,1	3678	3679
P15,2	3680	3681
P98,12	3682	3682
P53,12	3683	3684
P135,12	3685	3686
P76,11	3687	3688
P200,1	3689	3690
P189,1	3691	3692
P195,1	3693	3694
P137,1	3695	3696
P103,1	3697	3698
P190,1	3699	3700
P39,11	3701	3702
P51,1	3703	3704
P83,1	3705	3706
P146,1	3707	3708
P52,1	3709	3710
P38,1	3711	3712
P64,10	3713	3714
P24,1	3715	3716
P86,11	3717	3718
P196,1	3719	3720
P85,11	3721	3722
P43,1	3723	3724
P8,14	3725	3726
P191,1	3727	3728
P159,11	3729	3730
P91,11	3731	3732
P89,13	3733	3734
P108,12	3735	3736
P115,1	3737	3738
P187,1	3739	3740
P160,12	3741	3742
P63,1	3743	3744
P92,1	3745	3746
P140,13	3747	3748
P58,13	3749	3750
P126,11	3751	3751
P129,13	3752	3753
P40,12	3754	3755
P132,10	3756	3757
P111,12	3758	3759
P73,1	3760	3761
P184,1	3762	3763
P55,13	3764	3765
P168,1	3766	3767
P15,2	3768	3769
P61,13	3770	3771
P53,12	3772	3773
P131,12	3774	3775
P175,1	3776	3777
P1,1	3778	3779
P189,1	3780	3781
P195,1	3782	3783
P137,1	3784	3785
P103,1	3786	3787
P118,12	3788	3789
P39,11	3790	3791
P51,1	3792	3793
P83,1	3794	3795
P147,12	3796	3797
P146,1	3798	3799
P145,11	3800	3801
P32,1	3802	3803
P24,1	3804	3805
P35,12	3806	3806
P158,10	3807	3808
P181,1	3809	3810
P102,12	3811	3812
P152,1	3813	3814
P191,1	3815	3816
P159,11	3817	3818
P186,1	3819	3820
P108,12	3821	3821
P115,1	3822	3823
P187,1	3824	3825
P64,11	3826	3827
P160,12	3828	3829
P63,1	3830	3831
P183,1	3832	3833
P162,1	3834	3835
P58,13	3836	3836
P193,1	3837	3838
P129,13	3839	3840
P14,13	3841	3842
P89,14	3843	3844
P198,1	3845	3846
P184,1	3847	3848
P168,1	3849	3850
P15,2	3851	3852
P61,13	3853	3854
P53,12	3855	3856
P125,1	3857	3858
P175,1	3859	3860
P1,1	3861	3862
P189,1	3863	3864
P195,1	3865	3866
P137,1	3867	3868
P103,1	3869	3870
P190,1	3871	3872
P105,1	3873	3874
P81,1	3875	3876
P111,13	3877	3878
P83,1	3879	3880
P147,12	3881	3882
P52,1	3883	3884
P32,1	3885	3886
P24,1	3887	3888
P158,10	3889	3889
P196,1	3890	3891
P39,12	3892	3893
P102,12	3894	3895
P43,1	3896	3897
P191,1	3898	3899
P159,11	3900	3900
P186,1	3901	3902
P155,1	3903	3904
P145,12	3905	3906
P187,1	3907	3908
P182,1	3909	3910
P86,12	3911	3912
P92,1	3913	3914
P35,13	3915	3916
P193,1	3917	3918
P172,11	3919	3920
P91,12	3921	3922
P8,15	3923	3924
P73,1	3925	3926
P108,13	3927	3928
P27,1	3929	3930
P194,1	3931	3932
P160,13	3933	3934
P96,14	3935	3936
P140,14	3937	3938
P125,1	3939	3940
P175,1	3941	3942
P200,1	3943	3944
P189,1	3945	3946
P195,1	3947	3948
P137,1	3949	3950
P103,1	3951	3952
P105,1	3953	3954
P81,1	3955	3956
P51,1	3957	3958
P143,1	3959	3960
P132,11	3961	3962
P52,1	3963	3964
P32,1	3965	3966
P24,1	3967	3968
P196,1	3969	3970
P181,1	3971	3972
P53,13	3973	3973
P43,1	3974	3975
P191,1	3976	3977
P186,1	3978	3979
P197,1	3980	3981
P115,1	3982	3983
P3,1	3984	3985
P118,13	3986	3986
P64,11	3987	3988
P63,1	3989	3990
P92,1	3991	3992
P158,11	3993	3994
P133,13	3995	3996
P193,1	3997	3998
P172,11	3999	4000
P91,12	4001	4002
P89,14	4003	4004
P198,1	4005	4006
P86,13	4007	4008
P76,13	4009	4010
P27,1	4011	4012
P102,13	4013	4013
P194,1	4014	4015
P160,13	4016	4017
P199,1	4018	4019
P125,1	4020	4021
P175,1	4022	4023
P200,1	4024	4025
P189,1	4026	4027
P180,1	4028	4029
P185,1	4030	4031
P190,1	4032	4033
P40,13	4034	4035
P14,14	4036	4036
P51,1	4037	4038
P143,1	4039	4040
P132,11	4041	4042
P52,1	4043	4044
P32,1	4045	4046
P24,1	4047	4048
P196,1	4049	4050
P181,1	4051	4052
P179,11	4053	4054
P152,1	4055	4056
P192,1	4057	4058
P197,1	4059	4060
P115,1	4061	4062
P3,1	4063	4064
P182,1	4065	4066
P183,1	4067	4068
P162,1	4069	4070
P35,13	4071	4072
P193,1	4073	4074
P91,12	4075	4075
P98,14	4076	4077
P73,1	4078	4079
P76,13	4080	4081
P118,14	4082	4083
P194,1	4084	4085
P160,13	4086	4087
P199,1	4088	4089
P125,1	4090	4091
P58,14	4092	4093
P175,1	4094	4095
P200,1	4096	4097
P189,1	4098	4099
P180,1	4100	4101
P185,1	4102	4103
P190,1	4104	4105
P102,14	4106	4107
P51,1	4108	4109
P146,1	4110	4111
P38,1	4112	4113
P33,1	4114	4115
P196,1	4116	4117
P181,1	4118	4119
P152,1	4120	4121
P192,1	4122	4123
P197,1	4124	4125
P115,1	4126	4127
P71,14	4128	4128
P187,1	4129	4130
P132,12	4131	4132
P183,1	4133	4134
P162,1	4135	4136
P188,1	4137	4138
P69,1	4139	4140
P73,1	4141	4142
P27,1	4143	4144
P145,13	4145	4146
P194,1	4147	4148
P35,14	4149	4149
P199,1	4150	4151
P147,14	4152	4153
P172,12	4154	4154
P175,1	4155	4156
P1,1	4157	4158
P86,14	4159	4160
P53,15	4161	4162
P180,1	4163	4164
P185,1	4165	4166
P190,1	4167	4168
P102,14	4169	4170
P51,1	4171	4172
P146,1	4173	4174
P52,1	4175	4176
P32,1	4177	4178
P24,1	4179	4180
P76,14	4181	4182
P43,1	4183	4184
P160,14	4185	4186
P192,1	4187	4188
P186,1	4189	4190
P155,1	4191	4192
P3,1	4193	4194
P182,1	4195	4196
P183,1	4197	4198
P162,1	4199	4200
P193,1	4201	4202
P198,1	4203	4204
P184,1	4205	4206
P118,14	4207	4207
P145,13	4208	4209
P71,15	4210	4211
P176,13	4212	4213
P199,1	4214	4215
P179,12	4216	4217
P98,15	4218	4219
P200,1	4220	4221
P189,1	4222	4223
P180,1	4224	4225
P185,1	4226	4227
P190,1	4228	4229
P81,1	4230	4231
P146,1	4232	4233
P52,1	4234	4235
P32,1	4236	4237
P196,1	4238	4239
P181,1	4240	4241
P43,1	4242	4243
P160,14	4244	4244
P192,1	4245	4246
P186,1	4247	4248
P155,1	4249	4250
P3,1	4251	4252
P182,1	4253	4254
P183,1	4255	4256
P162,1	4257	4258
P193,1	4259	4260
P198,1	4261	4262
P73,1	4263	4264
P27,1	4265	4266
P168,1	4267	4268
P194,1	4269	4270
P15,2	4271	4272
P125,1	4273	4274
P1,1	4275	4276
P189,1	4277	4278
P180,1	4279	4280
P185,1	4281	4282
P190,1	4283	4284
P81,1	4285	4286
P146,1	4287	4288
P52,1	4289	4290
P32,1	4291	4292
P158,13	4293	4294
P196,1	4295	4296
P181,1	4297	4298
P152,1	4299	4300
P192,1	4301	4302
P197,1	4303	4304
P115,1	4305	4306
P187,1	4307	4308
P63,1	4309	4310
P92,1	4311	4312
P188,1	4313	4314
P69,1	4315	4316
P102,15	4317	4318
P184,1	4319	4320
P168,1	4321	4322
P15,2	4323	4324
P125,1	4325	4326
P1,1	4327	4328
P189,1	4329	4330
P180,1	4331	4332
P185,1	4333	4334
P190,1	4335	4336
P81,1	4337	4338
P146,1	4339	4340
P52,1	4341	4342
P32,1	4343	4344
P176,14	4345	4346
P196,1	4347	4348
P43,1	4349	4350
P191,1	4351	4352
P186,1	4353	4354
P155,1	4355	4356
P3,1	4357	4358
P182,1	4359	4360
P179,13	4361	4361
P183,1	4362	4363
P162,1	4364	4365
P193,1	4366	4367
P158,14	4368	4369
P102,15	4370	4371
P184,1	4372	4372
P168,1	4373	4374
P15,2	4375	4376
P125,1	4377	4378
P1,1	4379	4380
P189,1	4381	4382
P180,1	4383	4384
P185,1	4385	4386
P190,1	4387	4388
P81,1	4389	4390
P146,1	4391	4392
P52,1	4393	4394
P32,1	4395	4396
P24,1	4397	4398
P181,1	4399	4400
P152,1	4401	4402
P192,1	4403	4404
P197,1	4405	4406
P115,1	4407	4408
P187,1	4409	4410
P63,1	4411	4412
P92,1	4413	4414
P188,1	4415	4416
P69,1	4417	4418
P198,1	4419	4420
P27,1	4421	4422
P194,1	4423	4424
P179,14	4425	4426
P199,1	4427	4428
P175,1	4429	4430
P200,1	4431	4432
P195,1	4433	4434
P137,1	4435	4436
P103,1	4437	4438
P105,1	4439	4440
P143,1	4441	4442
P51,2	4443	4444
P38,1	4445	4446
P176,14	4447	4447
P24,1	4448	4449
P181,1	4450	4451
P152,1	4452	4453
P192,1	4454	4455
P197,1	4456	4457
P115,1	4458	4459
P182,1	4460	4461
P3,2	4462	4463
P92,1	4464	4465
P188,1	4466	4467
P69,1	4468	4469
P73,1	4470	4471
P168,1	4472	4473
P15,2	4474	4475
P184,2	4476	4477
P125,1	4478	4479
P1,1	4480	4481
P189,1	4482	4483
P180,1	4484	4485
P185,1	4486	4487
P190,1	4488	4489
P81,1	4490	4491
P146,1	4492	4493
P52,1	4494	4495
P32,1	4496	4497
P196,1	4498	4499
P43,1	4500	4501
P191,1	4502	4503
P186,1	4504	4505
P155,1	4506	4507
P187,1	4508	4508
P63,1	4509	4510
P183,1	4511	4512
P162,1	4513	4514
P193,1	4515	4516
P69,1	4517	4518
P73,1	4519	4520
P168,1	4521	4522
P15,2	4523	4524
P184,2	4525	4526
P125,1	4527	4528
P1,1	4529	4530
P189,1	4531	4532
P180,1	4533	4534
P185,1	4535	4536
P190,1	4537	4538
P81,1	4539	4540
P146,1	4541	4542
P52,1	4543	4544
P32,1	4545	4546
P196,1	4547	4548
P43,1	4549	4550
P191,1	4551	4552
P186,1	4553	4554
P155,1	4555	4556
P182,1	4557	4558
P3,2	4559	4560
P187,2	4561	4562
P162,1	4563	4564
P193,1	4565	4566
P198,1	4567	4568
P27,1	4569	4570
P194,1	4571	4572
P184,2	4573	4574
P125,1	4575	4576
P1,2	4577	4578
P189,1	4579	4580
P180,1	4581	4582
P185,1	4583	4584
P190,1	4585	4586
P81,1	4587	4588
P51,2	4589	4590
P52,1	4591	4592
P32,1	4593	4594
P196,1	4595	4596
P43,1	4597	4598
P191,1	4599	4600
P186,1	4601	4602
P155,1	4603	4604
P182,1	4605	4606
P179,15	4607	4608
P183,1	4609	4610
P92,1	4611	4612
P188,1	4613	4614
P69,1	4615	4616
P73,1	4617	4618
P168,1	4619	4620
P15,2	4621	4622
P199,1	4623	4624
P175,1	4625	4626
P200,1	4627	4628
P195,1	4629	4630
P137,1	4631	4632
P103,1	4633	4634
P105,1	4635	4636
P146,1	4637	4638
P143,2	4639	4640
P38,1	4641	4642
P24,1	4643	4644
P181,1	4645	4646
P152,1	4647	4648
P192,1	4649	4650
P197,1	4651	4652
P115,1	4653	4654
P63,1	4655	4656
P3,2	4657	4658
P187,2	4659	4660
P162,1	4661	4662
P193,1	4663	4664
P198,1	4665	4666
P27,1	4667	4668
P194,1	4669	4670
P184,2	4671	4672
P125,1	4673	4674
P1,2	4675	4676
P189,1	4677	4678
P180,1	4679	4680
P185,1	4681	4682
P190,1	4683	4684
P81,1	4685	4686
P51,2	4687	4688
P52,1	4689	4690
P32,1	4691	4692
P196,1	4693	4694
P43,1	4695	4696
P191,1	4697	4698
P186,1	4699	4700
P155,1	4701	4702
P182,1	4703	4704
P183,1	4705	4706
P92,1	4707	4708
P188,1	4709	4710
P69,1	4711	4712
P73,1	4713	4714
P168,1	4715	4715
P194,1	4716	4717
P184,2	4718	4719
P125,1	4720	4721
P200,1	4722	4723
P195,1	4724	4725
P180,1	4726	4727
P185,1	4728	4729
P190,1	4730	4731
P81,1	4732	4733
P51,2	4734	4735
P52,1	4736	4737
P32,1	4738	4739
P196,1	4740	4741
P43,1	4742	4743
P191,1	4744	4745
P186,1	4746	4747
P155,1	4748	4749
P182,1	4750	4751
P183,1	4752	4753
P92,1	4754	4755
P188,1	4756	4757
P69,1	4758	4759
P73,1	4760	4761
P194,1	4762	4763
P184,2	4764	4765
P125,1	4766	4767
P200,1	4768	4769
P195,1	4770	4771
P180,1	4772	4773
P185,1	4774	4775
P190,1	4776	4777
P81,1	4778	4779
P51,2	4780	4781
P52,1	4782	4783
P32,1	4784	4785
P196,1	4786	4787
P43,1	4788	4789
P191,1	4790	4791
P186,1	4792	4793
P155,1	4794	4795
P182,1	4796	4797
P183,1	4798	4799
P92,1	4800	4801
P188,1	4802	4803
P69,1	4804	4805
P73,1	4806	4807
P194,1	4808	4809
P184,2	4810	4811
P125,1	4812	4813
P200,1	4814	4815
P195,1	4816	4817
P180,1	4818	4819
P103,1	4820	4821
P105,1	4822	4823
P185,2	4824	4825
P51,2	4826	4827
P52,1	4828	4829
P32,1	4830	4831
P196,1	4832	4833
P43,1	4834	4835
P191,1	4836	4837
P186,1	4838	4839
P115,1	4840	4841
P3,2	4842	4843
P197,2	4844	4845
P92,1	4846	4847
P188,1	4848	4849
P69,1	4850	4851
P73,1	4852	4853
P194,1	4854	4855
P184,2	4856	4857
P125,1	4858	4859
P200,1	4860	4861
P195,1	4862	4863
P180,1	4864	4865
P103,1	4866	4867
P105,1	4868	4869
P185,2	4870	4871
P51,2	4872	4873
P52,1	4874	4875
P32,1	4876	4877
P196,1	4878	4879
P43,1	4880	4881
P191,1	4882	4883
P186,1	4884	4885
P115,1	4886	4887
P3,2	4888	4889
P197,2	4890	4891
P92,1	4892	4893
P188,1	4894	4895
P69,1	4896	4897
P73,1	4898	4899
P15,2	4900	4901
P199,1	4902	4903
P1,2	4904	4905
P189,1	4906	4907
P175,2	4908	4909
P137,1	4910	4911
P190,1	4912	4913
P81,1	4914	4915
P146,1	4916	4917
P143,2	4918	4919
P38,1	4920	4921
P24,1	4922	4923
P181,1	4924	4925
P152,1	4926	4927
P192,1	4928	4929
P155,1	4930	4931
P182,1	4932	4933
P183,1	4934	4935
P187,2	4936	4937
P162,1	4938	4939
P193,1	4940	4941
P198,1	4942	4943
P194,1	4944	4945
P184,2	4946	4947
P125,1	4948	4949
P200,1	4950	4951
P195,1	4952	4953
P180,1	4954	4955
P103,1	4956	4957
P105,1	4958	4959
P185,2	4960	4961
P51,2	4962	4963
P52,1	4964	4965
P24,1	4966	4967
P181,1	4968	4969
P152,1	4970	4971
P192,1	4972	4973
P155,1	4974	4975
P182,1	4976	4977
P183,1	4978	4979
P187,2	4980	4981
P162,1	4982	4983
P193,1	4984	4985
P73,1	4986	4987
P198,2	4988	4989
P184,2	4990	4991
P125,1	4992	4993
P200,1	4994	4995
P195,1	4996	4997
P180,1	4998	4999
P103,1	5000	5001
P105,1	5002	5003
P185,2	5004	5005
P51,2	5006	5007
P52,1	5008	5009
P24,1	5010	5011
P181,1	5012	5013
P152,1	5014	5015
P192,1	5016	5017
P155,1	5018	5019
P182,1	5020	5021
P183,1	5022	5023
P187,2	5024	5025
P188,1	5026	5027
P69,1	5028	5029
P92,2	5030	5031
P198,2	5032	5033
P184,2	5034	5035
P125,1	5036	5037
P200,1	5038	5039
P195,1	5040	5041
P180,1	5042	5043
P103,1	5044	5045
P105,1	5046	5046
P185,2	5047	5048
P51,2	5049	5050
P52,1	5051	5052
P24,1	5053	5054
P181,1	5055	5056
P152,1	5057	5058
P192,1	5059	5060
P155,1	5061	5062
P182,1	5063	5064
P183,1	5065	5066
P187,2	5067	5068
P188,1	5069	5070
P69,1	5071	5072
P92,2	5073	5074
P198,2	5075	5076
P184,2	5077	5078
P125,1	5079	5080
P200,1	5081	5082
P195,1	5083	5084
P180,1	5085	5086
P103,1	5087	5088
P81,1	5089	5090
P146,1	5091	5092
P143,2	5093	5094
P38,1	5095	5096
P196,1	5097	5098
P43,1	5099	5100
P191,1	5101	5102
P186,1	5103	5104
P115,1	5105	5106
P3,2	5107	5108
P197,2	5109	5110
P162,1	5111	5112
P193,1	5113	5114
P73,1	5115	5116
P194,1	5117	5118
P15,2	5119	5120
P199,1	5121	5122
P1,2	5123	5124
P189,1	5125	5126
P175,2	5127	5128
P137,1	5129	5130
P190,1	5131	5132
P185,2	5133	5134
P51,2	5135	5136
P52,1	5137	5138
P24,1	5139	5140
P181,1	5141	5142
P152,1	5143	5144
P192,1	5145	5146
P155,1	5147	5148
P182,1	5149	5150
P183,1	5151	5152
P187,2	5153	5154
P188,1	5155	5156
P69,1	5157	5158
P92,2	5159	5160
P198,2	5161	5162
P184,2	5163	5164
P125,1	5165	5166
P200,1	5167	5168
P195,1	5169	5170
P180,1	5171	5172
P103,1	5173	5174
P81,1	5175	5176
P146,1	5177	5178
P143,2	5179	5180
P38,1	5181	5182
P196,1	5183	5184
P43,1	5185	5186
P191,1	5187	5188
P186,1	5189	5190
P115,1	5191	5192
P3,2	5193	5194
P197,2	5195	5196
P188,1	5197	5198
P69,1	5199	5200
P73,1	5201	5202
P194,1	5203	5204
P15,2	5205	5206
P199,1	5207	5208
P1,2	5209	5210
P189,1	5211	5212
P175,2	5213	5214
P137,1	5215	5216
P190,1	5217	5218
P185,2	5219	5220
P51,2	5221	5222
P52,1	5223	5224
P24,1	5225	5226
P181,1	5227	5228
P152,1	5229	5230
P186,1	5231	5232
P115,1	5233	5234
P3,2	5235	5236
P197,2	5237	5238
P188,1	5239	5240
P69,1	5241	5242
P73,1	5243	5244
P194,1	5245	5246
P15,2	5247	5248
P199,1	5249	5250
P1,2	5251	5252
P189,1	5253	5254
P175,2	5255	5256
P137,1	5257	5258
P190,1	5259	5260
P185,2	5261	5262
P51,2	5263	5264
P52,1	5265	5266
P24,1	5267	5268
P181,1	5269	5270
P191,1	5271	5272
P155,1	5273	5274
P43,2	5275	5276
P3,2	5277	5278
P197,2	5279	5280
P188,1	5281	5282
P69,1	5283	5284
P73,1	5285	5286
P194,1	5287	5288
P15,2	5289	5290
P199,1	5291	5292
P1,2	5293	5294
P189,1	5295	5296
P175,2	5297	5298
P137,1	5299	5300
P190,1	5301	5302
P185,2	5303	5304
P51,2	5305	5306
P52,1	5307	5308
P24,1	5309	5310
P181,1	5311	5312
P191,1	5313	5314
P155,1	5315	5316
P43,2	5317	5318
P3,2	5319	5320
P197,2	5321	5322
P188,1	5323	5324
P69,1	5325	5326
P73,1	5327	5328
P194,1	5329	5330
P15,2	5331	5332
P199,1	5333	5334
P1,2	5335	5336
P189,1	5337	5338
P175,2	5339	5340
P137,1	5341	5342
P190,1	5343	5344
P146,1	5345	5346
P143,2	5347	5348
P38,1	5349	5350
P196,1	5351	5352
P152,1	5353	5354
P186,1	5355	5356
P115,1	5357	5358
P182,1	5359	5360
P183,1	5361	5362
P187,2	5363	5364
P193,1	5365	5366
P162,2	5367	5368
P92,2	5369	5370
P15,2	5371	5372
P199,1	5373	5374
P1,2	5375	5376
P189,1	5377	5378
P175,2	5379	5380
P137,1	5381	5382
P190,1	5383	5384
P146,1	5385	5386
P143,2	5387	5388
P38,1	5389	5390
P196,1	5391	5392
P152,1	5393	5394
P186,1	5395	5396
P115,1	5397	5398
P182,1	5399	5400
P183,1	5401	5402
P187,2	5403	5404
P193,1	5405	5406
P162,2	5407	5408
P92,2	5409	5410
P15,2	5411	5412
P199,1	5413	5414
P1,2	5415	5416
P189,1	5417	5418
P175,2	5419	5420
P137,1	5421	5422
P190,1	5423	5424
P146,1	5425	5426
P143,2	5427	5428
P24,1	5429	5430
P181,1	5431	5432
P191,1	5433	5434
P155,1	5435	5436
P43,2	5437	5438
P3,2	5439	5440
P197,2	5441	5442
P188,1	5443	5444
P69,1	5445	5446
P73,1	5447	5448
P198,2	5449	5450
P184,2	5451	5452
P125,1	5453	5454
P200,1	5455	5456
P195,1	5457	5458
P180,1	5459	5460
P103,1	5461	5462
P185,2	5463	5464
P51,2	5465	5466
P52,1	5467	5468
P196,1	5469	5470
P152,1	5471	5472
P186,1	5473	5474
P115,1	5475	5476
P182,1	5477	5478
P183,1	5479	5480
P187,2	5481	5482
P193,1	5483	5484
P162,2	5485	5486
P92,2	5487	5488
P184,2	5489	5490
P125,1	5491	5492
P200,1	5493	5494
P195,1	5495	5496
P180,1	5497	5498
P103,1	5499	5500
P185,2	5501	5502
P51,2	5503	5504
P52,1	5505	5506
P196,1	5507	5508
P152,1	5509	5510
P186,1	5511	5512
P115,1	5513	5514
P182,1	5515	5516
P183,1	5517	5518
P187,2	5519	5520
P193,1	5521	5522
P162,2	5523	5524
P92,2	5525	5526
P184,2	5527	5528
P125,1	5529	5530
P200,1	5531	5532
P195,1	5533	5534
P180,1	5535	5536
P103,1	5537	5538
P185,2	5539	5540
P51,2	5541	5542
P52,1	5543	5544
P196,1	5545	5546
P152,1	5547	5548
P186,1	5549	5550
P115,1	5551	5552
P182,1	5553	5554
P183,1	5555	5556
P187,2	5557	5558
P193,1	5559	5560
P162,2	5561	5562
P92,2	5563	5564
P184,2	5565	5566
P125,1	5567	5568
P200,1	5569	5570
P195,1	5571	5572
P180,1	5573	5574
P103,1	5575	5576
P185,2	5577	5578
P51,2	5579	5580
P52,1	5581	5582
P196,1	5583	5584
P152,1	5585	5586
P186,1	5587	5588
P115,1	5589	5590
P182,1	5591	5592
P183,1	5593	5594
P187,2	5595	5596
P193,1	5597	5598
P162,2	5599	5600
P92,2	5601	5602
P184,2	5603	5604
P125,1	5605	5606
P200,1	5607	5608
P195,1	5609	5610
P180,1	5611	5612
P103,1	5613	5614
P185,2	5615	5616
P51,2	5617	5618
P52,1	5619	5620
P196,1	5621	5622
P152,1	5623	5624
P186,1	5625	5626
P115,1	5627	5628
P182,1	5629	5630
P183,1	5631	5632
P187,2	5633	5634
P193,1	5635	5636
P162,2	5637	5638
P92,2	5639	5640
P184,2	5641	5642
P125,1	5643	5644
P200,1	5645	5646
P195,1	5647	5648
P180,1	5649	5650
P103,1	5651	5652
P185,2	5653	5654
P51,2	5655	5656
P52,1	5657	5658
P196,1	5659	5660
P152,1	5661	5662
P186,1	5663	5664
P115,1	5665	5666
P182,1	5667	5668
P183,1	5669	5670
P187,2	5671	5672
P193,1	5673	5674
P162,2	5675	5676
P92,2	5677	5678
P184,2	5679	5680
P125,1	5681	5682
P200,1	5683	5684
P195,1	5685	5686
P180,1	5687	5688
P103,1	5689	5690
P185,2	5691	5692
P51,2	5693	5694
P24,1	5695	5696
P181,1	5697	5698
P152,1	5699	5700
P186,1	5701	5702
P115,1	5703	5704
P182,1	5705	5706
P183,1	5707	5708
P187,2	5709	5710
P193,1	5711	5712
P162,2	5713	5714
P92,2	5715	5716
P184,2	5717	5718
P125,1	5719	5720
P200,1	5721	5722
P195,1	5723	5724
P180,1	5725	5726
P103,1	5727	5728
P185,2	5729	5730
P51,2	5731	5732
P24,1	5733	5734
P52,2	5735	5736
P191,1	5737	5738
P155,1	5739	5740
P43,2	5741	5742
P3,2	5743	5744
P197,2	5745	5746
P188,1	5747	5748
P69,1	5749	5750
P73,1	5751	5752
P198,2	5753	5754
P199,1	5755	5756
P1,2	5757	5758
P189,1	5759	5760
P175,2	5761	5762
P137,1	5763	5764
P190,1	5765	5766
P146,1	5767	5768
P143,2	5769	5770
P181,1	5771	5772
P152,1	5773	5774
P186,1	5775	5776
P115,1	5777	5778
P182,1	5779	5780
P183,1	5781	5782
P187,2	5783	5784
P193,1	5785	5786
P162,2	5787	5788
P92,2	5789	5790
P184,2	5791	5792
P125,1	5793	5794
P200,1	5795	5796
P195,1	5797	5798
P180,1	5799	5800
P103,1	5801	5802
P185,2	5803	5804
P51,2	5805	5806
P24,1	5807	5808
P52,2	5809	5810
P191,1	5811	5812
P155,1	5813	5814
P43,2	5815	5816
P3,2	5817	5818
P197,2	5819	5820
P188,1	5821	5822
P69,1	5823	5824
P73,1	5825	5826
P198,2	5827	5828
P199,1	5829	5830
P1,2	5831	5832
P189,1	5833	5834
P175,2	5835	5836
P137,1	5837	5838
P190,1	5839	5840
P146,1	5841	5842
P143,2	5843	5844
P181,1	5845	5846
P152,1	5847	5848
P186,1	5849	5850
P115,1	5851	5852
P182,1	5853	5854
P183,1	5855	5856
P187,2	5857	5858
P193,1	5859	5860
P162,2	5861	5862
P92,2	5863	5864
P184,2	5865	5866
P125,1	5867	5868
P200,1	5869	5870
P195,1	5871	5872
P180,1	5873	5874
P103,1	5875	5876
P185,2	5877	5878
P51,2	5879	5880
P24,1	5881	5882
P52,2	5883	5884
P191,1	5885	5886
P155,1	5887	5888
P43,2	5889	5890
P3,2	5891	5892
P197,2	5893	5894
P188,1	5895	5896
P69,1	5897	5898
P73,1	5899	5900
P198,2	5901	5902
P199,1	5903	5904
P1,2	5905	5906
P189,1	5907	5908
P175,2	5909	5910
P137,1	5911	5912
P190,1	5913	5914
P146,1	5915	5916
P143,2	5917	5918
P181,1	5919	5920
P152,1	5921	5922
P186,1	5923	5924
P115,1	5925	5926
P182,1	5927	5928
P183,1	5929	5930
P187,2	5931	5932
P193,1	5933	5934
P162,2	5935	5936
P92,2	5937	5938
P184,2	5939	5940
P125,1	5941	5942
P200,1	5943	5944
P195,1	5945	5945
P180,1	5946	5947
P103,1	5948	5949
P185,2	5950	5951
P51,2	5952	5953
P24,1	5954	5955
P52,2	5956	5957
P191,1	5958	5959
P155,1	5960	5961
P43,2	5962	5963
P3,2	5964	5965
P197,2	5966	5967
P188,1	5968	5969
P69,1	5970	5971
P73,1	5972	5973
P198,2	5974	5975
P199,1	5976	5977
P1,2	5978	5979
P189,1	5980	5981
P180,1	5982	5983
P103,1	5984	5985
P146,1	5986	5987
P190,2	5988	5989
P24,1	5990	5991
P52,2	5992	5993
P191,1	5994	5995
P155,1	5996	5997
P43,2	5998	5999
P3,2	6000	6001
P197,2	6002	6003
P188,1	6004	6005
P69,1	6006	6007
P73,1	6008	6009
P198,2	6010	6011
P199,1	6012	6013
P1,2	6014	6015
P189,1	6016	6017
P180,1	6018	6018
P137,1	6019	6020
P185,2	6021	6022
P51,2	6023	6024
P143,2	6025	6026
P181,1	6027	6028
P152,1	6029	6030
P186,1	6031	6032
P115,1	6033	6034
P182,1	6035	6036
P183,1	6037	6038
P187,2	6039	6040
P193,1	6041	6042
P162,2	6043	6044
P92,2	6045	6046
P184,2	6047	6048
P125,1	6049	6050
P200,1	6051	6052
P175,2	6053	6054
P103,1	6055	6056
P185,2	6057	6058
P51,2	6059	6060
P143,2	6061	6062
P181,1	6063	6064
P152,1	6065	6066
P186,1	6067	6068
P115,1	6069	6070
P182,1	6071	6072
P183,1	6073	6074
P187,2	6075	6076
P193,1	6077	6078
P162,2	6079	6080
P92,2	6081	6082
P184,2	6083	6084
P125,1	6085	6086
P200,1	6087	6088
P175,2	6089	6090
P103,1	6091	6092
P185,2	6093	6094
P51,2	6095	6096
P143,2	6097	6098
P181,1	6099	6100
P152,1	6101	6102
P186,1	6103	6104
P115,1	6105	6105
P182,1	6106	6107
P183,1	6108	6109
P187,2	6110	6111
P193,1	6112	6113
P162,2	6114	6115
P92,2	6116	6117
P184,2	6118	6119
P125,1	6120	6121
P200,1	6122	6123
P175,2	6124	6125
P103,1	6126	6127
P185,2	6128	6129
P51,2	6130	6131
P143,2	6132	6133
P52,2	6134	6135
P24,2	6136	6137
P186,1	6138	6139
P43,2	6140	6141
P3,2	6142	6143
P197,2	6144	6145
P188,1	6146	6147
P69,1	6148	6149
P73,1	6150	6151
P198,2	6152	6153
P199,1	6154	6155
P1,2	6156	6157
P189,1	6158	6159
P137,1	6160	6161
P180,2	6162	6163
P146,1	6164	6165
P190,2	6166	6167
P181,1	6168	6169
P152,1	6170	6171
P191,1	6172	6173
P155,1	6174	6175
P182,1	6176	6177
P183,1	6178	6179
P187,2	6180	6181
P162,2	6182	6183
P92,2	6184	6185
P69,2	6186	6187
P199,1	6188	6189
P1,2	6190	6191
P189,1	6192	6193
P137,1	6194	6195
P180,2	6196	6197
P146,1	6198	6199
P190,2	6200	6201
P181,1	6202	6203
P152,1	6204	6205
P191,1	6206	6207
P155,1	6208	6209
P182,1	6210	6211
P197,2	6212	6213
P193,1	6214	6215
P73,1	6216	6217
P198,2	6218	6219
P184,2	6220	6221
P125,1	6222	6223
P200,1	6224	6225
P137,1	6226	6227
P180,2	6228	6229
P146,1	6230	6231
P190,2	6232	6233
P181,1	6234	6235
P152,1	6236	6237
P191,1	6238	6239
P43,2	6240	6241
P183,1	6242	6243
P187,2	6244	6245
P162,2	6246	6247
P92,2	6248	6249
P69,2	6250	6251
P199,1	6252	6253
P1,2	6254	6254
P175,2	6255	6256
P103,1	6257	6258
P185,2	6259	6260
P51,2	6261	6262
P143,2	6263	6264
P52,2	6265	6266
P24,2	6267	6268
P155,1	6269	6270
P183,1	6271	6272
P182,2	6273	6274
P193,1	6275	6276
P73,1	6277	6278
P198,2	6279	6280
P199,1	6281	6282
P200,1	6283	6284
P137,1	6285	6286
P180,2	6287	6288
P146,1	6289	6290
P190,2	6291	6292
P181,1	6293	6294
P152,1	6295	6296
P191,1	6297	6298
P43,2	6299	6300
P197,2	6301	6301
P182,2	6302	6303
P193,1	6304	6305
P73,1	6306	6307
P198,2	6308	6309
P199,1	6310	6311
P200,1	6312	6313
P137,1	6314	6315
P180,2	6316	6317
P146,1	6318	6319
P190,2	6320	6321
P181,1	6322	6323
P152,1	6324	6325
P191,1	6326	6327
P43,2	6328	6329
P182,2	6330	6331
P193,1	6332	6333
P73,1	6334	6335
P198,2	6336	6337
P199,1	6338	6339
P200,1	6340	6341
P137,1	6342	6343
P180,2	6344	6345
P146,1	6346	6347
P190,2	6348	6349
P181,1	6350	6351
P152,1	6352	6353
P191,1	6354	6355
P43,2	6356	6357
P182,2	6358	6359
P193,1	6360	6361
P73,1	6362	6363
P198,2	6364	6365
P199,1	6366	6367
P175,2	6368	6369
P125,2	6370	6371
P180,2	6372	6373
P146,1	6374	6375
P190,2	6376	6377
P181,1	6378	6379
P152,1	6380	6381
P191,1	6382	6383
P43,2	6384	6385
P182,2	6386	6387
P193,1	6388	6389
P73,1	6390	6391
P198,2	6392	6393
P199,1	6394	6395
P175,2	6396	6397
P125,2	6398	6399
P180,2	6400	6401
P146,1	6402	6403
P190,2	6404	6405
P181,1	6406	6407
P152,1	6408	6409
P191,1	6410	6411
P43,2	6412	6413
P182,2	6414	6415
P193,1	6416	6417
P73,1	6418	6419
P198,2	6420	6421
P199,1	6422	6423
P175,2	6424	6425
P125,2	6426	6427
P180,2	6428	6429
P146,1	6430	6431
P190,2	6432	6433
P181,1	6434	6435
P152,1	6436	6437
P191,1	6438	6439
P43,2	6440	6441
P182,2	6442	6443
P193,1	6444	6445
P73,1	6446	6447
P198,2	6448	6449
P199,1	6450	6451
P175,2	6452	6453
P125,2	6454	6455
P180,2	6456	6457
P146,1	6458	6459
P190,2	6460	6461
P181,1	6462	6463
P152,1	6464	6465
P191,1	6466	6467
P43,2	6468	6469
P182,2	6470	6471
P193,1	6472	6473
P92,2	6474	6475
P69,2	6476	6477
P200,1	6478	6479
P137,1	6480	6481
P103,1	6482	6483
P185,2	6484	6485
P51,2	6486	6487
P143,2	6488	6489
P52,2	6490	6491
P24,2	6492	6493
P155,1	6494	6495
P183,1	6496	6497
P187,2	6498	6499
P162,2	6500	6501
P198,2	6502	6503
P199,1	6504	6505
P175,2	6506	6507
P125,2	6508	6509
P180,2	6510	6511
P146,1	6512	6513
P190,2	6514	6515
P181,1	6516	6517
P152,1	6518	6519
P191,1	6520	6521
P43,2	6522	6523
P182,2	6524	6525
P193,1	6526	6527
P92,2	6528	6529
P69,2	6530	6531
P200,1	6532	6533
P137,1	6534	6535
P103,1	6536	6537
P185,2	6538	6539
P51,2	6540	6541
P143,2	6542	6543
P52,2	6544	6545
P24,2	6546	6547
P155,1	6548	6549
P183,1	6550	6551
P187,2	6552	6553
P162,2	6554	6555
P198,2	6556	6557
P199,1	6558	6559
P175,2	6560	6561
P125,2	6562	6563
P180,2	6564	6565
P146,1	6566	6566
P190,2	6567	6568
P181,1	6569	6570
P152,1	6571	6572
P191,1	6573	6574
P43,2	6575	6576
P182,2	6577	6578
P193,1	6579	6580
P92,2	6581	6582
P69,2	6583	6584
P200,1	6585	6586
P137,1	6587	6588
P103,1	6589	6590
P185,2	6591	6592
P190,2	6593	6594
P181,1	6595	6596
P152,1	6597	6598
P191,1	6599	6600
P43,2	6601	6602
P182,2	6603	6604
P193,1	6605	6606
P92,2	6607	6608
P69,2	6609	6610
P200,1	6611	6612
P137,1	6613	6614
P103,1	6615	6616
P185,2	6617	6618
P190,2	6619	6620
P181,1	6621	6622
P152,1	6623	6624
P191,1	6625	6626
P43,2	6627	6628
P182,2	6629	6630
P193,1	6631	6632
P92,2	6633	6634
P69,2	6635	6636
P200,1	6637	6638
P137,1	6639	6640
P103,1	6641	6642
P185,2	6643	6644
P190,2	6645	6646
P52,2	6647	6648
P24,2	6649	6650
P155,1	6651	6652
P183,1	6653	6654
P187,2	6655	6656
P198,2	6657	6658
P199,1	6659	6660
P200,1	6661	6662
P137,1	6663	6664
P180,2	6665	6666
P51,2	6667	6668
P143,2	6669	6670
P52,2	6671	6672
P24,2	6673	6674
P155,1	6675	6676
P183,1	6677	6678
P187,2	6679	6680
P198,2	6681	6682
P199,1	6683	6684
P200,1	6685	6686
P137,1	6687	6688
P180,2	6689	6690
P51,2	6691	6692
P143,2	6693	6694
P52,2	6695	6696
P191,1	6697	6698
P43,2	6699	6700
P182,2	6701	6702
P92,2	6703	6704
P69,2	6705	6706
P193,2	6707	6708
P175,2	6709	6710
P125,2	6711	6712
P185,2	6713	6714
P190,2	6715	6716
P103,2	6717	6718
P24,2	6719	6720
P152,2	6721	6722
P43,2	6723	6724
P182,2	6725	6726
P92,2	6727	6728
P69,2	6729	6730
P193,2	6731	6732
P137,1	6733	6734
P180,2	6735	6736
P51,2	6737	6738
P143,2	6739	6740
P52,2	6741	6742
P191,1	6743	6744
P43,2	6745	6746
P182,2	6747	6748
P92,2	6749	6750
P69,2	6751	6752
P193,2	6753	6754
P137,2	6755	6756
P180,2	6757	6758
P185,2	6759	6760
P190,2	6761	6762
P103,2	6763	6764
P24,2	6765	6766
P152,2	6767	6768
P155,2	6769	6770
P187,2	6771	6772
P198,2	6773	6774
P199,1	6775	6776
P175,2	6777	6778
P125,2	6779	6780
P200,2	6781	6782
P51,2	6783	6784
P143,2	6785	6786
P52,2	6787	6788
P152,2	6789	6790
P155,2	6791	6792
P187,2	6793	6794
P92,2	6795	6796
P69,2	6797	6798
P175,2	6799	6800
P137,2	6801	6802
P180,2	6803	6804
P185,2	6805	6806
P190,2	6807	6808
P103,2	6809	6810
P24,2	6811	6812
P43,2	6813	6814
P182,2	6815	6816
P191,2	6817	6818
P198,2	6819	6820
P193,2	6821	6822
P199,2	6823	6824
P125,2	6825	6826
P200,2	6827	6828
P51,2	6829	6830
P143,2	6831	6832
P52,2	6833	6834
P152,2	6835	6836
P155,2	6837	6838
P187,2	6839	6840
P92,2	6841	6842
P69,2	6843	6844
P175,2	6845	6846
P137,2	6847	6848
P180,2	6849	6850
P185,2	6851	6852
P190,2	6853	6854
P103,2	6855	6856
P24,2	6857	6858
P43,2	6859	6860
P182,2	6861	6862
P92,2	6863	6864
P69,2	6865	6866
P175,2	6867	6868
P137,2	6869	6870
P180,2	6871	6872
P185,2	6873	6874
P190,2	6875	6875
P143,2	6876	6877
P52,2	6878	6879
P152,2	6880	6881
P155,2	6882	6883
P191,2	6884	6885
P198,2	6886	6887
P193,2	6888	6889
P199,2	6890	6891
P125,2	6892	6893
P200,2	6894	6895
P51,2	6896	6897
P103,2	6898	6899
P24,2	6900	6901
P43,2	6902	6903
P182,2	6904	6905
P92,2	6906	6907
P69,2	6908	6909
P175,2	6910	6911
P137,2	6912	6913
P180,2	6914	6915
P185,2	6916	6917
P143,2	6918	6919
P52,2	6920	6921
P152,2	6922	6923
P155,2	6924	6925
P191,2	6926	6927
P198,2	6928	6929
P193,2	6930	6931
P199,2	6932	6933
P125,2	6934	6935
P200,2	6936	6937
P51,2	6938	6939
P103,2	6940	6941
P24,2	6942	6943
P43,2	6944	6945
P182,2	6946	6947
P92,2	6948	6949
P69,2	6950	6951
P175,2	6952	6953
P137,2	6954	6955
P180,2	6956	6957
P185,2	6958	6959
P143,2	6960	6961
P52,2	6962	6963
P152,2	6964	6965
P155,2	6966	6967
P191,2	6968	6969
P198,2	6970	6971
P193,2	6972	6973
P199,2	6974	6975
P125,2	6976	6977
P200,2	6978	6979
P51,2	6980	6981
P103,2	6982	6983
P24,2	6984	6985
P43,2	6986	6987
P182,2	6988	6989
P92,2	6990	6991
P69,2	6992	6993
P175,2	6994	6995
P137,2	6996	6997
P180,2	6998	6999
P185,2	7000	7001
P143,2	7002	7003
P52,2	7004	7005
P152,2	7006	7007
P155,2	7008	7009
P191,2	7010	7011
P198,2	7012	7013
P193,2	7014	7015
P199,2	7016	7017
P125,2	7018	7019
P200,2	7020	7021
P51,2	7022	7023
P103,2	7024	7025
P24,2	7026	7027
P43,2	7028	7029
P182,2	7030	7031
P92,2	7032	7033
P69,2	7034	7035
P175,2	7036	7037
P137,2	7038	7039
P180,2	7040	7041
P51,2	7042	7043
P103,2	7044	7045
P152,2	7046	7047
P155,2	7048	7049
P191,2	7050	7051
P198,2	7052	7053
P193,2	7054	7055
P199,2	7056	7057
P125,2	7058	7059
P200,2	7060	7061
P143,2	7062	7063
P24,2	7064	7065
P43,2	7066	7067
P182,2	7068	7069
P92,2	7070	7071
P69,2	7072	7073
P175,2	7074	7075
P137,2	7076	7077
P180,2	7078	7079
P51,2	7080	7081
P103,2	7082	7083
P152,2	7084	7085
P155,2	7086	7087
P191,2	7088	7089
P198,2	7090	7091
P193,2	7092	7093
P199,2	7094	7095
P125,2	7096	7097
P200,2	7098	7099
P143,2	7100	7101
P24,2	7102	7103
P43,2	7104	7105
P182,2	7106	7107
P92,2	7108	7109
P69,2	7110	7111
P175,2	7112	7113
P137,2	7114	7115
P180,2	7116	7117
P51,2	7118	7119
P103,2	7120	7121
P152,2	7122	7123
P155,2	7124	7125
P191,2	7126	7127
P198,2	7128	7129
P193,2	7130	7131
P199,2	7132	7133
P125,2	7134	7135
P200,2	7136	7137
P143,2	7138	7139
P24,2	7140	7141
P43,2	7142	7143
P182,2	7144	7145
P92,2	7146	7147
P69,2	7148	7149
P175,2	7150	7151
P137,2	7152	7153
P180,2	7154	7155
P51,2	7156	7157
P103,2	7158	7159
P152,2	7160	7161
P155,2	7162	7163
P191,2	7164	7165
P198,2	7166	7167
P193,2	7168	7169
P199,2	7170	7171
P125,2	7172	7173
P200,2	7174	7175
P103,2	7176	7177
P152,2	7178	7179
P155,2	7180	7181
P191,2	7182	7183
P198,2	7184	7185
P193,2	7186	7187
P199,2	7188	7189
P125,2	7190	7191
P200,2	7192	7193
P103,2	7194	7195
P152,2	7196	7197
P155,2	7198	7199
P191,2	7200	7201
P198,2	7202	7203
P193,2	7204	7205
P199,2	7206	7207
P125,2	7208	7209
P200,2	7210	7211
P103,2	7212	7213
P152,2	7214	7215
P155,2	7216	7217
P191,2	7218	7219
P198,2	7220	7221
P193,2	7222	7223
P199,2	7224	7225
P125,2	7226	7227
P200,2	7228	7229
P103,2	7230	7231
P152,2	7232	7233
P155,2	7234	7235
P191,2	7236	7237
P198,2	7238	7239
P193,2	7240	7241
P199,2	7242	7243
P125,2	7244	7245
P200,2	7246	7247
P103,2	7248	7249
P152,2	7250	7251
P155,2	7252	7253
P191,2	7254	7255
P198,2	7256	7257
P193,2	7258	7259
P199,2	7260	7261
P125,2	7262	7263
P200,2	7264	7265
P103,2	7266	7267
P152,2	7268	7269
P155,2	7270	7271
P191,2	7272	7273
P198,2	7274	7275
P193,2	7276	7277
P199,2	7278	7279
P125,2	7280	7281
P200,2	7282	7283
P103,2	7284	7285
P152,2	7286	7287
P155,2	7288	7289
P191,2	7290	7291
P198,2	7292	7293
P193,2	7294	7295
P199,2	7296	7297
P125,2	7298	7299
P200,2	7300	7301
P103,2	7302	7303
P152,2	7304	7305
P155,2	7306	7307
P191,2	7308	7309
P198,2	7310	7311
P193,2	7312	7312
P137,2	7313	7314
P180,2	7315	7316
P143,2	7317	7318
P24,2	7319	7320
P43,2	7321	7322
P182,2	7323	7324
P92,2	7325	7326
P69,2	7327	7328
P137,2	7329	7330
P180,2	7331	7332
P143,2	7333	7334
P24,2	7335	7336
P43,2	7337	7338
P182,2	7339	7340
P92,2	7341	7342
P69,2	7343	7344
P137,2	7345	7346
P180,2	7347	7348
P143,2	7349	7350
P24,2	7351	7352
P43,2	7353	7354
P182,2	7355	7356
P92,2	7357	7358
P69,2	7359	7360
P137,2	7361	7362
P180,2	7363	7364
P143,2	7365	7366
P24,2	7367	7368
P43,2	7369	7370
P182,2	7371	7372
P92,2	7373	7374
P69,2	7375	7376
P137,2	7377	7378
P180,2	7379	7380
P143,2	7381	7382
P24,2	7383	7384
P155,2	7385	7386
P191,2	7387	7388
P198,2	7389	7390
P199,2	7391	7392
P125,2	7393	7394
P200,2	7395	7396
P103,2	7397	7398
P43,2	7399	7400
P182,2	7401	7402
P92,2	7403	7404
P69,2	7405	7406
P137,2	7407	7408
P180,2	7409	7410
P143,2	7411	7412
P24,2	7413	7414
P155,2	7415	7416
P191,2	7417	7418
P69,2	7419	7420
P137,2	7421	7422
P180,2	7423	7424
P103,2	7425	7426
P43,2	7427	7428
P182,2	7429	7430
P92,2	7431	7431
P199,2	7432	7433
P125,2	7434	7435
P200,2	7436	7437
P24,2	7438	7439
P155,2	7440	7441
P191,2	7442	7443
P199,2	7444	7445
P125,2	7446	7447
P200,2	7448	7449
P24,2	7450	7451
P155,2	7452	7453
P191,2	7454	7455
P199,2	7456	7457
P125,2	7458	7459
P200,2	7460	7461
P24,2	7462	7463
P155,2	7464	7465
P191,2	7466	7467
P199,2	7468	7469
P125,2	7470	7471
P200,2	7472	7473
P24,2	7474	7475
P155,2	7476	7477
P191,2	7478	7479
P199,2	7480	7481
P125,2	7482	7483
P200,2	7484	7485
P24,2	7486	7487
P155,2	7488	7489
P69,2	7490	7491
P137,2	7492	7493
P180,2	7494	7495
P103,2	7496	7497
P155,2	7498	7499
P69,2	7500	7501
P137,2	7502	7503
P180,2	7504	7505
P103,2	7506	7507
P155,2	7508	7509
P69,2	7510	7511
P137,2	7512	7513
P180,2	7514	7515
P103,2	7516	7517
P155,2	7518	7519
P69,2	7520	7521
P137,2	7522	7523
P180,2	7524	7525
P103,2	7526	7527
P155,2	7528	7529
P69,2	7530	7531
P137,2	7532	7533
P200,2	7534	7535
P24,2	7536	7537
P191,2	7538	7539
P199,2	7540	7541
P125,2	7542	7543
P103,2	7544	7545
P155,2	7546	7547
P69,2	7548	7549
P137,2	7550	7551
P200,2	7552	7553
P24,2	7554	7555
P191,2	7556	7557
P199,2	7558	7559
P125,2	7560	7561
P103,2	7562	7563
P155,2	7564	7565
P69,2	7566	7567
P137,2	7568	7569
P200,2	7570	7571
P24,2	7572	7573
P191,2	7574	7575
P199,2	7576	7577
P125,2	7578	7579
P103,2	7580	7581
P155,2	7582	7583
P69,2	7584	7585
P137,2	7586	7587
P200,2	7588	7589
P24,2	7590	7591
P191,2	7592	7593
P199,2	7594	7595
P200,2	7596	7597
P24,2	7598	7599
P191,2	7600	7601
P199,2	7602	7603
P200,2	7604	7605
P155,2	7606	7607
P69,2	7608	7609
P125,2	7610	7611
P24,2	7612	7613
P191,2	7614	7615
P199,2	7616	7617
P200,2	7618	7619
P155,2	7620	7621
P199,2	7622	7623
P24,2	7624	7625
P191,2	7626	7627
P155,2	7628	7629
P199,2	7630	7631
P191,2	7632	7633
P155,2	7634	7635
P199,2	7636	7637
P191,2	7638	7639
P155,2	7640	7641
P199,2	7642	7643
P191,2	7644	7645
P155,2	7646	7647
P199,2	7648	7649
P191,2	7650	7651
P155,2	7652	7653
P199,2	7654	7655
P191,2	7656	7657
P155,2	7658	7687
