CPU0
P1,1	2	3
P2,1	4	4
P1,1	5	8
P3,1	9	10
P1,1	11	12
P3,1	13	14
P4,1	15	15
P1,1	16	17
P3,1	18	19
P5,1	20	21
P1,1	22	23
P3,1	24	25
P5,1	26	27
P6,1	28	29
P7,1	30	31
P1,1	32	33
P3,1	34	35
P8,1	36	37
P2,2	38	39
P9,1	40	41
P7,1	42	42
P1,1	43	44
P3,1	45	46
P8,1	47	48
P10,1	49	50
P9,1	51	52
P4,2	53	54
P1,1	55	56
P3,1	57	58
P11,1	59	60
P5,2	61	62
P12,1	63	64
P9,1	65	66
P4,2	67	68
P1,1	69	70
P3,1	71	72
P7,2	73	73
P11,1	74	75
P13,1	76	77
P5,2	78	79
P14,1	80	81
P12,1	82	82
P15,1	83	84
P2,3	85	85
P16,1	86	87
P6,2	88	88
P4,2	89	89
P1,1	90	91
P17,1	92	93
P3,1	94	95
P11,1	96	96
P13,1	97	98
P18,1	99	100
P19,1	101	102
P20,1	103	104
P14,1	105	105
P15,1	106	107
P21,1	108	109
P8,2	110	110
P10,2	111	112
P16,1	113	114
P7,3	115	115
P9,2	116	117
P22,1	118	119
P1,1	120	121
P3,1	122	123
P12,2	124	125
P5,3	126	127
P23,1	128	129
P24,1	130	131
P18,1	132	132
P19,1	133	134
P6,3	135	136
P20,1	137	138
P15,1	139	140
P21,1	141	142
P25,1	143	144
P10,2	145	145
P26,1	146	146
P27,1	147	148
P16,1	149	150
P9,2	151	151
P17,2	152	153
P22,1	154	154
P28,1	155	156
P4,3	157	158
P2,4	159	160
P1,1	161	162
P3,1	163	164
P12,2	165	165
P14,2	166	167
P29,1	168	169
P5,3	170	171
P23,1	172	173
P24,1	174	175
P30,1	176	176
P13,2	177	177
P11,2	178	179
P6,3	180	181
P20,1	182	182
P15,1	183	184
P31,1	185	186
P32,1	187	188
P21,1	189	189
P8,3	190	191
P33,1	192	193
P25,1	194	195
P7,4	196	197
P27,1	198	199
P34,1	200	201
P18,2	202	203
P28,1	204	205
P4,3	206	206
P35,1	207	208
P2,4	209	210
P1,1	211	212
P3,1	213	214
P36,1	215	216
P26,2	217	218
P16,2	219	220
P14,2	221	222
P29,1	223	224
P37,1	225	226
P19,2	227	227
P38,1	228	229
P5,3	230	231
P10,3	232	233
P24,1	234	235
P39,1	236	237
P40,1	238	239
P11,2	240	240
P17,3	241	242
P6,3	243	243
P41,1	244	245
P15,1	246	247
P31,1	248	248
P32,1	249	250
P9,3	251	252
P8,3	253	254
P42,1	255	256
P22,2	257	258
P43,1	259	260
P33,1	261	262
P12,3	263	264
P7,4	265	266
P44,1	267	267
P45,1	268	269
P27,1	270	271
P20,2	272	273
P46,1	274	274
P28,1	275	276
P47,1	277	278
P35,1	279	280
P2,4	281	281
P23,2	282	283
P48,1	284	285
P30,2	286	287
P1,1	288	289
P21,2	290	291
P13,3	292	293
P3,1	294	295
P49,1	296	297
P36,1	298	299
P50,1	300	301
P25,2	302	303
P26,2	304	305
P16,2	306	307
P14,2	308	308
P51,1	309	310
P52,1	311	312
P4,4	313	314
P37,1	315	316
P53,1	317	318
P38,1	319	320
P54,1	321	322
P34,2	323	324
P10,3	325	326
P24,1	327	328
P39,1	329	330
P55,1	331	332
P56,1	333	333
P57,1	334	335
P18,3	336	337
P17,3	338	339
P19,3	340	340
P58,1	341	342
P59,1	343	344
P41,1	345	346
P15,1	347	348
P60,1	349	350
P32,1	351	352
P61,1	353	353
P29,2	354	355
P9,3	356	357
P5,4	358	359
P42,1	360	361
P22,2	362	363
P62,1	364	365
P43,1	366	367
P33,1	368	369
P12,3	370	371
P63,1	372	373
P64,1	374	375
P45,1	376	377
P40,2	378	379
P27,1	380	381
P65,1	382	383
P11,3	384	385
P8,4	386	387
P66,1	388	389
P20,2	390	390
P67,1	391	391
P6,4	392	393
P68,1	394	395
P69,1	396	397
P47,1	398	399
P70,1	400	401
P35,1	402	402
P71,1	403	404
P23,2	405	406
P48,1	407	408
P31,2	409	410
P30,2	411	412
P72,1	413	414
P1,1	415	416
P7,5	417	418
P73,1	419	420
P74,1	421	422
P13,3	423	423
P28,2	424	425
P3,1	426	427
P75,1	428	428
P76,1	429	430
P49,1	431	432
P77,1	433	433
P50,1	434	435
P44,2	436	437
P25,2	438	438
P78,1	439	440
P46,2	441	441
P2,5	442	443
P51,1	444	445
P52,1	446	447
P4,4	448	448
P79,1	449	449
P36,2	450	450
P53,1	451	452
P26,3	453	454
P38,1	455	456
P80,1	457	458
P21,3	459	459
P54,1	460	461
P81,1	462	463
P14,3	464	465
P34,2	466	467
P10,3	468	469
P24,1	470	471
P82,1	472	473
P39,1	474	475
P83,1	476	477
P55,1	478	479
P84,1	480	481
P57,1	482	482
P18,3	483	483
P85,1	484	485
P17,3	486	486
P16,3	487	488
P58,1	489	489
P59,1	490	490
P15,1	491	492
P86,1	493	494
P56,2	495	496
P60,1	497	498
P32,1	499	500
P37,2	501	502
P29,2	503	504
P87,1	505	505
P9,3	506	506
P5,4	507	508
P88,1	509	509
P22,2	510	510
P62,1	511	512
P43,1	513	514
P89,1	515	516
P33,1	517	518
P19,4	519	520
P12,3	521	521
P90,1	522	523
P63,1	524	525
P91,1	526	527
P92,1	528	529
P41,2	530	531
P64,1	532	533
P45,1	534	535
P93,1	536	537
P94,1	538	539
P40,2	540	540
P27,1	541	542
P61,2	543	544
P65,1	545	545
P11,3	546	547
P95,1	548	549
P8,4	550	551
P42,2	552	553
P66,1	554	555
P6,4	556	556
P96,1	557	558
P68,1	559	560
P69,1	561	562
P47,1	563	563
P70,1	564	564
P97,1	565	566
P71,1	567	568
P23,2	569	570
P48,1	571	572
P30,2	573	574
P98,1	575	576
P72,1	577	578
P1,1	579	580
P7,5	581	582
P20,3	583	583
P73,1	584	585
P99,1	586	587
P67,2	588	588
P74,1	589	589
P100,1	590	591
P28,2	592	592
P101,1	593	593
P3,1	594	595
P102,1	596	597
P35,2	598	599
P76,1	600	600
P49,1	601	602
P103,1	603	604
P50,1	605	606
P44,2	607	608
P104,1	609	610
P105,1	611	612
P13,4	613	614
P78,1	615	615
P2,5	616	617
P106,1	618	619
P51,1	620	621
P52,1	622	623
P31,3	624	624
P77,2	625	625
P107,1	626	627
P75,2	628	628
P26,3	629	630
P38,1	631	632
P80,1	633	634
P46,3	635	636
P54,1	637	637
P108,1	638	639
P81,1	640	641
P109,1	642	643
P14,3	644	645
P110,1	646	646
P24,1	647	648
P82,1	649	649
P36,3	650	651
P111,1	652	653
P83,1	654	655
P25,3	656	657
P53,2	658	659
P55,1	660	661
P112,1	662	662
P84,1	663	663
P21,4	664	665
P4,5	666	667
P85,1	668	669
P113,1	670	670
P114,1	671	672
P79,2	673	674
P16,3	675	676
P115,1	677	678
P15,1	679	680
P86,1	681	682
P116,1	683	684
P39,2	685	686
P56,2	687	688
P117,1	689	690
P60,1	691	691
P118,1	692	693
P34,3	694	695
P32,1	696	697
P37,2	698	699
P18,4	700	701
P58,2	702	703
P29,2	704	705
P10,4	706	707
P119,1	708	709
P57,2	710	711
P62,1	712	712
P43,1	713	714
P89,1	715	715
P120,1	716	717
P17,4	718	719
P33,1	720	721
P19,4	722	723
P121,1	724	725
P59,2	726	727
P90,1	728	728
P87,2	729	730
P63,1	731	732
P91,1	733	734
P92,1	735	736
P41,2	737	737
P122,1	738	739
P64,1	740	740
P88,2	741	742
P22,3	743	744
P123,1	745	746
P94,1	747	747
P9,4	748	749
P27,1	750	751
P61,2	752	753
P5,5	754	755
P11,3	756	757
P124,1	758	759
P125,1	760	761
P12,4	762	763
P126,1	764	765
P8,4	766	766
P42,2	767	768
P127,1	769	770
P66,1	771	771
P96,1	772	773
P128,1	774	775
P69,1	776	777
P65,2	778	779
P40,3	780	781
P45,2	782	782
P71,1	783	783
P129,1	784	785
P130,1	786	787
P93,2	788	789
P131,1	790	791
P132,1	792	793
P6,5	794	795
P98,1	796	796
P133,1	797	798
P95,2	799	800
P68,2	801	802
P72,1	803	803
P134,1	804	804
P1,1	805	806
P135,1	807	808
P7,5	809	809
P47,2	810	811
P136,1	812	813
P137,1	814	815
P73,1	816	817
P70,2	818	819
P99,1	820	821
P138,1	822	823
P139,1	824	825
P23,3	826	827
P100,1	828	829
P97,2	830	831
P140,1	832	833
P3,1	834	835
P102,1	836	837
P35,2	838	839
P141,1	840	840
P30,3	841	842
P74,2	843	843
P103,1	844	845
P44,2	846	847
P104,1	848	849
P142,1	850	851
P143,1	852	853
P48,2	854	855
P20,4	856	857
P105,1	858	859
P28,3	860	861
P13,4	862	863
P144,1	864	865
P2,5	866	866
P106,1	867	868
P51,1	869	870
P145,1	871	872
P146,1	873	874
P52,1	875	876
P107,1	877	878
P147,1	879	880
P67,3	881	881
P76,2	882	883
P50,2	884	885
P38,1	886	887
P101,2	888	888
P148,1	889	889
P80,1	890	890
P108,1	891	892
P149,1	893	894
P81,1	895	896
P49,2	897	897
P109,1	898	898
P150,1	899	899
P24,1	900	901
P36,3	902	903
P151,1	904	904
P78,2	905	906
P83,1	907	908
P46,4	909	910
P25,3	911	911
P31,4	912	913
P53,2	914	915
P152,1	916	917
P54,2	918	919
P153,1	920	920
P75,3	921	922
P154,1	923	924
P77,3	925	926
P155,1	927	928
P26,4	929	930
P4,5	931	932
P156,1	933	934
P82,2	935	936
P114,1	937	938
P79,2	939	940
P111,2	941	942
P157,1	943	944
P110,2	945	946
P115,1	947	948
P15,1	949	950
P86,1	951	951
P55,2	952	953
P116,1	954	955
P14,4	956	957
P21,5	958	958
P158,1	959	960
P39,2	961	961
P84,2	962	963
P117,1	964	964
P159,1	965	966
P85,2	967	968
P160,1	969	969
P118,1	970	971
P161,1	972	972
P34,3	973	974
P32,1	975	976
P112,2	977	978
P113,2	979	980
P37,2	981	981
P18,4	982	983
P162,1	984	985
P58,2	986	987
P16,4	988	989
P163,1	990	991
P56,3	992	993
P60,2	994	995
P119,1	996	997
P164,1	998	999
P57,2	1000	1000
P43,1	1001	1002
P120,1	1003	1003
P165,1	1004	1004
P17,4	1005	1005
P33,1	1006	1007
P19,4	1008	1008
P59,2	1009	1010
P166,1	1011	1012
P87,2	1013	1013
P62,2	1014	1015
P63,1	1016	1017
P91,1	1018	1019
P167,1	1020	1021
P92,1	1022	1023
P29,3	1024	1025
P122,1	1026	1027
P168,1	1028	1029
P169,1	1030	1031
P170,1	1032	1032
P10,5	1033	1034
P121,2	1035	1036
P22,3	1037	1037
P89,2	1038	1039
P123,1	1040	1041
P171,1	1042	1043
P27,1	1044	1045
P172,1	1046	1047
P61,2	1048	1048
P5,5	1049	1049
P88,3	1050	1051
P124,1	1052	1053
P173,1	1054	1055
P125,1	1056	1057
P12,4	1058	1058
P174,1	1059	1060
P90,2	1061	1061
P42,2	1062	1062
P127,1	1063	1064
P175,1	1065	1066
P176,1	1067	1068
P96,1	1069	1070
P41,3	1071	1072
P128,1	1073	1074
P64,2	1075	1076
P69,1	1077	1078
P94,2	1079	1080
P11,4	1081	1082
P65,2	1083	1083
P40,3	1084	1085
P177,1	1086	1087
P9,5	1088	1088
P8,5	1089	1090
P178,1	1091	1092
P93,2	1093	1094
P179,1	1095	1096
P180,1	1097	1098
P132,1	1099	1100
P126,2	1101	1102
P133,1	1103	1104
P95,2	1105	1106
P66,2	1107	1108
P68,2	1109	1110
P129,2	1111	1112
P1,1	1113	1114
P45,3	1115	1116
P135,1	1117	1118
P47,2	1119	1119
P131,2	1120	1121
P136,1	1122	1123
P137,1	1124	1125
P73,1	1126	1127
P71,2	1128	1129
P98,2	1130	1131
P99,1	1132	1133
P130,2	1134	1135
P6,6	1136	1137
P138,1	1138	1139
P139,1	1140	1140
P23,3	1141	1142
P100,1	1143	1143
P140,1	1144	1145
P72,2	1146	1146
P3,1	1147	1148
P102,1	1149	1150
P35,2	1151	1152
P134,2	1153	1154
P7,6	1155	1156
P70,3	1157	1158
P103,1	1159	1160
P181,1	1161	1162
P104,1	1163	1164
P142,1	1165	1166
P143,1	1167	1168
P105,1	1169	1170
P13,4	1171	1172
P144,1	1173	1174
P97,3	1175	1175
P51,1	1176	1177
P145,1	1178	1179
P141,2	1180	1180
P146,1	1181	1182
P28,4	1183	1183
P52,1	1184	1185
P20,5	1186	1187
P182,1	1188	1189
P44,3	1190	1191
P107,1	1192	1192
P147,1	1193	1194
P30,4	1195	1196
P2,6	1197	1198
P74,3	1199	1200
P76,2	1201	1202
P50,2	1203	1204
P183,1	1205	1206
P38,1	1207	1208
P48,3	1209	1210
P108,1	1211	1211
P149,1	1212	1213
P81,1	1214	1215
P24,1	1216	1217
P184,1	1218	1219
P106,2	1220	1221
P83,1	1222	1223
P148,2	1224	1225
P46,4	1226	1226
P80,2	1227	1228
P31,4	1229	1230
P67,4	1231	1232
P53,2	1233	1234
P150,2	1235	1236
P152,1	1237	1238
P49,3	1239	1240
P54,2	1241	1242
P101,3	1243	1244
P75,3	1245	1245
P109,2	1246	1247
P154,1	1248	1248
P77,3	1249	1250
P155,1	1251	1252
P26,4	1253	1253
P25,4	1254	1255
P156,1	1256	1257
P36,4	1258	1258
P78,3	1259	1260
P82,2	1261	1262
P151,2	1263	1264
P114,1	1265	1266
P79,2	1267	1268
P157,1	1269	1270
P110,2	1271	1271
P115,1	1272	1273
P15,1	1274	1275
P55,2	1276	1277
P116,1	1278	1279
P153,2	1280	1280
P14,4	1281	1281
P4,6	1282	1283
P111,3	1284	1285
P84,2	1286	1287
P185,1	1288	1289
P85,2	1290	1291
P86,2	1292	1293
P32,1	1294	1295
P112,2	1296	1296
P113,2	1297	1298
P18,4	1299	1299
P39,3	1300	1301
P162,1	1302	1303
P58,2	1304	1305
P16,4	1306	1307
P163,1	1308	1309
P159,2	1310	1311
P56,3	1312	1312
P34,4	1313	1313
P60,2	1314	1315
P161,2	1316	1317
P158,2	1318	1319
P164,1	1320	1321
P160,2	1322	1323
P43,1	1324	1325
P117,2	1326	1327
P118,2	1328	1329
P33,1	1330	1331
P166,1	1332	1333
P37,3	1334	1335
P119,2	1336	1337
P62,2	1338	1339
P57,3	1340	1341
P63,1	1342	1343
P186,1	1344	1345
P165,2	1346	1347
P167,1	1348	1348
P92,1	1349	1350
P29,3	1351	1351
P122,1	1352	1353
P19,5	1354	1355
P168,1	1356	1357
P59,3	1358	1359
P17,5	1360	1361
P187,1	1362	1363
P10,5	1364	1365
P121,2	1366	1367
P120,2	1368	1369
P89,2	1370	1371
P123,1	1372	1372
P91,2	1373	1374
P27,1	1375	1376
P172,1	1377	1378
P169,2	1379	1380
P88,3	1381	1382
P87,3	1383	1384
P22,4	1385	1386
P124,1	1387	1387
P173,1	1388	1389
P188,1	1390	1391
P125,1	1392	1393
P174,1	1394	1395
P171,2	1396	1396
P175,1	1397	1398
P176,1	1399	1400
P170,2	1401	1402
P41,3	1403	1404
P128,1	1405	1405
P64,2	1406	1407
P61,3	1408	1409
P69,1	1410	1411
P94,2	1412	1413
P5,6	1414	1415
P11,4	1416	1416
P12,5	1417	1418
P42,3	1419	1420
P177,1	1421	1422
P8,5	1423	1424
P90,3	1425	1426
P178,1	1427	1428
P127,2	1429	1430
P179,1	1431	1432
P96,2	1433	1434
P180,1	1435	1436
P132,1	1437	1437
P189,1	1438	1439
P95,2	1440	1440
P66,2	1441	1442
P9,6	1443	1444
P65,3	1445	1446
P129,2	1447	1448
P1,1	1449	1450
P45,3	1451	1452
P40,4	1453	1454
P93,3	1455	1456
P126,3	1457	1458
P131,2	1459	1460
P136,1	1461	1462
P137,1	1463	1464
P68,3	1465	1466
P190,1	1467	1468
P73,1	1469	1470
P133,2	1471	1471
P71,2	1472	1473
P130,2	1474	1475
P6,6	1476	1476
P47,3	1477	1477
P138,1	1478	1478
P23,3	1479	1480
P135,2	1481	1482
P140,1	1483	1483
P98,3	1484	1485
P3,1	1486	1487
P134,2	1488	1489
P100,2	1490	1491
P70,3	1492	1493
P103,1	1494	1495
P181,1	1496	1497
P142,1	1498	1499
P139,2	1500	1501
P143,1	1502	1503
P105,1	1504	1505
P99,2	1506	1507
P7,7	1508	1509
P51,1	1510	1511
P104,2	1512	1512
P145,1	1513	1513
P191,1	1514	1515
P72,3	1516	1517
P146,1	1518	1519
P192,1	1520	1521
P35,3	1522	1523
P52,1	1524	1525
P20,5	1526	1526
P182,1	1527	1528
P102,2	1529	1530
P44,3	1531	1532
P97,4	1533	1533
P147,1	1534	1534
P30,4	1535	1535
P144,2	1536	1537
P2,6	1538	1539
P141,3	1540	1540
P74,3	1541	1542
P13,5	1543	1544
P183,1	1545	1546
P38,1	1547	1548
P28,5	1549	1550
P48,3	1551	1552
P149,1	1553	1553
P81,1	1554	1555
P24,1	1556	1557
P184,1	1558	1559
P193,1	1560	1561
P106,2	1562	1563
P83,1	1564	1565
P148,2	1566	1567
P31,4	1568	1569
P107,2	1570	1571
P76,3	1572	1573
P50,3	1574	1575
P67,4	1576	1576
P150,2	1577	1577
P108,2	1578	1579
P152,1	1580	1581
P49,3	1582	1583
P54,2	1584	1584
P194,1	1585	1586
P80,3	1587	1588
P77,3	1589	1590
P155,1	1591	1592
P25,4	1593	1594
P53,3	1595	1596
P101,4	1597	1598
P78,3	1599	1600
P46,5	1601	1602
P154,2	1603	1604
P151,2	1605	1606
P75,4	1607	1608
P157,1	1609	1609
P115,1	1610	1611
P36,5	1612	1612
P15,1	1613	1614
P156,2	1615	1616
P55,2	1617	1617
P4,6	1618	1619
P195,1	1620	1621
P109,3	1622	1623
P111,3	1624	1625
P26,5	1626	1627
P84,2	1628	1629
P185,1	1630	1631
P85,2	1632	1632
P79,3	1633	1634
P86,2	1635	1636
P32,1	1637	1638
P82,3	1639	1640
P113,2	1641	1641
P114,2	1642	1643
P162,1	1644	1645
P153,3	1646	1647
P14,5	1648	1649
P16,4	1650	1651
P110,3	1652	1653
P159,2	1654	1655
P18,5	1656	1657
P116,2	1658	1659
P60,2	1660	1661
P161,2	1662	1663
P158,2	1664	1665
P160,2	1666	1667
P58,3	1668	1669
P43,1	1670	1671
P117,2	1672	1673
P33,1	1674	1675
P112,3	1676	1677
P166,1	1678	1678
P37,3	1679	1679
P39,4	1680	1681
P164,2	1682	1683
P119,2	1684	1685
P62,2	1686	1686
P196,1	1687	1688
P163,2	1689	1689
P57,3	1690	1691
P34,5	1692	1693
P63,1	1694	1695
P118,3	1696	1697
P56,4	1698	1699
P186,1	1700	1701
P165,2	1702	1702
P92,1	1703	1704
P197,1	1705	1706
P19,5	1707	1708
P168,1	1709	1710
P59,3	1711	1712
P17,5	1713	1714
P187,1	1715	1716
P167,2	1717	1718
P120,2	1719	1720
P89,2	1721	1721
P91,2	1722	1723
P29,4	1724	1725
P27,1	1726	1727
P172,1	1728	1729
P122,2	1730	1731
P169,2	1732	1732
P88,3	1733	1734
P22,4	1735	1736
P198,1	1737	1738
P173,1	1739	1740
P10,6	1741	1742
P188,1	1743	1744
P121,3	1745	1746
P125,1	1747	1748
P174,1	1749	1750
P175,1	1751	1752
P87,4	1753	1754
P176,1	1755	1756
P41,3	1757	1757
P123,2	1758	1758
P61,3	1759	1760
P69,1	1761	1762
P94,2	1763	1764
P171,3	1765	1766
P199,1	1767	1768
P124,2	1769	1770
P12,5	1771	1771
P42,3	1772	1773
P177,1	1774	1774
P128,2	1775	1776
P8,5	1777	1777
P90,3	1778	1779
P178,1	1780	1781
P64,3	1782	1783
P179,1	1784	1785
P170,3	1786	1787
P96,2	1788	1788
P200,1	1789	1790
P180,1	1791	1792
P189,1	1793	1794
P9,6	1795	1796
P11,5	1797	1798
P129,2	1799	1800
P1,1	1801	1802
P45,3	1803	1803
P40,4	1804	1805
P95,3	1806	1807
P93,3	1808	1808
P127,3	1809	1810
P126,3	1811	1812
P131,2	1813	1813
P66,3	1814	1815
P137,1	1816	1817
P132,2	1818	1819
P68,3	1820	1821
P190,1	1822	1823
P73,1	1824	1825
P71,2	1826	1827
P130,2	1828	1828
P136,2	1829	1830
P135,2	1831	1832
P65,4	1833	1833
P98,3	1834	1835
P3,1	1836	1837
P100,2	1838	1839
P70,3	1840	1841
P103,1	1842	1843
P181,1	1844	1845
P47,4	1846	1847
P23,4	1848	1849
P139,2	1850	1851
P140,2	1852	1853
P143,1	1854	1855
P133,3	1856	1857
P105,1	1858	1859
P99,2	1860	1861
P6,7	1862	1863
P7,7	1864	1865
P51,1	1866	1867
P191,1	1868	1869
P138,2	1870	1871
P134,3	1872	1873
P72,3	1874	1875
P146,1	1876	1877
P192,1	1878	1879
P142,2	1880	1881
P35,3	1882	1883
P52,1	1884	1885
P182,1	1886	1887
P102,2	1888	1889
P44,3	1890	1890
P144,2	1891	1892
P145,2	1893	1894
P74,3	1895	1895
P13,5	1896	1897
P183,1	1898	1899
P38,1	1900	1901
P104,3	1902	1903
P48,3	1904	1904
P20,6	1905	1906
P81,1	1907	1908
P24,1	1909	1910
P184,1	1911	1912
P141,4	1913	1914
P193,1	1915	1916
P106,2	1917	1918
P97,5	1919	1920
P83,1	1921	1922
P148,2	1923	1924
P30,5	1925	1926
P107,2	1927	1927
P76,3	1928	1929
P147,2	1930	1931
P2,7	1932	1932
P149,2	1933	1934
P50,3	1935	1936
P108,2	1937	1937
P152,1	1938	1939
P49,3	1940	1941
P194,1	1942	1943
P80,3	1944	1945
P28,6	1946	1947
P155,1	1948	1949
P53,3	1950	1951
P101,4	1952	1953
P46,5	1954	1955
P154,2	1956	1957
P150,3	1958	1959
P151,2	1960	1960
P31,5	1961	1962
P75,4	1963	1964
P77,4	1965	1966
P115,1	1967	1968
P54,3	1969	1970
P67,5	1971	1972
P15,1	1973	1974
P156,2	1975	1975
P4,6	1976	1976
P25,5	1977	1977
P195,1	1978	1979
P109,3	1980	1980
P157,2	1981	1981
P111,3	1982	1983
P36,6	1984	1985
P26,5	1986	1987
P78,4	1988	1988
P185,1	1989	1990
P79,3	1991	1992
P86,2	1993	1993
P32,1	1994	1995
P82,3	1996	1997
P114,2	1998	1999
P55,3	2000	2001
P162,1	2002	2003
P153,3	2004	2004
P14,5	2005	2006
P110,3	2007	2008
P159,2	2009	2009
P18,5	2010	2011
P113,3	2012	2013
P116,2	2014	2014
P161,2	2015	2016
P158,2	2017	2018
P85,3	2019	2020
P84,3	2021	2022
P43,1	2023	2024
P33,1	2025	2026
P60,3	2027	2028
P112,3	2029	2030
P39,4	2031	2032
P119,2	2033	2033
P16,5	2034	2035
P196,1	2036	2037
P117,3	2038	2039
P57,3	2040	2041
P63,1	2042	2043
P118,3	2044	2045
P37,4	2046	2047
P56,4	2048	2049
P186,1	2050	2051
P164,3	2052	2053
P160,3	2054	2055
P58,4	2056	2057
P92,1	2058	2059
P197,1	2060	2061
P163,3	2062	2062
P19,5	2063	2064
P34,6	2065	2066
P168,1	2067	2068
P59,3	2069	2069
P166,2	2070	2071
P187,1	2072	2073
P167,2	2074	2075
P62,3	2076	2076
P29,4	2077	2078
P27,1	2079	2080
P165,3	2081	2082
P122,2	2083	2084
P17,6	2085	2086
P198,1	2087	2088
P10,6	2089	2089
P188,1	2090	2091
P91,3	2092	2093
P121,3	2094	2095
P89,3	2096	2097
P125,1	2098	2099
P120,3	2100	2101
P172,2	2102	2103
P175,1	2104	2105
P87,4	2106	2107
P61,3	2108	2109
P169,3	2110	2111
P69,1	2112	2113
P22,5	2114	2115
P171,3	2116	2117
P88,4	2118	2119
P173,2	2120	2121
P199,1	2122	2123
P124,2	2124	2125
P42,3	2126	2127
P128,2	2128	2128
P176,2	2129	2130
P90,3	2131	2131
P174,2	2132	2133
P64,3	2134	2135
P41,4	2136	2136
P123,3	2137	2138
P170,3	2139	2140
P94,3	2141	2142
P200,1	2143	2144
P180,1	2145	2146
P189,1	2147	2148
P9,6	2149	2150
P177,2	2151	2152
P11,5	2153	2154
P12,6	2155	2156
P1,1	2157	2158
P179,2	2159	2160
P40,4	2161	2161
P178,2	2162	2163
P95,3	2164	2165
P127,3	2166	2167
P126,3	2168	2168
P8,6	2169	2169
P66,3	2170	2170
P137,1	2171	2172
P132,2	2173	2174
P96,3	2175	2176
P68,3	2177	2177
P190,1	2178	2179
P73,1	2180	2181
P93,4	2182	2183
P136,2	2184	2185
P135,2	2186	2187
P45,4	2188	2189
P98,3	2190	2191
P129,3	2192	2192
P3,1	2193	2194
P103,1	2195	2196
P131,3	2197	2198
P181,1	2199	2200
P71,3	2201	2202
P47,4	2203	2204
P23,4	2205	2205
P140,2	2206	2207
P143,1	2208	2209
P133,3	2210	2211
P105,1	2212	2213
P99,2	2214	2214
P6,7	2215	2216
P65,5	2217	2218
P130,3	2219	2220
P7,7	2221	2221
P51,1	2222	2223
P191,1	2224	2225
P138,2	2226	2227
P134,3	2228	2229
P72,3	2230	2231
P70,4	2232	2233
P146,1	2234	2235
P100,3	2236	2237
P192,1	2238	2239
P142,2	2240	2241
P139,3	2242	2243
P35,3	2244	2245
P52,1	2246	2247
P182,1	2248	2249
P102,2	2250	2251
P144,2	2252	2252
P145,2	2253	2253
P13,5	2254	2255
P183,1	2256	2257
P38,1	2258	2259
P104,3	2260	2261
P81,1	2262	2263
P24,1	2264	2265
P74,4	2266	2267
P184,1	2268	2269
P44,4	2270	2271
P193,1	2272	2273
P97,5	2274	2274
P20,7	2275	2276
P83,1	2277	2278
P30,5	2279	2280
P48,4	2281	2282
P147,2	2283	2283
P50,3	2284	2284
P152,1	2285	2286
P148,3	2287	2288
P194,1	2289	2290
P80,3	2291	2292
P106,3	2293	2294
P28,6	2295	2296
P155,1	2297	2298
P141,5	2299	2299
P53,3	2300	2300
P108,3	2301	2301
P101,4	2302	2302
P46,5	2303	2303
P76,4	2304	2305
P154,2	2306	2307
P149,3	2308	2309
P49,4	2310	2310
P150,3	2311	2312
P2,8	2313	2313
P31,5	2314	2315
P107,3	2316	2316
P75,4	2317	2317
P77,4	2318	2319
P115,1	2320	2321
P54,3	2322	2323
P67,5	2324	2325
P15,1	2326	2327
P195,1	2328	2329
P36,6	2330	2331
P26,5	2332	2333
P185,1	2334	2335
P79,3	2336	2336
P156,3	2337	2338
P32,1	2339	2340
P4,7	2341	2342
P151,3	2343	2343
P82,3	2344	2344
P111,4	2345	2346
P114,2	2347	2348
P162,1	2349	2350
P25,6	2351	2352
P78,5	2353	2354
P157,3	2355	2356
P18,5	2357	2357
P109,4	2358	2359
P86,3	2360	2361
P85,3	2362	2362
P14,6	2363	2364
P84,3	2365	2365
P153,4	2366	2367
P43,1	2368	2369
P33,1	2370	2371
P60,3	2372	2372
P112,3	2373	2373
P159,3	2374	2375
P39,4	2376	2376
P16,5	2377	2377
P55,4	2378	2379
P196,1	2380	2381
P116,3	2382	2383
P117,3	2384	2385
P113,4	2386	2387
P63,1	2388	2389
P110,4	2390	2390
P158,3	2391	2392
P118,3	2393	2394
P161,3	2395	2396
P37,4	2397	2397
P56,4	2398	2399
P186,1	2400	2401
P164,3	2402	2403
P160,3	2404	2404
P58,4	2405	2406
P57,4	2407	2407
P92,1	2408	2409
P197,1	2410	2411
P119,3	2412	2413
P34,6	2414	2415
P168,1	2416	2417
P166,2	2418	2418
P187,1	2419	2420
P29,4	2421	2422
P27,1	2423	2424
P165,3	2425	2426
P122,2	2427	2428
P17,6	2429	2430
P198,1	2431	2432
P188,1	2433	2434
P91,3	2435	2436
P121,3	2437	2438
P163,4	2439	2440
P19,6	2441	2442
P89,3	2443	2444
P125,1	2445	2446
P120,3	2447	2448
P172,2	2449	2450
P167,3	2451	2452
P175,1	2453	2454
P87,4	2455	2455
P59,4	2456	2457
P62,4	2458	2459
P69,1	2460	2461
P22,5	2462	2463
P171,3	2464	2464
P173,2	2465	2466
P199,1	2467	2468
P124,2	2469	2470
P10,7	2471	2471
P176,2	2472	2473
P169,4	2474	2475
P174,2	2476	2477
P123,3	2478	2478
P170,3	2479	2480
P94,3	2481	2482
P42,4	2483	2484
P200,1	2485	2486
P180,1	2487	2488
P61,4	2489	2490
P88,5	2491	2491
P189,1	2492	2493
P128,3	2494	2495
P177,2	2496	2497
P11,5	2498	2498
P12,6	2499	2499
P90,4	2500	2501
P1,1	2502	2503
P179,2	2504	2504
P95,3	2505	2506
P127,3	2507	2507
P64,4	2508	2509
P137,1	2510	2511
P41,5	2512	2513
P96,3	2514	2515
P190,1	2516	2517
P73,1	2518	2519
P93,4	2520	2521
P178,3	2522	2523
P136,2	2524	2524
P126,4	2525	2526
P9,7	2527	2528
P68,4	2529	2529
P3,1	2530	2531
P103,1	2532	2533
P40,5	2534	2535
P131,3	2536	2537
P181,1	2538	2539
P132,3	2540	2541
P8,7	2542	2543
P47,4	2544	2544
P66,4	2545	2545
P143,1	2546	2547
P135,3	2548	2548
P133,3	2549	2550
P98,4	2551	2552
P105,1	2553	2554
P6,7	2555	2556
P45,5	2557	2558
P130,3	2559	2560
P129,4	2561	2562
P51,1	2563	2564
P191,1	2565	2566
P138,2	2567	2568
P71,4	2569	2570
P70,4	2571	2572
P23,5	2573	2574
P65,6	2575	2576
P140,3	2577	2578
P146,1	2579	2580
P7,8	2581	2582
P100,3	2583	2583
P192,1	2584	2585
P99,3	2586	2587
P139,3	2588	2589
P52,1	2590	2591
P182,1	2592	2593
P72,4	2594	2595
P183,1	2596	2597
P38,1	2598	2599
P104,3	2600	2601
P81,1	2602	2603
P24,1	2604	2605
P134,4	2606	2606
P102,3	2607	2607
P184,1	2608	2609
P13,6	2610	2611
P142,3	2612	2613
P44,4	2614	2615
P193,1	2616	2617
P20,7	2618	2619
P144,3	2620	2621
P83,1	2622	2623
P30,5	2624	2624
P145,3	2625	2626
P35,4	2627	2628
P74,5	2629	2629
P152,1	2630	2631
P148,3	2632	2633
P194,1	2634	2635
P106,3	2636	2636
P28,6	2637	2638
P155,1	2639	2640
P76,4	2641	2642
P97,6	2643	2644
P147,3	2645	2645
P149,3	2646	2647
P48,5	2648	2649
P80,4	2650	2651
P141,6	2652	2653
P77,4	2654	2654
P50,4	2655	2656
P115,1	2657	2658
P108,4	2659	2659
P15,1	2660	2661
P53,4	2662	2663
P101,5	2664	2665
P195,1	2666	2667
P2,9	2668	2669
P36,6	2670	2671
P154,3	2672	2673
P107,4	2674	2674
P75,5	2675	2676
P185,1	2677	2678
P156,3	2679	2680
P46,6	2681	2682
P49,5	2683	2683
P32,1	2684	2685
P31,6	2686	2686
P150,4	2687	2688
P54,4	2689	2690
P111,4	2691	2692
P26,6	2693	2694
P162,1	2695	2696
P25,6	2697	2698
P78,5	2699	2700
P109,4	2701	2702
P86,3	2703	2703
P79,4	2704	2705
P82,4	2706	2706
P14,6	2707	2708
P151,4	2709	2710
P153,4	2711	2711
P43,1	2712	2713
P33,1	2714	2715
P18,6	2716	2717
P55,4	2718	2718
P196,1	2719	2720
P114,3	2721	2722
P113,4	2723	2724
P63,1	2725	2726
P158,3	2727	2728
P157,4	2729	2730
P159,4	2731	2732
P85,4	2733	2733
P112,4	2734	2735
P186,1	2736	2737
P84,4	2738	2739
P60,4	2740	2741
P116,4	2742	2743
P117,4	2744	2745
P39,5	2746	2747
P58,4	2748	2749
P92,1	2750	2751
P197,1	2752	2753
P16,6	2754	2755
P34,6	2756	2757
P168,1	2758	2759
P110,5	2760	2761
P187,1	2762	2763
P118,4	2764	2765
P27,1	2766	2767
P161,4	2768	2769
P165,3	2770	2770
P37,5	2771	2771
P17,6	2772	2773
P164,4	2774	2774
P198,1	2775	2776
P188,1	2777	2778
P166,3	2779	2779
P91,3	2780	2780
P57,5	2781	2782
P56,5	2783	2784
P119,4	2785	2786
P163,4	2787	2788
P19,6	2789	2790
P160,4	2791	2792
P89,3	2793	2793
P125,1	2794	2795
P122,3	2796	2797
P172,2	2798	2799
P167,3	2800	2800
P175,1	2801	2802
P29,5	2803	2804
P59,4	2805	2806
P69,1	2807	2808
P121,4	2809	2809
P22,5	2810	2810
P199,1	2811	2812
P120,4	2813	2814
P176,2	2815	2815
P169,4	2816	2817
P87,5	2818	2819
P174,2	2820	2821
P94,3	2822	2822
P171,4	2823	2824
P200,1	2825	2826
P10,8	2827	2828
P180,1	2829	2830
P61,4	2831	2831
P189,1	2832	2833
P62,5	2834	2835
P177,2	2836	2836
P124,3	2837	2838
P170,4	2839	2839
P90,4	2840	2841
P173,3	2842	2843
P1,1	2844	2845
P123,4	2846	2846
P64,4	2847	2848
P42,5	2849	2850
P137,1	2851	2852
P41,5	2853	2854
P11,6	2855	2856
P190,1	2857	2858
P73,1	2859	2860
P95,4	2861	2862
P93,4	2863	2864
P12,7	2865	2866
P179,3	2867	2868
P126,4	2869	2870
P127,4	2871	2872
P128,4	2873	2873
P3,1	2874	2875
P103,1	2876	2877
P40,5	2878	2878
P96,4	2879	2880
P136,3	2881	2882
P181,1	2883	2884
P132,3	2885	2886
P8,7	2887	2888
P143,1	2889	2890
P98,4	2891	2892
P68,5	2893	2894
P105,1	2895	2896
P9,8	2897	2898
P45,5	2899	2899
P178,4	2900	2901
P131,4	2902	2903
P130,3	2904	2905
P129,4	2906	2907
P51,1	2908	2909
P135,4	2910	2911
P191,1	2912	2913
P66,5	2914	2915
P133,4	2916	2917
P47,5	2918	2919
P23,5	2920	2921
P65,6	2922	2922
P140,3	2923	2924
P146,1	2925	2926
P7,8	2927	2927
P192,1	2928	2929
P99,3	2930	2930
P6,8	2931	2932
P52,1	2933	2934
P182,1	2935	2936
P71,5	2937	2938
P183,1	2939	2940
P70,5	2941	2942
P38,1	2943	2944
P81,1	2945	2946
P24,1	2947	2948
P138,3	2949	2950
P184,1	2951	2952
P13,6	2953	2954
P139,4	2955	2956
P100,4	2957	2958
P193,1	2959	2960
P144,3	2961	2962
P83,1	2963	2964
P104,4	2965	2966
P145,3	2967	2967
P35,4	2968	2969
P72,5	2970	2971
P152,1	2972	2973
P194,1	2974	2975
P142,4	2976	2976
P134,5	2977	2978
P155,1	2979	2980
P76,4	2981	2981
P102,4	2982	2983
P44,5	2984	2985
P97,6	2986	2987
P149,3	2988	2989
P48,5	2990	2991
P20,8	2992	2992
P80,4	2993	2994
P148,4	2995	2996
P141,6	2997	2998
P50,4	2999	2999
P106,4	3000	3001
P115,1	3002	3003
P28,7	3004	3005
P30,6	3006	3006
P15,1	3007	3008
P147,4	3009	3010
P53,4	3011	3012
P101,5	3013	3014
P195,1	3015	3016
P75,5	3017	3018
P77,5	3019	3019
P185,1	3020	3021
P156,3	3022	3023
P108,5	3024	3025
P46,6	3026	3027
P32,1	3028	3029
P150,4	3030	3031
P54,4	3032	3033
P111,4	3034	3034
P26,6	3035	3036
P107,5	3037	3038
P162,1	3039	3040
P78,5	3041	3042
P31,7	3043	3044
P154,4	3045	3046
P109,4	3047	3048
P79,4	3049	3050
P14,6	3051	3052
P2,10	3053	3054
P151,4	3055	3056
P43,1	3057	3058
P33,1	3059	3060
P49,6	3061	3061
P18,6	3062	3062
P196,1	3063	3064
P114,3	3065	3066
P113,4	3067	3067
P153,5	3068	3069
P63,1	3070	3071
P158,3	3072	3072
P157,4	3073	3074
P159,4	3075	3075
P86,4	3076	3077
P112,4	3078	3079
P186,1	3080	3081
P82,5	3082	3082
P84,4	3083	3084
P55,5	3085	3086
P60,4	3087	3088
P116,4	3089	3090
P117,4	3091	3092
P39,5	3093	3094
P92,1	3095	3096
P197,1	3097	3098
P16,6	3099	3100
P168,1	3101	3102
P187,1	3103	3104
P118,4	3105	3106
P27,1	3107	3108
P85,5	3109	3110
P161,4	3111	3112
P58,5	3113	3114
P198,1	3115	3116
P188,1	3117	3118
P34,7	3119	3119
P57,5	3120	3120
P56,5	3121	3122
P119,4	3123	3124
P163,4	3125	3126
P110,6	3127	3128
P19,6	3129	3130
P91,4	3131	3131
P125,1	3132	3133
P37,6	3134	3134
P164,5	3135	3135
P122,3	3136	3137
P166,4	3138	3139
P175,1	3140	3141
P17,7	3142	3142
P29,5	3143	3143
P59,4	3144	3145
P160,5	3146	3147
P165,4	3148	3148
P69,1	3149	3150
P199,1	3151	3152
P120,4	3153	3154
P172,3	3155	3156
P169,4	3157	3158
P87,5	3159	3160
P89,4	3161	3162
P171,4	3163	3163
P200,1	3164	3165
P10,8	3166	3166
P22,6	3167	3168
P180,1	3169	3170
P167,4	3171	3171
P189,1	3172	3173
P121,5	3174	3175
P62,5	3176	3176
P124,3	3177	3178
P174,3	3179	3179
P90,4	3180	3181
P1,1	3182	3183
P94,4	3184	3185
P64,4	3186	3186
P137,1	3187	3188
P176,3	3189	3190
P11,6	3191	3192
P190,1	3193	3194
P73,1	3195	3196
P177,3	3197	3198
P95,4	3199	3200
P12,7	3201	3202
P170,5	3203	3204
P61,5	3205	3206
P179,3	3207	3208
P173,4	3209	3210
P41,6	3211	3212
P127,4	3213	3214
P123,5	3215	3216
P3,1	3217	3218
P103,1	3219	3220
P96,4	3221	3222
P136,3	3223	3223
P181,1	3224	3225
P132,3	3226	3226
P8,7	3227	3228
P143,1	3229	3230
P40,6	3231	3232
P105,1	3233	3234
P93,5	3235	3236
P126,5	3237	3238
P128,5	3239	3240
P131,4	3241	3242
P51,1	3243	3244
P135,4	3245	3246
P191,1	3247	3248
P45,6	3249	3250
P133,4	3251	3252
P47,5	3253	3254
P68,6	3255	3256
P146,1	3257	3258
P178,5	3259	3260
P192,1	3261	3262
P98,5	3263	3264
P9,9	3265	3266
P52,1	3267	3268
P130,4	3269	3270
P182,1	3271	3272
P71,5	3273	3274
P183,1	3275	3276
P66,6	3277	3277
P129,5	3278	3279
P70,5	3280	3280
P38,1	3281	3282
P99,4	3283	3284
P81,1	3285	3286
P24,1	3287	3288
P7,9	3289	3290
P138,3	3291	3292
P23,6	3293	3294
P6,9	3295	3296
P184,1	3297	3298
P65,7	3299	3300
P13,6	3301	3302
P139,4	3303	3304
P140,4	3305	3305
P193,1	3306	3307
P144,3	3308	3308
P83,1	3309	3310
P104,4	3311	3312
P72,5	3313	3314
P152,1	3315	3316
P194,1	3317	3318
P134,5	3319	3320
P155,1	3321	3322
P44,5	3323	3324
P145,4	3325	3326
P80,4	3327	3327
P100,5	3328	3329
P148,4	3330	3331
P141,6	3332	3332
P115,1	3333	3334
P28,7	3335	3336
P48,6	3337	3338
P35,5	3339	3340
P15,1	3341	3342
P142,5	3343	3344
P101,5	3345	3345
P195,1	3346	3347
P76,5	3348	3349
P149,4	3350	3351
P75,5	3352	3352
P97,7	3353	3354
P185,1	3355	3356
P106,5	3357	3358
P102,5	3359	3360
P30,7	3361	3362
P108,5	3363	3363
P20,9	3364	3364
P53,5	3365	3366
P32,1	3367	3368
P150,4	3369	3369
P147,5	3370	3371
P26,6	3372	3373
P50,5	3374	3375
P156,4	3376	3376
P162,1	3377	3378
P31,7	3379	3380
P154,4	3381	3382
P79,4	3383	3383
P46,7	3384	3385
P77,6	3386	3387
P2,10	3388	3388
P151,4	3389	3390
P54,5	3391	3392
P43,1	3393	3394
P33,1	3395	3396
P196,1	3397	3398
P109,5	3399	3400
P114,3	3401	3402
P111,5	3403	3404
P153,5	3405	3406
P63,1	3407	3408
P157,4	3409	3409
P107,6	3410	3411
P78,6	3412	3412
P86,4	3413	3414
P186,1	3415	3416
P113,5	3417	3418
P55,5	3419	3420
P60,4	3421	3422
P116,4	3423	3423
P14,7	3424	3425
P158,4	3426	3427
P49,7	3428	3429
P117,4	3430	3430
P159,5	3431	3432
P39,5	3433	3434
P92,1	3435	3436
P82,6	3437	3438
P18,7	3439	3440
P197,1	3441	3442
P112,5	3443	3444
P16,6	3445	3446
P168,1	3447	3448
P187,1	3449	3450
P118,4	3451	3452
P27,1	3453	3454
P85,5	3455	3455
P161,4	3456	3457
P58,5	3458	3458
P198,1	3459	3460
P84,5	3461	3462
P188,1	3463	3464
P56,5	3465	3466
P119,4	3467	3467
P110,6	3468	3469
P125,1	3470	3471
P122,3	3472	3473
P57,6	3474	3475
P166,4	3476	3476
P175,1	3477	3478
P34,8	3479	3480
P91,5	3481	3482
P160,5	3483	3484
P69,1	3485	3486
P199,1	3487	3488
P19,7	3489	3490
P87,5	3491	3491
P17,8	3492	3493
P163,5	3494	3495
P200,1	3496	3497
P59,5	3498	3499
P22,6	3500	3501
P180,1	3502	3503
P37,7	3504	3505
P29,6	3506	3507
P189,1	3508	3509
P164,6	3510	3511
P121,5	3512	3513
P1,1	3514	3515
P165,5	3516	3517
P10,9	3518	3518
P137,1	3519	3520
P89,5	3521	3522
P176,3	3523	3524
P172,4	3525	3526
P120,5	3527	3528
P11,6	3529	3530
P169,5	3531	3532
P190,1	3533	3534
P171,5	3535	3536
P73,1	3537	3538
P177,3	3539	3540
P124,4	3541	3541
P90,5	3542	3543
P95,4	3544	3544
P174,4	3545	3546
P64,5	3547	3548
P170,5	3549	3550
P167,5	3551	3552
P61,5	3553	3553
P94,5	3554	3554
P41,6	3555	3556
P62,6	3557	3557
P123,5	3558	3559
P12,8	3560	3561
P3,1	3562	3563
P103,1	3564	3565
P181,1	3566	3567
P179,4	3568	3569
P143,1	3570	3571
P127,5	3572	3573
P40,6	3574	3575
P105,1	3576	3577
P93,5	3578	3579
P126,5	3580	3581
P128,5	3582	3583
P131,4	3584	3584
P51,1	3585	3586
P135,4	3587	3587
P173,5	3588	3589
P96,5	3590	3591
P191,1	3592	3593
P133,4	3594	3595
P47,5	3596	3597
P68,6	3598	3598
P146,1	3599	3600
P178,5	3601	3601
P136,4	3602	3603
P192,1	3604	3605
P132,4	3606	3607
P8,8	3608	3609
P98,5	3610	3611
P9,9	3612	3613
P52,1	3614	3615
P130,4	3616	3617
P182,1	3618	3619
P183,1	3620	3621
P129,5	3622	3622
P38,1	3623	3624
P45,7	3625	3625
P99,4	3626	3627
P81,1	3628	3629
P24,1	3630	3631
P138,3	3632	3632
P6,9	3633	3634
P184,1	3635	3636
P70,6	3637	3638
P65,7	3639	3640
P71,6	3641	3642
P139,4	3643	3643
P7,10	3644	3645
P193,1	3646	3647
P83,1	3648	3649
P66,7	3650	3651
P104,4	3652	3653
P72,5	3654	3655
P152,1	3656	3657
P13,7	3658	3659
P194,1	3660	3661
P134,5	3662	3662
P155,1	3663	3664
P23,7	3665	3666
P44,5	3667	3668
P145,4	3669	3670
P100,5	3671	3672
P148,4	3673	3674
P115,1	3675	3676
P28,7	3677	3678
P48,6	3679	3680
P35,5	3681	3682
P144,4	3683	3684
P140,5	3685	3685
P15,1	3686	3687
P142,5	3688	3688
P195,1	3689	3690
P80,5	3691	3692
P76,5	3693	3694
P149,4	3695	3696
P97,7	3697	3698
P185,1	3699	3700
P102,5	3701	3702
P30,7	3703	3704
P101,6	3705	3706
P32,1	3707	3708
P141,7	3709	3709
P147,5	3710	3710
P50,5	3711	3712
P162,1	3713	3714
P20,10	3715	3716
P31,7	3717	3718
P75,6	3719	3719
P46,7	3720	3721
P156,5	3722	3723
P54,5	3724	3725
P53,6	3726	3727
P43,1	3728	3729
P33,1	3730	3731
P26,7	3732	3733
P196,1	3734	3735
P109,5	3736	3737
P108,6	3738	3739
P150,5	3740	3740
P111,5	3741	3742
P153,5	3743	3744
P63,1	3745	3746
P107,6	3747	3748
P77,7	3749	3750
P154,5	3751	3752
P2,11	3753	3754
P186,1	3755	3756
P79,5	3757	3758
P113,5	3759	3760
P151,5	3761	3762
P55,5	3763	3764
P14,7	3765	3766
P158,4	3767	3768
P49,7	3769	3770
P114,4	3771	3771
P159,5	3772	3773
P92,1	3774	3775
P82,6	3776	3777
P86,5	3778	3778
P197,1	3779	3780
P116,5	3781	3782
P157,5	3783	3784
P112,5	3785	3785
P168,1	3786	3787
P187,1	3788	3789
P78,7	3790	3791
P27,1	3792	3793
P60,5	3794	3795
P18,8	3796	3797
P198,1	3798	3799
P84,5	3800	3801
P39,6	3802	3803
P188,1	3804	3805
P117,5	3806	3806
P110,6	3807	3808
P125,1	3809	3810
P161,5	3811	3812
P57,6	3813	3814
P175,1	3815	3816
P16,7	3817	3818
P91,5	3819	3820
P160,5	3821	3822
P118,5	3823	3824
P69,1	3825	3826
P199,1	3827	3828
P19,7	3829	3829
P17,8	3830	3831
P85,6	3832	3833
P163,5	3834	3835
P56,6	3836	3837
P200,1	3838	3839
P58,6	3840	3840
P119,5	3841	3842
P34,9	3843	3844
P22,6	3845	3845
P180,1	3846	3847
P122,4	3848	3849
P37,7	3850	3851
P29,6	3852	3853
P166,5	3854	3855
P189,1	3856	3857
P164,6	3858	3859
P87,6	3860	3860
P121,5	3861	3861
P1,1	3862	3863
P165,5	3864	3865
P137,1	3866	3867
P59,6	3868	3869
P89,5	3870	3871
P176,3	3872	3873
P172,4	3874	3875
P169,5	3876	3877
P190,1	3878	3879
P171,5	3880	3881
P73,1	3882	3883
P177,3	3884	3884
P10,10	3885	3886
P90,5	3887	3888
P174,4	3889	3890
P64,5	3891	3892
P120,6	3893	3894
P41,6	3895	3895
P123,5	3896	3896
P12,8	3897	3897
P3,1	3898	3899
P11,7	3900	3901
P103,1	3902	3903
P167,6	3904	3905
P181,1	3906	3907
P179,4	3908	3909
P143,1	3910	3911
P124,5	3912	3913
P62,7	3914	3915
P95,5	3916	3917
P105,1	3918	3919
P128,5	3920	3920
P51,1	3921	3922
P170,6	3923	3924
P94,6	3925	3925
P173,5	3926	3927
P61,6	3928	3929
P96,5	3930	3931
P191,1	3932	3933
P127,6	3934	3935
P93,6	3936	3937
P146,1	3938	3939
P136,4	3940	3941
P135,5	3942	3943
P192,1	3944	3945
P131,5	3946	3946
P40,7	3947	3948
P9,9	3949	3950
P133,5	3951	3952
P52,1	3953	3954
P47,6	3955	3956
P126,6	3957	3958
P182,1	3959	3960
P68,7	3961	3962
P183,1	3963	3964
P178,6	3965	3966
P38,1	3967	3968
P99,4	3969	3970
P81,1	3971	3972
P24,1	3973	3974
P6,9	3975	3976
P8,9	3977	3978
P184,1	3979	3980
P70,6	3981	3982
P132,5	3983	3984
P65,7	3985	3985
P98,6	3986	3987
P7,10	3988	3988
P45,8	3989	3990
P193,1	3991	3992
P83,1	3993	3994
P129,6	3995	3996
P66,7	3997	3997
P130,5	3998	3999
P138,4	4000	4001
P152,1	4002	4003
P13,7	4004	4004
P194,1	4005	4006
P155,1	4007	4008
P23,7	4009	4010
P71,7	4011	4012
P100,5	4013	4013
P115,1	4014	4015
P139,5	4016	4017
P35,5	4018	4019
P144,4	4020	4020
P145,5	4021	4022
P15,1	4023	4024
P104,5	4025	4025
P44,6	4026	4027
P195,1	4028	4029
P134,6	4030	4031
P80,5	4032	4033
P149,4	4034	4034
P148,5	4035	4036
P185,1	4037	4038
P28,8	4039	4040
P48,7	4041	4042
P30,7	4043	4043
P142,6	4044	4045
P101,6	4046	4047
P32,1	4048	4049
P50,5	4050	4050
P162,1	4051	4052
P20,10	4053	4054
P140,6	4055	4056
P46,7	4057	4058
P76,6	4059	4060
P54,5	4061	4062
P53,6	4063	4064
P97,8	4065	4066
P43,1	4067	4068
P33,1	4069	4070
P147,6	4071	4072
P26,7	4073	4073
P196,1	4074	4075
P75,7	4076	4077
P108,6	4078	4079
P141,8	4080	4080
P102,6	4081	4082
P111,5	4083	4084
P63,1	4085	4086
P107,6	4087	4087
P156,6	4088	4089
P109,6	4090	4091
P2,11	4092	4093
P186,1	4094	4095
P79,5	4096	4096
P151,5	4097	4098
P14,7	4099	4100
P49,7	4101	4102
P159,5	4103	4104
P92,1	4105	4106
P150,6	4107	4108
P77,8	4109	4109
P197,1	4110	4111
P153,6	4112	4112
P168,1	4113	4114
P187,1	4115	4116
P78,7	4117	4118
P27,1	4119	4120
P158,5	4121	4122
P114,5	4123	4123
P82,7	4124	4125
P60,5	4126	4127
P55,6	4128	4129
P198,1	4130	4131
P39,6	4132	4133
P188,1	4134	4135
P125,1	4136	4137
P112,6	4138	4139
P161,5	4140	4141
P116,6	4142	4143
P57,6	4144	4144
P86,6	4145	4145
P175,1	4146	4147
P84,6	4148	4149
P16,7	4150	4151
P91,5	4152	4152
P18,9	4153	4153
P69,1	4154	4155
P199,1	4156	4157
P17,8	4158	4159
P85,6	4160	4161
P110,7	4162	4163
P163,5	4164	4164
P56,6	4165	4165
P200,1	4166	4167
P117,6	4168	4168
P118,6	4169	4170
P34,9	4171	4172
P180,1	4173	4174
P122,4	4175	4176
P160,6	4177	4178
P37,7	4179	4179
P19,8	4180	4181
P29,6	4182	4183
P166,5	4184	4184
P189,1	4185	4186
P164,6	4187	4188
P58,7	4189	4190
P1,1	4191	4192
P165,5	4193	4193
P119,6	4194	4194
P22,7	4195	4196
P137,1	4197	4198
P59,6	4199	4200
P89,5	4201	4201
P172,4	4202	4203
P169,5	4204	4204
P190,1	4205	4206
P171,5	4207	4207
P73,1	4208	4209
P10,10	4210	4211
P90,5	4212	4212
P174,4	4213	4213
P64,5	4214	4214
P121,6	4215	4215
P87,7	4216	4217
P120,6	4218	4219
P3,1	4220	4221
P176,4	4222	4222
P11,7	4223	4224
P103,1	4225	4226
P167,6	4227	4227
P177,4	4228	4229
P181,1	4230	4231
P179,4	4232	4232
P143,1	4233	4234
P62,7	4235	4236
P95,5	4237	4238
P105,1	4239	4240
P41,7	4241	4242
P51,1	4243	4244
P170,6	4245	4246
P123,6	4247	4248
P173,5	4249	4250
P12,9	4251	4252
P96,5	4253	4253
P191,1	4254	4255
P93,6	4256	4257
P146,1	4258	4259
P136,4	4260	4261
P124,6	4262	4263
P61,7	4264	4265
P192,1	4266	4267
P40,7	4268	4269
P133,5	4270	4270
P52,1	4271	4272
P47,6	4273	4274
P126,6	4275	4276
P94,7	4277	4278
P182,1	4279	4280
P183,1	4281	4282
P178,6	4283	4284
P135,6	4285	4285
P9,10	4286	4287
P38,1	4288	4289
P81,1	4290	4291
P127,7	4292	4293
P24,1	4294	4295
P8,9	4296	4297
P184,1	4298	4299
P131,6	4300	4301
P70,6	4302	4302
P132,5	4303	4304
P68,8	4305	4306
P99,5	4307	4308
P193,1	4309	4310
P83,1	4311	4312
P6,10	4313	4314
P130,5	4315	4316
P138,4	4317	4318
P65,8	4319	4319
P98,7	4320	4321
P152,1	4322	4323
P194,1	4324	4325
P155,1	4326	4327
P7,11	4328	4329
P115,1	4330	4331
P139,5	4332	4333
P129,7	4334	4335
P45,9	4336	4337
P15,1	4338	4339
P23,8	4340	4340
P195,1	4341	4342
P66,8	4343	4344
P134,6	4345	4345
P148,5	4346	4347
P185,1	4348	4349
P35,6	4350	4351
P145,6	4352	4353
P28,8	4354	4355
P48,7	4356	4357
P100,6	4358	4359
P71,8	4360	4361
P32,1	4362	4363
P162,1	4364	4365
P144,5	4366	4367
P104,6	4368	4369
P140,6	4370	4371
P44,7	4372	4373
P76,6	4374	4375
P53,6	4376	4377
P50,6	4378	4378
P149,5	4379	4380
P43,1	4381	4382
P142,7	4383	4383
P33,1	4384	4385
P30,8	4386	4386
P147,6	4387	4388
P196,1	4389	4390
P75,7	4391	4392
P101,7	4393	4394
P20,11	4395	4395
P54,6	4396	4397
P108,6	4398	4398
P102,6	4399	4400
P63,1	4401	4402
P109,6	4403	4403
P2,11	4404	4405
P97,9	4406	4407
P46,8	4408	4409
P186,1	4410	4411
P151,5	4412	4413
P92,1	4414	4415
P141,9	4416	4416
P150,6	4417	4418
P26,8	4419	4420
P197,1	4421	4422
P168,1	4423	4424
P156,7	4425	4425
P187,1	4426	4427
P78,7	4428	4428
P27,1	4429	4430
P158,5	4431	4432
P111,6	4433	4434
P107,7	4435	4436
P77,9	4437	4438
P60,5	4439	4439
P79,6	4440	4441
P198,1	4442	4443
P39,6	4444	4444
P188,1	4445	4446
P49,8	4447	4448
P125,1	4449	4450
P153,7	4451	4452
P14,8	4453	4454
P112,6	4455	4456
P159,6	4457	4458
P175,1	4459	4460
P16,7	4461	4462
P69,1	4463	4464
P82,8	4465	4466
P199,1	4467	4468
P114,6	4469	4469
P85,6	4470	4470
P110,7	4471	4472
P200,1	4473	4474
P55,7	4475	4476
P118,6	4477	4478
P34,9	4479	4480
P57,7	4481	4482
P180,1	4483	4484
P122,4	4485	4486
P116,7	4487	4487
P17,9	4488	4489
P160,6	4490	4491
P91,6	4492	4493
P84,7	4494	4495
P163,6	4496	4497
P86,7	4498	4499
P189,1	4500	4501
P117,7	4502	4503
P58,7	4504	4505
P18,10	4506	4506
P1,1	4507	4508
P56,7	4509	4509
P22,7	4510	4510
P137,1	4511	4512
P29,7	4513	4514
P59,6	4515	4515
P190,1	4516	4517
P37,8	4518	4519
P73,1	4520	4521
P166,6	4522	4523
P87,7	4524	4525
P165,6	4526	4527
P19,9	4528	4529
P3,1	4530	4531
P11,7	4532	4532
P103,1	4533	4534
P164,7	4535	4536
P119,7	4537	4537
P89,6	4538	4538
P10,11	4539	4539
P174,5	4540	4540
P177,4	4541	4542
P181,1	4543	4544
P172,5	4545	4545
P143,1	4546	4547
P90,6	4548	4549
P95,5	4550	4551
P171,6	4552	4553
P176,5	4554	4555
P105,1	4556	4557
P120,7	4558	4559
P41,7	4560	4561
P121,7	4562	4562
P51,1	4563	4564
P123,6	4565	4566
P64,6	4567	4568
P12,9	4569	4570
P191,1	4571	4572
P93,6	4573	4574
P146,1	4575	4576
P167,7	4577	4578
P179,5	4579	4580
P62,8	4581	4582
P61,7	4583	4583
P170,7	4584	4585
P192,1	4586	4587
P40,7	4588	4589
P52,1	4590	4591
P126,6	4592	4592
P94,7	4593	4593
P173,6	4594	4594
P124,7	4595	4596
P182,1	4597	4598
P183,1	4599	4600
P178,6	4601	4602
P9,10	4603	4603
P96,6	4604	4605
P38,1	4606	4607
P81,1	4608	4609
P127,7	4610	4610
P24,1	4611	4612
P133,6	4613	4614
P47,7	4615	4616
P8,9	4617	4617
P184,1	4618	4619
P136,5	4620	4621
P131,6	4622	4623
P132,5	4624	4624
P68,8	4625	4626
P99,5	4627	4627
P135,7	4628	4629
P193,1	4630	4631
P83,1	4632	4633
P138,4	4634	4635
P98,7	4636	4637
P152,1	4638	4639
P194,1	4640	4641
P155,1	4642	4643
P6,11	4644	4645
P115,1	4646	4647
P139,5	4648	4649
P129,7	4650	4651
P45,9	4652	4652
P15,1	4653	4654
P70,7	4655	4656
P195,1	4657	4658
P66,8	4659	4660
P65,9	4661	4662
P148,5	4663	4664
P185,1	4665	4666
P35,6	4667	4668
P145,6	4669	4670
P130,6	4671	4672
P28,8	4673	4673
P48,7	4674	4675
P23,9	4676	4677
P71,8	4678	4679
P32,1	4680	4681
P162,1	4682	4683
P144,5	4684	4684
P104,6	4685	4686
P140,6	4687	4687
P44,7	4688	4689
P76,6	4690	4690
P43,1	4691	4692
P134,7	4693	4694
P33,1	4695	4696
P100,7	4697	4698
P147,6	4699	4699
P196,1	4700	4701
P75,7	4702	4702
P54,6	4703	4704
P102,6	4705	4705
P149,6	4706	4707
P63,1	4708	4709
P30,9	4710	4711
P53,7	4712	4713
P142,8	4714	4715
P97,9	4716	4717
P46,8	4718	4719
P186,1	4720	4721
P92,1	4722	4723
P20,12	4724	4724
P150,6	4725	4726
P26,8	4727	4728
P108,7	4729	4730
P197,1	4731	4732
P101,8	4733	4733
P168,1	4734	4735
P187,1	4736	4737
P27,1	4738	4739
P158,5	4740	4740
P111,6	4741	4741
P2,12	4742	4743
P107,7	4744	4745
P77,9	4746	4746
P141,10	4747	4748
P151,6	4749	4750
P79,6	4751	4752
P198,1	4753	4754
P188,1	4755	4756
P78,8	4757	4758
P49,8	4759	4759
P125,1	4760	4761
P156,8	4762	4763
P153,7	4764	4764
P14,8	4765	4766
P112,6	4767	4768
P175,1	4769	4770
P69,1	4771	4772
P82,8	4773	4773
P199,1	4774	4775
P110,7	4776	4776
P200,1	4777	4778
P159,7	4779	4780
P118,6	4781	4782
P60,6	4783	4783
P57,7	4784	4785
P16,8	4786	4787
P39,7	4788	4789
P180,1	4790	4791
P114,7	4792	4793
P17,9	4794	4795
P85,7	4796	4797
P160,6	4798	4799
P91,6	4800	4801
P163,6	4802	4803
P34,10	4804	4805
P55,8	4806	4807
P86,7	4808	4809
P189,1	4810	4811
P117,7	4812	4813
P58,7	4814	4815
P1,1	4816	4817
P122,5	4818	4819
P137,1	4820	4821
P29,7	4822	4823
P190,1	4824	4825
P37,8	4826	4827
P84,8	4828	4828
P73,1	4829	4830
P18,11	4831	4832
P166,6	4833	4834
P116,8	4835	4836
P87,7	4837	4838
P165,6	4839	4839
P19,9	4840	4841
P3,1	4842	4843
P59,7	4844	4844
P103,1	4845	4846
P22,8	4847	4848
P181,1	4849	4850
P56,8	4851	4852
P143,1	4853	4854
P11,8	4855	4856
P90,6	4857	4857
P171,6	4858	4858
P89,7	4859	4860
P176,5	4861	4862
P119,8	4863	4864
P105,1	4865	4866
P120,7	4867	4868
P41,7	4869	4869
P164,8	4870	4871
P51,1	4872	4873
P174,6	4874	4875
P123,6	4876	4877
P64,6	4878	4878
P12,9	4879	4880
P177,5	4881	4882
P191,1	4883	4884
P146,1	4885	4886
P172,6	4887	4888
P167,7	4889	4889
P62,8	4890	4891
P95,6	4892	4893
P170,7	4894	4894
P192,1	4895	4896
P52,1	4897	4898
P124,7	4899	4900
P179,6	4901	4902
P182,1	4903	4904
P183,1	4905	4906
P93,7	4907	4908
P96,6	4909	4910
P38,1	4911	4912
P126,7	4913	4914
P81,1	4915	4916
P173,7	4917	4918
P61,8	4919	4920
P24,1	4921	4922
P133,6	4923	4923
P47,7	4924	4925
P184,1	4926	4927
P136,5	4928	4929
P131,6	4930	4931
P94,8	4932	4933
P68,8	4934	4934
P9,11	4935	4936
P40,8	4937	4938
P135,7	4939	4939
P193,1	4940	4941
P178,7	4942	4943
P83,1	4944	4945
P127,8	4946	4946
P98,7	4947	4948
P152,1	4949	4950
P194,1	4951	4952
P132,6	4953	4954
P155,1	4955	4956
P6,11	4957	4958
P115,1	4959	4960
P8,10	4961	4962
P129,7	4963	4963
P15,1	4964	4965
P70,7	4966	4967
P195,1	4968	4969
P66,8	4970	4970
P65,9	4971	4972
P185,1	4973	4974
P139,6	4975	4976
P138,5	4977	4977
P45,10	4978	4978
P32,1	4979	4980
P162,1	4981	4982
P104,6	4983	4984
P43,1	4985	4986
P148,6	4987	4988
P134,7	4989	4990
P33,1	4991	4992
P196,1	4993	4994
P54,6	4995	4995
P35,7	4996	4997
P71,9	4998	4999
P130,7	5000	5001
P149,6	5002	5003
P63,1	5004	5005
P145,7	5006	5007
P28,9	5008	5009
P30,9	5010	5011
P48,8	5012	5012
P53,7	5013	5014
P142,8	5015	5015
P140,7	5016	5016
P144,6	5017	5018
P46,8	5019	5019
P76,7	5020	5021
P186,1	5022	5023
P92,1	5024	5025
P102,7	5026	5027
P147,7	5028	5029
P26,8	5030	5030
P75,8	5031	5032
P197,1	5033	5034
P168,1	5035	5036
P187,1	5037	5038
P97,10	5039	5040
P27,1	5041	5042
P20,13	5043	5044
P107,7	5045	5046
P141,10	5047	5048
P151,6	5049	5050
P79,6	5051	5051
P198,1	5052	5053
P188,1	5054	5055
P150,7	5056	5057
P78,8	5058	5059
P125,1	5060	5061
P2,13	5062	5063
P156,8	5064	5064
P108,8	5065	5066
P14,8	5067	5067
P111,7	5068	5068
P175,1	5069	5070
P69,1	5071	5072
P77,10	5073	5073
P158,6	5074	5075
P199,1	5076	5077
P200,1	5078	5079
P153,8	5080	5081
P49,9	5082	5082
P159,7	5083	5084
P57,7	5085	5086
P16,8	5087	5088
P112,7	5089	5090
P39,7	5091	5092
P180,1	5093	5094
P114,7	5095	5096
P118,7	5097	5098
P110,8	5099	5099
P163,6	5100	5101
P34,10	5102	5103
P60,7	5104	5104
P55,8	5105	5106
P189,1	5107	5108
P117,7	5109	5109
P1,1	5110	5111
P122,5	5112	5113
P137,1	5114	5115
P29,7	5116	5116
P85,8	5117	5118
P190,1	5119	5120
P86,8	5121	5122
P73,1	5123	5124
P160,7	5125	5126
P18,11	5127	5127
P116,8	5128	5129
P91,7	5130	5131
P19,9	5132	5132
P3,1	5133	5134
P103,1	5135	5136
P181,1	5137	5138
P58,8	5139	5140
P166,7	5141	5142
P143,1	5143	5144
P84,9	5145	5146
P11,8	5147	5147
P87,8	5148	5148
P165,7	5149	5150
P89,7	5151	5152
P37,9	5153	5154
P176,5	5155	5155
P119,8	5156	5157
P105,1	5158	5159
P22,9	5160	5160
P164,8	5161	5162
P51,1	5163	5164
P174,6	5165	5165
P171,7	5166	5167
P177,5	5168	5168
P59,8	5169	5170
P120,8	5171	5172
P191,1	5173	5174
P146,1	5175	5176
P41,8	5177	5178
P56,9	5179	5180
P90,7	5181	5182
P192,1	5183	5184
P52,1	5185	5186
P124,7	5187	5187
P179,6	5188	5189
P12,10	5190	5191
P182,1	5192	5193
P183,1	5194	5195
P64,7	5196	5197
P123,7	5198	5199
P93,7	5200	5201
P172,7	5202	5203
P38,1	5204	5205
P170,8	5206	5207
P126,7	5208	5209
P167,8	5210	5210
P81,1	5211	5212
P173,7	5213	5214
P95,7	5215	5216
P61,8	5217	5218
P24,1	5219	5220
P47,7	5221	5221
P184,1	5222	5223
P62,9	5224	5225
P136,5	5226	5226
P94,8	5227	5228
P193,1	5229	5230
P96,7	5231	5231
P178,7	5232	5232
P83,1	5233	5234
P152,1	5235	5236
P194,1	5237	5238
P40,9	5239	5240
P68,9	5241	5242
P132,6	5243	5244
P131,7	5245	5245
P133,7	5246	5247
P155,1	5248	5249
P6,11	5250	5250
P115,1	5251	5252
P8,10	5253	5254
P15,1	5255	5256
P195,1	5257	5258
P135,8	5259	5260
P65,9	5261	5262
P185,1	5263	5264
P98,8	5265	5266
P127,9	5267	5267
P139,6	5268	5268
P32,1	5269	5270
P162,1	5271	5272
P43,1	5273	5274
P129,8	5275	5275
P33,1	5276	5277
P196,1	5278	5279
P35,7	5280	5281
P71,9	5282	5282
P149,6	5283	5283
P63,1	5284	5285
P66,9	5286	5287
P45,11	5288	5289
P145,7	5290	5291
P28,9	5292	5293
P138,6	5294	5295
P54,7	5296	5297
P53,7	5298	5298
P104,7	5299	5299
P144,6	5300	5301
P186,1	5302	5303
P92,1	5304	5305
P134,8	5306	5307
P102,7	5308	5309
P147,7	5310	5311
P75,8	5312	5313
P130,8	5314	5315
P197,1	5316	5317
P48,9	5318	5319
P168,1	5320	5321
P187,1	5322	5323
P30,10	5324	5325
P27,1	5326	5327
P140,8	5328	5329
P76,8	5330	5331
P20,13	5332	5332
P151,6	5333	5333
P142,9	5334	5335
P46,9	5336	5336
P198,1	5337	5338
P26,9	5339	5339
P188,1	5340	5341
P150,7	5342	5343
P125,1	5344	5345
P2,13	5346	5347
P108,8	5348	5349
P97,11	5350	5351
P175,1	5352	5353
P69,1	5354	5355
P158,6	5356	5357
P107,8	5358	5359
P199,1	5360	5361
P200,1	5362	5363
P153,8	5364	5365
P79,7	5366	5367
P159,7	5368	5369
P14,9	5370	5371
P111,8	5372	5373
P78,9	5374	5375
P16,8	5376	5377
P112,7	5378	5378
P77,11	5379	5380
P39,7	5381	5381
P180,1	5382	5383
P114,7	5384	5385
P156,9	5386	5387
P118,7	5388	5389
P49,10	5390	5391
P189,1	5392	5393
P1,1	5394	5395
P122,5	5396	5396
P110,9	5397	5398
P137,1	5399	5400
P57,8	5401	5401
P190,1	5402	5403
P34,11	5404	5404
P86,8	5405	5406
P73,1	5407	5408
P55,9	5409	5410
P160,7	5411	5412
P91,7	5413	5413
P163,7	5414	5415
P29,8	5416	5417
P3,1	5418	5419
P103,1	5420	5421
P181,1	5422	5423
P60,8	5424	5425
P58,8	5426	5427
P117,8	5428	5428
P166,7	5429	5430
P143,1	5431	5432
P116,9	5433	5434
P84,9	5435	5436
P18,12	5437	5438
P165,7	5439	5440
P89,7	5441	5441
P37,9	5442	5442
P19,10	5443	5444
P85,9	5445	5446
P119,8	5447	5448
P105,1	5449	5450
P164,8	5451	5452
P51,1	5453	5454
P171,7	5455	5456
P191,1	5457	5458
P146,1	5459	5460
P176,6	5461	5462
P56,9	5463	5463
P174,7	5464	5465
P192,1	5466	5467
P52,1	5468	5469
P179,6	5470	5471
P22,10	5472	5473
P182,1	5474	5475
P183,1	5476	5477
P120,9	5478	5479
P41,9	5480	5481
P93,7	5482	5482
P90,8	5483	5484
P172,7	5485	5486
P59,9	5487	5487
P38,1	5488	5489
P177,6	5490	5491
P170,8	5492	5492
P126,7	5493	5493
P12,11	5494	5495
P81,1	5496	5497
P64,8	5498	5499
P124,8	5500	5501
P61,8	5502	5502
P24,1	5503	5504
P123,8	5505	5506
P184,1	5507	5508
P62,9	5509	5510
P94,8	5511	5512
P193,1	5513	5514
P83,1	5515	5516
P167,9	5517	5518
P152,1	5519	5520
P194,1	5521	5522
P40,9	5523	5524
P47,8	5525	5526
P68,9	5527	5528
P95,8	5529	5529
P132,6	5530	5531
P155,1	5532	5533
P115,1	5534	5535
P8,10	5536	5537
P15,1	5538	5539
P195,1	5540	5541
P135,8	5542	5542
P131,8	5543	5543
P96,8	5544	5545
P185,1	5546	5547
P6,12	5548	5549
P98,8	5550	5550
P32,1	5551	5552
P178,8	5553	5554
P162,1	5555	5556
P43,1	5557	5558
P133,8	5559	5560
P33,1	5561	5562
P196,1	5563	5564
P65,10	5565	5565
P63,1	5566	5567
P66,9	5568	5569
P45,11	5570	5571
P127,10	5572	5573
P145,7	5574	5575
P138,6	5576	5576
P35,8	5577	5578
P54,7	5579	5579
P144,6	5580	5580
P186,1	5581	5582
P92,1	5583	5584
P139,7	5585	5586
P134,8	5587	5588
P71,10	5589	5590
P102,7	5591	5591
P147,7	5592	5593
P149,7	5594	5595
P53,8	5596	5596
P75,8	5597	5598
P129,9	5599	5600
P130,8	5601	5601
P197,1	5602	5603
P104,8	5604	5605
P48,9	5606	5607
P168,1	5608	5609
P187,1	5610	5611
P30,10	5612	5612
P27,1	5613	5614
P140,8	5615	5615
P76,8	5616	5617
P28,10	5618	5619
P142,9	5620	5621
P198,1	5622	5623
P188,1	5624	5625
P125,1	5626	5627
P2,13	5628	5629
P108,8	5630	5630
P97,11	5631	5632
P175,1	5633	5634
P69,1	5635	5636
P158,6	5637	5637
P107,8	5638	5638
P199,1	5639	5640
P200,1	5641	5642
P153,8	5643	5644
P79,7	5645	5646
P20,14	5647	5648
P46,10	5649	5650
P14,9	5651	5652
P150,8	5653	5654
P77,11	5655	5656
P180,1	5657	5658
P156,9	5659	5659
P49,10	5660	5660
P159,8	5661	5662
P189,1	5663	5664
P78,10	5665	5666
P1,1	5667	5668
P110,9	5669	5669
P137,1	5670	5671
P114,8	5672	5672
P112,8	5673	5674
P190,1	5675	5676
P86,8	5677	5677
P73,1	5678	5679
P55,9	5680	5681
P16,9	5682	5683
P111,9	5684	5684
P39,8	5685	5686
P163,7	5687	5687
P29,8	5688	5689
P3,1	5690	5691
P103,1	5692	5693
P181,1	5694	5695
P118,8	5696	5697
P60,8	5698	5699
P58,8	5700	5700
P143,1	5701	5702
P57,9	5703	5704
P116,9	5705	5706
P91,8	5707	5708
P18,12	5709	5709
P34,12	5710	5711
P160,8	5712	5713
P19,10	5714	5714
P85,9	5715	5716
P105,1	5717	5718
P117,9	5719	5720
P51,1	5721	5722
P171,7	5723	5723
P89,8	5724	5725
P165,8	5726	5727
P191,1	5728	5729
P146,1	5730	5731
P192,1	5732	5733
P166,8	5734	5735
P52,1	5736	5737
P84,10	5738	5739
P182,1	5740	5741
P183,1	5742	5743
P37,10	5744	5745
P120,9	5746	5746
P41,9	5747	5747
P90,8	5748	5749
P164,9	5750	5751
P172,7	5752	5753
P38,1	5754	5755
P177,6	5756	5757
P56,10	5758	5758
P81,1	5759	5760
P179,7	5761	5762
P64,8	5763	5764
P176,7	5765	5766
P124,8	5767	5768
P24,1	5769	5770
P123,8	5771	5772
P59,10	5773	5774
P184,1	5775	5776
P126,8	5777	5778
P12,12	5779	5780
P193,1	5781	5782
P83,1	5783	5784
P93,8	5785	5785
P167,9	5786	5787
P152,1	5788	5789
P194,1	5790	5791
P40,9	5792	5793
P61,9	5794	5794
P94,9	5795	5796
P155,1	5797	5798
P115,1	5799	5800
P15,1	5801	5802
P195,1	5803	5804
P96,8	5805	5805
P185,1	5806	5807
P6,12	5808	5809
P32,1	5810	5811
P132,7	5812	5813
P162,1	5814	5815
P43,1	5816	5817
P47,9	5818	5819
P8,11	5820	5820
P33,1	5821	5822
P68,10	5823	5824
P95,9	5825	5825
P196,1	5826	5827
P63,1	5828	5829
P135,9	5830	5831
P45,11	5832	5832
P131,9	5833	5834
P133,9	5835	5836
P35,8	5837	5838
P98,9	5839	5839
P178,9	5840	5841
P186,1	5842	5843
P92,1	5844	5845
P139,7	5846	5847
P127,11	5848	5849
P71,10	5850	5851
P129,9	5852	5853
P66,10	5854	5855
P145,8	5856	5857
P197,1	5858	5859
P48,9	5860	5860
P168,1	5861	5862
P187,1	5863	5864
P138,7	5865	5866
P134,9	5867	5868
P27,1	5869	5870
P76,8	5871	5871
P54,8	5872	5873
P28,10	5874	5874
P142,9	5875	5876
P198,1	5877	5878
P147,8	5879	5880
P188,1	5881	5882
P125,1	5883	5884
P53,9	5885	5886
P130,9	5887	5888
P102,8	5889	5889
P97,11	5890	5890
P149,8	5891	5892
P175,1	5893	5894
P75,9	5895	5896
P69,1	5897	5898
P199,1	5899	5900
P200,1	5901	5902
P30,11	5903	5904
P140,9	5905	5905
P46,10	5906	5907
P14,9	5908	5908
P150,8	5909	5909
P77,11	5910	5911
P180,1	5912	5913
P159,8	5914	5914
P2,14	5915	5916
P189,1	5917	5918
P158,7	5919	5920
P78,10	5921	5921
P1,1	5922	5923
P108,9	5924	5925
P137,1	5926	5927
P107,9	5928	5929
P79,8	5930	5930
P190,1	5931	5932
P156,10	5933	5934
P73,1	5935	5936
P49,11	5937	5938
P39,8	5939	5940
P3,1	5941	5942
P103,1	5943	5944
P181,1	5945	5946
P16,10	5947	5948
P112,9	5949	5950
P143,1	5951	5952
P57,9	5953	5954
P110,10	5955	5956
P86,9	5957	5957
P91,8	5958	5959
P34,12	5960	5961
P111,10	5962	5963
P160,8	5964	5964
P58,9	5965	5966
P85,9	5967	5968
P105,1	5969	5970
P55,10	5971	5972
P117,9	5973	5974
P51,1	5975	5976
P89,8	5977	5978
P163,8	5979	5979
P18,13	5980	5981
P191,1	5982	5983
P146,1	5984	5985
P118,9	5986	5987
P60,9	5988	5989
P192,1	5990	5991
P166,8	5992	5992
P52,1	5993	5994
P182,1	5995	5996
P171,8	5997	5998
P183,1	5999	6000
P37,10	6001	6002
P90,8	6003	6003
P164,9	6004	6005
P38,1	6006	6007
P81,1	6008	6009
P179,7	6010	6011
P165,9	6012	6013
P64,8	6014	6014
P176,7	6015	6015
P120,10	6016	6016
P24,1	6017	6018
P123,8	6019	6019
P59,10	6020	6021
P84,11	6022	6023
P184,1	6024	6025
P126,8	6026	6027
P172,8	6028	6029
P12,12	6030	6030
P193,1	6031	6032
P83,1	6033	6034
P124,9	6035	6036
P41,10	6037	6038
P167,9	6039	6040
P152,1	6041	6042
P194,1	6043	6044
P94,9	6045	6046
P155,1	6047	6048
P115,1	6049	6050
P15,1	6051	6052
P195,1	6053	6054
P185,1	6055	6056
P61,10	6057	6058
P6,12	6059	6059
P40,10	6060	6061
P93,9	6062	6063
P32,1	6064	6065
P132,7	6066	6067
P162,1	6068	6069
P43,1	6070	6071
P33,1	6072	6073
P68,10	6074	6075
P196,1	6076	6077
P63,1	6078	6079
P96,9	6080	6080
P135,9	6081	6081
P178,9	6082	6083
P186,1	6084	6085
P92,1	6086	6087
P45,12	6088	6089
P127,11	6090	6091
P71,10	6092	6093
P8,12	6094	6095
P47,10	6096	6096
P129,9	6097	6098
P66,10	6099	6099
P35,9	6100	6101
P197,1	6102	6103
P168,1	6104	6105
P98,10	6106	6107
P187,1	6108	6109
P134,9	6110	6111
P27,1	6112	6113
P131,10	6114	6115
P133,10	6116	6117
P54,8	6118	6118
P198,1	6119	6120
P147,8	6121	6121
P139,8	6122	6123
P188,1	6124	6125
P125,1	6126	6127
P145,9	6128	6129
P53,9	6130	6131
P76,9	6132	6133
P149,8	6134	6135
P175,1	6136	6137
P75,9	6138	6139
P142,10	6140	6141
P69,1	6142	6143
P199,1	6144	6145
P200,1	6146	6147
P138,8	6148	6148
P30,11	6149	6150
P180,1	6151	6152
P28,11	6153	6154
P102,9	6155	6156
P2,14	6157	6157
P189,1	6158	6159
P97,12	6160	6160
P140,10	6161	6161
P158,7	6162	6163
P1,1	6164	6165
P108,9	6166	6166
P77,12	6167	6168
P137,1	6169	6170
P107,9	6171	6172
P190,1	6173	6174
P156,10	6175	6176
P73,1	6177	6178
P49,11	6179	6180
P150,9	6181	6182
P3,1	6183	6184
P14,10	6185	6186
P103,1	6187	6188
P181,1	6189	6190
P16,10	6191	6191
P112,9	6192	6192
P143,1	6193	6194
P159,9	6195	6196
P57,9	6197	6198
P78,11	6199	6200
P110,10	6201	6202
P39,9	6203	6204
P91,8	6205	6205
P111,10	6206	6207
P105,1	6208	6209
P55,10	6210	6211
P86,10	6212	6213
P51,1	6214	6215
P89,8	6216	6216
P18,13	6217	6218
P191,1	6219	6220
P160,9	6221	6222
P58,10	6223	6224
P146,1	6225	6226
P118,9	6227	6228
P60,9	6229	6230
P192,1	6231	6232
P52,1	6233	6234
P182,1	6235	6236
P85,10	6237	6238
P171,8	6239	6240
P117,10	6241	6242
P183,1	6243	6244
P37,10	6245	6246
P164,9	6247	6247
P38,1	6248	6249
P81,1	6250	6251
P179,7	6252	6253
P165,9	6254	6255
P163,9	6256	6256
P24,1	6257	6258
P166,9	6259	6260
P90,9	6261	6262
P184,1	6263	6264
P126,8	6265	6266
P172,8	6267	6268
P193,1	6269	6270
P176,8	6271	6272
P83,1	6273	6274
P124,9	6275	6276
P120,11	6277	6278
P41,10	6279	6280
P152,1	6281	6282
P194,1	6283	6284
P12,13	6285	6286
P84,12	6287	6288
P155,1	6289	6290
P115,1	6291	6292
P64,9	6293	6294
P15,1	6295	6296
P59,11	6297	6298
P195,1	6299	6300
P185,1	6301	6302
P40,10	6303	6304
P93,9	6305	6306
P32,1	6307	6308
P132,7	6309	6310
P167,10	6311	6312
P162,1	6313	6314
P94,10	6315	6316
P43,1	6317	6318
P33,1	6319	6320
P68,10	6321	6321
P6,13	6322	6323
P196,1	6324	6325
P63,1	6326	6327
P178,9	6328	6329
P186,1	6330	6331
P61,11	6332	6333
P92,1	6334	6335
P45,12	6336	6337
P8,12	6338	6338
P197,1	6339	6340
P168,1	6341	6342
P187,1	6343	6344
P96,10	6345	6346
P134,9	6347	6348
P27,1	6349	6350
P71,11	6351	6352
P131,10	6353	6354
P133,10	6355	6356
P135,10	6357	6357
P47,11	6358	6359
P198,1	6360	6361
P139,8	6362	6363
P127,12	6364	6365
P188,1	6366	6367
P125,1	6368	6369
P145,9	6370	6371
P98,11	6372	6373
P35,10	6374	6375
P76,9	6376	6376
P149,8	6377	6378
P129,10	6379	6380
P175,1	6381	6382
P75,9	6383	6384
P142,10	6385	6386
P69,1	6387	6388
P199,1	6389	6390
P54,9	6391	6391
P200,1	6392	6393
P53,10	6394	6394
P180,1	6395	6396
P28,11	6397	6398
P147,9	6399	6400
P189,1	6401	6402
P1,1	6403	6404
P30,12	6405	6405
P137,1	6406	6407
P107,9	6408	6408
P190,1	6409	6410
P2,15	6411	6412
P73,1	6413	6414
P138,9	6415	6416
P158,8	6417	6417
P3,1	6418	6419
P77,13	6420	6420
P14,10	6421	6422
P103,1	6423	6424
P102,10	6425	6426
P181,1	6427	6428
P108,10	6429	6430
P143,1	6431	6432
P159,9	6433	6434
P78,11	6435	6436
P140,11	6437	6438
P110,10	6439	6440
P39,9	6441	6442
P156,11	6443	6444
P105,1	6445	6446
P49,12	6447	6448
P55,10	6449	6450
P86,10	6451	6452
P51,1	6453	6454
P112,10	6455	6456
P18,13	6457	6457
P150,10	6458	6459
P191,1	6460	6461
P160,9	6462	6463
P58,10	6464	6465
P146,1	6466	6467
P118,9	6468	6468
P57,10	6469	6470
P192,1	6471	6472
P52,1	6473	6474
P182,1	6475	6476
P85,10	6477	6478
P91,9	6479	6479
P117,10	6480	6481
P111,11	6482	6483
P89,9	6484	6485
P183,1	6486	6487
P38,1	6488	6489
P81,1	6490	6491
P24,1	6492	6493
P166,9	6494	6495
P90,9	6496	6497
P184,1	6498	6499
P171,9	6500	6501
P172,8	6502	6502
P193,1	6503	6504
P83,1	6505	6506
P37,11	6507	6507
P120,11	6508	6509
P41,10	6510	6511
P152,1	6512	6513
P194,1	6514	6515
P84,12	6516	6517
P165,10	6518	6518
P155,1	6519	6520
P115,1	6521	6522
P179,8	6523	6524
P64,9	6525	6526
P163,10	6527	6528
P15,1	6529	6530
P195,1	6531	6532
P124,10	6533	6534
P185,1	6535	6536
P176,9	6537	6538
P40,10	6539	6540
P126,9	6541	6541
P32,1	6542	6543
P167,10	6544	6545
P162,1	6546	6547
P12,14	6548	6548
P43,1	6549	6550
P33,1	6551	6552
P6,13	6553	6554
P196,1	6555	6556
P93,10	6557	6558
P63,1	6559	6560
P132,8	6561	6561
P186,1	6562	6563
P61,11	6564	6565
P92,1	6566	6567
P45,12	6568	6569
P59,12	6570	6571
P197,1	6572	6573
P168,1	6574	6575
P187,1	6576	6577
P27,1	6578	6579
P71,11	6580	6581
P131,10	6582	6583
P94,11	6584	6585
P133,10	6586	6586
P68,11	6587	6588
P178,10	6589	6590
P198,1	6591	6592
P8,13	6593	6594
P188,1	6595	6596
P125,1	6597	6598
P98,11	6599	6600
P35,10	6601	6601
P135,11	6602	6603
P96,11	6604	6605
P129,10	6606	6607
P175,1	6608	6609
P69,1	6610	6611
P139,9	6612	6613
P199,1	6614	6615
P200,1	6616	6617
P180,1	6618	6619
P28,11	6620	6620
P142,11	6621	6622
P189,1	6623	6624
P1,1	6625	6626
P145,10	6627	6628
P137,1	6629	6630
P76,10	6631	6632
P190,1	6633	6634
P54,10	6635	6635
P2,15	6636	6637
P73,1	6638	6639
P138,9	6640	6641
P53,11	6642	6643
P3,1	6644	6645
P147,10	6646	6647
P107,10	6648	6649
P103,1	6650	6651
P102,10	6652	6653
P181,1	6654	6655
P143,1	6656	6657
P159,9	6658	6658
P140,11	6659	6660
P77,14	6661	6662
P39,9	6663	6664
P156,11	6665	6666
P105,1	6667	6668
P49,12	6669	6670
P86,10	6671	6671
P51,1	6672	6673
P158,9	6674	6675
P14,11	6676	6677
P112,10	6678	6678
P150,10	6679	6680
P191,1	6681	6682
P160,9	6683	6684
P108,11	6685	6686
P78,12	6687	6687
P58,10	6688	6688
P146,1	6689	6690
P57,10	6691	6692
P192,1	6693	6694
P52,1	6695	6696
P182,1	6697	6698
P85,10	6699	6700
P117,10	6701	6702
P55,11	6703	6703
P111,11	6704	6704
P183,1	6705	6706
P18,14	6707	6708
P38,1	6709	6710
P81,1	6711	6712
P24,1	6713	6714
P166,9	6715	6715
P90,9	6716	6716
P184,1	6717	6718
P89,10	6719	6719
P171,9	6720	6721
P91,10	6722	6723
P193,1	6724	6725
P118,10	6726	6727
P83,1	6728	6729
P120,11	6730	6731
P152,1	6732	6733
P194,1	6734	6735
P84,12	6736	6737
P155,1	6738	6739
P115,1	6740	6741
P179,8	6742	6743
P64,9	6744	6744
P172,9	6745	6746
P163,10	6747	6748
P15,1	6749	6750
P195,1	6751	6752
P185,1	6753	6754
P176,9	6755	6756
P37,12	6757	6758
P32,1	6759	6760
P41,11	6761	6761
P167,10	6762	6762
P162,1	6763	6764
P165,11	6765	6766
P43,1	6767	6768
P33,1	6769	6770
P6,13	6771	6772
P196,1	6773	6774
P126,10	6775	6776
P93,10	6777	6777
P63,1	6778	6779
P186,1	6780	6781
P61,11	6782	6783
P124,11	6784	6785
P40,11	6786	6787
P92,1	6788	6789
P59,12	6790	6791
P197,1	6792	6793
P168,1	6794	6795
P187,1	6796	6797
P27,1	6798	6799
P71,11	6800	6801
P94,11	6802	6803
P45,13	6804	6804
P198,1	6805	6806
P8,13	6807	6808
P188,1	6809	6810
P125,1	6811	6812
P132,9	6813	6814
P98,11	6815	6815
P131,11	6816	6817
P135,11	6818	6819
P96,11	6820	6821
P175,1	6822	6823
P68,12	6824	6825
P133,11	6826	6827
P69,1	6828	6829
P139,9	6830	6831
P199,1	6832	6833
P200,1	6834	6835
P180,1	6836	6837
P178,11	6838	6839
P35,11	6840	6841
P142,11	6842	6843
P189,1	6844	6845
P1,1	6846	6847
P145,10	6848	6849
P137,1	6850	6851
P76,10	6852	6852
P190,1	6853	6854
P129,11	6855	6856
P73,1	6857	6858
P138,9	6859	6859
P53,11	6860	6861
P3,1	6862	6863
P147,10	6864	6865
P103,1	6866	6867
P181,1	6868	6869
P143,1	6870	6871
P77,14	6872	6873
P54,11	6874	6875
P105,1	6876	6877
P51,1	6878	6879
P107,11	6880	6881
P158,9	6882	6883
P39,10	6884	6884
P150,10	6885	6886
P191,1	6887	6888
P108,11	6889	6890
P102,11	6891	6892
P159,10	6893	6894
P146,1	6895	6896
P57,10	6897	6898
P192,1	6899	6900
P140,12	6901	6901
P52,1	6902	6903
P86,11	6904	6905
P182,1	6906	6907
P49,13	6908	6909
P183,1	6910	6911
P160,10	6912	6912
P18,14	6913	6914
P38,1	6915	6916
P112,11	6917	6918
P81,1	6919	6920
P14,12	6921	6922
P24,1	6923	6924
P85,11	6925	6926
P184,1	6927	6928
P55,12	6929	6930
P58,11	6931	6932
P91,10	6933	6934
P193,1	6935	6936
P118,10	6937	6938
P83,1	6939	6940
P90,10	6941	6941
P152,1	6942	6943
P194,1	6944	6945
P155,1	6946	6947
P166,10	6948	6949
P89,11	6950	6951
P115,1	6952	6953
P171,10	6954	6954
P111,12	6955	6956
P172,9	6957	6958
P163,10	6959	6960
P15,1	6961	6962
P195,1	6963	6964
P185,1	6965	6966
P37,12	6967	6968
P179,9	6969	6970
P32,1	6971	6972
P162,1	6973	6974
P165,11	6975	6976
P43,1	6977	6978
P33,1	6979	6980
P84,13	6981	6982
P196,1	6983	6984
P64,10	6985	6986
P176,10	6987	6987
P63,1	6988	6989
P186,1	6990	6991
P40,11	6992	6992
P92,1	6993	6994
P59,12	6995	6996
P197,1	6997	6998
P168,1	6999	7000
P187,1	7001	7002
P27,1	7003	7004
P126,11	7005	7006
P198,1	7007	7008
P61,12	7009	7010
P6,14	7011	7012
P124,12	7013	7014
P188,1	7015	7016
P125,1	7017	7018
P132,9	7019	7020
P93,11	7021	7022
P131,11	7023	7024
P135,11	7025	7026
P45,14	7027	7027
P96,11	7028	7028
P175,1	7029	7030
P68,12	7031	7032
P133,11	7033	7034
P69,1	7035	7036
P139,9	7037	7038
P199,1	7039	7040
P200,1	7041	7042
P71,12	7043	7044
P180,1	7045	7046
P178,11	7047	7048
P94,12	7049	7050
P35,11	7051	7051
P142,11	7052	7053
P189,1	7054	7055
P1,1	7056	7057
P8,14	7058	7059
P98,12	7060	7061
P137,1	7062	7063
P190,1	7064	7065
P73,1	7066	7067
P53,11	7068	7069
P3,1	7070	7071
P147,10	7072	7072
P103,1	7073	7074
P181,1	7075	7076
P143,1	7077	7078
P77,14	7079	7079
P105,1	7080	7081
P51,1	7082	7083
P158,9	7084	7085
P129,12	7086	7086
P145,11	7087	7088
P138,10	7089	7089
P191,1	7090	7091
P76,11	7092	7093
P108,11	7094	7094
P102,11	7095	7096
P159,10	7097	7098
P146,1	7099	7100
P54,12	7101	7102
P192,1	7103	7104
P150,11	7105	7105
P52,1	7106	7107
P86,11	7108	7109
P182,1	7110	7111
P49,13	7112	7112
P183,1	7113	7114
P38,1	7115	7116
P107,12	7117	7118
P112,11	7119	7120
P39,11	7121	7122
P140,13	7123	7124
P81,1	7125	7126
P14,12	7127	7128
P24,1	7129	7130
P85,11	7131	7132
P184,1	7133	7134
P55,12	7135	7135
P58,11	7136	7137
P91,10	7138	7139
P160,11	7140	7141
P57,11	7142	7143
P193,1	7144	7145
P83,1	7146	7147
P152,1	7148	7149
P194,1	7150	7151
P155,1	7152	7153
P166,10	7154	7155
P115,1	7156	7157
P111,12	7158	7159
P172,9	7160	7161
P15,1	7162	7163
P195,1	7164	7165
P185,1	7166	7167
P89,12	7168	7168
P179,9	7169	7170
P32,1	7171	7172
P162,1	7173	7174
P118,11	7175	7175
P43,1	7176	7177
P163,11	7178	7178
P33,1	7179	7180
P84,13	7181	7182
P196,1	7183	7184
P64,10	7185	7186
P171,11	7187	7187
P63,1	7188	7189
P186,1	7190	7191
P92,1	7192	7193
P37,13	7194	7194
P197,1	7195	7196
P168,1	7197	7198
P187,1	7199	7200
P27,1	7201	7202
P126,11	7203	7204
P40,12	7205	7206
P198,1	7207	7208
P61,12	7209	7210
P6,14	7211	7212
P59,13	7213	7214
P124,12	7215	7216
P188,1	7217	7218
P125,1	7219	7220
P132,9	7221	7222
P176,11	7223	7224
P93,11	7225	7226
P131,11	7227	7228
P175,1	7229	7230
P133,11	7231	7232
P69,1	7233	7234
P199,1	7235	7236
P200,1	7237	7238
P71,12	7239	7240
P180,1	7241	7242
P94,12	7243	7243
P135,12	7244	7245
P96,12	7246	7247
P189,1	7248	7249
P1,1	7250	7251
P8,14	7252	7253
P68,13	7254	7255
P98,12	7256	7257
P137,1	7258	7259
P190,1	7260	7261
P73,1	7262	7263
P3,1	7264	7265
P139,10	7266	7267
P103,1	7268	7269
P35,12	7270	7271
P181,1	7272	7273
P143,1	7274	7275
P105,1	7276	7277
P51,1	7278	7279
P145,11	7280	7281
P147,11	7282	7282
P191,1	7283	7284
P76,11	7285	7286
P146,1	7287	7288
P53,12	7289	7290
P54,12	7291	7292
P192,1	7293	7294
P52,1	7295	7296
P158,10	7297	7298
P108,12	7299	7300
P86,11	7301	7302
P182,1	7303	7304
P129,13	7305	7306
P183,1	7307	7308
P38,1	7309	7310
P159,11	7311	7312
P112,11	7313	7313
P102,12	7314	7315
P39,11	7316	7317
P140,13	7318	7319
P81,1	7320	7321
P14,12	7322	7323
P24,1	7324	7325
P85,11	7326	7327
P184,1	7328	7329
P107,13	7330	7330
P160,11	7331	7331
P57,11	7332	7333
P193,1	7334	7335
P83,1	7336	7337
P49,14	7338	7339
P152,1	7340	7341
P194,1	7342	7343
P58,12	7344	7345
P155,1	7346	7347
P166,10	7348	7349
P115,1	7350	7351
P55,13	7352	7353
P111,12	7354	7355
P15,1	7356	7357
P195,1	7358	7359
P185,1	7360	7361
P32,1	7362	7363
P162,1	7364	7365
P172,10	7366	7366
P43,1	7367	7368
P91,11	7369	7370
P33,1	7371	7372
P84,13	7373	7373
P196,1	7374	7375
P64,10	7376	7377
P63,1	7378	7379
P186,1	7380	7381
P163,12	7382	7383
P92,1	7384	7385
P197,1	7386	7387
P168,1	7388	7389
P179,10	7390	7390
P187,1	7391	7392
P27,1	7393	7394
P126,11	7395	7395
P89,13	7396	7397
P40,12	7398	7399
P198,1	7400	7401
P61,12	7402	7402
P118,12	7403	7404
P124,12	7405	7405
P188,1	7406	7407
P125,1	7408	7409
P176,11	7410	7410
P93,11	7411	7411
P175,1	7412	7413
P69,1	7414	7415
P199,1	7416	7417
P132,10	7418	7419
P200,1	7420	7421
P71,12	7422	7423
P180,1	7424	7425
P131,12	7426	7427
P135,12	7428	7429
P189,1	7430	7431
P1,1	7432	7433
P8,14	7434	7434
P68,13	7435	7436
P98,12	7437	7437
P137,1	7438	7439
P190,1	7440	7441
P73,1	7442	7443
P133,12	7444	7445
P3,1	7446	7447
P103,1	7448	7449
P35,12	7450	7450
P181,1	7451	7452
P143,1	7453	7454
P105,1	7455	7456
P51,1	7457	7458
P94,13	7459	7459
P145,11	7460	7461
P96,13	7462	7463
P191,1	7464	7465
P76,11	7466	7467
P146,1	7468	7469
P53,12	7470	7471
P54,12	7472	7473
P192,1	7474	7475
P52,1	7476	7477
P158,10	7478	7479
P108,12	7480	7480
P147,12	7481	7482
P182,1	7483	7484
P129,13	7485	7486
P183,1	7487	7488
P38,1	7489	7490
P159,11	7491	7492
P102,12	7493	7494
P39,11	7495	7496
P140,13	7497	7497
P81,1	7498	7499
P24,1	7500	7501
P86,12	7502	7503
P184,1	7504	7505
P57,11	7506	7506
P193,1	7507	7508
P83,1	7509	7510
P49,14	7511	7512
P152,1	7513	7514
P112,12	7515	7516
P194,1	7517	7518
P85,12	7519	7520
P160,12	7521	7522
P155,1	7523	7524
P115,1	7525	7526
P55,13	7527	7527
P195,1	7528	7529
P14,13	7530	7531
P185,1	7532	7533
P15,2	7534	7535
P32,1	7536	7537
P162,1	7538	7539
P107,14	7540	7541
P43,1	7542	7543
P91,11	7544	7544
P33,1	7545	7546
P196,1	7547	7548
P63,1	7549	7550
P58,13	7551	7552
P186,1	7553	7554
P163,12	7555	7555
P92,1	7556	7557
P197,1	7558	7559
P168,1	7560	7561
P111,13	7562	7563
P172,11	7564	7565
P187,1	7566	7567
P27,1	7568	7569
P89,13	7570	7571
P198,1	7572	7573
P118,12	7574	7575
P64,11	7576	7577
P188,1	7578	7579
P125,1	7580	7581
P175,1	7582	7583
P69,1	7584	7585
P199,1	7586	7587
P126,12	7588	7589
P132,10	7590	7591
P200,1	7592	7593
P180,1	7594	7595
P179,11	7596	7597
P61,13	7598	7599
P135,12	7600	7601
P189,1	7602	7603
P176,12	7604	7605
P1,1	7606	7607
P40,13	7608	7609
P137,1	7610	7611
P71,13	7612	7613
P190,1	7614	7615
P73,1	7616	7617
P133,12	7618	7619
P3,1	7620	7621
P103,1	7622	7623
P181,1	7624	7625
P143,1	7626	7627
P105,1	7628	7629
P51,1	7630	7631
P8,15	7632	7633
P191,1	7634	7635
P146,1	7636	7637
P53,12	7638	7639
P98,13	7640	7641
P192,1	7642	7643
P52,1	7644	7645
P158,10	7646	7646
P35,13	7647	7648
P147,12	7649	7650
P182,1	7651	7652
P145,12	7653	7654
P183,1	7655	7656
P38,1	7657	7658
P159,11	7659	7659
P102,12	7660	7661
P81,1	7662	7663
P24,1	7664	7665
P96,14	7666	7667
P76,12	7668	7669
P86,12	7670	7671
P184,1	7672	7673
P108,13	7674	7675
P193,1	7676	7677
P83,1	7678	7679
P54,13	7680	7681
P152,1	7682	7683
P39,12	7684	7685
P112,12	7686	7687
P194,1	7688	7689
P140,14	7690	7691
P160,12	7692	7693
P155,1	7694	7695
P115,1	7696	7697
P195,1	7698	7699
P14,13	7700	7701
P185,1	7702	7703
P57,12	7704	7705
P15,2	7706	7707
P32,1	7708	7709
P162,1	7710	7711
P85,13	7712	7713
P43,1	7714	7715
P33,1	7716	7717
P196,1	7718	7719
P63,1	7720	7721
P58,13	7722	7722
P186,1	7723	7724
P92,1	7725	7726
P197,1	7727	7728
P168,1	7729	7730
P111,13	7731	7732
P172,11	7733	7734
P187,1	7735	7736
P91,12	7737	7738
P27,1	7739	7740
P107,15	7741	7742
P198,1	7743	7744
P64,11	7745	7746
P188,1	7747	7748
P125,1	7749	7750
P175,1	7751	7752
P69,1	7753	7754
P163,13	7755	7756
P199,1	7757	7758
P126,12	7759	7760
P200,1	7761	7762
P89,14	7763	7764
P180,1	7765	7766
P179,11	7767	7768
P61,13	7769	7770
P189,1	7771	7772
P176,12	7773	7774
P1,1	7775	7776
P40,13	7777	7778
P118,13	7779	7779
P137,1	7780	7781
P71,13	7782	7783
P190,1	7784	7785
P73,1	7786	7787
P3,1	7788	7789
P103,1	7790	7791
P181,1	7792	7793
P143,1	7794	7795
P105,1	7796	7797
P132,11	7798	7799
P51,1	7800	7801
P8,15	7802	7803
P191,1	7804	7805
P146,1	7806	7807
P98,13	7808	7809
P192,1	7810	7811
P52,1	7812	7813
P35,13	7814	7815
P182,1	7816	7817
P145,12	7818	7819
P133,13	7820	7821
P183,1	7822	7823
P38,1	7824	7825
P81,1	7826	7827
P24,1	7828	7829
P96,14	7830	7831
P76,12	7832	7833
P158,11	7834	7835
P184,1	7836	7837
P108,13	7838	7839
P193,1	7840	7841
P147,13	7842	7842
P53,13	7843	7843
P83,1	7844	7845
P54,13	7846	7847
P152,1	7848	7849
P39,12	7850	7851
P86,13	7852	7853
P112,12	7854	7854
P194,1	7855	7856
P140,14	7857	7858
P155,1	7859	7860
P115,1	7861	7862
P102,13	7863	7863
P195,1	7864	7865
P185,1	7866	7867
P15,2	7868	7869
P32,1	7870	7871
P162,1	7872	7873
P43,1	7874	7875
P33,1	7876	7877
P160,13	7878	7879
P196,1	7880	7881
P63,1	7882	7883
P186,1	7884	7885
P92,1	7886	7887
P197,1	7888	7889
P168,1	7890	7891
P111,13	7892	7893
P172,11	7894	7895
P14,14	7896	7897
P187,1	7898	7899
P91,12	7900	7901
P27,1	7902	7903
P198,1	7904	7905
P58,14	7906	7907
P64,11	7908	7909
P188,1	7910	7911
P125,1	7912	7913
P175,1	7914	7915
P69,1	7916	7917
P163,13	7918	7919
P199,1	7920	7921
P200,1	7922	7923
P89,14	7924	7925
P180,1	7926	7927
P179,11	7928	7929
P61,13	7930	7931
P189,1	7932	7933
P176,12	7934	7935
P1,1	7936	7937
P40,13	7938	7939
P137,1	7940	7941
P71,13	7942	7942
P190,1	7943	7944
P73,1	7945	7946
P3,1	7947	7948
P103,1	7949	7950
P181,1	7951	7952
P143,1	7953	7954
P105,1	7955	7956
P132,11	7957	7958
P51,1	7959	7960
P191,1	7961	7962
P118,14	7963	7964
P146,1	7965	7966
P192,1	7967	7968
P52,1	7969	7970
P35,13	7971	7972
P182,1	7973	7974
P145,12	7975	7976
P183,1	7977	7978
P38,1	7979	7980
P81,1	7981	7982
P24,1	7983	7984
P96,14	7985	7986
P158,11	7987	7988
P184,1	7989	7990
P108,13	7991	7991
P193,1	7992	7993
P98,14	7994	7995
P83,1	7996	7997
P152,1	7998	7999
P39,12	8000	8001
P194,1	8002	8003
P140,14	8004	8005
P155,1	8006	8007
P115,1	8008	8009
P195,1	8010	8011
P76,13	8012	8013
P185,1	8014	8015
P53,14	8016	8016
P15,2	8017	8018
P86,14	8019	8020
P32,1	8021	8022
P162,1	8023	8024
P43,1	8025	8026
P147,14	8027	8028
P33,1	8029	8030
P160,13	8031	8032
P196,1	8033	8034
P63,1	8035	8036
P186,1	8037	8038
P102,14	8039	8040
P92,1	8041	8042
P197,1	8043	8044
P112,13	8045	8046
P168,1	8047	8048
P14,14	8049	8049
P187,1	8050	8051
P91,12	8052	8052
P27,1	8053	8054
P198,1	8055	8056
P58,14	8057	8058
P188,1	8059	8060
P125,1	8061	8062
P175,1	8063	8064
P69,1	8065	8066
P172,12	8067	8068
P163,13	8069	8070
P199,1	8071	8072
P200,1	8073	8074
P89,14	8075	8076
P180,1	8077	8078
P189,1	8079	8080
P1,1	8081	8082
P137,1	8083	8084
P190,1	8085	8086
P73,1	8087	8088
P3,1	8089	8090
P103,1	8091	8092
P181,1	8093	8094
P143,1	8095	8096
P105,1	8097	8098
P51,1	8099	8100
P191,1	8101	8102
P118,14	8103	8104
P146,1	8105	8106
P192,1	8107	8108
P179,12	8109	8110
P52,1	8111	8112
P176,13	8113	8114
P182,1	8115	8116
P183,1	8117	8118
P71,14	8119	8119
P38,1	8120	8121
P81,1	8122	8123
P132,12	8124	8125
P24,1	8126	8127
P35,14	8128	8128
P158,11	8129	8130
P184,1	8131	8132
P193,1	8133	8134
P98,14	8135	8136
P145,13	8137	8138
P83,1	8139	8140
P152,1	8141	8142
P194,1	8143	8144
P155,1	8145	8146
P115,1	8147	8148
P195,1	8149	8150
P76,13	8151	8152
P185,1	8153	8154
P15,2	8155	8156
P86,14	8157	8158
P96,15	8159	8160
P32,1	8161	8162
P162,1	8163	8164
P43,1	8165	8166
P147,14	8167	8168
P33,1	8169	8170
P160,13	8171	8172
P196,1	8173	8174
P63,1	8175	8176
P186,1	8177	8178
P102,14	8179	8180
P92,1	8181	8182
P53,15	8183	8184
P197,1	8185	8186
P112,13	8187	8188
P168,1	8189	8190
P187,1	8191	8192
P27,1	8193	8194
P198,1	8195	8196
P58,14	8197	8198
P188,1	8199	8200
P125,1	8201	8202
P175,1	8203	8204
P69,1	8205	8206
P172,12	8207	8207
P199,1	8208	8209
P200,1	8210	8211
P180,1	8212	8213
P189,1	8214	8215
P1,1	8216	8217
P137,1	8218	8219
P190,1	8220	8221
P73,1	8222	8223
P91,13	8224	8225
P3,1	8226	8227
P103,1	8228	8229
P181,1	8230	8231
P143,1	8232	8233
P105,1	8234	8235
P51,1	8236	8237
P163,14	8238	8238
P191,1	8239	8240
P118,14	8241	8241
P146,1	8242	8243
P192,1	8244	8245
P179,12	8246	8247
P52,1	8248	8249
P176,13	8250	8251
P182,1	8252	8253
P183,1	8254	8255
P38,1	8256	8257
P81,1	8258	8259
P132,12	8260	8260
P24,1	8261	8262
P184,1	8263	8264
P193,1	8265	8266
P145,13	8267	8268
P71,15	8269	8270
P152,1	8271	8272
P194,1	8273	8274
P155,1	8275	8276
P115,1	8277	8278
P195,1	8279	8280
P158,12	8281	8281
P185,1	8282	8283
P98,15	8284	8285
P15,2	8286	8287
P96,15	8288	8289
P32,1	8290	8291
P35,15	8292	8292
P162,1	8293	8294
P43,1	8295	8296
P33,1	8297	8298
P196,1	8299	8300
P63,1	8301	8302
P186,1	8303	8304
P86,15	8305	8306
P92,1	8307	8308
P197,1	8309	8310
P76,14	8311	8312
P168,1	8313	8314
P187,1	8315	8316
P27,1	8317	8318
P198,1	8319	8320
P188,1	8321	8322
P125,1	8323	8324
P175,1	8325	8326
P69,1	8327	8328
P160,14	8329	8330
P199,1	8331	8332
P200,1	8333	8334
P180,1	8335	8336
P102,15	8337	8338
P189,1	8339	8340
P1,1	8341	8342
P137,1	8343	8344
P190,1	8345	8346
P73,1	8347	8348
P3,1	8349	8350
P172,13	8351	8351
P103,1	8352	8353
P181,1	8354	8355
P143,1	8356	8357
P105,1	8358	8359
P51,1	8360	8361
P191,1	8362	8363
P146,1	8364	8365
P192,1	8366	8367
P179,12	8368	8368
P52,1	8369	8370
P176,13	8371	8372
P182,1	8373	8374
P183,1	8375	8376
P38,1	8377	8378
P81,1	8379	8380
P24,1	8381	8382
P163,15	8383	8384
P184,1	8385	8386
P193,1	8387	8388
P145,13	8389	8390
P71,15	8391	8391
P152,1	8392	8393
P194,1	8394	8395
P155,1	8396	8397
P115,1	8398	8399
P195,1	8400	8401
P185,1	8402	8403
P98,15	8404	8405
P15,2	8406	8407
P96,15	8408	8408
P32,1	8409	8410
P162,1	8411	8412
P43,1	8413	8414
P158,13	8415	8416
P33,1	8417	8418
P196,1	8419	8420
P63,1	8421	8422
P186,1	8423	8424
P86,15	8425	8425
P92,1	8426	8427
P197,1	8428	8429
P168,1	8430	8431
P187,1	8432	8433
P27,1	8434	8435
P198,1	8436	8437
P188,1	8438	8439
P125,1	8440	8441
P175,1	8442	8443
P69,1	8444	8445
P160,14	8446	8446
P199,1	8447	8448
P200,1	8449	8450
P180,1	8451	8452
P102,15	8453	8454
P189,1	8455	8456
P1,1	8457	8458
P137,1	8459	8460
P190,1	8461	8462
P73,1	8463	8464
P3,1	8465	8466
P103,1	8467	8468
P181,1	8469	8470
P143,1	8471	8472
P105,1	8473	8474
P191,1	8475	8476
P51,2	8477	8478
P146,1	8479	8480
P192,1	8481	8482
P52,1	8483	8484
P182,1	8485	8486
P183,1	8487	8488
P38,1	8489	8490
P81,1	8491	8492
P24,1	8493	8494
P163,15	8495	8496
P184,1	8497	8498
P193,1	8499	8500
P152,1	8501	8502
P194,1	8503	8504
P176,14	8505	8506
P155,1	8507	8508
P115,1	8509	8510
P195,1	8511	8512
P185,1	8513	8514
P179,13	8515	8515
P15,2	8516	8517
P32,1	8518	8519
P162,1	8520	8521
P43,1	8522	8523
P196,1	8524	8525
P63,1	8526	8527
P186,1	8528	8529
P92,1	8530	8531
P197,1	8532	8533
P168,1	8534	8535
P187,1	8536	8537
P27,1	8538	8539
P198,1	8540	8541
P188,1	8542	8543
P158,14	8544	8545
P125,1	8546	8547
P175,1	8548	8549
P69,1	8550	8551
P199,1	8552	8553
P200,1	8554	8555
P180,1	8556	8557
P102,15	8558	8559
P189,1	8560	8561
P1,1	8562	8563
P137,1	8564	8565
P190,1	8566	8567
P73,1	8568	8569
P3,1	8570	8571
P103,1	8572	8573
P181,1	8574	8575
P143,1	8576	8577
P105,1	8578	8579
P191,1	8580	8581
P51,2	8582	8583
P146,1	8584	8585
P192,1	8586	8587
P52,1	8588	8589
P182,1	8590	8591
P183,1	8592	8593
P38,1	8594	8595
P81,1	8596	8597
P24,1	8598	8599
P184,1	8600	8601
P193,1	8602	8603
P152,1	8604	8605
P194,1	8606	8607
P176,14	8608	8609
P155,1	8610	8611
P115,1	8612	8613
P195,1	8614	8615
P185,1	8616	8617
P15,2	8618	8619
P32,1	8620	8621
P162,1	8622	8623
P43,1	8624	8625
P196,1	8626	8627
P63,1	8628	8629
P186,1	8630	8631
P179,14	8632	8633
P92,1	8634	8635
P197,1	8636	8637
P168,1	8638	8639
P187,1	8640	8641
P27,1	8642	8643
P198,1	8644	8645
P188,1	8646	8647
P158,14	8648	8649
P125,1	8650	8651
P175,1	8652	8653
P69,1	8654	8655
P199,1	8656	8657
P200,1	8658	8659
P180,1	8660	8661
P189,1	8662	8663
P1,1	8664	8665
P137,1	8666	8667
P190,1	8668	8669
P73,1	8670	8671
P3,1	8672	8673
P103,1	8674	8675
P181,1	8676	8677
P143,1	8678	8679
P105,1	8680	8681
P191,1	8682	8683
P51,2	8684	8685
P146,1	8686	8687
P192,1	8688	8689
P52,1	8690	8691
P182,1	8692	8693
P183,1	8694	8695
P38,1	8696	8697
P81,1	8698	8699
P24,1	8700	8701
P184,1	8702	8702
P193,1	8703	8704
P152,1	8705	8706
P194,1	8707	8708
P176,14	8709	8709
P155,1	8710	8711
P115,1	8712	8713
P195,1	8714	8715
P185,1	8716	8717
P15,2	8718	8719
P32,1	8720	8721
P162,1	8722	8723
P43,1	8724	8725
P196,1	8726	8727
P63,1	8728	8729
P186,1	8730	8731
P179,14	8732	8733
P92,1	8734	8735
P197,1	8736	8737
P168,1	8738	8739
P187,1	8740	8741
P27,1	8742	8743
P198,1	8744	8745
P188,1	8746	8747
P125,1	8748	8749
P175,1	8750	8751
P69,1	8752	8753
P199,1	8754	8755
P200,1	8756	8757
P180,1	8758	8759
P189,1	8760	8761
P1,1	8762	8763
P137,1	8764	8765
P190,1	8766	8767
P73,1	8768	8769
P3,1	8770	8771
P103,1	8772	8773
P181,1	8774	8775
P143,1	8776	8777
P105,1	8778	8779
P191,1	8780	8781
P51,2	8782	8783
P146,1	8784	8785
P192,1	8786	8787
P52,1	8788	8789
P182,1	8790	8791
P183,1	8792	8793
P38,1	8794	8795
P81,1	8796	8797
P24,1	8798	8799
P193,1	8800	8801
P152,1	8802	8803
P184,2	8804	8805
P194,1	8806	8807
P155,1	8808	8809
P115,1	8810	8811
P195,1	8812	8813
P185,1	8814	8815
P15,2	8816	8817
P32,1	8818	8819
P162,1	8820	8821
P43,1	8822	8823
P196,1	8824	8825
P63,1	8826	8827
P176,15	8828	8829
P186,1	8830	8831
P179,14	8832	8833
P92,1	8834	8835
P197,1	8836	8837
P168,1	8838	8839
P187,1	8840	8841
P27,1	8842	8843
P198,1	8844	8845
P188,1	8846	8847
P125,1	8848	8849
P175,1	8850	8851
P69,1	8852	8853
P199,1	8854	8855
P200,1	8856	8857
P180,1	8858	8859
P189,1	8860	8861
P1,1	8862	8863
P137,1	8864	8865
P190,1	8866	8867
P73,1	8868	8869
P3,1	8870	8871
P103,1	8872	8873
P181,1	8874	8875
P143,1	8876	8877
P105,1	8878	8879
P191,1	8880	8881
P51,2	8882	8883
P146,1	8884	8885
P192,1	8886	8887
P52,1	8888	8889
P182,1	8890	8891
P183,1	8892	8893
P38,1	8894	8895
P81,1	8896	8897
P24,1	8898	8899
P193,1	8900	8901
P152,1	8902	8903
P184,2	8904	8905
P194,1	8906	8907
P155,1	8908	8909
P115,1	8910	8911
P195,1	8912	8913
P185,1	8914	8915
P15,2	8916	8917
P32,1	8918	8919
P162,1	8920	8921
P43,1	8922	8923
P196,1	8924	8925
P63,1	8926	8927
P176,15	8928	8928
P186,1	8929	8930
P92,1	8931	8932
P197,1	8933	8934
P168,1	8935	8936
P187,1	8937	8937
P27,1	8938	8939
P198,1	8940	8941
P188,1	8942	8943
P125,1	8944	8945
P175,1	8946	8947
P69,1	8948	8949
P199,1	8950	8951
P200,1	8952	8953
P180,1	8954	8955
P189,1	8956	8957
P1,1	8958	8959
P137,1	8960	8961
P179,15	8962	8963
P190,1	8964	8965
P73,1	8966	8967
P3,1	8968	8969
P103,1	8970	8971
P181,1	8972	8973
P143,1	8974	8975
P105,1	8976	8977
P191,1	8978	8979
P51,2	8980	8981
P146,1	8982	8983
P192,1	8984	8985
P52,1	8986	8987
P182,1	8988	8989
P183,1	8990	8991
P38,1	8992	8993
P81,1	8994	8995
P24,1	8996	8997
P193,1	8998	8999
P152,1	9000	9001
P184,2	9002	9003
P194,1	9004	9005
P155,1	9006	9007
P115,1	9008	9009
P195,1	9010	9011
P185,1	9012	9013
P15,2	9014	9015
P32,1	9016	9017
P162,1	9018	9019
P43,1	9020	9021
P196,1	9022	9023
P63,1	9024	9025
P186,1	9026	9027
P92,1	9028	9029
P197,1	9030	9031
P168,1	9032	9033
P27,1	9034	9035
P198,1	9036	9037
P187,2	9038	9039
P188,1	9040	9041
P125,1	9042	9043
P175,1	9044	9045
P69,1	9046	9047
P199,1	9048	9049
P200,1	9050	9051
P180,1	9052	9053
P189,1	9054	9055
P1,1	9056	9057
P137,1	9058	9059
P179,15	9060	9060
P190,1	9061	9062
P73,1	9063	9064
P3,1	9065	9066
P103,1	9067	9068
P181,1	9069	9070
P143,1	9071	9071
P105,1	9072	9073
P191,1	9074	9075
P51,2	9076	9077
P146,1	9078	9079
P192,1	9080	9081
P52,1	9082	9083
P182,1	9084	9085
P183,1	9086	9087
P38,1	9088	9089
P81,1	9090	9091
P24,1	9092	9093
P193,1	9094	9095
P152,1	9096	9097
P184,2	9098	9099
P194,1	9100	9101
P155,1	9102	9103
P115,1	9104	9105
P195,1	9106	9107
P185,1	9108	9109
P15,2	9110	9111
P32,1	9112	9113
P162,1	9114	9115
P43,1	9116	9117
P196,1	9118	9119
P63,1	9120	9121
P186,1	9122	9123
P92,1	9124	9125
P197,1	9126	9127
P168,1	9128	9129
P27,1	9130	9131
P198,1	9132	9133
P187,2	9134	9135
P188,1	9136	9137
P125,1	9138	9139
P175,1	9140	9141
P69,1	9142	9143
P199,1	9144	9145
P200,1	9146	9147
P180,1	9148	9149
P189,1	9150	9151
P1,1	9152	9153
P137,1	9154	9155
P190,1	9156	9157
P73,1	9158	9159
P3,1	9160	9161
P103,1	9162	9163
P181,1	9164	9165
P105,1	9166	9167
P143,2	9168	9169
P191,1	9170	9171
P51,2	9172	9173
P146,1	9174	9175
P192,1	9176	9177
P52,1	9178	9179
P182,1	9180	9181
P183,1	9182	9183
P38,1	9184	9185
P81,1	9186	9187
P24,1	9188	9189
P193,1	9190	9191
P152,1	9192	9193
P184,2	9194	9195
P194,1	9196	9197
P155,1	9198	9199
P115,1	9200	9201
P195,1	9202	9203
P185,1	9204	9205
P15,2	9206	9207
P32,1	9208	9209
P162,1	9210	9211
P43,1	9212	9213
P196,1	9214	9215
P63,1	9216	9217
P186,1	9218	9219
P92,1	9220	9221
P197,1	9222	9223
P168,1	9224	9225
P27,1	9226	9227
P198,1	9228	9229
P187,2	9230	9231
P188,1	9232	9233
P125,1	9234	9235
P175,1	9236	9237
P69,1	9238	9239
P199,1	9240	9241
P200,1	9242	9243
P180,1	9244	9245
P189,1	9246	9247
P1,1	9248	9249
P137,1	9250	9251
P190,1	9252	9253
P73,1	9254	9255
P3,1	9256	9257
P103,1	9258	9259
P181,1	9260	9261
P105,1	9262	9263
P143,2	9264	9265
P191,1	9266	9267
P51,2	9268	9269
P146,1	9270	9271
P192,1	9272	9273
P52,1	9274	9275
P182,1	9276	9277
P183,1	9278	9279
P38,1	9280	9281
P81,1	9282	9283
P24,1	9284	9285
P193,1	9286	9287
P152,1	9288	9289
P184,2	9290	9291
P194,1	9292	9293
P155,1	9294	9295
P115,1	9296	9297
P195,1	9298	9299
P185,1	9300	9301
P15,2	9302	9303
P32,1	9304	9305
P162,1	9306	9307
P43,1	9308	9309
P196,1	9310	9311
P63,1	9312	9313
P186,1	9314	9315
P92,1	9316	9317
P197,1	9318	9319
P168,1	9320	9321
P27,1	9322	9323
P198,1	9324	9325
P187,2	9326	9327
P188,1	9328	9329
P125,1	9330	9331
P175,1	9332	9333
P69,1	9334	9335
P199,1	9336	9337
P200,1	9338	9339
P180,1	9340	9341
P189,1	9342	9343
P1,1	9344	9345
P137,1	9346	9347
P190,1	9348	9349
P73,1	9350	9351
P3,1	9352	9353
P103,1	9354	9355
P181,1	9356	9357
P105,1	9358	9359
P143,2	9360	9361
P191,1	9362	9363
P51,2	9364	9365
P146,1	9366	9367
P192,1	9368	9369
P52,1	9370	9371
P182,1	9372	9373
P183,1	9374	9375
P38,1	9376	9377
P81,1	9378	9379
P24,1	9380	9381
P193,1	9382	9383
P152,1	9384	9385
P184,2	9386	9387
P194,1	9388	9389
P155,1	9390	9391
P115,1	9392	9393
P195,1	9394	9395
P185,1	9396	9397
P15,2	9398	9399
P32,1	9400	9401
P162,1	9402	9403
P43,1	9404	9405
P196,1	9406	9407
P63,1	9408	9408
P186,1	9409	9410
P92,1	9411	9412
P197,1	9413	9414
P168,1	9415	9415
P27,1	9416	9417
P198,1	9418	9419
P187,2	9420	9421
P188,1	9422	9423
P125,1	9424	9425
P69,1	9426	9427
P199,1	9428	9429
P175,2	9430	9431
P200,1	9432	9433
P180,1	9434	9435
P189,1	9436	9437
P1,1	9438	9439
P137,1	9440	9441
P190,1	9442	9443
P73,1	9444	9445
P3,1	9446	9447
P103,1	9448	9449
P181,1	9450	9451
P105,1	9452	9453
P143,2	9454	9455
P191,1	9456	9457
P51,2	9458	9459
P146,1	9460	9461
P192,1	9462	9463
P52,1	9464	9465
P182,1	9466	9467
P183,1	9468	9469
P38,1	9470	9471
P81,1	9472	9473
P24,1	9474	9475
P193,1	9476	9477
P152,1	9478	9479
P184,2	9480	9481
P194,1	9482	9483
P155,1	9484	9485
P115,1	9486	9487
P195,1	9488	9489
P185,1	9490	9491
P15,2	9492	9493
P32,1	9494	9495
P162,1	9496	9497
P43,1	9498	9499
P196,1	9500	9501
P186,1	9502	9503
P92,1	9504	9505
P27,1	9506	9507
P198,1	9508	9509
P197,2	9510	9511
P187,2	9512	9513
P188,1	9514	9515
P125,1	9516	9517
P69,1	9518	9519
P199,1	9520	9521
P175,2	9522	9523
P200,1	9524	9525
P180,1	9526	9527
P189,1	9528	9529
P1,1	9530	9531
P137,1	9532	9533
P190,1	9534	9535
P73,1	9536	9537
P3,1	9538	9539
P103,1	9540	9541
P181,1	9542	9543
P105,1	9544	9545
P143,2	9546	9547
P191,1	9548	9549
P51,2	9550	9551
P146,1	9552	9553
P192,1	9554	9555
P52,1	9556	9557
P182,1	9558	9559
P183,1	9560	9561
P38,1	9562	9563
P81,1	9564	9565
P24,1	9566	9567
P193,1	9568	9569
P152,1	9570	9571
P184,2	9572	9573
P194,1	9574	9575
P155,1	9576	9577
P115,1	9578	9579
P195,1	9580	9581
P15,2	9582	9583
P32,1	9584	9585
P185,2	9586	9587
P162,1	9588	9589
P43,1	9590	9591
P196,1	9592	9593
P186,1	9594	9595
P92,1	9596	9597
P27,1	9598	9599
P198,1	9600	9601
P197,2	9602	9603
P187,2	9604	9605
P188,1	9606	9607
P125,1	9608	9609
P69,1	9610	9611
P199,1	9612	9613
P175,2	9614	9615
P200,1	9616	9617
P180,1	9618	9619
P189,1	9620	9621
P1,1	9622	9623
P137,1	9624	9625
P190,1	9626	9627
P73,1	9628	9629
P3,1	9630	9631
P103,1	9632	9633
P181,1	9634	9635
P105,1	9636	9637
P143,2	9638	9639
P191,1	9640	9641
P51,2	9642	9643
P146,1	9644	9645
P192,1	9646	9647
P52,1	9648	9649
P182,1	9650	9651
P183,1	9652	9653
P38,1	9654	9655
P81,1	9656	9657
P24,1	9658	9659
P193,1	9660	9661
P152,1	9662	9663
P184,2	9664	9665
P194,1	9666	9667
P155,1	9668	9669
P115,1	9670	9671
P195,1	9672	9673
P15,2	9674	9675
P32,1	9676	9677
P185,2	9678	9679
P162,1	9680	9681
P43,1	9682	9683
P196,1	9684	9685
P186,1	9686	9687
P92,1	9688	9689
P27,1	9690	9691
P198,1	9692	9693
P197,2	9694	9695
P187,2	9696	9697
P188,1	9698	9699
P125,1	9700	9701
P69,1	9702	9703
P199,1	9704	9705
P175,2	9706	9707
P200,1	9708	9709
P180,1	9710	9711
P189,1	9712	9713
P1,1	9714	9715
P137,1	9716	9717
P190,1	9718	9719
P73,1	9720	9721
P3,1	9722	9723
P103,1	9724	9725
P181,1	9726	9727
P105,1	9728	9729
P143,2	9730	9731
P191,1	9732	9733
P51,2	9734	9735
P146,1	9736	9737
P192,1	9738	9739
P52,1	9740	9741
P182,1	9742	9743
P183,1	9744	9745
P38,1	9746	9747
P81,1	9748	9749
P24,1	9750	9751
P193,1	9752	9753
P152,1	9754	9755
P184,2	9756	9757
P194,1	9758	9759
P155,1	9760	9761
P115,1	9762	9763
P195,1	9764	9765
P15,2	9766	9767
P32,1	9768	9769
P185,2	9770	9771
P162,1	9772	9773
P43,1	9774	9775
P196,1	9776	9777
P186,1	9778	9779
P92,1	9780	9781
P27,1	9782	9783
P197,2	9784	9785
P198,2	9786	9787
P187,2	9788	9789
P188,1	9790	9791
P125,1	9792	9793
P69,1	9794	9795
P199,1	9796	9797
P175,2	9798	9799
P200,1	9800	9801
P180,1	9802	9803
P189,1	9804	9805
P1,1	9806	9807
P137,1	9808	9809
P190,1	9810	9811
P73,1	9812	9813
P103,1	9814	9815
P3,2	9816	9817
P181,1	9818	9819
P105,1	9820	9821
P143,2	9822	9823
P191,1	9824	9825
P51,2	9826	9827
P146,1	9828	9829
P192,1	9830	9831
P52,1	9832	9833
P182,1	9834	9835
P183,1	9836	9837
P38,1	9838	9839
P81,1	9840	9841
P24,1	9842	9843
P193,1	9844	9845
P152,1	9846	9847
P184,2	9848	9849
P194,1	9850	9851
P155,1	9852	9853
P115,1	9854	9855
P195,1	9856	9857
P15,2	9858	9859
P32,1	9860	9861
P185,2	9862	9863
P162,1	9864	9865
P43,1	9866	9867
P196,1	9868	9869
P186,1	9870	9871
P92,1	9872	9873
P27,1	9874	9874
P197,2	9875	9876
P198,2	9877	9878
P187,2	9879	9880
P188,1	9881	9882
P125,1	9883	9884
P69,1	9885	9886
P199,1	9887	9888
P175,2	9889	9890
P200,1	9891	9892
P180,1	9893	9894
P189,1	9895	9896
P1,1	9897	9898
P137,1	9899	9900
P190,1	9901	9902
P73,1	9903	9904
P103,1	9905	9906
P3,2	9907	9908
P181,1	9909	9910
P105,1	9911	9912
P143,2	9913	9914
P191,1	9915	9916
P51,2	9917	9918
P146,1	9919	9920
P192,1	9921	9922
P52,1	9923	9924
P182,1	9925	9926
P183,1	9927	9928
P38,1	9929	9930
P81,1	9931	9932
P24,1	9933	9934
P193,1	9935	9936
P152,1	9937	9938
P184,2	9939	9940
P194,1	9941	9942
P155,1	9943	9944
P115,1	9945	9946
P195,1	9947	9948
P15,2	9949	9950
P185,2	9951	9952
P162,1	9953	9954
P43,1	9955	9956
P196,1	9957	9958
P186,1	9959	9960
P92,1	9961	9961
P197,2	9962	9963
P198,2	9964	9965
P187,2	9966	9967
P188,1	9968	9969
P125,1	9970	9971
P69,1	9972	9973
P199,1	9974	9975
P175,2	9976	9977
P200,1	9978	9979
P180,1	9980	9981
P189,1	9982	9983
P1,1	9984	9985
P137,1	9986	9987
P190,1	9988	9989
P73,1	9990	9991
P103,1	9992	9993
P3,2	9994	9995
P181,1	9996	9997
P105,1	9998	9999
P143,2	10000	10001
P191,1	10002	10003
P51,2	10004	10005
P146,1	10006	10007
P192,1	10008	10009
P52,1	10010	10011
P182,1	10012	10013
P183,1	10014	10015
P38,1	10016	10017
P81,1	10018	10019
P24,1	10020	10021
P193,1	10022	10023
P152,1	10024	10025
P184,2	10026	10027
P194,1	10028	10029
P155,1	10030	10031
P115,1	10032	10033
P195,1	10034	10035
P15,2	10036	10037
P185,2	10038	10039
P162,1	10040	10041
P43,1	10042	10043
P196,1	10044	10045
P186,1	10046	10047
P197,2	10048	10049
P198,2	10050	10051
P92,2	10052	10053
P187,2	10054	10055
P188,1	10056	10057
P125,1	10058	10059
P69,1	10060	10061
P199,1	10062	10063
P175,2	10064	10065
P200,1	10066	10067
P180,1	10068	10069
P189,1	10070	10071
P1,2	10072	10073
P137,1	10074	10075
P190,1	10076	10077
P73,1	10078	10079
P103,1	10080	10081
P3,2	10082	10083
P181,1	10084	10085
P105,1	10086	10086
P143,2	10087	10088
P191,1	10089	10090
P51,2	10091	10092
P146,1	10093	10094
P192,1	10095	10096
P52,1	10097	10098
P182,1	10099	10100
P183,1	10101	10102
P38,1	10103	10104
P81,1	10105	10106
P24,1	10107	10108
P193,1	10109	10110
P152,1	10111	10112
P184,2	10113	10114
P194,1	10115	10116
P155,1	10117	10118
P115,1	10119	10120
P195,1	10121	10122
P15,2	10123	10124
P185,2	10125	10126
P162,1	10127	10128
P43,1	10129	10130
P196,1	10131	10132
P186,1	10133	10134
P197,2	10135	10136
P198,2	10137	10138
P92,2	10139	10140
P187,2	10141	10142
P188,1	10143	10144
P125,1	10145	10146
P69,1	10147	10148
P199,1	10149	10150
P175,2	10151	10152
P200,1	10153	10154
P180,1	10155	10156
P189,1	10157	10158
P1,2	10159	10160
P137,1	10161	10162
P190,1	10163	10164
P73,1	10165	10166
P103,1	10167	10168
P3,2	10169	10170
P181,1	10171	10172
P143,2	10173	10174
P191,1	10175	10176
P51,2	10177	10178
P146,1	10179	10180
P192,1	10181	10182
P52,1	10183	10184
P182,1	10185	10186
P183,1	10187	10188
P38,1	10189	10190
P81,1	10191	10192
P24,1	10193	10194
P193,1	10195	10196
P152,1	10197	10198
P184,2	10199	10200
P194,1	10201	10202
P155,1	10203	10204
P115,1	10205	10206
P195,1	10207	10208
P15,2	10209	10210
P185,2	10211	10212
P162,1	10213	10214
P43,1	10215	10216
P196,1	10217	10218
P186,1	10219	10220
P197,2	10221	10222
P198,2	10223	10224
P92,2	10225	10226
P187,2	10227	10228
P188,1	10229	10230
P125,1	10231	10232
P69,1	10233	10234
P199,1	10235	10236
P175,2	10237	10238
P200,1	10239	10240
P180,1	10241	10242
P189,1	10243	10244
P1,2	10245	10246
P137,1	10247	10248
P190,1	10249	10250
P73,1	10251	10252
P103,1	10253	10254
P3,2	10255	10256
P181,1	10257	10258
P143,2	10259	10260
P191,1	10261	10262
P51,2	10263	10264
P146,1	10265	10266
P192,1	10267	10268
P52,1	10269	10270
P182,1	10271	10272
P183,1	10273	10274
P38,1	10275	10276
P81,1	10277	10278
P24,1	10279	10280
P193,1	10281	10282
P152,1	10283	10284
P184,2	10285	10286
P194,1	10287	10288
P155,1	10289	10290
P115,1	10291	10292
P195,1	10293	10294
P15,2	10295	10296
P185,2	10297	10298
P162,1	10299	10300
P43,1	10301	10302
P196,1	10303	10304
P186,1	10305	10306
P197,2	10307	10308
P198,2	10309	10310
P92,2	10311	10312
P187,2	10313	10314
P188,1	10315	10316
P125,1	10317	10318
P69,1	10319	10320
P199,1	10321	10322
P175,2	10323	10324
P200,1	10325	10326
P180,1	10327	10328
P189,1	10329	10330
P1,2	10331	10332
P137,1	10333	10334
P190,1	10335	10336
P73,1	10337	10338
P103,1	10339	10340
P3,2	10341	10342
P181,1	10343	10344
P143,2	10345	10346
P191,1	10347	10348
P51,2	10349	10350
P146,1	10351	10352
P52,1	10353	10354
P182,1	10355	10356
P183,1	10357	10358
P38,1	10359	10360
P81,1	10361	10362
P24,1	10363	10364
P193,1	10365	10366
P152,1	10367	10368
P184,2	10369	10370
P194,1	10371	10372
P155,1	10373	10374
P115,1	10375	10376
P195,1	10377	10378
P15,2	10379	10380
P185,2	10381	10382
P43,1	10383	10384
P162,2	10385	10386
P196,1	10387	10388
P186,1	10389	10390
P197,2	10391	10392
P198,2	10393	10394
P92,2	10395	10396
P187,2	10397	10398
P188,1	10399	10400
P125,1	10401	10402
P69,1	10403	10404
P199,1	10405	10406
P175,2	10407	10408
P200,1	10409	10410
P180,1	10411	10412
P189,1	10413	10414
P1,2	10415	10416
P137,1	10417	10418
P190,1	10419	10420
P73,1	10421	10422
P103,1	10423	10424
P3,2	10425	10426
P181,1	10427	10428
P143,2	10429	10430
P191,1	10431	10432
P51,2	10433	10434
P146,1	10435	10436
P52,1	10437	10438
P182,1	10439	10440
P183,1	10441	10442
P38,1	10443	10444
P81,1	10445	10446
P24,1	10447	10448
P193,1	10449	10450
P152,1	10451	10452
P184,2	10453	10454
P194,1	10455	10456
P155,1	10457	10458
P115,1	10459	10460
P195,1	10461	10462
P15,2	10463	10464
P185,2	10465	10466
P43,1	10467	10468
P162,2	10469	10470
P196,1	10471	10472
P186,1	10473	10474
P197,2	10475	10476
P198,2	10477	10478
P92,2	10479	10480
P187,2	10481	10482
P188,1	10483	10484
P125,1	10485	10486
P69,1	10487	10488
P199,1	10489	10490
P175,2	10491	10492
P200,1	10493	10494
P180,1	10495	10496
P189,1	10497	10498
P1,2	10499	10500
P137,1	10501	10502
P190,1	10503	10504
P73,1	10505	10506
P103,1	10507	10508
P3,2	10509	10510
P181,1	10511	10512
P143,2	10513	10514
P191,1	10515	10516
P51,2	10517	10518
P146,1	10519	10520
P52,1	10521	10522
P182,1	10523	10524
P183,1	10525	10526
P38,1	10527	10528
P81,1	10529	10530
P24,1	10531	10532
P193,1	10533	10534
P152,1	10535	10536
P184,2	10537	10538
P194,1	10539	10540
P155,1	10541	10542
P115,1	10543	10544
P195,1	10545	10546
P15,2	10547	10548
P185,2	10549	10550
P162,2	10551	10552
P196,1	10553	10554
P43,2	10555	10556
P186,1	10557	10558
P197,2	10559	10560
P198,2	10561	10562
P92,2	10563	10564
P187,2	10565	10566
P188,1	10567	10568
P125,1	10569	10570
P69,1	10571	10572
P199,1	10573	10574
P175,2	10575	10576
P200,1	10577	10578
P180,1	10579	10580
P189,1	10581	10582
P1,2	10583	10584
P137,1	10585	10586
P190,1	10587	10588
P73,1	10589	10590
P103,1	10591	10592
P3,2	10593	10594
P181,1	10595	10596
P143,2	10597	10598
P191,1	10599	10600
P51,2	10601	10602
P146,1	10603	10604
P52,1	10605	10606
P182,1	10607	10608
P183,1	10609	10610
P38,1	10611	10612
P81,1	10613	10614
P24,1	10615	10616
P193,1	10617	10618
P152,1	10619	10620
P184,2	10621	10622
P155,1	10623	10624
P115,1	10625	10626
P195,1	10627	10628
P15,2	10629	10630
P185,2	10631	10632
P162,2	10633	10634
P196,1	10635	10636
P43,2	10637	10638
P186,1	10639	10640
P197,2	10641	10642
P198,2	10643	10644
P92,2	10645	10646
P187,2	10647	10648
P188,1	10649	10650
P125,1	10651	10652
P69,1	10653	10654
P199,1	10655	10656
P175,2	10657	10658
P200,1	10659	10660
P180,1	10661	10662
P189,1	10663	10664
P1,2	10665	10666
P137,1	10667	10668
P190,1	10669	10670
P73,1	10671	10672
P103,1	10673	10674
P3,2	10675	10676
P181,1	10677	10678
P143,2	10679	10680
P191,1	10681	10682
P51,2	10683	10684
P146,1	10685	10686
P52,1	10687	10688
P182,1	10689	10690
P183,1	10691	10692
P38,1	10693	10694
P24,1	10695	10696
P193,1	10697	10698
P152,1	10699	10700
P184,2	10701	10702
P155,1	10703	10704
P115,1	10705	10706
P195,1	10707	10708
P15,2	10709	10710
P185,2	10711	10712
P162,2	10713	10714
P196,1	10715	10716
P43,2	10717	10718
P186,1	10719	10720
P197,2	10721	10722
P198,2	10723	10724
P92,2	10725	10726
P187,2	10727	10728
P188,1	10729	10730
P125,1	10731	10732
P69,1	10733	10734
P199,1	10735	10736
P175,2	10737	10738
P200,1	10739	10740
P180,1	10741	10742
P189,1	10743	10744
P1,2	10745	10746
P137,1	10747	10748
P190,1	10749	10750
P73,1	10751	10752
P103,1	10753	10754
P3,2	10755	10756
P181,1	10757	10758
P143,2	10759	10760
P191,1	10761	10762
P51,2	10763	10764
P146,1	10765	10766
P52,1	10767	10768
P182,1	10769	10770
P183,1	10771	10772
P38,1	10773	10774
P24,1	10775	10776
P193,1	10777	10778
P152,1	10779	10780
P184,2	10781	10782
P155,1	10783	10784
P115,1	10785	10786
P195,1	10787	10788
P15,2	10789	10790
P185,2	10791	10792
P162,2	10793	10794
P196,1	10795	10796
P43,2	10797	10798
P186,1	10799	10800
P197,2	10801	10802
P198,2	10803	10804
P92,2	10805	10806
P187,2	10807	10808
P188,1	10809	10810
P125,1	10811	10812
P69,1	10813	10814
P199,1	10815	10816
P175,2	10817	10818
P200,1	10819	10820
P180,1	10821	10822
P189,1	10823	10824
P1,2	10825	10826
P137,1	10827	10828
P190,1	10829	10830
P73,1	10831	10832
P103,1	10833	10834
P3,2	10835	10836
P181,1	10837	10838
P143,2	10839	10840
P191,1	10841	10842
P51,2	10843	10844
P146,1	10845	10846
P52,1	10847	10848
P182,1	10849	10850
P183,1	10851	10852
P24,1	10853	10854
P193,1	10855	10856
P152,1	10857	10858
P184,2	10859	10860
P155,1	10861	10862
P115,1	10863	10864
P195,1	10865	10866
P15,2	10867	10868
P185,2	10869	10870
P162,2	10871	10872
P196,1	10873	10874
P43,2	10875	10876
P186,1	10877	10878
P197,2	10879	10880
P198,2	10881	10882
P92,2	10883	10884
P187,2	10885	10886
P188,1	10887	10888
P125,1	10889	10890
P69,1	10891	10892
P199,1	10893	10894
P175,2	10895	10896
P200,1	10897	10898
P180,1	10899	10900
P189,1	10901	10902
P1,2	10903	10904
P137,1	10905	10906
P190,1	10907	10908
P73,1	10909	10910
P103,1	10911	10912
P3,2	10913	10914
P181,1	10915	10916
P143,2	10917	10918
P191,1	10919	10920
P51,2	10921	10922
P146,1	10923	10924
P52,1	10925	10926
P182,1	10927	10928
P183,1	10929	10930
P24,1	10931	10932
P193,1	10933	10934
P152,1	10935	10936
P184,2	10937	10938
P155,1	10939	10940
P115,1	10941	10942
P195,1	10943	10944
P15,2	10945	10946
P185,2	10947	10948
P162,2	10949	10950
P196,1	10951	10952
P43,2	10953	10954
P186,1	10955	10956
P197,2	10957	10958
P198,2	10959	10960
P92,2	10961	10962
P187,2	10963	10964
P188,1	10965	10966
P125,1	10967	10968
P69,1	10969	10970
P199,1	10971	10972
P175,2	10973	10974
P200,1	10975	10976
P180,1	10977	10978
P189,1	10979	10980
P1,2	10981	10982
P137,1	10983	10984
P190,1	10985	10986
P73,1	10987	10988
P103,1	10989	10990
P3,2	10991	10992
P181,1	10993	10994
P143,2	10995	10996
P191,1	10997	10998
P51,2	10999	11000
P146,1	11001	11002
P52,1	11003	11004
P182,1	11005	11006
P183,1	11007	11008
P24,1	11009	11010
P193,1	11011	11012
P152,1	11013	11014
P184,2	11015	11016
P155,1	11017	11018
P115,1	11019	11020
P195,1	11021	11022
P15,2	11023	11023
P185,2	11024	11025
P162,2	11026	11027
P196,1	11028	11029
P43,2	11030	11031
P186,1	11032	11033
P197,2	11034	11035
P198,2	11036	11037
P92,2	11038	11039
P187,2	11040	11041
P188,1	11042	11043
P125,1	11044	11045
P69,1	11046	11047
P199,1	11048	11049
P175,2	11050	11051
P200,1	11052	11053
P180,1	11054	11055
P189,1	11056	11057
P1,2	11058	11059
P137,1	11060	11061
P190,1	11062	11063
P73,1	11064	11065
P103,1	11066	11067
P3,2	11068	11069
P181,1	11070	11071
P143,2	11072	11073
P191,1	11074	11075
P51,2	11076	11077
P146,1	11078	11079
P52,1	11080	11081
P182,1	11082	11083
P183,1	11084	11085
P24,1	11086	11087
P193,1	11088	11089
P152,1	11090	11091
P184,2	11092	11093
P155,1	11094	11095
P115,1	11096	11097
P195,1	11098	11099
P185,2	11100	11101
P162,2	11102	11103
P196,1	11104	11105
P43,2	11106	11107
P186,1	11108	11109
P197,2	11110	11111
P198,2	11112	11113
P92,2	11114	11115
P187,2	11116	11117
P188,1	11118	11119
P125,1	11120	11121
P69,1	11122	11123
P199,1	11124	11125
P175,2	11126	11127
P200,1	11128	11129
P180,1	11130	11131
P189,1	11132	11133
P1,2	11134	11135
P137,1	11136	11137
P190,1	11138	11139
P73,1	11140	11141
P103,1	11142	11143
P3,2	11144	11145
P181,1	11146	11147
P143,2	11148	11149
P191,1	11150	11151
P51,2	11152	11153
P146,1	11154	11155
P52,1	11156	11157
P182,1	11158	11159
P183,1	11160	11161
P24,1	11162	11163
P193,1	11164	11165
P152,1	11166	11167
P184,2	11168	11169
P155,1	11170	11171
P115,1	11172	11173
P195,1	11174	11175
P185,2	11176	11177
P162,2	11178	11179
P196,1	11180	11181
P43,2	11182	11183
P186,1	11184	11185
P197,2	11186	11187
P198,2	11188	11189
P92,2	11190	11191
P187,2	11192	11193
P188,1	11194	11195
P125,1	11196	11197
P69,1	11198	11199
P199,1	11200	11201
P175,2	11202	11203
P200,1	11204	11205
P180,1	11206	11207
P189,1	11208	11209
P1,2	11210	11211
P137,1	11212	11213
P190,1	11214	11215
P73,1	11216	11217
P103,1	11218	11219
P3,2	11220	11221
P181,1	11222	11223
P143,2	11224	11225
P191,1	11226	11227
P51,2	11228	11229
P146,1	11230	11231
P52,1	11232	11233
P182,1	11234	11235
P183,1	11236	11237
P24,1	11238	11239
P193,1	11240	11241
P152,1	11242	11243
P184,2	11244	11245
P155,1	11246	11247
P115,1	11248	11249
P195,1	11250	11251
P185,2	11252	11253
P162,2	11254	11255
P196,1	11256	11257
P43,2	11258	11259
P186,1	11260	11261
P197,2	11262	11263
P198,2	11264	11265
P92,2	11266	11267
P187,2	11268	11269
P188,1	11270	11271
P125,1	11272	11273
P69,1	11274	11275
P199,1	11276	11277
P175,2	11278	11279
P200,1	11280	11281
P180,1	11282	11283
P189,1	11284	11285
P1,2	11286	11287
P137,1	11288	11289
P190,1	11290	11291
P73,1	11292	11293
P103,1	11294	11295
P3,2	11296	11297
P181,1	11298	11299
P143,2	11300	11301
P191,1	11302	11303
P51,2	11304	11305
P146,1	11306	11307
P52,1	11308	11309
P182,1	11310	11311
P183,1	11312	11313
P24,1	11314	11315
P193,1	11316	11317
P152,1	11318	11319
P184,2	11320	11321
P155,1	11322	11323
P115,1	11324	11325
P195,1	11326	11327
P185,2	11328	11329
P162,2	11330	11331
P43,2	11332	11333
P186,1	11334	11335
P197,2	11336	11337
P198,2	11338	11339
P92,2	11340	11341
P187,2	11342	11343
P188,1	11344	11345
P125,1	11346	11347
P69,1	11348	11349
P199,1	11350	11351
P175,2	11352	11353
P200,1	11354	11355
P180,1	11356	11357
P189,1	11358	11359
P1,2	11360	11361
P137,1	11362	11363
P190,1	11364	11365
P73,1	11366	11367
P103,1	11368	11369
P3,2	11370	11371
P181,1	11372	11373
P143,2	11374	11375
P191,1	11376	11377
P51,2	11378	11379
P146,1	11380	11381
P182,1	11382	11383
P52,2	11384	11385
P183,1	11386	11387
P24,1	11388	11389
P193,1	11390	11391
P152,1	11392	11393
P184,2	11394	11395
P155,1	11396	11397
P115,1	11398	11399
P195,1	11400	11401
P185,2	11402	11403
P162,2	11404	11405
P43,2	11406	11407
P186,1	11408	11409
P197,2	11410	11411
P198,2	11412	11413
P92,2	11414	11415
P187,2	11416	11417
P188,1	11418	11419
P125,1	11420	11421
P69,1	11422	11423
P199,1	11424	11425
P175,2	11426	11427
P200,1	11428	11429
P180,1	11430	11431
P189,1	11432	11433
P1,2	11434	11435
P137,1	11436	11437
P190,1	11438	11439
P73,1	11440	11441
P103,1	11442	11443
P3,2	11444	11445
P181,1	11446	11447
P143,2	11448	11449
P191,1	11450	11451
P51,2	11452	11453
P146,1	11454	11455
P182,1	11456	11457
P52,2	11458	11459
P183,1	11460	11461
P24,1	11462	11463
P193,1	11464	11465
P152,1	11466	11467
P184,2	11468	11469
P155,1	11470	11471
P115,1	11472	11473
P195,1	11474	11475
P185,2	11476	11477
P162,2	11478	11479
P43,2	11480	11481
P186,1	11482	11483
P197,2	11484	11485
P198,2	11486	11487
P92,2	11488	11489
P187,2	11490	11491
P188,1	11492	11493
P125,1	11494	11495
P69,1	11496	11497
P199,1	11498	11499
P175,2	11500	11501
P200,1	11502	11503
P180,1	11504	11505
P189,1	11506	11507
P1,2	11508	11509
P137,1	11510	11511
P190,1	11512	11513
P73,1	11514	11515
P103,1	11516	11517
P3,2	11518	11519
P181,1	11520	11521
P143,2	11522	11523
P191,1	11524	11525
P51,2	11526	11527
P146,1	11528	11529
P182,1	11530	11531
P52,2	11532	11533
P183,1	11534	11535
P24,1	11536	11537
P193,1	11538	11539
P152,1	11540	11541
P184,2	11542	11543
P155,1	11544	11545
P115,1	11546	11547
P195,1	11548	11549
P185,2	11550	11551
P162,2	11552	11553
P43,2	11554	11555
P186,1	11556	11557
P197,2	11558	11559
P198,2	11560	11561
P92,2	11562	11563
P187,2	11564	11565
P188,1	11566	11567
P125,1	11568	11569
P69,1	11570	11571
P199,1	11572	11573
P175,2	11574	11575
P200,1	11576	11577
P180,1	11578	11579
P189,1	11580	11581
P1,2	11582	11583
P137,1	11584	11585
P190,1	11586	11587
P73,1	11588	11589
P103,1	11590	11591
P3,2	11592	11593
P181,1	11594	11595
P143,2	11596	11597
P191,1	11598	11599
P51,2	11600	11601
P146,1	11602	11603
P182,1	11604	11605
P52,2	11606	11607
P183,1	11608	11609
P24,1	11610	11611
P193,1	11612	11613
P152,1	11614	11615
P184,2	11616	11617
P155,1	11618	11619
P115,1	11620	11621
P195,1	11622	11623
P185,2	11624	11625
P162,2	11626	11627
P43,2	11628	11629
P186,1	11630	11631
P197,2	11632	11633
P198,2	11634	11635
P92,2	11636	11637
P187,2	11638	11639
P188,1	11640	11641
P125,1	11642	11643
P69,1	11644	11645
P199,1	11646	11647
P175,2	11648	11649
P200,1	11650	11651
P180,1	11652	11653
P189,1	11654	11655
P1,2	11656	11657
P137,1	11658	11659
P190,1	11660	11661
P73,1	11662	11663
P103,1	11664	11665
P3,2	11666	11667
P181,1	11668	11669
P143,2	11670	11671
P191,1	11672	11673
P51,2	11674	11675
P146,1	11676	11677
P182,1	11678	11679
P52,2	11680	11681
P183,1	11682	11683
P24,1	11684	11685
P193,1	11686	11687
P152,1	11688	11689
P184,2	11690	11691
P155,1	11692	11693
P115,1	11694	11695
P195,1	11696	11697
P185,2	11698	11699
P162,2	11700	11701
P43,2	11702	11703
P186,1	11704	11705
P197,2	11706	11707
P198,2	11708	11709
P92,2	11710	11711
P187,2	11712	11713
P188,1	11714	11715
P125,1	11716	11717
P69,1	11718	11719
P199,1	11720	11721
P175,2	11722	11723
P200,1	11724	11725
P180,1	11726	11727
P189,1	11728	11729
P1,2	11730	11731
P137,1	11732	11733
P190,1	11734	11735
P73,1	11736	11737
P103,1	11738	11739
P3,2	11740	11741
P181,1	11742	11743
P143,2	11744	11745
P191,1	11746	11747
P51,2	11748	11749
P146,1	11750	11751
P182,1	11752	11753
P52,2	11754	11755
P183,1	11756	11757
P24,1	11758	11759
P193,1	11760	11761
P152,1	11762	11763
P184,2	11764	11765
P155,1	11766	11767
P115,1	11768	11769
P195,1	11770	11770
P185,2	11771	11772
P162,2	11773	11774
P43,2	11775	11776
P186,1	11777	11778
P197,2	11779	11780
P198,2	11781	11782
P92,2	11783	11784
P187,2	11785	11786
P188,1	11787	11788
P125,1	11789	11790
P69,1	11791	11792
P199,1	11793	11794
P175,2	11795	11796
P200,1	11797	11798
P180,1	11799	11800
P189,1	11801	11802
P1,2	11803	11804
P137,1	11805	11806
P190,1	11807	11808
P73,1	11809	11810
P103,1	11811	11812
P3,2	11813	11814
P181,1	11815	11816
P143,2	11817	11818
P191,1	11819	11820
P51,2	11821	11822
P146,1	11823	11824
P182,1	11825	11826
P52,2	11827	11828
P183,1	11829	11830
P24,1	11831	11832
P193,1	11833	11834
P152,1	11835	11836
P184,2	11837	11838
P155,1	11839	11840
P115,1	11841	11842
P185,2	11843	11844
P162,2	11845	11846
P43,2	11847	11848
P186,1	11849	11850
P197,2	11851	11852
P198,2	11853	11854
P92,2	11855	11856
P187,2	11857	11858
P188,1	11859	11860
P125,1	11861	11862
P69,1	11863	11864
P199,1	11865	11866
P175,2	11867	11868
P200,1	11869	11870
P180,1	11871	11872
P189,1	11873	11874
P1,2	11875	11876
P137,1	11877	11878
P73,1	11879	11880
P190,2	11881	11882
P103,1	11883	11884
P3,2	11885	11886
P181,1	11887	11888
P143,2	11889	11890
P191,1	11891	11892
P51,2	11893	11894
P146,1	11895	11896
P182,1	11897	11898
P52,2	11899	11900
P183,1	11901	11902
P24,1	11903	11904
P193,1	11905	11906
P152,1	11907	11908
P184,2	11909	11910
P155,1	11911	11912
P115,1	11913	11914
P185,2	11915	11916
P162,2	11917	11918
P43,2	11919	11920
P186,1	11921	11922
P197,2	11923	11924
P198,2	11925	11926
P92,2	11927	11928
P187,2	11929	11930
P188,1	11931	11932
P125,1	11933	11934
P69,1	11935	11936
P199,1	11937	11938
P175,2	11939	11940
P200,1	11941	11942
P180,1	11943	11944
P189,1	11945	11946
P1,2	11947	11948
P137,1	11949	11950
P73,1	11951	11952
P190,2	11953	11954
P103,1	11955	11956
P3,2	11957	11958
P181,1	11959	11960
P143,2	11961	11962
P191,1	11963	11964
P51,2	11965	11966
P146,1	11967	11968
P182,1	11969	11970
P52,2	11971	11972
P183,1	11973	11974
P24,1	11975	11976
P193,1	11977	11978
P152,1	11979	11980
P184,2	11981	11982
P155,1	11983	11984
P115,1	11985	11986
P185,2	11987	11988
P162,2	11989	11990
P43,2	11991	11992
P186,1	11993	11994
P197,2	11995	11996
P198,2	11997	11998
P92,2	11999	12000
P187,2	12001	12002
P188,1	12003	12004
P125,1	12005	12006
P69,1	12007	12008
P199,1	12009	12010
P175,2	12011	12012
P200,1	12013	12014
P180,1	12015	12015
P189,1	12016	12017
P1,2	12018	12019
P137,1	12020	12021
P73,1	12022	12023
P190,2	12024	12025
P103,1	12026	12027
P3,2	12028	12029
P181,1	12030	12031
P143,2	12032	12033
P191,1	12034	12035
P51,2	12036	12037
P146,1	12038	12039
P182,1	12040	12041
P52,2	12042	12043
P183,1	12044	12045
P24,1	12046	12047
P193,1	12048	12049
P152,1	12050	12051
P184,2	12052	12053
P155,1	12054	12055
P115,1	12056	12057
P185,2	12058	12059
P162,2	12060	12061
P43,2	12062	12063
P186,1	12064	12065
P197,2	12066	12067
P198,2	12068	12069
P92,2	12070	12071
P187,2	12072	12073
P188,1	12074	12075
P125,1	12076	12077
P69,1	12078	12079
P199,1	12080	12081
P175,2	12082	12083
P200,1	12084	12085
P189,1	12086	12087
P180,2	12088	12089
P1,2	12090	12091
P137,1	12092	12093
P73,1	12094	12095
P190,2	12096	12097
P103,1	12098	12099
P3,2	12100	12101
P181,1	12102	12103
P143,2	12104	12105
P191,1	12106	12107
P51,2	12108	12109
P146,1	12110	12111
P182,1	12112	12113
P52,2	12114	12115
P183,1	12116	12117
P24,1	12118	12119
P193,1	12120	12121
P152,1	12122	12123
P184,2	12124	12125
P155,1	12126	12127
P115,1	12128	12129
P185,2	12130	12131
P162,2	12132	12133
P43,2	12134	12135
P186,1	12136	12137
P197,2	12138	12139
P198,2	12140	12141
P92,2	12142	12143
P187,2	12144	12145
P188,1	12146	12147
P125,1	12148	12149
P69,1	12150	12151
P199,1	12152	12153
P175,2	12154	12155
P200,1	12156	12157
P189,1	12158	12159
P180,2	12160	12161
P1,2	12162	12163
P137,1	12164	12165
P73,1	12166	12167
P190,2	12168	12169
P103,1	12170	12171
P3,2	12172	12173
P181,1	12174	12175
P143,2	12176	12177
P191,1	12178	12179
P51,2	12180	12181
P146,1	12182	12183
P182,1	12184	12185
P52,2	12186	12187
P183,1	12188	12189
P24,1	12190	12191
P193,1	12192	12193
P152,1	12194	12195
P184,2	12196	12197
P155,1	12198	12199
P115,1	12200	12200
P185,2	12201	12202
P162,2	12203	12204
P43,2	12205	12206
P186,1	12207	12208
P197,2	12209	12210
P198,2	12211	12212
P92,2	12213	12214
P187,2	12215	12216
P188,1	12217	12218
P125,1	12219	12220
P69,1	12221	12222
P199,1	12223	12224
P175,2	12225	12226
P200,1	12227	12228
P189,1	12229	12230
P180,2	12231	12232
P1,2	12233	12234
P137,1	12235	12236
P73,1	12237	12238
P190,2	12239	12240
P103,1	12241	12242
P3,2	12243	12244
P181,1	12245	12246
P143,2	12247	12248
P191,1	12249	12250
P51,2	12251	12252
P146,1	12253	12254
P182,1	12255	12256
P52,2	12257	12258
P183,1	12259	12260
P24,1	12261	12262
P193,1	12263	12264
P152,1	12265	12266
P184,2	12267	12268
P155,1	12269	12270
P185,2	12271	12272
P162,2	12273	12274
P43,2	12275	12276
P186,1	12277	12278
P197,2	12279	12280
P198,2	12281	12282
P92,2	12283	12284
P187,2	12285	12286
P125,1	12287	12288
P69,1	12289	12290
P199,1	12291	12292
P175,2	12293	12294
P200,1	12295	12296
P189,1	12297	12298
P180,2	12299	12300
P1,2	12301	12302
P137,1	12303	12304
P73,1	12305	12306
P190,2	12307	12308
P103,1	12309	12310
P3,2	12311	12312
P181,1	12313	12314
P143,2	12315	12316
P191,1	12317	12318
P51,2	12319	12320
P146,1	12321	12322
P182,1	12323	12324
P52,2	12325	12326
P183,1	12327	12328
P193,1	12329	12330
P24,2	12331	12332
P152,1	12333	12334
P184,2	12335	12336
P155,1	12337	12338
P185,2	12339	12340
P162,2	12341	12342
P43,2	12343	12344
P186,1	12345	12346
P197,2	12347	12348
P198,2	12349	12350
P92,2	12351	12352
P187,2	12353	12354
P125,1	12355	12356
P199,1	12357	12358
P175,2	12359	12360
P69,2	12361	12362
P200,1	12363	12364
P180,2	12365	12366
P1,2	12367	12368
P137,1	12369	12370
P73,1	12371	12372
P190,2	12373	12374
P103,1	12375	12376
P3,2	12377	12378
P181,1	12379	12380
P143,2	12381	12382
P191,1	12383	12384
P51,2	12385	12386
P146,1	12387	12388
P182,1	12389	12390
P52,2	12391	12392
P183,1	12393	12394
P193,1	12395	12396
P24,2	12397	12398
P152,1	12399	12400
P184,2	12401	12402
P155,1	12403	12404
P185,2	12405	12406
P162,2	12407	12408
P43,2	12409	12410
P197,2	12411	12412
P198,2	12413	12414
P92,2	12415	12416
P187,2	12417	12418
P125,1	12419	12420
P199,1	12421	12422
P175,2	12423	12424
P69,2	12425	12426
P200,1	12427	12428
P180,2	12429	12430
P1,2	12431	12432
P137,1	12433	12434
P73,1	12435	12436
P190,2	12437	12438
P103,1	12439	12440
P3,2	12441	12442
P181,1	12443	12444
P143,2	12445	12446
P191,1	12447	12448
P51,2	12449	12450
P146,1	12451	12452
P182,1	12453	12453
P52,2	12454	12455
P183,1	12456	12457
P193,1	12458	12459
P24,2	12460	12461
P152,1	12462	12463
P184,2	12464	12465
P155,1	12466	12467
P185,2	12468	12469
P162,2	12470	12471
P43,2	12472	12473
P197,2	12474	12474
P198,2	12475	12476
P92,2	12477	12478
P187,2	12479	12480
P125,1	12481	12482
P199,1	12483	12484
P175,2	12485	12486
P69,2	12487	12488
P200,1	12489	12490
P180,2	12491	12492
P1,2	12493	12494
P137,1	12495	12496
P73,1	12497	12498
P190,2	12499	12500
P103,1	12501	12502
P3,2	12503	12504
P181,1	12505	12506
P143,2	12507	12508
P191,1	12509	12510
P51,2	12511	12512
P146,1	12513	12514
P52,2	12515	12516
P182,2	12517	12518
P183,1	12519	12520
P193,1	12521	12522
P24,2	12523	12524
P152,1	12525	12526
P155,1	12527	12528
P185,2	12529	12530
P162,2	12531	12532
P43,2	12533	12534
P198,2	12535	12536
P92,2	12537	12538
P187,2	12539	12540
P125,1	12541	12542
P199,1	12543	12544
P175,2	12545	12546
P69,2	12547	12548
P200,1	12549	12550
P180,2	12551	12552
P1,2	12553	12554
P137,1	12555	12556
P73,1	12557	12558
P190,2	12559	12560
P103,1	12561	12562
P3,2	12563	12564
P181,1	12565	12566
P143,2	12567	12568
P191,1	12569	12570
P51,2	12571	12572
P146,1	12573	12574
P52,2	12575	12576
P182,2	12577	12578
P183,1	12579	12580
P193,1	12581	12582
P24,2	12583	12584
P152,1	12585	12586
P155,1	12587	12588
P185,2	12589	12590
P162,2	12591	12592
P43,2	12593	12594
P198,2	12595	12596
P92,2	12597	12598
P187,2	12599	12600
P125,1	12601	12602
P199,1	12603	12604
P175,2	12605	12606
P69,2	12607	12608
P200,1	12609	12610
P180,2	12611	12612
P1,2	12613	12614
P137,1	12615	12616
P73,1	12617	12618
P190,2	12619	12620
P103,1	12621	12622
P3,2	12623	12624
P181,1	12625	12626
P143,2	12627	12628
P191,1	12629	12630
P51,2	12631	12632
P146,1	12633	12634
P52,2	12635	12636
P182,2	12637	12638
P183,1	12639	12640
P193,1	12641	12642
P24,2	12643	12644
P152,1	12645	12646
P155,1	12647	12648
P185,2	12649	12650
P162,2	12651	12652
P43,2	12653	12654
P198,2	12655	12656
P92,2	12657	12658
P187,2	12659	12660
P125,1	12661	12662
P199,1	12663	12664
P175,2	12665	12666
P69,2	12667	12668
P200,1	12669	12670
P180,2	12671	12672
P1,2	12673	12674
P137,1	12675	12676
P73,1	12677	12678
P190,2	12679	12680
P103,1	12681	12682
P3,2	12683	12684
P181,1	12685	12686
P143,2	12687	12688
P191,1	12689	12690
P51,2	12691	12692
P146,1	12693	12694
P52,2	12695	12696
P182,2	12697	12698
P183,1	12699	12700
P193,1	12701	12702
P24,2	12703	12704
P152,1	12705	12706
P155,1	12707	12708
P185,2	12709	12710
P162,2	12711	12712
P43,2	12713	12714
P198,2	12715	12716
P92,2	12717	12718
P187,2	12719	12720
P199,1	12721	12722
P125,2	12723	12724
P175,2	12725	12726
P69,2	12727	12728
P200,1	12729	12730
P180,2	12731	12732
P1,2	12733	12734
P137,1	12735	12736
P73,1	12737	12738
P190,2	12739	12740
P103,1	12741	12742
P3,2	12743	12744
P181,1	12745	12746
P143,2	12747	12748
P191,1	12749	12750
P51,2	12751	12752
P146,1	12753	12754
P52,2	12755	12756
P182,2	12757	12758
P183,1	12759	12760
P193,1	12761	12762
P24,2	12763	12764
P152,1	12765	12766
P155,1	12767	12768
P185,2	12769	12770
P162,2	12771	12772
P43,2	12773	12774
P198,2	12775	12776
P92,2	12777	12778
P187,2	12779	12780
P199,1	12781	12782
P125,2	12783	12784
P175,2	12785	12786
P69,2	12787	12788
P200,1	12789	12790
P180,2	12791	12792
P1,2	12793	12794
P137,1	12795	12796
P73,1	12797	12798
P190,2	12799	12800
P103,1	12801	12802
P3,2	12803	12804
P181,1	12805	12806
P143,2	12807	12808
P191,1	12809	12810
P51,2	12811	12812
P146,1	12813	12814
P52,2	12815	12816
P182,2	12817	12818
P183,1	12819	12820
P193,1	12821	12822
P24,2	12823	12824
P152,1	12825	12826
P155,1	12827	12828
P185,2	12829	12830
P162,2	12831	12832
P43,2	12833	12834
P198,2	12835	12836
P92,2	12837	12838
P187,2	12839	12840
P199,1	12841	12842
P125,2	12843	12844
P175,2	12845	12846
P69,2	12847	12848
P200,1	12849	12850
P180,2	12851	12852
P1,2	12853	12854
P137,1	12855	12856
P73,1	12857	12858
P190,2	12859	12860
P103,1	12861	12862
P3,2	12863	12864
P181,1	12865	12866
P143,2	12867	12868
P191,1	12869	12870
P51,2	12871	12872
P146,1	12873	12874
P52,2	12875	12876
P182,2	12877	12878
P183,1	12879	12880
P193,1	12881	12882
P24,2	12883	12884
P152,1	12885	12886
P155,1	12887	12888
P185,2	12889	12890
P162,2	12891	12892
P43,2	12893	12894
P198,2	12895	12896
P92,2	12897	12898
P187,2	12899	12900
P199,1	12901	12902
P125,2	12903	12904
P175,2	12905	12906
P69,2	12907	12908
P200,1	12909	12910
P180,2	12911	12912
P1,2	12913	12914
P137,1	12915	12916
P73,1	12917	12918
P190,2	12919	12920
P103,1	12921	12922
P3,2	12923	12924
P181,1	12925	12926
P143,2	12927	12928
P191,1	12929	12930
P51,2	12931	12932
P146,1	12933	12934
P52,2	12935	12936
P182,2	12937	12938
P183,1	12939	12940
P193,1	12941	12942
P24,2	12943	12944
P152,1	12945	12946
P155,1	12947	12948
P185,2	12949	12950
P162,2	12951	12952
P43,2	12953	12954
P198,2	12955	12956
P92,2	12957	12958
P187,2	12959	12960
P199,1	12961	12962
P125,2	12963	12964
P175,2	12965	12966
P69,2	12967	12968
P200,1	12969	12970
P180,2	12971	12972
P1,2	12973	12974
P137,1	12975	12976
P190,2	12977	12978
P103,1	12979	12980
P181,1	12981	12982
P143,2	12983	12984
P191,1	12985	12986
P51,2	12987	12988
P146,1	12989	12990
P52,2	12991	12992
P182,2	12993	12994
P183,1	12995	12996
P193,1	12997	12998
P24,2	12999	13000
P152,1	13001	13002
P155,1	13003	13004
P185,2	13005	13006
P162,2	13007	13008
P43,2	13009	13010
P198,2	13011	13012
P92,2	13013	13014
P187,2	13015	13016
P199,1	13017	13018
P125,2	13019	13020
P175,2	13021	13022
P69,2	13023	13024
P200,1	13025	13026
P180,2	13027	13028
P1,2	13029	13030
P137,1	13031	13032
P190,2	13033	13034
P103,1	13035	13036
P181,1	13037	13038
P143,2	13039	13040
P191,1	13041	13042
P51,2	13043	13044
P146,1	13045	13046
P52,2	13047	13048
P182,2	13049	13050
P183,1	13051	13052
P193,1	13053	13054
P24,2	13055	13056
P152,1	13057	13058
P155,1	13059	13060
P185,2	13061	13062
P162,2	13063	13064
P43,2	13065	13066
P198,2	13067	13068
P92,2	13069	13070
P187,2	13071	13072
P199,1	13073	13074
P125,2	13075	13076
P175,2	13077	13078
P69,2	13079	13080
P200,1	13081	13082
P180,2	13083	13084
P1,2	13085	13085
P137,1	13086	13087
P190,2	13088	13089
P103,1	13090	13091
P181,1	13092	13093
P143,2	13094	13095
P191,1	13096	13097
P51,2	13098	13099
P146,1	13100	13101
P52,2	13102	13103
P182,2	13104	13105
P183,1	13106	13107
P193,1	13108	13109
P24,2	13110	13111
P152,1	13112	13113
P155,1	13114	13115
P185,2	13116	13117
P162,2	13118	13119
P43,2	13120	13121
P198,2	13122	13123
P92,2	13124	13125
P187,2	13126	13127
P199,1	13128	13129
P125,2	13130	13131
P175,2	13132	13133
P69,2	13134	13135
P200,1	13136	13137
P180,2	13138	13139
P137,1	13140	13141
P190,2	13142	13143
P103,1	13144	13145
P181,1	13146	13147
P143,2	13148	13149
P191,1	13150	13151
P51,2	13152	13153
P146,1	13154	13154
P52,2	13155	13156
P182,2	13157	13158
P183,1	13159	13160
P193,1	13161	13162
P24,2	13163	13164
P152,1	13165	13166
P155,1	13167	13168
P185,2	13169	13170
P162,2	13171	13172
P43,2	13173	13174
P198,2	13175	13176
P92,2	13177	13178
P187,2	13179	13180
P199,1	13181	13182
P125,2	13183	13184
P175,2	13185	13186
P69,2	13187	13188
P200,1	13189	13190
P180,2	13191	13192
P137,1	13193	13194
P190,2	13195	13196
P103,1	13197	13198
P181,1	13199	13200
P143,2	13201	13202
P191,1	13203	13204
P51,2	13205	13206
P52,2	13207	13208
P182,2	13209	13210
P183,1	13211	13212
P193,1	13213	13214
P24,2	13215	13216
P152,1	13217	13218
P155,1	13219	13220
P185,2	13221	13222
P162,2	13223	13224
P43,2	13225	13226
P198,2	13227	13228
P92,2	13229	13230
P187,2	13231	13232
P199,1	13233	13234
P125,2	13235	13236
P175,2	13237	13238
P69,2	13239	13240
P200,1	13241	13242
P180,2	13243	13244
P137,1	13245	13246
P190,2	13247	13248
P103,1	13249	13250
P181,1	13251	13252
P143,2	13253	13254
P191,1	13255	13256
P51,2	13257	13258
P52,2	13259	13260
P182,2	13261	13262
P183,1	13263	13264
P24,2	13265	13266
P152,1	13267	13268
P193,2	13269	13270
P155,1	13271	13272
P185,2	13273	13274
P162,2	13275	13275
P43,2	13276	13277
P198,2	13278	13279
P92,2	13280	13281
P187,2	13282	13283
P199,1	13284	13285
P125,2	13286	13287
P175,2	13288	13289
P69,2	13290	13291
P200,1	13292	13293
P180,2	13294	13295
P137,1	13296	13297
P190,2	13298	13299
P103,1	13300	13301
P143,2	13302	13303
P191,1	13304	13305
P51,2	13306	13307
P52,2	13308	13309
P182,2	13310	13311
P183,1	13312	13313
P24,2	13314	13315
P152,1	13316	13317
P193,2	13318	13319
P155,1	13320	13321
P185,2	13322	13323
P43,2	13324	13325
P198,2	13326	13327
P92,2	13328	13329
P187,2	13330	13331
P199,1	13332	13333
P125,2	13334	13335
P175,2	13336	13337
P69,2	13338	13339
P200,1	13340	13341
P180,2	13342	13343
P137,1	13344	13345
P190,2	13346	13347
P143,2	13348	13349
P191,1	13350	13351
P103,2	13352	13353
P51,2	13354	13355
P52,2	13356	13357
P182,2	13358	13359
P183,1	13360	13361
P24,2	13362	13363
P152,1	13364	13365
P193,2	13366	13367
P155,1	13368	13369
P185,2	13370	13371
P43,2	13372	13373
P198,2	13374	13375
P92,2	13376	13377
P187,2	13378	13379
P199,1	13380	13381
P125,2	13382	13383
P175,2	13384	13385
P69,2	13386	13387
P200,1	13388	13388
P180,2	13389	13390
P137,1	13391	13392
P190,2	13393	13394
P143,2	13395	13396
P191,1	13397	13398
P103,2	13399	13400
P51,2	13401	13402
P52,2	13403	13404
P182,2	13405	13406
P183,1	13407	13408
P24,2	13409	13410
P152,1	13411	13411
P193,2	13412	13413
P155,1	13414	13415
P185,2	13416	13417
P43,2	13418	13419
P198,2	13420	13421
P92,2	13422	13423
P187,2	13424	13425
P199,1	13426	13427
P125,2	13428	13429
P175,2	13430	13431
P69,2	13432	13433
P180,2	13434	13435
P137,1	13436	13437
P200,2	13438	13439
P190,2	13440	13441
P143,2	13442	13443
P191,1	13444	13445
P103,2	13446	13447
P51,2	13448	13449
P52,2	13450	13451
P182,2	13452	13453
P183,1	13454	13455
P24,2	13456	13457
P193,2	13458	13459
P152,2	13460	13461
P155,1	13462	13462
P185,2	13463	13464
P43,2	13465	13466
P198,2	13467	13468
P92,2	13469	13470
P187,2	13471	13472
P199,1	13473	13474
P125,2	13475	13476
P175,2	13477	13478
P69,2	13479	13480
P180,2	13481	13482
P137,1	13483	13484
P200,2	13485	13486
P190,2	13487	13488
P143,2	13489	13490
P191,1	13491	13492
P103,2	13493	13494
P51,2	13495	13496
P52,2	13497	13498
P182,2	13499	13500
P24,2	13501	13502
P193,2	13503	13504
P152,2	13505	13506
P185,2	13507	13508
P155,2	13509	13510
P43,2	13511	13512
P198,2	13513	13514
P92,2	13515	13516
P187,2	13517	13518
P125,2	13519	13520
P199,2	13521	13522
P175,2	13523	13524
P69,2	13525	13526
P180,2	13527	13528
P137,2	13529	13530
P200,2	13531	13532
P190,2	13533	13534
P143,2	13535	13536
P103,2	13537	13538
P51,2	13539	13540
P191,2	13541	13542
P52,2	13543	13544
P182,2	13545	13546
P24,2	13547	13548
P193,2	13549	13550
P152,2	13551	13552
P185,2	13553	13554
P155,2	13555	13556
P43,2	13557	13558
P198,2	13559	13560
P92,2	13561	13562
P187,2	13563	13564
P125,2	13565	13566
P199,2	13567	13568
P175,2	13569	13570
P69,2	13571	13572
P180,2	13573	13574
P137,2	13575	13576
P200,2	13577	13578
P190,2	13579	13580
P143,2	13581	13582
P103,2	13583	13584
P51,2	13585	13586
P191,2	13587	13588
P52,2	13589	13590
P182,2	13591	13592
P24,2	13593	13594
P193,2	13595	13596
P152,2	13597	13598
P185,2	13599	13600
P155,2	13601	13602
P43,2	13603	13604
P198,2	13605	13606
P92,2	13607	13608
P187,2	13609	13610
P125,2	13611	13612
P199,2	13613	13614
P175,2	13615	13616
P69,2	13617	13618
P180,2	13619	13620
P137,2	13621	13622
P200,2	13623	13624
P190,2	13625	13626
P143,2	13627	13628
P103,2	13629	13630
P51,2	13631	13632
P191,2	13633	13634
P52,2	13635	13636
P182,2	13637	13638
P24,2	13639	13640
P193,2	13641	13642
P152,2	13643	13644
P185,2	13645	13646
P155,2	13647	13648
P43,2	13649	13650
P198,2	13651	13652
P92,2	13653	13654
P187,2	13655	13656
P125,2	13657	13658
P199,2	13659	13660
P175,2	13661	13662
P69,2	13663	13664
P180,2	13665	13666
P137,2	13667	13668
P200,2	13669	13670
P190,2	13671	13672
P143,2	13673	13674
P103,2	13675	13676
P51,2	13677	13678
P191,2	13679	13680
P52,2	13681	13682
P182,2	13683	13684
P24,2	13685	13686
P193,2	13687	13688
P152,2	13689	13690
P185,2	13691	13692
P155,2	13693	13694
P43,2	13695	13696
P198,2	13697	13698
P92,2	13699	13700
P125,2	13701	13702
P199,2	13703	13704
P175,2	13705	13706
P69,2	13707	13708
P180,2	13709	13710
P137,2	13711	13712
P200,2	13713	13714
P190,2	13715	13715
P143,2	13716	13717
P103,2	13718	13719
P51,2	13720	13721
P191,2	13722	13723
P52,2	13724	13725
P182,2	13726	13727
P24,2	13728	13729
P193,2	13730	13731
P152,2	13732	13733
P185,2	13734	13735
P155,2	13736	13737
P43,2	13738	13739
P198,2	13740	13741
P92,2	13742	13743
P125,2	13744	13745
P199,2	13746	13747
P175,2	13748	13749
P69,2	13750	13751
P180,2	13752	13753
P137,2	13754	13755
P200,2	13756	13757
P143,2	13758	13759
P103,2	13760	13761
P51,2	13762	13763
P191,2	13764	13765
P52,2	13766	13767
P182,2	13768	13769
P24,2	13770	13771
P193,2	13772	13773
P152,2	13774	13775
P185,2	13776	13777
P155,2	13778	13779
P43,2	13780	13781
P198,2	13782	13783
P92,2	13784	13785
P125,2	13786	13787
P199,2	13788	13789
P175,2	13790	13791
P69,2	13792	13793
P180,2	13794	13795
P137,2	13796	13797
P200,2	13798	13799
P143,2	13800	13801
P103,2	13802	13803
P51,2	13804	13805
P191,2	13806	13807
P52,2	13808	13809
P182,2	13810	13811
P24,2	13812	13813
P193,2	13814	13815
P152,2	13816	13817
P185,2	13818	13819
P155,2	13820	13821
P43,2	13822	13823
P198,2	13824	13825
P92,2	13826	13827
P125,2	13828	13829
P199,2	13830	13831
P175,2	13832	13833
P69,2	13834	13835
P180,2	13836	13837
P137,2	13838	13839
P200,2	13840	13841
P143,2	13842	13843
P103,2	13844	13845
P51,2	13846	13847
P191,2	13848	13849
P52,2	13850	13851
P182,2	13852	13853
P24,2	13854	13855
P193,2	13856	13857
P152,2	13858	13859
P185,2	13860	13861
P155,2	13862	13863
P43,2	13864	13865
P198,2	13866	13867
P92,2	13868	13869
P125,2	13870	13871
P199,2	13872	13873
P175,2	13874	13875
P69,2	13876	13877
P180,2	13878	13879
P137,2	13880	13881
P200,2	13882	13883
P143,2	13884	13885
P103,2	13886	13887
P51,2	13888	13889
P191,2	13890	13891
P52,2	13892	13893
P182,2	13894	13895
P24,2	13896	13897
P193,2	13898	13899
P152,2	13900	13901
P185,2	13902	13903
P155,2	13904	13905
P43,2	13906	13907
P198,2	13908	13909
P92,2	13910	13911
P125,2	13912	13913
P199,2	13914	13915
P175,2	13916	13917
P69,2	13918	13919
P180,2	13920	13921
P137,2	13922	13923
P200,2	13924	13925
P143,2	13926	13927
P103,2	13928	13929
P51,2	13930	13931
P191,2	13932	13933
P52,2	13934	13935
P182,2	13936	13937
P24,2	13938	13939
P193,2	13940	13941
P152,2	13942	13943
P185,2	13944	13945
P155,2	13946	13947
P43,2	13948	13949
P198,2	13950	13951
P92,2	13952	13953
P125,2	13954	13955
P199,2	13956	13957
P175,2	13958	13959
P69,2	13960	13961
P180,2	13962	13963
P137,2	13964	13965
P200,2	13966	13967
P143,2	13968	13969
P103,2	13970	13971
P51,2	13972	13973
P191,2	13974	13975
P52,2	13976	13977
P182,2	13978	13979
P24,2	13980	13981
P193,2	13982	13983
P152,2	13984	13985
P185,2	13986	13987
P155,2	13988	13989
P43,2	13990	13991
P198,2	13992	13993
P92,2	13994	13995
P125,2	13996	13997
P199,2	13998	13999
P175,2	14000	14001
P69,2	14002	14003
P180,2	14004	14005
P137,2	14006	14007
P200,2	14008	14009
P143,2	14010	14011
P103,2	14012	14013
P51,2	14014	14015
P191,2	14016	14017
P52,2	14018	14019
P182,2	14020	14021
P24,2	14022	14023
P193,2	14024	14025
P152,2	14026	14027
P185,2	14028	14029
P155,2	14030	14031
P43,2	14032	14033
P198,2	14034	14035
P92,2	14036	14037
P125,2	14038	14039
P199,2	14040	14041
P175,2	14042	14043
P69,2	14044	14045
P180,2	14046	14047
P137,2	14048	14049
P200,2	14050	14051
P143,2	14052	14053
P103,2	14054	14055
P51,2	14056	14057
P191,2	14058	14059
P52,2	14060	14061
P182,2	14062	14063
P24,2	14064	14065
P193,2	14066	14067
P152,2	14068	14069
P155,2	14070	14071
P43,2	14072	14073
P198,2	14074	14075
P92,2	14076	14077
P125,2	14078	14079
P199,2	14080	14081
P175,2	14082	14083
P69,2	14084	14085
P180,2	14086	14087
P137,2	14088	14089
P200,2	14090	14091
P143,2	14092	14093
P103,2	14094	14095
P51,2	14096	14097
P191,2	14098	14099
P52,2	14100	14100
P182,2	14101	14102
P24,2	14103	14104
P193,2	14105	14106
P152,2	14107	14108
P155,2	14109	14110
P43,2	14111	14112
P198,2	14113	14114
P92,2	14115	14116
P125,2	14117	14118
P199,2	14119	14120
P175,2	14121	14122
P69,2	14123	14124
P180,2	14125	14126
P137,2	14127	14128
P200,2	14129	14130
P143,2	14131	14132
P103,2	14133	14134
P51,2	14135	14136
P191,2	14137	14138
P182,2	14139	14140
P24,2	14141	14142
P193,2	14143	14144
P152,2	14145	14146
P155,2	14147	14148
P43,2	14149	14150
P198,2	14151	14152
P92,2	14153	14154
P125,2	14155	14156
P199,2	14157	14158
P175,2	14159	14160
P69,2	14161	14162
P180,2	14163	14164
P137,2	14165	14166
P200,2	14167	14168
P143,2	14169	14170
P103,2	14171	14172
P51,2	14173	14174
P191,2	14175	14176
P182,2	14177	14178
P24,2	14179	14180
P193,2	14181	14182
P152,2	14183	14184
P155,2	14185	14186
P43,2	14187	14188
P198,2	14189	14190
P92,2	14191	14192
P125,2	14193	14194
P199,2	14195	14196
P175,2	14197	14198
P69,2	14199	14200
P180,2	14201	14202
P137,2	14203	14204
P200,2	14205	14206
P143,2	14207	14208
P103,2	14209	14210
P51,2	14211	14212
P191,2	14213	14214
P182,2	14215	14216
P24,2	14217	14218
P193,2	14219	14220
P152,2	14221	14222
P155,2	14223	14224
P43,2	14225	14226
P198,2	14227	14228
P92,2	14229	14230
P125,2	14231	14232
P199,2	14233	14234
P175,2	14235	14236
P69,2	14237	14238
P180,2	14239	14240
P137,2	14241	14242
P200,2	14243	14244
P143,2	14245	14246
P103,2	14247	14248
P51,2	14249	14250
P191,2	14251	14252
P182,2	14253	14254
P24,2	14255	14256
P193,2	14257	14258
P152,2	14259	14260
P155,2	14261	14262
P43,2	14263	14264
P198,2	14265	14266
P92,2	14267	14268
P125,2	14269	14270
P199,2	14271	14272
P175,2	14273	14274
P69,2	14275	14276
P180,2	14277	14278
P137,2	14279	14280
P200,2	14281	14282
P143,2	14283	14284
P103,2	14285	14286
P51,2	14287	14288
P191,2	14289	14290
P182,2	14291	14292
P24,2	14293	14294
P193,2	14295	14296
P152,2	14297	14298
P155,2	14299	14300
P43,2	14301	14302
P198,2	14303	14304
P92,2	14305	14306
P125,2	14307	14308
P199,2	14309	14310
P175,2	14311	14312
P69,2	14313	14314
P180,2	14315	14316
P137,2	14317	14318
P200,2	14319	14320
P143,2	14321	14322
P103,2	14323	14324
P51,2	14325	14326
P191,2	14327	14328
P182,2	14329	14330
P24,2	14331	14332
P193,2	14333	14334
P152,2	14335	14336
P155,2	14337	14338
P43,2	14339	14340
P198,2	14341	14342
P92,2	14343	14344
P125,2	14345	14346
P199,2	14347	14348
P175,2	14349	14350
P69,2	14351	14352
P180,2	14353	14354
P137,2	14355	14356
P200,2	14357	14358
P143,2	14359	14360
P103,2	14361	14362
P191,2	14363	14364
P182,2	14365	14366
P24,2	14367	14368
P193,2	14369	14370
P152,2	14371	14372
P155,2	14373	14374
P43,2	14375	14376
P198,2	14377	14378
P92,2	14379	14380
P125,2	14381	14382
P199,2	14383	14384
P175,2	14385	14386
P69,2	14387	14388
P180,2	14389	14390
P137,2	14391	14392
P200,2	14393	14394
P143,2	14395	14396
P103,2	14397	14398
P191,2	14399	14400
P182,2	14401	14402
P24,2	14403	14404
P193,2	14405	14406
P152,2	14407	14408
P155,2	14409	14410
P43,2	14411	14412
P198,2	14413	14414
P92,2	14415	14416
P125,2	14417	14418
P199,2	14419	14420
P175,2	14421	14422
P69,2	14423	14424
P180,2	14425	14426
P137,2	14427	14428
P200,2	14429	14430
P143,2	14431	14432
P103,2	14433	14434
P191,2	14435	14436
P182,2	14437	14438
P24,2	14439	14440
P193,2	14441	14442
P152,2	14443	14444
P155,2	14445	14446
P43,2	14447	14448
P198,2	14449	14450
P92,2	14451	14452
P125,2	14453	14454
P199,2	14455	14456
P175,2	14457	14458
P69,2	14459	14460
P180,2	14461	14462
P137,2	14463	14464
P200,2	14465	14466
P143,2	14467	14468
P103,2	14469	14470
P191,2	14471	14472
P182,2	14473	14474
P24,2	14475	14476
P193,2	14477	14478
P152,2	14479	14480
P155,2	14481	14482
P43,2	14483	14484
P198,2	14485	14486
P92,2	14487	14488
P125,2	14489	14490
P199,2	14491	14492
P175,2	14493	14494
P69,2	14495	14496
P180,2	14497	14498
P137,2	14499	14500
P200,2	14501	14502
P143,2	14503	14504
P103,2	14505	14506
P191,2	14507	14508
P182,2	14509	14510
P24,2	14511	14512
P193,2	14513	14514
P152,2	14515	14516
P155,2	14517	14518
P43,2	14519	14520
P198,2	14521	14522
P92,2	14523	14524
P125,2	14525	14526
P199,2	14527	14528
P175,2	14529	14530
P69,2	14531	14532
P180,2	14533	14534
P137,2	14535	14536
P200,2	14537	14538
P143,2	14539	14540
P103,2	14541	14542
P191,2	14543	14544
P182,2	14545	14546
P24,2	14547	14548
P193,2	14549	14550
P152,2	14551	14552
P155,2	14553	14554
P43,2	14555	14556
P198,2	14557	14558
P92,2	14559	14560
P125,2	14561	14562
P199,2	14563	14564
P175,2	14565	14566
P69,2	14567	14568
P180,2	14569	14570
P137,2	14571	14572
P200,2	14573	14574
P143,2	14575	14576
P103,2	14577	14578
P191,2	14579	14580
P182,2	14581	14582
P24,2	14583	14584
P193,2	14585	14585
P152,2	14586	14587
P155,2	14588	14589
P43,2	14590	14591
P198,2	14592	14593
P92,2	14594	14595
P125,2	14596	14597
P199,2	14598	14599
P175,2	14600	14600
P69,2	14601	14602
P180,2	14603	14604
P137,2	14605	14606
P200,2	14607	14608
P143,2	14609	14610
P103,2	14611	14612
P191,2	14613	14614
P182,2	14615	14616
P24,2	14617	14618
P152,2	14619	14620
P155,2	14621	14622
P43,2	14623	14624
P198,2	14625	14626
P92,2	14627	14628
P125,2	14629	14630
P199,2	14631	14632
P69,2	14633	14634
P180,2	14635	14636
P137,2	14637	14638
P200,2	14639	14640
P143,2	14641	14642
P103,2	14643	14644
P191,2	14645	14646
P182,2	14647	14648
P24,2	14649	14650
P152,2	14651	14652
P155,2	14653	14654
P43,2	14655	14656
P198,2	14657	14658
P92,2	14659	14660
P125,2	14661	14662
P199,2	14663	14664
P69,2	14665	14666
P180,2	14667	14668
P137,2	14669	14670
P200,2	14671	14672
P143,2	14673	14674
P103,2	14675	14676
P191,2	14677	14678
P182,2	14679	14680
P24,2	14681	14682
P152,2	14683	14684
P155,2	14685	14686
P43,2	14687	14688
P198,2	14689	14690
P92,2	14691	14692
P125,2	14693	14694
P199,2	14695	14696
P69,2	14697	14698
P180,2	14699	14700
P137,2	14701	14702
P200,2	14703	14704
P143,2	14705	14706
P103,2	14707	14708
P191,2	14709	14710
P182,2	14711	14712
P24,2	14713	14714
P152,2	14715	14716
P155,2	14717	14718
P43,2	14719	14720
P198,2	14721	14722
P92,2	14723	14724
P125,2	14725	14726
P199,2	14727	14728
P69,2	14729	14730
P180,2	14731	14732
P137,2	14733	14734
P200,2	14735	14736
P143,2	14737	14738
P103,2	14739	14740
P191,2	14741	14742
P182,2	14743	14744
P24,2	14745	14746
P152,2	14747	14747
P155,2	14748	14749
P43,2	14750	14751
P198,2	14752	14753
P92,2	14754	14755
P125,2	14756	14757
P199,2	14758	14759
P69,2	14760	14761
P180,2	14762	14763
P137,2	14764	14765
P200,2	14766	14767
P143,2	14768	14769
P103,2	14770	14771
P191,2	14772	14773
P182,2	14774	14775
P24,2	14776	14777
P155,2	14778	14779
P43,2	14780	14781
P92,2	14782	14783
P125,2	14784	14785
P199,2	14786	14787
P69,2	14788	14789
P180,2	14790	14791
P137,2	14792	14793
P200,2	14794	14795
P143,2	14796	14797
P103,2	14798	14799
P191,2	14800	14801
P182,2	14802	14803
P24,2	14804	14805
P155,2	14806	14807
P43,2	14808	14809
P92,2	14810	14811
P125,2	14812	14813
P199,2	14814	14815
P69,2	14816	14817
P180,2	14818	14819
P137,2	14820	14821
P200,2	14822	14823
P143,2	14824	14825
P103,2	14826	14827
P191,2	14828	14829
P182,2	14830	14831
P24,2	14832	14833
P155,2	14834	14835
P43,2	14836	14837
P92,2	14838	14839
P125,2	14840	14841
P199,2	14842	14843
P69,2	14844	14845
P180,2	14846	14847
P137,2	14848	14849
P200,2	14850	14851
P103,2	14852	14853
P191,2	14854	14855
P182,2	14856	14857
P24,2	14858	14859
P155,2	14860	14861
P43,2	14862	14863
P92,2	14864	14864
P125,2	14865	14866
P199,2	14867	14868
P69,2	14869	14870
P180,2	14871	14872
P137,2	14873	14874
P200,2	14875	14876
P103,2	14877	14878
P191,2	14879	14880
P182,2	14881	14882
P24,2	14883	14884
P155,2	14885	14886
P43,2	14887	14888
P125,2	14889	14890
P199,2	14891	14892
P69,2	14893	14894
P180,2	14895	14896
P137,2	14897	14898
P200,2	14899	14900
P103,2	14901	14902
P191,2	14903	14904
P182,2	14905	14906
P24,2	14907	14908
P155,2	14909	14910
P43,2	14911	14912
P125,2	14913	14914
P199,2	14915	14916
P69,2	14917	14918
P180,2	14919	14920
P137,2	14921	14922
P200,2	14923	14924
P103,2	14925	14926
P191,2	14927	14928
P182,2	14929	14930
P24,2	14931	14932
P155,2	14933	14934
P43,2	14935	14936
P125,2	14937	14938
P199,2	14939	14940
P69,2	14941	14942
P180,2	14943	14944
P137,2	14945	14946
P200,2	14947	14948
P103,2	14949	14950
P191,2	14951	14952
P182,2	14953	14954
P24,2	14955	14956
P155,2	14957	14958
P43,2	14959	14960
P125,2	14961	14962
P199,2	14963	14964
P69,2	14965	14966
P180,2	14967	14968
P137,2	14969	14970
P200,2	14971	14972
P103,2	14973	14974
P191,2	14975	14976
P24,2	14977	14978
P155,2	14979	14980
P43,2	14981	14981
P125,2	14982	14983
P199,2	14984	14985
P69,2	14986	14987
P180,2	14988	14989
P137,2	14990	14991
P200,2	14992	14993
P103,2	14994	14995
P191,2	14996	14997
P24,2	14998	14999
P155,2	15000	15001
P125,2	15002	15003
P199,2	15004	15005
P69,2	15006	15007
P180,2	15008	15009
P137,2	15010	15011
P200,2	15012	15013
P103,2	15014	15015
P191,2	15016	15017
P24,2	15018	15019
P155,2	15020	15021
P125,2	15022	15023
P199,2	15024	15025
P69,2	15026	15027
P180,2	15028	15029
P137,2	15030	15031
P200,2	15032	15033
P103,2	15034	15035
P191,2	15036	15037
P24,2	15038	15039
P155,2	15040	15041
P125,2	15042	15043
P199,2	15044	15045
P69,2	15046	15047
P180,2	15048	15049
P137,2	15050	15051
P200,2	15052	15053
P103,2	15054	15055
P191,2	15056	15057
P24,2	15058	15059
P155,2	15060	15061
P125,2	15062	15063
P199,2	15064	15065
P69,2	15066	15067
P137,2	15068	15069
P200,2	15070	15071
P103,2	15072	15073
P191,2	15074	15075
P24,2	15076	15077
P155,2	15078	15079
P125,2	15080	15081
P199,2	15082	15083
P69,2	15084	15085
P137,2	15086	15087
P200,2	15088	15089
P103,2	15090	15091
P191,2	15092	15093
P24,2	15094	15095
P155,2	15096	15097
P125,2	15098	15099
P199,2	15100	15101
P69,2	15102	15103
P137,2	15104	15105
P200,2	15106	15107
P103,2	15108	15109
P191,2	15110	15111
P24,2	15112	15113
P155,2	15114	15115
P125,2	15116	15117
P199,2	15118	15119
P69,2	15120	15121
P137,2	15122	15123
P200,2	15124	15125
P103,2	15126	15127
P191,2	15128	15129
P24,2	15130	15131
P155,2	15132	15133
P125,2	15134	15135
P199,2	15136	15137
P69,2	15138	15139
P137,2	15140	15141
P200,2	15142	15143
P103,2	15144	15145
P191,2	15146	15147
P24,2	15148	15149
P155,2	15150	15151
P125,2	15152	15153
P199,2	15154	15155
P69,2	15156	15157
P137,2	15158	15159
P200,2	15160	15161
P103,2	15162	15163
P191,2	15164	15165
P24,2	15166	15167
P155,2	15168	15169
P125,2	15170	15171
P199,2	15172	15173
P69,2	15174	15175
P137,2	15176	15177
P200,2	15178	15179
P103,2	15180	15181
P191,2	15182	15183
P24,2	15184	15185
P155,2	15186	15187
P125,2	15188	15189
P199,2	15190	15191
P69,2	15192	15193
P200,2	15194	15195
P103,2	15196	15197
P191,2	15198	15199
P24,2	15200	15201
P155,2	15202	15203
P125,2	15204	15205
P199,2	15206	15207
P69,2	15208	15209
P200,2	15210	15211
P103,2	15212	15212
P191,2	15213	15214
P24,2	15215	15216
P155,2	15217	15218
P125,2	15219	15220
P199,2	15221	15222
P69,2	15223	15224
P200,2	15225	15225
P191,2	15226	15227
P24,2	15228	15229
P155,2	15230	15231
P125,2	15232	15233
P199,2	15234	15235
P69,2	15236	15236
P191,2	15237	15238
P24,2	15239	15240
P155,2	15241	15242
P125,2	15243	15243
P199,2	15244	15245
P191,2	15246	15247
P24,2	15248	15249
P155,2	15250	15251
P199,2	15252	15253
P191,2	15254	15255
P24,2	15256	15257
P155,2	15258	15259
P199,2	15260	15261
P191,2	15262	15263
P155,2	15264	15265
P199,2	15266	15267
P191,2	15268	15269
P155,2	15270	15271
P199,2	15272	15273
P191,2	15274	15275
P155,2	15276	15277
P199,2	15278	15279
P191,2	15280	15281
P155,2	15282	15283
P199,2	15284	15285
P191,2	15286	15287
P155,2	15288	15289
P199,2	15290	15291
P191,2	15292	15293
P155,2	15294	15295
P199,2	15296	15297
P191,2	15298	15299
P155,2	15300	15301
P199,2	15302	15303
P191,2	15304	15305
P155,2	15306	15307
P199,2	15308	15309
P155,2	15310	15311
P199,2	15312	15313
P155,2	15314	15315
P199,2	15316	15317
P155,2	15318	15319
P199,2	15320	15321
P155,2	15322	15323
P199,2	15324	15325
P155,2	15326	15327
P199,2	15328	15329
P155,2	15330	15331
P199,2	15332	15333
P155,2	15334	15335
P199,2	15336	15337
P155,2	15338	15339
P199,2	15340	15341
P155,2	15342	15343
P199,2	15344	15345
P155,2	15346	15347
P199,2	15348	15349
P155,2	15350	15351
P199,2	15352	15353
P155,2	15354	15355
P199,2	15356	15357
P155,2	15358	15359
P199,2	15360	15361
P155,2	15362	15385
