CPU0
P1,1	2	3
P2,1	4	4
P1,1	5	7
P3,1	8	8
P1,1	9	9
P3,1	10	10
P1,1	11	11
P3,1	12	12
P4,1	13	13
P1,1	14	14
P3,1	15	15
P1,1	16	16
P3,1	17	17
P5,1	18	18
P1,1	19	19
P3,1	20	20
P5,1	21	21
P1,1	22	22
P3,1	23	23
P5,1	24	24
P6,1	25	25
P7,1	26	26
P1,1	27	27
P3,1	28	28
P5,1	29	29
P6,1	30	30
P8,1	31	31
P7,1	32	32
P1,1	33	33
P3,1	34	34
P2,2	35	35
P9,1	36	36
P8,1	37	37
P7,1	38	38
P1,1	39	39
P3,1	40	40
P2,2	41	41
P9,1	42	42
P8,1	43	43
P1,1	44	44
P10,1	45	45
P3,1	46	46
P4,2	47	47
P9,1	48	48
P8,1	49	49
P1,1	50	50
P10,1	51	51
P3,1	52	52
P4,2	53	53
P9,1	54	54
P11,1	55	55
P1,1	56	56
P12,1	57	57
P5,2	58	58
P3,1	59	59
P4,2	60	60
P9,1	61	61
P11,1	62	62
P7,2	63	63
P1,1	64	64
P12,1	65	65
P5,2	66	66
P3,1	67	67
P4,2	68	68
P13,1	69	69
P9,1	70	70
P11,1	71	71
P14,1	72	72
P1,1	73	73
P15,1	74	74
P12,1	75	75
P16,1	76	76
P5,2	77	77
P6,2	78	78
P2,3	79	79
P3,1	80	80
P4,2	81	81
P13,1	82	82
P17,1	83	83
P11,1	84	84
P14,1	85	85
P1,1	86	86
P15,1	87	87
P16,1	88	88
P5,2	89	89
P18,1	90	90
P19,1	91	91
P7,3	92	92
P3,1	93	93
P20,1	94	94
P13,1	95	95
P17,1	96	96
P11,1	97	97
P21,1	98	98
P14,1	99	99
P8,2	100	100
P1,1	101	101
P15,1	102	102
P10,2	103	103
P16,1	104	104
P12,2	105	105
P18,1	106	106
P22,1	107	107
P19,1	108	108
P6,3	109	109
P3,1	110	110
P9,2	111	111
P20,1	112	112
P13,1	113	113
P21,1	114	114
P23,1	115	115
P24,1	116	116
P1,1	117	117
P15,1	118	118
P10,2	119	119
P16,1	120	120
P12,2	121	121
P18,1	122	122
P22,1	123	123
P19,1	124	124
P5,3	125	125
P6,3	126	126
P25,1	127	127
P3,1	128	128
P9,2	129	129
P4,3	130	130
P20,1	131	131
P26,1	132	132
P27,1	133	133
P21,1	134	134
P2,4	135	135
P23,1	136	136
P24,1	137	137
P1,1	138	138
P15,1	139	139
P10,2	140	140
P28,1	141	141
P14,2	142	142
P16,1	143	143
P17,2	144	144
P12,2	145	145
P7,4	146	146
P22,1	147	147
P19,1	148	148
P5,3	149	149
P6,3	150	150
P29,1	151	151
P25,1	152	152
P3,1	153	153
P9,2	154	154
P4,3	155	155
P20,1	156	156
P30,1	157	157
P8,3	158	158
P27,1	159	159
P21,1	160	160
P2,4	161	161
P11,2	162	162
P23,1	163	163
P24,1	164	164
P1,1	165	165
P15,1	166	166
P28,1	167	167
P31,1	168	168
P32,1	169	169
P14,2	170	170
P16,1	171	171
P33,1	172	172
P17,2	173	173
P18,2	174	174
P7,4	175	175
P13,2	176	176
P5,3	177	177
P34,1	178	178
P6,3	179	179
P29,1	180	180
P26,2	181	181
P25,1	182	182
P3,1	183	183
P4,3	184	184
P20,1	185	185
P8,3	186	186
P27,1	187	187
P35,1	188	188
P21,1	189	189
P2,4	190	190
P11,2	191	191
P23,1	192	192
P24,1	193	193
P1,1	194	194
P36,1	195	195
P15,1	196	196
P28,1	197	197
P10,3	198	198
P31,1	199	199
P32,1	200	200
P37,1	201	201
P14,2	202	202
P38,1	203	203
P33,1	204	204
P18,2	205	205
P7,4	206	206
P39,1	207	207
P12,3	208	208
P5,3	209	209
P40,1	210	210
P34,1	211	211
P6,3	212	212
P29,1	213	213
P26,2	214	214
P25,1	215	215
P3,1	216	216
P41,1	217	217
P19,2	218	218
P22,2	219	219
P8,3	220	220
P27,1	221	221
P16,2	222	222
P35,1	223	223
P2,4	224	224
P11,2	225	225
P42,1	226	226
P43,1	227	227
P30,2	228	228
P24,1	229	229
P9,3	230	230
P1,1	231	231
P36,1	232	232
P15,1	233	233
P28,1	234	234
P44,1	235	235
P10,3	236	236
P45,1	237	237
P31,1	238	238
P17,3	239	239
P32,1	240	240
P37,1	241	241
P14,2	242	242
P38,1	243	243
P46,1	244	244
P4,4	245	245
P20,2	246	246
P33,1	247	247
P7,4	248	248
P47,1	249	249
P39,1	250	250
P12,3	251	251
P5,3	252	252
P40,1	253	253
P48,1	254	254
P13,3	255	255
P21,2	256	256
P29,1	257	257
P26,2	258	258
P49,1	259	259
P3,1	260	260
P50,1	261	261
P41,1	262	262
P22,2	263	263
P8,3	264	264
P27,1	265	265
P16,2	266	266
P35,1	267	267
P51,1	268	268
P2,4	269	269
P52,1	270	270
P42,1	271	271
P53,1	272	272
P43,1	273	273
P30,2	274	274
P24,1	275	275
P54,1	276	276
P23,2	277	277
P9,3	278	278
P1,1	279	279
P36,1	280	280
P15,1	281	281
P28,1	282	282
P19,3	283	283
P10,3	284	284
P25,2	285	285
P45,1	286	286
P17,3	287	287
P55,1	288	288
P34,2	289	289
P32,1	290	290
P56,1	291	291
P57,1	292	292
P37,1	293	293
P14,2	294	294
P18,3	295	295
P38,1	296	296
P58,1	297	297
P59,1	298	298
P4,4	299	299
P6,4	300	300
P20,2	301	301
P33,1	302	302
P47,1	303	303
P60,1	304	304
P39,1	305	305
P61,1	306	306
P12,3	307	307
P5,3	308	308
P48,1	309	309
P13,3	310	310
P21,2	311	311
P11,3	312	312
P26,2	313	313
P49,1	314	314
P62,1	315	315
P3,1	316	316
P50,1	317	317
P41,1	318	318
P22,2	319	319
P63,1	320	320
P27,1	321	321
P16,2	322	322
P64,1	323	323
P35,1	324	324
P51,1	325	325
P52,1	326	326
P44,2	327	327
P42,1	328	328
P65,1	329	329
P7,5	330	330
P53,1	331	331
P66,1	332	332
P43,1	333	333
P30,2	334	334
P24,1	335	335
P67,1	336	336
P54,1	337	337
P31,2	338	338
P23,2	339	339
P68,1	340	340
P69,1	341	341
P9,3	342	342
P70,1	343	343
P46,2	344	344
P1,1	345	345
P36,1	346	346
P15,1	347	347
P71,1	348	348
P8,4	349	349
P28,1	350	350
P40,2	351	351
P29,2	352	352
P10,3	353	353
P25,2	354	354
P45,1	355	355
P17,3	356	356
P72,1	357	357
P55,1	358	358
P34,2	359	359
P32,1	360	360
P73,1	361	361
P57,1	362	362
P74,1	363	363
P37,1	364	364
P18,3	365	365
P75,1	366	366
P76,1	367	367
P38,1	368	368
P58,1	369	369
P2,5	370	370
P59,1	371	371
P4,4	372	372
P77,1	373	373
P6,4	374	374
P20,2	375	375
P33,1	376	376
P47,1	377	377
P60,1	378	378
P39,1	379	379
P78,1	380	380
P12,3	381	381
P56,2	382	382
P48,1	383	383
P14,3	384	384
P13,3	385	385
P11,3	386	386
P19,4	387	387
P49,1	388	388
P62,1	389	389
P3,1	390	390
P79,1	391	391
P50,1	392	392
P41,1	393	393
P22,2	394	394
P63,1	395	395
P80,1	396	396
P27,1	397	397
P16,2	398	398
P64,1	399	399
P81,1	400	400
P35,1	401	401
P51,1	402	402
P52,1	403	403
P44,2	404	404
P26,3	405	405
P42,1	406	406
P65,1	407	407
P82,1	408	408
P5,4	409	409
P7,5	410	410
P83,1	411	411
P53,1	412	412
P66,1	413	413
P43,1	414	414
P84,1	415	415
P30,2	416	416
P61,2	417	417
P24,1	418	418
P54,1	419	419
P31,2	420	420
P85,1	421	421
P23,2	422	422
P68,1	423	423
P21,3	424	424
P69,1	425	425
P9,3	426	426
P70,1	427	427
P1,1	428	428
P15,1	429	429
P71,1	430	430
P86,1	431	431
P8,4	432	432
P40,2	433	433
P29,2	434	434
P10,3	435	435
P25,2	436	436
P45,1	437	437
P87,1	438	438
P17,3	439	439
P72,1	440	440
P55,1	441	441
P34,2	442	442
P88,1	443	443
P32,1	444	444
P73,1	445	445
P57,1	446	446
P74,1	447	447
P46,3	448	448
P36,2	449	449
P18,3	450	450
P67,2	451	451
P76,1	452	452
P89,1	453	453
P28,2	454	454
P38,1	455	455
P58,1	456	456
P2,5	457	457
P59,1	458	458
P90,1	459	459
P6,4	460	460
P91,1	461	461
P92,1	462	462
P33,1	463	463
P47,1	464	464
P93,1	465	465
P94,1	466	466
P60,1	467	467
P39,1	468	468
P78,1	469	469
P12,3	470	470
P56,2	471	471
P48,1	472	472
P14,3	473	473
P95,1	474	474
P11,3	475	475
P19,4	476	476
P49,1	477	477
P77,2	478	478
P62,1	479	479
P3,1	480	480
P75,2	481	481
P50,1	482	482
P22,2	483	483
P96,1	484	484
P63,1	485	485
P80,1	486	486
P27,1	487	487
P64,1	488	488
P81,1	489	489
P37,2	490	490
P13,4	491	491
P51,1	492	492
P52,1	493	493
P97,1	494	494
P44,2	495	495
P20,3	496	496
P26,3	497	497
P65,1	498	498
P82,1	499	499
P4,5	500	500
P5,4	501	501
P7,5	502	502
P83,1	503	503
P53,1	504	504
P98,1	505	505
P66,1	506	506
P43,1	507	507
P84,1	508	508
P30,2	509	509
P61,2	510	510
P24,1	511	511
P54,1	512	512
P85,1	513	513
P99,1	514	514
P41,2	515	515
P23,2	516	516
P100,1	517	517
P68,1	518	518
P69,1	519	519
P101,1	520	520
P9,3	521	521
P70,1	522	522
P102,1	523	523
P35,2	524	524
P1,1	525	525
P15,1	526	526
P79,2	527	527
P71,1	528	528
P86,1	529	529
P8,4	530	530
P16,3	531	531
P40,2	532	532
P103,1	533	533
P42,2	534	534
P29,2	535	535
P10,3	536	536
P45,1	537	537
P104,1	538	538
P105,1	539	539
P17,3	540	540
P72,1	541	541
P55,1	542	542
P34,2	543	543
P32,1	544	544
P106,1	545	545
P73,1	546	546
P74,1	547	547
P21,4	548	548
P46,3	549	549
P76,1	550	550
P89,1	551	551
P107,1	552	552
P28,2	553	553
P38,1	554	554
P2,5	555	555
P87,2	556	556
P31,3	557	557
P90,1	558	558
P91,1	559	559
P108,1	560	560
P92,1	561	561
P33,1	562	562
P109,1	563	563
P47,1	564	564
P93,1	565	565
P94,1	566	566
P60,1	567	567
P39,1	568	568
P78,1	569	569
P110,1	570	570
P88,2	571	571
P18,4	572	572
P58,2	573	573
P56,2	574	574
P48,1	575	575
P36,3	576	576
P14,3	577	577
P95,1	578	578
P11,3	579	579
P111,1	580	580
P25,3	581	581
P57,2	582	582
P19,4	583	583
P6,5	584	584
P49,1	585	585
P62,1	586	586
P112,1	587	587
P3,1	588	588
P50,1	589	589
P96,1	590	590
P63,1	591	591
P113,1	592	592
P114,1	593	593
P80,1	594	594
P27,1	595	595
P64,1	596	596
P81,1	597	597
P115,1	598	598
P37,2	599	599
P67,3	600	600
P59,2	601	601
P13,4	602	602
P51,1	603	603
P52,1	604	604
P97,1	605	605
P116,1	606	606
P44,2	607	607
P26,3	608	608
P117,1	609	609
P118,1	610	610
P12,4	611	611
P82,1	612	612
P4,5	613	613
P5,4	614	614
P7,5	615	615
P83,1	616	616
P98,1	617	617
P66,1	618	618
P119,1	619	619
P43,1	620	620
P84,1	621	621
P30,2	622	622
P22,3	623	623
P61,2	624	624
P24,1	625	625
P54,1	626	626
P85,1	627	627
P75,3	628	628
P99,1	629	629
P77,3	630	630
P41,2	631	631
P65,2	632	632
P23,2	633	633
P120,1	634	634
P100,1	635	635
P68,1	636	636
P69,1	637	637
P121,1	638	638
P102,1	639	639
P35,2	640	640
P20,4	641	641
P1,1	642	642
P15,1	643	643
P79,2	644	644
P71,1	645	645
P86,1	646	646
P53,2	647	647
P8,4	648	648
P16,3	649	649
P122,1	650	650
P103,1	651	651
P42,2	652	652
P29,2	653	653
P45,1	654	654
P104,1	655	655
P123,1	656	656
P105,1	657	657
P72,1	658	658
P55,1	659	659
P70,2	660	660
P32,1	661	661
P106,1	662	662
P73,1	663	663
P21,4	664	664
P124,1	665	665
P125,1	666	666
P126,1	667	667
P89,1	668	668
P107,1	669	669
P28,2	670	670
P38,1	671	671
P127,1	672	672
P9,4	673	673
P2,5	674	674
P87,2	675	675
P40,3	676	676
P90,1	677	677
P91,1	678	678
P128,1	679	679
P101,2	680	680
P108,1	681	681
P92,1	682	682
P74,2	683	683
P33,1	684	684
P109,1	685	685
P94,1	686	686
P60,1	687	687
P129,1	688	688
P130,1	689	689
P46,4	690	690
P131,1	691	691
P132,1	692	692
P88,2	693	693
P17,4	694	694
P18,4	695	695
P10,4	696	696
P58,2	697	697
P56,2	698	698
P34,3	699	699
P48,1	700	700
P36,3	701	701
P14,3	702	702
P133,1	703	703
P76,2	704	704
P134,1	705	705
P11,3	706	706
P111,1	707	707
P25,3	708	708
P135,1	709	709
P57,2	710	710
P19,4	711	711
P47,2	712	712
P6,5	713	713
P136,1	714	714
P137,1	715	715
P49,1	716	716
P62,1	717	717
P3,1	718	718
P138,1	719	719
P39,2	720	720
P50,1	721	721
P139,1	722	722
P96,1	723	723
P31,4	724	724
P63,1	725	725
P114,1	726	726
P140,1	727	727
P80,1	728	728
P27,1	729	729
P64,1	730	730
P93,2	731	731
P81,1	732	732
P115,1	733	733
P37,2	734	734
P59,2	735	735
P110,2	736	736
P13,4	737	737
P51,1	738	738
P141,1	739	739
P52,1	740	740
P116,1	741	741
P95,2	742	742
P44,2	743	743
P78,2	744	744
P26,3	745	745
P117,1	746	746
P118,1	747	747
P142,1	748	748
P143,1	749	749
P12,4	750	750
P4,5	751	751
P5,4	752	752
P7,5	753	753
P144,1	754	754
P83,1	755	755
P98,1	756	756
P66,1	757	757
P119,1	758	758
P43,1	759	759
P113,2	760	760
P145,1	761	761
P146,1	762	762
P22,3	763	763
P112,2	764	764
P61,2	765	765
P24,1	766	766
P85,1	767	767
P147,1	768	768
P75,3	769	769
P99,1	770	770
P77,3	771	771
P97,2	772	772
P82,2	773	773
P41,2	774	774
P65,2	775	775
P67,4	776	776
P23,2	777	777
P148,1	778	778
P120,1	779	779
P100,1	780	780
P69,1	781	781
P121,1	782	782
P102,1	783	783
P149,1	784	784
P35,2	785	785
P20,4	786	786
P1,1	787	787
P15,1	788	788
P79,2	789	789
P71,1	790	790
P84,2	791	791
P86,1	792	792
P53,2	793	793
P150,1	794	794
P8,4	795	795
P54,2	796	796
P16,3	797	797
P122,1	798	798
P103,1	799	799
P30,3	800	800
P42,2	801	801
P151,1	802	802
P29,2	803	803
P68,2	804	804
P104,1	805	805
P123,1	806	806
P105,1	807	807
P72,1	808	808
P55,1	809	809
P152,1	810	810
P70,2	811	811
P153,1	812	812
P32,1	813	813
P154,1	814	814
P106,1	815	815
P73,1	816	816
P124,1	817	817
P125,1	818	818
P155,1	819	819
P126,1	820	820
P156,1	821	821
P107,1	822	822
P38,1	823	823
P127,1	824	824
P9,4	825	825
P2,5	826	826
P87,2	827	827
P40,3	828	828
P157,1	829	829
P91,1	830	830
P128,1	831	831
P108,1	832	832
P92,1	833	833
P21,5	834	834
P33,1	835	835
P109,1	836	836
P158,1	837	837
P45,2	838	838
P129,1	839	839
P130,1	840	840
P46,4	841	841
P131,1	842	842
P159,1	843	843
P28,3	844	844
P132,1	845	845
P160,1	846	846
P17,4	847	847
P161,1	848	848
P18,4	849	849
P10,4	850	850
P58,2	851	851
P89,2	852	852
P34,3	853	853
P36,3	854	854
P162,1	855	855
P60,2	856	856
P133,1	857	857
P76,2	858	858
P163,1	859	859
P11,3	860	860
P25,3	861	861
P135,1	862	862
P88,3	863	863
P57,2	864	864
P164,1	865	865
P19,4	866	866
P101,3	867	867
P47,2	868	868
P136,1	869	869
P56,3	870	870
P137,1	871	871
P90,2	872	872
P94,2	873	873
P3,1	874	874
P165,1	875	875
P138,1	876	876
P39,2	877	877
P139,1	878	878
P74,3	879	879
P96,1	880	880
P31,4	881	881
P63,1	882	882
P114,1	883	883
P140,1	884	884
P80,1	885	885
P166,1	886	886
P27,1	887	887
P111,2	888	888
P93,2	889	889
P81,1	890	890
P115,1	891	891
P37,2	892	892
P167,1	893	893
P59,2	894	894
P62,2	895	895
P110,2	896	896
P13,4	897	897
P51,1	898	898
P48,2	899	899
P6,6	900	900
P52,1	901	901
P134,2	902	902
P116,1	903	903
P14,4	904	904
P95,2	905	905
P168,1	906	906
P44,2	907	907
P169,1	908	908
P170,1	909	909
P78,2	910	910
P50,2	911	911
P117,1	912	912
P171,1	913	913
P118,1	914	914
P142,1	915	915
P143,1	916	916
P12,4	917	917
P4,5	918	918
P172,1	919	919
P144,1	920	920
P83,1	921	921
P49,2	922	922
P119,1	923	923
P43,1	924	924
P113,2	925	925
P173,1	926	926
P145,1	927	927
P146,1	928	928
P22,3	929	929
P112,2	930	930
P61,2	931	931
P24,1	932	932
P64,2	933	933
P174,1	934	934
P147,1	935	935
P75,3	936	936
P99,1	937	937
P175,1	938	938
P77,3	939	939
P141,2	940	940
P97,2	941	941
P176,1	942	942
P82,2	943	943
P65,2	944	944
P67,4	945	945
P120,1	946	946
P100,1	947	947
P98,2	948	948
P69,1	949	949
P26,4	950	950
P177,1	951	951
P102,1	952	952
P7,6	953	953
P149,1	954	954
P35,2	955	955
P1,1	956	956
P66,2	957	957
P15,1	958	958
P178,1	959	959
P79,2	960	960
P85,2	961	961
P179,1	962	962
P5,5	963	963
P84,2	964	964
P180,1	965	965
P86,1	966	966
P53,2	967	967
P54,2	968	968
P16,3	969	969
P23,3	970	970
P122,1	971	971
P148,2	972	972
P103,1	973	973
P30,3	974	974
P121,2	975	975
P42,2	976	976
P29,2	977	977
P68,2	978	978
P104,1	979	979
P20,5	980	980
P123,1	981	981
P105,1	982	982
P152,1	983	983
P150,2	984	984
P41,3	985	985
P32,1	986	986
P154,1	987	987
P106,1	988	988
P73,1	989	989
P8,5	990	990
P124,1	991	991
P125,1	992	992
P155,1	993	993
P156,1	994	994
P107,1	995	995
P38,1	996	996
P127,1	997	997
P71,2	998	998
P40,3	999	999
P157,1	1000	1000
P91,1	1001	1001
P55,2	1002	1002
P128,1	1003	1003
P108,1	1004	1004
P92,1	1005	1005
P33,1	1006	1006
P151,2	1007	1007
P70,3	1008	1008
P158,1	1009	1009
P72,2	1010	1010
P46,4	1011	1011
P2,6	1012	1012
P159,1	1013	1013
P28,3	1014	1014
P132,1	1015	1015
P17,4	1016	1016
P181,1	1017	1017
P153,2	1018	1018
P18,4	1019	1019
P126,2	1020	1020
P58,2	1021	1021
P89,2	1022	1022
P34,3	1023	1023
P36,3	1024	1024
P162,1	1025	1025
P60,2	1026	1026
P133,1	1027	1027
P76,2	1028	1028
P9,5	1029	1029
P163,1	1030	1030
P129,2	1031	1031
P109,2	1032	1032
P135,1	1033	1033
P88,3	1034	1034
P45,3	1035	1035
P131,2	1036	1036
P164,1	1037	1037
P87,3	1038	1038
P101,3	1039	1039
P47,2	1040	1040
P136,1	1041	1041
P56,3	1042	1042
P137,1	1043	1043
P161,2	1044	1044
P94,2	1045	1045
P3,1	1046	1046
P130,2	1047	1047
P138,1	1048	1048
P39,2	1049	1049
P182,1	1050	1050
P139,1	1051	1051
P160,2	1052	1052
P74,3	1053	1053
P57,3	1054	1054
P96,1	1055	1055
P11,4	1056	1056
P31,4	1057	1057
P63,1	1058	1058
P114,1	1059	1059
P25,4	1060	1060
P140,1	1061	1061
P183,1	1062	1062
P19,5	1063	1063
P166,1	1064	1064
P10,5	1065	1065
P27,1	1066	1066
P111,2	1067	1067
P93,2	1068	1068
P81,1	1069	1069
P165,2	1070	1070
P115,1	1071	1071
P37,2	1072	1072
P167,1	1073	1073
P59,2	1074	1074
P62,2	1075	1075
P110,2	1076	1076
P13,4	1077	1077
P51,1	1078	1078
P48,2	1079	1079
P6,6	1080	1080
P52,1	1081	1081
P134,2	1082	1082
P90,3	1083	1083
P116,1	1084	1084
P14,4	1085	1085
P184,1	1086	1086
P95,2	1087	1087
P168,1	1088	1088
P80,2	1089	1089
P169,1	1090	1090
P50,2	1091	1091
P171,1	1092	1092
P118,1	1093	1093
P142,1	1094	1094
P143,1	1095	1095
P172,1	1096	1096
P144,1	1097	1097
P83,1	1098	1098
P119,1	1099	1099
P43,1	1100	1100
P113,2	1101	1101
P173,1	1102	1102
P145,1	1103	1103
P146,1	1104	1104
P112,2	1105	1105
P24,1	1106	1106
P64,2	1107	1107
P174,1	1108	1108
P147,1	1109	1109
P99,1	1110	1110
P44,3	1111	1111
P175,1	1112	1112
P77,3	1113	1113
P78,3	1114	1114
P176,1	1115	1115
P12,5	1116	1116
P82,2	1117	1117
P4,6	1118	1118
P49,3	1119	1119
P22,4	1120	1120
P67,4	1121	1121
P170,2	1122	1122
P100,1	1123	1123
P98,2	1124	1124
P69,1	1125	1125
P26,4	1126	1126
P117,2	1127	1127
P177,1	1128	1128
P102,1	1129	1129
P7,6	1130	1130
P149,1	1131	1131
P35,2	1132	1132
P1,1	1133	1133
P75,4	1134	1134
P66,2	1135	1135
P15,1	1136	1136
P141,3	1137	1137
P178,1	1138	1138
P61,3	1139	1139
P79,2	1140	1140
P85,2	1141	1141
P179,1	1142	1142
P5,5	1143	1143
P84,2	1144	1144
P185,1	1145	1145
P180,1	1146	1146
P53,2	1147	1147
P54,2	1148	1148
P23,3	1149	1149
P122,1	1150	1150
P65,3	1151	1151
P148,2	1152	1152
P103,1	1153	1153
P121,2	1154	1154
P42,2	1155	1155
P97,3	1156	1156
P68,2	1157	1157
P104,1	1158	1158
P120,2	1159	1159
P20,5	1160	1160
P123,1	1161	1161
P105,1	1162	1162
P152,1	1163	1163
P150,2	1164	1164
P41,3	1165	1165
P32,1	1166	1166
P154,1	1167	1167
P86,2	1168	1168
P73,1	1169	1169
P8,5	1170	1170
P124,1	1171	1171
P125,1	1172	1172
P155,1	1173	1173
P156,1	1174	1174
P107,1	1175	1175
P38,1	1176	1176
P16,4	1177	1177
P127,1	1178	1178
P71,2	1179	1179
P40,3	1180	1180
P157,1	1181	1181
P91,1	1182	1182
P55,2	1183	1183
P128,1	1184	1184
P108,1	1185	1185
P92,1	1186	1186
P33,1	1187	1187
P151,2	1188	1188
P70,3	1189	1189
P29,3	1190	1190
P2,6	1191	1191
P30,4	1192	1192
P132,1	1193	1193
P181,1	1194	1194
P186,1	1195	1195
P18,4	1196	1196
P126,2	1197	1197
P58,2	1198	1198
P89,2	1199	1199
P34,3	1200	1200
P106,2	1201	1201
P162,1	1202	1202
P60,2	1203	1203
P133,1	1204	1204
P76,2	1205	1205
P28,4	1206	1206
P163,1	1207	1207
P129,2	1208	1208
P109,2	1209	1209
P135,1	1210	1210
P187,1	1211	1211
P88,3	1212	1212
P45,3	1213	1213
P131,2	1214	1214
P164,1	1215	1215
P87,3	1216	1216
P159,2	1217	1217
P136,1	1218	1218
P56,3	1219	1219
P137,1	1220	1220
P17,5	1221	1221
P153,3	1222	1222
P161,2	1223	1223
P94,2	1224	1224
P72,3	1225	1225
P3,1	1226	1226
P158,2	1227	1227
P46,5	1228	1228
P130,2	1229	1229
P138,1	1230	1230
P182,1	1231	1231
P9,6	1232	1232
P160,2	1233	1233
P74,3	1234	1234
P101,4	1235	1235
P57,3	1236	1236
P96,1	1237	1237
P11,4	1238	1238
P188,1	1239	1239
P36,4	1240	1240
P31,4	1241	1241
P63,1	1242	1242
P114,1	1243	1243
P47,3	1244	1244
P25,4	1245	1245
P140,1	1246	1246
P183,1	1247	1247
P19,5	1248	1248
P166,1	1249	1249
P10,5	1250	1250
P27,1	1251	1251
P93,2	1252	1252
P81,1	1253	1253
P165,2	1254	1254
P115,1	1255	1255
P39,3	1256	1256
P167,1	1257	1257
P62,2	1258	1258
P13,4	1259	1259
P139,2	1260	1260
P51,1	1261	1261
P6,6	1262	1262
P52,1	1263	1263
P134,2	1264	1264
P90,3	1265	1265
P116,1	1266	1266
P14,4	1267	1267
P184,1	1268	1268
P95,2	1269	1269
P111,3	1270	1270
P168,1	1271	1271
P80,2	1272	1272
P50,2	1273	1273
P142,1	1274	1274
P143,1	1275	1275
P59,3	1276	1276
P172,1	1277	1277
P144,1	1278	1278
P83,1	1279	1279
P43,1	1280	1280
P113,2	1281	1281
P173,1	1282	1282
P145,1	1283	1283
P146,1	1284	1284
P189,1	1285	1285
P37,3	1286	1286
P24,1	1287	1287
P64,2	1288	1288
P174,1	1289	1289
P147,1	1290	1290
P169,2	1291	1291
P99,1	1292	1292
P44,3	1293	1293
P171,2	1294	1294
P175,1	1295	1295
P110,3	1296	1296
P77,3	1297	1297
P78,3	1298	1298
P48,3	1299	1299
P176,1	1300	1300
P12,5	1301	1301
P119,2	1302	1302
P82,2	1303	1303
P4,6	1304	1304
P49,3	1305	1305
P22,4	1306	1306
P170,2	1307	1307
P69,1	1308	1308
P26,4	1309	1309
P190,1	1310	1310
P118,2	1311	1311
P117,2	1312	1312
P177,1	1313	1313
P102,1	1314	1314
P149,1	1315	1315
P35,2	1316	1316
P1,1	1317	1317
P75,4	1318	1318
P66,2	1319	1319
P15,1	1320	1320
P100,2	1321	1321
P178,1	1322	1322
P61,3	1323	1323
P98,3	1324	1324
P79,2	1325	1325
P112,3	1326	1326
P85,2	1327	1327
P179,1	1328	1328
P5,5	1329	1329
P84,2	1330	1330
P185,1	1331	1331
P180,1	1332	1332
P53,2	1333	1333
P7,7	1334	1334
P54,2	1335	1335
P23,3	1336	1336
P122,1	1337	1337
P65,3	1338	1338
P148,2	1339	1339
P103,1	1340	1340
P121,2	1341	1341
P68,2	1342	1342
P141,4	1343	1343
P104,1	1344	1344
P67,5	1345	1345
P120,2	1346	1346
P20,5	1347	1347
P123,1	1348	1348
P105,1	1349	1349
P152,1	1350	1350
P150,2	1351	1351
P41,3	1352	1352
P32,1	1353	1353
P86,2	1354	1354
P73,1	1355	1355
P8,5	1356	1356
P124,1	1357	1357
P125,1	1358	1358
P97,4	1359	1359
P155,1	1360	1360
P156,1	1361	1361
P38,1	1362	1362
P42,3	1363	1363
P16,4	1364	1364
P71,2	1365	1365
P157,1	1366	1366
P191,1	1367	1367
P154,2	1368	1368
P192,1	1369	1369
P55,2	1370	1370
P128,1	1371	1371
P92,1	1372	1372
P33,1	1373	1373
P151,2	1374	1374
P70,3	1375	1375
P29,3	1376	1376
P2,6	1377	1377
P30,4	1378	1378
P132,1	1379	1379
P181,1	1380	1380
P186,1	1381	1381
P58,2	1382	1382
P89,2	1383	1383
P106,2	1384	1384
P162,1	1385	1385
P60,2	1386	1386
P91,2	1387	1387
P127,2	1388	1388
P163,1	1389	1389
P129,2	1390	1390
P108,2	1391	1391
P18,5	1392	1392
P187,1	1393	1393
P88,3	1394	1394
P45,3	1395	1395
P107,2	1396	1396
P131,2	1397	1397
P40,4	1398	1398
P126,3	1399	1399
P164,1	1400	1400
P159,2	1401	1401
P136,1	1402	1402
P193,1	1403	1403
P137,1	1404	1404
P34,4	1405	1405
P17,5	1406	1406
P153,3	1407	1407
P161,2	1408	1408
P94,2	1409	1409
P72,3	1410	1410
P3,1	1411	1411
P158,2	1412	1412
P46,5	1413	1413
P133,2	1414	1414
P130,2	1415	1415
P138,1	1416	1416
P87,4	1417	1417
P182,1	1418	1418
P28,5	1419	1419
P9,6	1420	1420
P160,2	1421	1421
P76,3	1422	1422
P74,3	1423	1423
P101,4	1424	1424
P135,2	1425	1425
P57,3	1426	1426
P11,4	1427	1427
P188,1	1428	1428
P31,4	1429	1429
P63,1	1430	1430
P114,1	1431	1431
P194,1	1432	1432
P25,4	1433	1433
P109,3	1434	1434
P140,1	1435	1435
P183,1	1436	1436
P19,5	1437	1437
P166,1	1438	1438
P10,5	1439	1439
P27,1	1440	1440
P56,4	1441	1441
P81,1	1442	1442
P165,2	1443	1443
P115,1	1444	1444
P36,5	1445	1445
P39,3	1446	1446
P62,2	1447	1447
P139,2	1448	1448
P51,1	1449	1449
P52,1	1450	1450
P134,2	1451	1451
P96,2	1452	1452
P90,3	1453	1453
P116,1	1454	1454
P47,4	1455	1455
P184,1	1456	1456
P95,2	1457	1457
P111,3	1458	1458
P168,1	1459	1459
P50,2	1460	1460
P142,1	1461	1461
P167,2	1462	1462
P143,1	1463	1463
P59,3	1464	1464
P172,1	1465	1465
P93,3	1466	1466
P83,1	1467	1467
P43,1	1468	1468
P113,2	1469	1469
P173,1	1470	1470
P145,1	1471	1471
P195,1	1472	1472
P146,1	1473	1473
P189,1	1474	1474
P37,3	1475	1475
P24,1	1476	1476
P80,3	1477	1477
P64,2	1478	1478
P174,1	1479	1479
P147,1	1480	1480
P169,2	1481	1481
P13,5	1482	1482
P14,5	1483	1483
P44,3	1484	1484
P6,7	1485	1485
P175,1	1486	1486
P110,3	1487	1487
P77,3	1488	1488
P78,3	1489	1489
P48,3	1490	1490
P176,1	1491	1491
P144,2	1492	1492
P12,5	1493	1493
P119,2	1494	1494
P4,6	1495	1495
P49,3	1496	1496
P22,4	1497	1497
P69,1	1498	1498
P190,1	1499	1499
P118,2	1500	1500
P171,3	1501	1501
P117,2	1502	1502
P177,1	1503	1503
P149,1	1504	1504
P1,1	1505	1505
P75,4	1506	1506
P66,2	1507	1507
P15,1	1508	1508
P100,2	1509	1509
P178,1	1510	1510
P61,3	1511	1511
P98,3	1512	1512
P112,3	1513	1513
P85,2	1514	1514
P179,1	1515	1515
P84,2	1516	1516
P185,1	1517	1517
P99,2	1518	1518
P180,1	1519	1519
P53,2	1520	1520
P7,7	1521	1521
P54,2	1522	1522
P23,3	1523	1523
P82,3	1524	1524
P122,1	1525	1525
P170,3	1526	1526
P148,2	1527	1527
P196,1	1528	1528
P103,1	1529	1529
P121,2	1530	1530
P26,5	1531	1531
P141,4	1532	1532
P67,5	1533	1533
P120,2	1534	1534
P35,3	1535	1535
P79,3	1536	1536
P105,1	1537	1537
P152,1	1538	1538
P41,3	1539	1539
P197,1	1540	1540
P32,1	1541	1541
P102,2	1542	1542
P86,2	1543	1543
P73,1	1544	1544
P8,5	1545	1545
P68,3	1546	1546
P125,1	1547	1547
P104,2	1548	1548
P155,1	1549	1549
P5,6	1550	1550
P38,1	1551	1551
P42,3	1552	1552
P16,4	1553	1553
P71,2	1554	1554
P157,1	1555	1555
P191,1	1556	1556
P154,2	1557	1557
P192,1	1558	1558
P55,2	1559	1559
P92,1	1560	1560
P33,1	1561	1561
P151,2	1562	1562
P70,3	1563	1563
P65,4	1564	1564
P20,6	1565	1565
P29,3	1566	1566
P2,6	1567	1567
P30,4	1568	1568
P150,3	1569	1569
P156,2	1570	1570
P181,1	1571	1571
P186,1	1572	1572
P89,2	1573	1573
P123,2	1574	1574
P106,2	1575	1575
P162,1	1576	1576
P60,2	1577	1577
P124,2	1578	1578
P91,2	1579	1579
P127,2	1580	1580
P198,1	1581	1581
P97,5	1582	1582
P128,2	1583	1583
P129,2	1584	1584
P108,2	1585	1585
P18,5	1586	1586
P187,1	1587	1587
P88,3	1588	1588
P45,3	1589	1589
P107,2	1590	1590
P131,2	1591	1591
P40,4	1592	1592
P126,3	1593	1593
P58,3	1594	1594
P159,2	1595	1595
P136,1	1596	1596
P193,1	1597	1597
P137,1	1598	1598
P17,5	1599	1599
P153,3	1600	1600
P132,2	1601	1601
P161,2	1602	1602
P94,2	1603	1603
P72,3	1604	1604
P3,1	1605	1605
P158,2	1606	1606
P46,5	1607	1607
P199,1	1608	1608
P164,2	1609	1609
P130,2	1610	1610
P87,4	1611	1611
P182,1	1612	1612
P28,5	1613	1613
P163,2	1614	1614
P9,6	1615	1615
P160,2	1616	1616
P76,3	1617	1617
P74,3	1618	1618
P101,4	1619	1619
P135,2	1620	1620
P57,3	1621	1621
P188,1	1622	1622
P31,4	1623	1623
P63,1	1624	1624
P194,1	1625	1625
P25,4	1626	1626
P34,5	1627	1627
P109,3	1628	1628
P200,1	1629	1629
P183,1	1630	1630
P19,5	1631	1631
P166,1	1632	1632
P10,5	1633	1633
P27,1	1634	1634
P56,4	1635	1635
P81,1	1636	1636
P115,1	1637	1637
P62,2	1638	1638
P133,3	1639	1639
P139,2	1640	1640
P51,1	1641	1641
P52,1	1642	1642
P96,2	1643	1643
P90,3	1644	1644
P140,2	1645	1645
P138,2	1646	1646
P47,4	1647	1647
P184,1	1648	1648
P11,5	1649	1649
P111,3	1650	1650
P168,1	1651	1651
P36,6	1652	1652
P142,1	1653	1653
P167,2	1654	1654
P143,1	1655	1655
P59,3	1656	1656
P172,1	1657	1657
P93,3	1658	1658
P114,2	1659	1659
P83,1	1660	1660
P43,1	1661	1661
P173,1	1662	1662
P165,3	1663	1663
P195,1	1664	1664
P95,3	1665	1665
P146,1	1666	1666
P189,1	1667	1667
P37,3	1668	1668
P24,1	1669	1669
P80,3	1670	1670
P134,3	1671	1671
P174,1	1672	1672
P39,4	1673	1673
P169,2	1674	1674
P13,5	1675	1675
P14,5	1676	1676
P44,3	1677	1677
P6,7	1678	1678
P175,1	1679	1679
P50,3	1680	1680
P113,3	1681	1681
P110,3	1682	1682
P78,3	1683	1683
P116,2	1684	1684
P48,3	1685	1685
P176,1	1686	1686
P144,2	1687	1687
P119,2	1688	1688
P4,6	1689	1689
P49,3	1690	1690
P22,4	1691	1691
P69,1	1692	1692
P145,2	1693	1693
P190,1	1694	1694
P64,3	1695	1695
P171,3	1696	1696
P117,2	1697	1697
P177,1	1698	1698
P1,1	1699	1699
P75,4	1700	1700
P15,1	1701	1701
P77,4	1702	1702
P100,2	1703	1703
P178,1	1704	1704
P61,3	1705	1705
P98,3	1706	1706
P112,3	1707	1707
P85,2	1708	1708
P118,3	1709	1709
P179,1	1710	1710
P84,2	1711	1711
P185,1	1712	1712
P99,2	1713	1713
P180,1	1714	1714
P147,2	1715	1715
P12,6	1716	1716
P7,7	1717	1717
P23,3	1718	1718
P82,3	1719	1719
P149,2	1720	1720
P170,3	1721	1721
P148,2	1722	1722
P66,3	1723	1723
P196,1	1724	1724
P103,1	1725	1725
P26,5	1726	1726
P67,5	1727	1727
P120,2	1728	1728
P35,3	1729	1729
P79,3	1730	1730
P105,1	1731	1731
P152,1	1732	1732
P41,3	1733	1733
P197,1	1734	1734
P32,1	1735	1735
P102,2	1736	1736
P86,2	1737	1737
P53,3	1738	1738
P73,1	1739	1739
P8,5	1740	1740
P68,3	1741	1741
P125,1	1742	1742
P155,1	1743	1743
P5,6	1744	1744
P54,3	1745	1745
P122,2	1746	1746
P38,1	1747	1747
P42,3	1748	1748
P16,4	1749	1749
P71,2	1750	1750
P121,3	1751	1751
P191,1	1752	1752
P154,2	1753	1753
P192,1	1754	1754
P55,2	1755	1755
P92,1	1756	1756
P33,1	1757	1757
P151,2	1758	1758
P70,3	1759	1759
P20,6	1760	1760
P141,5	1761	1761
P150,3	1762	1762
P156,2	1763	1763
P157,2	1764	1764
P181,1	1765	1765
P186,1	1766	1766
P106,2	1767	1767
P162,1	1768	1768
P60,2	1769	1769
P124,2	1770	1770
P91,2	1771	1771
P198,1	1772	1772
P97,5	1773	1773
P128,2	1774	1774
P129,2	1775	1775
P108,2	1776	1776
P104,3	1777	1777
P18,5	1778	1778
P187,1	1779	1779
P88,3	1780	1780
P45,3	1781	1781
P29,4	1782	1782
P107,2	1783	1783
P131,2	1784	1784
P40,4	1785	1785
P126,3	1786	1786
P58,3	1787	1787
P65,5	1788	1788
P159,2	1789	1789
P193,1	1790	1790
P137,1	1791	1791
P89,3	1792	1792
P17,5	1793	1793
P30,5	1794	1794
P132,2	1795	1795
P2,7	1796	1796
P161,2	1797	1797
P123,3	1798	1798
P94,2	1799	1799
P72,3	1800	1800
P3,1	1801	1801
P158,2	1802	1802
P127,3	1803	1803
P46,5	1804	1804
P199,1	1805	1805
P164,2	1806	1806
P130,2	1807	1807
P136,2	1808	1808
P87,4	1809	1809
P182,1	1810	1810
P9,6	1811	1811
P76,3	1812	1812
P101,4	1813	1813
P153,4	1814	1814
P135,2	1815	1815
P57,3	1816	1816
P188,1	1817	1817
P63,1	1818	1818
P194,1	1819	1819
P34,5	1820	1820
P109,3	1821	1821
P200,1	1822	1822
P183,1	1823	1823
P19,5	1824	1824
P163,3	1825	1825
P74,4	1826	1826
P27,1	1827	1827
P56,4	1828	1828
P81,1	1829	1829
P115,1	1830	1830
P133,3	1831	1831
P139,2	1832	1832
P51,1	1833	1833
P52,1	1834	1834
P96,2	1835	1835
P90,3	1836	1836
P140,2	1837	1837
P138,2	1838	1838
P47,4	1839	1839
P184,1	1840	1840
P11,5	1841	1841
P111,3	1842	1842
P168,1	1843	1843
P25,5	1844	1844
P36,6	1845	1845
P28,6	1846	1846
P160,3	1847	1847
P167,2	1848	1848
P143,1	1849	1849
P59,3	1850	1850
P172,1	1851	1851
P93,3	1852	1852
P10,6	1853	1853
P114,2	1854	1854
P83,1	1855	1855
P31,5	1856	1856
P43,1	1857	1857
P173,1	1858	1858
P165,3	1859	1859
P195,1	1860	1860
P95,3	1861	1861
P146,1	1862	1862
P189,1	1863	1863
P166,2	1864	1864
P24,1	1865	1865
P80,3	1866	1866
P134,3	1867	1867
P174,1	1868	1868
P62,3	1869	1869
P39,4	1870	1870
P13,5	1871	1871
P14,5	1872	1872
P142,2	1873	1873
P44,3	1874	1874
P6,7	1875	1875
P175,1	1876	1876
P50,3	1877	1877
P113,3	1878	1878
P110,3	1879	1879
P116,2	1880	1880
P48,3	1881	1881
P176,1	1882	1882
P37,4	1883	1883
P144,2	1884	1884
P119,2	1885	1885
P4,6	1886	1886
P49,3	1887	1887
P69,1	1888	1888
P145,2	1889	1889
P190,1	1890	1890
P64,3	1891	1891
P171,3	1892	1892
P1,1	1893	1893
P75,4	1894	1894
P15,1	1895	1895
P77,4	1896	1896
P100,2	1897	1897
P169,3	1898	1898
P178,1	1899	1899
P61,3	1900	1900
P98,3	1901	1901
P112,3	1902	1902
P118,3	1903	1903
P179,1	1904	1904
P185,1	1905	1905
P78,4	1906	1906
P117,3	1907	1907
P99,2	1908	1908
P180,1	1909	1909
P147,2	1910	1910
P12,6	1911	1911
P7,7	1912	1912
P23,3	1913	1913
P22,5	1914	1914
P82,3	1915	1915
P149,2	1916	1916
P177,2	1917	1917
P170,3	1918	1918
P148,2	1919	1919
P66,3	1920	1920
P196,1	1921	1921
P103,1	1922	1922
P26,5	1923	1923
P67,5	1924	1924
P35,3	1925	1925
P79,3	1926	1926
P105,1	1927	1927
P152,1	1928	1928
P197,1	1929	1929
P32,1	1930	1930
P102,2	1931	1931
P86,2	1932	1932
P53,3	1933	1933
P73,1	1934	1934
P68,3	1935	1935
P85,3	1936	1936
P125,1	1937	1937
P155,1	1938	1938
P54,3	1939	1939
P122,2	1940	1940
P38,1	1941	1941
P42,3	1942	1942
P16,4	1943	1943
P71,2	1944	1944
P84,3	1945	1945
P121,3	1946	1946
P191,1	1947	1947
P154,2	1948	1948
P192,1	1949	1949
P92,1	1950	1950
P120,3	1951	1951
P33,1	1952	1952
P70,3	1953	1953
P150,3	1954	1954
P41,4	1955	1955
P156,2	1956	1956
P181,1	1957	1957
P186,1	1958	1958
P106,2	1959	1959
P162,1	1960	1960
P124,2	1961	1961
P91,2	1962	1962
P198,1	1963	1963
P97,5	1964	1964
P128,2	1965	1965
P129,2	1966	1966
P20,7	1967	1967
P104,3	1968	1968
P8,6	1969	1969
P18,5	1970	1970
P141,6	1971	1971
P187,1	1972	1972
P55,3	1973	1973
P29,4	1974	1974
P60,3	1975	1975
P40,4	1976	1976
P126,3	1977	1977
P65,5	1978	1978
P159,2	1979	1979
P193,1	1980	1980
P157,3	1981	1981
P108,3	1982	1982
P137,1	1983	1983
P89,3	1984	1984
P30,5	1985	1985
P151,3	1986	1986
P132,2	1987	1987
P161,2	1988	1988
P123,3	1989	1989
P72,3	1990	1990
P3,1	1991	1991
P158,2	1992	1992
P127,3	1993	1993
P46,5	1994	1994
P199,1	1995	1995
P136,2	1996	1996
P87,4	1997	1997
P182,1	1998	1998
P9,6	1999	1999
P45,4	2000	2000
P76,3	2001	2001
P88,4	2002	2002
P101,4	2003	2003
P153,4	2004	2004
P17,6	2005	2005
P135,2	2006	2006
P131,3	2007	2007
P57,3	2008	2008
P188,1	2009	2009
P63,1	2010	2010
P107,3	2011	2011
P194,1	2012	2012
P58,4	2013	2013
P200,1	2014	2014
P183,1	2015	2015
P19,5	2016	2016
P94,3	2017	2017
P164,3	2018	2018
P2,8	2019	2019
P74,4	2020	2020
P27,1	2021	2021
P56,4	2022	2022
P81,1	2023	2023
P115,1	2024	2024
P133,3	2025	2025
P51,1	2026	2026
P52,1	2027	2027
P34,6	2028	2028
P140,2	2029	2029
P138,2	2030	2030
P47,4	2031	2031
P184,1	2032	2032
P11,5	2033	2033
P111,3	2034	2034
P168,1	2035	2035
P130,3	2036	2036
P36,6	2037	2037
P28,6	2038	2038
P160,3	2039	2039
P167,2	2040	2040
P143,1	2041	2041
P59,3	2042	2042
P10,6	2043	2043
P114,2	2044	2044
P83,1	2045	2045
P109,4	2046	2046
P31,5	2047	2047
P43,1	2048	2048
P163,4	2049	2049
P165,3	2050	2050
P195,1	2051	2051
P95,3	2052	2052
P90,4	2053	2053
P146,1	2054	2054
P139,3	2055	2055
P189,1	2056	2056
P166,2	2057	2057
P24,1	2058	2058
P80,3	2059	2059
P96,3	2060	2060
P134,3	2061	2061
P39,4	2062	2062
P13,5	2063	2063
P172,2	2064	2064
P14,5	2065	2065
P25,6	2066	2066
P93,4	2067	2067
P142,2	2068	2068
P6,7	2069	2069
P175,1	2070	2070
P50,3	2071	2071
P116,2	2072	2072
P48,3	2073	2073
P37,4	2074	2074
P144,2	2075	2075
P173,2	2076	2076
P119,2	2077	2077
P49,3	2078	2078
P69,1	2079	2079
P145,2	2080	2080
P190,1	2081	2081
P64,3	2082	2082
P171,3	2083	2083
P1,1	2084	2084
P15,1	2085	2085
P77,4	2086	2086
P44,4	2087	2087
P169,3	2088	2088
P174,2	2089	2089
P61,3	2090	2090
P98,3	2091	2091
P112,3	2092	2092
P62,4	2093	2093
P118,3	2094	2094
P176,2	2095	2095
P185,1	2096	2096
P4,7	2097	2097
P113,4	2098	2098
P117,3	2099	2099
P99,2	2100	2100
P180,1	2101	2101
P147,2	2102	2102
P75,5	2103	2103
P12,6	2104	2104
P7,7	2105	2105
P22,5	2106	2106
P82,3	2107	2107
P110,4	2108	2108
P177,2	2109	2109
P170,3	2110	2110
P66,3	2111	2111
P196,1	2112	2112
P179,2	2113	2113
P103,1	2114	2114
P26,5	2115	2115
P178,2	2116	2116
P78,5	2117	2117
P35,3	2118	2118
P79,3	2119	2119
P105,1	2120	2120
P152,1	2121	2121
P197,1	2122	2122
P32,1	2123	2123
P102,2	2124	2124
P53,3	2125	2125
P23,4	2126	2126
P73,1	2127	2127
P68,3	2128	2128
P85,3	2129	2129
P100,3	2130	2130
P148,3	2131	2131
P125,1	2132	2132
P155,1	2133	2133
P54,3	2134	2134
P122,2	2135	2135
P149,3	2136	2136
P38,1	2137	2137
P42,3	2138	2138
P16,4	2139	2139
P84,3	2140	2140
P121,3	2141	2141
P191,1	2142	2142
P154,2	2143	2143
P192,1	2144	2144
P92,1	2145	2145
P120,3	2146	2146
P33,1	2147	2147
P150,3	2148	2148
P181,1	2149	2149
P86,3	2150	2150
P186,1	2151	2151
P106,2	2152	2152
P162,1	2153	2153
P124,2	2154	2154
P198,1	2155	2155
P71,3	2156	2156
P20,7	2157	2157
P104,3	2158	2158
P18,5	2159	2159
P141,6	2160	2160
P187,1	2161	2161
P55,3	2162	2162
P29,4	2163	2163
P60,3	2164	2164
P156,3	2165	2165
P40,4	2166	2166
P126,3	2167	2167
P193,1	2168	2168
P157,3	2169	2169
P137,1	2170	2170
P89,3	2171	2171
P91,3	2172	2172
P30,5	2173	2173
P128,3	2174	2174
P132,2	2175	2175
P70,4	2176	2176
P123,3	2177	2177
P72,3	2178	2178
P3,1	2179	2179
P158,2	2180	2180
P127,3	2181	2181
P65,6	2182	2182
P41,5	2183	2183
P199,1	2184	2184
P97,6	2185	2185
P136,2	2186	2186
P87,4	2187	2187
P182,1	2188	2188
P9,6	2189	2189
P45,4	2190	2190
P159,3	2191	2191
P88,4	2192	2192
P129,3	2193	2193
P8,7	2194	2194
P153,4	2195	2195
P17,6	2196	2196
P135,2	2197	2197
P131,3	2198	2198
P108,4	2199	2199
P151,4	2200	2200
P188,1	2201	2201
P63,1	2202	2202
P194,1	2203	2203
P58,4	2204	2204
P200,1	2205	2205
P183,1	2206	2206
P94,3	2207	2207
P164,3	2208	2208
P161,3	2209	2209
P27,1	2210	2210
P56,4	2211	2211
P81,1	2212	2212
P115,1	2213	2213
P57,4	2214	2214
P133,3	2215	2215
P51,1	2216	2216
P52,1	2217	2217
P76,4	2218	2218
P34,6	2219	2219
P107,4	2220	2220
P140,2	2221	2221
P46,6	2222	2222
P101,5	2223	2223
P138,2	2224	2224
P47,4	2225	2225
P184,1	2226	2226
P11,5	2227	2227
P111,3	2228	2228
P168,1	2229	2229
P130,3	2230	2230
P2,9	2231	2231
P74,5	2232	2232
P36,6	2233	2233
P28,6	2234	2234
P160,3	2235	2235
P143,1	2236	2236
P10,6	2237	2237
P114,2	2238	2238
P83,1	2239	2239
P109,4	2240	2240
P31,5	2241	2241
P19,6	2242	2242
P43,1	2243	2243
P163,4	2244	2244
P165,3	2245	2245
P195,1	2246	2246
P95,3	2247	2247
P90,4	2248	2248
P146,1	2249	2249
P139,3	2250	2250
P189,1	2251	2251
P166,2	2252	2252
P24,1	2253	2253
P80,3	2254	2254
P96,3	2255	2255
P134,3	2256	2256
P39,4	2257	2257
P13,5	2258	2258
P172,2	2259	2259
P25,6	2260	2260
P93,4	2261	2261
P142,2	2262	2262
P167,3	2263	2263
P6,7	2264	2264
P175,1	2265	2265
P50,3	2266	2266
P37,4	2267	2267
P144,2	2268	2268
P173,2	2269	2269
P69,1	2270	2270
P59,4	2271	2271
P14,6	2272	2272
P190,1	2273	2273
P64,3	2274	2274
P171,3	2275	2275
P1,1	2276	2276
P15,1	2277	2277
P77,4	2278	2278
P44,4	2279	2279
P174,2	2280	2280
P98,3	2281	2281
P62,4	2282	2282
P118,3	2283	2283
P176,2	2284	2284
P116,3	2285	2285
P48,4	2286	2286
P49,4	2287	2287
P185,1	2288	2288
P4,7	2289	2289
P113,4	2290	2290
P117,3	2291	2291
P99,2	2292	2292
P180,1	2293	2293
P75,5	2294	2294
P119,3	2295	2295
P22,5	2296	2296
P82,3	2297	2297
P177,2	2298	2298
P145,3	2299	2299
P169,4	2300	2300
P170,3	2301	2301
P196,1	2302	2302
P179,2	2303	2303
P103,1	2304	2304
P26,5	2305	2305
P178,2	2306	2306
P112,4	2307	2307
P78,5	2308	2308
P35,3	2309	2309
P79,3	2310	2310
P7,8	2311	2311
P105,1	2312	2312
P152,1	2313	2313
P197,1	2314	2314
P32,1	2315	2315
P102,2	2316	2316
P147,3	2317	2317
P53,3	2318	2318
P23,4	2319	2319
P73,1	2320	2320
P61,4	2321	2321
P68,3	2322	2322
P12,7	2323	2323
P85,3	2324	2324
P100,3	2325	2325
P148,3	2326	2326
P125,1	2327	2327
P155,1	2328	2328
P54,3	2329	2329
P122,2	2330	2330
P149,3	2331	2331
P38,1	2332	2332
P110,5	2333	2333
P42,3	2334	2334
P84,3	2335	2335
P121,3	2336	2336
P191,1	2337	2337
P154,2	2338	2338
P192,1	2339	2339
P92,1	2340	2340
P120,3	2341	2341
P33,1	2342	2342
P66,4	2343	2343
P181,1	2344	2344
P86,3	2345	2345
P186,1	2346	2346
P162,1	2347	2347
P124,2	2348	2348
P198,1	2349	2349
P71,3	2350	2350
P20,7	2351	2351
P104,3	2352	2352
P141,6	2353	2353
P187,1	2354	2354
P29,4	2355	2355
P60,3	2356	2356
P156,3	2357	2357
P193,1	2358	2358
P137,1	2359	2359
P89,3	2360	2360
P91,3	2361	2361
P30,5	2362	2362
P128,3	2363	2363
P16,5	2364	2364
P70,4	2365	2365
P18,6	2366	2366
P3,1	2367	2367
P150,4	2368	2368
P106,3	2369	2369
P127,3	2370	2370
P65,6	2371	2371
P41,5	2372	2372
P199,1	2373	2373
P97,6	2374	2374
P126,4	2375	2375
P136,2	2376	2376
P182,1	2377	2377
P159,3	2378	2378
P8,7	2379	2379
P17,6	2380	2380
P72,4	2381	2381
P135,2	2382	2382
P55,4	2383	2383
P131,3	2384	2384
P151,4	2385	2385
P188,1	2386	2386
P63,1	2387	2387
P40,5	2388	2388
P132,3	2389	2389
P194,1	2390	2390
P58,4	2391	2391
P200,1	2392	2392
P123,4	2393	2393
P183,1	2394	2394
P157,4	2395	2395
P158,3	2396	2396
P94,3	2397	2397
P164,3	2398	2398
P87,5	2399	2399
P161,3	2400	2400
P153,5	2401	2401
P27,1	2402	2402
P56,4	2403	2403
P81,1	2404	2404
P115,1	2405	2405
P133,3	2406	2406
P51,1	2407	2407
P52,1	2408	2408
P76,4	2409	2409
P45,5	2410	2410
P34,6	2411	2411
P88,5	2412	2412
P108,5	2413	2413
P46,6	2414	2414
P101,5	2415	2415
P129,4	2416	2416
P138,2	2417	2417
P184,1	2418	2418
P9,7	2419	2419
P11,5	2420	2420
P168,1	2421	2421
P130,3	2422	2422
P2,9	2423	2423
P36,6	2424	2424
P28,6	2425	2425
P143,1	2426	2426
P114,2	2427	2427
P83,1	2428	2428
P109,4	2429	2429
P107,5	2430	2430
P31,5	2431	2431
P19,6	2432	2432
P111,4	2433	2433
P43,1	2434	2434
P57,5	2435	2435
P163,4	2436	2436
P165,3	2437	2437
P195,1	2438	2438
P95,3	2439	2439
P90,4	2440	2440
P140,3	2441	2441
P146,1	2442	2442
P139,3	2443	2443
P189,1	2444	2444
P24,1	2445	2445
P80,3	2446	2446
P47,5	2447	2447
P96,3	2448	2448
P39,4	2449	2449
P13,5	2450	2450
P172,2	2451	2451
P25,6	2452	2452
P93,4	2453	2453
P142,2	2454	2454
P167,3	2455	2455
P6,7	2456	2456
P175,1	2457	2457
P50,3	2458	2458
P166,3	2459	2459
P173,2	2460	2460
P69,1	2461	2461
P59,4	2462	2462
P14,6	2463	2463
P190,1	2464	2464
P160,4	2465	2465
P1,1	2466	2466
P10,7	2467	2467
P15,1	2468	2468
P77,4	2469	2469
P44,4	2470	2470
P174,2	2471	2471
P118,3	2472	2472
P176,2	2473	2473
P116,3	2474	2474
P48,4	2475	2475
P185,1	2476	2476
P113,4	2477	2477
P117,3	2478	2478
P144,3	2479	2479
P180,1	2480	2480
P134,4	2481	2481
P75,5	2482	2482
P119,3	2483	2483
P22,5	2484	2484
P171,4	2485	2485
P177,2	2486	2486
P145,3	2487	2487
P37,5	2488	2488
P169,4	2489	2489
P170,3	2490	2490
P98,4	2491	2491
P196,1	2492	2492
P179,2	2493	2493
P103,1	2494	2494
P26,5	2495	2495
P112,4	2496	2496
P78,5	2497	2497
P64,4	2498	2498
P35,3	2499	2499
P7,8	2500	2500
P105,1	2501	2501
P152,1	2502	2502
P197,1	2503	2503
P32,1	2504	2504
P82,4	2505	2505
P102,2	2506	2506
P49,5	2507	2507
P62,5	2508	2508
P99,3	2509	2509
P53,3	2510	2510
P23,4	2511	2511
P73,1	2512	2512
P61,4	2513	2513
P12,7	2514	2514
P100,3	2515	2515
P148,3	2516	2516
P125,1	2517	2517
P178,3	2518	2518
P155,1	2519	2519
P122,2	2520	2520
P149,3	2521	2521
P38,1	2522	2522
P110,5	2523	2523
P147,4	2524	2524
P79,4	2525	2525
P121,3	2526	2526
P191,1	2527	2527
P68,4	2528	2528
P192,1	2529	2529
P92,1	2530	2530
P120,3	2531	2531
P33,1	2532	2532
P181,1	2533	2533
P86,3	2534	2534
P186,1	2535	2535
P162,1	2536	2536
P124,2	2537	2537
P198,1	2538	2538
P42,4	2539	2539
P54,4	2540	2540
P20,7	2541	2541
P104,3	2542	2542
P141,6	2543	2543
P187,1	2544	2544
P29,4	2545	2545
P156,3	2546	2546
P193,1	2547	2547
P85,4	2548	2548
P137,1	2549	2549
P89,3	2550	2550
P91,3	2551	2551
P30,5	2552	2552
P154,3	2553	2553
P16,5	2554	2554
P70,4	2555	2555
P18,6	2556	2556
P66,5	2557	2557
P3,1	2558	2558
P150,4	2559	2559
P106,3	2560	2560
P127,3	2561	2561
P65,6	2562	2562
P41,5	2563	2563
P84,4	2564	2564
P199,1	2565	2565
P97,6	2566	2566
P126,4	2567	2567
P136,2	2568	2568
P182,1	2569	2569
P8,7	2570	2570
P71,4	2571	2571
P17,6	2572	2572
P72,4	2573	2573
P55,4	2574	2574
P131,3	2575	2575
P151,4	2576	2576
P188,1	2577	2577
P60,4	2578	2578
P63,1	2579	2579
P40,5	2580	2580
P132,3	2581	2581
P194,1	2582	2582
P58,4	2583	2583
P200,1	2584	2584
P183,1	2585	2585
P157,4	2586	2586
P158,3	2587	2587
P94,3	2588	2588
P159,4	2589	2589
P164,3	2590	2590
P128,4	2591	2591
P87,5	2592	2592
P153,5	2593	2593
P27,1	2594	2594
P81,1	2595	2595
P115,1	2596	2596
P135,3	2597	2597
P133,3	2598	2598
P51,1	2599	2599
P52,1	2600	2600
P76,4	2601	2601
P45,5	2602	2602
P34,6	2603	2603
P108,5	2604	2604
P46,6	2605	2605
P101,5	2606	2606
P129,4	2607	2607
P138,2	2608	2608
P184,1	2609	2609
P9,7	2610	2610
P168,1	2611	2611
P123,5	2612	2612
P130,3	2613	2613
P36,6	2614	2614
P28,6	2615	2615
P143,1	2616	2616
P114,2	2617	2617
P83,1	2618	2618
P109,4	2619	2619
P161,4	2620	2620
P107,5	2621	2621
P19,6	2622	2622
P111,4	2623	2623
P43,1	2624	2624
P57,5	2625	2625
P163,4	2626	2626
P11,6	2627	2627
P195,1	2628	2628
P95,3	2629	2629
P90,4	2630	2630
P140,3	2631	2631
P146,1	2632	2632
P56,5	2633	2633
P139,3	2634	2634
P189,1	2635	2635
P24,1	2636	2636
P47,5	2637	2637
P96,3	2638	2638
P172,2	2639	2639
P25,6	2640	2640
P93,4	2641	2641
P167,3	2642	2642
P175,1	2643	2643
P31,6	2644	2644
P173,2	2645	2645
P69,1	2646	2646
P59,4	2647	2647
P2,10	2648	2648
P14,6	2649	2649
P190,1	2650	2650
P13,6	2651	2651
P160,4	2652	2652
P1,1	2653	2653
P80,4	2654	2654
P15,1	2655	2655
P44,4	2656	2656
P174,2	2657	2657
P118,3	2658	2658
P176,2	2659	2659
P165,4	2660	2660
P185,1	2661	2661
P113,4	2662	2662
P39,5	2663	2663
P144,3	2664	2664
P166,4	2665	2665
P180,1	2666	2666
P75,5	2667	2667
P10,8	2668	2668
P142,3	2669	2669
P22,5	2670	2670
P171,4	2671	2671
P177,2	2672	2672
P145,3	2673	2673
P6,8	2674	2674
P169,4	2675	2675
P98,4	2676	2676
P77,5	2677	2677
P196,1	2678	2678
P50,4	2679	2679
P116,4	2680	2680
P103,1	2681	2681
P112,4	2682	2682
P117,4	2683	2683
P78,5	2684	2684
P64,4	2685	2685
P7,8	2686	2686
P105,1	2687	2687
P152,1	2688	2688
P197,1	2689	2689
P48,5	2690	2690
P32,1	2691	2691
P62,5	2692	2692
P119,4	2693	2693
P99,3	2694	2694
P170,4	2695	2695
P26,6	2696	2696
P73,1	2697	2697
P61,4	2698	2698
P134,5	2699	2699
P37,6	2700	2700
P179,3	2701	2701
P12,7	2702	2702
P148,3	2703	2703
P125,1	2704	2704
P178,3	2705	2705
P155,1	2706	2706
P122,2	2707	2707
P149,3	2708	2708
P102,3	2709	2709
P38,1	2710	2710
P147,4	2711	2711
P79,4	2712	2712
P121,3	2713	2713
P191,1	2714	2714
P192,1	2715	2715
P92,1	2716	2716
P33,1	2717	2717
P181,1	2718	2718
P186,1	2719	2719
P162,1	2720	2720
P35,4	2721	2721
P82,5	2722	2722
P53,4	2723	2723
P198,1	2724	2724
P42,4	2725	2725
P23,5	2726	2726
P54,4	2727	2727
P49,6	2728	2728
P104,3	2729	2729
P141,6	2730	2730
P187,1	2731	2731
P29,4	2732	2732
P156,3	2733	2733
P193,1	2734	2734
P100,4	2735	2735
P137,1	2736	2736
P110,6	2737	2737
P91,3	2738	2738
P68,5	2739	2739
P120,4	2740	2740
P154,3	2741	2741
P16,5	2742	2742
P70,4	2743	2743
P18,6	2744	2744
P66,5	2745	2745
P3,1	2746	2746
P150,4	2747	2747
P106,3	2748	2748
P41,5	2749	2749
P84,4	2750	2750
P199,1	2751	2751
P86,4	2752	2752
P124,3	2753	2753
P97,6	2754	2754
P126,4	2755	2755
P182,1	2756	2756
P8,7	2757	2757
P71,4	2758	2758
P20,8	2759	2759
P17,6	2760	2760
P55,4	2761	2761
P151,4	2762	2762
P188,1	2763	2763
P60,4	2764	2764
P63,1	2765	2765
P40,5	2766	2766
P89,4	2767	2767
P132,3	2768	2768
P194,1	2769	2769
P136,3	2770	2770
P58,4	2771	2771
P85,5	2772	2772
P127,4	2773	2773
P200,1	2774	2774
P183,1	2775	2775
P157,4	2776	2776
P158,3	2777	2777
P94,3	2778	2778
P30,6	2779	2779
P159,4	2780	2780
P87,5	2781	2781
P65,7	2782	2782
P153,5	2783	2783
P27,1	2784	2784
P81,1	2785	2785
P115,1	2786	2786
P131,4	2787	2787
P51,1	2788	2788
P52,1	2789	2789
P76,4	2790	2790
P45,5	2791	2791
P34,6	2792	2792
P108,5	2793	2793
P46,6	2794	2794
P101,5	2795	2795
P72,5	2796	2796
P129,4	2797	2797
P184,1	2798	2798
P168,1	2799	2799
P123,5	2800	2800
P130,3	2801	2801
P135,4	2802	2802
P28,6	2803	2803
P143,1	2804	2804
P133,4	2805	2805
P83,1	2806	2806
P164,4	2807	2807
P109,4	2808	2808
P161,4	2809	2809
P128,5	2810	2810
P19,6	2811	2811
P111,4	2812	2812
P43,1	2813	2813
P57,5	2814	2814
P163,4	2815	2815
P11,6	2816	2816
P195,1	2817	2817
P90,4	2818	2818
P140,3	2819	2819
P146,1	2820	2820
P56,5	2821	2821
P189,1	2822	2822
P24,1	2823	2823
P47,5	2824	2824
P9,8	2825	2825
P172,2	2826	2826
P93,4	2827	2827
P175,1	2828	2828
P95,4	2829	2829
P69,1	2830	2830
P59,4	2831	2831
P138,3	2832	2832
P2,10	2833	2833
P14,6	2834	2834
P190,1	2835	2835
P13,6	2836	2836
P1,1	2837	2837
P80,4	2838	2838
P114,3	2839	2839
P15,1	2840	2840
P174,2	2841	2841
P107,6	2842	2842
P31,7	2843	2843
P176,2	2844	2844
P139,4	2845	2845
P96,4	2846	2846
P185,1	2847	2847
P113,4	2848	2848
P39,5	2849	2849
P144,3	2850	2850
P166,4	2851	2851
P180,1	2852	2852
P160,5	2853	2853
P75,5	2854	2854
P10,8	2855	2855
P142,3	2856	2856
P171,4	2857	2857
P167,4	2858	2858
P6,8	2859	2859
P169,4	2860	2860
P98,4	2861	2861
P196,1	2862	2862
P50,4	2863	2863
P116,4	2864	2864
P103,1	2865	2865
P173,3	2866	2866
P112,4	2867	2867
P117,4	2868	2868
P78,5	2869	2869
P44,5	2870	2870
P64,4	2871	2871
P118,4	2872	2872
P105,1	2873	2873
P152,1	2874	2874
P197,1	2875	2875
P22,6	2876	2876
P48,5	2877	2877
P32,1	2878	2878
P62,5	2879	2879
P145,4	2880	2880
P119,4	2881	2881
P99,3	2882	2882
P165,5	2883	2883
P26,6	2884	2884
P177,3	2885	2885
P73,1	2886	2886
P134,5	2887	2887
P179,3	2888	2888
P12,7	2889	2889
P125,1	2890	2890
P155,1	2891	2891
P7,9	2892	2892
P149,3	2893	2893
P38,1	2894	2894
P77,6	2895	2895
P79,4	2896	2896
P191,1	2897	2897
P192,1	2898	2898
P92,1	2899	2899
P33,1	2900	2900
P181,1	2901	2901
P186,1	2902	2902
P162,1	2903	2903
P35,4	2904	2904
P170,5	2905	2905
P148,4	2906	2906
P53,4	2907	2907
P198,1	2908	2908
P23,5	2909	2909
P54,4	2910	2910
P122,3	2911	2911
P187,1	2912	2912
P147,5	2913	2913
P156,3	2914	2914
P193,1	2915	2915
P61,5	2916	2916
P100,4	2917	2917
P137,1	2918	2918
P121,4	2919	2919
P82,6	2920	2920
P110,6	2921	2921
P37,7	2922	2922
P91,3	2923	2923
P68,5	2924	2924
P120,4	2925	2925
P178,4	2926	2926
P102,4	2927	2927
P3,1	2928	2928
P150,4	2929	2929
P84,4	2930	2930
P42,5	2931	2931
P199,1	2932	2932
P86,4	2933	2933
P124,3	2934	2934
P104,4	2935	2935
P126,4	2936	2936
P182,1	2937	2937
P8,7	2938	2938
P49,7	2939	2939
P17,6	2940	2940
P151,4	2941	2941
P188,1	2942	2942
P60,4	2943	2943
P63,1	2944	2944
P41,6	2945	2945
P29,5	2946	2946
P89,4	2947	2947
P132,3	2948	2948
P141,7	2949	2949
P194,1	2950	2950
P154,4	2951	2951
P70,5	2952	2952
P106,4	2953	2953
P136,3	2954	2954
P66,6	2955	2955
P58,4	2956	2956
P85,5	2957	2957
P127,4	2958	2958
P200,1	2959	2959
P183,1	2960	2960
P157,4	2961	2961
P158,3	2962	2962
P16,6	2963	2963
P18,7	2964	2964
P159,4	2965	2965
P40,6	2966	2966
P87,5	2967	2967
P65,7	2968	2968
P71,5	2969	2969
P55,5	2970	2970
P153,5	2971	2971
P27,1	2972	2972
P81,1	2973	2973
P115,1	2974	2974
P97,7	2975	2975
P131,4	2976	2976
P51,1	2977	2977
P52,1	2978	2978
P76,4	2979	2979
P34,6	2980	2980
P101,5	2981	2981
P20,9	2982	2982
P30,7	2983	2983
P72,5	2984	2984
P129,4	2985	2985
P184,1	2986	2986
P168,1	2987	2987
P123,5	2988	2988
P130,3	2989	2989
P135,4	2990	2990
P94,4	2991	2991
P143,1	2992	2992
P133,4	2993	2993
P45,6	2994	2994
P83,1	2995	2995
P109,4	2996	2996
P161,4	2997	2997
P128,5	2998	2998
P19,6	2999	2999
P111,4	3000	3000
P43,1	3001	3001
P163,4	3002	3002
P11,6	3003	3003
P195,1	3004	3004
P90,4	3005	3005
P140,3	3006	3006
P46,7	3007	3007
P146,1	3008	3008
P56,5	3009	3009
P189,1	3010	3010
P24,1	3011	3011
P28,7	3012	3012
P47,5	3013	3013
P9,8	3014	3014
P172,2	3015	3015
P93,4	3016	3016
P175,1	3017	3017
P95,4	3018	3018
P164,5	3019	3019
P69,1	3020	3020
P108,6	3021	3021
P59,4	3022	3022
P57,6	3023	3023
P138,3	3024	3024
P2,10	3025	3025
P14,6	3026	3026
P190,1	3027	3027
P13,6	3028	3028
P1,1	3029	3029
P80,4	3030	3030
P114,3	3031	3031
P15,1	3032	3032
P174,2	3033	3033
P107,6	3034	3034
P31,7	3035	3035
P139,4	3036	3036
P96,4	3037	3037
P185,1	3038	3038
P39,5	3039	3039
P144,3	3040	3040
P166,4	3041	3041
P180,1	3042	3042
P160,5	3043	3043
P10,8	3044	3044
P169,4	3045	3045
P98,4	3046	3046
P196,1	3047	3047
P50,4	3048	3048
P116,4	3049	3049
P113,5	3050	3050
P103,1	3051	3051
P173,3	3052	3052
P117,4	3053	3053
P78,5	3054	3054
P44,5	3055	3055
P64,4	3056	3056
P118,4	3057	3057
P105,1	3058	3058
P152,1	3059	3059
P197,1	3060	3060
P22,6	3061	3061
P48,5	3062	3062
P32,1	3063	3063
P6,9	3064	3064
P145,4	3065	3065
P142,4	3066	3066
P119,4	3067	3067
P176,3	3068	3068
P165,5	3069	3069
P75,6	3070	3070
P26,6	3071	3071
P177,3	3072	3072
P73,1	3073	3073
P134,5	3074	3074
P112,5	3075	3075
P179,3	3076	3076
P171,5	3077	3077
P125,1	3078	3078
P155,1	3079	3079
P7,9	3080	3080
P167,5	3081	3081
P149,3	3082	3082
P38,1	3083	3083
P77,6	3084	3084
P79,4	3085	3085
P99,4	3086	3086
P191,1	3087	3087
P192,1	3088	3088
P92,1	3089	3089
P33,1	3090	3090
P181,1	3091	3091
P186,1	3092	3092
P162,1	3093	3093
P35,4	3094	3094
P12,8	3095	3095
P170,5	3096	3096
P148,4	3097	3097
P53,4	3098	3098
P198,1	3099	3099
P23,5	3100	3100
P54,4	3101	3101
P122,3	3102	3102
P187,1	3103	3103
P147,5	3104	3104
P156,3	3105	3105
P193,1	3106	3106
P62,6	3107	3107
P61,5	3108	3108
P137,1	3109	3109
P82,6	3110	3110
P110,6	3111	3111
P37,7	3112	3112
P120,4	3113	3113
P178,4	3114	3114
P102,4	3115	3115
P3,1	3116	3116
P150,4	3117	3117
P84,4	3118	3118
P42,5	3119	3119
P199,1	3120	3120
P86,4	3121	3121
P124,3	3122	3122
P104,4	3123	3123
P182,1	3124	3124
P91,4	3125	3125
P8,7	3126	3126
P49,7	3127	3127
P151,4	3128	3128
P188,1	3129	3129
P60,4	3130	3130
P63,1	3131	3131
P121,5	3132	3132
P41,6	3133	3133
P29,5	3134	3134
P132,3	3135	3135
P194,1	3136	3136
P154,4	3137	3137
P70,5	3138	3138
P106,4	3139	3139
P136,3	3140	3140
P100,5	3141	3141
P68,6	3142	3142
P85,5	3143	3143
P127,4	3144	3144
P200,1	3145	3145
P183,1	3146	3146
P157,4	3147	3147
P158,3	3148	3148
P16,6	3149	3149
P18,7	3150	3150
P126,5	3151	3151
P40,6	3152	3152
P87,5	3153	3153
P65,7	3154	3154
P71,5	3155	3155
P55,5	3156	3156
P17,7	3157	3157
P153,5	3158	3158
P27,1	3159	3159
P81,1	3160	3160
P89,5	3161	3161
P115,1	3162	3162
P97,7	3163	3163
P131,4	3164	3164
P51,1	3165	3165
P52,1	3166	3166
P58,5	3167	3167
P141,8	3168	3168
P30,7	3169	3169
P159,5	3170	3170
P72,5	3171	3171
P184,1	3172	3172
P168,1	3173	3173
P123,5	3174	3174
P66,7	3175	3175
P135,4	3176	3176
P94,4	3177	3177
P143,1	3178	3178
P133,4	3179	3179
P45,6	3180	3180
P83,1	3181	3181
P161,4	3182	3182
P20,10	3183	3183
P128,5	3184	3184
P19,6	3185	3185
P111,4	3186	3186
P43,1	3187	3187
P101,6	3188	3188
P11,6	3189	3189
P34,7	3190	3190
P195,1	3191	3191
P46,7	3192	3192
P146,1	3193	3193
P56,5	3194	3194
P189,1	3195	3195
P24,1	3196	3196
P28,7	3197	3197
P109,5	3198	3198
P47,5	3199	3199
P76,5	3200	3200
P175,1	3201	3201
P95,4	3202	3202
P129,5	3203	3203
P130,4	3204	3204
P69,1	3205	3205
P108,6	3206	3206
P59,4	3207	3207
P57,6	3208	3208
P90,5	3209	3209
P138,3	3210	3210
P14,6	3211	3211
P190,1	3212	3212
P13,6	3213	3213
P1,1	3214	3214
P80,4	3215	3215
P172,3	3216	3216
P114,3	3217	3217
P15,1	3218	3218
P107,6	3219	3219
P31,7	3220	3220
P139,4	3221	3221
P96,4	3222	3222
P185,1	3223	3223
P39,5	3224	3224
P140,4	3225	3225
P144,3	3226	3226
P163,5	3227	3227
P180,1	3228	3228
P160,5	3229	3229
P169,4	3230	3230
P196,1	3231	3231
P9,9	3232	3232
P116,4	3233	3233
P2,11	3234	3234
P113,5	3235	3235
P103,1	3236	3236
P93,5	3237	3237
P174,3	3238	3238
P117,4	3239	3239
P44,5	3240	3240
P64,4	3241	3241
P118,4	3242	3242
P164,6	3243	3243
P105,1	3244	3244
P152,1	3245	3245
P197,1	3246	3246
P22,6	3247	3247
P48,5	3248	3248
P32,1	3249	3249
P6,9	3250	3250
P10,9	3251	3251
P145,4	3252	3252
P119,4	3253	3253
P176,3	3254	3254
P165,5	3255	3255
P26,6	3256	3256
P177,3	3257	3257
P166,5	3258	3258
P73,1	3259	3259
P134,5	3260	3260
P112,5	3261	3261
P179,3	3262	3262
P171,5	3263	3263
P173,4	3264	3264
P125,1	3265	3265
P155,1	3266	3266
P167,5	3267	3267
P38,1	3268	3268
P98,5	3269	3269
P79,4	3270	3270
P50,5	3271	3271
P99,4	3272	3272
P78,6	3273	3273
P75,7	3274	3274
P191,1	3275	3275
P192,1	3276	3276
P92,1	3277	3277
P33,1	3278	3278
P181,1	3279	3279
P186,1	3280	3280
P162,1	3281	3281
P35,4	3282	3282
P7,10	3283	3283
P12,8	3284	3284
P170,5	3285	3285
P148,4	3286	3286
P53,4	3287	3287
P198,1	3288	3288
P23,5	3289	3289
P142,5	3290	3290
P122,3	3291	3291
P187,1	3292	3292
P147,5	3293	3293
P193,1	3294	3294
P61,5	3295	3295
P77,7	3296	3296
P137,1	3297	3297
P82,6	3298	3298
P149,4	3299	3299
P110,6	3300	3300
P37,7	3301	3301
P120,4	3302	3302
P3,1	3303	3303
P199,1	3304	3304
P156,4	3305	3305
P86,4	3306	3306
P124,3	3307	3307
P104,4	3308	3308
P182,1	3309	3309
P54,5	3310	3310
P62,7	3311	3311
P49,7	3312	3312
P188,1	3313	3313
P60,4	3314	3314
P63,1	3315	3315
P121,5	3316	3316
P41,6	3317	3317
P29,5	3318	3318
P194,1	3319	3319
P154,4	3320	3320
P70,5	3321	3321
P91,5	3322	3322
P100,5	3323	3323
P178,5	3324	3324
P68,6	3325	3325
P127,4	3326	3326
P200,1	3327	3327
P183,1	3328	3328
P16,6	3329	3329
P150,5	3330	3330
P84,5	3331	3331
P126,5	3332	3332
P40,6	3333	3333
P65,7	3334	3334
P102,5	3335	3335
P71,5	3336	3336
P55,5	3337	3337
P151,5	3338	3338
P153,5	3339	3339
P27,1	3340	3340
P106,5	3341	3341
P81,1	3342	3342
P89,5	3343	3343
P8,8	3344	3344
P115,1	3345	3345
P97,7	3346	3346
P131,4	3347	3347
P51,1	3348	3348
P52,1	3349	3349
P158,4	3350	3350
P18,8	3351	3351
P58,5	3352	3352
P30,7	3353	3353
P159,5	3354	3354
P72,5	3355	3355
P132,4	3356	3356
P184,1	3357	3357
P168,1	3358	3358
P123,5	3359	3359
P87,6	3360	3360
P66,7	3361	3361
P135,4	3362	3362
P143,1	3363	3363
P136,4	3364	3364
P17,8	3365	3365
P133,4	3366	3366
P83,1	3367	3367
P157,5	3368	3368
P161,4	3369	3369
P85,6	3370	3370
P20,10	3371	3371
P128,5	3372	3372
P43,1	3373	3373
P101,6	3374	3374
P11,6	3375	3375
P195,1	3376	3376
P46,7	3377	3377
P146,1	3378	3378
P56,5	3379	3379
P141,9	3380	3380
P189,1	3381	3381
P24,1	3382	3382
P28,7	3383	3383
P109,5	3384	3384
P47,5	3385	3385
P94,5	3386	3386
P76,5	3387	3387
P175,1	3388	3388
P95,4	3389	3389
P129,5	3390	3390
P130,4	3391	3391
P69,1	3392	3392
P108,6	3393	3393
P19,7	3394	3394
P57,6	3395	3395
P90,5	3396	3396
P138,3	3397	3397
P190,1	3398	3398
P45,7	3399	3399
P13,6	3400	3400
P1,1	3401	3401
P80,4	3402	3402
P172,3	3403	3403
P34,8	3404	3404
P114,3	3405	3405
P15,1	3406	3406
P107,6	3407	3407
P111,5	3408	3408
P31,7	3409	3409
P139,4	3410	3410
P96,4	3411	3411
P185,1	3412	3412
P39,5	3413	3413
P163,5	3414	3414
P59,5	3415	3415
P180,1	3416	3416
P160,5	3417	3417
P196,1	3418	3418
P9,9	3419	3419
P116,4	3420	3420
P2,11	3421	3421
P113,5	3422	3422
P103,1	3423	3423
P93,5	3424	3424
P117,4	3425	3425
P44,5	3426	3426
P118,4	3427	3427
P164,6	3428	3428
P105,1	3429	3429
P152,1	3430	3430
P197,1	3431	3431
P22,6	3432	3432
P32,1	3433	3433
P14,7	3434	3434
P6,9	3435	3435
P145,4	3436	3436
P119,4	3437	3437
P176,3	3438	3438
P165,5	3439	3439
P26,6	3440	3440
P177,3	3441	3441
P64,5	3442	3442
P166,5	3443	3443
P144,4	3444	3444
P73,1	3445	3445
P134,5	3446	3446
P112,5	3447	3447
P140,5	3448	3448
P174,4	3449	3449
P48,6	3450	3450
P171,5	3451	3451
P173,4	3452	3452
P169,5	3453	3453
P125,1	3454	3454
P155,1	3455	3455
P38,1	3456	3456
P98,5	3457	3457
P50,5	3458	3458
P99,4	3459	3459
P75,7	3460	3460
P191,1	3461	3461
P10,10	3462	3462
P192,1	3463	3463
P92,1	3464	3464
P33,1	3465	3465
P181,1	3466	3466
P186,1	3467	3467
P179,4	3468	3468
P162,1	3469	3469
P167,6	3470	3470
P7,10	3471	3471
P12,8	3472	3472
P170,5	3473	3473
P148,4	3474	3474
P198,1	3475	3475
P142,5	3476	3476
P122,3	3477	3477
P187,1	3478	3478
P193,1	3479	3479
P77,7	3480	3480
P137,1	3481	3481
P82,6	3482	3482
P149,4	3483	3483
P110,6	3484	3484
P37,7	3485	3485
P3,1	3486	3486
P79,5	3487	3487
P53,5	3488	3488
P199,1	3489	3489
P104,4	3490	3490
P182,1	3491	3491
P54,5	3492	3492
P62,7	3493	3493
P78,7	3494	3494
P49,7	3495	3495
P188,1	3496	3496
P60,4	3497	3497
P63,1	3498	3498
P147,6	3499	3499
P121,5	3500	3500
P41,6	3501	3501
P194,1	3502	3502
P23,6	3503	3503
P156,5	3504	3504
P154,4	3505	3505
P35,5	3506	3506
P91,5	3507	3507
P100,5	3508	3508
P178,5	3509	3509
P68,6	3510	3510
P200,1	3511	3511
P124,4	3512	3512
P183,1	3513	3513
P16,6	3514	3514
P84,5	3515	3515
P61,6	3516	3516
P126,5	3517	3517
P86,5	3518	3518
P40,6	3519	3519
P65,7	3520	3520
P102,5	3521	3521
P71,5	3522	3522
P55,5	3523	3523
P151,5	3524	3524
P120,5	3525	3525
P70,6	3526	3526
P27,1	3527	3527
P106,5	3528	3528
P81,1	3529	3529
P89,5	3530	3530
P127,5	3531	3531
P8,8	3532	3532
P115,1	3533	3533
P97,7	3534	3534
P29,6	3535	3535
P131,4	3536	3536
P51,1	3537	3537
P52,1	3538	3538
P158,4	3539	3539
P18,8	3540	3540
P58,5	3541	3541
P30,7	3542	3542
P159,5	3543	3543
P72,5	3544	3544
P132,4	3545	3545
P184,1	3546	3546
P168,1	3547	3547
P66,7	3548	3548
P135,4	3549	3549
P143,1	3550	3550
P136,4	3551	3551
P17,8	3552	3552
P133,4	3553	3553
P150,6	3554	3554
P83,1	3555	3555
P157,5	3556	3556
P161,4	3557	3557
P85,6	3558	3558
P20,10	3559	3559
P128,5	3560	3560
P43,1	3561	3561
P101,6	3562	3562
P11,6	3563	3563
P153,6	3564	3564
P195,1	3565	3565
P46,7	3566	3566
P146,1	3567	3567
P56,5	3568	3568
P189,1	3569	3569
P24,1	3570	3570
P28,7	3571	3571
P109,5	3572	3572
P76,5	3573	3573
P175,1	3574	3574
P95,4	3575	3575
P123,6	3576	3576
P129,5	3577	3577
P130,4	3578	3578
P69,1	3579	3579
P108,6	3580	3580
P87,7	3581	3581
P19,7	3582	3582
P57,6	3583	3583
P90,5	3584	3584
P138,3	3585	3585
P190,1	3586	3586
P13,6	3587	3587
P1,1	3588	3588
P141,10	3589	3589
P34,8	3590	3590
P114,3	3591	3591
P47,6	3592	3592
P15,1	3593	3593
P107,6	3594	3594
P111,5	3595	3595
P31,7	3596	3596
P139,4	3597	3597
P185,1	3598	3598
P39,5	3599	3599
P163,5	3600	3600
P59,5	3601	3601
P180,1	3602	3602
P160,5	3603	3603
P196,1	3604	3604
P9,9	3605	3605
P94,6	3606	3606
P45,8	3607	3607
P2,11	3608	3608
P113,5	3609	3609
P103,1	3610	3610
P80,5	3611	3611
P93,5	3612	3612
P44,5	3613	3613
P118,4	3614	3614
P164,6	3615	3615
P105,1	3616	3616
P152,1	3617	3617
P197,1	3618	3618
P22,6	3619	3619
P32,1	3620	3620
P14,7	3621	3621
P6,9	3622	3622
P96,5	3623	3623
P172,4	3624	3624
P176,3	3625	3625
P165,5	3626	3626
P116,5	3627	3627
P26,6	3628	3628
P177,3	3629	3629
P64,5	3630	3630
P166,5	3631	3631
P144,4	3632	3632
P73,1	3633	3633
P174,4	3634	3634
P48,6	3635	3635
P145,5	3636	3636
P171,5	3637	3637
P169,5	3638	3638
P125,1	3639	3639
P155,1	3640	3640
P38,1	3641	3641
P98,5	3642	3642
P50,5	3643	3643
P99,4	3644	3644
P75,7	3645	3645
P191,1	3646	3646
P117,5	3647	3647
P10,10	3648	3648
P192,1	3649	3649
P92,1	3650	3650
P33,1	3651	3651
P181,1	3652	3652
P186,1	3653	3653
P179,4	3654	3654
P162,1	3655	3655
P119,5	3656	3656
P167,6	3657	3657
P7,10	3658	3658
P112,6	3659	3659
P148,4	3660	3660
P134,6	3661	3661
P198,1	3662	3662
P142,5	3663	3663
P122,3	3664	3664
P187,1	3665	3665
P193,1	3666	3666
P137,1	3667	3667
P140,6	3668	3668
P149,4	3669	3669
P110,6	3670	3670
P37,7	3671	3671
P3,1	3672	3672
P79,5	3673	3673
P53,5	3674	3674
P199,1	3675	3675
P173,5	3676	3676
P104,4	3677	3677
P182,1	3678	3678
P54,5	3679	3679
P62,7	3680	3680
P78,7	3681	3681
P49,7	3682	3682
P188,1	3683	3683
P63,1	3684	3684
P147,6	3685	3685
P82,7	3686	3686
P121,5	3687	3687
P41,6	3688	3688
P194,1	3689	3689
P23,6	3690	3690
P156,5	3691	3691
P12,9	3692	3692
P35,5	3693	3693
P77,8	3694	3694
P91,5	3695	3695
P100,5	3696	3696
P178,5	3697	3697
P170,6	3698	3698
P200,1	3699	3699
P183,1	3700	3700
P16,6	3701	3701
P84,5	3702	3702
P61,6	3703	3703
P126,5	3704	3704
P102,5	3705	3705
P55,5	3706	3706
P151,5	3707	3707
P120,5	3708	3708
P70,6	3709	3709
P27,1	3710	3710
P81,1	3711	3711
P89,5	3712	3712
P60,5	3713	3713
P127,5	3714	3714
P68,7	3715	3715
P115,1	3716	3716
P29,6	3717	3717
P154,5	3718	3718
P65,8	3719	3719
P51,1	3720	3720
P52,1	3721	3721
P158,4	3722	3722
P30,7	3723	3723
P159,5	3724	3724
P72,5	3725	3725
P184,1	3726	3726
P124,5	3727	3727
P168,1	3728	3728
P71,6	3729	3729
P143,1	3730	3730
P136,4	3731	3731
P17,8	3732	3732
P133,4	3733	3733
P150,6	3734	3734
P83,1	3735	3735
P86,6	3736	3736
P40,7	3737	3737
P8,9	3738	3738
P85,6	3739	3739
P20,10	3740	3740
P131,5	3741	3741
P43,1	3742	3742
P101,6	3743	3743
P97,8	3744	3744
P195,1	3745	3745
P46,7	3746	3746
P135,5	3747	3747
P146,1	3748	3748
P18,9	3749	3749
P189,1	3750	3750
P24,1	3751	3751
P28,7	3752	3752
P109,5	3753	3753
P76,5	3754	3754
P161,5	3755	3755
P175,1	3756	3756
P123,6	3757	3757
P132,5	3758	3758
P130,4	3759	3759
P69,1	3760	3760
P108,6	3761	3761
P58,6	3762	3762
P87,7	3763	3763
P66,8	3764	3764
P19,7	3765	3765
P57,6	3766	3766
P90,5	3767	3767
P190,1	3768	3768
P1,1	3769	3769
P141,10	3770	3770
P153,7	3771	3771
P114,3	3772	3772
P47,6	3773	3773
P15,1	3774	3774
P111,5	3775	3775
P31,7	3776	3776
P11,7	3777	3777
P185,1	3778	3778
P56,6	3779	3779
P163,5	3780	3780
P180,1	3781	3781
P13,7	3782	3782
P160,5	3783	3783
P196,1	3784	3784
P129,6	3785	3785
P9,9	3786	3786
P45,8	3787	3787
P95,5	3788	3788
P2,11	3789	3789
P138,4	3790	3790
P103,1	3791	3791
P34,9	3792	3792
P80,5	3793	3793
P93,5	3794	3794
P44,5	3795	3795
P118,4	3796	3796
P164,6	3797	3797
P105,1	3798	3798
P152,1	3799	3799
P197,1	3800	3800
P32,1	3801	3801
P14,7	3802	3802
P6,9	3803	3803
P96,5	3804	3804
P59,6	3805	3805
P172,4	3806	3806
P176,3	3807	3807
P116,5	3808	3808
P39,6	3809	3809
P64,5	3810	3810
P107,7	3811	3811
P144,4	3812	3812
P73,1	3813	3813
P174,4	3814	3814
P48,6	3815	3815
P139,5	3816	3816
P145,5	3817	3817
P171,5	3818	3818
P169,5	3819	3819
P125,1	3820	3820
P155,1	3821	3821
P94,7	3822	3822
P22,7	3823	3823
P38,1	3824	3824
P98,5	3825	3825
P50,5	3826	3826
P99,4	3827	3827
P75,7	3828	3828
P191,1	3829	3829
P10,10	3830	3830
P192,1	3831	3831
P92,1	3832	3832
P177,4	3833	3833
P33,1	3834	3834
P165,6	3835	3835
P181,1	3836	3836
P26,7	3837	3837
P186,1	3838	3838
P179,4	3839	3839
P162,1	3840	3840
P119,5	3841	3841
P167,6	3842	3842
P166,6	3843	3843
P112,6	3844	3844
P148,4	3845	3845
P134,6	3846	3846
P198,1	3847	3847
P122,3	3848	3848
P187,1	3849	3849
P193,1	3850	3850
P137,1	3851	3851
P140,6	3852	3852
P149,4	3853	3853
P3,1	3854	3854
P79,5	3855	3855
P199,1	3856	3856
P173,5	3857	3857
P104,4	3858	3858
P182,1	3859	3859
P54,5	3860	3860
P142,6	3861	3861
P62,7	3862	3862
P78,7	3863	3863
P7,11	3864	3864
P49,7	3865	3865
P117,6	3866	3866
P188,1	3867	3867
P63,1	3868	3868
P147,6	3869	3869
P82,7	3870	3870
P121,5	3871	3871
P194,1	3872	3872
P12,9	3873	3873
P35,5	3874	3874
P91,5	3875	3875
P100,5	3876	3876
P110,7	3877	3877
P170,6	3878	3878
P200,1	3879	3879
P37,8	3880	3880
P183,1	3881	3881
P16,6	3882	3882
P53,6	3883	3883
P84,5	3884	3884
P102,5	3885	3885
P55,5	3886	3886
P151,5	3887	3887
P70,6	3888	3888
P27,1	3889	3889
P81,1	3890	3890
P77,9	3891	3891
P89,5	3892	3892
P60,5	3893	3893
P41,7	3894	3894
P68,7	3895	3895
P115,1	3896	3896
P29,6	3897	3897
P178,6	3898	3898
P154,5	3899	3899
P61,7	3900	3900
P23,7	3901	3901
P156,6	3902	3902
P51,1	3903	3903
P52,1	3904	3904
P158,4	3905	3905
P159,5	3906	3906
P184,1	3907	3907
P124,5	3908	3908
P168,1	3909	3909
P71,6	3910	3910
P143,1	3911	3911
P120,6	3912	3912
P136,4	3913	3913
P17,8	3914	3914
P150,6	3915	3915
P83,1	3916	3916
P40,7	3917	3917
P127,6	3918	3918
P8,9	3919	3919
P85,6	3920	3920
P126,6	3921	3921
P43,1	3922	3922
P97,8	3923	3923
P195,1	3924	3924
P46,7	3925	3925
P65,9	3926	3926
P135,5	3927	3927
P146,1	3928	3928
P189,1	3929	3929
P30,8	3930	3930
P24,1	3931	3931
P133,5	3932	3932
P28,7	3933	3933
P161,5	3934	3934
P175,1	3935	3935
P123,6	3936	3936
P132,5	3937	3937
P69,1	3938	3938
P87,7	3939	3939
P20,11	3940	3940
P66,8	3941	3941
P90,5	3942	3942
P190,1	3943	3943
P1,1	3944	3944
P109,6	3945	3945
P141,10	3946	3946
P153,7	3947	3947
P47,6	3948	3948
P101,7	3949	3949
P15,1	3950	3950
P111,5	3951	3951
P86,7	3952	3952
P131,6	3953	3953
P11,7	3954	3954
P185,1	3955	3955
P56,6	3956	3956
P163,5	3957	3957
P180,1	3958	3958
P58,7	3959	3959
P13,7	3960	3960
P196,1	3961	3961
P76,6	3962	3962
P108,7	3963	3963
P129,6	3964	3964
P9,9	3965	3965
P18,10	3966	3966
P95,5	3967	3967
P19,8	3968	3968
P2,11	3969	3969
P138,4	3970	3970
P103,1	3971	3971
P34,9	3972	3972
P80,5	3973	3973
P57,7	3974	3974
P130,5	3975	3975
P164,6	3976	3976
P105,1	3977	3977
P152,1	3978	3978
P114,4	3979	3979
P197,1	3980	3980
P32,1	3981	3981
P14,7	3982	3982
P6,9	3983	3983
P96,5	3984	3984
P59,6	3985	3985
P172,4	3986	3986
P176,3	3987	3987
P39,6	3988	3988
P64,5	3989	3989
P160,6	3990	3990
P107,7	3991	3991
P93,6	3992	3992
P73,1	3993	3993
P174,4	3994	3994
P48,6	3995	3995
P139,5	3996	3996
P44,6	3997	3997
P169,5	3998	3998
P125,1	3999	3999
P45,9	4000	4000
P155,1	4001	4001
P94,7	4002	4002
P22,7	4003	4003
P38,1	4004	4004
P50,5	4005	4005
P99,4	4006	4006
P75,7	4007	4007
P191,1	4008	4008
P118,5	4009	4009
P10,10	4010	4010
P192,1	4011	4011
P92,1	4012	4012
P177,4	4013	4013
P33,1	4014	4014
P145,6	4015	4015
P165,6	4016	4016
P181,1	4017	4017
P26,7	4018	4018
P186,1	4019	4019
P179,4	4020	4020
P116,6	4021	4021
P162,1	4022	4022
P166,6	4023	4023
P112,6	4024	4024
P144,5	4025	4025
P134,6	4026	4026
P198,1	4027	4027
P187,1	4028	4028
P193,1	4029	4029
P171,6	4030	4030
P137,1	4031	4031
P140,6	4032	4032
P149,4	4033	4033
P3,1	4034	4034
P199,1	4035	4035
P173,5	4036	4036
P98,6	4037	4037
P182,1	4038	4038
P54,5	4039	4039
P142,6	4040	4040
P78,7	4041	4041
P7,11	4042	4042
P119,6	4043	4043
P188,1	4044	4044
P63,1	4045	4045
P147,6	4046	4046
P148,5	4047	4047
P194,1	4048	4048
P12,9	4049	4049
P35,5	4050	4050
P91,5	4051	4051
P167,7	4052	4052
P110,7	4053	4053
P170,6	4054	4054
P200,1	4055	4055
P122,4	4056	4056
P37,8	4057	4057
P183,1	4058	4058
P53,6	4059	4059
P117,7	4060	4060
P151,5	4061	4061
P70,6	4062	4062
P27,1	4063	4063
P79,6	4064	4064
P62,8	4065	4065
P81,1	4066	4066
P77,9	4067	4067
P60,5	4068	4068
P41,7	4069	4069
P104,5	4070	4070
P115,1	4071	4071
P29,6	4072	4072
P178,6	4073	4073
P49,8	4074	4074
P61,7	4075	4075
P82,8	4076	4076
P84,6	4077	4077
P23,7	4078	4078
P156,6	4079	4079
P121,6	4080	4080
P51,1	4081	4081
P52,1	4082	4082
P159,5	4083	4083
P184,1	4084	4084
P100,6	4085	4085
P168,1	4086	4086
P143,1	4087	4087
P120,6	4088	4088
P136,4	4089	4089
P17,8	4090	4090
P150,6	4091	4091
P16,7	4092	4092
P83,1	4093	4093
P40,7	4094	4094
P127,6	4095	4095
P68,8	4096	4096
P8,9	4097	4097
P55,6	4098	4098
P89,6	4099	4099
P85,6	4100	4100
P126,6	4101	4101
P43,1	4102	4102
P102,6	4103	4103
P195,1	4104	4104
P65,9	4105	4105
P146,1	4106	4106
P189,1	4107	4107
P158,5	4108	4108
P24,1	4109	4109
P133,5	4110	4110
P161,5	4111	4111
P175,1	4112	4112
P123,6	4113	4113
P132,5	4114	4114
P69,1	4115	4115
P124,6	4116	4116
P87,7	4117	4117
P71,7	4118	4118
P66,8	4119	4119
P190,1	4120	4120
P1,1	4121	4121
P109,6	4122	4122
P141,10	4123	4123
P153,7	4124	4124
P47,6	4125	4125
P30,9	4126	4126
P101,7	4127	4127
P15,1	4128	4128
P97,9	4129	4129
P135,6	4130	4130
P111,5	4131	4131
P86,7	4132	4132
P131,6	4133	4133
P11,7	4134	4134
P185,1	4135	4135
P28,8	4136	4136
P56,6	4137	4137
P180,1	4138	4138
P58,7	4139	4139
P13,7	4140	4140
P196,1	4141	4141
P46,8	4142	4142
P20,12	4143	4143
P76,6	4144	4144
P108,7	4145	4145
P9,9	4146	4146
P90,6	4147	4147
P95,5	4148	4148
P19,8	4149	4149
P2,11	4150	4150
P138,4	4151	4151
P103,1	4152	4152
P34,9	4153	4153
P80,5	4154	4154
P57,7	4155	4155
P130,5	4156	4156
P163,6	4157	4157
P164,6	4158	4158
P105,1	4159	4159
P152,1	4160	4160
P197,1	4161	4161
P32,1	4162	4162
P18,11	4163	4163
P14,7	4164	4164
P96,5	4165	4165
P59,6	4166	4166
P172,4	4167	4167
P39,6	4168	4168
P64,5	4169	4169
P160,6	4170	4170
P129,7	4171	4171
P107,7	4172	4172
P93,6	4173	4173
P73,1	4174	4174
P174,4	4175	4175
P139,5	4176	4176
P44,6	4177	4177
P169,5	4178	4178
P125,1	4179	4179
P45,9	4180	4180
P155,1	4181	4181
P6,10	4182	4182
P94,7	4183	4183
P114,5	4184	4184
P22,7	4185	4185
P38,1	4186	4186
P191,1	4187	4187
P118,5	4188	4188
P192,1	4189	4189
P92,1	4190	4190
P177,4	4191	4191
P176,4	4192	4192
P33,1	4193	4193
P145,6	4194	4194
P165,6	4195	4195
P181,1	4196	4196
P26,7	4197	4197
P48,7	4198	4198
P186,1	4199	4199
P50,6	4200	4200
P179,4	4201	4201
P116,6	4202	4202
P162,1	4203	4203
P166,6	4204	4204
P112,6	4205	4205
P144,5	4206	4206
P198,1	4207	4207
P99,5	4208	4208
P10,11	4209	4209
P187,1	4210	4210
P193,1	4211	4211
P171,6	4212	4212
P137,1	4213	4213
P140,6	4214	4214
P3,1	4215	4215
P199,1	4216	4216
P173,5	4217	4217
P75,8	4218	4218
P98,6	4219	4219
P182,1	4220	4220
P54,5	4221	4221
P78,7	4222	4222
P188,1	4223	4223
P63,1	4224	4224
P147,6	4225	4225
P148,5	4226	4226
P194,1	4227	4227
P12,9	4228	4228
P35,5	4229	4229
P167,7	4230	4230
P110,7	4231	4231
P170,6	4232	4232
P200,1	4233	4233
P122,4	4234	4234
P37,8	4235	4235
P183,1	4236	4236
P53,6	4237	4237
P117,7	4238	4238
P151,5	4239	4239
P70,6	4240	4240
P27,1	4241	4241
P134,7	4242	4242
P142,7	4243	4243
P79,6	4244	4244
P62,8	4245	4245
P149,5	4246	4246
P81,1	4247	4247
P77,9	4248	4248
P60,5	4249	4249
P41,7	4250	4250
P115,1	4251	4251
P29,6	4252	4252
P178,6	4253	4253
P49,8	4254	4254
P61,7	4255	4255
P82,8	4256	4256
P119,7	4257	4257
P84,6	4258	4258
P23,7	4259	4259
P91,6	4260	4260
P51,1	4261	4261
P52,1	4262	4262
P184,1	4263	4263
P100,6	4264	4264
P168,1	4265	4265
P143,1	4266	4266
P120,6	4267	4267
P136,4	4268	4268
P17,8	4269	4269
P150,6	4270	4270
P16,7	4271	4271
P83,1	4272	4272
P40,7	4273	4273
P68,8	4274	4274
P8,9	4275	4275
P55,6	4276	4276
P104,6	4277	4277
P126,6	4278	4278
P43,1	4279	4279
P102,6	4280	4280
P195,1	4281	4281
P65,9	4282	4282
P156,7	4283	4283
P146,1	4284	4284
P189,1	4285	4285
P158,5	4286	4286
P121,7	4287	4287
P24,1	4288	4288
P133,5	4289	4289
P161,5	4290	4290
P175,1	4291	4291
P123,6	4292	4292
P132,5	4293	4293
P69,1	4294	4294
P89,7	4295	4295
P124,6	4296	4296
P87,7	4297	4297
P71,7	4298	4298
P66,8	4299	4299
P85,7	4300	4300
P190,1	4301	4301
P1,1	4302	4302
P159,6	4303	4303
P109,6	4304	4304
P30,9	4305	4305
P15,1	4306	4306
P97,9	4307	4307
P111,5	4308	4308
P86,7	4309	4309
P131,6	4310	4310
P127,7	4311	4311
P11,7	4312	4312
P185,1	4313	4313
P28,8	4314	4314
P180,1	4315	4315
P153,8	4316	4316
P58,7	4317	4317
P196,1	4318	4318
P46,8	4319	4319
P76,6	4320	4320
P90,6	4321	4321
P47,7	4322	4322
P95,5	4323	4323
P138,4	4324	4324
P103,1	4325	4325
P34,9	4326	4326
P135,7	4327	4327
P57,7	4328	4328
P130,5	4329	4329
P101,8	4330	4330
P163,6	4331	4331
P105,1	4332	4332
P152,1	4333	4333
P197,1	4334	4334
P32,1	4335	4335
P20,13	4336	4336
P18,11	4337	4337
P9,10	4338	4338
P14,7	4339	4339
P96,5	4340	4340
P59,6	4341	4341
P56,7	4342	4342
P172,4	4343	4343
P39,6	4344	4344
P160,6	4345	4345
P129,7	4346	4346
P107,7	4347	4347
P93,6	4348	4348
P73,1	4349	4349
P139,5	4350	4350
P125,1	4351	4351
P2,12	4352	4352
P45,9	4353	4353
P108,8	4354	4354
P155,1	4355	4355
P6,10	4356	4356
P38,1	4357	4357
P191,1	4358	4358
P19,9	4359	4359
P192,1	4360	4360
P92,1	4361	4361
P174,5	4362	4362
P177,4	4363	4363
P33,1	4364	4364
P145,6	4365	4365
P181,1	4366	4366
P164,7	4367	4367
P48,7	4368	4368
P186,1	4369	4369
P162,1	4370	4370
P64,6	4371	4371
P166,6	4372	4372
P112,6	4373	4373
P144,5	4374	4374
P198,1	4375	4375
P118,6	4376	4376
P99,5	4377	4377
P44,7	4378	4378
P176,5	4379	4379
P187,1	4380	4380
P193,1	4381	4381
P171,6	4382	4382
P137,1	4383	4383
P140,6	4384	4384
P94,8	4385	4385
P22,8	4386	4386
P3,1	4387	4387
P165,7	4388	4388
P199,1	4389	4389
P173,5	4390	4390
P75,8	4391	4391
P182,1	4392	4392
P114,6	4393	4393
P188,1	4394	4394
P63,1	4395	4395
P148,5	4396	4396
P194,1	4397	4397
P12,9	4398	4398
P35,5	4399	4399
P167,7	4400	4400
P110,7	4401	4401
P179,5	4402	4402
P200,1	4403	4403
P26,8	4404	4404
P122,4	4405	4405
P98,7	4406	4406
P37,8	4407	4407
P116,7	4408	4408
P183,1	4409	4409
P54,6	4410	4410
P53,6	4411	4411
P117,7	4412	4412
P78,8	4413	4413
P27,1	4414	4414
P134,7	4415	4415
P79,6	4416	4416
P62,8	4417	4417
P149,5	4418	4418
P81,1	4419	4419
P60,5	4420	4420
P41,7	4421	4421
P115,1	4422	4422
P170,7	4423	4423
P29,6	4424	4424
P178,6	4425	4425
P147,7	4426	4426
P49,8	4427	4427
P82,8	4428	4428
P23,7	4429	4429
P91,6	4430	4430
P51,1	4431	4431
P52,1	4432	4432
P184,1	4433	4433
P168,1	4434	4434
P151,6	4435	4435
P142,8	4436	4436
P143,1	4437	4437
P120,6	4438	4438
P150,6	4439	4439
P16,7	4440	4440
P83,1	4441	4441
P40,7	4442	4442
P68,8	4443	4443
P77,10	4444	4444
P8,9	4445	4445
P119,8	4446	4446
P104,6	4447	4447
P126,6	4448	4448
P43,1	4449	4449
P70,7	4450	4450
P102,6	4451	4451
P195,1	4452	4452
P65,9	4453	4453
P61,8	4454	4454
P146,1	4455	4455
P189,1	4456	4456
P158,5	4457	4457
P17,9	4458	4458
P24,1	4459	4459
P100,7	4460	4460
P175,1	4461	4461
P84,7	4462	4462
P123,6	4463	4463
P132,5	4464	4464
P69,1	4465	4465
P89,7	4466	4466
P87,7	4467	4467
P66,8	4468	4468
P85,7	4469	4469
P190,1	4470	4470
P1,1	4471	4471
P159,6	4472	4472
P30,9	4473	4473
P15,1	4474	4474
P136,5	4475	4475
P97,9	4476	4476
P86,7	4477	4477
P156,8	4478	4478
P131,6	4479	4479
P127,7	4480	4480
P11,7	4481	4481
P124,7	4482	4482
P185,1	4483	4483
P28,8	4484	4484
P180,1	4485	4485
P55,7	4486	4486
P133,6	4487	4487
P153,8	4488	4488
P58,7	4489	4489
P196,1	4490	4490
P46,8	4491	4491
P76,6	4492	4492
P90,6	4493	4493
P47,7	4494	4494
P95,5	4495	4495
P138,4	4496	4496
P103,1	4497	4497
P34,9	4498	4498
P135,7	4499	4499
P57,7	4500	4500
P130,5	4501	4501
P163,6	4502	4502
P105,1	4503	4503
P71,8	4504	4504
P152,1	4505	4505
P197,1	4506	4506
P32,1	4507	4507
P20,13	4508	4508
P18,11	4509	4509
P9,10	4510	4510
P59,6	4511	4511
P172,4	4512	4512
P39,6	4513	4513
P160,6	4514	4514
P129,7	4515	4515
P111,6	4516	4516
P107,7	4517	4517
P93,6	4518	4518
P73,1	4519	4519
P139,5	4520	4520
P125,1	4521	4521
P2,12	4522	4522
P108,8	4523	4523
P155,1	4524	4524
P38,1	4525	4525
P191,1	4526	4526
P19,9	4527	4527
P192,1	4528	4528
P92,1	4529	4529
P33,1	4530	4530
P145,6	4531	4531
P181,1	4532	4532
P164,7	4533	4533
P48,7	4534	4534
P186,1	4535	4535
P162,1	4536	4536
P64,6	4537	4537
P6,11	4538	4538
P112,6	4539	4539
P96,6	4540	4540
P198,1	4541	4541
P118,6	4542	4542
P45,10	4543	4543
P99,5	4544	4544
P14,8	4545	4545
P44,7	4546	4546
P56,8	4547	4547
P176,5	4548	4548
P187,1	4549	4549
P193,1	4550	4550
P137,1	4551	4551
P94,8	4552	4552
P22,8	4553	4553
P3,1	4554	4554
P174,6	4555	4555
P165,7	4556	4556
P199,1	4557	4557
P173,5	4558	4558
P75,8	4559	4559
P166,7	4560	4560
P182,1	4561	4561
P177,5	4562	4562
P188,1	4563	4563
P63,1	4564	4564
P148,5	4565	4565
P194,1	4566	4566
P12,9	4567	4567
P171,7	4568	4568
P110,7	4569	4569
P179,5	4570	4570
P200,1	4571	4571
P26,8	4572	4572
P122,4	4573	4573
P98,7	4574	4574
P144,6	4575	4575
P183,1	4576	4576
P54,6	4577	4577
P53,6	4578	4578
P114,7	4579	4579
P117,7	4580	4580
P140,7	4581	4581
P78,8	4582	4582
P27,1	4583	4583
P134,7	4584	4584
P79,6	4585	4585
P62,8	4586	4586
P81,1	4587	4587
P35,6	4588	4588
P41,7	4589	4589
P115,1	4590	4590
P170,7	4591	4591
P178,6	4592	4592
P167,8	4593	4593
P147,7	4594	4594
P91,6	4595	4595
P51,1	4596	4596
P52,1	4597	4597
P184,1	4598	4598
P168,1	4599	4599
P151,6	4600	4600
P142,8	4601	4601
P143,1	4602	4602
P149,6	4603	4603
P16,7	4604	4604
P37,9	4605	4605
P29,7	4606	4606
P83,1	4607	4607
P40,7	4608	4608
P68,8	4609	4609
P23,8	4610	4610
P116,8	4611	4611
P119,8	4612	4612
P104,6	4613	4613
P49,9	4614	4614
P126,6	4615	4615
P43,1	4616	4616
P70,7	4617	4617
P102,6	4618	4618
P195,1	4619	4619
P65,9	4620	4620
P61,8	4621	4621
P146,1	4622	4622
P189,1	4623	4623
P158,5	4624	4624
P17,9	4625	4625
P24,1	4626	4626
P60,6	4627	4627
P100,7	4628	4628
P120,7	4629	4629
P175,1	4630	4630
P84,7	4631	4631
P77,11	4632	4632
P69,1	4633	4633
P89,7	4634	4634
P190,1	4635	4635
P150,7	4636	4636
P1,1	4637	4637
P30,9	4638	4638
P15,1	4639	4639
P136,5	4640	4640
P97,9	4641	4641
P8,10	4642	4642
P156,8	4643	4643
P131,6	4644	4644
P127,7	4645	4645
P124,7	4646	4646
P132,6	4647	4647
P185,1	4648	4648
P28,8	4649	4649
P180,1	4650	4650
P55,7	4651	4651
P133,6	4652	4652
P153,8	4653	4653
P87,8	4654	4654
P58,7	4655	4655
P196,1	4656	4656
P159,7	4657	4657
P46,8	4658	4658
P76,6	4659	4659
P123,7	4660	4660
P86,8	4661	4661
P47,7	4662	4662
P95,5	4663	4663
P138,4	4664	4664
P85,8	4665	4665
P103,1	4666	4666
P11,8	4667	4667
P34,9	4668	4668
P135,7	4669	4669
P57,7	4670	4670
P163,6	4671	4671
P105,1	4672	4672
P71,8	4673	4673
P66,9	4674	4674
P152,1	4675	4675
P197,1	4676	4676
P32,1	4677	4677
P20,13	4678	4678
P9,10	4679	4679
P160,6	4680	4680
P129,7	4681	4681
P111,6	4682	4682
P107,7	4683	4683
P93,6	4684	4684
P73,1	4685	4685
P139,5	4686	4686
P125,1	4687	4687
P108,8	4688	4688
P155,1	4689	4689
P90,7	4690	4690
P38,1	4691	4691
P191,1	4692	4692
P19,9	4693	4693
P59,7	4694	4694
P192,1	4695	4695
P92,1	4696	4696
P18,12	4697	4697
P33,1	4698	4698
P181,1	4699	4699
P48,7	4700	4700
P186,1	4701	4701
P162,1	4702	4702
P64,6	4703	4703
P6,11	4704	4704
P130,6	4705	4705
P96,6	4706	4706
P2,13	4707	4707
P198,1	4708	4708
P172,5	4709	4709
P118,6	4710	4710
P14,8	4711	4711
P44,7	4712	4712
P56,8	4713	4713
P176,5	4714	4714
P187,1	4715	4715
P193,1	4716	4716
P137,1	4717	4717
P94,8	4718	4718
P39,7	4719	4719
P3,1	4720	4720
P174,6	4721	4721
P165,7	4722	4722
P199,1	4723	4723
P75,8	4724	4724
P112,7	4725	4725
P166,7	4726	4726
P164,8	4727	4727
P182,1	4728	4728
P177,5	4729	4729
P188,1	4730	4730
P63,1	4731	4731
P148,5	4732	4732
P194,1	4733	4733
P171,7	4734	4734
P145,7	4735	4735
P200,1	4736	4736
P45,11	4737	4737
P26,8	4738	4738
P122,4	4739	4739
P98,7	4740	4740
P144,6	4741	4741
P22,9	4742	4742
P183,1	4743	4743
P54,6	4744	4744
P53,6	4745	4745
P114,7	4746	4746
P117,7	4747	4747
P78,8	4748	4748
P27,1	4749	4749
P134,7	4750	4750
P79,6	4751	4751
P179,6	4752	4752
P81,1	4753	4753
P173,6	4754	4754
P35,6	4755	4755
P115,1	4756	4756
P12,10	4757	4757
P170,7	4758	4758
P178,6	4759	4759
P110,8	4760	4760
P147,7	4761	4761
P91,6	4762	4762
P51,1	4763	4763
P52,1	4764	4764
P184,1	4765	4765
P168,1	4766	4766
P151,6	4767	4767
P142,8	4768	4768
P143,1	4769	4769
P149,6	4770	4770
P16,7	4771	4771
P37,9	4772	4772
P29,7	4773	4773
P41,8	4774	4774
P83,1	4775	4775
P140,8	4776	4776
P68,8	4777	4777
P116,8	4778	4778
P119,8	4779	4779
P104,6	4780	4780
P43,1	4781	4781
P70,7	4782	4782
P102,6	4783	4783
P167,9	4784	4784
P195,1	4785	4785
P65,9	4786	4786
P61,8	4787	4787
P146,1	4788	4788
P189,1	4789	4789
P62,9	4790	4790
P158,5	4791	4791
P17,9	4792	4792
P24,1	4793	4793
P23,9	4794	4794
P120,7	4795	4795
P175,1	4796	4796
P126,7	4797	4797
P77,11	4798	4798
P69,1	4799	4799
P89,7	4800	4800
P190,1	4801	4801
P150,7	4802	4802
P1,1	4803	4803
P49,10	4804	4804
P15,1	4805	4805
P136,5	4806	4806
P8,10	4807	4807
P156,8	4808	4808
P131,6	4809	4809
P124,7	4810	4810
P132,6	4811	4811
P40,8	4812	4812
P185,1	4813	4813
P28,8	4814	4814
P60,7	4815	4815
P180,1	4816	4816
P133,6	4817	4817
P153,8	4818	4818
P58,7	4819	4819
P196,1	4820	4820
P84,8	4821	4821
P159,7	4822	4822
P46,8	4823	4823
P123,7	4824	4824
P86,8	4825	4825
P47,7	4826	4826
P97,10	4827	4827
P85,8	4828	4828
P103,1	4829	4829
P11,8	4830	4830
P30,10	4831	4831
P57,7	4832	4832
P163,6	4833	4833
P127,8	4834	4834
P105,1	4835	4835
P71,8	4836	4836
P55,8	4837	4837
P66,9	4838	4838
P152,1	4839	4839
P197,1	4840	4840
P32,1	4841	4841
P160,6	4842	4842
P129,7	4843	4843
P111,6	4844	4844
P93,6	4845	4845
P73,1	4846	4846
P34,10	4847	4847
P125,1	4848	4848
P108,8	4849	4849
P76,7	4850	4850
P155,1	4851	4851
P90,7	4852	4852
P38,1	4853	4853
P191,1	4854	4854
P19,9	4855	4855
P192,1	4856	4856
P92,1	4857	4857
P95,6	4858	4858
P18,12	4859	4859
P33,1	4860	4860
P138,5	4861	4861
P181,1	4862	4862
P48,7	4863	4863
P186,1	4864	4864
P135,8	4865	4865
P162,1	4866	4866
P9,11	4867	4867
P6,11	4868	4868
P130,6	4869	4869
P139,6	4870	4870
P96,6	4871	4871
P2,13	4872	4872
P198,1	4873	4873
P118,6	4874	4874
P14,8	4875	4875
P44,7	4876	4876
P107,8	4877	4877
P176,5	4878	4878
P187,1	4879	4879
P20,14	4880	4880
P193,1	4881	4881
P137,1	4882	4882
P94,8	4883	4883
P39,7	4884	4884
P3,1	4885	4885
P174,6	4886	4886
P165,7	4887	4887
P199,1	4888	4888
P75,8	4889	4889
P112,7	4890	4890
P166,7	4891	4891
P164,8	4892	4892
P182,1	4893	4893
P177,5	4894	4894
P188,1	4895	4895
P63,1	4896	4896
P64,7	4897	4897
P148,5	4898	4898
P59,8	4899	4899
P194,1	4900	4900
P171,7	4901	4901
P145,7	4902	4902
P200,1	4903	4903
P45,11	4904	4904
P26,8	4905	4905
P122,4	4906	4906
P98,7	4907	4907
P172,6	4908	4908
P144,6	4909	4909
P183,1	4910	4910
P54,6	4911	4911
P114,7	4912	4912
P78,8	4913	4913
P56,9	4914	4914
P27,1	4915	4915
P179,6	4916	4916
P81,1	4917	4917
P35,6	4918	4918
P115,1	4919	4919
P12,10	4920	4920
P147,7	4921	4921
P51,1	4922	4922
P52,1	4923	4923
P184,1	4924	4924
P168,1	4925	4925
P151,6	4926	4926
P143,1	4927	4927
P173,7	4928	4928
P149,6	4929	4929
P16,7	4930	4930
P37,9	4931	4931
P29,7	4932	4932
P22,10	4933	4933
P53,7	4934	4934
P41,8	4935	4935
P110,9	4936	4936
P83,1	4937	4937
P140,8	4938	4938
P170,8	4939	4939
P116,8	4940	4940
P119,8	4941	4941
P117,8	4942	4942
P104,6	4943	4943
P43,1	4944	4944
P70,7	4945	4945
P79,7	4946	4946
P167,9	4947	4947
P195,1	4948	4948
P134,8	4949	4949
P61,8	4950	4950
P146,1	4951	4951
P178,7	4952	4952
P189,1	4953	4953
P62,9	4954	4954
P17,9	4955	4955
P24,1	4956	4956
P23,9	4957	4957
P120,7	4958	4958
P175,1	4959	4959
P68,9	4960	4960
P126,7	4961	4961
P77,11	4962	4962
P69,1	4963	4963
P89,7	4964	4964
P190,1	4965	4965
P91,7	4966	4966
P102,7	4967	4967
P150,7	4968	4968
P1,1	4969	4969
P49,10	4970	4970
P142,9	4971	4971
P65,10	4972	4972
P15,1	4973	4973
P136,5	4974	4974
P8,10	4975	4975
P124,7	4976	4976
P132,6	4977	4977
P40,8	4978	4978
P185,1	4979	4979
P180,1	4980	4980
P153,8	4981	4981
P196,1	4982	4982
P159,7	4983	4983
P86,8	4984	4984
P158,6	4985	4985
P47,7	4986	4986
P97,10	4987	4987
P103,1	4988	4988
P11,8	4989	4989
P30,10	4990	4990
P131,7	4991	4991
P163,6	4992	4992
P105,1	4993	4993
P71,8	4994	4994
P55,8	4995	4995
P66,9	4996	4996
P152,1	4997	4997
P197,1	4998	4998
P32,1	4999	4999
P156,9	5000	5000
P123,8	5001	5001
P73,1	5002	5002
P34,10	5003	5003
P84,9	5004	5004
P125,1	5005	5005
P108,8	5006	5006
P133,7	5007	5007
P76,7	5008	5008
P28,9	5009	5009
P60,8	5010	5010
P155,1	5011	5011
P38,1	5012	5012
P191,1	5013	5013
P19,9	5014	5014
P46,9	5015	5015
P192,1	5016	5016
P92,1	5017	5017
P58,8	5018	5018
P95,6	5019	5019
P18,12	5020	5020
P33,1	5021	5021
P181,1	5022	5022
P57,8	5023	5023
P48,7	5024	5024
P127,9	5025	5025
P186,1	5026	5026
P135,8	5027	5027
P162,1	5028	5028
P85,9	5029	5029
P9,11	5030	5030
P6,11	5031	5031
P129,8	5032	5032
P139,6	5033	5033
P96,6	5034	5034
P93,7	5035	5035
P2,13	5036	5036
P111,7	5037	5037
P90,8	5038	5038
P198,1	5039	5039
P118,6	5040	5040
P160,7	5041	5041
P14,8	5042	5042
P107,8	5043	5043
P176,5	5044	5044
P187,1	5045	5045
P20,14	5046	5046
P193,1	5047	5047
P137,1	5048	5048
P94,8	5049	5049
P39,7	5050	5050
P3,1	5051	5051
P199,1	5052	5052
P75,8	5053	5053
P112,7	5054	5054
P166,7	5055	5055
P164,8	5056	5056
P182,1	5057	5057
P138,6	5058	5058
P188,1	5059	5059
P63,1	5060	5060
P64,7	5061	5061
P59,8	5062	5062
P194,1	5063	5063
P171,7	5064	5064
P145,7	5065	5065
P200,1	5066	5066
P130,7	5067	5067
P174,7	5068	5068
P45,11	5069	5069
P165,8	5070	5070
P26,8	5071	5071
P98,7	5072	5072
P172,6	5073	5073
P144,6	5074	5074
P183,1	5075	5075
P54,6	5076	5076
P114,7	5077	5077
P56,9	5078	5078
P27,1	5079	5079
P179,6	5080	5080
P81,1	5081	5081
P35,6	5082	5082
P115,1	5083	5083
P147,7	5084	5084
P51,1	5085	5085
P52,1	5086	5086
P184,1	5087	5087
P168,1	5088	5088
P151,6	5089	5089
P148,6	5090	5090
P143,1	5091	5091
P173,7	5092	5092
P122,5	5093	5093
P149,6	5094	5094
P177,6	5095	5095
P29,7	5096	5096
P22,10	5097	5097
P53,7	5098	5098
P110,9	5099	5099
P83,1	5100	5100
P140,8	5101	5101
P12,11	5102	5102
P170,8	5103	5103
P116,8	5104	5104
P119,8	5105	5105
P78,9	5106	5106
P104,6	5107	5107
P43,1	5108	5108
P79,7	5109	5109
P167,9	5110	5110
P195,1	5111	5111
P134,8	5112	5112
P61,8	5113	5113
P16,8	5114	5114
P146,1	5115	5115
P178,7	5116	5116
P189,1	5117	5117
P62,9	5118	5118
P24,1	5119	5119
P41,9	5120	5120
P120,7	5121	5121
P175,1	5122	5122
P68,9	5123	5123
P126,7	5124	5124
P77,11	5125	5125
P69,1	5126	5126
P190,1	5127	5127
P117,9	5128	5128
P91,7	5129	5129
P102,7	5130	5130
P37,10	5131	5131
P150,7	5132	5132
P1,1	5133	5133
P49,10	5134	5134
P142,9	5135	5135
P15,1	5136	5136
P136,5	5137	5137
P8,10	5138	5138
P124,7	5139	5139
P132,6	5140	5140
P185,1	5141	5141
P89,8	5142	5142
P180,1	5143	5143
P153,8	5144	5144
P196,1	5145	5145
P159,7	5146	5146
P86,8	5147	5147
P158,6	5148	5148
P103,1	5149	5149
P30,10	5150	5150
P40,9	5151	5151
P105,1	5152	5152
P55,8	5153	5153
P66,9	5154	5154
P152,1	5155	5155
P197,1	5156	5156
P32,1	5157	5157
P156,9	5158	5158
P123,8	5159	5159
P73,1	5160	5160
P34,10	5161	5161
P84,9	5162	5162
P125,1	5163	5163
P47,8	5164	5164
P131,8	5165	5165
P133,7	5166	5166
P28,9	5167	5167
P60,8	5168	5168
P155,1	5169	5169
P38,1	5170	5170
P191,1	5171	5171
P97,11	5172	5172
P192,1	5173	5173
P92,1	5174	5174
P58,8	5175	5175
P71,9	5176	5176
P33,1	5177	5177
P181,1	5178	5178
P163,7	5179	5179
P186,1	5180	5180
P135,8	5181	5181
P162,1	5182	5182
P85,9	5183	5183
P76,8	5184	5184
P6,11	5185	5185
P139,6	5186	5186
P93,7	5187	5187
P2,13	5188	5188
P19,10	5189	5189
P90,8	5190	5190
P198,1	5191	5191
P18,13	5192	5192
P118,6	5193	5193
P160,7	5194	5194
P14,8	5195	5195
P107,8	5196	5196
P187,1	5197	5197
P108,9	5198	5198
P95,7	5199	5199
P193,1	5200	5200
P137,1	5201	5201
P46,10	5202	5202
P127,10	5203	5203
P94,8	5204	5204
P39,7	5205	5205
P3,1	5206	5206
P199,1	5207	5207
P57,9	5208	5208
P111,8	5209	5209
P164,8	5210	5210
P182,1	5211	5211
P138,6	5212	5212
P188,1	5213	5213
P63,1	5214	5214
P48,8	5215	5215
P194,1	5216	5216
P171,7	5217	5217
P145,7	5218	5218
P96,7	5219	5219
P200,1	5220	5220
P130,7	5221	5221
P176,6	5222	5222
P174,7	5223	5223
P45,11	5224	5224
P165,8	5225	5225
P129,9	5226	5226
P98,7	5227	5227
P144,6	5228	5228
P183,1	5229	5229
P64,8	5230	5230
P114,7	5231	5231
P56,9	5232	5232
P112,8	5233	5233
P27,1	5234	5234
P179,6	5235	5235
P81,1	5236	5236
P115,1	5237	5237
P147,7	5238	5238
P51,1	5239	5239
P52,1	5240	5240
P184,1	5241	5241
P168,1	5242	5242
P148,6	5243	5243
P75,9	5244	5244
P54,7	5245	5245
P143,1	5246	5246
P173,7	5247	5247
P122,5	5248	5248
P166,8	5249	5249
P149,6	5250	5250
P26,9	5251	5251
P177,6	5252	5252
P172,7	5253	5253
P29,7	5254	5254
P59,9	5255	5255
P53,7	5256	5256
P110,9	5257	5257
P83,1	5258	5258
P12,11	5259	5259
P170,8	5260	5260
P119,8	5261	5261
P78,9	5262	5262
P43,1	5263	5263
P79,7	5264	5264
P167,9	5265	5265
P195,1	5266	5266
P134,8	5267	5267
P16,8	5268	5268
P146,1	5269	5269
P178,7	5270	5270
P189,1	5271	5271
P62,9	5272	5272
P35,7	5273	5273
P24,1	5274	5274
P116,9	5275	5275
P41,9	5276	5276
P175,1	5277	5277
P68,9	5278	5278
P126,7	5279	5279
P77,11	5280	5280
P69,1	5281	5281
P190,1	5282	5282
P117,9	5283	5283
P91,7	5284	5284
P102,7	5285	5285
P37,10	5286	5286
P1,1	5287	5287
P140,9	5288	5288
P142,9	5289	5289
P61,9	5290	5290
P15,1	5291	5291
P120,8	5292	5292
P8,10	5293	5293
P104,7	5294	5294
P132,6	5295	5295
P185,1	5296	5296
P89,8	5297	5297
P180,1	5298	5298
P196,1	5299	5299
P159,7	5300	5300
P86,8	5301	5301
P158,6	5302	5302
P103,1	5303	5303
P40,9	5304	5304
P105,1	5305	5305
P55,8	5306	5306
P152,1	5307	5307
P197,1	5308	5308
P32,1	5309	5309
P156,9	5310	5310
P123,8	5311	5311
P49,11	5312	5312
P73,1	5313	5313
P150,8	5314	5314
P34,10	5315	5315
P84,9	5316	5316
P125,1	5317	5317
P47,8	5318	5318
P124,8	5319	5319
P28,9	5320	5320
P60,8	5321	5321
P155,1	5322	5322
P38,1	5323	5323
P191,1	5324	5324
P97,11	5325	5325
P192,1	5326	5326
P92,1	5327	5327
P58,8	5328	5328
P71,9	5329	5329
P33,1	5330	5330
P181,1	5331	5331
P163,7	5332	5332
P186,1	5333	5333
P162,1	5334	5334
P85,9	5335	5335
P76,8	5336	5336
P30,11	5337	5337
P66,10	5338	5338
P93,7	5339	5339
P2,13	5340	5340
P19,10	5341	5341
P90,8	5342	5342
P198,1	5343	5343
P18,13	5344	5344
P160,7	5345	5345
P133,8	5346	5346
P187,1	5347	5347
P131,9	5348	5348
P108,9	5349	5349
P95,7	5350	5350
P6,12	5351	5351
P193,1	5352	5352
P137,1	5353	5353
P46,10	5354	5354
P127,10	5355	5355
P39,7	5356	5356
P3,1	5357	5357
P135,9	5358	5358
P199,1	5359	5359
P57,9	5360	5360
P111,8	5361	5361
P118,7	5362	5362
P164,8	5363	5363
P182,1	5364	5364
P138,6	5365	5365
P14,9	5366	5366
P188,1	5367	5367
P63,1	5368	5368
P194,1	5369	5369
P145,7	5370	5370
P94,9	5371	5371
P200,1	5372	5372
P176,6	5373	5373
P139,7	5374	5374
P45,11	5375	5375
P129,9	5376	5376
P183,1	5377	5377
P107,9	5378	5378
P64,8	5379	5379
P114,7	5380	5380
P112,8	5381	5381
P27,1	5382	5382
P179,6	5383	5383
P81,1	5384	5384
P171,8	5385	5385
P115,1	5386	5386
P48,9	5387	5387
P51,1	5388	5388
P52,1	5389	5389
P184,1	5390	5390
P168,1	5391	5391
P75,9	5392	5392
P54,7	5393	5393
P143,1	5394	5394
P173,7	5395	5395
P122,5	5396	5396
P166,8	5397	5397
P96,8	5398	5398
P177,6	5399	5399
P130,8	5400	5400
P172,7	5401	5401
P98,8	5402	5402
P53,7	5403	5403
P83,1	5404	5404
P165,9	5405	5405
P43,1	5406	5406
P79,7	5407	5407
P56,10	5408	5408
P167,9	5409	5409
P195,1	5410	5410
P134,8	5411	5411
P16,8	5412	5412
P147,8	5413	5413
P146,1	5414	5414
P29,8	5415	5415
P189,1	5416	5416
P35,7	5417	5417
P24,1	5418	5418
P59,10	5419	5419
P116,9	5420	5420
P12,12	5421	5421
P41,9	5422	5422
P175,1	5423	5423
P68,9	5424	5424
P126,7	5425	5425
P149,7	5426	5426
P77,11	5427	5427
P78,10	5428	5428
P69,1	5429	5429
P190,1	5430	5430
P117,9	5431	5431
P102,7	5432	5432
P37,10	5433	5433
P1,1	5434	5434
P142,9	5435	5435
P15,1	5436	5436
P120,8	5437	5437
P8,10	5438	5438
P132,6	5439	5439
P110,10	5440	5440
P185,1	5441	5441
P89,8	5442	5442
P180,1	5443	5443
P196,1	5444	5444
P159,7	5445	5445
P158,6	5446	5446
P140,10	5447	5447
P103,1	5448	5448
P40,9	5449	5449
P61,10	5450	5450
P105,1	5451	5451
P152,1	5452	5452
P197,1	5453	5453
P91,8	5454	5454
P32,1	5455	5455
P178,8	5456	5456
P123,8	5457	5457
P49,11	5458	5458
P73,1	5459	5459
P104,8	5460	5460
P150,8	5461	5461
P84,9	5462	5462
P125,1	5463	5463
P124,8	5464	5464
P28,9	5465	5465
P60,8	5466	5466
P155,1	5467	5467
P38,1	5468	5468
P191,1	5469	5469
P55,9	5470	5470
P97,11	5471	5471
P192,1	5472	5472
P92,1	5473	5473
P58,8	5474	5474
P71,9	5475	5475
P156,10	5476	5476
P33,1	5477	5477
P181,1	5478	5478
P86,9	5479	5479
P163,7	5480	5480
P186,1	5481	5481
P34,11	5482	5482
P162,1	5483	5483
P85,9	5484	5484
P76,8	5485	5485
P30,11	5486	5486
P66,10	5487	5487
P93,7	5488	5488
P2,13	5489	5489
P19,10	5490	5490
P90,8	5491	5491
P198,1	5492	5492
P18,13	5493	5493
P160,7	5494	5494
P133,8	5495	5495
P187,1	5496	5496
P131,9	5497	5497
P108,9	5498	5498
P6,12	5499	5499
P47,9	5500	5500
P193,1	5501	5501
P137,1	5502	5502
P46,10	5503	5503
P3,1	5504	5504
P135,9	5505	5505
P199,1	5506	5506
P57,9	5507	5507
P118,7	5508	5508
P164,8	5509	5509
P182,1	5510	5510
P14,9	5511	5511
P188,1	5512	5512
P63,1	5513	5513
P194,1	5514	5514
P127,11	5515	5515
P145,7	5516	5516
P94,9	5517	5517
P200,1	5518	5518
P139,7	5519	5519
P129,9	5520	5520
P183,1	5521	5521
P95,8	5522	5522
P107,9	5523	5523
P64,8	5524	5524
P27,1	5525	5525
P179,6	5526	5526
P81,1	5527	5527
P171,8	5528	5528
P115,1	5529	5529
P48,9	5530	5530
P39,8	5531	5531
P51,1	5532	5532
P52,1	5533	5533
P184,1	5534	5534
P45,12	5535	5535
P168,1	5536	5536
P75,9	5537	5537
P54,7	5538	5538
P143,1	5539	5539
P122,5	5540	5540
P114,8	5541	5541
P166,8	5542	5542
P96,8	5543	5543
P177,6	5544	5544
P130,8	5545	5545
P111,9	5546	5546
P172,7	5547	5547
P138,7	5548	5548
P98,8	5549	5549
P53,7	5550	5550
P83,1	5551	5551
P165,9	5552	5552
P43,1	5553	5553
P112,9	5554	5554
P167,9	5555	5555
P195,1	5556	5556
P176,7	5557	5557
P16,8	5558	5558
P147,8	5559	5559
P146,1	5560	5560
P29,8	5561	5561
P189,1	5562	5562
P35,7	5563	5563
P24,1	5564	5564
P59,10	5565	5565
P116,9	5566	5566
P12,12	5567	5567
P175,1	5568	5568
P149,7	5569	5569
P78,10	5570	5570
P69,1	5571	5571
P190,1	5572	5572
P117,9	5573	5573
P102,7	5574	5574
P37,10	5575	5575
P1,1	5576	5576
P142,9	5577	5577
P15,1	5578	5578
P79,8	5579	5579
P134,9	5580	5580
P110,10	5581	5581
P185,1	5582	5582
P126,8	5583	5583
P89,8	5584	5584
P77,12	5585	5585
P180,1	5586	5586
P196,1	5587	5587
P158,6	5588	5588
P103,1	5589	5589
P40,9	5590	5590
P61,10	5591	5591
P105,1	5592	5592
P152,1	5593	5593
P197,1	5594	5594
P91,8	5595	5595
P32,1	5596	5596
P178,8	5597	5597
P123,8	5598	5598
P49,11	5599	5599
P73,1	5600	5600
P68,10	5601	5601
P104,8	5602	5602
P8,11	5603	5603
P150,8	5604	5604
P41,10	5605	5605
P120,9	5606	5606
P125,1	5607	5607
P132,7	5608	5608
P124,8	5609	5609
P155,1	5610	5610
P159,8	5611	5611
P38,1	5612	5612
P191,1	5613	5613
P55,9	5614	5614
P97,11	5615	5615
P192,1	5616	5616
P92,1	5617	5617
P58,8	5618	5618
P156,10	5619	5619
P33,1	5620	5620
P181,1	5621	5621
P186,1	5622	5622
P162,1	5623	5623
P85,9	5624	5624
P76,8	5625	5625
P30,11	5626	5626
P140,11	5627	5627
P66,10	5628	5628
P93,7	5629	5629
P90,8	5630	5630
P198,1	5631	5631
P18,13	5632	5632
P86,10	5633	5633
P187,1	5634	5634
P84,10	5635	5635
P6,12	5636	5636
P60,9	5637	5637
P47,9	5638	5638
P193,1	5639	5639
P71,10	5640	5640
P137,1	5641	5641
P46,10	5642	5642
P3,1	5643	5643
P28,10	5644	5644
P135,9	5645	5645
P199,1	5646	5646
P57,9	5647	5647
P118,7	5648	5648
P182,1	5649	5649
P14,9	5650	5650
P188,1	5651	5651
P133,9	5652	5652
P63,1	5653	5653
P194,1	5654	5654
P127,11	5655	5655
P94,9	5656	5656
P200,1	5657	5657
P163,8	5658	5658
P34,12	5659	5659
P139,7	5660	5660
P129,9	5661	5661
P183,1	5662	5662
P2,14	5663	5663
P107,9	5664	5664
P64,8	5665	5665
P27,1	5666	5666
P160,8	5667	5667
P108,10	5668	5668
P81,1	5669	5669
P171,8	5670	5670
P115,1	5671	5671
P48,9	5672	5672
P39,8	5673	5673
P51,1	5674	5674
P52,1	5675	5675
P184,1	5676	5676
P131,10	5677	5677
P45,12	5678	5678
P168,1	5679	5679
P75,9	5680	5680
P143,1	5681	5681
P122,5	5682	5682
P164,9	5683	5683
P96,8	5684	5684
P145,8	5685	5685
P130,8	5686	5686
P172,7	5687	5687
P138,7	5688	5688
P98,8	5689	5689
P83,1	5690	5690
P165,9	5691	5691
P179,7	5692	5692
P43,1	5693	5693
P112,9	5694	5694
P195,1	5695	5695
P95,9	5696	5696
P176,7	5697	5697
P16,8	5698	5698
P147,8	5699	5699
P146,1	5700	5700
P29,8	5701	5701
P189,1	5702	5702
P35,7	5703	5703
P24,1	5704	5704
P53,8	5705	5705
P59,10	5706	5706
P116,9	5707	5707
P12,12	5708	5708
P175,1	5709	5709
P166,9	5710	5710
P78,10	5711	5711
P69,1	5712	5712
P190,1	5713	5713
P111,10	5714	5714
P37,10	5715	5715
P1,1	5716	5716
P54,8	5717	5717
P142,9	5718	5718
P15,1	5719	5719
P134,9	5720	5720
P110,10	5721	5721
P185,1	5722	5722
P126,8	5723	5723
P167,10	5724	5724
P89,8	5725	5725
P77,12	5726	5726
P180,1	5727	5727
P196,1	5728	5728
P103,1	5729	5729
P40,9	5730	5730
P105,1	5731	5731
P152,1	5732	5732
P197,1	5733	5733
P91,8	5734	5734
P32,1	5735	5735
P117,10	5736	5736
P49,11	5737	5737
P73,1	5738	5738
P68,10	5739	5739
P41,10	5740	5740
P120,9	5741	5741
P125,1	5742	5742
P149,8	5743	5743
P132,7	5744	5744
P124,8	5745	5745
P155,1	5746	5746
P159,8	5747	5747
P38,1	5748	5748
P102,8	5749	5749
P191,1	5750	5750
P55,9	5751	5751
P97,11	5752	5752
P158,7	5753	5753
P192,1	5754	5754
P92,1	5755	5755
P156,10	5756	5756
P61,11	5757	5757
P33,1	5758	5758
P181,1	5759	5759
P186,1	5760	5760
P178,9	5761	5761
P162,1	5762	5762
P85,9	5763	5763
P76,8	5764	5764
P30,11	5765	5765
P140,11	5766	5766
P198,1	5767	5767
P18,13	5768	5768
P86,10	5769	5769
P58,9	5770	5770
P187,1	5771	5771
P8,12	5772	5772
P150,9	5773	5773
P84,10	5774	5774
P6,12	5775	5775
P60,9	5776	5776
P193,1	5777	5777
P71,10	5778	5778
P137,1	5779	5779
P3,1	5780	5780
P28,10	5781	5781
P199,1	5782	5782
P57,9	5783	5783
P118,7	5784	5784
P90,9	5785	5785
P182,1	5786	5786
P14,9	5787	5787
P188,1	5788	5788
P133,9	5789	5789
P63,1	5790	5790
P194,1	5791	5791
P127,11	5792	5792
P94,9	5793	5793
P200,1	5794	5794
P34,12	5795	5795
P139,7	5796	5796
P129,9	5797	5797
P183,1	5798	5798
P2,14	5799	5799
P93,8	5800	5800
P107,9	5801	5801
P64,8	5802	5802
P27,1	5803	5803
P160,8	5804	5804
P108,10	5805	5805
P81,1	5806	5806
P171,8	5807	5807
P115,1	5808	5808
P47,10	5809	5809
P48,9	5810	5810
P39,8	5811	5811
P51,1	5812	5812
P52,1	5813	5813
P184,1	5814	5814
P131,10	5815	5815
P45,12	5816	5816
P168,1	5817	5817
P75,9	5818	5818
P143,1	5819	5819
P135,10	5820	5820
P164,9	5821	5821
P145,8	5822	5822
P172,7	5823	5823
P83,1	5824	5824
P165,9	5825	5825
P179,7	5826	5826
P43,1	5827	5827
P112,9	5828	5828
P195,1	5829	5829
P163,9	5830	5830
P176,7	5831	5831
P16,8	5832	5832
P146,1	5833	5833
P29,8	5834	5834
P189,1	5835	5835
P24,1	5836	5836
P59,10	5837	5837
P96,9	5838	5838
P175,1	5839	5839
P166,9	5840	5840
P69,1	5841	5841
P130,9	5842	5842
P190,1	5843	5843
P111,10	5844	5844
P37,10	5845	5845
P1,1	5846	5846
P54,8	5847	5847
P98,9	5848	5848
P35,8	5849	5849
P15,1	5850	5850
P134,9	5851	5851
P110,10	5852	5852
P185,1	5853	5853
P12,13	5854	5854
P126,8	5855	5855
P167,10	5856	5856
P138,8	5857	5857
P180,1	5858	5858
P196,1	5859	5859
P103,1	5860	5860
P40,9	5861	5861
P105,1	5862	5862
P152,1	5863	5863
P197,1	5864	5864
P91,8	5865	5865
P32,1	5866	5866
P117,10	5867	5867
P147,9	5868	5868
P53,9	5869	5869
P73,1	5870	5870
P68,10	5871	5871
P142,10	5872	5872
P41,10	5873	5873
P120,9	5874	5874
P125,1	5875	5875
P149,8	5876	5876
P77,13	5877	5877
P132,7	5878	5878
P78,11	5879	5879
P155,1	5880	5880
P159,8	5881	5881
P38,1	5882	5882
P191,1	5883	5883
P55,9	5884	5884
P89,9	5885	5885
P158,7	5886	5886
P192,1	5887	5887
P92,1	5888	5888
P156,10	5889	5889
P61,11	5890	5890
P33,1	5891	5891
P181,1	5892	5892
P186,1	5893	5893
P178,9	5894	5894
P162,1	5895	5895
P124,9	5896	5896
P140,11	5897	5897
P49,12	5898	5898
P198,1	5899	5899
P86,10	5900	5900
P58,9	5901	5901
P187,1	5902	5902
P8,12	5903	5903
P150,9	5904	5904
P102,9	5905	5905
P6,12	5906	5906
P60,9	5907	5907
P193,1	5908	5908
P71,10	5909	5909
P137,1	5910	5910
P76,9	5911	5911
P3,1	5912	5912
P97,12	5913	5913
P30,12	5914	5914
P28,10	5915	5915
P199,1	5916	5916
P57,9	5917	5917
P90,9	5918	5918
P182,1	5919	5919
P14,9	5920	5920
P188,1	5921	5921
P63,1	5922	5922
P194,1	5923	5923
P85,10	5924	5924
P127,11	5925	5925
P200,1	5926	5926
P34,12	5927	5927
P129,9	5928	5928
P183,1	5929	5929
P2,14	5930	5930
P18,14	5931	5931
P107,9	5932	5932
P27,1	5933	5933
P160,8	5934	5934
P81,1	5935	5935
P115,1	5936	5936
P84,11	5937	5937
P48,9	5938	5938
P39,8	5939	5939
P51,1	5940	5940
P52,1	5941	5941
P184,1	5942	5942
P131,10	5943	5943
P45,12	5944	5944
P94,10	5945	5945
P168,1	5946	5946
P75,9	5947	5947
P118,8	5948	5948
P143,1	5949	5949
P164,9	5950	5950
P172,7	5951	5951
P83,1	5952	5952
P133,10	5953	5953
P93,9	5954	5954
P179,7	5955	5955
P43,1	5956	5956
P195,1	5957	5957
P139,8	5958	5958
P47,11	5959	5959
P171,9	5960	5960
P146,1	5961	5961
P189,1	5962	5962
P24,1	5963	5963
P64,9	5964	5964
P108,11	5965	5965
P175,1	5966	5966
P135,11	5967	5967
P166,9	5968	5968
P69,1	5969	5969
P130,9	5970	5970
P190,1	5971	5971
P111,10	5972	5972
P1,1	5973	5973
P54,8	5974	5974
P176,8	5975	5975
P35,8	5976	5976
P15,1	5977	5977
P145,9	5978	5978
P134,9	5979	5979
P110,10	5980	5980
P112,10	5981	5981
P185,1	5982	5982
P12,13	5983	5983
P126,8	5984	5984
P167,10	5985	5985
P180,1	5986	5986
P196,1	5987	5987
P165,10	5988	5988
P103,1	5989	5989
P105,1	5990	5990
P152,1	5991	5991
P197,1	5992	5992
P91,8	5993	5993
P16,9	5994	5994
P32,1	5995	5995
P117,10	5996	5996
P96,10	5997	5997
P147,9	5998	5998
P163,10	5999	5999
P53,9	6000	6000
P59,11	6001	6001
P73,1	6002	6002
P68,10	6003	6003
P142,10	6004	6004
P98,10	6005	6005
P41,10	6006	6006
P37,11	6007	6007
P125,1	6008	6008
P149,8	6009	6009
P40,10	6010	6010
P132,7	6011	6011
P78,11	6012	6012
P155,1	6013	6013
P38,1	6014	6014
P191,1	6015	6015
P89,9	6016	6016
P158,7	6017	6017
P192,1	6018	6018
P92,1	6019	6019
P138,9	6020	6020
P61,11	6021	6021
P33,1	6022	6022
P181,1	6023	6023
P186,1	6024	6024
P178,9	6025	6025
P162,1	6026	6026
P120,10	6027	6027
P77,14	6028	6028
P124,9	6029	6029
P140,11	6030	6030
P49,12	6031	6031
P198,1	6032	6032
P86,10	6033	6033
P187,1	6034	6034
P8,12	6035	6035
P102,9	6036	6036
P60,9	6037	6037
P193,1	6038	6038
P71,10	6039	6039
P137,1	6040	6040
P76,9	6041	6041
P3,1	6042	6042
P199,1	6043	6043
P90,9	6044	6044
P156,11	6045	6045
P58,10	6046	6046
P182,1	6047	6047
P159,9	6048	6048
P188,1	6049	6049
P63,1	6050	6050
P55,10	6051	6051
P194,1	6052	6052
P6,13	6053	6053
P85,10	6054	6054
P200,1	6055	6055
P34,12	6056	6056
P183,1	6057	6057
P18,14	6058	6058
P27,1	6059	6059
P81,1	6060	6060
P115,1	6061	6061
P84,11	6062	6062
P51,1	6063	6063
P52,1	6064	6064
P150,10	6065	6065
P184,1	6066	6066
P131,10	6067	6067
P45,12	6068	6068
P94,10	6069	6069
P168,1	6070	6070
P107,10	6071	6071
P118,8	6072	6072
P143,1	6073	6073
P164,9	6074	6074
P57,10	6075	6075
P2,15	6076	6076
P83,1	6077	6077
P133,10	6078	6078
P160,9	6079	6079
P93,9	6080	6080
P28,11	6081	6081
P14,10	6082	6082
P179,7	6083	6083
P39,9	6084	6084
P43,1	6085	6085
P195,1	6086	6086
P127,12	6087	6087
P139,8	6088	6088
P47,11	6089	6089
P171,9	6090	6090
P146,1	6091	6091
P189,1	6092	6092
P24,1	6093	6093
P64,9	6094	6094
P108,11	6095	6095
P129,10	6096	6096
P175,1	6097	6097
P135,11	6098	6098
P166,9	6099	6099
P69,1	6100	6100
P190,1	6101	6101
P111,10	6102	6102
P1,1	6103	6103
P176,8	6104	6104
P35,8	6105	6105
P172,8	6106	6106
P15,1	6107	6107
P145,9	6108	6108
P134,9	6109	6109
P110,10	6110	6110
P112,10	6111	6111
P185,1	6112	6112
P126,8	6113	6113
P167,10	6114	6114
P180,1	6115	6115
P196,1	6116	6116
P103,1	6117	6117
P105,1	6118	6118
P152,1	6119	6119
P197,1	6120	6120
P16,9	6121	6121
P32,1	6122	6122
P117,10	6123	6123
P96,10	6124	6124
P163,10	6125	6125
P53,9	6126	6126
P59,11	6127	6127
P54,9	6128	6128
P73,1	6129	6129
P68,10	6130	6130
P142,10	6131	6131
P98,10	6132	6132
P41,10	6133	6133
P125,1	6134	6134
P149,8	6135	6135
P40,10	6136	6136
P132,7	6137	6137
P78,11	6138	6138
P12,14	6139	6139
P155,1	6140	6140
P38,1	6141	6141
P191,1	6142	6142
P158,7	6143	6143
P147,10	6144	6144
P192,1	6145	6145
P92,1	6146	6146
P165,11	6147	6147
P138,9	6148	6148
P61,11	6149	6149
P33,1	6150	6150
P181,1	6151	6151
P186,1	6152	6152
P178,9	6153	6153
P162,1	6154	6154
P91,9	6155	6155
P77,14	6156	6156
P124,9	6157	6157
P49,12	6158	6158
P89,10	6159	6159
P198,1	6160	6160
P86,10	6161	6161
P187,1	6162	6162
P193,1	6163	6163
P71,10	6164	6164
P37,12	6165	6165
P137,1	6166	6166
P76,9	6167	6167
P3,1	6168	6168
P199,1	6169	6169
P90,9	6170	6170
P156,11	6171	6171
P58,10	6172	6172
P182,1	6173	6173
P159,9	6174	6174
P120,11	6175	6175
P188,1	6176	6176
P63,1	6177	6177
P55,10	6178	6178
P194,1	6179	6179
P6,13	6180	6180
P85,10	6181	6181
P200,1	6182	6182
P183,1	6183	6183
P18,14	6184	6184
P27,1	6185	6185
P81,1	6186	6186
P115,1	6187	6187
P51,1	6188	6188
P8,13	6189	6189
P52,1	6190	6190
P140,12	6191	6191
P150,10	6192	6192
P184,1	6193	6193
P131,10	6194	6194
P45,12	6195	6195
P102,10	6196	6196
P168,1	6197	6197
P107,10	6198	6198
P143,1	6199	6199
P164,9	6200	6200
P57,10	6201	6201
P2,15	6202	6202
P83,1	6203	6203
P133,10	6204	6204
P160,9	6205	6205
P93,9	6206	6206
P28,11	6207	6207
P14,10	6208	6208
P179,7	6209	6209
P39,9	6210	6210
P43,1	6211	6211
P195,1	6212	6212
P84,12	6213	6213
P127,12	6214	6214
P139,8	6215	6215
P171,9	6216	6216
P146,1	6217	6217
P189,1	6218	6218
P24,1	6219	6219
P64,9	6220	6220
P108,11	6221	6221
P129,10	6222	6222
P175,1	6223	6223
P135,11	6224	6224
P166,9	6225	6225
P69,1	6226	6226
P190,1	6227	6227
P1,1	6228	6228
P35,8	6229	6229
P172,8	6230	6230
P15,1	6231	6231
P118,9	6232	6232
P145,9	6233	6233
P94,11	6234	6234
P134,9	6235	6235
P112,10	6236	6236
P185,1	6237	6237
P126,8	6238	6238
P167,10	6239	6239
P180,1	6240	6240
P196,1	6241	6241
P103,1	6242	6242
P105,1	6243	6243
P152,1	6244	6244
P197,1	6245	6245
P32,1	6246	6246
P117,10	6247	6247
P163,10	6248	6248
P53,9	6249	6249
P73,1	6250	6250
P142,10	6251	6251
P41,10	6252	6252
P125,1	6253	6253
P149,8	6254	6254
P176,9	6255	6255
P40,10	6256	6256
P16,10	6257	6257
P132,7	6258	6258
P111,11	6259	6259
P78,11	6260	6260
P155,1	6261	6261
P38,1	6262	6262
P191,1	6263	6263
P147,10	6264	6264
P192,1	6265	6265
P92,1	6266	6266
P165,11	6267	6267
P138,9	6268	6268
P54,10	6269	6269
P61,11	6270	6270
P33,1	6271	6271
P181,1	6272	6272
P186,1	6273	6273
P178,9	6274	6274
P162,1	6275	6275
P98,11	6276	6276
P77,14	6277	6277
P124,9	6278	6278
P96,11	6279	6279
P49,12	6280	6280
P198,1	6281	6281
P187,1	6282	6282
P158,8	6283	6283
P193,1	6284	6284
P71,10	6285	6285
P37,12	6286	6286
P137,1	6287	6287
P59,12	6288	6288
P68,11	6289	6289
P3,1	6290	6290
P199,1	6291	6291
P90,9	6292	6292
P156,11	6293	6293
P58,10	6294	6294
P182,1	6295	6295
P159,9	6296	6296
P120,11	6297	6297
P188,1	6298	6298
P63,1	6299	6299
P55,10	6300	6300
P194,1	6301	6301
P91,10	6302	6302
P6,13	6303	6303
P89,11	6304	6304
P85,10	6305	6305
P200,1	6306	6306
P183,1	6307	6307
P18,14	6308	6308
P27,1	6309	6309
P81,1	6310	6310
P86,11	6311	6311
P115,1	6312	6312
P51,1	6313	6313
P8,13	6314	6314
P52,1	6315	6315
P150,10	6316	6316
P184,1	6317	6317
P131,10	6318	6318
P102,10	6319	6319
P168,1	6320	6320
P143,1	6321	6321
P76,10	6322	6322
P57,10	6323	6323
P2,15	6324	6324
P83,1	6325	6325
P133,10	6326	6326
P160,9	6327	6327
P93,9	6328	6328
P28,11	6329	6329
P14,10	6330	6330
P179,7	6331	6331
P140,13	6332	6332
P39,9	6333	6333
P43,1	6334	6334
P195,1	6335	6335
P84,12	6336	6336
P45,13	6337	6337
P139,8	6338	6338
P171,9	6339	6339
P146,1	6340	6340
P189,1	6341	6341
P24,1	6342	6342
P64,9	6343	6343
P108,11	6344	6344
P129,10	6345	6345
P107,11	6346	6346
P175,1	6347	6347
P135,11	6348	6348
P69,1	6349	6349
P190,1	6350	6350
P1,1	6351	6351
P172,8	6352	6352
P15,1	6353	6353
P118,9	6354	6354
P145,9	6355	6355
P94,11	6356	6356
P185,1	6357	6357
P180,1	6358	6358
P196,1	6359	6359
P103,1	6360	6360
P105,1	6361	6361
P152,1	6362	6362
P197,1	6363	6363
P32,1	6364	6364
P117,10	6365	6365
P163,10	6366	6366
P166,10	6367	6367
P35,9	6368	6368
P73,1	6369	6369
P125,1	6370	6370
P149,8	6371	6371
P176,9	6372	6372
P40,10	6373	6373
P16,10	6374	6374
P111,11	6375	6375
P155,1	6376	6376
P38,1	6377	6377
P191,1	6378	6378
P147,10	6379	6379
P192,1	6380	6380
P53,10	6381	6381
P92,1	6382	6382
P142,11	6383	6383
P165,11	6384	6384
P138,9	6385	6385
P112,11	6386	6386
P61,11	6387	6387
P33,1	6388	6388
P181,1	6389	6389
P186,1	6390	6390
P178,9	6391	6391
P162,1	6392	6392
P132,8	6393	6393
P98,11	6394	6394
P77,14	6395	6395
P126,9	6396	6396
P96,11	6397	6397
P198,1	6398	6398
P187,1	6399	6399
P193,1	6400	6400
P41,11	6401	6401
P37,12	6402	6402
P137,1	6403	6403
P59,12	6404	6404
P78,12	6405	6405
P68,11	6406	6406
P3,1	6407	6407
P199,1	6408	6408
P156,11	6409	6409
P58,10	6410	6410
P182,1	6411	6411
P159,9	6412	6412
P120,11	6413	6413
P188,1	6414	6414
P63,1	6415	6415
P55,10	6416	6416
P194,1	6417	6417
P54,11	6418	6418
P91,10	6419	6419
P6,13	6420	6420
P124,10	6421	6421
P89,11	6422	6422
P85,10	6423	6423
P200,1	6424	6424
P71,11	6425	6425
P183,1	6426	6426
P90,10	6427	6427
P27,1	6428	6428
P81,1	6429	6429
P86,11	6430	6430
P49,13	6431	6431
P115,1	6432	6432
P51,1	6433	6433
P8,13	6434	6434
P52,1	6435	6435
P150,10	6436	6436
P184,1	6437	6437
P102,10	6438	6438
P168,1	6439	6439
P158,9	6440	6440
P143,1	6441	6441
P76,10	6442	6442
P57,10	6443	6443
P2,15	6444	6444
P83,1	6445	6445
P133,10	6446	6446
P160,9	6447	6447
P28,11	6448	6448
P14,10	6449	6449
P140,13	6450	6450
P39,9	6451	6451
P43,1	6452	6452
P195,1	6453	6453
P84,12	6454	6454
P131,11	6455	6455
P146,1	6456	6456
P189,1	6457	6457
P24,1	6458	6458
P64,9	6459	6459
P108,11	6460	6460
P129,10	6461	6461
P107,11	6462	6462
P175,1	6463	6463
P135,11	6464	6464
P93,10	6465	6465
P69,1	6466	6466
P190,1	6467	6467
P1,1	6468	6468
P172,8	6469	6469
P45,14	6470	6470
P15,1	6471	6471
P118,9	6472	6472
P94,11	6473	6473
P185,1	6474	6474
P180,1	6475	6475
P196,1	6476	6476
P171,10	6477	6477
P103,1	6478	6478
P105,1	6479	6479
P152,1	6480	6480
P197,1	6481	6481
P139,9	6482	6482
P32,1	6483	6483
P163,10	6484	6484
P166,10	6485	6485
P35,9	6486	6486
P73,1	6487	6487
P125,1	6488	6488
P179,8	6489	6489
P176,9	6490	6490
P40,10	6491	6491
P16,10	6492	6492
P111,11	6493	6493
P155,1	6494	6494
P38,1	6495	6495
P191,1	6496	6496
P147,10	6497	6497
P192,1	6498	6498
P92,1	6499	6499
P142,11	6500	6500
P165,11	6501	6501
P138,9	6502	6502
P112,11	6503	6503
P33,1	6504	6504
P145,10	6505	6505
P181,1	6506	6506
P186,1	6507	6507
P162,1	6508	6508
P98,11	6509	6509
P77,14	6510	6510
P96,11	6511	6511
P198,1	6512	6512
P187,1	6513	6513
P193,1	6514	6514
P37,12	6515	6515
P137,1	6516	6516
P53,11	6517	6517
P59,12	6518	6518
P3,1	6519	6519
P199,1	6520	6520
P58,10	6521	6521
P61,12	6522	6522
P182,1	6523	6523
P159,9	6524	6524
P126,10	6525	6525
P120,11	6526	6526
P188,1	6527	6527
P63,1	6528	6528
P55,10	6529	6529
P194,1	6530	6530
P54,11	6531	6531
P91,10	6532	6532
P6,13	6533	6533
P178,10	6534	6534
P124,10	6535	6535
P85,10	6536	6536
P200,1	6537	6537
P71,11	6538	6538
P183,1	6539	6539
P68,12	6540	6540
P27,1	6541	6541
P81,1	6542	6542
P86,11	6543	6543
P132,9	6544	6544
P49,13	6545	6545
P115,1	6546	6546
P51,1	6547	6547
P8,13	6548	6548
P52,1	6549	6549
P150,10	6550	6550
P184,1	6551	6551
P102,10	6552	6552
P89,12	6553	6553
P168,1	6554	6554
P158,9	6555	6555
P143,1	6556	6556
P76,10	6557	6557
P57,10	6558	6558
P83,1	6559	6559
P160,9	6560	6560
P28,11	6561	6561
P140,13	6562	6562
P39,9	6563	6563
P43,1	6564	6564
P195,1	6565	6565
P84,12	6566	6566
P131,11	6567	6567
P146,1	6568	6568
P189,1	6569	6569
P24,1	6570	6570
P175,1	6571	6571
P135,11	6572	6572
P93,10	6573	6573
P69,1	6574	6574
P190,1	6575	6575
P1,1	6576	6576
P172,8	6577	6577
P133,11	6578	6578
P15,1	6579	6579
P118,9	6580	6580
P94,11	6581	6581
P185,1	6582	6582
P108,12	6583	6583
P180,1	6584	6584
P196,1	6585	6585
P103,1	6586	6586
P105,1	6587	6587
P152,1	6588	6588
P197,1	6589	6589
P139,9	6590	6590
P14,11	6591	6591
P32,1	6592	6592
P163,10	6593	6593
P166,10	6594	6594
P73,1	6595	6595
P125,1	6596	6596
P179,8	6597	6597
P176,9	6598	6598
P64,10	6599	6599
P40,10	6600	6600
P129,11	6601	6601
P155,1	6602	6602
P38,1	6603	6603
P191,1	6604	6604
P147,10	6605	6605
P192,1	6606	6606
P107,12	6607	6607
P92,1	6608	6608
P142,11	6609	6609
P112,11	6610	6610
P33,1	6611	6611
P145,10	6612	6612
P181,1	6613	6613
P186,1	6614	6614
P162,1	6615	6615
P98,11	6616	6616
P171,11	6617	6617
P96,11	6618	6618
P198,1	6619	6619
P187,1	6620	6620
P193,1	6621	6621
P137,1	6622	6622
P35,10	6623	6623
P53,11	6624	6624
P59,12	6625	6625
P3,1	6626	6626
P199,1	6627	6627
P61,12	6628	6628
P182,1	6629	6629
P126,10	6630	6630
P120,11	6631	6631
P188,1	6632	6632
P63,1	6633	6633
P55,10	6634	6634
P138,10	6635	6635
P194,1	6636	6636
P91,10	6637	6637
P111,12	6638	6638
P6,13	6639	6639
P178,10	6640	6640
P200,1	6641	6641
P71,11	6642	6642
P183,1	6643	6643
P68,12	6644	6644
P27,1	6645	6645
P81,1	6646	6646
P86,11	6647	6647
P37,13	6648	6648
P132,9	6649	6649
P49,13	6650	6650
P115,1	6651	6651
P51,1	6652	6652
P52,1	6653	6653
P150,10	6654	6654
P184,1	6655	6655
P159,10	6656	6656
P85,11	6657	6657
P58,11	6658	6658
P168,1	6659	6659
P54,12	6660	6660
P158,9	6661	6661
P143,1	6662	6662
P57,10	6663	6663
P83,1	6664	6664
P160,9	6665	6665
P140,13	6666	6666
P39,9	6667	6667
P43,1	6668	6668
P195,1	6669	6669
P84,12	6670	6670
P124,11	6671	6671
P131,11	6672	6672
P146,1	6673	6673
P189,1	6674	6674
P24,1	6675	6675
P175,1	6676	6676
P93,10	6677	6677
P69,1	6678	6678
P190,1	6679	6679
P1,1	6680	6680
P133,11	6681	6681
P15,1	6682	6682
P118,9	6683	6683
P185,1	6684	6684
P108,12	6685	6685
P180,1	6686	6686
P196,1	6687	6687
P102,11	6688	6688
P103,1	6689	6689
P105,1	6690	6690
P8,14	6691	6691
P152,1	6692	6692
P197,1	6693	6693
P139,9	6694	6694
P89,13	6695	6695
P14,11	6696	6696
P32,1	6697	6697
P76,11	6698	6698
P166,10	6699	6699
P73,1	6700	6700
P125,1	6701	6701
P135,12	6702	6702
P179,8	6703	6703
P64,10	6704	6704
P129,11	6705	6705
P172,9	6706	6706
P155,1	6707	6707
P38,1	6708	6708
P191,1	6709	6709
P192,1	6710	6710
P107,12	6711	6711
P92,1	6712	6712
P142,11	6713	6713
P112,11	6714	6714
P33,1	6715	6715
P163,11	6716	6716
P145,10	6717	6717
P181,1	6718	6718
P186,1	6719	6719
P162,1	6720	6720
P98,11	6721	6721
P96,11	6722	6722
P94,12	6723	6723
P198,1	6724	6724
P176,10	6725	6725
P187,1	6726	6726
P193,1	6727	6727
P137,1	6728	6728
P35,10	6729	6729
P147,11	6730	6730
P53,11	6731	6731
P59,12	6732	6732
P3,1	6733	6733
P40,11	6734	6734
P199,1	6735	6735
P61,12	6736	6736
P182,1	6737	6737
P120,11	6738	6738
P188,1	6739	6739
P63,1	6740	6740
P194,1	6741	6741
P91,10	6742	6742
P111,12	6743	6743
P200,1	6744	6744
P71,11	6745	6745
P183,1	6746	6746
P68,12	6747	6747
P27,1	6748	6748
P81,1	6749	6749
P86,11	6750	6750
P132,9	6751	6751
P115,1	6752	6752
P51,1	6753	6753
P52,1	6754	6754
P184,1	6755	6755
P159,10	6756	6756
P85,11	6757	6757
P58,11	6758	6758
P126,11	6759	6759
P168,1	6760	6760
P54,12	6761	6761
P158,9	6762	6762
P143,1	6763	6763
P83,1	6764	6764
P55,11	6765	6765
P140,13	6766	6766
P43,1	6767	6767
P150,11	6768	6768
P195,1	6769	6769
P84,12	6770	6770
P178,11	6771	6771
P124,11	6772	6772
P131,11	6773	6773
P146,1	6774	6774
P189,1	6775	6775
P6,14	6776	6776
P24,1	6777	6777
P175,1	6778	6778
P69,1	6779	6779
P190,1	6780	6780
P1,1	6781	6781
P133,11	6782	6782
P39,10	6783	6783
P15,1	6784	6784
P185,1	6785	6785
P108,12	6786	6786
P49,14	6787	6787
P180,1	6788	6788
P196,1	6789	6789
P102,11	6790	6790
P160,10	6791	6791
P103,1	6792	6792
P105,1	6793	6793
P8,14	6794	6794
P152,1	6795	6795
P197,1	6796	6796
P139,9	6797	6797
P89,13	6798	6798
P32,1	6799	6799
P76,11	6800	6800
P166,10	6801	6801
P73,1	6802	6802
P57,11	6803	6803
P125,1	6804	6804
P135,12	6805	6805
P179,8	6806	6806
P64,10	6807	6807
P172,9	6808	6808
P155,1	6809	6809
P38,1	6810	6810
P191,1	6811	6811
P192,1	6812	6812
P92,1	6813	6813
P142,11	6814	6814
P112,11	6815	6815
P33,1	6816	6816
P93,11	6817	6817
P145,10	6818	6818
P181,1	6819	6819
P186,1	6820	6820
P118,10	6821	6821
P162,1	6822	6822
P94,12	6823	6823
P198,1	6824	6824
P187,1	6825	6825
P193,1	6826	6826
P137,1	6827	6827
P35,10	6828	6828
P107,13	6829	6829
P163,12	6830	6830
P53,11	6831	6831
P59,12	6832	6832
P14,12	6833	6833
P129,12	6834	6834
P3,1	6835	6835
P40,11	6836	6836
P199,1	6837	6837
P61,12	6838	6838
P182,1	6839	6839
P188,1	6840	6840
P63,1	6841	6841
P194,1	6842	6842
P91,10	6843	6843
P111,12	6844	6844
P200,1	6845	6845
P71,11	6846	6846
P183,1	6847	6847
P68,12	6848	6848
P27,1	6849	6849
P96,12	6850	6850
P81,1	6851	6851
P147,12	6852	6852
P86,11	6853	6853
P132,9	6854	6854
P115,1	6855	6855
P51,1	6856	6856
P52,1	6857	6857
P98,12	6858	6858
P184,1	6859	6859
P159,10	6860	6860
P85,11	6861	6861
P58,11	6862	6862
P126,11	6863	6863
P176,11	6864	6864
P168,1	6865	6865
P54,12	6866	6866
P158,9	6867	6867
P143,1	6868	6868
P83,1	6869	6869
P43,1	6870	6870
P195,1	6871	6871
P178,11	6872	6872
P131,11	6873	6873
P146,1	6874	6874
P189,1	6875	6875
P6,14	6876	6876
P24,1	6877	6877
P175,1	6878	6878
P69,1	6879	6879
P190,1	6880	6880
P55,12	6881	6881
P1,1	6882	6882
P133,11	6883	6883
P15,1	6884	6884
P185,1	6885	6885
P49,14	6886	6886
P140,14	6887	6887
P180,1	6888	6888
P196,1	6889	6889
P102,11	6890	6890
P103,1	6891	6891
P105,1	6892	6892
P8,14	6893	6893
P124,12	6894	6894
P152,1	6895	6895
P197,1	6896	6896
P139,9	6897	6897
P89,13	6898	6898
P32,1	6899	6899
P76,11	6900	6900
P166,10	6901	6901
P73,1	6902	6902
P57,11	6903	6903
P125,1	6904	6904
P135,12	6905	6905
P84,13	6906	6906
P64,10	6907	6907
P172,9	6908	6908
P155,1	6909	6909
P38,1	6910	6910
P191,1	6911	6911
P192,1	6912	6912
P92,1	6913	6913
P108,13	6914	6914
P160,11	6915	6915
P142,11	6916	6916
P33,1	6917	6917
P93,11	6918	6918
P39,11	6919	6919
P181,1	6920	6920
P186,1	6921	6921
P118,10	6922	6922
P179,9	6923	6923
P162,1	6924	6924
P94,12	6925	6925
P198,1	6926	6926
P187,1	6927	6927
P193,1	6928	6928
P137,1	6929	6929
P163,12	6930	6930
P53,11	6931	6931
P14,12	6932	6932
P3,1	6933	6933
P40,11	6934	6934
P199,1	6935	6935
P61,12	6936	6936
P182,1	6937	6937
P188,1	6938	6938
P63,1	6939	6939
P194,1	6940	6940
P112,12	6941	6941
P111,12	6942	6942
P200,1	6943	6943
P71,11	6944	6944
P183,1	6945	6945
P35,11	6946	6946
P59,13	6947	6947
P27,1	6948	6948
P96,12	6949	6949
P81,1	6950	6950
P147,12	6951	6951
P145,11	6952	6952
P132,9	6953	6953
P115,1	6954	6954
P51,1	6955	6955
P52,1	6956	6956
P98,12	6957	6957
P184,1	6958	6958
P159,10	6959	6959
P85,11	6960	6960
P129,13	6961	6961
P58,11	6962	6962
P126,11	6963	6963
P176,11	6964	6964
P107,14	6965	6965
P168,1	6966	6966
P54,12	6967	6967
P158,9	6968	6968
P143,1	6969	6969
P83,1	6970	6970
P43,1	6971	6971
P195,1	6972	6972
P178,11	6973	6973
P131,11	6974	6974
P146,1	6975	6975
P189,1	6976	6976
P68,13	6977	6977
P6,14	6978	6978
P24,1	6979	6979
P175,1	6980	6980
P69,1	6981	6981
P86,12	6982	6982
P190,1	6983	6983
P55,12	6984	6984
P1,1	6985	6985
P91,11	6986	6986
P133,11	6987	6987
P15,1	6988	6988
P185,1	6989	6989
P49,14	6990	6990
P140,14	6991	6991
P180,1	6992	6992
P196,1	6993	6993
P102,11	6994	6994
P103,1	6995	6995
P105,1	6996	6996
P8,14	6997	6997
P124,12	6998	6998
P152,1	6999	6999
P197,1	7000	7000
P139,9	7001	7001
P89,13	7002	7002
P32,1	7003	7003
P76,11	7004	7004
P73,1	7005	7005
P57,11	7006	7006
P125,1	7007	7007
P135,12	7008	7008
P84,13	7009	7009
P64,10	7010	7010
P172,9	7011	7011
P155,1	7012	7012
P38,1	7013	7013
P191,1	7014	7014
P192,1	7015	7015
P92,1	7016	7016
P108,13	7017	7017
P160,11	7018	7018
P33,1	7019	7019
P93,11	7020	7020
P39,11	7021	7021
P181,1	7022	7022
P186,1	7023	7023
P118,10	7024	7024
P179,9	7025	7025
P162,1	7026	7026
P198,1	7027	7027
P187,1	7028	7028
P193,1	7029	7029
P137,1	7030	7030
P163,12	7031	7031
P53,11	7032	7032
P14,12	7033	7033
P3,1	7034	7034
P199,1	7035	7035
P182,1	7036	7036
P188,1	7037	7037
P63,1	7038	7038
P194,1	7039	7039
P112,12	7040	7040
P111,12	7041	7041
P200,1	7042	7042
P183,1	7043	7043
P35,11	7044	7044
P59,13	7045	7045
P27,1	7046	7046
P40,12	7047	7047
P81,1	7048	7048
P147,12	7049	7049
P145,11	7050	7050
P132,9	7051	7051
P115,1	7052	7052
P51,1	7053	7053
P52,1	7054	7054
P98,12	7055	7055
P184,1	7056	7056
P61,13	7057	7057
P85,11	7058	7058
P129,13	7059	7059
P94,13	7060	7060
P126,11	7061	7061
P176,11	7062	7062
P107,14	7063	7063
P168,1	7064	7064
P54,12	7065	7065
P143,1	7066	7066
P83,1	7067	7067
P43,1	7068	7068
P195,1	7069	7069
P178,11	7070	7070
P146,1	7071	7071
P189,1	7072	7072
P68,13	7073	7073
P159,11	7074	7074
P58,12	7075	7075
P6,14	7076	7076
P24,1	7077	7077
P71,12	7078	7078
P175,1	7079	7079
P69,1	7080	7080
P86,12	7081	7081
P190,1	7082	7082
P55,12	7083	7083
P96,13	7084	7084
P1,1	7085	7085
P91,11	7086	7086
P133,11	7087	7087
P15,1	7088	7088
P185,1	7089	7089
P49,14	7090	7090
P131,12	7091	7091
P140,14	7092	7092
P158,10	7093	7093
P180,1	7094	7094
P196,1	7095	7095
P103,1	7096	7096
P105,1	7097	7097
P8,14	7098	7098
P124,12	7099	7099
P152,1	7100	7100
P197,1	7101	7101
P32,1	7102	7102
P76,11	7103	7103
P73,1	7104	7104
P57,11	7105	7105
P125,1	7106	7106
P135,12	7107	7107
P84,13	7108	7108
P64,10	7109	7109
P172,9	7110	7110
P155,1	7111	7111
P38,1	7112	7112
P191,1	7113	7113
P192,1	7114	7114
P92,1	7115	7115
P108,13	7116	7116
P160,11	7117	7117
P102,12	7118	7118
P33,1	7119	7119
P93,11	7120	7120
P39,11	7121	7121
P181,1	7122	7122
P186,1	7123	7123
P118,10	7124	7124
P179,9	7125	7125
P89,14	7126	7126
P162,1	7127	7127
P198,1	7128	7128
P187,1	7129	7129
P193,1	7130	7130
P137,1	7131	7131
P14,12	7132	7132
P3,1	7133	7133
P199,1	7134	7134
P139,10	7135	7135
P182,1	7136	7136
P188,1	7137	7137
P63,1	7138	7138
P194,1	7139	7139
P112,12	7140	7140
P111,12	7141	7141
P200,1	7142	7142
P183,1	7143	7143
P35,11	7144	7144
P27,1	7145	7145
P40,12	7146	7146
P81,1	7147	7147
P147,12	7148	7148
P145,11	7149	7149
P115,1	7150	7150
P51,1	7151	7151
P52,1	7152	7152
P98,12	7153	7153
P184,1	7154	7154
P61,13	7155	7155
P85,11	7156	7156
P129,13	7157	7157
P126,11	7158	7158
P163,13	7159	7159
P168,1	7160	7160
P53,12	7161	7161
P54,12	7162	7162
P143,1	7163	7163
P132,10	7164	7164
P83,1	7165	7165
P43,1	7166	7166
P195,1	7167	7167
P146,1	7168	7168
P189,1	7169	7169
P68,13	7170	7170
P159,11	7171	7171
P58,12	7172	7172
P24,1	7173	7173
P71,12	7174	7174
P175,1	7175	7175
P69,1	7176	7176
P86,12	7177	7177
P190,1	7178	7178
P176,12	7179	7179
P96,13	7180	7180
P1,1	7181	7181
P91,11	7182	7182
P15,1	7183	7183
P185,1	7184	7184
P131,12	7185	7185
P140,14	7186	7186
P158,10	7187	7187
P180,1	7188	7188
P107,15	7189	7189
P196,1	7190	7190
P103,1	7191	7191
P105,1	7192	7192
P124,12	7193	7193
P152,1	7194	7194
P197,1	7195	7195
P32,1	7196	7196
P76,11	7197	7197
P73,1	7198	7198
P57,11	7199	7199
P55,13	7200	7200
P125,1	7201	7201
P135,12	7202	7202
P84,13	7203	7203
P172,9	7204	7204
P155,1	7205	7205
P38,1	7206	7206
P191,1	7207	7207
P192,1	7208	7208
P92,1	7209	7209
P108,13	7210	7210
P102,12	7211	7211
P33,1	7212	7212
P133,12	7213	7213
P93,11	7214	7214
P39,11	7215	7215
P181,1	7216	7216
P186,1	7217	7217
P179,9	7218	7218
P89,14	7219	7219
P162,1	7220	7220
P198,1	7221	7221
P8,15	7222	7222
P187,1	7223	7223
P193,1	7224	7224
P137,1	7225	7225
P14,12	7226	7226
P160,12	7227	7227
P3,1	7228	7228
P199,1	7229	7229
P139,10	7230	7230
P182,1	7231	7231
P64,11	7232	7232
P188,1	7233	7233
P63,1	7234	7234
P194,1	7235	7235
P112,12	7236	7236
P200,1	7237	7237
P183,1	7238	7238
P27,1	7239	7239
P40,12	7240	7240
P81,1	7241	7241
P145,11	7242	7242
P115,1	7243	7243
P51,1	7244	7244
P52,1	7245	7245
P98,12	7246	7246
P184,1	7247	7247
P61,13	7248	7248
P129,13	7249	7249
P163,13	7250	7250
P168,1	7251	7251
P53,12	7252	7252
P118,11	7253	7253
P143,1	7254	7254
P132,10	7255	7255
P83,1	7256	7256
P43,1	7257	7257
P195,1	7258	7258
P35,12	7259	7259
P146,1	7260	7260
P189,1	7261	7261
P68,13	7262	7262
P159,11	7263	7263
P24,1	7264	7264
P71,12	7265	7265
P85,12	7266	7266
P175,1	7267	7267
P111,13	7268	7268
P147,13	7269	7269
P69,1	7270	7270
P86,12	7271	7271
P190,1	7272	7272
P176,12	7273	7273
P126,12	7274	7274
P1,1	7275	7275
P15,1	7276	7276
P185,1	7277	7277
P140,14	7278	7278
P158,10	7279	7279
P180,1	7280	7280
P107,15	7281	7281
P196,1	7282	7282
P103,1	7283	7283
P105,1	7284	7284
P124,12	7285	7285
P152,1	7286	7286
P197,1	7287	7287
P32,1	7288	7288
P73,1	7289	7289
P55,13	7290	7290
P125,1	7291	7291
P54,13	7292	7292
P84,13	7293	7293
P155,1	7294	7294
P91,12	7295	7295
P38,1	7296	7296
P58,13	7297	7297
P191,1	7298	7298
P192,1	7299	7299
P92,1	7300	7300
P108,13	7301	7301
P102,12	7302	7302
P33,1	7303	7303
P133,12	7304	7304
P39,11	7305	7305
P181,1	7306	7306
P186,1	7307	7307
P89,14	7308	7308
P96,14	7309	7309
P172,10	7310	7310
P162,1	7311	7311
P198,1	7312	7312
P8,15	7313	7313
P187,1	7314	7314
P193,1	7315	7315
P137,1	7316	7316
P14,12	7317	7317
P160,12	7318	7318
P57,12	7319	7319
P3,1	7320	7320
P199,1	7321	7321
P182,1	7322	7322
P64,11	7323	7323
P76,12	7324	7324
P188,1	7325	7325
P63,1	7326	7326
P194,1	7327	7327
P112,12	7328	7328
P200,1	7329	7329
P183,1	7330	7330
P27,1	7331	7331
P40,12	7332	7332
P81,1	7333	7333
P145,11	7334	7334
P115,1	7335	7335
P51,1	7336	7336
P52,1	7337	7337
P179,10	7338	7338
P184,1	7339	7339
P61,13	7340	7340
P163,13	7341	7341
P168,1	7342	7342
P53,12	7343	7343
P143,1	7344	7344
P132,10	7345	7345
P83,1	7346	7346
P43,1	7347	7347
P195,1	7348	7348
P35,12	7349	7349
P146,1	7350	7350
P189,1	7351	7351
P159,11	7352	7352
P24,1	7353	7353
P71,12	7354	7354
P85,12	7355	7355
P175,1	7356	7356
P111,13	7357	7357
P69,1	7358	7358
P190,1	7359	7359
P176,12	7360	7360
P126,12	7361	7361
P1,1	7362	7362
P15,1	7363	7363
P185,1	7364	7364
P140,14	7365	7365
P158,10	7366	7366
P180,1	7367	7367
P98,13	7368	7368
P196,1	7369	7369
P103,1	7370	7370
P105,1	7371	7371
P86,13	7372	7372
P152,1	7373	7373
P197,1	7374	7374
P32,1	7375	7375
P73,1	7376	7376
P55,13	7377	7377
P118,12	7378	7378
P125,1	7379	7379
P54,13	7380	7380
P155,1	7381	7381
P91,12	7382	7382
P38,1	7383	7383
P58,13	7384	7384
P191,1	7385	7385
P192,1	7386	7386
P92,1	7387	7387
P102,12	7388	7388
P147,14	7389	7389
P33,1	7390	7390
P133,12	7391	7391
P39,11	7392	7392
P181,1	7393	7393
P186,1	7394	7394
P89,14	7395	7395
P96,14	7396	7396
P162,1	7397	7397
P198,1	7398	7398
P8,15	7399	7399
P187,1	7400	7400
P193,1	7401	7401
P137,1	7402	7402
P160,12	7403	7403
P57,12	7404	7404
P3,1	7405	7405
P199,1	7406	7406
P182,1	7407	7407
P64,11	7408	7408
P76,12	7409	7409
P188,1	7410	7410
P63,1	7411	7411
P194,1	7412	7412
P200,1	7413	7413
P183,1	7414	7414
P27,1	7415	7415
P81,1	7416	7416
P145,11	7417	7417
P115,1	7418	7418
P172,11	7419	7419
P51,1	7420	7420
P52,1	7421	7421
P184,1	7422	7422
P61,13	7423	7423
P163,13	7424	7424
P168,1	7425	7425
P53,12	7426	7426
P143,1	7427	7427
P132,10	7428	7428
P83,1	7429	7429
P43,1	7430	7430
P195,1	7431	7431
P35,12	7432	7432
P146,1	7433	7433
P189,1	7434	7434
P159,11	7435	7435
P24,1	7436	7436
P14,13	7437	7437
P71,12	7438	7438
P175,1	7439	7439
P111,13	7440	7440
P69,1	7441	7441
P190,1	7442	7442
P176,12	7443	7443
P126,12	7444	7444
P1,1	7445	7445
P15,1	7446	7446
P112,13	7447	7447
P185,1	7448	7448
P158,10	7449	7449
P180,1	7450	7450
P98,13	7451	7451
P40,13	7452	7452
P196,1	7453	7453
P103,1	7454	7454
P105,1	7455	7455
P86,13	7456	7456
P152,1	7457	7457
P179,11	7458	7458
P197,1	7459	7459
P32,1	7460	7460
P73,1	7461	7461
P85,13	7462	7462
P118,12	7463	7463
P125,1	7464	7464
P54,13	7465	7465
P155,1	7466	7466
P91,12	7467	7467
P38,1	7468	7468
P58,13	7469	7469
P191,1	7470	7470
P192,1	7471	7471
P92,1	7472	7472
P102,12	7473	7473
P147,14	7474	7474
P33,1	7475	7475
P133,12	7476	7476
P181,1	7477	7477
P186,1	7478	7478
P89,14	7479	7479
P96,14	7480	7480
P162,1	7481	7481
P198,1	7482	7482
P8,15	7483	7483
P187,1	7484	7484
P193,1	7485	7485
P137,1	7486	7486
P160,12	7487	7487
P3,1	7488	7488
P199,1	7489	7489
P182,1	7490	7490
P64,11	7491	7491
P76,12	7492	7492
P188,1	7493	7493
P63,1	7494	7494
P39,12	7495	7495
P194,1	7496	7496
P200,1	7497	7497
P183,1	7498	7498
P27,1	7499	7499
P81,1	7500	7500
P115,1	7501	7501
P172,11	7502	7502
P51,1	7503	7503
P52,1	7504	7504
P184,1	7505	7505
P61,13	7506	7506
P163,13	7507	7507
P168,1	7508	7508
P53,12	7509	7509
P143,1	7510	7510
P83,1	7511	7511
P43,1	7512	7512
P195,1	7513	7513
P146,1	7514	7514
P189,1	7515	7515
P24,1	7516	7516
P14,13	7517	7517
P71,12	7518	7518
P175,1	7519	7519
P111,13	7520	7520
P145,12	7521	7521
P69,1	7522	7522
P190,1	7523	7523
P176,12	7524	7524
P126,12	7525	7525
P1,1	7526	7526
P15,1	7527	7527
P112,13	7528	7528
P185,1	7529	7529
P180,1	7530	7530
P98,13	7531	7531
P40,13	7532	7532
P196,1	7533	7533
P103,1	7534	7534
P105,1	7535	7535
P152,1	7536	7536
P179,11	7537	7537
P197,1	7538	7538
P32,1	7539	7539
P73,1	7540	7540
P85,13	7541	7541
P35,13	7542	7542
P118,12	7543	7543
P125,1	7544	7544
P54,13	7545	7545
P155,1	7546	7546
P91,12	7547	7547
P132,11	7548	7548
P38,1	7549	7549
P191,1	7550	7550
P192,1	7551	7551
P92,1	7552	7552
P102,12	7553	7553
P86,14	7554	7554
P147,14	7555	7555
P33,1	7556	7556
P158,11	7557	7557
P181,1	7558	7558
P186,1	7559	7559
P89,14	7560	7560
P96,14	7561	7561
P162,1	7562	7562
P198,1	7563	7563
P187,1	7564	7564
P193,1	7565	7565
P137,1	7566	7566
P3,1	7567	7567
P199,1	7568	7568
P182,1	7569	7569
P64,11	7570	7570
P58,14	7571	7571
P76,12	7572	7572
P188,1	7573	7573
P63,1	7574	7574
P39,12	7575	7575
P194,1	7576	7576
P200,1	7577	7577
P183,1	7578	7578
P27,1	7579	7579
P81,1	7580	7580
P115,1	7581	7581
P172,11	7582	7582
P51,1	7583	7583
P52,1	7584	7584
P184,1	7585	7585
P163,13	7586	7586
P168,1	7587	7587
P53,12	7588	7588
P143,1	7589	7589
P83,1	7590	7590
P133,13	7591	7591
P160,13	7592	7592
P43,1	7593	7593
P195,1	7594	7594
P146,1	7595	7595
P189,1	7596	7596
P24,1	7597	7597
P14,13	7598	7598
P175,1	7599	7599
P111,13	7600	7600
P145,12	7601	7601
P69,1	7602	7602
P190,1	7603	7603
P176,12	7604	7604
P1,1	7605	7605
P15,1	7606	7606
P112,13	7607	7607
P185,1	7608	7608
P180,1	7609	7609
P98,13	7610	7610
P40,13	7611	7611
P196,1	7612	7612
P103,1	7613	7613
P105,1	7614	7614
P71,13	7615	7615
P152,1	7616	7616
P179,11	7617	7617
P197,1	7618	7618
P32,1	7619	7619
P73,1	7620	7620
P35,13	7621	7621
P118,12	7622	7622
P125,1	7623	7623
P155,1	7624	7624
P91,12	7625	7625
P132,11	7626	7626
P38,1	7627	7627
P191,1	7628	7628
P192,1	7629	7629
P92,1	7630	7630
P86,14	7631	7631
P147,14	7632	7632
P33,1	7633	7633
P158,11	7634	7634
P181,1	7635	7635
P186,1	7636	7636
P96,14	7637	7637
P162,1	7638	7638
P198,1	7639	7639
P187,1	7640	7640
P193,1	7641	7641
P137,1	7642	7642
P3,1	7643	7643
P199,1	7644	7644
P182,1	7645	7645
P64,11	7646	7646
P58,14	7647	7647
P188,1	7648	7648
P63,1	7649	7649
P39,12	7650	7650
P194,1	7651	7651
P200,1	7652	7652
P183,1	7653	7653
P27,1	7654	7654
P81,1	7655	7655
P115,1	7656	7656
P172,11	7657	7657
P51,1	7658	7658
P52,1	7659	7659
P184,1	7660	7660
P168,1	7661	7661
P143,1	7662	7662
P102,13	7663	7663
P83,1	7664	7664
P133,13	7665	7665
P160,13	7666	7666
P43,1	7667	7667
P195,1	7668	7668
P146,1	7669	7669
P189,1	7670	7670
P24,1	7671	7671
P14,13	7672	7672
P175,1	7673	7673
P111,13	7674	7674
P145,12	7675	7675
P69,1	7676	7676
P190,1	7677	7677
P76,13	7678	7678
P1,1	7679	7679
P15,1	7680	7680
P112,13	7681	7681
P185,1	7682	7682
P180,1	7683	7683
P40,13	7684	7684
P196,1	7685	7685
P103,1	7686	7686
P105,1	7687	7687
P71,13	7688	7688
P152,1	7689	7689
P163,14	7690	7690
P179,11	7691	7691
P197,1	7692	7692
P32,1	7693	7693
P73,1	7694	7694
P35,13	7695	7695
P125,1	7696	7696
P155,1	7697	7697
P132,11	7698	7698
P38,1	7699	7699
P53,13	7700	7700
P191,1	7701	7701
P192,1	7702	7702
P92,1	7703	7703
P86,14	7704	7704
P33,1	7705	7705
P158,11	7706	7706
P181,1	7707	7707
P186,1	7708	7708
P96,14	7709	7709
P162,1	7710	7710
P198,1	7711	7711
P187,1	7712	7712
P176,13	7713	7713
P193,1	7714	7714
P137,1	7715	7715
P3,1	7716	7716
P98,14	7717	7717
P199,1	7718	7718
P182,1	7719	7719
P58,14	7720	7720
P188,1	7721	7721
P63,1	7722	7722
P39,12	7723	7723
P194,1	7724	7724
P200,1	7725	7725
P183,1	7726	7726
P27,1	7727	7727
P81,1	7728	7728
P115,1	7729	7729
P172,11	7730	7730
P118,13	7731	7731
P51,1	7732	7732
P52,1	7733	7733
P184,1	7734	7734
P168,1	7735	7735
P91,13	7736	7736
P143,1	7737	7737
P83,1	7738	7738
P160,13	7739	7739
P43,1	7740	7740
P195,1	7741	7741
P146,1	7742	7742
P189,1	7743	7743
P24,1	7744	7744
P175,1	7745	7745
P145,12	7746	7746
P69,1	7747	7747
P190,1	7748	7748
P76,13	7749	7749
P1,1	7750	7750
P15,1	7751	7751
P185,1	7752	7752
P180,1	7753	7753
P40,13	7754	7754
P196,1	7755	7755
P102,14	7756	7756
P103,1	7757	7757
P105,1	7758	7758
P71,13	7759	7759
P152,1	7760	7760
P179,11	7761	7761
P197,1	7762	7762
P32,1	7763	7763
P73,1	7764	7764
P35,13	7765	7765
P125,1	7766	7766
P155,1	7767	7767
P132,11	7768	7768
P38,1	7769	7769
P191,1	7770	7770
P192,1	7771	7771
P92,1	7772	7772
P86,14	7773	7773
P33,1	7774	7774
P158,11	7775	7775
P14,14	7776	7776
P181,1	7777	7777
P186,1	7778	7778
P162,1	7779	7779
P198,1	7780	7780
P187,1	7781	7781
P176,13	7782	7782
P193,1	7783	7783
P163,15	7784	7784
P137,1	7785	7785
P3,1	7786	7786
P98,14	7787	7787
P199,1	7788	7788
P182,1	7789	7789
P58,14	7790	7790
P188,1	7791	7791
P63,1	7792	7792
P39,12	7793	7793
P194,1	7794	7794
P200,1	7795	7795
P53,14	7796	7796
P183,1	7797	7797
P27,1	7798	7798
P81,1	7799	7799
P115,1	7800	7800
P172,11	7801	7801
P51,1	7802	7802
P52,1	7803	7803
P184,1	7804	7804
P168,1	7805	7805
P91,13	7806	7806
P143,1	7807	7807
P83,1	7808	7808
P160,13	7809	7809
P43,1	7810	7810
P195,1	7811	7811
P146,1	7812	7812
P189,1	7813	7813
P24,1	7814	7814
P96,15	7815	7815
P175,1	7816	7816
P145,12	7817	7817
P69,1	7818	7818
P190,1	7819	7819
P76,13	7820	7820
P1,1	7821	7821
P185,1	7822	7822
P180,1	7823	7823
P40,13	7824	7824
P196,1	7825	7825
P102,14	7826	7826
P15,2	7827	7827
P103,1	7828	7828
P105,1	7829	7829
P118,14	7830	7830
P71,13	7831	7831
P152,1	7832	7832
P179,11	7833	7833
P197,1	7834	7834
P32,1	7835	7835
P73,1	7836	7836
P35,13	7837	7837
P125,1	7838	7838
P155,1	7839	7839
P38,1	7840	7840
P191,1	7841	7841
P192,1	7842	7842
P92,1	7843	7843
P33,1	7844	7844
P158,11	7845	7845
P14,14	7846	7846
P181,1	7847	7847
P186,1	7848	7848
P162,1	7849	7849
P198,1	7850	7850
P187,1	7851	7851
P176,13	7852	7852
P193,1	7853	7853
P163,15	7854	7854
P137,1	7855	7855
P3,1	7856	7856
P98,14	7857	7857
P199,1	7858	7858
P182,1	7859	7859
P58,14	7860	7860
P188,1	7861	7861
P63,1	7862	7862
P132,12	7863	7863
P39,12	7864	7864
P194,1	7865	7865
P200,1	7866	7866
P86,15	7867	7867
P183,1	7868	7868
P27,1	7869	7869
P81,1	7870	7870
P115,1	7871	7871
P51,1	7872	7872
P52,1	7873	7873
P184,1	7874	7874
P168,1	7875	7875
P143,1	7876	7876
P83,1	7877	7877
P160,13	7878	7878
P43,1	7879	7879
P195,1	7880	7880
P146,1	7881	7881
P189,1	7882	7882
P24,1	7883	7883
P96,15	7884	7884
P175,1	7885	7885
P145,12	7886	7886
P69,1	7887	7887
P190,1	7888	7888
P76,13	7889	7889
P1,1	7890	7890
P185,1	7891	7891
P53,15	7892	7892
P180,1	7893	7893
P172,12	7894	7894
P196,1	7895	7895
P102,14	7896	7896
P15,2	7897	7897
P103,1	7898	7898
P105,1	7899	7899
P118,14	7900	7900
P71,13	7901	7901
P152,1	7902	7902
P197,1	7903	7903
P32,1	7904	7904
P73,1	7905	7905
P35,13	7906	7906
P125,1	7907	7907
P155,1	7908	7908
P38,1	7909	7909
P191,1	7910	7910
P192,1	7911	7911
P92,1	7912	7912
P33,1	7913	7913
P158,11	7914	7914
P14,14	7915	7915
P181,1	7916	7916
P186,1	7917	7917
P162,1	7918	7918
P198,1	7919	7919
P187,1	7920	7920
P176,13	7921	7921
P193,1	7922	7922
P163,15	7923	7923
P137,1	7924	7924
P3,1	7925	7925
P98,14	7926	7926
P199,1	7927	7927
P182,1	7928	7928
P58,14	7929	7929
P188,1	7930	7930
P63,1	7931	7931
P132,12	7932	7932
P194,1	7933	7933
P200,1	7934	7934
P86,15	7935	7935
P183,1	7936	7936
P27,1	7937	7937
P81,1	7938	7938
P115,1	7939	7939
P51,1	7940	7940
P179,12	7941	7941
P52,1	7942	7942
P184,1	7943	7943
P168,1	7944	7944
P143,1	7945	7945
P83,1	7946	7946
P160,13	7947	7947
P43,1	7948	7948
P195,1	7949	7949
P146,1	7950	7950
P189,1	7951	7951
P24,1	7952	7952
P96,15	7953	7953
P175,1	7954	7954
P69,1	7955	7955
P190,1	7956	7956
P1,1	7957	7957
P185,1	7958	7958
P53,15	7959	7959
P180,1	7960	7960
P172,12	7961	7961
P196,1	7962	7962
P102,14	7963	7963
P15,2	7964	7964
P103,1	7965	7965
P105,1	7966	7966
P118,14	7967	7967
P152,1	7968	7968
P197,1	7969	7969
P32,1	7970	7970
P73,1	7971	7971
P145,13	7972	7972
P125,1	7973	7973
P155,1	7974	7974
P38,1	7975	7975
P191,1	7976	7976
P192,1	7977	7977
P92,1	7978	7978
P33,1	7979	7979
P181,1	7980	7980
P186,1	7981	7981
P162,1	7982	7982
P198,1	7983	7983
P187,1	7984	7984
P35,14	7985	7985
P176,13	7986	7986
P193,1	7987	7987
P163,15	7988	7988
P137,1	7989	7989
P3,1	7990	7990
P76,14	7991	7991
P199,1	7992	7992
P182,1	7993	7993
P188,1	7994	7994
P63,1	7995	7995
P132,12	7996	7996
P194,1	7997	7997
P200,1	7998	7998
P86,15	7999	7999
P183,1	8000	8000
P158,12	8001	8001
P27,1	8002	8002
P81,1	8003	8003
P71,14	8004	8004
P115,1	8005	8005
P51,1	8006	8006
P179,12	8007	8007
P52,1	8008	8008
P184,1	8009	8009
P168,1	8010	8010
P98,15	8011	8011
P143,1	8012	8012
P83,1	8013	8013
P43,1	8014	8014
P195,1	8015	8015
P146,1	8016	8016
P189,1	8017	8017
P24,1	8018	8018
P96,15	8019	8019
P175,1	8020	8020
P69,1	8021	8021
P190,1	8022	8022
P1,1	8023	8023
P185,1	8024	8024
P180,1	8025	8025
P172,12	8026	8026
P196,1	8027	8027
P15,2	8028	8028
P103,1	8029	8029
P105,1	8030	8030
P118,14	8031	8031
P152,1	8032	8032
P197,1	8033	8033
P32,1	8034	8034
P73,1	8035	8035
P145,13	8036	8036
P125,1	8037	8037
P155,1	8038	8038
P38,1	8039	8039
P191,1	8040	8040
P192,1	8041	8041
P92,1	8042	8042
P33,1	8043	8043
P181,1	8044	8044
P186,1	8045	8045
P160,14	8046	8046
P162,1	8047	8047
P198,1	8048	8048
P187,1	8049	8049
P176,13	8050	8050
P193,1	8051	8051
P137,1	8052	8052
P3,1	8053	8053
P76,14	8054	8054
P199,1	8055	8055
P182,1	8056	8056
P188,1	8057	8057
P63,1	8058	8058
P194,1	8059	8059
P102,15	8060	8060
P200,1	8061	8061
P183,1	8062	8062
P27,1	8063	8063
P81,1	8064	8064
P115,1	8065	8065
P51,1	8066	8066
P179,12	8067	8067
P52,1	8068	8068
P184,1	8069	8069
P168,1	8070	8070
P98,15	8071	8071
P143,1	8072	8072
P83,1	8073	8073
P43,1	8074	8074
P195,1	8075	8075
P146,1	8076	8076
P158,13	8077	8077
P189,1	8078	8078
P24,1	8079	8079
P96,15	8080	8080
P35,15	8081	8081
P175,1	8082	8082
P69,1	8083	8083
P190,1	8084	8084
P1,1	8085	8085
P71,15	8086	8086
P185,1	8087	8087
P180,1	8088	8088
P196,1	8089	8089
P15,2	8090	8090
P103,1	8091	8091
P105,1	8092	8092
P118,14	8093	8093
P152,1	8094	8094
P197,1	8095	8095
P32,1	8096	8096
P73,1	8097	8097
P145,13	8098	8098
P125,1	8099	8099
P155,1	8100	8100
P38,1	8101	8101
P191,1	8102	8102
P192,1	8103	8103
P92,1	8104	8104
P33,1	8105	8105
P181,1	8106	8106
P186,1	8107	8107
P160,14	8108	8108
P172,13	8109	8109
P162,1	8110	8110
P198,1	8111	8111
P187,1	8112	8112
P193,1	8113	8113
P137,1	8114	8114
P3,1	8115	8115
P199,1	8116	8116
P182,1	8117	8117
P188,1	8118	8118
P63,1	8119	8119
P194,1	8120	8120
P102,15	8121	8121
P200,1	8122	8122
P183,1	8123	8123
P27,1	8124	8124
P81,1	8125	8125
P115,1	8126	8126
P51,1	8127	8127
P179,12	8128	8128
P52,1	8129	8129
P184,1	8130	8130
P168,1	8131	8131
P98,15	8132	8132
P143,1	8133	8133
P83,1	8134	8134
P43,1	8135	8135
P176,14	8136	8136
P195,1	8137	8137
P146,1	8138	8138
P158,13	8139	8139
P189,1	8140	8140
P24,1	8141	8141
P175,1	8142	8142
P69,1	8143	8143
P190,1	8144	8144
P1,1	8145	8145
P71,15	8146	8146
P185,1	8147	8147
P180,1	8148	8148
P196,1	8149	8149
P15,2	8150	8150
P103,1	8151	8151
P105,1	8152	8152
P152,1	8153	8153
P197,1	8154	8154
P32,1	8155	8155
P73,1	8156	8156
P145,13	8157	8157
P125,1	8158	8158
P155,1	8159	8159
P38,1	8160	8160
P191,1	8161	8161
P192,1	8162	8162
P92,1	8163	8163
P33,1	8164	8164
P181,1	8165	8165
P186,1	8166	8166
P160,14	8167	8167
P162,1	8168	8168
P198,1	8169	8169
P187,1	8170	8170
P193,1	8171	8171
P137,1	8172	8172
P3,1	8173	8173
P199,1	8174	8174
P182,1	8175	8175
P188,1	8176	8176
P63,1	8177	8177
P194,1	8178	8178
P102,15	8179	8179
P200,1	8180	8180
P183,1	8181	8181
P27,1	8182	8182
P81,1	8183	8183
P115,1	8184	8184
P51,1	8185	8185
P179,12	8186	8186
P52,1	8187	8187
P184,1	8188	8188
P168,1	8189	8189
P98,15	8190	8190
P143,1	8191	8191
P83,1	8192	8192
P43,1	8193	8193
P176,14	8194	8194
P195,1	8195	8195
P146,1	8196	8196
P189,1	8197	8197
P24,1	8198	8198
P175,1	8199	8199
P69,1	8200	8200
P190,1	8201	8201
P1,1	8202	8202
P71,15	8203	8203
P185,1	8204	8204
P180,1	8205	8205
P196,1	8206	8206
P15,2	8207	8207
P103,1	8208	8208
P105,1	8209	8209
P152,1	8210	8210
P197,1	8211	8211
P32,1	8212	8212
P73,1	8213	8213
P145,13	8214	8214
P125,1	8215	8215
P155,1	8216	8216
P38,1	8217	8217
P191,1	8218	8218
P192,1	8219	8219
P158,14	8220	8220
P92,1	8221	8221
P33,1	8222	8222
P181,1	8223	8223
P186,1	8224	8224
P162,1	8225	8225
P198,1	8226	8226
P187,1	8227	8227
P193,1	8228	8228
P137,1	8229	8229
P3,1	8230	8230
P199,1	8231	8231
P182,1	8232	8232
P188,1	8233	8233
P63,1	8234	8234
P194,1	8235	8235
P102,15	8236	8236
P200,1	8237	8237
P183,1	8238	8238
P27,1	8239	8239
P81,1	8240	8240
P115,1	8241	8241
P51,1	8242	8242
P52,1	8243	8243
P184,1	8244	8244
P168,1	8245	8245
P143,1	8246	8246
P83,1	8247	8247
P43,1	8248	8248
P176,14	8249	8249
P195,1	8250	8250
P146,1	8251	8251
P189,1	8252	8252
P24,1	8253	8253
P175,1	8254	8254
P69,1	8255	8255
P190,1	8256	8256
P1,1	8257	8257
P185,1	8258	8258
P180,1	8259	8259
P196,1	8260	8260
P15,2	8261	8261
P103,1	8262	8262
P105,1	8263	8263
P152,1	8264	8264
P197,1	8265	8265
P32,1	8266	8266
P73,1	8267	8267
P145,13	8268	8268
P125,1	8269	8269
P155,1	8270	8270
P38,1	8271	8271
P191,1	8272	8272
P192,1	8273	8273
P158,14	8274	8274
P92,1	8275	8275
P33,1	8276	8276
P181,1	8277	8277
P179,13	8278	8278
P186,1	8279	8279
P162,1	8280	8280
P198,1	8281	8281
P187,1	8282	8282
P193,1	8283	8283
P137,1	8284	8284
P3,1	8285	8285
P199,1	8286	8286
P182,1	8287	8287
P188,1	8288	8288
P63,1	8289	8289
P194,1	8290	8290
P102,15	8291	8291
P200,1	8292	8292
P183,1	8293	8293
P27,1	8294	8294
P81,1	8295	8295
P115,1	8296	8296
P51,1	8297	8297
P52,1	8298	8298
P184,1	8299	8299
P168,1	8300	8300
P143,1	8301	8301
P43,1	8302	8302
P176,14	8303	8303
P195,1	8304	8304
P146,1	8305	8305
P189,1	8306	8306
P24,1	8307	8307
P175,1	8308	8308
P69,1	8309	8309
P190,1	8310	8310
P1,1	8311	8311
P185,1	8312	8312
P180,1	8313	8313
P196,1	8314	8314
P15,2	8315	8315
P103,1	8316	8316
P105,1	8317	8317
P152,1	8318	8318
P197,1	8319	8319
P32,1	8320	8320
P73,1	8321	8321
P125,1	8322	8322
P155,1	8323	8323
P38,1	8324	8324
P191,1	8325	8325
P192,1	8326	8326
P158,14	8327	8327
P92,1	8328	8328
P33,1	8329	8329
P181,1	8330	8330
P186,1	8331	8331
P162,1	8332	8332
P198,1	8333	8333
P187,1	8334	8334
P193,1	8335	8335
P137,1	8336	8336
P3,1	8337	8337
P199,1	8338	8338
P182,1	8339	8339
P188,1	8340	8340
P63,1	8341	8341
P194,1	8342	8342
P102,15	8343	8343
P200,1	8344	8344
P183,1	8345	8345
P179,14	8346	8346
P27,1	8347	8347
P81,1	8348	8348
P115,1	8349	8349
P51,1	8350	8350
P52,1	8351	8351
P184,1	8352	8352
P168,1	8353	8353
P143,1	8354	8354
P43,1	8355	8355
P176,14	8356	8356
P195,1	8357	8357
P146,1	8358	8358
P189,1	8359	8359
P24,1	8360	8360
P175,1	8361	8361
P69,1	8362	8362
P190,1	8363	8363
P1,1	8364	8364
P185,1	8365	8365
P180,1	8366	8366
P196,1	8367	8367
P15,2	8368	8368
P103,1	8369	8369
P105,1	8370	8370
P152,1	8371	8371
P197,1	8372	8372
P32,1	8373	8373
P73,1	8374	8374
P125,1	8375	8375
P155,1	8376	8376
P38,1	8377	8377
P191,1	8378	8378
P192,1	8379	8379
P158,14	8380	8380
P92,1	8381	8381
P33,1	8382	8382
P181,1	8383	8383
P186,1	8384	8384
P162,1	8385	8385
P198,1	8386	8386
P187,1	8387	8387
P193,1	8388	8388
P137,1	8389	8389
P3,1	8390	8390
P199,1	8391	8391
P182,1	8392	8392
P188,1	8393	8393
P63,1	8394	8394
P194,1	8395	8395
P200,1	8396	8396
P183,1	8397	8397
P179,14	8398	8398
P27,1	8399	8399
P81,1	8400	8400
P115,1	8401	8401
P51,1	8402	8402
P52,1	8403	8403
P184,1	8404	8404
P168,1	8405	8405
P143,1	8406	8406
P43,1	8407	8407
P195,1	8408	8408
P146,1	8409	8409
P189,1	8410	8410
P24,1	8411	8411
P175,1	8412	8412
P69,1	8413	8413
P190,1	8414	8414
P1,1	8415	8415
P185,1	8416	8416
P180,1	8417	8417
P196,1	8418	8418
P15,2	8419	8419
P103,1	8420	8420
P105,1	8421	8421
P152,1	8422	8422
P197,1	8423	8423
P32,1	8424	8424
P73,1	8425	8425
P125,1	8426	8426
P155,1	8427	8427
P38,1	8428	8428
P176,15	8429	8429
P191,1	8430	8430
P192,1	8431	8431
P92,1	8432	8432
P33,1	8433	8433
P181,1	8434	8434
P186,1	8435	8435
P162,1	8436	8436
P198,1	8437	8437
P187,1	8438	8438
P193,1	8439	8439
P137,1	8440	8440
P3,1	8441	8441
P199,1	8442	8442
P182,1	8443	8443
P188,1	8444	8444
P63,1	8445	8445
P194,1	8446	8446
P200,1	8447	8447
P183,1	8448	8448
P179,14	8449	8449
P27,1	8450	8450
P81,1	8451	8451
P115,1	8452	8452
P51,1	8453	8453
P52,1	8454	8454
P184,1	8455	8455
P168,1	8456	8456
P143,1	8457	8457
P43,1	8458	8458
P195,1	8459	8459
P146,1	8460	8460
P189,1	8461	8461
P24,1	8462	8462
P175,1	8463	8463
P69,1	8464	8464
P190,1	8465	8465
P1,1	8466	8466
P185,1	8467	8467
P180,1	8468	8468
P196,1	8469	8469
P15,2	8470	8470
P103,1	8471	8471
P105,1	8472	8472
P152,1	8473	8473
P197,1	8474	8474
P32,1	8475	8475
P73,1	8476	8476
P125,1	8477	8477
P155,1	8478	8478
P38,1	8479	8479
P176,15	8480	8480
P191,1	8481	8481
P192,1	8482	8482
P92,1	8483	8483
P33,1	8484	8484
P181,1	8485	8485
P186,1	8486	8486
P162,1	8487	8487
P198,1	8488	8488
P187,1	8489	8489
P193,1	8490	8490
P137,1	8491	8491
P3,1	8492	8492
P199,1	8493	8493
P182,1	8494	8494
P188,1	8495	8495
P63,1	8496	8496
P194,1	8497	8497
P200,1	8498	8498
P183,1	8499	8499
P179,14	8500	8500
P27,1	8501	8501
P81,1	8502	8502
P115,1	8503	8503
P52,1	8504	8504
P184,1	8505	8505
P168,1	8506	8506
P51,2	8507	8507
P143,1	8508	8508
P43,1	8509	8509
P195,1	8510	8510
P146,1	8511	8511
P189,1	8512	8512
P24,1	8513	8513
P175,1	8514	8514
P69,1	8515	8515
P190,1	8516	8516
P1,1	8517	8517
P185,1	8518	8518
P180,1	8519	8519
P196,1	8520	8520
P15,2	8521	8521
P103,1	8522	8522
P105,1	8523	8523
P152,1	8524	8524
P197,1	8525	8525
P32,1	8526	8526
P73,1	8527	8527
P125,1	8528	8528
P155,1	8529	8529
P38,1	8530	8530
P176,15	8531	8531
P191,1	8532	8532
P192,1	8533	8533
P92,1	8534	8534
P33,1	8535	8535
P181,1	8536	8536
P186,1	8537	8537
P162,1	8538	8538
P198,1	8539	8539
P187,1	8540	8540
P193,1	8541	8541
P137,1	8542	8542
P3,1	8543	8543
P199,1	8544	8544
P182,1	8545	8545
P188,1	8546	8546
P63,1	8547	8547
P194,1	8548	8548
P200,1	8549	8549
P183,1	8550	8550
P179,14	8551	8551
P27,1	8552	8552
P81,1	8553	8553
P115,1	8554	8554
P52,1	8555	8555
P184,1	8556	8556
P168,1	8557	8557
P51,2	8558	8558
P143,1	8559	8559
P43,1	8560	8560
P195,1	8561	8561
P146,1	8562	8562
P189,1	8563	8563
P24,1	8564	8564
P175,1	8565	8565
P69,1	8566	8566
P190,1	8567	8567
P1,1	8568	8568
P185,1	8569	8569
P180,1	8570	8570
P196,1	8571	8571
P15,2	8572	8572
P103,1	8573	8573
P105,1	8574	8574
P152,1	8575	8575
P197,1	8576	8576
P32,1	8577	8577
P73,1	8578	8578
P125,1	8579	8579
P155,1	8580	8580
P38,1	8581	8581
P191,1	8582	8582
P192,1	8583	8583
P92,1	8584	8584
P181,1	8585	8585
P186,1	8586	8586
P162,1	8587	8587
P198,1	8588	8588
P187,1	8589	8589
P193,1	8590	8590
P137,1	8591	8591
P3,1	8592	8592
P199,1	8593	8593
P182,1	8594	8594
P188,1	8595	8595
P63,1	8596	8596
P194,1	8597	8597
P200,1	8598	8598
P183,1	8599	8599
P179,14	8600	8600
P27,1	8601	8601
P81,1	8602	8602
P115,1	8603	8603
P52,1	8604	8604
P184,1	8605	8605
P168,1	8606	8606
P51,2	8607	8607
P143,1	8608	8608
P43,1	8609	8609
P195,1	8610	8610
P146,1	8611	8611
P189,1	8612	8612
P24,1	8613	8613
P175,1	8614	8614
P69,1	8615	8615
P190,1	8616	8616
P1,1	8617	8617
P185,1	8618	8618
P180,1	8619	8619
P196,1	8620	8620
P15,2	8621	8621
P103,1	8622	8622
P105,1	8623	8623
P152,1	8624	8624
P197,1	8625	8625
P32,1	8626	8626
P73,1	8627	8627
P125,1	8628	8628
P155,1	8629	8629
P38,1	8630	8630
P191,1	8631	8631
P192,1	8632	8632
P92,1	8633	8633
P181,1	8634	8634
P186,1	8635	8635
P162,1	8636	8636
P198,1	8637	8637
P187,1	8638	8638
P193,1	8639	8639
P137,1	8640	8640
P3,1	8641	8641
P199,1	8642	8642
P182,1	8643	8643
P188,1	8644	8644
P63,1	8645	8645
P194,1	8646	8646
P200,1	8647	8647
P183,1	8648	8648
P27,1	8649	8649
P81,1	8650	8650
P115,1	8651	8651
P52,1	8652	8652
P184,1	8653	8653
P168,1	8654	8654
P51,2	8655	8655
P143,1	8656	8656
P43,1	8657	8657
P195,1	8658	8658
P146,1	8659	8659
P189,1	8660	8660
P24,1	8661	8661
P175,1	8662	8662
P69,1	8663	8663
P190,1	8664	8664
P1,1	8665	8665
P185,1	8666	8666
P180,1	8667	8667
P196,1	8668	8668
P15,2	8669	8669
P103,1	8670	8670
P105,1	8671	8671
P152,1	8672	8672
P197,1	8673	8673
P32,1	8674	8674
P73,1	8675	8675
P125,1	8676	8676
P155,1	8677	8677
P38,1	8678	8678
P191,1	8679	8679
P192,1	8680	8680
P92,1	8681	8681
P179,15	8682	8682
P181,1	8683	8683
P186,1	8684	8684
P162,1	8685	8685
P198,1	8686	8686
P187,1	8687	8687
P193,1	8688	8688
P137,1	8689	8689
P3,1	8690	8690
P199,1	8691	8691
P182,1	8692	8692
P188,1	8693	8693
P63,1	8694	8694
P194,1	8695	8695
P200,1	8696	8696
P183,1	8697	8697
P27,1	8698	8698
P81,1	8699	8699
P115,1	8700	8700
P52,1	8701	8701
P168,1	8702	8702
P51,2	8703	8703
P143,1	8704	8704
P43,1	8705	8705
P195,1	8706	8706
P184,2	8707	8707
P146,1	8708	8708
P189,1	8709	8709
P24,1	8710	8710
P175,1	8711	8711
P69,1	8712	8712
P190,1	8713	8713
P1,1	8714	8714
P185,1	8715	8715
P180,1	8716	8716
P196,1	8717	8717
P15,2	8718	8718
P103,1	8719	8719
P105,1	8720	8720
P152,1	8721	8721
P197,1	8722	8722
P32,1	8723	8723
P73,1	8724	8724
P125,1	8725	8725
P155,1	8726	8726
P38,1	8727	8727
P191,1	8728	8728
P192,1	8729	8729
P92,1	8730	8730
P179,15	8731	8731
P181,1	8732	8732
P186,1	8733	8733
P162,1	8734	8734
P198,1	8735	8735
P187,1	8736	8736
P193,1	8737	8737
P137,1	8738	8738
P3,1	8739	8739
P199,1	8740	8740
P182,1	8741	8741
P188,1	8742	8742
P63,1	8743	8743
P194,1	8744	8744
P200,1	8745	8745
P183,1	8746	8746
P27,1	8747	8747
P81,1	8748	8748
P115,1	8749	8749
P52,1	8750	8750
P168,1	8751	8751
P51,2	8752	8752
P143,1	8753	8753
P43,1	8754	8754
P195,1	8755	8755
P184,2	8756	8756
P146,1	8757	8757
P189,1	8758	8758
P24,1	8759	8759
P175,1	8760	8760
P69,1	8761	8761
P190,1	8762	8762
P1,1	8763	8763
P185,1	8764	8764
P180,1	8765	8765
P196,1	8766	8766
P15,2	8767	8767
P103,1	8768	8768
P105,1	8769	8769
P152,1	8770	8770
P197,1	8771	8771
P32,1	8772	8772
P73,1	8773	8773
P125,1	8774	8774
P155,1	8775	8775
P38,1	8776	8776
P191,1	8777	8777
P192,1	8778	8778
P92,1	8779	8779
P179,15	8780	8780
P181,1	8781	8781
P186,1	8782	8782
P162,1	8783	8783
P198,1	8784	8784
P187,1	8785	8785
P193,1	8786	8786
P137,1	8787	8787
P3,1	8788	8788
P199,1	8789	8789
P182,1	8790	8790
P188,1	8791	8791
P63,1	8792	8792
P194,1	8793	8793
P200,1	8794	8794
P183,1	8795	8795
P27,1	8796	8796
P81,1	8797	8797
P115,1	8798	8798
P52,1	8799	8799
P168,1	8800	8800
P51,2	8801	8801
P143,1	8802	8802
P43,1	8803	8803
P195,1	8804	8804
P184,2	8805	8805
P146,1	8806	8806
P189,1	8807	8807
P24,1	8808	8808
P175,1	8809	8809
P69,1	8810	8810
P190,1	8811	8811
P1,1	8812	8812
P185,1	8813	8813
P180,1	8814	8814
P196,1	8815	8815
P15,2	8816	8816
P103,1	8817	8817
P105,1	8818	8818
P152,1	8819	8819
P197,1	8820	8820
P32,1	8821	8821
P73,1	8822	8822
P125,1	8823	8823
P155,1	8824	8824
P38,1	8825	8825
P191,1	8826	8826
P192,1	8827	8827
P92,1	8828	8828
P181,1	8829	8829
P186,1	8830	8830
P162,1	8831	8831
P198,1	8832	8832
P187,1	8833	8833
P193,1	8834	8834
P137,1	8835	8835
P3,1	8836	8836
P199,1	8837	8837
P182,1	8838	8838
P188,1	8839	8839
P63,1	8840	8840
P194,1	8841	8841
P200,1	8842	8842
P183,1	8843	8843
P27,1	8844	8844
P81,1	8845	8845
P115,1	8846	8846
P52,1	8847	8847
P168,1	8848	8848
P51,2	8849	8849
P143,1	8850	8850
P43,1	8851	8851
P195,1	8852	8852
P184,2	8853	8853
P146,1	8854	8854
P189,1	8855	8855
P24,1	8856	8856
P175,1	8857	8857
P69,1	8858	8858
P190,1	8859	8859
P1,1	8860	8860
P185,1	8861	8861
P180,1	8862	8862
P196,1	8863	8863
P15,2	8864	8864
P103,1	8865	8865
P105,1	8866	8866
P152,1	8867	8867
P197,1	8868	8868
P32,1	8869	8869
P73,1	8870	8870
P125,1	8871	8871
P155,1	8872	8872
P38,1	8873	8873
P191,1	8874	8874
P192,1	8875	8875
P92,1	8876	8876
P181,1	8877	8877
P186,1	8878	8878
P162,1	8879	8879
P198,1	8880	8880
P187,1	8881	8881
P193,1	8882	8882
P137,1	8883	8883
P3,1	8884	8884
P199,1	8885	8885
P182,1	8886	8886
P188,1	8887	8887
P63,1	8888	8888
P194,1	8889	8889
P200,1	8890	8890
P183,1	8891	8891
P27,1	8892	8892
P81,1	8893	8893
P115,1	8894	8894
P52,1	8895	8895
P168,1	8896	8896
P51,2	8897	8897
P143,1	8898	8898
P43,1	8899	8899
P195,1	8900	8900
P184,2	8901	8901
P146,1	8902	8902
P189,1	8903	8903
P24,1	8904	8904
P175,1	8905	8905
P69,1	8906	8906
P190,1	8907	8907
P1,1	8908	8908
P185,1	8909	8909
P180,1	8910	8910
P196,1	8911	8911
P15,2	8912	8912
P103,1	8913	8913
P105,1	8914	8914
P152,1	8915	8915
P197,1	8916	8916
P32,1	8917	8917
P73,1	8918	8918
P125,1	8919	8919
P155,1	8920	8920
P38,1	8921	8921
P191,1	8922	8922
P192,1	8923	8923
P92,1	8924	8924
P181,1	8925	8925
P186,1	8926	8926
P162,1	8927	8927
P198,1	8928	8928
P193,1	8929	8929
P137,1	8930	8930
P3,1	8931	8931
P199,1	8932	8932
P182,1	8933	8933
P187,2	8934	8934
P188,1	8935	8935
P63,1	8936	8936
P194,1	8937	8937
P200,1	8938	8938
P183,1	8939	8939
P27,1	8940	8940
P81,1	8941	8941
P115,1	8942	8942
P52,1	8943	8943
P168,1	8944	8944
P51,2	8945	8945
P143,1	8946	8946
P43,1	8947	8947
P195,1	8948	8948
P184,2	8949	8949
P146,1	8950	8950
P189,1	8951	8951
P24,1	8952	8952
P175,1	8953	8953
P69,1	8954	8954
P190,1	8955	8955
P1,1	8956	8956
P185,1	8957	8957
P180,1	8958	8958
P196,1	8959	8959
P15,2	8960	8960
P103,1	8961	8961
P105,1	8962	8962
P152,1	8963	8963
P197,1	8964	8964
P32,1	8965	8965
P73,1	8966	8966
P125,1	8967	8967
P155,1	8968	8968
P38,1	8969	8969
P191,1	8970	8970
P192,1	8971	8971
P92,1	8972	8972
P181,1	8973	8973
P186,1	8974	8974
P162,1	8975	8975
P198,1	8976	8976
P193,1	8977	8977
P137,1	8978	8978
P3,1	8979	8979
P199,1	8980	8980
P182,1	8981	8981
P187,2	8982	8982
P188,1	8983	8983
P63,1	8984	8984
P194,1	8985	8985
P200,1	8986	8986
P183,1	8987	8987
P27,1	8988	8988
P81,1	8989	8989
P115,1	8990	8990
P52,1	8991	8991
P168,1	8992	8992
P51,2	8993	8993
P143,1	8994	8994
P43,1	8995	8995
P195,1	8996	8996
P184,2	8997	8997
P146,1	8998	8998
P189,1	8999	8999
P24,1	9000	9000
P175,1	9001	9001
P69,1	9002	9002
P190,1	9003	9003
P1,1	9004	9004
P185,1	9005	9005
P180,1	9006	9006
P196,1	9007	9007
P15,2	9008	9008
P103,1	9009	9009
P105,1	9010	9010
P152,1	9011	9011
P197,1	9012	9012
P32,1	9013	9013
P73,1	9014	9014
P125,1	9015	9015
P155,1	9016	9016
P38,1	9017	9017
P191,1	9018	9018
P192,1	9019	9019
P92,1	9020	9020
P181,1	9021	9021
P186,1	9022	9022
P162,1	9023	9023
P198,1	9024	9024
P193,1	9025	9025
P137,1	9026	9026
P3,1	9027	9027
P199,1	9028	9028
P182,1	9029	9029
P187,2	9030	9030
P188,1	9031	9031
P63,1	9032	9032
P194,1	9033	9033
P200,1	9034	9034
P183,1	9035	9035
P27,1	9036	9036
P81,1	9037	9037
P115,1	9038	9038
P52,1	9039	9039
P168,1	9040	9040
P51,2	9041	9041
P143,1	9042	9042
P43,1	9043	9043
P195,1	9044	9044
P184,2	9045	9045
P146,1	9046	9046
P189,1	9047	9047
P24,1	9048	9048
P175,1	9049	9049
P69,1	9050	9050
P190,1	9051	9051
P1,1	9052	9052
P185,1	9053	9053
P180,1	9054	9054
P196,1	9055	9055
P15,2	9056	9056
P103,1	9057	9057
P105,1	9058	9058
P152,1	9059	9059
P197,1	9060	9060
P32,1	9061	9061
P73,1	9062	9062
P125,1	9063	9063
P155,1	9064	9064
P38,1	9065	9065
P191,1	9066	9066
P192,1	9067	9067
P92,1	9068	9068
P181,1	9069	9069
P186,1	9070	9070
P162,1	9071	9071
P198,1	9072	9072
P193,1	9073	9073
P137,1	9074	9074
P3,1	9075	9075
P199,1	9076	9076
P182,1	9077	9077
P187,2	9078	9078
P188,1	9079	9079
P63,1	9080	9080
P194,1	9081	9081
P200,1	9082	9082
P183,1	9083	9083
P27,1	9084	9084
P81,1	9085	9085
P115,1	9086	9086
P52,1	9087	9087
P168,1	9088	9088
P51,2	9089	9089
P43,1	9090	9090
P195,1	9091	9091
P143,2	9092	9092
P184,2	9093	9093
P146,1	9094	9094
P189,1	9095	9095
P24,1	9096	9096
P175,1	9097	9097
P69,1	9098	9098
P190,1	9099	9099
P1,1	9100	9100
P185,1	9101	9101
P180,1	9102	9102
P196,1	9103	9103
P15,2	9104	9104
P103,1	9105	9105
P105,1	9106	9106
P152,1	9107	9107
P197,1	9108	9108
P32,1	9109	9109
P73,1	9110	9110
P125,1	9111	9111
P155,1	9112	9112
P38,1	9113	9113
P191,1	9114	9114
P192,1	9115	9115
P92,1	9116	9116
P181,1	9117	9117
P186,1	9118	9118
P162,1	9119	9119
P198,1	9120	9120
P193,1	9121	9121
P137,1	9122	9122
P3,1	9123	9123
P199,1	9124	9124
P182,1	9125	9125
P187,2	9126	9126
P188,1	9127	9127
P63,1	9128	9128
P194,1	9129	9129
P200,1	9130	9130
P183,1	9131	9131
P27,1	9132	9132
P81,1	9133	9133
P115,1	9134	9134
P52,1	9135	9135
P168,1	9136	9136
P51,2	9137	9137
P43,1	9138	9138
P195,1	9139	9139
P143,2	9140	9140
P184,2	9141	9141
P146,1	9142	9142
P189,1	9143	9143
P24,1	9144	9144
P175,1	9145	9145
P69,1	9146	9146
P190,1	9147	9147
P1,1	9148	9148
P185,1	9149	9149
P180,1	9150	9150
P196,1	9151	9151
P15,2	9152	9152
P103,1	9153	9153
P105,1	9154	9154
P152,1	9155	9155
P197,1	9156	9156
P32,1	9157	9157
P73,1	9158	9158
P125,1	9159	9159
P155,1	9160	9160
P38,1	9161	9161
P191,1	9162	9162
P192,1	9163	9163
P92,1	9164	9164
P181,1	9165	9165
P186,1	9166	9166
P162,1	9167	9167
P198,1	9168	9168
P193,1	9169	9169
P137,1	9170	9170
P3,1	9171	9171
P199,1	9172	9172
P182,1	9173	9173
P187,2	9174	9174
P188,1	9175	9175
P63,1	9176	9176
P194,1	9177	9177
P200,1	9178	9178
P183,1	9179	9179
P27,1	9180	9180
P81,1	9181	9181
P115,1	9182	9182
P52,1	9183	9183
P168,1	9184	9184
P51,2	9185	9185
P43,1	9186	9186
P195,1	9187	9187
P143,2	9188	9188
P184,2	9189	9189
P146,1	9190	9190
P189,1	9191	9191
P24,1	9192	9192
P175,1	9193	9193
P69,1	9194	9194
P190,1	9195	9195
P1,1	9196	9196
P185,1	9197	9197
P180,1	9198	9198
P196,1	9199	9199
P15,2	9200	9200
P103,1	9201	9201
P105,1	9202	9202
P152,1	9203	9203
P197,1	9204	9204
P32,1	9205	9205
P73,1	9206	9206
P125,1	9207	9207
P155,1	9208	9208
P38,1	9209	9209
P191,1	9210	9210
P192,1	9211	9211
P92,1	9212	9212
P181,1	9213	9213
P186,1	9214	9214
P162,1	9215	9215
P198,1	9216	9216
P193,1	9217	9217
P137,1	9218	9218
P3,1	9219	9219
P199,1	9220	9220
P182,1	9221	9221
P187,2	9222	9222
P188,1	9223	9223
P63,1	9224	9224
P194,1	9225	9225
P200,1	9226	9226
P183,1	9227	9227
P27,1	9228	9228
P81,1	9229	9229
P115,1	9230	9230
P52,1	9231	9231
P168,1	9232	9232
P51,2	9233	9233
P43,1	9234	9234
P195,1	9235	9235
P143,2	9236	9236
P184,2	9237	9237
P146,1	9238	9238
P189,1	9239	9239
P24,1	9240	9240
P175,1	9241	9241
P69,1	9242	9242
P190,1	9243	9243
P1,1	9244	9244
P185,1	9245	9245
P180,1	9246	9246
P196,1	9247	9247
P15,2	9248	9248
P103,1	9249	9249
P105,1	9250	9250
P152,1	9251	9251
P197,1	9252	9252
P32,1	9253	9253
P73,1	9254	9254
P125,1	9255	9255
P155,1	9256	9256
P38,1	9257	9257
P191,1	9258	9258
P192,1	9259	9259
P92,1	9260	9260
P181,1	9261	9261
P186,1	9262	9262
P162,1	9263	9263
P198,1	9264	9264
P193,1	9265	9265
P137,1	9266	9266
P3,1	9267	9267
P199,1	9268	9268
P182,1	9269	9269
P187,2	9270	9270
P188,1	9271	9271
P63,1	9272	9272
P194,1	9273	9273
P200,1	9274	9274
P183,1	9275	9275
P27,1	9276	9276
P81,1	9277	9277
P115,1	9278	9278
P52,1	9279	9279
P168,1	9280	9280
P51,2	9281	9281
P43,1	9282	9282
P195,1	9283	9283
P143,2	9284	9284
P184,2	9285	9285
P146,1	9286	9286
P189,1	9287	9287
P24,1	9288	9288
P175,1	9289	9289
P69,1	9290	9290
P190,1	9291	9291
P1,1	9292	9292
P185,1	9293	9293
P180,1	9294	9294
P196,1	9295	9295
P15,2	9296	9296
P103,1	9297	9297
P105,1	9298	9298
P152,1	9299	9299
P197,1	9300	9300
P32,1	9301	9301
P73,1	9302	9302
P125,1	9303	9303
P155,1	9304	9304
P38,1	9305	9305
P191,1	9306	9306
P192,1	9307	9307
P92,1	9308	9308
P181,1	9309	9309
P186,1	9310	9310
P162,1	9311	9311
P198,1	9312	9312
P193,1	9313	9313
P137,1	9314	9314
P3,1	9315	9315
P199,1	9316	9316
P182,1	9317	9317
P187,2	9318	9318
P188,1	9319	9319
P63,1	9320	9320
P194,1	9321	9321
P200,1	9322	9322
P183,1	9323	9323
P27,1	9324	9324
P81,1	9325	9325
P115,1	9326	9326
P52,1	9327	9327
P168,1	9328	9328
P51,2	9329	9329
P43,1	9330	9330
P195,1	9331	9331
P143,2	9332	9332
P184,2	9333	9333
P146,1	9334	9334
P189,1	9335	9335
P24,1	9336	9336
P175,1	9337	9337
P69,1	9338	9338
P190,1	9339	9339
P1,1	9340	9340
P185,1	9341	9341
P180,1	9342	9342
P196,1	9343	9343
P15,2	9344	9344
P103,1	9345	9345
P105,1	9346	9346
P152,1	9347	9347
P197,1	9348	9348
P32,1	9349	9349
P73,1	9350	9350
P125,1	9351	9351
P155,1	9352	9352
P38,1	9353	9353
P191,1	9354	9354
P192,1	9355	9355
P92,1	9356	9356
P181,1	9357	9357
P186,1	9358	9358
P162,1	9359	9359
P198,1	9360	9360
P193,1	9361	9361
P137,1	9362	9362
P3,1	9363	9363
P199,1	9364	9364
P182,1	9365	9365
P187,2	9366	9366
P188,1	9367	9367
P63,1	9368	9368
P194,1	9369	9369
P200,1	9370	9370
P183,1	9371	9371
P27,1	9372	9372
P81,1	9373	9373
P115,1	9374	9374
P52,1	9375	9375
P168,1	9376	9376
P51,2	9377	9377
P43,1	9378	9378
P195,1	9379	9379
P143,2	9380	9380
P184,2	9381	9381
P146,1	9382	9382
P189,1	9383	9383
P24,1	9384	9384
P69,1	9385	9385
P190,1	9386	9386
P1,1	9387	9387
P185,1	9388	9388
P175,2	9389	9389
P180,1	9390	9390
P196,1	9391	9391
P15,2	9392	9392
P103,1	9393	9393
P105,1	9394	9394
P152,1	9395	9395
P197,1	9396	9396
P32,1	9397	9397
P73,1	9398	9398
P125,1	9399	9399
P155,1	9400	9400
P38,1	9401	9401
P191,1	9402	9402
P192,1	9403	9403
P92,1	9404	9404
P181,1	9405	9405
P186,1	9406	9406
P162,1	9407	9407
P198,1	9408	9408
P193,1	9409	9409
P137,1	9410	9410
P3,1	9411	9411
P199,1	9412	9412
P182,1	9413	9413
P187,2	9414	9414
P188,1	9415	9415
P63,1	9416	9416
P194,1	9417	9417
P200,1	9418	9418
P183,1	9419	9419
P27,1	9420	9420
P81,1	9421	9421
P115,1	9422	9422
P52,1	9423	9423
P51,2	9424	9424
P43,1	9425	9425
P195,1	9426	9426
P143,2	9427	9427
P184,2	9428	9428
P146,1	9429	9429
P189,1	9430	9430
P24,1	9431	9431
P69,1	9432	9432
P190,1	9433	9433
P1,1	9434	9434
P185,1	9435	9435
P175,2	9436	9436
P180,1	9437	9437
P196,1	9438	9438
P15,2	9439	9439
P103,1	9440	9440
P105,1	9441	9441
P152,1	9442	9442
P32,1	9443	9443
P73,1	9444	9444
P125,1	9445	9445
P155,1	9446	9446
P38,1	9447	9447
P197,2	9448	9448
P191,1	9449	9449
P192,1	9450	9450
P92,1	9451	9451
P181,1	9452	9452
P186,1	9453	9453
P162,1	9454	9454
P198,1	9455	9455
P193,1	9456	9456
P137,1	9457	9457
P3,1	9458	9458
P199,1	9459	9459
P182,1	9460	9460
P187,2	9461	9461
P188,1	9462	9462
P194,1	9463	9463
P200,1	9464	9464
P183,1	9465	9465
P27,1	9466	9466
P81,1	9467	9467
P115,1	9468	9468
P52,1	9469	9469
P51,2	9470	9470
P43,1	9471	9471
P195,1	9472	9472
P143,2	9473	9473
P184,2	9474	9474
P146,1	9475	9475
P189,1	9476	9476
P24,1	9477	9477
P69,1	9478	9478
P190,1	9479	9479
P1,1	9480	9480
P185,1	9481	9481
P175,2	9482	9482
P180,1	9483	9483
P196,1	9484	9484
P15,2	9485	9485
P103,1	9486	9486
P105,1	9487	9487
P152,1	9488	9488
P32,1	9489	9489
P73,1	9490	9490
P125,1	9491	9491
P155,1	9492	9492
P38,1	9493	9493
P197,2	9494	9494
P191,1	9495	9495
P192,1	9496	9496
P92,1	9497	9497
P181,1	9498	9498
P186,1	9499	9499
P162,1	9500	9500
P198,1	9501	9501
P193,1	9502	9502
P137,1	9503	9503
P3,1	9504	9504
P199,1	9505	9505
P182,1	9506	9506
P187,2	9507	9507
P188,1	9508	9508
P194,1	9509	9509
P200,1	9510	9510
P183,1	9511	9511
P27,1	9512	9512
P81,1	9513	9513
P115,1	9514	9514
P52,1	9515	9515
P51,2	9516	9516
P43,1	9517	9517
P195,1	9518	9518
P143,2	9519	9519
P184,2	9520	9520
P146,1	9521	9521
P189,1	9522	9522
P24,1	9523	9523
P69,1	9524	9524
P190,1	9525	9525
P1,1	9526	9526
P175,2	9527	9527
P180,1	9528	9528
P196,1	9529	9529
P15,2	9530	9530
P185,2	9531	9531
P103,1	9532	9532
P105,1	9533	9533
P152,1	9534	9534
P32,1	9535	9535
P73,1	9536	9536
P125,1	9537	9537
P155,1	9538	9538
P38,1	9539	9539
P197,2	9540	9540
P191,1	9541	9541
P192,1	9542	9542
P92,1	9543	9543
P181,1	9544	9544
P186,1	9545	9545
P162,1	9546	9546
P198,1	9547	9547
P193,1	9548	9548
P137,1	9549	9549
P3,1	9550	9550
P199,1	9551	9551
P182,1	9552	9552
P187,2	9553	9553
P188,1	9554	9554
P194,1	9555	9555
P200,1	9556	9556
P183,1	9557	9557
P27,1	9558	9558
P81,1	9559	9559
P115,1	9560	9560
P52,1	9561	9561
P51,2	9562	9562
P43,1	9563	9563
P195,1	9564	9564
P143,2	9565	9565
P184,2	9566	9566
P146,1	9567	9567
P189,1	9568	9568
P24,1	9569	9569
P69,1	9570	9570
P190,1	9571	9571
P1,1	9572	9572
P175,2	9573	9573
P180,1	9574	9574
P196,1	9575	9575
P15,2	9576	9576
P185,2	9577	9577
P103,1	9578	9578
P105,1	9579	9579
P152,1	9580	9580
P32,1	9581	9581
P73,1	9582	9582
P125,1	9583	9583
P155,1	9584	9584
P38,1	9585	9585
P197,2	9586	9586
P191,1	9587	9587
P192,1	9588	9588
P92,1	9589	9589
P181,1	9590	9590
P186,1	9591	9591
P162,1	9592	9592
P198,1	9593	9593
P193,1	9594	9594
P137,1	9595	9595
P3,1	9596	9596
P199,1	9597	9597
P182,1	9598	9598
P187,2	9599	9599
P188,1	9600	9600
P194,1	9601	9601
P200,1	9602	9602
P183,1	9603	9603
P27,1	9604	9604
P81,1	9605	9605
P115,1	9606	9606
P52,1	9607	9607
P51,2	9608	9608
P43,1	9609	9609
P195,1	9610	9610
P143,2	9611	9611
P184,2	9612	9612
P146,1	9613	9613
P189,1	9614	9614
P24,1	9615	9615
P69,1	9616	9616
P190,1	9617	9617
P1,1	9618	9618
P175,2	9619	9619
P180,1	9620	9620
P196,1	9621	9621
P15,2	9622	9622
P185,2	9623	9623
P103,1	9624	9624
P105,1	9625	9625
P152,1	9626	9626
P32,1	9627	9627
P73,1	9628	9628
P125,1	9629	9629
P155,1	9630	9630
P38,1	9631	9631
P197,2	9632	9632
P191,1	9633	9633
P192,1	9634	9634
P92,1	9635	9635
P181,1	9636	9636
P186,1	9637	9637
P162,1	9638	9638
P198,1	9639	9639
P193,1	9640	9640
P137,1	9641	9641
P3,1	9642	9642
P199,1	9643	9643
P182,1	9644	9644
P187,2	9645	9645
P188,1	9646	9646
P194,1	9647	9647
P200,1	9648	9648
P183,1	9649	9649
P27,1	9650	9650
P81,1	9651	9651
P115,1	9652	9652
P52,1	9653	9653
P51,2	9654	9654
P43,1	9655	9655
P195,1	9656	9656
P143,2	9657	9657
P184,2	9658	9658
P146,1	9659	9659
P189,1	9660	9660
P24,1	9661	9661
P69,1	9662	9662
P190,1	9663	9663
P1,1	9664	9664
P175,2	9665	9665
P180,1	9666	9666
P196,1	9667	9667
P15,2	9668	9668
P185,2	9669	9669
P103,1	9670	9670
P105,1	9671	9671
P152,1	9672	9672
P32,1	9673	9673
P73,1	9674	9674
P125,1	9675	9675
P155,1	9676	9676
P38,1	9677	9677
P197,2	9678	9678
P191,1	9679	9679
P192,1	9680	9680
P92,1	9681	9681
P181,1	9682	9682
P186,1	9683	9683
P162,1	9684	9684
P198,1	9685	9685
P193,1	9686	9686
P137,1	9687	9687
P3,1	9688	9688
P199,1	9689	9689
P182,1	9690	9690
P187,2	9691	9691
P188,1	9692	9692
P194,1	9693	9693
P200,1	9694	9694
P183,1	9695	9695
P27,1	9696	9696
P81,1	9697	9697
P115,1	9698	9698
P52,1	9699	9699
P51,2	9700	9700
P43,1	9701	9701
P195,1	9702	9702
P143,2	9703	9703
P184,2	9704	9704
P146,1	9705	9705
P189,1	9706	9706
P24,1	9707	9707
P69,1	9708	9708
P190,1	9709	9709
P1,1	9710	9710
P175,2	9711	9711
P180,1	9712	9712
P196,1	9713	9713
P15,2	9714	9714
P185,2	9715	9715
P103,1	9716	9716
P105,1	9717	9717
P152,1	9718	9718
P32,1	9719	9719
P73,1	9720	9720
P125,1	9721	9721
P155,1	9722	9722
P38,1	9723	9723
P197,2	9724	9724
P191,1	9725	9725
P192,1	9726	9726
P92,1	9727	9727
P181,1	9728	9728
P186,1	9729	9729
P162,1	9730	9730
P193,1	9731	9731
P137,1	9732	9732
P198,2	9733	9733
P3,1	9734	9734
P199,1	9735	9735
P182,1	9736	9736
P187,2	9737	9737
P188,1	9738	9738
P194,1	9739	9739
P200,1	9740	9740
P183,1	9741	9741
P27,1	9742	9742
P81,1	9743	9743
P115,1	9744	9744
P52,1	9745	9745
P51,2	9746	9746
P43,1	9747	9747
P195,1	9748	9748
P143,2	9749	9749
P184,2	9750	9750
P146,1	9751	9751
P189,1	9752	9752
P24,1	9753	9753
P69,1	9754	9754
P190,1	9755	9755
P1,1	9756	9756
P175,2	9757	9757
P180,1	9758	9758
P196,1	9759	9759
P15,2	9760	9760
P185,2	9761	9761
P103,1	9762	9762
P105,1	9763	9763
P152,1	9764	9764
P32,1	9765	9765
P73,1	9766	9766
P125,1	9767	9767
P155,1	9768	9768
P38,1	9769	9769
P197,2	9770	9770
P191,1	9771	9771
P192,1	9772	9772
P92,1	9773	9773
P181,1	9774	9774
P186,1	9775	9775
P162,1	9776	9776
P193,1	9777	9777
P137,1	9778	9778
P198,2	9779	9779
P3,1	9780	9780
P199,1	9781	9781
P182,1	9782	9782
P187,2	9783	9783
P188,1	9784	9784
P194,1	9785	9785
P200,1	9786	9786
P183,1	9787	9787
P27,1	9788	9788
P81,1	9789	9789
P115,1	9790	9790
P52,1	9791	9791
P51,2	9792	9792
P43,1	9793	9793
P195,1	9794	9794
P143,2	9795	9795
P184,2	9796	9796
P146,1	9797	9797
P189,1	9798	9798
P24,1	9799	9799
P69,1	9800	9800
P190,1	9801	9801
P1,1	9802	9802
P175,2	9803	9803
P180,1	9804	9804
P196,1	9805	9805
P15,2	9806	9806
P185,2	9807	9807
P103,1	9808	9808
P105,1	9809	9809
P152,1	9810	9810
P32,1	9811	9811
P73,1	9812	9812
P125,1	9813	9813
P155,1	9814	9814
P38,1	9815	9815
P197,2	9816	9816
P191,1	9817	9817
P192,1	9818	9818
P92,1	9819	9819
P181,1	9820	9820
P186,1	9821	9821
P162,1	9822	9822
P193,1	9823	9823
P137,1	9824	9824
P198,2	9825	9825
P3,1	9826	9826
P199,1	9827	9827
P182,1	9828	9828
P187,2	9829	9829
P188,1	9830	9830
P194,1	9831	9831
P200,1	9832	9832
P183,1	9833	9833
P27,1	9834	9834
P81,1	9835	9835
P115,1	9836	9836
P52,1	9837	9837
P51,2	9838	9838
P43,1	9839	9839
P195,1	9840	9840
P143,2	9841	9841
P184,2	9842	9842
P146,1	9843	9843
P189,1	9844	9844
P24,1	9845	9845
P69,1	9846	9846
P190,1	9847	9847
P1,1	9848	9848
P175,2	9849	9849
P180,1	9850	9850
P196,1	9851	9851
P15,2	9852	9852
P185,2	9853	9853
P103,1	9854	9854
P105,1	9855	9855
P152,1	9856	9856
P32,1	9857	9857
P73,1	9858	9858
P125,1	9859	9859
P155,1	9860	9860
P38,1	9861	9861
P197,2	9862	9862
P191,1	9863	9863
P192,1	9864	9864
P92,1	9865	9865
P181,1	9866	9866
P186,1	9867	9867
P162,1	9868	9868
P193,1	9869	9869
P137,1	9870	9870
P198,2	9871	9871
P3,1	9872	9872
P199,1	9873	9873
P182,1	9874	9874
P187,2	9875	9875
P188,1	9876	9876
P194,1	9877	9877
P200,1	9878	9878
P183,1	9879	9879
P27,1	9880	9880
P81,1	9881	9881
P115,1	9882	9882
P52,1	9883	9883
P51,2	9884	9884
P43,1	9885	9885
P195,1	9886	9886
P143,2	9887	9887
P184,2	9888	9888
P146,1	9889	9889
P189,1	9890	9890
P24,1	9891	9891
P69,1	9892	9892
P190,1	9893	9893
P1,1	9894	9894
P175,2	9895	9895
P180,1	9896	9896
P196,1	9897	9897
P15,2	9898	9898
P185,2	9899	9899
P103,1	9900	9900
P105,1	9901	9901
P152,1	9902	9902
P32,1	9903	9903
P73,1	9904	9904
P125,1	9905	9905
P155,1	9906	9906
P38,1	9907	9907
P197,2	9908	9908
P191,1	9909	9909
P192,1	9910	9910
P92,1	9911	9911
P181,1	9912	9912
P186,1	9913	9913
P162,1	9914	9914
P193,1	9915	9915
P137,1	9916	9916
P198,2	9917	9917
P3,1	9918	9918
P199,1	9919	9919
P182,1	9920	9920
P187,2	9921	9921
P188,1	9922	9922
P194,1	9923	9923
P200,1	9924	9924
P183,1	9925	9925
P27,1	9926	9926
P81,1	9927	9927
P115,1	9928	9928
P52,1	9929	9929
P51,2	9930	9930
P43,1	9931	9931
P195,1	9932	9932
P143,2	9933	9933
P184,2	9934	9934
P146,1	9935	9935
P189,1	9936	9936
P24,1	9937	9937
P69,1	9938	9938
P190,1	9939	9939
P1,1	9940	9940
P175,2	9941	9941
P180,1	9942	9942
P196,1	9943	9943
P15,2	9944	9944
P185,2	9945	9945
P103,1	9946	9946
P105,1	9947	9947
P152,1	9948	9948
P32,1	9949	9949
P73,1	9950	9950
P125,1	9951	9951
P155,1	9952	9952
P38,1	9953	9953
P197,2	9954	9954
P191,1	9955	9955
P192,1	9956	9956
P92,1	9957	9957
P181,1	9958	9958
P186,1	9959	9959
P162,1	9960	9960
P193,1	9961	9961
P137,1	9962	9962
P198,2	9963	9963
P199,1	9964	9964
P182,1	9965	9965
P187,2	9966	9966
P3,2	9967	9967
P188,1	9968	9968
P194,1	9969	9969
P200,1	9970	9970
P183,1	9971	9971
P81,1	9972	9972
P115,1	9973	9973
P52,1	9974	9974
P51,2	9975	9975
P43,1	9976	9976
P195,1	9977	9977
P143,2	9978	9978
P184,2	9979	9979
P146,1	9980	9980
P189,1	9981	9981
P24,1	9982	9982
P69,1	9983	9983
P190,1	9984	9984
P1,1	9985	9985
P175,2	9986	9986
P180,1	9987	9987
P196,1	9988	9988
P15,2	9989	9989
P185,2	9990	9990
P103,1	9991	9991
P105,1	9992	9992
P152,1	9993	9993
P73,1	9994	9994
P125,1	9995	9995
P155,1	9996	9996
P38,1	9997	9997
P197,2	9998	9998
P191,1	9999	9999
P192,1	10000	10000
P181,1	10001	10001
P186,1	10002	10002
P162,1	10003	10003
P193,1	10004	10004
P137,1	10005	10005
P92,2	10006	10006
P198,2	10007	10007
P199,1	10008	10008
P182,1	10009	10009
P187,2	10010	10010
P3,2	10011	10011
P188,1	10012	10012
P194,1	10013	10013
P200,1	10014	10014
P183,1	10015	10015
P81,1	10016	10016
P115,1	10017	10017
P52,1	10018	10018
P51,2	10019	10019
P43,1	10020	10020
P195,1	10021	10021
P143,2	10022	10022
P184,2	10023	10023
P146,1	10024	10024
P189,1	10025	10025
P24,1	10026	10026
P69,1	10027	10027
P190,1	10028	10028
P1,1	10029	10029
P175,2	10030	10030
P180,1	10031	10031
P196,1	10032	10032
P15,2	10033	10033
P185,2	10034	10034
P103,1	10035	10035
P105,1	10036	10036
P152,1	10037	10037
P73,1	10038	10038
P125,1	10039	10039
P155,1	10040	10040
P38,1	10041	10041
P197,2	10042	10042
P191,1	10043	10043
P192,1	10044	10044
P181,1	10045	10045
P186,1	10046	10046
P162,1	10047	10047
P193,1	10048	10048
P137,1	10049	10049
P92,2	10050	10050
P198,2	10051	10051
P199,1	10052	10052
P182,1	10053	10053
P187,2	10054	10054
P3,2	10055	10055
P188,1	10056	10056
P194,1	10057	10057
P200,1	10058	10058
P183,1	10059	10059
P81,1	10060	10060
P115,1	10061	10061
P52,1	10062	10062
P51,2	10063	10063
P43,1	10064	10064
P195,1	10065	10065
P143,2	10066	10066
P184,2	10067	10067
P146,1	10068	10068
P189,1	10069	10069
P24,1	10070	10070
P69,1	10071	10071
P190,1	10072	10072
P1,1	10073	10073
P175,2	10074	10074
P180,1	10075	10075
P196,1	10076	10076
P15,2	10077	10077
P185,2	10078	10078
P103,1	10079	10079
P105,1	10080	10080
P152,1	10081	10081
P73,1	10082	10082
P125,1	10083	10083
P155,1	10084	10084
P38,1	10085	10085
P197,2	10086	10086
P191,1	10087	10087
P192,1	10088	10088
P181,1	10089	10089
P186,1	10090	10090
P162,1	10091	10091
P193,1	10092	10092
P137,1	10093	10093
P92,2	10094	10094
P198,2	10095	10095
P199,1	10096	10096
P182,1	10097	10097
P187,2	10098	10098
P3,2	10099	10099
P188,1	10100	10100
P194,1	10101	10101
P200,1	10102	10102
P183,1	10103	10103
P81,1	10104	10104
P115,1	10105	10105
P52,1	10106	10106
P51,2	10107	10107
P43,1	10108	10108
P195,1	10109	10109
P143,2	10110	10110
P184,2	10111	10111
P146,1	10112	10112
P189,1	10113	10113
P24,1	10114	10114
P69,1	10115	10115
P190,1	10116	10116
P1,1	10117	10117
P175,2	10118	10118
P180,1	10119	10119
P196,1	10120	10120
P15,2	10121	10121
P185,2	10122	10122
P103,1	10123	10123
P152,1	10124	10124
P73,1	10125	10125
P125,1	10126	10126
P155,1	10127	10127
P38,1	10128	10128
P197,2	10129	10129
P191,1	10130	10130
P192,1	10131	10131
P181,1	10132	10132
P186,1	10133	10133
P162,1	10134	10134
P193,1	10135	10135
P137,1	10136	10136
P92,2	10137	10137
P198,2	10138	10138
P199,1	10139	10139
P182,1	10140	10140
P187,2	10141	10141
P3,2	10142	10142
P188,1	10143	10143
P194,1	10144	10144
P200,1	10145	10145
P183,1	10146	10146
P81,1	10147	10147
P115,1	10148	10148
P52,1	10149	10149
P51,2	10150	10150
P43,1	10151	10151
P195,1	10152	10152
P143,2	10153	10153
P184,2	10154	10154
P146,1	10155	10155
P189,1	10156	10156
P24,1	10157	10157
P69,1	10158	10158
P190,1	10159	10159
P1,1	10160	10160
P175,2	10161	10161
P180,1	10162	10162
P196,1	10163	10163
P15,2	10164	10164
P185,2	10165	10165
P103,1	10166	10166
P152,1	10167	10167
P73,1	10168	10168
P125,1	10169	10169
P155,1	10170	10170
P38,1	10171	10171
P197,2	10172	10172
P191,1	10173	10173
P192,1	10174	10174
P181,1	10175	10175
P186,1	10176	10176
P162,1	10177	10177
P193,1	10178	10178
P137,1	10179	10179
P92,2	10180	10180
P198,2	10181	10181
P199,1	10182	10182
P182,1	10183	10183
P187,2	10184	10184
P3,2	10185	10185
P188,1	10186	10186
P194,1	10187	10187
P200,1	10188	10188
P183,1	10189	10189
P81,1	10190	10190
P115,1	10191	10191
P52,1	10192	10192
P51,2	10193	10193
P43,1	10194	10194
P195,1	10195	10195
P143,2	10196	10196
P184,2	10197	10197
P146,1	10198	10198
P189,1	10199	10199
P24,1	10200	10200
P69,1	10201	10201
P190,1	10202	10202
P175,2	10203	10203
P1,2	10204	10204
P180,1	10205	10205
P196,1	10206	10206
P15,2	10207	10207
P185,2	10208	10208
P103,1	10209	10209
P152,1	10210	10210
P73,1	10211	10211
P125,1	10212	10212
P155,1	10213	10213
P38,1	10214	10214
P197,2	10215	10215
P191,1	10216	10216
P192,1	10217	10217
P181,1	10218	10218
P186,1	10219	10219
P162,1	10220	10220
P193,1	10221	10221
P137,1	10222	10222
P92,2	10223	10223
P198,2	10224	10224
P199,1	10225	10225
P182,1	10226	10226
P187,2	10227	10227
P3,2	10228	10228
P188,1	10229	10229
P194,1	10230	10230
P200,1	10231	10231
P183,1	10232	10232
P81,1	10233	10233
P115,1	10234	10234
P52,1	10235	10235
P51,2	10236	10236
P43,1	10237	10237
P195,1	10238	10238
P143,2	10239	10239
P184,2	10240	10240
P146,1	10241	10241
P189,1	10242	10242
P24,1	10243	10243
P69,1	10244	10244
P190,1	10245	10245
P175,2	10246	10246
P1,2	10247	10247
P180,1	10248	10248
P196,1	10249	10249
P15,2	10250	10250
P185,2	10251	10251
P103,1	10252	10252
P152,1	10253	10253
P73,1	10254	10254
P125,1	10255	10255
P155,1	10256	10256
P38,1	10257	10257
P197,2	10258	10258
P191,1	10259	10259
P192,1	10260	10260
P181,1	10261	10261
P186,1	10262	10262
P162,1	10263	10263
P193,1	10264	10264
P137,1	10265	10265
P92,2	10266	10266
P198,2	10267	10267
P199,1	10268	10268
P182,1	10269	10269
P187,2	10270	10270
P3,2	10271	10271
P188,1	10272	10272
P194,1	10273	10273
P200,1	10274	10274
P183,1	10275	10275
P81,1	10276	10276
P115,1	10277	10277
P52,1	10278	10278
P51,2	10279	10279
P43,1	10280	10280
P195,1	10281	10281
P143,2	10282	10282
P184,2	10283	10283
P146,1	10284	10284
P189,1	10285	10285
P24,1	10286	10286
P69,1	10287	10287
P190,1	10288	10288
P175,2	10289	10289
P1,2	10290	10290
P180,1	10291	10291
P196,1	10292	10292
P15,2	10293	10293
P185,2	10294	10294
P103,1	10295	10295
P152,1	10296	10296
P73,1	10297	10297
P125,1	10298	10298
P155,1	10299	10299
P38,1	10300	10300
P197,2	10301	10301
P191,1	10302	10302
P181,1	10303	10303
P186,1	10304	10304
P162,1	10305	10305
P193,1	10306	10306
P137,1	10307	10307
P92,2	10308	10308
P198,2	10309	10309
P199,1	10310	10310
P182,1	10311	10311
P187,2	10312	10312
P3,2	10313	10313
P188,1	10314	10314
P194,1	10315	10315
P200,1	10316	10316
P183,1	10317	10317
P81,1	10318	10318
P115,1	10319	10319
P52,1	10320	10320
P51,2	10321	10321
P43,1	10322	10322
P195,1	10323	10323
P143,2	10324	10324
P184,2	10325	10325
P146,1	10326	10326
P189,1	10327	10327
P24,1	10328	10328
P69,1	10329	10329
P190,1	10330	10330
P175,2	10331	10331
P1,2	10332	10332
P180,1	10333	10333
P196,1	10334	10334
P15,2	10335	10335
P185,2	10336	10336
P103,1	10337	10337
P152,1	10338	10338
P73,1	10339	10339
P125,1	10340	10340
P155,1	10341	10341
P38,1	10342	10342
P197,2	10343	10343
P191,1	10344	10344
P181,1	10345	10345
P186,1	10346	10346
P193,1	10347	10347
P137,1	10348	10348
P162,2	10349	10349
P92,2	10350	10350
P198,2	10351	10351
P199,1	10352	10352
P182,1	10353	10353
P187,2	10354	10354
P3,2	10355	10355
P188,1	10356	10356
P194,1	10357	10357
P200,1	10358	10358
P183,1	10359	10359
P81,1	10360	10360
P115,1	10361	10361
P52,1	10362	10362
P51,2	10363	10363
P43,1	10364	10364
P195,1	10365	10365
P143,2	10366	10366
P184,2	10367	10367
P146,1	10368	10368
P189,1	10369	10369
P24,1	10370	10370
P69,1	10371	10371
P190,1	10372	10372
P175,2	10373	10373
P1,2	10374	10374
P180,1	10375	10375
P196,1	10376	10376
P15,2	10377	10377
P185,2	10378	10378
P103,1	10379	10379
P152,1	10380	10380
P73,1	10381	10381
P125,1	10382	10382
P155,1	10383	10383
P38,1	10384	10384
P197,2	10385	10385
P191,1	10386	10386
P181,1	10387	10387
P186,1	10388	10388
P193,1	10389	10389
P137,1	10390	10390
P162,2	10391	10391
P92,2	10392	10392
P198,2	10393	10393
P199,1	10394	10394
P182,1	10395	10395
P187,2	10396	10396
P3,2	10397	10397
P188,1	10398	10398
P194,1	10399	10399
P200,1	10400	10400
P183,1	10401	10401
P81,1	10402	10402
P115,1	10403	10403
P52,1	10404	10404
P51,2	10405	10405
P43,1	10406	10406
P195,1	10407	10407
P143,2	10408	10408
P184,2	10409	10409
P146,1	10410	10410
P189,1	10411	10411
P24,1	10412	10412
P69,1	10413	10413
P190,1	10414	10414
P175,2	10415	10415
P1,2	10416	10416
P180,1	10417	10417
P196,1	10418	10418
P15,2	10419	10419
P185,2	10420	10420
P103,1	10421	10421
P152,1	10422	10422
P73,1	10423	10423
P125,1	10424	10424
P155,1	10425	10425
P38,1	10426	10426
P197,2	10427	10427
P191,1	10428	10428
P181,1	10429	10429
P186,1	10430	10430
P193,1	10431	10431
P137,1	10432	10432
P162,2	10433	10433
P92,2	10434	10434
P198,2	10435	10435
P199,1	10436	10436
P182,1	10437	10437
P187,2	10438	10438
P3,2	10439	10439
P188,1	10440	10440
P194,1	10441	10441
P200,1	10442	10442
P183,1	10443	10443
P81,1	10444	10444
P115,1	10445	10445
P52,1	10446	10446
P51,2	10447	10447
P43,1	10448	10448
P195,1	10449	10449
P143,2	10450	10450
P184,2	10451	10451
P146,1	10452	10452
P189,1	10453	10453
P24,1	10454	10454
P69,1	10455	10455
P190,1	10456	10456
P175,2	10457	10457
P1,2	10458	10458
P180,1	10459	10459
P196,1	10460	10460
P15,2	10461	10461
P185,2	10462	10462
P103,1	10463	10463
P152,1	10464	10464
P73,1	10465	10465
P125,1	10466	10466
P155,1	10467	10467
P38,1	10468	10468
P197,2	10469	10469
P191,1	10470	10470
P181,1	10471	10471
P186,1	10472	10472
P193,1	10473	10473
P137,1	10474	10474
P162,2	10475	10475
P92,2	10476	10476
P198,2	10477	10477
P199,1	10478	10478
P182,1	10479	10479
P187,2	10480	10480
P3,2	10481	10481
P188,1	10482	10482
P194,1	10483	10483
P200,1	10484	10484
P183,1	10485	10485
P81,1	10486	10486
P115,1	10487	10487
P52,1	10488	10488
P51,2	10489	10489
P43,1	10490	10490
P195,1	10491	10491
P143,2	10492	10492
P184,2	10493	10493
P146,1	10494	10494
P189,1	10495	10495
P24,1	10496	10496
P69,1	10497	10497
P190,1	10498	10498
P175,2	10499	10499
P1,2	10500	10500
P180,1	10501	10501
P196,1	10502	10502
P15,2	10503	10503
P185,2	10504	10504
P103,1	10505	10505
P152,1	10506	10506
P73,1	10507	10507
P125,1	10508	10508
P155,1	10509	10509
P38,1	10510	10510
P197,2	10511	10511
P191,1	10512	10512
P181,1	10513	10513
P186,1	10514	10514
P193,1	10515	10515
P137,1	10516	10516
P162,2	10517	10517
P92,2	10518	10518
P198,2	10519	10519
P199,1	10520	10520
P182,1	10521	10521
P187,2	10522	10522
P3,2	10523	10523
P188,1	10524	10524
P194,1	10525	10525
P200,1	10526	10526
P183,1	10527	10527
P81,1	10528	10528
P115,1	10529	10529
P52,1	10530	10530
P51,2	10531	10531
P43,1	10532	10532
P195,1	10533	10533
P143,2	10534	10534
P184,2	10535	10535
P146,1	10536	10536
P189,1	10537	10537
P24,1	10538	10538
P69,1	10539	10539
P190,1	10540	10540
P175,2	10541	10541
P1,2	10542	10542
P180,1	10543	10543
P196,1	10544	10544
P15,2	10545	10545
P185,2	10546	10546
P103,1	10547	10547
P152,1	10548	10548
P73,1	10549	10549
P125,1	10550	10550
P155,1	10551	10551
P38,1	10552	10552
P197,2	10553	10553
P191,1	10554	10554
P181,1	10555	10555
P186,1	10556	10556
P193,1	10557	10557
P137,1	10558	10558
P162,2	10559	10559
P92,2	10560	10560
P198,2	10561	10561
P199,1	10562	10562
P182,1	10563	10563
P187,2	10564	10564
P3,2	10565	10565
P188,1	10566	10566
P200,1	10567	10567
P183,1	10568	10568
P81,1	10569	10569
P115,1	10570	10570
P52,1	10571	10571
P51,2	10572	10572
P195,1	10573	10573
P143,2	10574	10574
P184,2	10575	10575
P146,1	10576	10576
P43,2	10577	10577
P189,1	10578	10578
P24,1	10579	10579
P69,1	10580	10580
P190,1	10581	10581
P175,2	10582	10582
P1,2	10583	10583
P180,1	10584	10584
P196,1	10585	10585
P15,2	10586	10586
P185,2	10587	10587
P103,1	10588	10588
P152,1	10589	10589
P73,1	10590	10590
P125,1	10591	10591
P155,1	10592	10592
P38,1	10593	10593
P197,2	10594	10594
P191,1	10595	10595
P181,1	10596	10596
P186,1	10597	10597
P193,1	10598	10598
P137,1	10599	10599
P162,2	10600	10600
P92,2	10601	10601
P198,2	10602	10602
P199,1	10603	10603
P182,1	10604	10604
P187,2	10605	10605
P3,2	10606	10606
P188,1	10607	10607
P200,1	10608	10608
P183,1	10609	10609
P81,1	10610	10610
P115,1	10611	10611
P52,1	10612	10612
P51,2	10613	10613
P195,1	10614	10614
P143,2	10615	10615
P184,2	10616	10616
P146,1	10617	10617
P43,2	10618	10618
P189,1	10619	10619
P24,1	10620	10620
P69,1	10621	10621
P190,1	10622	10622
P175,2	10623	10623
P1,2	10624	10624
P180,1	10625	10625
P196,1	10626	10626
P15,2	10627	10627
P185,2	10628	10628
P103,1	10629	10629
P152,1	10630	10630
P73,1	10631	10631
P125,1	10632	10632
P155,1	10633	10633
P38,1	10634	10634
P197,2	10635	10635
P191,1	10636	10636
P181,1	10637	10637
P186,1	10638	10638
P193,1	10639	10639
P137,1	10640	10640
P162,2	10641	10641
P92,2	10642	10642
P198,2	10643	10643
P199,1	10644	10644
P182,1	10645	10645
P187,2	10646	10646
P3,2	10647	10647
P188,1	10648	10648
P200,1	10649	10649
P183,1	10650	10650
P81,1	10651	10651
P115,1	10652	10652
P52,1	10653	10653
P51,2	10654	10654
P195,1	10655	10655
P143,2	10656	10656
P184,2	10657	10657
P146,1	10658	10658
P43,2	10659	10659
P189,1	10660	10660
P24,1	10661	10661
P69,1	10662	10662
P190,1	10663	10663
P175,2	10664	10664
P1,2	10665	10665
P180,1	10666	10666
P196,1	10667	10667
P15,2	10668	10668
P185,2	10669	10669
P103,1	10670	10670
P152,1	10671	10671
P73,1	10672	10672
P125,1	10673	10673
P155,1	10674	10674
P38,1	10675	10675
P197,2	10676	10676
P191,1	10677	10677
P181,1	10678	10678
P186,1	10679	10679
P193,1	10680	10680
P137,1	10681	10681
P162,2	10682	10682
P92,2	10683	10683
P198,2	10684	10684
P199,1	10685	10685
P182,1	10686	10686
P187,2	10687	10687
P3,2	10688	10688
P188,1	10689	10689
P200,1	10690	10690
P183,1	10691	10691
P115,1	10692	10692
P52,1	10693	10693
P51,2	10694	10694
P195,1	10695	10695
P143,2	10696	10696
P184,2	10697	10697
P146,1	10698	10698
P43,2	10699	10699
P189,1	10700	10700
P24,1	10701	10701
P69,1	10702	10702
P190,1	10703	10703
P175,2	10704	10704
P1,2	10705	10705
P180,1	10706	10706
P196,1	10707	10707
P15,2	10708	10708
P185,2	10709	10709
P103,1	10710	10710
P152,1	10711	10711
P73,1	10712	10712
P125,1	10713	10713
P155,1	10714	10714
P38,1	10715	10715
P197,2	10716	10716
P191,1	10717	10717
P181,1	10718	10718
P186,1	10719	10719
P193,1	10720	10720
P137,1	10721	10721
P162,2	10722	10722
P92,2	10723	10723
P198,2	10724	10724
P199,1	10725	10725
P182,1	10726	10726
P187,2	10727	10727
P3,2	10728	10728
P188,1	10729	10729
P200,1	10730	10730
P183,1	10731	10731
P115,1	10732	10732
P52,1	10733	10733
P51,2	10734	10734
P195,1	10735	10735
P143,2	10736	10736
P184,2	10737	10737
P146,1	10738	10738
P43,2	10739	10739
P189,1	10740	10740
P24,1	10741	10741
P69,1	10742	10742
P190,1	10743	10743
P175,2	10744	10744
P1,2	10745	10745
P180,1	10746	10746
P196,1	10747	10747
P15,2	10748	10748
P185,2	10749	10749
P103,1	10750	10750
P152,1	10751	10751
P73,1	10752	10752
P125,1	10753	10753
P155,1	10754	10754
P38,1	10755	10755
P197,2	10756	10756
P191,1	10757	10757
P181,1	10758	10758
P186,1	10759	10759
P193,1	10760	10760
P137,1	10761	10761
P162,2	10762	10762
P92,2	10763	10763
P198,2	10764	10764
P199,1	10765	10765
P182,1	10766	10766
P187,2	10767	10767
P3,2	10768	10768
P188,1	10769	10769
P200,1	10770	10770
P183,1	10771	10771
P115,1	10772	10772
P52,1	10773	10773
P51,2	10774	10774
P195,1	10775	10775
P143,2	10776	10776
P184,2	10777	10777
P146,1	10778	10778
P43,2	10779	10779
P189,1	10780	10780
P24,1	10781	10781
P69,1	10782	10782
P190,1	10783	10783
P175,2	10784	10784
P1,2	10785	10785
P180,1	10786	10786
P196,1	10787	10787
P15,2	10788	10788
P185,2	10789	10789
P103,1	10790	10790
P152,1	10791	10791
P73,1	10792	10792
P125,1	10793	10793
P155,1	10794	10794
P38,1	10795	10795
P197,2	10796	10796
P191,1	10797	10797
P181,1	10798	10798
P186,1	10799	10799
P193,1	10800	10800
P137,1	10801	10801
P162,2	10802	10802
P92,2	10803	10803
P198,2	10804	10804
P199,1	10805	10805
P182,1	10806	10806
P187,2	10807	10807
P3,2	10808	10808
P188,1	10809	10809
P200,1	10810	10810
P183,1	10811	10811
P115,1	10812	10812
P52,1	10813	10813
P51,2	10814	10814
P195,1	10815	10815
P143,2	10816	10816
P184,2	10817	10817
P146,1	10818	10818
P43,2	10819	10819
P189,1	10820	10820
P24,1	10821	10821
P69,1	10822	10822
P190,1	10823	10823
P175,2	10824	10824
P1,2	10825	10825
P180,1	10826	10826
P196,1	10827	10827
P15,2	10828	10828
P185,2	10829	10829
P103,1	10830	10830
P152,1	10831	10831
P73,1	10832	10832
P125,1	10833	10833
P155,1	10834	10834
P38,1	10835	10835
P197,2	10836	10836
P191,1	10837	10837
P181,1	10838	10838
P186,1	10839	10839
P193,1	10840	10840
P137,1	10841	10841
P162,2	10842	10842
P92,2	10843	10843
P198,2	10844	10844
P199,1	10845	10845
P182,1	10846	10846
P187,2	10847	10847
P3,2	10848	10848
P188,1	10849	10849
P200,1	10850	10850
P183,1	10851	10851
P115,1	10852	10852
P52,1	10853	10853
P51,2	10854	10854
P195,1	10855	10855
P143,2	10856	10856
P184,2	10857	10857
P146,1	10858	10858
P43,2	10859	10859
P189,1	10860	10860
P24,1	10861	10861
P69,1	10862	10862
P190,1	10863	10863
P175,2	10864	10864
P1,2	10865	10865
P180,1	10866	10866
P196,1	10867	10867
P15,2	10868	10868
P185,2	10869	10869
P103,1	10870	10870
P152,1	10871	10871
P73,1	10872	10872
P125,1	10873	10873
P155,1	10874	10874
P197,2	10875	10875
P191,1	10876	10876
P181,1	10877	10877
P186,1	10878	10878
P193,1	10879	10879
P137,1	10880	10880
P162,2	10881	10881
P92,2	10882	10882
P198,2	10883	10883
P199,1	10884	10884
P182,1	10885	10885
P187,2	10886	10886
P3,2	10887	10887
P188,1	10888	10888
P200,1	10889	10889
P183,1	10890	10890
P115,1	10891	10891
P52,1	10892	10892
P51,2	10893	10893
P195,1	10894	10894
P143,2	10895	10895
P184,2	10896	10896
P146,1	10897	10897
P43,2	10898	10898
P189,1	10899	10899
P24,1	10900	10900
P69,1	10901	10901
P190,1	10902	10902
P175,2	10903	10903
P1,2	10904	10904
P180,1	10905	10905
P196,1	10906	10906
P15,2	10907	10907
P185,2	10908	10908
P103,1	10909	10909
P152,1	10910	10910
P73,1	10911	10911
P125,1	10912	10912
P155,1	10913	10913
P197,2	10914	10914
P191,1	10915	10915
P181,1	10916	10916
P186,1	10917	10917
P193,1	10918	10918
P137,1	10919	10919
P162,2	10920	10920
P92,2	10921	10921
P198,2	10922	10922
P199,1	10923	10923
P182,1	10924	10924
P187,2	10925	10925
P3,2	10926	10926
P188,1	10927	10927
P200,1	10928	10928
P183,1	10929	10929
P115,1	10930	10930
P52,1	10931	10931
P51,2	10932	10932
P195,1	10933	10933
P143,2	10934	10934
P184,2	10935	10935
P146,1	10936	10936
P43,2	10937	10937
P189,1	10938	10938
P24,1	10939	10939
P69,1	10940	10940
P190,1	10941	10941
P175,2	10942	10942
P1,2	10943	10943
P180,1	10944	10944
P196,1	10945	10945
P15,2	10946	10946
P185,2	10947	10947
P103,1	10948	10948
P152,1	10949	10949
P73,1	10950	10950
P125,1	10951	10951
P155,1	10952	10952
P197,2	10953	10953
P191,1	10954	10954
P181,1	10955	10955
P186,1	10956	10956
P193,1	10957	10957
P137,1	10958	10958
P162,2	10959	10959
P92,2	10960	10960
P198,2	10961	10961
P199,1	10962	10962
P182,1	10963	10963
P187,2	10964	10964
P3,2	10965	10965
P188,1	10966	10966
P200,1	10967	10967
P183,1	10968	10968
P115,1	10969	10969
P52,1	10970	10970
P51,2	10971	10971
P195,1	10972	10972
P143,2	10973	10973
P184,2	10974	10974
P146,1	10975	10975
P43,2	10976	10976
P189,1	10977	10977
P24,1	10978	10978
P69,1	10979	10979
P190,1	10980	10980
P175,2	10981	10981
P1,2	10982	10982
P180,1	10983	10983
P196,1	10984	10984
P15,2	10985	10985
P185,2	10986	10986
P103,1	10987	10987
P152,1	10988	10988
P73,1	10989	10989
P125,1	10990	10990
P155,1	10991	10991
P197,2	10992	10992
P191,1	10993	10993
P181,1	10994	10994
P186,1	10995	10995
P193,1	10996	10996
P137,1	10997	10997
P162,2	10998	10998
P92,2	10999	10999
P198,2	11000	11000
P199,1	11001	11001
P182,1	11002	11002
P187,2	11003	11003
P3,2	11004	11004
P188,1	11005	11005
P200,1	11006	11006
P183,1	11007	11007
P115,1	11008	11008
P52,1	11009	11009
P51,2	11010	11010
P195,1	11011	11011
P143,2	11012	11012
P184,2	11013	11013
P146,1	11014	11014
P43,2	11015	11015
P189,1	11016	11016
P24,1	11017	11017
P69,1	11018	11018
P190,1	11019	11019
P175,2	11020	11020
P1,2	11021	11021
P180,1	11022	11022
P196,1	11023	11023
P15,2	11024	11024
P185,2	11025	11025
P103,1	11026	11026
P152,1	11027	11027
P73,1	11028	11028
P125,1	11029	11029
P155,1	11030	11030
P197,2	11031	11031
P191,1	11032	11032
P181,1	11033	11033
P186,1	11034	11034
P193,1	11035	11035
P137,1	11036	11036
P162,2	11037	11037
P92,2	11038	11038
P198,2	11039	11039
P199,1	11040	11040
P182,1	11041	11041
P187,2	11042	11042
P3,2	11043	11043
P188,1	11044	11044
P200,1	11045	11045
P183,1	11046	11046
P115,1	11047	11047
P52,1	11048	11048
P51,2	11049	11049
P195,1	11050	11050
P143,2	11051	11051
P184,2	11052	11052
P146,1	11053	11053
P43,2	11054	11054
P189,1	11055	11055
P24,1	11056	11056
P69,1	11057	11057
P190,1	11058	11058
P175,2	11059	11059
P1,2	11060	11060
P180,1	11061	11061
P196,1	11062	11062
P15,2	11063	11063
P185,2	11064	11064
P103,1	11065	11065
P152,1	11066	11066
P73,1	11067	11067
P125,1	11068	11068
P155,1	11069	11069
P197,2	11070	11070
P191,1	11071	11071
P181,1	11072	11072
P186,1	11073	11073
P193,1	11074	11074
P137,1	11075	11075
P162,2	11076	11076
P92,2	11077	11077
P198,2	11078	11078
P199,1	11079	11079
P182,1	11080	11080
P187,2	11081	11081
P3,2	11082	11082
P188,1	11083	11083
P200,1	11084	11084
P183,1	11085	11085
P115,1	11086	11086
P52,1	11087	11087
P51,2	11088	11088
P195,1	11089	11089
P143,2	11090	11090
P184,2	11091	11091
P146,1	11092	11092
P43,2	11093	11093
P189,1	11094	11094
P24,1	11095	11095
P69,1	11096	11096
P190,1	11097	11097
P175,2	11098	11098
P1,2	11099	11099
P180,1	11100	11100
P196,1	11101	11101
P15,2	11102	11102
P185,2	11103	11103
P103,1	11104	11104
P152,1	11105	11105
P73,1	11106	11106
P125,1	11107	11107
P155,1	11108	11108
P197,2	11109	11109
P191,1	11110	11110
P181,1	11111	11111
P186,1	11112	11112
P193,1	11113	11113
P137,1	11114	11114
P162,2	11115	11115
P92,2	11116	11116
P198,2	11117	11117
P199,1	11118	11118
P182,1	11119	11119
P187,2	11120	11120
P3,2	11121	11121
P188,1	11122	11122
P200,1	11123	11123
P183,1	11124	11124
P115,1	11125	11125
P52,1	11126	11126
P51,2	11127	11127
P195,1	11128	11128
P143,2	11129	11129
P184,2	11130	11130
P146,1	11131	11131
P43,2	11132	11132
P189,1	11133	11133
P24,1	11134	11134
P69,1	11135	11135
P190,1	11136	11136
P175,2	11137	11137
P1,2	11138	11138
P180,1	11139	11139
P196,1	11140	11140
P185,2	11141	11141
P103,1	11142	11142
P152,1	11143	11143
P73,1	11144	11144
P125,1	11145	11145
P155,1	11146	11146
P197,2	11147	11147
P191,1	11148	11148
P181,1	11149	11149
P186,1	11150	11150
P193,1	11151	11151
P137,1	11152	11152
P162,2	11153	11153
P92,2	11154	11154
P198,2	11155	11155
P199,1	11156	11156
P182,1	11157	11157
P187,2	11158	11158
P3,2	11159	11159
P188,1	11160	11160
P200,1	11161	11161
P183,1	11162	11162
P115,1	11163	11163
P52,1	11164	11164
P51,2	11165	11165
P195,1	11166	11166
P143,2	11167	11167
P184,2	11168	11168
P146,1	11169	11169
P43,2	11170	11170
P189,1	11171	11171
P24,1	11172	11172
P69,1	11173	11173
P190,1	11174	11174
P175,2	11175	11175
P1,2	11176	11176
P180,1	11177	11177
P196,1	11178	11178
P185,2	11179	11179
P103,1	11180	11180
P152,1	11181	11181
P73,1	11182	11182
P125,1	11183	11183
P155,1	11184	11184
P197,2	11185	11185
P191,1	11186	11186
P181,1	11187	11187
P186,1	11188	11188
P193,1	11189	11189
P137,1	11190	11190
P162,2	11191	11191
P92,2	11192	11192
P198,2	11193	11193
P199,1	11194	11194
P182,1	11195	11195
P187,2	11196	11196
P3,2	11197	11197
P188,1	11198	11198
P200,1	11199	11199
P183,1	11200	11200
P115,1	11201	11201
P52,1	11202	11202
P51,2	11203	11203
P195,1	11204	11204
P143,2	11205	11205
P184,2	11206	11206
P146,1	11207	11207
P43,2	11208	11208
P189,1	11209	11209
P24,1	11210	11210
P69,1	11211	11211
P190,1	11212	11212
P175,2	11213	11213
P1,2	11214	11214
P180,1	11215	11215
P196,1	11216	11216
P185,2	11217	11217
P103,1	11218	11218
P152,1	11219	11219
P73,1	11220	11220
P125,1	11221	11221
P155,1	11222	11222
P197,2	11223	11223
P191,1	11224	11224
P181,1	11225	11225
P186,1	11226	11226
P193,1	11227	11227
P137,1	11228	11228
P162,2	11229	11229
P92,2	11230	11230
P198,2	11231	11231
P199,1	11232	11232
P182,1	11233	11233
P187,2	11234	11234
P3,2	11235	11235
P188,1	11236	11236
P200,1	11237	11237
P183,1	11238	11238
P115,1	11239	11239
P52,1	11240	11240
P51,2	11241	11241
P195,1	11242	11242
P143,2	11243	11243
P184,2	11244	11244
P146,1	11245	11245
P43,2	11246	11246
P189,1	11247	11247
P24,1	11248	11248
P69,1	11249	11249
P190,1	11250	11250
P175,2	11251	11251
P1,2	11252	11252
P180,1	11253	11253
P196,1	11254	11254
P185,2	11255	11255
P103,1	11256	11256
P152,1	11257	11257
P73,1	11258	11258
P125,1	11259	11259
P155,1	11260	11260
P197,2	11261	11261
P191,1	11262	11262
P181,1	11263	11263
P186,1	11264	11264
P193,1	11265	11265
P137,1	11266	11266
P162,2	11267	11267
P92,2	11268	11268
P198,2	11269	11269
P199,1	11270	11270
P182,1	11271	11271
P187,2	11272	11272
P3,2	11273	11273
P188,1	11274	11274
P200,1	11275	11275
P183,1	11276	11276
P115,1	11277	11277
P52,1	11278	11278
P51,2	11279	11279
P195,1	11280	11280
P143,2	11281	11281
P184,2	11282	11282
P146,1	11283	11283
P43,2	11284	11284
P189,1	11285	11285
P24,1	11286	11286
P69,1	11287	11287
P190,1	11288	11288
P175,2	11289	11289
P1,2	11290	11290
P180,1	11291	11291
P185,2	11292	11292
P103,1	11293	11293
P152,1	11294	11294
P73,1	11295	11295
P125,1	11296	11296
P155,1	11297	11297
P197,2	11298	11298
P191,1	11299	11299
P181,1	11300	11300
P186,1	11301	11301
P193,1	11302	11302
P137,1	11303	11303
P162,2	11304	11304
P92,2	11305	11305
P198,2	11306	11306
P199,1	11307	11307
P182,1	11308	11308
P187,2	11309	11309
P3,2	11310	11310
P188,1	11311	11311
P200,1	11312	11312
P183,1	11313	11313
P115,1	11314	11314
P52,1	11315	11315
P51,2	11316	11316
P195,1	11317	11317
P143,2	11318	11318
P184,2	11319	11319
P146,1	11320	11320
P43,2	11321	11321
P189,1	11322	11322
P24,1	11323	11323
P69,1	11324	11324
P190,1	11325	11325
P175,2	11326	11326
P1,2	11327	11327
P180,1	11328	11328
P185,2	11329	11329
P103,1	11330	11330
P152,1	11331	11331
P73,1	11332	11332
P125,1	11333	11333
P155,1	11334	11334
P197,2	11335	11335
P191,1	11336	11336
P181,1	11337	11337
P186,1	11338	11338
P193,1	11339	11339
P137,1	11340	11340
P162,2	11341	11341
P92,2	11342	11342
P198,2	11343	11343
P199,1	11344	11344
P182,1	11345	11345
P187,2	11346	11346
P3,2	11347	11347
P188,1	11348	11348
P200,1	11349	11349
P183,1	11350	11350
P115,1	11351	11351
P52,1	11352	11352
P51,2	11353	11353
P195,1	11354	11354
P143,2	11355	11355
P184,2	11356	11356
P146,1	11357	11357
P43,2	11358	11358
P189,1	11359	11359
P24,1	11360	11360
P69,1	11361	11361
P190,1	11362	11362
P175,2	11363	11363
P1,2	11364	11364
P180,1	11365	11365
P185,2	11366	11366
P103,1	11367	11367
P152,1	11368	11368
P73,1	11369	11369
P125,1	11370	11370
P155,1	11371	11371
P197,2	11372	11372
P191,1	11373	11373
P181,1	11374	11374
P186,1	11375	11375
P193,1	11376	11376
P137,1	11377	11377
P162,2	11378	11378
P92,2	11379	11379
P198,2	11380	11380
P199,1	11381	11381
P182,1	11382	11382
P187,2	11383	11383
P3,2	11384	11384
P188,1	11385	11385
P200,1	11386	11386
P183,1	11387	11387
P115,1	11388	11388
P51,2	11389	11389
P195,1	11390	11390
P143,2	11391	11391
P52,2	11392	11392
P184,2	11393	11393
P146,1	11394	11394
P43,2	11395	11395
P189,1	11396	11396
P24,1	11397	11397
P69,1	11398	11398
P190,1	11399	11399
P175,2	11400	11400
P1,2	11401	11401
P180,1	11402	11402
P185,2	11403	11403
P103,1	11404	11404
P152,1	11405	11405
P73,1	11406	11406
P125,1	11407	11407
P155,1	11408	11408
P197,2	11409	11409
P191,1	11410	11410
P181,1	11411	11411
P186,1	11412	11412
P193,1	11413	11413
P137,1	11414	11414
P162,2	11415	11415
P92,2	11416	11416
P198,2	11417	11417
P199,1	11418	11418
P182,1	11419	11419
P187,2	11420	11420
P3,2	11421	11421
P188,1	11422	11422
P200,1	11423	11423
P183,1	11424	11424
P115,1	11425	11425
P51,2	11426	11426
P195,1	11427	11427
P143,2	11428	11428
P52,2	11429	11429
P184,2	11430	11430
P146,1	11431	11431
P43,2	11432	11432
P189,1	11433	11433
P24,1	11434	11434
P69,1	11435	11435
P190,1	11436	11436
P175,2	11437	11437
P1,2	11438	11438
P180,1	11439	11439
P185,2	11440	11440
P103,1	11441	11441
P152,1	11442	11442
P73,1	11443	11443
P125,1	11444	11444
P155,1	11445	11445
P197,2	11446	11446
P191,1	11447	11447
P181,1	11448	11448
P186,1	11449	11449
P193,1	11450	11450
P137,1	11451	11451
P162,2	11452	11452
P92,2	11453	11453
P198,2	11454	11454
P199,1	11455	11455
P182,1	11456	11456
P187,2	11457	11457
P3,2	11458	11458
P188,1	11459	11459
P200,1	11460	11460
P183,1	11461	11461
P115,1	11462	11462
P51,2	11463	11463
P195,1	11464	11464
P143,2	11465	11465
P52,2	11466	11466
P184,2	11467	11467
P146,1	11468	11468
P43,2	11469	11469
P189,1	11470	11470
P24,1	11471	11471
P69,1	11472	11472
P190,1	11473	11473
P175,2	11474	11474
P1,2	11475	11475
P180,1	11476	11476
P185,2	11477	11477
P103,1	11478	11478
P152,1	11479	11479
P73,1	11480	11480
P125,1	11481	11481
P155,1	11482	11482
P197,2	11483	11483
P191,1	11484	11484
P181,1	11485	11485
P186,1	11486	11486
P193,1	11487	11487
P137,1	11488	11488
P162,2	11489	11489
P92,2	11490	11490
P198,2	11491	11491
P199,1	11492	11492
P182,1	11493	11493
P187,2	11494	11494
P3,2	11495	11495
P188,1	11496	11496
P200,1	11497	11497
P183,1	11498	11498
P115,1	11499	11499
P51,2	11500	11500
P195,1	11501	11501
P143,2	11502	11502
P52,2	11503	11503
P184,2	11504	11504
P146,1	11505	11505
P43,2	11506	11506
P189,1	11507	11507
P24,1	11508	11508
P69,1	11509	11509
P190,1	11510	11510
P175,2	11511	11511
P1,2	11512	11512
P180,1	11513	11513
P185,2	11514	11514
P103,1	11515	11515
P152,1	11516	11516
P73,1	11517	11517
P125,1	11518	11518
P155,1	11519	11519
P197,2	11520	11520
P191,1	11521	11521
P181,1	11522	11522
P186,1	11523	11523
P193,1	11524	11524
P137,1	11525	11525
P162,2	11526	11526
P92,2	11527	11527
P198,2	11528	11528
P199,1	11529	11529
P182,1	11530	11530
P187,2	11531	11531
P3,2	11532	11532
P188,1	11533	11533
P200,1	11534	11534
P183,1	11535	11535
P115,1	11536	11536
P51,2	11537	11537
P195,1	11538	11538
P143,2	11539	11539
P52,2	11540	11540
P184,2	11541	11541
P146,1	11542	11542
P43,2	11543	11543
P189,1	11544	11544
P24,1	11545	11545
P69,1	11546	11546
P190,1	11547	11547
P175,2	11548	11548
P1,2	11549	11549
P180,1	11550	11550
P185,2	11551	11551
P103,1	11552	11552
P152,1	11553	11553
P73,1	11554	11554
P125,1	11555	11555
P155,1	11556	11556
P197,2	11557	11557
P191,1	11558	11558
P181,1	11559	11559
P186,1	11560	11560
P193,1	11561	11561
P137,1	11562	11562
P162,2	11563	11563
P92,2	11564	11564
P198,2	11565	11565
P199,1	11566	11566
P182,1	11567	11567
P187,2	11568	11568
P3,2	11569	11569
P188,1	11570	11570
P200,1	11571	11571
P183,1	11572	11572
P115,1	11573	11573
P51,2	11574	11574
P195,1	11575	11575
P143,2	11576	11576
P52,2	11577	11577
P184,2	11578	11578
P146,1	11579	11579
P43,2	11580	11580
P189,1	11581	11581
P24,1	11582	11582
P69,1	11583	11583
P190,1	11584	11584
P175,2	11585	11585
P1,2	11586	11586
P180,1	11587	11587
P185,2	11588	11588
P103,1	11589	11589
P152,1	11590	11590
P73,1	11591	11591
P125,1	11592	11592
P155,1	11593	11593
P197,2	11594	11594
P191,1	11595	11595
P181,1	11596	11596
P186,1	11597	11597
P193,1	11598	11598
P137,1	11599	11599
P162,2	11600	11600
P92,2	11601	11601
P198,2	11602	11602
P199,1	11603	11603
P182,1	11604	11604
P187,2	11605	11605
P3,2	11606	11606
P188,1	11607	11607
P200,1	11608	11608
P183,1	11609	11609
P115,1	11610	11610
P51,2	11611	11611
P195,1	11612	11612
P143,2	11613	11613
P52,2	11614	11614
P184,2	11615	11615
P146,1	11616	11616
P43,2	11617	11617
P189,1	11618	11618
P24,1	11619	11619
P69,1	11620	11620
P190,1	11621	11621
P175,2	11622	11622
P1,2	11623	11623
P180,1	11624	11624
P185,2	11625	11625
P103,1	11626	11626
P152,1	11627	11627
P73,1	11628	11628
P125,1	11629	11629
P155,1	11630	11630
P197,2	11631	11631
P191,1	11632	11632
P181,1	11633	11633
P186,1	11634	11634
P193,1	11635	11635
P137,1	11636	11636
P162,2	11637	11637
P92,2	11638	11638
P198,2	11639	11639
P199,1	11640	11640
P182,1	11641	11641
P187,2	11642	11642
P3,2	11643	11643
P188,1	11644	11644
P200,1	11645	11645
P183,1	11646	11646
P115,1	11647	11647
P51,2	11648	11648
P195,1	11649	11649
P143,2	11650	11650
P52,2	11651	11651
P184,2	11652	11652
P146,1	11653	11653
P43,2	11654	11654
P189,1	11655	11655
P24,1	11656	11656
P69,1	11657	11657
P190,1	11658	11658
P175,2	11659	11659
P1,2	11660	11660
P180,1	11661	11661
P185,2	11662	11662
P103,1	11663	11663
P152,1	11664	11664
P73,1	11665	11665
P125,1	11666	11666
P155,1	11667	11667
P197,2	11668	11668
P191,1	11669	11669
P181,1	11670	11670
P186,1	11671	11671
P193,1	11672	11672
P137,1	11673	11673
P162,2	11674	11674
P92,2	11675	11675
P198,2	11676	11676
P199,1	11677	11677
P182,1	11678	11678
P187,2	11679	11679
P3,2	11680	11680
P188,1	11681	11681
P200,1	11682	11682
P183,1	11683	11683
P115,1	11684	11684
P51,2	11685	11685
P195,1	11686	11686
P143,2	11687	11687
P52,2	11688	11688
P184,2	11689	11689
P146,1	11690	11690
P43,2	11691	11691
P189,1	11692	11692
P24,1	11693	11693
P69,1	11694	11694
P190,1	11695	11695
P175,2	11696	11696
P1,2	11697	11697
P180,1	11698	11698
P185,2	11699	11699
P103,1	11700	11700
P152,1	11701	11701
P73,1	11702	11702
P125,1	11703	11703
P155,1	11704	11704
P197,2	11705	11705
P191,1	11706	11706
P181,1	11707	11707
P186,1	11708	11708
P193,1	11709	11709
P137,1	11710	11710
P162,2	11711	11711
P92,2	11712	11712
P198,2	11713	11713
P199,1	11714	11714
P182,1	11715	11715
P187,2	11716	11716
P3,2	11717	11717
P188,1	11718	11718
P200,1	11719	11719
P183,1	11720	11720
P115,1	11721	11721
P51,2	11722	11722
P195,1	11723	11723
P143,2	11724	11724
P52,2	11725	11725
P184,2	11726	11726
P146,1	11727	11727
P43,2	11728	11728
P189,1	11729	11729
P24,1	11730	11730
P69,1	11731	11731
P190,1	11732	11732
P175,2	11733	11733
P1,2	11734	11734
P180,1	11735	11735
P185,2	11736	11736
P103,1	11737	11737
P152,1	11738	11738
P73,1	11739	11739
P125,1	11740	11740
P155,1	11741	11741
P197,2	11742	11742
P191,1	11743	11743
P181,1	11744	11744
P186,1	11745	11745
P193,1	11746	11746
P137,1	11747	11747
P162,2	11748	11748
P92,2	11749	11749
P198,2	11750	11750
P199,1	11751	11751
P182,1	11752	11752
P187,2	11753	11753
P3,2	11754	11754
P188,1	11755	11755
P200,1	11756	11756
P183,1	11757	11757
P115,1	11758	11758
P51,2	11759	11759
P143,2	11760	11760
P52,2	11761	11761
P184,2	11762	11762
P146,1	11763	11763
P43,2	11764	11764
P189,1	11765	11765
P24,1	11766	11766
P69,1	11767	11767
P190,1	11768	11768
P175,2	11769	11769
P1,2	11770	11770
P180,1	11771	11771
P185,2	11772	11772
P103,1	11773	11773
P152,1	11774	11774
P73,1	11775	11775
P125,1	11776	11776
P155,1	11777	11777
P197,2	11778	11778
P191,1	11779	11779
P181,1	11780	11780
P186,1	11781	11781
P193,1	11782	11782
P137,1	11783	11783
P162,2	11784	11784
P92,2	11785	11785
P198,2	11786	11786
P199,1	11787	11787
P182,1	11788	11788
P187,2	11789	11789
P3,2	11790	11790
P188,1	11791	11791
P200,1	11792	11792
P183,1	11793	11793
P115,1	11794	11794
P51,2	11795	11795
P143,2	11796	11796
P52,2	11797	11797
P184,2	11798	11798
P146,1	11799	11799
P43,2	11800	11800
P189,1	11801	11801
P24,1	11802	11802
P69,1	11803	11803
P190,1	11804	11804
P175,2	11805	11805
P1,2	11806	11806
P180,1	11807	11807
P185,2	11808	11808
P103,1	11809	11809
P152,1	11810	11810
P73,1	11811	11811
P125,1	11812	11812
P155,1	11813	11813
P197,2	11814	11814
P191,1	11815	11815
P181,1	11816	11816
P186,1	11817	11817
P193,1	11818	11818
P137,1	11819	11819
P162,2	11820	11820
P92,2	11821	11821
P198,2	11822	11822
P199,1	11823	11823
P182,1	11824	11824
P187,2	11825	11825
P3,2	11826	11826
P188,1	11827	11827
P200,1	11828	11828
P183,1	11829	11829
P115,1	11830	11830
P51,2	11831	11831
P143,2	11832	11832
P52,2	11833	11833
P184,2	11834	11834
P146,1	11835	11835
P43,2	11836	11836
P189,1	11837	11837
P24,1	11838	11838
P69,1	11839	11839
P175,2	11840	11840
P1,2	11841	11841
P190,2	11842	11842
P180,1	11843	11843
P185,2	11844	11844
P103,1	11845	11845
P152,1	11846	11846
P73,1	11847	11847
P125,1	11848	11848
P155,1	11849	11849
P197,2	11850	11850
P191,1	11851	11851
P181,1	11852	11852
P186,1	11853	11853
P193,1	11854	11854
P137,1	11855	11855
P162,2	11856	11856
P92,2	11857	11857
P198,2	11858	11858
P199,1	11859	11859
P182,1	11860	11860
P187,2	11861	11861
P3,2	11862	11862
P188,1	11863	11863
P200,1	11864	11864
P183,1	11865	11865
P115,1	11866	11866
P51,2	11867	11867
P143,2	11868	11868
P52,2	11869	11869
P184,2	11870	11870
P146,1	11871	11871
P43,2	11872	11872
P189,1	11873	11873
P24,1	11874	11874
P69,1	11875	11875
P175,2	11876	11876
P1,2	11877	11877
P190,2	11878	11878
P180,1	11879	11879
P185,2	11880	11880
P103,1	11881	11881
P152,1	11882	11882
P73,1	11883	11883
P125,1	11884	11884
P155,1	11885	11885
P197,2	11886	11886
P191,1	11887	11887
P181,1	11888	11888
P186,1	11889	11889
P193,1	11890	11890
P137,1	11891	11891
P162,2	11892	11892
P92,2	11893	11893
P198,2	11894	11894
P199,1	11895	11895
P182,1	11896	11896
P187,2	11897	11897
P3,2	11898	11898
P188,1	11899	11899
P200,1	11900	11900
P183,1	11901	11901
P115,1	11902	11902
P51,2	11903	11903
P143,2	11904	11904
P52,2	11905	11905
P184,2	11906	11906
P146,1	11907	11907
P43,2	11908	11908
P189,1	11909	11909
P24,1	11910	11910
P69,1	11911	11911
P175,2	11912	11912
P1,2	11913	11913
P190,2	11914	11914
P180,1	11915	11915
P185,2	11916	11916
P103,1	11917	11917
P152,1	11918	11918
P73,1	11919	11919
P125,1	11920	11920
P155,1	11921	11921
P197,2	11922	11922
P191,1	11923	11923
P181,1	11924	11924
P186,1	11925	11925
P193,1	11926	11926
P137,1	11927	11927
P162,2	11928	11928
P92,2	11929	11929
P198,2	11930	11930
P199,1	11931	11931
P182,1	11932	11932
P187,2	11933	11933
P3,2	11934	11934
P188,1	11935	11935
P200,1	11936	11936
P183,1	11937	11937
P115,1	11938	11938
P51,2	11939	11939
P143,2	11940	11940
P52,2	11941	11941
P184,2	11942	11942
P146,1	11943	11943
P43,2	11944	11944
P189,1	11945	11945
P24,1	11946	11946
P69,1	11947	11947
P175,2	11948	11948
P1,2	11949	11949
P190,2	11950	11950
P180,1	11951	11951
P185,2	11952	11952
P103,1	11953	11953
P152,1	11954	11954
P73,1	11955	11955
P125,1	11956	11956
P155,1	11957	11957
P197,2	11958	11958
P191,1	11959	11959
P181,1	11960	11960
P186,1	11961	11961
P193,1	11962	11962
P137,1	11963	11963
P162,2	11964	11964
P92,2	11965	11965
P198,2	11966	11966
P199,1	11967	11967
P182,1	11968	11968
P187,2	11969	11969
P3,2	11970	11970
P188,1	11971	11971
P200,1	11972	11972
P183,1	11973	11973
P115,1	11974	11974
P51,2	11975	11975
P143,2	11976	11976
P52,2	11977	11977
P184,2	11978	11978
P146,1	11979	11979
P43,2	11980	11980
P189,1	11981	11981
P24,1	11982	11982
P69,1	11983	11983
P175,2	11984	11984
P1,2	11985	11985
P190,2	11986	11986
P180,1	11987	11987
P185,2	11988	11988
P103,1	11989	11989
P152,1	11990	11990
P73,1	11991	11991
P125,1	11992	11992
P155,1	11993	11993
P197,2	11994	11994
P191,1	11995	11995
P181,1	11996	11996
P186,1	11997	11997
P193,1	11998	11998
P137,1	11999	11999
P162,2	12000	12000
P92,2	12001	12001
P198,2	12002	12002
P199,1	12003	12003
P182,1	12004	12004
P187,2	12005	12005
P3,2	12006	12006
P188,1	12007	12007
P200,1	12008	12008
P183,1	12009	12009
P115,1	12010	12010
P51,2	12011	12011
P143,2	12012	12012
P52,2	12013	12013
P184,2	12014	12014
P146,1	12015	12015
P43,2	12016	12016
P189,1	12017	12017
P24,1	12018	12018
P69,1	12019	12019
P175,2	12020	12020
P1,2	12021	12021
P190,2	12022	12022
P185,2	12023	12023
P103,1	12024	12024
P152,1	12025	12025
P180,2	12026	12026
P73,1	12027	12027
P125,1	12028	12028
P155,1	12029	12029
P197,2	12030	12030
P191,1	12031	12031
P181,1	12032	12032
P186,1	12033	12033
P193,1	12034	12034
P137,1	12035	12035
P162,2	12036	12036
P92,2	12037	12037
P198,2	12038	12038
P199,1	12039	12039
P182,1	12040	12040
P187,2	12041	12041
P3,2	12042	12042
P188,1	12043	12043
P200,1	12044	12044
P183,1	12045	12045
P115,1	12046	12046
P51,2	12047	12047
P143,2	12048	12048
P52,2	12049	12049
P184,2	12050	12050
P146,1	12051	12051
P43,2	12052	12052
P189,1	12053	12053
P24,1	12054	12054
P69,1	12055	12055
P175,2	12056	12056
P1,2	12057	12057
P190,2	12058	12058
P185,2	12059	12059
P103,1	12060	12060
P152,1	12061	12061
P180,2	12062	12062
P73,1	12063	12063
P125,1	12064	12064
P155,1	12065	12065
P197,2	12066	12066
P191,1	12067	12067
P181,1	12068	12068
P186,1	12069	12069
P193,1	12070	12070
P137,1	12071	12071
P162,2	12072	12072
P92,2	12073	12073
P198,2	12074	12074
P199,1	12075	12075
P182,1	12076	12076
P187,2	12077	12077
P3,2	12078	12078
P188,1	12079	12079
P200,1	12080	12080
P183,1	12081	12081
P115,1	12082	12082
P51,2	12083	12083
P143,2	12084	12084
P52,2	12085	12085
P184,2	12086	12086
P146,1	12087	12087
P43,2	12088	12088
P189,1	12089	12089
P24,1	12090	12090
P69,1	12091	12091
P175,2	12092	12092
P1,2	12093	12093
P190,2	12094	12094
P185,2	12095	12095
P103,1	12096	12096
P152,1	12097	12097
P180,2	12098	12098
P73,1	12099	12099
P125,1	12100	12100
P155,1	12101	12101
P197,2	12102	12102
P191,1	12103	12103
P181,1	12104	12104
P186,1	12105	12105
P193,1	12106	12106
P137,1	12107	12107
P162,2	12108	12108
P92,2	12109	12109
P198,2	12110	12110
P199,1	12111	12111
P182,1	12112	12112
P187,2	12113	12113
P3,2	12114	12114
P188,1	12115	12115
P200,1	12116	12116
P183,1	12117	12117
P115,1	12118	12118
P51,2	12119	12119
P143,2	12120	12120
P52,2	12121	12121
P184,2	12122	12122
P146,1	12123	12123
P43,2	12124	12124
P189,1	12125	12125
P24,1	12126	12126
P69,1	12127	12127
P175,2	12128	12128
P1,2	12129	12129
P190,2	12130	12130
P185,2	12131	12131
P103,1	12132	12132
P152,1	12133	12133
P180,2	12134	12134
P73,1	12135	12135
P125,1	12136	12136
P155,1	12137	12137
P197,2	12138	12138
P191,1	12139	12139
P181,1	12140	12140
P186,1	12141	12141
P193,1	12142	12142
P137,1	12143	12143
P162,2	12144	12144
P92,2	12145	12145
P198,2	12146	12146
P199,1	12147	12147
P182,1	12148	12148
P187,2	12149	12149
P3,2	12150	12150
P188,1	12151	12151
P200,1	12152	12152
P183,1	12153	12153
P115,1	12154	12154
P51,2	12155	12155
P143,2	12156	12156
P52,2	12157	12157
P184,2	12158	12158
P146,1	12159	12159
P43,2	12160	12160
P189,1	12161	12161
P24,1	12162	12162
P69,1	12163	12163
P175,2	12164	12164
P1,2	12165	12165
P190,2	12166	12166
P185,2	12167	12167
P103,1	12168	12168
P152,1	12169	12169
P180,2	12170	12170
P73,1	12171	12171
P125,1	12172	12172
P155,1	12173	12173
P197,2	12174	12174
P191,1	12175	12175
P181,1	12176	12176
P186,1	12177	12177
P193,1	12178	12178
P137,1	12179	12179
P162,2	12180	12180
P92,2	12181	12181
P198,2	12182	12182
P199,1	12183	12183
P182,1	12184	12184
P187,2	12185	12185
P3,2	12186	12186
P188,1	12187	12187
P200,1	12188	12188
P183,1	12189	12189
P115,1	12190	12190
P51,2	12191	12191
P143,2	12192	12192
P52,2	12193	12193
P184,2	12194	12194
P146,1	12195	12195
P43,2	12196	12196
P189,1	12197	12197
P24,1	12198	12198
P69,1	12199	12199
P175,2	12200	12200
P1,2	12201	12201
P190,2	12202	12202
P185,2	12203	12203
P103,1	12204	12204
P152,1	12205	12205
P180,2	12206	12206
P73,1	12207	12207
P125,1	12208	12208
P155,1	12209	12209
P197,2	12210	12210
P191,1	12211	12211
P181,1	12212	12212
P186,1	12213	12213
P193,1	12214	12214
P137,1	12215	12215
P162,2	12216	12216
P92,2	12217	12217
P198,2	12218	12218
P199,1	12219	12219
P182,1	12220	12220
P187,2	12221	12221
P3,2	12222	12222
P188,1	12223	12223
P200,1	12224	12224
P183,1	12225	12225
P51,2	12226	12226
P143,2	12227	12227
P52,2	12228	12228
P184,2	12229	12229
P146,1	12230	12230
P43,2	12231	12231
P189,1	12232	12232
P24,1	12233	12233
P69,1	12234	12234
P175,2	12235	12235
P1,2	12236	12236
P190,2	12237	12237
P185,2	12238	12238
P103,1	12239	12239
P152,1	12240	12240
P180,2	12241	12241
P73,1	12242	12242
P125,1	12243	12243
P155,1	12244	12244
P197,2	12245	12245
P191,1	12246	12246
P181,1	12247	12247
P186,1	12248	12248
P193,1	12249	12249
P137,1	12250	12250
P162,2	12251	12251
P92,2	12252	12252
P198,2	12253	12253
P199,1	12254	12254
P182,1	12255	12255
P187,2	12256	12256
P3,2	12257	12257
P200,1	12258	12258
P183,1	12259	12259
P51,2	12260	12260
P143,2	12261	12261
P52,2	12262	12262
P184,2	12263	12263
P146,1	12264	12264
P43,2	12265	12265
P189,1	12266	12266
P24,1	12267	12267
P69,1	12268	12268
P175,2	12269	12269
P1,2	12270	12270
P190,2	12271	12271
P185,2	12272	12272
P103,1	12273	12273
P152,1	12274	12274
P180,2	12275	12275
P73,1	12276	12276
P125,1	12277	12277
P155,1	12278	12278
P197,2	12279	12279
P191,1	12280	12280
P181,1	12281	12281
P186,1	12282	12282
P193,1	12283	12283
P137,1	12284	12284
P162,2	12285	12285
P92,2	12286	12286
P198,2	12287	12287
P199,1	12288	12288
P182,1	12289	12289
P187,2	12290	12290
P3,2	12291	12291
P200,1	12292	12292
P183,1	12293	12293
P51,2	12294	12294
P143,2	12295	12295
P52,2	12296	12296
P184,2	12297	12297
P146,1	12298	12298
P43,2	12299	12299
P189,1	12300	12300
P24,1	12301	12301
P69,1	12302	12302
P175,2	12303	12303
P1,2	12304	12304
P190,2	12305	12305
P185,2	12306	12306
P103,1	12307	12307
P152,1	12308	12308
P180,2	12309	12309
P73,1	12310	12310
P125,1	12311	12311
P155,1	12312	12312
P197,2	12313	12313
P191,1	12314	12314
P181,1	12315	12315
P186,1	12316	12316
P193,1	12317	12317
P137,1	12318	12318
P162,2	12319	12319
P92,2	12320	12320
P198,2	12321	12321
P199,1	12322	12322
P182,1	12323	12323
P187,2	12324	12324
P3,2	12325	12325
P200,1	12326	12326
P183,1	12327	12327
P51,2	12328	12328
P143,2	12329	12329
P52,2	12330	12330
P184,2	12331	12331
P146,1	12332	12332
P43,2	12333	12333
P24,1	12334	12334
P69,1	12335	12335
P175,2	12336	12336
P1,2	12337	12337
P190,2	12338	12338
P185,2	12339	12339
P103,1	12340	12340
P152,1	12341	12341
P180,2	12342	12342
P73,1	12343	12343
P125,1	12344	12344
P155,1	12345	12345
P197,2	12346	12346
P191,1	12347	12347
P181,1	12348	12348
P186,1	12349	12349
P193,1	12350	12350
P137,1	12351	12351
P162,2	12352	12352
P92,2	12353	12353
P198,2	12354	12354
P199,1	12355	12355
P182,1	12356	12356
P187,2	12357	12357
P3,2	12358	12358
P200,1	12359	12359
P183,1	12360	12360
P51,2	12361	12361
P143,2	12362	12362
P52,2	12363	12363
P184,2	12364	12364
P146,1	12365	12365
P43,2	12366	12366
P175,2	12367	12367
P1,2	12368	12368
P24,2	12369	12369
P190,2	12370	12370
P185,2	12371	12371
P103,1	12372	12372
P69,2	12373	12373
P152,1	12374	12374
P180,2	12375	12375
P73,1	12376	12376
P125,1	12377	12377
P155,1	12378	12378
P197,2	12379	12379
P191,1	12380	12380
P181,1	12381	12381
P193,1	12382	12382
P137,1	12383	12383
P162,2	12384	12384
P92,2	12385	12385
P198,2	12386	12386
P199,1	12387	12387
P182,1	12388	12388
P187,2	12389	12389
P3,2	12390	12390
P200,1	12391	12391
P183,1	12392	12392
P51,2	12393	12393
P143,2	12394	12394
P52,2	12395	12395
P184,2	12396	12396
P146,1	12397	12397
P43,2	12398	12398
P175,2	12399	12399
P1,2	12400	12400
P24,2	12401	12401
P190,2	12402	12402
P185,2	12403	12403
P103,1	12404	12404
P69,2	12405	12405
P152,1	12406	12406
P180,2	12407	12407
P73,1	12408	12408
P125,1	12409	12409
P155,1	12410	12410
P197,2	12411	12411
P191,1	12412	12412
P181,1	12413	12413
P193,1	12414	12414
P137,1	12415	12415
P162,2	12416	12416
P92,2	12417	12417
P198,2	12418	12418
P199,1	12419	12419
P182,1	12420	12420
P187,2	12421	12421
P3,2	12422	12422
P200,1	12423	12423
P183,1	12424	12424
P51,2	12425	12425
P143,2	12426	12426
P52,2	12427	12427
P184,2	12428	12428
P146,1	12429	12429
P43,2	12430	12430
P175,2	12431	12431
P1,2	12432	12432
P24,2	12433	12433
P190,2	12434	12434
P185,2	12435	12435
P103,1	12436	12436
P69,2	12437	12437
P152,1	12438	12438
P180,2	12439	12439
P73,1	12440	12440
P125,1	12441	12441
P155,1	12442	12442
P197,2	12443	12443
P191,1	12444	12444
P181,1	12445	12445
P193,1	12446	12446
P137,1	12447	12447
P162,2	12448	12448
P92,2	12449	12449
P198,2	12450	12450
P199,1	12451	12451
P187,2	12452	12452
P3,2	12453	12453
P182,2	12454	12454
P200,1	12455	12455
P183,1	12456	12456
P51,2	12457	12457
P143,2	12458	12458
P52,2	12459	12459
P146,1	12460	12460
P43,2	12461	12461
P175,2	12462	12462
P1,2	12463	12463
P24,2	12464	12464
P190,2	12465	12465
P185,2	12466	12466
P103,1	12467	12467
P69,2	12468	12468
P152,1	12469	12469
P180,2	12470	12470
P73,1	12471	12471
P125,1	12472	12472
P155,1	12473	12473
P191,1	12474	12474
P181,1	12475	12475
P193,1	12476	12476
P137,1	12477	12477
P162,2	12478	12478
P92,2	12479	12479
P198,2	12480	12480
P199,1	12481	12481
P187,2	12482	12482
P3,2	12483	12483
P182,2	12484	12484
P200,1	12485	12485
P183,1	12486	12486
P51,2	12487	12487
P143,2	12488	12488
P52,2	12489	12489
P146,1	12490	12490
P43,2	12491	12491
P175,2	12492	12492
P1,2	12493	12493
P24,2	12494	12494
P190,2	12495	12495
P185,2	12496	12496
P103,1	12497	12497
P69,2	12498	12498
P152,1	12499	12499
P180,2	12500	12500
P73,1	12501	12501
P125,1	12502	12502
P155,1	12503	12503
P191,1	12504	12504
P181,1	12505	12505
P193,1	12506	12506
P137,1	12507	12507
P162,2	12508	12508
P92,2	12509	12509
P198,2	12510	12510
P199,1	12511	12511
P187,2	12512	12512
P3,2	12513	12513
P182,2	12514	12514
P200,1	12515	12515
P183,1	12516	12516
P51,2	12517	12517
P143,2	12518	12518
P52,2	12519	12519
P146,1	12520	12520
P43,2	12521	12521
P175,2	12522	12522
P1,2	12523	12523
P24,2	12524	12524
P190,2	12525	12525
P185,2	12526	12526
P103,1	12527	12527
P69,2	12528	12528
P152,1	12529	12529
P180,2	12530	12530
P73,1	12531	12531
P125,1	12532	12532
P155,1	12533	12533
P191,1	12534	12534
P181,1	12535	12535
P193,1	12536	12536
P137,1	12537	12537
P162,2	12538	12538
P92,2	12539	12539
P198,2	12540	12540
P199,1	12541	12541
P187,2	12542	12542
P3,2	12543	12543
P182,2	12544	12544
P200,1	12545	12545
P183,1	12546	12546
P51,2	12547	12547
P143,2	12548	12548
P52,2	12549	12549
P146,1	12550	12550
P43,2	12551	12551
P175,2	12552	12552
P1,2	12553	12553
P24,2	12554	12554
P190,2	12555	12555
P185,2	12556	12556
P103,1	12557	12557
P69,2	12558	12558
P152,1	12559	12559
P180,2	12560	12560
P73,1	12561	12561
P125,1	12562	12562
P155,1	12563	12563
P191,1	12564	12564
P181,1	12565	12565
P193,1	12566	12566
P137,1	12567	12567
P162,2	12568	12568
P92,2	12569	12569
P198,2	12570	12570
P199,1	12571	12571
P187,2	12572	12572
P3,2	12573	12573
P182,2	12574	12574
P200,1	12575	12575
P183,1	12576	12576
P51,2	12577	12577
P143,2	12578	12578
P52,2	12579	12579
P146,1	12580	12580
P43,2	12581	12581
P175,2	12582	12582
P1,2	12583	12583
P24,2	12584	12584
P190,2	12585	12585
P185,2	12586	12586
P103,1	12587	12587
P69,2	12588	12588
P152,1	12589	12589
P180,2	12590	12590
P73,1	12591	12591
P125,1	12592	12592
P155,1	12593	12593
P191,1	12594	12594
P181,1	12595	12595
P193,1	12596	12596
P137,1	12597	12597
P162,2	12598	12598
P92,2	12599	12599
P198,2	12600	12600
P199,1	12601	12601
P187,2	12602	12602
P3,2	12603	12603
P182,2	12604	12604
P200,1	12605	12605
P183,1	12606	12606
P51,2	12607	12607
P143,2	12608	12608
P52,2	12609	12609
P146,1	12610	12610
P43,2	12611	12611
P175,2	12612	12612
P1,2	12613	12613
P24,2	12614	12614
P190,2	12615	12615
P185,2	12616	12616
P103,1	12617	12617
P69,2	12618	12618
P152,1	12619	12619
P180,2	12620	12620
P73,1	12621	12621
P125,1	12622	12622
P155,1	12623	12623
P191,1	12624	12624
P181,1	12625	12625
P193,1	12626	12626
P137,1	12627	12627
P162,2	12628	12628
P92,2	12629	12629
P198,2	12630	12630
P199,1	12631	12631
P187,2	12632	12632
P3,2	12633	12633
P182,2	12634	12634
P200,1	12635	12635
P183,1	12636	12636
P51,2	12637	12637
P143,2	12638	12638
P52,2	12639	12639
P146,1	12640	12640
P43,2	12641	12641
P175,2	12642	12642
P1,2	12643	12643
P24,2	12644	12644
P190,2	12645	12645
P185,2	12646	12646
P103,1	12647	12647
P69,2	12648	12648
P152,1	12649	12649
P180,2	12650	12650
P73,1	12651	12651
P125,1	12652	12652
P155,1	12653	12653
P191,1	12654	12654
P181,1	12655	12655
P193,1	12656	12656
P137,1	12657	12657
P162,2	12658	12658
P92,2	12659	12659
P198,2	12660	12660
P199,1	12661	12661
P187,2	12662	12662
P3,2	12663	12663
P182,2	12664	12664
P200,1	12665	12665
P183,1	12666	12666
P51,2	12667	12667
P143,2	12668	12668
P52,2	12669	12669
P146,1	12670	12670
P43,2	12671	12671
P175,2	12672	12672
P1,2	12673	12673
P24,2	12674	12674
P190,2	12675	12675
P185,2	12676	12676
P103,1	12677	12677
P69,2	12678	12678
P152,1	12679	12679
P180,2	12680	12680
P73,1	12681	12681
P125,1	12682	12682
P155,1	12683	12683
P191,1	12684	12684
P181,1	12685	12685
P193,1	12686	12686
P137,1	12687	12687
P162,2	12688	12688
P92,2	12689	12689
P198,2	12690	12690
P199,1	12691	12691
P187,2	12692	12692
P3,2	12693	12693
P182,2	12694	12694
P200,1	12695	12695
P183,1	12696	12696
P51,2	12697	12697
P143,2	12698	12698
P52,2	12699	12699
P146,1	12700	12700
P43,2	12701	12701
P175,2	12702	12702
P1,2	12703	12703
P24,2	12704	12704
P190,2	12705	12705
P185,2	12706	12706
P103,1	12707	12707
P69,2	12708	12708
P152,1	12709	12709
P180,2	12710	12710
P73,1	12711	12711
P155,1	12712	12712
P191,1	12713	12713
P181,1	12714	12714
P125,2	12715	12715
P193,1	12716	12716
P137,1	12717	12717
P162,2	12718	12718
P92,2	12719	12719
P198,2	12720	12720
P199,1	12721	12721
P187,2	12722	12722
P3,2	12723	12723
P182,2	12724	12724
P200,1	12725	12725
P183,1	12726	12726
P51,2	12727	12727
P143,2	12728	12728
P52,2	12729	12729
P146,1	12730	12730
P43,2	12731	12731
P175,2	12732	12732
P1,2	12733	12733
P24,2	12734	12734
P190,2	12735	12735
P185,2	12736	12736
P103,1	12737	12737
P69,2	12738	12738
P152,1	12739	12739
P180,2	12740	12740
P73,1	12741	12741
P155,1	12742	12742
P191,1	12743	12743
P181,1	12744	12744
P125,2	12745	12745
P193,1	12746	12746
P137,1	12747	12747
P162,2	12748	12748
P92,2	12749	12749
P198,2	12750	12750
P199,1	12751	12751
P187,2	12752	12752
P3,2	12753	12753
P182,2	12754	12754
P200,1	12755	12755
P183,1	12756	12756
P51,2	12757	12757
P143,2	12758	12758
P52,2	12759	12759
P146,1	12760	12760
P43,2	12761	12761
P175,2	12762	12762
P1,2	12763	12763
P24,2	12764	12764
P190,2	12765	12765
P185,2	12766	12766
P103,1	12767	12767
P69,2	12768	12768
P152,1	12769	12769
P180,2	12770	12770
P73,1	12771	12771
P155,1	12772	12772
P191,1	12773	12773
P181,1	12774	12774
P125,2	12775	12775
P193,1	12776	12776
P137,1	12777	12777
P162,2	12778	12778
P92,2	12779	12779
P198,2	12780	12780
P199,1	12781	12781
P187,2	12782	12782
P3,2	12783	12783
P182,2	12784	12784
P200,1	12785	12785
P183,1	12786	12786
P51,2	12787	12787
P143,2	12788	12788
P52,2	12789	12789
P146,1	12790	12790
P43,2	12791	12791
P175,2	12792	12792
P1,2	12793	12793
P24,2	12794	12794
P190,2	12795	12795
P185,2	12796	12796
P103,1	12797	12797
P69,2	12798	12798
P152,1	12799	12799
P180,2	12800	12800
P73,1	12801	12801
P155,1	12802	12802
P191,1	12803	12803
P181,1	12804	12804
P125,2	12805	12805
P193,1	12806	12806
P137,1	12807	12807
P162,2	12808	12808
P92,2	12809	12809
P198,2	12810	12810
P199,1	12811	12811
P187,2	12812	12812
P3,2	12813	12813
P182,2	12814	12814
P200,1	12815	12815
P183,1	12816	12816
P51,2	12817	12817
P143,2	12818	12818
P52,2	12819	12819
P146,1	12820	12820
P43,2	12821	12821
P175,2	12822	12822
P1,2	12823	12823
P24,2	12824	12824
P190,2	12825	12825
P185,2	12826	12826
P103,1	12827	12827
P69,2	12828	12828
P152,1	12829	12829
P180,2	12830	12830
P73,1	12831	12831
P155,1	12832	12832
P191,1	12833	12833
P181,1	12834	12834
P125,2	12835	12835
P193,1	12836	12836
P137,1	12837	12837
P162,2	12838	12838
P92,2	12839	12839
P198,2	12840	12840
P199,1	12841	12841
P187,2	12842	12842
P3,2	12843	12843
P182,2	12844	12844
P200,1	12845	12845
P183,1	12846	12846
P51,2	12847	12847
P143,2	12848	12848
P52,2	12849	12849
P146,1	12850	12850
P43,2	12851	12851
P175,2	12852	12852
P1,2	12853	12853
P24,2	12854	12854
P190,2	12855	12855
P185,2	12856	12856
P103,1	12857	12857
P69,2	12858	12858
P152,1	12859	12859
P180,2	12860	12860
P73,1	12861	12861
P155,1	12862	12862
P191,1	12863	12863
P181,1	12864	12864
P125,2	12865	12865
P193,1	12866	12866
P137,1	12867	12867
P162,2	12868	12868
P92,2	12869	12869
P198,2	12870	12870
P199,1	12871	12871
P187,2	12872	12872
P3,2	12873	12873
P182,2	12874	12874
P200,1	12875	12875
P183,1	12876	12876
P51,2	12877	12877
P143,2	12878	12878
P52,2	12879	12879
P146,1	12880	12880
P43,2	12881	12881
P175,2	12882	12882
P1,2	12883	12883
P24,2	12884	12884
P190,2	12885	12885
P185,2	12886	12886
P103,1	12887	12887
P69,2	12888	12888
P152,1	12889	12889
P180,2	12890	12890
P73,1	12891	12891
P155,1	12892	12892
P191,1	12893	12893
P181,1	12894	12894
P125,2	12895	12895
P193,1	12896	12896
P137,1	12897	12897
P162,2	12898	12898
P92,2	12899	12899
P198,2	12900	12900
P199,1	12901	12901
P187,2	12902	12902
P3,2	12903	12903
P182,2	12904	12904
P200,1	12905	12905
P183,1	12906	12906
P51,2	12907	12907
P143,2	12908	12908
P52,2	12909	12909
P146,1	12910	12910
P43,2	12911	12911
P175,2	12912	12912
P1,2	12913	12913
P24,2	12914	12914
P190,2	12915	12915
P185,2	12916	12916
P103,1	12917	12917
P69,2	12918	12918
P152,1	12919	12919
P180,2	12920	12920
P73,1	12921	12921
P155,1	12922	12922
P191,1	12923	12923
P181,1	12924	12924
P125,2	12925	12925
P193,1	12926	12926
P137,1	12927	12927
P162,2	12928	12928
P92,2	12929	12929
P198,2	12930	12930
P199,1	12931	12931
P187,2	12932	12932
P3,2	12933	12933
P182,2	12934	12934
P200,1	12935	12935
P183,1	12936	12936
P51,2	12937	12937
P143,2	12938	12938
P52,2	12939	12939
P146,1	12940	12940
P43,2	12941	12941
P175,2	12942	12942
P1,2	12943	12943
P24,2	12944	12944
P190,2	12945	12945
P185,2	12946	12946
P103,1	12947	12947
P69,2	12948	12948
P152,1	12949	12949
P180,2	12950	12950
P73,1	12951	12951
P155,1	12952	12952
P191,1	12953	12953
P181,1	12954	12954
P125,2	12955	12955
P193,1	12956	12956
P137,1	12957	12957
P162,2	12958	12958
P92,2	12959	12959
P198,2	12960	12960
P199,1	12961	12961
P187,2	12962	12962
P3,2	12963	12963
P182,2	12964	12964
P200,1	12965	12965
P183,1	12966	12966
P51,2	12967	12967
P143,2	12968	12968
P52,2	12969	12969
P146,1	12970	12970
P43,2	12971	12971
P175,2	12972	12972
P1,2	12973	12973
P24,2	12974	12974
P190,2	12975	12975
P185,2	12976	12976
P103,1	12977	12977
P69,2	12978	12978
P152,1	12979	12979
P180,2	12980	12980
P155,1	12981	12981
P191,1	12982	12982
P181,1	12983	12983
P125,2	12984	12984
P193,1	12985	12985
P137,1	12986	12986
P162,2	12987	12987
P92,2	12988	12988
P198,2	12989	12989
P199,1	12990	12990
P187,2	12991	12991
P3,2	12992	12992
P182,2	12993	12993
P200,1	12994	12994
P183,1	12995	12995
P51,2	12996	12996
P143,2	12997	12997
P52,2	12998	12998
P146,1	12999	12999
P43,2	13000	13000
P175,2	13001	13001
P1,2	13002	13002
P24,2	13003	13003
P190,2	13004	13004
P185,2	13005	13005
P103,1	13006	13006
P69,2	13007	13007
P152,1	13008	13008
P180,2	13009	13009
P155,1	13010	13010
P191,1	13011	13011
P181,1	13012	13012
P125,2	13013	13013
P193,1	13014	13014
P137,1	13015	13015
P162,2	13016	13016
P92,2	13017	13017
P198,2	13018	13018
P199,1	13019	13019
P187,2	13020	13020
P3,2	13021	13021
P182,2	13022	13022
P200,1	13023	13023
P183,1	13024	13024
P51,2	13025	13025
P143,2	13026	13026
P52,2	13027	13027
P146,1	13028	13028
P43,2	13029	13029
P175,2	13030	13030
P1,2	13031	13031
P24,2	13032	13032
P190,2	13033	13033
P185,2	13034	13034
P103,1	13035	13035
P69,2	13036	13036
P152,1	13037	13037
P180,2	13038	13038
P155,1	13039	13039
P191,1	13040	13040
P181,1	13041	13041
P125,2	13042	13042
P193,1	13043	13043
P137,1	13044	13044
P162,2	13045	13045
P92,2	13046	13046
P198,2	13047	13047
P199,1	13048	13048
P187,2	13049	13049
P3,2	13050	13050
P182,2	13051	13051
P200,1	13052	13052
P183,1	13053	13053
P51,2	13054	13054
P143,2	13055	13055
P52,2	13056	13056
P146,1	13057	13057
P43,2	13058	13058
P175,2	13059	13059
P1,2	13060	13060
P24,2	13061	13061
P190,2	13062	13062
P185,2	13063	13063
P103,1	13064	13064
P69,2	13065	13065
P152,1	13066	13066
P180,2	13067	13067
P155,1	13068	13068
P191,1	13069	13069
P181,1	13070	13070
P125,2	13071	13071
P193,1	13072	13072
P137,1	13073	13073
P162,2	13074	13074
P92,2	13075	13075
P198,2	13076	13076
P199,1	13077	13077
P187,2	13078	13078
P182,2	13079	13079
P200,1	13080	13080
P183,1	13081	13081
P51,2	13082	13082
P143,2	13083	13083
P52,2	13084	13084
P146,1	13085	13085
P43,2	13086	13086
P175,2	13087	13087
P1,2	13088	13088
P24,2	13089	13089
P190,2	13090	13090
P185,2	13091	13091
P103,1	13092	13092
P69,2	13093	13093
P152,1	13094	13094
P180,2	13095	13095
P155,1	13096	13096
P191,1	13097	13097
P181,1	13098	13098
P125,2	13099	13099
P193,1	13100	13100
P137,1	13101	13101
P162,2	13102	13102
P92,2	13103	13103
P198,2	13104	13104
P199,1	13105	13105
P187,2	13106	13106
P182,2	13107	13107
P200,1	13108	13108
P183,1	13109	13109
P51,2	13110	13110
P143,2	13111	13111
P52,2	13112	13112
P146,1	13113	13113
P43,2	13114	13114
P175,2	13115	13115
P1,2	13116	13116
P24,2	13117	13117
P190,2	13118	13118
P185,2	13119	13119
P103,1	13120	13120
P69,2	13121	13121
P152,1	13122	13122
P180,2	13123	13123
P155,1	13124	13124
P191,1	13125	13125
P181,1	13126	13126
P125,2	13127	13127
P193,1	13128	13128
P137,1	13129	13129
P162,2	13130	13130
P92,2	13131	13131
P198,2	13132	13132
P199,1	13133	13133
P187,2	13134	13134
P182,2	13135	13135
P200,1	13136	13136
P183,1	13137	13137
P51,2	13138	13138
P143,2	13139	13139
P52,2	13140	13140
P146,1	13141	13141
P43,2	13142	13142
P175,2	13143	13143
P1,2	13144	13144
P24,2	13145	13145
P190,2	13146	13146
P185,2	13147	13147
P103,1	13148	13148
P69,2	13149	13149
P152,1	13150	13150
P180,2	13151	13151
P155,1	13152	13152
P191,1	13153	13153
P181,1	13154	13154
P125,2	13155	13155
P193,1	13156	13156
P137,1	13157	13157
P162,2	13158	13158
P92,2	13159	13159
P198,2	13160	13160
P199,1	13161	13161
P187,2	13162	13162
P182,2	13163	13163
P200,1	13164	13164
P183,1	13165	13165
P51,2	13166	13166
P143,2	13167	13167
P52,2	13168	13168
P43,2	13169	13169
P175,2	13170	13170
P1,2	13171	13171
P24,2	13172	13172
P190,2	13173	13173
P185,2	13174	13174
P103,1	13175	13175
P69,2	13176	13176
P152,1	13177	13177
P180,2	13178	13178
P155,1	13179	13179
P191,1	13180	13180
P181,1	13181	13181
P125,2	13182	13182
P193,1	13183	13183
P137,1	13184	13184
P162,2	13185	13185
P92,2	13186	13186
P198,2	13187	13187
P199,1	13188	13188
P187,2	13189	13189
P182,2	13190	13190
P200,1	13191	13191
P183,1	13192	13192
P51,2	13193	13193
P143,2	13194	13194
P52,2	13195	13195
P43,2	13196	13196
P175,2	13197	13197
P24,2	13198	13198
P190,2	13199	13199
P185,2	13200	13200
P103,1	13201	13201
P69,2	13202	13202
P152,1	13203	13203
P180,2	13204	13204
P155,1	13205	13205
P191,1	13206	13206
P181,1	13207	13207
P125,2	13208	13208
P193,1	13209	13209
P137,1	13210	13210
P162,2	13211	13211
P92,2	13212	13212
P198,2	13213	13213
P199,1	13214	13214
P187,2	13215	13215
P182,2	13216	13216
P200,1	13217	13217
P183,1	13218	13218
P51,2	13219	13219
P143,2	13220	13220
P52,2	13221	13221
P43,2	13222	13222
P175,2	13223	13223
P24,2	13224	13224
P190,2	13225	13225
P185,2	13226	13226
P103,1	13227	13227
P69,2	13228	13228
P152,1	13229	13229
P180,2	13230	13230
P155,1	13231	13231
P191,1	13232	13232
P181,1	13233	13233
P125,2	13234	13234
P137,1	13235	13235
P162,2	13236	13236
P92,2	13237	13237
P198,2	13238	13238
P199,1	13239	13239
P193,2	13240	13240
P187,2	13241	13241
P182,2	13242	13242
P200,1	13243	13243
P183,1	13244	13244
P51,2	13245	13245
P143,2	13246	13246
P52,2	13247	13247
P43,2	13248	13248
P175,2	13249	13249
P24,2	13250	13250
P190,2	13251	13251
P185,2	13252	13252
P103,1	13253	13253
P69,2	13254	13254
P152,1	13255	13255
P180,2	13256	13256
P155,1	13257	13257
P191,1	13258	13258
P181,1	13259	13259
P125,2	13260	13260
P137,1	13261	13261
P162,2	13262	13262
P92,2	13263	13263
P198,2	13264	13264
P199,1	13265	13265
P193,2	13266	13266
P187,2	13267	13267
P182,2	13268	13268
P200,1	13269	13269
P183,1	13270	13270
P51,2	13271	13271
P143,2	13272	13272
P52,2	13273	13273
P43,2	13274	13274
P175,2	13275	13275
P24,2	13276	13276
P190,2	13277	13277
P185,2	13278	13278
P103,1	13279	13279
P69,2	13280	13280
P152,1	13281	13281
P180,2	13282	13282
P155,1	13283	13283
P191,1	13284	13284
P125,2	13285	13285
P137,1	13286	13286
P92,2	13287	13287
P198,2	13288	13288
P199,1	13289	13289
P193,2	13290	13290
P187,2	13291	13291
P182,2	13292	13292
P200,1	13293	13293
P183,1	13294	13294
P51,2	13295	13295
P143,2	13296	13296
P52,2	13297	13297
P43,2	13298	13298
P175,2	13299	13299
P24,2	13300	13300
P190,2	13301	13301
P185,2	13302	13302
P103,1	13303	13303
P69,2	13304	13304
P152,1	13305	13305
P180,2	13306	13306
P155,1	13307	13307
P191,1	13308	13308
P125,2	13309	13309
P137,1	13310	13310
P92,2	13311	13311
P198,2	13312	13312
P199,1	13313	13313
P193,2	13314	13314
P187,2	13315	13315
P182,2	13316	13316
P200,1	13317	13317
P183,1	13318	13318
P51,2	13319	13319
P143,2	13320	13320
P52,2	13321	13321
P43,2	13322	13322
P175,2	13323	13323
P24,2	13324	13324
P190,2	13325	13325
P185,2	13326	13326
P103,1	13327	13327
P69,2	13328	13328
P152,1	13329	13329
P180,2	13330	13330
P155,1	13331	13331
P191,1	13332	13332
P125,2	13333	13333
P137,1	13334	13334
P92,2	13335	13335
P198,2	13336	13336
P199,1	13337	13337
P193,2	13338	13338
P187,2	13339	13339
P182,2	13340	13340
P200,1	13341	13341
P183,1	13342	13342
P51,2	13343	13343
P143,2	13344	13344
P52,2	13345	13345
P43,2	13346	13346
P175,2	13347	13347
P24,2	13348	13348
P190,2	13349	13349
P185,2	13350	13350
P69,2	13351	13351
P152,1	13352	13352
P180,2	13353	13353
P155,1	13354	13354
P191,1	13355	13355
P103,2	13356	13356
P125,2	13357	13357
P137,1	13358	13358
P92,2	13359	13359
P198,2	13360	13360
P199,1	13361	13361
P193,2	13362	13362
P187,2	13363	13363
P182,2	13364	13364
P200,1	13365	13365
P183,1	13366	13366
P51,2	13367	13367
P143,2	13368	13368
P52,2	13369	13369
P43,2	13370	13370
P175,2	13371	13371
P24,2	13372	13372
P190,2	13373	13373
P185,2	13374	13374
P69,2	13375	13375
P152,1	13376	13376
P180,2	13377	13377
P155,1	13378	13378
P191,1	13379	13379
P103,2	13380	13380
P125,2	13381	13381
P137,1	13382	13382
P92,2	13383	13383
P198,2	13384	13384
P199,1	13385	13385
P193,2	13386	13386
P187,2	13387	13387
P182,2	13388	13388
P183,1	13389	13389
P51,2	13390	13390
P143,2	13391	13391
P52,2	13392	13392
P43,2	13393	13393
P200,2	13394	13394
P175,2	13395	13395
P24,2	13396	13396
P190,2	13397	13397
P185,2	13398	13398
P69,2	13399	13399
P152,1	13400	13400
P180,2	13401	13401
P155,1	13402	13402
P191,1	13403	13403
P103,2	13404	13404
P125,2	13405	13405
P137,1	13406	13406
P92,2	13407	13407
P198,2	13408	13408
P199,1	13409	13409
P193,2	13410	13410
P187,2	13411	13411
P182,2	13412	13412
P183,1	13413	13413
P51,2	13414	13414
P143,2	13415	13415
P52,2	13416	13416
P43,2	13417	13417
P200,2	13418	13418
P175,2	13419	13419
P24,2	13420	13420
P190,2	13421	13421
P185,2	13422	13422
P69,2	13423	13423
P180,2	13424	13424
P155,1	13425	13425
P191,1	13426	13426
P152,2	13427	13427
P103,2	13428	13428
P125,2	13429	13429
P137,1	13430	13430
P92,2	13431	13431
P198,2	13432	13432
P199,1	13433	13433
P193,2	13434	13434
P187,2	13435	13435
P182,2	13436	13436
P183,1	13437	13437
P51,2	13438	13438
P143,2	13439	13439
P52,2	13440	13440
P43,2	13441	13441
P200,2	13442	13442
P175,2	13443	13443
P24,2	13444	13444
P190,2	13445	13445
P185,2	13446	13446
P69,2	13447	13447
P180,2	13448	13448
P155,1	13449	13449
P191,1	13450	13450
P152,2	13451	13451
P103,2	13452	13452
P125,2	13453	13453
P137,1	13454	13454
P92,2	13455	13455
P198,2	13456	13456
P199,1	13457	13457
P193,2	13458	13458
P187,2	13459	13459
P182,2	13460	13460
P183,1	13461	13461
P51,2	13462	13462
P143,2	13463	13463
P52,2	13464	13464
P43,2	13465	13465
P200,2	13466	13466
P175,2	13467	13467
P24,2	13468	13468
P190,2	13469	13469
P185,2	13470	13470
P69,2	13471	13471
P180,2	13472	13472
P191,1	13473	13473
P152,2	13474	13474
P155,2	13475	13475
P103,2	13476	13476
P125,2	13477	13477
P137,1	13478	13478
P92,2	13479	13479
P198,2	13480	13480
P199,1	13481	13481
P193,2	13482	13482
P187,2	13483	13483
P182,2	13484	13484
P51,2	13485	13485
P143,2	13486	13486
P52,2	13487	13487
P43,2	13488	13488
P200,2	13489	13489
P175,2	13490	13490
P24,2	13491	13491
P190,2	13492	13492
P185,2	13493	13493
P69,2	13494	13494
P180,2	13495	13495
P191,1	13496	13496
P152,2	13497	13497
P155,2	13498	13498
P103,2	13499	13499
P125,2	13500	13500
P137,1	13501	13501
P92,2	13502	13502
P198,2	13503	13503
P193,2	13504	13504
P187,2	13505	13505
P182,2	13506	13506
P199,2	13507	13507
P51,2	13508	13508
P143,2	13509	13509
P52,2	13510	13510
P43,2	13511	13511
P200,2	13512	13512
P175,2	13513	13513
P24,2	13514	13514
P190,2	13515	13515
P185,2	13516	13516
P69,2	13517	13517
P180,2	13518	13518
P152,2	13519	13519
P155,2	13520	13520
P103,2	13521	13521
P125,2	13522	13522
P191,2	13523	13523
P92,2	13524	13524
P137,2	13525	13525
P198,2	13526	13526
P193,2	13527	13527
P187,2	13528	13528
P182,2	13529	13529
P199,2	13530	13530
P51,2	13531	13531
P143,2	13532	13532
P52,2	13533	13533
P43,2	13534	13534
P200,2	13535	13535
P175,2	13536	13536
P24,2	13537	13537
P190,2	13538	13538
P185,2	13539	13539
P69,2	13540	13540
P180,2	13541	13541
P152,2	13542	13542
P155,2	13543	13543
P103,2	13544	13544
P125,2	13545	13545
P191,2	13546	13546
P92,2	13547	13547
P137,2	13548	13548
P198,2	13549	13549
P193,2	13550	13550
P187,2	13551	13551
P182,2	13552	13552
P199,2	13553	13553
P51,2	13554	13554
P143,2	13555	13555
P52,2	13556	13556
P43,2	13557	13557
P200,2	13558	13558
P175,2	13559	13559
P24,2	13560	13560
P190,2	13561	13561
P185,2	13562	13562
P69,2	13563	13563
P180,2	13564	13564
P152,2	13565	13565
P155,2	13566	13566
P103,2	13567	13567
P125,2	13568	13568
P191,2	13569	13569
P92,2	13570	13570
P137,2	13571	13571
P198,2	13572	13572
P193,2	13573	13573
P187,2	13574	13574
P182,2	13575	13575
P199,2	13576	13576
P51,2	13577	13577
P143,2	13578	13578
P52,2	13579	13579
P43,2	13580	13580
P200,2	13581	13581
P175,2	13582	13582
P24,2	13583	13583
P190,2	13584	13584
P185,2	13585	13585
P69,2	13586	13586
P180,2	13587	13587
P152,2	13588	13588
P155,2	13589	13589
P103,2	13590	13590
P125,2	13591	13591
P191,2	13592	13592
P92,2	13593	13593
P137,2	13594	13594
P198,2	13595	13595
P193,2	13596	13596
P187,2	13597	13597
P182,2	13598	13598
P199,2	13599	13599
P51,2	13600	13600
P143,2	13601	13601
P52,2	13602	13602
P43,2	13603	13603
P200,2	13604	13604
P175,2	13605	13605
P24,2	13606	13606
P190,2	13607	13607
P185,2	13608	13608
P69,2	13609	13609
P180,2	13610	13610
P152,2	13611	13611
P155,2	13612	13612
P103,2	13613	13613
P125,2	13614	13614
P191,2	13615	13615
P92,2	13616	13616
P137,2	13617	13617
P198,2	13618	13618
P193,2	13619	13619
P187,2	13620	13620
P182,2	13621	13621
P199,2	13622	13622
P51,2	13623	13623
P143,2	13624	13624
P52,2	13625	13625
P43,2	13626	13626
P200,2	13627	13627
P175,2	13628	13628
P24,2	13629	13629
P190,2	13630	13630
P185,2	13631	13631
P69,2	13632	13632
P180,2	13633	13633
P152,2	13634	13634
P155,2	13635	13635
P103,2	13636	13636
P125,2	13637	13637
P191,2	13638	13638
P92,2	13639	13639
P137,2	13640	13640
P198,2	13641	13641
P193,2	13642	13642
P187,2	13643	13643
P182,2	13644	13644
P199,2	13645	13645
P51,2	13646	13646
P143,2	13647	13647
P52,2	13648	13648
P43,2	13649	13649
P200,2	13650	13650
P175,2	13651	13651
P24,2	13652	13652
P190,2	13653	13653
P185,2	13654	13654
P69,2	13655	13655
P180,2	13656	13656
P152,2	13657	13657
P155,2	13658	13658
P103,2	13659	13659
P125,2	13660	13660
P191,2	13661	13661
P92,2	13662	13662
P137,2	13663	13663
P198,2	13664	13664
P193,2	13665	13665
P182,2	13666	13666
P199,2	13667	13667
P51,2	13668	13668
P143,2	13669	13669
P52,2	13670	13670
P43,2	13671	13671
P200,2	13672	13672
P175,2	13673	13673
P24,2	13674	13674
P190,2	13675	13675
P185,2	13676	13676
P69,2	13677	13677
P180,2	13678	13678
P152,2	13679	13679
P155,2	13680	13680
P103,2	13681	13681
P125,2	13682	13682
P191,2	13683	13683
P92,2	13684	13684
P137,2	13685	13685
P198,2	13686	13686
P193,2	13687	13687
P182,2	13688	13688
P199,2	13689	13689
P51,2	13690	13690
P143,2	13691	13691
P52,2	13692	13692
P43,2	13693	13693
P200,2	13694	13694
P175,2	13695	13695
P24,2	13696	13696
P190,2	13697	13697
P185,2	13698	13698
P69,2	13699	13699
P180,2	13700	13700
P152,2	13701	13701
P155,2	13702	13702
P103,2	13703	13703
P125,2	13704	13704
P191,2	13705	13705
P92,2	13706	13706
P137,2	13707	13707
P198,2	13708	13708
P193,2	13709	13709
P182,2	13710	13710
P199,2	13711	13711
P51,2	13712	13712
P143,2	13713	13713
P52,2	13714	13714
P43,2	13715	13715
P200,2	13716	13716
P175,2	13717	13717
P24,2	13718	13718
P185,2	13719	13719
P69,2	13720	13720
P180,2	13721	13721
P152,2	13722	13722
P155,2	13723	13723
P103,2	13724	13724
P125,2	13725	13725
P191,2	13726	13726
P92,2	13727	13727
P137,2	13728	13728
P198,2	13729	13729
P193,2	13730	13730
P182,2	13731	13731
P199,2	13732	13732
P51,2	13733	13733
P143,2	13734	13734
P52,2	13735	13735
P43,2	13736	13736
P200,2	13737	13737
P175,2	13738	13738
P24,2	13739	13739
P185,2	13740	13740
P69,2	13741	13741
P180,2	13742	13742
P152,2	13743	13743
P155,2	13744	13744
P103,2	13745	13745
P125,2	13746	13746
P191,2	13747	13747
P92,2	13748	13748
P137,2	13749	13749
P198,2	13750	13750
P193,2	13751	13751
P182,2	13752	13752
P199,2	13753	13753
P51,2	13754	13754
P143,2	13755	13755
P52,2	13756	13756
P43,2	13757	13757
P200,2	13758	13758
P175,2	13759	13759
P24,2	13760	13760
P185,2	13761	13761
P69,2	13762	13762
P180,2	13763	13763
P152,2	13764	13764
P155,2	13765	13765
P103,2	13766	13766
P125,2	13767	13767
P191,2	13768	13768
P92,2	13769	13769
P137,2	13770	13770
P198,2	13771	13771
P193,2	13772	13772
P182,2	13773	13773
P199,2	13774	13774
P51,2	13775	13775
P143,2	13776	13776
P52,2	13777	13777
P43,2	13778	13778
P200,2	13779	13779
P175,2	13780	13780
P24,2	13781	13781
P185,2	13782	13782
P69,2	13783	13783
P180,2	13784	13784
P152,2	13785	13785
P155,2	13786	13786
P103,2	13787	13787
P125,2	13788	13788
P191,2	13789	13789
P92,2	13790	13790
P137,2	13791	13791
P198,2	13792	13792
P193,2	13793	13793
P182,2	13794	13794
P199,2	13795	13795
P51,2	13796	13796
P143,2	13797	13797
P52,2	13798	13798
P43,2	13799	13799
P200,2	13800	13800
P175,2	13801	13801
P24,2	13802	13802
P185,2	13803	13803
P69,2	13804	13804
P180,2	13805	13805
P152,2	13806	13806
P155,2	13807	13807
P103,2	13808	13808
P125,2	13809	13809
P191,2	13810	13810
P92,2	13811	13811
P137,2	13812	13812
P198,2	13813	13813
P193,2	13814	13814
P182,2	13815	13815
P199,2	13816	13816
P51,2	13817	13817
P143,2	13818	13818
P52,2	13819	13819
P43,2	13820	13820
P200,2	13821	13821
P175,2	13822	13822
P24,2	13823	13823
P185,2	13824	13824
P69,2	13825	13825
P180,2	13826	13826
P152,2	13827	13827
P155,2	13828	13828
P103,2	13829	13829
P125,2	13830	13830
P191,2	13831	13831
P92,2	13832	13832
P137,2	13833	13833
P198,2	13834	13834
P193,2	13835	13835
P182,2	13836	13836
P199,2	13837	13837
P51,2	13838	13838
P143,2	13839	13839
P52,2	13840	13840
P43,2	13841	13841
P200,2	13842	13842
P175,2	13843	13843
P24,2	13844	13844
P185,2	13845	13845
P69,2	13846	13846
P180,2	13847	13847
P152,2	13848	13848
P155,2	13849	13849
P103,2	13850	13850
P125,2	13851	13851
P191,2	13852	13852
P92,2	13853	13853
P137,2	13854	13854
P198,2	13855	13855
P193,2	13856	13856
P182,2	13857	13857
P199,2	13858	13858
P51,2	13859	13859
P143,2	13860	13860
P52,2	13861	13861
P43,2	13862	13862
P200,2	13863	13863
P175,2	13864	13864
P24,2	13865	13865
P185,2	13866	13866
P69,2	13867	13867
P180,2	13868	13868
P152,2	13869	13869
P155,2	13870	13870
P103,2	13871	13871
P125,2	13872	13872
P191,2	13873	13873
P92,2	13874	13874
P137,2	13875	13875
P198,2	13876	13876
P193,2	13877	13877
P182,2	13878	13878
P199,2	13879	13879
P51,2	13880	13880
P143,2	13881	13881
P52,2	13882	13882
P43,2	13883	13883
P200,2	13884	13884
P175,2	13885	13885
P24,2	13886	13886
P185,2	13887	13887
P69,2	13888	13888
P180,2	13889	13889
P152,2	13890	13890
P155,2	13891	13891
P103,2	13892	13892
P125,2	13893	13893
P191,2	13894	13894
P92,2	13895	13895
P137,2	13896	13896
P198,2	13897	13897
P193,2	13898	13898
P182,2	13899	13899
P199,2	13900	13900
P51,2	13901	13901
P143,2	13902	13902
P52,2	13903	13903
P43,2	13904	13904
P200,2	13905	13905
P175,2	13906	13906
P24,2	13907	13907
P185,2	13908	13908
P69,2	13909	13909
P180,2	13910	13910
P152,2	13911	13911
P155,2	13912	13912
P103,2	13913	13913
P125,2	13914	13914
P191,2	13915	13915
P92,2	13916	13916
P137,2	13917	13917
P198,2	13918	13918
P193,2	13919	13919
P182,2	13920	13920
P199,2	13921	13921
P51,2	13922	13922
P143,2	13923	13923
P52,2	13924	13924
P43,2	13925	13925
P200,2	13926	13926
P175,2	13927	13927
P24,2	13928	13928
P185,2	13929	13929
P69,2	13930	13930
P180,2	13931	13931
P152,2	13932	13932
P155,2	13933	13933
P103,2	13934	13934
P125,2	13935	13935
P191,2	13936	13936
P92,2	13937	13937
P137,2	13938	13938
P198,2	13939	13939
P193,2	13940	13940
P182,2	13941	13941
P199,2	13942	13942
P51,2	13943	13943
P143,2	13944	13944
P52,2	13945	13945
P43,2	13946	13946
P200,2	13947	13947
P175,2	13948	13948
P24,2	13949	13949
P185,2	13950	13950
P69,2	13951	13951
P180,2	13952	13952
P152,2	13953	13953
P155,2	13954	13954
P103,2	13955	13955
P125,2	13956	13956
P191,2	13957	13957
P92,2	13958	13958
P137,2	13959	13959
P198,2	13960	13960
P193,2	13961	13961
P182,2	13962	13962
P199,2	13963	13963
P51,2	13964	13964
P143,2	13965	13965
P52,2	13966	13966
P43,2	13967	13967
P200,2	13968	13968
P175,2	13969	13969
P24,2	13970	13970
P185,2	13971	13971
P69,2	13972	13972
P180,2	13973	13973
P152,2	13974	13974
P155,2	13975	13975
P103,2	13976	13976
P125,2	13977	13977
P191,2	13978	13978
P92,2	13979	13979
P137,2	13980	13980
P198,2	13981	13981
P193,2	13982	13982
P182,2	13983	13983
P199,2	13984	13984
P51,2	13985	13985
P143,2	13986	13986
P52,2	13987	13987
P43,2	13988	13988
P200,2	13989	13989
P175,2	13990	13990
P24,2	13991	13991
P185,2	13992	13992
P69,2	13993	13993
P180,2	13994	13994
P152,2	13995	13995
P155,2	13996	13996
P103,2	13997	13997
P125,2	13998	13998
P191,2	13999	13999
P92,2	14000	14000
P137,2	14001	14001
P198,2	14002	14002
P193,2	14003	14003
P182,2	14004	14004
P199,2	14005	14005
P51,2	14006	14006
P143,2	14007	14007
P52,2	14008	14008
P43,2	14009	14009
P200,2	14010	14010
P175,2	14011	14011
P24,2	14012	14012
P185,2	14013	14013
P69,2	14014	14014
P180,2	14015	14015
P152,2	14016	14016
P155,2	14017	14017
P103,2	14018	14018
P125,2	14019	14019
P191,2	14020	14020
P92,2	14021	14021
P137,2	14022	14022
P198,2	14023	14023
P193,2	14024	14024
P182,2	14025	14025
P199,2	14026	14026
P51,2	14027	14027
P143,2	14028	14028
P52,2	14029	14029
P43,2	14030	14030
P200,2	14031	14031
P175,2	14032	14032
P24,2	14033	14033
P185,2	14034	14034
P69,2	14035	14035
P180,2	14036	14036
P152,2	14037	14037
P155,2	14038	14038
P103,2	14039	14039
P125,2	14040	14040
P191,2	14041	14041
P92,2	14042	14042
P137,2	14043	14043
P198,2	14044	14044
P193,2	14045	14045
P182,2	14046	14046
P199,2	14047	14047
P51,2	14048	14048
P143,2	14049	14049
P52,2	14050	14050
P43,2	14051	14051
P200,2	14052	14052
P175,2	14053	14053
P24,2	14054	14054
P69,2	14055	14055
P180,2	14056	14056
P152,2	14057	14057
P155,2	14058	14058
P103,2	14059	14059
P125,2	14060	14060
P191,2	14061	14061
P92,2	14062	14062
P137,2	14063	14063
P198,2	14064	14064
P193,2	14065	14065
P182,2	14066	14066
P199,2	14067	14067
P51,2	14068	14068
P143,2	14069	14069
P52,2	14070	14070
P43,2	14071	14071
P200,2	14072	14072
P175,2	14073	14073
P24,2	14074	14074
P69,2	14075	14075
P180,2	14076	14076
P152,2	14077	14077
P155,2	14078	14078
P103,2	14079	14079
P125,2	14080	14080
P191,2	14081	14081
P92,2	14082	14082
P137,2	14083	14083
P198,2	14084	14084
P193,2	14085	14085
P182,2	14086	14086
P199,2	14087	14087
P51,2	14088	14088
P143,2	14089	14089
P52,2	14090	14090
P43,2	14091	14091
P200,2	14092	14092
P175,2	14093	14093
P24,2	14094	14094
P69,2	14095	14095
P180,2	14096	14096
P152,2	14097	14097
P155,2	14098	14098
P103,2	14099	14099
P125,2	14100	14100
P191,2	14101	14101
P92,2	14102	14102
P137,2	14103	14103
P198,2	14104	14104
P193,2	14105	14105
P182,2	14106	14106
P199,2	14107	14107
P51,2	14108	14108
P143,2	14109	14109
P52,2	14110	14110
P43,2	14111	14111
P200,2	14112	14112
P175,2	14113	14113
P24,2	14114	14114
P69,2	14115	14115
P180,2	14116	14116
P152,2	14117	14117
P155,2	14118	14118
P103,2	14119	14119
P125,2	14120	14120
P191,2	14121	14121
P92,2	14122	14122
P137,2	14123	14123
P198,2	14124	14124
P193,2	14125	14125
P182,2	14126	14126
P199,2	14127	14127
P51,2	14128	14128
P143,2	14129	14129
P43,2	14130	14130
P200,2	14131	14131
P175,2	14132	14132
P24,2	14133	14133
P69,2	14134	14134
P180,2	14135	14135
P152,2	14136	14136
P155,2	14137	14137
P103,2	14138	14138
P125,2	14139	14139
P191,2	14140	14140
P92,2	14141	14141
P137,2	14142	14142
P198,2	14143	14143
P193,2	14144	14144
P182,2	14145	14145
P199,2	14146	14146
P51,2	14147	14147
P143,2	14148	14148
P43,2	14149	14149
P200,2	14150	14150
P175,2	14151	14151
P24,2	14152	14152
P69,2	14153	14153
P180,2	14154	14154
P152,2	14155	14155
P155,2	14156	14156
P103,2	14157	14157
P125,2	14158	14158
P191,2	14159	14159
P92,2	14160	14160
P137,2	14161	14161
P198,2	14162	14162
P193,2	14163	14163
P182,2	14164	14164
P199,2	14165	14165
P51,2	14166	14166
P143,2	14167	14167
P43,2	14168	14168
P200,2	14169	14169
P175,2	14170	14170
P24,2	14171	14171
P69,2	14172	14172
P180,2	14173	14173
P152,2	14174	14174
P155,2	14175	14175
P103,2	14176	14176
P125,2	14177	14177
P191,2	14178	14178
P92,2	14179	14179
P137,2	14180	14180
P198,2	14181	14181
P193,2	14182	14182
P182,2	14183	14183
P199,2	14184	14184
P51,2	14185	14185
P143,2	14186	14186
P43,2	14187	14187
P200,2	14188	14188
P175,2	14189	14189
P24,2	14190	14190
P69,2	14191	14191
P180,2	14192	14192
P152,2	14193	14193
P155,2	14194	14194
P103,2	14195	14195
P125,2	14196	14196
P191,2	14197	14197
P92,2	14198	14198
P137,2	14199	14199
P198,2	14200	14200
P193,2	14201	14201
P182,2	14202	14202
P199,2	14203	14203
P51,2	14204	14204
P143,2	14205	14205
P43,2	14206	14206
P200,2	14207	14207
P175,2	14208	14208
P24,2	14209	14209
P69,2	14210	14210
P180,2	14211	14211
P152,2	14212	14212
P155,2	14213	14213
P103,2	14214	14214
P125,2	14215	14215
P191,2	14216	14216
P92,2	14217	14217
P137,2	14218	14218
P198,2	14219	14219
P193,2	14220	14220
P182,2	14221	14221
P199,2	14222	14222
P51,2	14223	14223
P143,2	14224	14224
P43,2	14225	14225
P200,2	14226	14226
P175,2	14227	14227
P24,2	14228	14228
P69,2	14229	14229
P180,2	14230	14230
P152,2	14231	14231
P155,2	14232	14232
P103,2	14233	14233
P125,2	14234	14234
P191,2	14235	14235
P92,2	14236	14236
P137,2	14237	14237
P198,2	14238	14238
P193,2	14239	14239
P182,2	14240	14240
P199,2	14241	14241
P51,2	14242	14242
P143,2	14243	14243
P43,2	14244	14244
P200,2	14245	14245
P175,2	14246	14246
P24,2	14247	14247
P69,2	14248	14248
P180,2	14249	14249
P152,2	14250	14250
P155,2	14251	14251
P103,2	14252	14252
P125,2	14253	14253
P191,2	14254	14254
P92,2	14255	14255
P137,2	14256	14256
P198,2	14257	14257
P193,2	14258	14258
P182,2	14259	14259
P199,2	14260	14260
P51,2	14261	14261
P143,2	14262	14262
P43,2	14263	14263
P200,2	14264	14264
P175,2	14265	14265
P24,2	14266	14266
P69,2	14267	14267
P180,2	14268	14268
P152,2	14269	14269
P155,2	14270	14270
P103,2	14271	14271
P125,2	14272	14272
P191,2	14273	14273
P92,2	14274	14274
P137,2	14275	14275
P198,2	14276	14276
P193,2	14277	14277
P182,2	14278	14278
P199,2	14279	14279
P51,2	14280	14280
P143,2	14281	14281
P43,2	14282	14282
P200,2	14283	14283
P175,2	14284	14284
P24,2	14285	14285
P69,2	14286	14286
P180,2	14287	14287
P152,2	14288	14288
P155,2	14289	14289
P103,2	14290	14290
P125,2	14291	14291
P191,2	14292	14292
P92,2	14293	14293
P137,2	14294	14294
P198,2	14295	14295
P193,2	14296	14296
P182,2	14297	14297
P199,2	14298	14298
P51,2	14299	14299
P143,2	14300	14300
P43,2	14301	14301
P200,2	14302	14302
P175,2	14303	14303
P24,2	14304	14304
P69,2	14305	14305
P180,2	14306	14306
P152,2	14307	14307
P155,2	14308	14308
P103,2	14309	14309
P125,2	14310	14310
P191,2	14311	14311
P92,2	14312	14312
P137,2	14313	14313
P198,2	14314	14314
P193,2	14315	14315
P182,2	14316	14316
P199,2	14317	14317
P51,2	14318	14318
P143,2	14319	14319
P43,2	14320	14320
P200,2	14321	14321
P175,2	14322	14322
P24,2	14323	14323
P69,2	14324	14324
P180,2	14325	14325
P152,2	14326	14326
P155,2	14327	14327
P103,2	14328	14328
P125,2	14329	14329
P191,2	14330	14330
P92,2	14331	14331
P137,2	14332	14332
P198,2	14333	14333
P193,2	14334	14334
P182,2	14335	14335
P199,2	14336	14336
P51,2	14337	14337
P143,2	14338	14338
P43,2	14339	14339
P200,2	14340	14340
P175,2	14341	14341
P24,2	14342	14342
P69,2	14343	14343
P180,2	14344	14344
P152,2	14345	14345
P155,2	14346	14346
P103,2	14347	14347
P125,2	14348	14348
P191,2	14349	14349
P92,2	14350	14350
P137,2	14351	14351
P198,2	14352	14352
P193,2	14353	14353
P182,2	14354	14354
P199,2	14355	14355
P51,2	14356	14356
P143,2	14357	14357
P43,2	14358	14358
P200,2	14359	14359
P175,2	14360	14360
P24,2	14361	14361
P69,2	14362	14362
P180,2	14363	14363
P152,2	14364	14364
P155,2	14365	14365
P103,2	14366	14366
P125,2	14367	14367
P191,2	14368	14368
P92,2	14369	14369
P137,2	14370	14370
P198,2	14371	14371
P193,2	14372	14372
P182,2	14373	14373
P199,2	14374	14374
P143,2	14375	14375
P43,2	14376	14376
P200,2	14377	14377
P175,2	14378	14378
P24,2	14379	14379
P69,2	14380	14380
P180,2	14381	14381
P152,2	14382	14382
P155,2	14383	14383
P103,2	14384	14384
P125,2	14385	14385
P191,2	14386	14386
P92,2	14387	14387
P137,2	14388	14388
P198,2	14389	14389
P193,2	14390	14390
P182,2	14391	14391
P199,2	14392	14392
P143,2	14393	14393
P43,2	14394	14394
P200,2	14395	14395
P175,2	14396	14396
P24,2	14397	14397
P69,2	14398	14398
P180,2	14399	14399
P152,2	14400	14400
P155,2	14401	14401
P103,2	14402	14402
P125,2	14403	14403
P191,2	14404	14404
P92,2	14405	14405
P137,2	14406	14406
P198,2	14407	14407
P193,2	14408	14408
P182,2	14409	14409
P199,2	14410	14410
P143,2	14411	14411
P43,2	14412	14412
P200,2	14413	14413
P175,2	14414	14414
P24,2	14415	14415
P69,2	14416	14416
P180,2	14417	14417
P152,2	14418	14418
P155,2	14419	14419
P103,2	14420	14420
P125,2	14421	14421
P191,2	14422	14422
P92,2	14423	14423
P137,2	14424	14424
P198,2	14425	14425
P193,2	14426	14426
P182,2	14427	14427
P199,2	14428	14428
P143,2	14429	14429
P43,2	14430	14430
P200,2	14431	14431
P175,2	14432	14432
P24,2	14433	14433
P69,2	14434	14434
P180,2	14435	14435
P152,2	14436	14436
P155,2	14437	14437
P103,2	14438	14438
P125,2	14439	14439
P191,2	14440	14440
P92,2	14441	14441
P137,2	14442	14442
P198,2	14443	14443
P193,2	14444	14444
P182,2	14445	14445
P199,2	14446	14446
P143,2	14447	14447
P43,2	14448	14448
P200,2	14449	14449
P175,2	14450	14450
P24,2	14451	14451
P69,2	14452	14452
P180,2	14453	14453
P152,2	14454	14454
P155,2	14455	14455
P103,2	14456	14456
P125,2	14457	14457
P191,2	14458	14458
P92,2	14459	14459
P137,2	14460	14460
P198,2	14461	14461
P193,2	14462	14462
P182,2	14463	14463
P199,2	14464	14464
P143,2	14465	14465
P43,2	14466	14466
P200,2	14467	14467
P175,2	14468	14468
P24,2	14469	14469
P69,2	14470	14470
P180,2	14471	14471
P152,2	14472	14472
P155,2	14473	14473
P103,2	14474	14474
P125,2	14475	14475
P191,2	14476	14476
P92,2	14477	14477
P137,2	14478	14478
P198,2	14479	14479
P193,2	14480	14480
P182,2	14481	14481
P199,2	14482	14482
P143,2	14483	14483
P43,2	14484	14484
P200,2	14485	14485
P175,2	14486	14486
P24,2	14487	14487
P69,2	14488	14488
P180,2	14489	14489
P152,2	14490	14490
P155,2	14491	14491
P103,2	14492	14492
P125,2	14493	14493
P191,2	14494	14494
P92,2	14495	14495
P137,2	14496	14496
P198,2	14497	14497
P193,2	14498	14498
P182,2	14499	14499
P199,2	14500	14500
P143,2	14501	14501
P43,2	14502	14502
P200,2	14503	14503
P175,2	14504	14504
P24,2	14505	14505
P69,2	14506	14506
P180,2	14507	14507
P152,2	14508	14508
P155,2	14509	14509
P103,2	14510	14510
P125,2	14511	14511
P191,2	14512	14512
P92,2	14513	14513
P137,2	14514	14514
P198,2	14515	14515
P193,2	14516	14516
P182,2	14517	14517
P199,2	14518	14518
P143,2	14519	14519
P43,2	14520	14520
P200,2	14521	14521
P175,2	14522	14522
P24,2	14523	14523
P69,2	14524	14524
P180,2	14525	14525
P152,2	14526	14526
P155,2	14527	14527
P103,2	14528	14528
P125,2	14529	14529
P191,2	14530	14530
P92,2	14531	14531
P137,2	14532	14532
P198,2	14533	14533
P193,2	14534	14534
P182,2	14535	14535
P199,2	14536	14536
P143,2	14537	14537
P43,2	14538	14538
P200,2	14539	14539
P175,2	14540	14540
P24,2	14541	14541
P69,2	14542	14542
P180,2	14543	14543
P152,2	14544	14544
P155,2	14545	14545
P103,2	14546	14546
P125,2	14547	14547
P191,2	14548	14548
P92,2	14549	14549
P137,2	14550	14550
P198,2	14551	14551
P193,2	14552	14552
P182,2	14553	14553
P199,2	14554	14554
P143,2	14555	14555
P43,2	14556	14556
P200,2	14557	14557
P175,2	14558	14558
P24,2	14559	14559
P69,2	14560	14560
P180,2	14561	14561
P152,2	14562	14562
P155,2	14563	14563
P103,2	14564	14564
P125,2	14565	14565
P191,2	14566	14566
P92,2	14567	14567
P137,2	14568	14568
P198,2	14569	14569
P193,2	14570	14570
P182,2	14571	14571
P199,2	14572	14572
P143,2	14573	14573
P43,2	14574	14574
P200,2	14575	14575
P175,2	14576	14576
P24,2	14577	14577
P69,2	14578	14578
P180,2	14579	14579
P152,2	14580	14580
P155,2	14581	14581
P103,2	14582	14582
P125,2	14583	14583
P191,2	14584	14584
P92,2	14585	14585
P137,2	14586	14586
P198,2	14587	14587
P182,2	14588	14588
P199,2	14589	14589
P143,2	14590	14590
P43,2	14591	14591
P200,2	14592	14592
P175,2	14593	14593
P24,2	14594	14594
P69,2	14595	14595
P180,2	14596	14596
P152,2	14597	14597
P155,2	14598	14598
P103,2	14599	14599
P125,2	14600	14600
P191,2	14601	14601
P92,2	14602	14602
P137,2	14603	14603
P198,2	14604	14604
P182,2	14605	14605
P199,2	14606	14606
P143,2	14607	14607
P43,2	14608	14608
P200,2	14609	14609
P24,2	14610	14610
P69,2	14611	14611
P180,2	14612	14612
P152,2	14613	14613
P155,2	14614	14614
P103,2	14615	14615
P125,2	14616	14616
P191,2	14617	14617
P92,2	14618	14618
P137,2	14619	14619
P198,2	14620	14620
P182,2	14621	14621
P199,2	14622	14622
P143,2	14623	14623
P43,2	14624	14624
P200,2	14625	14625
P24,2	14626	14626
P69,2	14627	14627
P180,2	14628	14628
P152,2	14629	14629
P155,2	14630	14630
P103,2	14631	14631
P125,2	14632	14632
P191,2	14633	14633
P92,2	14634	14634
P137,2	14635	14635
P198,2	14636	14636
P182,2	14637	14637
P199,2	14638	14638
P143,2	14639	14639
P43,2	14640	14640
P200,2	14641	14641
P24,2	14642	14642
P69,2	14643	14643
P180,2	14644	14644
P152,2	14645	14645
P155,2	14646	14646
P103,2	14647	14647
P125,2	14648	14648
P191,2	14649	14649
P92,2	14650	14650
P137,2	14651	14651
P198,2	14652	14652
P182,2	14653	14653
P199,2	14654	14654
P143,2	14655	14655
P43,2	14656	14656
P200,2	14657	14657
P24,2	14658	14658
P69,2	14659	14659
P180,2	14660	14660
P152,2	14661	14661
P155,2	14662	14662
P103,2	14663	14663
P125,2	14664	14664
P191,2	14665	14665
P92,2	14666	14666
P137,2	14667	14667
P198,2	14668	14668
P182,2	14669	14669
P199,2	14670	14670
P143,2	14671	14671
P43,2	14672	14672
P200,2	14673	14673
P24,2	14674	14674
P69,2	14675	14675
P180,2	14676	14676
P152,2	14677	14677
P155,2	14678	14678
P103,2	14679	14679
P125,2	14680	14680
P191,2	14681	14681
P92,2	14682	14682
P137,2	14683	14683
P198,2	14684	14684
P182,2	14685	14685
P199,2	14686	14686
P143,2	14687	14687
P43,2	14688	14688
P200,2	14689	14689
P24,2	14690	14690
P69,2	14691	14691
P180,2	14692	14692
P152,2	14693	14693
P155,2	14694	14694
P103,2	14695	14695
P125,2	14696	14696
P191,2	14697	14697
P92,2	14698	14698
P137,2	14699	14699
P198,2	14700	14700
P182,2	14701	14701
P199,2	14702	14702
P143,2	14703	14703
P43,2	14704	14704
P200,2	14705	14705
P24,2	14706	14706
P69,2	14707	14707
P180,2	14708	14708
P152,2	14709	14709
P155,2	14710	14710
P103,2	14711	14711
P125,2	14712	14712
P191,2	14713	14713
P92,2	14714	14714
P137,2	14715	14715
P198,2	14716	14716
P182,2	14717	14717
P199,2	14718	14718
P143,2	14719	14719
P43,2	14720	14720
P200,2	14721	14721
P24,2	14722	14722
P69,2	14723	14723
P180,2	14724	14724
P152,2	14725	14725
P155,2	14726	14726
P103,2	14727	14727
P125,2	14728	14728
P191,2	14729	14729
P92,2	14730	14730
P137,2	14731	14731
P198,2	14732	14732
P182,2	14733	14733
P199,2	14734	14734
P143,2	14735	14735
P43,2	14736	14736
P200,2	14737	14737
P24,2	14738	14738
P69,2	14739	14739
P180,2	14740	14740
P155,2	14741	14741
P103,2	14742	14742
P125,2	14743	14743
P191,2	14744	14744
P92,2	14745	14745
P137,2	14746	14746
P198,2	14747	14747
P182,2	14748	14748
P199,2	14749	14749
P143,2	14750	14750
P43,2	14751	14751
P200,2	14752	14752
P24,2	14753	14753
P69,2	14754	14754
P180,2	14755	14755
P155,2	14756	14756
P103,2	14757	14757
P125,2	14758	14758
P191,2	14759	14759
P92,2	14760	14760
P137,2	14761	14761
P198,2	14762	14762
P182,2	14763	14763
P199,2	14764	14764
P143,2	14765	14765
P43,2	14766	14766
P200,2	14767	14767
P24,2	14768	14768
P69,2	14769	14769
P180,2	14770	14770
P155,2	14771	14771
P103,2	14772	14772
P125,2	14773	14773
P191,2	14774	14774
P92,2	14775	14775
P137,2	14776	14776
P182,2	14777	14777
P199,2	14778	14778
P143,2	14779	14779
P43,2	14780	14780
P200,2	14781	14781
P24,2	14782	14782
P69,2	14783	14783
P180,2	14784	14784
P155,2	14785	14785
P103,2	14786	14786
P125,2	14787	14787
P191,2	14788	14788
P92,2	14789	14789
P137,2	14790	14790
P182,2	14791	14791
P199,2	14792	14792
P143,2	14793	14793
P43,2	14794	14794
P200,2	14795	14795
P24,2	14796	14796
P69,2	14797	14797
P180,2	14798	14798
P155,2	14799	14799
P103,2	14800	14800
P125,2	14801	14801
P191,2	14802	14802
P92,2	14803	14803
P137,2	14804	14804
P182,2	14805	14805
P199,2	14806	14806
P143,2	14807	14807
P43,2	14808	14808
P200,2	14809	14809
P24,2	14810	14810
P69,2	14811	14811
P180,2	14812	14812
P155,2	14813	14813
P103,2	14814	14814
P125,2	14815	14815
P191,2	14816	14816
P92,2	14817	14817
P137,2	14818	14818
P182,2	14819	14819
P199,2	14820	14820
P143,2	14821	14821
P43,2	14822	14822
P200,2	14823	14823
P24,2	14824	14824
P69,2	14825	14825
P180,2	14826	14826
P155,2	14827	14827
P103,2	14828	14828
P125,2	14829	14829
P191,2	14830	14830
P92,2	14831	14831
P137,2	14832	14832
P182,2	14833	14833
P199,2	14834	14834
P43,2	14835	14835
P200,2	14836	14836
P24,2	14837	14837
P69,2	14838	14838
P180,2	14839	14839
P155,2	14840	14840
P103,2	14841	14841
P125,2	14842	14842
P191,2	14843	14843
P92,2	14844	14844
P137,2	14845	14845
P182,2	14846	14846
P199,2	14847	14847
P43,2	14848	14848
P200,2	14849	14849
P24,2	14850	14850
P69,2	14851	14851
P180,2	14852	14852
P155,2	14853	14853
P103,2	14854	14854
P125,2	14855	14855
P191,2	14856	14856
P92,2	14857	14857
P137,2	14858	14858
P182,2	14859	14859
P199,2	14860	14860
P43,2	14861	14861
P200,2	14862	14862
P24,2	14863	14863
P69,2	14864	14864
P180,2	14865	14865
P155,2	14866	14866
P103,2	14867	14867
P125,2	14868	14868
P191,2	14869	14869
P137,2	14870	14870
P182,2	14871	14871
P199,2	14872	14872
P43,2	14873	14873
P200,2	14874	14874
P24,2	14875	14875
P69,2	14876	14876
P180,2	14877	14877
P155,2	14878	14878
P103,2	14879	14879
P125,2	14880	14880
P191,2	14881	14881
P137,2	14882	14882
P182,2	14883	14883
P199,2	14884	14884
P43,2	14885	14885
P200,2	14886	14886
P24,2	14887	14887
P69,2	14888	14888
P180,2	14889	14889
P155,2	14890	14890
P103,2	14891	14891
P125,2	14892	14892
P191,2	14893	14893
P137,2	14894	14894
P182,2	14895	14895
P199,2	14896	14896
P43,2	14897	14897
P200,2	14898	14898
P24,2	14899	14899
P69,2	14900	14900
P180,2	14901	14901
P155,2	14902	14902
P103,2	14903	14903
P125,2	14904	14904
P191,2	14905	14905
P137,2	14906	14906
P182,2	14907	14907
P199,2	14908	14908
P43,2	14909	14909
P200,2	14910	14910
P24,2	14911	14911
P69,2	14912	14912
P180,2	14913	14913
P155,2	14914	14914
P103,2	14915	14915
P125,2	14916	14916
P191,2	14917	14917
P137,2	14918	14918
P182,2	14919	14919
P199,2	14920	14920
P43,2	14921	14921
P200,2	14922	14922
P24,2	14923	14923
P69,2	14924	14924
P180,2	14925	14925
P155,2	14926	14926
P103,2	14927	14927
P125,2	14928	14928
P191,2	14929	14929
P137,2	14930	14930
P182,2	14931	14931
P199,2	14932	14932
P43,2	14933	14933
P200,2	14934	14934
P24,2	14935	14935
P69,2	14936	14936
P180,2	14937	14937
P155,2	14938	14938
P103,2	14939	14939
P125,2	14940	14940
P191,2	14941	14941
P137,2	14942	14942
P182,2	14943	14943
P199,2	14944	14944
P43,2	14945	14945
P200,2	14946	14946
P24,2	14947	14947
P69,2	14948	14948
P180,2	14949	14949
P155,2	14950	14950
P103,2	14951	14951
P125,2	14952	14952
P191,2	14953	14953
P137,2	14954	14954
P199,2	14955	14955
P43,2	14956	14956
P200,2	14957	14957
P24,2	14958	14958
P69,2	14959	14959
P180,2	14960	14960
P155,2	14961	14961
P103,2	14962	14962
P125,2	14963	14963
P191,2	14964	14964
P137,2	14965	14965
P199,2	14966	14966
P43,2	14967	14967
P200,2	14968	14968
P24,2	14969	14969
P69,2	14970	14970
P180,2	14971	14971
P155,2	14972	14972
P103,2	14973	14973
P125,2	14974	14974
P191,2	14975	14975
P137,2	14976	14976
P199,2	14977	14977
P43,2	14978	14978
P200,2	14979	14979
P24,2	14980	14980
P69,2	14981	14981
P180,2	14982	14982
P155,2	14983	14983
P103,2	14984	14984
P125,2	14985	14985
P191,2	14986	14986
P137,2	14987	14987
P199,2	14988	14988
P43,2	14989	14989
P200,2	14990	14990
P24,2	14991	14991
P69,2	14992	14992
P180,2	14993	14993
P155,2	14994	14994
P103,2	14995	14995
P125,2	14996	14996
P191,2	14997	14997
P137,2	14998	14998
P199,2	14999	14999
P200,2	15000	15000
P24,2	15001	15001
P69,2	15002	15002
P180,2	15003	15003
P155,2	15004	15004
P103,2	15005	15005
P125,2	15006	15006
P191,2	15007	15007
P137,2	15008	15008
P199,2	15009	15009
P200,2	15010	15010
P24,2	15011	15011
P69,2	15012	15012
P180,2	15013	15013
P155,2	15014	15014
P103,2	15015	15015
P125,2	15016	15016
P191,2	15017	15017
P137,2	15018	15018
P199,2	15019	15019
P200,2	15020	15020
P24,2	15021	15021
P69,2	15022	15022
P180,2	15023	15023
P155,2	15024	15024
P103,2	15025	15025
P125,2	15026	15026
P191,2	15027	15027
P137,2	15028	15028
P199,2	15029	15029
P200,2	15030	15030
P24,2	15031	15031
P69,2	15032	15032
P180,2	15033	15033
P155,2	15034	15034
P103,2	15035	15035
P125,2	15036	15036
P191,2	15037	15037
P137,2	15038	15038
P199,2	15039	15039
P200,2	15040	15040
P24,2	15041	15041
P69,2	15042	15042
P180,2	15043	15043
P155,2	15044	15044
P103,2	15045	15045
P125,2	15046	15046
P191,2	15047	15047
P137,2	15048	15048
P199,2	15049	15049
P200,2	15050	15050
P24,2	15051	15051
P69,2	15052	15052
P155,2	15053	15053
P103,2	15054	15054
P125,2	15055	15055
P191,2	15056	15056
P137,2	15057	15057
P199,2	15058	15058
P200,2	15059	15059
P24,2	15060	15060
P69,2	15061	15061
P155,2	15062	15062
P103,2	15063	15063
P125,2	15064	15064
P191,2	15065	15065
P137,2	15066	15066
P199,2	15067	15067
P200,2	15068	15068
P24,2	15069	15069
P69,2	15070	15070
P155,2	15071	15071
P103,2	15072	15072
P125,2	15073	15073
P191,2	15074	15074
P137,2	15075	15075
P199,2	15076	15076
P200,2	15077	15077
P24,2	15078	15078
P69,2	15079	15079
P155,2	15080	15080
P103,2	15081	15081
P125,2	15082	15082
P191,2	15083	15083
P137,2	15084	15084
P199,2	15085	15085
P200,2	15086	15086
P24,2	15087	15087
P69,2	15088	15088
P155,2	15089	15089
P103,2	15090	15090
P125,2	15091	15091
P191,2	15092	15092
P137,2	15093	15093
P199,2	15094	15094
P200,2	15095	15095
P24,2	15096	15096
P69,2	15097	15097
P155,2	15098	15098
P103,2	15099	15099
P125,2	15100	15100
P191,2	15101	15101
P137,2	15102	15102
P199,2	15103	15103
P200,2	15104	15104
P24,2	15105	15105
P69,2	15106	15106
P155,2	15107	15107
P103,2	15108	15108
P125,2	15109	15109
P191,2	15110	15110
P137,2	15111	15111
P199,2	15112	15112
P200,2	15113	15113
P24,2	15114	15114
P69,2	15115	15115
P155,2	15116	15116
P103,2	15117	15117
P125,2	15118	15118
P191,2	15119	15119
P137,2	15120	15120
P199,2	15121	15121
P200,2	15122	15122
P24,2	15123	15123
P69,2	15124	15124
P155,2	15125	15125
P103,2	15126	15126
P125,2	15127	15127
P191,2	15128	15128
P137,2	15129	15129
P199,2	15130	15130
P200,2	15131	15131
P24,2	15132	15132
P69,2	15133	15133
P155,2	15134	15134
P103,2	15135	15135
P125,2	15136	15136
P191,2	15137	15137
P137,2	15138	15138
P199,2	15139	15139
P200,2	15140	15140
P24,2	15141	15141
P69,2	15142	15142
P155,2	15143	15143
P103,2	15144	15144
P125,2	15145	15145
P191,2	15146	15146
P137,2	15147	15147
P199,2	15148	15148
P200,2	15149	15149
P24,2	15150	15150
P69,2	15151	15151
P155,2	15152	15152
P103,2	15153	15153
P125,2	15154	15154
P191,2	15155	15155
P137,2	15156	15156
P199,2	15157	15157
P200,2	15158	15158
P24,2	15159	15159
P69,2	15160	15160
P155,2	15161	15161
P103,2	15162	15162
P125,2	15163	15163
P191,2	15164	15164
P137,2	15165	15165
P199,2	15166	15166
P200,2	15167	15167
P24,2	15168	15168
P69,2	15169	15169
P155,2	15170	15170
P103,2	15171	15171
P125,2	15172	15172
P191,2	15173	15173
P137,2	15174	15174
P199,2	15175	15175
P200,2	15176	15176
P24,2	15177	15177
P69,2	15178	15178
P155,2	15179	15179
P103,2	15180	15180
P125,2	15181	15181
P191,2	15182	15182
P137,2	15183	15183
P199,2	15184	15184
P200,2	15185	15185
P24,2	15186	15186
P69,2	15187	15187
P155,2	15188	15188
P103,2	15189	15189
P125,2	15190	15190
P191,2	15191	15191
P199,2	15192	15192
P200,2	15193	15193
P24,2	15194	15194
P69,2	15195	15195
P155,2	15196	15196
P103,2	15197	15197
P125,2	15198	15198
P191,2	15199	15199
P199,2	15200	15200
P200,2	15201	15201
P24,2	15202	15202
P69,2	15203	15203
P155,2	15204	15204
P103,2	15205	15205
P125,2	15206	15206
P191,2	15207	15207
P199,2	15208	15208
P200,2	15209	15209
P24,2	15210	15210
P69,2	15211	15211
P155,2	15212	15212
P103,2	15213	15213
P125,2	15214	15214
P191,2	15215	15215
P199,2	15216	15216
P24,2	15217	15217
P69,2	15218	15218
P155,2	15219	15219
P125,2	15220	15220
P191,2	15221	15221
P199,2	15222	15222
P24,2	15223	15223
P69,2	15224	15224
P155,2	15225	15225
P125,2	15226	15226
P191,2	15227	15227
P199,2	15228	15228
P24,2	15229	15229
P69,2	15230	15230
P155,2	15231	15231
P125,2	15232	15232
P191,2	15233	15233
P199,2	15234	15234
P24,2	15235	15235
P69,2	15236	15236
P155,2	15237	15237
P125,2	15238	15238
P191,2	15239	15239
P199,2	15240	15240
P24,2	15241	15241
P155,2	15242	15242
P125,2	15243	15243
P191,2	15244	15244
P199,2	15245	15245
P24,2	15246	15246
P155,2	15247	15247
P191,2	15248	15248
P199,2	15249	15249
P24,2	15250	15250
P155,2	15251	15251
P191,2	15252	15252
P199,2	15253	15253
P24,2	15254	15254
P155,2	15255	15255
P191,2	15256	15256
P199,2	15257	15257
P24,2	15258	15258
P155,2	15259	15259
P191,2	15260	15260
P199,2	15261	15261
P24,2	15262	15262
P155,2	15263	15263
P191,2	15264	15264
P199,2	15265	15265
P24,2	15266	15266
P155,2	15267	15267
P191,2	15268	15268
P199,2	15269	15269
P155,2	15270	15270
P191,2	15271	15271
P199,2	15272	15272
P155,2	15273	15273
P191,2	15274	15274
P199,2	15275	15275
P155,2	15276	15276
P191,2	15277	15277
P199,2	15278	15278
P155,2	15279	15279
P191,2	15280	15280
P199,2	15281	15281
P155,2	15282	15282
P191,2	15283	15283
P199,2	15284	15284
P155,2	15285	15285
P191,2	15286	15286
P199,2	15287	15287
P155,2	15288	15288
P191,2	15289	15289
P199,2	15290	15290
P155,2	15291	15291
P191,2	15292	15292
P199,2	15293	15293
P155,2	15294	15294
P191,2	15295	15295
P199,2	15296	15296
P155,2	15297	15297
P191,2	15298	15298
P199,2	15299	15299
P155,2	15300	15300
P191,2	15301	15301
P199,2	15302	15302
P155,2	15303	15303
P191,2	15304	15304
P199,2	15305	15305
P155,2	15306	15306
P191,2	15307	15307
P199,2	15308	15308
P155,2	15309	15309
P199,2	15310	15310
P155,2	15311	15311
P199,2	15312	15312
P155,2	15313	15313
P199,2	15314	15314
P155,2	15315	15315
P199,2	15316	15316
P155,2	15317	15317
P199,2	15318	15318
P155,2	15319	15319
P199,2	15320	15320
P155,2	15321	15321
P199,2	15322	15322
P155,2	15323	15323
P199,2	15324	15324
P155,2	15325	15325
P199,2	15326	15326
P155,2	15327	15327
P199,2	15328	15328
P155,2	15329	15329
P199,2	15330	15330
P155,2	15331	15331
P199,2	15332	15332
P155,2	15333	15333
P199,2	15334	15334
P155,2	15335	15335
P199,2	15336	15336
P155,2	15337	15337
P199,2	15338	15338
P155,2	15339	15339
P199,2	15340	15340
P155,2	15341	15341
P199,2	15342	15342
P155,2	15343	15343
P199,2	15344	15344
P155,2	15345	15345
P199,2	15346	15346
P155,2	15347	15347
P199,2	15348	15348
P155,2	15349	15349
P199,2	15350	15350
P155,2	15351	15351
P199,2	15352	15352
P155,2	15353	15353
P199,2	15354	15354
P155,2	15355	15355
P199,2	15356	15356
P155,2	15357	15357
P199,2	15358	15358
P155,2	15359	15359
P199,2	15360	15360
P155,2	15361	15361
P199,2	15362	15362
P155,2	15363	15385
